# Exported by Gskelview
mtllib cx_decor_2.mtl

v 80.9938 47.6 58.6001
v 80.6001 47.6 59.0062
v 80.6001 40.4 59.0062
v 80.9938 40.4 58.6001
v 80.5938 48 58.6063
v 80.9938 47.6 58.6001
v 79.0062 47.6 -68.6001
v 78.6063 48 -68.5938
v 80.6001 47.6 59.0062
v 80.5938 48 58.6063
v -46.6063 48 60.5938
v -46.6001 47.6 60.9938
v 78.6001 47.6 -68.9938
v 79.0062 47.6 -68.6001
v 79.0062 40.4 -68.6001
v 78.6001 40.4 -68.9938
v 78.6063 48 -68.5938
v 78.6001 47.6 -68.9938
v -48.6001 47.6 -67.0062
v -48.5938 48 -66.6063
v -48.9938 47.6 -66.6001
v -48.6001 47.6 -67.0062
v -48.6001 40.4 -67.0062
v -48.9938 40.4 -66.6001
v -48.5938 48 -66.6063
v -48.9938 47.6 -66.6001
v -47.0062 47.6 60.6001
v -46.6063 48 60.5938
v -46.6001 47.6 60.9938
v -47.0062 47.6 60.6001
v -47.0062 40.4 60.6001
v -46.6001 40.4 60.9938
v 78.6001 40.4 -68.9938
v 78.6063 40 -68.5938
v -48.5938 40 -66.6063
v -48.6001 40.4 -67.0062
v 78.6063 40 -68.5938
v 79.0062 40.4 -68.6001
v 80.9938 40.4 58.6001
v 80.5938 40 58.6063
v 80.5938 40 58.6063
v 80.6001 40.4 59.0062
v -46.6001 40.4 60.9938
v -46.6063 40 60.5938
v -46.6063 40 60.5938
v -47.0062 40.4 60.6001
v -48.9938 40.4 -66.6001
v -48.5938 40 -66.6063
v 80.5938 48 58.6063
v 78.6063 48 -68.5938
v -48.5938 48 -66.6063
v -46.6063 48 60.5938
v 79.0062 40.4 -68.6001
v 79.0062 47.6 -68.6001
v 80.9938 47.6 58.6001
v 80.9938 40.4 58.6001
v 80.6001 47.6 59.0062
v -46.6001 47.6 60.9938
v -46.6001 40.4 60.9938
v 80.6001 40.4 59.0062
v -48.6001 40.4 -67.0062
v -48.6001 47.6 -67.0062
v 78.6001 47.6 -68.9938
v 78.6001 40.4 -68.9938
v -47.0062 47.6 60.6001
v -48.9938 47.6 -66.6001
v -48.9938 40.4 -66.6001
v -47.0062 40.4 60.6001
v -48.5938 40 -66.6063
v 78.6063 40 -68.5938
v 80.5938 40 58.6063
v -46.6063 40 60.5938
v 80.9938 47.6 58.6001
v 80.5938 48 58.6063
v 80.6001 47.6 59.0062
v 78.6001 47.6 -68.9938
v 78.6063 48 -68.5938
v 79.0062 47.6 -68.6001
v -48.9938 47.6 -66.6001
v -48.5938 48 -66.6063
v -48.6001 47.6 -67.0062
v -46.6001 47.6 60.9938
v -46.6063 48 60.5938
v -47.0062 47.6 60.6001
v 78.6001 40.4 -68.9938
v 79.0062 40.4 -68.6001
v 78.6063 40 -68.5938
v 80.5938 40 58.6063
v 80.9938 40.4 58.6001
v 80.6001 40.4 59.0062
v -46.6063 40 60.5938
v -46.6001 40.4 60.9938
v -47.0062 40.4 60.6001
v -48.9938 40.4 -66.6001
v -48.6001 40.4 -67.0062
v -48.5938 40 -66.6063
v 72.6001 39.6 55.0062
v 72.5938 40 54.6063
v -54.6063 40 56.5938
v -54.6001 39.6 56.9938
v 72.9938 39.6 54.6001
v 72.6001 39.6 55.0062
v 72.6001 32.4 55.0062
v 72.9938 32.4 54.6001
v 72.5938 40 54.6063
v 72.9938 39.6 54.6001
v 71.0062 39.6 -72.6001
v 70.6063 40 -72.5938
v 72.5938 32 54.6063
v 72.6001 32.4 55.0062
v -54.6001 32.4 56.9938
v -54.6063 32 56.5938
v 72.9938 32.4 54.6001
v 72.5938 32 54.6063
v 70.6063 32 -72.5938
v 71.0062 32.4 -72.6001
v 70.6001 32.4 -72.9938
v 70.6063 32 -72.5938
v -56.5938 32 -70.6063
v -56.6001 32.4 -71.0062
v 71.0062 32.4 -72.6001
v 70.6001 32.4 -72.9938
v 70.6001 39.6 -72.9938
v 71.0062 39.6 -72.6001
v 70.6063 40 -72.5938
v 70.6001 39.6 -72.9938
v -56.6001 39.6 -71.0062
v -56.5938 40 -70.6063
v -56.5938 40 -70.6063
v -56.9938 39.6 -70.6001
v -55.0062 39.6 56.6001
v -54.6063 40 56.5938
v -56.9938 39.6 -70.6001
v -56.6001 39.6 -71.0062
v -56.6001 32.4 -71.0062
v -56.9938 32.4 -70.6001
v -56.9938 32.4 -70.6001
v -56.5938 32 -70.6063
v -54.6063 32 56.5938
v -55.0062 32.4 56.6001
v -54.6001 39.6 56.9938
v -55.0062 39.6 56.6001
v -55.0062 32.4 56.6001
v -54.6001 32.4 56.9938
v 72.9938 39.6 54.6001
v 72.9938 32.4 54.6001
v 71.0062 32.4 -72.6001
v 71.0062 39.6 -72.6001
v -56.6001 32.4 -71.0062
v -56.6001 39.6 -71.0062
v 70.6001 39.6 -72.9938
v 70.6001 32.4 -72.9938
v -55.0062 39.6 56.6001
v -56.9938 39.6 -70.6001
v -56.9938 32.4 -70.6001
v -55.0062 32.4 56.6001
v 72.6001 39.6 55.0062
v -54.6001 39.6 56.9938
v -54.6001 32.4 56.9938
v 72.6001 32.4 55.0062
v 72.5938 40 54.6063
v 70.6063 40 -72.5938
v -56.5938 40 -70.6063
v -54.6063 40 56.5938
v -56.5938 32 -70.6063
v 70.6063 32 -72.5938
v 72.5938 32 54.6063
v -54.6063 32 56.5938
v 72.6001 39.6 55.0062
v 72.9938 39.6 54.6001
v 72.5938 40 54.6063
v 72.5938 32 54.6063
v 72.9938 32.4 54.6001
v 72.6001 32.4 55.0062
v 70.6001 32.4 -72.9938
v 71.0062 32.4 -72.6001
v 70.6063 32 -72.5938
v 70.6063 40 -72.5938
v 71.0062 39.6 -72.6001
v 70.6001 39.6 -72.9938
v -56.5938 40 -70.6063
v -56.6001 39.6 -71.0062
v -56.9938 39.6 -70.6001
v -56.9938 32.4 -70.6001
v -56.6001 32.4 -71.0062
v -56.5938 32 -70.6063
v -54.6063 40 56.5938
v -55.0062 39.6 56.6001
v -54.6001 39.6 56.9938
v -54.6001 32.4 56.9938
v -55.0062 32.4 56.6001
v -54.6063 32 56.5938
v -52.543 32 -62.4981
v -53.0225 31.52 -62.5206
v -58.9775 31.52 64.5206
v -58.4981 32 64.543
v -52.5206 31.52 -62.9775
v -52.543 32 -62.4981
v 74.4981 32 -56.543
v 74.5206 31.52 -57.0225
v -53.0225 31.52 -62.5206
v -52.5206 31.52 -62.9775
v -52.5206 24.48 -62.9775
v -53.0225 24.48 -62.5206
v 74.9775 31.52 -56.5206
v 74.4981 32 -56.543
v 68.543 32 70.4981
v 69.0225 31.52 70.5206
v 74.5206 31.52 -57.0225
v 74.9775 31.52 -56.5206
v 74.9775 24.48 -56.5206
v 74.5206 24.48 -57.0225
v -53.0225 24.48 -62.5206
v -52.543 24 -62.4981
v -58.4981 24 64.543
v -58.9775 24.48 64.5206
v -52.543 24 -62.4981
v -52.5206 24.48 -62.9775
v 74.5206 24.48 -57.0225
v 74.4981 24 -56.543
v 74.4981 24 -56.543
v 74.9775 24.48 -56.5206
v 69.0225 24.48 70.5206
v 68.543 24 70.4981
v -58.4981 32 64.543
v -58.5206 31.52 65.0225
v 68.5206 31.52 70.9775
v 68.543 32 70.4981
v -58.5206 31.52 65.0225
v -58.9775 31.52 64.5206
v -58.9775 24.48 64.5206
v -58.5206 24.48 65.0225
v -58.5206 24.48 65.0225
v -58.4981 24 64.543
v 68.543 24 70.4981
v 68.5206 24.48 70.9775
v 69.0225 31.52 70.5206
v 68.5206 31.52 70.9775
v 68.5206 24.48 70.9775
v 69.0225 24.48 70.5206
v -52.5206 24.48 -62.9775
v -52.5206 31.52 -62.9775
v 74.5206 31.52 -57.0225
v 74.5206 24.48 -57.0225
v -58.9775 24.48 64.5206
v -58.9775 31.52 64.5206
v -53.0225 31.52 -62.5206
v -53.0225 24.48 -62.5206
v 68.5206 31.52 70.9775
v -58.5206 31.52 65.0225
v -58.5206 24.48 65.0225
v 68.5206 24.48 70.9775
v 74.9775 31.52 -56.5206
v 69.0225 31.52 70.5206
v 69.0225 24.48 70.5206
v 74.9775 24.48 -56.5206
v 74.4981 32 -56.543
v -52.543 32 -62.4981
v -58.4981 32 64.543
v 68.543 32 70.4981
v -58.4981 24 64.543
v -52.543 24 -62.4981
v 74.4981 24 -56.543
v 68.543 24 70.4981
v -52.543 32 -62.4981
v -52.5206 31.52 -62.9775
v -53.0225 31.52 -62.5206
v 74.9775 31.52 -56.5206
v 74.5206 31.52 -57.0225
v 74.4981 32 -56.543
v -53.0225 24.48 -62.5206
v -52.5206 24.48 -62.9775
v -52.543 24 -62.4981
v 74.4981 24 -56.543
v 74.5206 24.48 -57.0225
v 74.9775 24.48 -56.5206
v -58.4981 32 64.543
v -58.9775 31.52 64.5206
v -58.5206 31.52 65.0225
v -58.5206 24.48 65.0225
v -58.9775 24.48 64.5206
v -58.4981 24 64.543
v 68.543 32 70.4981
v 68.5206 31.52 70.9775
v 69.0225 31.52 70.5206
v 69.0225 24.48 70.5206
v 68.5206 24.48 70.9775
v 68.543 24 70.4981
v 76.9925 16.48 62.5201
v 76.5126 16 62.5276
v 74.5276 16 -64.5126
v 75.0075 16.48 -64.5201
v 76.5201 16.48 63.0075
v 76.9925 16.48 62.5201
v 76.9925 23.52 62.5201
v 76.5201 23.52 63.0075
v 76.5126 16 62.5276
v 76.5201 16.48 63.0075
v -50.5201 16.48 64.9925
v -50.5276 16 64.5126
v 76.5126 24 62.5276
v 76.9925 23.52 62.5201
v 75.0075 23.52 -64.5201
v 74.5276 24 -64.5126
v 76.5201 23.52 63.0075
v 76.5126 24 62.5276
v -50.5276 24 64.5126
v -50.5201 23.52 64.9925
v -50.5276 16 64.5126
v -51.0075 16.48 64.5201
v -52.9925 16.48 -62.5201
v -52.5126 16 -62.5276
v -51.0075 16.48 64.5201
v -50.5201 16.48 64.9925
v -50.5201 23.52 64.9925
v -51.0075 23.52 64.5201
v -51.0075 23.52 64.5201
v -50.5276 24 64.5126
v -52.5126 24 -62.5276
v -52.9925 23.52 -62.5201
v 74.5201 16.48 -64.9925
v 74.5276 16 -64.5126
v -52.5126 16 -62.5276
v -52.5201 16.48 -63.0075
v 75.0075 16.48 -64.5201
v 74.5201 16.48 -64.9925
v 74.5201 23.52 -64.9925
v 75.0075 23.52 -64.5201
v 74.5276 24 -64.5126
v 74.5201 23.52 -64.9925
v -52.5201 23.52 -63.0075
v -52.5126 24 -62.5276
v -52.5201 16.48 -63.0075
v -52.9925 16.48 -62.5201
v -52.9925 23.52 -62.5201
v -52.5201 23.52 -63.0075
v -50.5201 16.48 64.9925
v 76.5201 16.48 63.0075
v 76.5201 23.52 63.0075
v -50.5201 23.52 64.9925
v 76.9925 23.52 62.5201
v 76.9925 16.48 62.5201
v 75.0075 16.48 -64.5201
v 75.0075 23.52 -64.5201
v 74.5201 23.52 -64.9925
v 74.5201 16.48 -64.9925
v -52.5201 16.48 -63.0075
v -52.5201 23.52 -63.0075
v -52.9925 16.48 -62.5201
v -51.0075 16.48 64.5201
v -51.0075 23.52 64.5201
v -52.9925 23.52 -62.5201
v 76.5126 24 62.5276
v 74.5276 24 -64.5126
v -52.5126 24 -62.5276
v -50.5276 24 64.5126
v -52.5126 16 -62.5276
v 74.5276 16 -64.5126
v 76.5126 16 62.5276
v -50.5276 16 64.5126
v 76.9925 16.48 62.5201
v 76.5201 16.48 63.0075
v 76.5126 16 62.5276
v 76.5126 24 62.5276
v 76.5201 23.52 63.0075
v 76.9925 23.52 62.5201
v -50.5276 16 64.5126
v -50.5201 16.48 64.9925
v -51.0075 16.48 64.5201
v -51.0075 23.52 64.5201
v -50.5201 23.52 64.9925
v -50.5276 24 64.5126
v 74.5201 16.48 -64.9925
v 75.0075 16.48 -64.5201
v 74.5276 16 -64.5126
v 74.5276 24 -64.5126
v 75.0075 23.52 -64.5201
v 74.5201 23.52 -64.9925
v -52.9925 16.48 -62.5201
v -52.5201 16.48 -63.0075
v -52.5126 16 -62.5276
v -52.5126 24 -62.5276
v -52.5201 23.52 -63.0075
v -52.9925 23.52 -62.5201
v 68.5201 15.52 59.0075
v 68.5126 16 58.5276
v -58.5276 16 60.5126
v -58.5201 15.52 60.9925
v 68.9925 15.52 58.5201
v 68.5201 15.52 59.0075
v 68.5201 8.47995 59.0075
v 68.9925 8.47995 58.5201
v 68.5126 16 58.5276
v 68.9925 15.52 58.5201
v 67.0075 15.52 -68.5201
v 66.5276 16 -68.5126
v 68.5126 8 58.5276
v 68.5201 8.47995 59.0075
v -58.5201 8.47995 60.9925
v -58.5276 8 60.5126
v 68.9925 8.47995 58.5201
v 68.5126 8 58.5276
v 66.5276 8 -68.5126
v 67.0075 8.47995 -68.5201
v 66.5201 8.47995 -68.9925
v 66.5276 8 -68.5126
v -60.5126 8 -66.5276
v -60.5201 8.47995 -67.0075
v 67.0075 8.47995 -68.5201
v 66.5201 8.47995 -68.9925
v 66.5201 15.52 -68.9925
v 67.0075 15.52 -68.5201
v 66.5276 16 -68.5126
v 66.5201 15.52 -68.9925
v -60.5201 15.52 -67.0075
v -60.5126 16 -66.5276
v -58.5276 8 60.5126
v -59.0075 8.47995 60.5201
v -60.9925 8.47995 -66.5201
v -60.5126 8 -66.5276
v -59.0075 8.47995 60.5201
v -58.5201 8.47995 60.9925
v -58.5201 15.52 60.9925
v -59.0075 15.52 60.5201
v -59.0075 15.52 60.5201
v -58.5276 16 60.5126
v -60.5126 16 -66.5276
v -60.9925 15.52 -66.5201
v -60.9925 15.52 -66.5201
v -60.5201 15.52 -67.0075
v -60.5201 8.47995 -67.0075
v -60.9925 8.47995 -66.5201
v 68.9925 15.52 58.5201
v 68.9925 8.47995 58.5201
v 67.0075 8.47995 -68.5201
v 67.0075 15.52 -68.5201
v -58.5201 8.47995 60.9925
v 68.5201 8.47995 59.0075
v 68.5201 15.52 59.0075
v -58.5201 15.52 60.9925
v -60.5201 8.47995 -67.0075
v -60.5201 15.52 -67.0075
v 66.5201 15.52 -68.9925
v 66.5201 8.47995 -68.9925
v -60.9925 8.47995 -66.5201
v -59.0075 8.47995 60.5201
v -59.0075 15.52 60.5201
v -60.9925 15.52 -66.5201
v 68.5126 16 58.5276
v 66.5276 16 -68.5126
v -60.5126 16 -66.5276
v -58.5276 16 60.5126
v -60.5126 8 -66.5276
v 66.5276 8 -68.5126
v 68.5126 8 58.5276
v -58.5276 8 60.5126
v 68.5201 15.52 59.0075
v 68.9925 15.52 58.5201
v 68.5126 16 58.5276
v 68.5126 8 58.5276
v 68.9925 8.47995 58.5201
v 68.5201 8.47995 59.0075
v 66.5201 8.47995 -68.9925
v 67.0075 8.47995 -68.5201
v 66.5276 8 -68.5126
v 66.5276 16 -68.5126
v 67.0075 15.52 -68.5201
v 66.5201 15.52 -68.9925
v -58.5276 8 60.5126
v -58.5201 8.47995 60.9925
v -59.0075 8.47995 60.5201
v -59.0075 15.52 60.5201
v -58.5201 15.52 60.9925
v -58.5276 16 60.5126
v -60.5126 16 -66.5276
v -60.5201 15.52 -67.0075
v -60.9925 15.52 -66.5201
v -60.9925 8.47995 -66.5201
v -60.5201 8.47995 -67.0075
v -60.5126 8 -66.5276
v -55.9988 7.99884 -56.0001
v -55.9988 8 -55.9989
v 71.9989 8 -63.9988
v 71.9988 7.99884 -63.9999
v -55.9999 7.99884 -55.9988
v -55.9988 7.99884 -56.0001
v -55.9988 0.001165 -56.0001
v -55.9999 0.001166 -55.9988
v -55.9988 8 -55.9989
v -55.9999 7.99884 -55.9988
v -48.0001 7.99884 71.9988
v -47.9989 8 71.9988
v -55.9988 0 -55.9989
v -55.9988 0.001165 -56.0001
v 71.9988 0.001165 -63.9999
v 71.9989 0 -63.9988
v -55.5192 0 -48.5008
v -55.9988 0 -55.9989
v -48.9992 0 52.9992
v -49.0008 0 53.0001
v -55.9999 0.001166 -55.9988
v -55.5192 0 -48.5008
v -48.0696 0 67.8993
v -48 0.001179 69
v -48 0.001179 69
v -48.0012 0 69
v -48.0008 0 71.9687
v -48 0.001203 71.9988
v -48.0012 0 69
v -48.0696 0 67.8993
v -49.0008 0 53.0001
v -48.9904 0 53.1673
v -48.9991 0 53.0009
v -48.9992 0 52.9992
v 79.9988 0 63.9987
v 79.9888 0 63.9999
v -48.9904 0 53.1673
v -48.9991 0 53.0009
v -47.9989 0 71.9988
v -48.0008 0 71.9687
v -47.9988 0.001165 71.9999
v -47.9989 0 71.9988
v 79.9888 0 63.9999
v 79.9988 0.001165 64.0001
v -48 0.001203 71.9988
v -47.9988 0.001165 71.9999
v -47.9988 7.99884 71.9999
v -48.0001 7.99884 71.9988
v -47.9989 8 71.9988
v -47.9988 7.99884 71.9999
v 79.9988 7.99884 64.0001
v 79.9988 8 63.9989
v 79.9999 0.001165 63.9988
v 79.9988 0 63.9987
v 71.9989 0 -63.9988
v 72.0001 0.001165 -63.9988
v 79.9988 0.001165 64.0001
v 79.9999 0.001165 63.9988
v 79.9999 7.99884 63.9988
v 79.9988 7.99884 64.0001
v 79.9988 8 63.9989
v 79.9999 7.99884 63.9988
v 72.0001 7.99884 -63.9988
v 71.9989 8 -63.9988
v 71.9988 7.99884 -63.9999
v 72.0001 7.99884 -63.9988
v 72.0001 0.001165 -63.9988
v 71.9988 0.001165 -63.9999
v -55.9999 7.99884 -55.9988
v -55.9999 0.001166 -55.9988
v -48 0.001179 69
v -48 0.001203 71.9988
v -48.0001 7.99884 71.9988
v -49.0008 0 53.0001
v -48.0696 0 67.8993
v -55.5192 0 -48.5008
v -47.9988 0.001165 71.9999
v 79.9988 0.001165 64.0001
v 79.9988 7.99884 64.0001
v -47.9988 7.99884 71.9999
v 72.0001 0.001165 -63.9988
v 72.0001 7.99884 -63.9988
v 79.9999 7.99884 63.9988
v 79.9999 0.001165 63.9988
v 71.9988 7.99884 -63.9999
v 71.9988 0.001165 -63.9999
v -55.9988 0.001165 -56.0001
v -55.9988 7.99884 -56.0001
v 79.9988 8 63.9989
v 71.9989 8 -63.9988
v -55.9988 8 -55.9989
v -47.9989 8 71.9988
v -48.0008 0 71.9687
v -48.0012 0 69
v -48.9904 0 53.1673
v -55.9988 0 -55.9989
v 71.9989 0 -63.9988
v -55.9988 7.99884 -56.0001
v -55.9999 7.99884 -55.9988
v -55.9988 8 -55.9989
v -55.9988 0 -55.9989
v -55.9988 0.001165 -56.0001
v -48.0696 0 67.8993
v -48.9991 0 53.0009
v -48.9904 0 53.1673
v -49.0008 0 53.0001
v -48.9992 0 52.9992
v -47.9989 0 71.9988
v -47.9988 0.001165 71.9999
v -48 0.001203 71.9988
v -48.0008 0 71.9687
v -47.9989 8 71.9988
v -48.0001 7.99884 71.9988
v -47.9988 7.99884 71.9999
v 79.9988 0 63.9987
v 79.9999 0.001165 63.9988
v 79.9988 8 63.9989
v 79.9988 7.99884 64.0001
v 79.9999 7.99884 63.9988
v 71.9989 8 -63.9988
v 72.0001 7.99884 -63.9988
v 71.9988 7.99884 -63.9999
v 71.9988 0.001165 -63.9999
v 72.0001 0.001165 -63.9988
v 71.9989 0 -63.9988
v 62.3058 -2.92911 67.5885
v 62.3247 -4.25637 68.9172
v 75.6753 -4.25637 68.0828
v 75.653 -2.92911 66.7543
v 60.9797 -4.25637 67.6729
v 62.3058 -2.92911 67.5885
v 60.4298 -2.92911 -54.7546
v 59.1032 -4.22607 -54.7032
v 62.3247 -4.25637 68.9172
v 60.9797 -4.25637 67.6729
v 60.9792 -12.1886 67.6405
v 62.3247 -12.221 68.9172
v 60.408 -4.25637 -56.0831
v 60.4298 -2.92911 -54.7546
v 73.726 -2.92911 -55.5883
v 73.7079 -4.25641 -56.9169
v 59.1032 -4.22607 -54.7032
v 60.408 -4.25637 -56.0831
v 60.408 -12.221 -56.083
v 59.1037 -12.221 -54.6729
v 60.4298 -13.5482 -54.7545
v 60.408 -12.221 -56.083
v 73.7158 -12.221 -56.917
v 73.7364 -13.5482 -55.5884
v 59.1037 -12.221 -54.6729
v 60.4298 -13.5482 -54.7545
v 62.3058 -13.5482 67.5885
v 60.9792 -12.1886 67.6405
v 62.3247 -12.221 68.9172
v 62.3058 -13.5482 67.5885
v 75.6531 -13.5482 66.7543
v 75.7052 -12.2509 68.0809
v 75.653 -2.92911 66.7543
v 76.9791 -4.25637 66.6729
v 75.0534 -4.25572 -55.6736
v 73.726 -2.92911 -55.5883
v 76.9791 -4.25637 66.6729
v 75.6753 -4.25637 68.0828
v 75.7052 -12.2509 68.0809
v 76.9792 -12.221 66.6729
v 76.9792 -12.221 66.6729
v 75.6531 -13.5482 66.7543
v 73.7364 -13.5482 -55.5884
v 75.0616 -12.1887 -55.6406
v 73.7079 -4.25641 -56.9169
v 75.0534 -4.25572 -55.6736
v 75.0616 -12.1887 -55.6406
v 73.7158 -12.221 -56.917
v 60.9797 -4.25637 67.6729
v 59.1032 -4.22607 -54.7032
v 59.1037 -12.221 -54.6729
v 60.9792 -12.1886 67.6405
v 75.6753 -4.25637 68.0828
v 62.3247 -4.25637 68.9172
v 62.3247 -12.221 68.9172
v 75.7052 -12.2509 68.0809
v 75.0616 -12.1887 -55.6406
v 75.0534 -4.25572 -55.6736
v 76.9791 -4.25637 66.6729
v 76.9792 -12.221 66.6729
v 73.7079 -4.25641 -56.9169
v 73.7158 -12.221 -56.917
v 60.408 -12.221 -56.083
v 60.408 -4.25637 -56.0831
v 60.4298 -13.5482 -54.7545
v 73.7364 -13.5482 -55.5884
v 75.6531 -13.5482 66.7543
v 62.3058 -13.5482 67.5885
v 75.653 -2.92911 66.7543
v 73.726 -2.92911 -55.5883
v 60.4298 -2.92911 -54.7546
v 62.3058 -2.92911 67.5885
v 62.3058 -2.92911 67.5885
v 60.9797 -4.25637 67.6729
v 62.3247 -4.25637 68.9172
v 60.408 -4.25637 -56.0831
v 59.1032 -4.22607 -54.7032
v 60.4298 -2.92911 -54.7546
v 60.4298 -13.5482 -54.7545
v 59.1037 -12.221 -54.6729
v 60.408 -12.221 -56.083
v 62.3247 -12.221 68.9172
v 60.9792 -12.1886 67.6405
v 62.3058 -13.5482 67.5885
v 75.653 -2.92911 66.7543
v 75.6753 -4.25637 68.0828
v 76.9791 -4.25637 66.6729
v 76.9792 -12.221 66.6729
v 75.7052 -12.2509 68.0809
v 75.6531 -13.5482 66.7543
v 73.726 -2.92911 -55.5883
v 75.0534 -4.25572 -55.6736
v 73.7079 -4.25641 -56.9169
v 73.7158 -12.221 -56.917
v 75.0616 -12.1887 -55.6406
v 73.7364 -13.5482 -55.5884
v 20.9556 -2.13176 64.2006
v 18.2003 -2.13176 67
v 18.2226 -11.4482 67
v 20.9559 -11.4482 64.2229
v 18.1782 -14.2257 64.2226
v 18.2226 -11.4482 67
v 7.77741 -11.4482 67
v 7.73368 -14.2257 64.2226
v 20.9559 -11.4482 64.2229
v 18.1782 -14.2257 64.2226
v 16.2663 -14.2257 -56.2226
v 19.0437 -11.47 -56.2447
v 16.2226 -11.4482 -59
v 16.2663 -14.2257 -56.2226
v 5.82185 -14.2257 -56.2226
v 5.79972 -11.4259 -59
v 19.0437 -11.47 -56.2447
v 16.2226 -11.4482 -59
v 16.2444 -2.13176 -59
v 19.0437 -2.13176 -56.2447
v 3.04443 -2.13176 -56.2006
v 5.79972 -2.13176 -59
v 5.79972 -11.4259 -59
v 3.04408 -11.4482 -56.2229
v 3.04408 -11.4482 -56.2229
v 5.82185 -14.2257 -56.2226
v 7.73368 -14.2257 64.2226
v 4.95592 -11.4482 64.2229
v 4.95592 -11.4482 64.2229
v 7.77741 -11.4482 67
v 7.75563 -2.13176 67
v 4.95626 -2.13176 64.2447
v 20.9556 -2.13176 64.2006
v 20.9559 -11.4482 64.2229
v 19.0437 -11.47 -56.2447
v 19.0437 -2.13176 -56.2447
v 5.79972 -11.4259 -59
v 5.79972 -2.13176 -59
v 16.2444 -2.13176 -59
v 16.2226 -11.4482 -59
v 7.77741 -11.4482 67
v 18.2226 -11.4482 67
v 18.2003 -2.13176 67
v 7.75563 -2.13176 67
v 4.95592 -11.4482 64.2229
v 4.95626 -2.13176 64.2447
v 3.04443 -2.13176 -56.2006
v 3.04408 -11.4482 -56.2229
v 18.1782 -14.2257 64.2226
v 7.73368 -14.2257 64.2226
v 5.82185 -14.2257 -56.2226
v 16.2663 -14.2257 -56.2226
v 18.1782 -14.2257 64.2226
v 20.9559 -11.4482 64.2229
v 18.2226 -11.4482 67
v 16.2226 -11.4482 -59
v 19.0437 -11.47 -56.2447
v 16.2663 -14.2257 -56.2226
v 3.04408 -11.4482 -56.2229
v 5.79972 -11.4259 -59
v 5.82185 -14.2257 -56.2226
v 7.73368 -14.2257 64.2226
v 7.77741 -11.4482 67
v 4.95592 -11.4482 64.2229
v 3 -4 -59
v 5 -4 67
v 21 -4 67
v 19 -4 -59
v -48.0713 0 -44.0051
v -48.0105 -0.989616 -43.0163
v 79.0105 -0.989616 -45.1087
v 78.9477 0 -46.0974
v -49.0617 -0.989616 -43.9877
v -48.0713 0 -44.0051
v -48.9477 0 -58.0276
v -49.9368 -1.01316 -57.9888
v -48.0105 -0.989616 -43.0163
v -49.0617 -0.989616 -43.9877
v -49.0604 -3.03236 -43.9658
v -48.0105 -3.01038 -43.0163
v -49.0105 -0.989616 -59.0163
v -48.9477 0 -58.0276
v 78.0713 0 -60.1199
v 78.0105 -0.989616 -61.1087
v -49.9368 -1.01316 -57.9888
v -49.0105 -0.989616 -59.0163
v -49.0105 -3.01038 -59.0163
v -49.9383 -3.01038 -58.0123
v -48.9477 -4 -58.0276
v -49.0105 -3.01038 -59.0163
v 78.0325 -3.03236 -61.1091
v 78.0713 -4 -60.1199
v -49.9383 -3.01038 -58.0123
v -48.9477 -4 -58.0276
v -48.0713 -4 -44.0051
v -49.0604 -3.03236 -43.9658
v -48.0105 -3.01038 -43.0163
v -48.0713 -4 -44.0051
v 78.9477 -4 -46.0974
v 78.987 -2.98684 -45.1083
v -47.9477 0 53.9724
v -48.9383 -0.989616 53.9877
v -48.0604 -0.967639 68.0342
v -47.0713 0 67.9951
v -48.0105 -0.989616 52.9837
v -47.9477 0 53.9724
v 79.0726 0 51.88
v 79.0332 -0.96697 50.8909
v -48.9383 -0.989616 53.9877
v -48.0105 -0.989616 52.9837
v -47.987 -2.98684 52.9833
v -48.9383 -3.01038 53.9877
v 80.0632 -0.989616 51.8626
v 79.0726 0 51.88
v 79.9712 0 65.9274
v 80.9603 -1.01424 65.8878
v 79.0332 -0.96697 50.8909
v 80.0632 -0.989616 51.8626
v 80.0632 -3.01038 51.8626
v 79.0105 -3.01038 50.8913
v -48.9383 -3.01038 53.9877
v -47.9477 -4 53.9724
v -47.0713 -4 67.9951
v -48.0617 -3.01038 68.0123
v -47.9477 -4 53.9724
v -47.987 -2.98684 52.9833
v 79.0105 -3.01038 50.8913
v 79.0726 -4 51.88
v 79.0726 -4 51.88
v 80.0632 -3.01038 51.8626
v 80.9618 -3.01038 65.9124
v 79.9712 -4 65.9274
v 76 -0.989616 -32.0104
v 75.0104 0 -31.9948
v 75.0104 0 -17.9743
v 76 -0.989616 -17.9896
v 75.0027 -0.997438 -32.9844
v 76 -0.989616 -32.0104
v 76 -3.01038 -32.0104
v 75.0105 -3.01038 -32.9845
v 75.0104 0 -31.9948
v 75.0027 -0.997438 -32.9844
v -51.0105 -0.989616 -31.0155
v -51.0104 0 -30.0257
v 75.0104 -4 -31.9948
v 76 -3.01038 -32.0104
v 76 -3.01802 -17.982
v 75.0104 -4 -17.9743
v 75.0105 -3.01038 -32.9845
v 75.0104 -4 -31.9948
v -51.0104 -4 -30.0257
v -51.0181 -3.01802 -31.0153
v -52 -3.01038 -30.0104
v -51.0104 -4 -30.0257
v -51.0104 -4 -16.0052
v -52 -3.00256 -15.9974
v -51.0181 -3.01802 -31.0153
v -52 -3.01038 -30.0104
v -52 -0.989616 -30.0104
v -51.0105 -0.989616 -31.0155
v -51.0104 0 -30.0257
v -52 -0.989616 -30.0104
v -52 -0.989616 -15.9896
v -51.0104 0 -16.0052
v 75.0181 -3.01802 -16.9847
v 76 -3.01802 -17.982
v 76 -0.989616 -17.9896
v 75.0105 -0.989616 -16.9845
v 75.0104 -4 -17.9743
v 75.0181 -3.01802 -16.9847
v -51.0027 -3.00256 -15.0156
v -51.0104 -4 -16.0052
v -52 -3.00256 -15.9974
v -51.0027 -3.00256 -15.0156
v -51.0027 -0.997438 -15.0156
v -52 -0.989616 -15.9896
v 76 -3.00256 23.9974
v 75.0027 -3.00256 23.0156
v 75.0027 -0.997438 23.0156
v 76 -0.997438 23.9974
v 75.0104 -4 24.0052
v 76 -3.00256 23.9974
v 76 -3.01802 38.018
v 75.0104 -4 38.0257
v 75.0027 -3.00256 23.0156
v 75.0104 -4 24.0052
v -51.0104 -4 25.9743
v -51.0181 -3.01802 24.9847
v 75.0181 -3.01802 39.0153
v 76 -3.01802 38.018
v 76 -0.989616 38.0104
v 75.0105 -0.989616 39.0155
v 75.0104 -4 38.0257
v 75.0181 -3.01802 39.0153
v -51.0027 -3.00256 40.9844
v -51.0104 -4 39.9948
v -52 -3.00256 40.0026
v -51.0027 -3.00256 40.9844
v -51.0027 -0.997438 40.9844
v -52 -0.989616 40.0104
v -51.0104 -4 39.9948
v -52 -3.00256 40.0026
v -52 -3.01802 25.982
v -51.0104 -4 25.9743
v -51.0181 -3.01802 24.9847
v -52 -3.01802 25.982
v -52 -0.981975 25.982
v -51.0181 -0.981975 24.9847
v 75.0105 -0.989616 -16.9845
v 75.0104 0 -17.9743
v -51.0104 0 -16.0052
v -51.0027 -0.997438 -15.0156
v 80.9603 -1.01424 65.8878
v 80.0109 -1.06252 66.9161
v 80.0109 -2.93748 66.9161
v 80.9618 -3.01038 65.9124
v 50.9317 -0.699741 67.3841
v 79.9712 0 65.9274
v -47.0713 0 67.9951
v 12.2151 -0.699741 68.0142
v 80.0109 -1.06252 66.9161
v 50.9317 -0.699741 67.3841
v 38.0336 -1.29986 67.5891
v 53.0971 -2 67.344
v -47.0325 -0.99039 68.9841
v -48.0604 -0.967639 68.0342
v -48.0617 -3.01038 68.0123
v -47.0105 -3.01038 68.9839
v 12.2151 -0.699741 68.0142
v -47.0325 -0.99039 68.9841
v 38.0174 -2.69939 67.5894
v 75.0104 0 38.0257
v 76 -0.989616 38.0104
v 76 -0.997438 23.9974
v 75.0104 0 24.0052
v 75.0105 -0.989616 39.0155
v 75.0104 0 38.0257
v -51.0104 0 39.9948
v -51.0027 -0.997438 40.9844
v -52 -0.989616 40.0104
v -51.0104 0 39.9948
v -51.0104 0 25.9743
v -52 -0.981975 25.982
v 75.0104 0 24.0052
v 75.0027 -0.997438 23.0156
v -51.0181 -0.981975 24.9847
v -51.0104 0 25.9743
v 78.9477 0 -46.0974
v 79.9383 -0.989616 -46.1127
v 79.0617 -0.989616 -60.1373
v 78.0713 0 -60.1199
v 79.9383 -0.989616 -46.1127
v 79.0105 -0.989616 -45.1087
v 78.987 -2.98684 -45.1083
v 79.9383 -3.01038 -46.1127
v 79.9383 -3.01038 -46.1127
v 78.9477 -4 -46.0974
v 78.0713 -4 -60.1199
v 79.0604 -3.03236 -60.1592
v 79.0604 -3.03236 -60.1592
v 78.0325 -3.03236 -61.1091
v 78.0105 -0.989616 -61.1087
v 79.0617 -0.989616 -60.1373
v 50.9317 -3.30026 67.3841
v 80.0109 -2.93748 66.9161
v -47.0105 -3.01038 68.9839
v -47.0713 -4 67.9951
v 79.9712 -4 65.9274
v 50.9317 -3.30026 67.3841
v 76 -3.01038 10.0104
v 75.0104 -4 10.0257
v 75.0104 -4 -3.9948
v 76 -3.00256 -4.00256
v 75.0181 -3.01802 11.0153
v 76 -3.01038 10.0104
v 76 -0.989616 10.0104
v 75.0105 -0.989616 11.0155
v 75.0104 -4 10.0257
v 75.0181 -3.01802 11.0153
v -51.0105 -3.01038 12.9845
v -51.0104 -4 11.9948
v 75.0104 0 10.0257
v 76 -0.989616 10.0104
v 76 -0.989616 -4.01038
v 75.0104 0 -3.9948
v 75.0105 -0.989616 11.0155
v 75.0104 0 10.0257
v -51.0104 0 11.9948
v -51.0027 -0.997438 12.9844
v -51.0104 -4 11.9948
v -52 -3.01038 12.0104
v -52 -3.01802 -2.01802
v -51.0104 -4 -2.02573
v -52 -3.01038 12.0104
v -51.0105 -3.01038 12.9845
v -51.0027 -0.997438 12.9844
v -52 -0.989616 12.0104
v -52 -0.989616 12.0104
v -51.0104 0 11.9948
v -51.0104 0 -2.02573
v -52 -0.981975 -2.01802
v 75.0105 -3.01038 -4.98454
v 75.0104 -4 -3.9948
v -51.0104 -4 -2.02573
v -51.0181 -3.01802 -3.01534
v 76 -3.00256 -4.00256
v 75.0105 -3.01038 -4.98454
v 75.0105 -0.989616 -4.98454
v 76 -0.989616 -4.01038
v 75.0104 0 -3.9948
v 75.0105 -0.989616 -4.98454
v -51.0181 -0.981975 -3.01534
v -51.0104 0 -2.02573
v -52 -0.981975 -2.01802
v -51.0181 -0.981975 -3.01534
v -51.0181 -3.01802 -3.01534
v -52 -3.01802 -2.01802
v -49.0617 -0.989616 -43.9877
v -49.9368 -1.01316 -57.9888
v -49.9383 -3.01038 -58.0123
v -49.0604 -3.03236 -43.9658
v -47.987 -2.98684 52.9833
v -48.0105 -0.989616 52.9837
v 79.0332 -0.96697 50.8909
v 79.0105 -3.01038 50.8913
v 75.0027 -0.997438 -32.9844
v 75.0105 -3.01038 -32.9845
v -51.0181 -3.01802 -31.0153
v -51.0105 -0.989616 -31.0155
v 75.0104 -4 -31.9948
v 75.0104 -4 -17.9743
v -51.0104 -4 -16.0052
v -51.0104 -4 -30.0257
v 75.0104 -4 24.0052
v 75.0104 -4 38.0257
v -51.0104 -4 39.9948
v -51.0104 -4 25.9743
v -51.0027 -3.00256 -15.0156
v 75.0181 -3.01802 -16.9847
v 75.0105 -0.989616 -16.9845
v -51.0027 -0.997438 -15.0156
v -52 -3.00256 -15.9974
v -52 -0.989616 -15.9896
v -52 -0.989616 -30.0104
v -52 -3.01038 -30.0104
v 79.9712 0 65.9274
v 79.0726 0 51.88
v -47.9477 0 53.9724
v -47.0713 0 67.9951
v 75.0105 -0.989616 39.0155
v -51.0027 -0.997438 40.9844
v -51.0027 -3.00256 40.9844
v 75.0181 -3.01802 39.0153
v -51.0104 0 39.9948
v 75.0104 0 38.0257
v 75.0104 0 24.0052
v -51.0104 0 25.9743
v 79.0105 -0.989616 -45.1087
v -48.0105 -0.989616 -43.0163
v -48.0105 -3.01038 -43.0163
v 78.987 -2.98684 -45.1083
v 75.0104 0 -31.9948
v -51.0104 0 -30.0257
v -51.0104 0 -16.0052
v 75.0104 0 -17.9743
v -48.9477 -4 -58.0276
v 78.0713 -4 -60.1199
v 78.9477 -4 -46.0974
v -48.0713 -4 -44.0051
v 76 -3.01802 38.018
v 76 -3.00256 23.9974
v 76 -0.997438 23.9974
v 76 -0.989616 38.0104
v -47.0105 -3.01038 68.9839
v -51.0105 -3.01038 12.9845
v 75.0181 -3.01802 11.0153
v 75.0105 -0.989616 11.0155
v -51.0027 -0.997438 12.9844
v 79.0604 -3.03236 -60.1592
v 79.0617 -0.989616 -60.1373
v 79.9383 -0.989616 -46.1127
v 79.9383 -3.01038 -46.1127
v 78.9477 0 -46.0974
v 78.0713 0 -60.1199
v -48.9477 0 -58.0276
v -48.0713 0 -44.0051
v 76 -3.01038 10.0104
v 76 -3.00256 -4.00256
v 76 -0.989616 -4.01038
v 76 -0.989616 10.0104
v 75.0104 0 -3.9948
v -51.0104 0 -2.02573
v -51.0104 0 11.9948
v 75.0104 0 10.0257
v -47.9477 -4 53.9724
v 79.0726 -4 51.88
v 79.9712 -4 65.9274
v -47.0713 -4 67.9951
v 76 -3.01802 -17.982
v 76 -3.01038 -32.0104
v 76 -0.989616 -32.0104
v 76 -0.989616 -17.9896
v -51.0104 -4 11.9948
v -51.0104 -4 -2.02573
v 75.0104 -4 -3.9948
v 75.0104 -4 10.0257
v -52 -0.981975 25.982
v -52 -3.01802 25.982
v -52 -3.00256 40.0026
v -52 -0.989616 40.0104
v 80.0632 -0.989616 51.8626
v 80.9603 -1.01424 65.8878
v 80.9618 -3.01038 65.9124
v 80.0632 -3.01038 51.8626
v -51.0181 -3.01802 -3.01534
v -51.0181 -0.981975 -3.01534
v 75.0105 -0.989616 -4.98454
v 75.0105 -3.01038 -4.98454
v -48.9383 -3.01038 53.9877
v -48.0617 -3.01038 68.0123
v -48.0604 -0.967639 68.0342
v -48.9383 -0.989616 53.9877
v 75.0027 -0.997438 23.0156
v 75.0027 -3.00256 23.0156
v -51.0181 -3.01802 24.9847
v -51.0181 -0.981975 24.9847
v -52 -3.01038 12.0104
v -52 -0.989616 12.0104
v -52 -0.981975 -2.01802
v -52 -3.01802 -2.01802
v -49.0105 -3.01038 -59.0163
v -49.0105 -0.989616 -59.0163
v 78.0105 -0.989616 -61.1087
v 78.0325 -3.03236 -61.1091
v -48.0713 0 -44.0051
v -49.0617 -0.989616 -43.9877
v -48.0105 -0.989616 -43.0163
v -49.0105 -0.989616 -59.0163
v -49.9368 -1.01316 -57.9888
v -48.9477 0 -58.0276
v -48.9477 -4 -58.0276
v -49.9383 -3.01038 -58.0123
v -49.0105 -3.01038 -59.0163
v -48.0105 -3.01038 -43.0163
v -49.0604 -3.03236 -43.9658
v -48.0713 -4 -44.0051
v -47.9477 0 53.9724
v -48.0105 -0.989616 52.9837
v -48.9383 -0.989616 53.9877
v 80.0632 -0.989616 51.8626
v 79.0332 -0.96697 50.8909
v 79.0726 0 51.88
v -48.9383 -3.01038 53.9877
v -47.987 -2.98684 52.9833
v -47.9477 -4 53.9724
v 79.0726 -4 51.88
v 79.0105 -3.01038 50.8913
v 80.0632 -3.01038 51.8626
v 76 -0.989616 -32.0104
v 75.0027 -0.997438 -32.9844
v 75.0104 0 -31.9948
v 75.0104 -4 -31.9948
v 75.0105 -3.01038 -32.9845
v 76 -3.01038 -32.0104
v -52 -3.01038 -30.0104
v -51.0181 -3.01802 -31.0153
v -51.0104 -4 -30.0257
v -51.0104 0 -30.0257
v -51.0105 -0.989616 -31.0155
v -52 -0.989616 -30.0104
v 75.0181 -3.01802 -16.9847
v 75.0104 -4 -17.9743
v 76 -3.01802 -17.982
v -52 -3.00256 -15.9974
v -51.0104 -4 -16.0052
v -51.0027 -3.00256 -15.0156
v 76 -3.00256 23.9974
v 75.0104 -4 24.0052
v 75.0027 -3.00256 23.0156
v 75.0181 -3.01802 39.0153
v 75.0104 -4 38.0257
v 76 -3.01802 38.018
v -52 -3.00256 40.0026
v -51.0104 -4 39.9948
v -51.0027 -3.00256 40.9844
v -51.0181 -3.01802 24.9847
v -51.0104 -4 25.9743
v -52 -3.01802 25.982
v 75.0104 0 -17.9743
v 75.0105 -0.989616 -16.9845
v 76 -0.989616 -17.9896
v -52 -0.989616 -15.9896
v -51.0027 -0.997438 -15.0156
v -51.0104 0 -16.0052
v 80.9603 -1.01424 65.8878
v 79.9712 0 65.9274
v 80.0109 -1.06252 66.9161
v -47.0325 -0.99039 68.9841
v -48.0604 -0.967639 68.0342
v 75.0104 0 38.0257
v 75.0105 -0.989616 39.0155
v 76 -0.989616 38.0104
v -52 -0.989616 40.0104
v -51.0027 -0.997438 40.9844
v -51.0104 0 39.9948
v 75.0027 -0.997438 23.0156
v 75.0104 0 24.0052
v 76 -0.997438 23.9974
v -52 -0.981975 25.982
v -51.0104 0 25.9743
v -51.0181 -0.981975 24.9847
v 78.9477 0 -46.0974
v 79.0105 -0.989616 -45.1087
v 79.9383 -0.989616 -46.1127
v 79.9383 -3.01038 -46.1127
v 78.987 -2.98684 -45.1083
v 78.9477 -4 -46.0974
v 79.0604 -3.03236 -60.1592
v 78.0713 -4 -60.1199
v 78.0325 -3.03236 -61.1091
v -47.0713 -4 67.9951
v -47.0105 -3.01038 68.9839
v -48.0617 -3.01038 68.0123
v 80.9618 -3.01038 65.9124
v 80.0109 -2.93748 66.9161
v 50.9317 -3.30026 67.3841
v 79.9712 -4 65.9274
v 76 -3.01038 10.0104
v 75.0181 -3.01802 11.0153
v 75.0104 -4 10.0257
v 75.0104 0 10.0257
v 75.0105 -0.989616 11.0155
v 76 -0.989616 10.0104
v -51.0104 -4 11.9948
v -51.0105 -3.01038 12.9845
v -52 -3.01038 12.0104
v -52 -0.989616 12.0104
v -51.0027 -0.997438 12.9844
v -51.0104 0 11.9948
v 78.0713 0 -60.1199
v 79.0617 -0.989616 -60.1373
v 78.0105 -0.989616 -61.1087
v 75.0105 -3.01038 -4.98454
v 76 -3.00256 -4.00256
v 75.0104 -4 -3.9948
v 75.0104 0 -3.9948
v 76 -0.989616 -4.01038
v 75.0105 -0.989616 -4.98454
v -52 -0.981975 -2.01802
v -51.0104 0 -2.02573
v -51.0181 -0.981975 -3.01534
v -51.0181 -3.01802 -3.01534
v -51.0104 -4 -2.02573
v -52 -3.01802 -2.01802
v 75.5635 -15.5635 -4.99318
v 75.5635 -16 -4.55662
v -51.5635 -16 -2.57026
v -51.5669 -15.5669 -3.00677
v 76 -15.56 -4.56004
v 75.5635 -15.5635 -4.99318
v 75.5635 -12.4365 -4.99318
v 76 -12.4365 -4.56349
v 75.5635 -16 -4.55662
v 76 -15.56 -4.56004
v 76 -15.5635 10.5635
v 75.5635 -16 10.5703
v 75.5635 -12 -4.55662
v 75.5635 -12.4365 -4.99318
v -51.5669 -12.4331 -3.00677
v -51.5635 -12 -2.57026
v 76 -12.4365 -4.56349
v 75.5635 -12 -4.55662
v 75.5635 -12 10.5703
v 76 -12.4331 10.5669
v 75.5635 -16 10.5703
v 75.5635 -15.5635 11.0068
v -51.5635 -15.5635 12.9932
v -51.5635 -16 12.5566
v 75.5635 -15.5635 11.0068
v 76 -15.5635 10.5635
v 76 -12.4331 10.5669
v 75.5635 -12.4365 11.0068
v 75.5635 -12.4365 11.0068
v 75.5635 -12 10.5703
v -51.5635 -12 12.5566
v -51.5601 -12.44 12.9931
v -52 -12.4331 -2.56686
v -51.5669 -12.4331 -3.00677
v -51.5669 -15.5669 -3.00677
v -52 -15.5635 -2.56349
v -51.5635 -12 -2.57026
v -52 -12.4331 -2.56686
v -52 -12.44 12.56
v -51.5635 -12 12.5566
v -51.5601 -12.44 12.9931
v -52 -12.44 12.56
v -52 -15.5635 12.5635
v -51.5635 -15.5635 12.9932
v -51.5635 -16 12.5566
v -52 -15.5635 12.5635
v -52 -15.5635 -2.56349
v -51.5635 -16 -2.57026
v 76 -15.5635 10.5635
v 76 -15.56 -4.56004
v 76 -12.4365 -4.56349
v 76 -12.4331 10.5669
v 75.5635 -12 -4.55662
v -51.5635 -12 -2.57026
v -51.5635 -12 12.5566
v 75.5635 -12 10.5703
v 75.5635 -12.4365 11.0068
v -51.5601 -12.44 12.9931
v -51.5635 -15.5635 12.9932
v 75.5635 -15.5635 11.0068
v 75.5635 -12.4365 -4.99318
v 75.5635 -15.5635 -4.99318
v -51.5669 -15.5669 -3.00677
v -51.5669 -12.4331 -3.00677
v -52 -15.5635 12.5635
v -52 -12.44 12.56
v -52 -12.4331 -2.56686
v -52 -15.5635 -2.56349
v -51.5635 -16 12.5566
v -51.5635 -16 -2.57026
v 75.5635 -16 -4.55662
v 75.5635 -16 10.5703
v 75.5635 -15.5635 -4.99318
v 76 -15.56 -4.56004
v 75.5635 -16 -4.55662
v 75.5635 -12 -4.55662
v 76 -12.4365 -4.56349
v 75.5635 -12.4365 -4.99318
v 75.5635 -16 10.5703
v 76 -15.5635 10.5635
v 75.5635 -15.5635 11.0068
v 75.5635 -12.4365 11.0068
v 76 -12.4331 10.5669
v 75.5635 -12 10.5703
v -52 -12.4331 -2.56686
v -51.5635 -12 -2.57026
v -51.5669 -12.4331 -3.00677
v -51.5601 -12.44 12.9931
v -51.5635 -12 12.5566
v -52 -12.44 12.56
v -51.5635 -16 12.5566
v -51.5635 -15.5635 12.9932
v -52 -15.5635 12.5635
v -52 -15.5635 -2.56349
v -51.5669 -15.5669 -3.00677
v -51.5635 -16 -2.57026
v -48.4501 -12 -43.5951
v -48.4141 -12.586 -43.0097
v 79.4001 -12.5999 -45.1151
v 79.3769 -12 -45.7008
v -49.0366 -12.586 -43.5849
v -48.4501 -12 -43.5951
v -49.3769 -12 -58.4242
v -49.9626 -12.5999 -58.4012
v -48.4141 -12.586 -43.0097
v -49.0366 -12.586 -43.5849
v -49.0357 -15.427 -43.5719
v -48.4141 -15.414 -43.0097
v -49.4141 -12.586 -59.0097
v -49.3769 -12 -58.4242
v 78.4501 -12 -60.5299
v 78.4271 -12.573 -61.1156
v -49.9626 -12.5999 -58.4012
v -49.4141 -12.586 -59.0097
v -49.4141 -15.414 -59.0097
v -49.9634 -15.414 -58.4151
v -49.3769 -16 -58.4242
v -49.4141 -15.414 -59.0097
v 78.4141 -15.414 -61.1153
v 78.4501 -16 -60.5299
v -49.9634 -15.414 -58.4151
v -49.3769 -16 -58.4242
v -48.4501 -16 -43.5951
v -49.0357 -15.427 -43.5719
v -48.4141 -15.414 -43.0097
v -48.4501 -16 -43.5951
v 79.3769 -16 -45.7008
v 79.4001 -15.4001 -45.1151
v 79.9626 -12.5999 -45.7238
v 79.4001 -12.5999 -45.1151
v 79.4001 -15.4001 -45.1151
v 79.9634 -15.414 -45.7099
v 79.3769 -12 -45.7008
v 79.9626 -12.5999 -45.7238
v 79.0357 -12.573 -60.5531
v 78.4501 -12 -60.5299
v 78.4271 -12.573 -61.1156
v 79.0357 -12.573 -60.5531
v 79.0366 -15.414 -60.5401
v 78.4141 -15.414 -61.1153
v 78.4501 -16 -60.5299
v 79.0366 -15.414 -60.5401
v 79.9634 -15.414 -45.7099
v 79.3769 -16 -45.7008
v -49.0366 -12.586 -43.5849
v -49.9626 -12.5999 -58.4012
v -49.9634 -15.414 -58.4151
v -49.0357 -15.427 -43.5719
v 79.3769 -12 -45.7008
v 78.4501 -12 -60.5299
v -49.3769 -12 -58.4242
v -48.4501 -12 -43.5951
v 78.4271 -12.573 -61.1156
v 78.4141 -15.414 -61.1153
v -49.4141 -15.414 -59.0097
v -49.4141 -12.586 -59.0097
v -48.4141 -15.414 -43.0097
v 79.4001 -15.4001 -45.1151
v 79.4001 -12.5999 -45.1151
v -48.4141 -12.586 -43.0097
v 79.9626 -12.5999 -45.7238
v 79.9634 -15.414 -45.7099
v 79.0366 -15.414 -60.5401
v 79.0357 -12.573 -60.5531
v -49.3769 -16 -58.4242
v 78.4501 -16 -60.5299
v 79.3769 -16 -45.7008
v -48.4501 -16 -43.5951
v -48.4501 -12 -43.5951
v -49.0366 -12.586 -43.5849
v -48.4141 -12.586 -43.0097
v -49.4141 -12.586 -59.0097
v -49.9626 -12.5999 -58.4012
v -49.3769 -12 -58.4242
v -49.3769 -16 -58.4242
v -49.9634 -15.414 -58.4151
v -49.4141 -15.414 -59.0097
v -48.4141 -15.414 -43.0097
v -49.0357 -15.427 -43.5719
v -48.4501 -16 -43.5951
v 79.9626 -12.5999 -45.7238
v 79.3769 -12 -45.7008
v 79.4001 -12.5999 -45.1151
v 78.4271 -12.573 -61.1156
v 78.4501 -12 -60.5299
v 79.0357 -12.573 -60.5531
v 78.4501 -16 -60.5299
v 78.4141 -15.414 -61.1153
v 79.0366 -15.414 -60.5401
v 79.9634 -15.414 -45.7099
v 79.4001 -15.4001 -45.1151
v 79.3769 -16 -45.7008
v -47.67 -12 68.643
v -47.6484 -12.3516 68.9943
v 80.6404 -12.3596 66.9121
v 80.6269 -12 66.5607
v -48.0219 -12.3516 68.6491
v -47.67 -12 68.643
v -48.6261 -12 53.3455
v -48.9775 -12.36 53.3593
v -47.6484 -12.3516 68.9943
v -48.0219 -12.3516 68.6491
v -48.0214 -15.6562 68.6569
v -47.6484 -15.6484 68.9943
v -48.6484 -12.3516 52.9942
v -48.6261 -12 53.3455
v 79.7006 -12 51.2321
v 79.6872 -12.3441 50.8807
v -48.9775 -12.36 53.3593
v -48.6484 -12.3516 52.9942
v -48.6484 -15.6484 52.9942
v -48.9781 -15.6484 53.3509
v -48.6261 -16 53.3455
v -48.6484 -15.6484 52.9942
v 79.6797 -15.6484 50.8808
v 79.7006 -16 51.2321
v -48.9781 -15.6484 53.3509
v -48.6261 -16 53.3455
v -47.67 -16 68.643
v -48.0214 -15.6562 68.6569
v -47.6484 -15.6484 68.9943
v -47.67 -16 68.643
v 80.6269 -16 66.5607
v 80.6404 -15.6404 66.9121
v 80.9783 -12.3596 66.5473
v 80.6404 -12.3596 66.9121
v 80.6404 -15.6404 66.9121
v 80.9788 -15.6484 66.5553
v 80.6269 -12 66.5607
v 80.9783 -12.3596 66.5473
v 80.052 -12.3441 51.2185
v 79.7006 -12 51.2321
v 79.6872 -12.3441 50.8807
v 80.052 -12.3441 51.2185
v 80.0525 -15.6484 51.226
v 79.6797 -15.6484 50.8808
v 79.7006 -16 51.2321
v 80.0525 -15.6484 51.226
v 80.9788 -15.6484 66.5553
v 80.6269 -16 66.5607
v -48.0219 -12.3516 68.6491
v -48.9775 -12.36 53.3593
v -48.9781 -15.6484 53.3509
v -48.0214 -15.6562 68.6569
v 80.6269 -12 66.5607
v 79.7006 -12 51.2321
v -48.6261 -12 53.3455
v -47.67 -12 68.643
v -48.6484 -12.3516 52.9942
v 79.6872 -12.3441 50.8807
v 79.6797 -15.6484 50.8808
v -48.6484 -15.6484 52.9942
v -47.6484 -15.6484 68.9943
v 80.6404 -15.6404 66.9121
v 80.6404 -12.3596 66.9121
v -47.6484 -12.3516 68.9943
v -48.6261 -16 53.3455
v 79.7006 -16 51.2321
v 80.6269 -16 66.5607
v -47.67 -16 68.643
v 80.9783 -12.3596 66.5473
v 80.9788 -15.6484 66.5553
v 80.0525 -15.6484 51.226
v 80.052 -12.3441 51.2185
v -47.67 -12 68.643
v -48.0219 -12.3516 68.6491
v -47.6484 -12.3516 68.9943
v -48.6484 -12.3516 52.9942
v -48.9775 -12.36 53.3593
v -48.6261 -12 53.3455
v -48.6261 -16 53.3455
v -48.9781 -15.6484 53.3509
v -48.6484 -15.6484 52.9942
v -47.6484 -15.6484 68.9943
v -48.0214 -15.6562 68.6569
v -47.67 -16 68.643
v 80.9783 -12.3596 66.5473
v 80.6269 -12 66.5607
v 80.6404 -12.3596 66.9121
v 79.6872 -12.3441 50.8807
v 79.7006 -12 51.2321
v 80.052 -12.3441 51.2185
v 79.7006 -16 51.2321
v 79.6797 -15.6484 50.8808
v 80.0525 -15.6484 51.226
v 80.9788 -15.6484 66.5553
v 80.6404 -15.6404 66.9121
v 80.6269 -16 66.5607
v -36.9803 -12.1602 -54.9628
v -38.0321 -12.1602 -55.9351
v -37.9826 -3.83536 -55.9368
v -36.9558 -3.83698 -54.9857
v -37.9943 -13.1975 -54.9244
v -36.9803 -12.1602 -54.9628
v -35.0158 -12.2074 68.01
v -36.0282 -13.1975 68.0494
v -38.0321 -12.1602 -55.9351
v -37.9943 -13.1975 -54.9244
v -51.9305 -13.1975 -54.0496
v -51.9704 -12.2076 -55.0619
v -35.9882 -12.2074 69.0618
v -35.0158 -12.2074 68.01
v -35.0156 -3.81262 68.0101
v -36.0109 -3.83545 69.0632
v -36.0282 -13.1975 68.0494
v -35.9882 -12.2074 69.0618
v -49.9646 -12.1601 69.9353
v -50.0039 -13.1975 68.9229
v -51.9704 -12.2076 -55.0619
v -52.9428 -12.2076 -54.0102
v -52.9425 -3.83545 -53.9873
v -51.9475 -3.83545 -55.0632
v -52.9428 -12.2076 -54.0102
v -51.9305 -13.1975 -54.0496
v -50.0039 -13.1975 68.9229
v -51.0163 -12.1601 68.9627
v -51.0163 -12.1601 68.9627
v -49.9646 -12.1601 69.9353
v -49.9891 -3.83545 69.9368
v -51.0159 -3.83545 68.9873
v -36.0109 -3.83545 69.0632
v -36.028 -2.8226 68.0494
v -50.0039 -2.8226 68.9229
v -49.9891 -3.83545 69.9368
v -36.028 -2.8226 68.0494
v -35.0156 -3.81262 68.0101
v -36.9558 -3.83698 -54.9857
v -37.9647 -2.8226 -54.923
v -37.9647 -2.8226 -54.923
v -37.9826 -3.83536 -55.9368
v -51.9475 -3.83545 -55.0632
v -51.9305 -2.8226 -54.0494
v -51.9305 -2.8226 -54.0494
v -52.9425 -3.83545 -53.9873
v -51.0159 -3.83545 68.9873
v -50.0039 -2.8226 68.9229
v -51.9305 -13.1975 -54.0496
v -37.9943 -13.1975 -54.9244
v -36.0282 -13.1975 68.0494
v -50.0039 -13.1975 68.9229
v -35.0156 -3.81262 68.0101
v -35.0158 -12.2074 68.01
v -36.9803 -12.1602 -54.9628
v -36.9558 -3.83698 -54.9857
v -37.9826 -3.83536 -55.9368
v -38.0321 -12.1602 -55.9351
v -51.9704 -12.2076 -55.0619
v -51.9475 -3.83545 -55.0632
v -52.9428 -12.2076 -54.0102
v -51.0163 -12.1601 68.9627
v -51.0159 -3.83545 68.9873
v -52.9425 -3.83545 -53.9873
v -36.028 -2.8226 68.0494
v -37.9647 -2.8226 -54.923
v -51.9305 -2.8226 -54.0494
v -50.0039 -2.8226 68.9229
v -36.0109 -3.83545 69.0632
v -49.9891 -3.83545 69.9368
v -49.9646 -12.1601 69.9353
v -35.9882 -12.2074 69.0618
v -36.9803 -12.1602 -54.9628
v -37.9943 -13.1975 -54.9244
v -38.0321 -12.1602 -55.9351
v -35.9882 -12.2074 69.0618
v -36.0282 -13.1975 68.0494
v -35.0158 -12.2074 68.01
v -51.9704 -12.2076 -55.0619
v -51.9305 -13.1975 -54.0496
v -52.9428 -12.2076 -54.0102
v -51.0163 -12.1601 68.9627
v -50.0039 -13.1975 68.9229
v -49.9646 -12.1601 69.9353
v -36.0109 -3.83545 69.0632
v -35.0156 -3.81262 68.0101
v -36.028 -2.8226 68.0494
v -37.9647 -2.8226 -54.923
v -36.9558 -3.83698 -54.9857
v -37.9826 -3.83536 -55.9368
v -51.9305 -2.8226 -54.0494
v -51.9475 -3.83545 -55.0632
v -52.9425 -3.83545 -53.9873
v -50.0039 -2.8226 68.9229
v -51.0159 -3.83545 68.9873
v -49.9891 -3.83545 69.9368
vt 0.824142 0.496875
vt 0.826542 0.496875
vt 0.826542 0.440625
vt 0.824142 0.440625
vt -0.000189 0.497171
vt -0.001751 0.497161
vt 0.001414 0.000234008
vt 0.002976 0.000244021
vt -0.000199 0.498733
vt -0.000189 0.497171
vt 0.496738 0.500336
vt 0.496728 0.501898
vt 0.05829 0.496877
vt 0.060681 0.496877
vt 0.060681 0.440625
vt 0.05829 0.440625
vt 0.002976 0.000244021
vt 0.002986 -0.00131798
vt 0.499913 0.00184703
vt 0.499903 0.00340903
vt 0.959178 0.496877
vt 0.956787 0.496877
vt 0.956787 0.440624
vt 0.959178 0.440625
vt 0.499903 0.00340903
vt 0.501465 0.00341898
vt 0.4983 0.500346
vt 0.496738 0.500336
vt 0.944774 0.496875
vt 0.947174 0.496875
vt 0.947174 0.440625
vt 0.944774 0.440625
vt 0.193326 0.440625
vt 0.193326 0.4375
vt 0.956787 0.4375
vt 0.956787 0.440624
vt 0.060681 0.4375
vt 0.060681 0.440625
vt 0.824142 0.440625
vt 0.824142 0.4375
vt 0.181322 0.4375
vt 0.181322 0.440625
vt 0.944774 0.440625
vt 0.944774 0.4375
vt 0.836146 0.4375
vt 0.836146 0.440625
vt 0.072694 0.440625
vt 0.072694 0.4375
vt -0.000189 0.497171
vt 0.002976 0.000244021
vt 0.499903 0.00340903
vt 0.496738 0.500336
vt 0.060681 0.440625
vt 0.060681 0.496877
vt 0.824142 0.496875
vt 0.824142 0.440625
vt 0.181322 0.496875
vt 0.944774 0.496875
vt 0.944774 0.440625
vt 0.181322 0.440625
vt 0.956787 0.440624
vt 0.956787 0.496877
vt 0.193326 0.496875
vt 0.193326 0.440625
vt 0.836146 0.496875
vt 0.072694 0.496875
vt 0.072694 0.440625
vt 0.836146 0.440625
vt 0.499903 0.00340903
vt 0.002976 0.000244021
vt -0.000189 0.497171
vt 0.496738 0.500336
vt -0.001751 0.497161
vt -0.000189 0.497171
vt -0.000199 0.498733
vt 0.002986 -0.00131798
vt 0.002976 0.000244021
vt 0.001414 0.000234008
vt 0.501465 0.00341898
vt 0.499903 0.00340903
vt 0.499913 0.00184703
vt 0.496728 0.501898
vt 0.496738 0.500336
vt 0.4983 0.500346
vt 0.05829 0.440625
vt 0.060681 0.440625
vt 0.060681 0.4375
vt 0.824142 0.4375
vt 0.824142 0.440625
vt 0.826542 0.440625
vt 0.944774 0.4375
vt 0.944774 0.440625
vt 0.947174 0.440625
vt 0.959178 0.440625
vt 0.956787 0.440624
vt 0.956787 0.4375
vt 0.166838 0.496875
vt 0.166838 0.5
vt 0.93029 0.5
vt 0.93029 0.496875
vt 0.831393 0.496875
vt 0.833784 0.496875
vt 0.833784 0.440623
vt 0.831393 0.440623
vt 0.831393 0.5
vt 0.831393 0.496875
vt 0.067932 0.496875
vt 0.067932 0.5
vt 0.166838 0.4375
vt 0.166838 0.440625
vt 0.93029 0.440625
vt 0.93029 0.4375
vt 0.831393 0.440623
vt 0.831384 0.4375
vt 0.067932 0.4375
vt 0.067932 0.440625
vt 0.178842 0.440625
vt 0.178842 0.4375
vt 0.942303 0.4375
vt 0.942303 0.440624
vt 0.067932 0.440625
vt 0.065532 0.440625
vt 0.065532 0.496875
vt 0.067932 0.496875
vt 0.178842 0.5
vt 0.178842 0.496875
vt 0.942303 0.496877
vt 0.942294 0.5
vt 0.079936 0.5
vt 0.079936 0.496875
vt 0.843388 0.496875
vt 0.843388 0.5
vt 0.944694 0.496877
vt 0.942303 0.496877
vt 0.942303 0.440624
vt 0.944694 0.440625
vt 0.079936 0.440625
vt 0.079936 0.4375
vt 0.843388 0.4375
vt 0.843388 0.440625
vt 0.845788 0.496875
vt 0.843388 0.496875
vt 0.843388 0.440625
vt 0.845788 0.440625
vt 0.831393 0.496875
vt 0.831393 0.440623
vt 0.067932 0.440625
vt 0.067932 0.496875
vt 0.942303 0.440624
vt 0.942303 0.496877
vt 0.178842 0.496875
vt 0.178842 0.440625
vt 0.843388 0.496875
vt 0.079936 0.496875
vt 0.079936 0.440625
vt 0.843388 0.440625
vt 0.166838 0.496875
vt 0.93029 0.496875
vt 0.93029 0.440625
vt 0.166838 0.440625
vt -0.000335 0.496882
vt 0.00283 -4.49419e-05
vt 0.499757 0.00312001
vt 0.496592 0.500047
vt 0.499757 0.00312001
vt 0.00283 -4.49419e-05
vt -0.000335 0.496882
vt 0.496592 0.500047
vt 0.833784 0.496875
vt 0.831393 0.496875
vt 0.831393 0.5
vt 0.831384 0.4375
vt 0.831393 0.440623
vt 0.833784 0.440623
vt 0.065532 0.440625
vt 0.067932 0.440625
vt 0.067932 0.4375
vt 0.067932 0.5
vt 0.067932 0.496875
vt 0.065532 0.496875
vt 0.942294 0.5
vt 0.942303 0.496877
vt 0.944694 0.496877
vt 0.944694 0.440625
vt 0.942303 0.440624
vt 0.942303 0.4375
vt 0.843388 0.5
vt 0.843388 0.496875
vt 0.845788 0.496875
vt 0.845788 0.440625
vt 0.843388 0.440625
vt 0.843388 0.4375
vt 0.36938 0.5
vt 0.36938 0.49625
vt 1.12513 0.496251
vt 1.12513 0.5
vt -0.09902 0.496251
vt -0.09902 0.5
vt 0.656728 0.5
vt 0.656728 0.49625
vt -0.101872 0.496251
vt -0.09902 0.496251
vt -0.09902 0.441251
vt -0.101872 0.441251
vt 0.405074 0.49625
vt 0.405074 0.5
vt 1.16082 0.5
vt 1.16082 0.49625
vt 0.656728 0.49625
vt 0.65958 0.49625
vt 0.65958 0.44125
vt 0.656728 0.44125
vt 0.36938 0.44125
vt 0.36938 0.4375
vt 1.12513 0.4375
vt 1.12513 0.441249
vt -0.09902 0.4375
vt -0.09902 0.441251
vt 0.656728 0.44125
vt 0.656728 0.4375
vt 0.405074 0.4375
vt 0.405074 0.44125
vt 1.16082 0.44125
vt 1.16082 0.4375
vt -0.134713 0.5
vt -0.134713 0.49625
vt 0.621035 0.49625
vt 0.621035 0.5
vt 1.12798 0.496251
vt 1.12513 0.496251
vt 1.12513 0.441249
vt 1.12798 0.441251
vt -0.134713 0.44125
vt -0.134713 0.4375
vt 0.621035 0.4375
vt 0.621035 0.44125
vt 0.623887 0.49625
vt 0.621035 0.49625
vt 0.621035 0.44125
vt 0.623887 0.44125
vt -0.09902 0.441251
vt -0.09902 0.496251
vt 0.656728 0.49625
vt 0.656728 0.44125
vt 1.12513 0.441249
vt 1.12513 0.496251
vt 0.36938 0.49625
vt 0.36938 0.44125
vt 0.621035 0.49625
vt -0.134713 0.49625
vt -0.134713 0.44125
vt 0.621035 0.44125
vt 0.405074 0.49625
vt 1.16082 0.49625
vt 1.16082 0.44125
vt 0.405074 0.44125
vt 0.00121 0.497856
vt 0.002008 0.00105798
vt 0.498806 0.00185603
vt 0.498008 0.498654
vt 0.498806 0.00185603
vt 0.002008 0.00105798
vt 0.00121 0.497856
vt 0.498008 0.498654
vt -0.09902 0.5
vt -0.09902 0.496251
vt -0.101872 0.496251
vt 0.65958 0.49625
vt 0.656728 0.49625
vt 0.656728 0.5
vt -0.101872 0.441251
vt -0.09902 0.441251
vt -0.09902 0.4375
vt 0.656728 0.4375
vt 0.656728 0.44125
vt 0.65958 0.44125
vt 1.12513 0.5
vt 1.12513 0.496251
vt 1.12798 0.496251
vt 1.12798 0.441251
vt 1.12513 0.441249
vt 1.12513 0.4375
vt 0.621035 0.5
vt 0.621035 0.49625
vt 0.623887 0.49625
vt 0.623887 0.44125
vt 0.621035 0.44125
vt 0.621035 0.4375
vt 0.816405 0.441252
vt 0.81642 0.4375
vt 0.053928 0.4375
vt 0.053928 0.44125
vt 0.82544 0.44125
vt 0.82832 0.44125
vt 0.82832 0.49625
vt 0.82544 0.49625
vt 0.82544 0.4375
vt 0.82544 0.44125
vt 0.062948 0.44125
vt 0.062948 0.4375
vt 0.816417 0.5
vt 0.816405 0.496251
vt 0.053928 0.49625
vt 0.053928 0.5
vt 0.82544 0.49625
vt 0.82544 0.5
vt 0.062948 0.5
vt 0.062948 0.49625
vt 0.828424 0.4375
vt 0.828424 0.44125
vt 0.065932 0.44125
vt 0.065932 0.4375
vt 0.060068 0.44125
vt 0.062948 0.44125
vt 0.062948 0.49625
vt 0.060068 0.49625
vt 0.828424 0.49625
vt 0.828424 0.5
vt 0.065932 0.5
vt 0.065932 0.49625
vt 0.813433 0.441251
vt 0.813436 0.4375
vt 0.050944 0.4375
vt 0.050944 0.44125
vt 0.053928 0.44125
vt 0.051048 0.44125
vt 0.051048 0.49625
vt 0.053928 0.49625
vt 0.813433 0.5
vt 0.813433 0.49625
vt 0.050944 0.49625
vt 0.050944 0.5
vt 0.050944 0.44125
vt 0.048064 0.44125
vt 0.048064 0.49625
vt 0.050944 0.49625
vt 0.062948 0.44125
vt 0.82544 0.44125
vt 0.82544 0.49625
vt 0.062948 0.49625
vt 0.816405 0.496251
vt 0.816405 0.441252
vt 0.053928 0.44125
vt 0.053928 0.49625
vt 0.813433 0.49625
vt 0.813433 0.441251
vt 0.050944 0.44125
vt 0.050944 0.49625
vt 0.065932 0.44125
vt 0.828424 0.44125
vt 0.828424 0.49625
vt 0.065932 0.49625
vt 0.496715 0.49973
vt 0.000414 0.496569
vt 0.003575 0.000267982
vt 0.499876 0.003429
vt 0.003575 0.000267982
vt 0.000414 0.496569
vt 0.496715 0.49973
vt 0.499876 0.003429
vt 0.82832 0.44125
vt 0.82544 0.44125
vt 0.82544 0.4375
vt 0.82544 0.5
vt 0.82544 0.49625
vt 0.82832 0.49625
vt 0.062948 0.4375
vt 0.062948 0.44125
vt 0.060068 0.44125
vt 0.060068 0.49625
vt 0.062948 0.49625
vt 0.062948 0.5
vt 0.051048 0.44125
vt 0.053928 0.44125
vt 0.053928 0.4375
vt 0.053928 0.5
vt 0.053928 0.49625
vt 0.051048 0.49625
vt 0.048064 0.44125
vt 0.050944 0.44125
vt 0.050944 0.4375
vt 0.050944 0.5
vt 0.050944 0.49625
vt 0.048064 0.49625
vt 0.160076 0.49625
vt 0.160076 0.5
vt 0.922568 0.5
vt 0.922568 0.49625
vt 0.176353 0.496251
vt 0.173458 0.496249
vt 0.173458 0.441249
vt 0.176353 0.441252
vt 0.176341 0.5
vt 0.176353 0.496251
vt 0.938829 0.49625
vt 0.938829 0.5
vt 0.160076 0.4375
vt 0.160076 0.44125
vt 0.922568 0.44125
vt 0.922568 0.4375
vt 0.176353 0.441252
vt 0.176338 0.4375
vt 0.938829 0.4375
vt 0.938829 0.44125
vt 0.17208 0.44125
vt 0.17208 0.4375
vt 0.934556 0.4375
vt 0.934556 0.44125
vt 0.938829 0.44125
vt 0.941709 0.44125
vt 0.941709 0.49625
vt 0.938829 0.49625
vt 0.17208 0.5
vt 0.17208 0.49625
vt 0.934556 0.496248
vt 0.934571 0.5
vt 0.164334 0.4375
vt 0.164334 0.44125
vt 0.926826 0.44125
vt 0.926826 0.4375
vt 0.925448 0.44125
vt 0.922568 0.44125
vt 0.922568 0.49625
vt 0.925448 0.49625
vt 0.164334 0.49625
vt 0.164334 0.5
vt 0.926826 0.5
vt 0.926826 0.49625
vt 0.937451 0.496251
vt 0.934556 0.496248
vt 0.934556 0.44125
vt 0.937451 0.441251
vt 0.176353 0.496251
vt 0.176353 0.441252
vt 0.938829 0.44125
vt 0.938829 0.49625
vt 0.922568 0.44125
vt 0.160076 0.44125
vt 0.160076 0.49625
vt 0.922568 0.49625
vt 0.934556 0.44125
vt 0.934556 0.496248
vt 0.17208 0.49625
vt 0.17208 0.44125
vt 0.926826 0.44125
vt 0.164334 0.44125
vt 0.164334 0.49625
vt 0.926826 0.49625
vt 0.003574 0.000123978
vt 0.499875 0.00328499
vt 0.496714 0.499586
vt 0.000413 0.496425
vt 0.496714 0.499586
vt 0.499875 0.00328499
vt 0.003574 0.000123978
vt 0.000413 0.496425
vt 0.173458 0.496249
vt 0.176353 0.496251
vt 0.176341 0.5
vt 0.176338 0.4375
vt 0.176353 0.441252
vt 0.173458 0.441249
vt 0.941709 0.44125
vt 0.938829 0.44125
vt 0.938829 0.4375
vt 0.938829 0.5
vt 0.938829 0.49625
vt 0.941709 0.49625
vt 0.922568 0.4375
vt 0.922568 0.44125
vt 0.925448 0.44125
vt 0.925448 0.49625
vt 0.922568 0.49625
vt 0.922568 0.5
vt 0.934571 0.5
vt 0.934556 0.496248
vt 0.937451 0.496251
vt 0.937451 0.441251
vt 0.934556 0.44125
vt 0.934556 0.4375
vt 0.203525 0.499991
vt 0.203525 0.5
vt 0.970834 0.5
vt 0.970834 0.49999
vt -0.19125 0.499992
vt -0.191273 0.49999
vt -0.191273 0.43751
vt -0.19125 0.43751
vt -0.19125 0.5
vt -0.19125 0.499992
vt 0.576059 0.499991
vt 0.576059 0.5
vt 0.203525 0.4375
vt 0.203525 0.437509
vt 0.970834 0.43751
vt 0.97085 0.4375
vt -0.191273 0.4375
vt -0.173824 0.4375
vt 0.462234 0.4375
vt 0.462234 0.4375
vt -0.19125 0.43751
vt -0.14631 0.4375
vt 0.551553 0.4375
vt 0.558152 0.437509
vt 0.558152 0.437509
vt 0.558152 0.4375
vt 0.575879 0.4375
vt 0.576059 0.437509
vt 0.462234 0.4375
vt -0.191273 0.4375
vt 0.462234 0.4375
vt 0.462234 0.4375
vt 0.427417 0.000145018
vt 0.42741 0.000145018
vt 0.499509 0.501436
vt 0.499511 0.501397
vt 0.428068 0.000145018
vt 0.427417 0.000145018
vt 0.501725 0.000474989
vt 0.501608 0.000473022
vt 0.251484 0.437509
vt 0.251484 0.4375
vt 1.01875 0.4375
vt 1.01881 0.437509
vt 0.576059 0.437509
vt 0.576066 0.437509
vt 0.576066 0.499991
vt 0.576059 0.499991
vt 0.251484 0.5
vt 0.251484 0.499991
vt 1.01881 0.499991
vt 1.01881 0.5
vt 0.528101 0.437509
vt 0.5281 0.4375
vt -0.239209 0.4375
vt -0.239209 0.437508
vt 1.01881 0.437509
vt 1.01882 0.437509
vt 1.01882 0.499991
vt 1.01881 0.499991
vt 0.528101 0.5
vt 0.528101 0.499991
vt -0.239209 0.49999
vt -0.239225 0.5
vt -0.239232 0.49999
vt -0.239209 0.49999
vt -0.239209 0.437508
vt -0.239232 0.43751
vt -0.19125 0.499992
vt -0.19125 0.43751
vt 0.558152 0.437509
vt 0.576059 0.437509
vt 0.576059 0.499991
vt 0.462234 0.4375
vt -0.191273 0.4375
vt -0.191273 0.4375
vt 0.251484 0.437509
vt 1.01881 0.437509
vt 1.01881 0.499991
vt 0.251484 0.499991
vt -0.239209 0.437508
vt -0.239209 0.49999
vt 0.528101 0.499991
vt 0.528101 0.437509
vt 0.970834 0.49999
vt 0.970834 0.43751
vt 0.203525 0.437509
vt 0.203525 0.499991
vt 0.499509 0.501436
vt -0.001452 0.49922
vt 0.000764 -0.00174105
vt 0.501725 0.000474989
vt 0.501669 0.000469983
vt 0.490061 0.000419021
vt 0.428068 0.000145018
vt 0.000764 -0.00174105
vt -0.001452 0.49922
vt -0.191273 0.49999
vt -0.19125 0.499992
vt -0.19125 0.5
vt -0.191264 0.4375
vt -0.191273 0.43751
vt 0.551553 0.4375
vt -0.191273 0.4375
vt 0.462234 0.4375
vt 0.462234 0.4375
vt 0.462234 0.4375
vt 0.576059 0.4375
vt 0.576066 0.437509
vt 0.576059 0.437509
vt 0.575879 0.4375
vt 0.576059 0.5
vt 0.576059 0.499991
vt 0.576066 0.499991
vt 1.01881 0.437501
vt 1.01882 0.437509
vt 1.01881 0.5
vt 1.01881 0.499991
vt 1.01882 0.499991
vt -0.239225 0.5
vt -0.239209 0.49999
vt -0.239232 0.49999
vt -0.239232 0.43751
vt -0.239209 0.437508
vt -0.239209 0.4375
vt 0.96875 0.76259
vt 0.960938 0.763089
vt 0.960938 0.658787
vt 0.96875 0.658315
vt 0.960938 0.528695
vt 0.96875 0.528195
vt 0.96875 -0.427611
vt 0.961117 -0.427369
vt 0.960938 0.538575
vt 0.960938 0.528695
vt 0.914252 0.528442
vt 0.914062 0.538575
vt 0.960938 0.902791
vt 0.96875 0.903222
vt 0.96875 0.799412
vt 0.960938 0.798976
vt 0.961117 -0.427369
vt 0.960911 -0.4375
vt 0.914058 -0.4375
vt 0.914062 -0.427132
vt 0.90625 0.903266
vt 0.914062 0.902791
vt 0.914061 0.799344
vt 0.90625 0.799852
vt 0.914062 -0.427132
vt 0.90625 -0.427611
vt 0.90625 0.528195
vt 0.914252 0.528442
vt 0.914062 0.763089
vt 0.90625 0.76259
vt 0.90625 0.658314
vt 0.913885 0.658553
vt 0.96875 0.521355
vt 0.960938 0.520882
vt 0.960941 -0.43494
vt 0.96875 -0.434447
vt 0.960968 0.648438
vt 0.960938 0.658787
vt 0.913885 0.658553
vt 0.914272 0.648438
vt 0.914062 0.520882
vt 0.906258 0.521356
vt 0.906258 -0.434444
vt 0.914251 -0.434683
vt 0.960945 -0.444825
vt 0.960941 -0.43494
vt 0.914251 -0.434683
vt 0.914069 -0.444817
vt 0.960938 0.528695
vt 0.961117 -0.427369
vt 0.914062 -0.427132
vt 0.914252 0.528442
vt 0.960938 0.658787
vt 0.960938 0.763089
vt 0.914062 0.763089
vt 0.913885 0.658553
vt 0.914251 -0.434683
vt 0.960941 -0.43494
vt 0.960938 0.520882
vt 0.914062 0.520882
vt 0.960938 0.798976
vt 0.914061 0.799344
vt 0.914062 0.902791
vt 0.960938 0.902791
vt 1.42777 0.527546
vt 1.43428 0.423317
vt 0.478482 0.408957
vt 0.471965 0.513233
vt 0.478482 0.408958
vt 1.43429 0.42421
vt 1.42777 0.527611
vt 0.471965 0.513233
vt 0.96875 0.528195
vt 0.960938 0.528695
vt 0.960938 0.538575
vt 0.960911 -0.4375
vt 0.961117 -0.427369
vt 0.96875 -0.427611
vt 0.90625 -0.427611
vt 0.914062 -0.427132
vt 0.914058 -0.4375
vt 0.914062 0.538575
vt 0.914252 0.528442
vt 0.90625 0.528195
vt 0.96875 0.658315
vt 0.960938 0.658787
vt 0.960968 0.648438
vt 0.914272 0.648438
vt 0.913885 0.658553
vt 0.90625 0.658314
vt 0.96875 -0.434447
vt 0.960941 -0.43494
vt 0.960945 -0.444825
vt 0.914069 -0.444817
vt 0.914251 -0.434683
vt 0.906258 -0.434444
vt 0.96875 0.501562
vt 0.96875 0.523092
vt 0.920604 0.523092
vt 0.920604 0.501739
vt 0.90625 0.107984
vt 0.920603 0.107637
vt 0.920603 0.189239
vt 0.90625 0.189581
vt 0.920604 0.501739
vt 0.90625 0.501395
vt 0.90625 -0.439584
vt 0.920491 -0.439412
vt 0.920603 0.248262
vt 0.90625 0.24792
vt 0.90625 0.329517
vt 0.920719 0.32969
vt 0.920491 -0.439412
vt 0.920598 -0.460938
vt 0.96875 -0.460938
vt 0.96875 -0.439412
vt 0.96875 0.351216
vt 0.96875 0.32969
vt 0.920719 0.32969
vt 0.920603 0.351219
vt 0.920603 -0.439242
vt 0.90625 -0.438895
vt 0.90625 0.502084
vt 0.920603 0.501742
vt 0.920564 0.210938
vt 0.920603 0.189239
vt 0.96875 0.18941
vt 0.96875 0.210938
vt 0.96875 0.501562
vt 0.920604 0.501739
vt 0.920491 -0.439412
vt 0.96875 -0.439412
vt 0.920719 0.32969
vt 0.96875 0.32969
vt 0.96875 0.248091
vt 0.920603 0.248262
vt 0.920603 0.189239
vt 0.920603 0.107637
vt 0.96875 0.107811
vt 0.96875 0.18941
vt 0.920603 0.501742
vt 0.96875 0.501912
vt 0.96875 -0.439068
vt 0.920603 -0.439242
vt 0.498264 0.857983
vt 0.498264 0.939581
vt 1.43924 0.954517
vt 1.43924 0.87292
vt 0.90625 0.501395
vt 0.920604 0.501739
vt 0.920604 0.523092
vt 0.920598 -0.460938
vt 0.920491 -0.439412
vt 0.90625 -0.439584
vt 0.920603 0.351219
vt 0.920719 0.32969
vt 0.90625 0.329517
vt 0.90625 0.189581
vt 0.920603 0.189239
vt 0.920564 0.210938
vt 1.46094 0.976563
vt 0.476563 0.960938
vt 0.476563 0.835938
vt 1.46094 0.851563
vt 1 1.37543
vt 0.992269 1.37508
vt 0.992269 0.38273
vt 1 0.383094
vt 0.992269 1.03134
vt 1 1.03169
vt 1 0.922142
vt 0.992085 0.921963
vt 0.99229 1.03906
vt 0.992269 1.03134
vt 0.97631 1.03152
vt 0.976548 1.03906
vt 0.461065 1.38289
vt 0.453341 1.3824
vt 0.469686 0.390074
vt 0.477412 0.390543
vt 0.992085 0.921963
vt 0.992269 0.914417
vt 0.976481 0.914417
vt 0.976481 0.921779
vt 0.453341 1.3824
vt 0.461065 1.38289
vt 0.477414 0.390372
vt 0.469687 0.390069
vt 0.976481 0.921779
vt 0.96875 0.922142
vt 0.96875 1.03169
vt 0.97631 1.03152
vt 0.976481 1.37508
vt 0.96875 1.37543
vt 0.96875 0.383094
vt 0.976665 0.382914
vt 0.578341 1.37459
vt 0.578222 1.38233
vt 0.468483 1.37547
vt 0.468788 1.36774
vt 0.992265 1.37506
vt 1 1.37472
vt 1 0.382372
vt 0.992446 0.382553
vt 0.992269 1.38245
vt 0.992265 1.37506
vt 0.976665 1.37482
vt 0.976485 1.38245
vt 0.594836 0.374519
vt 0.594698 0.382249
vt 0.485124 0.375409
vt 0.485434 0.367689
vt 0.992446 0.382553
vt 0.992271 0.375
vt 0.97649 0.375
vt 0.976481 0.38273
vt 0.578222 1.38233
vt 0.578341 1.37459
vt 0.468788 1.36774
vt 0.468654 1.37548
vt 0.96875 1.3747
vt 0.976665 1.37482
vt 0.976481 0.38273
vt 0.96875 0.382372
vt 0.594698 0.382256
vt 0.594835 0.374519
vt 0.485243 0.367669
vt 0.485124 0.375408
vt 0.250082 0.40625
vt 0.24996 0.413981
vt 0.140425 0.413981
vt 0.140544 0.40625
vt 0.992207 0.414061
vt 0.992266 0.406372
vt 0.97648 0.406372
vt 0.97648 0.413939
vt 1 0.414122
vt 0.992207 0.414061
vt 0.992269 1.39852
vt 1 1.39864
vt 0.249959 0.413979
vt 0.250082 0.40625
vt 0.140484 0.40625
vt 0.140424 0.413971
vt 0.97648 0.413939
vt 0.96875 0.414102
vt 0.96875 1.39864
vt 0.976422 1.39858
vt 0.234457 1.40625
vt 0.234576 1.39852
vt 0.125041 1.39852
vt 0.12498 1.40625
vt 0.976422 1.39858
vt 0.97648 1.40625
vt 0.992266 1.40625
vt 0.992269 1.39852
vt 1 0.140425
vt 0.992269 0.140544
vt 0.992269 0.250082
vt 1 0.24996
vt 0.976422 0.413921
vt 0.976425 0.40625
vt 0.99227 0.40625
vt 0.992269 0.41398
vt 0.140424 0.413971
vt 0.132693 0.413921
vt 0.11731 1.39846
vt 0.125041 1.39852
vt 0.976542 1.40613
vt 0.976542 1.39846
vt 0.992208 1.39846
vt 0.992269 1.40613
vt 0.976542 0.695292
vt 0.976542 0.687622
vt 0.992208 0.687622
vt 0.992208 0.695292
vt 0.812459 0.413979
vt 0.812521 0.40625
vt 0.702984 0.40625
vt 0.702924 0.413971
vt 0.820191 0.41404
vt 0.812459 0.413979
vt 0.797076 1.39852
vt 0.804808 1.39858
vt 0.976422 0.413921
vt 0.976425 0.40625
vt 0.99227 0.40625
vt 0.992269 0.41398
vt 0.702924 0.413971
vt 0.695193 0.413921
vt 0.67981 1.39846
vt 0.687541 1.39852
vt 0.976542 1.40613
vt 0.976542 1.39846
vt 0.992208 1.39846
vt 0.992269 1.40613
vt 0.687541 1.39852
vt 0.68748 1.40625
vt 0.797016 1.40625
vt 0.797076 1.39852
vt 0.976444 0.570313
vt 0.976422 0.577985
vt 0.992328 0.577985
vt 0.992336 0.570313
vt 0.992269 0.41398
vt 1 0.413861
vt 1 1.3984
vt 0.992208 1.39846
vt 0.992076 0.36708
vt 0.991699 0.374627
vt 0.977051 0.374627
vt 0.976481 0.367071
vt 0.473711 0.602253
vt 0.485124 0.375409
vt 0.468788 1.36774
vt 0.46873 0.904662
vt 0.991699 0.374627
vt 0.994531 0.6018
vt 0.989844 0.702759
vt 0.984375 0.585078
vt 0.992262 1.36744
vt 0.992436 1.375
vt 0.976484 1.375
vt 0.97648 1.36728
vt 0.994533 0.904455
vt 0.992262 1.36744
vt 0.978911 0.702915
vt 0.702924 0.413981
vt 0.703044 0.40625
vt 0.812521 0.40625
vt 0.81246 0.413981
vt 0.992269 0.41398
vt 1 0.413861
vt 1 1.3984
vt 0.992208 1.39846
vt 0.687419 1.40625
vt 0.687541 1.39852
vt 0.797076 1.39852
vt 0.797016 1.40625
vt 0.81246 0.413981
vt 0.820191 0.414042
vt 0.804808 1.39858
vt 0.797076 1.39852
vt 1 0.147194
vt 0.992269 0.147557
vt 0.992269 0.037989
vt 1 0.037643
vt 0.992269 0.375355
vt 0.992269 0.38273
vt 0.976665 0.382914
vt 0.976481 0.375355
vt 0.360255 0.375482
vt 0.360136 0.383221
vt 0.469687 0.390069
vt 0.469994 0.382341
vt 0.97631 0.037818
vt 0.976289 0.030273
vt 0.992202 0.030273
vt 0.992269 0.037989
vt 0.974217 0.601929
vt 0.977051 0.374627
vt 0.97648 1.36728
vt 0.968814 1.36759
vt 0.968813 0.374809
vt 0.974217 0.601929
vt 0.976481 0.586019
vt 0.96875 0.586138
vt 0.96875 0.476603
vt 0.976542 0.476542
vt 0.976422 0.413921
vt 0.976484 0.40625
vt 0.99227 0.40625
vt 0.992269 0.41398
vt 0.96875 0.413861
vt 0.976422 0.413921
vt 0.976481 1.39852
vt 0.96875 1.3984
vt 1 0.586138
vt 0.992269 0.586019
vt 0.992269 0.476481
vt 1 0.476603
vt 0.992269 0.41398
vt 1 0.413861
vt 1 1.3984
vt 0.992208 1.39846
vt 0.906292 1.39852
vt 0.906169 1.40625
vt 1.01577 1.40625
vt 1.01583 1.39853
vt 0.976481 1.40613
vt 0.976481 1.39852
vt 0.992208 1.39846
vt 0.992269 1.40613
vt 0.906169 1.40625
vt 0.906291 1.39852
vt 1.01583 1.39852
vt 1.01577 1.40625
vt 1.03894 0.41398
vt 1.03121 0.413981
vt 1.01583 1.39853
vt 1.02356 1.39858
vt 0.976542 0.476542
vt 0.976481 0.468871
vt 0.992269 0.468871
vt 0.992269 0.476481
vt 1.03121 0.413981
vt 1.03894 0.41398
vt 1.02356 1.39858
vt 1.01583 1.39852
vt 0.992324 1.40625
vt 0.992329 1.39856
vt 0.976421 1.39856
vt 0.976419 1.40625
vt 0.992269 1.03134
vt 0.992085 0.921963
vt 0.976481 0.921779
vt 0.97631 1.03152
vt 0.976665 1.37482
vt 0.992265 1.37506
vt 0.992446 0.382553
vt 0.976481 0.38273
vt 0.992207 0.414061
vt 0.97648 0.413939
vt 0.976422 1.39858
vt 0.992269 1.39852
vt 0.249959 0.413979
vt 0.140424 0.413971
vt 0.125041 1.39852
vt 0.234576 1.39852
vt 0.812459 0.413979
vt 0.702924 0.413971
vt 0.687541 1.39852
vt 0.797076 1.39852
vt 0.976542 1.39846
vt 0.976422 0.413921
vt 0.992269 0.41398
vt 0.992208 1.39846
vt 0.976542 0.250021
vt 0.992269 0.250082
vt 0.992269 0.140544
vt 0.976481 0.140544
vt 0.485124 0.375409
vt 0.594698 0.382249
vt 0.578341 1.37459
vt 0.468788 1.36774
vt 0.992269 0.41398
vt 0.992208 1.39846
vt 0.976542 1.39846
vt 0.976422 0.413921
vt 0.687541 1.39852
vt 0.702924 0.413981
vt 0.81246 0.413981
vt 0.797076 1.39852
vt 0.992269 0.38273
vt 0.992269 1.37508
vt 0.976481 1.37508
vt 0.976665 0.382914
vt 0.24996 0.413981
vt 0.234576 1.39852
vt 0.125041 1.39852
vt 0.140425 0.413981
vt 0.453341 1.3824
vt 0.469687 0.390069
vt 0.360136 0.383221
vt 0.34379 1.37555
vt 0.976422 0.804828
vt 0.976542 0.695292
vt 0.992208 0.695292
vt 0.992269 0.804769
vt 0.97648 1.36728
vt 0.976481 1.39852
vt 0.976422 0.413921
vt 0.992269 0.41398
vt 0.992208 1.39846
vt 0.97631 0.037818
vt 0.992269 0.037989
vt 0.992269 0.147557
vt 0.976481 0.147557
vt 0.360136 0.383226
vt 0.469686 0.390074
vt 0.453341 1.3824
vt 0.34379 1.37555
vt 0.976481 0.586019
vt 0.976542 0.476542
vt 0.992269 0.476481
vt 0.992269 0.586019
vt 1.03121 0.413981
vt 1.01583 1.39852
vt 0.906291 1.39852
vt 0.921674 0.413981
vt 0.578341 1.37459
vt 0.594698 0.382256
vt 0.485124 0.375408
vt 0.468788 1.36774
vt 0.976422 0.367328
vt 0.976481 0.257731
vt 0.992269 0.257731
vt 0.992269 0.367269
vt 0.906292 1.39852
vt 1.01583 1.39853
vt 1.03121 0.413981
vt 0.921674 0.413981
vt 0.992328 0.577985
vt 0.976422 0.577985
vt 0.976542 0.687521
vt 0.992269 0.687582
vt 0.992269 0.913007
vt 0.992076 1.02284
vt 0.976481 1.02303
vt 0.976481 0.913007
vt 0.976421 1.39856
vt 0.992329 1.39856
vt 0.992269 0.41398
vt 0.976481 0.41398
vt 0.976481 0.796779
vt 0.976481 0.906347
vt 0.99244 0.906518
vt 0.992269 0.796779
vt 0.992207 0.414061
vt 0.976543 0.414061
vt 0.976422 1.39858
vt 0.992328 1.39858
vt 0.976481 0.468832
vt 0.992269 0.468832
vt 0.992328 0.359235
vt 0.976422 0.359235
vt 0.976481 1.38287
vt 0.992265 1.38287
vt 0.992269 0.390543
vt 0.97631 0.390372
vt 1 1.03169
vt 0.992269 1.03134
vt 0.99229 1.03906
vt 0.992269 0.914417
vt 0.992085 0.921963
vt 1 0.922142
vt 0.96875 0.922142
vt 0.976481 0.921779
vt 0.976481 0.914417
vt 0.976548 1.03906
vt 0.97631 1.03152
vt 0.96875 1.03169
vt 1 1.37472
vt 0.992265 1.37506
vt 0.992269 1.38245
vt 0.992271 0.375
vt 0.992446 0.382553
vt 1 0.382372
vt 0.976485 1.38245
vt 0.976665 1.37482
vt 0.96875 1.3747
vt 0.96875 0.382372
vt 0.976481 0.38273
vt 0.97649 0.375
vt 0.992266 0.406372
vt 0.992207 0.414061
vt 1 0.414122
vt 0.96875 0.414102
vt 0.97648 0.413939
vt 0.97648 0.406372
vt 0.97648 1.40625
vt 0.976422 1.39858
vt 0.96875 1.39864
vt 1 1.39864
vt 0.992269 1.39852
vt 0.992266 1.40625
vt 0.132693 0.413921
vt 0.140424 0.413971
vt 0.140484 0.40625
vt 0.12498 1.40625
vt 0.125041 1.39852
vt 0.11731 1.39846
vt 0.812521 0.40625
vt 0.812459 0.413979
vt 0.820191 0.41404
vt 0.695193 0.413921
vt 0.702924 0.413971
vt 0.702984 0.40625
vt 0.68748 1.40625
vt 0.687541 1.39852
vt 0.67981 1.39846
vt 0.804808 1.39858
vt 0.797076 1.39852
vt 0.797016 1.40625
vt 1 0.413861
vt 0.992269 0.41398
vt 0.99227 0.40625
vt 0.992269 1.40613
vt 0.992208 1.39846
vt 1 1.3984
vt 0.485434 0.367689
vt 0.485124 0.375409
vt 0.47741 0.375115
vt 0.461064 1.36744
vt 0.468483 1.37547
vt 1 0.413861
vt 0.992269 0.41398
vt 0.99227 0.40625
vt 0.992269 1.40613
vt 0.992208 1.39846
vt 1 1.3984
vt 0.820191 0.414042
vt 0.81246 0.413981
vt 0.812521 0.40625
vt 0.797016 1.40625
vt 0.797076 1.39852
vt 0.804808 1.39858
vt 1 0.383094
vt 0.992269 0.38273
vt 0.992269 0.375355
vt 0.976481 0.375355
vt 0.976665 0.382914
vt 0.96875 0.383094
vt 0.469994 0.382341
vt 0.469687 0.390069
vt 0.477414 0.390372
vt 0.968814 1.36759
vt 0.97648 1.36728
vt 0.976484 1.375
vt 0.975435 0.510503
vt 0.977051 0.374627
vt 0.974217 0.601929
vt 0.968813 0.374809
vt 0.976484 0.40625
vt 0.976422 0.413921
vt 0.96875 0.413861
vt 1 0.413861
vt 0.992269 0.41398
vt 0.99227 0.40625
vt 0.96875 1.3984
vt 0.976481 1.39852
vt 0.976481 1.40613
vt 0.992269 1.40613
vt 0.992208 1.39846
vt 1 1.3984
vt 1 0.037643
vt 0.992269 0.037989
vt 0.992202 0.030273
vt 0.976481 0.468871
vt 0.976542 0.476542
vt 0.96875 0.476603
vt 1 0.476603
vt 0.992269 0.476481
vt 0.992269 0.468871
vt 1.01577 1.40625
vt 1.01583 1.39852
vt 1.02356 1.39858
vt 1.02356 1.39858
vt 1.01583 1.39853
vt 1.01577 1.40625
vt 0.87841 0.409667
vt 0.875 0.409714
vt 0.875 1.40289
vt 0.878384 1.40287
vt 0.878437 0.472187
vt 0.87841 0.468803
vt 0.90284 0.468803
vt 0.90284 0.47216
vt 0.875 0.472214
vt 0.878437 0.472187
vt 0.87841 0.59034
vt 0.875 0.590393
vt 1.0356 0.40966
vt 1.03901 0.40966
vt 1.02349 1.40287
vt 1.02008 1.40284
vt 0.90284 0.47216
vt 0.90625 0.472214
vt 0.90625 0.590393
vt 0.902866 0.590366
vt 0.875 0.409607
vt 0.87841 0.40966
vt 0.87841 1.40284
vt 0.875 1.40279
vt 0.878409 0.59375
vt 0.87841 0.59034
vt 0.902866 0.590366
vt 0.902828 0.59375
vt 0.91401 0.40966
vt 0.91742 0.40966
vt 0.901902 1.40284
vt 0.898492 1.40281
vt 0.902865 1.40625
vt 0.902866 1.40287
vt 0.878384 1.40287
vt 0.87841 1.40625
vt 1.02008 1.40284
vt 1.02006 1.40625
vt 0.901875 1.40625
vt 0.901902 1.40284
vt 0.902813 1.40281
vt 0.902813 1.4062
vt 0.87841 1.4062
vt 0.87841 1.40284
vt 0.875 0.473099
vt 0.87841 0.473153
vt 0.87841 0.354973
vt 0.875 0.35492
vt 0.87841 0.59034
vt 0.878437 0.472187
vt 0.90284 0.47216
vt 0.902866 0.590366
vt 1.0356 0.40966
vt 1.02008 1.40284
vt 0.901902 1.40284
vt 0.91742 0.40966
vt 0.90284 0.40966
vt 0.902813 1.40281
vt 0.87841 1.40284
vt 0.87841 0.40966
vt 0.90284 0.409667
vt 0.87841 0.409667
vt 0.878384 1.40287
vt 0.902866 1.40287
vt 0.87841 0.473153
vt 0.902813 0.473126
vt 0.902866 0.354947
vt 0.87841 0.354973
vt 0.901902 1.40285
vt 1.02008 1.40285
vt 1.0356 0.40966
vt 0.91742 0.40966
vt 0.87841 0.468803
vt 0.878437 0.472187
vt 0.875 0.472214
vt 0.90625 0.472214
vt 0.90284 0.47216
vt 0.90284 0.468803
vt 0.875 0.590393
vt 0.87841 0.59034
vt 0.878409 0.59375
vt 0.902828 0.59375
vt 0.902866 0.590366
vt 0.90625 0.590393
vt 1.02006 1.40625
vt 1.02008 1.40284
vt 1.02349 1.40287
vt 0.898492 1.40281
vt 0.901902 1.40284
vt 0.901875 1.40625
vt 0.875 1.40279
vt 0.87841 1.40284
vt 0.87841 1.4062
vt 0.87841 1.40625
vt 0.878384 1.40287
vt 0.875 1.40289
vt 0.340588 1.37851
vt 0.336013 1.37823
vt 0.352462 0.379691
vt 0.357038 0.379879
vt 0.901672 1.03449
vt 0.90625 1.0347
vt 0.90625 0.918847
vt 0.901563 0.918741
vt 0.90168 1.03906
vt 0.901672 1.03449
vt 0.879476 1.03459
vt 0.879623 1.03906
vt 0.461013 1.38604
vt 0.456439 1.38575
vt 0.472889 0.38712
vt 0.477465 0.387289
vt 0.901563 0.918741
vt 0.901672 0.914273
vt 0.879578 0.914273
vt 0.879578 0.918632
vt 0.875 1.38583
vt 0.879578 1.38604
vt 0.879577 0.387414
vt 0.875 0.387185
vt 0.879578 0.918632
vt 0.875 0.918847
vt 0.875 1.0347
vt 0.879476 1.03459
vt 0.879578 1.37823
vt 0.875 1.37844
vt 0.875 0.379793
vt 0.879687 0.379686
vt 0.901563 0.375215
vt 0.901563 0.379686
vt 0.879687 0.379686
vt 0.879578 0.37521
vt 0.357038 0.379879
vt 0.357217 0.3753
vt 0.47307 0.382541
vt 0.472889 0.38712
vt 0.901774 0.387293
vt 0.901775 0.382813
vt 0.879584 0.382813
vt 0.879577 0.387414
vt 0.875 0.034637
vt 0.879578 0.034842
vt 0.879578 0.150704
vt 0.875 0.150489
vt 0.901672 1.03449
vt 0.901563 0.918741
vt 0.879578 0.918632
vt 0.879476 1.03459
vt 0.357038 0.379879
vt 0.472889 0.38712
vt 0.456439 1.38575
vt 0.340588 1.37851
vt 0.901774 0.387293
vt 0.879577 0.387414
vt 0.879578 1.38604
vt 0.901672 1.38604
vt 0.879578 1.37823
vt 0.879687 0.379686
vt 0.901563 0.379686
vt 0.901672 1.37823
vt 0.901563 0.150595
vt 0.879578 0.150704
vt 0.879578 0.034842
vt 0.901774 0.034741
vt 0.456439 1.38575
vt 0.47289 0.387109
vt 0.357038 0.379868
vt 0.340588 1.37851
vt 0.90625 1.0347
vt 0.901672 1.03449
vt 0.90168 1.03906
vt 0.901672 0.914273
vt 0.901563 0.918741
vt 0.90625 0.918847
vt 0.875 0.918847
vt 0.879578 0.918632
vt 0.879578 0.914273
vt 0.879623 1.03906
vt 0.879476 1.03459
vt 0.875 1.0347
vt 0.357217 0.3753
vt 0.357038 0.379879
vt 0.352462 0.379691
vt 0.477465 0.387289
vt 0.472889 0.38712
vt 0.47307 0.382541
vt 0.875 0.387185
vt 0.879577 0.387414
vt 0.879584 0.382813
vt 0.879578 0.37521
vt 0.879687 0.379686
vt 0.875 0.379793
vt 0.463727 1.37242
vt 0.460983 1.37225
vt 0.477493 0.369995
vt 0.480231 0.370114
vt 0.903503 0.911321
vt 0.90625 0.911445
vt 0.90625 0.791933
vt 0.903438 0.79187
vt 0.903506 0.914063
vt 0.903503 0.911321
vt 0.877686 0.911383
vt 0.877776 0.914063
vt 0.585983 1.38006
vt 0.583239 1.37989
vt 0.599755 0.377576
vt 0.602495 0.377688
vt 0.903438 0.79187
vt 0.903503 0.789189
vt 0.877747 0.789189
vt 0.877747 0.791804
vt 0.875 1.37993
vt 0.877747 1.38006
vt 0.877747 0.377259
vt 0.875 0.377141
vt 0.877747 0.791804
vt 0.875 0.791933
vt 0.875 0.911445
vt 0.877686 0.911383
vt 0.877747 1.37225
vt 0.875 1.37238
vt 0.875 0.370058
vt 0.87781 0.369997
vt 0.90344 0.367312
vt 0.90344 0.369997
vt 0.87781 0.369997
vt 0.877747 0.367309
vt 0.480231 0.370114
vt 0.480337 0.36737
vt 0.599861 0.374833
vt 0.599755 0.377576
vt 0.903561 0.3772
vt 0.903558 0.374511
vt 0.877747 0.374511
vt 0.877747 0.377259
vt 0.599754 0.377578
vt 0.599802 0.374829
vt 0.480276 0.367359
vt 0.480233 0.370108
vt 0.903503 0.911321
vt 0.903438 0.79187
vt 0.877747 0.791804
vt 0.877686 0.911383
vt 0.480231 0.370114
vt 0.599755 0.377576
vt 0.583239 1.37989
vt 0.463727 1.37242
vt 0.903503 1.38006
vt 0.903561 0.3772
vt 0.877747 0.377259
vt 0.877747 1.38006
vt 0.877747 1.37225
vt 0.87781 0.369997
vt 0.90344 0.369997
vt 0.903503 1.37225
vt 0.583239 1.37989
vt 0.599754 0.377578
vt 0.480233 0.370108
vt 0.463727 1.37242
vt 0.90344 1.02796
vt 0.877747 1.02802
vt 0.877747 0.90802
vt 0.903561 0.907962
vt 0.90625 0.911445
vt 0.903503 0.911321
vt 0.903506 0.914063
vt 0.903503 0.789189
vt 0.903438 0.79187
vt 0.90625 0.791933
vt 0.875 0.791933
vt 0.877747 0.791804
vt 0.877747 0.789189
vt 0.877776 0.914063
vt 0.877686 0.911383
vt 0.875 0.911445
vt 0.480337 0.36737
vt 0.480231 0.370114
vt 0.477493 0.369995
vt 0.602495 0.377688
vt 0.599755 0.377576
vt 0.599861 0.374833
vt 0.875 0.377141
vt 0.877747 0.377259
vt 0.877747 0.374511
vt 0.877747 0.367309
vt 0.87781 0.369997
vt 0.875 0.370058
vt 0.912499 -0.429397
vt 0.91248 -0.437123
vt 0.962631 -0.437133
vt 0.962639 -0.429576
vt 1.4291 0.296851
vt 1.4294 0.288933
vt 0.468673 0.273562
vt 0.468364 0.281473
vt 1.43699 0.297148
vt 1.4291 0.296851
vt 1.42227 0.406012
vt 1.43017 0.406324
vt 0.912235 0.539063
vt 0.912215 0.531326
vt 0.962787 0.531326
vt 0.96265 0.539063
vt 0.468364 0.281473
vt 0.460455 0.281158
vt 0.453631 0.390349
vt 0.46154 0.390659
vt 0.912213 0.780408
vt 0.912196 0.788086
vt 0.962481 0.788086
vt 0.962648 0.78023
vt 1.42196 0.413939
vt 1.42227 0.406012
vt 0.46154 0.390659
vt 0.461229 0.398568
vt 0.912499 0.538771
vt 0.912499 0.546496
vt 0.962648 0.546505
vt 0.962648 0.538963
vt 0.460444 0.281336
vt 0.468364 0.281471
vt 0.46154 0.390659
vt 0.453619 0.39054
vt 0.96875 0.531512
vt 0.962787 0.531326
vt 0.962639 -0.429576
vt 0.96875 -0.42921
vt 0.96875 0.67182
vt 0.962649 0.671492
vt 0.962648 0.78023
vt 0.96875 0.780572
vt 0.96875 -0.422138
vt 0.962648 -0.421776
vt 0.962648 0.538963
vt 0.96875 0.538584
vt 1.42227 0.406012
vt 1.4291 0.296851
vt 0.468364 0.281473
vt 0.46154 0.390659
vt 0.962787 0.531326
vt 0.912215 0.531326
vt 0.912499 -0.429397
vt 0.962639 -0.429576
vt 0.962649 0.671492
vt 0.912499 0.672076
vt 0.912213 0.780408
vt 0.962648 0.78023
vt 0.912213 -0.421955
vt 0.912499 0.538771
vt 0.962648 0.538963
vt 0.962648 -0.421776
vt 0.468364 0.281471
vt 1.42909 0.296847
vt 1.42226 0.406025
vt 0.46154 0.390659
vt 0.962648 0.531335
vt 0.962648 0.64054
vt 0.912499 0.640349
vt 0.912215 0.531158
vt 1.4294 0.288933
vt 1.4291 0.296851
vt 1.43699 0.297148
vt 0.460455 0.281158
vt 0.468364 0.281473
vt 0.468673 0.273562
vt 1.43017 0.406324
vt 1.42227 0.406012
vt 1.42196 0.413939
vt 0.461229 0.398568
vt 0.46154 0.390659
vt 0.453631 0.390349
vt 0.96265 0.539063
vt 0.962787 0.531326
vt 0.96875 0.531512
vt 0.96875 -0.42921
vt 0.962639 -0.429576
vt 0.962631 -0.437133
vt 0.96875 0.780572
vt 0.962648 0.78023
vt 0.962481 0.788086
vt 0.96875 0.538584
vt 0.962648 0.538963
vt 0.962648 0.546505
vn 0.718068 0 0.695973
vn 0.718068 0 0.695973
vn 0.718068 0 0.695973
vn 0.718068 0 0.695973
vn 0.707016 0.707112 -0.011047
vn 0.707016 0.707112 -0.011047
vn 0.707016 0.707112 -0.011047
vn 0.707016 0.707112 -0.011047
vn 0.011047 0.707109 0.707018
vn 0.011047 0.707109 0.707018
vn 0.011047 0.707109 0.707018
vn 0.011047 0.707109 0.707018
vn 0.695972 0 -0.718069
vn 0.695972 0 -0.718069
vn 0.695972 0 -0.718069
vn 0.695972 0 -0.718069
vn -0.011047 0.707109 -0.707018
vn -0.011047 0.707109 -0.707018
vn -0.011047 0.707109 -0.707018
vn -0.011047 0.707109 -0.707018
vn -0.718068 0 -0.695973
vn -0.718068 0 -0.695973
vn -0.718068 0 -0.695973
vn -0.718068 0 -0.695973
vn -0.707026 0.707101 0.011047
vn -0.707026 0.707102 0.011047
vn -0.707026 0.707101 0.011047
vn -0.707026 0.707102 0.011047
vn -0.695972 0 0.718069
vn -0.695972 0 0.718069
vn -0.695972 0 0.718069
vn -0.695972 0 0.718069
vn -0.011047 -0.707106 -0.707022
vn -0.011047 -0.707106 -0.707022
vn -0.011047 -0.707106 -0.707022
vn -0.011047 -0.707106 -0.707022
vn 0.707016 -0.707112 -0.011047
vn 0.707016 -0.707112 -0.011047
vn 0.707016 -0.707112 -0.011047
vn 0.707016 -0.707112 -0.011047
vn 0.011047 -0.707106 0.707022
vn 0.011047 -0.707106 0.707022
vn 0.011047 -0.707106 0.707022
vn 0.011047 -0.707106 0.707022
vn -0.707026 -0.707101 0.011047
vn -0.707026 -0.707101 0.011047
vn -0.707026 -0.707101 0.011047
vn -0.707026 -0.707101 0.011047
vn 0 1 0
vn 0 1 0
vn 0 1 0
vn 0 1 0
vn 0.999878 0 -0.015623
vn 0.999878 0 -0.015623
vn 0.999878 0 -0.015623
vn 0.999878 0 -0.015623
vn 0.015623 0 0.999878
vn 0.015623 0 0.999878
vn 0.015623 0 0.999878
vn 0.015623 0 0.999878
vn -0.015623 0 -0.999878
vn -0.015623 0 -0.999878
vn -0.015623 0 -0.999878
vn -0.015623 0 -0.999878
vn -0.999878 0 0.015623
vn -0.999878 0 0.015623
vn -0.999878 0 0.015623
vn -0.999878 0 0.015623
vn 0 -1 0
vn 0 -1 0
vn 0 -1 0
vn 0 -1 0
vn 0.586312 0.577349 0.568248
vn 0.586312 0.577349 0.568248
vn 0.586312 0.577349 0.568248
vn 0.568248 0.577363 -0.586298
vn 0.568249 0.577363 -0.586298
vn 0.568248 0.577363 -0.586298
vn -0.586303 0.577354 -0.568253
vn -0.586303 0.577354 -0.568253
vn -0.586303 0.577354 -0.568253
vn -0.568262 0.577349 0.586299
vn -0.568262 0.577349 0.586298
vn -0.568262 0.577349 0.586299
vn 0.568249 -0.577364 -0.586297
vn 0.568249 -0.577364 -0.586297
vn 0.568249 -0.577364 -0.586297
vn 0.586309 -0.577346 0.568254
vn 0.586309 -0.577346 0.568254
vn 0.586309 -0.577346 0.568254
vn -0.56826 -0.577353 0.586297
vn -0.56826 -0.577353 0.586296
vn -0.56826 -0.577353 0.586296
vn -0.586301 -0.577345 -0.568264
vn -0.586301 -0.577345 -0.568264
vn -0.586301 -0.577345 -0.568264
vn 0.011047 0.707106 0.707022
vn 0.011047 0.707106 0.707022
vn 0.011047 0.707106 0.707022
vn 0.011047 0.707106 0.707022
vn 0.718068 0 0.695973
vn 0.718068 0 0.695973
vn 0.718068 0 0.695973
vn 0.718068 0 0.695973
vn 0.707016 0.707112 -0.011047
vn 0.707016 0.707112 -0.011047
vn 0.707016 0.707112 -0.011047
vn 0.707016 0.707112 -0.011047
vn 0.011047 -0.707106 0.707022
vn 0.011047 -0.707106 0.707022
vn 0.011047 -0.707106 0.707022
vn 0.011047 -0.707106 0.707022
vn 0.707016 -0.707112 -0.011047
vn 0.707016 -0.707112 -0.011047
vn 0.707016 -0.707112 -0.011047
vn 0.707016 -0.707112 -0.011047
vn -0.011047 -0.707106 -0.707022
vn -0.011047 -0.707106 -0.707022
vn -0.011047 -0.707106 -0.707022
vn -0.011047 -0.707106 -0.707022
vn 0.695976 0 -0.718065
vn 0.695976 0 -0.718065
vn 0.695976 0 -0.718065
vn 0.695976 0 -0.718065
vn -0.011047 0.707106 -0.707022
vn -0.011047 0.707106 -0.707022
vn -0.011047 0.707106 -0.707022
vn -0.011047 0.707106 -0.707022
vn -0.707019 0.707108 0.011047
vn -0.707019 0.707108 0.011047
vn -0.707019 0.707108 0.011047
vn -0.707019 0.707108 0.011047
vn -0.718068 0 -0.695973
vn -0.718068 0 -0.695973
vn -0.718068 0 -0.695973
vn -0.718068 0 -0.695973
vn -0.707019 -0.707108 0.011047
vn -0.707019 -0.707108 0.011047
vn -0.707019 -0.707108 0.011047
vn -0.707019 -0.707108 0.011047
vn -0.695972 0 0.718069
vn -0.695972 0 0.718069
vn -0.695972 0 0.718069
vn -0.695972 0 0.718069
vn 0.999878 0 -0.015623
vn 0.999878 0 -0.015623
vn 0.999878 0 -0.015623
vn 0.999878 0 -0.015623
vn -0.015623 0 -0.999878
vn -0.015623 0 -0.999878
vn -0.015623 0 -0.999878
vn -0.015623 0 -0.999878
vn -0.999878 0 0.015623
vn -0.999878 0 0.015623
vn -0.999878 0 0.015623
vn -0.999878 0 0.015623
vn 0.015623 0 0.999878
vn 0.015623 0 0.999878
vn 0.015623 0 0.999878
vn 0.015623 0 0.999878
vn 0 1 0
vn 0 1 0
vn 0 1 0
vn 0 1 0
vn 0 -1 0
vn 0 -1 0
vn 0 -1 0
vn 0 -1 0
vn 0.586309 0.577346 0.568254
vn 0.586309 0.577346 0.568254
vn 0.586309 0.577346 0.568254
vn 0.586309 -0.577346 0.568254
vn 0.586309 -0.577346 0.568254
vn 0.586309 -0.577346 0.568254
vn 0.568249 -0.577364 -0.586297
vn 0.568249 -0.577364 -0.586297
vn 0.568249 -0.577364 -0.586297
vn 0.568249 0.577364 -0.586297
vn 0.568249 0.577364 -0.586297
vn 0.568249 0.577364 -0.586297
vn -0.586303 0.577347 -0.56826
vn -0.586303 0.577347 -0.56826
vn -0.586303 0.577347 -0.56826
vn -0.586303 -0.577347 -0.56826
vn -0.586303 -0.577347 -0.56826
vn -0.586303 -0.577347 -0.56826
vn -0.568263 0.57735 0.586297
vn -0.568263 0.57735 0.586297
vn -0.568263 0.57735 0.586297
vn -0.568263 -0.57735 0.586297
vn -0.568263 -0.57735 0.586297
vn -0.568263 -0.57735 0.586297
vn -0.706329 0.707109 -0.033109
vn -0.706329 0.707109 -0.033109
vn -0.706329 0.707109 -0.033109
vn -0.706329 0.707109 -0.033109
vn 0.033109 0.707107 -0.706331
vn 0.033109 0.707107 -0.706331
vn 0.033109 0.707107 -0.706331
vn 0.033109 0.707107 -0.706331
vn -0.673224 0 -0.739439
vn -0.673224 0 -0.739439
vn -0.673224 0 -0.739439
vn -0.673224 0 -0.739439
vn 0.706329 0.707109 0.033109
vn 0.706329 0.707109 0.033109
vn 0.706329 0.707109 0.033109
vn 0.706329 0.707109 0.033109
vn 0.739444 0 -0.673218
vn 0.739444 0 -0.673218
vn 0.739444 0 -0.673218
vn 0.739444 0 -0.673218
vn -0.706329 -0.707109 -0.033109
vn -0.706329 -0.707109 -0.033109
vn -0.706329 -0.707109 -0.033109
vn -0.706329 -0.707109 -0.033109
vn 0.033109 -0.707107 -0.706331
vn 0.033109 -0.707107 -0.706331
vn 0.033109 -0.707107 -0.706331
vn 0.033109 -0.707107 -0.706331
vn 0.706329 -0.707109 0.033109
vn 0.706329 -0.707109 0.033109
vn 0.706329 -0.707109 0.033109
vn 0.706329 -0.707109 0.033109
vn -0.033109 0.70711 0.706329
vn -0.033109 0.70711 0.706329
vn -0.033109 0.70711 0.706329
vn -0.033109 0.70711 0.706329
vn -0.739439 0 0.673224
vn -0.739439 0 0.673224
vn -0.739439 0 0.673224
vn -0.739439 0 0.673224
vn -0.033109 -0.707107 0.706331
vn -0.033109 -0.707107 0.706331
vn -0.033109 -0.707107 0.706331
vn -0.033109 -0.707107 0.706331
vn 0.673217 0 0.739445
vn 0.673217 0 0.739445
vn 0.673217 0 0.739445
vn 0.673217 0 0.739445
vn 0.046824 0 -0.998903
vn 0.046824 0 -0.998903
vn 0.046824 0 -0.998903
vn 0.046824 0 -0.998903
vn -0.998903 0 -0.046824
vn -0.998903 0 -0.046824
vn -0.998903 0 -0.046824
vn -0.998903 0 -0.046824
vn -0.046824 0 0.998903
vn -0.046824 0 0.998903
vn -0.046824 0 0.998903
vn -0.046824 0 0.998903
vn 0.998903 0 0.046824
vn 0.998903 0 0.046824
vn 0.998903 0 0.046824
vn 0.998903 0 0.046824
vn 0 1 0
vn 0 1 0
vn 0 1 0
vn 0 1 0
vn 0 -1 0
vn 0 -1 0
vn 0 -1 0
vn 0 -1 0
vn -0.549689 0.577344 -0.603752
vn -0.549689 0.577344 -0.603752
vn -0.549689 0.577344 -0.603751
vn 0.603751 0.57735 -0.549683
vn 0.603751 0.57735 -0.549683
vn 0.603751 0.57735 -0.549683
vn -0.549689 -0.577344 -0.603751
vn -0.549689 -0.577344 -0.603751
vn -0.549689 -0.577344 -0.603752
vn 0.603751 -0.57735 -0.549683
vn 0.603751 -0.57735 -0.549683
vn 0.603751 -0.57735 -0.549683
vn -0.603738 0.577359 0.549688
vn -0.603738 0.577359 0.549688
vn -0.603738 0.577359 0.549688
vn -0.603738 -0.577359 0.549688
vn -0.603738 -0.577359 0.549688
vn -0.603738 -0.577359 0.549688
vn 0.549664 0.577363 0.603756
vn 0.549664 0.577363 0.603756
vn 0.549664 0.577363 0.603756
vn 0.549664 -0.577363 0.603756
vn 0.549664 -0.577363 0.603756
vn 0.549664 -0.577363 0.603756
vn 0.707027 -0.7071 -0.011047
vn 0.707027 -0.7071 -0.011047
vn 0.707027 -0.7071 -0.011047
vn 0.707027 -0.7071 -0.011047
vn 0.718065 0 0.695976
vn 0.718065 0 0.695976
vn 0.718065 0 0.695976
vn 0.718065 0 0.695976
vn 0.011047 -0.707106 0.707021
vn 0.011047 -0.707106 0.707021
vn 0.011047 -0.707106 0.707021
vn 0.011047 -0.707106 0.707021
vn 0.707027 0.7071 -0.011047
vn 0.707027 0.7071 -0.011047
vn 0.707027 0.7071 -0.011047
vn 0.707027 0.7071 -0.011047
vn 0.011047 0.707107 0.707021
vn 0.011047 0.707107 0.707021
vn 0.011047 0.707107 0.707021
vn 0.011047 0.707107 0.707021
vn -0.707019 -0.707109 0.011047
vn -0.707019 -0.707109 0.011047
vn -0.707019 -0.707109 0.011047
vn -0.707019 -0.707109 0.011047
vn -0.695974 0 0.718067
vn -0.695974 0 0.718067
vn -0.695974 0 0.718067
vn -0.695974 0 0.718067
vn -0.707019 0.707109 0.011047
vn -0.707019 0.707109 0.011047
vn -0.707019 0.707109 0.011047
vn -0.707019 0.707109 0.011047
vn -0.011047 -0.707107 -0.707021
vn -0.011047 -0.707107 -0.707021
vn -0.011047 -0.707107 -0.707021
vn -0.011047 -0.707107 -0.707021
vn 0.695971 0 -0.71807
vn 0.695971 0 -0.71807
vn 0.695971 0 -0.71807
vn 0.695971 0 -0.71807
vn -0.011047 0.707107 -0.707021
vn -0.011047 0.707107 -0.707021
vn -0.011047 0.707107 -0.707021
vn -0.011047 0.707107 -0.707021
vn -0.718068 0 -0.695973
vn -0.718068 0 -0.695973
vn -0.718068 0 -0.695973
vn -0.718068 0 -0.695973
vn 0.015623 0 0.999878
vn 0.015623 0 0.999878
vn 0.015623 0 0.999878
vn 0.015623 0 0.999878
vn 0.999878 0 -0.015623
vn 0.999878 0 -0.015623
vn 0.999878 0 -0.015623
vn 0.999878 0 -0.015623
vn -0.015623 0 -0.999878
vn -0.015623 0 -0.999878
vn -0.015623 0 -0.999878
vn -0.015623 0 -0.999878
vn -0.999878 0 0.015623
vn -0.999878 0 0.015623
vn -0.999878 0 0.015623
vn -0.999878 0 0.015623
vn 0 1 -0
vn 0 1 -0
vn 0 1 -0
vn 0 1 -0
vn 0 -1 0
vn 0 -1 0
vn 0 -1 0
vn 0 -1 0
vn 0.586297 -0.577343 0.56827
vn 0.586297 -0.577343 0.56827
vn 0.586297 -0.577343 0.56827
vn 0.586297 0.577343 0.56827
vn 0.586297 0.577343 0.56827
vn 0.586297 0.577343 0.56827
vn -0.568261 -0.577344 0.586305
vn -0.568261 -0.577344 0.586305
vn -0.568261 -0.577344 0.586305
vn -0.56826 0.577343 0.586307
vn -0.56826 0.577343 0.586307
vn -0.56826 0.577343 0.586307
vn 0.568256 -0.577349 -0.586304
vn 0.568256 -0.577349 -0.586304
vn 0.568256 -0.577349 -0.586304
vn 0.568256 0.577348 -0.586306
vn 0.568256 0.577348 -0.586306
vn 0.568256 0.577348 -0.586306
vn -0.586296 -0.577351 -0.568264
vn -0.586296 -0.577351 -0.568264
vn -0.586296 -0.577351 -0.568263
vn -0.586296 0.577351 -0.568264
vn -0.586296 0.577351 -0.568264
vn -0.586296 0.577351 -0.568264
vn 0.011047 0.707108 0.707019
vn 0.011047 0.707108 0.707019
vn 0.011047 0.707108 0.707019
vn 0.011047 0.707108 0.707019
vn 0.718068 0 0.695973
vn 0.718068 0 0.695973
vn 0.718068 0 0.695973
vn 0.718068 0 0.695973
vn 0.707021 0.707106 -0.011047
vn 0.707021 0.707106 -0.011047
vn 0.707021 0.707106 -0.011047
vn 0.707021 0.707106 -0.011047
vn 0.011047 -0.707108 0.707019
vn 0.011047 -0.707108 0.707019
vn 0.011047 -0.707108 0.707019
vn 0.011047 -0.707108 0.707019
vn 0.707021 -0.707106 -0.011047
vn 0.707021 -0.707106 -0.011047
vn 0.707021 -0.707106 -0.011047
vn 0.707021 -0.707106 -0.011047
vn -0.011047 -0.707107 -0.707021
vn -0.011047 -0.707107 -0.707021
vn -0.011047 -0.707107 -0.707021
vn -0.011047 -0.707107 -0.707021
vn 0.695971 0 -0.71807
vn 0.695971 0 -0.71807
vn 0.695971 0 -0.71807
vn 0.695971 0 -0.71807
vn -0.011047 0.707107 -0.707021
vn -0.011047 0.707107 -0.707021
vn -0.011047 0.707107 -0.707021
vn -0.011047 0.707107 -0.707021
vn -0.707019 -0.707109 0.011047
vn -0.707019 -0.707109 0.011047
vn -0.707019 -0.707109 0.011047
vn -0.707019 -0.707109 0.011047
vn -0.69597 0 0.718071
vn -0.69597 0 0.718071
vn -0.69597 0 0.718071
vn -0.69597 0 0.718071
vn -0.707019 0.707109 0.011047
vn -0.707019 0.707109 0.011047
vn -0.707019 0.707109 0.011047
vn -0.707019 0.707109 0.011047
vn -0.718074 0 -0.695966
vn -0.718074 0 -0.695966
vn -0.718074 0 -0.695966
vn -0.718074 0 -0.695966
vn 0.999878 0 -0.015623
vn 0.999878 0 -0.015623
vn 0.999878 0 -0.015623
vn 0.999878 0 -0.015623
vn 0.015623 0 0.999878
vn 0.015623 0 0.999878
vn 0.015623 0 0.999878
vn 0.015623 0 0.999878
vn -0.015623 0 -0.999878
vn -0.015623 0 -0.999878
vn -0.015623 0 -0.999878
vn -0.015623 0 -0.999878
vn -0.999878 0 0.015623
vn -0.999878 0 0.015623
vn -0.999878 0 0.015623
vn -0.999878 0 0.015623
vn 0 1 -0
vn 0 1 -0
vn 0 1 -0
vn 0 1 -0
vn 0 -1 0
vn 0 -1 0
vn 0 -1 0
vn 0 -1 0
vn 0.586299 0.57734 0.56827
vn 0.586299 0.57734 0.568271
vn 0.586299 0.57734 0.568271
vn 0.586299 -0.57734 0.568271
vn 0.586299 -0.57734 0.56827
vn 0.586299 -0.57734 0.568271
vn 0.568266 -0.57734 -0.586304
vn 0.568267 -0.57734 -0.586304
vn 0.568267 -0.57734 -0.586304
vn 0.568267 0.57734 -0.586303
vn 0.568267 0.57734 -0.586303
vn 0.568267 0.57734 -0.586303
vn -0.568258 -0.577351 0.586301
vn -0.568258 -0.577351 0.586301
vn -0.568258 -0.577351 0.586301
vn -0.568259 0.577351 0.5863
vn -0.568259 0.577351 0.5863
vn -0.568259 0.577351 0.5863
vn -0.586304 0.577345 -0.56826
vn -0.586304 0.577345 -0.56826
vn -0.586304 0.577345 -0.56826
vn -0.586304 -0.577345 -0.568261
vn -0.586304 -0.577345 -0.568261
vn -0.586304 -0.577345 -0.568261
vn -0.044112 0.70732 -0.705516
vn -0.044112 0.70732 -0.705516
vn -0.044112 0.70732 -0.705515
vn -0.044112 0.70732 -0.705516
vn -0.749358 0 -0.662165
vn -0.749358 0 -0.662165
vn -0.749358 0 -0.662165
vn -0.749358 0 -0.662165
vn -0.704682 0.708155 0.044043
vn -0.704682 0.708155 0.044043
vn -0.704682 0.708155 0.044043
vn -0.704682 0.708155 0.044043
vn -0.044099 -0.707246 -0.705591
vn -0.044099 -0.707246 -0.705591
vn -0.044099 -0.707246 -0.705591
vn -0.044099 -0.707246 -0.705591
vn 0 -1 0
vn 0 -1 0
vn 0 -1 0
vn 0 -1 0
vn -0.707008 -0.705766 0.045106
vn -0.812675 -0.580391 0.052011
vn -0.812676 -0.580391 0.052011
vn -0.812676 -0.580391 0.052011
vn -0.762713 0.646695 0.007368
vn -0.762732 0.646672 0.007352
vn -0.771579 0.636134 4.7e-05
vn -0.771579 0.636134 4.7e-05
vn 0 1 0
vn 0 1 0
vn 0 0 0
vn 0 1 0
vn 0 -1 0
vn 0 -1 0
vn 0 -1 0
vn 0 -1 0
vn 0 -1 0
vn 0 -1 0
vn 0 -1 0
vn 0 -1 0
vn 0.047452 -0.649074 0.759243
vn 0.047452 -0.649074 0.759243
vn 0.047452 -0.649075 0.759243
vn 0.047527 -0.649168 0.759159
vn -0.677999 -5e-06 0.735063
vn -0.677999 -5e-06 0.735063
vn -0.677999 -5e-06 0.735063
vn -0.677999 -5e-06 0.735063
vn 0.044098 0.707249 0.705588
vn 0.044098 0.707249 0.705588
vn 0.044098 0.707248 0.705588
vn 0.044098 0.707248 0.705588
vn 0.705771 -0.707066 -0.044111
vn 0.705771 -0.707066 -0.044111
vn 0.705771 -0.707066 -0.044111
vn 0.705771 -0.707066 -0.044111
vn 0.753102 0 0.657904
vn 0.753102 0 0.657904
vn 0.753102 0 0.657904
vn 0.753102 0 0.657904
vn 0.705834 0.707002 -0.044115
vn 0.705834 0.707002 -0.044115
vn 0.705834 0.707002 -0.044115
vn 0.705834 0.707002 -0.044115
vn 0.661883 0 -0.749607
vn 0.661883 0 -0.749607
vn 0.661883 0 -0.749607
vn 0.661883 0 -0.749607
vn -0.997984 -0.011696 0.062374
vn -0.997984 -0.011696 0.062374
vn -0.997984 -0.011696 0.062374
vn -0.997984 -0.011696 0.062374
vn -0.997984 -0.011696 0.062374
vn 0 -1 0
vn 0 -1 0
vn 0 -1 0
vn 0.062378 0 0.998053
vn 0.062378 0 0.998053
vn 0.062378 0 0.998053
vn 0.062378 0 0.998053
vn 0.998053 0 -0.062378
vn 0.998053 0 -0.062378
vn 0.998053 0 -0.062378
vn 0.998053 0 -0.062378
vn -0.062378 0 -0.998053
vn -0.062378 0 -0.998053
vn -0.062378 0 -0.998053
vn -0.062378 0 -0.998053
vn 0 1 0
vn 0 1 0
vn 0 1 0
vn 0 1 0
vn 0 1 0
vn 0 1 0
vn 0 1 0
vn 0 -1 0
vn 0 -1 0
vn -0.616143 0.571679 -0.541804
vn -0.616143 0.571679 -0.541804
vn -0.616143 0.571679 -0.541804
vn -0.707008 -0.705766 0.045106
vn -0.707008 -0.705766 0.045106
vn -0.714912 0.6978 0.044452
vn 0 -1 0
vn 0 -1 0
vn 0 -1 0
vn 0 -1 0
vn -0.733932 -0.675415 0.071821
vn -0.733932 -0.675415 0.071821
vn -0.733932 -0.675415 0.071821
vn -0.733932 -0.675415 0.071821
vn -0.534604 0.579154 0.615451
vn -0.534604 0.579154 0.615451
vn -0.534604 0.579154 0.615451
vn 0.139373 -0.753509 0.642494
vn 0.139373 -0.753509 0.642494
vn 0.618128 0.576341 0.534555
vn 0.618128 0.576341 0.534555
vn 0.618128 0.576341 0.534555
vn 0.53252 0.583236 -0.613399
vn 0.53252 0.583236 -0.613399
vn 0.53252 0.583236 -0.613399
vn 0.532754 -0.583492 -0.612952
vn 0.532754 -0.583492 -0.612952
vn 0.532754 -0.583492 -0.612952
vn 0.044108 0.707107 0.70573
vn 0.044108 0.707107 0.70573
vn 0.044108 0.707107 0.70573
vn 0.044108 0.707107 0.70573
vn -0.702951 0.711155 0.010867
vn -0.702951 0.711155 0.010867
vn -0.702951 0.711155 0.010867
vn -0.702951 0.711155 0.010867
vn -0.683751 -0.001465 0.729714
vn -0.683751 -0.001465 0.729714
vn -0.683751 -0.001465 0.729714
vn -0.683751 -0.001465 0.729714
vn -0.044248 0.707096 -0.705732
vn -0.044248 0.707096 -0.705732
vn -0.044248 0.707096 -0.705732
vn -0.044248 0.707096 -0.705732
vn -0.730395 -0.00132 -0.683024
vn -0.730395 -0.00132 -0.683024
vn -0.730395 -0.00132 -0.683024
vn -0.730395 -0.00132 -0.683024
vn -0.044227 -0.707118 -0.705711
vn -0.044227 -0.707118 -0.705711
vn -0.044227 -0.707118 -0.705711
vn -0.044227 -0.707118 -0.705711
vn -0.711294 -0.702808 0.011
vn -0.711294 -0.702808 0.011
vn -0.711294 -0.702808 0.011
vn -0.711294 -0.702808 0.011
vn 0.043062 -0.711123 0.701748
vn 0.043062 -0.711123 0.701748
vn 0.043062 -0.711123 0.701748
vn 0.043062 -0.711123 0.701748
vn 0.706754 0.707371 -0.011126
vn 0.706755 0.707371 -0.011126
vn 0.706755 0.707371 -0.011126
vn 0.706755 0.707371 -0.011126
vn 0.737843 0.001309 0.674971
vn 0.737843 0.001309 0.674971
vn 0.737843 0.001309 0.674971
vn 0.737843 0.001309 0.674971
vn 0.711458 -0.702639 -0.011243
vn 0.711458 -0.702639 -0.011243
vn 0.711458 -0.702639 -0.011243
vn 0.711458 -0.702639 -0.011243
vn 0.683437 -0.000817 -0.730009
vn 0.683437 -0.000817 -0.730009
vn 0.683437 -0.000817 -0.730009
vn 0.683437 -0.000817 -0.730009
vn -0.999883 1e-06 0.015332
vn -0.999883 1e-06 0.015332
vn -0.999882 1e-06 0.015332
vn -0.999883 1e-06 0.015332
vn 0.062377 -0 0.998053
vn 0.062377 -0 0.998053
vn 0.062377 -0 0.998053
vn 0.062377 -0 0.998053
vn 0.999877 0.00049 -0.015706
vn 0.999877 0.00049 -0.015706
vn 0.999877 0.00049 -0.015706
vn 0.999877 0.00049 -0.015706
vn -0.062561 -3.1e-05 -0.998041
vn -0.062561 -3.1e-05 -0.998041
vn -0.062561 -3.1e-05 -0.998041
vn -0.062561 -3.1e-05 -0.998041
vn 0 -1 -0
vn 0 -1 -0
vn 0 -1 -0
vn 0 -1 -0
vn 0 1 0
vn 0 1 0
vn 0 1 0
vn 0 1 0
vn -0.549757 0.587054 0.594252
vn -0.549757 0.587054 0.594252
vn -0.549757 0.587054 0.594252
vn -0.586734 0.577672 -0.567485
vn -0.586734 0.577672 -0.567485
vn -0.586734 0.577672 -0.567485
vn -0.603735 -0.568901 -0.558441
vn -0.603735 -0.568901 -0.558441
vn -0.603735 -0.568901 -0.558441
vn -0.569118 -0.577669 0.585152
vn -0.569118 -0.577669 0.585152
vn -0.569118 -0.577669 0.585152
vn 0.603761 0.568994 0.558317
vn 0.603761 0.568994 0.558317
vn 0.603761 0.568994 0.558317
vn 0.611365 -0.577664 0.540866
vn 0.611365 -0.577664 0.540866
vn 0.611365 -0.577664 0.540866
vn 0.548997 0.587561 -0.594453
vn 0.548997 0.587561 -0.594453
vn 0.548997 0.587561 -0.594453
vn 0.569136 -0.577275 -0.585524
vn 0.569136 -0.577275 -0.585524
vn 0.569136 -0.577275 -0.585524
vn 0.712695 0.001707 0.701472
vn 0.712695 0.001707 0.701472
vn 0.712695 0.001707 0.701472
vn 0.712695 0.001707 0.701472
vn 0 -0.707106 0.707107
vn 0 -0.707106 0.707107
vn 0 -0.707106 0.707107
vn 0 -0.707106 0.707107
vn 0.705628 -0.708495 -0.011136
vn 0.705628 -0.708495 -0.011136
vn 0.705628 -0.708495 -0.011136
vn 0.705628 -0.708495 -0.011136
vn -0.000754 -0.705693 -0.708518
vn -0.000754 -0.705693 -0.708518
vn -0.000754 -0.705692 -0.708518
vn -0.000754 -0.705693 -0.708518
vn 0.700087 -0.000817 -0.714057
vn 0.700087 -0.000817 -0.714057
vn 0.700087 -0.000817 -0.714057
vn 0.700087 -0.000817 -0.714057
vn -0.711273 0.000856 -0.702915
vn -0.711273 0.000856 -0.702915
vn -0.711273 0.000856 -0.702915
vn -0.711273 0.000856 -0.702915
vn -0.707018 -0.707107 0.011222
vn -0.707018 -0.707107 0.011223
vn -0.707018 -0.707107 0.011222
vn -0.707018 -0.707107 0.011223
vn -0.701473 -0.00164 0.712695
vn -0.701473 -0.00164 0.712695
vn -0.701473 -0.00164 0.712695
vn -0.701473 -0.00164 0.712695
vn 0.999874 0 -0.015871
vn 0.999874 0 -0.015871
vn 0.999874 0 -0.015871
vn 0.999874 0 -0.015871
vn -0 0 -1
vn -0 0 -1
vn -0 0 -1
vn -0 0 -1
vn 0 0 1
vn 0 0 1
vn 0 0 1
vn 0 0 1
vn -0.999874 0 0.015871
vn -0.999874 0 0.015871
vn -0.999874 0 0.015871
vn -0.999874 0 0.015871
vn 0 -1 -0
vn 0 -1 -0
vn 0 -1 -0
vn 0 -1 -0
vn 0.580332 -0.580477 0.571192
vn 0.580332 -0.580477 0.571192
vn 0.580332 -0.580477 0.571192
vn 0.568187 -0.577386 -0.586334
vn 0.568187 -0.577386 -0.586334
vn 0.568187 -0.577386 -0.586334
vn -0.577241 -0.577386 -0.577424
vn -0.577241 -0.577386 -0.577424
vn -0.577241 -0.577386 -0.577424
vn -0.574225 -0.574368 0.58341
vn -0.574225 -0.574368 0.58341
vn -0.574225 -0.574368 0.583411
vn 0 1 0
vn 0 1 0
vn 0 1 0
vn 0 1 0
vn 0.011646 0.707107 0.70701
vn 0.011646 0.707107 0.707011
vn 0.011646 0.707107 0.707011
vn 0.011646 0.707107 0.707011
vn -0.709917 0.702924 0.043779
vn -0.709917 0.702924 0.043779
vn -0.709917 0.702924 0.043779
vn -0.709917 0.702924 0.043779
vn -0.674763 0.003755 0.738025
vn -0.674763 0.003755 0.738025
vn -0.674763 0.003755 0.738025
vn -0.674763 0.003755 0.738025
vn -0.011646 0.707107 -0.707011
vn -0.011646 0.707107 -0.707011
vn -0.011646 0.707107 -0.707011
vn -0.011646 0.707107 -0.707011
vn -0.738645 0.004212 -0.674081
vn -0.738645 0.004212 -0.674081
vn -0.738645 0.004212 -0.674081
vn -0.738645 0.004212 -0.674081
vn -0.011643 -0.711044 -0.703051
vn -0.011643 -0.711044 -0.703051
vn -0.011643 -0.711044 -0.703051
vn -0.011643 -0.711044 -0.703051
vn -0.701806 -0.711051 0.043306
vn -0.701806 -0.711051 0.043306
vn -0.701806 -0.711051 0.043306
vn -0.701806 -0.711051 0.043306
vn 0.01178 -0.702915 0.711176
vn 0.01178 -0.702915 0.711176
vn 0.01178 -0.702915 0.711176
vn 0.01178 -0.702915 0.711176
vn -0.701805 0.711052 0.043306
vn -0.701805 0.711052 0.043306
vn -0.701805 0.711052 0.043306
vn -0.701805 0.711052 0.043306
vn -0.011643 0.711165 -0.702929
vn -0.011643 0.711165 -0.702929
vn -0.011643 0.711165 -0.702929
vn -0.011643 0.711165 -0.702929
vn -0.730195 -0.004213 -0.683226
vn -0.730195 -0.004213 -0.683226
vn -0.730195 -0.004213 -0.683226
vn -0.730195 -0.004213 -0.683226
vn 0.710042 0.702733 -0.0448
vn 0.710042 0.702733 -0.0448
vn 0.710042 0.702733 -0.0448
vn 0.710042 0.702733 -0.0448
vn 0.682131 -0.003867 -0.73122
vn 0.682131 -0.003867 -0.73122
vn 0.682131 -0.003867 -0.73122
vn 0.682131 -0.003867 -0.73122
vn -0.705729 -0.707107 0.044108
vn -0.705729 -0.707107 0.044108
vn -0.705729 -0.707107 0.044108
vn -0.705729 -0.707107 0.044108
vn -0.01178 -0.702915 -0.711176
vn -0.01178 -0.702915 -0.711176
vn -0.01178 -0.702915 -0.711176
vn -0.01178 -0.702915 -0.711176
vn 0.705667 -0.707105 -0.045136
vn 0.705667 -0.707105 -0.045136
vn 0.705667 -0.707105 -0.045136
vn 0.705667 -0.707105 -0.045136
vn 0.707105 0.707108 0
vn 0.707105 0.707108 0
vn 0.707105 0.707108 0
vn 0.707105 0.707108 0
vn 0.700131 0.001378 -0.714013
vn 0.700131 0.001378 -0.714013
vn 0.700131 0.001378 -0.714013
vn 0.700131 0.001378 -0.714013
vn -0.011047 0.705711 -0.708414
vn -0.011047 0.705711 -0.708414
vn -0.011047 0.705711 -0.708414
vn -0.011047 0.705711 -0.708414
vn 0.705735 -0.708476 -0.000193
vn 0.705735 -0.708476 -0.000193
vn 0.705735 -0.708476 -0.000193
vn 0.705735 -0.708476 -0.000193
vn -0.011004 -0.708473 -0.705652
vn -0.011004 -0.708473 -0.705652
vn -0.011004 -0.708473 -0.705652
vn -0.011004 -0.708473 -0.705652
vn -0.708498 -0.705713 0.000197
vn -0.708498 -0.705713 0.000197
vn -0.708498 -0.705713 0.000197
vn -0.708498 -0.705713 0.000197
vn -0.71394 0.001326 -0.700205
vn -0.71394 0.001326 -0.700205
vn -0.71394 0.001326 -0.700205
vn -0.71394 0.001326 -0.700205
vn -0.707107 0.707107 0
vn -0.707107 0.707107 0
vn -0.707107 0.707107 0
vn -0.707107 0.707107 0
vn 0.712606 0.002644 0.70156
vn 0.712606 0.002644 0.70156
vn 0.712606 0.002644 0.70156
vn 0.712606 0.002644 0.70156
vn 0.011004 -0.707074 0.707053
vn 0.011004 -0.707074 0.707053
vn 0.011004 -0.707074 0.707053
vn 0.011004 -0.707074 0.707053
vn -0.70014 -0.001389 0.714004
vn -0.70014 -0.001389 0.714004
vn -0.70014 -0.001389 0.714004
vn -0.70014 -0.001389 0.714004
vn 0.701562 0 -0.712608
vn 0.701562 0 -0.712608
vn 0.701562 0 -0.712608
vn 0.701562 0 -0.712608
vn 0.707134 -0.70708 -0.00039
vn 0.707134 -0.70708 -0.00039
vn 0.707134 -0.70708 -0.00039
vn 0.707134 -0.70708 -0.00039
vn -0.011004 -0.707074 -0.707054
vn -0.011004 -0.707074 -0.707054
vn -0.011004 -0.707074 -0.707054
vn -0.011004 -0.707074 -0.707054
vn 0.712607 0.002644 0.701559
vn 0.712607 0.002644 0.701559
vn 0.712607 0.002644 0.701559
vn 0.712606 0.002644 0.701559
vn 0.011004 -0.707075 0.707053
vn 0.011004 -0.707075 0.707053
vn 0.011004 -0.707075 0.707053
vn 0.011004 -0.707075 0.707053
vn -0.700139 -0.001389 0.714005
vn -0.700139 -0.001389 0.714005
vn -0.700139 -0.001389 0.714005
vn -0.700139 -0.001389 0.714005
vn -0.707138 -0.707075 0.00039
vn -0.707138 -0.707075 0.00039
vn -0.707138 -0.707075 0.00039
vn -0.707138 -0.707075 0.00039
vn -0.71261 0 -0.701561
vn -0.71261 0 -0.701561
vn -0.71261 0 -0.701561
vn -0.71261 0 -0.701561
vn 0.011047 0.705711 0.708414
vn 0.011047 0.705711 0.708414
vn 0.011047 0.705711 0.708414
vn 0.011047 0.705711 0.708414
vn 0.730403 0.004629 0.683001
vn 0.730403 0.004629 0.683001
vn 0.730403 0.004629 0.683001
vn 0.730403 0.004629 0.683001
vn 0.009552 0.814521 0.580056
vn 0.041013 0.692589 0.720166
vn -0.002658 0.708902 0.705302
vn 0.009393 0.81462 0.579919
vn 0.0159 -0.000134 0.999874
vn 0.016055 -0.004149 0.999862
vn 0.016354 -0.002289 0.999864
vn 0.016054 1e-06 0.999871
vn -0.678736 -0.007438 0.734345
vn -0.678736 -0.007438 0.734345
vn -0.678736 -0.007438 0.734345
vn -0.678736 -0.007438 0.734345
vn 0.016393 -0.00092 0.999865
vn 0.016389 0.002466 0.999863
vn 0.016385 0.001565 0.999865
vn 0.708495 0.705716 -0.000197
vn 0.708495 0.705716 -0.000197
vn 0.708495 0.705716 -0.000197
vn 0.708495 0.705716 -0.000197
vn 0.011047 0.705711 0.708414
vn 0.011047 0.705711 0.708414
vn 0.011047 0.705711 0.708414
vn 0.011047 0.705711 0.708414
vn -0.705737 0.708474 0.000193
vn -0.705737 0.708474 0.000193
vn -0.705737 0.708474 0.000193
vn -0.705737 0.708474 0.000193
vn -0.011004 0.707074 -0.707053
vn -0.011004 0.707074 -0.707053
vn -0.011004 0.707074 -0.707053
vn -0.011004 0.707074 -0.707054
vn 0.705733 0.707104 -0.044108
vn 0.705733 0.707104 -0.044108
vn 0.705733 0.707104 -0.044108
vn 0.705733 0.707104 -0.044108
vn 0.730197 -0.004211 0.683223
vn 0.730197 -0.004211 0.683223
vn 0.730197 -0.004211 0.683223
vn 0.730197 -0.004211 0.683223
vn 0.701805 -0.711052 -0.043306
vn 0.701805 -0.711052 -0.043306
vn 0.701805 -0.711052 -0.043306
vn 0.701805 -0.711052 -0.043306
vn 0.678653 0.007425 -0.734422
vn 0.678653 0.007425 -0.734422
vn 0.678652 0.007425 -0.734422
vn 0.678653 0.007425 -0.734422
vn 0.016072 0.004035 0.999863
vn 0.0159 0.000134 0.999874
vn 0.009477 -0.766692 0.641945
vn 0.009477 -0.766692 0.641945
vn 0.038938 -0.690991 0.721814
vn 0.009557 -0.766501 0.642172
vn 0.708498 -0.705713 -0.000197
vn 0.708498 -0.705713 -0.000197
vn 0.708498 -0.705713 -0.000197
vn 0.708498 -0.705713 -0.000197
vn 0.71394 0.001325 0.700205
vn 0.71394 0.001325 0.700205
vn 0.71394 0.001325 0.700205
vn 0.71394 0.001325 0.700205
vn 0.011004 -0.708473 0.705652
vn 0.011004 -0.708473 0.705652
vn 0.011004 -0.708473 0.705652
vn 0.011004 -0.708473 0.705652
vn 0.707105 0.707109 0
vn 0.707105 0.707108 0
vn 0.707105 0.707108 0
vn 0.707105 0.707108 0
vn 0.011047 0.705711 0.708414
vn 0.011047 0.705711 0.708414
vn 0.011047 0.705711 0.708414
vn 0.011047 0.705711 0.708414
vn -0.705735 -0.708476 0.000193
vn -0.705735 -0.708476 0.000193
vn -0.705735 -0.708476 0.000193
vn -0.705735 -0.708476 0.000193
vn -0.700129 0.00138 0.714015
vn -0.700129 0.00138 0.714015
vn -0.700129 0.00138 0.714015
vn -0.700129 0.00138 0.714015
vn -0.705735 0.708476 0.000193
vn -0.705735 0.708476 0.000193
vn -0.705735 0.708476 0.000193
vn -0.705735 0.708476 0.000193
vn -0.011004 -0.708473 -0.705652
vn -0.011004 -0.708473 -0.705652
vn -0.011004 -0.708473 -0.705652
vn -0.011004 -0.708473 -0.705652
vn 0.70299 -0.001378 -0.711199
vn 0.70299 -0.001378 -0.711199
vn 0.70299 -0.001378 -0.711199
vn 0.70299 -0.001378 -0.711199
vn -0.011004 0.708473 -0.705652
vn -0.011004 0.708473 -0.705652
vn -0.011004 0.708473 -0.705652
vn -0.011004 0.708473 -0.705652
vn -0.71261 0 -0.701561
vn -0.71261 0 -0.701561
vn -0.71261 0 -0.701561
vn -0.71261 0 -0.701561
vn -0.998053 -3e-06 0.062378
vn -0.998053 -3e-06 0.062378
vn -0.998053 -3e-06 0.062378
vn -0.998053 -3e-06 0.062378
vn -0.016471 -1e-06 -0.999864
vn -0.016471 -1e-06 -0.999864
vn -0.016471 -1e-06 -0.999864
vn -0.016471 -1e-06 -0.999864
vn -0.015623 -0 -0.999878
vn -0.015623 -0 -0.999878
vn -0.015623 -0 -0.999878
vn -0.015623 -0 -0.999878
vn 0 -1 0
vn 0 -1 0
vn 0 -1 0
vn 0 -1 0
vn 0 -1 0
vn 0 -1 0
vn 0 -1 0
vn 0 -1 0
vn 0.015623 -0 0.999878
vn 0.015623 -0 0.999878
vn 0.015623 -0 0.999878
vn 0.015623 -0 0.999878
vn -1 0 0
vn -1 0 0
vn -1 0 0
vn -1 0 0
vn 0 1 0
vn 0 1 0
vn 0 1 0
vn 0 1 0
vn 0.015623 0 0.999878
vn 0.015623 0 0.999878
vn 0.015623 0 0.999878
vn 0.015623 0 0.999878
vn 0 1 0
vn 0 1 0
vn 0 1 0
vn 0 1 0
vn 0.016471 -1e-06 0.999864
vn 0.016471 -1e-06 0.999864
vn 0.016471 -1e-06 0.999864
vn 0.016471 -1e-06 0.999864
vn 0 1 0
vn 0 1 0
vn 0 1 0
vn 0 1 0
vn 0 -1 -0
vn 0 -1 -0
vn 0 -1 -0
vn 0 -1 -0
vn 1 -1e-06 0
vn 1 -1e-06 0
vn 1 -1e-06 0
vn 1 -1e-06 0
vn 0.016389 0.002505 0.999863
vn 0.015623 -0 0.999878
vn 0.015623 -0 0.999878
vn 0.015623 -0 0.999878
vn 0.015623 -0 0.999878
vn 0.998053 0 -0.062379
vn 0.998053 0 -0.062379
vn 0.998053 0 -0.062379
vn 0.998053 0 -0.062379
vn 0 1 0
vn 0 1 0
vn 0 1 0
vn 0 1 0
vn 1 0 0
vn 1 0 0
vn 1 0 0
vn 1 0 0
vn 0 1 0
vn 0 1 0
vn 0 1 0
vn 0 1 0
vn 0 -1 0
vn 0 -1 0
vn 0 -1 0
vn 0 -1 0
vn 1 -1e-06 0
vn 1 -1e-06 0
vn 1 -1e-06 0
vn 1 -1e-06 0
vn 0 -1 0
vn 0 -1 0
vn 0 -1 0
vn 0 -1 0
vn -1 -2e-06 0
vn -1 -2e-06 0
vn -1 -2e-06 0
vn -1 -2e-06 0
vn 0.997961 0 -0.063832
vn 0.997961 0 -0.063832
vn 0.997961 0 -0.063832
vn 0.997961 0 -0.063832
vn -0.015623 0 -0.999878
vn -0.015623 0 -0.999878
vn -0.015623 0 -0.999878
vn -0.015623 0 -0.999878
vn -0.998053 2e-06 0.062378
vn -0.998053 2e-06 0.062378
vn -0.998053 2e-06 0.062378
vn -0.998053 2e-06 0.062378
vn -0.015623 0 -0.999878
vn -0.015623 0 -0.999878
vn -0.015623 0 -0.999878
vn -0.015623 0 -0.999878
vn -1 0 0
vn -1 0 0
vn -1 0 0
vn -1 0 0
vn -0.016471 0 -0.999864
vn -0.016471 0 -0.999864
vn -0.016471 0 -0.999864
vn -0.016471 0 -0.999864
vn -0.55804 0.569117 0.603901
vn -0.558041 0.569117 0.603901
vn -0.558041 0.569117 0.603901
vn -0.612818 0.577656 -0.539228
vn -0.612818 0.577656 -0.539228
vn -0.612818 0.577656 -0.539228
vn -0.594699 -0.586804 -0.54954
vn -0.594699 -0.586804 -0.54954
vn -0.594699 -0.586804 -0.54954
vn -0.540844 -0.577657 0.611392
vn -0.540844 -0.577657 0.611392
vn -0.540844 -0.577657 0.611392
vn -0.594699 0.586805 -0.549539
vn -0.594699 0.586805 -0.549539
vn -0.594699 0.586805 -0.549539
vn 0.566812 0.577677 -0.587379
vn 0.566812 0.577677 -0.587379
vn 0.566812 0.577677 -0.587379
vn -0.585845 -0.577652 -0.568423
vn -0.585845 -0.577652 -0.568423
vn -0.585845 -0.577652 -0.568423
vn 0.557715 -0.568878 -0.604427
vn 0.557715 -0.568878 -0.604427
vn 0.557715 -0.568878 -0.604427
vn 0.568152 0.577388 -0.586367
vn 0.568152 0.577388 -0.586367
vn 0.568152 0.577388 -0.586367
vn 0.57129 -0.580426 -0.580288
vn 0.57129 -0.580426 -0.580288
vn 0.57129 -0.580426 -0.580288
vn -0.5862 -0.577381 -0.568332
vn -0.5862 -0.577381 -0.568332
vn -0.5862 -0.577381 -0.568332
vn -0.583318 0.574412 -0.574274
vn -0.583318 0.574412 -0.574274
vn -0.583318 0.574412 -0.574274
vn 0.580322 -0.580356 0.571325
vn 0.580323 -0.580356 0.571325
vn 0.580323 -0.580356 0.571325
vn -0.574307 -0.574346 0.58335
vn -0.574307 -0.574346 0.583351
vn -0.574307 -0.574346 0.583351
vn 0.574306 -0.57435 -0.583348
vn 0.574306 -0.57435 -0.583348
vn 0.574306 -0.57435 -0.583348
vn 0.580321 -0.580357 0.571326
vn 0.580321 -0.580357 0.571326
vn 0.580321 -0.580357 0.571326
vn -0.574309 -0.574345 0.583349
vn -0.574309 -0.574345 0.583349
vn -0.574309 -0.574345 0.583349
vn -0.580326 -0.580351 -0.571326
vn -0.580326 -0.580351 -0.571326
vn -0.580326 -0.580351 -0.571326
vn 0.583316 0.574415 0.574273
vn 0.583317 0.574415 0.574273
vn 0.583317 0.574415 0.574273
vn -0.56815 0.577388 0.586369
vn -0.56815 0.577388 0.586369
vn -0.56815 0.577388 0.586369
vn 0.043539 0.681451 0.730568
vn 0.041013 0.692589 0.720166
vn 0.043539 0.681451 0.730568
vn -0.002905 0.706525 0.707682
vn -0.002905 0.706525 0.707682
vn 0.583315 0.574416 0.574273
vn 0.583315 0.574416 0.574273
vn 0.583315 0.574416 0.574273
vn -0.568148 0.577389 0.58637
vn -0.568148 0.577389 0.58637
vn -0.568148 0.577389 0.58637
vn 0.574306 0.57435 -0.583348
vn 0.574306 0.57435 -0.583348
vn 0.574306 0.57435 -0.583348
vn -0.580326 0.580351 -0.571326
vn -0.580326 0.580351 -0.571326
vn -0.580326 0.580351 -0.571326
vn 0.594697 0.586807 0.549539
vn 0.594697 0.586807 0.549539
vn 0.594697 0.586807 0.549539
vn 0.585844 -0.577651 0.568424
vn 0.585844 -0.577651 0.568424
vn 0.585844 -0.577651 0.568424
vn 0.549847 -0.586183 -0.595028
vn 0.549847 -0.586183 -0.595028
vn 0.549847 -0.586183 -0.595028
vn -0.558116 -0.569082 0.603864
vn -0.558116 -0.569082 0.603864
vn -0.558116 -0.569082 0.603864
vn 0.042384 -0.681461 0.730626
vn 0.042384 -0.681461 0.730626
vn 0.009557 -0.766501 0.642172
vn 0.038938 -0.690991 0.721814
vn 0.586199 -0.57738 0.568333
vn 0.586199 -0.57738 0.568333
vn 0.586199 -0.57738 0.568333
vn 0.583317 0.574415 0.574272
vn 0.583317 0.574415 0.574272
vn 0.583317 0.574415 0.574272
vn -0.57129 -0.580428 0.580286
vn -0.57129 -0.580428 0.580286
vn -0.57129 -0.580428 0.580286
vn -0.56815 0.577388 0.586369
vn -0.56815 0.577388 0.586369
vn -0.56815 0.577388 0.586369
vn 0.558044 0.569117 -0.603898
vn 0.558044 0.569117 -0.603898
vn 0.558044 0.569117 -0.603898
vn 0.577425 -0.57738 -0.577246
vn 0.577425 -0.57738 -0.577246
vn 0.577425 -0.57738 -0.577246
vn 0.571292 0.580423 -0.580288
vn 0.571292 0.580423 -0.580288
vn 0.571293 0.580423 -0.580288
vn -0.580323 0.580355 -0.571326
vn -0.580323 0.580355 -0.571326
vn -0.580323 0.580355 -0.571326
vn -0.580323 -0.580355 -0.571326
vn -0.580323 -0.580355 -0.571326
vn -0.580323 -0.580355 -0.571326
vn -0.011016 -0.708474 -0.705651
vn -0.011016 -0.708474 -0.705651
vn -0.011016 -0.708474 -0.705651
vn -0.011016 -0.708474 -0.705651
vn 0.702986 -0.000392 -0.711203
vn 0.702986 -0.000392 -0.711203
vn 0.702986 -0.000392 -0.711203
vn 0.702986 -0.000392 -0.711203
vn 0.708496 -0.705714 -8.1e-05
vn 0.708496 -0.705715 -8.1e-05
vn 0.708496 -0.705715 -8.1e-05
vn 0.708496 -0.705714 -8.1e-05
vn -0.011016 0.708472 -0.705653
vn -0.011016 0.708472 -0.705653
vn -0.011016 0.708472 -0.705653
vn -0.011016 0.708472 -0.705653
vn 0.705736 0.708475 -7.9e-05
vn 0.705736 0.708475 -7.9e-05
vn 0.705736 0.708475 -7.9e-05
vn 0.705736 0.708475 -7.9e-05
vn 0.011047 -0.707107 0.70702
vn 0.011047 -0.707107 0.70702
vn 0.011047 -0.707107 0.70702
vn 0.011047 -0.707107 0.70702
vn 0.711271 -0.000379 0.702918
vn 0.711271 -0.000379 0.702918
vn 0.711271 -0.000379 0.702918
vn 0.711271 -0.000379 0.702918
vn 0.011059 0.705712 0.708413
vn 0.011059 0.705712 0.708413
vn 0.011059 0.705712 0.708413
vn 0.011059 0.705712 0.708413
vn -0.713949 -0.000377 -0.700198
vn -0.713949 -0.000377 -0.700197
vn -0.713949 -0.000377 -0.700198
vn -0.713949 -0.000377 -0.700197
vn -0.707139 0.707075 0.000159
vn -0.707139 0.707075 0.000159
vn -0.707139 0.707075 0.000159
vn -0.707139 0.707075 0.000159
vn -0.701562 0.000788 0.712608
vn -0.701562 0.000788 0.712608
vn -0.701562 0.000788 0.712608
vn -0.701562 0.000788 0.712608
vn -0.707108 -0.707106 0
vn -0.707108 -0.707106 0
vn -0.707108 -0.707106 0
vn -0.707108 -0.707106 0
vn 1 -2e-06 0
vn 1 -2e-06 0
vn 1 -2e-06 0
vn 1 -2e-06 0
vn 0 1 0
vn 0 1 0
vn 0 1 0
vn 0 1 0
vn 0.015623 -0 0.999878
vn 0.015623 -0 0.999878
vn 0.015623 -0 0.999878
vn 0.015623 -0 0.999878
vn -0.015623 0 -0.999878
vn -0.015623 0 -0.999878
vn -0.015623 0 -0.999878
vn -0.015623 0 -0.999878
vn -1 0 0
vn -1 0 0
vn -1 0 0
vn -1 0 0
vn 0 -1 0
vn 0 -1 0
vn 0 -1 0
vn 0 -1 0
vn 0.577422 -0.577382 -0.577247
vn 0.577422 -0.577382 -0.577247
vn 0.577422 -0.577382 -0.577247
vn 0.571296 0.580408 -0.580299
vn 0.571296 0.580408 -0.580299
vn 0.571296 0.580408 -0.580299
vn 0.583323 -0.574394 0.574286
vn 0.583323 -0.574394 0.574286
vn 0.583323 -0.574394 0.574286
vn 0.577427 0.577369 0.577255
vn 0.577427 0.577369 0.577255
vn 0.577427 0.577369 0.577255
vn -0.580326 0.580348 -0.571329
vn -0.580326 0.580348 -0.571329
vn -0.580326 0.580348 -0.571329
vn -0.574308 0.574342 0.583354
vn -0.574308 0.574342 0.583354
vn -0.574308 0.574342 0.583354
vn -0.57129 -0.58043 0.580283
vn -0.57129 -0.58043 0.580283
vn -0.57129 -0.58043 0.580283
vn -0.586199 -0.577379 -0.568334
vn -0.586199 -0.577379 -0.568334
vn -0.586199 -0.577379 -0.568334
vn 0.011753 0.702915 0.711177
vn 0.011753 0.702915 0.711177
vn 0.011753 0.702915 0.711177
vn 0.011753 0.702914 0.711177
vn -0.709902 0.702922 0.044038
vn -0.709902 0.702922 0.044038
vn -0.709902 0.702922 0.044038
vn -0.709902 0.702922 0.044038
vn -0.674755 0.001594 0.73804
vn -0.674755 0.001594 0.73804
vn -0.674755 0.001594 0.73804
vn -0.674755 0.001594 0.73804
vn -0.011617 0.711043 -0.703053
vn -0.011617 0.711043 -0.703053
vn -0.011617 0.711043 -0.703053
vn -0.011617 0.711043 -0.703053
vn -0.738633 0.001776 -0.674105
vn -0.738633 0.001776 -0.674105
vn -0.738633 0.001776 -0.674105
vn -0.738633 0.001776 -0.674105
vn -0.011647 -0.707106 -0.707012
vn -0.011647 -0.707106 -0.707012
vn -0.011647 -0.707106 -0.707012
vn -0.011647 -0.707106 -0.707012
vn -0.701792 -0.71105 0.04355
vn -0.701792 -0.71105 0.04355
vn -0.701792 -0.71105 0.04355
vn -0.701792 -0.71105 0.04355
vn 0.011753 -0.702914 0.711178
vn 0.011753 -0.702914 0.711178
vn 0.011753 -0.702914 0.711178
vn 0.011753 -0.702914 0.711178
vn 0.73028 0.001806 0.683146
vn 0.73028 0.001806 0.683146
vn 0.73028 0.001806 0.683146
vn 0.73028 0.001806 0.683146
vn 0.70604 0.706835 -0.043485
vn 0.70604 0.706835 -0.043485
vn 0.70604 0.706835 -0.043485
vn 0.70604 0.706835 -0.043485
vn 0.678667 -0.003163 -0.734439
vn 0.678667 -0.003163 -0.734439
vn 0.678667 -0.003163 -0.734439
vn 0.678667 -0.003163 -0.734439
vn 0.705734 -0.707102 -0.044109
vn 0.705734 -0.707102 -0.044109
vn 0.705734 -0.707102 -0.044109
vn 0.705734 -0.707102 -0.044109
vn -0.998053 1e-06 0.062378
vn -0.998053 1e-06 0.062378
vn -0.998053 1e-06 0.062378
vn -0.998053 1e-06 0.062378
vn 0 1 0
vn 0 1 0
vn 0 1 0
vn 0 1 0
vn -0.016471 0 -0.999864
vn -0.016471 0 -0.999864
vn -0.016471 0 -0.999864
vn -0.016471 0 -0.999864
vn 0.016471 0 0.999864
vn 0.016471 0 0.999864
vn 0.016471 0 0.999864
vn 0.016471 0 0.999864
vn 0.998053 -3e-06 -0.062378
vn 0.998053 -3e-06 -0.062378
vn 0.998053 -3e-06 -0.062378
vn 0.998053 -3e-06 -0.062378
vn 0 -1 0
vn 0 -1 0
vn 0 -1 0
vn 0 -1 0
vn -0.55804 0.569112 0.603907
vn -0.55804 0.569112 0.603906
vn -0.55804 0.569112 0.603907
vn -0.612826 0.577648 -0.539228
vn -0.612826 0.577648 -0.539228
vn -0.612826 0.577648 -0.539228
vn -0.594704 -0.586799 -0.549541
vn -0.594704 -0.586799 -0.549541
vn -0.594704 -0.586799 -0.549541
vn -0.540841 -0.577656 0.611396
vn -0.540841 -0.577656 0.611396
vn -0.540841 -0.577656 0.611396
vn 0.604205 0.56851 0.55833
vn 0.604205 0.56851 0.558331
vn 0.604205 0.56851 0.55833
vn 0.549836 0.586192 -0.595029
vn 0.549836 0.586192 -0.595029
vn 0.549836 0.586192 -0.595029
vn 0.55805 -0.569105 -0.603904
vn 0.55805 -0.569105 -0.603904
vn 0.55805 -0.569105 -0.603904
vn 0.585847 -0.577649 0.568424
vn 0.585847 -0.577649 0.568424
vn 0.585847 -0.577649 0.568424
vn 0.011562 0.703084 0.711012
vn 0.011562 0.703084 0.711012
vn 0.011562 0.703084 0.711012
vn 0.011562 0.703084 0.711012
vn -0.709901 0.702914 0.044177
vn -0.709902 0.702914 0.044177
vn -0.709902 0.702914 0.044177
vn -0.709902 0.702914 0.044177
vn -0.674825 0.000826 0.737978
vn -0.674825 0.000826 0.737978
vn -0.674825 0.000826 0.737978
vn -0.674825 0.000826 0.737978
vn -0.011602 0.710872 -0.703225
vn -0.011602 0.710872 -0.703225
vn -0.011602 0.710872 -0.703225
vn -0.011602 0.710872 -0.703225
vn -0.738635 0.000913 -0.674105
vn -0.738635 0.000913 -0.674105
vn -0.738635 0.000913 -0.674105
vn -0.738635 0.000913 -0.674105
vn -0.011644 -0.707107 -0.707011
vn -0.011644 -0.707107 -0.707011
vn -0.011644 -0.707107 -0.707011
vn -0.011644 -0.707107 -0.707011
vn -0.701769 -0.711064 0.043678
vn -0.701769 -0.711064 0.043678
vn -0.701769 -0.711064 0.043678
vn -0.701769 -0.711064 0.043678
vn 0.011562 -0.703086 0.711011
vn 0.011562 -0.703086 0.711011
vn 0.011562 -0.703086 0.711011
vn 0.011562 -0.703086 0.711011
vn 0.729675 0.000887 0.683793
vn 0.729675 0.000887 0.683793
vn 0.729675 0.000887 0.683793
vn 0.729675 0.000887 0.683793
vn 0.706104 0.706843 -0.042312
vn 0.706104 0.706843 -0.042312
vn 0.706104 0.706843 -0.042312
vn 0.706104 0.706843 -0.042312
vn 0.679425 -0.001563 -0.733743
vn 0.679425 -0.001563 -0.733743
vn 0.679425 -0.001563 -0.733743
vn 0.679425 -0.001563 -0.733743
vn 0.705816 -0.70711 -0.042652
vn 0.705816 -0.70711 -0.042652
vn 0.705816 -0.70711 -0.042652
vn 0.705816 -0.70711 -0.042652
vn -0.998053 0 0.062378
vn -0.998053 0 0.062378
vn -0.998053 0 0.062378
vn -0.998053 0 0.062378
vn 0 1 0
vn 0 1 0
vn 0 1 0
vn 0 1 0
vn -0.016467 -0 -0.999864
vn -0.016467 -0 -0.999865
vn -0.016467 -0 -0.999864
vn -0.016467 -0 -0.999864
vn 0.016228 0 0.999868
vn 0.016228 0 0.999868
vn 0.016228 0 0.999868
vn 0.016228 0 0.999868
vn 0 -1 -0
vn 0 -1 -0
vn 0 -1 -0
vn 0 -1 -0
vn 0.998179 0 -0.060319
vn 0.998179 0 -0.060319
vn 0.998179 0 -0.060319
vn 0.998179 0 -0.060319
vn -0.55814 0.569068 0.603856
vn -0.55814 0.569068 0.603856
vn -0.55814 0.569068 0.603856
vn -0.612832 0.577648 -0.539222
vn -0.612832 0.577648 -0.539222
vn -0.612832 0.577648 -0.539222
vn -0.594705 -0.5868 -0.549537
vn -0.594705 -0.5868 -0.549537
vn -0.594705 -0.5868 -0.549537
vn -0.540842 -0.577666 0.611385
vn -0.540842 -0.577666 0.611385
vn -0.540842 -0.577666 0.611385
vn 0.603388 0.568859 0.558859
vn 0.603388 0.568859 0.558858
vn 0.603388 0.568859 0.558859
vn 0.550638 0.585799 -0.594674
vn 0.550638 0.585799 -0.594674
vn 0.550638 0.585798 -0.594674
vn 0.558501 -0.569454 -0.603157
vn 0.558501 -0.569454 -0.603157
vn 0.558501 -0.569454 -0.603157
vn 0.585783 -0.577632 0.568506
vn 0.585783 -0.577632 0.568506
vn 0.585783 -0.577632 0.568506
vn 0.679151 -0.004101 -0.733987
vn 0.679151 -0.004101 -0.733987
vn 0.679151 -0.004101 -0.733987
vn 0.679151 -0.004101 -0.733987
vn 0.707034 -0.707087 -0.011435
vn 0.707034 -0.707087 -0.011435
vn 0.707034 -0.707087 -0.011435
vn 0.707034 -0.707087 -0.011435
vn -0.043094 -0.70656 -0.70634
vn -0.043094 -0.70656 -0.70634
vn -0.043094 -0.70656 -0.70634
vn -0.043094 -0.70656 -0.70634
vn 0.730508 0.000914 0.682903
vn 0.730508 0.000914 0.682903
vn 0.730508 0.000914 0.682903
vn 0.730508 0.000914 0.682903
vn 0.042937 -0.706802 0.706107
vn 0.042937 -0.706802 0.706107
vn 0.042937 -0.706802 0.706107
vn 0.042937 -0.706802 0.706107
vn -0.734202 0.001897 -0.678929
vn -0.734202 0.001897 -0.678929
vn -0.734202 0.001897 -0.678929
vn -0.734202 0.001897 -0.678929
vn -0.707294 -0.706831 0.011217
vn -0.707294 -0.706831 0.011217
vn -0.707294 -0.706831 0.011217
vn -0.707294 -0.706831 0.011217
vn -0.678964 -0.002132 0.734168
vn -0.678965 -0.002132 0.734168
vn -0.678965 -0.002132 0.734168
vn -0.678965 -0.002132 0.734168
vn 0.044108 0.707107 0.70573
vn 0.044108 0.707107 0.70573
vn 0.044108 0.707107 0.70573
vn 0.044108 0.707107 0.70573
vn 0.703822 0.710289 -0.011164
vn 0.703822 0.710289 -0.011164
vn 0.703822 0.710289 -0.011164
vn 0.703822 0.710289 -0.011164
vn -0.044144 0.70714 -0.705695
vn -0.044144 0.707139 -0.705695
vn -0.044144 0.707139 -0.705695
vn -0.044144 0.707139 -0.705695
vn -0.707022 0.707105 0.011077
vn -0.707022 0.707105 0.011077
vn -0.707022 0.707105 0.011077
vn -0.707022 0.707105 0.011077
vn 0 -1 0
vn 0 -1 0
vn 0 -1 0
vn 0 -1 0
vn 0.999873 -0.001499 -0.015873
vn 0.999873 -0.001499 -0.015873
vn 0.999873 -0.001499 -0.015873
vn 0.999873 -0.001499 -0.015873
vn -0.06248 9.4e-05 -0.998046
vn -0.06248 9.4e-05 -0.998046
vn -0.06248 9.4e-05 -0.998046
vn -0.06248 9.4e-05 -0.998046
vn -0.999877 0 0.015665
vn -0.999877 0 0.015665
vn -0.999877 0 0.015665
vn -0.999877 0 0.015665
vn 0 1 0
vn 0 1 0
vn 0 1 0
vn 0 1 0
vn 0.062378 -0 0.998053
vn 0.062378 -0 0.998053
vn 0.062378 -0 0.998053
vn 0.062378 -0 0.998053
vn 0.558496 -0.568345 -0.604207
vn 0.558496 -0.568345 -0.604207
vn 0.558496 -0.568345 -0.604207
vn 0.594846 -0.586283 0.549937
vn 0.594846 -0.586283 0.549937
vn 0.594846 -0.586283 0.549937
vn -0.594751 -0.586374 -0.549942
vn -0.594751 -0.586374 -0.549942
vn -0.594751 -0.586374 -0.549942
vn -0.558645 -0.568353 0.604062
vn -0.558645 -0.568353 0.604061
vn -0.558645 -0.568353 0.604061
vn 0.586957 0.577662 0.567264
vn 0.586957 0.577662 0.567264
vn 0.586957 0.577662 0.567264
vn 0.551489 0.585269 -0.594407
vn 0.551489 0.585269 -0.594407
vn 0.551489 0.585269 -0.594407
vn -0.603757 0.568973 -0.558344
vn -0.603757 0.568973 -0.558344
vn -0.603757 0.568973 -0.558344
vn -0.549694 0.586981 0.594381
vn -0.549694 0.586982 0.594381
vn -0.549694 0.586981 0.594381

g cx_decor_2:_102_0
usemtl cx_decor_2:textures_exwsw_vertex_vertex_eX_surf_metaldarkgrey
f 1/1/1 2/2/2 3/3/3
f 1/1/1 3/3/3 4/4/4
f 5/5/5 6/6/6 7/7/7
f 5/5/5 7/7/7 8/8/8
f 9/9/9 10/10/10 11/11/11
f 9/9/9 11/11/11 12/12/12
f 13/13/13 14/14/14 15/15/15
f 13/13/13 15/15/15 16/16/16
f 17/17/17 18/18/18 19/19/19
f 17/17/17 19/19/19 20/20/20
f 21/21/21 22/22/22 23/23/23
f 21/21/21 23/23/23 24/24/24
f 25/25/25 26/26/26 27/27/27
f 25/25/25 27/27/27 28/28/28
f 29/29/29 30/30/30 31/31/31
f 29/29/29 31/31/31 32/32/32
f 33/33/33 34/34/34 35/35/35
f 33/33/33 35/35/35 36/36/36
f 37/37/37 38/38/38 39/39/39
f 37/37/37 39/39/39 40/40/40
f 41/41/41 42/42/42 43/43/43
f 41/41/41 43/43/43 44/44/44
f 45/45/45 46/46/46 47/47/47
f 45/45/45 47/47/47 48/48/48
f 49/49/49 50/50/50 51/51/51
f 49/49/49 51/51/51 52/52/52
f 53/53/53 54/54/54 55/55/55
f 53/53/53 55/55/55 56/56/56
f 57/57/57 58/58/58 59/59/59
f 57/57/57 59/59/59 60/60/60
f 61/61/61 62/62/62 63/63/63
f 61/61/61 63/63/63 64/64/64
f 65/65/65 66/66/66 67/67/67
f 65/65/65 67/67/67 68/68/68
f 69/69/69 70/70/70 71/71/71
f 69/69/69 71/71/71 72/72/72
f 73/73/73 74/74/74 75/75/75
f 76/76/76 77/77/77 78/78/78
f 79/79/79 80/80/80 81/81/81
f 82/82/82 83/83/83 84/84/84
f 85/85/85 86/86/86 87/87/87
f 88/88/88 89/89/89 90/90/90
f 91/91/91 92/92/92 93/93/93
f 94/94/94 95/95/95 96/96/96

g cx_decor_2:_103_1
usemtl cx_decor_2:textures_exwsw_vertex_vertex_eX_surf_metaldarkgrey
f 97/97/97 98/98/98 99/99/99
f 97/97/97 99/99/99 100/100/100
f 101/101/101 102/102/102 103/103/103
f 101/101/101 103/103/103 104/104/104
f 105/105/105 106/106/106 107/107/107
f 105/105/105 107/107/107 108/108/108
f 109/109/109 110/110/110 111/111/111
f 109/109/109 111/111/111 112/112/112
f 113/113/113 114/114/114 115/115/115
f 113/113/113 115/115/115 116/116/116
f 117/117/117 118/118/118 119/119/119
f 117/117/117 119/119/119 120/120/120
f 121/121/121 122/122/122 123/123/123
f 121/121/121 123/123/123 124/124/124
f 125/125/125 126/126/126 127/127/127
f 125/125/125 127/127/127 128/128/128
f 129/129/129 130/130/130 131/131/131
f 129/129/129 131/131/131 132/132/132
f 133/133/133 134/134/134 135/135/135
f 133/133/133 135/135/135 136/136/136
f 137/137/137 138/138/138 139/139/139
f 137/137/137 139/139/139 140/140/140
f 141/141/141 142/142/142 143/143/143
f 141/141/141 143/143/143 144/144/144
f 145/145/145 146/146/146 147/147/147
f 145/145/145 147/147/147 148/148/148
f 149/149/149 150/150/150 151/151/151
f 149/149/149 151/151/151 152/152/152
f 153/153/153 154/154/154 155/155/155
f 153/153/153 155/155/155 156/156/156
f 157/157/157 158/158/158 159/159/159
f 157/157/157 159/159/159 160/160/160
f 161/161/161 162/162/162 163/163/163
f 161/161/161 163/163/163 164/164/164
f 165/165/165 166/166/166 167/167/167
f 165/165/165 167/167/167 168/168/168
f 169/169/169 170/170/170 171/171/171
f 172/172/172 173/173/173 174/174/174
f 175/175/175 176/176/176 177/177/177
f 178/178/178 179/179/179 180/180/180
f 181/181/181 182/182/182 183/183/183
f 184/184/184 185/185/185 186/186/186
f 187/187/187 188/188/188 189/189/189
f 190/190/190 191/191/191 192/192/192

g cx_decor_2:_104_2
usemtl cx_decor_2:textures_exwsw_vertex_vertex_eX_surf_metaldarkgrey
f 193/193/193 194/194/194 195/195/195
f 193/193/193 195/195/195 196/196/196
f 197/197/197 198/198/198 199/199/199
f 197/197/197 199/199/199 200/200/200
f 201/201/201 202/202/202 203/203/203
f 201/201/201 203/203/203 204/204/204
f 205/205/205 206/206/206 207/207/207
f 205/205/205 207/207/207 208/208/208
f 209/209/209 210/210/210 211/211/211
f 209/209/209 211/211/211 212/212/212
f 213/213/213 214/214/214 215/215/215
f 213/213/213 215/215/215 216/216/216
f 217/217/217 218/218/218 219/219/219
f 217/217/217 219/219/219 220/220/220
f 221/221/221 222/222/222 223/223/223
f 221/221/221 223/223/223 224/224/224
f 225/225/225 226/226/226 227/227/227
f 225/225/225 227/227/227 228/228/228
f 229/229/229 230/230/230 231/231/231
f 229/229/229 231/231/231 232/232/232
f 233/233/233 234/234/234 235/235/235
f 233/233/233 235/235/235 236/236/236
f 237/237/237 238/238/238 239/239/239
f 237/237/237 239/239/239 240/240/240
f 241/241/241 242/242/242 243/243/243
f 241/241/241 243/243/243 244/244/244
f 245/245/245 246/246/246 247/247/247
f 245/245/245 247/247/247 248/248/248
f 249/249/249 250/250/250 251/251/251
f 249/249/249 251/251/251 252/252/252
f 253/253/253 254/254/254 255/255/255
f 253/253/253 255/255/255 256/256/256
f 257/257/257 258/258/258 259/259/259
f 257/257/257 259/259/259 260/260/260
f 261/261/261 262/262/262 263/263/263
f 261/261/261 263/263/263 264/264/264
f 265/265/265 266/266/266 267/267/267
f 268/268/268 269/269/269 270/270/270
f 271/271/271 272/272/272 273/273/273
f 274/274/274 275/275/275 276/276/276
f 277/277/277 278/278/278 279/279/279
f 280/280/280 281/281/281 282/282/282
f 283/283/283 284/284/284 285/285/285
f 286/286/286 287/287/287 288/288/288

g cx_decor_2:_105_3
usemtl cx_decor_2:textures_exwsw_vertex_vertex_eX_surf_metaldarkgrey
f 289/289/289 290/290/290 291/291/291
f 289/289/289 291/291/291 292/292/292
f 293/293/293 294/294/294 295/295/295
f 293/293/293 295/295/295 296/296/296
f 297/297/297 298/298/298 299/299/299
f 297/297/297 299/299/299 300/300/300
f 301/301/301 302/302/302 303/303/303
f 301/301/301 303/303/303 304/304/304
f 305/305/305 306/306/306 307/307/307
f 305/305/305 307/307/307 308/308/308
f 309/309/309 310/310/310 311/311/311
f 309/309/309 311/311/311 312/312/312
f 313/313/313 314/314/314 315/315/315
f 313/313/313 315/315/315 316/316/316
f 317/317/317 318/318/318 319/319/319
f 317/317/317 319/319/319 320/320/320
f 321/321/321 322/322/322 323/323/323
f 321/321/321 323/323/323 324/324/324
f 325/325/325 326/326/326 327/327/327
f 325/325/325 327/327/327 328/328/328
f 329/329/329 330/330/330 331/331/331
f 329/329/329 331/331/331 332/332/332
f 333/333/333 334/334/334 335/335/335
f 333/333/333 335/335/335 336/336/336
f 337/337/337 338/338/338 339/339/339
f 337/337/337 339/339/339 340/340/340
f 341/341/341 342/342/342 343/343/343
f 341/341/341 343/343/343 344/344/344
f 345/345/345 346/346/346 347/347/347
f 345/345/345 347/347/347 348/348/348
f 349/349/349 350/350/350 351/351/351
f 349/349/349 351/351/351 352/352/352
f 353/353/353 354/354/354 355/355/355
f 353/353/353 355/355/355 356/356/356
f 357/357/357 358/358/358 359/359/359
f 357/357/357 359/359/359 360/360/360
f 361/361/361 362/362/362 363/363/363
f 364/364/364 365/365/365 366/366/366
f 367/367/367 368/368/368 369/369/369
f 370/370/370 371/371/371 372/372/372
f 373/373/373 374/374/374 375/375/375
f 376/376/376 377/377/377 378/378/378
f 379/379/379 380/380/380 381/381/381
f 382/382/382 383/383/383 384/384/384

g cx_decor_2:_106_4
usemtl cx_decor_2:textures_exwsw_vertex_vertex_eX_surf_metaldarkgrey
f 385/385/385 386/386/386 387/387/387
f 385/385/385 387/387/387 388/388/388
f 389/389/389 390/390/390 391/391/391
f 389/389/389 391/391/391 392/392/392
f 393/393/393 394/394/394 395/395/395
f 393/393/393 395/395/395 396/396/396
f 397/397/397 398/398/398 399/399/399
f 397/397/397 399/399/399 400/400/400
f 401/401/401 402/402/402 403/403/403
f 401/401/401 403/403/403 404/404/404
f 405/405/405 406/406/406 407/407/407
f 405/405/405 407/407/407 408/408/408
f 409/409/409 410/410/410 411/411/411
f 409/409/409 411/411/411 412/412/412
f 413/413/413 414/414/414 415/415/415
f 413/413/413 415/415/415 416/416/416
f 417/417/417 418/418/418 419/419/419
f 417/417/417 419/419/419 420/420/420
f 421/421/421 422/422/422 423/423/423
f 421/421/421 423/423/423 424/424/424
f 425/425/425 426/426/426 427/427/427
f 425/425/425 427/427/427 428/428/428
f 429/429/429 430/430/430 431/431/431
f 429/429/429 431/431/431 432/432/432
f 433/433/433 434/434/434 435/435/435
f 433/433/433 435/435/435 436/436/436
f 437/437/437 438/438/438 439/439/439
f 437/437/437 439/439/439 440/440/440
f 441/441/441 442/442/442 443/443/443
f 441/441/441 443/443/443 444/444/444
f 445/445/445 446/446/446 447/447/447
f 445/445/445 447/447/447 448/448/448
f 449/449/449 450/450/450 451/451/451
f 449/449/449 451/451/451 452/452/452
f 453/453/453 454/454/454 455/455/455
f 453/453/453 455/455/455 456/456/456
f 457/457/457 458/458/458 459/459/459
f 460/460/460 461/461/461 462/462/462
f 463/463/463 464/464/464 465/465/465
f 466/466/466 467/467/467 468/468/468
f 469/469/469 470/470/470 471/471/471
f 472/472/472 473/473/473 474/474/474
f 475/475/475 476/476/476 477/477/477
f 478/478/478 479/479/479 480/480/480

g cx_decor_2:_107_5
usemtl cx_decor_2:textures_exwsw_vertex_vertex_eX_surf_metaldarkgrey
f 481/481/481 482/482/482 483/483/483
f 481/481/481 483/483/483 484/484/484
f 485/485/485 486/486/486 487/487/487
f 485/485/485 487/487/487 488/488/488
f 489/489/489 490/490/490 491/491/491
f 489/489/489 491/491/491 492/492/492
f 493/493/493 494/494/494 495/495/495
f 493/493/493 495/495/495 496/496/496
f 497/497/497 498/498/498 499/499/499
f 497/497/497 499/499/499 500/500/500
f 501/501/501 502/502/502 503/503/503
f 501/501/501 503/503/503 504/504/504
f 505/505/505 506/506/506 507/507/507
f 505/505/505 507/507/507 508/508/508
f 509/509/509 510/510/510 511/511/511
f 509/509/509 511/511/511 512/512/512
f 513/513/513 514/514/514 515/515/515
f 513/513/513 515/515/515 516/516/516
f 517/517/517 518/518/518 519/519/519
f 517/517/517 519/519/519 520/520/520
f 521/521/521 522/522/522 523/523/523
f 521/521/521 523/523/523 524/524/524
f 525/525/525 526/526/526 527/527/527
f 525/525/525 527/527/527 528/528/528
f 529/529/529 530/530/530 531/531/531
f 529/529/529 531/531/531 532/532/532
f 533/533/533 534/534/534 535/535/535
f 533/533/533 535/535/535 536/536/536
f 537/537/537 538/538/538 539/539/539
f 537/537/537 539/539/539 540/540/540
f 541/541/541 542/542/542 543/543/543
f 541/541/541 543/543/543 544/544/544
f 545/545/545 546/546/546 547/547/547
f 545/545/545 547/547/547 548/548/548
f 552/552/552 553/553/553 549/549/549
f 549/549/549 550/550/550 551/551/551
f 551/551/551 552/552/552 549/549/549
f 554/554/554 555/555/555 556/556/556
f 557/557/557 558/558/558 559/559/559
f 557/557/557 559/559/559 560/560/560
f 561/561/561 562/562/562 563/563/563
f 561/561/561 563/563/563 564/564/564
f 565/565/565 566/566/566 567/567/567
f 565/565/565 567/567/567 568/568/568
f 569/569/569 570/570/570 571/571/571
f 569/569/569 571/571/571 572/572/572
f 516/516/516 519/519/519 513/513/513
f 573/573/573 574/574/574 575/575/575
f 515/515/515 514/514/514 576/576/576
f 515/515/515 576/576/576 577/577/577
f 578/578/578 579/579/579 580/580/580
f 581/581/581 502/502/502 501/501/501
f 581/581/581 501/501/501 582/582/582
f 505/505/505 583/583/583 506/506/506
f 584/584/584 585/585/585 586/586/586
f 584/584/584 586/586/586 587/587/587
f 588/588/588 589/589/589 590/590/590
f 588/588/588 590/590/590 591/591/591
f 592/592/592 593/593/593 594/594/594
f 595/595/595 596/596/596 524/524/524
f 595/595/595 524/524/524 523/523/523
f 597/597/597 598/598/598 599/599/599
f 600/600/600 601/601/601 602/602/602
f 603/603/603 604/604/604 605/605/605

g cx_decor_2:_108_6
usemtl cx_decor_2:textures_wood_vertex_vertex_woodplank01
f 606/606/606 607/607/607 608/608/608
f 606/606/606 608/608/608 609/609/609
f 610/610/610 611/611/611 612/612/612
f 610/610/610 612/612/612 613/613/613
f 614/614/614 615/615/615 616/616/616
f 614/614/614 616/616/616 617/617/617
f 618/618/618 619/619/619 620/620/620
f 618/618/618 620/620/620 621/621/621
f 622/622/622 623/623/623 624/624/624
f 622/622/622 624/624/624 625/625/625
f 626/626/626 627/627/627 628/628/628
f 626/626/626 628/628/628 629/629/629
f 630/630/630 631/631/631 632/632/632
f 630/630/630 632/632/632 633/633/633
f 634/634/634 635/635/635 636/636/636
f 634/634/634 636/636/636 637/637/637
f 638/638/638 639/639/639 640/640/640
f 638/638/638 640/640/640 641/641/641
f 642/642/642 643/643/643 644/644/644
f 642/642/642 644/644/644 645/645/645
f 646/646/646 647/647/647 648/648/648
f 646/646/646 648/648/648 649/649/649
f 650/650/650 651/651/651 652/652/652
f 650/650/650 652/652/652 653/653/653
f 654/654/654 655/655/655 656/656/656
f 654/654/654 656/656/656 657/657/657
f 658/658/658 659/659/659 660/660/660
f 658/658/658 660/660/660 661/661/661
f 662/662/662 663/663/663 664/664/664
f 662/662/662 664/664/664 665/665/665
f 666/666/666 667/667/667 668/668/668
f 666/666/666 668/668/668 669/669/669
f 670/670/670 671/671/671 672/672/672
f 670/670/670 672/672/672 673/673/673
f 674/674/674 675/675/675 676/676/676
f 674/674/674 676/676/676 677/677/677
f 678/678/678 679/679/679 680/680/680
f 681/681/681 682/682/682 683/683/683
f 684/684/684 685/685/685 686/686/686
f 687/687/687 688/688/688 689/689/689
f 690/690/690 691/691/691 692/692/692
f 693/693/693 694/694/694 695/695/695
f 696/696/696 697/697/697 698/698/698
f 699/699/699 700/700/700 701/701/701

g cx_decor_2:_109_7
usemtl cx_decor_2:textures_wood_vertex_vertex_woodplank01
f 702/702/702 703/703/703 704/704/704
f 702/702/702 704/704/704 705/705/705
f 706/706/706 707/707/707 708/708/708
f 706/706/706 708/708/708 709/709/709
f 710/710/710 711/711/711 712/712/712
f 710/710/710 712/712/712 713/713/713
f 714/714/714 715/715/715 716/716/716
f 714/714/714 716/716/716 717/717/717
f 718/718/718 719/719/719 720/720/720
f 718/718/718 720/720/720 721/721/721
f 722/722/722 723/723/723 724/724/724
f 722/722/722 724/724/724 725/725/725
f 726/726/726 727/727/727 728/728/728
f 726/726/726 728/728/728 729/729/729
f 730/730/730 731/731/731 732/732/732
f 730/730/730 732/732/732 733/733/733
f 734/734/734 735/735/735 736/736/736
f 734/734/734 736/736/736 737/737/737
f 738/738/738 739/739/739 740/740/740
f 738/738/738 740/740/740 741/741/741
f 742/742/742 743/743/743 744/744/744
f 742/742/742 744/744/744 745/745/745
f 746/746/746 747/747/747 748/748/748
f 746/746/746 748/748/748 749/749/749
f 750/750/750 751/751/751 752/752/752
f 750/750/750 752/752/752 753/753/753
f 754/754/754 755/755/755 756/756/756
f 757/757/757 758/758/758 759/759/759
f 760/760/760 761/761/761 762/762/762
f 763/763/763 764/764/764 765/765/765

g cx_decor_2:_111_8
usemtl cx_decor_2:textures_wood_vertex_vertex_woodplank01
f 766/766/766 767/767/767 768/768/768
f 766/766/766 768/768/768 769/769/769
f 770/770/770 771/771/771 772/772/772
f 770/770/770 772/772/772 773/773/773
f 774/774/774 775/775/775 776/776/776
f 774/774/774 776/776/776 777/777/777
f 778/778/778 779/779/779 780/780/780
f 778/778/778 780/780/780 781/781/781
f 782/782/782 783/783/783 784/784/784
f 782/782/782 784/784/784 785/785/785
f 786/786/786 787/787/787 788/788/788
f 786/786/786 788/788/788 789/789/789
f 790/790/790 791/791/791 792/792/792
f 790/790/790 792/792/792 793/793/793
f 794/794/794 795/795/795 796/796/796
f 794/794/794 796/796/796 797/797/797
f 798/798/798 799/799/799 800/800/800
f 798/798/798 800/800/800 801/801/801
f 802/802/802 803/803/803 804/804/804
f 802/802/802 804/804/804 805/805/805
f 806/806/806 807/807/807 808/808/808
f 806/806/806 808/808/808 809/809/809
f 810/810/810 811/811/811 812/812/812
f 810/810/810 812/812/812 813/813/813
f 814/814/814 815/815/815 816/816/816
f 814/814/814 816/816/816 817/817/817
f 818/818/818 819/819/819 820/820/820
f 818/818/818 820/820/820 821/821/821
f 822/822/822 823/823/823 824/824/824
f 822/822/822 824/824/824 825/825/825
f 826/826/826 827/827/827 828/828/828
f 826/826/826 828/828/828 829/829/829
f 830/830/830 831/831/831 832/832/832
f 830/830/830 832/832/832 833/833/833
f 834/834/834 835/835/835 836/836/836
f 834/834/834 836/836/836 837/837/837
f 838/838/838 839/839/839 840/840/840
f 838/838/838 840/840/840 841/841/841
f 842/842/842 843/843/843 844/844/844
f 842/842/842 844/844/844 845/845/845
f 846/846/846 847/847/847 848/848/848
f 846/846/846 848/848/848 849/849/849
f 850/850/850 851/851/851 852/852/852
f 850/850/850 852/852/852 853/853/853
f 854/854/854 855/855/855 856/856/856
f 854/854/854 856/856/856 857/857/857
f 858/858/858 859/859/859 860/860/860
f 858/858/858 860/860/860 861/861/861
f 862/862/862 863/863/863 864/864/864
f 862/862/862 864/864/864 865/865/865
f 866/866/866 867/867/867 868/868/868
f 866/866/866 868/868/868 869/869/869
f 870/870/870 871/871/871 872/872/872
f 870/870/870 872/872/872 873/873/873
f 874/874/874 875/875/875 876/876/876
f 874/874/874 876/876/876 877/877/877
f 878/878/878 879/879/879 880/880/880
f 878/878/878 880/880/880 881/881/881
f 882/882/882 883/883/883 884/884/884
f 882/882/882 884/884/884 885/885/885
f 886/886/886 887/887/887 888/888/888
f 886/886/886 888/888/888 889/889/889
f 890/890/890 891/891/891 892/892/892
f 890/890/890 892/892/892 893/893/893
f 894/894/894 895/895/895 896/896/896
f 894/894/894 896/896/896 897/897/897
f 898/898/898 899/899/899 900/900/900
f 898/898/898 900/900/900 901/901/901
f 902/902/902 903/903/903 904/904/904
f 902/902/902 904/904/904 905/905/905
f 906/906/906 907/907/907 908/908/908
f 906/906/906 908/908/908 909/909/909
f 910/910/910 911/911/911 912/912/912
f 910/910/910 912/912/912 913/913/913
f 914/914/914 915/915/915 916/916/916
f 914/914/914 916/916/916 917/917/917
f 918/918/918 919/919/919 920/920/920
f 918/918/918 920/920/920 921/921/921
f 922/922/922 923/923/923 924/924/924
f 922/922/922 924/924/924 925/925/925
f 926/926/926 927/927/927 928/928/928
f 926/926/926 928/928/928 929/929/929
f 930/930/930 931/931/931 932/932/932
f 930/930/930 932/932/932 924/924/924
f 933/933/933 934/934/934 935/935/935
f 933/933/933 935/935/935 936/936/936
f 937/937/937 938/938/938 939/939/939
f 937/937/937 939/939/939 940/940/940
f 941/941/941 942/942/942 943/943/943
f 941/941/941 943/943/943 944/944/944
f 945/945/945 946/946/946 947/947/947
f 945/945/945 947/947/947 948/948/948
f 949/949/949 950/950/950 951/951/951
f 949/949/949 951/951/951 952/952/952
f 953/953/953 954/954/954 955/955/955
f 953/953/953 955/955/955 956/956/956
f 957/957/957 958/958/958 959/959/959
f 957/957/957 959/959/959 960/960/960
f 961/961/961 962/962/962 963/963/963
f 961/961/961 963/963/963 964/964/964
f 925/925/925 932/932/932 965/965/965
f 925/925/925 965/965/965 966/966/966
f 967/967/967 968/968/968 969/969/969
f 967/967/967 969/969/969 970/970/970
f 971/971/971 972/972/972 973/973/973
f 971/971/971 973/973/973 974/974/974
f 975/975/975 976/976/976 977/977/977
f 975/975/975 977/977/977 978/978/978
f 979/979/979 980/980/980 981/981/981
f 979/979/979 981/981/981 982/982/982
f 983/983/983 984/984/984 985/985/985
f 983/983/983 985/985/985 986/986/986
f 987/987/987 988/988/988 989/989/989
f 987/987/987 989/989/989 990/990/990
f 991/991/991 992/992/992 993/993/993
f 991/991/991 993/993/993 994/994/994
f 995/995/995 996/996/996 997/997/997
f 995/995/995 997/997/997 998/998/998
f 999/999/999 1000/1000/1000 1001/1001/1001
f 999/999/999 1001/1001/1001 1002/1002/1002
f 1003/1003/1003 1004/1004/1004 1005/1005/1005
f 1003/1003/1003 1005/1005/1005 1006/1006/1006
f 1007/1007/1007 1008/1008/1008 1009/1009/1009
f 1007/1007/1007 1009/1009/1009 1010/1010/1010
f 1011/1011/1011 1012/1012/1012 1013/1013/1013
f 1011/1011/1011 1013/1013/1013 1014/1014/1014
f 1015/1015/1015 1016/1016/1016 1017/1017/1017
f 1015/1015/1015 1017/1017/1017 1018/1018/1018
f 1019/1019/1019 1020/1020/1020 1021/1021/1021
f 1019/1019/1019 1021/1021/1021 1022/1022/1022
f 1023/1023/1023 1024/1024/1024 1025/1025/1025
f 1023/1023/1023 1025/1025/1025 1026/1026/1026
f 1027/1027/1027 1028/1028/1028 1029/1029/1029
f 1027/1027/1027 1029/1029/1029 1030/1030/1030
f 1031/1031/1031 1032/1032/1032 1033/1033/1033
f 1031/1031/1031 1033/1033/1033 1034/1034/1034
f 1035/1035/1035 1036/1036/1036 1037/1037/1037
f 1035/1035/1035 1037/1037/1037 1038/1038/1038
f 1039/1039/1039 1040/1040/1040 1041/1041/1041
f 1039/1039/1039 1041/1041/1041 1042/1042/1042
f 1043/1043/1043 1044/1044/1044 1045/1045/1045
f 1043/1043/1043 1045/1045/1045 1046/1046/1046
f 1047/1047/1047 1048/1048/1048 1049/1049/1049
f 1047/1047/1047 1049/1049/1049 1050/1050/1050
f 1051/1051/1051 1052/1052/1052 1053/1053/1053
f 1051/1051/1051 1053/1053/1053 1054/1054/1054
f 1055/1055/1055 1056/1056/1056 1057/1057/1057
f 1055/1055/1055 1057/1057/1057 1058/1058/1058
f 1059/1059/1059 1060/1060/1060 1061/1061/1061
f 1059/1059/1059 1061/1061/1061 1062/1062/1062
f 1063/1063/1063 1064/1064/1064 1065/1065/1065
f 1063/1063/1063 1065/1065/1065 1066/1066/1066
f 1067/1067/1067 1068/1068/1068 1069/1069/1069
f 1067/1067/1067 1069/1069/1069 1070/1070/1070
f 1071/1071/1071 1072/1072/1072 1073/1073/1073
f 1071/1071/1071 1073/1073/1073 1074/1074/1074
f 924/924/924 923/923/923 930/930/930
f 932/932/932 931/931/931 1075/1075/1075
f 932/932/932 1075/1075/1075 965/965/965
f 966/966/966 922/922/922 925/925/925
f 1076/1076/1076 1077/1077/1077 1078/1078/1078
f 1076/1076/1076 1078/1078/1078 1079/1079/1079
f 1080/1080/1080 1081/1081/1081 1082/1082/1082
f 1080/1080/1080 1082/1082/1082 1083/1083/1083
f 1084/1084/1084 1085/1085/1085 1086/1086/1086
f 1084/1084/1084 1086/1086/1086 1087/1087/1087
f 1088/1088/1088 1089/1089/1089 1090/1090/1090
f 1088/1088/1088 1090/1090/1090 1091/1091/1091
f 1092/1092/1092 1093/1093/1093 1094/1094/1094
f 1092/1092/1092 1094/1094/1094 1095/1095/1095
f 1096/1096/1096 1097/1097/1097 1098/1098/1098
f 1096/1096/1096 1098/1098/1098 1099/1099/1099
f 1100/1100/1100 1101/1101/1101 1102/1102/1102
f 1100/1100/1100 1102/1102/1102 1103/1103/1103
f 1104/1104/1104 1105/1105/1105 1106/1106/1106
f 1104/1104/1104 1106/1106/1106 1107/1107/1107
f 1108/1108/1108 1109/1109/1109 1110/1110/1110
f 1108/1108/1108 1110/1110/1110 1111/1111/1111
f 1112/1112/1112 1113/1113/1113 1114/1114/1114
f 1112/1112/1112 1114/1114/1114 1115/1115/1115
f 1116/1116/1116 1117/1117/1117 1118/1118/1118
f 1116/1116/1116 1118/1118/1118 1119/1119/1119
f 1120/1120/1120 1121/1121/1121 1122/1122/1122
f 1120/1120/1120 1122/1122/1122 1123/1123/1123
f 1124/1124/1124 1125/1125/1125 1126/1126/1126
f 1124/1124/1124 1126/1126/1126 1127/1127/1127
f 1128/1128/1128 1129/1129/1129 1130/1130/1130
f 1128/1128/1128 1130/1130/1130 1131/1131/1131
f 1132/1132/1132 1133/1133/1133 1134/1134/1134
f 1132/1132/1132 1134/1134/1134 1135/1135/1135
f 1136/1136/1136 1137/1137/1137 1138/1138/1138
f 1139/1139/1139 1140/1140/1140 1141/1141/1141
f 1142/1142/1142 1143/1143/1143 1144/1144/1144
f 1145/1145/1145 1146/1146/1146 1147/1147/1147
f 1148/1148/1148 1149/1149/1149 1150/1150/1150
f 1151/1151/1151 1152/1152/1152 1153/1153/1153
f 1154/1154/1154 1155/1155/1155 1156/1156/1156
f 1157/1157/1157 1158/1158/1158 1159/1159/1159
f 1160/1160/1160 1161/1161/1161 1162/1162/1162
f 1163/1163/1163 1164/1164/1164 1165/1165/1165
f 1166/1166/1166 1167/1167/1167 1168/1168/1168
f 1169/1169/1169 1170/1170/1170 1171/1171/1171
f 1172/1172/1172 1173/1173/1173 1174/1174/1174
f 1175/1175/1175 1176/1176/1176 1177/1177/1177
f 1178/1178/1178 1179/1179/1179 1180/1180/1180
f 1181/1181/1181 1182/1182/1182 1183/1183/1183
f 1184/1184/1184 1185/1185/1185 1186/1186/1186
f 1187/1187/1187 1188/1188/1188 1189/1189/1189
f 1190/1190/1190 1191/1191/1191 1192/1192/1192
f 1193/1193/1193 1194/1194/1194 1195/1195/1195
f 1196/1196/1196 1197/1197/1197 918/918/918
f 1196/1196/1196 918/918/918 1198/1198/1198
f 1199/1199/1199 921/921/921 920/920/920
f 1199/1199/1199 920/920/920 1200/1200/1200
f 1201/1201/1201 1202/1202/1202 1203/1203/1203
f 1204/1204/1204 1205/1205/1205 1206/1206/1206
f 1207/1207/1207 1208/1208/1208 1209/1209/1209
f 1210/1210/1210 1211/1211/1211 1212/1212/1212
f 1213/1213/1213 1214/1214/1214 1215/1215/1215
f 1216/1216/1216 1217/1217/1217 1218/1218/1218
f 1219/1219/1219 1220/1220/1220 1221/1221/1221
f 925/925/925 924/924/924 932/932/932
f 1222/1222/1222 1223/1223/1223 1224/1224/1224
f 1225/1225/1225 1226/1226/1226 1227/1227/1227
f 1225/1225/1225 1227/1227/1227 1228/1228/1228
f 1229/1229/1229 1230/1230/1230 1231/1231/1231
f 1232/1232/1232 1233/1233/1233 1234/1234/1234
f 1235/1235/1235 1236/1236/1236 1237/1237/1237
f 1238/1238/1238 1239/1239/1239 1240/1240/1240
f 1241/1241/1241 1242/1242/1242 1243/1243/1243
f 1244/1244/1244 1245/1245/1245 1246/1246/1246
f 1247/1247/1247 1248/1248/1248 1249/1249/1249
f 1250/1250/1250 1251/1251/1251 1252/1252/1252
f 1253/1253/1253 1254/1254/1254 1255/1255/1255

g cx_decor_2:_113_9
usemtl cx_decor_2:textures_wood_vertex_vertex_woodplank01
f 1256/1256/1256 1257/1257/1257 1258/1258/1258
f 1256/1256/1256 1258/1258/1258 1259/1259/1259
f 1260/1260/1260 1261/1261/1261 1262/1262/1262
f 1260/1260/1260 1262/1262/1262 1263/1263/1263
f 1264/1264/1264 1265/1265/1265 1266/1266/1266
f 1264/1264/1264 1266/1266/1266 1267/1267/1267
f 1268/1268/1268 1269/1269/1269 1270/1270/1270
f 1268/1268/1268 1270/1270/1270 1271/1271/1271
f 1272/1272/1272 1273/1273/1273 1274/1274/1274
f 1272/1272/1272 1274/1274/1274 1275/1275/1275
f 1276/1276/1276 1277/1277/1277 1278/1278/1278
f 1276/1276/1276 1278/1278/1278 1279/1279/1279
f 1280/1280/1280 1281/1281/1281 1282/1282/1282
f 1280/1280/1280 1282/1282/1282 1283/1283/1283
f 1284/1284/1284 1285/1285/1285 1286/1286/1286
f 1284/1284/1284 1286/1286/1286 1287/1287/1287
f 1288/1288/1288 1289/1289/1289 1290/1290/1290
f 1288/1288/1288 1290/1290/1290 1291/1291/1291
f 1292/1292/1292 1293/1293/1293 1294/1294/1294
f 1292/1292/1292 1294/1294/1294 1295/1295/1295
f 1296/1296/1296 1297/1297/1297 1298/1298/1298
f 1296/1296/1296 1298/1298/1298 1299/1299/1299
f 1300/1300/1300 1301/1301/1301 1302/1302/1302
f 1300/1300/1300 1302/1302/1302 1303/1303/1303
f 1304/1304/1304 1305/1305/1305 1306/1306/1306
f 1304/1304/1304 1306/1306/1306 1307/1307/1307
f 1308/1308/1308 1309/1309/1309 1310/1310/1310
f 1308/1308/1308 1310/1310/1310 1311/1311/1311
f 1312/1312/1312 1313/1313/1313 1314/1314/1314
f 1312/1312/1312 1314/1314/1314 1315/1315/1315
f 1316/1316/1316 1317/1317/1317 1318/1318/1318
f 1316/1316/1316 1318/1318/1318 1319/1319/1319
f 1320/1320/1320 1321/1321/1321 1322/1322/1322
f 1320/1320/1320 1322/1322/1322 1323/1323/1323
f 1324/1324/1324 1325/1325/1325 1326/1326/1326
f 1324/1324/1324 1326/1326/1326 1327/1327/1327
f 1328/1328/1328 1329/1329/1329 1330/1330/1330
f 1331/1331/1331 1332/1332/1332 1333/1333/1333
f 1334/1334/1334 1335/1335/1335 1336/1336/1336
f 1337/1337/1337 1338/1338/1338 1339/1339/1339
f 1340/1340/1340 1341/1341/1341 1342/1342/1342
f 1343/1343/1343 1344/1344/1344 1345/1345/1345
f 1346/1346/1346 1347/1347/1347 1348/1348/1348
f 1349/1349/1349 1350/1350/1350 1351/1351/1351

g cx_decor_2:_114_10
usemtl cx_decor_2:textures_wood_vertex_vertex_woodplank01
f 1352/1352/1352 1353/1353/1353 1354/1354/1354
f 1352/1352/1352 1354/1354/1354 1355/1355/1355
f 1356/1356/1356 1357/1357/1357 1358/1358/1358
f 1356/1356/1356 1358/1358/1358 1359/1359/1359
f 1360/1360/1360 1361/1361/1361 1362/1362/1362
f 1360/1360/1360 1362/1362/1362 1363/1363/1363
f 1364/1364/1364 1365/1365/1365 1366/1366/1366
f 1364/1364/1364 1366/1366/1366 1367/1367/1367
f 1368/1368/1368 1369/1369/1369 1370/1370/1370
f 1368/1368/1368 1370/1370/1370 1371/1371/1371
f 1372/1372/1372 1373/1373/1373 1374/1374/1374
f 1372/1372/1372 1374/1374/1374 1375/1375/1375
f 1376/1376/1376 1377/1377/1377 1378/1378/1378
f 1376/1376/1376 1378/1378/1378 1379/1379/1379
f 1380/1380/1380 1381/1381/1381 1382/1382/1382
f 1380/1380/1380 1382/1382/1382 1383/1383/1383
f 1384/1384/1384 1385/1385/1385 1386/1386/1386
f 1384/1384/1384 1386/1386/1386 1387/1387/1387
f 1388/1388/1388 1389/1389/1389 1390/1390/1390
f 1388/1388/1388 1390/1390/1390 1391/1391/1391
f 1392/1392/1392 1393/1393/1393 1394/1394/1394
f 1392/1392/1392 1394/1394/1394 1395/1395/1395
f 1396/1396/1396 1397/1397/1397 1398/1398/1398
f 1396/1396/1396 1398/1398/1398 1399/1399/1399
f 1400/1400/1400 1401/1401/1401 1402/1402/1402
f 1400/1400/1400 1402/1402/1402 1403/1403/1403
f 1404/1404/1404 1405/1405/1405 1406/1406/1406
f 1404/1404/1404 1406/1406/1406 1407/1407/1407
f 1408/1408/1408 1409/1409/1409 1410/1410/1410
f 1408/1408/1408 1410/1410/1410 1411/1411/1411
f 1412/1412/1412 1413/1413/1413 1414/1414/1414
f 1412/1412/1412 1414/1414/1414 1415/1415/1415
f 1416/1416/1416 1417/1417/1417 1418/1418/1418
f 1416/1416/1416 1418/1418/1418 1419/1419/1419
f 1420/1420/1420 1421/1421/1421 1422/1422/1422
f 1420/1420/1420 1422/1422/1422 1423/1423/1423
f 1424/1424/1424 1425/1425/1425 1426/1426/1426
f 1427/1427/1427 1428/1428/1428 1429/1429/1429
f 1430/1430/1430 1431/1431/1431 1432/1432/1432
f 1433/1433/1433 1434/1434/1434 1435/1435/1435
f 1436/1436/1436 1437/1437/1437 1438/1438/1438
f 1439/1439/1439 1440/1440/1440 1441/1441/1441
f 1442/1442/1442 1443/1443/1443 1444/1444/1444
f 1445/1445/1445 1446/1446/1446 1447/1447/1447

g polySurface7_11
usemtl cx_decor_2:textures_wood_vertex_vertex_woodplank01
f 1448/1448/1448 1449/1449/1449 1450/1450/1450
f 1448/1448/1448 1450/1450/1450 1451/1451/1451
f 1452/1452/1452 1453/1453/1453 1454/1454/1454
f 1452/1452/1452 1454/1454/1454 1455/1455/1455
f 1456/1456/1456 1457/1457/1457 1458/1458/1458
f 1456/1456/1456 1458/1458/1458 1459/1459/1459
f 1460/1460/1460 1461/1461/1461 1462/1462/1462
f 1460/1460/1460 1462/1462/1462 1463/1463/1463
f 1464/1464/1464 1465/1465/1465 1466/1466/1466
f 1464/1464/1464 1466/1466/1466 1467/1467/1467
f 1468/1468/1468 1469/1469/1469 1470/1470/1470
f 1468/1468/1468 1470/1470/1470 1471/1471/1471
f 1472/1472/1472 1473/1473/1473 1474/1474/1474
f 1472/1472/1472 1474/1474/1474 1475/1475/1475
f 1476/1476/1476 1477/1477/1477 1478/1478/1478
f 1476/1476/1476 1478/1478/1478 1479/1479/1479
f 1480/1480/1480 1481/1481/1481 1482/1482/1482
f 1480/1480/1480 1482/1482/1482 1483/1483/1483
f 1484/1484/1484 1485/1485/1485 1486/1486/1486
f 1484/1484/1484 1486/1486/1486 1487/1487/1487
f 1488/1488/1488 1489/1489/1489 1490/1490/1490
f 1488/1488/1488 1490/1490/1490 1491/1491/1491
f 1492/1492/1492 1493/1493/1493 1494/1494/1494
f 1492/1492/1492 1494/1494/1494 1495/1495/1495
f 1496/1496/1496 1497/1497/1497 1498/1498/1498
f 1496/1496/1496 1498/1498/1498 1499/1499/1499
f 1500/1500/1500 1501/1501/1501 1502/1502/1502
f 1500/1500/1500 1502/1502/1502 1503/1503/1503
f 1504/1504/1504 1505/1505/1505 1506/1506/1506
f 1504/1504/1504 1506/1506/1506 1507/1507/1507
f 1508/1508/1508 1509/1509/1509 1510/1510/1510
f 1508/1508/1508 1510/1510/1510 1511/1511/1511
f 1512/1512/1512 1513/1513/1513 1514/1514/1514
f 1512/1512/1512 1514/1514/1514 1515/1515/1515
f 1516/1516/1516 1517/1517/1517 1518/1518/1518
f 1516/1516/1516 1518/1518/1518 1519/1519/1519
f 1520/1520/1520 1521/1521/1521 1522/1522/1522
f 1523/1523/1523 1524/1524/1524 1525/1525/1525
f 1526/1526/1526 1527/1527/1527 1528/1528/1528
f 1529/1529/1529 1530/1530/1530 1531/1531/1531
f 1532/1532/1532 1533/1533/1533 1534/1534/1534
f 1535/1535/1535 1536/1536/1536 1537/1537/1537
f 1538/1538/1538 1539/1539/1539 1540/1540/1540
f 1541/1541/1541 1542/1542/1542 1543/1543/1543

g polySurface11_12
usemtl cx_decor_2:textures_wood_vertex_vertex_woodplank01
f 1544/1544/1544 1545/1545/1545 1546/1546/1546
f 1544/1544/1544 1546/1546/1546 1547/1547/1547
f 1548/1548/1548 1549/1549/1549 1550/1550/1550
f 1548/1548/1548 1550/1550/1550 1551/1551/1551
f 1552/1552/1552 1553/1553/1553 1554/1554/1554
f 1552/1552/1552 1554/1554/1554 1555/1555/1555
f 1556/1556/1556 1557/1557/1557 1558/1558/1558
f 1556/1556/1556 1558/1558/1558 1559/1559/1559
f 1560/1560/1560 1561/1561/1561 1562/1562/1562
f 1560/1560/1560 1562/1562/1562 1563/1563/1563
f 1564/1564/1564 1565/1565/1565 1566/1566/1566
f 1564/1564/1564 1566/1566/1566 1567/1567/1567
f 1568/1568/1568 1569/1569/1569 1570/1570/1570
f 1568/1568/1568 1570/1570/1570 1571/1571/1571
f 1572/1572/1572 1573/1573/1573 1574/1574/1574
f 1572/1572/1572 1574/1574/1574 1575/1575/1575
f 1576/1576/1576 1577/1577/1577 1578/1578/1578
f 1576/1576/1576 1578/1578/1578 1579/1579/1579
f 1580/1580/1580 1581/1581/1581 1582/1582/1582
f 1580/1580/1580 1582/1582/1582 1583/1583/1583
f 1584/1584/1584 1585/1585/1585 1586/1586/1586
f 1584/1584/1584 1586/1586/1586 1587/1587/1587
f 1588/1588/1588 1589/1589/1589 1590/1590/1590
f 1588/1588/1588 1590/1590/1590 1591/1591/1591
f 1592/1592/1592 1593/1593/1593 1594/1594/1594
f 1592/1592/1592 1594/1594/1594 1595/1595/1595
f 1596/1596/1596 1597/1597/1597 1598/1598/1598
f 1596/1596/1596 1598/1598/1598 1599/1599/1599
f 1600/1600/1600 1601/1601/1601 1602/1602/1602
f 1600/1600/1600 1602/1602/1602 1603/1603/1603
f 1604/1604/1604 1605/1605/1605 1606/1606/1606
f 1604/1604/1604 1606/1606/1606 1607/1607/1607
f 1608/1608/1608 1609/1609/1609 1610/1610/1610
f 1608/1608/1608 1610/1610/1610 1611/1611/1611
f 1612/1612/1612 1613/1613/1613 1614/1614/1614
f 1612/1612/1612 1614/1614/1614 1615/1615/1615
f 1616/1616/1616 1617/1617/1617 1618/1618/1618
f 1619/1619/1619 1620/1620/1620 1621/1621/1621
f 1622/1622/1622 1623/1623/1623 1624/1624/1624
f 1625/1625/1625 1626/1626/1626 1627/1627/1627
f 1628/1628/1628 1629/1629/1629 1630/1630/1630
f 1631/1631/1631 1632/1632/1632 1633/1633/1633
f 1634/1634/1634 1635/1635/1635 1636/1636/1636
f 1637/1637/1637 1638/1638/1638 1639/1639/1639
