# Generated by makebsp -bsp2obj
# Source: C:/Users/German/Documents/My Games/Warfork 2.1/basewf/models/mapobjects/handrails/sources/m_handrail_bigcorner
# Axis swap: Q3 Z-up -> OBJ Y-up (X=X, Y=Z, Z=-Y)
o m_handrail_bigcorner
mtllib m_handrail_bigcorner.mtl
g mat0m0s12
usemtl textures/metal_vertex/vertex_aluminium
v -131.000000 56.000000 67.000000
vt 0.125000 2.187500
vn 0.000000 -1.000000 -0.000000
v -121.364990 56.250000 73.505615
vt 0.140625 2.261719
vn 0.198480 -0.953943 -0.224944
v -129.687500 56.250000 65.687500
vt 0.140625 2.187500
vn 0.212000 -0.953998 -0.212000
v -122.621094 56.000000 74.871094
vt 0.125000 2.261719
vn 0.000000 -1.000000 -0.000000
v -112.538086 56.250000 80.819336
vt 0.140625 2.335938
vn 0.184496 -0.953778 -0.237209
v -113.734375 56.000000 82.234375
vt 0.125000 2.335938
vn 0.000000 -1.000000 -0.000000
v -103.206787 56.250000 87.628662
vt 0.140625 2.410156
vn 0.170168 -0.953513 -0.248707
v -104.339844 56.000000 89.089844
vt 0.125000 2.410156
vn 0.000000 -1.000000 -0.000000
v -93.371094 56.250000 93.933594
vt 0.140625 2.484375
vn 0.155618 -0.953160 -0.259363
v -94.437500 56.000000 95.437500
vt 0.125000 2.484375
vn 0.000000 -1.000000 -0.000000
v -83.031006 56.250000 99.734131
vt 0.140625 2.558594
vn 0.140968 -0.952734 -0.269120
v -84.027344 56.000000 101.277344
vt 0.125000 2.558594
vn 0.000000 -1.000000 -0.000000
v -72.186523 56.250000 105.030273
vt 0.140625 2.632812
vn 0.126336 -0.952255 -0.277938
v -73.109375 56.000000 106.609375
vt 0.125000 2.632812
vn 0.000000 -1.000000 -0.000000
v -60.837646 56.250000 109.822021
vt 0.140625 2.707031
vn 0.111833 -0.951743 -0.285795
v -61.683594 56.000000 111.433594
vt 0.125000 2.707031
vn 0.000000 -1.000000 -0.000000
v -48.984375 56.250000 114.109375
vt 0.140625 2.781250
vn 0.097561 -0.951219 -0.292683
v -49.750000 56.000000 115.750000
vt 0.125000 2.781250
vn 0.000000 -1.000000 -0.000000
v -36.626709 56.250000 117.892334
vt 0.140625 2.855469
vn 0.083611 -0.950705 -0.298612
v -37.308594 56.000000 119.558594
vt 0.125000 2.855469
vn 0.000000 -1.000000 -0.000000
v -23.764648 56.250000 121.170898
vt 0.140625 2.929687
vn 0.070062 -0.950219 -0.303603
v -24.359375 56.000000 122.859375
vt 0.125000 2.929687
vn 0.000000 -1.000000 -0.000000
v -10.398193 56.250000 123.945068
vt 0.140625 3.003906
vn 0.056980 -0.949779 -0.307690
v -10.902344 56.000000 125.652344
vt 0.125000 3.003906
vn 0.000000 -1.000000 -0.000000
v 3.472656 56.250000 126.214844
vt 0.140625 3.078125
vn 0.044416 -0.949399 -0.310914
v 3.062500 56.000000 127.937500
vt 0.125000 3.078125
vn 0.000000 -1.000000 -0.000000
v 17.847900 56.250000 127.980225
vt 0.140625 3.152344
vn 0.032413 -0.949093 -0.313325
v 17.535156 56.000000 129.714844
vt 0.125000 3.152344
vn 0.000000 -1.000000 -0.000000
v 32.727539 56.250000 129.241211
vt 0.140625 3.226562
vn 0.020998 -0.948867 -0.314977
v 32.515625 56.000000 130.984375
vt 0.125000 3.226562
vn 0.000000 -1.000000 -0.000000
v 48.111572 56.250000 129.997803
vt 0.140625 3.300781
vn 0.010191 -0.948730 -0.315925
v 48.003906 56.000000 131.746094
vt 0.125000 3.300781
vn 0.000000 -1.000000 -0.000000
v 64.000000 56.250000 130.250000
vt 0.140625 3.375000
vn -0.000000 -0.948683 -0.316228
v 64.000000 56.000000 132.000000
vt 0.125000 3.375000
vn 0.000000 -1.000000 -0.000000
v -196.000000 56.000000 -128.000000
vt 0.125000 1.000000
vn 0.000000 -1.000000 -0.000000
v -195.746094 56.000000 -112.003906
vt 0.125000 1.074219
vn 0.000000 -1.000000 -0.000000
v -193.997803 56.250000 -112.111572
vt 0.140625 1.074219
vn 0.315925 -0.948730 -0.010191
v -194.250000 56.250000 -128.000000
vt 0.140625 1.000000
vn 0.316228 -0.948683 0.000000
v -193.241211 56.250000 -96.727539
vt 0.140625 1.148438
vn 0.314977 -0.948867 -0.020998
v -194.984375 56.000000 -96.515625
vt 0.125000 1.148438
vn 0.000000 -1.000000 -0.000000
v -191.980225 56.250000 -81.847900
vt 0.140625 1.222656
vn 0.313325 -0.949093 -0.032413
v -193.714844 56.000000 -81.535156
vt 0.125000 1.222656
vn 0.000000 -1.000000 -0.000000
v -190.214844 56.250000 -67.472656
vt 0.140625 1.296875
vn 0.310914 -0.949399 -0.044416
v -191.937500 56.000000 -67.062500
vt 0.125000 1.296875
vn 0.000000 -1.000000 -0.000000
v -187.945068 56.250000 -53.601807
vt 0.140625 1.371094
vn 0.307690 -0.949779 -0.056980
v -189.652344 56.000000 -53.097656
vt 0.125000 1.371094
vn 0.000000 -1.000000 -0.000000
v -185.170898 56.250000 -40.235352
vt 0.140625 1.445312
vn 0.303603 -0.950219 -0.070062
v -186.859375 56.000000 -39.640625
vt 0.125000 1.445312
vn 0.000000 -1.000000 -0.000000
v -181.892334 56.250000 -27.373291
vt 0.140625 1.519531
vn 0.298612 -0.950705 -0.083611
v -183.558594 56.000000 -26.691406
vt 0.125000 1.519531
vn 0.000000 -1.000000 -0.000000
v -178.109375 56.250000 -15.015625
vt 0.140625 1.593750
vn 0.292683 -0.951220 -0.097561
v -179.750000 56.000000 -14.250000
vt 0.125000 1.593750
vn 0.000000 -1.000000 -0.000000
v -173.822021 56.250000 -3.162354
vt 0.140625 1.667969
vn 0.285795 -0.951743 -0.111833
v -175.433594 56.000000 -2.316406
vt 0.125000 1.667969
vn 0.000000 -1.000000 -0.000000
v -169.030273 56.250000 8.186523
vt 0.140625 1.742188
vn 0.277938 -0.952255 -0.126336
v -170.609375 56.000000 9.109375
vt 0.125000 1.742188
vn 0.000000 -1.000000 -0.000000
v -163.734131 56.250000 19.031006
vt 0.140625 1.816406
vn 0.269120 -0.952734 -0.140968
v -165.277344 56.000000 20.027344
vt 0.125000 1.816406
vn 0.000000 -1.000000 -0.000000
v -157.933594 56.250000 29.371094
vt 0.140625 1.890625
vn 0.259363 -0.953160 -0.155618
v -159.437500 56.000000 30.437500
vt 0.125000 1.890625
vn 0.000000 -1.000000 -0.000000
v -151.628662 56.250000 39.206787
vt 0.140625 1.964844
vn 0.248707 -0.953513 -0.170168
v -153.089844 56.000000 40.339844
vt 0.125000 1.964844
vn 0.000000 -1.000000 -0.000000
v -144.819336 56.250000 48.538086
vt 0.140625 2.039062
vn 0.237209 -0.953778 -0.184496
v -146.234375 56.000000 49.734375
vt 0.125000 2.039062
vn 0.000000 -1.000000 -0.000000
v -137.505615 56.250000 57.364990
vt 0.140625 2.113281
vn 0.224944 -0.953943 -0.198480
v -138.871094 56.000000 58.621094
vt 0.125000 2.113281
vn 0.000000 -1.000000 -0.000000
v 67.691406 56.496094 130.250000
vt 0.285343 1.218750
vn 0.134061 -0.938430 -0.318396
v 64.000000 56.250000 130.250000
vt 0.285343 1.250000
vn -0.000000 -0.948683 -0.316228
v 64.000000 56.000000 132.000000
vt 0.301777 1.250000
vn 0.000000 -1.000000 -0.000000
v 67.750000 56.250000 132.000000
vt 0.301777 1.218750
vn 0.141421 -0.989950 -0.000000
v -132.312500 56.250000 68.312500
vt 0.109375 2.187500
vn -0.212000 -0.953998 0.212000
v -123.877197 56.250000 76.236572
vt 0.109375 2.261719
vn -0.198480 -0.953943 0.224944
v -114.930664 56.250000 83.649414
vt 0.109375 2.335938
vn -0.184496 -0.953778 0.237209
v -105.472900 56.250000 90.551025
vt 0.109375 2.410156
vn -0.170168 -0.953513 0.248707
v -95.503906 56.250000 96.941406
vt 0.109375 2.484375
vn -0.155618 -0.953160 0.259363
v -85.023682 56.250000 102.820557
vt 0.109375 2.558594
vn -0.140968 -0.952734 0.269120
v -74.032227 56.250000 108.188477
vt 0.109375 2.632812
vn -0.126336 -0.952255 0.277938
v -62.529541 56.250000 113.045166
vt 0.109375 2.707031
vn -0.111833 -0.951743 0.285795
v -50.515625 56.250000 117.390625
vt 0.109375 2.781250
vn -0.097561 -0.951220 0.292683
v -37.990479 56.250000 121.224854
vt 0.109375 2.855469
vn -0.083611 -0.950705 0.298612
v -24.954102 56.250000 124.547852
vt 0.109375 2.929687
vn -0.070062 -0.950219 0.303603
v -11.406494 56.250000 127.359619
vt 0.109375 3.003906
vn -0.056980 -0.949779 0.307690
v 2.652344 56.250000 129.660156
vt 0.109375 3.078125
vn -0.044416 -0.949399 0.310914
v 17.222412 56.250000 131.449463
vt 0.109375 3.152344
vn -0.032413 -0.949093 0.313325
v 32.303711 56.250000 132.727539
vt 0.109375 3.226562
vn -0.020998 -0.948867 0.314977
v 47.896240 56.250000 133.494385
vt 0.109375 3.300781
vn -0.010191 -0.948730 0.315925
v 64.000000 56.250000 133.750000
vt 0.109375 3.375000
vn -0.000000 -0.948683 0.316228
v -197.750000 56.250000 -128.000000
vt 0.109375 1.000000
vn -0.316228 -0.948683 0.000000
v -197.494385 56.250000 -111.896240
vt 0.109375 1.074219
vn -0.315925 -0.948730 0.010191
v -196.727539 56.250000 -96.303711
vt 0.109375 1.148438
vn -0.314977 -0.948867 0.020998
v -195.449463 56.250000 -81.222412
vt 0.109375 1.222656
vn -0.313325 -0.949093 0.032413
v -193.660156 56.250000 -66.652344
vt 0.109375 1.296875
vn -0.310914 -0.949399 0.044416
v -191.359619 56.250000 -52.593506
vt 0.109375 1.371094
vn -0.307690 -0.949779 0.056980
v -188.547852 56.250000 -39.045898
vt 0.109375 1.445312
vn -0.303603 -0.950219 0.070062
v -185.224854 56.250000 -26.009521
vt 0.109375 1.519531
vn -0.298612 -0.950705 0.083611
v -181.390625 56.250000 -13.484375
vt 0.109375 1.593750
vn -0.292683 -0.951220 0.097561
v -177.045166 56.250000 -1.470459
vt 0.109375 1.667969
vn -0.285795 -0.951743 0.111833
v -172.188477 56.250000 10.032227
vt 0.109375 1.742188
vn -0.277938 -0.952255 0.126336
v -166.820557 56.250000 21.023682
vt 0.109375 1.816406
vn -0.269120 -0.952734 0.140968
v -160.941406 56.250000 31.503906
vt 0.109375 1.890625
vn -0.259363 -0.953160 0.155618
v -154.551025 56.250000 41.472900
vt 0.109375 1.964844
vn -0.248707 -0.953513 0.170168
v -147.649414 56.250000 50.930664
vt 0.109375 2.039062
vn -0.237209 -0.953778 0.184496
v -140.236572 56.250000 59.877197
vt 0.109375 2.113281
vn -0.224944 -0.953943 0.198480
v -194.250000 56.250000 -128.000000
vt 0.285343 1.000000
vn 0.316228 -0.948683 0.000000
v -196.000000 56.250000 -131.750000
vt 0.301777 1.031250
vn 0.000000 -0.989950 -0.141421
v -196.000000 56.000000 -128.000000
vt 0.301777 1.000000
vn 0.000000 -1.000000 -0.000000
v -194.250000 56.496094 -131.691406
vt 0.285343 1.031250
vn 0.318396 -0.938430 -0.134061
v -196.000000 57.000000 -135.000000
vt 0.301777 1.062500
vn 0.000000 -0.948683 -0.316228
v -194.250000 57.234375 -134.890625
vt 0.285343 1.062500
vn 0.324090 -0.897479 -0.299160
v 70.890625 57.234375 130.250000
vt 0.285343 1.187500
vn 0.299160 -0.897479 -0.324090
v 71.000000 57.000000 132.000000
vt 0.301777 1.187500
vn 0.316228 -0.948683 -0.000000
v -196.000000 56.000000 -128.000000
vt 0.000000 1.000000
vn 0.000000 -1.000000 -0.000000
v -196.000000 56.250000 -131.750000
vt 0.000000 1.031250
vn 0.000000 -0.989949 -0.141421
v -197.750000 56.496094 -131.691406
vt 0.016434 1.031250
vn -0.318396 -0.938430 -0.134061
v -197.750000 56.250000 -128.000000
vt 0.016434 1.000000
vn -0.316228 -0.948683 0.000000
v 67.750000 56.250000 132.000000
vt 0.000000 1.218750
vn 0.141421 -0.989949 -0.000000
v 64.000000 56.000000 132.000000
vt 0.000000 1.250000
vn 0.000000 -1.000000 -0.000000
v 64.000000 56.250000 133.750000
vt 0.016434 1.250000
vn -0.000000 -0.948683 0.316228
v 67.691406 56.496094 133.750000
vt 0.016434 1.218750
vn 0.134061 -0.938430 0.318396
v -197.750000 57.234375 -134.890625
vt 0.016434 1.062500
vn -0.324090 -0.897479 -0.299160
v -196.000000 57.000000 -135.000000
vt 0.000000 1.062500
vn 0.000000 -0.948683 -0.316228
v 71.000000 57.000000 132.000000
vt 0.000000 1.187500
vn 0.316228 -0.948683 -0.000000
v 70.890625 57.234375 133.750000
vt 0.016434 1.187500
vn 0.299160 -0.897479 0.324090
v -196.000000 58.250000 -137.750000
vt 0.301777 1.093750
vn 0.000000 -0.857493 -0.514496
v -194.250000 58.464844 -137.597656
vt 0.285343 1.093750
vn 0.330471 -0.809316 -0.485590
v 73.597656 58.464844 130.250000
vt 0.285343 1.156250
vn 0.485590 -0.809316 -0.330471
v 73.750000 58.250000 132.000000
vt 0.301777 1.156250
vn 0.514496 -0.857493 -0.000000
v -120.467773 57.000000 72.530273
vt 0.156250 2.261719
vn 0.454024 -0.727385 -0.514561
v -128.750000 57.000000 64.750000
vt 0.156250 2.187500
vn 0.485071 -0.727607 -0.485071
v -136.530273 57.000000 56.467773
vt 0.156250 2.113281
vn 0.514561 -0.727385 -0.454024
v -143.808594 57.000000 47.683594
vt 0.156250 2.039062
vn 0.542224 -0.726731 -0.421730
v -111.683594 57.000000 79.808594
vt 0.156250 2.335938
vn 0.421730 -0.726731 -0.542224
v -150.584961 57.000000 38.397461
vt 0.156250 1.964844
vn 0.567840 -0.725677 -0.388522
v -102.397461 57.000000 86.584961
vt 0.156250 2.410156
vn 0.388522 -0.725677 -0.567840
v -156.859375 57.000000 28.609375
vt 0.156250 1.890625
vn 0.591248 -0.724279 -0.354749
v -92.609375 57.000000 92.859375
vt 0.156250 2.484375
vn 0.354749 -0.724279 -0.591248
v -162.631836 57.000000 18.319336
vt 0.156250 1.816406
vn 0.612344 -0.722602 -0.320752
v -82.319336 57.000000 98.631836
vt 0.156250 2.558594
vn 0.320751 -0.722602 -0.612344
v -167.902344 57.000000 7.527344
vt 0.156250 1.742188
vn 0.631084 -0.720726 -0.286856
v -71.527344 57.000000 103.902344
vt 0.156250 2.632812
vn 0.286856 -0.720726 -0.631084
v -172.670898 57.000000 -3.766602
vt 0.156250 1.667969
vn 0.647478 -0.718736 -0.253361
v -60.233398 57.000000 108.670898
vt 0.156250 2.707031
vn 0.253361 -0.718736 -0.647478
v -176.937500 57.000000 -15.562500
vt 0.156250 1.593750
vn 0.661581 -0.716713 -0.220527
v -48.437500 57.000000 112.937500
vt 0.156250 2.781250
vn 0.220527 -0.716713 -0.661581
v -180.702148 57.000000 -27.860352
vt 0.156250 1.519531
vn 0.673488 -0.714739 -0.188577
v -36.139648 57.000000 116.702148
vt 0.156250 2.855469
vn 0.188577 -0.714739 -0.673488
v -183.964844 57.000000 -40.660156
vt 0.156250 1.445312
vn 0.683320 -0.712887 -0.157689
v -23.339844 57.000000 119.964844
vt 0.156250 2.929687
vn 0.157689 -0.712887 -0.683320
v -133.250000 57.000000 69.250000
vt 0.093750 2.187500
vn -0.485071 -0.727607 0.485071
v -124.774414 57.000000 77.211914
vt 0.093750 2.261719
vn -0.454024 -0.727385 0.514561
v -141.211914 57.000000 60.774414
vt 0.093750 2.113281
vn -0.514561 -0.727385 0.454024
v -115.785156 57.000000 84.660156
vt 0.093750 2.335938
vn -0.421730 -0.726731 0.542224
v -148.660156 57.000000 51.785156
vt 0.093750 2.039062
vn -0.542224 -0.726731 0.421730
v -106.282227 57.000000 91.594727
vt 0.093750 2.410156
vn -0.388522 -0.725677 0.567840
v -155.594727 57.000000 42.282227
vt 0.093750 1.964844
vn -0.567840 -0.725677 0.388522
v -186.725586 57.000000 -53.961914
vt 0.156250 1.371094
vn 0.691218 -0.711219 -0.128003
v -10.038086 57.000000 122.725586
vt 0.156250 3.003906
vn 0.128003 -0.711219 -0.691218
v -96.265625 57.000000 98.015625
vt 0.093750 2.484375
vn -0.354749 -0.724279 0.591248
v -162.015625 57.000000 32.265625
vt 0.093750 1.890625
vn -0.591248 -0.724279 0.354749
v -188.984375 57.000000 -67.765625
vt 0.156250 1.296875
vn 0.697336 -0.709788 -0.099619
v 3.765625 57.000000 124.984375
vt 0.156250 3.078125
vn 0.099619 -0.709788 -0.697336
v -85.735352 57.000000 103.922852
vt 0.093750 2.558594
vn -0.320751 -0.722602 0.612344
v -167.922852 57.000000 21.735352
vt 0.093750 1.816406
vn -0.612344 -0.722602 0.320751
v -190.741211 57.000000 -82.071289
vt 0.156250 1.222656
vn 0.701829 -0.708636 -0.072603
v 18.071289 57.000000 126.741211
vt 0.156250 3.152344
vn 0.072603 -0.708636 -0.701829
v -74.691406 57.000000 109.316406
vt 0.093750 2.632812
vn -0.286856 -0.720726 0.631084
v -173.316406 57.000000 10.691406
vt 0.093750 1.742188
vn -0.631084 -0.720726 0.286856
v -191.996094 57.000000 -96.878906
vt 0.156250 1.148438
vn 0.704856 -0.707793 -0.046990
v 32.878906 57.000000 127.996094
vt 0.156250 3.226562
vn 0.046990 -0.707793 -0.704856
v -192.749023 57.000000 -112.188477
vt 0.156250 1.074219
vn 0.706567 -0.707279 -0.022792
v 48.188477 57.000000 128.749023
vt 0.156250 3.300781
vn 0.022792 -0.707279 -0.706567
v -63.133789 57.000000 114.196289
vt 0.093750 2.707031
vn -0.253361 -0.718736 0.647478
v -178.196289 57.000000 -0.866211
vt 0.093750 1.667969
vn -0.647478 -0.718736 0.253361
v -193.000000 57.000000 -128.000000
vt 0.156250 1.000000
vn 0.707107 -0.707107 -0.000000
v -193.000000 57.000000 -128.000000
vt 0.267291 1.000000
vn 0.707107 -0.707107 -0.000000
v -193.000000 57.234375 -131.515625
vt 0.267291 1.031250
vn 0.709788 -0.697336 -0.099619
v -193.000000 57.937500 -134.562500
vt 0.267291 1.062500
vn 0.716713 -0.661581 -0.220527
v 64.000000 57.000000 129.000000
vt 0.156250 3.375000
vn 0.000000 -0.707107 -0.707107
v 67.515625 57.234375 129.000000
vt 0.267291 1.218750
vn 0.099619 -0.697336 -0.709788
v 64.000000 57.000000 129.000000
vt 0.267291 1.250000
vn 0.000000 -0.707107 -0.707107
v 70.562500 57.937500 129.000000
vt 0.267291 1.187500
vn 0.220527 -0.661581 -0.716713
v -51.062500 57.000000 118.562500
vt 0.093750 2.781250
vn -0.220527 -0.716713 0.661581
v -182.562500 57.000000 -12.937500
vt 0.093750 1.593750
vn -0.661581 -0.716713 0.220527
v -38.477539 57.000000 122.415039
vt 0.093750 2.855469
vn -0.188577 -0.714739 0.673488
v -186.415039 57.000000 -25.522461
vt 0.093750 1.519531
vn -0.673488 -0.714739 0.188577
v 73.750000 58.250000 132.000000
vt 0.000000 1.156250
vn 0.514496 -0.857493 -0.000000
v 73.597656 58.464844 133.750000
vt 0.016434 1.156250
vn 0.485590 -0.809316 0.330471
v -196.000000 58.250000 -137.750000
vt 0.000000 1.093750
vn 0.000000 -0.857493 -0.514496
v -197.750000 58.464844 -137.597656
vt 0.016434 1.093750
vn -0.330471 -0.809316 -0.485590
v -25.378906 57.000000 125.753906
vt 0.093750 2.929687
vn -0.157689 -0.712887 0.683320
v -189.753906 57.000000 -38.621094
vt 0.093750 1.445312
vn -0.683320 -0.712887 0.157689
v -11.766602 57.000000 128.579102
vt 0.093750 3.003906
vn -0.128003 -0.711219 0.691218
v -192.579102 57.000000 -52.233398
vt 0.093750 1.371094
vn -0.691218 -0.711219 0.128003
v 2.359375 57.000000 130.890625
vt 0.093750 3.078125
vn -0.099619 -0.709788 0.697336
v -194.890625 57.000000 -66.359375
vt 0.093750 1.296875
vn -0.697336 -0.709788 0.099619
v 16.999023 57.000000 132.688477
vt 0.093750 3.152344
vn -0.072603 -0.708636 0.701829
v -196.688477 57.000000 -80.999023
vt 0.093750 1.222656
vn -0.701829 -0.708636 0.072603
v 32.152344 57.000000 133.972656
vt 0.093750 3.226562
vn -0.046990 -0.707793 0.704856
v -197.972656 57.000000 -96.152344
vt 0.093750 1.148438
vn -0.704856 -0.707793 0.046990
v 47.819336 57.000000 134.743164
vt 0.093750 3.300781
vn -0.022792 -0.707279 0.706567
v -198.743164 57.000000 -111.819336
vt 0.093750 1.074219
vn -0.706567 -0.707279 0.022792
v -199.000000 57.000000 -128.000000
vt 0.093750 1.000000
vn -0.707107 -0.707107 -0.000000
v -199.000000 57.234375 -131.515625
vt 0.034486 1.031250
vn -0.709788 -0.697336 -0.099619
v -199.000000 57.000000 -128.000000
vt 0.034486 1.000000
vn -0.707107 -0.707107 -0.000000
v -199.000000 57.937500 -134.562500
vt 0.034486 1.062500
vn -0.716713 -0.661581 -0.220527
v 64.000000 57.000000 135.000000
vt 0.093750 3.375000
vn 0.000000 -0.707107 0.707107
v 64.000000 57.000000 135.000000
vt 0.034486 1.250000
vn 0.000000 -0.707107 0.707107
v 67.515625 57.234375 135.000000
vt 0.034486 1.218750
vn 0.099619 -0.697336 0.709788
v 70.562500 57.937500 135.000000
vt 0.034486 1.187500
vn 0.220527 -0.661581 0.716713
v 73.140625 59.109375 129.000000
vt 0.267291 1.156250
vn 0.354749 -0.591248 -0.724279
v -193.000000 59.109375 -137.140625
vt 0.267291 1.093750
vn 0.724279 -0.591248 -0.354749
v -199.000000 59.109375 -137.140625
vt 0.034486 1.093750
vn -0.724279 -0.591248 -0.354749
v 73.140625 59.109375 135.000000
vt 0.034486 1.156250
vn 0.354749 -0.591248 0.724279
v -196.000000 60.000000 -140.000000
vt 0.301777 1.125000
vn 0.000000 -0.707107 -0.707107
v -194.250000 60.187500 -139.812500
vt 0.285343 1.125000
vn 0.333333 -0.666667 -0.666667
v 75.812500 60.187500 130.250000
vt 0.285343 1.125000
vn 0.666667 -0.666667 -0.333333
v 76.000000 60.000000 132.000000
vt 0.301777 1.125000
vn 0.707107 -0.707107 -0.000000
v -196.000000 60.000000 -140.000000
vt 0.000000 1.125000
vn 0.000000 -0.707107 -0.707107
v -197.750000 60.187500 -139.812500
vt 0.016434 1.125000
vn -0.333333 -0.666667 -0.666667
v 76.000000 60.000000 132.000000
vt 0.000000 1.125000
vn 0.707107 -0.707107 -0.000000
v 75.812500 60.187500 133.750000
vt 0.016434 1.125000
vn 0.666667 -0.666667 0.333333
v 75.250000 60.750000 129.000000
vt 0.267291 1.125000
vn 0.485071 -0.485071 -0.727607
v -193.000000 60.750000 -139.250000
vt 0.267291 1.125000
vn 0.727607 -0.485071 -0.485071
v -199.000000 60.750000 -139.250000
vt 0.034486 1.125000
vn -0.727607 -0.485071 -0.485071
v 75.250000 60.750000 135.000000
vt 0.034486 1.125000
vn 0.485071 -0.485071 0.727607
v -196.000000 62.250000 -141.750000
vt 0.301777 1.156250
vn 0.000000 -0.514496 -0.857493
v -194.250000 62.402344 -141.535156
vt 0.285343 1.156250
vn 0.330471 -0.485589 -0.809316
v 77.535156 62.402344 130.250000
vt 0.285343 1.093750
vn 0.809316 -0.485590 -0.330471
v 77.750000 62.250000 132.000000
vt 0.301777 1.093750
vn 0.857493 -0.514496 -0.000000
v -193.000000 62.859375 -140.890625
vt 0.267291 1.156250
vn 0.724279 -0.354749 -0.591248
v -196.000000 62.250000 -141.750000
vt 0.000000 1.156250
vn 0.000000 -0.514496 -0.857493
v -197.750000 62.402344 -141.535156
vt 0.016434 1.156250
vn -0.330471 -0.485590 -0.809316
v 77.750000 62.250000 132.000000
vt 0.000000 1.093750
vn 0.857493 -0.514496 -0.000000
v 77.535156 62.402344 133.750000
vt 0.016434 1.093750
vn 0.809316 -0.485589 0.330471
v -199.000000 62.859375 -140.890625
vt 0.034486 1.156250
vn -0.724279 -0.354749 -0.591248
v 76.890625 62.859375 135.000000
vt 0.034486 1.093750
vn 0.591248 -0.354749 0.724279
v -185.993896 58.250000 -54.177979
vt 0.171875 1.371094
vn 0.931724 -0.319561 -0.172542
v -188.246094 58.250000 -67.941406
vt 0.171875 1.296875
vn 0.938430 -0.318396 -0.134061
v -189.997803 58.250000 -82.205322
vt 0.171875 1.222656
vn 0.943238 -0.317462 -0.097576
v -191.249023 58.250000 -96.969727
vt 0.171875 1.148438
vn 0.946398 -0.316780 -0.063093
v -191.999756 58.250000 -112.234619
vt 0.171875 1.074219
vn 0.948144 -0.316367 -0.030585
v -192.250000 58.250000 -128.000000
vt 0.171875 1.000000
vn 0.948683 -0.316228 0.000000
v -192.250000 58.250000 -128.000000
vt 0.247621 1.000000
vn 0.948683 -0.316228 0.000000
v -192.250000 58.464844 -131.222656
vt 0.247621 1.031250
vn 0.949399 -0.310914 -0.044416
v -192.250000 59.109375 -134.015625
vt 0.247621 1.062500
vn 0.951220 -0.292683 -0.097561
v -192.250000 60.183594 -136.378906
vt 0.247621 1.093750
vn 0.953160 -0.259363 -0.155618
v 79.000000 65.000000 132.000000
vt 0.000000 1.062500
vn 0.948683 -0.316228 -0.000000
v 78.765625 65.109375 133.750000
vt 0.016434 1.062500
vn 0.897479 -0.299160 0.324090
v 78.062500 65.437500 135.000000
vt 0.034486 1.062500
vn 0.661581 -0.220527 0.716713
v -199.000000 65.437500 -142.062500
vt 0.034486 1.187500
vn -0.716713 -0.220527 -0.661581
v -197.750000 65.109375 -142.765625
vt 0.016434 1.187500
vn -0.324090 -0.299160 -0.897479
v -137.505615 199.750000 57.364990
vt 0.234375 2.113281
vn 0.224944 0.953943 -0.198480
v -129.687500 199.750000 65.687500
vt 0.234375 2.187500
vn 0.212000 0.953998 -0.212000
v -131.000000 200.000000 67.000000
vt 0.250000 2.187500
vn 0.000000 1.000000 -0.000000
v -138.871094 200.000000 58.621094
vt 0.250000 2.113281
vn 0.000000 1.000000 -0.000000
v -144.819336 199.750000 48.538086
vt 0.234375 2.039062
vn 0.237209 0.953778 -0.184496
v -146.234375 200.000000 49.734375
vt 0.250000 2.039062
vn 0.000000 1.000000 -0.000000
v -151.628662 199.750000 39.206787
vt 0.234375 1.964844
vn 0.248707 0.953513 -0.170168
v -153.089844 200.000000 40.339844
vt 0.250000 1.964844
vn 0.000000 1.000000 -0.000000
v -157.933594 199.750000 29.371094
vt 0.234375 1.890625
vn 0.259363 0.953160 -0.155618
v -159.437500 200.000000 30.437500
vt 0.250000 1.890625
vn 0.000000 1.000000 -0.000000
v -163.734131 199.750000 19.031006
vt 0.234375 1.816406
vn 0.269120 0.952734 -0.140968
v -165.277344 200.000000 20.027344
vt 0.250000 1.816406
vn 0.000000 1.000000 -0.000000
v -169.030273 199.750000 8.186523
vt 0.234375 1.742188
vn 0.277938 0.952255 -0.126336
v -170.609375 200.000000 9.109375
vt 0.250000 1.742188
vn 0.000000 1.000000 -0.000000
v -173.822021 199.750000 -3.162354
vt 0.234375 1.667969
vn 0.285795 0.951743 -0.111833
v -175.433594 200.000000 -2.316406
vt 0.250000 1.667969
vn 0.000000 1.000000 -0.000000
v -178.109375 199.750000 -15.015625
vt 0.234375 1.593750
vn 0.292683 0.951220 -0.097561
v -179.750000 200.000000 -14.250000
vt 0.250000 1.593750
vn 0.000000 1.000000 -0.000000
v -181.892334 199.750000 -27.373291
vt 0.234375 1.519531
vn 0.298612 0.950705 -0.083611
v -183.558594 200.000000 -26.691406
vt 0.250000 1.519531
vn 0.000000 1.000000 -0.000000
v -185.170898 199.750000 -40.235352
vt 0.234375 1.445312
vn 0.303603 0.950219 -0.070062
v -186.859375 200.000000 -39.640625
vt 0.250000 1.445312
vn 0.000000 1.000000 -0.000000
v -187.945068 199.750000 -53.601807
vt 0.234375 1.371094
vn 0.307690 0.949779 -0.056980
v -189.652344 200.000000 -53.097656
vt 0.250000 1.371094
vn 0.000000 1.000000 -0.000000
v -190.214844 199.750000 -67.472656
vt 0.234375 1.296875
vn 0.310914 0.949399 -0.044416
v -191.937500 200.000000 -67.062500
vt 0.250000 1.296875
vn 0.000000 1.000000 -0.000000
v -191.980225 199.750000 -81.847900
vt 0.234375 1.222656
vn 0.313325 0.949093 -0.032413
v -193.714844 200.000000 -81.535156
vt 0.250000 1.222656
vn 0.000000 1.000000 -0.000000
v -193.241211 199.750000 -96.727539
vt 0.234375 1.148438
vn 0.314977 0.948867 -0.020998
v -194.984375 200.000000 -96.515625
vt 0.250000 1.148438
vn 0.000000 1.000000 -0.000000
v -193.997803 199.750000 -112.111572
vt 0.234375 1.074219
vn 0.315925 0.948730 -0.010191
v -195.746094 200.000000 -112.003906
vt 0.250000 1.074219
vn 0.000000 1.000000 -0.000000
v -194.250000 199.750000 -128.000000
vt 0.234375 1.000000
vn 0.316228 0.948683 0.000000
v -196.000000 200.000000 -128.000000
vt 0.250000 1.000000
vn 0.000000 1.000000 -0.000000
v 48.111572 199.750000 129.997803
vt 0.234375 3.300781
vn 0.010191 0.948730 -0.315925
v 64.000000 199.750000 130.250000
vt 0.234375 3.375000
vn -0.000000 0.948683 -0.316228
v 64.000000 200.000000 132.000000
vt 0.250000 3.375000
vn 0.000000 1.000000 -0.000000
v 48.003906 200.000000 131.746094
vt 0.250000 3.300781
vn 0.000000 1.000000 -0.000000
v 32.727539 199.750000 129.241211
vt 0.234375 3.226562
vn 0.020998 0.948867 -0.314977
v 32.515625 200.000000 130.984375
vt 0.250000 3.226562
vn 0.000000 1.000000 -0.000000
v 17.847900 199.750000 127.980225
vt 0.234375 3.152344
vn 0.032413 0.949093 -0.313325
v 17.535156 200.000000 129.714844
vt 0.250000 3.152344
vn 0.000000 1.000000 -0.000000
v 3.472656 199.750000 126.214844
vt 0.234375 3.078125
vn 0.044416 0.949399 -0.310914
v 3.062500 200.000000 127.937500
vt 0.250000 3.078125
vn 0.000000 1.000000 -0.000000
v -10.398193 199.750000 123.945068
vt 0.234375 3.003906
vn 0.056980 0.949779 -0.307690
v -10.902344 200.000000 125.652344
vt 0.250000 3.003906
vn 0.000000 1.000000 -0.000000
v -23.764648 199.750000 121.170898
vt 0.234375 2.929687
vn 0.070062 0.950219 -0.303603
v -24.359375 200.000000 122.859375
vt 0.250000 2.929687
vn 0.000000 1.000000 -0.000000
v -36.626709 199.750000 117.892334
vt 0.234375 2.855469
vn 0.083611 0.950705 -0.298612
v -37.308594 200.000000 119.558594
vt 0.250000 2.855469
vn 0.000000 1.000000 -0.000000
v -48.984375 199.750000 114.109375
vt 0.234375 2.781250
vn 0.097561 0.951220 -0.292683
v -49.750000 200.000000 115.750000
vt 0.250000 2.781250
vn 0.000000 1.000000 -0.000000
v -60.837646 199.750000 109.822021
vt 0.234375 2.707031
vn 0.111833 0.951743 -0.285795
v -61.683594 200.000000 111.433594
vt 0.250000 2.707031
vn 0.000000 1.000000 -0.000000
v -72.186523 199.750000 105.030273
vt 0.234375 2.632812
vn 0.126336 0.952255 -0.277939
v -73.109375 200.000000 106.609375
vt 0.250000 2.632812
vn 0.000000 1.000000 -0.000000
v -83.031006 199.750000 99.734131
vt 0.234375 2.558594
vn 0.140968 0.952734 -0.269120
v -84.027344 200.000000 101.277344
vt 0.250000 2.558594
vn 0.000000 1.000000 -0.000000
v -93.371094 199.750000 93.933594
vt 0.234375 2.484375
vn 0.155618 0.953160 -0.259363
v -94.437500 200.000000 95.437500
vt 0.250000 2.484375
vn 0.000000 1.000000 -0.000000
v -103.206787 199.750000 87.628662
vt 0.234375 2.410156
vn 0.170168 0.953513 -0.248707
v -104.339844 200.000000 89.089844
vt 0.250000 2.410156
vn 0.000000 1.000000 -0.000000
v -112.538086 199.750000 80.819336
vt 0.234375 2.335938
vn 0.184496 0.953778 -0.237209
v -113.734375 200.000000 82.234375
vt 0.250000 2.335938
vn 0.000000 1.000000 -0.000000
v -121.364990 199.750000 73.505615
vt 0.234375 2.261719
vn 0.198480 0.953943 -0.224944
v -122.621094 200.000000 74.871094
vt 0.250000 2.261719
vn 0.000000 1.000000 -0.000000
v -194.250000 199.503906 -131.691406
vt 0.285343 1.218750
vn 0.318396 0.938430 -0.134061
v -194.250000 199.750000 -128.000000
vt 0.285343 1.250000
vn 0.316228 0.948683 0.000000
v -196.000000 200.000000 -128.000000
vt 0.301777 1.250000
vn 0.000000 1.000000 -0.000000
v -196.000000 199.750000 -131.750000
vt 0.301777 1.218750
vn 0.000000 0.989950 -0.141421
v 64.000000 199.750000 130.250000
vt 0.285343 1.000000
vn -0.000000 0.948683 -0.316228
v 67.750000 199.750000 132.000000
vt 0.301777 1.031250
vn 0.141421 0.989950 -0.000000
v 64.000000 200.000000 132.000000
vt 0.301777 1.000000
vn 0.000000 1.000000 -0.000000
v 67.691406 199.503906 130.250000
vt 0.285343 1.031250
vn 0.134061 0.938430 -0.318396
v -194.250000 198.765625 -134.890625
vt 0.285343 1.187500
vn 0.324090 0.897479 -0.299160
v -196.000000 199.000000 -135.000000
vt 0.301777 1.187500
vn 0.000000 0.948683 -0.316228
v 71.000000 199.000000 132.000000
vt 0.301777 1.062500
vn 0.316228 0.948683 -0.000000
v 70.890625 198.765625 130.250000
vt 0.285343 1.062500
vn 0.299160 0.897479 -0.324090
v -138.871094 200.000000 58.621094
vt 0.000000 2.113281
vn 0.000000 1.000000 -0.000000
v -131.000000 200.000000 67.000000
vt 0.000000 2.187500
vn 0.000000 1.000000 -0.000000
v -132.312500 199.750000 68.312500
vt 0.015625 2.187500
vn -0.212000 0.953998 0.212000
v -140.236572 199.750000 59.877197
vt 0.015625 2.113281
vn -0.224944 0.953943 0.198480
v -146.234375 200.000000 49.734375
vt 0.000000 2.039062
vn 0.000000 1.000000 -0.000000
v -147.649414 199.750000 50.930664
vt 0.015625 2.039062
vn -0.237209 0.953778 0.184496
v -153.089844 200.000000 40.339844
vt 0.000000 1.964844
vn 0.000000 1.000000 -0.000000
v -154.551025 199.750000 41.472900
vt 0.015625 1.964844
vn -0.248707 0.953513 0.170168
v -159.437500 200.000000 30.437500
vt 0.000000 1.890625
vn 0.000000 1.000000 -0.000000
v -160.941406 199.750000 31.503906
vt 0.015625 1.890625
vn -0.259363 0.953160 0.155618
v -165.277344 200.000000 20.027344
vt 0.000000 1.816406
vn 0.000000 1.000000 -0.000000
v -166.820557 199.750000 21.023682
vt 0.015625 1.816406
vn -0.269120 0.952734 0.140968
v -170.609375 200.000000 9.109375
vt 0.000000 1.742188
vn 0.000000 1.000000 -0.000000
v -172.188477 199.750000 10.032227
vt 0.015625 1.742188
vn -0.277938 0.952255 0.126336
v -175.433594 200.000000 -2.316406
vt 0.000000 1.667969
vn 0.000000 1.000000 -0.000000
v -177.045166 199.750000 -1.470459
vt 0.015625 1.667969
vn -0.285795 0.951743 0.111833
v -179.750000 200.000000 -14.250000
vt 0.000000 1.593750
vn 0.000000 1.000000 -0.000000
v -181.390625 199.750000 -13.484375
vt 0.015625 1.593750
vn -0.292683 0.951220 0.097561
v -183.558594 200.000000 -26.691406
vt 0.000000 1.519531
vn 0.000000 1.000000 -0.000000
v -185.224854 199.750000 -26.009521
vt 0.015625 1.519531
vn -0.298612 0.950705 0.083611
v -186.859375 200.000000 -39.640625
vt 0.000000 1.445312
vn 0.000000 1.000000 -0.000000
v -188.547852 199.750000 -39.045898
vt 0.015625 1.445312
vn -0.303603 0.950219 0.070062
v -189.652344 200.000000 -53.097656
vt 0.000000 1.371094
vn 0.000000 1.000000 -0.000000
v -191.359619 199.750000 -52.593506
vt 0.015625 1.371094
vn -0.307690 0.949779 0.056980
v -191.937500 200.000000 -67.062500
vt 0.000000 1.296875
vn 0.000000 1.000000 -0.000000
v -193.660156 199.750000 -66.652344
vt 0.015625 1.296875
vn -0.310914 0.949399 0.044416
v -193.714844 200.000000 -81.535156
vt 0.000000 1.222656
vn 0.000000 1.000000 -0.000000
v -195.449463 199.750000 -81.222412
vt 0.015625 1.222656
vn -0.313325 0.949093 0.032413
v -194.984375 200.000000 -96.515625
vt 0.000000 1.148438
vn 0.000000 1.000000 -0.000000
v -196.727539 199.750000 -96.303711
vt 0.015625 1.148438
vn -0.314977 0.948867 0.020998
v -195.746094 200.000000 -112.003906
vt 0.000000 1.074219
vn 0.000000 1.000000 -0.000000
v -197.494385 199.750000 -111.896240
vt 0.015625 1.074219
vn -0.315925 0.948730 0.010191
v -196.000000 200.000000 -128.000000
vt 0.000000 1.000000
vn 0.000000 1.000000 -0.000000
v -197.750000 199.750000 -128.000000
vt 0.015625 1.000000
vn -0.316228 0.948683 0.000000
v 48.003906 200.000000 131.746094
vt 0.000000 3.300781
vn 0.000000 1.000000 -0.000000
v 64.000000 200.000000 132.000000
vt 0.000000 3.375000
vn 0.000000 1.000000 -0.000000
v 64.000000 199.750000 133.750000
vt 0.015625 3.375000
vn -0.000000 0.948683 0.316228
v 47.896240 199.750000 133.494385
vt 0.015625 3.300781
vn -0.010191 0.948730 0.315925
v 32.515625 200.000000 130.984375
vt 0.000000 3.226562
vn 0.000000 1.000000 -0.000000
v 32.303711 199.750000 132.727539
vt 0.015625 3.226562
vn -0.020998 0.948867 0.314977
v 17.535156 200.000000 129.714844
vt 0.000000 3.152344
vn 0.000000 1.000000 -0.000000
v 17.222412 199.750000 131.449463
vt 0.015625 3.152344
vn -0.032413 0.949093 0.313325
v 3.062500 200.000000 127.937500
vt 0.000000 3.078125
vn 0.000000 1.000000 -0.000000
v 2.652344 199.750000 129.660156
vt 0.015625 3.078125
vn -0.044416 0.949399 0.310914
v -10.902344 200.000000 125.652344
vt 0.000000 3.003906
vn 0.000000 1.000000 -0.000000
v -11.406494 199.750000 127.359619
vt 0.015625 3.003906
vn -0.056980 0.949779 0.307690
v -24.359375 200.000000 122.859375
vt 0.000000 2.929687
vn 0.000000 1.000000 -0.000000
v -24.954102 199.750000 124.547852
vt 0.015625 2.929687
vn -0.070062 0.950219 0.303603
v -37.308594 200.000000 119.558594
vt 0.000000 2.855469
vn 0.000000 1.000000 -0.000000
v -37.990479 199.750000 121.224854
vt 0.015625 2.855469
vn -0.083611 0.950705 0.298612
v -49.750000 200.000000 115.750000
vt 0.000000 2.781250
vn 0.000000 1.000000 -0.000000
v -50.515625 199.750000 117.390625
vt 0.015625 2.781250
vn -0.097561 0.951220 0.292683
v -61.683594 200.000000 111.433594
vt 0.000000 2.707031
vn 0.000000 1.000000 -0.000000
v -62.529541 199.750000 113.045166
vt 0.015625 2.707031
vn -0.111833 0.951743 0.285795
v -73.109375 200.000000 106.609375
vt 0.000000 2.632812
vn 0.000000 1.000000 -0.000000
v -74.032227 199.750000 108.188477
vt 0.015625 2.632812
vn -0.126336 0.952255 0.277938
v -84.027344 200.000000 101.277344
vt 0.000000 2.558594
vn 0.000000 1.000000 -0.000000
v -85.023682 199.750000 102.820557
vt 0.015625 2.558594
vn -0.140968 0.952734 0.269120
v -94.437500 200.000000 95.437500
vt 0.000000 2.484375
vn 0.000000 1.000000 -0.000000
v -95.503906 199.750000 96.941406
vt 0.015625 2.484375
vn -0.155618 0.953160 0.259363
v -104.339844 200.000000 89.089844
vt 0.000000 2.410156
vn 0.000000 1.000000 -0.000000
v -105.472900 199.750000 90.551025
vt 0.015625 2.410156
vn -0.170168 0.953513 0.248707
v -113.734375 200.000000 82.234375
vt 0.000000 2.335938
vn 0.000000 1.000000 -0.000000
v -114.930664 199.750000 83.649414
vt 0.015625 2.335938
vn -0.184496 0.953778 0.237209
v -122.621094 200.000000 74.871094
vt 0.000000 2.261719
vn 0.000000 1.000000 -0.000000
v -123.877197 199.750000 76.236572
vt 0.015625 2.261719
vn -0.198480 0.953943 0.224944
v 64.000000 200.000000 132.000000
vt 0.000000 1.000000
vn 0.000000 1.000000 -0.000000
v 67.691406 199.503906 133.750000
vt 0.016434 1.031250
vn 0.134061 0.938430 0.318396
v 64.000000 199.750000 133.750000
vt 0.016434 1.000000
vn -0.000000 0.948683 0.316228
v 67.750000 199.750000 132.000000
vt 0.000000 1.031250
vn 0.141421 0.989949 -0.000000
v -196.000000 199.750000 -131.750000
vt 0.000000 1.218750
vn 0.000000 0.989949 -0.141421
v -196.000000 200.000000 -128.000000
vt 0.000000 1.250000
vn 0.000000 1.000000 -0.000000
v -197.750000 199.750000 -128.000000
vt 0.016434 1.250000
vn -0.316228 0.948683 0.000000
v -197.750000 199.503906 -131.691406
vt 0.016434 1.218750
vn -0.318396 0.938430 -0.134061
v 70.890625 198.765625 133.750000
vt 0.016434 1.062500
vn 0.299160 0.897479 0.324090
v 71.000000 199.000000 132.000000
vt 0.000000 1.062500
vn 0.316228 0.948683 -0.000000
v -196.000000 199.000000 -135.000000
vt 0.000000 1.187500
vn 0.000000 0.948683 -0.316228
v -197.750000 198.765625 -134.890625
vt 0.016434 1.187500
vn -0.324090 0.897479 -0.299160
v 73.750000 197.750000 132.000000
vt 0.301777 1.093750
vn 0.514496 0.857493 -0.000000
v 73.597656 197.535156 130.250000
vt 0.285343 1.093750
vn 0.485590 0.809316 -0.330471
v -194.250000 197.535156 -137.597656
vt 0.285343 1.156250
vn 0.330471 0.809316 -0.485590
v -196.000000 197.750000 -137.750000
vt 0.301777 1.156250
vn 0.000000 0.857493 -0.514496
v -136.530273 199.000000 56.467773
vt 0.218750 2.113281
vn 0.514561 0.727385 -0.454024
v -128.750000 199.000000 64.750000
vt 0.218750 2.187500
vn 0.485071 0.727607 -0.485071
v -120.467773 199.000000 72.530273
vt 0.218750 2.261719
vn 0.454024 0.727385 -0.514561
v -111.683594 199.000000 79.808594
vt 0.218750 2.335938
vn 0.421730 0.726731 -0.542224
v -143.808594 199.000000 47.683594
vt 0.218750 2.039062
vn 0.542224 0.726731 -0.421730
v -102.397461 199.000000 86.584961
vt 0.218750 2.410156
vn 0.388522 0.725677 -0.567840
v -150.584961 199.000000 38.397461
vt 0.218750 1.964844
vn 0.567840 0.725677 -0.388522
v -92.609375 199.000000 92.859375
vt 0.218750 2.484375
vn 0.354749 0.724279 -0.591248
v -156.859375 199.000000 28.609375
vt 0.218750 1.890625
vn 0.591248 0.724279 -0.354749
v -82.319336 199.000000 98.631836
vt 0.218750 2.558594
vn 0.320751 0.722602 -0.612344
v -162.631836 199.000000 18.319336
vt 0.218750 1.816406
vn 0.612344 0.722602 -0.320751
v -71.527344 199.000000 103.902344
vt 0.218750 2.632812
vn 0.286856 0.720726 -0.631084
v -167.902344 199.000000 7.527344
vt 0.218750 1.742188
vn 0.631084 0.720726 -0.286856
v -60.233398 199.000000 108.670898
vt 0.218750 2.707031
vn 0.253361 0.718736 -0.647478
v -172.670898 199.000000 -3.766602
vt 0.218750 1.667969
vn 0.647478 0.718736 -0.253361
v -48.437500 199.000000 112.937500
vt 0.218750 2.781250
vn 0.220527 0.716713 -0.661582
v -176.937500 199.000000 -15.562500
vt 0.218750 1.593750
vn 0.661581 0.716713 -0.220527
v -36.139648 199.000000 116.702148
vt 0.218750 2.855469
vn 0.188577 0.714739 -0.673488
v -180.702148 199.000000 -27.860352
vt 0.218750 1.519531
vn 0.673488 0.714739 -0.188577
v -23.339844 199.000000 119.964844
vt 0.218750 2.929687
vn 0.157689 0.712887 -0.683320
v -183.964844 199.000000 -40.660156
vt 0.218750 1.445312
vn 0.683320 0.712887 -0.157689
v -133.250000 199.000000 69.250000
vt 0.031250 2.187500
vn -0.485071 0.727607 0.485071
v -141.211914 199.000000 60.774414
vt 0.031250 2.113281
vn -0.514561 0.727385 0.454024
v -124.774414 199.000000 77.211914
vt 0.031250 2.261719
vn -0.454024 0.727385 0.514561
v -148.660156 199.000000 51.785156
vt 0.031250 2.039062
vn -0.542224 0.726731 0.421730
v -115.785156 199.000000 84.660156
vt 0.031250 2.335938
vn -0.421730 0.726731 0.542224
v -155.594727 199.000000 42.282227
vt 0.031250 1.964844
vn -0.567840 0.725677 0.388522
v -106.282227 199.000000 91.594727
vt 0.031250 2.410156
vn -0.388522 0.725677 0.567840
v -10.038086 199.000000 122.725586
vt 0.218750 3.003906
vn 0.128003 0.711219 -0.691218
v -186.725586 199.000000 -53.961914
vt 0.218750 1.371094
vn 0.691218 0.711219 -0.128003
v -162.015625 199.000000 32.265625
vt 0.031250 1.890625
vn -0.591248 0.724279 0.354749
v -96.265625 199.000000 98.015625
vt 0.031250 2.484375
vn -0.354749 0.724279 0.591248
v 3.765625 199.000000 124.984375
vt 0.218750 3.078125
vn 0.099619 0.709788 -0.697336
v -188.984375 199.000000 -67.765625
vt 0.218750 1.296875
vn 0.697336 0.709788 -0.099619
v -167.922852 199.000000 21.735352
vt 0.031250 1.816406
vn -0.612344 0.722602 0.320752
v -85.735352 199.000000 103.922852
vt 0.031250 2.558594
vn -0.320752 0.722602 0.612344
v 18.071289 199.000000 126.741211
vt 0.218750 3.152344
vn 0.072603 0.708636 -0.701829
v -190.741211 199.000000 -82.071289
vt 0.218750 1.222656
vn 0.701829 0.708636 -0.072603
v -173.316406 199.000000 10.691406
vt 0.031250 1.742188
vn -0.631084 0.720726 0.286856
v -74.691406 199.000000 109.316406
vt 0.031250 2.632812
vn -0.286856 0.720726 0.631084
v 32.878906 199.000000 127.996094
vt 0.218750 3.226562
vn 0.046990 0.707793 -0.704856
v -191.996094 199.000000 -96.878906
vt 0.218750 1.148438
vn 0.704856 0.707793 -0.046990
v 48.188477 199.000000 128.749023
vt 0.218750 3.300781
vn 0.022792 0.707279 -0.706567
v -192.749023 199.000000 -112.188477
vt 0.218750 1.074219
vn 0.706567 0.707279 -0.022792
v -178.196289 199.000000 -0.866211
vt 0.031250 1.667969
vn -0.647478 0.718736 0.253361
v -63.133789 199.000000 114.196289
vt 0.031250 2.707031
vn -0.253361 0.718736 0.647478
v 64.000000 199.000000 129.000000
vt 0.218750 3.375000
vn 0.000000 0.707107 -0.707107
v 64.000000 199.000000 129.000000
vt 0.267291 1.000000
vn 0.000000 0.707107 -0.707107
v 67.515625 198.765625 129.000000
vt 0.267291 1.031250
vn 0.099619 0.697336 -0.709788
v 70.562500 198.062500 129.000000
vt 0.267291 1.062500
vn 0.220527 0.661581 -0.716713
v -193.000000 199.000000 -128.000000
vt 0.218750 1.000000
vn 0.707107 0.707107 -0.000000
v -193.000000 198.765625 -131.515625
vt 0.267291 1.218750
vn 0.709788 0.697336 -0.099619
v -193.000000 199.000000 -128.000000
vt 0.267291 1.250000
vn 0.707107 0.707107 -0.000000
v -193.000000 198.062500 -134.562500
vt 0.267291 1.187500
vn 0.716713 0.661581 -0.220527
v -182.562500 199.000000 -12.937500
vt 0.031250 1.593750
vn -0.661581 0.716713 0.220527
v -51.062500 199.000000 118.562500
vt 0.031250 2.781250
vn -0.220527 0.716713 0.661581
v -186.415039 199.000000 -25.522461
vt 0.031250 1.519531
vn -0.673488 0.714739 0.188577
v -38.477539 199.000000 122.415039
vt 0.031250 2.855469
vn -0.188577 0.714739 0.673488
v -196.000000 197.750000 -137.750000
vt 0.000000 1.156250
vn 0.000000 0.857493 -0.514496
v -197.750000 197.535156 -137.597656
vt 0.016434 1.156250
vn -0.330471 0.809316 -0.485590
v 73.750000 197.750000 132.000000
vt 0.000000 1.093750
vn 0.514496 0.857493 -0.000000
v 73.597656 197.535156 133.750000
vt 0.016434 1.093750
vn 0.485590 0.809316 0.330471
v -189.753906 199.000000 -38.621094
vt 0.031250 1.445312
vn -0.683320 0.712887 0.157689
v -25.378906 199.000000 125.753906
vt 0.031250 2.929687
vn -0.157689 0.712887 0.683320
v -192.579102 199.000000 -52.233398
vt 0.031250 1.371094
vn -0.691218 0.711219 0.128003
v -11.766602 199.000000 128.579102
vt 0.031250 3.003906
vn -0.128003 0.711219 0.691218
v -194.890625 199.000000 -66.359375
vt 0.031250 1.296875
vn -0.697336 0.709788 0.099619
v 2.359375 199.000000 130.890625
vt 0.031250 3.078125
vn -0.099619 0.709788 0.697336
v -196.688477 199.000000 -80.999023
vt 0.031250 1.222656
vn -0.701829 0.708636 0.072603
v 16.999023 199.000000 132.688477
vt 0.031250 3.152344
vn -0.072603 0.708636 0.701829
v -197.972656 199.000000 -96.152344
vt 0.031250 1.148438
vn -0.704856 0.707793 0.046990
v 32.152344 199.000000 133.972656
vt 0.031250 3.226562
vn -0.046990 0.707793 0.704856
v -198.743164 199.000000 -111.819336
vt 0.031250 1.074219
vn -0.706567 0.707279 0.022792
v 47.819336 199.000000 134.743164
vt 0.031250 3.300781
vn -0.022792 0.707279 0.706567
v 64.000000 199.000000 135.000000
vt 0.031250 3.375000
vn 0.000000 0.707107 0.707107
v 67.515625 198.765625 135.000000
vt 0.034486 1.031250
vn 0.099619 0.697336 0.709788
v 64.000000 199.000000 135.000000
vt 0.034486 1.000000
vn 0.000000 0.707107 0.707107
v 70.562500 198.062500 135.000000
vt 0.034486 1.062500
vn 0.220527 0.661581 0.716713
v -199.000000 199.000000 -128.000000
vt 0.031250 1.000000
vn -0.707107 0.707107 -0.000000
v -199.000000 199.000000 -128.000000
vt 0.034486 1.250000
vn -0.707107 0.707107 -0.000000
v -199.000000 198.765625 -131.515625
vt 0.034486 1.218750
vn -0.709788 0.697336 -0.099619
v -199.000000 198.062500 -134.562500
vt 0.034486 1.187500
vn -0.716713 0.661581 -0.220527
v -193.000000 196.890625 -137.140625
vt 0.267291 1.156250
vn 0.724279 0.591248 -0.354749
v 73.140625 196.890625 129.000000
vt 0.267291 1.093750
vn 0.354749 0.591248 -0.724279
v 73.140625 196.890625 135.000000
vt 0.034486 1.093750
vn 0.354749 0.591248 0.724279
v -199.000000 196.890625 -137.140625
vt 0.034486 1.156250
vn -0.724279 0.591248 -0.354749
v 76.000000 196.000000 132.000000
vt 0.301777 1.125000
vn 0.707107 0.707107 -0.000000
v 75.812500 195.812500 130.250000
vt 0.285343 1.125000
vn 0.666667 0.666667 -0.333333
v -194.250000 195.812500 -139.812500
vt 0.285343 1.125000
vn 0.333333 0.666667 -0.666667
v -196.000000 196.000000 -140.000000
vt 0.301777 1.125000
vn 0.000000 0.707107 -0.707107
v 76.000000 196.000000 132.000000
vt 0.000000 1.125000
vn 0.707107 0.707107 -0.000000
v 75.812500 195.812500 133.750000
vt 0.016434 1.125000
vn 0.666667 0.666667 0.333333
v -196.000000 196.000000 -140.000000
vt 0.000000 1.125000
vn 0.000000 0.707107 -0.707107
v -197.750000 195.812500 -139.812500
vt 0.016434 1.125000
vn -0.333333 0.666667 -0.666667
v -193.000000 195.250000 -139.250000
vt 0.267291 1.125000
vn 0.727607 0.485071 -0.485071
v 75.250000 195.250000 129.000000
vt 0.267291 1.125000
vn 0.485071 0.485071 -0.727607
v 75.250000 195.250000 135.000000
vt 0.034486 1.125000
vn 0.485071 0.485071 0.727607
v -199.000000 195.250000 -139.250000
vt 0.034486 1.125000
vn -0.727607 0.485071 -0.485071
v 77.750000 193.750000 132.000000
vt 0.301777 1.156250
vn 0.857493 0.514496 -0.000000
v 77.535156 193.597656 130.250000
vt 0.285343 1.156250
vn 0.809316 0.485589 -0.330471
v -194.250000 193.597656 -141.535156
vt 0.285343 1.093750
vn 0.330471 0.485590 -0.809316
v -196.000000 193.750000 -141.750000
vt 0.301777 1.093750
vn 0.000000 0.514496 -0.857493
v -193.000000 193.140625 -140.890625
vt 0.267291 1.093750
vn 0.724279 0.354749 -0.591248
v -196.000000 193.750000 -141.750000
vt 0.000000 1.093750
vn 0.000000 0.514496 -0.857493
v -197.750000 193.597656 -141.535156
vt 0.016434 1.093750
vn -0.330471 0.485589 -0.809316
v 77.750000 193.750000 132.000000
vt 0.000000 1.156250
vn 0.857493 0.514496 -0.000000
v 77.535156 193.597656 133.750000
vt 0.016434 1.156250
vn 0.809316 0.485590 0.330471
v -199.000000 193.140625 -140.890625
vt 0.034486 1.093750
vn -0.724279 0.354749 -0.591248
v 76.890625 193.140625 135.000000
vt 0.034486 1.156250
vn 0.591248 0.354749 0.724279
v -188.246094 197.750000 -67.941406
vt 0.203125 1.296875
vn 0.938430 0.318396 -0.134061
v -185.993896 197.750000 -54.177979
vt 0.203125 1.371094
vn 0.931724 0.319561 -0.172542
v -189.997803 197.750000 -82.205322
vt 0.203125 1.222656
vn 0.943238 0.317462 -0.097576
v -191.249023 197.750000 -96.969727
vt 0.203125 1.148438
vn 0.946398 0.316780 -0.063093
v -191.999756 197.750000 -112.234619
vt 0.203125 1.074219
vn 0.948144 0.316367 -0.030585
v -192.250000 197.750000 -128.000000
vt 0.203125 1.000000
vn 0.948683 0.316228 0.000000
v -192.250000 197.535156 -131.222656
vt 0.247621 1.218750
vn 0.949399 0.310914 -0.044416
v -192.250000 197.750000 -128.000000
vt 0.247621 1.250000
vn 0.948683 0.316228 0.000000
v -192.250000 196.890625 -134.015625
vt 0.247621 1.187500
vn 0.951220 0.292683 -0.097561
v -192.250000 195.816406 -136.378906
vt 0.247621 1.156250
vn 0.953160 0.259363 -0.155618
v -197.750000 190.890625 -142.765625
vt 0.016434 1.062500
vn -0.324090 0.299160 -0.897479
v -199.000000 190.562500 -142.062500
vt 0.034486 1.062500
vn -0.716713 0.220527 -0.661581
v 78.062500 190.562500 135.000000
vt 0.034486 1.187500
vn 0.661581 0.220527 0.716713
v 78.765625 190.890625 133.750000
vt 0.016434 1.187500
vn 0.897479 0.299160 0.324090
v -132.312500 192.250000 68.312500
vt 0.109375 2.187500
vn -0.212000 -0.953998 0.212000
v -122.621094 192.000000 74.871094
vt 0.125000 2.261719
vn 0.000000 -1.000000 -0.000000
v -131.000000 192.000000 67.000000
vt 0.125000 2.187500
vn 0.000000 -1.000000 -0.000000
v -140.236572 192.250000 59.877197
vt 0.109375 2.113281
vn -0.224944 -0.953943 0.198480
v -138.871094 192.000000 58.621094
vt 0.125000 2.113281
vn 0.000000 -1.000000 -0.000000
v -147.649414 192.250000 50.930664
vt 0.109375 2.039062
vn -0.237209 -0.953778 0.184496
v -146.234375 192.000000 49.734375
vt 0.125000 2.039062
vn 0.000000 -1.000000 -0.000000
v -154.551025 192.250000 41.472900
vt 0.109375 1.964844
vn -0.248707 -0.953513 0.170168
v -153.089844 192.000000 40.339844
vt 0.125000 1.964844
vn 0.000000 -1.000000 -0.000000
v -160.941406 192.250000 31.503906
vt 0.109375 1.890625
vn -0.259363 -0.953160 0.155618
v -159.437500 192.000000 30.437500
vt 0.125000 1.890625
vn 0.000000 -1.000000 -0.000000
v -166.820557 192.250000 21.023682
vt 0.109375 1.816406
vn -0.269120 -0.952734 0.140968
v -165.277344 192.000000 20.027344
vt 0.125000 1.816406
vn 0.000000 -1.000000 -0.000000
v -172.188477 192.250000 10.032227
vt 0.109375 1.742188
vn -0.277938 -0.952255 0.126336
v -170.609375 192.000000 9.109375
vt 0.125000 1.742188
vn 0.000000 -1.000000 -0.000000
v -177.045166 192.250000 -1.470459
vt 0.109375 1.667969
vn -0.285795 -0.951743 0.111833
v -175.433594 192.000000 -2.316406
vt 0.125000 1.667969
vn 0.000000 -1.000000 -0.000000
v -181.390625 192.250000 -13.484375
vt 0.109375 1.593750
vn -0.292683 -0.951220 0.097561
v -179.750000 192.000000 -14.250000
vt 0.125000 1.593750
vn 0.000000 -1.000000 -0.000000
v -185.224854 192.250000 -26.009521
vt 0.109375 1.519531
vn -0.298612 -0.950705 0.083611
v -183.558594 192.000000 -26.691406
vt 0.125000 1.519531
vn 0.000000 -1.000000 -0.000000
v -188.547852 192.250000 -39.045898
vt 0.109375 1.445312
vn -0.303603 -0.950219 0.070062
v -186.859375 192.000000 -39.640625
vt 0.125000 1.445312
vn 0.000000 -1.000000 -0.000000
v -191.359619 192.250000 -52.593506
vt 0.109375 1.371094
vn -0.307690 -0.949779 0.056980
v -189.652344 192.000000 -53.097656
vt 0.125000 1.371094
vn 0.000000 -1.000000 -0.000000
v -193.660156 192.250000 -66.652344
vt 0.109375 1.296875
vn -0.310914 -0.949399 0.044416
v -191.937500 192.000000 -67.062500
vt 0.125000 1.296875
vn 0.000000 -1.000000 -0.000000
v -195.449463 192.250000 -81.222412
vt 0.109375 1.222656
vn -0.313325 -0.949093 0.032413
v -193.714844 192.000000 -81.535156
vt 0.125000 1.222656
vn 0.000000 -1.000000 -0.000000
v -196.727539 192.250000 -96.303711
vt 0.109375 1.148438
vn -0.314977 -0.948867 0.020998
v -194.984375 192.000000 -96.515625
vt 0.125000 1.148438
vn 0.000000 -1.000000 -0.000000
v -197.494385 192.250000 -111.896240
vt 0.109375 1.074219
vn -0.315925 -0.948730 0.010191
v -195.746094 192.000000 -112.003906
vt 0.125000 1.074219
vn 0.000000 -1.000000 -0.000000
v -197.750000 192.250000 -128.000000
vt 0.109375 1.000000
vn -0.316228 -0.948683 0.000000
v -196.000000 192.000000 -128.000000
vt 0.125000 1.000000
vn 0.000000 -1.000000 -0.000000
v 47.896240 192.250000 133.494385
vt 0.109375 3.300781
vn -0.010191 -0.948730 0.315925
v 64.000000 192.250000 133.750000
vt 0.109375 3.375000
vn -0.000000 -0.948683 0.316228
v 64.000000 192.000000 132.000000
vt 0.125000 3.375000
vn 0.000000 -1.000000 -0.000000
v 48.003906 192.000000 131.746094
vt 0.125000 3.300781
vn 0.000000 -1.000000 -0.000000
v 32.303711 192.250000 132.727539
vt 0.109375 3.226562
vn -0.020998 -0.948867 0.314977
v 32.515625 192.000000 130.984375
vt 0.125000 3.226562
vn 0.000000 -1.000000 -0.000000
v 17.222412 192.250000 131.449463
vt 0.109375 3.152344
vn -0.032413 -0.949093 0.313325
v 17.535156 192.000000 129.714844
vt 0.125000 3.152344
vn 0.000000 -1.000000 -0.000000
v 2.652344 192.250000 129.660156
vt 0.109375 3.078125
vn -0.044416 -0.949399 0.310914
v 3.062500 192.000000 127.937500
vt 0.125000 3.078125
vn 0.000000 -1.000000 -0.000000
v -11.406494 192.250000 127.359619
vt 0.109375 3.003906
vn -0.056980 -0.949779 0.307690
v -10.902344 192.000000 125.652344
vt 0.125000 3.003906
vn 0.000000 -1.000000 -0.000000
v -24.954102 192.250000 124.547852
vt 0.109375 2.929687
vn -0.070062 -0.950219 0.303603
v -24.359375 192.000000 122.859375
vt 0.125000 2.929687
vn 0.000000 -1.000000 -0.000000
v -37.990479 192.250000 121.224854
vt 0.109375 2.855469
vn -0.083611 -0.950705 0.298612
v -37.308594 192.000000 119.558594
vt 0.125000 2.855469
vn 0.000000 -1.000000 -0.000000
v -50.515625 192.250000 117.390625
vt 0.109375 2.781250
vn -0.097561 -0.951220 0.292683
v -49.750000 192.000000 115.750000
vt 0.125000 2.781250
vn 0.000000 -1.000000 -0.000000
v -62.529541 192.250000 113.045166
vt 0.109375 2.707031
vn -0.111833 -0.951743 0.285795
v -61.683594 192.000000 111.433594
vt 0.125000 2.707031
vn 0.000000 -1.000000 -0.000000
v -74.032227 192.250000 108.188477
vt 0.109375 2.632812
vn -0.126336 -0.952255 0.277938
v -73.109375 192.000000 106.609375
vt 0.125000 2.632812
vn 0.000000 -1.000000 -0.000000
v -85.023682 192.250000 102.820557
vt 0.109375 2.558594
vn -0.140968 -0.952734 0.269120
v -84.027344 192.000000 101.277344
vt 0.125000 2.558594
vn 0.000000 -1.000000 -0.000000
v -95.503906 192.250000 96.941406
vt 0.109375 2.484375
vn -0.155618 -0.953160 0.259363
v -94.437500 192.000000 95.437500
vt 0.125000 2.484375
vn 0.000000 -1.000000 -0.000000
v -105.472900 192.250000 90.551025
vt 0.109375 2.410156
vn -0.170168 -0.953513 0.248707
v -104.339844 192.000000 89.089844
vt 0.125000 2.410156
vn 0.000000 -1.000000 -0.000000
v -114.930664 192.250000 83.649414
vt 0.109375 2.335938
vn -0.184496 -0.953778 0.237209
v -113.734375 192.000000 82.234375
vt 0.125000 2.335938
vn 0.000000 -1.000000 -0.000000
v -123.877197 192.250000 76.236572
vt 0.109375 2.261719
vn -0.198480 -0.953943 0.224944
v 64.000000 192.250000 133.750000
vt 0.134454 1.000000
vn -0.000000 -0.948683 0.316228
v 65.875000 191.875000 132.000000
vt 0.150888 1.031250
vn -0.141421 -0.989950 -0.000000
v 64.000000 192.000000 132.000000
vt 0.150888 1.000000
vn 0.000000 -1.000000 -0.000000
v 65.933594 192.121094 133.750000
vt 0.134454 1.031250
vn -0.134061 -0.938430 0.318396
v -121.364990 192.250000 73.505615
vt 0.140625 2.261719
vn 0.198480 -0.953943 -0.224944
v -112.538086 192.250000 80.819336
vt 0.140625 2.335938
vn 0.184496 -0.953778 -0.237209
v -103.206787 192.250000 87.628662
vt 0.140625 2.410156
vn 0.170168 -0.953513 -0.248707
v -93.371094 192.250000 93.933594
vt 0.140625 2.484375
vn 0.155618 -0.953160 -0.259363
v -83.031006 192.250000 99.734131
vt 0.140625 2.558594
vn 0.140968 -0.952734 -0.269120
v -72.186523 192.250000 105.030273
vt 0.140625 2.632812
vn 0.126336 -0.952255 -0.277938
v -60.837646 192.250000 109.822021
vt 0.140625 2.707031
vn 0.111833 -0.951743 -0.285795
v -48.984375 192.250000 114.109375
vt 0.140625 2.781250
vn 0.097561 -0.951219 -0.292683
v -36.626709 192.250000 117.892334
vt 0.140625 2.855469
vn 0.083611 -0.950705 -0.298612
v -23.764648 192.250000 121.170898
vt 0.140625 2.929687
vn 0.070062 -0.950219 -0.303603
v -10.398193 192.250000 123.945068
vt 0.140625 3.003906
vn 0.056980 -0.949779 -0.307690
v 3.472656 192.250000 126.214844
vt 0.140625 3.078125
vn 0.044416 -0.949399 -0.310914
v 17.847900 192.250000 127.980225
vt 0.140625 3.152344
vn 0.032413 -0.949093 -0.313325
v 32.727539 192.250000 129.241211
vt 0.140625 3.226562
vn 0.020998 -0.948867 -0.314977
v 48.111572 192.250000 129.997803
vt 0.140625 3.300781
vn 0.010191 -0.948730 -0.315925
v 64.000000 192.250000 130.250000
vt 0.140625 3.375000
vn 0.000000 -0.948683 -0.316228
v -193.997803 192.250000 -112.111572
vt 0.140625 1.074219
vn 0.315925 -0.948730 -0.010191
v -194.250000 192.250000 -128.000000
vt 0.140625 1.000000
vn 0.316228 -0.948683 -0.000000
v -193.241211 192.250000 -96.727539
vt 0.140625 1.148438
vn 0.314977 -0.948867 -0.020998
v -191.980225 192.250000 -81.847900
vt 0.140625 1.222656
vn 0.313325 -0.949093 -0.032413
v -190.214844 192.250000 -67.472656
vt 0.140625 1.296875
vn 0.310914 -0.949399 -0.044416
v -187.945068 192.250000 -53.601807
vt 0.140625 1.371094
vn 0.307690 -0.949779 -0.056980
v -185.170898 192.250000 -40.235352
vt 0.140625 1.445312
vn 0.303603 -0.950219 -0.070062
v -181.892334 192.250000 -27.373291
vt 0.140625 1.519531
vn 0.298612 -0.950705 -0.083611
v -178.109375 192.250000 -15.015625
vt 0.140625 1.593750
vn 0.292683 -0.951220 -0.097561
v -173.822021 192.250000 -3.162354
vt 0.140625 1.667969
vn 0.285795 -0.951743 -0.111833
v -169.030273 192.250000 8.186523
vt 0.140625 1.742188
vn 0.277938 -0.952255 -0.126336
v -163.734131 192.250000 19.031006
vt 0.140625 1.816406
vn 0.269120 -0.952734 -0.140968
v -157.933594 192.250000 29.371094
vt 0.140625 1.890625
vn 0.259363 -0.953160 -0.155618
v -151.628662 192.250000 39.206787
vt 0.140625 1.964844
vn 0.248707 -0.953513 -0.170168
v -144.819336 192.250000 48.538086
vt 0.140625 2.039062
vn 0.237209 -0.953778 -0.184496
v -137.505615 192.250000 57.364990
vt 0.140625 2.113281
vn 0.224944 -0.953943 -0.198480
v -129.687500 192.250000 65.687500
vt 0.140625 2.187500
vn 0.212000 -0.953998 -0.212000
v 65.933594 192.121094 130.250000
vt 0.167322 1.031250
vn -0.134061 -0.938430 -0.318396
v 64.000000 192.250000 130.250000
vt 0.167322 1.000000
vn 0.000000 -0.948683 -0.316228
v -197.750000 192.121094 -129.933594
vt 0.134454 1.218750
vn -0.318396 -0.938430 0.134061
v -197.750000 192.250000 -128.000000
vt 0.134454 1.250000
vn -0.316228 -0.948683 0.000000
v -196.000000 192.000000 -128.000000
vt 0.150888 1.250000
vn 0.000000 -1.000000 -0.000000
v -196.000000 191.875000 -129.875000
vt 0.150888 1.218750
vn 0.000000 -0.989950 0.141421
v -194.250000 192.250000 -128.000000
vt 0.167322 1.250000
vn 0.316228 -0.948683 -0.000000
v -194.250000 192.121094 -129.933594
vt 0.167322 1.218750
vn 0.318396 -0.938430 0.134061
v 67.500000 191.500000 132.000000
vt 0.150888 1.062500
vn -0.316228 -0.948683 -0.000000
v 67.609375 191.734375 133.750000
vt 0.134454 1.062500
vn -0.299160 -0.897479 0.324090
v -197.750000 191.734375 -131.609375
vt 0.134454 1.187500
vn -0.324090 -0.897479 0.299160
v -196.000000 191.500000 -131.500000
vt 0.150888 1.187500
vn 0.000000 -0.948683 0.316228
v -194.250000 191.734375 -131.609375
vt 0.167322 1.187500
vn 0.324090 -0.897479 0.299160
v 67.609375 191.734375 130.250000
vt 0.167322 1.062500
vn -0.299160 -0.897479 -0.324090
v -197.750000 191.089844 -133.027344
vt 0.134454 1.156250
vn -0.330471 -0.809316 0.485590
v -196.000000 190.875000 -132.875000
vt 0.150888 1.156250
vn 0.000000 -0.857493 0.514496
v 68.875000 190.875000 132.000000
vt 0.150888 1.093750
vn -0.514496 -0.857493 -0.000000
v 69.027344 191.089844 133.750000
vt 0.134454 1.093750
vn -0.485590 -0.809316 0.330471
v -194.250000 191.089844 -133.027344
vt 0.167322 1.156250
vn 0.330471 -0.809316 0.485590
v 69.027344 191.089844 130.250000
vt 0.167322 1.093750
vn -0.485590 -0.809316 -0.330471
v -133.250000 193.000000 69.250000
vt 0.093750 2.187500
vn -0.485071 -0.727607 0.485071
v -124.774414 193.000000 77.211914
vt 0.093750 2.261719
vn -0.454024 -0.727385 0.514561
v -141.211914 193.000000 60.774414
vt 0.093750 2.113281
vn -0.514561 -0.727385 0.454024
v -148.660156 193.000000 51.785156
vt 0.093750 2.039062
vn -0.542224 -0.726731 0.421730
v -115.785156 193.000000 84.660156
vt 0.093750 2.335938
vn -0.421730 -0.726731 0.542224
v -155.594727 193.000000 42.282227
vt 0.093750 1.964844
vn -0.567840 -0.725677 0.388522
v -106.282227 193.000000 91.594727
vt 0.093750 2.410156
vn -0.388522 -0.725677 0.567840
v -162.015625 193.000000 32.265625
vt 0.093750 1.890625
vn -0.591248 -0.724279 0.354749
v -96.265625 193.000000 98.015625
vt 0.093750 2.484375
vn -0.354749 -0.724279 0.591248
v -167.922852 193.000000 21.735352
vt 0.093750 1.816406
vn -0.612344 -0.722602 0.320751
v -85.735352 193.000000 103.922852
vt 0.093750 2.558594
vn -0.320751 -0.722602 0.612344
v -173.316406 193.000000 10.691406
vt 0.093750 1.742188
vn -0.631084 -0.720726 0.286856
v -74.691406 193.000000 109.316406
vt 0.093750 2.632812
vn -0.286856 -0.720726 0.631084
v -120.467773 193.000000 72.530273
vt 0.156250 2.261719
vn 0.454024 -0.727385 -0.514561
v -128.750000 193.000000 64.750000
vt 0.156250 2.187500
vn 0.485071 -0.727607 -0.485071
v -136.530273 193.000000 56.467773
vt 0.156250 2.113281
vn 0.514561 -0.727385 -0.454024
v -111.683594 193.000000 79.808594
vt 0.156250 2.335938
vn 0.421730 -0.726731 -0.542224
v -143.808594 193.000000 47.683594
vt 0.156250 2.039062
vn 0.542224 -0.726731 -0.421730
v -102.397461 193.000000 86.584961
vt 0.156250 2.410156
vn 0.388522 -0.725677 -0.567840
v -150.584961 193.000000 38.397461
vt 0.156250 1.964844
vn 0.567840 -0.725677 -0.388522
v -92.609375 193.000000 92.859375
vt 0.156250 2.484375
vn 0.354749 -0.724279 -0.591248
v -156.859375 193.000000 28.609375
vt 0.156250 1.890625
vn 0.591248 -0.724279 -0.354749
v -82.319336 193.000000 98.631836
vt 0.156250 2.558594
vn 0.320751 -0.722602 -0.612344
v -162.631836 193.000000 18.319336
vt 0.156250 1.816406
vn 0.612344 -0.722602 -0.320752
v -71.527344 193.000000 103.902344
vt 0.156250 2.632812
vn 0.286856 -0.720726 -0.631084
v -167.902344 193.000000 7.527344
vt 0.156250 1.742188
vn 0.631084 -0.720726 -0.286856
v -172.670898 193.000000 -3.766602
vt 0.156250 1.667969
vn 0.647478 -0.718736 -0.253361
v -60.233398 193.000000 108.670898
vt 0.156250 2.707031
vn 0.253361 -0.718736 -0.647478
v -176.937500 193.000000 -15.562500
vt 0.156250 1.593750
vn 0.661581 -0.716713 -0.220527
v -48.437500 193.000000 112.937500
vt 0.156250 2.781250
vn 0.220527 -0.716713 -0.661581
v -63.133789 193.000000 114.196289
vt 0.093750 2.707031
vn -0.253361 -0.718736 0.647478
v -178.196289 193.000000 -0.866211
vt 0.093750 1.667969
vn -0.647478 -0.718736 0.253361
v -180.702148 193.000000 -27.860352
vt 0.156250 1.519531
vn 0.673488 -0.714739 -0.188577
v -36.139648 193.000000 116.702148
vt 0.156250 2.855469
vn 0.188577 -0.714739 -0.673488
v -51.062500 193.000000 118.562500
vt 0.093750 2.781250
vn -0.220527 -0.716713 0.661581
v -182.562500 193.000000 -12.937500
vt 0.093750 1.593750
vn -0.661581 -0.716713 0.220527
v -183.964844 193.000000 -40.660156
vt 0.156250 1.445312
vn 0.683320 -0.712887 -0.157689
v -23.339844 193.000000 119.964844
vt 0.156250 2.929687
vn 0.157689 -0.712887 -0.683320
v -38.477539 193.000000 122.415039
vt 0.093750 2.855469
vn -0.188577 -0.714739 0.673488
v -186.415039 193.000000 -25.522461
vt 0.093750 1.519531
vn -0.673488 -0.714739 0.188577
v -186.725586 193.000000 -53.961914
vt 0.156250 1.371094
vn 0.691218 -0.711219 -0.128003
v -10.038086 193.000000 122.725586
vt 0.156250 3.003906
vn 0.128003 -0.711219 -0.691218
v -188.984375 193.000000 -67.765625
vt 0.156250 1.296875
vn 0.697336 -0.709788 -0.099619
v 3.765625 193.000000 124.984375
vt 0.156250 3.078125
vn 0.099619 -0.709788 -0.697336
v -25.378906 193.000000 125.753906
vt 0.093750 2.929687
vn -0.157689 -0.712887 0.683320
v -189.753906 193.000000 -38.621094
vt 0.093750 1.445312
vn -0.683320 -0.712887 0.157689
v -190.741211 193.000000 -82.071289
vt 0.156250 1.222656
vn 0.701829 -0.708636 -0.072603
v 18.071289 193.000000 126.741211
vt 0.156250 3.152344
vn 0.072603 -0.708636 -0.701829
v -191.996094 193.000000 -96.878906
vt 0.156250 1.148438
vn 0.704856 -0.707793 -0.046990
v 32.878906 193.000000 127.996094
vt 0.156250 3.226562
vn 0.046990 -0.707793 -0.704856
v -11.766602 193.000000 128.579102
vt 0.093750 3.003906
vn -0.128003 -0.711219 0.691218
v -192.579102 193.000000 -52.233398
vt 0.093750 1.371094
vn -0.691218 -0.711219 0.128003
v -192.749023 193.000000 -112.188477
vt 0.156250 1.074219
vn 0.706567 -0.707279 -0.022792
v 48.188477 193.000000 128.749023
vt 0.156250 3.300781
vn 0.022792 -0.707279 -0.706567
v -193.000000 193.000000 -128.000000
vt 0.156250 1.000000
vn 0.707107 -0.707107 -0.000000
v 64.000000 193.000000 129.000000
vt 0.156250 3.375000
vn 0.000000 -0.707107 -0.707107
v 2.359375 193.000000 130.890625
vt 0.093750 3.078125
vn -0.099619 -0.709788 0.697336
v -194.890625 193.000000 -66.359375
vt 0.093750 1.296875
vn -0.697336 -0.709788 0.099619
v 16.999023 193.000000 132.688477
vt 0.093750 3.152344
vn -0.072603 -0.708636 0.701829
v -196.688477 193.000000 -80.999023
vt 0.093750 1.222656
vn -0.701829 -0.708636 0.072603
v 32.152344 193.000000 133.972656
vt 0.093750 3.226562
vn -0.046990 -0.707793 0.704856
v -197.972656 193.000000 -96.152344
vt 0.093750 1.148438
vn -0.704856 -0.707793 0.046990
v 47.819336 193.000000 134.743164
vt 0.093750 3.300781
vn -0.022792 -0.707279 0.706567
v -198.743164 193.000000 -111.819336
vt 0.093750 1.074219
vn -0.706567 -0.707279 0.022792
v 64.000000 193.000000 135.000000
vt 0.093750 3.375000
vn 0.000000 -0.707107 0.707107
v -199.000000 193.000000 -128.000000
vt 0.093750 1.000000
vn -0.707107 -0.707107 -0.000000
v 64.000000 193.000000 135.000000
vt 0.116402 1.000000
vn 0.000000 -0.707107 0.707107
v 66.109375 192.859375 135.000000
vt 0.116402 1.031250
vn -0.099619 -0.697336 0.709788
v -199.000000 192.859375 -130.109375
vt 0.116402 1.218750
vn -0.709788 -0.697336 0.099619
v -199.000000 193.000000 -128.000000
vt 0.116402 1.250000
vn -0.707107 -0.707107 -0.000000
v -193.000000 193.000000 -128.000000
vt 0.185374 1.250000
vn 0.707107 -0.707107 -0.000000
v -193.000000 192.859375 -130.109375
vt 0.185374 1.218750
vn 0.709788 -0.697336 0.099619
v 66.109375 192.859375 129.000000
vt 0.185374 1.031250
vn -0.099619 -0.697336 -0.709788
v 64.000000 193.000000 129.000000
vt 0.185374 1.000000
vn 0.000000 -0.707107 -0.707107
v -199.000000 192.437500 -131.937500
vt 0.116402 1.187500
vn -0.716713 -0.661581 0.220527
v 67.937500 192.437500 135.000000
vt 0.116402 1.062500
vn -0.220527 -0.661581 0.716713
v -193.000000 192.437500 -131.937500
vt 0.185374 1.187500
vn 0.716713 -0.661581 0.220527
v 67.937500 192.437500 129.000000
vt 0.185374 1.062500
vn -0.220527 -0.661581 -0.716713
v -197.750000 190.187500 -134.187500
vt 0.134454 1.125000
vn -0.333333 -0.666667 0.666667
v -196.000000 190.000000 -134.000000
vt 0.150888 1.125000
vn 0.000000 -0.707107 0.707107
v 70.000000 190.000000 132.000000
vt 0.150888 1.125000
vn -0.707107 -0.707107 -0.000000
v 70.187500 190.187500 133.750000
vt 0.134454 1.125000
vn -0.666667 -0.666667 0.333333
v -194.250000 190.187500 -134.187500
vt 0.167322 1.125000
vn 0.333333 -0.666667 0.666667
v 70.187500 190.187500 130.250000
vt 0.167322 1.125000
vn -0.666667 -0.666667 -0.333333
v 69.484375 191.734375 135.000000
vt 0.116402 1.093750
vn -0.354749 -0.591248 0.724279
v -199.000000 191.734375 -133.484375
vt 0.116402 1.156250
vn -0.724279 -0.591248 0.354749
v -193.000000 191.734375 -133.484375
vt 0.185374 1.156250
vn 0.724279 -0.591248 0.354749
v 69.484375 191.734375 129.000000
vt 0.185374 1.093750
vn -0.354749 -0.591248 -0.724279
v 70.750000 190.750000 135.000000
vt 0.116402 1.125000
vn -0.485071 -0.485071 0.727607
v 70.750000 190.750000 129.000000
vt 0.185374 1.125000
vn -0.485071 -0.485071 -0.727607
v -193.000000 190.750000 -134.750000
vt 0.185374 1.125000
vn 0.727607 -0.485071 0.485071
v -188.246094 194.250000 -67.941406
vt 0.171875 1.296875
vn 0.938430 -0.318396 -0.134061
v -189.997803 194.250000 -82.205322
vt 0.171875 1.222656
vn 0.943238 -0.317462 -0.097576
v -191.249023 194.250000 -96.969727
vt 0.171875 1.148438
vn 0.946398 -0.316780 -0.063093
v -191.999756 194.250000 -112.234619
vt 0.171875 1.074219
vn 0.948144 -0.316367 -0.030585
v -192.250000 194.250000 -128.000000
vt 0.171875 1.000000
vn 0.948683 -0.316228 0.000000
v -192.250000 194.250000 -128.000000
vt 0.205044 1.250000
vn 0.948683 -0.316228 0.000000
v -192.250000 194.089844 -130.402344
vt 0.205044 1.218750
vn 0.949399 -0.310914 0.044416
v -192.250000 193.609375 -132.484375
vt 0.205044 1.187500
vn 0.951220 -0.292683 0.097561
v -192.250000 192.808594 -134.246094
vt 0.205044 1.156250
vn 0.953160 -0.259363 0.155618
v -133.812500 61.750000 69.812500
vt 0.046875 2.187500
vn -0.666667 0.333333 0.666667
v -125.312744 61.750000 77.797119
vt 0.046875 2.261719
vn -0.623828 0.333141 0.707005
v -125.492188 60.000000 77.992188
vt 0.062500 2.261719
vn -0.661622 0.000000 0.749838
v -134.000000 60.000000 70.000000
vt 0.062500 2.187500
vn -0.707107 0.000000 0.707107
v -116.468750 60.000000 85.468750
vt 0.062500 2.335938
vn -0.613941 0.000000 0.789352
v -116.297852 61.750000 85.266602
vt 0.046875 2.335938
vn -0.578993 0.332576 0.744420
v -106.929688 60.000000 92.429688
vt 0.062500 2.410156
vn -0.564684 0.000000 0.825307
v -106.767822 61.750000 92.220947
vt 0.046875 2.410156
vn -0.532720 0.331670 0.778591
v -96.875000 60.000000 98.875000
vt 0.062500 2.484375
vn -0.514496 0.000000 0.857493
v -96.722656 61.750000 98.660156
vt 0.046875 2.484375
vn -0.485590 0.330471 0.809316
v -86.304688 60.000000 104.804688
vt 0.062500 2.558594
vn -0.464007 0.000000 0.885832
v -86.162354 61.750000 104.584229
vt 0.046875 2.558594
vn -0.438169 0.329042 0.836504
v -199.000000 72.000000 -143.000000
vt 0.031250 1.000000
vn -0.707107 0.000000 -0.707107
v -199.000000 184.000000 -143.000000
vt 0.031250 1.875000
vn -0.707107 0.000000 -0.707107
v -199.750000 184.000000 -141.750000
vt 0.046875 1.875000
vn -0.948683 -0.000000 -0.316228
v -199.750000 72.000000 -141.750000
vt 0.046875 1.000000
vn -0.948683 0.000000 -0.316228
v -199.000000 184.000000 -143.000000
vt 0.034486 1.000000
vn -0.707107 0.000000 -0.707107
v -199.750000 187.222656 -141.535156
vt 0.054156 1.031250
vn -0.949399 0.044416 -0.310914
v -199.750000 184.000000 -141.750000
vt 0.054156 1.000000
vn -0.948683 -0.000000 -0.316228
v -199.000000 187.515625 -142.765625
vt 0.034486 1.031250
vn -0.709788 0.099619 -0.697336
v -199.000000 68.484375 -142.765625
vt 0.034486 1.218750
vn -0.709788 -0.099619 -0.697336
v -199.000000 72.000000 -143.000000
vt 0.034486 1.250000
vn -0.707107 0.000000 -0.707107
v -199.750000 72.000000 -141.750000
vt 0.054156 1.250000
vn -0.948683 0.000000 -0.316228
v -199.750000 68.777344 -141.535156
vt 0.054156 1.218750
vn -0.949399 -0.044416 -0.310914
v -199.000000 65.437500 -142.062500
vt 0.034486 1.187500
vn -0.716713 -0.220527 -0.661581
v -199.750000 65.984375 -140.890625
vt 0.054156 1.187500
vn -0.951220 -0.097561 -0.292683
v -199.750000 190.015625 -140.890625
vt 0.054156 1.062500
vn -0.951220 0.097561 -0.292683
v -199.000000 190.562500 -142.062500
vt 0.034486 1.062500
vn -0.716713 0.220527 -0.661581
v -199.000000 62.859375 -140.890625
vt 0.034486 1.156250
vn -0.724279 -0.354749 -0.591248
v -199.750000 63.621094 -139.816406
vt 0.054156 1.156250
vn -0.953160 -0.155618 -0.259363
v -200.000000 184.000000 -140.000000
vt 0.062500 1.875000
vn -1.000000 0.000000 -0.000000
v -200.000000 72.000000 -140.000000
vt 0.062500 1.000000
vn -1.000000 0.000000 -0.000000
v -200.000000 72.000000 -140.000000
vt 0.075444 1.250000
vn -1.000000 0.000000 -0.000000
v -200.000000 69.187500 -139.812500
vt 0.075444 1.218750
vn -1.000000 0.000000 -0.000000
v -200.000000 186.812500 -139.812500
vt 0.075444 1.031250
vn -1.000000 0.000000 -0.000000
v -200.000000 184.000000 -140.000000
vt 0.075444 1.000000
vn -1.000000 0.000000 -0.000000
v -200.000000 66.750000 -139.250000
vt 0.075444 1.187500
vn -1.000000 0.000000 -0.000000
v -200.000000 189.250000 -139.250000
vt 0.075444 1.062500
vn -1.000000 0.000000 -0.000000
v -200.000000 64.687500 -138.312500
vt 0.075444 1.156250
vn -1.000000 0.000000 -0.000000
v -200.000000 191.312500 -138.312500
vt 0.075444 1.093750
vn -1.000000 0.000000 -0.000000
v -199.750000 192.378906 -139.816406
vt 0.054156 1.093750
vn -0.953160 0.155618 -0.259363
v -199.750000 61.687500 -138.312500
vt 0.054156 1.125000
vn -0.953998 -0.212000 -0.212000
v -200.000000 63.000000 -137.000000
vt 0.075444 1.125000
vn -1.000000 0.000000 -0.000000
v -200.000000 193.000000 -137.000000
vt 0.075444 1.125000
vn -1.000000 0.000000 -0.000000
v -199.750000 194.312500 -138.312500
vt 0.054156 1.125000
vn -0.953998 0.212000 -0.212000
v -199.750000 60.183594 -136.378906
vt 0.054156 1.093750
vn -0.953160 -0.259363 -0.155618
v -200.000000 61.687500 -135.312500
vt 0.075444 1.093750
vn -1.000000 0.000000 -0.000000
v -200.000000 194.312500 -135.312500
vt 0.075444 1.156250
vn -1.000000 0.000000 -0.000000
v -199.750000 195.816406 -136.378906
vt 0.054156 1.156250
vn -0.953160 0.259363 -0.155618
v -199.750000 59.109375 -134.015625
vt 0.054156 1.062500
vn -0.951220 -0.292683 -0.097561
v -200.000000 60.750000 -133.250000
vt 0.075444 1.062500
vn -1.000000 0.000000 -0.000000
v -200.000000 195.250000 -133.250000
vt 0.075444 1.187500
vn -1.000000 0.000000 -0.000000
v -199.750000 196.890625 -134.015625
vt 0.054156 1.187500
vn -0.951220 0.292683 -0.097561
v -199.750000 58.464844 -131.222656
vt 0.054156 1.031250
vn -0.949399 -0.310914 -0.044416
v -200.000000 60.187500 -130.812500
vt 0.075444 1.031250
vn -1.000000 0.000000 -0.000000
v -200.000000 195.812500 -130.812500
vt 0.075444 1.218750
vn -1.000000 0.000000 -0.000000
v -199.750000 197.535156 -131.222656
vt 0.054156 1.218750
vn -0.949399 0.310914 -0.044416
v -199.750000 58.250000 -128.000000
vt 0.054156 1.000000
vn -0.948683 -0.316228 0.000000
v -200.000000 60.000000 -128.000000
vt 0.075444 1.000000
vn -1.000000 0.000000 -0.000000
v -200.000000 196.000000 -128.000000
vt 0.075444 1.250000
vn -1.000000 0.000000 -0.000000
v -199.750000 197.750000 -128.000000
vt 0.054156 1.250000
vn -0.948683 0.316228 0.000000
v -199.750000 194.089844 -130.402344
vt 0.096732 1.218750
vn -0.949399 -0.310914 0.044416
v -199.750000 193.609375 -132.484375
vt 0.096732 1.187500
vn -0.951220 -0.292683 0.097561
v -199.750000 192.808594 -134.246094
vt 0.096732 1.156250
vn -0.953160 -0.259363 0.155618
v -199.750000 191.687500 -135.687500
vt 0.096732 1.125000
vn -0.953998 -0.212000 0.212000
v -199.750000 190.246094 -136.808594
vt 0.096732 1.093750
vn -0.953160 -0.155618 0.259363
v -199.750000 188.484375 -137.609375
vt 0.096732 1.062500
vn -0.951220 -0.097561 0.292683
v -199.750000 186.402344 -138.089844
vt 0.096732 1.031250
vn -0.949399 -0.044416 0.310914
v -199.750000 184.000000 -138.250000
vt 0.078125 1.875000
vn -0.948683 0.000000 0.316228
v -199.750000 72.000000 -138.250000
vt 0.078125 1.000000
vn -0.948683 0.000000 0.316228
v -199.750000 72.000000 -138.250000
vt 0.096732 1.250000
vn -0.948683 0.000000 0.316228
v -199.750000 69.597656 -138.089844
vt 0.096732 1.218750
vn -0.949399 0.044416 0.310914
v -199.750000 184.000000 -138.250000
vt 0.096732 1.000000
vn -0.948683 0.000000 0.316228
v -199.750000 67.515625 -137.609375
vt 0.096732 1.187500
vn -0.951220 0.097561 0.292683
v -199.750000 65.753906 -136.808594
vt 0.096732 1.156250
vn -0.953160 0.155618 0.259363
v -199.750000 64.312500 -135.687500
vt 0.096732 1.125000
vn -0.953998 0.212000 0.212000
v -199.750000 63.191406 -134.246094
vt 0.096732 1.093750
vn -0.953160 0.259363 0.155618
v -199.750000 62.390625 -132.484375
vt 0.096732 1.062500
vn -0.951220 0.292683 0.097561
v -199.750000 61.910156 -130.402344
vt 0.096732 1.031250
vn -0.949399 0.310914 0.044416
v -199.750000 194.250000 -128.000000
vt 0.096732 1.250000
vn -0.948683 -0.316228 -0.000000
v -200.000000 196.000000 -128.000000
vt 0.062500 1.000000
vn -1.000000 0.000000 -0.000000
v -199.742188 196.000000 -111.757812
vt 0.062500 1.074219
vn -0.999480 0.000000 0.032241
v -199.492432 194.250000 -111.773193
vt 0.078125 1.074219
vn -0.948144 -0.316367 0.030585
v -199.750000 194.250000 -128.000000
vt 0.078125 1.000000
vn -0.948683 -0.316228 -0.000000
v -199.750000 197.750000 -128.000000
vt 0.046875 1.000000
vn -0.948683 0.316228 0.000000
v -199.492432 197.750000 -111.773193
vt 0.046875 1.074219
vn -0.948144 0.316367 0.030585
v -199.750000 61.750000 -128.000000
vt 0.096732 1.000000
vn -0.948683 0.316228 -0.000000
v -199.750000 61.750000 -128.000000
vt 0.046875 1.000000
vn -0.948683 0.316228 -0.000000
v -199.742188 60.000000 -111.757812
vt 0.062500 1.074219
vn -0.999480 0.000000 0.032241
v -200.000000 60.000000 -128.000000
vt 0.062500 1.000000
vn -1.000000 0.000000 -0.000000
v -199.492432 61.750000 -111.773193
vt 0.046875 1.074219
vn -0.948144 0.316367 0.030585
v -199.492432 58.250000 -111.773193
vt 0.078125 1.074219
vn -0.948144 -0.316367 0.030585
v -199.750000 58.250000 -128.000000
vt 0.078125 1.000000
vn -0.948683 -0.316228 0.000000
v -198.719727 58.250000 -96.061523
vt 0.078125 1.148438
vn -0.946398 -0.316780 0.063093
v -198.968750 60.000000 -96.031250
vt 0.062500 1.148438
vn -0.997785 0.000000 0.066519
v -198.719727 61.750000 -96.061523
vt 0.046875 1.148438
vn -0.946398 0.316780 0.063093
v -198.719727 194.250000 -96.061523
vt 0.078125 1.148438
vn -0.946398 -0.316780 0.063093
v -198.968750 196.000000 -96.031250
vt 0.062500 1.148438
vn -0.997785 0.000000 0.066519
v -198.719727 197.750000 -96.061523
vt 0.046875 1.148438
vn -0.946398 0.316780 0.063093
v -197.431885 194.250000 -80.864990
vt 0.078125 1.222656
vn -0.943238 -0.317462 0.097576
v -197.679688 196.000000 -80.820312
vt 0.062500 1.222656
vn -0.994692 0.000000 0.102899
v -197.431885 197.750000 -80.864990
vt 0.046875 1.222656
vn -0.943237 0.317462 0.097576
v -197.679688 60.000000 -80.820312
vt 0.062500 1.222656
vn -0.994692 0.000000 0.102899
v -197.431885 61.750000 -80.864990
vt 0.046875 1.222656
vn -0.943237 0.317462 0.097576
v -197.431885 58.250000 -80.864990
vt 0.078125 1.222656
vn -0.943238 -0.317462 0.097576
v -195.628906 58.250000 -66.183594
vt 0.078125 1.296875
vn -0.938430 -0.318396 0.134061
v -195.875000 60.000000 -66.125000
vt 0.062500 1.296875
vn -0.989950 0.000000 0.141421
v -195.628906 61.750000 -66.183594
vt 0.046875 1.296875
vn -0.938430 0.318396 0.134061
v -195.628906 194.250000 -66.183594
vt 0.078125 1.296875
vn -0.938430 -0.318396 0.134061
v -195.875000 196.000000 -66.125000
vt 0.062500 1.296875
vn -0.989950 0.000000 0.141421
v -195.628906 197.750000 -66.183594
vt 0.046875 1.296875
vn -0.938430 0.318396 0.134061
v -193.310791 194.250000 -52.017334
vt 0.078125 1.371094
vn -0.931724 -0.319561 0.172542
v -193.554688 196.000000 -51.945312
vt 0.062500 1.371094
vn -0.983282 0.000000 0.182089
v -193.310791 197.750000 -52.017334
vt 0.046875 1.371094
vn -0.931724 0.319561 0.172542
v -193.554688 60.000000 -51.945312
vt 0.062500 1.371094
vn -0.983282 0.000000 0.182089
v -193.310791 61.750000 -52.017334
vt 0.046875 1.371094
vn -0.931724 0.319561 0.172542
v -193.310791 58.250000 -52.017334
vt 0.078125 1.371094
vn -0.931724 -0.319561 0.172542
v -190.477539 58.250000 -38.366211
vt 0.078125 1.445312
vn -0.922850 -0.320927 0.212965
v -190.718750 60.000000 -38.281250
vt 0.062500 1.445312
vn -0.974391 0.000000 0.224860
v -190.477539 61.750000 -38.366211
vt 0.046875 1.445312
vn -0.922850 0.320927 0.212965
v -190.477539 194.250000 -38.366211
vt 0.078125 1.445312
vn -0.922850 -0.320927 0.212965
v -190.718750 196.000000 -38.281250
vt 0.062500 1.445312
vn -0.974391 0.000000 0.224860
v -190.477539 197.750000 -38.366211
vt 0.046875 1.445312
vn -0.922850 0.320927 0.212965
v -187.129150 194.250000 -25.230225
vt 0.078125 1.519531
vn -0.911528 -0.322453 0.255228
v -187.367188 196.000000 -25.132812
vt 0.062500 1.519531
vn -0.962964 0.000000 0.269630
v -187.129150 197.750000 -25.230225
vt 0.046875 1.519531
vn -0.911528 0.322453 0.255228
v -187.367188 60.000000 -25.132812
vt 0.062500 1.519531
vn -0.962964 0.000000 0.269630
v -187.129150 61.750000 -25.230225
vt 0.046875 1.519531
vn -0.911528 0.322453 0.255228
v -187.129150 58.250000 -25.230225
vt 0.078125 1.519531
vn -0.911528 -0.322453 0.255228
v -183.265625 58.250000 -12.609375
vt 0.078125 1.593750
vn -0.897479 -0.324090 0.299160
v -183.500000 60.000000 -12.500000
vt 0.062500 1.593750
vn -0.948683 0.000000 0.316228
v -183.265625 61.750000 -12.609375
vt 0.046875 1.593750
vn -0.897479 0.324090 0.299160
v -183.265625 194.250000 -12.609375
vt 0.078125 1.593750
vn -0.897479 -0.324090 0.299160
v -183.500000 196.000000 -12.500000
vt 0.062500 1.593750
vn -0.948683 0.000000 0.316228
v -183.265625 197.750000 -12.609375
vt 0.046875 1.593750
vn -0.897479 0.324090 0.299160
v -178.886963 194.250000 -0.503662
vt 0.078125 1.667969
vn -0.880440 -0.325779 0.344520
v -179.117188 196.000000 -0.382812
vt 0.062500 1.667969
vn -0.931243 0.000000 0.364399
v -178.886963 197.750000 -0.503662
vt 0.046875 1.667969
vn -0.880440 0.325779 0.344520
v -179.117188 60.000000 -0.382812
vt 0.062500 1.667969
vn -0.931243 0.000000 0.364399
v -178.886963 61.750000 -0.503662
vt 0.046875 1.667969
vn -0.880440 0.325779 0.344520
v -178.886963 58.250000 -0.503662
vt 0.078125 1.667969
vn -0.880440 -0.325779 0.344520
v -173.993164 58.250000 11.086914
vt 0.078125 1.742188
vn -0.860176 -0.327453 0.390989
v -174.218750 60.000000 11.218750
vt 0.062500 1.742188
vn -0.910366 0.000000 0.413803
v -173.993164 61.750000 11.086914
vt 0.046875 1.742188
vn -0.860176 0.327453 0.390989
v -173.993164 194.250000 11.086914
vt 0.078125 1.742188
vn -0.860176 -0.327453 0.390989
v -174.218750 196.000000 11.218750
vt 0.062500 1.742188
vn -0.910366 0.000000 0.413803
v -173.993164 197.750000 11.086914
vt 0.046875 1.742188
vn -0.860176 0.327453 0.390989
v -168.584229 194.250000 22.162354
vt 0.078125 1.816406
vn -0.836504 -0.329042 0.438169
v -168.804688 196.000000 22.304688
vt 0.062500 1.816406
vn -0.885832 0.000000 0.464007
v -168.584229 197.750000 22.162354
vt 0.046875 1.816406
vn -0.836504 0.329042 0.438169
v -168.804688 60.000000 22.304688
vt 0.062500 1.816406
vn -0.885832 0.000000 0.464007
v -168.584229 61.750000 22.162354
vt 0.046875 1.816406
vn -0.836504 0.329042 0.438169
v -168.584229 58.250000 22.162354
vt 0.078125 1.816406
vn -0.836504 -0.329042 0.438169
v -162.660156 58.250000 32.722656
vt 0.078125 1.890625
vn -0.809316 -0.330471 0.485590
v -162.875000 60.000000 32.875000
vt 0.062500 1.890625
vn -0.857493 0.000000 0.514496
v -162.660156 61.750000 32.722656
vt 0.046875 1.890625
vn -0.809316 0.330471 0.485589
v -162.660156 194.250000 32.722656
vt 0.078125 1.890625
vn -0.809316 -0.330471 0.485590
v -162.875000 196.000000 32.875000
vt 0.062500 1.890625
vn -0.857493 0.000000 0.514496
v -162.660156 197.750000 32.722656
vt 0.046875 1.890625
vn -0.809316 0.330471 0.485589
v -199.000000 184.000000 -137.000000
vt 0.093750 1.875000
vn -0.707107 0.000000 0.707107
v -199.000000 72.000000 -137.000000
vt 0.093750 1.000000
vn -0.707107 0.000000 0.707107
v -199.000000 186.109375 -136.859375
vt 0.116402 1.031250
vn -0.709788 -0.099619 0.697336
v -199.000000 184.000000 -137.000000
vt 0.116402 1.000000
vn -0.707107 0.000000 0.707107
v -199.000000 72.000000 -137.000000
vt 0.116402 1.250000
vn -0.707107 0.000000 0.707107
v -199.000000 69.890625 -136.859375
vt 0.116402 1.218750
vn -0.709788 0.099619 0.697336
v -199.000000 187.937500 -136.437500
vt 0.116402 1.062500
vn -0.716713 -0.220527 0.661582
v -199.000000 68.062500 -136.437500
vt 0.116402 1.187500
vn -0.716713 0.220527 0.661581
v -199.000000 189.484375 -135.734375
vt 0.116402 1.093750
vn -0.724279 -0.354749 0.591248
v -199.000000 66.515625 -135.734375
vt 0.116402 1.156250
vn -0.724279 0.354749 0.591248
v -199.000000 190.750000 -134.750000
vt 0.116402 1.125000
vn -0.727607 -0.485071 0.485071
v -199.000000 65.250000 -134.750000
vt 0.116402 1.125000
vn -0.727607 0.485071 0.485071
v -199.000000 191.734375 -133.484375
vt 0.116402 1.156250
vn -0.724279 -0.591248 0.354749
v -199.000000 64.265625 -133.484375
vt 0.116402 1.093750
vn -0.724279 0.591248 0.354749
v -199.000000 192.437500 -131.937500
vt 0.116402 1.187500
vn -0.716713 -0.661581 0.220527
v -199.000000 63.562500 -131.937500
vt 0.116402 1.062500
vn -0.716713 0.661581 0.220527
v -199.000000 192.859375 -130.109375
vt 0.116402 1.218750
vn -0.709788 -0.697336 0.099619
v -199.000000 63.140625 -130.109375
vt 0.116402 1.031250
vn -0.709788 0.697336 0.099619
v -199.000000 193.000000 -128.000000
vt 0.116402 1.250000
vn -0.707107 -0.707107 -0.000000
v -199.000000 63.000000 -128.000000
vt 0.116402 1.000000
vn -0.707107 0.707107 -0.000000
v -156.220947 194.250000 42.767822
vt 0.078125 1.964844
vn -0.778591 -0.331670 0.532720
v -156.429688 196.000000 42.929688
vt 0.062500 1.964844
vn -0.825307 0.000000 0.564684
v -156.220947 197.750000 42.767822
vt 0.046875 1.964844
vn -0.778591 0.331670 0.532720
v -156.429688 60.000000 42.929688
vt 0.062500 1.964844
vn -0.825307 0.000000 0.564684
v -156.220947 61.750000 42.767822
vt 0.046875 1.964844
vn -0.778591 0.331670 0.532720
v -156.220947 58.250000 42.767822
vt 0.078125 1.964844
vn -0.778591 -0.331670 0.532720
v -149.266602 58.250000 52.297852
vt 0.078125 2.039062
vn -0.744420 -0.332576 0.578993
v -149.468750 60.000000 52.468750
vt 0.062500 2.039062
vn -0.789352 0.000000 0.613941
v -149.266602 61.750000 52.297852
vt 0.046875 2.039062
vn -0.744420 0.332576 0.578993
v -149.266602 194.250000 52.297852
vt 0.078125 2.039062
vn -0.744420 -0.332576 0.578993
v -149.468750 196.000000 52.468750
vt 0.062500 2.039062
vn -0.789352 0.000000 0.613941
v -149.266602 197.750000 52.297852
vt 0.046875 2.039062
vn -0.744420 0.332576 0.578993
v -141.797119 194.250000 61.312744
vt 0.078125 2.113281
vn -0.707005 -0.333141 0.623828
v -141.992188 196.000000 61.492188
vt 0.062500 2.113281
vn -0.749838 0.000000 0.661622
v -141.797119 197.750000 61.312744
vt 0.046875 2.113281
vn -0.707005 0.333141 0.623828
v -141.992188 60.000000 61.492188
vt 0.062500 2.113281
vn -0.749838 0.000000 0.661622
v -141.797119 61.750000 61.312744
vt 0.046875 2.113281
vn -0.707005 0.333141 0.623828
v -141.797119 58.250000 61.312744
vt 0.078125 2.113281
vn -0.707005 -0.333141 0.623828
v -192.579102 57.000000 -52.233398
vt 0.093750 1.371094
vn -0.691218 -0.711219 0.128003
v -194.890625 57.000000 -66.359375
vt 0.093750 1.296875
vn -0.697336 -0.709788 0.099619
v -189.753906 57.000000 -38.621094
vt 0.093750 1.445312
vn -0.683320 -0.712887 0.157689
v -196.688477 57.000000 -80.999023
vt 0.093750 1.222656
vn -0.701829 -0.708636 0.072603
v -194.890625 63.000000 -66.359375
vt 0.031250 1.296875
vn -0.697336 0.709788 0.099619
v -192.579102 63.000000 -52.233398
vt 0.031250 1.371094
vn -0.691218 0.711219 0.128003
v -189.753906 63.000000 -38.621094
vt 0.031250 1.445312
vn -0.683320 0.712887 0.157689
v -196.688477 63.000000 -80.999023
vt 0.031250 1.222656
vn -0.701829 0.708636 0.072603
v -186.415039 63.000000 -25.522461
vt 0.031250 1.519531
vn -0.673488 0.714739 0.188577
v -194.890625 199.000000 -66.359375
vt 0.031250 1.296875
vn -0.697336 0.709788 0.099619
v -192.579102 199.000000 -52.233398
vt 0.031250 1.371094
vn -0.691218 0.711219 0.128003
v -189.753906 199.000000 -38.621094
vt 0.031250 1.445312
vn -0.683320 0.712887 0.157689
v -196.688477 199.000000 -80.999023
vt 0.031250 1.222656
vn -0.701829 0.708636 0.072603
v -186.415039 199.000000 -25.522461
vt 0.031250 1.519531
vn -0.673488 0.714739 0.188577
v -197.972656 199.000000 -96.152344
vt 0.031250 1.148438
vn -0.704856 0.707793 0.046990
v -197.972656 63.000000 -96.152344
vt 0.031250 1.148438
vn -0.704856 0.707793 0.046990
v -186.415039 57.000000 -25.522461
vt 0.093750 1.519531
vn -0.673488 -0.714739 0.188577
v -182.562500 199.000000 -12.937500
vt 0.031250 1.593750
vn -0.661581 0.716713 0.220527
v -197.972656 57.000000 -96.152344
vt 0.093750 1.148438
vn -0.704856 -0.707793 0.046990
v -192.579102 193.000000 -52.233398
vt 0.093750 1.371094
vn -0.691218 -0.711219 0.128003
v -194.890625 193.000000 -66.359375
vt 0.093750 1.296875
vn -0.697336 -0.709788 0.099619
v -189.753906 193.000000 -38.621094
vt 0.093750 1.445312
vn -0.683320 -0.712887 0.157689
v -196.688477 193.000000 -80.999023
vt 0.093750 1.222656
vn -0.701829 -0.708636 0.072603
v -186.415039 193.000000 -25.522461
vt 0.093750 1.519531
vn -0.673488 -0.714739 0.188577
v -197.972656 193.000000 -96.152344
vt 0.093750 1.148438
vn -0.704856 -0.707793 0.046990
v -182.562500 193.000000 -12.937500
vt 0.093750 1.593750
vn -0.661581 -0.716713 0.220527
v -182.562500 57.000000 -12.937500
vt 0.093750 1.593750
vn -0.661581 -0.716713 0.220527
v -198.743164 193.000000 -111.819336
vt 0.093750 1.074219
vn -0.706567 -0.707279 0.022792
v -199.000000 193.000000 -128.000000
vt 0.093750 1.000000
vn -0.707107 -0.707107 -0.000000
v -198.743164 57.000000 -111.819336
vt 0.093750 1.074219
vn -0.706567 -0.707279 0.022792
v -182.562500 63.000000 -12.937500
vt 0.031250 1.593750
vn -0.661581 0.716713 0.220527
v -198.743164 199.000000 -111.819336
vt 0.031250 1.074219
vn -0.706567 0.707279 0.022792
v -198.743164 63.000000 -111.819336
vt 0.031250 1.074219
vn -0.706567 0.707279 0.022792
v -199.000000 63.000000 -128.000000
vt 0.031250 1.000000
vn -0.707107 0.707107 -0.000000
v -199.000000 57.000000 -128.000000
vt 0.093750 1.000000
vn -0.707107 -0.707107 -0.000000
v -199.000000 199.000000 -128.000000
vt 0.031250 1.000000
vn -0.707107 0.707107 -0.000000
v -178.196289 57.000000 -0.866211
vt 0.093750 1.667969
vn -0.647478 -0.718736 0.253361
v -178.196289 193.000000 -0.866211
vt 0.093750 1.667969
vn -0.647478 -0.718736 0.253361
v -178.196289 63.000000 -0.866211
vt 0.031250 1.667969
vn -0.647478 0.718736 0.253361
v -178.196289 199.000000 -0.866211
vt 0.031250 1.667969
vn -0.647478 0.718736 0.253361
v -133.812500 58.250000 69.812500
vt 0.078125 2.187500
vn -0.666667 -0.333333 0.666667
v -134.000000 60.000000 70.000000
vt 0.062500 2.187500
vn -0.707107 0.000000 0.707107
v -133.812500 61.750000 69.812500
vt 0.046875 2.187500
vn -0.666667 0.333333 0.666667
v -133.812500 194.250000 69.812500
vt 0.078125 2.187500
vn -0.666667 -0.333333 0.666667
v -134.000000 196.000000 70.000000
vt 0.062500 2.187500
vn -0.707107 0.000000 0.707107
v -133.812500 197.750000 69.812500
vt 0.046875 2.187500
vn -0.666667 0.333333 0.666667
v -173.316406 193.000000 10.691406
vt 0.093750 1.742188
vn -0.631084 -0.720726 0.286856
v -173.316406 57.000000 10.691406
vt 0.093750 1.742188
vn -0.631084 -0.720726 0.286856
v -173.316406 199.000000 10.691406
vt 0.031250 1.742188
vn -0.631084 0.720726 0.286856
v -173.316406 63.000000 10.691406
vt 0.031250 1.742188
vn -0.631084 0.720726 0.286856
v -199.000000 57.000000 -128.000000
vt 0.034486 1.000000
vn -0.707107 -0.707107 -0.000000
v -199.000000 57.234375 -131.515625
vt 0.034486 1.031250
vn -0.709788 -0.697336 -0.099619
v -199.000000 198.765625 -131.515625
vt 0.034486 1.218750
vn -0.709788 0.697336 -0.099619
v -199.000000 199.000000 -128.000000
vt 0.034486 1.250000
vn -0.707107 0.707107 -0.000000
v -167.922852 57.000000 21.735352
vt 0.093750 1.816406
vn -0.612344 -0.722602 0.320751
v -167.922852 193.000000 21.735352
vt 0.093750 1.816406
vn -0.612344 -0.722602 0.320751
v -167.922852 63.000000 21.735352
vt 0.031250 1.816406
vn -0.612344 0.722602 0.320752
v -167.922852 199.000000 21.735352
vt 0.031250 1.816406
vn -0.612344 0.722602 0.320752
v -199.000000 57.937500 -134.562500
vt 0.034486 1.062500
vn -0.716713 -0.661581 -0.220527
v -199.000000 198.062500 -134.562500
vt 0.034486 1.187500
vn -0.716713 0.661581 -0.220527
v -162.015625 193.000000 32.265625
vt 0.093750 1.890625
vn -0.591248 -0.724279 0.354749
v -162.015625 57.000000 32.265625
vt 0.093750 1.890625
vn -0.591248 -0.724279 0.354749
v -162.015625 199.000000 32.265625
vt 0.031250 1.890625
vn -0.591248 0.724279 0.354749
v -162.015625 63.000000 32.265625
vt 0.031250 1.890625
vn -0.591248 0.724279 0.354749
v -199.000000 59.109375 -137.140625
vt 0.034486 1.093750
vn -0.724279 -0.591248 -0.354749
v -199.000000 196.890625 -137.140625
vt 0.034486 1.156250
vn -0.724279 0.591248 -0.354749
v -155.594727 57.000000 42.282227
vt 0.093750 1.964844
vn -0.567840 -0.725677 0.388522
v -155.594727 193.000000 42.282227
vt 0.093750 1.964844
vn -0.567840 -0.725677 0.388522
v -155.594727 63.000000 42.282227
vt 0.031250 1.964844
vn -0.567840 0.725677 0.388522
v -155.594727 199.000000 42.282227
vt 0.031250 1.964844
vn -0.567840 0.725677 0.388522
v -199.000000 60.750000 -139.250000
vt 0.034486 1.125000
vn -0.727607 -0.485071 -0.485071
v -199.000000 195.250000 -139.250000
vt 0.034486 1.125000
vn -0.727607 0.485071 -0.485071
v -148.660156 193.000000 51.785156
vt 0.093750 2.039062
vn -0.542224 -0.726731 0.421730
v -148.660156 199.000000 51.785156
vt 0.031250 2.039062
vn -0.542224 0.726731 0.421730
v -148.660156 63.000000 51.785156
vt 0.031250 2.039062
vn -0.542224 0.726731 0.421730
v -148.660156 57.000000 51.785156
vt 0.093750 2.039062
vn -0.542224 -0.726731 0.421730
v -199.000000 193.140625 -140.890625
vt 0.034486 1.093750
vn -0.724279 0.354749 -0.591248
v -141.211914 57.000000 60.774414
vt 0.093750 2.113281
vn -0.514561 -0.727385 0.454024
v -141.211914 193.000000 60.774414
vt 0.093750 2.113281
vn -0.514561 -0.727385 0.454024
v -141.211914 63.000000 60.774414
vt 0.031250 2.113281
vn -0.514561 0.727385 0.454024
v -141.211914 199.000000 60.774414
vt 0.031250 2.113281
vn -0.514561 0.727385 0.454024
v -133.250000 193.000000 69.250000
vt 0.093750 2.187500
vn -0.485071 -0.727607 0.485071
v -133.250000 199.000000 69.250000
vt 0.031250 2.187500
vn -0.485071 0.727607 0.485071
v -133.250000 63.000000 69.250000
vt 0.031250 2.187500
vn -0.485071 0.727607 0.485071
v -133.250000 57.000000 69.250000
vt 0.093750 2.187500
vn -0.485071 -0.727607 0.485071
v -197.750000 190.187500 -134.187500
vt 0.134454 1.125000
vn -0.333333 -0.666667 0.666667
v -197.750000 189.027344 -135.089844
vt 0.134454 1.093750
vn -0.330471 -0.485589 0.809316
v -197.750000 191.089844 -133.027344
vt 0.134454 1.156250
vn -0.330471 -0.809316 0.485590
v -197.750000 66.972656 -135.089844
vt 0.134454 1.156250
vn -0.330471 0.485590 0.809316
v -197.750000 65.812500 -134.187500
vt 0.134454 1.125000
vn -0.333333 0.666667 0.666667
v -197.750000 64.910156 -133.027344
vt 0.134454 1.093750
vn -0.330471 0.809316 0.485590
v 79.000000 184.000000 135.000000
vt 0.031250 1.000000
vn 0.707107 0.000000 0.707107
v 79.000000 72.000000 135.000000
vt 0.031250 1.875000
vn 0.707107 0.000000 0.707107
v 77.750000 72.000000 135.750000
vt 0.046875 1.875000
vn 0.316228 0.000000 0.948683
v 77.750000 184.000000 135.750000
vt 0.046875 1.000000
vn 0.316228 -0.000000 0.948683
v 79.000000 72.000000 135.000000
vt 0.034486 1.000000
vn 0.707107 0.000000 0.707107
v 77.535156 68.777344 135.750000
vt 0.054156 1.031250
vn 0.310914 -0.044416 0.949399
v 77.750000 72.000000 135.750000
vt 0.054156 1.000000
vn 0.316228 0.000000 0.948683
v 78.765625 68.484375 135.000000
vt 0.034486 1.031250
vn 0.697336 -0.099619 0.709788
v 78.765625 187.515625 135.000000
vt 0.034486 1.218750
vn 0.697336 0.099619 0.709788
v 79.000000 184.000000 135.000000
vt 0.034486 1.250000
vn 0.707107 0.000000 0.707107
v 77.750000 184.000000 135.750000
vt 0.054156 1.250000
vn 0.316228 -0.000000 0.948683
v 77.535156 187.222656 135.750000
vt 0.054156 1.218750
vn 0.310914 0.044416 0.949399
v 78.062500 190.562500 135.000000
vt 0.034486 1.187500
vn 0.661581 0.220527 0.716713
v 76.890625 190.015625 135.750000
vt 0.054156 1.187500
vn 0.292683 0.097561 0.951220
v 76.890625 65.984375 135.750000
vt 0.054156 1.062500
vn 0.292683 -0.097561 0.951220
v 78.062500 65.437500 135.000000
vt 0.034486 1.062500
vn 0.661581 -0.220527 0.716713
v 76.890625 193.140625 135.000000
vt 0.034486 1.156250
vn 0.591248 0.354749 0.724279
v 75.816406 192.378906 135.750000
vt 0.054156 1.156250
vn 0.259363 0.155618 0.953160
v 76.000000 72.000000 136.000000
vt 0.062500 1.875000
vn 0.000000 0.000000 1.000000
v 76.000000 184.000000 136.000000
vt 0.062500 1.000000
vn 0.000000 0.000000 1.000000
v 76.000000 184.000000 136.000000
vt 0.075444 1.250000
vn 0.000000 0.000000 1.000000
v 75.812500 186.812500 136.000000
vt 0.075444 1.218750
vn 0.000000 0.000000 1.000000
v 75.812500 69.187500 136.000000
vt 0.075444 1.031250
vn 0.000000 0.000000 1.000000
v 76.000000 72.000000 136.000000
vt 0.075444 1.000000
vn 0.000000 0.000000 1.000000
v 75.250000 189.250000 136.000000
vt 0.075444 1.187500
vn 0.000000 0.000000 1.000000
v 75.250000 66.750000 136.000000
vt 0.075444 1.062500
vn 0.000000 0.000000 1.000000
v 74.312500 191.312500 136.000000
vt 0.075444 1.156250
vn 0.000000 0.000000 1.000000
v 74.312500 64.687500 136.000000
vt 0.075444 1.093750
vn 0.000000 0.000000 1.000000
v 75.816406 63.621094 135.750000
vt 0.054156 1.093750
vn 0.259363 -0.155618 0.953160
v 74.312500 194.312500 135.750000
vt 0.054156 1.125000
vn 0.212000 0.212000 0.953998
v 73.000000 193.000000 136.000000
vt 0.075444 1.125000
vn 0.000000 0.000000 1.000000
v 73.000000 63.000000 136.000000
vt 0.075444 1.125000
vn 0.000000 0.000000 1.000000
v 74.312500 61.687500 135.750000
vt 0.054156 1.125000
vn 0.212000 -0.212000 0.953998
v 72.378906 195.816406 135.750000
vt 0.054156 1.093750
vn 0.155618 0.259363 0.953160
v 71.312500 194.312500 136.000000
vt 0.075444 1.093750
vn 0.000000 0.000000 1.000000
v 71.312500 61.687500 136.000000
vt 0.075444 1.156250
vn 0.000000 0.000000 1.000000
v 72.378906 60.183594 135.750000
vt 0.054156 1.156250
vn 0.155618 -0.259363 0.953160
v 70.015625 196.890625 135.750000
vt 0.054156 1.062500
vn 0.097561 0.292683 0.951220
v 69.250000 195.250000 136.000000
vt 0.075444 1.062500
vn 0.000000 0.000000 1.000000
v 69.250000 60.750000 136.000000
vt 0.075444 1.187500
vn 0.000000 0.000000 1.000000
v 70.015625 59.109375 135.750000
vt 0.054156 1.187500
vn 0.097561 -0.292683 0.951220
v 67.222656 197.535156 135.750000
vt 0.054156 1.031250
vn 0.044416 0.310914 0.949399
v 66.812500 195.812500 136.000000
vt 0.075444 1.031250
vn 0.000000 0.000000 1.000000
v 66.812500 60.187500 136.000000
vt 0.075444 1.218750
vn 0.000000 0.000000 1.000000
v 67.222656 58.464844 135.750000
vt 0.054156 1.218750
vn 0.044416 -0.310914 0.949399
v 64.000000 197.750000 135.750000
vt 0.054156 1.000000
vn -0.000000 0.316228 0.948683
v 64.000000 196.000000 136.000000
vt 0.075444 1.000000
vn 0.000000 0.000000 1.000000
v 64.000000 60.000000 136.000000
vt 0.075444 1.250000
vn 0.000000 0.000000 1.000000
v 64.000000 58.250000 135.750000
vt 0.054156 1.250000
vn -0.000000 -0.316228 0.948683
v 66.402344 61.910156 135.750000
vt 0.096732 1.218750
vn -0.044416 0.310914 0.949399
v 68.484375 62.390625 135.750000
vt 0.096732 1.187500
vn -0.097561 0.292683 0.951220
v 70.246094 63.191406 135.750000
vt 0.096732 1.156250
vn -0.155618 0.259363 0.953160
v 71.687500 64.312500 135.750000
vt 0.096732 1.125000
vn -0.212000 0.212000 0.953998
v 72.808594 65.753906 135.750000
vt 0.096732 1.093750
vn -0.259363 0.155618 0.953160
v 73.609375 67.515625 135.750000
vt 0.096732 1.062500
vn -0.292683 0.097561 0.951220
v 74.089844 69.597656 135.750000
vt 0.096732 1.031250
vn -0.310914 0.044416 0.949399
v 74.250000 72.000000 135.750000
vt 0.078125 1.875000
vn -0.316228 0.000000 0.948683
v 74.250000 184.000000 135.750000
vt 0.078125 1.000000
vn -0.316228 0.000000 0.948683
v 74.250000 184.000000 135.750000
vt 0.096732 1.250000
vn -0.316228 0.000000 0.948683
v 74.089844 186.402344 135.750000
vt 0.096732 1.218750
vn -0.310914 -0.044416 0.949399
v 74.250000 72.000000 135.750000
vt 0.096732 1.000000
vn -0.316228 0.000000 0.948683
v 73.609375 188.484375 135.750000
vt 0.096732 1.187500
vn -0.292683 -0.097561 0.951220
v 72.808594 190.246094 135.750000
vt 0.096732 1.156250
vn -0.259363 -0.155618 0.953160
v 71.687500 191.687500 135.750000
vt 0.096732 1.125000
vn -0.212000 -0.212000 0.953998
v 70.246094 192.808594 135.750000
vt 0.096732 1.093750
vn -0.155618 -0.259363 0.953160
v 68.484375 193.609375 135.750000
vt 0.096732 1.062500
vn -0.097561 -0.292683 0.951220
v 66.402344 194.089844 135.750000
vt 0.096732 1.031250
vn -0.044416 -0.310914 0.949399
v 64.000000 61.750000 135.750000
vt 0.096732 1.250000
vn 0.000000 0.316228 0.948683
v 47.773193 61.750000 135.492432
vt 0.046875 3.300781
vn -0.030585 0.316367 0.948144
v 64.000000 61.750000 135.750000
vt 0.046875 3.375000
vn 0.000000 0.316228 0.948683
v 64.000000 60.000000 136.000000
vt 0.062500 3.375000
vn 0.000000 0.000000 1.000000
v 47.757812 60.000000 135.742188
vt 0.062500 3.300781
vn -0.032241 0.000000 0.999480
v 64.000000 58.250000 135.750000
vt 0.078125 3.375000
vn -0.000000 -0.316228 0.948683
v 47.773193 58.250000 135.492432
vt 0.078125 3.300781
vn -0.030585 -0.316367 0.948144
v 64.000000 194.250000 135.750000
vt 0.096732 1.000000
vn 0.000000 -0.316228 0.948683
v 47.757812 196.000000 135.742188
vt 0.062500 3.300781
vn -0.032241 0.000000 0.999480
v 64.000000 196.000000 136.000000
vt 0.062500 3.375000
vn 0.000000 0.000000 1.000000
v 64.000000 194.250000 135.750000
vt 0.078125 3.375000
vn 0.000000 -0.316228 0.948683
v 47.773193 194.250000 135.492432
vt 0.078125 3.300781
vn -0.030585 -0.316367 0.948144
v 47.773193 197.750000 135.492432
vt 0.046875 3.300781
vn -0.030585 0.316367 0.948144
v 64.000000 197.750000 135.750000
vt 0.046875 3.375000
vn -0.000000 0.316228 0.948683
v 32.061523 197.750000 134.719727
vt 0.046875 3.226562
vn -0.063093 0.316780 0.946398
v 32.031250 196.000000 134.968750
vt 0.062500 3.226562
vn -0.066519 0.000000 0.997785
v 32.061523 194.250000 134.719727
vt 0.078125 3.226562
vn -0.063093 -0.316781 0.946398
v 32.061523 61.750000 134.719727
vt 0.046875 3.226562
vn -0.063093 0.316780 0.946398
v 32.031250 60.000000 134.968750
vt 0.062500 3.226562
vn -0.066519 0.000000 0.997785
v 32.061523 58.250000 134.719727
vt 0.078125 3.226562
vn -0.063093 -0.316781 0.946398
v 16.864990 61.750000 133.431885
vt 0.046875 3.152344
vn -0.097576 0.317462 0.943238
v 16.820312 60.000000 133.679688
vt 0.062500 3.152344
vn -0.102899 0.000000 0.994692
v 16.864990 58.250000 133.431885
vt 0.078125 3.152344
vn -0.097576 -0.317462 0.943238
v 16.820312 196.000000 133.679688
vt 0.062500 3.152344
vn -0.102899 0.000000 0.994692
v 16.864990 194.250000 133.431885
vt 0.078125 3.152344
vn -0.097576 -0.317462 0.943238
v 16.864990 197.750000 133.431885
vt 0.046875 3.152344
vn -0.097576 0.317462 0.943238
v 2.183594 197.750000 131.628906
vt 0.046875 3.078125
vn -0.134061 0.318396 0.938430
v 2.125000 196.000000 131.875000
vt 0.062500 3.078125
vn -0.141421 0.000000 0.989950
v 2.183594 194.250000 131.628906
vt 0.078125 3.078125
vn -0.134061 -0.318396 0.938430
v 2.183594 61.750000 131.628906
vt 0.046875 3.078125
vn -0.134061 0.318396 0.938430
v 2.125000 60.000000 131.875000
vt 0.062500 3.078125
vn -0.141421 0.000000 0.989950
v 2.183594 58.250000 131.628906
vt 0.078125 3.078125
vn -0.134061 -0.318396 0.938430
v -11.982666 61.750000 129.310791
vt 0.046875 3.003906
vn -0.172542 0.319561 0.931724
v -12.054688 60.000000 129.554688
vt 0.062500 3.003906
vn -0.182089 0.000000 0.983282
v -11.982666 58.250000 129.310791
vt 0.078125 3.003906
vn -0.172542 -0.319561 0.931724
v -12.054688 196.000000 129.554688
vt 0.062500 3.003906
vn -0.182089 0.000000 0.983282
v -11.982666 194.250000 129.310791
vt 0.078125 3.003906
vn -0.172542 -0.319561 0.931724
v -11.982666 197.750000 129.310791
vt 0.046875 3.003906
vn -0.172542 0.319561 0.931724
v -25.633789 197.750000 126.477539
vt 0.046875 2.929687
vn -0.212965 0.320927 0.922850
v -25.718750 196.000000 126.718750
vt 0.062500 2.929687
vn -0.224860 0.000000 0.974391
v -25.633789 194.250000 126.477539
vt 0.078125 2.929687
vn -0.212965 -0.320927 0.922850
v -25.633789 61.750000 126.477539
vt 0.046875 2.929687
vn -0.212965 0.320927 0.922850
v -25.718750 60.000000 126.718750
vt 0.062500 2.929687
vn -0.224860 0.000000 0.974391
v -25.633789 58.250000 126.477539
vt 0.078125 2.929687
vn -0.212965 -0.320927 0.922850
v -38.769775 61.750000 123.129150
vt 0.046875 2.855469
vn -0.255228 0.322453 0.911528
v -38.867188 60.000000 123.367188
vt 0.062500 2.855469
vn -0.269630 0.000000 0.962964
v -38.769775 58.250000 123.129150
vt 0.078125 2.855469
vn -0.255228 -0.322453 0.911528
v -38.867188 196.000000 123.367188
vt 0.062500 2.855469
vn -0.269630 0.000000 0.962964
v -38.769775 194.250000 123.129150
vt 0.078125 2.855469
vn -0.255228 -0.322453 0.911528
v -38.769775 197.750000 123.129150
vt 0.046875 2.855469
vn -0.255228 0.322453 0.911528
v -51.390625 197.750000 119.265625
vt 0.046875 2.781250
vn -0.299160 0.324090 0.897479
v -51.500000 196.000000 119.500000
vt 0.062500 2.781250
vn -0.316228 0.000000 0.948683
v -51.390625 194.250000 119.265625
vt 0.078125 2.781250
vn -0.299160 -0.324090 0.897479
v -51.390625 61.750000 119.265625
vt 0.046875 2.781250
vn -0.299160 0.324090 0.897479
v -51.500000 60.000000 119.500000
vt 0.062500 2.781250
vn -0.316228 0.000000 0.948683
v -51.390625 58.250000 119.265625
vt 0.078125 2.781250
vn -0.299160 -0.324090 0.897479
v -63.496338 61.750000 114.886963
vt 0.046875 2.707031
vn -0.344520 0.325779 0.880440
v -63.617188 60.000000 115.117188
vt 0.062500 2.707031
vn -0.364399 0.000000 0.931243
v -63.496338 58.250000 114.886963
vt 0.078125 2.707031
vn -0.344520 -0.325779 0.880440
v -63.617188 196.000000 115.117188
vt 0.062500 2.707031
vn -0.364399 0.000000 0.931243
v -63.496338 194.250000 114.886963
vt 0.078125 2.707031
vn -0.344520 -0.325779 0.880440
v -63.496338 197.750000 114.886963
vt 0.046875 2.707031
vn -0.344520 0.325779 0.880440
v -75.086914 197.750000 109.993164
vt 0.046875 2.632812
vn -0.390989 0.327453 0.860176
v -75.218750 196.000000 110.218750
vt 0.062500 2.632812
vn -0.413803 0.000000 0.910366
v -75.086914 194.250000 109.993164
vt 0.078125 2.632812
vn -0.390989 -0.327453 0.860176
v -75.086914 61.750000 109.993164
vt 0.046875 2.632812
vn -0.390989 0.327453 0.860176
v -75.218750 60.000000 110.218750
vt 0.062500 2.632812
vn -0.413803 0.000000 0.910366
v -75.086914 58.250000 109.993164
vt 0.078125 2.632812
vn -0.390989 -0.327453 0.860176
v -86.162354 61.750000 104.584229
vt 0.046875 2.558594
vn -0.438169 0.329042 0.836504
v -86.304688 60.000000 104.804688
vt 0.062500 2.558594
vn -0.464007 0.000000 0.885832
v -86.162354 58.250000 104.584229
vt 0.078125 2.558594
vn -0.438169 -0.329042 0.836504
v -86.304688 196.000000 104.804688
vt 0.062500 2.558594
vn -0.464007 0.000000 0.885832
v -86.162354 194.250000 104.584229
vt 0.078125 2.558594
vn -0.438169 -0.329042 0.836504
v -86.162354 197.750000 104.584229
vt 0.046875 2.558594
vn -0.438169 0.329042 0.836504
v -96.722656 197.750000 98.660156
vt 0.046875 2.484375
vn -0.485590 0.330471 0.809316
v -96.875000 196.000000 98.875000
vt 0.062500 2.484375
vn -0.514496 0.000000 0.857493
v -96.722656 194.250000 98.660156
vt 0.078125 2.484375
vn -0.485589 -0.330471 0.809316
v 72.437500 68.062500 135.000000
vt 0.116402 1.062500
vn -0.661582 0.220527 0.716713
v 72.859375 69.890625 135.000000
vt 0.116402 1.031250
vn -0.697336 0.099619 0.709788
v 73.000000 72.000000 135.000000
vt 0.116402 1.000000
vn -0.707107 0.000000 0.707107
v 71.734375 66.515625 135.000000
vt 0.116402 1.093750
vn -0.591248 0.354749 0.724279
v 70.750000 65.250000 135.000000
vt 0.116402 1.125000
vn -0.485071 0.485071 0.727607
v 69.484375 64.265625 135.000000
vt 0.116402 1.156250
vn -0.354749 0.591248 0.724279
v 67.937500 63.562500 135.000000
vt 0.116402 1.187500
vn -0.220527 0.661581 0.716713
v 66.109375 63.140625 135.000000
vt 0.116402 1.218750
vn -0.099619 0.697336 0.709788
v 64.000000 63.000000 135.000000
vt 0.116402 1.250000
vn 0.000000 0.707107 0.707107
v 73.000000 72.000000 135.000000
vt 0.093750 1.875000
vn -0.707107 0.000000 0.707107
v 73.000000 184.000000 135.000000
vt 0.093750 1.000000
vn -0.707107 0.000000 0.707107
v 73.000000 184.000000 135.000000
vt 0.116402 1.250000
vn -0.707107 0.000000 0.707107
v 72.859375 186.109375 135.000000
vt 0.116402 1.218750
vn -0.697336 -0.099619 0.709788
v 72.437500 187.937500 135.000000
vt 0.116402 1.187500
vn -0.661581 -0.220527 0.716713
v 71.734375 189.484375 135.000000
vt 0.116402 1.156250
vn -0.591248 -0.354749 0.724279
v 70.750000 190.750000 135.000000
vt 0.116402 1.125000
vn -0.485071 -0.485071 0.727607
v 69.484375 191.734375 135.000000
vt 0.116402 1.093750
vn -0.354749 -0.591248 0.724279
v 67.937500 192.437500 135.000000
vt 0.116402 1.062500
vn -0.220527 -0.661581 0.716713
v 66.109375 192.859375 135.000000
vt 0.116402 1.031250
vn -0.099619 -0.697336 0.709788
v 64.000000 193.000000 135.000000
vt 0.116402 1.000000
vn 0.000000 -0.707107 0.707107
v -96.875000 60.000000 98.875000
vt 0.062500 2.484375
vn -0.514496 0.000000 0.857493
v -96.722656 58.250000 98.660156
vt 0.078125 2.484375
vn -0.485589 -0.330471 0.809316
v -106.767822 197.750000 92.220947
vt 0.046875 2.410156
vn -0.532720 0.331670 0.778591
v -106.929688 196.000000 92.429688
vt 0.062500 2.410156
vn -0.564684 0.000000 0.825307
v -106.767822 194.250000 92.220947
vt 0.078125 2.410156
vn -0.532720 -0.331670 0.778591
v -106.929688 60.000000 92.429688
vt 0.062500 2.410156
vn -0.564684 0.000000 0.825307
v -106.767822 58.250000 92.220947
vt 0.078125 2.410156
vn -0.532720 -0.331670 0.778591
v -116.297852 197.750000 85.266602
vt 0.046875 2.335938
vn -0.578993 0.332576 0.744420
v -116.468750 196.000000 85.468750
vt 0.062500 2.335938
vn -0.613941 0.000000 0.789352
v -116.297852 194.250000 85.266602
vt 0.078125 2.335938
vn -0.578993 -0.332576 0.744420
v -116.468750 60.000000 85.468750
vt 0.062500 2.335938
vn -0.613941 0.000000 0.789352
v -116.297852 58.250000 85.266602
vt 0.078125 2.335938
vn -0.578993 -0.332576 0.744420
v -125.312744 197.750000 77.797119
vt 0.046875 2.261719
vn -0.623828 0.333141 0.707005
v -125.492188 196.000000 77.992188
vt 0.062500 2.261719
vn -0.661622 0.000000 0.749838
v -125.312744 194.250000 77.797119
vt 0.078125 2.261719
vn -0.623828 -0.333141 0.707005
v -125.492188 60.000000 77.992188
vt 0.062500 2.261719
vn -0.661622 0.000000 0.749838
v -125.312744 58.250000 77.797119
vt 0.078125 2.261719
vn -0.623828 -0.333141 0.707005
v -11.766602 199.000000 128.579102
vt 0.031250 3.003906
vn -0.128003 0.711219 0.691218
v 2.359375 199.000000 130.890625
vt 0.031250 3.078125
vn -0.099619 0.709788 0.697336
v -25.378906 199.000000 125.753906
vt 0.031250 2.929687
vn -0.157689 0.712887 0.683320
v 16.999023 199.000000 132.688477
vt 0.031250 3.152344
vn -0.072603 0.708636 0.701829
v -38.477539 199.000000 122.415039
vt 0.031250 2.855469
vn -0.188577 0.714739 0.673488
v 32.152344 199.000000 133.972656
vt 0.031250 3.226562
vn -0.046990 0.707793 0.704856
v -11.766602 63.000000 128.579102
vt 0.031250 3.003906
vn -0.128003 0.711219 0.691218
v 2.359375 63.000000 130.890625
vt 0.031250 3.078125
vn -0.099619 0.709788 0.697336
v -25.378906 63.000000 125.753906
vt 0.031250 2.929687
vn -0.157689 0.712887 0.683320
v 16.999023 63.000000 132.688477
vt 0.031250 3.152344
vn -0.072603 0.708636 0.701829
v -38.477539 63.000000 122.415039
vt 0.031250 2.855469
vn -0.188577 0.714739 0.673488
v 32.152344 63.000000 133.972656
vt 0.031250 3.226562
vn -0.046990 0.707793 0.704856
v 47.819336 63.000000 134.743164
vt 0.031250 3.300781
vn -0.022792 0.707279 0.706567
v 64.000000 63.000000 135.000000
vt 0.031250 3.375000
vn 0.000000 0.707107 0.707107
v 47.819336 199.000000 134.743164
vt 0.031250 3.300781
vn -0.022792 0.707279 0.706567
v -51.062500 63.000000 118.562500
vt 0.031250 2.781250
vn -0.220527 0.716713 0.661581
v -51.062500 199.000000 118.562500
vt 0.031250 2.781250
vn -0.220527 0.716713 0.661581
v 2.359375 193.000000 130.890625
vt 0.093750 3.078125
vn -0.099619 -0.709788 0.697336
v -11.766602 193.000000 128.579102
vt 0.093750 3.003906
vn -0.128003 -0.711219 0.691218
v 16.999023 193.000000 132.688477
vt 0.093750 3.152344
vn -0.072603 -0.708636 0.701829
v -25.378906 193.000000 125.753906
vt 0.093750 2.929687
vn -0.157689 -0.712887 0.683320
v 32.152344 193.000000 133.972656
vt 0.093750 3.226562
vn -0.046990 -0.707793 0.704856
v -38.477539 193.000000 122.415039
vt 0.093750 2.855469
vn -0.188577 -0.714739 0.673488
v 2.359375 57.000000 130.890625
vt 0.093750 3.078125
vn -0.099619 -0.709788 0.697336
v -11.766602 57.000000 128.579102
vt 0.093750 3.003906
vn -0.128003 -0.711219 0.691218
v 16.999023 57.000000 132.688477
vt 0.093750 3.152344
vn -0.072603 -0.708636 0.701829
v -25.378906 57.000000 125.753906
vt 0.093750 2.929687
vn -0.157689 -0.712887 0.683320
v 32.152344 57.000000 133.972656
vt 0.093750 3.226562
vn -0.046990 -0.707793 0.704856
v -38.477539 57.000000 122.415039
vt 0.093750 2.855469
vn -0.188577 -0.714739 0.673488
v 64.000000 199.000000 135.000000
vt 0.031250 3.375000
vn 0.000000 0.707107 0.707107
v 47.819336 57.000000 134.743164
vt 0.093750 3.300781
vn -0.022792 -0.707279 0.706567
v 47.819336 193.000000 134.743164
vt 0.093750 3.300781
vn -0.022792 -0.707279 0.706567
v 64.000000 193.000000 135.000000
vt 0.093750 3.375000
vn 0.000000 -0.707107 0.707107
v -51.062500 57.000000 118.562500
vt 0.093750 2.781250
vn -0.220527 -0.716713 0.661581
v -51.062500 193.000000 118.562500
vt 0.093750 2.781250
vn -0.220527 -0.716713 0.661581
v -63.133789 199.000000 114.196289
vt 0.031250 2.707031
vn -0.253361 0.718736 0.647478
v -63.133789 63.000000 114.196289
vt 0.031250 2.707031
vn -0.253361 0.718736 0.647478
v 64.000000 57.000000 135.000000
vt 0.093750 3.375000
vn 0.000000 -0.707107 0.707107
v -63.133789 193.000000 114.196289
vt 0.093750 2.707031
vn -0.253361 -0.718736 0.647478
v -63.133789 57.000000 114.196289
vt 0.093750 2.707031
vn -0.253361 -0.718736 0.647478
v -74.691406 63.000000 109.316406
vt 0.031250 2.632812
vn -0.286856 0.720726 0.631084
v -74.691406 199.000000 109.316406
vt 0.031250 2.632812
vn -0.286856 0.720726 0.631084
v 64.000000 199.000000 135.000000
vt 0.034486 1.000000
vn 0.000000 0.707107 0.707107
v 67.515625 198.765625 135.000000
vt 0.034486 1.031250
vn 0.099619 0.697336 0.709788
v -133.812500 197.750000 69.812500
vt 0.046875 2.187500
vn -0.666667 0.333333 0.666667
v -134.000000 196.000000 70.000000
vt 0.062500 2.187500
vn -0.707107 0.000000 0.707107
v -133.812500 194.250000 69.812500
vt 0.078125 2.187500
vn -0.666667 -0.333333 0.666667
v -134.000000 60.000000 70.000000
vt 0.062500 2.187500
vn -0.707107 0.000000 0.707107
v -133.812500 58.250000 69.812500
vt 0.078125 2.187500
vn -0.666667 -0.333333 0.666667
v -74.691406 57.000000 109.316406
vt 0.093750 2.632812
vn -0.286856 -0.720726 0.631084
v -74.691406 193.000000 109.316406
vt 0.093750 2.632812
vn -0.286856 -0.720726 0.631084
v -85.735352 199.000000 103.922852
vt 0.031250 2.558594
vn -0.320752 0.722602 0.612344
v -85.735352 63.000000 103.922852
vt 0.031250 2.558594
vn -0.320752 0.722602 0.612344
v 67.515625 57.234375 135.000000
vt 0.034486 1.218750
vn 0.099619 -0.697336 0.709788
v 64.000000 57.000000 135.000000
vt 0.034486 1.250000
vn 0.000000 -0.707107 0.707107
v -85.735352 193.000000 103.922852
vt 0.093750 2.558594
vn -0.320751 -0.722602 0.612344
v -85.735352 57.000000 103.922852
vt 0.093750 2.558594
vn -0.320751 -0.722602 0.612344
v 70.562500 198.062500 135.000000
vt 0.034486 1.062500
vn 0.220527 0.661581 0.716713
v 70.562500 57.937500 135.000000
vt 0.034486 1.187500
vn 0.220527 -0.661581 0.716713
v -96.265625 199.000000 98.015625
vt 0.031250 2.484375
vn -0.354749 0.724279 0.591248
v -96.265625 63.000000 98.015625
vt 0.031250 2.484375
vn -0.354749 0.724279 0.591248
v -96.722656 61.750000 98.660156
vt 0.046875 2.484375
vn -0.485590 0.330471 0.809316
v -96.265625 57.000000 98.015625
vt 0.093750 2.484375
vn -0.354749 -0.724279 0.591248
v -96.265625 193.000000 98.015625
vt 0.093750 2.484375
vn -0.354749 -0.724279 0.591248
v 73.140625 196.890625 135.000000
vt 0.034486 1.093750
vn 0.354749 0.591248 0.724279
v 73.140625 59.109375 135.000000
vt 0.034486 1.156250
vn 0.354749 -0.591248 0.724279
v -106.282227 199.000000 91.594727
vt 0.031250 2.410156
vn -0.388522 0.725677 0.567840
v -106.282227 63.000000 91.594727
vt 0.031250 2.410156
vn -0.388522 0.725677 0.567840
v -106.767822 61.750000 92.220947
vt 0.046875 2.410156
vn -0.532720 0.331670 0.778591
v -106.282227 193.000000 91.594727
vt 0.093750 2.410156
vn -0.388522 -0.725677 0.567840
v -106.282227 57.000000 91.594727
vt 0.093750 2.410156
vn -0.388522 -0.725677 0.567840
v 75.250000 195.250000 135.000000
vt 0.034486 1.125000
vn 0.485071 0.485071 0.727607
v 75.250000 60.750000 135.000000
vt 0.034486 1.125000
vn 0.485071 -0.485071 0.727607
v -115.785156 199.000000 84.660156
vt 0.031250 2.335938
vn -0.421730 0.726731 0.542224
v -115.785156 63.000000 84.660156
vt 0.031250 2.335938
vn -0.421730 0.726731 0.542224
v -116.297852 61.750000 85.266602
vt 0.046875 2.335938
vn -0.578993 0.332576 0.744420
v -115.785156 57.000000 84.660156
vt 0.093750 2.335938
vn -0.421730 -0.726731 0.542224
v -115.785156 193.000000 84.660156
vt 0.093750 2.335938
vn -0.421730 -0.726731 0.542224
v 76.890625 62.859375 135.000000
vt 0.034486 1.093750
vn 0.591248 -0.354749 0.724279
v -124.774414 199.000000 77.211914
vt 0.031250 2.261719
vn -0.454024 0.727385 0.514561
v -124.774414 63.000000 77.211914
vt 0.031250 2.261719
vn -0.454024 0.727385 0.514561
v -125.312744 61.750000 77.797119
vt 0.046875 2.261719
vn -0.623828 0.333141 0.707005
v -124.774414 193.000000 77.211914
vt 0.093750 2.261719
vn -0.454024 -0.727385 0.514561
v -124.774414 57.000000 77.211914
vt 0.093750 2.261719
vn -0.454024 -0.727385 0.514561
v -133.250000 199.000000 69.250000
vt 0.031250 2.187500
vn -0.485071 0.727607 0.485071
v -133.250000 63.000000 69.250000
vt 0.031250 2.187500
vn -0.485071 0.727607 0.485071
v -133.812500 61.750000 69.812500
vt 0.046875 2.187500
vn -0.666667 0.333333 0.666667
v -133.250000 57.000000 69.250000
vt 0.093750 2.187500
vn -0.485071 -0.727607 0.485071
v -133.250000 193.000000 69.250000
vt 0.093750 2.187500
vn -0.485071 -0.727607 0.485071
v 78.765625 190.890625 133.750000
vt 0.016434 1.187500
vn 0.897479 0.299160 0.324090
v 79.503906 187.691406 133.750000
vt 0.016434 1.218750
vn 0.938430 0.134061 0.318396
v 79.503906 68.308594 133.750000
vt 0.016434 1.031250
vn 0.938430 -0.134061 0.318396
v 78.765625 65.109375 133.750000
vt 0.016434 1.062500
vn 0.897479 -0.299160 0.324090
v 79.750000 184.000000 133.750000
vt 0.015625 1.000000
vn 0.948683 -0.000000 0.316228
v 79.750000 72.000000 133.750000
vt 0.015625 1.875000
vn 0.948683 0.000000 0.316228
v 79.750000 184.000000 133.750000
vt 0.016434 1.250000
vn 0.948683 -0.000000 0.316228
v 79.750000 72.000000 133.750000
vt 0.016434 1.000000
vn 0.948683 0.000000 0.316228
v -194.250000 72.000000 -136.250000
vt 0.140625 1.000000
vn 0.316228 0.000000 0.948683
v -194.250000 184.000000 -136.250000
vt 0.140625 1.875000
vn 0.316228 0.000000 0.948683
v -193.000000 184.000000 -137.000000
vt 0.156250 1.875000
vn 0.707107 0.000000 0.707107
v -193.000000 72.000000 -137.000000
vt 0.156250 1.000000
vn 0.707107 0.000000 0.707107
v -194.250000 70.066406 -136.121094
vt 0.167322 1.218750
vn 0.318396 0.134061 0.938430
v -194.250000 72.000000 -136.250000
vt 0.167322 1.250000
vn 0.316228 0.000000 0.948683
v -193.000000 72.000000 -137.000000
vt 0.185374 1.250000
vn 0.707107 0.000000 0.707107
v -193.000000 69.890625 -136.859375
vt 0.185374 1.218750
vn 0.709788 0.099619 0.697336
v -194.250000 184.000000 -136.250000
vt 0.167322 1.000000
vn 0.316228 0.000000 0.948683
v -193.000000 186.109375 -136.859375
vt 0.185374 1.031250
vn 0.709788 -0.099619 0.697336
v -193.000000 184.000000 -137.000000
vt 0.185374 1.000000
vn 0.707107 0.000000 0.707107
v -194.250000 185.933594 -136.121094
vt 0.167322 1.031250
vn 0.318396 -0.134061 0.938430
v -193.000000 187.937500 -136.437500
vt 0.185374 1.062500
vn 0.716713 -0.220527 0.661582
v -194.250000 187.609375 -135.734375
vt 0.167322 1.062500
vn 0.324090 -0.299160 0.897479
v -194.250000 68.390625 -135.734375
vt 0.167322 1.187500
vn 0.324090 0.299160 0.897479
v -193.000000 68.062500 -136.437500
vt 0.185374 1.187500
vn 0.716713 0.220527 0.661581
v -193.000000 189.484375 -135.734375
vt 0.185374 1.093750
vn 0.724279 -0.354749 0.591248
v -194.250000 189.027344 -135.089844
vt 0.167322 1.093750
vn 0.330471 -0.485590 0.809316
v -196.000000 72.000000 -136.000000
vt 0.125000 1.000000
vn 0.000000 0.000000 1.000000
v -196.000000 184.000000 -136.000000
vt 0.125000 1.875000
vn 0.000000 0.000000 1.000000
v -196.000000 184.000000 -136.000000
vt 0.150888 1.000000
vn 0.000000 0.000000 1.000000
v -196.000000 185.875000 -135.875000
vt 0.150888 1.031250
vn 0.000000 -0.141421 0.989950
v -196.000000 70.125000 -135.875000
vt 0.150888 1.218750
vn 0.000000 0.141421 0.989950
v -196.000000 72.000000 -136.000000
vt 0.150888 1.250000
vn 0.000000 0.000000 1.000000
v -196.000000 187.500000 -135.500000
vt 0.150888 1.062500
vn 0.000000 -0.316228 0.948683
v -196.000000 68.500000 -135.500000
vt 0.150888 1.187500
vn 0.000000 0.316228 0.948683
v -196.000000 188.875000 -134.875000
vt 0.150888 1.093750
vn 0.000000 -0.514496 0.857493
v -197.750000 72.000000 -136.250000
vt 0.109375 1.000000
vn -0.316228 0.000000 0.948683
v -197.750000 184.000000 -136.250000
vt 0.109375 1.875000
vn -0.316228 0.000000 0.948683
v -197.750000 184.000000 -136.250000
vt 0.134454 1.000000
vn -0.316228 0.000000 0.948683
v -197.750000 185.933594 -136.121094
vt 0.134454 1.031250
vn -0.318396 -0.134061 0.938430
v -197.750000 70.066406 -136.121094
vt 0.134454 1.218750
vn -0.318396 0.134061 0.938430
v -197.750000 72.000000 -136.250000
vt 0.134454 1.250000
vn -0.316228 0.000000 0.948683
v -197.750000 187.609375 -135.734375
vt 0.134454 1.062500
vn -0.324090 -0.299160 0.897479
v -197.750000 68.390625 -135.734375
vt 0.134454 1.187500
vn -0.324090 0.299160 0.897479
v -196.000000 67.125000 -134.875000
vt 0.150888 1.156250
vn 0.000000 0.514496 0.857493
v -194.250000 66.972656 -135.089844
vt 0.167322 1.156250
vn 0.330471 0.485590 0.809316
v -197.750000 189.027344 -135.089844
vt 0.134454 1.093750
vn -0.330471 -0.485589 0.809316
v -197.750000 66.972656 -135.089844
vt 0.134454 1.156250
vn -0.330471 0.485590 0.809316
v -193.000000 66.515625 -135.734375
vt 0.185374 1.156250
vn 0.724279 0.354749 0.591248
v -194.250000 190.187500 -134.187500
vt 0.167322 1.125000
vn 0.333333 -0.666667 0.666667
v -196.000000 190.000000 -134.000000
vt 0.150888 1.125000
vn 0.000000 -0.707107 0.707107
v -196.000000 66.000000 -134.000000
vt 0.150888 1.125000
vn 0.000000 0.707107 0.707107
v -194.250000 65.812500 -134.187500
vt 0.167322 1.125000
vn 0.333333 0.666667 0.666667
v -199.000000 72.000000 -137.000000
vt 0.093750 1.000000
vn -0.707107 0.000000 0.707107
v -199.000000 184.000000 -137.000000
vt 0.093750 1.875000
vn -0.707107 0.000000 0.707107
v -199.000000 184.000000 -137.000000
vt 0.116402 1.000000
vn -0.707107 0.000000 0.707107
v -199.000000 186.109375 -136.859375
vt 0.116402 1.031250
vn -0.709788 -0.099619 0.697336
v -199.000000 69.890625 -136.859375
vt 0.116402 1.218750
vn -0.709788 0.099619 0.697336
v -199.000000 72.000000 -137.000000
vt 0.116402 1.250000
vn -0.707107 0.000000 0.707107
v -199.000000 187.937500 -136.437500
vt 0.116402 1.062500
vn -0.716713 -0.220527 0.661582
v -199.000000 68.062500 -136.437500
vt 0.116402 1.187500
vn -0.716713 0.220527 0.661581
v -199.000000 66.515625 -135.734375
vt 0.116402 1.156250
vn -0.724279 0.354749 0.591248
v -199.000000 189.484375 -135.734375
vt 0.116402 1.093750
vn -0.724279 -0.354749 0.591248
v -197.750000 65.812500 -134.187500
vt 0.134454 1.125000
vn -0.333333 0.666667 0.666667
v -197.750000 190.187500 -134.187500
vt 0.134454 1.125000
vn -0.333333 -0.666667 0.666667
v -193.000000 65.250000 -134.750000
vt 0.185374 1.125000
vn 0.727607 0.485071 0.485071
v -193.000000 190.750000 -134.750000
vt 0.185374 1.125000
vn 0.727607 -0.485071 0.485071
v -192.250000 184.000000 -138.250000
vt 0.171875 1.875000
vn 0.948683 0.000000 0.316228
v -192.250000 72.000000 -138.250000
vt 0.171875 1.000000
vn 0.948683 0.000000 0.316228
v -192.250000 72.000000 -138.250000
vt 0.205044 1.250000
vn 0.948683 0.000000 0.316228
v -192.250000 69.597656 -138.089844
vt 0.205044 1.218750
vn 0.949399 0.044416 0.310914
v -192.250000 186.402344 -138.089844
vt 0.205044 1.031250
vn 0.949399 -0.044416 0.310914
v -192.250000 184.000000 -138.250000
vt 0.205044 1.000000
vn 0.948683 0.000000 0.316228
v -192.250000 67.515625 -137.609375
vt 0.205044 1.187500
vn 0.951220 0.097561 0.292683
v -192.250000 188.484375 -137.609375
vt 0.205044 1.062500
vn 0.951220 -0.097561 0.292683
v -192.250000 65.753906 -136.808594
vt 0.205044 1.156250
vn 0.953160 0.155618 0.259363
v -192.250000 190.246094 -136.808594
vt 0.205044 1.093750
vn 0.953160 -0.155618 0.259363
v -192.250000 64.312500 -135.687500
vt 0.205044 1.125000
vn 0.953998 0.212000 0.212000
v -192.250000 191.687500 -135.687500
vt 0.205044 1.125000
vn 0.953998 -0.212000 0.212000
v -192.250000 192.808594 -134.246094
vt 0.205044 1.156250
vn 0.953160 -0.259363 0.155618
v -193.000000 191.734375 -133.484375
vt 0.185374 1.156250
vn 0.724279 -0.591248 0.354749
v 71.500000 68.500000 132.000000
vt 0.150888 1.062500
vn -0.948683 0.316228 -0.000000
v 71.089844 66.972656 130.250000
vt 0.167322 1.093750
vn -0.809316 0.485590 -0.330471
v 71.734375 68.390625 130.250000
vt 0.167322 1.062500
vn -0.897479 0.299160 -0.324090
v 70.875000 67.125000 132.000000
vt 0.150888 1.093750
vn -0.857493 0.514496 -0.000000
v 71.875000 70.125000 132.000000
vt 0.150888 1.031250
vn -0.989950 0.141421 -0.000000
v 72.121094 70.066406 130.250000
vt 0.167322 1.031250
vn -0.938430 0.134061 -0.318396
v 72.000000 72.000000 132.000000
vt 0.150888 1.000000
vn -1.000000 0.000000 -0.000000
v 72.250000 72.000000 130.250000
vt 0.167322 1.000000
vn -0.948683 0.000000 -0.316228
v 72.121094 70.066406 133.750000
vt 0.134454 1.031250
vn -0.938430 0.134061 0.318396
v 71.734375 68.390625 133.750000
vt 0.134454 1.062500
vn -0.897479 0.299160 0.324090
v 72.250000 72.000000 133.750000
vt 0.134454 1.000000
vn -0.948683 0.000000 0.316228
v 71.089844 66.972656 133.750000
vt 0.134454 1.093750
vn -0.809316 0.485589 0.330471
v 72.250000 184.000000 133.750000
vt 0.109375 1.000000
vn -0.948683 0.000000 0.316228
v 72.250000 72.000000 133.750000
vt 0.109375 1.875000
vn -0.948683 0.000000 0.316228
v 72.000000 72.000000 132.000000
vt 0.125000 1.875000
vn -1.000000 0.000000 -0.000000
v 72.000000 184.000000 132.000000
vt 0.125000 1.000000
vn -1.000000 0.000000 -0.000000
v 72.121094 185.933594 133.750000
vt 0.134454 1.218750
vn -0.938430 -0.134061 0.318396
v 72.250000 184.000000 133.750000
vt 0.134454 1.250000
vn -0.948683 0.000000 0.316228
v 72.000000 184.000000 132.000000
vt 0.150888 1.250000
vn -1.000000 0.000000 -0.000000
v 71.875000 185.875000 132.000000
vt 0.150888 1.218750
vn -0.989950 -0.141421 -0.000000
v 71.734375 187.609375 133.750000
vt 0.134454 1.187500
vn -0.897479 -0.299160 0.324090
v 71.500000 187.500000 132.000000
vt 0.150888 1.187500
vn -0.948683 -0.316228 -0.000000
v 71.089844 189.027344 133.750000
vt 0.134454 1.156250
vn -0.809316 -0.485590 0.330471
v 70.875000 188.875000 132.000000
vt 0.150888 1.156250
vn -0.857493 -0.514496 -0.000000
v 73.000000 184.000000 135.000000
vt 0.093750 1.000000
vn -0.707107 0.000000 0.707107
v 73.000000 72.000000 135.000000
vt 0.093750 1.875000
vn -0.707107 0.000000 0.707107
v 72.859375 186.109375 135.000000
vt 0.116402 1.218750
vn -0.697336 -0.099619 0.709788
v 73.000000 184.000000 135.000000
vt 0.116402 1.250000
vn -0.707107 0.000000 0.707107
v 73.000000 72.000000 135.000000
vt 0.116402 1.000000
vn -0.707107 0.000000 0.707107
v 72.859375 69.890625 135.000000
vt 0.116402 1.031250
vn -0.697336 0.099619 0.709788
v 72.437500 187.937500 135.000000
vt 0.116402 1.187500
vn -0.661581 -0.220527 0.716713
v 72.437500 68.062500 135.000000
vt 0.116402 1.062500
vn -0.661582 0.220527 0.716713
v 71.734375 189.484375 135.000000
vt 0.116402 1.156250
vn -0.591248 -0.354749 0.724279
v 71.734375 66.515625 135.000000
vt 0.116402 1.093750
vn -0.591248 0.354749 0.724279
v 70.187500 190.187500 133.750000
vt 0.134454 1.125000
vn -0.666667 -0.666667 0.333333
v 70.000000 190.000000 132.000000
vt 0.150888 1.125000
vn -0.707107 -0.707107 -0.000000
v 70.000000 66.000000 132.000000
vt 0.150888 1.125000
vn -0.707107 0.707107 -0.000000
v 70.187500 65.812500 133.750000
vt 0.134454 1.125000
vn -0.666667 0.666667 0.333333
v 70.750000 190.750000 135.000000
vt 0.116402 1.125000
vn -0.485071 -0.485071 0.727607
v 70.750000 65.250000 135.000000
vt 0.116402 1.125000
vn -0.485071 0.485071 0.727607
v 71.734375 187.609375 130.250000
vt 0.167322 1.187500
vn -0.897479 -0.299160 -0.324090
v 71.089844 189.027344 130.250000
vt 0.167322 1.156250
vn -0.809316 -0.485590 -0.330471
v 72.121094 185.933594 130.250000
vt 0.167322 1.218750
vn -0.938430 -0.134061 -0.318396
v 72.250000 184.000000 130.250000
vt 0.167322 1.250000
vn -0.948683 0.000000 -0.316228
v 72.250000 72.000000 130.250000
vt 0.140625 1.875000
vn -0.948683 0.000000 -0.316228
v 72.250000 184.000000 130.250000
vt 0.140625 1.000000
vn -0.948683 0.000000 -0.316228
v 73.000000 72.000000 129.000000
vt 0.156250 1.875000
vn -0.707107 0.000000 -0.707107
v 73.000000 184.000000 129.000000
vt 0.156250 1.000000
vn -0.707107 0.000000 -0.707107
v 73.000000 184.000000 129.000000
vt 0.185374 1.250000
vn -0.707107 0.000000 -0.707107
v 72.859375 186.109375 129.000000
vt 0.185374 1.218750
vn -0.697336 -0.099619 -0.709788
v 72.859375 69.890625 129.000000
vt 0.185374 1.031250
vn -0.697336 0.099619 -0.709788
v 73.000000 72.000000 129.000000
vt 0.185374 1.000000
vn -0.707107 0.000000 -0.707107
v 72.437500 187.937500 129.000000
vt 0.185374 1.187500
vn -0.661581 -0.220527 -0.716713
v 72.437500 68.062500 129.000000
vt 0.185374 1.062500
vn -0.661582 0.220527 -0.716713
v 71.734375 189.484375 129.000000
vt 0.185374 1.156250
vn -0.591248 -0.354749 -0.724279
v 71.734375 66.515625 129.000000
vt 0.185374 1.093750
vn -0.591248 0.354749 -0.724279
v 70.187500 190.187500 130.250000
vt 0.167322 1.125000
vn -0.666667 -0.666667 -0.333333
v 70.750000 190.750000 129.000000
vt 0.185374 1.125000
vn -0.485071 -0.485071 -0.727607
v 70.750000 65.250000 129.000000
vt 0.185374 1.125000
vn -0.485071 0.485071 -0.727607
v 70.187500 65.812500 130.250000
vt 0.167322 1.125000
vn -0.666667 0.666667 -0.333333
v 69.484375 64.265625 129.000000
vt 0.185374 1.156250
vn -0.354749 0.591248 -0.724279
v 69.027344 64.910156 130.250000
vt 0.167322 1.156250
vn -0.485590 0.809316 -0.330471
v -135.750000 60.000000 55.750000
vt 0.187500 2.113281
vn 0.749838 0.000000 -0.661622
v -128.187500 61.750000 64.187500
vt 0.203125 2.187500
vn 0.666667 0.333333 -0.666667
v -135.945068 61.750000 55.929443
vt 0.203125 2.113281
vn 0.707005 0.333141 -0.623828
v -143.000000 60.000000 47.000000
vt 0.187500 2.039062
vn 0.789352 0.000000 -0.613941
v -143.202148 61.750000 47.170898
vt 0.203125 2.039062
vn 0.744419 0.332576 -0.578993
v -149.750000 60.000000 37.750000
vt 0.187500 1.964844
vn 0.825307 0.000000 -0.564684
v -128.000000 60.000000 64.000000
vt 0.187500 2.187500
vn 0.707107 0.000000 -0.707107
v -149.958740 61.750000 37.911865
vt 0.203125 1.964844
vn 0.778591 0.331670 -0.532720
v -143.808594 63.000000 47.683594
vt 0.218750 2.039062
vn 0.542224 0.726731 -0.421730
v -150.584961 63.000000 38.397461
vt 0.218750 1.964844
vn 0.567840 0.725677 -0.388522
v -156.214844 61.750000 28.152344
vt 0.203125 1.890625
vn 0.809316 0.330471 -0.485589
v -144.819336 63.750000 48.538086
vt 0.234375 2.039062
vn 0.237209 0.953778 -0.184496
v -137.505615 63.750000 57.364990
vt 0.234375 2.113281
vn 0.224944 0.953943 -0.198480
v -151.628662 63.750000 39.206787
vt 0.234375 1.964844
vn 0.248707 0.953513 -0.170168
v -146.234375 64.000000 49.734375
vt 0.250000 2.039062
vn 0.000000 1.000000 -0.000000
v -153.089844 64.000000 40.339844
vt 0.250000 1.964844
vn 0.000000 1.000000 -0.000000
v -153.089844 64.000000 40.339844
vt 0.000000 1.964844
vn 0.000000 1.000000 -0.000000
v -146.234375 64.000000 49.734375
vt 0.000000 2.039062
vn 0.000000 1.000000 -0.000000
v -147.649414 63.750000 50.930664
vt 0.015625 2.039062
vn -0.237209 0.953778 0.184496
v -154.551025 63.750000 41.472900
vt 0.015625 1.964844
vn -0.248707 0.953513 0.170168
v -148.660156 63.000000 51.785156
vt 0.031250 2.039062
vn -0.542224 0.726731 0.421730
v -155.594727 63.000000 42.282227
vt 0.031250 1.964844
vn -0.567840 0.725677 0.388522
v -160.941406 63.750000 31.503906
vt 0.015625 1.890625
vn -0.259363 0.953160 0.155618
v -159.437500 64.000000 30.437500
vt 0.000000 1.890625
vn 0.000000 1.000000 -0.000000
v -138.871094 64.000000 58.621094
vt 0.250000 2.113281
vn 0.000000 1.000000 -0.000000
v -162.015625 63.000000 32.265625
vt 0.031250 1.890625
vn -0.591248 0.724279 0.354749
v -166.820557 63.750000 21.023682
vt 0.015625 1.816406
vn -0.269120 0.952734 0.140968
v -167.922852 63.000000 21.735352
vt 0.031250 1.816406
vn -0.612344 0.722602 0.320752
v -172.188477 63.750000 10.032227
vt 0.015625 1.742188
vn -0.277938 0.952255 0.126336
v -170.609375 64.000000 9.109375
vt 0.000000 1.742188
vn 0.000000 1.000000 -0.000000
v -175.433594 64.000000 -2.316406
vt 0.000000 1.667969
vn 0.000000 1.000000 -0.000000
v -173.822021 63.750000 -3.162354
vt 0.234375 1.667969
vn 0.285795 0.951743 -0.111833
v -170.609375 64.000000 9.109375
vt 0.250000 1.742188
vn 0.000000 1.000000 -0.000000
v -175.433594 64.000000 -2.316406
vt 0.250000 1.667969
vn 0.000000 1.000000 -0.000000
v -169.030273 63.750000 8.186523
vt 0.234375 1.742188
vn 0.277938 0.952255 -0.126336
v -178.109375 63.750000 -15.015625
vt 0.234375 1.593750
vn 0.292683 0.951220 -0.097561
v -179.750000 64.000000 -14.250000
vt 0.250000 1.593750
vn 0.000000 1.000000 -0.000000
v -181.892334 63.750000 -27.373291
vt 0.234375 1.519531
vn 0.298612 0.950705 -0.083611
v -176.937500 63.000000 -15.562500
vt 0.218750 1.593750
vn 0.661581 0.716713 -0.220527
v -183.558594 64.000000 -26.691406
vt 0.250000 1.519531
vn 0.000000 1.000000 -0.000000
v -180.702148 63.000000 -27.860352
vt 0.218750 1.519531
vn 0.673488 0.714739 -0.188577
v -173.316406 63.000000 10.691406
vt 0.031250 1.742188
vn -0.631084 0.720726 0.286856
v -136.530273 63.000000 56.467773
vt 0.218750 2.113281
vn 0.514561 0.727385 -0.454024
v -183.558594 64.000000 -26.691406
vt 0.000000 1.519531
vn 0.000000 1.000000 -0.000000
v -179.750000 64.000000 -14.250000
vt 0.000000 1.593750
vn 0.000000 1.000000 -0.000000
v -181.390625 63.750000 -13.484375
vt 0.015625 1.593750
vn -0.292683 0.951220 0.097561
v -185.224854 63.750000 -26.009521
vt 0.015625 1.519531
vn -0.298612 0.950705 0.083611
v -186.859375 64.000000 -39.640625
vt 0.000000 1.445312
vn 0.000000 1.000000 -0.000000
v -188.547852 63.750000 -39.045898
vt 0.015625 1.445312
vn -0.303603 0.950219 0.070062
v -189.652344 64.000000 -53.097656
vt 0.000000 1.371094
vn 0.000000 1.000000 -0.000000
v -186.415039 63.000000 -25.522461
vt 0.031250 1.519531
vn -0.673488 0.714739 0.188577
v -189.753906 63.000000 -38.621094
vt 0.031250 1.445312
vn -0.683320 0.712887 0.157689
v -156.859375 63.000000 28.609375
vt 0.218750 1.890625
vn 0.591248 0.724279 -0.354749
v -156.000000 60.000000 28.000000
vt 0.187500 1.890625
vn 0.857493 0.000000 -0.514496
v -185.170898 63.750000 -40.235352
vt 0.234375 1.445312
vn 0.303603 0.950219 -0.070062
v -186.859375 64.000000 -39.640625
vt 0.250000 1.445312
vn 0.000000 1.000000 -0.000000
v -141.211914 63.000000 60.774414
vt 0.031250 2.113281
vn -0.514561 0.727385 0.454024
v -172.670898 63.000000 -3.766602
vt 0.218750 1.667969
vn 0.647478 0.718736 -0.253361
v -191.359619 63.750000 -52.593506
vt 0.015625 1.371094
vn -0.307690 0.949779 0.056980
v -182.562500 63.000000 -12.937500
vt 0.031250 1.593750
vn -0.661581 0.716713 0.220527
v -177.045166 63.750000 -1.470459
vt 0.015625 1.667969
vn -0.285795 0.951743 0.111833
v -129.687500 63.750000 65.687500
vt 0.234375 2.187500
vn 0.212000 0.953998 -0.212000
v -187.945068 63.750000 -53.601807
vt 0.234375 1.371094
vn 0.307690 0.949779 -0.056980
v -189.652344 64.000000 -53.097656
vt 0.250000 1.371094
vn 0.000000 1.000000 -0.000000
v -186.725586 63.000000 -53.961914
vt 0.218750 1.371094
vn 0.691218 0.711219 -0.128003
v -188.984375 63.000000 -67.765625
vt 0.218750 1.296875
vn 0.697336 0.709788 -0.099619
v -188.246094 61.750000 -67.941406
vt 0.203125 1.296875
vn 0.938430 0.318396 -0.134061
v -185.993896 61.750000 -54.177979
vt 0.203125 1.371094
vn 0.931724 0.319561 -0.172542
v -189.997803 61.750000 -82.205322
vt 0.203125 1.222656
vn 0.943238 0.317462 -0.097576
v -190.741211 63.000000 -82.071289
vt 0.218750 1.222656
vn 0.701829 0.708636 -0.072603
v -191.249023 61.750000 -96.969727
vt 0.203125 1.148438
vn 0.946398 0.316780 -0.063093
v -191.996094 63.000000 -96.878906
vt 0.218750 1.148438
vn 0.704856 0.707793 -0.046990
v -191.980225 63.750000 -81.847900
vt 0.234375 1.222656
vn 0.313325 0.949093 -0.032413
v -193.241211 63.750000 -96.727539
vt 0.234375 1.148438
vn 0.314977 0.948867 -0.020998
v -192.749023 63.000000 -112.188477
vt 0.218750 1.074219
vn 0.706567 0.707279 -0.022792
v -191.999756 61.750000 -112.234619
vt 0.203125 1.074219
vn 0.948144 0.316367 -0.030585
v -193.997803 63.750000 -112.111572
vt 0.234375 1.074219
vn 0.315925 0.948730 -0.010191
v -193.000000 63.000000 -128.000000
vt 0.218750 1.000000
vn 0.707107 0.707107 -0.000000
v -194.250000 63.750000 -128.000000
vt 0.234375 1.000000
vn 0.316228 0.948683 -0.000000
v -194.250000 63.750000 -128.000000
vt 0.167322 1.000000
vn 0.316228 0.948683 -0.000000
v -193.000000 63.140625 -130.109375
vt 0.185374 1.031250
vn 0.709788 0.697336 0.099619
v -193.000000 63.000000 -128.000000
vt 0.185374 1.000000
vn 0.707107 0.707107 -0.000000
v -194.250000 63.878906 -129.933594
vt 0.167322 1.031250
vn 0.318396 0.938430 0.134061
v -193.000000 63.562500 -131.937500
vt 0.185374 1.062500
vn 0.716713 0.661581 0.220527
v -195.746094 64.000000 -112.003906
vt 0.250000 1.074219
vn 0.000000 1.000000 -0.000000
v -192.250000 62.390625 -132.484375
vt 0.205044 1.062500
vn 0.951220 0.292683 0.097561
v -192.250000 63.191406 -134.246094
vt 0.205044 1.093750
vn 0.953160 0.259363 0.155618
v -192.250000 61.910156 -130.402344
vt 0.205044 1.031250
vn 0.949399 0.310914 0.044416
v -196.000000 64.000000 -128.000000
vt 0.150888 1.000000
vn 0.000000 1.000000 -0.000000
v -196.000000 64.000000 -128.000000
vt 0.250000 1.000000
vn 0.000000 1.000000 -0.000000
v -193.000000 64.265625 -133.484375
vt 0.185374 1.093750
vn 0.724279 0.591248 0.354749
v -192.250000 64.312500 -135.687500
vt 0.205044 1.125000
vn 0.953998 0.212000 0.212000
v -194.984375 64.000000 -96.515625
vt 0.250000 1.148438
vn 0.000000 1.000000 -0.000000
v -194.250000 64.265625 -131.609375
vt 0.167322 1.062500
vn 0.324090 0.897479 0.299160
v -193.000000 65.250000 -134.750000
vt 0.185374 1.125000
vn 0.727607 0.485071 0.485071
v -190.214844 63.750000 -67.472656
vt 0.234375 1.296875
vn 0.310914 0.949399 -0.044416
v -195.746094 64.000000 -112.003906
vt 0.000000 1.074219
vn 0.000000 1.000000 -0.000000
v -194.984375 64.000000 -96.515625
vt 0.000000 1.148438
vn 0.000000 1.000000 -0.000000
v -196.727539 63.750000 -96.303711
vt 0.015625 1.148438
vn -0.314977 0.948867 0.020998
v -195.449463 63.750000 -81.222412
vt 0.015625 1.222656
vn -0.313325 0.949093 0.032413
v -196.688477 63.000000 -80.999023
vt 0.031250 1.222656
vn -0.701829 0.708636 0.072603
v -194.890625 63.000000 -66.359375
vt 0.031250 1.296875
vn -0.697336 0.709788 0.099619
v -193.660156 63.750000 -66.652344
vt 0.015625 1.296875
vn -0.310914 0.949399 0.044416
v -197.972656 63.000000 -96.152344
vt 0.031250 1.148438
vn -0.704856 0.707793 0.046990
v -192.579102 63.000000 -52.233398
vt 0.031250 1.371094
vn -0.691218 0.711219 0.128003
v -179.988037 61.750000 -28.152588
vt 0.203125 1.519531
vn 0.911528 0.322453 -0.255228
v -183.241211 61.750000 -40.915039
vt 0.203125 1.445312
vn 0.922850 0.320927 -0.212965
v -176.234375 61.750000 -15.890625
vt 0.203125 1.593750
vn 0.897479 0.324090 -0.299160
v -167.902344 63.000000 7.527344
vt 0.218750 1.742188
vn 0.631084 0.720726 -0.286856
v -163.734131 63.750000 19.031006
vt 0.234375 1.816406
vn 0.269120 0.952734 -0.140968
v -162.631836 63.000000 18.319336
vt 0.218750 1.816406
vn 0.612344 0.722602 -0.320751
v -167.225586 61.750000 7.131836
vt 0.203125 1.742188
vn 0.860176 0.327453 -0.390989
v -140.236572 63.750000 59.877197
vt 0.015625 2.113281
vn -0.224944 0.953943 0.198480
v -138.871094 64.000000 58.621094
vt 0.000000 2.113281
vn 0.000000 1.000000 -0.000000
v -132.312500 63.750000 68.312500
vt 0.015625 2.187500
vn -0.212000 0.953998 0.212000
v -157.933594 63.750000 29.371094
vt 0.234375 1.890625
vn 0.259363 0.953160 -0.155618
v -159.437500 64.000000 30.437500
vt 0.250000 1.890625
vn 0.000000 1.000000 -0.000000
v -196.000000 64.000000 -128.000000
vt 0.000000 1.000000
vn 0.000000 1.000000 -0.000000
v -197.494385 63.750000 -111.896240
vt 0.015625 1.074219
vn -0.315925 0.948730 0.010191
v -198.743164 63.000000 -111.819336
vt 0.031250 1.074219
vn -0.706567 0.707279 0.022792
v -197.750000 63.750000 -128.000000
vt 0.015625 1.000000
vn -0.316228 0.948683 0.000000
v -199.000000 63.000000 -128.000000
vt 0.031250 1.000000
vn -0.707107 0.707107 -0.000000
v -199.000000 63.000000 -128.000000
vt 0.116402 1.000000
vn -0.707107 0.707107 -0.000000
v -197.750000 63.878906 -129.933594
vt 0.134454 1.031250
vn -0.318396 0.938430 0.134061
v -197.750000 63.750000 -128.000000
vt 0.134454 1.000000
vn -0.316228 0.948683 0.000000
v -199.000000 63.140625 -130.109375
vt 0.116402 1.031250
vn -0.709788 0.697336 0.099619
v -197.750000 64.265625 -131.609375
vt 0.134454 1.062500
vn -0.324090 0.897479 0.299160
v -196.000000 64.500000 -131.500000
vt 0.150888 1.062500
vn 0.000000 0.948683 0.316228
v -196.000000 65.125000 -132.875000
vt 0.150888 1.093750
vn 0.000000 0.857493 0.514496
v -199.000000 63.562500 -131.937500
vt 0.116402 1.062500
vn -0.716713 0.661581 0.220527
v -197.750000 64.910156 -133.027344
vt 0.134454 1.093750
vn -0.330471 0.809316 0.485590
v -171.980225 61.750000 -4.129150
vt 0.203125 1.667969
vn 0.880440 0.325779 -0.344520
v -194.250000 64.910156 -133.027344
vt 0.167322 1.093750
vn 0.330471 0.809316 0.485590
v -194.250000 65.812500 -134.187500
vt 0.167322 1.125000
vn 0.333333 0.666667 0.666667
v -193.714844 64.000000 -81.535156
vt 0.250000 1.222656
vn 0.000000 1.000000 -0.000000
v -193.714844 64.000000 -81.535156
vt 0.000000 1.222656
vn 0.000000 1.000000 -0.000000
v -199.000000 64.265625 -133.484375
vt 0.116402 1.093750
vn -0.724279 0.591248 0.354749
v -131.000000 64.000000 67.000000
vt 0.250000 2.187500
vn 0.000000 1.000000 -0.000000
v -131.000000 64.000000 67.000000
vt 0.000000 2.187500
vn 0.000000 1.000000 -0.000000
v -165.277344 64.000000 20.027344
vt 0.000000 1.816406
vn 0.000000 1.000000 -0.000000
v -165.277344 64.000000 20.027344
vt 0.250000 1.816406
vn 0.000000 1.000000 -0.000000
v -178.196289 63.000000 -0.866211
vt 0.031250 1.667969
vn -0.647478 0.718736 0.253361
v -183.964844 63.000000 -40.660156
vt 0.218750 1.445312
vn 0.683320 0.712887 -0.157689
v -133.250000 63.000000 69.250000
vt 0.031250 2.187500
vn -0.485071 0.727607 0.485071
v -196.000000 64.125000 -129.875000
vt 0.150888 1.031250
vn 0.000000 0.989950 0.141421
v -123.877197 63.750000 76.236572
vt 0.015625 2.261719
vn -0.198480 0.953943 0.224944
v -191.937500 64.000000 -67.062500
vt 0.000000 1.296875
vn 0.000000 1.000000 -0.000000
v -191.937500 64.000000 -67.062500
vt 0.250000 1.296875
vn 0.000000 1.000000 -0.000000
v -192.250000 61.750000 -128.000000
vt 0.203125 1.000000
vn 0.948683 0.316228 0.000000
v -192.250000 61.750000 -128.000000
vt 0.205044 1.000000
vn 0.948683 0.316228 0.000000
v -124.774414 63.000000 77.211914
vt 0.031250 2.261719
vn -0.454024 0.727385 0.514561
v -115.785156 63.000000 84.660156
vt 0.031250 2.335938
vn -0.421730 0.726731 0.542224
v -114.930664 63.750000 83.649414
vt 0.015625 2.335938
vn -0.184496 0.953778 0.237209
v -106.282227 63.000000 91.594727
vt 0.031250 2.410156
vn -0.388522 0.725677 0.567840
v -105.472900 63.750000 90.551025
vt 0.015625 2.410156
vn -0.170168 0.953513 0.248707
v -113.734375 64.000000 82.234375
vt 0.000000 2.335938
vn 0.000000 1.000000 -0.000000
v -104.339844 64.000000 89.089844
vt 0.000000 2.410156
vn 0.000000 1.000000 -0.000000
v -95.503906 63.750000 96.941406
vt 0.015625 2.484375
vn -0.155618 0.953160 0.259363
v -112.538086 63.750000 80.819336
vt 0.234375 2.335938
vn 0.184496 0.953778 -0.237209
v -104.339844 64.000000 89.089844
vt 0.250000 2.410156
vn 0.000000 1.000000 -0.000000
v -113.734375 64.000000 82.234375
vt 0.250000 2.335938
vn 0.000000 1.000000 -0.000000
v -103.206787 63.750000 87.628662
vt 0.234375 2.410156
vn 0.170168 0.953513 -0.248707
v -111.683594 63.000000 79.808594
vt 0.218750 2.335938
vn 0.421730 0.726731 -0.542224
v -120.467773 63.000000 72.530273
vt 0.218750 2.261719
vn 0.454024 0.727385 -0.514561
v -102.397461 63.000000 86.584961
vt 0.218750 2.410156
vn 0.388522 0.725677 -0.567840
v -93.371094 63.750000 93.933594
vt 0.234375 2.484375
vn 0.155618 0.953160 -0.259363
v -121.364990 63.750000 73.505615
vt 0.234375 2.261719
vn 0.198480 0.953943 -0.224944
v -94.437500 64.000000 95.437500
vt 0.000000 2.484375
vn 0.000000 1.000000 -0.000000
v -94.437500 64.000000 95.437500
vt 0.250000 2.484375
vn 0.000000 1.000000 -0.000000
v -85.023682 63.750000 102.820557
vt 0.015625 2.558594
vn -0.140968 0.952734 0.269120
v -85.735352 63.000000 103.922852
vt 0.031250 2.558594
vn -0.320752 0.722602 0.612344
v -74.691406 63.000000 109.316406
vt 0.031250 2.632812
vn -0.286856 0.720726 0.631084
v -74.032227 63.750000 108.188477
vt 0.015625 2.632812
vn -0.126336 0.952255 0.277938
v -63.133789 63.000000 114.196289
vt 0.031250 2.707031
vn -0.253361 0.718736 0.647478
v -62.529541 63.750000 113.045166
vt 0.015625 2.707031
vn -0.111833 0.951743 0.285795
v -51.062500 63.000000 118.562500
vt 0.031250 2.781250
vn -0.220527 0.716713 0.661581
v -50.515625 63.750000 117.390625
vt 0.015625 2.781250
vn -0.097561 0.951220 0.292683
v -38.477539 63.000000 122.415039
vt 0.031250 2.855469
vn -0.188577 0.714739 0.673488
v -37.990479 63.750000 121.224854
vt 0.015625 2.855469
vn -0.083611 0.950705 0.298612
v -25.378906 63.000000 125.753906
vt 0.031250 2.929687
vn -0.157689 0.712887 0.683320
v -24.954102 63.750000 124.547852
vt 0.015625 2.929687
vn -0.070062 0.950219 0.303603
v -37.308594 64.000000 119.558594
vt 0.000000 2.855469
vn 0.000000 1.000000 -0.000000
v -24.359375 64.000000 122.859375
vt 0.000000 2.929687
vn 0.000000 1.000000 -0.000000
v -36.626709 63.750000 117.892334
vt 0.234375 2.855469
vn 0.083611 0.950705 -0.298612
v -24.359375 64.000000 122.859375
vt 0.250000 2.929687
vn 0.000000 1.000000 -0.000000
v -37.308594 64.000000 119.558594
vt 0.250000 2.855469
vn 0.000000 1.000000 -0.000000
v -48.984375 63.750000 114.109375
vt 0.234375 2.781250
vn 0.097561 0.951220 -0.292683
v -48.437500 63.000000 112.937500
vt 0.218750 2.781250
vn 0.220527 0.716713 -0.661582
v -60.233398 63.000000 108.670898
vt 0.218750 2.707031
vn 0.253361 0.718736 -0.647478
v -60.837646 63.750000 109.822021
vt 0.234375 2.707031
vn 0.111833 0.951743 -0.285795
v -71.527344 63.000000 103.902344
vt 0.218750 2.632812
vn 0.286856 0.720726 -0.631084
v -72.186523 63.750000 105.030273
vt 0.234375 2.632812
vn 0.126336 0.952255 -0.277939
v -82.319336 63.000000 98.631836
vt 0.218750 2.558594
vn 0.320751 0.722602 -0.612344
v -83.031006 63.750000 99.734131
vt 0.234375 2.558594
vn 0.140968 0.952734 -0.269120
v -36.139648 63.000000 116.702148
vt 0.218750 2.855469
vn 0.188577 0.714739 -0.673488
v -11.766602 63.000000 128.579102
vt 0.031250 3.003906
vn -0.128003 0.711219 0.691218
v -11.406494 63.750000 127.359619
vt 0.015625 3.003906
vn -0.056980 0.949779 0.307690
v -49.750000 64.000000 115.750000
vt 0.000000 2.781250
vn 0.000000 1.000000 -0.000000
v -49.750000 64.000000 115.750000
vt 0.250000 2.781250
vn 0.000000 1.000000 -0.000000
v -23.764648 63.750000 121.170898
vt 0.234375 2.929687
vn 0.070062 0.950219 -0.303603
v -23.339844 63.000000 119.964844
vt 0.218750 2.929687
vn 0.157689 0.712887 -0.683320
v -10.398193 63.750000 123.945068
vt 0.234375 3.003906
vn 0.056980 0.949779 -0.307690
v -10.038086 63.000000 122.725586
vt 0.218750 3.003906
vn 0.128003 0.711219 -0.691218
v 3.472656 63.750000 126.214844
vt 0.234375 3.078125
vn 0.044416 0.949399 -0.310914
v 3.062500 64.000000 127.937500
vt 0.250000 3.078125
vn 0.000000 1.000000 -0.000000
v 3.765625 63.000000 124.984375
vt 0.218750 3.078125
vn 0.099619 0.709788 -0.697336
v 17.847900 63.750000 127.980225
vt 0.234375 3.152344
vn 0.032413 0.949093 -0.313325
v 18.071289 63.000000 126.741211
vt 0.218750 3.152344
vn 0.072603 0.708636 -0.701829
v 32.727539 63.750000 129.241211
vt 0.234375 3.226562
vn 0.020998 0.948867 -0.314977
v 32.515625 64.000000 130.984375
vt 0.250000 3.226562
vn 0.000000 1.000000 -0.000000
v 48.003906 64.000000 131.746094
vt 0.250000 3.300781
vn 0.000000 1.000000 -0.000000
v 32.515625 64.000000 130.984375
vt 0.000000 3.226562
vn 0.000000 1.000000 -0.000000
v 48.003906 64.000000 131.746094
vt 0.000000 3.300781
vn 0.000000 1.000000 -0.000000
v 47.896240 63.750000 133.494385
vt 0.015625 3.300781
vn -0.010191 0.948730 0.315925
v 64.000000 63.750000 133.750000
vt 0.015625 3.375000
vn -0.000000 0.948683 0.316228
v 64.000000 63.000000 135.000000
vt 0.031250 3.375000
vn 0.000000 0.707107 0.707107
v 47.819336 63.000000 134.743164
vt 0.031250 3.300781
vn -0.022792 0.707279 0.706567
v 66.109375 63.140625 135.000000
vt 0.116402 1.218750
vn -0.099619 0.697336 0.709788
v 64.000000 63.000000 135.000000
vt 0.116402 1.250000
vn 0.000000 0.707107 0.707107
v 64.000000 63.750000 133.750000
vt 0.134454 1.250000
vn -0.000000 0.948683 0.316228
v 65.933594 63.878906 133.750000
vt 0.134454 1.218750
vn -0.134061 0.938430 0.318396
v 32.303711 63.750000 132.727539
vt 0.015625 3.226562
vn -0.020998 0.948867 0.314977
v 32.878906 63.000000 127.996094
vt 0.218750 3.226562
vn 0.046990 0.707793 -0.704856
v 64.000000 64.000000 132.000000
vt 0.000000 3.375000
vn 0.000000 1.000000 -0.000000
v 64.000000 64.000000 132.000000
vt 0.150888 1.250000
vn 0.000000 1.000000 -0.000000
v 65.875000 64.125000 132.000000
vt 0.150888 1.218750
vn -0.141421 0.989950 -0.000000
v 67.609375 64.265625 133.750000
vt 0.134454 1.187500
vn -0.299160 0.897479 0.324090
v 64.000000 63.750000 130.250000
vt 0.167322 1.250000
vn 0.000000 0.948683 -0.316228
v 67.500000 64.500000 132.000000
vt 0.150888 1.187500
vn -0.316228 0.948683 -0.000000
v 69.027344 64.910156 133.750000
vt 0.134454 1.156250
vn -0.485590 0.809316 0.330471
v 69.484375 64.265625 135.000000
vt 0.116402 1.156250
vn -0.354749 0.591248 0.724279
v 70.750000 65.250000 135.000000
vt 0.116402 1.125000
vn -0.485071 0.485071 0.727607
v 70.187500 65.812500 133.750000
vt 0.134454 1.125000
vn -0.666667 0.666667 0.333333
v 68.875000 65.125000 132.000000
vt 0.150888 1.156250
vn -0.514496 0.857493 -0.000000
v 65.933594 63.878906 130.250000
vt 0.167322 1.218750
vn -0.134061 0.938430 -0.318396
v 67.937500 63.562500 135.000000
vt 0.116402 1.187500
vn -0.220527 0.661581 0.716713
v 48.111572 63.750000 129.997803
vt 0.234375 3.300781
vn 0.010191 0.948730 -0.315925
v 64.000000 64.000000 132.000000
vt 0.250000 3.375000
vn 0.000000 1.000000 -0.000000
v 64.000000 63.750000 130.250000
vt 0.234375 3.375000
vn 0.000000 0.948683 -0.316228
v 32.152344 63.000000 133.972656
vt 0.031250 3.226562
vn -0.046990 0.707793 0.704856
v 17.222412 63.750000 131.449463
vt 0.015625 3.152344
vn -0.032413 0.949093 0.313325
v 16.999023 63.000000 132.688477
vt 0.031250 3.152344
vn -0.072603 0.708636 0.701829
v 2.652344 63.750000 129.660156
vt 0.015625 3.078125
vn -0.044416 0.949399 0.310914
v -73.109375 64.000000 106.609375
vt 0.000000 2.632812
vn 0.000000 1.000000 -0.000000
v -73.109375 64.000000 106.609375
vt 0.250000 2.632812
vn 0.000000 1.000000 -0.000000
v 48.188477 63.000000 128.749023
vt 0.218750 3.300781
vn 0.022792 0.707279 -0.706567
v -96.265625 63.000000 98.015625
vt 0.031250 2.484375
vn -0.354749 0.724279 0.591248
v -92.609375 63.000000 92.859375
vt 0.218750 2.484375
vn 0.354749 0.724279 -0.591248
v -10.902344 64.000000 125.652344
vt 0.000000 3.003906
vn 0.000000 1.000000 -0.000000
v -10.902344 64.000000 125.652344
vt 0.250000 3.003906
vn 0.000000 1.000000 -0.000000
v 17.535156 64.000000 129.714844
vt 0.250000 3.152344
vn 0.000000 1.000000 -0.000000
v 17.535156 64.000000 129.714844
vt 0.000000 3.152344
vn 0.000000 1.000000 -0.000000
v 64.000000 63.000000 129.000000
vt 0.185374 1.250000
vn 0.000000 0.707107 -0.707107
v 64.000000 63.000000 129.000000
vt 0.218750 3.375000
vn 0.000000 0.707107 -0.707107
v 70.000000 66.000000 132.000000
vt 0.150888 1.125000
vn -0.707107 0.707107 -0.000000
v 69.027344 64.910156 130.250000
vt 0.167322 1.156250
vn -0.485590 0.809316 -0.330471
v 70.187500 65.812500 130.250000
vt 0.167322 1.125000
vn -0.666667 0.666667 -0.333333
v 2.359375 63.000000 130.890625
vt 0.031250 3.078125
vn -0.099619 0.709788 0.697336
v 66.109375 63.140625 129.000000
vt 0.185374 1.218750
vn -0.099619 0.697336 -0.709788
v 67.609375 64.265625 130.250000
vt 0.167322 1.187500
vn -0.299160 0.897479 -0.324090
v -61.683594 64.000000 111.433594
vt 0.000000 2.707031
vn 0.000000 1.000000 -0.000000
v -61.683594 64.000000 111.433594
vt 0.250000 2.707031
vn 0.000000 1.000000 -0.000000
v -84.027344 64.000000 101.277344
vt 0.250000 2.558594
vn 0.000000 1.000000 -0.000000
v -84.027344 64.000000 101.277344
vt 0.000000 2.558594
vn 0.000000 1.000000 -0.000000
v -122.621094 64.000000 74.871094
vt 0.250000 2.261719
vn 0.000000 1.000000 -0.000000
v -122.621094 64.000000 74.871094
vt 0.000000 2.261719
vn 0.000000 1.000000 -0.000000
v -161.750000 60.000000 17.750000
vt 0.187500 1.816406
vn 0.885832 0.000000 -0.464007
v -161.970459 61.750000 17.892334
vt 0.203125 1.816406
vn 0.836504 0.329042 -0.438169
v 67.937500 63.562500 129.000000
vt 0.185374 1.187500
vn -0.220527 0.661581 -0.716713
v 69.484375 64.265625 129.000000
vt 0.185374 1.156250
vn -0.354749 0.591248 -0.724279
v -161.970459 61.750000 17.892334
vt 0.203125 1.816406
vn 0.836504 0.329042 -0.438169
v -156.859375 63.000000 28.609375
vt 0.218750 1.890625
vn 0.591248 0.724279 -0.354749
v -162.631836 63.000000 18.319336
vt 0.218750 1.816406
vn 0.612344 0.722602 -0.320751
v -157.933594 63.750000 29.371094
vt 0.234375 1.890625
vn 0.259363 0.953160 -0.155618
v -185.993896 61.750000 -54.177979
vt 0.203125 1.371094
vn 0.931724 0.319561 -0.172542
v -183.241211 61.750000 -40.915039
vt 0.203125 1.445312
vn 0.922850 0.320927 -0.212965
v -183.964844 63.000000 -40.660156
vt 0.218750 1.445312
vn 0.683320 0.712887 -0.157689
v -10.902344 64.000000 125.652344
vt 0.000000 3.003906
vn 0.000000 1.000000 -0.000000
v 2.652344 63.750000 129.660156
vt 0.015625 3.078125
vn -0.044416 0.949399 0.310914
v -11.406494 63.750000 127.359619
vt 0.015625 3.003906
vn -0.056980 0.949779 0.307690
v 2.359375 63.000000 130.890625
vt 0.031250 3.078125
vn -0.099619 0.709788 0.697336
v 3.062500 64.000000 127.937500
vt 0.000000 3.078125
vn 0.000000 1.000000 -0.000000
v 17.222412 63.750000 131.449463
vt 0.015625 3.152344
vn -0.032413 0.949093 0.313325
v 17.535156 64.000000 129.714844
vt 0.000000 3.152344
vn 0.000000 1.000000 -0.000000
v -191.937500 64.000000 -67.062500
vt 0.000000 1.296875
vn 0.000000 1.000000 -0.000000
v -191.359619 63.750000 -52.593506
vt 0.015625 1.371094
vn -0.307690 0.949779 0.056980
v -193.660156 63.750000 -66.652344
vt 0.015625 1.296875
vn -0.310914 0.949399 0.044416
v -192.579102 63.000000 -52.233398
vt 0.031250 1.371094
vn -0.691218 0.711219 0.128003
v -196.000000 64.125000 -129.875000
vt 0.150888 1.031250
vn 0.000000 0.989950 0.141421
v -196.000000 64.500000 -131.500000
vt 0.150888 1.062500
vn 0.000000 0.948683 0.316228
v -194.250000 64.265625 -131.609375
vt 0.167322 1.062500
vn 0.324090 0.897479 0.299160
v -194.250000 64.910156 -133.027344
vt 0.167322 1.093750
vn 0.330471 0.809316 0.485590
v -129.687500 63.750000 65.687500
vt 0.234375 2.187500
vn 0.212000 0.953998 -0.212000
v -121.364990 63.750000 73.505615
vt 0.234375 2.261719
vn 0.198480 0.953943 -0.224944
v -122.621094 64.000000 74.871094
vt 0.250000 2.261719
vn 0.000000 1.000000 -0.000000
v -128.750000 63.000000 64.750000
vt 0.218750 2.187500
vn 0.485071 0.727607 -0.485071
v -136.530273 63.000000 56.467773
vt 0.218750 2.113281
vn 0.514561 0.727385 -0.454024
v -120.467773 63.000000 72.530273
vt 0.218750 2.261719
vn 0.454024 0.727385 -0.514561
v -93.371094 63.750000 93.933594
vt 0.234375 2.484375
vn 0.155618 0.953160 -0.259363
v -83.031006 63.750000 99.734131
vt 0.234375 2.558594
vn 0.140968 0.952734 -0.269120
v -84.027344 64.000000 101.277344
vt 0.250000 2.558594
vn 0.000000 1.000000 -0.000000
v -92.609375 63.000000 92.859375
vt 0.218750 2.484375
vn 0.354749 0.724279 -0.591248
v -163.734131 63.750000 19.031006
vt 0.234375 1.816406
vn 0.269120 0.952734 -0.140968
v -159.437500 64.000000 30.437500
vt 0.250000 1.890625
vn 0.000000 1.000000 -0.000000
v -165.277344 64.000000 20.027344
vt 0.250000 1.816406
vn 0.000000 1.000000 -0.000000
v -157.933594 63.750000 29.371094
vt 0.234375 1.890625
vn 0.259363 0.953160 -0.155618
v -197.750000 64.910156 -133.027344
vt 0.134454 1.093750
vn -0.330471 0.809316 0.485590
v -196.000000 66.000000 -134.000000
vt 0.150888 1.125000
vn 0.000000 0.707107 0.707107
v -196.000000 65.125000 -132.875000
vt 0.150888 1.093750
vn 0.000000 0.857493 0.514496
v -197.750000 65.812500 -134.187500
vt 0.134454 1.125000
vn -0.333333 0.666667 0.666667
v -194.250000 65.812500 -134.187500
vt 0.167322 1.125000
vn 0.333333 0.666667 0.666667
v -194.250000 64.910156 -133.027344
vt 0.167322 1.093750
vn 0.330471 0.809316 0.485590
v 72.437500 68.062500 129.000000
vt 0.185374 1.062500
vn -0.661582 0.220527 -0.716713
v 72.808594 65.753906 128.250000
vt 0.205044 1.093750
vn -0.259363 0.155618 -0.953160
v 73.609375 67.515625 128.250000
vt 0.205044 1.062500
vn -0.292683 0.097561 -0.951220
v 72.859375 69.890625 129.000000
vt 0.185374 1.031250
vn -0.697336 0.099619 -0.709788
v 71.734375 66.515625 129.000000
vt 0.185374 1.093750
vn -0.591248 0.354749 -0.724279
v 71.687500 64.312500 128.250000
vt 0.205044 1.125000
vn -0.212000 0.212000 -0.953998
v 73.000000 63.000000 128.000000
vt 0.226333 1.125000
vn 0.000000 0.000000 -1.000000
v 71.312500 61.687500 128.000000
vt 0.226333 1.156250
vn 0.000000 0.000000 -1.000000
v 70.750000 65.250000 129.000000
vt 0.185374 1.125000
vn -0.485071 0.485071 -0.727607
v 72.378906 60.183594 128.250000
vt 0.247621 1.156250
vn 0.155618 -0.259363 -0.953160
v 70.015625 59.109375 128.250000
vt 0.247621 1.187500
vn 0.097561 -0.292683 -0.951220
v 69.250000 60.750000 128.000000
vt 0.226333 1.187500
vn 0.000000 0.000000 -1.000000
v 70.562500 57.937500 129.000000
vt 0.267291 1.187500
vn 0.220527 -0.661581 -0.716713
v 67.515625 57.234375 129.000000
vt 0.267291 1.218750
vn 0.099619 -0.697336 -0.709788
v 73.140625 59.109375 129.000000
vt 0.267291 1.156250
vn 0.354749 -0.591248 -0.724279
v 74.312500 61.687500 128.250000
vt 0.247621 1.125000
vn 0.212000 -0.212000 -0.953998
v 67.222656 58.464844 128.250000
vt 0.247621 1.218750
vn 0.044416 -0.310914 -0.949399
v 74.089844 69.597656 128.250000
vt 0.205044 1.031250
vn -0.310914 0.044416 -0.949399
v 75.250000 66.750000 128.000000
vt 0.226333 1.062500
vn 0.000000 0.000000 -1.000000
v 73.000000 72.000000 129.000000
vt 0.185374 1.000000
vn -0.707107 0.000000 -0.707107
v 74.250000 72.000000 128.250000
vt 0.205044 1.000000
vn -0.316228 0.000000 -0.948683
v 73.000000 184.000000 129.000000
vt 0.156250 1.000000
vn -0.707107 0.000000 -0.707107
v 73.000000 72.000000 129.000000
vt 0.156250 1.875000
vn -0.707107 0.000000 -0.707107
v 74.250000 72.000000 128.250000
vt 0.171875 1.875000
vn -0.316228 0.000000 -0.948683
v 74.250000 184.000000 128.250000
vt 0.171875 1.000000
vn -0.316228 0.000000 -0.948683
v 76.000000 72.000000 128.000000
vt 0.187500 1.875000
vn 0.000000 0.000000 -1.000000
v 76.000000 184.000000 128.000000
vt 0.187500 1.000000
vn 0.000000 0.000000 -1.000000
v 74.089844 186.402344 128.250000
vt 0.205044 1.218750
vn -0.310914 -0.044416 -0.949399
v 74.250000 184.000000 128.250000
vt 0.205044 1.250000
vn -0.316228 0.000000 -0.948683
v 76.000000 184.000000 128.000000
vt 0.226333 1.250000
vn 0.000000 0.000000 -1.000000
v 77.750000 72.000000 128.250000
vt 0.203125 1.875000
vn 0.316228 0.000000 -0.948683
v 77.750000 184.000000 128.250000
vt 0.203125 1.000000
vn 0.316228 -0.000000 -0.948683
v 76.000000 72.000000 128.000000
vt 0.226333 1.000000
vn 0.000000 0.000000 -1.000000
v 77.535156 68.777344 128.250000
vt 0.247621 1.031250
vn 0.310914 -0.044416 -0.949399
v 77.750000 72.000000 128.250000
vt 0.247621 1.000000
vn 0.316228 0.000000 -0.948683
v 78.765625 68.484375 129.000000
vt 0.267291 1.031250
vn 0.697336 -0.099619 -0.709788
v 79.000000 72.000000 129.000000
vt 0.218750 1.875000
vn 0.707107 0.000000 -0.707107
v 79.000000 72.000000 129.000000
vt 0.267291 1.000000
vn 0.707107 0.000000 -0.707107
v 70.246094 63.191406 128.250000
vt 0.205044 1.156250
vn -0.155618 0.259363 -0.953160
v 78.062500 65.437500 129.000000
vt 0.267291 1.062500
vn 0.661581 -0.220527 -0.716713
v 75.812500 69.187500 128.000000
vt 0.226333 1.031250
vn 0.000000 0.000000 -1.000000
v 75.812500 186.812500 128.000000
vt 0.226333 1.218750
vn 0.000000 0.000000 -1.000000
v 77.750000 184.000000 128.250000
vt 0.247621 1.250000
vn 0.316228 -0.000000 -0.948683
v 77.535156 187.222656 128.250000
vt 0.247621 1.218750
vn 0.310914 0.044416 -0.949399
v 75.250000 189.250000 128.000000
vt 0.226333 1.187500
vn 0.000000 0.000000 -1.000000
v 76.890625 190.015625 128.250000
vt 0.247621 1.187500
vn 0.292683 0.097561 -0.951220
v 74.312500 191.312500 128.000000
vt 0.226333 1.156250
vn 0.000000 0.000000 -1.000000
v 72.808594 190.246094 128.250000
vt 0.205044 1.156250
vn -0.259363 -0.155618 -0.953160
v 71.687500 191.687500 128.250000
vt 0.205044 1.125000
vn -0.212000 -0.212000 -0.953998
v 73.000000 193.000000 128.000000
vt 0.226333 1.125000
vn 0.000000 0.000000 -1.000000
v 78.765625 187.515625 129.000000
vt 0.267291 1.218750
vn 0.697336 0.099619 -0.709788
v 78.062500 190.562500 129.000000
vt 0.267291 1.187500
vn 0.661581 0.220527 -0.716713
v 73.609375 188.484375 128.250000
vt 0.205044 1.187500
vn -0.292683 -0.097561 -0.951220
v 71.734375 189.484375 129.000000
vt 0.185374 1.156250
vn -0.591248 -0.354749 -0.724279
v 72.437500 187.937500 129.000000
vt 0.185374 1.187500
vn -0.661581 -0.220527 -0.716713
v 70.246094 192.808594 128.250000
vt 0.205044 1.093750
vn -0.155618 -0.259363 -0.953160
v 71.312500 194.312500 128.000000
vt 0.226333 1.093750
vn 0.000000 0.000000 -1.000000
v 68.484375 193.609375 128.250000
vt 0.205044 1.062500
vn -0.097561 -0.292683 -0.951220
v 69.250000 195.250000 128.000000
vt 0.226333 1.062500
vn 0.000000 0.000000 -1.000000
v 66.402344 194.089844 128.250000
vt 0.205044 1.031250
vn -0.044416 -0.310914 -0.949399
v 66.812500 195.812500 128.000000
vt 0.226333 1.031250
vn 0.000000 0.000000 -1.000000
v 72.378906 195.816406 128.250000
vt 0.247621 1.093750
vn 0.155618 0.259363 -0.953160
v 74.312500 194.312500 128.250000
vt 0.247621 1.125000
vn 0.212000 0.212000 -0.953998
v 67.937500 192.437500 129.000000
vt 0.185374 1.062500
vn -0.220527 -0.661581 -0.716713
v 64.000000 194.250000 128.250000
vt 0.205044 1.000000
vn -0.000000 -0.316228 -0.948683
v 64.000000 193.000000 129.000000
vt 0.185374 1.000000
vn 0.000000 -0.707107 -0.707107
v 70.015625 196.890625 128.250000
vt 0.247621 1.062500
vn 0.097561 0.292683 -0.951220
v 73.140625 196.890625 129.000000
vt 0.267291 1.093750
vn 0.354749 0.591248 -0.724279
v 70.562500 198.062500 129.000000
vt 0.267291 1.062500
vn 0.220527 0.661581 -0.716713
v 75.250000 195.250000 129.000000
vt 0.267291 1.125000
vn 0.485071 0.485071 -0.727607
v 64.000000 196.000000 128.000000
vt 0.226333 1.000000
vn 0.000000 0.000000 -1.000000
v 66.109375 192.859375 129.000000
vt 0.185374 1.031250
vn -0.099619 -0.697336 -0.709788
v 67.222656 197.535156 128.250000
vt 0.247621 1.031250
vn 0.044416 0.310914 -0.949399
v 79.503906 187.691406 130.250000
vt 0.285343 1.218750
vn 0.938430 0.134061 -0.318396
v 78.765625 190.890625 130.250000
vt 0.285343 1.187500
vn 0.897479 0.299160 -0.324090
v 79.750000 187.750000 132.000000
vt 0.301777 1.218750
vn 0.989950 0.141421 -0.000000
v 80.000000 184.000000 132.000000
vt 0.301777 1.250000
vn 1.000000 0.000000 -0.000000
v 79.750000 187.750000 132.000000
vt 0.000000 1.218750
vn 0.989949 0.141421 -0.000000
v 80.000000 184.000000 132.000000
vt 0.000000 1.250000
vn 1.000000 0.000000 -0.000000
v 79.750000 184.000000 133.750000
vt 0.016434 1.250000
vn 0.948683 -0.000000 0.316228
v 80.000000 184.000000 132.000000
vt 0.000000 1.000000
vn 1.000000 0.000000 -0.000000
v 79.750000 72.000000 133.750000
vt 0.015625 1.875000
vn 0.948683 0.000000 0.316228
v 79.750000 184.000000 133.750000
vt 0.015625 1.000000
vn 0.948683 -0.000000 0.316228
v 79.503906 187.691406 133.750000
vt 0.016434 1.218750
vn 0.938430 0.134061 0.318396
v 80.000000 72.000000 132.000000
vt 0.000000 1.875000
vn 1.000000 0.000000 -0.000000
v 79.000000 191.000000 132.000000
vt 0.301777 1.187500
vn 0.948683 0.316228 -0.000000
v 79.000000 191.000000 132.000000
vt 0.000000 1.187500
vn 0.948683 0.316228 -0.000000
v 80.000000 72.000000 132.000000
vt 0.000000 1.000000
vn 1.000000 0.000000 -0.000000
v 79.503906 68.308594 133.750000
vt 0.016434 1.031250
vn 0.938430 -0.134061 0.318396
v 79.750000 72.000000 133.750000
vt 0.016434 1.000000
vn 0.948683 0.000000 0.316228
v 79.750000 68.250000 132.000000
vt 0.000000 1.031250
vn 0.989949 -0.141421 -0.000000
v 79.750000 72.000000 130.250000
vt 0.285343 1.000000
vn 0.948683 0.000000 -0.316228
v 79.750000 68.250000 132.000000
vt 0.301777 1.031250
vn 0.989950 -0.141421 -0.000000
v 80.000000 72.000000 132.000000
vt 0.301777 1.000000
vn 1.000000 0.000000 -0.000000
v 78.765625 65.109375 133.750000
vt 0.016434 1.062500
vn 0.897479 -0.299160 0.324090
v 79.000000 65.000000 132.000000
vt 0.000000 1.062500
vn 0.948683 -0.316228 -0.000000
v 48.188477 193.000000 128.749023
vt 0.156250 3.300781
vn 0.022792 -0.707279 -0.706567
v 64.000000 193.000000 129.000000
vt 0.156250 3.375000
vn 0.000000 -0.707107 -0.707107
v 64.000000 194.250000 128.250000
vt 0.171875 3.375000
vn -0.000000 -0.316228 -0.948683
v 48.234619 194.250000 127.999756
vt 0.171875 3.300781
vn 0.030585 -0.316367 -0.948144
v 64.000000 196.000000 128.000000
vt 0.187500 3.375000
vn 0.000000 0.000000 -1.000000
v 78.765625 65.109375 130.250000
vt 0.285343 1.062500
vn 0.897479 -0.299160 -0.324090
v 79.750000 184.000000 130.250000
vt 0.285343 1.250000
vn 0.948683 -0.000000 -0.316228
v 79.750000 184.000000 130.250000
vt 0.234375 1.000000
vn 0.948683 -0.000000 -0.316228
v 80.000000 72.000000 132.000000
vt 0.250000 1.875000
vn 1.000000 0.000000 -0.000000
v 80.000000 184.000000 132.000000
vt 0.250000 1.000000
vn 1.000000 0.000000 -0.000000
v 79.750000 72.000000 130.250000
vt 0.234375 1.875000
vn 0.948683 0.000000 -0.316228
v 69.484375 191.734375 129.000000
vt 0.185374 1.093750
vn -0.354749 -0.591248 -0.724279
v 75.816406 192.378906 128.250000
vt 0.247621 1.156250
vn 0.259363 0.155618 -0.953160
v 77.535156 62.402344 130.250000
vt 0.285343 1.093750
vn 0.809316 -0.485590 -0.330471
v 77.750000 62.250000 132.000000
vt 0.301777 1.093750
vn 0.857493 -0.514496 -0.000000
v 76.890625 62.859375 129.000000
vt 0.267291 1.093750
vn 0.591248 -0.354749 -0.724279
v 75.812500 60.187500 130.250000
vt 0.285343 1.125000
vn 0.666667 -0.666667 -0.333333
v 48.250000 196.000000 127.750000
vt 0.187500 3.300781
vn 0.032241 0.000000 -0.999480
v 32.969727 194.250000 127.249023
vt 0.171875 3.226562
vn 0.063093 -0.316780 -0.946398
v 33.000000 196.000000 127.000000
vt 0.187500 3.226562
vn 0.066519 0.000000 -0.997785
v 48.234619 197.750000 127.999756
vt 0.203125 3.300781
vn 0.030585 0.316367 -0.948144
v 32.969727 197.750000 127.249023
vt 0.203125 3.226562
vn 0.063093 0.316780 -0.946398
v 48.188477 199.000000 128.749023
vt 0.218750 3.300781
vn 0.022792 0.707279 -0.706567
v 64.000000 199.000000 129.000000
vt 0.218750 3.375000
vn 0.000000 0.707107 -0.707107
v 18.250000 196.000000 125.750000
vt 0.187500 3.152344
vn 0.102899 0.000000 -0.994692
v 18.205322 197.750000 125.997803
vt 0.203125 3.152344
vn 0.097576 0.317462 -0.943238
v 32.878906 199.000000 127.996094
vt 0.218750 3.226562
vn 0.046990 0.707793 -0.704856
v 4.000000 196.000000 124.000000
vt 0.187500 3.078125
vn 0.141421 0.000000 -0.989950
v 3.941406 194.250000 124.246094
vt 0.171875 3.078125
vn 0.134061 -0.318396 -0.938430
v -9.822021 194.250000 121.993896
vt 0.171875 3.003906
vn 0.172542 -0.319561 -0.931724
v -9.750000 196.000000 121.750000
vt 0.187500 3.003906
vn 0.182089 0.000000 -0.983282
v -23.084961 194.250000 119.241211
vt 0.171875 2.929687
vn 0.212965 -0.320927 -0.922850
v -23.339844 193.000000 119.964844
vt 0.156250 2.929687
vn 0.157689 -0.712887 -0.683320
v -23.000000 196.000000 119.000000
vt 0.187500 2.929687
vn 0.224860 0.000000 -0.974391
v -35.847412 194.250000 115.988037
vt 0.171875 2.855469
vn 0.255228 -0.322453 -0.911528
v -35.750000 196.000000 115.750000
vt 0.187500 2.855469
vn 0.269630 0.000000 -0.962964
v -48.109375 194.250000 112.234375
vt 0.171875 2.781250
vn 0.299160 -0.324090 -0.897479
v -48.000000 196.000000 112.000000
vt 0.187500 2.781250
vn 0.316228 0.000000 -0.948683
v -35.847412 197.750000 115.988037
vt 0.203125 2.855469
vn 0.255228 0.322453 -0.911528
v -48.437500 193.000000 112.937500
vt 0.156250 2.781250
vn 0.220527 -0.716713 -0.661581
v -60.233398 193.000000 108.670898
vt 0.156250 2.707031
vn 0.253361 -0.718736 -0.647478
v -59.870850 194.250000 107.980225
vt 0.171875 2.707031
vn 0.344520 -0.325779 -0.880440
v -48.109375 197.750000 112.234375
vt 0.203125 2.781250
vn 0.299160 0.324090 -0.897479
v -36.139648 199.000000 116.702148
vt 0.218750 2.855469
vn 0.188577 0.714739 -0.673488
v -23.339844 199.000000 119.964844
vt 0.218750 2.929687
vn 0.157689 0.712887 -0.683320
v -48.437500 199.000000 112.937500
vt 0.218750 2.781250
vn 0.220527 0.716713 -0.661582
v -59.870850 197.750000 107.980225
vt 0.203125 2.707031
vn 0.344520 0.325779 -0.880440
v -60.233398 199.000000 108.670898
vt 0.218750 2.707031
vn 0.253361 0.718736 -0.647478
v -71.131836 197.750000 103.225586
vt 0.203125 2.632812
vn 0.390989 0.327453 -0.860176
v -71.527344 199.000000 103.902344
vt 0.218750 2.632812
vn 0.286856 0.720726 -0.631084
v -81.892334 197.750000 97.970459
vt 0.203125 2.558594
vn 0.438169 0.329042 -0.836504
v -82.319336 199.000000 98.631836
vt 0.218750 2.558594
vn 0.320751 0.722602 -0.612344
v -92.152344 197.750000 92.214844
vt 0.203125 2.484375
vn 0.485590 0.330471 -0.809316
v -92.609375 199.000000 92.859375
vt 0.218750 2.484375
vn 0.354749 0.724279 -0.591248
v -101.911865 197.750000 85.958740
vt 0.203125 2.410156
vn 0.532720 0.331670 -0.778591
v -101.750000 196.000000 85.750000
vt 0.187500 2.410156
vn 0.564684 0.000000 -0.825307
v -102.397461 199.000000 86.584961
vt 0.218750 2.410156
vn 0.388522 0.725677 -0.567840
v -111.000000 196.000000 79.000000
vt 0.187500 2.335938
vn 0.613941 0.000000 -0.789352
v -111.170898 194.250000 79.202148
vt 0.171875 2.335938
vn 0.578993 -0.332576 -0.744419
v -119.929443 194.250000 71.945068
vt 0.171875 2.261719
vn 0.623828 -0.333141 -0.707005
v -119.750000 196.000000 71.750000
vt 0.187500 2.261719
vn 0.661622 0.000000 -0.749838
v -128.187500 194.250000 64.187500
vt 0.171875 2.187500
vn 0.666667 -0.333333 -0.666667
v -128.000000 196.000000 64.000000
vt 0.187500 2.187500
vn 0.707107 0.000000 -0.707107
v -135.945068 194.250000 55.929443
vt 0.171875 2.113281
vn 0.707005 -0.333141 -0.623828
v -136.530273 193.000000 56.467773
vt 0.156250 2.113281
vn 0.514561 -0.727385 -0.454024
v -143.808594 193.000000 47.683594
vt 0.156250 2.039062
vn 0.542224 -0.726731 -0.421730
v -143.202148 194.250000 47.170898
vt 0.171875 2.039062
vn 0.744419 -0.332576 -0.578993
v -150.584961 193.000000 38.397461
vt 0.156250 1.964844
vn 0.567840 -0.725677 -0.388522
v -149.958740 194.250000 37.911865
vt 0.171875 1.964844
vn 0.778591 -0.331670 -0.532720
v -143.000000 196.000000 47.000000
vt 0.187500 2.039062
vn 0.789352 0.000000 -0.613941
v -149.750000 196.000000 37.750000
vt 0.187500 1.964844
vn 0.825307 0.000000 -0.564684
v -156.214844 194.250000 28.152344
vt 0.171875 1.890625
vn 0.809316 -0.330471 -0.485590
v -156.000000 196.000000 28.000000
vt 0.187500 1.890625
vn 0.857493 0.000000 -0.514496
v -149.958740 197.750000 37.911865
vt 0.203125 1.964844
vn 0.778591 0.331670 -0.532720
v -156.214844 197.750000 28.152344
vt 0.203125 1.890625
vn 0.809316 0.330471 -0.485589
v -161.750000 196.000000 17.750000
vt 0.187500 1.816406
vn 0.885832 0.000000 -0.464007
v -161.970459 197.750000 17.892334
vt 0.203125 1.816406
vn 0.836504 0.329042 -0.438169
v -167.000000 196.000000 7.000000
vt 0.187500 1.742188
vn 0.910367 0.000000 -0.413803
v -167.225586 197.750000 7.131836
vt 0.203125 1.742188
vn 0.860176 0.327453 -0.390989
v -171.750000 196.000000 -4.250000
vt 0.187500 1.667969
vn 0.931243 0.000000 -0.364399
v -167.225586 194.250000 7.131836
vt 0.171875 1.742188
vn 0.860176 -0.327453 -0.390989
v -150.584961 199.000000 38.397461
vt 0.218750 1.964844
vn 0.567840 0.725677 -0.388522
v -156.859375 199.000000 28.609375
vt 0.218750 1.890625
vn 0.591248 0.724279 -0.354749
v -171.980225 197.750000 -4.129150
vt 0.203125 1.667969
vn 0.880440 0.325779 -0.344520
v -167.902344 199.000000 7.527344
vt 0.218750 1.742188
vn 0.631084 0.720726 -0.286856
v -161.970459 194.250000 17.892334
vt 0.171875 1.816406
vn 0.836504 -0.329042 -0.438169
v -172.670898 199.000000 -3.766602
vt 0.218750 1.667969
vn 0.647478 0.718736 -0.253361
v -171.980225 194.250000 -4.129150
vt 0.171875 1.667969
vn 0.880440 -0.325779 -0.344520
v -176.234375 197.750000 -15.890625
vt 0.203125 1.593750
vn 0.897479 0.324090 -0.299160
v -176.937500 199.000000 -15.562500
vt 0.218750 1.593750
vn 0.661581 0.716713 -0.220527
v -156.859375 193.000000 28.609375
vt 0.156250 1.890625
vn 0.591248 -0.724279 -0.354749
v -143.808594 199.000000 47.683594
vt 0.218750 2.039062
vn 0.542224 0.726731 -0.421730
v -176.000000 196.000000 -16.000000
vt 0.187500 1.593750
vn 0.948683 0.000000 -0.316228
v -135.750000 196.000000 55.750000
vt 0.187500 2.113281
vn 0.749838 0.000000 -0.661622
v -143.202148 197.750000 47.170898
vt 0.203125 2.039062
vn 0.744419 0.332576 -0.578993
v -128.750000 193.000000 64.750000
vt 0.156250 2.187500
vn 0.485071 -0.727607 -0.485071
v -119.929443 197.750000 71.945068
vt 0.203125 2.261719
vn 0.623828 0.333141 -0.707005
v -179.988037 197.750000 -28.152588
vt 0.203125 1.519531
vn 0.911528 0.322453 -0.255228
v -180.702148 199.000000 -27.860352
vt 0.218750 1.519531
vn 0.673488 0.714739 -0.188577
v -183.241211 197.750000 -40.915039
vt 0.203125 1.445312
vn 0.922850 0.320927 -0.212965
v -183.964844 199.000000 -40.660156
vt 0.218750 1.445312
vn 0.683320 0.712887 -0.157689
v -185.993896 197.750000 -54.177979
vt 0.203125 1.371094
vn 0.931724 0.319561 -0.172542
v -185.750000 196.000000 -54.250000
vt 0.187500 1.371094
vn 0.983282 0.000000 -0.182089
v -188.000000 196.000000 -68.000000
vt 0.187500 1.296875
vn 0.989950 0.000000 -0.141421
v -188.246094 197.750000 -67.941406
vt 0.203125 1.296875
vn 0.938430 0.318396 -0.134061
v -189.750000 196.000000 -82.250000
vt 0.187500 1.222656
vn 0.994692 0.000000 -0.102899
v -189.997803 194.250000 -82.205322
vt 0.171875 1.222656
vn 0.943238 -0.317462 -0.097576
v -191.249023 194.250000 -96.969727
vt 0.171875 1.148438
vn 0.946398 -0.316780 -0.063093
v -191.000000 196.000000 -97.000000
vt 0.187500 1.148438
vn 0.997785 0.000000 -0.066519
v -191.999756 194.250000 -112.234619
vt 0.171875 1.074219
vn 0.948144 -0.316367 -0.030585
v -191.750000 196.000000 -112.250000
vt 0.187500 1.074219
vn 0.999480 0.000000 -0.032241
v -192.250000 194.250000 -128.000000
vt 0.171875 1.000000
vn 0.948683 -0.316228 0.000000
v -192.000000 196.000000 -128.000000
vt 0.187500 1.000000
vn 1.000000 0.000000 -0.000000
v -192.250000 194.089844 -130.402344
vt 0.205044 1.218750
vn 0.949399 -0.310914 0.044416
v -192.250000 194.250000 -128.000000
vt 0.205044 1.250000
vn 0.948683 -0.316228 0.000000
v -192.000000 196.000000 -128.000000
vt 0.226333 1.250000
vn 1.000000 0.000000 -0.000000
v -192.000000 195.812500 -130.812500
vt 0.226333 1.218750
vn 1.000000 0.000000 -0.000000
v -192.250000 193.609375 -132.484375
vt 0.205044 1.187500
vn 0.951220 -0.292683 0.097561
v -192.250000 197.750000 -128.000000
vt 0.247621 1.250000
vn 0.948683 0.316228 0.000000
v -192.250000 197.535156 -131.222656
vt 0.247621 1.218750
vn 0.949399 0.310914 -0.044416
v -192.000000 195.250000 -133.250000
vt 0.226333 1.187500
vn 1.000000 0.000000 -0.000000
v -192.250000 196.890625 -134.015625
vt 0.247621 1.187500
vn 0.951220 0.292683 -0.097561
v -192.000000 194.312500 -135.312500
vt 0.226333 1.156250
vn 1.000000 0.000000 -0.000000
v -192.250000 195.816406 -136.378906
vt 0.247621 1.156250
vn 0.953160 0.259363 -0.155618
v -192.000000 193.000000 -137.000000
vt 0.226333 1.125000
vn 1.000000 0.000000 -0.000000
v -192.250000 194.312500 -138.312500
vt 0.247621 1.125000
vn 0.953998 0.212000 -0.212000
v -192.000000 191.312500 -138.312500
vt 0.226333 1.093750
vn 1.000000 0.000000 -0.000000
v -192.250000 192.378906 -139.816406
vt 0.247621 1.093750
vn 0.953160 0.155618 -0.259363
v -193.000000 195.250000 -139.250000
vt 0.267291 1.125000
vn 0.727607 0.485071 -0.485071
v -193.000000 193.140625 -140.890625
vt 0.267291 1.093750
vn 0.724279 0.354749 -0.591248
v -192.250000 190.015625 -140.890625
vt 0.247621 1.062500
vn 0.951220 0.097561 -0.292683
v -193.000000 190.562500 -142.062500
vt 0.267291 1.062500
vn 0.716713 0.220527 -0.661581
v -194.250000 193.597656 -141.535156
vt 0.285343 1.093750
vn 0.330471 0.485590 -0.809316
v -194.250000 190.890625 -142.765625
vt 0.285343 1.062500
vn 0.324090 0.299160 -0.897479
v -193.000000 187.515625 -142.765625
vt 0.267291 1.031250
vn 0.709788 0.099619 -0.697336
v -194.250000 187.691406 -143.503906
vt 0.285343 1.031250
vn 0.318396 0.134061 -0.938430
v -193.000000 184.000000 -143.000000
vt 0.267291 1.000000
vn 0.707107 0.000000 -0.707107
v -192.250000 184.000000 -141.750000
vt 0.247621 1.000000
vn 0.948683 -0.000000 -0.316228
v -194.250000 184.000000 -143.750000
vt 0.285343 1.000000
vn 0.316228 -0.000000 -0.948683
v -196.000000 187.750000 -143.750000
vt 0.301777 1.031250
vn 0.000000 0.141421 -0.989950
v -193.000000 72.000000 -143.000000
vt 0.218750 1.000000
vn 0.707107 0.000000 -0.707107
v -193.000000 184.000000 -143.000000
vt 0.218750 1.875000
vn 0.707107 0.000000 -0.707107
v -194.250000 184.000000 -143.750000
vt 0.234375 1.875000
vn 0.316228 -0.000000 -0.948683
v -194.250000 72.000000 -143.750000
vt 0.234375 1.000000
vn 0.316228 0.000000 -0.948683
v -193.000000 68.484375 -142.765625
vt 0.267291 1.218750
vn 0.709788 -0.099619 -0.697336
v -193.000000 72.000000 -143.000000
vt 0.267291 1.250000
vn 0.707107 0.000000 -0.707107
v -194.250000 72.000000 -143.750000
vt 0.285343 1.250000
vn 0.316228 0.000000 -0.948683
v -194.250000 68.308594 -143.503906
vt 0.285343 1.218750
vn 0.318396 -0.134061 -0.938430
v -193.000000 65.437500 -142.062500
vt 0.267291 1.187500
vn 0.716713 -0.220527 -0.661581
v -192.250000 65.984375 -140.890625
vt 0.247621 1.187500
vn 0.951220 -0.097561 -0.292683
v -192.250000 63.621094 -139.816406
vt 0.247621 1.156250
vn 0.953160 -0.155618 -0.259363
v -193.000000 62.859375 -140.890625
vt 0.267291 1.156250
vn 0.724279 -0.354749 -0.591248
v -192.250000 61.687500 -138.312500
vt 0.247621 1.125000
vn 0.953998 -0.212000 -0.212000
v -193.000000 60.750000 -139.250000
vt 0.267291 1.125000
vn 0.727607 -0.485071 -0.485071
v -192.250000 60.183594 -136.378906
vt 0.247621 1.093750
vn 0.953160 -0.259363 -0.155618
v -193.000000 59.109375 -137.140625
vt 0.267291 1.093750
vn 0.724279 -0.591248 -0.354749
v -192.000000 61.687500 -135.312500
vt 0.226333 1.093750
vn 1.000000 0.000000 -0.000000
v -192.000000 60.750000 -133.250000
vt 0.226333 1.062500
vn 1.000000 0.000000 -0.000000
v -192.250000 62.390625 -132.484375
vt 0.205044 1.062500
vn 0.951220 0.292683 0.097561
v -192.250000 63.191406 -134.246094
vt 0.205044 1.093750
vn 0.953160 0.259363 0.155618
v -192.250000 59.109375 -134.015625
vt 0.247621 1.062500
vn 0.951220 -0.292683 -0.097561
v -192.000000 60.187500 -130.812500
vt 0.226333 1.031250
vn 1.000000 0.000000 -0.000000
v -192.250000 58.464844 -131.222656
vt 0.247621 1.031250
vn 0.949399 -0.310914 -0.044416
v -192.000000 60.000000 -128.000000
vt 0.226333 1.000000
vn 1.000000 0.000000 -0.000000
v -192.250000 61.750000 -128.000000
vt 0.205044 1.000000
vn 0.948683 0.316228 0.000000
v -192.000000 60.000000 -128.000000
vt 0.187500 1.000000
vn 1.000000 0.000000 -0.000000
v -191.999756 61.750000 -112.234619
vt 0.203125 1.074219
vn 0.948144 0.316367 -0.030585
v -192.250000 61.750000 -128.000000
vt 0.203125 1.000000
vn 0.948683 0.316228 0.000000
v -191.750000 60.000000 -112.250000
vt 0.187500 1.074219
vn 0.999480 0.000000 -0.032241
v -191.249023 61.750000 -96.969727
vt 0.203125 1.148438
vn 0.946398 0.316780 -0.063093
v -192.000000 63.000000 -137.000000
vt 0.226333 1.125000
vn 1.000000 0.000000 -0.000000
v -192.250000 61.910156 -130.402344
vt 0.205044 1.031250
vn 0.949399 0.310914 0.044416
v -192.250000 58.250000 -128.000000
vt 0.247621 1.000000
vn 0.948683 -0.316228 0.000000
v -192.250000 58.250000 -128.000000
vt 0.171875 1.000000
vn 0.948683 -0.316228 0.000000
v -194.250000 65.109375 -142.765625
vt 0.285343 1.187500
vn 0.324090 -0.299160 -0.897479
v -191.000000 60.000000 -97.000000
vt 0.187500 1.148438
vn 0.997785 0.000000 -0.066519
v -189.997803 61.750000 -82.205322
vt 0.203125 1.222656
vn 0.943238 0.317462 -0.097576
v -189.750000 60.000000 -82.250000
vt 0.187500 1.222656
vn 0.994692 0.000000 -0.102899
v -191.249023 58.250000 -96.969727
vt 0.171875 1.148438
vn 0.946398 -0.316780 -0.063093
v -189.997803 58.250000 -82.205322
vt 0.171875 1.222656
vn 0.943238 -0.317462 -0.097576
v -188.000000 60.000000 -68.000000
vt 0.187500 1.296875
vn 0.989950 0.000000 -0.141421
v -188.246094 58.250000 -67.941406
vt 0.171875 1.296875
vn 0.938430 -0.318396 -0.134061
v -185.750000 60.000000 -54.250000
vt 0.187500 1.371094
vn 0.983282 0.000000 -0.182089
v -185.993896 58.250000 -54.177979
vt 0.171875 1.371094
vn 0.931724 -0.319561 -0.172542
v -185.993896 61.750000 -54.177979
vt 0.203125 1.371094
vn 0.931724 0.319561 -0.172542
v -183.241211 61.750000 -40.915039
vt 0.203125 1.445312
vn 0.922850 0.320927 -0.212965
v -183.000000 60.000000 -41.000000
vt 0.187500 1.445312
vn 0.974391 0.000000 -0.224860
v -188.246094 61.750000 -67.941406
vt 0.203125 1.296875
vn 0.938430 0.318396 -0.134061
v -196.000000 72.000000 -144.000000
vt 0.301777 1.250000
vn 0.000000 0.000000 -1.000000
v -192.250000 68.777344 -141.535156
vt 0.247621 1.218750
vn 0.949399 -0.044416 -0.310914
v -196.000000 193.750000 -141.750000
vt 0.301777 1.093750
vn 0.000000 0.514496 -0.857493
v -196.000000 191.000000 -143.000000
vt 0.301777 1.062500
vn 0.000000 0.316228 -0.948683
v -192.250000 187.222656 -141.535156
vt 0.247621 1.031250
vn 0.949399 0.044416 -0.310914
v -196.000000 184.000000 -144.000000
vt 0.301777 1.000000
vn 0.000000 0.000000 -1.000000
v -196.000000 184.000000 -144.000000
vt 0.250000 1.875000
vn 0.000000 0.000000 -1.000000
v -196.000000 72.000000 -144.000000
vt 0.250000 1.000000
vn 0.000000 0.000000 -1.000000
v -196.000000 72.000000 -144.000000
vt 0.000000 1.000000
vn 0.000000 0.000000 -1.000000
v -196.000000 184.000000 -144.000000
vt 0.000000 1.875000
vn 0.000000 0.000000 -1.000000
v -197.750000 184.000000 -143.750000
vt 0.015625 1.875000
vn -0.316228 -0.000000 -0.948683
v -197.750000 72.000000 -143.750000
vt 0.015625 1.000000
vn -0.316228 0.000000 -0.948683
v -199.000000 184.000000 -143.000000
vt 0.031250 1.875000
vn -0.707107 0.000000 -0.707107
v -199.000000 72.000000 -143.000000
vt 0.031250 1.000000
vn -0.707107 0.000000 -0.707107
v -197.750000 68.308594 -143.503906
vt 0.016434 1.218750
vn -0.318396 -0.134061 -0.938430
v -197.750000 72.000000 -143.750000
vt 0.016434 1.250000
vn -0.316228 0.000000 -0.948683
v -199.000000 72.000000 -143.000000
vt 0.034486 1.250000
vn -0.707107 0.000000 -0.707107
v -199.000000 68.484375 -142.765625
vt 0.034486 1.218750
vn -0.709788 -0.099619 -0.697336
v -197.750000 65.109375 -142.765625
vt 0.016434 1.187500
vn -0.324090 -0.299160 -0.897479
v -196.000000 65.000000 -143.000000
vt 0.000000 1.187500
vn 0.000000 -0.316228 -0.948683
v -196.000000 62.250000 -141.750000
vt 0.000000 1.156250
vn 0.000000 -0.514496 -0.857493
v -197.750000 62.402344 -141.535156
vt 0.016434 1.156250
vn -0.330471 -0.485590 -0.809316
v -199.000000 65.437500 -142.062500
vt 0.034486 1.187500
vn -0.716713 -0.220527 -0.661581
v -197.750000 184.000000 -143.750000
vt 0.016434 1.000000
vn -0.316228 -0.000000 -0.948683
v -199.000000 187.515625 -142.765625
vt 0.034486 1.031250
vn -0.709788 0.099619 -0.697336
v -199.000000 184.000000 -143.000000
vt 0.034486 1.000000
vn -0.707107 0.000000 -0.707107
v -192.000000 189.250000 -139.250000
vt 0.226333 1.062500
vn 1.000000 0.000000 -0.000000
v -192.250000 190.246094 -136.808594
vt 0.205044 1.093750
vn 0.953160 -0.155618 0.259363
v -192.250000 191.687500 -135.687500
vt 0.205044 1.125000
vn 0.953998 -0.212000 0.212000
v -192.250000 192.808594 -134.246094
vt 0.205044 1.156250
vn 0.953160 -0.259363 0.155618
v -193.000000 196.890625 -137.140625
vt 0.267291 1.156250
vn 0.724279 0.591248 -0.354749
v -191.999756 197.750000 -112.234619
vt 0.203125 1.074219
vn 0.948144 0.316367 -0.030585
v -192.250000 197.750000 -128.000000
vt 0.203125 1.000000
vn 0.948683 0.316228 0.000000
v -189.997803 197.750000 -82.205322
vt 0.203125 1.222656
vn 0.943238 0.317462 -0.097576
v -188.246094 194.250000 -67.941406
vt 0.171875 1.296875
vn 0.938430 -0.318396 -0.134061
v -191.999756 58.250000 -112.234619
vt 0.171875 1.074219
vn 0.948144 -0.316367 -0.030585
v -186.725586 199.000000 -53.961914
vt 0.218750 1.371094
vn 0.691218 0.711219 -0.128003
v -183.000000 196.000000 -41.000000
vt 0.187500 1.445312
vn 0.974391 0.000000 -0.224860
v -101.911865 194.250000 85.958740
vt 0.171875 2.410156
vn 0.532720 -0.331670 -0.778591
v -111.683594 193.000000 79.808594
vt 0.156250 2.335938
vn 0.421730 -0.726731 -0.542224
v -102.397461 193.000000 86.584961
vt 0.156250 2.410156
vn 0.388522 -0.725677 -0.567840
v -92.152344 194.250000 92.214844
vt 0.171875 2.484375
vn 0.485590 -0.330471 -0.809316
v -92.609375 193.000000 92.859375
vt 0.156250 2.484375
vn 0.354749 -0.724279 -0.591248
v -81.892334 194.250000 97.970459
vt 0.171875 2.558594
vn 0.438169 -0.329042 -0.836504
v -82.319336 193.000000 98.631836
vt 0.156250 2.558594
vn 0.320751 -0.722602 -0.612344
v -111.170898 197.750000 79.202148
vt 0.203125 2.335938
vn 0.578993 0.332576 -0.744419
v -92.000000 196.000000 92.000000
vt 0.187500 2.484375
vn 0.514496 0.000000 -0.857493
v -71.000000 196.000000 103.000000
vt 0.187500 2.632812
vn 0.413803 0.000000 -0.910367
v -9.822021 197.750000 121.993896
vt 0.203125 3.003906
vn 0.172542 0.319561 -0.931724
v -23.084961 197.750000 119.241211
vt 0.203125 2.929687
vn 0.212965 0.320927 -0.922850
v -36.139648 193.000000 116.702148
vt 0.156250 2.855469
vn 0.188577 -0.714739 -0.673488
v -10.038086 193.000000 122.725586
vt 0.156250 3.003906
vn 0.128003 -0.711219 -0.691218
v 18.205322 194.250000 125.997803
vt 0.171875 3.152344
vn 0.097576 -0.317462 -0.943238
v 3.941406 197.750000 124.246094
vt 0.203125 3.078125
vn 0.134061 0.318396 -0.938430
v -183.241211 58.250000 -40.915039
vt 0.171875 1.445312
vn 0.922850 -0.320927 -0.212965
v -186.725586 57.000000 -53.961914
vt 0.156250 1.371094
vn 0.691218 -0.711219 -0.128003
v -179.750000 60.000000 -28.250000
vt 0.187500 1.519531
vn 0.962964 0.000000 -0.269630
v -179.988037 58.250000 -28.152588
vt 0.171875 1.519531
vn 0.911528 -0.322453 -0.255228
v -176.000000 60.000000 -16.000000
vt 0.187500 1.593750
vn 0.948683 0.000000 -0.316228
v -176.234375 58.250000 -15.890625
vt 0.171875 1.593750
vn 0.897479 -0.324090 -0.299160
v -180.702148 57.000000 -27.860352
vt 0.156250 1.519531
vn 0.673488 -0.714739 -0.188577
v -171.750000 60.000000 -4.250000
vt 0.187500 1.667969
vn 0.931243 0.000000 -0.364399
v -176.937500 57.000000 -15.562500
vt 0.156250 1.593750
vn 0.661581 -0.716713 -0.220527
v -183.964844 57.000000 -40.660156
vt 0.156250 1.445312
vn 0.683320 -0.712887 -0.157689
v -176.234375 61.750000 -15.890625
vt 0.203125 1.593750
vn 0.897479 0.324090 -0.299160
v -171.980225 61.750000 -4.129150
vt 0.203125 1.667969
vn 0.880440 0.325779 -0.344520
v -171.980225 58.250000 -4.129150
vt 0.171875 1.667969
vn 0.880440 -0.325779 -0.344520
v -185.993896 194.250000 -54.177979
vt 0.171875 1.371094
vn 0.931724 -0.319561 -0.172542
v 79.503906 68.308594 130.250000
vt 0.285343 1.031250
vn 0.938430 -0.134061 -0.318396
v 79.000000 65.000000 132.000000
vt 0.301777 1.062500
vn 0.948683 -0.316228 -0.000000
v -172.670898 193.000000 -3.766602
vt 0.156250 1.667969
vn 0.647478 -0.718736 -0.253361
v -176.937500 193.000000 -15.562500
vt 0.156250 1.593750
vn 0.661581 -0.716713 -0.220527
v 18.071289 193.000000 126.741211
vt 0.156250 3.152344
vn 0.072603 -0.708636 -0.701829
v 3.765625 193.000000 124.984375
vt 0.156250 3.078125
vn 0.099619 -0.709788 -0.697336
v -162.631836 199.000000 18.319336
vt 0.218750 1.816406
vn 0.612344 0.722602 -0.320751
v -188.984375 193.000000 -67.765625
vt 0.156250 1.296875
vn 0.697336 -0.709788 -0.099619
v -186.725586 193.000000 -53.961914
vt 0.156250 1.371094
vn 0.691218 -0.711219 -0.128003
v -59.750000 196.000000 107.750000
vt 0.187500 2.707031
vn 0.364399 0.000000 -0.931243
v 18.071289 199.000000 126.741211
vt 0.218750 3.152344
vn 0.072603 0.708636 -0.701829
v -120.467773 193.000000 72.530273
vt 0.156250 2.261719
vn 0.454024 -0.727385 -0.514561
v -172.670898 57.000000 -3.766602
vt 0.156250 1.667969
vn 0.647478 -0.718736 -0.253361
v -167.225586 58.250000 7.131836
vt 0.171875 1.742188
vn 0.860176 -0.327453 -0.390989
v -167.902344 57.000000 7.527344
vt 0.156250 1.742188
vn 0.631084 -0.720726 -0.286856
v -161.970459 58.250000 17.892334
vt 0.171875 1.816406
vn 0.836504 -0.329042 -0.438169
v -161.750000 60.000000 17.750000
vt 0.187500 1.816406
vn 0.885832 0.000000 -0.464007
v -156.000000 60.000000 28.000000
vt 0.187500 1.890625
vn 0.857493 0.000000 -0.514496
v -156.214844 58.250000 28.152344
vt 0.171875 1.890625
vn 0.809316 -0.330471 -0.485590
v -162.631836 57.000000 18.319336
vt 0.156250 1.816406
vn 0.612344 -0.722602 -0.320752
v -149.750000 60.000000 37.750000
vt 0.187500 1.964844
vn 0.825307 0.000000 -0.564684
v -149.958740 58.250000 37.911865
vt 0.171875 1.964844
vn 0.778591 -0.331670 -0.532720
v -143.000000 60.000000 47.000000
vt 0.187500 2.039062
vn 0.789352 0.000000 -0.613941
v -143.202148 58.250000 47.170898
vt 0.171875 2.039062
vn 0.744419 -0.332576 -0.578993
v -150.584961 57.000000 38.397461
vt 0.156250 1.964844
vn 0.567840 -0.725677 -0.388522
v -143.808594 57.000000 47.683594
vt 0.156250 2.039062
vn 0.542224 -0.726731 -0.421730
v -135.750000 60.000000 55.750000
vt 0.187500 2.113281
vn 0.749838 0.000000 -0.661622
v -135.945068 58.250000 55.929443
vt 0.171875 2.113281
vn 0.707005 -0.333141 -0.623828
v -183.241211 194.250000 -40.915039
vt 0.171875 1.445312
vn 0.922850 -0.320927 -0.212965
v 3.765625 199.000000 124.984375
vt 0.218750 3.078125
vn 0.099619 0.709788 -0.697336
v -167.902344 193.000000 7.527344
vt 0.156250 1.742188
vn 0.631084 -0.720726 -0.286856
v 68.484375 62.390625 128.250000
vt 0.205044 1.187500
vn -0.097561 0.292683 -0.951220
v -156.859375 57.000000 28.609375
vt 0.156250 1.890625
vn 0.591248 -0.724279 -0.354749
v -183.964844 193.000000 -40.660156
vt 0.156250 1.445312
vn 0.683320 -0.712887 -0.157689
v -179.988037 194.250000 -28.152588
vt 0.171875 1.519531
vn 0.911528 -0.322453 -0.255228
v -180.702148 193.000000 -27.860352
vt 0.156250 1.519531
vn 0.673488 -0.714739 -0.188577
v -136.530273 57.000000 56.467773
vt 0.156250 2.113281
vn 0.514561 -0.727385 -0.454024
v -128.187500 58.250000 64.187500
vt 0.171875 2.187500
vn 0.666667 -0.333333 -0.666667
v -128.750000 57.000000 64.750000
vt 0.156250 2.187500
vn 0.485071 -0.727607 -0.485071
v -119.929443 58.250000 71.945068
vt 0.171875 2.261719
vn 0.623828 -0.333141 -0.707005
v -119.750000 60.000000 71.750000
vt 0.187500 2.261719
vn 0.661622 0.000000 -0.749838
v -120.467773 57.000000 72.530273
vt 0.156250 2.261719
vn 0.454024 -0.727385 -0.514561
v -111.170898 58.250000 79.202148
vt 0.171875 2.335938
vn 0.578993 -0.332576 -0.744419
v -111.000000 60.000000 79.000000
vt 0.187500 2.335938
vn 0.613941 0.000000 -0.789352
v -111.683594 57.000000 79.808594
vt 0.156250 2.335938
vn 0.421730 -0.726731 -0.542224
v -101.911865 58.250000 85.958740
vt 0.171875 2.410156
vn 0.532720 -0.331670 -0.778591
v -102.397461 57.000000 86.584961
vt 0.156250 2.410156
vn 0.388522 -0.725677 -0.567840
v -92.152344 58.250000 92.214844
vt 0.171875 2.484375
vn 0.485590 -0.330471 -0.809316
v -92.000000 60.000000 92.000000
vt 0.187500 2.484375
vn 0.514496 0.000000 -0.857493
v -92.609375 57.000000 92.859375
vt 0.156250 2.484375
vn 0.354749 -0.724279 -0.591248
v -81.892334 58.250000 97.970459
vt 0.171875 2.558594
vn 0.438169 -0.329042 -0.836504
v -82.319336 57.000000 98.631836
vt 0.156250 2.558594
vn 0.320751 -0.722602 -0.612344
v -71.131836 58.250000 103.225586
vt 0.171875 2.632812
vn 0.390989 -0.327453 -0.860176
v -71.527344 57.000000 103.902344
vt 0.156250 2.632812
vn 0.286856 -0.720726 -0.631084
v -71.000000 60.000000 103.000000
vt 0.187500 2.632812
vn 0.413803 0.000000 -0.910367
v -59.750000 60.000000 107.750000
vt 0.187500 2.707031
vn 0.364399 0.000000 -0.931243
v -59.870850 58.250000 107.980225
vt 0.171875 2.707031
vn 0.344520 -0.325779 -0.880440
v -59.870850 61.750000 107.980225
vt 0.203125 2.707031
vn 0.344520 0.325779 -0.880440
v -71.131836 61.750000 103.225586
vt 0.203125 2.632812
vn 0.390989 0.327453 -0.860176
v -60.233398 63.000000 108.670898
vt 0.218750 2.707031
vn 0.253361 0.718736 -0.647478
v -48.437500 63.000000 112.937500
vt 0.218750 2.781250
vn 0.220527 0.716713 -0.661582
v -71.527344 63.000000 103.902344
vt 0.218750 2.632812
vn 0.286856 0.720726 -0.631084
v -81.892334 61.750000 97.970459
vt 0.203125 2.558594
vn 0.438169 0.329042 -0.836504
v -48.109375 61.750000 112.234375
vt 0.203125 2.781250
vn 0.299160 0.324090 -0.897479
v -81.750000 60.000000 97.750000
vt 0.187500 2.558594
vn 0.464007 0.000000 -0.885832
v -82.319336 63.000000 98.631836
vt 0.218750 2.558594
vn 0.320751 0.722602 -0.612344
v -92.152344 61.750000 92.214844
vt 0.203125 2.484375
vn 0.485590 0.330471 -0.809316
v -92.609375 63.000000 92.859375
vt 0.218750 2.484375
vn 0.354749 0.724279 -0.591248
v -101.911865 61.750000 85.958740
vt 0.203125 2.410156
vn 0.532720 0.331670 -0.778591
v -102.397461 63.000000 86.584961
vt 0.218750 2.410156
vn 0.388522 0.725677 -0.567840
v -128.187500 197.750000 64.187500
vt 0.203125 2.187500
vn 0.666667 0.333333 -0.666667
v -120.467773 199.000000 72.530273
vt 0.218750 2.261719
vn 0.454024 0.727385 -0.514561
v -128.750000 199.000000 64.750000
vt 0.218750 2.187500
vn 0.485071 0.727607 -0.485071
v -192.250000 64.312500 -135.687500
vt 0.205044 1.125000
vn 0.953998 0.212000 0.212000
v 64.000000 197.750000 128.250000
vt 0.247621 1.000000
vn -0.000000 0.316228 -0.948683
v 64.000000 197.750000 128.250000
vt 0.203125 3.375000
vn -0.000000 0.316228 -0.948683
v -111.683594 199.000000 79.808594
vt 0.218750 2.335938
vn 0.421730 0.726731 -0.542224
v -60.233398 57.000000 108.670898
vt 0.156250 2.707031
vn 0.253361 -0.718736 -0.647478
v -48.109375 58.250000 112.234375
vt 0.171875 2.781250
vn 0.299160 -0.324090 -0.897479
v -48.437500 57.000000 112.937500
vt 0.156250 2.781250
vn 0.220527 -0.716713 -0.661581
v -35.847412 58.250000 115.988037
vt 0.171875 2.855469
vn 0.255228 -0.322453 -0.911528
v -35.750000 60.000000 115.750000
vt 0.187500 2.855469
vn 0.269630 0.000000 -0.962964
v -23.000000 60.000000 119.000000
vt 0.187500 2.929687
vn 0.224860 0.000000 -0.974391
v -23.084961 61.750000 119.241211
vt 0.203125 2.929687
vn 0.212965 0.320927 -0.922850
v -9.822021 61.750000 121.993896
vt 0.203125 3.003906
vn 0.172542 0.319561 -0.931724
v -10.038086 63.000000 122.725586
vt 0.218750 3.003906
vn 0.128003 0.711219 -0.691218
v 3.765625 63.000000 124.984375
vt 0.218750 3.078125
vn 0.099619 0.709788 -0.697336
v 3.941406 61.750000 124.246094
vt 0.203125 3.078125
vn 0.134061 0.318396 -0.938430
v 18.071289 63.000000 126.741211
vt 0.218750 3.152344
vn 0.072603 0.708636 -0.701829
v 18.205322 61.750000 125.997803
vt 0.203125 3.152344
vn 0.097576 0.317462 -0.943238
v 32.878906 63.000000 127.996094
vt 0.218750 3.226562
vn 0.046990 0.707793 -0.704856
v 4.000000 60.000000 124.000000
vt 0.187500 3.078125
vn 0.141421 0.000000 -0.989950
v 18.250000 60.000000 125.750000
vt 0.187500 3.152344
vn 0.102899 0.000000 -0.994692
v 3.941406 58.250000 124.246094
vt 0.171875 3.078125
vn 0.134061 -0.318396 -0.938430
v -9.822021 58.250000 121.993896
vt 0.171875 3.003906
vn 0.172542 -0.319561 -0.931724
v -10.038086 57.000000 122.725586
vt 0.156250 3.003906
vn 0.128003 -0.711219 -0.691218
v 3.765625 57.000000 124.984375
vt 0.156250 3.078125
vn 0.099619 -0.709788 -0.697336
v -23.339844 57.000000 119.964844
vt 0.156250 2.929687
vn 0.157689 -0.712887 -0.683320
v 18.205322 58.250000 125.997803
vt 0.171875 3.152344
vn 0.097576 -0.317462 -0.943238
v 32.969727 61.750000 127.249023
vt 0.203125 3.226562
vn 0.063093 0.316780 -0.946398
v -23.339844 63.000000 119.964844
vt 0.218750 2.929687
vn 0.157689 0.712887 -0.683320
v -9.750000 60.000000 121.750000
vt 0.187500 3.003906
vn 0.182089 0.000000 -0.983282
v -35.847412 61.750000 115.988037
vt 0.203125 2.855469
vn 0.255228 0.322453 -0.911528
v -36.139648 57.000000 116.702148
vt 0.156250 2.855469
vn 0.188577 -0.714739 -0.673488
v 18.071289 57.000000 126.741211
vt 0.156250 3.152344
vn 0.072603 -0.708636 -0.701829
v 32.969727 58.250000 127.249023
vt 0.171875 3.226562
vn 0.063093 -0.316780 -0.946398
v 32.878906 57.000000 127.996094
vt 0.156250 3.226562
vn 0.046990 -0.707793 -0.704856
v 48.234619 58.250000 127.999756
vt 0.171875 3.300781
vn 0.030585 -0.316367 -0.948144
v 48.250000 60.000000 127.750000
vt 0.187500 3.300781
vn 0.032241 0.000000 -0.999480
v 64.000000 60.000000 128.000000
vt 0.187500 3.375000
vn 0.000000 0.000000 -1.000000
v 64.000000 58.250000 128.250000
vt 0.171875 3.375000
vn -0.000000 -0.316228 -0.948683
v 64.000000 61.750000 128.250000
vt 0.203125 3.375000
vn -0.000000 0.316228 -0.948683
v 48.234619 61.750000 127.999756
vt 0.203125 3.300781
vn 0.030585 0.316367 -0.948144
v 64.000000 63.000000 129.000000
vt 0.218750 3.375000
vn 0.000000 0.707107 -0.707107
v 66.109375 63.140625 129.000000
vt 0.185374 1.218750
vn -0.099619 0.697336 -0.709788
v 64.000000 63.000000 129.000000
vt 0.185374 1.250000
vn 0.000000 0.707107 -0.707107
v 64.000000 61.750000 128.250000
vt 0.205044 1.250000
vn -0.000000 0.316228 -0.948683
v 48.188477 57.000000 128.749023
vt 0.156250 3.300781
vn 0.022792 -0.707279 -0.706567
v 66.402344 61.910156 128.250000
vt 0.205044 1.218750
vn -0.044416 0.310914 -0.949399
v 64.000000 60.000000 128.000000
vt 0.226333 1.250000
vn 0.000000 0.000000 -1.000000
v 75.250000 60.750000 129.000000
vt 0.267291 1.125000
vn 0.485071 -0.485071 -0.727607
v 72.859375 186.109375 129.000000
vt 0.185374 1.218750
vn -0.697336 -0.099619 -0.709788
v 73.000000 184.000000 129.000000
vt 0.185374 1.250000
vn -0.707107 0.000000 -0.707107
v 70.750000 190.750000 129.000000
vt 0.185374 1.125000
vn -0.485071 -0.485071 -0.727607
v 78.765625 190.890625 133.750000
vt 0.016434 1.187500
vn 0.897479 0.299160 0.324090
v 77.750000 193.750000 132.000000
vt 0.000000 1.156250
vn 0.857493 0.514496 -0.000000
v 77.535156 193.597656 133.750000
vt 0.016434 1.156250
vn 0.809316 0.485590 0.330471
v -192.250000 72.000000 -141.750000
vt 0.203125 1.000000
vn 0.948683 0.000000 -0.316228
v -192.250000 184.000000 -141.750000
vt 0.203125 1.875000
vn 0.948683 -0.000000 -0.316228
v -192.250000 72.000000 -141.750000
vt 0.247621 1.250000
vn 0.948683 0.000000 -0.316228
v -192.000000 72.000000 -140.000000
vt 0.187500 1.000000
vn 1.000000 0.000000 -0.000000
v -192.000000 64.687500 -138.312500
vt 0.226333 1.156250
vn 1.000000 0.000000 -0.000000
v -192.250000 188.484375 -137.609375
vt 0.205044 1.062500
vn 0.951220 -0.097561 0.292683
v 69.484375 64.265625 129.000000
vt 0.185374 1.156250
vn -0.354749 0.591248 -0.724279
v -194.250000 62.402344 -141.535156
vt 0.285343 1.156250
vn 0.330471 -0.485589 -0.809316
v -196.000000 65.000000 -143.000000
vt 0.301777 1.187500
vn 0.000000 -0.316228 -0.948683
v -196.000000 62.250000 -141.750000
vt 0.301777 1.156250
vn 0.000000 -0.514496 -0.857493
v -196.000000 68.250000 -143.750000
vt 0.301777 1.218750
vn 0.000000 -0.141421 -0.989950
v -196.000000 68.250000 -143.750000
vt 0.000000 1.218750
vn 0.000000 -0.141421 -0.989949
v -196.000000 72.000000 -144.000000
vt 0.000000 1.250000
vn 0.000000 0.000000 -1.000000
v 76.890625 65.984375 128.250000
vt 0.247621 1.062500
vn 0.292683 -0.097561 -0.951220
v -192.250000 186.402344 -138.089844
vt 0.205044 1.031250
vn 0.949399 -0.044416 0.310914
v 79.000000 184.000000 129.000000
vt 0.218750 1.000000
vn 0.707107 0.000000 -0.707107
v 79.000000 184.000000 129.000000
vt 0.267291 1.250000
vn 0.707107 0.000000 -0.707107
v 74.312500 64.687500 128.000000
vt 0.226333 1.093750
vn 0.000000 0.000000 -1.000000
v -192.000000 66.750000 -139.250000
vt 0.226333 1.187500
vn 1.000000 0.000000 -0.000000
v 67.937500 63.562500 129.000000
vt 0.185374 1.187500
vn -0.220527 0.661581 -0.716713
v -191.249023 197.750000 -96.969727
vt 0.203125 1.148438
vn 0.946398 0.316780 -0.063093
v 76.890625 193.140625 129.000000
vt 0.267291 1.156250
vn 0.591248 0.354749 -0.724279
v -192.000000 184.000000 -140.000000
vt 0.226333 1.000000
vn 1.000000 0.000000 -0.000000
v -192.000000 184.000000 -140.000000
vt 0.187500 1.875000
vn 1.000000 0.000000 -0.000000
v -192.250000 72.000000 -138.250000
vt 0.171875 1.000000
vn 0.948683 0.000000 0.316228
v -192.250000 184.000000 -138.250000
vt 0.171875 1.875000
vn 0.948683 0.000000 0.316228
v -192.250000 69.597656 -138.089844
vt 0.205044 1.218750
vn 0.949399 0.044416 0.310914
v -192.250000 72.000000 -138.250000
vt 0.205044 1.250000
vn 0.948683 0.000000 0.316228
v -192.000000 72.000000 -140.000000
vt 0.226333 1.250000
vn 1.000000 0.000000 -0.000000
v -192.250000 65.753906 -136.808594
vt 0.205044 1.156250
vn 0.953160 0.155618 0.259363
v -192.000000 186.812500 -139.812500
vt 0.226333 1.031250
vn 1.000000 0.000000 -0.000000
v -192.250000 184.000000 -138.250000
vt 0.205044 1.000000
vn 0.948683 0.000000 0.316228
v -196.000000 187.750000 -143.750000
vt 0.000000 1.031250
vn 0.000000 0.141421 -0.989949
v -196.000000 191.000000 -143.000000
vt 0.000000 1.062500
vn 0.000000 0.316228 -0.948683
v -197.750000 190.890625 -142.765625
vt 0.016434 1.062500
vn -0.324090 0.299160 -0.897479
v -196.000000 193.750000 -141.750000
vt 0.000000 1.093750
vn 0.000000 0.514496 -0.857493
v -197.750000 193.597656 -141.535156
vt 0.016434 1.093750
vn -0.330471 0.485589 -0.809316
v 77.535156 193.597656 130.250000
vt 0.285343 1.156250
vn 0.809316 0.485589 -0.330471
v 77.750000 193.750000 132.000000
vt 0.301777 1.156250
vn 0.857493 0.514496 -0.000000
v -192.250000 67.515625 -137.609375
vt 0.205044 1.187500
vn 0.951220 0.097561 0.292683
v -179.988037 61.750000 -28.152588
vt 0.203125 1.519531
vn 0.911528 0.322453 -0.255228
v -192.000000 69.187500 -139.812500
vt 0.226333 1.218750
vn 1.000000 0.000000 -0.000000
v -196.000000 184.000000 -144.000000
vt 0.000000 1.000000
vn 0.000000 0.000000 -1.000000
v -197.750000 187.691406 -143.503906
vt 0.016434 1.031250
vn -0.318396 0.134061 -0.938430
v -167.225586 61.750000 7.131836
vt 0.203125 1.742188
vn 0.860176 0.327453 -0.390989
v -176.234375 194.250000 -15.890625
vt 0.171875 1.593750
vn 0.897479 -0.324090 -0.299160
v 33.000000 60.000000 127.000000
vt 0.187500 3.226562
vn 0.066519 0.000000 -0.997785
v -167.000000 60.000000 7.000000
vt 0.187500 1.742188
vn 0.910367 0.000000 -0.413803
v -161.970459 61.750000 17.892334
vt 0.203125 1.816406
vn 0.836504 0.329042 -0.438169
v -48.000000 60.000000 112.000000
vt 0.187500 2.781250
vn 0.316228 0.000000 -0.948683
v 48.188477 63.000000 128.749023
vt 0.218750 3.300781
vn 0.022792 0.707279 -0.706567
v -128.000000 60.000000 64.000000
vt 0.187500 2.187500
vn 0.707107 0.000000 -0.707107
v -119.929443 61.750000 71.945068
vt 0.203125 2.261719
vn 0.623828 0.333141 -0.707005
v -128.187500 61.750000 64.187500
vt 0.203125 2.187500
vn 0.666667 0.333333 -0.666667
v -120.467773 63.000000 72.530273
vt 0.218750 2.261719
vn 0.454024 0.727385 -0.514561
v -111.683594 63.000000 79.808594
vt 0.218750 2.335938
vn 0.421730 0.726731 -0.542224
v -128.750000 63.000000 64.750000
vt 0.218750 2.187500
vn 0.485071 0.727607 -0.485071
v -135.945068 61.750000 55.929443
vt 0.203125 2.113281
vn 0.707005 0.333141 -0.623828
v -111.170898 61.750000 79.202148
vt 0.203125 2.335938
vn 0.578993 0.332576 -0.744419
v -136.530273 63.000000 56.467773
vt 0.218750 2.113281
vn 0.514561 0.727385 -0.454024
v 32.878906 193.000000 127.996094
vt 0.156250 3.226562
vn 0.046990 -0.707793 -0.704856
v -199.000000 190.562500 -142.062500
vt 0.034486 1.062500
vn -0.716713 0.220527 -0.661581
v -71.527344 193.000000 103.902344
vt 0.156250 2.632812
vn 0.286856 -0.720726 -0.631084
v -36.139648 63.000000 116.702148
vt 0.218750 2.855469
vn 0.188577 0.714739 -0.673488
v -162.631836 193.000000 18.319336
vt 0.156250 1.816406
vn 0.612344 -0.722602 -0.320752
v -179.750000 196.000000 -28.250000
vt 0.187500 1.519531
vn 0.962964 0.000000 -0.269630
v -135.945068 197.750000 55.929443
vt 0.203125 2.113281
vn 0.707005 0.333141 -0.623828
v -23.084961 58.250000 119.241211
vt 0.171875 2.929687
vn 0.212965 -0.320927 -0.922850
v 75.812500 195.812500 130.250000
vt 0.285343 1.125000
vn 0.666667 0.666667 -0.333333
v 67.515625 198.765625 129.000000
vt 0.267291 1.031250
vn 0.099619 0.697336 -0.709788
v 64.000000 199.000000 129.000000
vt 0.267291 1.000000
vn 0.000000 0.707107 -0.707107
v 75.816406 63.621094 128.250000
vt 0.247621 1.093750
vn 0.259363 -0.155618 -0.953160
v -136.530273 199.000000 56.467773
vt 0.218750 2.113281
vn 0.514561 0.727385 -0.454024
v -81.750000 196.000000 97.750000
vt 0.187500 2.558594
vn 0.464007 0.000000 -0.885832
v -10.038086 199.000000 122.725586
vt 0.218750 3.003906
vn 0.128003 0.711219 -0.691218
v -71.131836 194.250000 103.225586
vt 0.171875 2.632812
vn 0.390989 -0.327453 -0.860176
v 68.484375 62.390625 128.250000
vt 0.205044 1.187500
vn -0.097561 0.292683 -0.951220
v 66.812500 60.187500 128.000000
vt 0.226333 1.218750
vn 0.000000 0.000000 -1.000000
v 69.250000 60.750000 128.000000
vt 0.226333 1.187500
vn 0.000000 0.000000 -1.000000
v 66.402344 61.910156 128.250000
vt 0.205044 1.218750
vn -0.044416 0.310914 -0.949399
v 67.222656 58.464844 128.250000
vt 0.247621 1.218750
vn 0.044416 -0.310914 -0.949399
v 64.000000 58.250000 128.250000
vt 0.247621 1.250000
vn -0.000000 -0.316228 -0.948683
v 64.000000 60.000000 128.000000
vt 0.226333 1.250000
vn 0.000000 0.000000 -1.000000
v 67.937500 63.562500 129.000000
vt 0.185374 1.187500
vn -0.220527 0.661581 -0.716713
v 64.000000 57.000000 129.000000
vt 0.267291 1.250000
vn 0.000000 -0.707107 -0.707107
v 67.515625 57.234375 129.000000
vt 0.267291 1.218750
vn 0.099619 -0.697336 -0.709788
v 48.188477 57.000000 128.749023
vt 0.156250 3.300781
vn 0.022792 -0.707279 -0.706567
v 64.000000 57.000000 129.000000
vt 0.156250 3.375000
vn 0.000000 -0.707107 -0.707107
v 64.000000 58.250000 128.250000
vt 0.171875 3.375000
vn -0.000000 -0.316228 -0.948683
v 33.000000 60.000000 127.000000
vt 0.187500 3.226562
vn 0.066519 0.000000 -0.997785
v 48.234619 61.750000 127.999756
vt 0.203125 3.300781
vn 0.030585 0.316367 -0.948144
v 32.969727 61.750000 127.249023
vt 0.203125 3.226562
vn 0.063093 0.316780 -0.946398
v 48.188477 63.000000 128.749023
vt 0.218750 3.300781
vn 0.022792 0.707279 -0.706567
v -48.000000 60.000000 112.000000
vt 0.187500 2.781250
vn 0.316228 0.000000 -0.948683
v -35.847412 61.750000 115.988037
vt 0.203125 2.855469
vn 0.255228 0.322453 -0.911528
v -48.109375 61.750000 112.234375
vt 0.203125 2.781250
vn 0.299160 0.324090 -0.897479
v -36.139648 63.000000 116.702148
vt 0.218750 2.855469
vn 0.188577 0.714739 -0.673488
v -81.892334 194.250000 97.970459
vt 0.171875 2.558594
vn 0.438169 -0.329042 -0.836504
v -71.000000 196.000000 103.000000
vt 0.187500 2.632812
vn 0.413803 0.000000 -0.910367
v -81.750000 196.000000 97.750000
vt 0.187500 2.558594
vn 0.464007 0.000000 -0.885832
v -71.131836 194.250000 103.225586
vt 0.171875 2.632812
vn 0.390989 -0.327453 -0.860176
v -82.319336 193.000000 98.631836
vt 0.156250 2.558594
vn 0.320751 -0.722602 -0.612344
v -71.527344 193.000000 103.902344
vt 0.156250 2.632812
vn 0.286856 -0.720726 -0.631084
v -92.000000 60.000000 92.000000
vt 0.187500 2.484375
vn 0.514496 0.000000 -0.857493
v -81.750000 60.000000 97.750000
vt 0.187500 2.558594
vn 0.464007 0.000000 -0.885832
v -81.892334 61.750000 97.970459
vt 0.203125 2.558594
vn 0.438169 0.329042 -0.836504
v -92.152344 61.750000 92.214844
vt 0.203125 2.484375
vn 0.485590 0.330471 -0.809316
v -101.750000 60.000000 85.750000
vt 0.187500 2.410156
vn 0.564684 0.000000 -0.825307
v -101.911865 61.750000 85.958740
vt 0.203125 2.410156
vn 0.532720 0.331670 -0.778591
v -101.911865 58.250000 85.958740
vt 0.171875 2.410156
vn 0.532720 -0.331670 -0.778591
v -111.000000 60.000000 79.000000
vt 0.187500 2.335938
vn 0.613941 0.000000 -0.789352
v -111.170898 61.750000 79.202148
vt 0.203125 2.335938
vn 0.578993 0.332576 -0.744419
v -102.397461 63.000000 86.584961
vt 0.218750 2.410156
vn 0.388522 0.725677 -0.567840
v -111.683594 63.000000 79.808594
vt 0.218750 2.335938
vn 0.421730 0.726731 -0.542224
v -111.170898 58.250000 79.202148
vt 0.171875 2.335938
vn 0.578993 -0.332576 -0.744419
v -119.750000 60.000000 71.750000
vt 0.187500 2.261719
vn 0.661622 0.000000 -0.749838
v -36.139648 57.000000 116.702148
vt 0.156250 2.855469
vn 0.188577 -0.714739 -0.673488
v -23.339844 57.000000 119.964844
vt 0.156250 2.929687
vn 0.157689 -0.712887 -0.683320
v -23.084961 58.250000 119.241211
vt 0.171875 2.929687
vn 0.212965 -0.320927 -0.922850
v 79.000000 184.000000 129.000000
vt 0.218750 1.000000
vn 0.707107 0.000000 -0.707107
v 79.000000 72.000000 129.000000
vt 0.218750 1.875000
vn 0.707107 0.000000 -0.707107
v 79.750000 72.000000 130.250000
vt 0.234375 1.875000
vn 0.948683 0.000000 -0.316228
v 79.000000 72.000000 129.000000
vt 0.267291 1.000000
vn 0.707107 0.000000 -0.707107
v 79.503906 68.308594 130.250000
vt 0.285343 1.031250
vn 0.938430 -0.134061 -0.318396
v 79.750000 72.000000 130.250000
vt 0.285343 1.000000
vn 0.948683 0.000000 -0.316228
v -143.202148 61.750000 47.170898
vt 0.203125 2.039062
vn 0.744419 0.332576 -0.578993
v -135.945068 61.750000 55.929443
vt 0.203125 2.113281
vn 0.707005 0.333141 -0.623828
v -136.530273 63.000000 56.467773
vt 0.218750 2.113281
vn 0.514561 0.727385 -0.454024
v -143.808594 63.000000 47.683594
vt 0.218750 2.039062
vn 0.542224 0.726731 -0.421730
v -167.000000 60.000000 7.000000
vt 0.187500 1.742188
vn 0.910367 0.000000 -0.413803
v -161.970459 61.750000 17.892334
vt 0.203125 1.816406
vn 0.836504 0.329042 -0.438169
v -167.225586 61.750000 7.131836
vt 0.203125 1.742188
vn 0.860176 0.327453 -0.390989
v -179.988037 194.250000 -28.152588
vt 0.171875 1.519531
vn 0.911528 -0.322453 -0.255228
v -176.234375 194.250000 -15.890625
vt 0.171875 1.593750
vn 0.897479 -0.324090 -0.299160
v -176.000000 196.000000 -16.000000
vt 0.187500 1.593750
vn 0.948683 0.000000 -0.316228
v -179.750000 196.000000 -28.250000
vt 0.187500 1.519531
vn 0.962964 0.000000 -0.269630
v -180.702148 193.000000 -27.860352
vt 0.156250 1.519531
vn 0.673488 -0.714739 -0.188577
v -176.937500 193.000000 -15.562500
vt 0.156250 1.593750
vn 0.661581 -0.716713 -0.220527
v -176.234375 194.250000 -15.890625
vt 0.171875 1.593750
vn 0.897479 -0.324090 -0.299160
v 79.503906 68.308594 130.250000
vt 0.285343 1.031250
vn 0.938430 -0.134061 -0.318396
v 78.765625 65.109375 130.250000
vt 0.285343 1.062500
vn 0.897479 -0.299160 -0.324090
v 79.000000 65.000000 132.000000
vt 0.301777 1.062500
vn 0.948683 -0.316228 -0.000000
v 77.750000 62.250000 132.000000
vt 0.301777 1.093750
vn 0.857493 -0.514496 -0.000000
v -194.250000 65.109375 -142.765625
vt 0.285343 1.187500
vn 0.324090 -0.299160 -0.897479
v -196.000000 68.250000 -143.750000
vt 0.301777 1.218750
vn 0.000000 -0.141421 -0.989950
v -196.000000 65.000000 -143.000000
vt 0.301777 1.187500
vn 0.000000 -0.316228 -0.948683
v -194.250000 62.402344 -141.535156
vt 0.285343 1.156250
vn 0.330471 -0.485589 -0.809316
v -192.250000 67.515625 -137.609375
vt 0.205044 1.187500
vn 0.951220 0.097561 0.292683
v -192.250000 69.597656 -138.089844
vt 0.205044 1.218750
vn 0.949399 0.044416 0.310914
v -192.000000 69.187500 -139.812500
vt 0.226333 1.218750
vn 1.000000 0.000000 -0.000000
v -192.250000 184.000000 -138.250000
vt 0.205044 1.000000
vn 0.948683 0.000000 0.316228
v -192.250000 186.402344 -138.089844
vt 0.205044 1.031250
vn 0.949399 -0.044416 0.310914
v -192.000000 186.812500 -139.812500
vt 0.226333 1.031250
vn 1.000000 0.000000 -0.000000
v -197.750000 187.691406 -143.503906
vt 0.016434 1.031250
vn -0.318396 0.134061 -0.938430
v -199.000000 190.562500 -142.062500
vt 0.034486 1.062500
vn -0.716713 0.220527 -0.661581
v -199.000000 187.515625 -142.765625
vt 0.034486 1.031250
vn -0.709788 0.099619 -0.697336
f 1850/1850/1850 1851/1851/1851 1854/1854/1854
f 1850/1850/1850 1852/1852/1852 1851/1851/1851
f 1320/1320/1320 1047/1047/1047 1321/1321/1321
f 1320/1320/1320 1046/1046/1046 1047/1047/1047
f 1046/1046/1046 1048/1048/1048 1047/1047/1047
f 1046/1046/1046 1049/1049/1049 1048/1048/1048
f 1049/1049/1049 1064/1064/1064 1048/1048/1048
f 1049/1049/1049 1065/1065/1065 1064/1064/1064
f 1065/1065/1065 1102/1102/1102 1064/1064/1064
f 1065/1065/1065 1103/1103/1103 1102/1102/1102
f 1103/1103/1103 1199/1199/1199 1102/1102/1102
f 1103/1103/1103 1200/1200/1200 1199/1199/1199
f 1420/1420/1420 1409/1409/1409 1421/1421/1421
f 1420/1420/1420 1408/1408/1408 1409/1409/1409
f 1408/1408/1408 1410/1410/1410 1409/1409/1409
f 1408/1408/1408 1411/1411/1411 1410/1410/1410
f 1411/1411/1411 1440/1440/1440 1410/1410/1410
f 1411/1411/1411 1441/1441/1441 1440/1440/1440
f 1441/1441/1441 1442/1442/1442 1440/1440/1440
f 1441/1441/1441 1443/1443/1443 1442/1442/1442
f 1791/1791/1791 1793/1793/1793 1792/1792/1792
f 1791/1791/1791 1794/1794/1794 1793/1793/1793
f 1794/1794/1794 1795/1795/1795 1793/1793/1793
f 1794/1794/1794 1796/1796/1796 1795/1795/1795
f 1796/1796/1796 1800/1800/1800 1795/1795/1795
f 1796/1796/1796 1801/1801/1801 1800/1800/1800
f 1801/1801/1801 1806/1806/1806 1800/1800/1800
f 1801/1801/1801 2264/2264/2264 1806/1806/1806
f 2368/2368/2368 2370/2370/2370 2369/2369/2369
f 2264/2264/2264 1873/1873/1873 1876/1876/1876
f 1873/1873/1873 1874/1874/1874 1876/1876/1876
f 1873/1873/1873 1875/1875/1875 1874/1874/1874
f 1857/1857/1857 1858/1858/1858 1860/1860/1860
f 1857/1857/1857 1859/1859/1859 1858/1858/1858
f 1323/1323/1323 1053/1053/1053 1318/1318/1318
f 1323/1323/1323 1050/1050/1050 1053/1053/1053
f 1050/1050/1050 1051/1051/1051 1053/1053/1053
f 1050/1050/1050 1052/1052/1052 1051/1051/1051
f 1052/1052/1052 1068/1068/1068 1051/1051/1051
f 1052/1052/1052 1069/1069/1069 1068/1068/1068
f 1069/1069/1069 1101/1101/1101 1068/1068/1068
f 1069/1069/1069 1106/1106/1106 1101/1101/1101
f 1106/1106/1106 1191/1191/1191 1101/1101/1101
f 1106/1106/1106 1192/1192/1192 1191/1191/1191
f 1424/1424/1424 1404/1404/1404 1425/1425/1425
f 1424/1424/1424 1406/1406/1406 1404/1404/1404
f 1406/1406/1406 1400/1400/1400 1404/1404/1404
f 1406/1406/1406 1402/1402/1402 1400/1400/1400
f 1402/1402/1402 1401/1401/1401 1400/1400/1400
f 1402/1402/1402 1403/1403/1403 1401/1401/1401
f 1403/1403/1403 1446/1446/1446 1401/1401/1401
f 1403/1403/1403 1447/1447/1447 1446/1446/1446
f 1789/1789/1789 1787/1787/1787 1773/1773/1773
f 1789/1789/1789 1790/1790/1790 1787/1787/1787
f 1790/1790/1790 1810/1810/1810 1787/1787/1787
f 1790/1790/1790 1802/1802/1802 1810/1810/1810
f 1802/1802/1802 1803/1803/1803 1810/1810/1810
f 1802/1802/1802 1804/1804/1804 1803/1803/1803
f 1804/1804/1804 1805/1805/1805 1803/1803/1803
f 1804/1804/1804 1807/1807/1807 1805/1805/1805
f 1807/1807/1807 2122/2122/2122 1805/1805/1805
f 2371/2371/2371 2373/2373/2373 2372/2372/2372
f 1861/1861/1861 1862/1862/1862 2122/2122/2122
f 1861/1861/1861 1863/1863/1863 1862/1862/1862
f 1860/1860/1860 1864/1864/1864 1865/1865/1865
f 1860/1860/1860 1858/1858/1858 1864/1864/1864
f 1318/1318/1318 1061/1061/1061 1319/1319/1319
f 1318/1318/1318 1053/1053/1053 1061/1061/1061
f 1053/1053/1053 1060/1060/1060 1061/1061/1061
f 1053/1053/1053 1051/1051/1051 1060/1060/1060
f 1051/1051/1051 1071/1071/1071 1060/1060/1060
f 1051/1051/1051 1068/1068/1068 1071/1071/1071
f 1068/1068/1068 1100/1100/1100 1071/1071/1071
f 1068/1068/1068 1101/1101/1101 1100/1100/1100
f 1101/1101/1101 1190/1190/1190 1100/1100/1100
f 1101/1101/1101 1191/1191/1191 1190/1190/1190
f 1425/1425/1425 1405/1405/1405 1427/1427/1427
f 1425/1425/1425 1404/1404/1404 1405/1405/1405
f 1404/1404/1404 1396/1396/1396 1405/1405/1405
f 1404/1404/1404 1400/1400/1400 1396/1396/1396
f 1400/1400/1400 1398/1398/1398 1396/1396/1396
f 1400/1400/1400 1401/1401/1401 1398/1398/1398
f 1401/1401/1401 1449/1449/1449 1398/1398/1398
f 1401/1401/1401 1446/1446/1446 1449/1449/1449
f 1773/1773/1773 1772/1772/1772 1770/1770/1770
f 1773/1773/1773 1787/1787/1787 1772/1772/1772
f 1787/1787/1787 1788/1788/1788 1772/1772/1772
f 1787/1787/1787 1810/1810/1810 1788/1788/1788
f 1810/1810/1810 2262/2262/2262 1788/1788/1788
f 1810/1810/1810 1803/1803/1803 2262/2262/2262
f 1803/1803/1803 1809/1809/1809 2262/2262/2262
f 1803/1803/1803 1805/1805/1805 1809/1809/1809
f 1805/1805/1805 1871/1871/1871 1809/1809/1809
f 1805/1805/1805 2122/2122/2122 1871/1871/1871
f 2388/2388/2388 2390/2390/2390 2389/2389/2389
f 2122/2122/2122 1862/1862/1862 2123/2123/2123
f 247/247/247 234/234/234 233/233/233
f 247/247/247 248/248/248 234/234/234
f 248/248/248 236/236/236 234/234/234
f 248/248/248 249/249/249 236/236/236
f 1061/1061/1061 1074/1074/1074 1305/1305/1305
f 1061/1061/1061 1060/1060/1060 1074/1074/1074
f 1060/1060/1060 1073/1073/1073 1074/1074/1074
f 1060/1060/1060 1071/1071/1071 1073/1073/1073
f 1071/1071/1071 1099/1099/1099 1073/1073/1073
f 1071/1071/1071 1100/1100/1100 1099/1099/1099
f 1100/1100/1100 1193/1193/1193 1099/1099/1099
f 1100/1100/1100 1190/1190/1190 1193/1193/1193
f 1427/1427/1427 1407/1407/1407 1429/1429/1429
f 1427/1427/1427 1405/1405/1405 1407/1407/1407
f 1405/1405/1405 1399/1399/1399 1407/1407/1407
f 1405/1405/1405 1396/1396/1396 1399/1399/1399
f 1396/1396/1396 1397/1397/1397 1399/1399/1399
f 1396/1396/1396 1398/1398/1398 1397/1397/1397
f 1398/1398/1398 1451/1451/1451 1397/1397/1397
f 1398/1398/1398 1449/1449/1449 1451/1451/1451
f 1770/1770/1770 1771/1771/1771 1774/1774/1774
f 1770/1770/1770 1772/1772/1772 1771/1771/1771
f 1772/1772/1772 2266/2266/2266 1771/1771/1771
f 1772/1772/1772 1788/1788/1788 2266/2266/2266
f 1788/1788/1788 2320/2320/2320 2266/2266/2266
f 1788/1788/1788 2262/2262/2262 2320/2320/2320
f 2262/2262/2262 1881/1881/1881 2320/2320/2320
f 2262/2262/2262 1809/1809/1809 1881/1881/1881
f 1809/1809/1809 1879/1879/1879 1881/1881/1881
f 1809/1809/1809 1871/1871/1871 1879/1879/1879
f 1871/1871/1871 1880/1880/1880 1879/1879/1879
f 2389/2389/2389 2390/2390/2390 2391/2391/2391
f 233/233/233 221/221/221 220/220/220
f 233/233/233 234/234/234 221/221/221
f 234/234/234 225/225/225 221/221/221
f 234/234/234 236/236/236 225/225/225
f 1305/1305/1305 1078/1078/1078 1299/1299/1299
f 1305/1305/1305 1074/1074/1074 1078/1078/1078
f 1074/1074/1074 1077/1077/1077 1078/1078/1078
f 1074/1074/1074 1073/1073/1073 1077/1077/1077
f 1073/1073/1073 1098/1098/1098 1077/1077/1077
f 1073/1073/1073 1099/1099/1099 1098/1098/1098
f 1099/1099/1099 1194/1194/1194 1098/1098/1098
f 1099/1099/1099 1193/1193/1193 1194/1194/1194
f 1429/1429/1429 1433/1433/1433 1435/1435/1435
f 1429/1429/1429 1407/1407/1407 1433/1433/1433
f 1407/1407/1407 1432/1432/1432 1433/1433/1433
f 1407/1407/1407 1399/1399/1399 1432/1432/1432
f 1399/1399/1399 1455/1455/1455 1432/1432/1432
f 1399/1399/1399 1397/1397/1397 1455/1455/1455
f 1397/1397/1397 1454/1454/1454 1455/1455/1455
f 1397/1397/1397 1451/1451/1451 1454/1454/1454
f 1774/1774/1774 1775/1775/1775 1778/1778/1778
f 1774/1774/1774 1771/1771/1771 1775/1775/1775
f 1771/1771/1771 1776/1776/1776 1775/1775/1775
f 1771/1771/1771 2266/2266/2266 1776/1776/1776
f 2266/2266/2266 1785/1785/1785 1776/1776/1776
f 2266/2266/2266 2320/2320/2320 1785/1785/1785
f 2320/2320/2320 2242/2242/2242 1785/1785/1785
f 2320/2320/2320 1881/1881/1881 2242/2242/2242
f 1881/1881/1881 1882/1882/1882 2242/2242/2242
f 1881/1881/1881 1879/1879/1879 1882/1882/1882
f 228/228/228 217/217/217 216/216/216
f 228/228/228 229/229/229 217/217/217
f 220/220/220 187/187/187 186/186/186
f 220/220/220 221/221/221 187/187/187
f 221/221/221 213/213/213 187/187/187
f 221/221/221 225/225/225 213/213/213
f 1299/1299/1299 1082/1082/1082 1292/1292/1292
f 1299/1299/1299 1078/1078/1078 1082/1082/1082
f 1078/1078/1078 1081/1081/1081 1082/1082/1082
f 1078/1078/1078 1077/1077/1077 1081/1081/1081
f 1077/1077/1077 1097/1097/1097 1081/1081/1081
f 1077/1077/1077 1098/1098/1098 1097/1097/1097
f 1098/1098/1098 1195/1195/1195 1097/1097/1097
f 1098/1098/1098 1194/1194/1194 1195/1195/1195
f 1689/1689/1689 1687/1687/1687 1688/1688/1688
f 1689/1689/1689 1690/1690/1690 1687/1687/1687
f 1690/1690/1690 1691/1691/1691 1687/1687/1687
f 1690/1690/1690 1712/1712/1712 1691/1691/1691
f 1712/1712/1712 1713/1713/1713 1691/1691/1691
f 1712/1712/1712 1714/1714/1714 1713/1713/1713
f 1455/1455/1455 1456/1456/1456 1457/1457/1457
f 1455/1455/1455 1454/1454/1454 1456/1456/1456
f 1778/1778/1778 1808/1808/1808 2255/2255/2255
f 1778/1778/1778 1775/1775/1775 1808/1808/1808
f 1775/1775/1775 1777/1777/1777 1808/1808/1808
f 1775/1775/1775 1776/1776/1776 1777/1777/1777
f 1776/1776/1776 1779/1779/1779 1777/1777/1777
f 1776/1776/1776 1785/1785/1785 1779/1779/1779
f 1785/1785/1785 1784/1784/1784 1779/1779/1779
f 1785/1785/1785 2242/2242/2242 1784/1784/1784
f 222/222/222 126/126/126 210/210/210
f 222/222/222 216/216/216 126/126/126
f 216/216/216 127/127/127 126/126/126
f 216/216/216 217/217/217 127/127/127
f 186/186/186 123/123/123 122/122/122
f 186/186/186 187/187/187 123/123/123
f 187/187/187 209/209/209 123/123/123
f 187/187/187 213/213/213 209/209/209
f 1292/1292/1292 1086/1086/1086 1285/1285/1285
f 1292/1292/1292 1082/1082/1082 1086/1086/1086
f 1082/1082/1082 1085/1085/1085 1086/1086/1086
f 1082/1082/1082 1081/1081/1081 1085/1085/1085
f 1081/1081/1081 1096/1096/1096 1085/1085/1085
f 1081/1081/1081 1097/1097/1097 1096/1096/1096
f 1097/1097/1097 1196/1196/1196 1096/1096/1096
f 1097/1097/1097 1195/1195/1195 1196/1196/1196
f 1688/1688/1688 1684/1684/1684 1693/1693/1693
f 1688/1688/1688 1687/1687/1687 1684/1684/1684
f 1687/1687/1687 1686/1686/1686 1684/1684/1684
f 1687/1687/1687 1691/1691/1691 1686/1686/1686
f 1691/1691/1691 1717/1717/1717 1686/1686/1686
f 1691/1691/1691 1713/1713/1713 1717/1717/1717
f 1713/1713/1713 1726/1726/1726 1717/1717/1717
f 1713/1713/1713 1727/1727/1727 1726/1726/1726
f 2255/2255/2255 2153/2153/2153 2268/2268/2268
f 2255/2255/2255 1808/1808/1808 2153/2153/2153
f 1808/1808/1808 1781/1781/1781 2153/2153/2153
f 1808/1808/1808 1777/1777/1777 1781/1781/1781
f 1777/1777/1777 1780/1780/1780 1781/1781/1781
f 1777/1777/1777 1779/1779/1779 1780/1780/1780
f 1779/1779/1779 1782/1782/1782 1780/1780/1780
f 1779/1779/1779 1784/1784/1784 1782/1782/1782
f 210/210/210 110/110/110 181/181/181
f 210/210/210 126/126/126 110/110/110
f 126/126/126 111/111/111 110/110/110
f 126/126/126 127/127/127 111/111/111
f 122/122/122 119/119/119 116/116/116
f 122/122/122 123/123/123 119/119/119
f 123/123/123 208/208/208 119/119/119
f 123/123/123 209/209/209 208/208/208
f 1285/1285/1285 1090/1090/1090 1280/1280/1280
f 1285/1285/1285 1086/1086/1086 1090/1090/1090
f 1086/1086/1086 1089/1089/1089 1090/1090/1090
f 1086/1086/1086 1085/1085/1085 1089/1089/1089
f 1085/1085/1085 1095/1095/1095 1089/1089/1089
f 1085/1085/1085 1096/1096/1096 1095/1095/1095
f 1096/1096/1096 1197/1197/1197 1095/1095/1095
f 1096/1096/1096 1196/1196/1196 1197/1197/1197
f 1693/1693/1693 1678/1678/1678 1675/1675/1675
f 1693/1693/1693 1684/1684/1684 1678/1678/1678
f 1684/1684/1684 1683/1683/1683 1678/1678/1678
f 1684/1684/1684 1686/1686/1686 1683/1683/1683
f 1686/1686/1686 1692/1692/1692 1683/1683/1683
f 1686/1686/1686 1717/1717/1717 1692/1692/1692
f 1717/1717/1717 1716/1716/1716 1692/1692/1692
f 1717/1717/1717 1726/1726/1726 1716/1716/1716
f 2268/2268/2268 2240/2240/2240 2236/2236/2236
f 2332/2332/2332 2325/2325/2325 2328/2328/2328
f 2325/2325/2325 2326/2326/2326 2328/2328/2328
f 2325/2325/2325 2327/2327/2327 2326/2326/2326
f 2327/2327/2327 2329/2329/2329 2326/2326/2326
f 1781/1781/1781 1780/1780/1780 1786/1786/1786
f 1780/1780/1780 1783/1783/1783 1786/1786/1786
f 1780/1780/1780 1782/1782/1782 1783/1783/1783
f 181/181/181 67/67/67 179/179/179
f 181/181/181 110/110/110 67/67/67
f 110/110/110 70/70/70 67/67/67
f 110/110/110 111/111/111 70/70/70
f 116/116/116 118/118/118 117/117/117
f 116/116/116 119/119/119 118/118/118
f 119/119/119 207/207/207 118/118/118
f 119/119/119 208/208/208 207/207/207
f 1280/1280/1280 1094/1094/1094 1281/1281/1281
f 1280/1280/1280 1090/1090/1090 1094/1094/1094
f 1090/1090/1090 1093/1093/1093 1094/1094/1094
f 1090/1090/1090 1089/1089/1089 1093/1093/1093
f 1089/1089/1089 1113/1113/1113 1093/1093/1093
f 1089/1089/1089 1095/1095/1095 1113/1113/1113
f 1095/1095/1095 1198/1198/1198 1113/1113/1113
f 1095/1095/1095 1197/1197/1197 1198/1198/1198
f 1675/1675/1675 1677/1677/1677 1676/1676/1676
f 1675/1675/1675 1678/1678/1678 1677/1677/1677
f 1678/1678/1678 1682/1682/1682 1677/1677/1677
f 1678/1678/1678 1683/1683/1683 1682/1682/1682
f 1683/1683/1683 1685/1685/1685 1682/1682/1682
f 1683/1683/1683 1692/1692/1692 1685/1685/1685
f 1692/1692/1692 1710/1710/1710 1685/1685/1685
f 1692/1692/1692 1716/1716/1716 1710/1710/1710
f 2236/2236/2236 2238/2238/2238 2237/2237/2237
f 2236/2236/2236 2240/2240/2240 2238/2238/2238
f 2240/2240/2240 2241/2241/2241 2238/2238/2238
f 2328/2328/2328 2326/2326/2326 2331/2331/2331
f 2326/2326/2326 2330/2330/2330 2331/2331/2331
f 2326/2326/2326 2329/2329/2329 2330/2330/2330
f 2329/2329/2329 2333/2333/2333 2330/2330/2330
f 2329/2329/2329 2334/2334/2334 2333/2333/2333
f 179/179/179 68/68/68 180/180/180
f 179/179/179 67/67/67 68/68/68
f 67/67/67 69/69/69 68/68/68
f 67/67/67 70/70/70 69/69/69
f 396/396/396 397/397/397 399/399/399
f 396/396/396 398/398/398 397/397/397
f 398/398/398 487/487/487 397/397/397
f 398/398/398 488/488/488 487/487/487
f 1269/1269/1269 1087/1087/1087 1270/1270/1270
f 1269/1269/1269 1091/1091/1091 1087/1087/1087
f 1091/1091/1091 1088/1088/1088 1087/1087/1087
f 1091/1091/1091 1092/1092/1092 1088/1088/1088
f 1092/1092/1092 1112/1112/1112 1088/1088/1088
f 1092/1092/1092 1120/1120/1120 1112/1112/1112
f 1120/1120/1120 1208/1208/1208 1112/1112/1112
f 1120/1120/1120 1209/1209/1209 1208/1208/1208
f 724/724/724 604/604/604 725/725/725
f 724/724/724 601/601/601 604/604/604
f 601/601/601 602/602/602 604/604/604
f 601/601/601 603/603/603 602/602/602
f 603/603/603 638/638/638 602/602/602
f 603/603/603 639/639/639 638/638/638
f 639/639/639 730/730/730 638/638/638
f 639/639/639 731/731/731 730/730/730
f 1835/1835/1835 1829/1829/1829 1841/1841/1841
f 1835/1835/1835 1834/1834/1834 1829/1829/1829
f 1834/1834/1834 1830/1830/1830 1829/1829/1829
f 1834/1834/1834 1840/1840/1840 1830/1830/1830
f 1840/1840/1840 1842/1842/1842 1830/1830/1830
f 1840/1840/1840 2196/2196/2196 1842/1842/1842
f 2196/2196/2196 2318/2318/2318 1842/1842/1842
f 2196/2196/2196 2319/2319/2319 2318/2318/2318
f 459/459/459 325/325/325 460/460/460
f 459/459/459 322/322/322 325/325/325
f 322/322/322 323/323/323 325/325/325
f 322/322/322 324/324/324 323/323/323
f 399/399/399 404/404/404 405/405/405
f 399/399/399 397/397/397 404/404/404
f 397/397/397 489/489/489 404/404/404
f 397/397/397 487/487/487 489/489/489
f 1270/1270/1270 1083/1083/1083 1284/1284/1284
f 1270/1270/1270 1087/1087/1087 1083/1083/1083
f 1087/1087/1087 1084/1084/1084 1083/1083/1083
f 1087/1087/1087 1088/1088/1088 1084/1084/1084
f 1088/1088/1088 1111/1111/1111 1084/1084/1084
f 1088/1088/1088 1112/1112/1112 1111/1111/1111
f 1112/1112/1112 1207/1207/1207 1111/1111/1111
f 1112/1112/1112 1208/1208/1208 1207/1207/1207
f 725/725/725 647/647/647 733/733/733
f 725/725/725 604/604/604 647/647/647
f 604/604/604 646/646/646 647/647/647
f 604/604/604 602/602/602 646/646/646
f 602/602/602 651/651/651 646/646/646
f 602/602/602 638/638/638 651/651/651
f 638/638/638 735/735/735 651/651/651
f 638/638/638 730/730/730 735/735/735
f 1841/1841/1841 1827/1827/1827 1833/1833/1833
f 1841/1841/1841 1829/1829/1829 1827/1827/1827
f 1829/1829/1829 1828/1828/1828 1827/1827/1827
f 1829/1829/1829 1830/1830/1830 1828/1828/1828
f 1830/1830/1830 1836/1836/1836 1828/1828/1828
f 1830/1830/1830 1842/1842/1842 1836/1836/1836
f 1842/1842/1842 1838/1838/1838 1836/1836/1836
f 1842/1842/1842 2318/2318/2318 1838/1838/1838
f 460/460/460 329/329/329 461/461/461
f 460/460/460 325/325/325 329/329/329
f 325/325/325 328/328/328 329/329/329
f 325/325/325 323/323/323 328/328/328
f 405/405/405 473/473/473 472/472/472
f 405/405/405 404/404/404 473/473/473
f 404/404/404 496/496/496 473/473/473
f 404/404/404 489/489/489 496/496/496
f 1284/1284/1284 1079/1079/1079 1291/1291/1291
f 1284/1284/1284 1083/1083/1083 1079/1079/1079
f 1083/1083/1083 1080/1080/1080 1079/1079/1079
f 1083/1083/1083 1084/1084/1084 1080/1080/1080
f 1084/1084/1084 1110/1110/1110 1080/1080/1080
f 1084/1084/1084 1111/1111/1111 1110/1110/1110
f 1111/1111/1111 1206/1206/1206 1110/1110/1110
f 1111/1111/1111 1207/1207/1207 1206/1206/1206
f 733/733/733 655/655/655 742/742/742
f 733/733/733 647/647/647 655/655/655
f 647/647/647 654/654/654 655/655/655
f 647/647/647 646/646/646 654/654/654
f 646/646/646 657/657/657 654/654/654
f 646/646/646 651/651/651 657/657/657
f 651/651/651 745/745/745 657/657/657
f 651/651/651 735/735/735 745/745/745
f 1833/1833/1833 1825/1825/1825 1877/1877/1877
f 1833/1833/1833 1827/1827/1827 1825/1825/1825
f 1827/1827/1827 1826/1826/1826 1825/1825/1825
f 1827/1827/1827 1828/1828/1828 1826/1826/1826
f 1828/1828/1828 1831/1831/1831 1826/1826/1826
f 1828/1828/1828 1836/1836/1836 1831/1831/1831
f 1836/1836/1836 1837/1837/1837 1831/1831/1831
f 1836/1836/1836 1838/1838/1838 1837/1837/1837
f 461/461/461 409/409/409 495/495/495
f 461/461/461 329/329/329 409/409/409
f 329/329/329 408/408/408 409/409/409
f 329/329/329 328/328/328 408/408/408
f 472/472/472 503/503/503 502/502/502
f 472/472/472 473/473/473 503/503/503
f 473/473/473 508/508/508 503/503/503
f 473/473/473 496/496/496 508/508/508
f 1291/1291/1291 1075/1075/1075 1298/1298/1298
f 1291/1291/1291 1079/1079/1079 1075/1075/1075
f 1079/1079/1079 1076/1076/1076 1075/1075/1075
f 1079/1079/1079 1080/1080/1080 1076/1076/1076
f 1080/1080/1080 1109/1109/1109 1076/1076/1076
f 1080/1080/1080 1110/1110/1110 1109/1109/1109
f 1110/1110/1110 1205/1205/1205 1109/1109/1109
f 1110/1110/1110 1206/1206/1206 1205/1205/1205
f 742/742/742 739/739/739 746/746/746
f 742/742/742 655/655/655 739/739/739
f 655/655/655 738/738/738 739/739/739
f 655/655/655 654/654/654 738/738/738
f 654/654/654 741/741/741 738/738/738
f 654/654/654 657/657/657 741/741/741
f 657/657/657 747/747/747 741/741/741
f 657/657/657 745/745/745 747/747/747
f 1877/1877/1877 1818/1818/1818 2245/2245/2245
f 1877/1877/1877 1825/1825/1825 1818/1818/1818
f 1825/1825/1825 1819/1819/1819 1818/1818/1818
f 1825/1825/1825 1826/1826/1826 1819/1819/1819
f 1826/1826/1826 1832/1832/1832 1819/1819/1819
f 1826/1826/1826 1831/1831/1831 1832/1832/1832
f 1831/1831/1831 1839/1839/1839 1832/1832/1832
f 1831/1831/1831 1837/1837/1837 1839/1839/1839
f 495/495/495 499/499/499 507/507/507
f 495/495/495 409/409/409 499/499/499
f 409/409/409 498/498/498 499/499/499
f 409/409/409 408/408/408 498/498/498
f 502/502/502 518/518/518 517/517/517
f 502/502/502 503/503/503 518/518/518
f 503/503/503 520/520/520 518/518/518
f 503/503/503 508/508/508 520/520/520
f 1298/1298/1298 1063/1063/1063 1062/1062/1062
f 1298/1298/1298 1075/1075/1075 1063/1063/1063
f 1075/1075/1075 1072/1072/1072 1063/1063/1063
f 1075/1075/1075 1076/1076/1076 1072/1072/1072
f 1076/1076/1076 1108/1108/1108 1072/1072/1072
f 1076/1076/1076 1109/1109/1109 1108/1108/1108
f 1109/1109/1109 1204/1204/1204 1108/1108/1108
f 1109/1109/1109 1205/1205/1205 1204/1204/1204
f 1434/1434/1434 1418/1418/1418 1428/1428/1428
f 1434/1434/1434 1430/1430/1430 1418/1418/1418
f 1430/1430/1430 1419/1419/1419 1418/1418/1418
f 1430/1430/1430 1431/1431/1431 1419/1419/1419
f 1431/1431/1431 1437/1437/1437 1419/1419/1419
f 1431/1431/1431 1452/1452/1452 1437/1437/1437
f 1452/1452/1452 1450/1450/1450 1437/1437/1437
f 1452/1452/1452 1453/1453/1453 1450/1450/1450
f 2245/2245/2245 1817/1817/1817 1823/1823/1823
f 2245/2245/2245 1818/1818/1818 1817/1817/1817
f 1818/1818/1818 1816/1816/1816 1817/1817/1817
f 1818/1818/1818 1819/1819/1819 1816/1816/1816
f 1819/1819/1819 1878/1878/1878 1816/1816/1816
f 1819/1819/1819 1832/1832/1832 1878/1878/1878
f 1832/1832/1832 2270/2270/2270 1878/1878/1878
f 1832/1832/1832 1839/1839/1839 2270/2270/2270
f 1839/1839/1839 2286/2286/2286 2270/2270/2270
f 1839/1839/1839 2317/2317/2317 2286/2286/2286
f 499/499/499 510/510/510 511/511/511
f 499/499/499 498/498/498 510/510/510
f 2247/2247/2247 2246/2246/2246 1856/1856/1856
f 2247/2247/2247 2248/2248/2248 2246/2246/2246
f 518/518/518 533/533/533 534/534/534
f 518/518/518 520/520/520 533/533/533
f 1062/1062/1062 1059/1059/1059 1058/1058/1058
f 1062/1062/1062 1063/1063/1063 1059/1059/1059
f 1063/1063/1063 1070/1070/1070 1059/1059/1059
f 1063/1063/1063 1072/1072/1072 1070/1070/1070
f 1072/1072/1072 1107/1107/1107 1070/1070/1070
f 1072/1072/1072 1108/1108/1108 1107/1107/1107
f 1108/1108/1108 1203/1203/1203 1107/1107/1107
f 1108/1108/1108 1204/1204/1204 1203/1203/1203
f 1428/1428/1428 1416/1416/1416 1426/1426/1426
f 1428/1428/1428 1418/1418/1418 1416/1416/1416
f 1418/1418/1418 1417/1417/1417 1416/1416/1416
f 1418/1418/1418 1419/1419/1419 1417/1417/1417
f 1419/1419/1419 1436/1436/1436 1417/1417/1417
f 1419/1419/1419 1437/1437/1437 1436/1436/1436
f 1437/1437/1437 1448/1448/1448 1436/1436/1436
f 1437/1437/1437 1450/1450/1450 1448/1448/1448
f 1823/1823/1823 1822/1822/1822 1824/1824/1824
f 1823/1823/1823 1817/1817/1817 1822/1822/1822
f 1817/1817/1817 1814/1814/1814 1822/1822/1822
f 1817/1817/1817 1816/1816/1816 1814/1814/1814
f 1816/1816/1816 1815/1815/1815 1814/1814/1814
f 1816/1816/1816 1878/1878/1878 1815/1815/1815
f 1878/1878/1878 1821/1821/1821 1815/1815/1815
f 1878/1878/1878 2270/2270/2270 1821/1821/1821
f 2270/2270/2270 1844/1844/1844 1821/1821/1821
f 2270/2270/2270 2286/2286/2286 1844/1844/1844
f 2286/2286/2286 1855/1855/1855 1844/1844/1844
f 2286/2286/2286 2287/2287/2287 1855/1855/1855
f 1856/1856/1856 1853/1853/1853 1847/1847/1847
f 1856/1856/1856 2246/2246/2246 1853/1853/1853
f 1316/1316/1316 1054/1054/1054 1317/1317/1317
f 1316/1316/1316 1058/1058/1058 1054/1054/1054
f 1058/1058/1058 1057/1057/1057 1054/1054/1054
f 1058/1058/1058 1059/1059/1059 1057/1057/1057
f 1059/1059/1059 1067/1067/1067 1057/1057/1057
f 1059/1059/1059 1070/1070/1070 1067/1067/1067
f 1070/1070/1070 1105/1105/1105 1067/1067/1067
f 1070/1070/1070 1107/1107/1107 1105/1105/1105
f 1107/1107/1107 1202/1202/1202 1105/1105/1105
f 1107/1107/1107 1203/1203/1203 1202/1202/1202
f 1426/1426/1426 1412/1412/1412 1422/1422/1422
f 1426/1426/1426 1416/1416/1416 1412/1412/1412
f 1416/1416/1416 1415/1415/1415 1412/1412/1412
f 1416/1416/1416 1417/1417/1417 1415/1415/1415
f 1417/1417/1417 1438/1438/1438 1415/1415/1415
f 1417/1417/1417 1436/1436/1436 1438/1438/1438
f 1436/1436/1436 1445/1445/1445 1438/1438/1438
f 1436/1436/1436 1448/1448/1448 1445/1445/1445
f 1824/1824/1824 1797/1797/1797 2243/2243/2243
f 1824/1824/1824 1822/1822/1822 1797/1797/1797
f 1822/1822/1822 1811/1811/1811 1797/1797/1797
f 1822/1822/1822 1814/1814/1814 1811/1811/1811
f 1814/1814/1814 1813/1813/1813 1811/1811/1811
f 1814/1814/1814 1815/1815/1815 1813/1813/1813
f 1815/1815/1815 1820/1820/1820 1813/1813/1813
f 1815/1815/1815 1821/1821/1821 1820/1820/1820
f 1821/1821/1821 1843/1843/1843 1820/1820/1820
f 1821/1821/1821 1844/1844/1844 1843/1843/1843
f 1844/1844/1844 1845/1845/1845 1843/1843/1843
f 1844/1844/1844 1855/1855/1855 1845/1845/1845
f 1847/1847/1847 1849/1849/1849 1848/1848/1848
f 1847/1847/1847 1853/1853/1853 1849/1849/1849
f 1317/1317/1317 1055/1055/1055 1322/1322/1322
f 1317/1317/1317 1054/1054/1054 1055/1055/1055
f 1054/1054/1054 1056/1056/1056 1055/1055/1055
f 1054/1054/1054 1057/1057/1057 1056/1056/1056
f 1057/1057/1057 1066/1066/1066 1056/1056/1056
f 1057/1057/1057 1067/1067/1067 1066/1066/1066
f 1067/1067/1067 1104/1104/1104 1066/1066/1066
f 1067/1067/1067 1105/1105/1105 1104/1104/1104
f 1105/1105/1105 1201/1201/1201 1104/1104/1104
f 1105/1105/1105 1202/1202/1202 1201/1201/1201
f 1422/1422/1422 1413/1413/1413 1423/1423/1423
f 1422/1422/1422 1412/1412/1412 1413/1413/1413
f 1412/1412/1412 1414/1414/1414 1413/1413/1413
f 1412/1412/1412 1415/1415/1415 1414/1414/1414
f 1415/1415/1415 1439/1439/1439 1414/1414/1414
f 1415/1415/1415 1438/1438/1438 1439/1439/1439
f 1438/1438/1438 1444/1444/1444 1439/1439/1439
f 1438/1438/1438 1445/1445/1445 1444/1444/1444
f 2243/2243/2243 1798/1798/1798 2244/2244/2244
f 2243/2243/2243 1797/1797/1797 1798/1798/1798
f 1797/1797/1797 1799/1799/1799 1798/1798/1798
f 1797/1797/1797 1811/1811/1811 1799/1799/1799
f 1811/1811/1811 1812/1812/1812 1799/1799/1799
f 1811/1811/1811 1813/1813/1813 1812/1812/1812
f 1813/1813/1813 2265/2265/2265 1812/1812/1812
f 1813/1813/1813 1820/1820/1820 2265/2265/2265
f 1820/1820/1820 1872/1872/1872 2265/2265/2265
f 1820/1820/1820 1843/1843/1843 1872/1872/1872
f 1843/1843/1843 1846/1846/1846 1872/1872/1872
f 1843/1843/1843 1845/1845/1845 1846/1846/1846
f 1575/1575/1575 1576/1576/1576 1554/1554/1554
f 1575/1575/1575 1578/1578/1578 1576/1576/1576
f 1578/1578/1578 1577/1577/1577 1576/1576/1576
f 1578/1578/1578 1579/1579/1579 1577/1577/1577
f 988/988/988 848/848/848 987/987/987
f 988/988/988 845/845/845 848/848/848
f 845/845/845 846/846/846 848/848/848
f 845/845/845 847/847/847 846/846/846
f 847/847/847 849/849/849 846/846/846
f 847/847/847 850/850/850 849/849/849
f 850/850/850 984/984/984 849/849/849
f 850/850/850 989/989/989 984/984/984
f 202/202/202 89/89/89 201/201/201
f 202/202/202 88/88/88 89/89/89
f 88/88/88 36/36/36 89/89/89
f 88/88/88 35/35/35 36/36/36
f 35/35/35 37/37/37 36/36/36
f 35/35/35 38/38/38 37/37/37
f 38/38/38 170/170/170 37/37/37
f 38/38/38 174/174/174 170/170/170
f 174/174/174 241/241/241 170/170/170
f 174/174/174 242/242/242 241/241/241
f 2039/2039/2039 2034/2034/2034 2089/2089/2089
f 2039/2039/2039 2031/2031/2031 2034/2034/2034
f 2031/2031/2031 2032/2032/2032 2034/2034/2034
f 2031/2031/2031 2033/2033/2033 2032/2032/2032
f 1606/1606/1606 1532/1532/1532 1533/1533/1533
f 1606/1606/1606 1535/1535/1535 1532/1532/1532
f 1535/1535/1535 1534/1534/1534 1532/1532/1532
f 1535/1535/1535 1536/1536/1536 1534/1534/1534
f 1536/1536/1536 1542/1542/1542 1534/1534/1534
f 1536/1536/1536 1547/1547/1547 1542/1542/1542
f 1554/1554/1554 1556/1556/1556 1555/1555/1555
f 1554/1554/1554 1576/1576/1576 1556/1556/1556
f 1576/1576/1576 1561/1561/1561 1556/1556/1556
f 1576/1576/1576 1577/1577/1577 1561/1561/1561
f 987/987/987 853/853/853 970/970/970
f 987/987/987 848/848/848 853/853/853
f 848/848/848 852/852/852 853/853/853
f 848/848/848 846/846/846 852/852/852
f 846/846/846 851/851/851 852/852/852
f 846/846/846 849/849/849 851/851/851
f 849/849/849 973/973/973 851/851/851
f 849/849/849 984/984/984 973/973/973
f 201/201/201 90/90/90 199/199/199
f 201/201/201 89/89/89 90/90/90
f 89/89/89 40/40/40 90/90/90
f 89/89/89 36/36/36 40/40/40
f 36/36/36 39/39/39 40/40/40
f 36/36/36 37/37/37 39/39/39
f 37/37/37 168/168/168 39/39/39
f 37/37/37 170/170/170 168/168/168
f 170/170/170 240/240/240 168/168/168
f 170/170/170 241/241/241 240/240/240
f 2089/2089/2089 2041/2041/2041 2044/2044/2044
f 2089/2089/2089 2034/2034/2034 2041/2041/2041
f 2034/2034/2034 2035/2035/2035 2041/2041/2041
f 2034/2034/2034 2032/2032/2032 2035/2035/2035
f 1533/1533/1533 1529/1529/1529 1528/1528/1528
f 1533/1533/1533 1532/1532/1532 1529/1529/1529
f 1532/1532/1532 1531/1531/1531 1529/1529/1529
f 1532/1532/1532 1534/1534/1534 1531/1531/1531
f 1534/1534/1534 1550/1550/1550 1531/1531/1531
f 1534/1534/1534 1542/1542/1542 1550/1550/1550
f 1555/1555/1555 1557/1557/1557 1593/1593/1593
f 1555/1555/1555 1556/1556/1556 1557/1557/1557
f 1556/1556/1556 1558/1558/1558 1557/1557/1557
f 1556/1556/1556 1561/1561/1561 1558/1558/1558
f 970/970/970 861/861/861 962/962/962
f 970/970/970 853/853/853 861/861/861
f 853/853/853 860/860/860 861/861/861
f 853/853/853 852/852/852 860/860/860
f 852/852/852 862/862/862 860/860/860
f 852/852/852 851/851/851 862/862/862
f 851/851/851 958/958/958 862/862/862
f 851/851/851 973/973/973 958/958/958
f 199/199/199 91/91/91 197/197/197
f 199/199/199 90/90/90 91/91/91
f 90/90/90 42/42/42 91/91/91
f 90/90/90 40/40/40 42/42/42
f 40/40/40 41/41/41 42/42/42
f 40/40/40 39/39/39 41/41/41
f 39/39/39 164/164/164 41/41/41
f 39/39/39 168/168/168 164/164/164
f 168/168/168 239/239/239 164/164/164
f 168/168/168 240/240/240 239/239/239
f 2044/2044/2044 2043/2043/2043 2045/2045/2045
f 2044/2044/2044 2041/2041/2041 2043/2043/2043
f 2041/2041/2041 2042/2042/2042 2043/2043/2043
f 2041/2041/2041 2035/2035/2035 2042/2042/2042
f 1528/1528/1528 1527/1527/1527 1526/1526/1526
f 1528/1528/1528 1529/1529/1529 1527/1527/1527
f 1529/1529/1529 1530/1530/1530 1527/1527/1527
f 1529/1529/1529 1531/1531/1531 1530/1530/1530
f 1531/1531/1531 1592/1592/1592 1530/1530/1530
f 1531/1531/1531 1550/1550/1550 1592/1592/1592
f 1593/1593/1593 1560/1560/1560 1604/1604/1604
f 1593/1593/1593 1557/1557/1557 1560/1560/1560
f 1557/1557/1557 1559/1559/1559 1560/1560/1560
f 1557/1557/1557 1558/1558/1558 1559/1559/1559
f 962/962/962 865/865/865 959/959/959
f 962/962/962 861/861/861 865/865/865
f 861/861/861 864/864/864 865/865/865
f 861/861/861 860/860/860 864/864/864
f 860/860/860 863/863/863 864/864/864
f 860/860/860 862/862/862 863/863/863
f 862/862/862 956/956/956 863/863/863
f 862/862/862 958/958/958 956/956/956
f 197/197/197 92/92/92 195/195/195
f 197/197/197 91/91/91 92/92/92
f 91/91/91 44/44/44 92/92/92
f 91/91/91 42/42/42 44/44/44
f 42/42/42 43/43/43 44/44/44
f 42/42/42 41/41/41 43/43/43
f 41/41/41 160/160/160 43/43/43
f 41/41/41 164/164/164 160/160/160
f 164/164/164 238/238/238 160/160/160
f 164/164/164 239/239/239 238/238/238
f 2045/2045/2045 2046/2046/2046 2047/2047/2047
f 2045/2045/2045 2043/2043/2043 2046/2046/2046
f 2043/2043/2043 2053/2053/2053 2046/2046/2046
f 2043/2043/2043 2042/2042/2042 2053/2053/2053
f 1526/1526/1526 1523/1523/1523 1524/1524/1524
f 1526/1526/1526 1527/1527/1527 1523/1523/1523
f 1527/1527/1527 1553/1553/1553 1523/1523/1523
f 1527/1527/1527 1530/1530/1530 1553/1553/1553
f 1530/1530/1530 1605/1605/1605 1553/1553/1553
f 1530/1530/1530 1592/1592/1592 1605/1605/1605
f 1604/1604/1604 1516/1516/1516 1507/1507/1507
f 1742/1742/1742 1744/1744/1744 1743/1743/1743
f 1744/1744/1744 1745/1745/1745 1743/1743/1743
f 1560/1560/1560 1559/1559/1559 1562/1562/1562
f 959/959/959 873/873/873 960/960/960
f 959/959/959 865/865/865 873/873/873
f 865/865/865 872/872/872 873/873/873
f 865/865/865 864/864/864 872/872/872
f 864/864/864 874/874/874 872/872/872
f 864/864/864 863/863/863 874/874/874
f 863/863/863 955/955/955 874/874/874
f 863/863/863 956/956/956 955/955/955
f 195/195/195 93/93/93 193/193/193
f 195/195/195 92/92/92 93/93/93
f 92/92/92 46/46/46 93/93/93
f 92/92/92 44/44/44 46/46/46
f 44/44/44 45/45/45 46/46/46
f 44/44/44 43/43/43 45/45/45
f 43/43/43 156/156/156 45/45/45
f 43/43/43 160/160/160 156/156/156
f 160/160/160 237/237/237 156/156/156
f 160/160/160 238/238/238 237/237/237
f 2047/2047/2047 2048/2048/2048 2049/2049/2049
f 2047/2047/2047 2046/2046/2046 2048/2048/2048
f 2046/2046/2046 2050/2050/2050 2048/2048/2048
f 2046/2046/2046 2053/2053/2053 2050/2050/2050
f 1524/1524/1524 1522/1522/1522 1525/1525/1525
f 1524/1524/1524 1523/1523/1523 1522/1522/1522
f 1523/1523/1523 1520/1520/1520 1522/1522/1522
f 1523/1523/1523 1553/1553/1553 1520/1520/1520
f 1553/1553/1553 1521/1521/1521 1520/1520/1520
f 1553/1553/1553 1605/1605/1605 1521/1521/1521
f 1507/1507/1507 1506/1506/1506 1505/1505/1505
f 1507/1507/1507 1516/1516/1516 1506/1506/1506
f 1516/1516/1516 1509/1509/1509 1506/1506/1506
f 1516/1516/1516 1562/1562/1562 1509/1509/1509
f 960/960/960 877/877/877 961/961/961
f 960/960/960 873/873/873 877/877/877
f 873/873/873 876/876/876 877/877/877
f 873/873/873 872/872/872 876/876/876
f 872/872/872 875/875/875 876/876/876
f 872/872/872 874/874/874 875/875/875
f 874/874/874 957/957/957 875/875/875
f 874/874/874 955/955/955 957/957/957
f 193/193/193 94/94/94 191/191/191
f 193/193/193 93/93/93 94/94/94
f 93/93/93 48/48/48 94/94/94
f 93/93/93 46/46/46 48/48/48
f 46/46/46 47/47/47 48/48/48
f 46/46/46 45/45/45 47/47/47
f 45/45/45 147/147/147 47/47/47
f 45/45/45 156/156/156 147/147/147
f 2109/2109/2109 2108/2108/2108 2117/2117/2117
f 2109/2109/2109 2049/2049/2049 2108/2108/2108
f 2049/2049/2049 2052/2052/2052 2108/2108/2108
f 2049/2049/2049 2048/2048/2048 2052/2052/2052
f 2048/2048/2048 2051/2051/2051 2052/2052/2052
f 2048/2048/2048 2050/2050/2050 2051/2051/2051
f 1732/1732/1732 1734/1734/1734 1733/1733/1733
f 1525/1525/1525 1522/1522/1522 1600/1600/1600
f 1522/1522/1522 1512/1512/1512 1600/1600/1600
f 1522/1522/1522 1520/1520/1520 1512/1512/1512
f 1520/1520/1520 1513/1513/1513 1512/1512/1512
f 1520/1520/1520 1521/1521/1521 1513/1513/1513
f 1505/1505/1505 1504/1504/1504 1501/1501/1501
f 1505/1505/1505 1506/1506/1506 1504/1504/1504
f 1506/1506/1506 1508/1508/1508 1504/1504/1504
f 1506/1506/1506 1509/1509/1509 1508/1508/1508
f 961/961/961 885/885/885 963/963/963
f 961/961/961 877/877/877 885/885/885
f 877/877/877 884/884/884 885/885/885
f 877/877/877 876/876/876 884/884/884
f 876/876/876 886/886/886 884/884/884
f 876/876/876 875/875/875 886/886/886
f 875/875/875 971/971/971 886/886/886
f 875/875/875 957/957/957 971/971/971
f 191/191/191 95/95/95 185/185/185
f 191/191/191 94/94/94 95/95/95
f 94/94/94 50/50/50 95/95/95
f 94/94/94 48/48/48 50/50/50
f 48/48/48 49/49/49 50/50/50
f 48/48/48 47/47/47 49/49/49
f 47/47/47 145/145/145 49/49/49
f 47/47/47 147/147/147 145/145/145
f 2117/2117/2117 2111/2111/2111 2114/2114/2114
f 2117/2117/2117 2108/2108/2108 2111/2111/2111
f 2108/2108/2108 2110/2110/2110 2111/2111/2111
f 2108/2108/2108 2052/2052/2052 2110/2110/2110
f 2052/2052/2052 2289/2289/2289 2110/2110/2110
f 2052/2052/2052 2051/2051/2051 2289/2289/2289
f 1564/1564/1564 1498/1498/1498 1563/1563/1563
f 1564/1564/1564 1600/1600/1600 1498/1498/1498
f 1600/1600/1600 1495/1495/1495 1498/1498/1498
f 1600/1600/1600 1512/1512/1512 1495/1495/1495
f 1512/1512/1512 1497/1497/1497 1495/1495/1495
f 1512/1512/1512 1513/1513/1513 1497/1497/1497
f 1501/1501/1501 1503/1503/1503 1502/1502/1502
f 1501/1501/1501 1504/1504/1504 1503/1503/1503
f 1504/1504/1504 1517/1517/1517 1503/1503/1503
f 1504/1504/1504 1508/1508/1508 1517/1517/1517
f 963/963/963 889/889/889 985/985/985
f 963/963/963 885/885/885 889/889/889
f 885/885/885 888/888/888 889/889/889
f 885/885/885 884/884/884 888/888/888
f 884/884/884 887/887/887 888/888/888
f 884/884/884 886/886/886 887/887/887
f 886/886/886 981/981/981 887/887/887
f 886/886/886 971/971/971 981/981/981
f 185/185/185 96/96/96 183/183/183
f 185/185/185 95/95/95 96/96/96
f 95/95/95 52/52/52 96/96/96
f 95/95/95 50/50/50 52/52/52
f 50/50/50 51/51/51 52/52/52
f 50/50/50 49/49/49 51/51/51
f 49/49/49 143/143/143 51/51/51
f 49/49/49 145/145/145 143/143/143
f 2114/2114/2114 2113/2113/2113 2116/2116/2116
f 2114/2114/2114 2111/2111/2111 2113/2113/2113
f 2111/2111/2111 2112/2112/2112 2113/2113/2113
f 2111/2111/2111 2110/2110/2110 2112/2112/2112
f 2110/2110/2110 2118/2118/2118 2112/2112/2112
f 2110/2110/2110 2289/2289/2289 2118/2118/2118
f 1563/1563/1563 1496/1496/1496 1565/1565/1565
f 1563/1563/1563 1498/1498/1498 1496/1496/1496
f 1498/1498/1498 1493/1493/1493 1496/1496/1496
f 1498/1498/1498 1495/1495/1495 1493/1493/1493
f 1495/1495/1495 1494/1494/1494 1493/1493/1493
f 1495/1495/1495 1497/1497/1497 1494/1494/1494
f 1502/1502/1502 1518/1518/1518 1488/1488/1488
f 1502/1502/1502 1503/1503/1503 1518/1518/1518
f 1503/1503/1503 1599/1599/1599 1518/1518/1518
f 1503/1503/1503 1517/1517/1517 1599/1599/1599
f 985/985/985 897/897/897 993/993/993
f 985/985/985 889/889/889 897/897/897
f 889/889/889 896/896/896 897/897/897
f 889/889/889 888/888/888 896/896/896
f 888/888/888 898/898/898 896/896/896
f 888/888/888 887/887/887 898/898/898
f 887/887/887 991/991/991 898/898/898
f 887/887/887 981/981/981 991/991/991
f 183/183/183 97/97/97 173/173/173
f 183/183/183 96/96/96 97/97/97
f 96/96/96 54/54/54 97/97/97
f 96/96/96 52/52/52 54/54/54
f 52/52/52 53/53/53 54/54/54
f 52/52/52 51/51/51 53/53/53
f 51/51/51 141/141/141 53/53/53
f 51/51/51 143/143/143 141/141/141
f 2116/2116/2116 2120/2120/2120 2134/2134/2134
f 2116/2116/2116 2113/2113/2113 2120/2120/2120
f 2113/2113/2113 2115/2115/2115 2120/2120/2120
f 2113/2113/2113 2112/2112/2112 2115/2115/2115
f 2112/2112/2112 2119/2119/2119 2115/2115/2115
f 2112/2112/2112 2118/2118/2118 2119/2119/2119
f 1565/1565/1565 1515/1515/1515 1589/1589/1589
f 1565/1565/1565 1496/1496/1496 1515/1515/1515
f 1496/1496/1496 1489/1489/1489 1515/1515/1515
f 1496/1496/1496 1493/1493/1493 1489/1489/1489
f 1493/1493/1493 1491/1491/1491 1489/1489/1489
f 1493/1493/1493 1494/1494/1494 1491/1491/1491
f 1488/1488/1488 1486/1486/1486 1487/1487/1487
f 1488/1488/1488 1518/1518/1518 1486/1486/1486
f 1518/1518/1518 1499/1499/1499 1486/1486/1486
f 1518/1518/1518 1599/1599/1599 1499/1499/1499
f 993/993/993 901/901/901 1004/1004/1004
f 993/993/993 897/897/897 901/901/901
f 897/897/897 900/900/900 901/901/901
f 897/897/897 896/896/896 900/900/900
f 896/896/896 899/899/899 900/900/900
f 896/896/896 898/898/898 899/899/899
f 898/898/898 1002/1002/1002 899/899/899
f 898/898/898 991/991/991 1002/1002/1002
f 173/173/173 98/98/98 167/167/167
f 173/173/173 97/97/97 98/98/98
f 97/97/97 56/56/56 98/98/98
f 97/97/97 54/54/54 56/56/56
f 54/54/54 55/55/55 56/56/56
f 54/54/54 53/53/53 55/55/55
f 53/53/53 139/139/139 55/55/55
f 53/53/53 141/141/141 139/139/139
f 2134/2134/2134 2135/2135/2135 2136/2136/2136
f 2134/2134/2134 2120/2120/2120 2135/2135/2135
f 2120/2120/2120 2296/2296/2296 2135/2135/2135
f 2120/2120/2120 2115/2115/2115 2296/2296/2296
f 2115/2115/2115 2293/2293/2293 2296/2296/2296
f 2115/2115/2115 2119/2119/2119 2293/2293/2293
f 1589/1589/1589 1566/1566/1566 1569/1569/1569
f 1589/1589/1589 1515/1515/1515 1566/1566/1566
f 1515/1515/1515 1492/1492/1492 1566/1566/1566
f 1515/1515/1515 1489/1489/1489 1492/1492/1492
f 1489/1489/1489 1490/1490/1490 1492/1492/1492
f 1489/1489/1489 1491/1491/1491 1490/1490/1490
f 1487/1487/1487 1484/1484/1484 1597/1597/1597
f 1487/1487/1487 1486/1486/1486 1484/1484/1484
f 1486/1486/1486 1485/1485/1485 1484/1484/1484
f 1486/1486/1486 1499/1499/1499 1485/1485/1485
f 1004/1004/1004 909/909/909 1011/1011/1011
f 1004/1004/1004 901/901/901 909/909/909
f 901/901/901 908/908/908 909/909/909
f 901/901/901 900/900/900 908/908/908
f 900/900/900 910/910/910 908/908/908
f 900/900/900 899/899/899 910/910/910
f 899/899/899 1009/1009/1009 910/910/910
f 899/899/899 1002/1002/1002 1009/1009/1009
f 167/167/167 99/99/99 163/163/163
f 167/167/167 98/98/98 99/99/99
f 98/98/98 58/58/58 99/99/99
f 98/98/98 56/56/56 58/58/58
f 56/56/56 57/57/57 58/58/58
f 56/56/56 55/55/55 57/57/57
f 55/55/55 137/137/137 57/57/57
f 55/55/55 139/139/139 137/137/137
f 2136/2136/2136 2137/2137/2137 2141/2141/2141
f 2136/2136/2136 2135/2135/2135 2137/2137/2137
f 2135/2135/2135 2138/2138/2138 2137/2137/2137
f 2135/2135/2135 2296/2296/2296 2138/2138/2138
f 2296/2296/2296 2297/2297/2297 2138/2138/2138
f 2378/2378/2378 2380/2380/2380 2379/2379/2379
f 1569/1569/1569 1568/1568/1568 1725/1725/1725
f 1569/1569/1569 1566/1566/1566 1568/1568/1568
f 1566/1566/1566 1567/1567/1567 1568/1568/1568
f 1566/1566/1566 1492/1492/1492 1567/1567/1567
f 1492/1492/1492 1598/1598/1598 1567/1567/1567
f 1492/1492/1492 1490/1490/1490 1598/1598/1598
f 1597/1597/1597 1480/1480/1480 1481/1481/1481
f 1597/1597/1597 1484/1484/1484 1480/1480/1480
f 1484/1484/1484 1483/1483/1483 1480/1480/1480
f 1484/1484/1484 1485/1485/1485 1483/1483/1483
f 1011/1011/1011 913/913/913 1018/1018/1018
f 1011/1011/1011 909/909/909 913/913/913
f 909/909/909 912/912/912 913/913/913
f 909/909/909 908/908/908 912/912/912
f 908/908/908 911/911/911 912/912/912
f 908/908/908 910/910/910 911/911/911
f 910/910/910 1016/1016/1016 911/911/911
f 910/910/910 1009/1009/1009 1016/1016/1016
f 163/163/163 100/100/100 159/159/159
f 163/163/163 99/99/99 100/100/100
f 99/99/99 60/60/60 100/100/100
f 99/99/99 58/58/58 60/60/60
f 58/58/58 59/59/59 60/60/60
f 58/58/58 57/57/57 59/59/59
f 57/57/57 135/135/135 59/59/59
f 57/57/57 137/137/137 135/135/135
f 2141/2141/2141 2140/2140/2140 2154/2154/2154
f 2141/2141/2141 2137/2137/2137 2140/2140/2140
f 2137/2137/2137 2139/2139/2139 2140/2140/2140
f 2137/2137/2137 2138/2138/2138 2139/2139/2139
f 1724/1724/1724 1468/1468/1468 1511/1511/1511
f 1724/1724/1724 1725/1725/1725 1468/1468/1468
f 1725/1725/1725 1510/1510/1510 1468/1468/1468
f 1728/1728/1728 1730/1730/1730 1729/1729/1729
f 1730/1730/1730 1731/1731/1731 1729/1729/1729
f 1568/1568/1568 1567/1567/1567 1573/1573/1573
f 1760/1760/1760 1761/1761/1761 1763/1763/1763
f 1760/1760/1760 1762/1762/1762 1761/1761/1761
f 1481/1481/1481 1477/1477/1477 1474/1474/1474
f 1481/1481/1481 1480/1480/1480 1477/1477/1477
f 1480/1480/1480 1479/1479/1479 1477/1477/1477
f 1480/1480/1480 1483/1483/1483 1479/1479/1479
f 1018/1018/1018 941/941/941 1023/1023/1023
f 1018/1018/1018 913/913/913 941/941/941
f 913/913/913 940/940/940 941/941/941
f 913/913/913 912/912/912 940/940/940
f 912/912/912 942/942/942 940/940/940
f 912/912/912 911/911/911 942/942/942
f 911/911/911 1021/1021/1021 942/942/942
f 911/911/911 1016/1016/1016 1021/1021/1021
f 159/159/159 101/101/101 155/155/155
f 159/159/159 100/100/100 101/101/101
f 100/100/100 62/62/62 101/101/101
f 100/100/100 60/60/60 62/62/62
f 60/60/60 61/61/61 62/62/62
f 60/60/60 59/59/59 61/61/61
f 59/59/59 133/133/133 61/61/61
f 59/59/59 135/135/135 133/133/133
f 2154/2154/2154 2143/2143/2143 2146/2146/2146
f 2154/2154/2154 2140/2140/2140 2143/2143/2143
f 2140/2140/2140 2142/2142/2142 2143/2143/2143
f 2140/2140/2140 2139/2139/2139 2142/2142/2142
f 1511/1511/1511 1465/1465/1465 1463/1463/1463
f 1511/1511/1511 1468/1468/1468 1465/1465/1465
f 1468/1468/1468 1467/1467/1467 1465/1465/1465
f 1468/1468/1468 1510/1510/1510 1467/1467/1467
f 1510/1510/1510 1471/1471/1471 1467/1467/1467
f 1510/1510/1510 1573/1573/1573 1471/1471/1471
f 1573/1573/1573 1473/1473/1473 1471/1471/1471
f 1573/1573/1573 1574/1574/1574 1473/1473/1473
f 1474/1474/1474 1476/1476/1476 1475/1475/1475
f 1474/1474/1474 1477/1477/1477 1476/1476/1476
f 1477/1477/1477 1478/1478/1478 1476/1476/1476
f 1477/1477/1477 1479/1479/1479 1478/1478/1478
f 1023/1023/1023 945/945/945 1029/1029/1029
f 1023/1023/1023 941/941/941 945/945/945
f 941/941/941 944/944/944 945/945/945
f 941/941/941 940/940/940 944/944/944
f 940/940/940 943/943/943 944/944/944
f 940/940/940 942/942/942 943/943/943
f 942/942/942 1030/1030/1030 943/943/943
f 942/942/942 1021/1021/1021 1030/1030/1030
f 155/155/155 102/102/102 153/153/153
f 155/155/155 101/101/101 102/102/102
f 101/101/101 64/64/64 102/102/102
f 101/101/101 62/62/62 64/64/64
f 62/62/62 63/63/63 64/64/64
f 62/62/62 61/61/61 63/63/63
f 61/61/61 131/131/131 63/63/63
f 61/61/61 133/133/133 131/131/131
f 2146/2146/2146 2145/2145/2145 2147/2147/2147
f 2146/2146/2146 2143/2143/2143 2145/2145/2145
f 2143/2143/2143 2144/2144/2144 2145/2145/2145
f 2143/2143/2143 2142/2142/2142 2144/2144/2144
f 1463/1463/1463 1462/1462/1462 1461/1461/1461
f 1463/1463/1463 1465/1465/1465 1462/1462/1462
f 1465/1465/1465 1466/1466/1466 1462/1462/1462
f 1465/1465/1465 1467/1467/1467 1466/1466/1466
f 1467/1467/1467 1469/1469/1469 1466/1466/1466
f 1467/1467/1467 1471/1471/1471 1469/1469/1469
f 1471/1471/1471 1472/1472/1472 1469/1469/1469
f 1471/1471/1471 1473/1473/1473 1472/1472/1472
f 1475/1475/1475 1570/1570/1570 1571/1571/1571
f 1475/1475/1475 1476/1476/1476 1570/1570/1570
f 1476/1476/1476 1514/1514/1514 1570/1570/1570
f 1476/1476/1476 1478/1478/1478 1514/1514/1514
f 1029/1029/1029 953/953/953 1034/1034/1034
f 1029/1029/1029 945/945/945 953/953/953
f 945/945/945 952/952/952 953/953/953
f 945/945/945 944/944/944 952/952/952
f 944/944/944 954/954/954 952/952/952
f 944/944/944 943/943/943 954/954/954
f 943/943/943 1032/1032/1032 954/954/954
f 943/943/943 1030/1030/1030 1032/1032/1032
f 153/153/153 103/103/103 151/151/151
f 153/153/153 102/102/102 103/103/103
f 102/102/102 66/66/66 103/103/103
f 102/102/102 64/64/64 66/66/66
f 64/64/64 65/65/65 66/66/66
f 64/64/64 63/63/63 65/65/65
f 63/63/63 130/130/130 65/65/65
f 63/63/63 131/131/131 130/130/130
f 2147/2147/2147 2149/2149/2149 2158/2158/2158
f 2147/2147/2147 2145/2145/2145 2149/2149/2149
f 2145/2145/2145 2148/2148/2148 2149/2149/2149
f 2145/2145/2145 2144/2144/2144 2148/2148/2148
f 1461/1461/1461 1460/1460/1460 1458/1458/1458
f 1461/1461/1461 1462/1462/1462 1460/1460/1460
f 2374/2374/2374 2376/2376/2376 2375/2375/2375
f 2374/2374/2374 2377/2377/2377 2376/2376/2376
f 1466/1466/1466 1470/1470/1470 1500/1500/1500
f 1466/1466/1466 1469/1469/1469 1470/1470/1470
f 1469/1469/1469 1482/1482/1482 1470/1470/1470
f 1469/1469/1469 1472/1472/1472 1482/1482/1482
f 1571/1571/1571 1572/1572/1572 1596/1596/1596
f 1571/1571/1571 1570/1570/1570 1572/1572/1572
f 1570/1570/1570 1601/1601/1601 1572/1572/1572
f 1570/1570/1570 1514/1514/1514 1601/1601/1601
f 1034/1034/1034 997/997/997 1038/1038/1038
f 1034/1034/1034 953/953/953 997/997/997
f 953/953/953 996/996/996 997/997/997
f 953/953/953 952/952/952 996/996/996
f 952/952/952 995/995/995 996/996/996
f 952/952/952 954/954/954 995/995/995
f 954/954/954 1039/1039/1039 995/995/995
f 954/954/954 1032/1032/1032 1039/1039/1039
f 151/151/151 71/71/71 149/149/149
f 151/151/151 103/103/103 71/71/71
f 103/103/103 1/1/1 71/71/71
f 103/103/103 66/66/66 1/1/1
f 66/66/66 3/3/3 1/1/1
f 66/66/66 65/65/65 3/3/3
f 65/65/65 129/129/129 3/3/3
f 65/65/65 130/130/130 129/129/129
f 2158/2158/2158 2159/2159/2159 2160/2160/2160
f 2158/2158/2158 2149/2149/2149 2159/2159/2159
f 2149/2149/2149 2300/2300/2300 2159/2159/2159
f 2149/2149/2149 2148/2148/2148 2300/2300/2300
f 1458/1458/1458 1459/1459/1459 1464/1464/1464
f 1458/1458/1458 1460/1460/1460 1459/1459/1459
f 2306/2306/2306 2305/2305/2305 2302/2302/2302
f 2306/2306/2306 2308/2308/2308 2305/2305/2305
f 1754/1754/1754 1750/1750/1750 1753/1753/1753
f 1500/1500/1500 1470/1470/1470 1519/1519/1519
f 1470/1470/1470 1595/1595/1595 1519/1519/1519
f 1470/1470/1470 1482/1482/1482 1595/1595/1595
f 1596/1596/1596 1603/1603/1603 1723/1723/1723
f 1596/1596/1596 1572/1572/1572 1603/1603/1603
f 1572/1572/1572 1608/1608/1608 1603/1603/1603
f 1572/1572/1572 1601/1601/1601 1608/1608/1608
f 1312/1312/1312 1308/1308/1308 1307/1307/1307
f 1312/1312/1312 1313/1313/1313 1308/1308/1308
f 758/758/758 760/760/760 759/759/759
f 758/758/758 761/761/761 760/760/760
f 1274/1274/1274 1226/1226/1226 1225/1225/1225
f 1274/1274/1274 1275/1275/1275 1226/1226/1226
f 1275/1275/1275 1310/1310/1310 1226/1226/1226
f 1275/1275/1275 1314/1314/1314 1310/1310/1310
f 149/149/149 72/72/72 150/150/150
f 149/149/149 71/71/71 72/72/72
f 71/71/71 4/4/4 72/72/72
f 71/71/71 1/1/1 4/4/4
f 1/1/1 2/2/2 4/4/4
f 1/1/1 3/3/3 2/2/2
f 3/3/3 128/128/128 2/2/2
f 3/3/3 129/129/129 128/128/128
f 2160/2160/2160 2161/2161/2161 2163/2163/2163
f 2160/2160/2160 2159/2159/2159 2161/2161/2161
f 2159/2159/2159 2162/2162/2162 2161/2161/2161
f 2159/2159/2159 2300/2300/2300 2162/2162/2162
f 2300/2300/2300 2301/2301/2301 2162/2162/2162
f 2300/2300/2300 2302/2302/2302 2301/2301/2301
f 2302/2302/2302 2303/2303/2303 2301/2301/2301
f 2302/2302/2302 2305/2305/2305 2303/2303/2303
f 1753/1753/1753 1751/1751/1751 1755/1755/1755
f 1753/1753/1753 1750/1750/1750 1751/1751/1751
f 1750/1750/1750 1752/1752/1752 1751/1751/1751
f 1519/1519/1519 1595/1595/1595 1722/1722/1722
f 1723/1723/1723 1610/1610/1610 1613/1613/1613
f 1723/1723/1723 1603/1603/1603 1610/1610/1610
f 1603/1603/1603 1609/1609/1609 1610/1610/1610
f 1603/1603/1603 1608/1608/1608 1609/1609/1609
f 1307/1307/1307 1302/1302/1302 1301/1301/1301
f 1307/1307/1307 1308/1308/1308 1302/1302/1302
f 759/759/759 762/762/762 763/763/763
f 759/759/759 760/760/760 762/762/762
f 1225/1225/1225 1221/1221/1221 1220/1220/1220
f 1225/1225/1225 1226/1226/1226 1221/1221/1221
f 1226/1226/1226 1303/1303/1303 1221/1221/1221
f 1226/1226/1226 1310/1310/1310 1303/1303/1303
f 150/150/150 73/73/73 152/152/152
f 150/150/150 72/72/72 73/73/73
f 72/72/72 6/6/6 73/73/73
f 72/72/72 4/4/4 6/6/6
f 4/4/4 5/5/5 6/6/6
f 4/4/4 2/2/2 5/5/5
f 2/2/2 132/132/132 5/5/5
f 2/2/2 128/128/128 132/132/132
f 2163/2163/2163 2164/2164/2164 2166/2166/2166
f 2163/2163/2163 2161/2161/2161 2164/2164/2164
f 2161/2161/2161 2165/2165/2165 2164/2164/2164
f 2161/2161/2161 2162/2162/2162 2165/2165/2165
f 2364/2364/2364 2360/2360/2360 2359/2359/2359
f 2162/2162/2162 2301/2301/2301 2307/2307/2307
f 2301/2301/2301 2304/2304/2304 2307/2307/2307
f 2301/2301/2301 2303/2303/2303 2304/2304/2304
f 1621/1621/1621 1616/1616/1616 1620/1620/1620
f 1621/1621/1621 1624/1624/1624 1616/1616/1616
f 1624/1624/1624 1618/1618/1618 1616/1616/1616
f 1624/1624/1624 1722/1722/1722 1618/1618/1618
f 1613/1613/1613 1612/1612/1612 1614/1614/1614
f 1613/1613/1613 1610/1610/1610 1612/1612/1612
f 1610/1610/1610 1611/1611/1611 1612/1612/1612
f 1610/1610/1610 1609/1609/1609 1611/1611/1611
f 1301/1301/1301 1295/1295/1295 1294/1294/1294
f 1301/1301/1301 1302/1302/1302 1295/1295/1295
f 763/763/763 764/764/764 765/765/765
f 763/763/763 762/762/762 764/764/764
f 1220/1220/1220 1216/1216/1216 1215/1215/1215
f 1220/1220/1220 1221/1221/1221 1216/1216/1216
f 1221/1221/1221 1297/1297/1297 1216/1216/1216
f 1221/1221/1221 1303/1303/1303 1297/1297/1297
f 152/152/152 74/74/74 154/154/154
f 152/152/152 73/73/73 74/74/74
f 73/73/73 8/8/8 74/74/74
f 73/73/73 6/6/6 8/8/8
f 6/6/6 7/7/7 8/8/8
f 6/6/6 5/5/5 7/7/7
f 5/5/5 134/134/134 7/7/7
f 5/5/5 132/132/132 134/134/134
f 2166/2166/2166 2167/2167/2167 2168/2168/2168
f 2166/2166/2166 2164/2164/2164 2167/2167/2167
f 2363/2363/2363 2356/2356/2356 2358/2358/2358
f 2363/2363/2363 2359/2359/2359 2356/2356/2356
f 2359/2359/2359 2357/2357/2357 2356/2356/2356
f 2359/2359/2359 2360/2360/2360 2357/2357/2357
f 2360/2360/2360 2361/2361/2361 2357/2357/2357
f 2360/2360/2360 2362/2362/2362 2361/2361/2361
f 1620/1620/1620 1619/1619/1619 1622/1622/1622
f 1620/1620/1620 1616/1616/1616 1619/1619/1619
f 1616/1616/1616 1617/1617/1617 1619/1619/1619
f 1616/1616/1616 1618/1618/1618 1617/1617/1617
f 1614/1614/1614 1615/1615/1615 1625/1625/1625
f 1614/1614/1614 1612/1612/1612 1615/1615/1615
f 1612/1612/1612 1704/1704/1704 1615/1615/1615
f 1612/1612/1612 1611/1611/1611 1704/1704/1704
f 1294/1294/1294 1288/1288/1288 1287/1287/1287
f 1294/1294/1294 1295/1295/1295 1288/1288/1288
f 765/765/765 766/766/766 767/767/767
f 765/765/765 764/764/764 766/766/766
f 1215/1215/1215 1211/1211/1211 1210/1210/1210
f 1215/1215/1215 1216/1216/1216 1211/1211/1211
f 1216/1216/1216 1289/1289/1289 1211/1211/1211
f 1216/1216/1216 1297/1297/1297 1289/1289/1289
f 154/154/154 75/75/75 158/158/158
f 154/154/154 74/74/74 75/75/75
f 74/74/74 10/10/10 75/75/75
f 74/74/74 8/8/8 10/10/10
f 8/8/8 9/9/9 10/10/10
f 8/8/8 7/7/7 9/9/9
f 7/7/7 136/136/136 9/9/9
f 7/7/7 134/134/134 136/136/136
f 2168/2168/2168 2169/2169/2169 2171/2171/2171
f 2168/2168/2168 2167/2167/2167 2169/2169/2169
f 2167/2167/2167 2170/2170/2170 2169/2169/2169
f 2358/2358/2358 2356/2356/2356 2352/2352/2352
f 2356/2356/2356 2355/2355/2355 2352/2352/2352
f 2356/2356/2356 2357/2357/2357 2355/2355/2355
f 2190/2190/2190 2189/2189/2189 2188/2188/2188
f 2190/2190/2190 2191/2191/2191 2189/2189/2189
f 1622/1622/1622 1623/1623/1623 1705/1705/1705
f 1622/1622/1622 1619/1619/1619 1623/1623/1623
f 1619/1619/1619 1626/1626/1626 1623/1623/1623
f 1619/1619/1619 1617/1617/1617 1626/1626/1626
f 1625/1625/1625 1627/1627/1627 1721/1721/1721
f 1625/1625/1625 1615/1615/1615 1627/1627/1627
f 1615/1615/1615 1628/1628/1628 1627/1627/1627
f 1615/1615/1615 1704/1704/1704 1628/1628/1628
f 1287/1287/1287 1181/1181/1181 1279/1279/1279
f 1287/1287/1287 1288/1288/1288 1181/1181/1181
f 767/767/767 768/768/768 769/769/769
f 767/767/767 766/766/766 768/768/768
f 1210/1210/1210 1183/1183/1183 1182/1182/1182
f 1210/1210/1210 1211/1211/1211 1183/1183/1183
f 1211/1211/1211 1283/1283/1283 1183/1183/1183
f 1211/1211/1211 1289/1289/1289 1283/1283/1283
f 158/158/158 76/76/76 162/162/162
f 158/158/158 75/75/75 76/76/76
f 75/75/75 12/12/12 76/76/76
f 75/75/75 10/10/10 12/12/12
f 10/10/10 11/11/11 12/12/12
f 10/10/10 9/9/9 11/11/11
f 9/9/9 138/138/138 11/11/11
f 9/9/9 136/136/136 138/138/138
f 2171/2171/2171 2172/2172/2172 2173/2173/2173
f 2171/2171/2171 2169/2169/2169 2172/2172/2172
f 2169/2169/2169 2186/2186/2186 2172/2172/2172
f 2169/2169/2169 2170/2170/2170 2186/2186/2186
f 2352/2352/2352 2354/2354/2354 2353/2353/2353
f 2352/2352/2352 2355/2355/2355 2354/2354/2354
f 2188/2188/2188 2187/2187/2187 2184/2184/2184
f 2188/2188/2188 2189/2189/2189 2187/2187/2187
f 1705/1705/1705 1651/1651/1651 1650/1650/1650
f 1759/1759/1759 1756/1756/1756 1757/1757/1757
f 1756/1756/1756 1758/1758/1758 1757/1757/1757
f 1623/1623/1623 1626/1626/1626 1720/1720/1720
f 1721/1721/1721 1630/1630/1630 1701/1701/1701
f 1721/1721/1721 1627/1627/1627 1630/1630/1630
f 1627/1627/1627 1629/1629/1629 1630/1630/1630
f 1627/1627/1627 1628/1628/1628 1629/1629/1629
f 1279/1279/1279 1178/1178/1178 1267/1267/1267
f 1279/1279/1279 1181/1181/1181 1178/1178/1178
f 1181/1181/1181 1179/1179/1179 1178/1178/1178
f 1181/1181/1181 1182/1182/1182 1179/1179/1179
f 1182/1182/1182 1180/1180/1180 1179/1179/1179
f 1182/1182/1182 1183/1183/1183 1180/1180/1180
f 1183/1183/1183 1276/1276/1276 1180/1180/1180
f 1183/1183/1183 1283/1283/1283 1276/1276/1276
f 162/162/162 77/77/77 166/166/166
f 162/162/162 76/76/76 77/77/77
f 76/76/76 14/14/14 77/77/77
f 76/76/76 12/12/12 14/14/14
f 12/12/12 13/13/13 14/14/14
f 12/12/12 11/11/11 13/13/13
f 11/11/11 140/140/140 13/13/13
f 11/11/11 138/138/138 140/140/140
f 2173/2173/2173 2174/2174/2174 2175/2175/2175
f 2173/2173/2173 2172/2172/2172 2174/2174/2174
f 2172/2172/2172 2176/2176/2176 2174/2174/2174
f 2172/2172/2172 2186/2186/2186 2176/2176/2176
f 2186/2186/2186 2180/2180/2180 2176/2176/2176
f 2186/2186/2186 2184/2184/2184 2180/2180/2180
f 2184/2184/2184 2183/2183/2183 2180/2180/2180
f 2184/2184/2184 2187/2187/2187 2183/2183/2183
f 1650/1650/1650 1649/1649/1649 1648/1648/1648
f 1650/1650/1650 1651/1651/1651 1649/1649/1649
f 1651/1651/1651 1702/1702/1702 1649/1649/1649
f 1651/1651/1651 1720/1720/1720 1702/1702/1702
f 1701/1701/1701 1632/1632/1632 1718/1718/1718
f 1701/1701/1701 1630/1630/1630 1632/1632/1632
f 1630/1630/1630 1631/1631/1631 1632/1632/1632
f 1630/1630/1630 1629/1629/1629 1631/1631/1631
f 1267/1267/1267 1169/1169/1169 1263/1263/1263
f 1267/1267/1267 1178/1178/1178 1169/1169/1169
f 1178/1178/1178 1170/1170/1170 1169/1169/1169
f 1178/1178/1178 1179/1179/1179 1170/1170/1170
f 1179/1179/1179 1171/1171/1171 1170/1170/1170
f 1179/1179/1179 1180/1180/1180 1171/1171/1171
f 1180/1180/1180 1266/1266/1266 1171/1171/1171
f 1180/1180/1180 1276/1276/1276 1266/1266/1266
f 166/166/166 78/78/78 172/172/172
f 166/166/166 77/77/77 78/78/78
f 77/77/77 16/16/16 78/78/78
f 77/77/77 14/14/14 16/16/16
f 14/14/14 15/15/15 16/16/16
f 14/14/14 13/13/13 15/15/15
f 13/13/13 142/142/142 15/15/15
f 13/13/13 140/140/140 142/142/142
f 2175/2175/2175 2178/2178/2178 2199/2199/2199
f 2175/2175/2175 2174/2174/2174 2178/2178/2178
f 2174/2174/2174 2177/2177/2177 2178/2178/2178
f 2174/2174/2174 2176/2176/2176 2177/2177/2177
f 2176/2176/2176 2179/2179/2179 2177/2177/2177
f 2176/2176/2176 2180/2180/2180 2179/2179/2179
f 2180/2180/2180 2181/2181/2181 2179/2179/2179
f 2180/2180/2180 2183/2183/2183 2181/2181/2181
f 1648/1648/1648 1647/1647/1647 1646/1646/1646
f 1648/1648/1648 1649/1649/1649 1647/1647/1647
f 1649/1649/1649 1719/1719/1719 1647/1647/1647
f 1649/1649/1649 1702/1702/1702 1719/1719/1719
f 1718/1718/1718 1634/1634/1634 1655/1655/1655
f 1718/1718/1718 1632/1632/1632 1634/1634/1634
f 1632/1632/1632 1633/1633/1633 1634/1634/1634
f 1632/1632/1632 1631/1631/1631 1633/1633/1633
f 1263/1263/1263 1166/1166/1166 1242/1242/1242
f 1263/1263/1263 1169/1169/1169 1166/1166/1166
f 1169/1169/1169 1167/1167/1167 1166/1166/1166
f 1169/1169/1169 1170/1170/1170 1167/1167/1167
f 1170/1170/1170 1168/1168/1168 1167/1167/1167
f 1170/1170/1170 1171/1171/1171 1168/1168/1168
f 1171/1171/1171 1260/1260/1260 1168/1168/1168
f 1171/1171/1171 1266/1266/1266 1260/1260/1260
f 172/172/172 79/79/79 182/182/182
f 172/172/172 78/78/78 79/79/79
f 78/78/78 18/18/18 79/79/79
f 78/78/78 16/16/16 18/18/18
f 16/16/16 17/17/17 18/18/18
f 16/16/16 15/15/15 17/17/17
f 15/15/15 144/144/144 17/17/17
f 15/15/15 142/142/142 144/144/144
f 2199/2199/2199 2200/2200/2200 2201/2201/2201
f 2199/2199/2199 2178/2178/2178 2200/2200/2200
f 2178/2178/2178 2298/2298/2298 2200/2200/2200
f 2178/2178/2178 2177/2177/2177 2298/2298/2298
f 2177/2177/2177 2185/2185/2185 2298/2298/2298
f 2177/2177/2177 2179/2179/2179 2185/2185/2185
f 2179/2179/2179 2182/2182/2182 2185/2185/2185
f 2179/2179/2179 2181/2181/2181 2182/2182/2182
f 1646/1646/1646 1644/1644/1644 1645/1645/1645
f 1646/1646/1646 1647/1647/1647 1644/1644/1644
f 1647/1647/1647 1656/1656/1656 1644/1644/1644
f 1647/1647/1647 1719/1719/1719 1656/1656/1656
f 1655/1655/1655 1636/1636/1636 1639/1639/1639
f 1655/1655/1655 1634/1634/1634 1636/1636/1636
f 1634/1634/1634 1635/1635/1635 1636/1636/1636
f 1634/1634/1634 1633/1633/1633 1635/1635/1635
f 1242/1242/1242 1157/1157/1157 1237/1237/1237
f 1242/1242/1242 1166/1166/1166 1157/1157/1157
f 1166/1166/1166 1158/1158/1158 1157/1157/1157
f 1166/1166/1166 1167/1167/1167 1158/1158/1158
f 1167/1167/1167 1159/1159/1159 1158/1158/1158
f 1167/1167/1167 1168/1168/1168 1159/1159/1159
f 1168/1168/1168 1255/1255/1255 1159/1159/1159
f 1168/1168/1168 1260/1260/1260 1255/1255/1255
f 182/182/182 80/80/80 184/184/184
f 182/182/182 79/79/79 80/80/80
f 79/79/79 20/20/20 80/80/80
f 79/79/79 18/18/18 20/20/20
f 18/18/18 19/19/19 20/20/20
f 18/18/18 17/17/17 19/19/19
f 17/17/17 146/146/146 19/19/19
f 17/17/17 144/144/144 146/146/146
f 2201/2201/2201 2202/2202/2202 2225/2225/2225
f 2201/2201/2201 2200/2200/2200 2202/2202/2202
f 2200/2200/2200 2203/2203/2203 2202/2202/2202
f 2200/2200/2200 2298/2298/2298 2203/2203/2203
f 2298/2298/2298 2224/2224/2224 2203/2203/2203
f 2342/2342/2342 2344/2344/2344 2343/2343/2343
f 2344/2344/2344 2345/2345/2345 2343/2343/2343
f 2185/2185/2185 2182/2182/2182 2312/2312/2312
f 1645/1645/1645 1641/1641/1641 1652/1652/1652
f 1645/1645/1645 1644/1644/1644 1641/1641/1641
f 1644/1644/1644 1643/1643/1643 1641/1641/1641
f 1644/1644/1644 1656/1656/1656 1643/1643/1643
f 1639/1639/1639 1638/1638/1638 1640/1640/1640
f 1639/1639/1639 1636/1636/1636 1638/1638/1638
f 1636/1636/1636 1637/1637/1637 1638/1638/1638
f 1636/1636/1636 1635/1635/1635 1637/1637/1637
f 1237/1237/1237 1154/1154/1154 1235/1235/1235
f 1237/1237/1237 1157/1157/1157 1154/1154/1154
f 1157/1157/1157 1155/1155/1155 1154/1154/1154
f 1157/1157/1157 1158/1158/1158 1155/1155/1155
f 1158/1158/1158 1156/1156/1156 1155/1155/1155
f 1158/1158/1158 1159/1159/1159 1156/1156/1156
f 1159/1159/1159 1253/1253/1253 1156/1156/1156
f 1159/1159/1159 1255/1255/1255 1253/1253/1253
f 184/184/184 81/81/81 190/190/190
f 184/184/184 80/80/80 81/81/81
f 80/80/80 22/22/22 81/81/81
f 80/80/80 20/20/20 22/22/22
f 20/20/20 21/21/21 22/22/22
f 20/20/20 19/19/19 21/21/21
f 19/19/19 148/148/148 21/21/21
f 19/19/19 146/146/146 148/148/148
f 2365/2365/2365 2367/2367/2367 2366/2366/2366
f 2225/2225/2225 2202/2202/2202 2316/2316/2316
f 2202/2202/2202 2204/2204/2204 2316/2316/2316
f 2202/2202/2202 2203/2203/2203 2204/2204/2204
f 2203/2203/2203 2205/2205/2205 2204/2204/2204
f 2203/2203/2203 2224/2224/2224 2205/2205/2205
f 2224/2224/2224 2222/2222/2222 2205/2205/2205
f 2224/2224/2224 2312/2312/2312 2222/2222/2222
f 1652/1652/1652 1657/1657/1657 1658/1658/1658
f 1652/1652/1652 1641/1641/1641 1657/1657/1657
f 1641/1641/1641 1642/1642/1642 1657/1657/1657
f 1641/1641/1641 1643/1643/1643 1642/1642/1642
f 1640/1640/1640 1654/1654/1654 1706/1706/1706
f 1640/1640/1640 1638/1638/1638 1654/1654/1654
f 1638/1638/1638 1653/1653/1653 1654/1654/1654
f 1638/1638/1638 1637/1637/1637 1653/1653/1653
f 1235/1235/1235 1145/1145/1145 1233/1233/1233
f 1235/1235/1235 1154/1154/1154 1145/1145/1145
f 1154/1154/1154 1146/1146/1146 1145/1145/1145
f 1154/1154/1154 1155/1155/1155 1146/1146/1146
f 1155/1155/1155 1147/1147/1147 1146/1146/1146
f 1155/1155/1155 1156/1156/1156 1147/1147/1147
f 1156/1156/1156 1251/1251/1251 1147/1147/1147
f 1156/1156/1156 1253/1253/1253 1251/1251/1251
f 190/190/190 82/82/82 192/192/192
f 190/190/190 81/81/81 82/82/82
f 81/81/81 24/24/24 82/82/82
f 81/81/81 22/22/22 24/24/24
f 22/22/22 23/23/23 24/24/24
f 22/22/22 21/21/21 23/23/23
f 21/21/21 157/157/157 23/23/23
f 21/21/21 148/148/148 157/157/157
f 2219/2219/2219 2216/2216/2216 2217/2217/2217
f 2219/2219/2219 2316/2316/2316 2216/2216/2216
f 2316/2316/2316 2223/2223/2223 2216/2216/2216
f 2316/2316/2316 2204/2204/2204 2223/2223/2223
f 2204/2204/2204 2206/2206/2206 2223/2223/2223
f 2204/2204/2204 2205/2205/2205 2206/2206/2206
f 2205/2205/2205 2207/2207/2207 2206/2206/2206
f 2205/2205/2205 2222/2222/2222 2207/2207/2207
f 1658/1658/1658 1659/1659/1659 1660/1660/1660
f 1658/1658/1658 1657/1657/1657 1659/1659/1659
f 1657/1657/1657 1707/1707/1707 1659/1659/1659
f 1657/1657/1657 1642/1642/1642 1707/1707/1707
f 1735/1735/1735 1736/1736/1736 1739/1739/1739
f 1735/1735/1735 1737/1737/1737 1736/1736/1736
f 1737/1737/1737 1738/1738/1738 1736/1736/1736
f 1654/1654/1654 1653/1653/1653 1715/1715/1715
f 1233/1233/1233 1142/1142/1142 1234/1234/1234
f 1233/1233/1233 1145/1145/1145 1142/1142/1142
f 1145/1145/1145 1143/1143/1143 1142/1142/1142
f 1145/1145/1145 1146/1146/1146 1143/1143/1143
f 1146/1146/1146 1144/1144/1144 1143/1143/1143
f 1146/1146/1146 1147/1147/1147 1144/1144/1144
f 1147/1147/1147 1250/1250/1250 1144/1144/1144
f 1147/1147/1147 1251/1251/1251 1250/1250/1250
f 192/192/192 83/83/83 194/194/194
f 192/192/192 82/82/82 83/83/83
f 82/82/82 26/26/26 83/83/83
f 82/82/82 24/24/24 26/26/26
f 24/24/24 25/25/25 26/26/26
f 24/24/24 23/23/23 25/25/25
f 23/23/23 161/161/161 25/25/25
f 23/23/23 157/157/157 161/161/161
f 2217/2217/2217 2215/2215/2215 2218/2218/2218
f 2217/2217/2217 2216/2216/2216 2215/2215/2215
f 2216/2216/2216 2213/2213/2213 2215/2215/2215
f 2216/2216/2216 2223/2223/2223 2213/2213/2213
f 2223/2223/2223 2209/2209/2209 2213/2213/2213
f 2223/2223/2223 2206/2206/2206 2209/2209/2209
f 2206/2206/2206 2208/2208/2208 2209/2209/2209
f 2206/2206/2206 2207/2207/2207 2208/2208/2208
f 1660/1660/1660 1661/1661/1661 1663/1663/1663
f 1660/1660/1660 1659/1659/1659 1661/1661/1661
f 1659/1659/1659 1662/1662/1662 1661/1661/1661
f 1659/1659/1659 1707/1707/1707 1662/1662/1662
f 1739/1739/1739 1740/1740/1740 1741/1741/1741
f 1739/1739/1739 1736/1736/1736 1740/1740/1740
f 1700/1700/1700 1699/1699/1699 1698/1698/1698
f 1700/1700/1700 1715/1715/1715 1699/1699/1699
f 1234/1234/1234 1133/1133/1133 1236/1236/1236
f 1234/1234/1234 1142/1142/1142 1133/1133/1133
f 1142/1142/1142 1134/1134/1134 1133/1133/1133
f 1142/1142/1142 1143/1143/1143 1134/1134/1134
f 1143/1143/1143 1135/1135/1135 1134/1134/1134
f 1143/1143/1143 1144/1144/1144 1135/1135/1135
f 1144/1144/1144 1252/1252/1252 1135/1135/1135
f 1144/1144/1144 1250/1250/1250 1252/1252/1252
f 194/194/194 84/84/84 196/196/196
f 194/194/194 83/83/83 84/84/84
f 83/83/83 28/28/28 84/84/84
f 83/83/83 26/26/26 28/28/28
f 26/26/26 27/27/27 28/28/28
f 26/26/26 25/25/25 27/27/27
f 25/25/25 165/165/165 27/27/27
f 25/25/25 161/161/161 165/165/165
f 2218/2218/2218 2220/2220/2220 2226/2226/2226
f 2218/2218/2218 2215/2215/2215 2220/2220/2220
f 2215/2215/2215 2214/2214/2214 2220/2220/2220
f 2215/2215/2215 2213/2213/2213 2214/2214/2214
f 2213/2213/2213 2211/2211/2211 2214/2214/2214
f 2213/2213/2213 2209/2209/2209 2211/2211/2211
f 2209/2209/2209 2210/2210/2210 2211/2211/2211
f 2209/2209/2209 2208/2208/2208 2210/2210/2210
f 1663/1663/1663 1664/1664/1664 1665/1665/1665
f 1663/1663/1663 1661/1661/1661 1664/1664/1664
f 1661/1661/1661 1708/1708/1708 1664/1664/1664
f 1661/1661/1661 1662/1662/1662 1708/1708/1708
f 1709/1709/1709 1679/1679/1679 1669/1669/1669
f 1709/1709/1709 1698/1698/1698 1679/1679/1679
f 1698/1698/1698 1697/1697/1697 1679/1679/1679
f 1698/1698/1698 1699/1699/1699 1697/1697/1697
f 1236/1236/1236 1130/1130/1130 1238/1238/1238
f 1236/1236/1236 1133/1133/1133 1130/1130/1130
f 1133/1133/1133 1131/1131/1131 1130/1130/1130
f 1133/1133/1133 1134/1134/1134 1131/1131/1131
f 1134/1134/1134 1132/1132/1132 1131/1131/1131
f 1134/1134/1134 1135/1135/1135 1132/1132/1132
f 1135/1135/1135 1254/1254/1254 1132/1132/1132
f 1135/1135/1135 1252/1252/1252 1254/1254/1254
f 196/196/196 85/85/85 198/198/198
f 196/196/196 84/84/84 85/85/85
f 84/84/84 30/30/30 85/85/85
f 84/84/84 28/28/28 30/30/30
f 28/28/28 29/29/29 30/30/30
f 28/28/28 27/27/27 29/29/29
f 27/27/27 169/169/169 29/29/29
f 27/27/27 165/165/165 169/169/169
f 2226/2226/2226 2227/2227/2227 2228/2228/2228
f 2226/2226/2226 2220/2220/2220 2227/2227/2227
f 2220/2220/2220 2295/2295/2295 2227/2227/2227
f 2220/2220/2220 2214/2214/2214 2295/2295/2295
f 2214/2214/2214 2221/2221/2221 2295/2295/2295
f 2214/2214/2214 2211/2211/2211 2221/2221/2221
f 2211/2211/2211 2212/2212/2212 2221/2221/2221
f 2211/2211/2211 2210/2210/2210 2212/2212/2212
f 1665/1665/1665 1666/1666/1666 1680/1680/1680
f 1665/1665/1665 1664/1664/1664 1666/1666/1666
f 1664/1664/1664 1667/1667/1667 1666/1666/1666
f 1664/1664/1664 1708/1708/1708 1667/1667/1667
f 1669/1669/1669 1671/1671/1671 1670/1670/1670
f 1669/1669/1669 1679/1679/1679 1671/1671/1671
f 1679/1679/1679 1674/1674/1674 1671/1671/1671
f 1679/1679/1679 1697/1697/1697 1674/1674/1674
f 1238/1238/1238 1114/1114/1114 1239/1239/1239
f 1238/1238/1238 1130/1130/1130 1114/1114/1114
f 1130/1130/1130 1117/1117/1117 1114/1114/1114
f 1130/1130/1130 1131/1131/1131 1117/1117/1117
f 1131/1131/1131 1119/1119/1119 1117/1117/1117
f 1131/1131/1131 1132/1132/1132 1119/1119/1119
f 1132/1132/1132 1257/1257/1257 1119/1119/1119
f 1132/1132/1132 1254/1254/1254 1257/1257/1257
f 198/198/198 86/86/86 200/200/200
f 198/198/198 85/85/85 86/86/86
f 85/85/85 32/32/32 86/86/86
f 85/85/85 30/30/30 32/32/32
f 30/30/30 31/31/31 32/32/32
f 30/30/30 29/29/29 31/31/31
f 29/29/29 171/171/171 31/31/31
f 29/29/29 169/169/169 171/171/171
f 2228/2228/2228 2229/2229/2229 2239/2239/2239
f 2228/2228/2228 2227/2227/2227 2229/2229/2229
f 2227/2227/2227 2230/2230/2230 2229/2229/2229
f 2227/2227/2227 2295/2295/2295 2230/2230/2230
f 2295/2295/2295 2234/2234/2234 2230/2230/2230
f 2338/2338/2338 2340/2340/2340 2339/2339/2339
f 2340/2340/2340 2341/2341/2341 2339/2339/2339
f 2221/2221/2221 2212/2212/2212 2299/2299/2299
f 1680/1680/1680 1694/1694/1694 1703/1703/1703
f 1680/1680/1680 1666/1666/1666 1694/1694/1694
f 1666/1666/1666 1668/1668/1668 1694/1694/1694
f 1666/1666/1666 1667/1667/1667 1668/1668/1668
f 1670/1670/1670 1672/1672/1672 1681/1681/1681
f 1670/1670/1670 1671/1671/1671 1672/1672/1672
f 1671/1671/1671 1673/1673/1673 1672/1672/1672
f 1671/1671/1671 1674/1674/1674 1673/1673/1673
f 1239/1239/1239 1115/1115/1115 1240/1240/1240
f 1239/1239/1239 1114/1114/1114 1115/1115/1115
f 1114/1114/1114 1116/1116/1116 1115/1115/1115
f 1114/1114/1114 1117/1117/1117 1116/1116/1116
f 1117/1117/1117 1118/1118/1118 1116/1116/1116
f 1117/1117/1117 1119/1119/1119 1118/1118/1118
f 1119/1119/1119 1264/1264/1264 1118/1118/1118
f 1119/1119/1119 1257/1257/1257 1264/1264/1264
f 200/200/200 87/87/87 206/206/206
f 200/200/200 86/86/86 87/87/87
f 86/86/86 34/34/34 87/87/87
f 86/86/86 32/32/32 34/34/34
f 32/32/32 33/33/33 34/34/34
f 32/32/32 31/31/31 33/33/33
f 31/31/31 178/178/178 33/33/33
f 31/31/31 171/171/171 178/178/178
f 2335/2335/2335 2337/2337/2337 2336/2336/2336
f 2239/2239/2239 2229/2229/2229 2232/2232/2232
f 2229/2229/2229 2231/2231/2231 2232/2232/2232
f 2229/2229/2229 2230/2230/2230 2231/2231/2231
f 2230/2230/2230 2233/2233/2233 2231/2231/2231
f 2230/2230/2230 2234/2234/2234 2233/2233/2233
f 2234/2234/2234 2235/2235/2235 2233/2233/2233
f 2234/2234/2234 2299/2299/2299 2235/2235/2235
f 1703/1703/1703 1696/1696/1696 1711/1711/1711
f 1703/1703/1703 1694/1694/1694 1696/1696/1696
f 1694/1694/1694 1695/1695/1695 1696/1696/1696
f 1694/1694/1694 1668/1668/1668 1695/1695/1695
f 362/362/362 361/361/361 360/360/360
f 362/362/362 363/363/363 361/361/361
f 363/363/363 484/484/484 361/361/361
f 363/363/363 490/490/490 484/484/484
f 990/990/990 843/843/843 986/986/986
f 990/990/990 842/842/842 843/843/843
f 842/842/842 839/839/839 843/843/843
f 842/842/842 838/838/838 839/839/839
f 838/838/838 840/840/840 839/839/839
f 838/838/838 841/841/841 840/840/840
f 841/841/841 982/982/982 840/840/840
f 841/841/841 983/983/983 982/982/982
f 723/723/723 566/566/566 721/721/721
f 723/723/723 568/568/568 566/566/566
f 568/568/568 567/567/567 566/566/566
f 568/568/568 569/569/569 567/567/567
f 569/569/569 621/621/621 567/567/567
f 569/569/569 622/622/622 621/621/621
f 622/622/622 710/710/710 621/621/621
f 622/622/622 712/712/712 710/710/710
f 712/712/712 752/752/752 710/710/710
f 712/712/712 753/753/753 752/752/752
f 1977/1977/1977 1976/1976/1976 1975/1975/1975
f 1977/1977/1977 1978/1978/1978 1976/1976/1976
f 1978/1978/1978 2085/2085/2085 1976/1976/1976
f 1978/1978/1978 2086/2086/2086 2085/2085/2085
f 526/526/526 455/455/455 525/525/525
f 526/526/526 462/462/462 455/455/455
f 462/462/462 282/282/282 455/455/455
f 462/462/462 284/284/284 282/282/282
f 284/284/284 283/283/283 282/282/282
f 284/284/284 285/285/285 283/283/283
f 360/360/360 359/359/359 358/358/358
f 360/360/360 361/361/361 359/359/359
f 361/361/361 482/482/482 359/359/359
f 361/361/361 484/484/484 482/482/482
f 986/986/986 856/856/856 969/969/969
f 986/986/986 843/843/843 856/856/856
f 843/843/843 855/855/855 856/856/856
f 843/843/843 839/839/839 855/855/855
f 839/839/839 854/854/854 855/855/855
f 839/839/839 840/840/840 854/854/854
f 840/840/840 979/979/979 854/854/854
f 840/840/840 982/982/982 979/979/979
f 721/721/721 564/564/564 719/719/719
f 721/721/721 566/566/566 564/564/564
f 566/566/566 565/565/565 564/564/564
f 566/566/566 567/567/567 565/565/565
f 567/567/567 623/623/623 565/565/565
f 567/567/567 621/621/621 623/623/623
f 621/621/621 706/706/706 623/623/623
f 621/621/621 710/710/710 706/706/706
f 710/710/710 751/751/751 706/706/706
f 710/710/710 752/752/752 751/751/751
f 1975/1975/1975 1974/1974/1974 1973/1973/1973
f 1975/1975/1975 1976/1976/1976 1974/1974/1974
f 1976/1976/1976 2269/2269/2269 1974/1974/1974
f 1976/1976/1976 2085/2085/2085 2269/2269/2269
f 525/525/525 453/453/453 524/524/524
f 525/525/525 455/455/455 453/453/453
f 455/455/455 280/280/280 453/453/453
f 455/455/455 282/282/282 280/280/280
f 282/282/282 281/281/281 280/280/280
f 282/282/282 283/283/283 281/281/281
f 358/358/358 357/357/357 356/356/356
f 358/358/358 359/359/359 357/357/357
f 359/359/359 480/480/480 357/357/357
f 359/359/359 482/482/482 480/480/480
f 969/969/969 859/859/859 967/967/967
f 969/969/969 856/856/856 859/859/859
f 856/856/856 858/858/858 859/859/859
f 856/856/856 855/855/855 858/858/858
f 855/855/855 857/857/857 858/858/858
f 855/855/855 854/854/854 857/857/857
f 854/854/854 977/977/977 857/857/857
f 854/854/854 979/979/979 977/977/977
f 719/719/719 562/562/562 717/717/717
f 719/719/719 564/564/564 562/562/562
f 564/564/564 563/563/563 562/562/562
f 564/564/564 565/565/565 563/563/563
f 565/565/565 624/624/624 563/563/563
f 565/565/565 623/623/623 624/624/624
f 623/623/623 704/704/704 624/624/624
f 623/623/623 706/706/706 704/704/704
f 706/706/706 750/750/750 704/704/704
f 706/706/706 751/751/751 750/750/750
f 1973/1973/1973 1971/1971/1971 1972/1972/1972
f 1973/1973/1973 1974/1974/1974 1971/1971/1971
f 1974/1974/1974 2087/2087/2087 1971/1971/1971
f 1974/1974/1974 2269/2269/2269 2087/2087/2087
f 524/524/524 449/449/449 523/523/523
f 524/524/524 453/453/453 449/449/449
f 453/453/453 278/278/278 449/449/449
f 453/453/453 280/280/280 278/278/278
f 280/280/280 279/279/279 278/278/278
f 280/280/280 281/281/281 279/279/279
f 356/356/356 355/355/355 354/354/354
f 356/356/356 357/357/357 355/355/355
f 357/357/357 478/478/478 355/355/355
f 357/357/357 480/480/480 478/478/478
f 967/967/967 868/868/868 964/964/964
f 967/967/967 859/859/859 868/868/868
f 859/859/859 867/867/867 868/868/868
f 859/859/859 858/858/858 867/867/867
f 858/858/858 866/866/866 867/867/867
f 858/858/858 857/857/857 866/866/866
f 857/857/857 975/975/975 866/866/866
f 857/857/857 977/977/977 975/975/975
f 717/717/717 560/560/560 715/715/715
f 717/717/717 562/562/562 560/560/560
f 562/562/562 561/561/561 560/560/560
f 562/562/562 563/563/563 561/561/561
f 563/563/563 625/625/625 561/561/561
f 563/563/563 624/624/624 625/625/625
f 624/624/624 700/700/700 625/625/625
f 624/624/624 704/704/704 700/700/700
f 704/704/704 749/749/749 700/700/700
f 704/704/704 750/750/750 749/749/749
f 1972/1972/1972 1969/1969/1969 2088/2088/2088
f 1972/1972/1972 1971/1971/1971 1969/1969/1969
f 1971/1971/1971 1970/1970/1970 1969/1969/1969
f 1971/1971/1971 2087/2087/2087 1970/1970/1970
f 523/523/523 445/445/445 521/521/521
f 523/523/523 449/449/449 445/445/445
f 449/449/449 276/276/276 445/445/445
f 449/449/449 278/278/278 276/276/276
f 278/278/278 277/277/277 276/276/276
f 278/278/278 279/279/279 277/277/277
f 354/354/354 353/353/353 352/352/352
f 354/354/354 355/355/355 353/353/353
f 355/355/355 476/476/476 353/353/353
f 355/355/355 478/478/478 476/476/476
f 964/964/964 871/871/871 965/965/965
f 964/964/964 868/868/868 871/871/871
f 868/868/868 870/870/870 871/871/871
f 868/868/868 867/867/867 870/870/870
f 867/867/867 869/869/869 870/870/870
f 867/867/867 866/866/866 869/869/869
f 866/866/866 974/974/974 869/869/869
f 866/866/866 975/975/975 974/974/974
f 715/715/715 558/558/558 709/709/709
f 715/715/715 560/560/560 558/558/558
f 560/560/560 559/559/559 558/558/558
f 560/560/560 561/561/561 559/559/559
f 561/561/561 626/626/626 559/559/559
f 561/561/561 625/625/625 626/626/626
f 625/625/625 698/698/698 626/626/626
f 625/625/625 700/700/700 698/698/698
f 2129/2129/2129 2121/2121/2121 2130/2130/2130
f 2129/2129/2129 2088/2088/2088 2121/2121/2121
f 2088/2088/2088 1968/1968/1968 2121/2121/2121
f 2088/2088/2088 1969/1969/1969 1968/1968/1968
f 1969/1969/1969 1967/1967/1967 1968/1968/1968
f 1969/1969/1969 1970/1970/1970 1967/1967/1967
f 521/521/521 441/441/441 522/522/522
f 521/521/521 445/445/445 441/441/441
f 445/445/445 274/274/274 441/441/441
f 445/445/445 276/276/276 274/274/274
f 276/276/276 275/275/275 274/274/274
f 276/276/276 277/277/277 275/275/275
f 352/352/352 351/351/351 350/350/350
f 352/352/352 353/353/353 351/351/351
f 353/353/353 474/474/474 351/351/351
f 353/353/353 476/476/476 474/474/474
f 965/965/965 880/880/880 966/966/966
f 965/965/965 871/871/871 880/880/880
f 871/871/871 879/879/879 880/880/880
f 871/871/871 870/870/870 879/879/879
f 870/870/870 878/878/878 879/879/879
f 870/870/870 869/869/869 878/878/878
f 869/869/869 976/976/976 878/878/878
f 869/869/869 974/974/974 976/976/976
f 709/709/709 556/556/556 703/703/703
f 709/709/709 558/558/558 556/556/556
f 558/558/558 557/557/557 556/556/556
f 558/558/558 559/559/559 557/557/557
f 559/559/559 627/627/627 557/557/557
f 559/559/559 626/626/626 627/627/627
f 626/626/626 694/694/694 627/627/627
f 626/626/626 698/698/698 694/694/694
f 2130/2130/2130 2150/2150/2150 2155/2155/2155
f 2130/2130/2130 2121/2121/2121 2150/2150/2150
f 2121/2121/2121 2091/2091/2091 2150/2150/2150
f 2121/2121/2121 1968/1968/1968 2091/2091/2091
f 1968/1968/1968 1965/1965/1965 2091/2091/2091
f 1968/1968/1968 1967/1967/1967 1965/1965/1965
f 1967/1967/1967 1966/1966/1966 1965/1965/1965
f 1967/1967/1967 2090/2090/2090 1966/1966/1966
f 441/441/441 272/272/272 432/432/432
f 441/441/441 274/274/274 272/272/272
f 274/274/274 273/273/273 272/272/272
f 274/274/274 275/275/275 273/273/273
f 350/350/350 349/349/349 348/348/348
f 350/350/350 351/351/351 349/349/349
f 351/351/351 468/468/468 349/349/349
f 351/351/351 474/474/474 468/468/468
f 966/966/966 883/883/883 968/968/968
f 966/966/966 880/880/880 883/883/883
f 880/880/880 882/882/882 883/883/883
f 880/880/880 879/879/879 882/882/882
f 879/879/879 881/881/881 882/882/882
f 879/879/879 878/878/878 881/881/881
f 878/878/878 978/978/978 881/881/881
f 878/878/878 976/976/976 978/978/978
f 703/703/703 554/554/554 697/697/697
f 703/703/703 556/556/556 554/554/554
f 556/556/556 555/555/555 554/554/554
f 556/556/556 557/557/557 555/555/555
f 557/557/557 628/628/628 555/555/555
f 557/557/557 627/627/627 628/628/628
f 627/627/627 690/690/690 628/628/628
f 627/627/627 694/694/694 690/690/690
f 2155/2155/2155 2156/2156/2156 2157/2157/2157
f 2155/2155/2155 2150/2150/2150 2156/2156/2156
f 2150/2150/2150 2314/2314/2314 2156/2156/2156
f 2150/2150/2150 2091/2091/2091 2314/2314/2314
f 2091/2091/2091 1963/1963/1963 2314/2314/2314
f 2091/2091/2091 1965/1965/1965 1963/1963/1963
f 1965/1965/1965 1964/1964/1964 1963/1963/1963
f 1965/1965/1965 1966/1966/1966 1964/1964/1964
f 432/432/432 270/270/270 430/430/430
f 432/432/432 272/272/272 270/270/270
f 272/272/272 271/271/271 270/270/270
f 272/272/272 273/273/273 271/271/271
f 348/348/348 347/347/347 346/346/346
f 348/348/348 349/349/349 347/347/347
f 349/349/349 466/466/466 347/347/347
f 349/349/349 468/468/468 466/466/466
f 968/968/968 892/892/892 972/972/972
f 968/968/968 883/883/883 892/892/892
f 883/883/883 891/891/891 892/892/892
f 883/883/883 882/882/882 891/891/891
f 882/882/882 890/890/890 891/891/891
f 882/882/882 881/881/881 890/890/890
f 881/881/881 980/980/980 890/890/890
f 881/881/881 978/978/978 980/980/980
f 697/697/697 552/552/552 693/693/693
f 697/697/697 554/554/554 552/552/552
f 554/554/554 553/553/553 552/552/552
f 554/554/554 555/555/555 553/553/553
f 555/555/555 629/629/629 553/553/553
f 555/555/555 628/628/628 629/629/629
f 628/628/628 686/686/686 629/629/629
f 628/628/628 690/690/690 686/686/686
f 2385/2385/2385 2387/2387/2387 2386/2386/2386
f 2157/2157/2157 2156/2156/2156 2294/2294/2294
f 2381/2381/2381 2383/2383/2383 2382/2382/2382
f 2381/2381/2381 2384/2384/2384 2383/2383/2383
f 2314/2314/2314 1954/1954/1954 1958/1958/1958
f 2314/2314/2314 1963/1963/1963 1954/1954/1954
f 1963/1963/1963 1955/1955/1955 1954/1954/1954
f 1963/1963/1963 1964/1964/1964 1955/1955/1955
f 430/430/430 268/268/268 428/428/428
f 430/430/430 270/270/270 268/268/268
f 270/270/270 269/269/269 268/268/268
f 270/270/270 271/271/271 269/269/269
f 346/346/346 345/345/345 344/344/344
f 346/346/346 347/347/347 345/345/345
f 347/347/347 456/456/456 345/345/345
f 347/347/347 466/466/466 456/456/456
f 972/972/972 895/895/895 994/994/994
f 972/972/972 892/892/892 895/895/895
f 892/892/892 894/894/894 895/895/895
f 892/892/892 891/891/891 894/894/894
f 891/891/891 893/893/893 894/894/894
f 891/891/891 890/890/890 893/893/893
f 890/890/890 992/992/992 893/893/893
f 890/890/890 980/980/980 992/992/992
f 693/693/693 550/550/550 689/689/689
f 693/693/693 552/552/552 550/550/550
f 552/552/552 551/551/551 550/550/550
f 552/552/552 553/553/553 551/551/551
f 553/553/553 630/630/630 551/551/551
f 553/553/553 629/629/629 630/630/630
f 629/629/629 684/684/684 630/630/630
f 629/629/629 686/686/686 684/684/684
f 2125/2125/2125 1953/1953/1953 2124/2124/2124
f 2125/2125/2125 2294/2294/2294 1953/1953/1953
f 2294/2294/2294 1945/1945/1945 1953/1953/1953
f 2294/2294/2294 1958/1958/1958 1945/1945/1945
f 1958/1958/1958 1949/1949/1949 1945/1945/1945
f 1958/1958/1958 1954/1954/1954 1949/1949/1949
f 1954/1954/1954 1952/1952/1952 1949/1949/1949
f 1954/1954/1954 1955/1955/1955 1952/1952/1952
f 428/428/428 266/266/266 426/426/426
f 428/428/428 268/268/268 266/266/266
f 268/268/268 267/267/267 266/266/266
f 268/268/268 269/269/269 267/267/267
f 344/344/344 343/343/343 342/342/342
f 344/344/344 345/345/345 343/343/343
f 345/345/345 450/450/450 343/343/343
f 345/345/345 456/456/456 450/450/450
f 994/994/994 904/904/904 1003/1003/1003
f 994/994/994 895/895/895 904/904/904
f 895/895/895 903/903/903 904/904/904
f 895/895/895 894/894/894 903/903/903
f 894/894/894 902/902/902 903/903/903
f 894/894/894 893/893/893 902/902/902
f 893/893/893 1001/1001/1001 902/902/902
f 893/893/893 992/992/992 1001/1001/1001
f 689/689/689 548/548/548 669/669/669
f 689/689/689 550/550/550 548/548/548
f 550/550/550 549/549/549 548/548/548
f 550/550/550 551/551/551 549/549/549
f 551/551/551 631/631/631 549/549/549
f 551/551/551 630/630/630 631/631/631
f 630/630/630 683/683/683 631/631/631
f 630/630/630 684/684/684 683/683/683
f 2124/2124/2124 1946/1946/1946 2152/2152/2152
f 2124/2124/2124 1953/1953/1953 1946/1946/1946
f 1953/1953/1953 1943/1943/1943 1946/1946/1946
f 1953/1953/1953 1945/1945/1945 1943/1943/1943
f 1945/1945/1945 1944/1944/1944 1943/1943/1943
f 1945/1945/1945 1949/1949/1949 1944/1944/1944
f 1949/1949/1949 1950/1950/1950 1944/1944/1944
f 1949/1949/1949 1952/1952/1952 1950/1950/1950
f 426/426/426 264/264/264 424/424/424
f 426/426/426 266/266/266 264/264/264
f 266/266/266 265/265/265 264/264/264
f 266/266/266 267/267/267 265/265/265
f 342/342/342 341/341/341 340/340/340
f 342/342/342 343/343/343 341/341/341
f 343/343/343 446/446/446 341/341/341
f 343/343/343 450/450/450 446/446/446
f 1003/1003/1003 907/907/907 1012/1012/1012
f 1003/1003/1003 904/904/904 907/907/907
f 904/904/904 906/906/906 907/907/907
f 904/904/904 903/903/903 906/906/906
f 903/903/903 905/905/905 906/906/906
f 903/903/903 902/902/902 905/905/905
f 902/902/902 1010/1010/1010 905/905/905
f 902/902/902 1001/1001/1001 1010/1010/1010
f 669/669/669 546/546/546 667/667/667
f 669/669/669 548/548/548 546/546/546
f 548/548/548 547/547/547 546/546/546
f 548/548/548 549/549/549 547/547/547
f 549/549/549 632/632/632 547/547/547
f 549/549/549 631/631/631 632/632/632
f 631/631/631 681/681/681 632/632/632
f 631/631/631 683/683/683 681/681/681
f 2152/2152/2152 1951/1951/1951 2313/2313/2313
f 2152/2152/2152 1946/1946/1946 1951/1951/1951
f 1946/1946/1946 1941/1941/1941 1951/1951/1951
f 1946/1946/1946 1943/1943/1943 1941/1941/1941
f 1943/1943/1943 1942/1942/1942 1941/1941/1941
f 1943/1943/1943 1944/1944/1944 1942/1942/1942
f 1944/1944/1944 2128/2128/2128 1942/1942/1942
f 1944/1944/1944 1950/1950/1950 2128/2128/2128
f 424/424/424 262/262/262 422/422/422
f 424/424/424 264/264/264 262/262/262
f 264/264/264 263/263/263 262/262/262
f 264/264/264 265/265/265 263/263/263
f 340/340/340 339/339/339 338/338/338
f 340/340/340 341/341/341 339/339/339
f 341/341/341 442/442/442 339/339/339
f 341/341/341 446/446/446 442/442/442
f 1012/1012/1012 916/916/916 1017/1017/1017
f 1012/1012/1012 907/907/907 916/916/916
f 907/907/907 915/915/915 916/916/916
f 907/907/907 906/906/906 915/915/915
f 906/906/906 914/914/914 915/915/915
f 906/906/906 905/905/905 914/914/914
f 905/905/905 1015/1015/1015 914/914/914
f 905/905/905 1010/1010/1010 1015/1015/1015
f 667/667/667 544/544/544 665/665/665
f 667/667/667 546/546/546 544/544/544
f 546/546/546 545/545/545 544/544/544
f 546/546/546 547/547/547 545/545/545
f 547/547/547 633/633/633 545/545/545
f 547/547/547 632/632/632 633/633/633
f 632/632/632 679/679/679 633/633/633
f 632/632/632 681/681/681 679/679/679
f 2313/2313/2313 1937/1937/1937 1956/1956/1956
f 2313/2313/2313 1951/1951/1951 1937/1937/1937
f 1951/1951/1951 1938/1938/1938 1937/1937/1937
f 1951/1951/1951 1941/1941/1941 1938/1938/1938
f 1941/1941/1941 1940/1940/1940 1938/1938/1938
f 1941/1941/1941 1942/1942/1942 1940/1940/1940
f 1942/1942/1942 1948/1948/1948 1940/1940/1940
f 1942/1942/1942 2128/2128/2128 1948/1948/1948
f 422/422/422 260/260/260 420/420/420
f 422/422/422 262/262/262 260/260/260
f 262/262/262 261/261/261 260/260/260
f 262/262/262 263/263/263 261/261/261
f 338/338/338 337/337/337 336/336/336
f 338/338/338 339/339/339 337/337/337
f 339/339/339 438/438/438 337/337/337
f 339/339/339 442/442/442 438/438/438
f 1017/1017/1017 939/939/939 1024/1024/1024
f 1017/1017/1017 916/916/916 939/939/939
f 916/916/916 938/938/938 939/939/939
f 916/916/916 915/915/915 938/938/938
f 915/915/915 937/937/937 938/938/938
f 915/915/915 914/914/914 937/937/937
f 914/914/914 1022/1022/1022 937/937/937
f 914/914/914 1015/1015/1015 1022/1022/1022
f 665/665/665 542/542/542 663/663/663
f 665/665/665 544/544/544 542/542/542
f 544/544/544 543/543/543 542/542/542
f 544/544/544 545/545/545 543/543/543
f 545/545/545 634/634/634 543/543/543
f 545/545/545 633/633/633 634/634/634
f 633/633/633 677/677/677 634/634/634
f 633/633/633 679/679/679 677/677/677
f 1956/1956/1956 1934/1934/1934 1933/1933/1933
f 1956/1956/1956 1937/1937/1937 1934/1934/1934
f 1937/1937/1937 1936/1936/1936 1934/1934/1934
f 1937/1937/1937 1938/1938/1938 1936/1936/1936
f 1938/1938/1938 1939/1939/1939 1936/1936/1936
f 1938/1938/1938 1940/1940/1940 1939/1939/1939
f 1940/1940/1940 1947/1947/1947 1939/1939/1939
f 1940/1940/1940 1948/1948/1948 1947/1947/1947
f 420/420/420 258/258/258 418/418/418
f 420/420/420 260/260/260 258/258/258
f 260/260/260 259/259/259 258/258/258
f 260/260/260 261/261/261 259/259/259
f 336/336/336 335/335/335 334/334/334
f 336/336/336 337/337/337 335/335/335
f 337/337/337 436/436/436 335/335/335
f 337/337/337 438/438/438 436/436/436
f 1024/1024/1024 948/948/948 1028/1028/1028
f 1024/1024/1024 939/939/939 948/948/948
f 939/939/939 947/947/947 948/948/948
f 939/939/939 938/938/938 947/947/947
f 938/938/938 946/946/946 947/947/947
f 938/938/938 937/937/937 946/946/946
f 937/937/937 1027/1027/1027 946/946/946
f 937/937/937 1022/1022/1022 1027/1027/1027
f 663/663/663 540/540/540 661/661/661
f 663/663/663 542/542/542 540/540/540
f 542/542/542 541/541/541 540/540/540
f 542/542/542 543/543/543 541/541/541
f 543/543/543 635/635/635 541/541/541
f 543/543/543 634/634/634 635/635/635
f 634/634/634 675/675/675 635/635/635
f 634/634/634 677/677/677 675/675/675
f 1933/1933/1933 1932/1932/1932 1931/1931/1931
f 1933/1933/1933 1934/1934/1934 1932/1932/1932
f 1934/1934/1934 1935/1935/1935 1932/1932/1932
f 1934/1934/1934 1936/1936/1936 1935/1935/1935
f 1936/1936/1936 1960/1960/1960 1935/1935/1935
f 1936/1936/1936 1939/1939/1939 1960/1960/1960
f 1939/1939/1939 1957/1957/1957 1960/1960/1960
f 1939/1939/1939 1947/1947/1947 1957/1957/1957
f 418/418/418 256/256/256 416/416/416
f 418/418/418 258/258/258 256/256/256
f 258/258/258 257/257/257 256/256/256
f 258/258/258 259/259/259 257/257/257
f 334/334/334 333/333/333 330/330/330
f 334/334/334 335/335/335 333/333/333
f 335/335/335 434/434/434 333/333/333
f 335/335/335 436/436/436 434/434/434
f 1028/1028/1028 951/951/951 1035/1035/1035
f 1028/1028/1028 948/948/948 951/951/951
f 948/948/948 950/950/950 951/951/951
f 948/948/948 947/947/947 950/950/950
f 947/947/947 949/949/949 950/950/950
f 947/947/947 946/946/946 949/949/949
f 946/946/946 1033/1033/1033 949/949/949
f 946/946/946 1027/1027/1027 1033/1033/1033
f 661/661/661 538/538/538 660/660/660
f 661/661/661 540/540/540 538/538/538
f 540/540/540 539/539/539 538/538/538
f 540/540/540 541/541/541 539/539/539
f 541/541/541 636/636/636 539/539/539
f 541/541/541 635/635/635 636/636/636
f 635/635/635 673/673/673 636/636/636
f 635/635/635 675/675/675 673/673/673
f 1931/1931/1931 1929/1929/1929 1930/1930/1930
f 1931/1931/1931 1932/1932/1932 1929/1929/1929
f 1932/1932/1932 1959/1959/1959 1929/1929/1929
f 1932/1932/1932 1935/1935/1935 1959/1959/1959
f 1935/1935/1935 2315/2315/2315 1959/1959/1959
f 1935/1935/1935 1960/1960/1960 2315/2315/2315
f 1960/1960/1960 2321/2321/2321 2315/2315/2315
f 1960/1960/1960 1957/1957/1957 2321/2321/2321
f 416/416/416 252/252/252 412/412/412
f 416/416/416 256/256/256 252/252/252
f 256/256/256 255/255/255 252/252/252
f 256/256/256 257/257/257 255/255/255
f 330/330/330 332/332/332 331/331/331
f 330/330/330 333/333/333 332/332/332
f 333/333/333 433/433/433 332/332/332
f 333/333/333 434/434/434 433/433/433
f 1035/1035/1035 1000/1000/1000 1037/1037/1037
f 1035/1035/1035 951/951/951 1000/1000/1000
f 951/951/951 999/999/999 1000/1000/1000
f 951/951/951 950/950/950 999/999/999
f 950/950/950 998/998/998 999/999/999
f 950/950/950 949/949/949 998/998/998
f 949/949/949 1036/1036/1036 998/998/998
f 949/949/949 1033/1033/1033 1036/1036/1036
f 660/660/660 535/535/535 658/658/658
f 660/660/660 538/538/538 535/535/535
f 538/538/538 537/537/537 535/535/535
f 538/538/538 539/539/539 537/537/537
f 539/539/539 637/637/637 537/537/537
f 539/539/539 636/636/636 637/637/637
f 636/636/636 672/672/672 637/637/637
f 636/636/636 673/673/673 672/672/672
f 1930/1930/1930 1927/1927/1927 1961/1961/1961
f 1930/1930/1930 1929/1929/1929 1927/1927/1927
f 1929/1929/1929 1928/1928/1928 1927/1927/1927
f 1929/1929/1929 1959/1959/1959 1928/1928/1928
f 1959/1959/1959 2192/2192/2192 1928/1928/1928
f 1959/1959/1959 2315/2315/2315 2192/2192/2192
f 2315/2315/2315 2194/2194/2194 2192/2192/2192
f 2315/2315/2315 2321/2321/2321 2194/2194/2194
f 412/412/412 253/253/253 413/413/413
f 412/412/412 252/252/252 253/253/253
f 252/252/252 254/254/254 253/253/253
f 252/252/252 255/255/255 254/254/254
f 331/331/331 395/395/395 394/394/394
f 331/331/331 332/332/332 395/395/395
f 332/332/332 435/435/435 395/395/395
f 332/332/332 433/433/433 435/435/435
f 1311/1311/1311 1222/1222/1222 1306/1306/1306
f 1311/1311/1311 1271/1271/1271 1222/1222/1222
f 1271/1271/1271 1223/1223/1223 1222/1222/1222
f 1271/1271/1271 1272/1272/1272 1223/1223/1223
f 1272/1272/1272 1224/1224/1224 1223/1223/1223
f 1272/1272/1272 1273/1273/1273 1224/1224/1224
f 1273/1273/1273 1309/1309/1309 1224/1224/1224
f 1273/1273/1273 1315/1315/1315 1309/1309/1309
f 658/658/658 600/600/600 659/659/659
f 658/658/658 535/535/535 600/600/600
f 535/535/535 536/536/536 600/600/600
f 535/535/535 537/537/537 536/536/536
f 537/537/537 605/605/605 536/536/536
f 537/537/537 637/637/637 605/605/605
f 637/637/637 671/671/671 605/605/605
f 637/637/637 672/672/672 671/671/671
f 1961/1961/1961 1925/1925/1925 2133/2133/2133
f 1961/1961/1961 1927/1927/1927 1925/1925/1925
f 1927/1927/1927 1926/1926/1926 1925/1925/1925
f 1927/1927/1927 1928/1928/1928 1926/1926/1926
f 1928/1928/1928 1962/1962/1962 1926/1926/1926
f 1928/1928/1928 2192/2192/2192 1962/1962/1962
f 2192/2192/2192 2193/2193/2193 1962/1962/1962
f 2192/2192/2192 2194/2194/2194 2193/2193/2193
f 413/413/413 316/316/316 414/414/414
f 413/413/413 253/253/253 316/316/316
f 253/253/253 317/317/317 316/316/316
f 253/253/253 254/254/254 317/317/317
f 394/394/394 393/393/393 392/392/392
f 394/394/394 395/395/395 393/393/393
f 395/395/395 437/437/437 393/393/393
f 395/395/395 435/435/435 437/437/437
f 1306/1306/1306 1217/1217/1217 1300/1300/1300
f 1306/1306/1306 1222/1222/1222 1217/1217/1217
f 1222/1222/1222 1218/1218/1218 1217/1217/1217
f 1222/1222/1222 1223/1223/1223 1218/1218/1218
f 1223/1223/1223 1219/1219/1219 1218/1218/1218
f 1223/1223/1223 1224/1224/1224 1219/1219/1219
f 1224/1224/1224 1304/1304/1304 1219/1219/1219
f 1224/1224/1224 1309/1309/1309 1304/1304/1304
f 659/659/659 598/598/598 662/662/662
f 659/659/659 600/600/600 598/598/598
f 600/600/600 599/599/599 598/598/598
f 600/600/600 536/536/536 599/599/599
f 536/536/536 606/606/606 599/599/599
f 536/536/536 605/605/605 606/606/606
f 605/605/605 674/674/674 606/606/606
f 605/605/605 671/671/671 674/674/674
f 2133/2133/2133 1924/1924/1924 2093/2093/2093
f 2133/2133/2133 1925/1925/1925 1924/1924/1924
f 1925/1925/1925 1923/1923/1923 1924/1924/1924
f 1925/1925/1925 1926/1926/1926 1923/1923/1923
f 1926/1926/1926 2099/2099/2099 1923/1923/1923
f 1926/1926/1926 1962/1962/1962 2099/2099/2099
f 1962/1962/1962 2198/2198/2198 2099/2099/2099
f 1962/1962/1962 2193/2193/2193 2198/2198/2198
f 414/414/414 314/314/314 415/415/415
f 414/414/414 316/316/316 314/314/314
f 316/316/316 315/315/315 314/314/314
f 316/316/316 317/317/317 315/315/315
f 392/392/392 391/391/391 390/390/390
f 392/392/392 393/393/393 391/391/391
f 393/393/393 439/439/439 391/391/391
f 393/393/393 437/437/437 439/439/439
f 1300/1300/1300 1212/1212/1212 1293/1293/1293
f 1300/1300/1300 1217/1217/1217 1212/1212/1212
f 1217/1217/1217 1213/1213/1213 1212/1212/1212
f 1217/1217/1217 1218/1218/1218 1213/1213/1213
f 1218/1218/1218 1214/1214/1214 1213/1213/1213
f 1218/1218/1218 1219/1219/1219 1214/1214/1214
f 1219/1219/1219 1296/1296/1296 1214/1214/1214
f 1219/1219/1219 1304/1304/1304 1296/1296/1296
f 662/662/662 596/596/596 664/664/664
f 662/662/662 598/598/598 596/596/596
f 598/598/598 597/597/597 596/596/596
f 598/598/598 599/599/599 597/597/597
f 599/599/599 607/607/607 597/597/597
f 599/599/599 606/606/606 607/607/607
f 606/606/606 676/676/676 607/607/607
f 606/606/606 674/674/674 676/676/676
f 2093/2093/2093 2092/2092/2092 2094/2094/2094
f 2093/2093/2093 1924/1924/1924 2092/2092/2092
f 1924/1924/1924 1921/1921/1921 2092/2092/2092
f 1924/1924/1924 1923/1923/1923 1921/1921/1921
f 1923/1923/1923 1920/1920/1920 1921/1921/1921
f 1923/1923/1923 2099/2099/2099 1920/1920/1920
f 2099/2099/2099 1922/1922/1922 1920/1920/1920
f 2099/2099/2099 2198/2198/2198 1922/1922/1922
f 415/415/415 312/312/312 417/417/417
f 415/415/415 314/314/314 312/312/312
f 314/314/314 313/313/313 312/312/312
f 314/314/314 315/315/315 313/313/313
f 390/390/390 389/389/389 388/388/388
f 390/390/390 391/391/391 389/389/389
f 391/391/391 443/443/443 389/389/389
f 391/391/391 439/439/439 443/443/443
f 1293/1293/1293 1187/1187/1187 1286/1286/1286
f 1293/1293/1293 1212/1212/1212 1187/1187/1187
f 1212/1212/1212 1188/1188/1188 1187/1187/1187
f 1212/1212/1212 1213/1213/1213 1188/1188/1188
f 1213/1213/1213 1189/1189/1189 1188/1188/1188
f 1213/1213/1213 1214/1214/1214 1189/1189/1189
f 1214/1214/1214 1290/1290/1290 1189/1189/1189
f 1214/1214/1214 1296/1296/1296 1290/1290/1290
f 664/664/664 594/594/594 666/666/666
f 664/664/664 596/596/596 594/594/594
f 596/596/596 595/595/595 594/594/594
f 596/596/596 597/597/597 595/595/595
f 597/597/597 608/608/608 595/595/595
f 597/597/597 607/607/607 608/608/608
f 607/607/607 678/678/678 608/608/608
f 607/607/607 676/676/676 678/678/678
f 2094/2094/2094 2095/2095/2095 2096/2096/2096
f 2094/2094/2094 2092/2092/2092 2095/2095/2095
f 2092/2092/2092 2100/2100/2100 2095/2095/2095
f 2092/2092/2092 1921/1921/1921 2100/2100/2100
f 1921/1921/1921 1918/1918/1918 2100/2100/2100
f 1921/1921/1921 1920/1920/1920 1918/1918/1918
f 1920/1920/1920 1919/1919/1919 1918/1918/1918
f 1920/1920/1920 1922/1922/1922 1919/1919/1919
f 417/417/417 310/310/310 419/419/419
f 417/417/417 312/312/312 310/310/310
f 312/312/312 311/311/311 310/310/310
f 312/312/312 313/313/313 311/311/311
f 388/388/388 387/387/387 386/386/386
f 388/388/388 389/389/389 387/387/387
f 389/389/389 447/447/447 387/387/387
f 389/389/389 443/443/443 447/447/447
f 1286/1286/1286 1186/1186/1186 1278/1278/1278
f 1286/1286/1286 1187/1187/1187 1186/1186/1186
f 1187/1187/1187 1184/1184/1184 1186/1186/1186
f 1187/1187/1187 1188/1188/1188 1184/1184/1184
f 1188/1188/1188 1185/1185/1185 1184/1184/1184
f 1188/1188/1188 1189/1189/1189 1185/1185/1185
f 1189/1189/1189 1282/1282/1282 1185/1185/1185
f 1189/1189/1189 1290/1290/1290 1282/1282/1282
f 666/666/666 592/592/592 668/668/668
f 666/666/666 594/594/594 592/592/592
f 594/594/594 593/593/593 592/592/592
f 594/594/594 595/595/595 593/593/593
f 595/595/595 609/609/609 593/593/593
f 595/595/595 608/608/608 609/609/609
f 608/608/608 680/680/680 609/609/609
f 608/608/608 678/678/678 680/680/680
f 2096/2096/2096 2097/2097/2097 2098/2098/2098
f 2096/2096/2096 2095/2095/2095 2097/2097/2097
f 2095/2095/2095 2322/2322/2322 2097/2097/2097
f 2095/2095/2095 2100/2100/2100 2322/2322/2322
f 2100/2100/2100 1916/1916/1916 2322/2322/2322
f 2100/2100/2100 1918/1918/1918 1916/1916/1916
f 1918/1918/1918 1917/1917/1917 1916/1916/1916
f 1918/1918/1918 1919/1919/1919 1917/1917/1917
f 419/419/419 308/308/308 421/421/421
f 419/419/419 310/310/310 308/308/308
f 310/310/310 309/309/309 308/308/308
f 310/310/310 311/311/311 309/309/309
f 386/386/386 385/385/385 384/384/384
f 386/386/386 387/387/387 385/385/385
f 387/387/387 451/451/451 385/385/385
f 387/387/387 447/447/447 451/451/451
f 1278/1278/1278 1175/1175/1175 1268/1268/1268
f 1278/1278/1278 1186/1186/1186 1175/1175/1175
f 1186/1186/1186 1176/1176/1176 1175/1175/1175
f 1186/1186/1186 1184/1184/1184 1176/1176/1176
f 1184/1184/1184 1177/1177/1177 1176/1176/1176
f 1184/1184/1184 1185/1185/1185 1177/1177/1177
f 1185/1185/1185 1277/1277/1277 1177/1177/1177
f 1185/1185/1185 1282/1282/1282 1277/1277/1277
f 668/668/668 590/590/590 670/670/670
f 668/668/668 592/592/592 590/590/590
f 592/592/592 591/591/591 590/590/590
f 592/592/592 593/593/593 591/591/591
f 593/593/593 610/610/610 591/591/591
f 593/593/593 609/609/609 610/610/610
f 609/609/609 682/682/682 610/610/610
f 609/609/609 680/680/680 682/682/682
f 2350/2350/2350 2349/2349/2349 2351/2351/2351
f 2350/2350/2350 2346/2346/2346 2349/2349/2349
f 2346/2346/2346 2347/2347/2347 2349/2349/2349
f 2346/2346/2346 2348/2348/2348 2347/2347/2347
f 2322/2322/2322 1914/1914/1914 2101/2101/2101
f 2322/2322/2322 1916/1916/1916 1914/1914/1914
f 1916/1916/1916 1915/1915/1915 1914/1914/1914
f 1916/1916/1916 1917/1917/1917 1915/1915/1915
f 421/421/421 306/306/306 423/423/423
f 421/421/421 308/308/308 306/306/306
f 308/308/308 307/307/307 306/306/306
f 308/308/308 309/309/309 307/307/307
f 384/384/384 383/383/383 382/382/382
f 384/384/384 385/385/385 383/383/383
f 385/385/385 457/457/457 383/383/383
f 385/385/385 451/451/451 457/457/457
f 1268/1268/1268 1174/1174/1174 1262/1262/1262
f 1268/1268/1268 1175/1175/1175 1174/1174/1174
f 1175/1175/1175 1172/1172/1172 1174/1174/1174
f 1175/1175/1175 1176/1176/1176 1172/1172/1172
f 1176/1176/1176 1173/1173/1173 1172/1172/1172
f 1176/1176/1176 1177/1177/1177 1173/1173/1173
f 1177/1177/1177 1265/1265/1265 1173/1173/1173
f 1177/1177/1177 1277/1277/1277 1265/1265/1265
f 670/670/670 588/588/588 688/688/688
f 670/670/670 590/590/590 588/588/588
f 590/590/590 589/589/589 588/588/588
f 590/590/590 591/591/591 589/589/589
f 591/591/591 611/611/611 589/589/589
f 591/591/591 610/610/610 611/611/611
f 610/610/610 685/685/685 611/611/611
f 610/610/610 682/682/682 685/685/685
f 2311/2311/2311 1907/1907/1907 1906/1906/1906
f 2311/2311/2311 2324/2324/2324 1907/1907/1907
f 2324/2324/2324 2131/2131/2131 1907/1907/1907
f 2324/2324/2324 2101/2101/2101 2131/2131/2131
f 2101/2101/2101 1912/1912/1912 2131/2131/2131
f 2101/2101/2101 1914/1914/1914 1912/1912/1912
f 1914/1914/1914 1913/1913/1913 1912/1912/1912
f 1914/1914/1914 1915/1915/1915 1913/1913/1913
f 423/423/423 304/304/304 425/425/425
f 423/423/423 306/306/306 304/304/304
f 306/306/306 305/305/305 304/304/304
f 306/306/306 307/307/307 305/305/305
f 382/382/382 381/381/381 380/380/380
f 382/382/382 383/383/383 381/381/381
f 383/383/383 467/467/467 381/381/381
f 383/383/383 457/457/457 467/467/467
f 1262/1262/1262 1163/1163/1163 1243/1243/1243
f 1262/1262/1262 1174/1174/1174 1163/1163/1163
f 1174/1174/1174 1164/1164/1164 1163/1163/1163
f 1174/1174/1174 1172/1172/1172 1164/1164/1164
f 1172/1172/1172 1165/1165/1165 1164/1164/1164
f 1172/1172/1172 1173/1173/1173 1165/1165/1165
f 1173/1173/1173 1261/1261/1261 1165/1165/1165
f 1173/1173/1173 1265/1265/1265 1261/1261/1261
f 688/688/688 586/586/586 692/692/692
f 688/688/688 588/588/588 586/586/586
f 588/588/588 587/587/587 586/586/586
f 588/588/588 589/589/589 587/587/587
f 589/589/589 612/612/612 587/587/587
f 589/589/589 611/611/611 612/612/612
f 611/611/611 687/687/687 612/612/612
f 611/611/611 685/685/685 687/687/687
f 1906/1906/1906 1902/1902/1902 1905/1905/1905
f 1906/1906/1906 1907/1907/1907 1902/1902/1902
f 1907/1907/1907 1903/1903/1903 1902/1902/1902
f 1907/1907/1907 2131/2131/2131 1903/1903/1903
f 2131/2131/2131 1908/1908/1908 1903/1903/1903
f 2131/2131/2131 1912/1912/1912 1908/1908/1908
f 1912/1912/1912 1911/1911/1911 1908/1908/1908
f 1912/1912/1912 1913/1913/1913 1911/1911/1911
f 425/425/425 302/302/302 427/427/427
f 425/425/425 304/304/304 302/302/302
f 304/304/304 303/303/303 302/302/302
f 304/304/304 305/305/305 303/303/303
f 380/380/380 379/379/379 378/378/378
f 380/380/380 381/381/381 379/379/379
f 381/381/381 469/469/469 379/379/379
f 381/381/381 467/467/467 469/469/469
f 1243/1243/1243 1162/1162/1162 1231/1231/1231
f 1243/1243/1243 1163/1163/1163 1162/1162/1162
f 1163/1163/1163 1160/1160/1160 1162/1162/1162
f 1163/1163/1163 1164/1164/1164 1160/1160/1160
f 1164/1164/1164 1161/1161/1161 1160/1160/1160
f 1164/1164/1164 1165/1165/1165 1161/1161/1161
f 1165/1165/1165 1249/1249/1249 1161/1161/1161
f 1165/1165/1165 1261/1261/1261 1249/1249/1249
f 692/692/692 584/584/584 696/696/696
f 692/692/692 586/586/586 584/584/584
f 586/586/586 585/585/585 584/584/584
f 586/586/586 587/587/587 585/585/585
f 587/587/587 613/613/613 585/585/585
f 587/587/587 612/612/612 613/613/613
f 612/612/612 691/691/691 613/613/613
f 612/612/612 687/687/687 691/691/691
f 1905/1905/1905 1900/1900/1900 2104/2104/2104
f 1905/1905/1905 1902/1902/1902 1900/1900/1900
f 1902/1902/1902 1901/1901/1901 1900/1900/1900
f 1902/1902/1902 1903/1903/1903 1901/1901/1901
f 1903/1903/1903 1904/1904/1904 1901/1901/1901
f 1903/1903/1903 1908/1908/1908 1904/1904/1904
f 1908/1908/1908 1909/1909/1909 1904/1904/1904
f 1908/1908/1908 1911/1911/1911 1909/1909/1909
f 427/427/427 300/300/300 429/429/429
f 427/427/427 302/302/302 300/300/300
f 302/302/302 301/301/301 300/300/300
f 302/302/302 303/303/303 301/301/301
f 378/378/378 377/377/377 376/376/376
f 378/378/378 379/379/379 377/377/377
f 379/379/379 475/475/475 377/377/377
f 379/379/379 469/469/469 475/475/475
f 1231/1231/1231 1151/1151/1151 1229/1229/1229
f 1231/1231/1231 1162/1162/1162 1151/1151/1151
f 1162/1162/1162 1152/1152/1152 1151/1151/1151
f 1162/1162/1162 1160/1160/1160 1152/1152/1152
f 1160/1160/1160 1153/1153/1153 1152/1152/1152
f 1160/1160/1160 1161/1161/1161 1153/1153/1153
f 1161/1161/1161 1247/1247/1247 1153/1153/1153
f 1161/1161/1161 1249/1249/1249 1247/1247/1247
f 696/696/696 582/582/582 702/702/702
f 696/696/696 584/584/584 582/582/582
f 584/584/584 583/583/583 582/582/582
f 584/584/584 585/585/585 583/583/583
f 585/585/585 614/614/614 583/583/583
f 585/585/585 613/613/613 614/614/614
f 613/613/613 695/695/695 614/614/614
f 613/613/613 691/691/691 695/695/695
f 2104/2104/2104 1897/1897/1897 1898/1898/1898
f 2104/2104/2104 1900/1900/1900 1897/1897/1897
f 1900/1900/1900 1899/1899/1899 1897/1897/1897
f 1900/1900/1900 1901/1901/1901 1899/1899/1899
f 1901/1901/1901 2103/2103/2103 1899/1899/1899
f 1901/1901/1901 1904/1904/1904 2103/2103/2103
f 1904/1904/1904 1910/1910/1910 2103/2103/2103
f 1904/1904/1904 1909/1909/1909 1910/1910/1910
f 429/429/429 298/298/298 431/431/431
f 429/429/429 300/300/300 298/298/298
f 300/300/300 299/299/299 298/298/298
f 300/300/300 301/301/301 299/299/299
f 376/376/376 375/375/375 374/374/374
f 376/376/376 377/377/377 375/375/375
f 377/377/377 477/477/477 375/375/375
f 377/377/377 475/475/475 477/477/477
f 1229/1229/1229 1150/1150/1150 1227/1227/1227
f 1229/1229/1229 1151/1151/1151 1150/1150/1150
f 1151/1151/1151 1148/1148/1148 1150/1150/1150
f 1151/1151/1151 1152/1152/1152 1148/1148/1148
f 1152/1152/1152 1149/1149/1149 1148/1148/1148
f 1152/1152/1152 1153/1153/1153 1149/1149/1149
f 1153/1153/1153 1245/1245/1245 1149/1149/1149
f 1153/1153/1153 1247/1247/1247 1245/1245/1245
f 702/702/702 580/580/580 708/708/708
f 702/702/702 582/582/582 580/580/580
f 582/582/582 581/581/581 580/580/580
f 582/582/582 583/583/583 581/581/581
f 583/583/583 615/615/615 581/581/581
f 583/583/583 614/614/614 615/615/615
f 614/614/614 699/699/699 615/615/615
f 614/614/614 695/695/695 699/699/699
f 1898/1898/1898 1895/1895/1895 2105/2105/2105
f 1898/1898/1898 1897/1897/1897 1895/1895/1895
f 1897/1897/1897 1896/1896/1896 1895/1895/1895
f 1897/1897/1897 1899/1899/1899 1896/1896/1896
f 1899/1899/1899 2102/2102/2102 1896/1896/1896
f 1899/1899/1899 2103/2103/2103 2102/2102/2102
f 2103/2103/2103 2323/2323/2323 2102/2102/2102
f 2103/2103/2103 1910/1910/1910 2323/2323/2323
f 431/431/431 296/296/296 440/440/440
f 431/431/431 298/298/298 296/296/296
f 298/298/298 297/297/297 296/296/296
f 298/298/298 299/299/299 297/297/297
f 374/374/374 373/373/373 372/372/372
f 374/374/374 375/375/375 373/373/373
f 375/375/375 479/479/479 373/373/373
f 375/375/375 477/477/477 479/479/479
f 1227/1227/1227 1139/1139/1139 1228/1228/1228
f 1227/1227/1227 1150/1150/1150 1139/1139/1139
f 1150/1150/1150 1140/1140/1140 1139/1139/1139
f 1150/1150/1150 1148/1148/1148 1140/1140/1140
f 1148/1148/1148 1141/1141/1141 1140/1140/1140
f 1148/1148/1148 1149/1149/1149 1141/1141/1141
f 1149/1149/1149 1244/1244/1244 1141/1141/1141
f 1149/1149/1149 1245/1245/1245 1244/1244/1244
f 708/708/708 578/578/578 714/714/714
f 708/708/708 580/580/580 578/578/578
f 580/580/580 579/579/579 578/578/578
f 580/580/580 581/581/581 579/579/579
f 581/581/581 616/616/616 579/579/579
f 581/581/581 615/615/615 616/616/616
f 615/615/615 701/701/701 616/616/616
f 615/615/615 699/699/699 701/701/701
f 2105/2105/2105 1894/1894/1894 2127/2127/2127
f 2105/2105/2105 1895/1895/1895 1894/1894/1894
f 1895/1895/1895 1893/1893/1893 1894/1894/1894
f 1895/1895/1895 1896/1896/1896 1893/1893/1893
f 1896/1896/1896 2107/2107/2107 1893/1893/1893
f 1896/1896/1896 2102/2102/2102 2107/2107/2107
f 2102/2102/2102 2151/2151/2151 2107/2107/2107
f 2102/2102/2102 2323/2323/2323 2151/2151/2151
f 440/440/440 294/294/294 444/444/444
f 440/440/440 296/296/296 294/294/294
f 296/296/296 295/295/295 294/294/294
f 296/296/296 297/297/297 295/295/295
f 372/372/372 371/371/371 370/370/370
f 372/372/372 373/373/373 371/371/371
f 373/373/373 481/481/481 371/371/371
f 373/373/373 479/479/479 481/481/481
f 1228/1228/1228 1138/1138/1138 1230/1230/1230
f 1228/1228/1228 1139/1139/1139 1138/1138/1138
f 1139/1139/1139 1136/1136/1136 1138/1138/1138
f 1139/1139/1139 1140/1140/1140 1136/1136/1136
f 1140/1140/1140 1137/1137/1137 1136/1136/1136
f 1140/1140/1140 1141/1141/1141 1137/1137/1137
f 1141/1141/1141 1246/1246/1246 1137/1137/1137
f 1141/1141/1141 1244/1244/1244 1246/1246/1246
f 714/714/714 576/576/576 716/716/716
f 714/714/714 578/578/578 576/576/576
f 578/578/578 577/577/577 576/576/576
f 578/578/578 579/579/579 577/577/577
f 579/579/579 617/617/617 577/577/577
f 579/579/579 616/616/616 617/617/617
f 616/616/616 705/705/705 617/617/617
f 616/616/616 701/701/701 705/705/705
f 2127/2127/2127 2106/2106/2106 2126/2126/2126
f 2127/2127/2127 1894/1894/1894 2106/2106/2106
f 1894/1894/1894 1890/1890/1890 2106/2106/2106
f 1894/1894/1894 1893/1893/1893 1890/1890/1890
f 1893/1893/1893 1891/1891/1891 1890/1890/1890
f 1893/1893/1893 2107/2107/2107 1891/1891/1891
f 2107/2107/2107 2132/2132/2132 1891/1891/1891
f 2107/2107/2107 2151/2151/2151 2132/2132/2132
f 444/444/444 292/292/292 448/448/448
f 444/444/444 294/294/294 292/292/292
f 294/294/294 293/293/293 292/292/292
f 294/294/294 295/295/295 293/293/293
f 370/370/370 369/369/369 368/368/368
f 370/370/370 371/371/371 369/369/369
f 371/371/371 483/483/483 369/369/369
f 371/371/371 481/481/481 483/483/483
f 1230/1230/1230 1127/1127/1127 1232/1232/1232
f 1230/1230/1230 1138/1138/1138 1127/1127/1127
f 1138/1138/1138 1128/1128/1128 1127/1127/1127
f 1138/1138/1138 1136/1136/1136 1128/1128/1128
f 1136/1136/1136 1129/1129/1129 1128/1128/1128
f 1136/1136/1136 1137/1137/1137 1129/1129/1129
f 1137/1137/1137 1248/1248/1248 1129/1129/1129
f 1137/1137/1137 1246/1246/1246 1248/1248/1248
f 716/716/716 574/574/574 718/718/718
f 716/716/716 576/576/576 574/574/574
f 576/576/576 575/575/575 574/574/574
f 576/576/576 577/577/577 575/575/575
f 577/577/577 618/618/618 575/575/575
f 577/577/577 617/617/617 618/618/618
f 617/617/617 707/707/707 618/618/618
f 617/617/617 705/705/705 707/707/707
f 2126/2126/2126 1884/1884/1884 2309/2309/2309
f 2126/2126/2126 2106/2106/2106 1884/1884/1884
f 2106/2106/2106 1885/1885/1885 1884/1884/1884
f 2106/2106/2106 1890/1890/1890 1885/1885/1885
f 1890/1890/1890 1887/1887/1887 1885/1885/1885
f 1890/1890/1890 1891/1891/1891 1887/1887/1887
f 1891/1891/1891 1892/1892/1892 1887/1887/1887
f 1891/1891/1891 2132/2132/2132 1892/1892/1892
f 448/448/448 290/290/290 452/452/452
f 448/448/448 292/292/292 290/290/290
f 292/292/292 291/291/291 290/290/290
f 292/292/292 293/293/293 291/291/291
f 368/368/368 367/367/367 364/364/364
f 368/368/368 369/369/369 367/367/367
f 369/369/369 485/485/485 367/367/367
f 369/369/369 483/483/483 485/485/485
f 1232/1232/1232 1125/1125/1125 1241/1241/1241
f 1232/1232/1232 1127/1127/1127 1125/1125/1125
f 1127/1127/1127 1121/1121/1121 1125/1125/1125
f 1127/1127/1127 1128/1128/1128 1121/1121/1121
f 1128/1128/1128 1124/1124/1124 1121/1121/1121
f 1128/1128/1128 1129/1129/1129 1124/1124/1124
f 1129/1129/1129 1258/1258/1258 1124/1124/1124
f 1129/1129/1129 1248/1248/1248 1258/1258/1258
f 718/718/718 570/570/570 720/720/720
f 718/718/718 574/574/574 570/570/570
f 574/574/574 573/573/573 570/570/570
f 574/574/574 575/575/575 573/573/573
f 575/575/575 619/619/619 573/573/573
f 575/575/575 618/618/618 619/619/619
f 618/618/618 711/711/711 619/619/619
f 618/618/618 707/707/707 711/711/711
f 2309/2309/2309 1869/1869/1869 1866/1866/1866
f 2309/2309/2309 1884/1884/1884 1869/1869/1869
f 1884/1884/1884 1883/1883/1883 1869/1869/1869
f 1884/1884/1884 1885/1885/1885 1883/1883/1883
f 1885/1885/1885 1886/1886/1886 1883/1883/1883
f 1885/1885/1885 1887/1887/1887 1886/1886/1886
f 1887/1887/1887 1888/1888/1888 1886/1886/1886
f 1887/1887/1887 1892/1892/1892 1888/1888/1888
f 452/452/452 286/286/286 454/454/454
f 452/452/452 290/290/290 286/286/286
f 290/290/290 289/289/289 286/286/286
f 290/290/290 291/291/291 289/289/289
f 364/364/364 366/366/366 365/365/365
f 364/364/364 367/367/367 366/366/366
f 367/367/367 486/486/486 366/366/366
f 367/367/367 485/485/485 486/486/486
f 1241/1241/1241 1126/1126/1126 1256/1256/1256
f 1241/1241/1241 1125/1125/1125 1126/1126/1126
f 1125/1125/1125 1122/1122/1122 1126/1126/1126
f 1125/1125/1125 1121/1121/1121 1122/1122/1122
f 1121/1121/1121 1123/1123/1123 1122/1122/1122
f 1121/1121/1121 1124/1124/1124 1123/1123/1123
f 1124/1124/1124 1259/1259/1259 1123/1123/1123
f 1124/1124/1124 1258/1258/1258 1259/1259/1259
f 720/720/720 571/571/571 722/722/722
f 720/720/720 570/570/570 571/571/571
f 570/570/570 572/572/572 571/571/571
f 570/570/570 573/573/573 572/572/572
f 573/573/573 620/620/620 572/572/572
f 573/573/573 619/619/619 620/620/620
f 619/619/619 713/713/713 620/620/620
f 619/619/619 711/711/711 713/713/713
f 1866/1866/1866 1868/1868/1868 1867/1867/1867
f 1866/1866/1866 1869/1869/1869 1868/1868/1868
f 1869/1869/1869 1870/1870/1870 1868/1868/1868
f 1869/1869/1869 1883/1883/1883 1870/1870/1870
f 1883/1883/1883 2197/2197/2197 1870/1870/1870
f 1883/1883/1883 1886/1886/1886 2197/2197/2197
f 1886/1886/1886 1889/1889/1889 2197/2197/2197
f 1886/1886/1886 1888/1888/1888 1889/1889/1889
f 454/454/454 287/287/287 458/458/458
f 454/454/454 286/286/286 287/287/287
f 286/286/286 288/288/288 287/287/287
f 286/286/286 289/289/289 288/288/288
f 112/112/112 114/114/114 113/113/113
f 112/112/112 115/115/115 114/114/114
f 115/115/115 203/203/203 114/114/114
f 115/115/115 204/204/204 203/203/203
f 1005/1005/1005 811/811/811 1006/1006/1006
f 1005/1005/1005 815/815/815 811/811/811
f 815/815/815 812/812/812 811/811/811
f 815/815/815 816/816/816 812/812/812
f 816/816/816 836/836/836 812/812/812
f 816/816/816 844/844/844 836/836/836
f 844/844/844 934/934/934 836/836/836
f 844/844/844 936/936/936 934/934/934
f 1580/1580/1580 1581/1581/1581 1583/1583/1583
f 1580/1580/1580 1582/1582/1582 1581/1581/1581
f 1582/1582/1582 1602/1602/1602 1581/1581/1581
f 1582/1582/1582 1546/1546/1546 1602/1602/1602
f 1546/1546/1546 1540/1540/1540 1602/1602/1602
f 1546/1546/1546 1537/1537/1537 1540/1540/1540
f 1537/1537/1537 1538/1538/1538 1540/1540/1540
f 1537/1537/1537 1539/1539/1539 1538/1538/1538
f 1539/1539/1539 1545/1545/1545 1538/1538/1538
f 1539/1539/1539 1607/1607/1607 1545/1545/1545
f 2030/2030/2030 2027/2027/2027 2037/2037/2037
f 2030/2030/2030 2029/2029/2029 2027/2027/2027
f 2029/2029/2029 2028/2028/2028 2027/2027/2027
f 2029/2029/2029 2038/2038/2038 2028/2028/2028
f 243/243/243 176/176/176 244/244/244
f 243/243/243 175/175/175 176/176/176
f 175/175/175 107/107/107 176/176/176
f 175/175/175 104/104/104 107/107/107
f 104/104/104 105/105/105 107/107/107
f 104/104/104 106/106/106 105/105/105
f 113/113/113 120/120/120 121/121/121
f 113/113/113 114/114/114 120/120/120
f 114/114/114 205/205/205 120/120/120
f 114/114/114 203/203/203 205/205/205
f 1006/1006/1006 807/807/807 1013/1013/1013
f 1006/1006/1006 811/811/811 807/807/807
f 811/811/811 808/808/808 807/807/807
f 811/811/811 812/812/812 808/808/808
f 812/812/812 835/835/835 808/808/808
f 812/812/812 836/836/836 835/835/835
f 836/836/836 932/932/932 835/835/835
f 836/836/836 934/934/934 932/932/932
f 1583/1583/1583 1584/1584/1584 1587/1587/1587
f 1583/1583/1583 1581/1581/1581 1584/1584/1584
f 1581/1581/1581 1585/1585/1585 1584/1584/1584
f 1581/1581/1581 1602/1602/1602 1585/1585/1585
f 1746/1746/1746 1748/1748/1748 1747/1747/1747
f 1602/1602/1602 1540/1540/1540 1551/1551/1551
f 1540/1540/1540 1541/1541/1541 1551/1551/1551
f 1540/1540/1540 1538/1538/1538 1541/1541/1541
f 1538/1538/1538 1543/1543/1543 1541/1541/1541
f 1538/1538/1538 1545/1545/1545 1543/1543/1543
f 2037/2037/2037 2023/2023/2023 2024/2024/2024
f 2037/2037/2037 2027/2027/2027 2023/2023/2023
f 2027/2027/2027 2026/2026/2026 2023/2023/2023
f 2027/2027/2027 2028/2028/2028 2026/2026/2026
f 244/244/244 177/177/177 245/245/245
f 244/244/244 176/176/176 177/177/177
f 176/176/176 109/109/109 177/177/177
f 176/176/176 107/107/107 109/109/109
f 107/107/107 108/108/108 109/109/109
f 107/107/107 105/105/105 108/108/108
f 121/121/121 189/189/189 188/188/188
f 121/121/121 120/120/120 189/189/189
f 120/120/120 212/212/212 189/189/189
f 120/120/120 205/205/205 212/212/212
f 1013/1013/1013 803/803/803 1019/1019/1019
f 1013/1013/1013 807/807/807 803/803/803
f 807/807/807 804/804/804 803/803/803
f 807/807/807 808/808/808 804/804/804
f 808/808/808 834/834/834 804/804/804
f 808/808/808 835/835/835 834/834/834
f 835/835/835 930/930/930 834/834/834
f 835/835/835 932/932/932 930/930/930
f 1587/1587/1587 1588/1588/1588 1594/1594/1594
f 1587/1587/1587 1584/1584/1584 1588/1588/1588
f 1584/1584/1584 1586/1586/1586 1588/1588/1588
f 1584/1584/1584 1585/1585/1585 1586/1586/1586
f 1585/1585/1585 1590/1590/1590 1586/1586/1586
f 1747/1747/1747 1748/1748/1748 1749/1749/1749
f 1551/1551/1551 1548/1548/1548 1590/1590/1590
f 1551/1551/1551 1541/1541/1541 1548/1548/1548
f 1541/1541/1541 1544/1544/1544 1548/1548/1548
f 1541/1541/1541 1543/1543/1543 1544/1544/1544
f 2024/2024/2024 2022/2022/2022 2025/2025/2025
f 2024/2024/2024 2023/2023/2023 2022/2022/2022
f 2023/2023/2023 2020/2020/2020 2022/2022/2022
f 2023/2023/2023 2026/2026/2026 2020/2020/2020
f 245/245/245 211/211/211 246/246/246
f 245/245/245 177/177/177 211/211/211
f 177/177/177 125/125/125 211/211/211
f 177/177/177 109/109/109 125/125/125
f 109/109/109 124/124/124 125/125/125
f 109/109/109 108/108/108 124/124/124
f 188/188/188 219/219/219 218/218/218
f 188/188/188 189/189/189 219/219/219
f 189/189/189 224/224/224 219/219/219
f 189/189/189 212/212/212 224/224/224
f 1019/1019/1019 799/799/799 1025/1025/1025
f 1019/1019/1019 803/803/803 799/799/799
f 803/803/803 800/800/800 799/799/799
f 803/803/803 804/804/804 800/800/800
f 804/804/804 833/833/833 800/800/800
f 804/804/804 834/834/834 833/833/833
f 834/834/834 928/928/928 833/833/833
f 834/834/834 930/930/930 928/928/928
f 930/930/930 1044/1044/1044 928/928/928
f 930/930/930 1045/1045/1045 1044/1044/1044
f 1764/1764/1764 1765/1765/1765 1767/1767/1767
f 1764/1764/1764 1766/1766/1766 1765/1765/1765
f 1766/1766/1766 1768/1768/1768 1765/1765/1765
f 1766/1766/1766 1769/1769/1769 1768/1768/1768
f 1590/1590/1590 1552/1552/1552 1591/1591/1591
f 1590/1590/1590 1548/1548/1548 1552/1552/1552
f 1548/1548/1548 1549/1549/1549 1552/1552/1552
f 1548/1548/1548 1544/1544/1544 1549/1549/1549
f 2025/2025/2025 2036/2036/2036 2195/2195/2195
f 2025/2025/2025 2022/2022/2022 2036/2036/2036
f 2022/2022/2022 2018/2018/2018 2036/2036/2036
f 2022/2022/2022 2020/2020/2020 2018/2018/2018
f 2020/2020/2020 2019/2019/2019 2018/2018/2018
f 2020/2020/2020 2021/2021/2021 2019/2019/2019
f 211/211/211 215/215/215 223/223/223
f 211/211/211 125/125/125 215/215/215
f 125/125/125 214/214/214 215/215/215
f 125/125/125 124/124/124 214/214/214
f 218/218/218 232/232/232 231/231/231
f 218/218/218 219/219/219 232/232/232
f 219/219/219 235/235/235 232/232/232
f 219/219/219 224/224/224 235/235/235
f 1025/1025/1025 787/787/787 786/786/786
f 1025/1025/1025 799/799/799 787/787/787
f 799/799/799 796/796/796 787/787/787
f 799/799/799 800/800/800 796/796/796
f 800/800/800 832/832/832 796/796/796
f 800/800/800 833/833/833 832/832/832
f 833/833/833 926/926/926 832/832/832
f 833/833/833 928/928/928 926/926/926
f 928/928/928 1043/1043/1043 926/926/926
f 928/928/928 1044/1044/1044 1043/1043/1043
f 1378/1378/1378 1359/1359/1359 1362/1362/1362
f 1378/1378/1378 1366/1366/1366 1359/1359/1359
f 1366/1366/1366 1360/1360/1360 1359/1359/1359
f 1366/1366/1366 1367/1367/1367 1360/1360/1360
f 1367/1367/1367 1363/1363/1363 1360/1360/1360
f 1367/1367/1367 1380/1380/1380 1363/1363/1363
f 1380/1380/1380 1390/1390/1390 1363/1363/1363
f 1380/1380/1380 1392/1392/1392 1390/1390/1390
f 2195/2195/2195 2253/2253/2253 2278/2278/2278
f 2195/2195/2195 2036/2036/2036 2253/2253/2253
f 2036/2036/2036 2016/2016/2016 2253/2253/2253
f 2036/2036/2036 2018/2018/2018 2016/2016/2016
f 2018/2018/2018 2017/2017/2017 2016/2016/2016
f 2018/2018/2018 2019/2019/2019 2017/2017/2017
f 223/223/223 227/227/227 230/230/230
f 223/223/223 215/215/215 227/227/227
f 215/215/215 226/226/226 227/227/227
f 215/215/215 214/214/214 226/226/226
f 2074/2074/2074 2072/2072/2072 2073/2073/2073
f 2074/2074/2074 2075/2075/2075 2072/2072/2072
f 232/232/232 250/250/250 251/251/251
f 232/232/232 235/235/235 250/250/250
f 786/786/786 783/783/783 782/782/782
f 786/786/786 787/787/787 783/783/783
f 787/787/787 794/794/794 783/783/783
f 787/787/787 796/796/796 794/794/794
f 796/796/796 831/831/831 794/794/794
f 796/796/796 832/832/832 831/831/831
f 832/832/832 924/924/924 831/831/831
f 832/832/832 926/926/926 924/924/924
f 1376/1376/1376 1358/1358/1358 1375/1375/1375
f 1376/1376/1376 1362/1362/1362 1358/1358/1358
f 1362/1362/1362 1349/1349/1349 1358/1358/1358
f 1362/1362/1362 1359/1359/1359 1349/1349/1349
f 1359/1359/1359 1338/1338/1338 1349/1349/1349
f 1359/1359/1359 1360/1360/1360 1338/1338/1338
f 1360/1360/1360 1339/1339/1339 1338/1338/1338
f 1360/1360/1360 1363/1363/1363 1339/1339/1339
f 1363/1363/1363 1388/1388/1388 1339/1339/1339
f 1363/1363/1363 1390/1390/1390 1388/1388/1388
f 2278/2278/2278 2267/2267/2267 2288/2288/2288
f 2278/2278/2278 2253/2253/2253 2267/2267/2267
f 2253/2253/2253 2015/2015/2015 2267/2267/2267
f 2253/2253/2253 2016/2016/2016 2015/2015/2015
f 2016/2016/2016 2014/2014/2014 2015/2015/2015
f 2016/2016/2016 2017/2017/2017 2014/2014/2014
f 2017/2017/2017 2040/2040/2040 2014/2014/2014
f 2017/2017/2017 2256/2256/2256 2040/2040/2040
f 2395/2395/2395 2394/2394/2394 2392/2392/2392
f 2256/2256/2256 2258/2258/2258 2257/2257/2257
f 2073/2073/2073 2068/2068/2068 2260/2260/2260
f 2073/2073/2073 2072/2072/2072 2068/2068/2068
f 2072/2072/2072 2071/2071/2071 2068/2068/2068
f 2072/2072/2072 2076/2076/2076 2071/2071/2071
f 782/782/782 781/781/781 778/778/778
f 782/782/782 783/783/783 781/781/781
f 783/783/783 791/791/791 781/781/781
f 783/783/783 794/794/794 791/791/791
f 794/794/794 829/829/829 791/791/791
f 794/794/794 831/831/831 829/829/829
f 831/831/831 922/922/922 829/829/829
f 831/831/831 924/924/924 922/922/922
f 1375/1375/1375 1355/1355/1355 1372/1372/1372
f 1375/1375/1375 1358/1358/1358 1355/1355/1355
f 1358/1358/1358 1346/1346/1346 1355/1355/1355
f 1358/1358/1358 1349/1349/1349 1346/1346/1346
f 1349/1349/1349 1328/1328/1328 1346/1346/1346
f 1349/1349/1349 1338/1338/1338 1328/1328/1328
f 1338/1338/1338 1331/1331/1331 1328/1328/1328
f 1338/1338/1338 1339/1339/1339 1331/1331/1331
f 1339/1339/1339 1385/1385/1385 1331/1331/1331
f 1339/1339/1339 1388/1388/1388 1385/1385/1385
f 2396/2396/2396 2398/2398/2398 2397/2397/2397
f 2288/2288/2288 2267/2267/2267 2290/2290/2290
f 2267/2267/2267 2055/2055/2055 2290/2290/2290
f 2267/2267/2267 2015/2015/2015 2055/2055/2055
f 2015/2015/2015 2010/2010/2010 2055/2055/2055
f 2015/2015/2015 2014/2014/2014 2010/2010/2010
f 2014/2014/2014 2013/2013/2013 2010/2010/2010
f 2014/2014/2014 2040/2040/2040 2013/2013/2013
f 2040/2040/2040 2259/2259/2259 2013/2013/2013
f 2392/2392/2392 2394/2394/2394 2393/2393/2393
f 2260/2260/2260 2069/2069/2069 2261/2261/2261
f 2260/2260/2260 2068/2068/2068 2069/2069/2069
f 2068/2068/2068 2070/2070/2070 2069/2069/2069
f 2068/2068/2068 2071/2071/2071 2070/2070/2070
f 778/778/778 780/780/780 779/779/779
f 778/778/778 781/781/781 780/780/780
f 781/781/781 790/790/790 780/780/780
f 781/781/781 791/791/791 790/790/790
f 791/791/791 828/828/828 790/790/790
f 791/791/791 829/829/829 828/828/828
f 829/829/829 921/921/921 828/828/828
f 829/829/829 922/922/922 921/921/921
f 1372/1372/1372 1356/1356/1356 1373/1373/1373
f 1372/1372/1372 1355/1355/1355 1356/1356/1356
f 1355/1355/1355 1347/1347/1347 1356/1356/1356
f 1355/1355/1355 1346/1346/1346 1347/1347/1347
f 1346/1346/1346 1329/1329/1329 1347/1347/1347
f 1346/1346/1346 1328/1328/1328 1329/1329/1329
f 1328/1328/1328 1330/1330/1330 1329/1329/1329
f 1328/1328/1328 1331/1331/1331 1330/1330/1330
f 1331/1331/1331 1384/1384/1384 1330/1330/1330
f 1331/1331/1331 1385/1385/1385 1384/1384/1384
f 2275/2275/2275 2277/2277/2277 2276/2276/2276
f 2275/2275/2275 2290/2290/2290 2277/2277/2277
f 2290/2290/2290 2251/2251/2251 2277/2277/2277
f 2290/2290/2290 2055/2055/2055 2251/2251/2251
f 2055/2055/2055 2011/2011/2011 2251/2251/2251
f 2055/2055/2055 2010/2010/2010 2011/2011/2011
f 2010/2010/2010 2012/2012/2012 2011/2011/2011
f 2010/2010/2010 2013/2013/2013 2012/2012/2012
f 2013/2013/2013 2054/2054/2054 2012/2012/2012
f 2013/2013/2013 2259/2259/2259 2054/2054/2054
f 2291/2291/2291 2292/2292/2292 2281/2281/2281
f 2291/2291/2291 2077/2077/2077 2292/2292/2292
f 2077/2077/2077 2078/2078/2078 2292/2292/2292
f 2077/2077/2077 2079/2079/2079 2078/2078/2078
f 774/774/774 775/775/775 777/777/777
f 774/774/774 776/776/776 775/775/775
f 776/776/776 792/792/792 775/775/775
f 776/776/776 793/793/793 792/792/792
f 793/793/793 825/825/825 792/792/792
f 793/793/793 830/830/830 825/825/825
f 830/830/830 919/919/919 825/825/825
f 830/830/830 920/920/920 919/919/919
f 1370/1370/1370 1354/1354/1354 1371/1371/1371
f 1370/1370/1370 1353/1353/1353 1354/1354/1354
f 1353/1353/1353 1345/1345/1345 1354/1354/1354
f 1353/1353/1353 1344/1344/1344 1345/1345/1345
f 1344/1344/1344 1335/1335/1335 1345/1345/1345
f 1344/1344/1344 1332/1332/1332 1335/1335/1335
f 1332/1332/1332 1333/1333/1333 1335/1335/1335
f 1332/1332/1332 1334/1334/1334 1333/1333/1333
f 1334/1334/1334 1386/1386/1386 1333/1333/1333
f 1334/1334/1334 1387/1387/1387 1386/1386/1386
f 2399/2399/2399 2401/2401/2401 2400/2400/2400
f 2280/2280/2280 2271/2271/2271 2279/2279/2279
f 2271/2271/2271 2058/2058/2058 2279/2279/2279
f 2271/2271/2271 2003/2003/2003 2058/2058/2058
f 2003/2003/2003 2000/2000/2000 2058/2058/2058
f 2003/2003/2003 2002/2002/2002 2000/2000/2000
f 2002/2002/2002 2001/2001/2001 2000/2000/2000
f 2002/2002/2002 2004/2004/2004 2001/2001/2001
f 2004/2004/2004 2005/2005/2005 2001/2001/2001
f 2004/2004/2004 2059/2059/2059 2005/2005/2005
f 2281/2281/2281 2283/2283/2283 2282/2282/2282
f 2281/2281/2281 2292/2292/2292 2283/2283/2283
f 2292/2292/2292 2310/2310/2310 2283/2283/2283
f 2402/2402/2402 2404/2404/2404 2403/2403/2403
f 777/777/777 784/784/784 785/785/785
f 777/777/777 775/775/775 784/784/784
f 775/775/775 795/795/795 784/784/784
f 775/775/775 792/792/792 795/795/795
f 792/792/792 824/824/824 795/795/795
f 792/792/792 825/825/825 824/824/824
f 825/825/825 923/923/923 824/824/824
f 825/825/825 919/919/919 923/923/923
f 1371/1371/1371 1357/1357/1357 1374/1374/1374
f 1371/1371/1371 1354/1354/1354 1357/1357/1357
f 1354/1354/1354 1348/1348/1348 1357/1357/1357
f 1354/1354/1354 1345/1345/1345 1348/1348/1348
f 1345/1345/1345 1337/1337/1337 1348/1348/1348
f 1345/1345/1345 1335/1335/1335 1337/1337/1337
f 1335/1335/1335 1336/1336/1336 1337/1337/1337
f 1335/1335/1335 1333/1333/1333 1336/1336/1336
f 1333/1333/1333 1389/1389/1389 1336/1336/1336
f 1333/1333/1333 1386/1386/1386 1389/1389/1389
f 2263/2263/2263 2080/2080/2080 2254/2254/2254
f 2263/2263/2263 2279/2279/2279 2080/2080/2080
f 2279/2279/2279 1996/1996/1996 2080/2080/2080
f 2279/2279/2279 2058/2058/2058 1996/1996/1996
f 2058/2058/2058 1997/1997/1997 1996/1996/1996
f 2058/2058/2058 2000/2000/2000 1997/1997/1997
f 2000/2000/2000 1999/1999/1999 1997/1997/1997
f 2000/2000/2000 2001/2001/2001 1999/1999/1999
f 2001/2001/2001 2057/2057/2057 1999/1999/1999
f 2001/2001/2001 2005/2005/2005 2057/2057/2057
f 2282/2282/2282 2285/2285/2285 2284/2284/2284
f 2282/2282/2282 2283/2283/2283 2285/2285/2285
f 531/531/531 519/519/519 516/516/516
f 531/531/531 532/532/532 519/519/519
f 785/785/785 798/798/798 1031/1031/1031
f 785/785/785 784/784/784 798/798/798
f 784/784/784 797/797/797 798/798/798
f 784/784/784 795/795/795 797/797/797
f 795/795/795 823/823/823 797/797/797
f 795/795/795 824/824/824 823/823/823
f 824/824/824 925/925/925 823/823/823
f 824/824/824 923/923/923 925/925/925
f 1374/1374/1374 1361/1361/1361 1377/1377/1377
f 1374/1374/1374 1357/1357/1357 1361/1361/1361
f 1357/1357/1357 1350/1350/1350 1361/1361/1361
f 1357/1357/1357 1348/1348/1348 1350/1350/1350
f 1348/1348/1348 1341/1341/1341 1350/1350/1350
f 1348/1348/1348 1337/1337/1337 1341/1341/1341
f 1337/1337/1337 1340/1340/1340 1341/1341/1341
f 1337/1337/1337 1336/1336/1336 1340/1340/1340
f 1336/1336/1336 1391/1391/1391 1340/1340/1340
f 1336/1336/1336 1389/1389/1389 1391/1391/1391
f 2254/2254/2254 1992/1992/1992 2081/2081/2081
f 2254/2254/2254 2080/2080/2080 1992/1992/1992
f 2080/2080/2080 1993/1993/1993 1992/1992/1992
f 2080/2080/2080 1996/1996/1996 1993/1993/1993
f 1996/1996/1996 1995/1995/1995 1993/1993/1993
f 1996/1996/1996 1997/1997/1997 1995/1995/1995
f 1997/1997/1997 1998/1998/1998 1995/1995/1995
f 1997/1997/1997 1999/1999/1999 1998/1998/1998
f 1999/1999/1999 2056/2056/2056 1998/1998/1998
f 1999/1999/1999 2057/2057/2057 2056/2056/2056
f 515/515/515 505/505/505 504/504/504
f 515/515/515 516/516/516 505/505/505
f 516/516/516 509/509/509 505/505/505
f 516/516/516 519/519/519 509/509/509
f 1031/1031/1031 802/802/802 1026/1026/1026
f 1031/1031/1031 798/798/798 802/802/802
f 798/798/798 801/801/801 802/802/802
f 798/798/798 797/797/797 801/801/801
f 797/797/797 822/822/822 801/801/801
f 797/797/797 823/823/823 822/822/822
f 823/823/823 927/927/927 822/822/822
f 823/823/823 925/925/925 927/927/927
f 925/925/925 1040/1040/1040 927/927/927
f 925/925/925 1041/1041/1041 1040/1040/1040
f 1361/1361/1361 1365/1365/1365 1379/1379/1379
f 1361/1361/1361 1350/1350/1350 1365/1365/1365
f 1350/1350/1350 1364/1364/1364 1365/1365/1365
f 1350/1350/1350 1341/1341/1341 1364/1364/1364
f 1341/1341/1341 1381/1381/1381 1364/1364/1364
f 1341/1341/1341 1340/1340/1340 1381/1381/1381
f 1340/1340/1340 1393/1393/1393 1381/1381/1381
f 1340/1340/1340 1391/1391/1391 1393/1393/1393
f 2081/2081/2081 1990/1990/1990 2082/2082/2082
f 2081/2081/2081 1992/1992/1992 1990/1990/1990
f 1992/1992/1992 1991/1991/1991 1990/1990/1990
f 1992/1992/1992 1993/1993/1993 1991/1991/1991
f 1993/1993/1993 1994/1994/1994 1991/1991/1991
f 1993/1993/1993 1995/1995/1995 1994/1994/1994
f 514/514/514 500/500/500 506/506/506
f 514/514/514 512/512/512 500/500/500
f 512/512/512 501/501/501 500/500/500
f 512/512/512 513/513/513 501/501/501
f 504/504/504 471/471/471 470/470/470
f 504/504/504 505/505/505 471/471/471
f 505/505/505 497/497/497 471/471/471
f 505/505/505 509/509/509 497/497/497
f 1026/1026/1026 806/806/806 1020/1020/1020
f 1026/1026/1026 802/802/802 806/806/806
f 802/802/802 805/805/805 806/806/806
f 802/802/802 801/801/801 805/805/805
f 801/801/801 821/821/821 805/805/805
f 801/801/801 822/822/822 821/821/821
f 822/822/822 929/929/929 821/821/821
f 822/822/822 927/927/927 929/929/929
f 927/927/927 1042/1042/1042 929/929/929
f 927/927/927 1040/1040/1040 1042/1042/1042
f 736/736/736 653/653/653 652/652/652
f 736/736/736 737/737/737 653/653/653
f 737/737/737 656/656/656 653/653/653
f 737/737/737 740/740/740 656/656/656
f 740/740/740 744/744/744 656/656/656
f 740/740/740 748/748/748 744/744/744
f 1381/1381/1381 1394/1394/1394 1395/1395/1395
f 1381/1381/1381 1393/1393/1393 1394/1394/1394
f 2082/2082/2082 1988/1988/1988 2083/2083/2083
f 2082/2082/2082 1990/1990/1990 1988/1988/1988
f 1990/1990/1990 1989/1989/1989 1988/1988/1988
f 1990/1990/1990 1991/1991/1991 1989/1989/1989
f 1991/1991/1991 2084/2084/2084 1989/1989/1989
f 1991/1991/1991 1994/1994/1994 2084/2084/2084
f 506/506/506 410/410/410 494/494/494
f 506/506/506 500/500/500 410/410/410
f 500/500/500 411/411/411 410/410/410
f 500/500/500 501/501/501 411/411/411
f 470/470/470 407/407/407 406/406/406
f 470/470/470 471/471/471 407/407/407
f 471/471/471 493/493/493 407/407/407
f 471/471/471 497/497/497 493/493/493
f 1020/1020/1020 810/810/810 1014/1014/1014
f 1020/1020/1020 806/806/806 810/810/810
f 806/806/806 809/809/809 810/810/810
f 806/806/806 805/805/805 809/809/809
f 805/805/805 820/820/820 809/809/809
f 805/805/805 821/821/821 820/820/820
f 821/821/821 931/931/931 820/820/820
f 821/821/821 929/929/929 931/931/931
f 743/743/743 648/648/648 732/732/732
f 743/743/743 652/652/652 648/648/648
f 652/652/652 649/649/649 648/648/648
f 652/652/652 653/653/653 649/649/649
f 653/653/653 650/650/650 649/649/649
f 653/653/653 656/656/656 650/650/650
f 656/656/656 734/734/734 650/650/650
f 656/656/656 744/744/744 734/734/734
f 744/744/744 756/756/756 734/734/734
f 744/744/744 757/757/757 756/756/756
f 2083/2083/2083 1986/1986/1986 1983/1983/1983
f 2083/2083/2083 1988/1988/1988 1986/1986/1986
f 1988/1988/1988 1987/1987/1987 1986/1986/1986
f 1988/1988/1988 1989/1989/1989 1987/1987/1987
f 530/530/530 465/465/465 529/529/529
f 530/530/530 494/494/494 465/465/465
f 494/494/494 326/326/326 465/465/465
f 494/494/494 410/410/410 326/326/326
f 410/410/410 327/327/327 326/326/326
f 410/410/410 411/411/411 327/327/327
f 406/406/406 403/403/403 400/400/400
f 406/406/406 407/407/407 403/403/403
f 407/407/407 492/492/492 403/403/403
f 407/407/407 493/493/493 492/492/492
f 1014/1014/1014 814/814/814 1007/1007/1007
f 1014/1014/1014 810/810/810 814/814/814
f 810/810/810 813/813/813 814/814/814
f 810/810/810 809/809/809 813/813/813
f 809/809/809 819/819/819 813/813/813
f 809/809/809 820/820/820 819/819/819
f 820/820/820 933/933/933 819/819/819
f 820/820/820 931/931/931 933/933/933
f 732/732/732 640/640/640 726/726/726
f 732/732/732 648/648/648 640/640/640
f 648/648/648 643/643/643 640/640/640
f 648/648/648 649/649/649 643/643/643
f 649/649/649 645/645/645 643/643/643
f 649/649/649 650/650/650 645/645/645
f 650/650/650 729/729/729 645/645/645
f 650/650/650 734/734/734 729/729/729
f 734/734/734 755/755/755 729/729/729
f 734/734/734 756/756/756 755/755/755
f 1983/1983/1983 1982/1982/1982 1979/1979/1979
f 1983/1983/1983 1986/1986/1986 1982/1982/1982
f 1986/1986/1986 1985/1985/1985 1982/1982/1982
f 1986/1986/1986 1987/1987/1987 1985/1985/1985
f 529/529/529 463/463/463 527/527/527
f 529/529/529 465/465/465 463/463/463
f 465/465/465 318/318/318 463/463/463
f 465/465/465 326/326/326 318/318/318
f 326/326/326 321/321/321 318/318/318
f 326/326/326 327/327/327 321/321/321
f 400/400/400 402/402/402 401/401/401
f 400/400/400 403/403/403 402/402/402
f 403/403/403 491/491/491 402/402/402
f 403/403/403 492/492/492 491/491/491
f 1007/1007/1007 818/818/818 1008/1008/1008
f 1007/1007/1007 814/814/814 818/818/818
f 814/814/814 817/817/817 818/818/818
f 814/814/814 813/813/813 817/817/817
f 813/813/813 837/837/837 817/817/817
f 813/813/813 819/819/819 837/837/837
f 819/819/819 935/935/935 837/837/837
f 819/819/819 933/933/933 935/935/935
f 726/726/726 641/641/641 727/727/727
f 726/726/726 640/640/640 641/641/641
f 640/640/640 642/642/642 641/641/641
f 640/640/640 643/643/643 642/642/642
f 643/643/643 644/644/644 642/642/642
f 643/643/643 645/645/645 644/644/644
f 645/645/645 728/728/728 644/644/644
f 645/645/645 729/729/729 728/728/728
f 729/729/729 754/754/754 728/728/728
f 729/729/729 755/755/755 754/754/754
f 1979/1979/1979 1981/1981/1981 1980/1980/1980
f 1979/1979/1979 1982/1982/1982 1981/1981/1981
f 1982/1982/1982 1984/1984/1984 1981/1981/1981
f 1982/1982/1982 1985/1985/1985 1984/1984/1984
f 527/527/527 464/464/464 528/528/528
f 527/527/527 463/463/463 464/464/464
f 463/463/463 319/319/319 464/464/464
f 463/463/463 318/318/318 319/319/319
f 318/318/318 320/320/320 319/319/319
f 318/318/318 321/321/321 320/320/320
f 2062/2062/2062 2064/2064/2064 2063/2063/2063
f 2062/2062/2062 2065/2065/2065 2064/2064/2064
f 2065/2065/2065 2066/2066/2066 2064/2064/2064
f 2065/2065/2065 2067/2067/2067 2066/2066/2066
f 770/770/770 772/772/772 771/771/771
f 770/770/770 773/773/773 772/772/772
f 773/773/773 788/788/788 772/772/772
f 773/773/773 789/789/789 788/788/788
f 789/789/789 826/826/826 788/788/788
f 789/789/789 827/827/827 826/826/826
f 827/827/827 917/917/917 826/826/826
f 827/827/827 918/918/918 917/917/917
f 1368/1368/1368 1352/1352/1352 1369/1369/1369
f 1368/1368/1368 1351/1351/1351 1352/1352/1352
f 1351/1351/1351 1343/1343/1343 1352/1352/1352
f 1351/1351/1351 1342/1342/1342 1343/1343/1343
f 1342/1342/1342 1325/1325/1325 1343/1343/1343
f 1342/1342/1342 1324/1324/1324 1325/1325/1325
f 1324/1324/1324 1326/1326/1326 1325/1325/1325
f 1324/1324/1324 1327/1327/1327 1326/1326/1326
f 1327/1327/1327 1382/1382/1382 1326/1326/1326
f 1327/1327/1327 1383/1383/1383 1382/1382/1382
f 2273/2273/2273 2272/2272/2272 2274/2274/2274
f 2273/2273/2273 2252/2252/2252 2272/2272/2272
f 2252/2252/2252 2250/2250/2250 2272/2272/2272
f 2252/2252/2252 2249/2249/2249 2250/2250/2250
f 2249/2249/2249 2007/2007/2007 2250/2250/2250
f 2249/2249/2249 2006/2006/2006 2007/2007/2007
f 2006/2006/2006 2008/2008/2008 2007/2007/2007
f 2006/2006/2006 2009/2009/2009 2008/2008/2008
f 2009/2009/2009 2060/2060/2060 2008/2008/2008
f 2009/2009/2009 2061/2061/2061 2060/2060/2060
g mat0m0s13
usemtl textures/metal_vertex/vertex_aluminium
v -10.250000 196.000000 122.250000
vt 0.234375 1.000000
vn 0.948683 0.000000 -0.316228
v -10.000000 12.000000 124.000000
vt 0.250000 2.750000
vn 1.000000 0.000000 -0.000000
v -10.000000 196.000000 124.000000
vt 0.250000 1.000000
vn 1.000000 0.000000 -0.000000
v -10.250000 12.000000 122.250000
vt 0.234375 2.750000
vn 0.948683 0.000000 -0.316228
v -11.000000 196.000000 121.000000
vt 0.218750 1.000000
vn 0.707107 0.000000 -0.707107
v -11.000000 12.000000 121.000000
vt 0.218750 2.750000
vn 0.707107 0.000000 -0.707107
v -10.000000 196.000000 124.000000
vt 0.000000 1.000000
vn 1.000000 0.000000 -0.000000
v -10.000000 12.000000 124.000000
vt 0.000000 2.750000
vn 1.000000 0.000000 -0.000000
v -10.250000 12.000000 125.750000
vt 0.015625 2.750000
vn 0.948683 0.000000 0.316228
v -10.250000 196.000000 125.750000
vt 0.015625 1.000000
vn 0.948683 0.000000 0.316228
v -11.000000 12.000000 127.000000
vt 0.031250 2.750000
vn 0.707107 0.000000 0.707107
v -11.000000 196.000000 127.000000
vt 0.031250 1.000000
vn 0.707107 0.000000 0.707107
v -14.000000 196.000000 128.000000
vt 0.062500 1.000000
vn 0.000000 0.000000 1.000000
v -14.000000 12.000000 128.000000
vt 0.062500 2.750000
vn 0.000000 0.000000 1.000000
v -15.750000 12.000000 127.750000
vt 0.078125 2.750000
vn -0.316228 0.000000 0.948683
v -15.750000 196.000000 127.750000
vt 0.078125 1.000000
vn -0.316228 0.000000 0.948683
v -12.250000 196.000000 127.750000
vt 0.046875 1.000000
vn 0.316228 0.000000 0.948683
v -12.250000 12.000000 127.750000
vt 0.046875 2.750000
vn 0.316228 0.000000 0.948683
v -11.000000 196.000000 127.000000
vt 0.031250 1.000000
vn 0.707107 0.000000 0.707107
v -11.000000 12.000000 127.000000
vt 0.031250 2.750000
vn 0.707107 0.000000 0.707107
v -17.000000 12.000000 127.000000
vt 0.093750 2.750000
vn -0.707107 0.000000 0.707107
v -17.000000 196.000000 127.000000
vt 0.093750 1.000000
vn -0.707107 0.000000 0.707107
v -18.000000 196.000000 124.000000
vt 0.125000 1.000000
vn -1.000000 0.000000 -0.000000
v -17.750000 12.000000 122.250000
vt 0.140625 2.750000
vn -0.948683 0.000000 -0.316228
v -17.750000 196.000000 122.250000
vt 0.140625 1.000000
vn -0.948683 0.000000 -0.316228
v -18.000000 12.000000 124.000000
vt 0.125000 2.750000
vn -1.000000 0.000000 -0.000000
v -17.750000 196.000000 125.750000
vt 0.109375 1.000000
vn -0.948683 0.000000 0.316228
v -17.750000 12.000000 125.750000
vt 0.109375 2.750000
vn -0.948683 0.000000 0.316228
v -17.000000 196.000000 127.000000
vt 0.093750 1.000000
vn -0.707107 0.000000 0.707107
v -17.000000 12.000000 127.000000
vt 0.093750 2.750000
vn -0.707107 0.000000 0.707107
v -17.000000 12.000000 121.000000
vt 0.156250 2.750000
vn -0.707107 0.000000 -0.707107
v -17.000000 196.000000 121.000000
vt 0.156250 1.000000
vn -0.707107 0.000000 -0.707107
v -15.750000 196.000000 120.250000
vt 0.171875 1.000000
vn -0.316228 0.000000 -0.948683
v -14.000000 12.000000 120.000000
vt 0.187500 2.750000
vn 0.000000 0.000000 -1.000000
v -14.000000 196.000000 120.000000
vt 0.187500 1.000000
vn 0.000000 0.000000 -1.000000
v -15.750000 12.000000 120.250000
vt 0.171875 2.750000
vn -0.316228 0.000000 -0.948683
v -12.250000 12.000000 120.250000
vt 0.203125 2.750000
vn 0.316228 0.000000 -0.948683
v -12.250000 196.000000 120.250000
vt 0.203125 1.000000
vn 0.316228 0.000000 -0.948683
v -11.000000 12.000000 121.000000
vt 0.218750 2.750000
vn 0.707107 0.000000 -0.707107
v -11.000000 196.000000 121.000000
vt 0.218750 1.000000
vn 0.707107 0.000000 -0.707107
v -17.000000 196.000000 121.000000
vt 0.156250 1.000000
vn -0.707107 0.000000 -0.707107
v -17.000000 12.000000 121.000000
vt 0.156250 2.750000
vn -0.707107 0.000000 -0.707107
v -28.088867 4.500000 127.354492
vt 0.468750 1.108387
vn -0.801103 0.587483 0.114443
v -29.011719 3.000000 127.574219
vt 0.468750 1.124632
vn -0.884085 0.449936 0.126298
v -29.250000 3.000000 124.000000
vt 0.500000 1.124632
vn -0.894427 0.447214 -0.000000
v -28.312500 4.500000 124.000000
vt 0.500000 1.108387
vn -0.811242 0.584710 -0.000000
v -29.011719 3.000000 120.425781
vt 0.531250 1.124632
vn -0.884085 0.449936 -0.126298
v -28.088867 4.500000 120.645508
vt 0.531250 1.108387
vn -0.801103 0.587483 -0.114443
v -27.000000 6.000000 124.000000
vt 0.500000 1.090330
vn -0.707107 0.707107 -0.000000
v -26.796875 6.000000 120.953125
vt 0.531250 1.090330
vn -0.697336 0.709788 -0.099619
v -26.796875 6.000000 127.046875
vt 0.468750 1.090330
vn -0.697336 0.709788 0.099619
v -27.417969 4.500000 117.738281
vt 0.562500 1.108387
vn -0.762699 0.594690 -0.254233
v -26.187500 6.000000 118.312500
vt 0.562500 1.090330
vn -0.661581 0.716713 -0.220527
v -28.296875 3.000000 117.328125
vt 0.562500 1.124632
vn -0.843795 0.457056 -0.281265
v -25.312500 7.500000 124.000000
vt 0.500000 1.070464
vn -0.633989 0.773342 -0.000000
v -25.135742 7.500000 121.348633
vt 0.531250 1.070464
vn -0.624818 0.775651 -0.089260
v -25.135742 7.500000 126.651367
vt 0.468750 1.070464
vn -0.624818 0.775651 0.089260
v -24.605469 7.500000 119.050781
vt 0.562500 1.070464
vn -0.591777 0.781593 -0.197259
v -26.187500 6.000000 129.687500
vt 0.437500 1.090330
vn -0.661581 0.716713 0.220527
v -27.417969 4.500000 130.261719
vt 0.437500 1.108387
vn -0.762699 0.594690 0.254233
v -24.605469 7.500000 128.949219
vt 0.437500 1.070464
vn -0.591777 0.781593 0.197259
v -23.250000 9.000000 124.000000
vt 0.500000 1.048787
vn -0.554700 0.832050 -0.000000
v -23.105469 9.000000 121.832031
vt 0.531250 1.048787
vn -0.546237 0.833988 -0.078034
v -23.105469 9.000000 126.167969
vt 0.468750 1.048787
vn -0.546237 0.833988 0.078034
v -22.671875 9.000000 119.953125
vt 0.562500 1.048787
vn -0.516278 0.838952 -0.172093
v -22.671875 9.000000 128.046875
vt 0.437500 1.048787
vn -0.516278 0.838952 0.172093
v -18.000000 12.000000 124.000000
vt 0.500000 1.000000
vn -0.447214 0.894427 -0.000000
v -17.937500 12.000000 123.062500
vt 0.531250 1.000000
vn -0.440032 0.895779 -0.062862
v -17.937500 12.000000 124.937500
vt 0.468750 1.000000
vn -0.440032 0.895779 0.062862
v -17.750000 12.000000 122.250000
vt 0.562500 1.000000
vn -0.415029 0.899229 -0.138343
v -17.750000 12.000000 125.750000
vt 0.437500 1.000000
vn -0.415029 0.899229 0.138343
v -23.721680 7.500000 117.106445
vt 0.593750 1.070464
vn -0.527883 0.788049 -0.316730
v -21.949219 9.000000 118.363281
vt 0.593750 1.048787
vn -0.459489 0.844312 -0.275694
v -17.437500 12.000000 121.562500
vt 0.593750 1.000000
vn -0.368542 0.902929 -0.221125
v -25.171875 6.000000 116.078125
vt 0.593750 1.090330
vn -0.591248 0.724279 -0.354749
v -21.949219 9.000000 129.636719
vt 0.406250 1.048787
vn -0.459489 0.844312 0.275694
v -23.721680 7.500000 130.893555
vt 0.406250 1.070464
vn -0.527883 0.788049 0.316730
v -17.437500 12.000000 126.437500
vt 0.406250 1.000000
vn -0.368542 0.902929 0.221125
v -25.171875 6.000000 131.921875
vt 0.406250 1.090330
vn -0.591248 0.724279 0.354749
v -26.299805 4.500000 115.278320
vt 0.593750 1.108387
vn -0.684293 0.602637 -0.410576
v -20.937500 9.000000 117.062500
vt 0.625000 1.048787
vn -0.376288 0.846649 -0.376288
v -17.000000 12.000000 121.000000
vt 0.625000 1.000000
vn -0.301511 0.904534 -0.301511
v -22.484375 7.500000 115.515625
vt 0.625000 1.070464
vn -0.432731 0.790877 -0.432731
v -23.750000 6.000000 114.250000
vt 0.625000 1.090330
vn -0.485071 0.727607 -0.485071
v -26.299805 4.500000 132.721680
vt 0.406250 1.108387
vn -0.684293 0.602637 0.410576
v -17.000000 12.000000 127.000000
vt 0.375000 1.000000
vn -0.301511 0.904534 0.301511
v -20.937500 9.000000 130.937500
vt 0.375000 1.048787
vn -0.376288 0.846649 0.376288
v -22.484375 7.500000 132.484375
vt 0.375000 1.070464
vn -0.432731 0.790877 0.432731
v -28.296875 3.000000 130.671875
vt 0.437500 1.124632
vn -0.843795 0.457056 0.281265
v -23.750000 6.000000 133.750000
vt 0.375000 1.090330
vn -0.485071 0.727607 0.485071
v -24.734375 4.500000 113.265625
vt 0.625000 1.108387
vn -0.562393 0.606158 -0.562393
v -27.105469 3.000000 114.707031
vt 0.593750 1.124632
vn -0.759155 0.464983 -0.455493
v -27.105469 3.000000 133.292969
vt 0.406250 1.124632
vn -0.759156 0.464983 0.455493
v -24.734375 4.500000 134.734375
vt 0.375000 1.108387
vn -0.562393 0.606158 0.562393
v -29.565430 1.500000 120.293945
vt 0.531250 1.139067
vn -0.963120 0.231235 -0.137589
v -29.812500 1.500000 124.000000
vt 0.500000 1.139067
vn -0.973249 0.229753 -0.000000
v -29.565430 1.500000 127.706055
vt 0.468750 1.139067
vn -0.963120 0.231235 0.137589
v -28.824219 1.500000 117.082031
vt 0.562500 1.139067
vn -0.922088 0.235119 -0.307363
v -25.437500 3.000000 112.562500
vt 0.625000 1.124632
vn -0.624695 0.468521 -0.624695
v -28.824219 1.500000 130.917969
vt 0.437500 1.139067
vn -0.922088 0.235119 0.307363
v -25.437500 3.000000 135.437500
vt 0.375000 1.124632
vn -0.624695 0.468521 0.624695
v -27.588867 1.500000 114.364258
vt 0.593750 1.139067
vn -0.832546 0.239458 -0.499527
v -27.588867 1.500000 133.635742
vt 0.406250 1.139067
vn -0.832546 0.239458 0.499527
v -25.859375 1.500000 112.140625
vt 0.625000 1.139067
vn -0.686195 0.241400 -0.686195
v -25.859375 1.500000 135.859375
vt 0.375000 1.139067
vn -0.686195 0.241400 0.686195
v -29.750000 0.000000 120.250000
vt 0.531250 1.151691
vn -0.989949 0.000000 -0.141421
v -30.000000 0.000000 124.000000
vt 0.500000 1.151691
vn -1.000000 0.000000 -0.000000
v -29.750000 0.000000 127.750000
vt 0.468750 1.151691
vn -0.989949 0.000000 0.141421
v -29.000000 0.000000 117.000000
vt 0.562500 1.151691
vn -0.948683 0.000000 -0.316228
v -29.000000 0.000000 131.000000
vt 0.437500 1.151691
vn -0.948683 0.000000 0.316228
v -27.750000 0.000000 114.250000
vt 0.593750 1.151691
vn -0.857493 0.000000 -0.514496
v -27.750000 0.000000 133.750000
vt 0.406250 1.151691
vn -0.857493 0.000000 0.514496
v -26.000000 0.000000 112.000000
vt 0.625000 1.151691
vn -0.707107 0.000000 -0.707107
v -26.000000 0.000000 136.000000
vt 0.375000 1.151691
vn -0.707107 0.000000 0.707107
v -0.411133 1.500000 133.635742
vt 0.093750 1.139067
vn 0.832546 0.239458 0.499527
v -0.250000 0.000000 133.750000
vt 0.093750 1.151691
vn 0.857493 0.000000 0.514496
v -2.000000 0.000000 136.000000
vt 0.125000 1.151691
vn 0.707107 0.000000 0.707107
v -2.140625 1.500000 135.859375
vt 0.125000 1.139067
vn 0.686195 0.241400 0.686195
v 0.824219 1.500000 130.917969
vt 0.062500 1.139067
vn 0.922088 0.235119 0.307363
v 1.000000 0.000000 131.000000
vt 0.062500 1.151691
vn 0.948683 0.000000 0.316228
v 0.296875 3.000000 130.671875
vt 0.062500 1.124632
vn 0.843795 0.457056 0.281265
v -0.894531 3.000000 133.292969
vt 0.093750 1.124632
vn 0.759155 0.464983 0.455493
v -2.562500 3.000000 135.437500
vt 0.125000 1.124632
vn 0.624695 0.468521 0.624695
v 1.565430 1.500000 127.706055
vt 0.031250 1.139067
vn 0.963120 0.231235 0.137589
v 1.750000 0.000000 127.750000
vt 0.031250 1.151691
vn 0.989949 0.000000 0.141421
v -0.582031 4.500000 130.261719
vt 0.062500 1.108387
vn 0.762699 0.594690 0.254233
v -1.700195 4.500000 132.721680
vt 0.093750 1.108387
vn 0.684293 0.602637 0.410576
v -3.265625 4.500000 134.734375
vt 0.125000 1.108387
vn 0.562393 0.606158 0.562393
v -4.364258 1.500000 137.588867
vt 0.156250 1.139067
vn 0.499527 0.239458 0.832546
v -4.707031 3.000000 137.105469
vt 0.156250 1.124632
vn 0.455493 0.464983 0.759156
v -5.278320 4.500000 136.299805
vt 0.156250 1.108387
vn 0.410576 0.602637 0.684293
v -4.250000 0.000000 137.750000
vt 0.156250 1.151691
vn 0.514496 0.000000 0.857493
v -7.082031 1.500000 138.824219
vt 0.187500 1.139067
vn 0.307363 0.235119 0.922088
v -7.328125 3.000000 138.296875
vt 0.187500 1.124632
vn 0.281265 0.457056 0.843795
v -7.000000 0.000000 139.000000
vt 0.187500 1.151691
vn 0.316228 0.000000 0.948683
v -10.250000 0.000000 139.750000
vt 0.218750 1.151691
vn 0.141421 0.000000 0.989949
v -10.293945 1.500000 139.565430
vt 0.218750 1.139067
vn 0.137589 0.231235 0.963120
v 1.565430 1.500000 120.293945
vt 0.968750 1.139067
vn 0.963120 0.231235 -0.137589
v 2.000000 0.000000 124.000000
vt 1.000000 1.151691
vn 1.000000 0.000000 -0.000000
v 1.812500 1.500000 124.000000
vt 1.000000 1.139067
vn 0.973249 0.229753 -0.000000
v 1.750000 0.000000 120.250000
vt 0.968750 1.151691
vn 0.989949 0.000000 -0.141421
v 0.824219 1.500000 117.082031
vt 0.937500 1.139067
vn 0.922088 0.235119 -0.307363
v 1.000000 0.000000 117.000000
vt 0.937500 1.151691
vn 0.948683 0.000000 -0.316228
v 1.011719 3.000000 120.425781
vt 0.968750 1.124632
vn 0.884085 0.449936 -0.126298
v 1.250000 3.000000 124.000000
vt 1.000000 1.124632
vn 0.894427 0.447214 -0.000000
v 0.296875 3.000000 117.328125
vt 0.937500 1.124632
vn 0.843795 0.457056 -0.281265
v 1.250000 3.000000 124.000000
vt 0.000000 1.124632
vn 0.894427 0.447214 -0.000000
v 1.812500 1.500000 124.000000
vt 0.000000 1.139067
vn 0.973249 0.229753 -0.000000
v 1.011719 3.000000 127.574219
vt 0.031250 1.124632
vn 0.884085 0.449936 0.126298
v 2.000000 0.000000 124.000000
vt 0.000000 1.151691
vn 1.000000 0.000000 -0.000000
v 0.088867 4.500000 120.645508
vt 0.968750 1.108387
vn 0.801103 0.587483 -0.114443
v 0.312500 4.500000 124.000000
vt 1.000000 1.108387
vn 0.811242 0.584710 -0.000000
v 0.312500 4.500000 124.000000
vt 0.000000 1.108387
vn 0.811242 0.584710 -0.000000
v 0.088867 4.500000 127.354492
vt 0.031250 1.108387
vn 0.801103 0.587483 0.114443
v -0.582031 4.500000 117.738281
vt 0.937500 1.108387
vn 0.762699 0.594690 -0.254233
v -10.425781 3.000000 139.011719
vt 0.218750 1.124632
vn 0.126298 0.449936 0.884085
v -14.000000 1.500000 139.812500
vt 0.250000 1.139067
vn 0.000000 0.229753 0.973249
v -14.000000 3.000000 139.250000
vt 0.250000 1.124632
vn 0.000000 0.447214 0.894427
v -17.706055 1.500000 139.565430
vt 0.281250 1.139067
vn -0.137589 0.231235 0.963120
v -17.574219 3.000000 139.011719
vt 0.281250 1.124632
vn -0.126298 0.449936 0.884085
v -14.000000 4.500000 138.312500
vt 0.250000 1.108387
vn 0.000000 0.584710 0.811242
v -17.354492 4.500000 138.088867
vt 0.281250 1.108387
vn -0.114443 0.587483 0.801103
v -10.645508 4.500000 138.088867
vt 0.218750 1.108387
vn 0.114443 0.587483 0.801103
v -20.671875 3.000000 138.296875
vt 0.312500 1.124632
vn -0.281265 0.457056 0.843795
v -20.261719 4.500000 137.417969
vt 0.312500 1.108387
vn -0.254233 0.594690 0.762699
v -20.917969 1.500000 138.824219
vt 0.312500 1.139067
vn -0.307363 0.235119 0.922088
v -14.000000 6.000000 137.000000
vt 0.250000 1.090330
vn 0.000000 0.707107 0.707107
v -17.046875 6.000000 136.796875
vt 0.281250 1.090330
vn -0.099619 0.709788 0.697336
v -10.953125 6.000000 136.796875
vt 0.218750 1.090330
vn 0.099619 0.709788 0.697336
v -19.687500 6.000000 136.187500
vt 0.312500 1.090330
vn -0.220527 0.716713 0.661581
v -7.738281 4.500000 137.417969
vt 0.187500 1.108387
vn 0.254233 0.594690 0.762699
v -8.312500 6.000000 136.187500
vt 0.187500 1.090330
vn 0.220527 0.716713 0.661581
v -14.000000 7.500000 135.312500
vt 0.250000 1.070464
vn 0.000000 0.773342 0.633989
v -16.651367 7.500000 135.135742
vt 0.281250 1.070464
vn -0.089260 0.775651 0.624818
v -11.348633 7.500000 135.135742
vt 0.218750 1.070464
vn 0.089260 0.775651 0.624818
v -18.949219 7.500000 134.605469
vt 0.312500 1.070464
vn -0.197259 0.781593 0.591777
v -9.050781 7.500000 134.605469
vt 0.187500 1.070464
vn 0.197259 0.781593 0.591777
v -14.000000 9.000000 133.250000
vt 0.250000 1.048787
vn 0.000000 0.832050 0.554700
v -16.167969 9.000000 133.105469
vt 0.281250 1.048787
vn -0.078034 0.833988 0.546237
v -11.832031 9.000000 133.105469
vt 0.218750 1.048787
vn 0.078034 0.833988 0.546237
v -18.046875 9.000000 132.671875
vt 0.312500 1.048787
vn -0.172093 0.838952 0.516278
v -9.953125 9.000000 132.671875
vt 0.187500 1.048787
vn 0.172093 0.838952 0.516278
v -22.721680 4.500000 136.299805
vt 0.343750 1.108387
vn -0.410576 0.602637 0.684293
v -21.921875 6.000000 135.171875
vt 0.343750 1.090330
vn -0.354749 0.724279 0.591248
v -20.893555 7.500000 133.721680
vt 0.343750 1.070464
vn -0.316730 0.788049 0.527883
v -19.636719 9.000000 131.949219
vt 0.343750 1.048787
vn -0.275694 0.844312 0.459489
v -14.000000 12.000000 128.000000
vt 0.250000 1.000000
vn 0.000000 0.894427 0.447214
v -14.937500 12.000000 127.937500
vt 0.281250 1.000000
vn -0.062862 0.895779 0.440032
v -13.062500 12.000000 127.937500
vt 0.218750 1.000000
vn 0.062862 0.895779 0.440032
v -15.750000 12.000000 127.750000
vt 0.312500 1.000000
vn -0.138343 0.899229 0.415029
v -12.250000 12.000000 127.750000
vt 0.187500 1.000000
vn 0.138343 0.899229 0.415029
v -16.437500 12.000000 127.437500
vt 0.343750 1.000000
vn -0.221125 0.902929 0.368542
v -8.363281 9.000000 131.949219
vt 0.156250 1.048787
vn 0.275694 0.844312 0.459489
v -7.106445 7.500000 133.721680
vt 0.156250 1.070464
vn 0.316730 0.788049 0.527883
v -11.562500 12.000000 127.437500
vt 0.156250 1.000000
vn 0.221125 0.902929 0.368542
v -6.078125 6.000000 135.171875
vt 0.156250 1.090330
vn 0.354749 0.724279 0.591248
v -22.484375 7.500000 132.484375
vt 0.375000 1.070464
vn -0.432731 0.790877 0.432731
v -20.937500 9.000000 130.937500
vt 0.375000 1.048787
vn -0.376288 0.846649 0.376288
v -17.000000 12.000000 127.000000
vt 0.375000 1.000000
vn -0.301511 0.904534 0.301511
v -23.750000 6.000000 133.750000
vt 0.375000 1.090330
vn -0.485071 0.727607 0.485071
v -23.292969 3.000000 137.105469
vt 0.343750 1.124632
vn -0.455493 0.464983 0.759155
v -24.734375 4.500000 134.734375
vt 0.375000 1.108387
vn -0.562393 0.606158 0.562393
v -5.515625 7.500000 132.484375
vt 0.125000 1.070464
vn 0.432731 0.790877 0.432731
v -4.250000 6.000000 133.750000
vt 0.125000 1.090330
vn 0.485071 0.727607 0.485071
v -25.437500 3.000000 135.437500
vt 0.375000 1.124632
vn -0.624695 0.468521 0.624695
v -23.635742 1.500000 137.588867
vt 0.343750 1.139067
vn -0.499527 0.239458 0.832546
v -25.859375 1.500000 135.859375
vt 0.375000 1.139067
vn -0.686195 0.241400 0.686195
v -17.750000 0.000000 139.750000
vt 0.281250 1.151691
vn -0.141421 0.000000 0.989949
v -14.000000 0.000000 140.000000
vt 0.250000 1.151691
vn 0.000000 0.000000 1.000000
v -21.000000 0.000000 139.000000
vt 0.312500 1.151691
vn -0.316228 0.000000 0.948683
v -23.750000 0.000000 137.750000
vt 0.343750 1.151691
vn -0.514496 0.000000 0.857493
v -26.000000 0.000000 136.000000
vt 0.375000 1.151691
vn -0.707107 0.000000 0.707107
v -10.062500 12.000000 124.937500
vt 0.031250 1.000000
vn 0.440032 0.895779 0.062862
v -5.328125 9.000000 128.046875
vt 0.062500 1.048787
vn 0.516278 0.838952 0.172093
v -10.250000 12.000000 125.750000
vt 0.062500 1.000000
vn 0.415029 0.899229 0.138343
v -4.894531 9.000000 126.167969
vt 0.031250 1.048787
vn 0.546237 0.833988 0.078034
v -10.000000 12.000000 124.000000
vt 0.000000 1.000000
vn 0.447214 0.894427 -0.000000
v -4.750000 9.000000 124.000000
vt 0.000000 1.048787
vn 0.554700 0.832050 -0.000000
v -3.394531 7.500000 128.949219
vt 0.062500 1.070464
vn 0.591777 0.781593 0.197259
v -2.864258 7.500000 126.651367
vt 0.031250 1.070464
vn 0.624818 0.775651 0.089260
v -6.050781 9.000000 129.636719
vt 0.093750 1.048787
vn 0.459489 0.844312 0.275694
v -10.562500 12.000000 126.437500
vt 0.093750 1.000000
vn 0.368542 0.902929 0.221125
v -4.278320 7.500000 130.893555
vt 0.093750 1.070464
vn 0.527883 0.788049 0.316730
v -2.687500 7.500000 124.000000
vt 0.000000 1.070464
vn 0.633989 0.773342 -0.000000
v -10.062500 12.000000 123.062500
vt 0.968750 1.000000
vn 0.440032 0.895779 -0.062862
v -4.750000 9.000000 124.000000
vt 1.000000 1.048787
vn 0.554700 0.832050 -0.000000
v -10.000000 12.000000 124.000000
vt 1.000000 1.000000
vn 0.447214 0.894427 -0.000000
v -4.894531 9.000000 121.832031
vt 0.968750 1.048787
vn 0.546237 0.833988 -0.078034
v -1.812500 6.000000 129.687500
vt 0.062500 1.090330
vn 0.661581 0.716713 0.220527
v -1.203125 6.000000 127.046875
vt 0.031250 1.090330
vn 0.697336 0.709788 0.099619
v -2.687500 7.500000 124.000000
vt 1.000000 1.070464
vn 0.633989 0.773342 -0.000000
v -2.864258 7.500000 121.348633
vt 0.968750 1.070464
vn 0.624818 0.775651 -0.089260
v -1.000000 6.000000 124.000000
vt 0.000000 1.090330
vn 0.707107 0.707107 -0.000000
v -10.250000 12.000000 122.250000
vt 0.937500 1.000000
vn 0.415029 0.899229 -0.138343
v -5.328125 9.000000 119.953125
vt 0.937500 1.048787
vn 0.516278 0.838952 -0.172093
v -3.394531 7.500000 119.050781
vt 0.937500 1.070464
vn 0.591777 0.781593 -0.197259
v -1.000000 6.000000 124.000000
vt 1.000000 1.090330
vn 0.707107 0.707107 -0.000000
v -1.203125 6.000000 120.953125
vt 0.968750 1.090330
vn 0.697336 0.709788 -0.099619
v -1.812500 6.000000 118.312500
vt 0.937500 1.090330
vn 0.661581 0.716713 -0.220527
v -10.562500 12.000000 121.562500
vt 0.906250 1.000000
vn 0.368542 0.902929 -0.221125
v -6.050781 9.000000 118.363281
vt 0.906250 1.048787
vn 0.459489 0.844312 -0.275694
v -4.278320 7.500000 117.106445
vt 0.906250 1.070464
vn 0.527883 0.788049 -0.316730
v -2.828125 6.000000 131.921875
vt 0.093750 1.090330
vn 0.591248 0.724279 0.354749
v -2.828125 6.000000 116.078125
vt 0.906250 1.090330
vn 0.591248 0.724279 -0.354749
v -7.062500 9.000000 130.937500
vt 0.125000 1.048787
vn 0.376288 0.846649 0.376288
v -11.000000 12.000000 127.000000
vt 0.125000 1.000000
vn 0.301511 0.904534 0.301511
v -2.140625 1.500000 112.140625
vt 0.875000 1.139067
vn 0.686195 0.241400 -0.686195
v -2.000000 0.000000 112.000000
vt 0.875000 1.151691
vn 0.707107 0.000000 -0.707107
v -0.250000 0.000000 114.250000
vt 0.906250 1.151691
vn 0.857493 0.000000 -0.514496
v -0.411133 1.500000 114.364258
vt 0.906250 1.139067
vn 0.832546 0.239458 -0.499527
v 1.000000 0.000000 117.000000
vt 0.937500 1.151691
vn 0.948683 0.000000 -0.316228
v 0.824219 1.500000 117.082031
vt 0.937500 1.139067
vn 0.922088 0.235119 -0.307363
v -0.894531 3.000000 114.707031
vt 0.906250 1.124632
vn 0.759156 0.464983 -0.455493
v 0.296875 3.000000 117.328125
vt 0.937500 1.124632
vn 0.843795 0.457056 -0.281265
v -2.562500 3.000000 112.562500
vt 0.875000 1.124632
vn 0.624695 0.468521 -0.624695
v -1.700195 4.500000 115.278320
vt 0.906250 1.108387
vn 0.684293 0.602637 -0.410576
v -0.582031 4.500000 117.738281
vt 0.937500 1.108387
vn 0.762699 0.594690 -0.254233
v -3.265625 4.500000 113.265625
vt 0.875000 1.108387
vn 0.562393 0.606158 -0.562393
v -4.707031 3.000000 110.894531
vt 0.843750 1.124632
vn 0.455493 0.464983 -0.759155
v -4.364258 1.500000 110.411133
vt 0.843750 1.139067
vn 0.499527 0.239458 -0.832546
v -5.278320 4.500000 111.700195
vt 0.843750 1.108387
vn 0.410576 0.602637 -0.684293
v -4.250000 6.000000 114.250000
vt 0.875000 1.090330
vn 0.485071 0.727607 -0.485071
v -2.828125 6.000000 116.078125
vt 0.906250 1.090330
vn 0.591248 0.724279 -0.354749
v -1.812500 6.000000 118.312500
vt 0.937500 1.090330
vn 0.661581 0.716713 -0.220527
v -6.078125 6.000000 112.828125
vt 0.843750 1.090330
vn 0.354749 0.724279 -0.591248
v -5.515625 7.500000 115.515625
vt 0.875000 1.070464
vn 0.432731 0.790877 -0.432731
v -4.278320 7.500000 117.106445
vt 0.906250 1.070464
vn 0.527883 0.788049 -0.316730
v -7.106445 7.500000 114.278320
vt 0.843750 1.070464
vn 0.316730 0.788049 -0.527883
v -7.062500 9.000000 117.062500
vt 0.875000 1.048787
vn 0.376288 0.846649 -0.376288
v -6.050781 9.000000 118.363281
vt 0.906250 1.048787
vn 0.459489 0.844312 -0.275694
v -8.363281 9.000000 116.050781
vt 0.843750 1.048787
vn 0.275694 0.844312 -0.459489
v -11.000000 12.000000 121.000000
vt 0.875000 1.000000
vn 0.301511 0.904534 -0.301511
v -10.562500 12.000000 121.562500
vt 0.906250 1.000000
vn 0.368542 0.902929 -0.221125
v -11.562500 12.000000 120.562500
vt 0.843750 1.000000
vn 0.221125 0.902929 -0.368542
v -14.000000 3.000000 108.750000
vt 0.750000 1.124632
vn 0.000000 0.447214 -0.894427
v -14.000000 1.500000 108.187500
vt 0.750000 1.139067
vn 0.000000 0.229753 -0.973249
v -10.293945 1.500000 108.434570
vt 0.781250 1.139067
vn 0.137589 0.231235 -0.963120
v -10.425781 3.000000 108.988281
vt 0.781250 1.124632
vn 0.126298 0.449936 -0.884085
v -17.574219 3.000000 108.988281
vt 0.718750 1.124632
vn -0.126298 0.449936 -0.884085
v -17.706055 1.500000 108.434570
vt 0.718750 1.139067
vn -0.137589 0.231235 -0.963120
v -14.000000 4.500000 109.687500
vt 0.750000 1.108387
vn 0.000000 0.584710 -0.811242
v -10.645508 4.500000 109.911133
vt 0.781250 1.108387
vn 0.114443 0.587483 -0.801103
v -17.354492 4.500000 109.911133
vt 0.718750 1.108387
vn -0.114443 0.587483 -0.801103
v -7.328125 3.000000 109.703125
vt 0.812500 1.124632
vn 0.281265 0.457056 -0.843795
v -7.738281 4.500000 110.582031
vt 0.812500 1.108387
vn 0.254233 0.594690 -0.762699
v -7.082031 1.500000 109.175781
vt 0.812500 1.139067
vn 0.307363 0.235119 -0.922088
v -14.000000 6.000000 111.000000
vt 0.750000 1.090330
vn 0.000000 0.707107 -0.707107
v -10.953125 6.000000 111.203125
vt 0.781250 1.090330
vn 0.099619 0.709788 -0.697336
v -17.046875 6.000000 111.203125
vt 0.718750 1.090330
vn -0.099619 0.709788 -0.697336
v -8.312500 6.000000 111.812500
vt 0.812500 1.090330
vn 0.220527 0.716713 -0.661581
v -20.261719 4.500000 110.582031
vt 0.687500 1.108387
vn -0.254233 0.594690 -0.762699
v -20.671875 3.000000 109.703125
vt 0.687500 1.124632
vn -0.281265 0.457056 -0.843795
v -19.687500 6.000000 111.812500
vt 0.687500 1.090330
vn -0.220527 0.716713 -0.661581
v -14.000000 7.500000 112.687500
vt 0.750000 1.070464
vn 0.000000 0.773342 -0.633989
v -11.348633 7.500000 112.864258
vt 0.781250 1.070464
vn 0.089260 0.775651 -0.624818
v -16.651367 7.500000 112.864258
vt 0.718750 1.070464
vn -0.089260 0.775651 -0.624818
v -9.050781 7.500000 113.394531
vt 0.812500 1.070464
vn 0.197259 0.781593 -0.591777
v -18.949219 7.500000 113.394531
vt 0.687500 1.070464
vn -0.197259 0.781593 -0.591777
v -14.000000 9.000000 114.750000
vt 0.750000 1.048787
vn 0.000000 0.832050 -0.554700
v -11.832031 9.000000 114.894531
vt 0.781250 1.048787
vn 0.078034 0.833988 -0.546237
v -16.167969 9.000000 114.894531
vt 0.718750 1.048787
vn -0.078034 0.833988 -0.546237
v -9.953125 9.000000 115.328125
vt 0.812500 1.048787
vn 0.172093 0.838952 -0.516278
v -18.046875 9.000000 115.328125
vt 0.687500 1.048787
vn -0.172093 0.838952 -0.516278
v -14.000000 12.000000 120.000000
vt 0.750000 1.000000
vn 0.000000 0.894427 -0.447214
v -13.062500 12.000000 120.062500
vt 0.781250 1.000000
vn 0.062862 0.895779 -0.440032
v -14.937500 12.000000 120.062500
vt 0.718750 1.000000
vn -0.062862 0.895779 -0.440032
v -12.250000 12.000000 120.250000
vt 0.812500 1.000000
vn 0.138343 0.899229 -0.415029
v -15.750000 12.000000 120.250000
vt 0.687500 1.000000
vn -0.138343 0.899229 -0.415029
v -19.636719 9.000000 116.050781
vt 0.656250 1.048787
vn -0.275694 0.844312 -0.459489
v -20.893555 7.500000 114.278320
vt 0.656250 1.070464
vn -0.316730 0.788049 -0.527883
v -16.437500 12.000000 120.562500
vt 0.656250 1.000000
vn -0.221125 0.902929 -0.368542
v -21.921875 6.000000 112.828125
vt 0.656250 1.090330
vn -0.354749 0.724279 -0.591248
v -22.721680 4.500000 111.700195
vt 0.656250 1.108387
vn -0.410576 0.602637 -0.684293
v -20.937500 9.000000 117.062500
vt 0.625000 1.048787
vn -0.376288 0.846649 -0.376288
v -22.484375 7.500000 115.515625
vt 0.625000 1.070464
vn -0.432731 0.790877 -0.432731
v -17.000000 12.000000 121.000000
vt 0.625000 1.000000
vn -0.301511 0.904534 -0.301511
v -23.750000 6.000000 114.250000
vt 0.625000 1.090330
vn -0.485071 0.727607 -0.485071
v -24.734375 4.500000 113.265625
vt 0.625000 1.108387
vn -0.562393 0.606158 -0.562393
v -25.859375 1.500000 112.140625
vt 0.625000 1.139067
vn -0.686195 0.241400 -0.686195
v -26.000000 0.000000 112.000000
vt 0.625000 1.151691
vn -0.707107 0.000000 -0.707107
v -23.750000 0.000000 110.250000
vt 0.656250 1.151691
vn -0.514496 0.000000 -0.857493
v -23.635742 1.500000 110.411133
vt 0.656250 1.139067
vn -0.499527 0.239458 -0.832546
v -21.000000 0.000000 109.000000
vt 0.687500 1.151691
vn -0.316228 0.000000 -0.948683
v -20.917969 1.500000 109.175781
vt 0.687500 1.139067
vn -0.307363 0.235119 -0.922088
v -23.292969 3.000000 110.894531
vt 0.656250 1.124632
vn -0.455493 0.464983 -0.759156
v -25.437500 3.000000 112.562500
vt 0.625000 1.124632
vn -0.624695 0.468521 -0.624695
v -17.750000 0.000000 108.250000
vt 0.718750 1.151691
vn -0.141421 0.000000 -0.989949
v -14.000000 0.000000 108.000000
vt 0.750000 1.151691
vn 0.000000 0.000000 -1.000000
v -10.250000 0.000000 108.250000
vt 0.781250 1.151691
vn 0.141421 0.000000 -0.989949
v -7.000000 0.000000 109.000000
vt 0.812500 1.151691
vn 0.316228 0.000000 -0.948683
v -4.250000 0.000000 110.250000
vt 0.843750 1.151691
vn 0.514496 0.000000 -0.857493
f 2411/2411/2411 2413/2413/2413 2412/2412/2412
f 2411/2411/2411 2414/2414/2414 2413/2413/2413
f 2414/2414/2414 2415/2415/2415 2413/2413/2413
f 2414/2414/2414 2416/2416/2416 2415/2415/2415
f 2423/2423/2423 2422/2422/2422 2424/2424/2424
f 2423/2423/2423 2421/2421/2421 2422/2422/2422
f 2421/2421/2421 2418/2418/2418 2422/2422/2422
f 2421/2421/2421 2417/2417/2417 2418/2418/2418
f 2417/2417/2417 2419/2419/2419 2418/2418/2418
f 2417/2417/2417 2420/2420/2420 2419/2419/2419
f 2420/2420/2420 2425/2425/2425 2419/2419/2419
f 2420/2420/2420 2426/2426/2426 2425/2425/2425
f 2433/2433/2433 2432/2432/2432 2434/2434/2434
f 2433/2433/2433 2431/2431/2431 2432/2432/2432
f 2431/2431/2431 2430/2430/2430 2432/2432/2432
f 2431/2431/2431 2427/2427/2427 2430/2430/2430
f 2427/2427/2427 2428/2428/2428 2430/2430/2430
f 2427/2427/2427 2429/2429/2429 2428/2428/2428
f 2429/2429/2429 2435/2435/2435 2428/2428/2428
f 2429/2429/2429 2436/2436/2436 2435/2435/2435
f 2445/2445/2445 2440/2440/2440 2446/2446/2446
f 2445/2445/2445 2437/2437/2437 2440/2440/2440
f 2437/2437/2437 2438/2438/2438 2440/2440/2440
f 2437/2437/2437 2439/2439/2439 2438/2438/2438
f 2439/2439/2439 2441/2441/2441 2438/2438/2438
f 2439/2439/2439 2442/2442/2442 2441/2441/2441
f 2442/2442/2442 2443/2443/2443 2441/2441/2441
f 2442/2442/2442 2444/2444/2444 2443/2443/2443
f 2409/2409/2409 2408/2408/2408 2410/2410/2410
f 2409/2409/2409 2405/2405/2405 2408/2408/2408
f 2405/2405/2405 2406/2406/2406 2408/2408/2408
f 2405/2405/2405 2407/2407/2407 2406/2406/2406
f 2621/2621/2621 2620/2620/2620 2622/2622/2622
f 2621/2621/2621 2617/2617/2617 2620/2620/2620
f 2617/2617/2617 2618/2618/2618 2620/2620/2620
f 2617/2617/2617 2619/2619/2619 2618/2618/2618
f 2619/2619/2619 2625/2625/2625 2618/2618/2618
f 2619/2619/2619 2626/2626/2626 2625/2625/2625
f 2626/2626/2626 2649/2649/2649 2625/2625/2625
f 2626/2626/2626 2650/2650/2650 2649/2649/2649
f 2650/2650/2650 2597/2597/2597 2649/2649/2649
f 2650/2650/2650 2599/2599/2599 2597/2597/2597
f 2599/2599/2599 2586/2586/2586 2597/2597/2597
f 2599/2599/2599 2595/2595/2595 2586/2586/2586
f 2595/2595/2595 2584/2584/2584 2586/2586/2586
f 2595/2595/2595 2593/2593/2593 2584/2584/2584
f 2593/2593/2593 2582/2582/2582 2584/2584/2584
f 2593/2593/2593 2591/2591/2591 2582/2582/2582
f 2591/2591/2591 2583/2583/2583 2582/2582/2582
f 2591/2591/2591 2592/2592/2592 2583/2583/2583
f 2592/2592/2592 2585/2585/2585 2583/2583/2583
f 2592/2592/2592 2594/2594/2594 2585/2585/2585
f 2594/2594/2594 2590/2590/2590 2585/2585/2585
f 2594/2594/2594 2596/2596/2596 2590/2590/2590
f 2596/2596/2596 2602/2602/2602 2590/2590/2590
f 2596/2596/2596 2603/2603/2603 2602/2602/2602
f 2490/2490/2490 2480/2480/2480 2491/2491/2491
f 2490/2490/2490 2482/2482/2482 2480/2480/2480
f 2482/2482/2482 2470/2470/2470 2480/2480/2480
f 2482/2482/2482 2475/2475/2475 2470/2470/2470
f 2475/2475/2475 2468/2468/2468 2470/2470/2470
f 2475/2475/2475 2473/2473/2473 2468/2468/2468
f 2473/2473/2473 2466/2466/2466 2468/2468/2468
f 2473/2473/2473 2471/2471/2471 2466/2466/2466
f 2471/2471/2471 2467/2467/2467 2466/2466/2466
f 2471/2471/2471 2472/2472/2472 2467/2467/2467
f 2472/2472/2472 2469/2469/2469 2467/2467/2467
f 2472/2472/2472 2474/2474/2474 2469/2469/2469
f 2474/2474/2474 2477/2477/2477 2469/2469/2469
f 2474/2474/2474 2478/2478/2478 2477/2477/2477
f 2478/2478/2478 2485/2485/2485 2477/2477/2477
f 2478/2478/2478 2486/2486/2486 2485/2485/2485
f 2720/2720/2720 2713/2713/2713 2718/2718/2718
f 2720/2720/2720 2715/2715/2715 2713/2713/2713
f 2715/2715/2715 2707/2707/2707 2713/2713/2713
f 2715/2715/2715 2712/2712/2712 2707/2707/2707
f 2712/2712/2712 2705/2705/2705 2707/2707/2707
f 2712/2712/2712 2710/2710/2710 2705/2705/2705
f 2710/2710/2710 2703/2703/2703 2705/2705/2705
f 2710/2710/2710 2708/2708/2708 2703/2703/2703
f 2708/2708/2708 2704/2704/2704 2703/2703/2703
f 2708/2708/2708 2709/2709/2709 2704/2704/2704
f 2709/2709/2709 2706/2706/2706 2704/2704/2704
f 2709/2709/2709 2711/2711/2711 2706/2706/2706
f 2711/2711/2711 2675/2675/2675 2706/2706/2706
f 2711/2711/2711 2678/2678/2678 2675/2675/2675
f 2678/2678/2678 2673/2673/2673 2675/2675/2675
f 2678/2678/2678 2676/2676/2676 2673/2673/2673
f 2676/2676/2676 2674/2674/2674 2673/2673/2673
f 2676/2676/2676 2677/2677/2677 2674/2674/2674
f 2644/2644/2644 2639/2639/2639 2645/2645/2645
f 2644/2644/2644 2638/2638/2638 2639/2639/2639
f 2638/2638/2638 2632/2632/2632 2639/2639/2639
f 2638/2638/2638 2629/2629/2629 2632/2632/2632
f 2629/2629/2629 2630/2630/2630 2632/2632/2632
f 2629/2629/2629 2631/2631/2631 2630/2630/2630
f 2622/2622/2622 2624/2624/2624 2628/2628/2628
f 2622/2622/2622 2620/2620/2620 2624/2624/2624
f 2620/2620/2620 2623/2623/2623 2624/2624/2624
f 2620/2620/2620 2618/2618/2618 2623/2623/2623
f 2618/2618/2618 2627/2627/2627 2623/2623/2623
f 2618/2618/2618 2625/2625/2625 2627/2627/2627
f 2625/2625/2625 2607/2607/2607 2627/2627/2627
f 2625/2625/2625 2649/2649/2649 2607/2607/2607
f 2649/2649/2649 2598/2598/2598 2607/2607/2607
f 2649/2649/2649 2597/2597/2597 2598/2598/2598
f 2597/2597/2597 2581/2581/2581 2598/2598/2598
f 2597/2597/2597 2586/2586/2586 2581/2581/2581
f 2586/2586/2586 2579/2579/2579 2581/2581/2581
f 2586/2586/2586 2584/2584/2584 2579/2579/2579
f 2584/2584/2584 2577/2577/2577 2579/2579/2579
f 2584/2584/2584 2582/2582/2582 2577/2577/2577
f 2582/2582/2582 2578/2578/2578 2577/2577/2577
f 2582/2582/2582 2583/2583/2583 2578/2578/2578
f 2583/2583/2583 2580/2580/2580 2578/2578/2578
f 2583/2583/2583 2585/2585/2585 2580/2580/2580
f 2585/2585/2585 2589/2589/2589 2580/2580/2580
f 2585/2585/2585 2590/2590/2590 2589/2589/2589
f 2590/2590/2590 2601/2601/2601 2589/2589/2589
f 2590/2590/2590 2602/2602/2602 2601/2601/2601
f 2491/2491/2491 2481/2481/2481 2492/2492/2492
f 2491/2491/2491 2480/2480/2480 2481/2481/2481
f 2480/2480/2480 2465/2465/2465 2481/2481/2481
f 2480/2480/2480 2470/2470/2470 2465/2465/2465
f 2470/2470/2470 2461/2461/2461 2465/2465/2465
f 2470/2470/2470 2468/2468/2468 2461/2461/2461
f 2468/2468/2468 2459/2459/2459 2461/2461/2461
f 2468/2468/2468 2466/2466/2466 2459/2459/2459
f 2466/2466/2466 2460/2460/2460 2459/2459/2459
f 2466/2466/2466 2467/2467/2467 2460/2460/2460
f 2467/2467/2467 2462/2462/2462 2460/2460/2460
f 2467/2467/2467 2469/2469/2469 2462/2462/2462
f 2469/2469/2469 2476/2476/2476 2462/2462/2462
f 2469/2469/2469 2477/2477/2477 2476/2476/2476
f 2477/2477/2477 2487/2487/2487 2476/2476/2476
f 2477/2477/2477 2485/2485/2485 2487/2487/2487
f 2718/2718/2718 2714/2714/2714 2719/2719/2719
f 2718/2718/2718 2713/2713/2713 2714/2714/2714
f 2713/2713/2713 2702/2702/2702 2714/2714/2714
f 2713/2713/2713 2707/2707/2707 2702/2702/2702
f 2707/2707/2707 2700/2700/2700 2702/2702/2702
f 2707/2707/2707 2705/2705/2705 2700/2700/2700
f 2705/2705/2705 2698/2698/2698 2700/2700/2700
f 2705/2705/2705 2703/2703/2703 2698/2698/2698
f 2703/2703/2703 2699/2699/2699 2698/2698/2698
f 2703/2703/2703 2704/2704/2704 2699/2699/2699
f 2704/2704/2704 2701/2701/2701 2699/2699/2699
f 2704/2704/2704 2706/2706/2706 2701/2701/2701
f 2706/2706/2706 2672/2672/2672 2701/2701/2701
f 2706/2706/2706 2675/2675/2675 2672/2672/2672
f 2675/2675/2675 2670/2670/2670 2672/2672/2672
f 2675/2675/2675 2673/2673/2673 2670/2670/2670
f 2673/2673/2673 2671/2671/2671 2670/2670/2670
f 2673/2673/2673 2674/2674/2674 2671/2671/2671
f 2645/2645/2645 2640/2640/2640 2646/2646/2646
f 2645/2645/2645 2639/2639/2639 2640/2640/2640
f 2639/2639/2639 2636/2636/2636 2640/2640/2640
f 2639/2639/2639 2632/2632/2632 2636/2636/2636
f 2632/2632/2632 2635/2635/2635 2636/2636/2636
f 2632/2632/2632 2630/2630/2630 2635/2635/2635
f 2628/2628/2628 2634/2634/2634 2637/2637/2637
f 2628/2628/2628 2624/2624/2624 2634/2634/2634
f 2624/2624/2624 2633/2633/2633 2634/2634/2634
f 2624/2624/2624 2623/2623/2623 2633/2633/2633
f 2623/2623/2623 2647/2647/2647 2633/2633/2633
f 2623/2623/2623 2627/2627/2627 2647/2647/2647
f 2627/2627/2627 2608/2608/2608 2647/2647/2647
f 2627/2627/2627 2607/2607/2607 2608/2608/2608
f 2607/2607/2607 2600/2600/2600 2608/2608/2608
f 2607/2607/2607 2598/2598/2598 2600/2600/2600
f 2598/2598/2598 2576/2576/2576 2600/2600/2600
f 2598/2598/2598 2581/2581/2581 2576/2576/2576
f 2581/2581/2581 2573/2573/2573 2576/2576/2576
f 2581/2581/2581 2579/2579/2579 2573/2573/2573
f 2579/2579/2579 2571/2571/2571 2573/2573/2573
f 2579/2579/2579 2577/2577/2577 2571/2571/2571
f 2577/2577/2577 2572/2572/2572 2571/2571/2571
f 2577/2577/2577 2578/2578/2578 2572/2572/2572
f 2578/2578/2578 2574/2574/2574 2572/2572/2572
f 2578/2578/2578 2580/2580/2580 2574/2574/2574
f 2580/2580/2580 2588/2588/2588 2574/2574/2574
f 2580/2580/2580 2589/2589/2589 2588/2588/2588
f 2589/2589/2589 2604/2604/2604 2588/2588/2588
f 2589/2589/2589 2601/2601/2601 2604/2604/2604
f 2492/2492/2492 2483/2483/2483 2494/2494/2494
f 2492/2492/2492 2481/2481/2481 2483/2483/2483
f 2481/2481/2481 2463/2463/2463 2483/2483/2483
f 2481/2481/2481 2465/2465/2465 2463/2463/2463
f 2465/2465/2465 2455/2455/2455 2463/2463/2463
f 2465/2465/2465 2461/2461/2461 2455/2455/2455
f 2461/2461/2461 2453/2453/2453 2455/2455/2455
f 2461/2461/2461 2459/2459/2459 2453/2453/2453
f 2459/2459/2459 2454/2454/2454 2453/2453/2453
f 2459/2459/2459 2460/2460/2460 2454/2454/2454
f 2460/2460/2460 2457/2457/2457 2454/2454/2454
f 2460/2460/2460 2462/2462/2462 2457/2457/2457
f 2462/2462/2462 2479/2479/2479 2457/2457/2457
f 2462/2462/2462 2476/2476/2476 2479/2479/2479
f 2476/2476/2476 2488/2488/2488 2479/2479/2479
f 2476/2476/2476 2487/2487/2487 2488/2488/2488
f 2719/2719/2719 2716/2716/2716 2721/2721/2721
f 2719/2719/2719 2714/2714/2714 2716/2716/2716
f 2714/2714/2714 2697/2697/2697 2716/2716/2716
f 2714/2714/2714 2702/2702/2702 2697/2697/2697
f 2702/2702/2702 2693/2693/2693 2697/2697/2697
f 2702/2702/2702 2700/2700/2700 2693/2693/2693
f 2700/2700/2700 2691/2691/2691 2693/2693/2693
f 2700/2700/2700 2698/2698/2698 2691/2691/2691
f 2698/2698/2698 2692/2692/2692 2691/2691/2691
f 2698/2698/2698 2699/2699/2699 2692/2692/2692
f 2699/2699/2699 2694/2694/2694 2692/2692/2692
f 2699/2699/2699 2701/2701/2701 2694/2694/2694
f 2701/2701/2701 2669/2669/2669 2694/2694/2694
f 2701/2701/2701 2672/2672/2672 2669/2669/2669
f 2672/2672/2672 2666/2666/2666 2669/2669/2669
f 2672/2672/2672 2670/2670/2670 2666/2666/2666
f 2670/2670/2670 2667/2667/2667 2666/2666/2666
f 2670/2670/2670 2671/2671/2671 2667/2667/2667
f 2646/2646/2646 2643/2643/2643 2648/2648/2648
f 2646/2646/2646 2640/2640/2640 2643/2643/2643
f 2640/2640/2640 2642/2642/2642 2643/2643/2643
f 2640/2640/2640 2636/2636/2636 2642/2642/2642
f 2636/2636/2636 2641/2641/2641 2642/2642/2642
f 2636/2636/2636 2635/2635/2635 2641/2641/2641
f 2637/2637/2637 2558/2558/2558 2557/2557/2557
f 2637/2637/2637 2634/2634/2634 2558/2558/2558
f 2634/2634/2634 2530/2530/2530 2558/2558/2558
f 2634/2634/2634 2633/2633/2633 2530/2530/2530
f 2633/2633/2633 2531/2531/2531 2530/2530/2530
f 2633/2633/2633 2647/2647/2647 2531/2531/2531
f 2647/2647/2647 2532/2532/2532 2531/2531/2531
f 2647/2647/2647 2608/2608/2608 2532/2532/2532
f 2608/2608/2608 2535/2535/2535 2532/2532/2532
f 2608/2608/2608 2600/2600/2600 2535/2535/2535
f 2600/2600/2600 2575/2575/2575 2535/2535/2535
f 2600/2600/2600 2576/2576/2576 2575/2575/2575
f 2576/2576/2576 2567/2567/2567 2575/2575/2575
f 2576/2576/2576 2573/2573/2573 2567/2567/2567
f 2573/2573/2573 2565/2565/2565 2567/2567/2567
f 2573/2573/2573 2571/2571/2571 2565/2565/2565
f 2571/2571/2571 2566/2566/2566 2565/2565/2565
f 2571/2571/2571 2572/2572/2572 2566/2566/2566
f 2572/2572/2572 2569/2569/2569 2566/2566/2566
f 2572/2572/2572 2574/2574/2574 2569/2569/2569
f 2574/2574/2574 2587/2587/2587 2569/2569/2569
f 2574/2574/2574 2588/2588/2588 2587/2587/2587
f 2588/2588/2588 2606/2606/2606 2587/2587/2587
f 2588/2588/2588 2604/2604/2604 2606/2606/2606
f 2494/2494/2494 2489/2489/2489 2498/2498/2498
f 2494/2494/2494 2483/2483/2483 2489/2489/2489
f 2483/2483/2483 2464/2464/2464 2489/2489/2489
f 2483/2483/2483 2463/2463/2463 2464/2464/2464
f 2463/2463/2463 2447/2447/2447 2464/2464/2464
f 2463/2463/2463 2455/2455/2455 2447/2447/2447
f 2455/2455/2455 2450/2450/2450 2447/2447/2447
f 2455/2455/2455 2453/2453/2453 2450/2450/2450
f 2453/2453/2453 2452/2452/2452 2450/2450/2450
f 2453/2453/2453 2454/2454/2454 2452/2452/2452
f 2454/2454/2454 2456/2456/2456 2452/2452/2452
f 2454/2454/2454 2457/2457/2457 2456/2456/2456
f 2457/2457/2457 2484/2484/2484 2456/2456/2456
f 2457/2457/2457 2479/2479/2479 2484/2484/2484
f 2479/2479/2479 2495/2495/2495 2484/2484/2484
f 2479/2479/2479 2488/2488/2488 2495/2495/2495
f 2721/2721/2721 2717/2717/2717 2722/2722/2722
f 2721/2721/2721 2716/2716/2716 2717/2717/2717
f 2716/2716/2716 2695/2695/2695 2717/2717/2717
f 2716/2716/2716 2697/2697/2697 2695/2695/2695
f 2697/2697/2697 2687/2687/2687 2695/2695/2695
f 2697/2697/2697 2693/2693/2693 2687/2687/2687
f 2693/2693/2693 2685/2685/2685 2687/2687/2687
f 2693/2693/2693 2691/2691/2691 2685/2685/2685
f 2691/2691/2691 2686/2686/2686 2685/2685/2685
f 2691/2691/2691 2692/2692/2692 2686/2686/2686
f 2692/2692/2692 2689/2689/2689 2686/2686/2686
f 2692/2692/2692 2694/2694/2694 2689/2689/2689
f 2694/2694/2694 2665/2665/2665 2689/2689/2689
f 2694/2694/2694 2669/2669/2669 2665/2665/2665
f 2669/2669/2669 2662/2662/2662 2665/2665/2665
f 2669/2669/2669 2666/2666/2666 2662/2662/2662
f 2666/2666/2666 2660/2660/2660 2662/2662/2662
f 2666/2666/2666 2667/2667/2667 2660/2660/2660
f 2667/2667/2667 2661/2661/2661 2660/2660/2660
f 2667/2667/2667 2668/2668/2668 2661/2661/2661
f 2643/2643/2643 2555/2555/2555 2559/2559/2559
f 2643/2643/2643 2642/2642/2642 2555/2555/2555
f 2642/2642/2642 2556/2556/2556 2555/2555/2555
f 2642/2642/2642 2641/2641/2641 2556/2556/2556
f 2557/2557/2557 2553/2553/2553 2551/2551/2551
f 2557/2557/2557 2558/2558/2558 2553/2553/2553
f 2558/2558/2558 2525/2525/2525 2553/2553/2553
f 2558/2558/2558 2530/2530/2530 2525/2525/2525
f 2530/2530/2530 2526/2526/2526 2525/2525/2525
f 2530/2530/2530 2531/2531/2531 2526/2526/2526
f 2531/2531/2531 2527/2527/2527 2526/2526/2526
f 2531/2531/2531 2532/2532/2532 2527/2527/2527
f 2532/2532/2532 2534/2534/2534 2527/2527/2527
f 2532/2532/2532 2535/2535/2535 2534/2534/2534
f 2535/2535/2535 2538/2538/2538 2534/2534/2534
f 2535/2535/2535 2575/2575/2575 2538/2538/2538
f 2575/2575/2575 2560/2560/2560 2538/2538/2538
f 2575/2575/2575 2567/2567/2567 2560/2560/2560
f 2567/2567/2567 2562/2562/2562 2560/2560/2560
f 2567/2567/2567 2565/2565/2565 2562/2562/2562
f 2565/2565/2565 2564/2564/2564 2562/2562/2562
f 2565/2565/2565 2566/2566/2566 2564/2564/2564
f 2566/2566/2566 2568/2568/2568 2564/2564/2564
f 2566/2566/2566 2569/2569/2569 2568/2568/2568
f 2569/2569/2569 2605/2605/2605 2568/2568/2568
f 2569/2569/2569 2587/2587/2587 2605/2605/2605
f 2587/2587/2587 2609/2609/2609 2605/2605/2605
f 2587/2587/2587 2606/2606/2606 2609/2609/2609
f 2498/2498/2498 2497/2497/2497 2505/2505/2505
f 2498/2498/2498 2489/2489/2489 2497/2497/2497
f 2489/2489/2489 2493/2493/2493 2497/2497/2497
f 2489/2489/2489 2464/2464/2464 2493/2493/2493
f 2464/2464/2464 2448/2448/2448 2493/2493/2493
f 2464/2464/2464 2447/2447/2447 2448/2448/2448
f 2447/2447/2447 2449/2449/2449 2448/2448/2448
f 2447/2447/2447 2450/2450/2450 2449/2449/2449
f 2450/2450/2450 2451/2451/2451 2449/2449/2449
f 2450/2450/2450 2452/2452/2452 2451/2451/2451
f 2452/2452/2452 2458/2458/2458 2451/2451/2451
f 2452/2452/2452 2456/2456/2456 2458/2458/2458
f 2456/2456/2456 2496/2496/2496 2458/2458/2458
f 2456/2456/2456 2484/2484/2484 2496/2496/2496
f 2484/2484/2484 2503/2503/2503 2496/2496/2496
f 2484/2484/2484 2495/2495/2495 2503/2503/2503
f 2722/2722/2722 2729/2729/2729 2730/2730/2730
f 2722/2722/2722 2717/2717/2717 2729/2729/2729
f 2717/2717/2717 2696/2696/2696 2729/2729/2729
f 2717/2717/2717 2695/2695/2695 2696/2696/2696
f 2695/2695/2695 2683/2683/2683 2696/2696/2696
f 2695/2695/2695 2687/2687/2687 2683/2683/2683
f 2687/2687/2687 2679/2679/2679 2683/2683/2683
f 2687/2687/2687 2685/2685/2685 2679/2679/2679
f 2685/2685/2685 2682/2682/2682 2679/2679/2679
f 2685/2685/2685 2686/2686/2686 2682/2682/2682
f 2686/2686/2686 2688/2688/2688 2682/2682/2682
f 2686/2686/2686 2689/2689/2689 2688/2688/2688
f 2689/2689/2689 2663/2663/2663 2688/2688/2688
f 2689/2689/2689 2665/2665/2665 2663/2663/2663
f 2665/2665/2665 2659/2659/2659 2663/2663/2663
f 2665/2665/2665 2662/2662/2662 2659/2659/2659
f 2662/2662/2662 2657/2657/2657 2659/2659/2659
f 2662/2662/2662 2660/2660/2660 2657/2657/2657
f 2660/2660/2660 2658/2658/2658 2657/2657/2657
f 2660/2660/2660 2661/2661/2661 2658/2658/2658
f 2559/2559/2559 2548/2548/2548 2550/2550/2550
f 2559/2559/2559 2555/2555/2555 2548/2548/2548
f 2555/2555/2555 2549/2549/2549 2548/2548/2548
f 2555/2555/2555 2556/2556/2556 2549/2549/2549
f 2551/2551/2551 2528/2528/2528 2552/2552/2552
f 2551/2551/2551 2553/2553/2553 2528/2528/2528
f 2553/2553/2553 2523/2523/2523 2528/2528/2528
f 2553/2553/2553 2525/2525/2525 2523/2523/2523
f 2525/2525/2525 2519/2519/2519 2523/2523/2523
f 2525/2525/2525 2526/2526/2526 2519/2519/2519
f 2526/2526/2526 2522/2522/2522 2519/2519/2519
f 2526/2526/2526 2527/2527/2527 2522/2522/2522
f 2527/2527/2527 2533/2533/2533 2522/2522/2522
f 2527/2527/2527 2534/2534/2534 2533/2533/2533
f 2534/2534/2534 2537/2537/2537 2533/2533/2533
f 2534/2534/2534 2538/2538/2538 2537/2537/2537
f 2538/2538/2538 2541/2541/2541 2537/2537/2537
f 2538/2538/2538 2560/2560/2560 2541/2541/2541
f 2560/2560/2560 2561/2561/2561 2541/2541/2541
f 2560/2560/2560 2562/2562/2562 2561/2561/2561
f 2562/2562/2562 2563/2563/2563 2561/2561/2561
f 2562/2562/2562 2564/2564/2564 2563/2563/2563
f 2564/2564/2564 2570/2570/2570 2563/2563/2563
f 2564/2564/2564 2568/2568/2568 2570/2570/2570
f 2568/2568/2568 2610/2610/2610 2570/2570/2570
f 2568/2568/2568 2605/2605/2605 2610/2610/2610
f 2605/2605/2605 2611/2611/2611 2610/2610/2610
f 2605/2605/2605 2609/2609/2609 2611/2611/2611
f 2505/2505/2505 2507/2507/2507 2509/2509/2509
f 2505/2505/2505 2497/2497/2497 2507/2507/2507
f 2497/2497/2497 2504/2504/2504 2507/2507/2507
f 2497/2497/2497 2493/2493/2493 2504/2504/2504
f 2493/2493/2493 2501/2501/2501 2504/2504/2504
f 2493/2493/2493 2448/2448/2448 2501/2501/2501
f 2448/2448/2448 2500/2500/2500 2501/2501/2501
f 2448/2448/2448 2449/2449/2449 2500/2500/2500
f 2449/2449/2449 2499/2499/2499 2500/2500/2500
f 2449/2449/2449 2451/2451/2451 2499/2499/2499
f 2451/2451/2451 2502/2502/2502 2499/2499/2499
f 2451/2451/2451 2458/2458/2458 2502/2502/2502
f 2458/2458/2458 2506/2506/2506 2502/2502/2502
f 2458/2458/2458 2496/2496/2496 2506/2506/2506
f 2496/2496/2496 2508/2508/2508 2506/2506/2506
f 2496/2496/2496 2503/2503/2503 2508/2508/2508
f 2730/2730/2730 2726/2726/2726 2723/2723/2723
f 2730/2730/2730 2729/2729/2729 2726/2726/2726
f 2729/2729/2729 2728/2728/2728 2726/2726/2726
f 2729/2729/2729 2696/2696/2696 2728/2728/2728
f 2696/2696/2696 2684/2684/2684 2728/2728/2728
f 2696/2696/2696 2683/2683/2683 2684/2684/2684
f 2683/2683/2683 2680/2680/2680 2684/2684/2684
f 2683/2683/2683 2679/2679/2679 2680/2680/2680
f 2679/2679/2679 2681/2681/2681 2680/2680/2680
f 2679/2679/2679 2682/2682/2682 2681/2681/2681
f 2682/2682/2682 2690/2690/2690 2681/2681/2681
f 2682/2682/2682 2688/2688/2688 2690/2690/2690
f 2688/2688/2688 2664/2664/2664 2690/2690/2690
f 2688/2688/2688 2663/2663/2663 2664/2664/2664
f 2663/2663/2663 2651/2651/2651 2664/2664/2664
f 2663/2663/2663 2659/2659/2659 2651/2651/2651
f 2659/2659/2659 2654/2654/2654 2651/2651/2651
f 2659/2659/2659 2657/2657/2657 2654/2654/2654
f 2657/2657/2657 2656/2656/2656 2654/2654/2654
f 2657/2657/2657 2658/2658/2658 2656/2656/2656
f 2550/2550/2550 2542/2542/2542 2546/2546/2546
f 2550/2550/2550 2548/2548/2548 2542/2542/2542
f 2548/2548/2548 2544/2544/2544 2542/2542/2542
f 2548/2548/2548 2549/2549/2549 2544/2544/2544
f 2552/2552/2552 2529/2529/2529 2554/2554/2554
f 2552/2552/2552 2528/2528/2528 2529/2529/2529
f 2528/2528/2528 2524/2524/2524 2529/2529/2529
f 2528/2528/2528 2523/2523/2523 2524/2524/2524
f 2523/2523/2523 2520/2520/2520 2524/2524/2524
f 2523/2523/2523 2519/2519/2519 2520/2520/2520
f 2519/2519/2519 2521/2521/2521 2520/2520/2520
f 2519/2519/2519 2522/2522/2522 2521/2521/2521
f 2522/2522/2522 2536/2536/2536 2521/2521/2521
f 2522/2522/2522 2533/2533/2533 2536/2536/2536
f 2533/2533/2533 2539/2539/2539 2536/2536/2536
f 2533/2533/2533 2537/2537/2537 2539/2539/2539
f 2537/2537/2537 2540/2540/2540 2539/2539/2539
f 2537/2537/2537 2541/2541/2541 2540/2540/2540
f 2541/2541/2541 2613/2613/2613 2540/2540/2540
f 2541/2541/2541 2561/2561/2561 2613/2613/2613
f 2561/2561/2561 2612/2612/2612 2613/2613/2613
f 2561/2561/2561 2563/2563/2563 2612/2612/2612
f 2563/2563/2563 2614/2614/2614 2612/2612/2612
f 2563/2563/2563 2570/2570/2570 2614/2614/2614
f 2570/2570/2570 2615/2615/2615 2614/2614/2614
f 2570/2570/2570 2610/2610/2610 2615/2615/2615
f 2610/2610/2610 2616/2616/2616 2615/2615/2615
f 2610/2610/2610 2611/2611/2611 2616/2616/2616
f 2509/2509/2509 2516/2516/2516 2518/2518/2518
f 2509/2509/2509 2507/2507/2507 2516/2516/2516
f 2507/2507/2507 2514/2514/2514 2516/2516/2516
f 2507/2507/2507 2504/2504/2504 2514/2514/2514
f 2504/2504/2504 2512/2512/2512 2514/2514/2514
f 2504/2504/2504 2501/2501/2501 2512/2512/2512
f 2501/2501/2501 2511/2511/2511 2512/2512/2512
f 2501/2501/2501 2500/2500/2500 2511/2511/2511
f 2500/2500/2500 2510/2510/2510 2511/2511/2511
f 2500/2500/2500 2499/2499/2499 2510/2510/2510
f 2499/2499/2499 2513/2513/2513 2510/2510/2510
f 2499/2499/2499 2502/2502/2502 2513/2513/2513
f 2502/2502/2502 2515/2515/2515 2513/2513/2513
f 2502/2502/2502 2506/2506/2506 2515/2515/2515
f 2506/2506/2506 2517/2517/2517 2515/2515/2515
f 2506/2506/2506 2508/2508/2508 2517/2517/2517
f 2723/2723/2723 2725/2725/2725 2724/2724/2724
f 2723/2723/2723 2726/2726/2726 2725/2725/2725
f 2726/2726/2726 2727/2727/2727 2725/2725/2725
f 2726/2726/2726 2728/2728/2728 2727/2727/2727
f 2728/2728/2728 2731/2731/2731 2727/2727/2727
f 2728/2728/2728 2684/2684/2684 2731/2731/2731
f 2684/2684/2684 2732/2732/2732 2731/2731/2731
f 2684/2684/2684 2680/2680/2680 2732/2732/2732
f 2680/2680/2680 2733/2733/2733 2732/2732/2732
f 2680/2680/2680 2681/2681/2681 2733/2733/2733
f 2681/2681/2681 2734/2734/2734 2733/2733/2733
f 2681/2681/2681 2690/2690/2690 2734/2734/2734
f 2690/2690/2690 2735/2735/2735 2734/2734/2734
f 2690/2690/2690 2664/2664/2664 2735/2735/2735
f 2664/2664/2664 2652/2652/2652 2735/2735/2735
f 2664/2664/2664 2651/2651/2651 2652/2652/2652
f 2651/2651/2651 2653/2653/2653 2652/2652/2652
f 2651/2651/2651 2654/2654/2654 2653/2653/2653
f 2654/2654/2654 2655/2655/2655 2653/2653/2653
f 2654/2654/2654 2656/2656/2656 2655/2655/2655
f 2546/2546/2546 2545/2545/2545 2547/2547/2547
f 2546/2546/2546 2542/2542/2542 2545/2545/2545
f 2542/2542/2542 2543/2543/2543 2545/2545/2545
f 2542/2542/2542 2544/2544/2544 2543/2543/2543
g mat0m0s14
usemtl textures/metal_vertex/vertex_aluminium
v -184.250000 196.000000 -51.750000
vt 0.234375 1.000000
vn 0.948683 0.000000 -0.316228
v -184.000000 12.000000 -50.000000
vt 0.250000 2.750000
vn 1.000000 0.000000 -0.000000
v -184.000000 196.000000 -50.000000
vt 0.250000 1.000000
vn 1.000000 0.000000 -0.000000
v -184.250000 12.000000 -51.750000
vt 0.234375 2.750000
vn 0.948683 0.000000 -0.316228
v -185.000000 196.000000 -53.000000
vt 0.218750 1.000000
vn 0.707107 0.000000 -0.707107
v -185.000000 12.000000 -53.000000
vt 0.218750 2.750000
vn 0.707107 0.000000 -0.707107
v -184.000000 196.000000 -50.000000
vt 0.000000 1.000000
vn 1.000000 0.000000 -0.000000
v -184.000000 12.000000 -50.000000
vt 0.000000 2.750000
vn 1.000000 0.000000 -0.000000
v -184.250000 12.000000 -48.250000
vt 0.015625 2.750000
vn 0.948683 0.000000 0.316228
v -184.250000 196.000000 -48.250000
vt 0.015625 1.000000
vn 0.948683 0.000000 0.316228
v -185.000000 12.000000 -47.000000
vt 0.031250 2.750000
vn 0.707107 0.000000 0.707107
v -185.000000 196.000000 -47.000000
vt 0.031250 1.000000
vn 0.707107 0.000000 0.707107
v -188.000000 196.000000 -46.000000
vt 0.062500 1.000000
vn 0.000000 0.000000 1.000000
v -188.000000 12.000000 -46.000000
vt 0.062500 2.750000
vn 0.000000 0.000000 1.000000
v -189.750000 12.000000 -46.250000
vt 0.078125 2.750000
vn -0.316228 0.000000 0.948683
v -189.750000 196.000000 -46.250000
vt 0.078125 1.000000
vn -0.316228 0.000000 0.948683
v -186.250000 196.000000 -46.250000
vt 0.046875 1.000000
vn 0.316228 0.000000 0.948683
v -186.250000 12.000000 -46.250000
vt 0.046875 2.750000
vn 0.316228 0.000000 0.948683
v -185.000000 196.000000 -47.000000
vt 0.031250 1.000000
vn 0.707107 0.000000 0.707107
v -185.000000 12.000000 -47.000000
vt 0.031250 2.750000
vn 0.707107 0.000000 0.707107
v -191.000000 12.000000 -47.000000
vt 0.093750 2.750000
vn -0.707107 0.000000 0.707107
v -191.000000 196.000000 -47.000000
vt 0.093750 1.000000
vn -0.707107 0.000000 0.707107
v -192.000000 196.000000 -50.000000
vt 0.125000 1.000000
vn -1.000000 0.000000 -0.000000
v -191.750000 12.000000 -51.750000
vt 0.140625 2.750000
vn -0.948683 0.000000 -0.316228
v -191.750000 196.000000 -51.750000
vt 0.140625 1.000000
vn -0.948683 0.000000 -0.316228
v -192.000000 12.000000 -50.000000
vt 0.125000 2.750000
vn -1.000000 0.000000 -0.000000
v -191.750000 196.000000 -48.250000
vt 0.109375 1.000000
vn -0.948683 0.000000 0.316228
v -191.750000 12.000000 -48.250000
vt 0.109375 2.750000
vn -0.948683 0.000000 0.316228
v -191.000000 196.000000 -47.000000
vt 0.093750 1.000000
vn -0.707107 0.000000 0.707107
v -191.000000 12.000000 -47.000000
vt 0.093750 2.750000
vn -0.707107 0.000000 0.707107
v -191.000000 12.000000 -53.000000
vt 0.156250 2.750000
vn -0.707107 0.000000 -0.707107
v -191.000000 196.000000 -53.000000
vt 0.156250 1.000000
vn -0.707107 0.000000 -0.707107
v -189.750000 196.000000 -53.750000
vt 0.171875 1.000000
vn -0.316228 0.000000 -0.948683
v -188.000000 12.000000 -54.000000
vt 0.187500 2.750000
vn 0.000000 0.000000 -1.000000
v -188.000000 196.000000 -54.000000
vt 0.187500 1.000000
vn 0.000000 0.000000 -1.000000
v -189.750000 12.000000 -53.750000
vt 0.171875 2.750000
vn -0.316228 0.000000 -0.948683
v -186.250000 12.000000 -53.750000
vt 0.203125 2.750000
vn 0.316228 0.000000 -0.948683
v -186.250000 196.000000 -53.750000
vt 0.203125 1.000000
vn 0.316228 0.000000 -0.948683
v -185.000000 12.000000 -53.000000
vt 0.218750 2.750000
vn 0.707107 0.000000 -0.707107
v -185.000000 196.000000 -53.000000
vt 0.218750 1.000000
vn 0.707107 0.000000 -0.707107
v -191.000000 196.000000 -53.000000
vt 0.156250 1.000000
vn -0.707107 0.000000 -0.707107
v -191.000000 12.000000 -53.000000
vt 0.156250 2.750000
vn -0.707107 0.000000 -0.707107
v -202.088867 4.500000 -46.645508
vt 0.468750 1.108387
vn -0.801103 0.587483 0.114443
v -203.011719 3.000000 -46.425781
vt 0.468750 1.124632
vn -0.884085 0.449936 0.126298
v -203.250000 3.000000 -50.000000
vt 0.500000 1.124632
vn -0.894427 0.447214 -0.000000
v -202.312500 4.500000 -50.000000
vt 0.500000 1.108387
vn -0.811242 0.584710 -0.000000
v -203.011719 3.000000 -53.574219
vt 0.531250 1.124632
vn -0.884085 0.449936 -0.126298
v -202.088867 4.500000 -53.354492
vt 0.531250 1.108387
vn -0.801103 0.587483 -0.114443
v -201.000000 6.000000 -50.000000
vt 0.500000 1.090330
vn -0.707107 0.707107 -0.000000
v -200.796875 6.000000 -53.046875
vt 0.531250 1.090330
vn -0.697336 0.709788 -0.099619
v -200.796875 6.000000 -46.953125
vt 0.468750 1.090330
vn -0.697336 0.709788 0.099619
v -201.417969 4.500000 -56.261719
vt 0.562500 1.108387
vn -0.762699 0.594690 -0.254233
v -200.187500 6.000000 -55.687500
vt 0.562500 1.090330
vn -0.661581 0.716713 -0.220527
v -202.296875 3.000000 -56.671875
vt 0.562500 1.124632
vn -0.843795 0.457056 -0.281265
v -199.312500 7.500000 -50.000000
vt 0.500000 1.070464
vn -0.633989 0.773342 -0.000000
v -199.135742 7.500000 -52.651367
vt 0.531250 1.070464
vn -0.624818 0.775651 -0.089260
v -199.135742 7.500000 -47.348633
vt 0.468750 1.070464
vn -0.624818 0.775651 0.089260
v -198.605469 7.500000 -54.949219
vt 0.562500 1.070464
vn -0.591777 0.781593 -0.197259
v -200.187500 6.000000 -44.312500
vt 0.437500 1.090330
vn -0.661581 0.716713 0.220527
v -201.417969 4.500000 -43.738281
vt 0.437500 1.108387
vn -0.762699 0.594690 0.254233
v -198.605469 7.500000 -45.050781
vt 0.437500 1.070464
vn -0.591777 0.781593 0.197259
v -197.250000 9.000000 -50.000000
vt 0.500000 1.048787
vn -0.554700 0.832050 -0.000000
v -197.105469 9.000000 -52.167969
vt 0.531250 1.048787
vn -0.546237 0.833988 -0.078034
v -197.105469 9.000000 -47.832031
vt 0.468750 1.048787
vn -0.546237 0.833988 0.078034
v -196.671875 9.000000 -54.046875
vt 0.562500 1.048787
vn -0.516278 0.838952 -0.172093
v -196.671875 9.000000 -45.953125
vt 0.437500 1.048787
vn -0.516278 0.838952 0.172093
v -192.000000 12.000000 -50.000000
vt 0.500000 1.000000
vn -0.447214 0.894427 -0.000000
v -191.937500 12.000000 -50.937500
vt 0.531250 1.000000
vn -0.440032 0.895779 -0.062862
v -191.937500 12.000000 -49.062500
vt 0.468750 1.000000
vn -0.440032 0.895779 0.062862
v -191.750000 12.000000 -51.750000
vt 0.562500 1.000000
vn -0.415029 0.899229 -0.138343
v -191.750000 12.000000 -48.250000
vt 0.437500 1.000000
vn -0.415029 0.899229 0.138343
v -197.721680 7.500000 -56.893555
vt 0.593750 1.070464
vn -0.527883 0.788049 -0.316730
v -195.949219 9.000000 -55.636719
vt 0.593750 1.048787
vn -0.459489 0.844312 -0.275694
v -191.437500 12.000000 -52.437500
vt 0.593750 1.000000
vn -0.368542 0.902929 -0.221125
v -199.171875 6.000000 -57.921875
vt 0.593750 1.090330
vn -0.591248 0.724279 -0.354749
v -195.949219 9.000000 -44.363281
vt 0.406250 1.048787
vn -0.459489 0.844312 0.275694
v -197.721680 7.500000 -43.106445
vt 0.406250 1.070464
vn -0.527883 0.788049 0.316730
v -191.437500 12.000000 -47.562500
vt 0.406250 1.000000
vn -0.368542 0.902929 0.221125
v -199.171875 6.000000 -42.078125
vt 0.406250 1.090330
vn -0.591248 0.724279 0.354749
v -200.299805 4.500000 -58.721680
vt 0.593750 1.108387
vn -0.684293 0.602637 -0.410576
v -194.937500 9.000000 -56.937500
vt 0.625000 1.048787
vn -0.376288 0.846649 -0.376288
v -191.000000 12.000000 -53.000000
vt 0.625000 1.000000
vn -0.301511 0.904534 -0.301511
v -196.484375 7.500000 -58.484375
vt 0.625000 1.070464
vn -0.432731 0.790877 -0.432731
v -197.750000 6.000000 -59.750000
vt 0.625000 1.090330
vn -0.485071 0.727607 -0.485071
v -200.299805 4.500000 -41.278320
vt 0.406250 1.108387
vn -0.684293 0.602637 0.410576
v -191.000000 12.000000 -47.000000
vt 0.375000 1.000000
vn -0.301511 0.904534 0.301511
v -194.937500 9.000000 -43.062500
vt 0.375000 1.048787
vn -0.376288 0.846649 0.376288
v -196.484375 7.500000 -41.515625
vt 0.375000 1.070464
vn -0.432731 0.790877 0.432731
v -202.296875 3.000000 -43.328125
vt 0.437500 1.124632
vn -0.843795 0.457056 0.281265
v -197.750000 6.000000 -40.250000
vt 0.375000 1.090330
vn -0.485071 0.727607 0.485071
v -198.734375 4.500000 -60.734375
vt 0.625000 1.108387
vn -0.562393 0.606158 -0.562393
v -201.105469 3.000000 -59.292969
vt 0.593750 1.124632
vn -0.759155 0.464983 -0.455493
v -201.105469 3.000000 -40.707031
vt 0.406250 1.124632
vn -0.759156 0.464983 0.455493
v -198.734375 4.500000 -39.265625
vt 0.375000 1.108387
vn -0.562393 0.606158 0.562393
v -203.565430 1.500000 -53.706055
vt 0.531250 1.139067
vn -0.963120 0.231235 -0.137589
v -203.812500 1.500000 -50.000000
vt 0.500000 1.139067
vn -0.973249 0.229753 -0.000000
v -203.565430 1.500000 -46.293945
vt 0.468750 1.139067
vn -0.963120 0.231235 0.137589
v -202.824219 1.500000 -56.917969
vt 0.562500 1.139067
vn -0.922088 0.235119 -0.307363
v -199.437500 3.000000 -61.437500
vt 0.625000 1.124632
vn -0.624695 0.468521 -0.624695
v -202.824219 1.500000 -43.082031
vt 0.437500 1.139067
vn -0.922088 0.235119 0.307363
v -199.437500 3.000000 -38.562500
vt 0.375000 1.124632
vn -0.624695 0.468521 0.624695
v -201.588867 1.500000 -59.635742
vt 0.593750 1.139067
vn -0.832546 0.239458 -0.499527
v -201.588867 1.500000 -40.364258
vt 0.406250 1.139067
vn -0.832546 0.239458 0.499527
v -199.859375 1.500000 -61.859375
vt 0.625000 1.139067
vn -0.686195 0.241400 -0.686195
v -199.859375 1.500000 -38.140625
vt 0.375000 1.139067
vn -0.686195 0.241400 0.686195
v -203.750000 0.000000 -53.750000
vt 0.531250 1.151691
vn -0.989949 0.000000 -0.141421
v -204.000000 0.000000 -50.000000
vt 0.500000 1.151691
vn -1.000000 0.000000 -0.000000
v -203.750000 0.000000 -46.250000
vt 0.468750 1.151691
vn -0.989949 0.000000 0.141421
v -203.000000 0.000000 -57.000000
vt 0.562500 1.151691
vn -0.948683 0.000000 -0.316228
v -203.000000 0.000000 -43.000000
vt 0.437500 1.151691
vn -0.948683 0.000000 0.316228
v -201.750000 0.000000 -59.750000
vt 0.593750 1.151691
vn -0.857493 0.000000 -0.514496
v -201.750000 0.000000 -40.250000
vt 0.406250 1.151691
vn -0.857493 0.000000 0.514496
v -200.000000 0.000000 -62.000000
vt 0.625000 1.151691
vn -0.707107 0.000000 -0.707107
v -200.000000 0.000000 -38.000000
vt 0.375000 1.151691
vn -0.707107 0.000000 0.707107
v -174.411133 1.500000 -40.364258
vt 0.093750 1.139067
vn 0.832546 0.239458 0.499527
v -176.000000 0.000000 -38.000000
vt 0.125000 1.151691
vn 0.707107 0.000000 0.707107
v -176.140625 1.500000 -38.140625
vt 0.125000 1.139067
vn 0.686195 0.241400 0.686195
v -174.250000 0.000000 -40.250000
vt 0.093750 1.151691
vn 0.857493 0.000000 0.514496
v -173.175781 1.500000 -43.082031
vt 0.062500 1.139067
vn 0.922088 0.235119 0.307363
v -173.000000 0.000000 -43.000000
vt 0.062500 1.151691
vn 0.948683 0.000000 0.316228
v -173.703125 3.000000 -43.328125
vt 0.062500 1.124632
vn 0.843795 0.457056 0.281265
v -174.894531 3.000000 -40.707031
vt 0.093750 1.124632
vn 0.759155 0.464983 0.455493
v -176.562500 3.000000 -38.562500
vt 0.125000 1.124632
vn 0.624695 0.468521 0.624695
v -172.434570 1.500000 -46.293945
vt 0.031250 1.139067
vn 0.963120 0.231235 0.137589
v -172.250000 0.000000 -46.250000
vt 0.031250 1.151691
vn 0.989949 0.000000 0.141421
v -174.582031 4.500000 -43.738281
vt 0.062500 1.108387
vn 0.762699 0.594690 0.254233
v -175.700195 4.500000 -41.278320
vt 0.093750 1.108387
vn 0.684293 0.602637 0.410576
v -177.265625 4.500000 -39.265625
vt 0.125000 1.108387
vn 0.562393 0.606158 0.562393
v -178.364258 1.500000 -36.411133
vt 0.156250 1.139067
vn 0.499527 0.239458 0.832546
v -178.707031 3.000000 -36.894531
vt 0.156250 1.124632
vn 0.455493 0.464983 0.759156
v -179.278320 4.500000 -37.700195
vt 0.156250 1.108387
vn 0.410576 0.602637 0.684293
v -178.250000 0.000000 -36.250000
vt 0.156250 1.151691
vn 0.514496 0.000000 0.857493
v -181.082031 1.500000 -35.175781
vt 0.187500 1.139067
vn 0.307363 0.235119 0.922088
v -181.328125 3.000000 -35.703125
vt 0.187500 1.124632
vn 0.281265 0.457056 0.843795
v -181.000000 0.000000 -35.000000
vt 0.187500 1.151691
vn 0.316228 0.000000 0.948683
v -184.250000 0.000000 -34.250000
vt 0.218750 1.151691
vn 0.141421 0.000000 0.989949
v -184.293945 1.500000 -34.434570
vt 0.218750 1.139067
vn 0.137589 0.231235 0.963120
v -172.434570 1.500000 -53.706055
vt 0.968750 1.139067
vn 0.963120 0.231235 -0.137589
v -172.000000 0.000000 -50.000000
vt 1.000000 1.151691
vn 1.000000 0.000000 -0.000000
v -172.187500 1.500000 -50.000000
vt 1.000000 1.139067
vn 0.973249 0.229753 -0.000000
v -172.250000 0.000000 -53.750000
vt 0.968750 1.151691
vn 0.989949 0.000000 -0.141421
v -173.175781 1.500000 -56.917969
vt 0.937500 1.139067
vn 0.922088 0.235119 -0.307363
v -173.000000 0.000000 -57.000000
vt 0.937500 1.151691
vn 0.948683 0.000000 -0.316228
v -172.988281 3.000000 -53.574219
vt 0.968750 1.124632
vn 0.884085 0.449936 -0.126298
v -172.750000 3.000000 -50.000000
vt 1.000000 1.124632
vn 0.894427 0.447214 -0.000000
v -173.703125 3.000000 -56.671875
vt 0.937500 1.124632
vn 0.843795 0.457056 -0.281265
v -172.750000 3.000000 -50.000000
vt 0.000000 1.124632
vn 0.894427 0.447214 -0.000000
v -172.187500 1.500000 -50.000000
vt 0.000000 1.139067
vn 0.973249 0.229753 -0.000000
v -172.988281 3.000000 -46.425781
vt 0.031250 1.124632
vn 0.884085 0.449936 0.126298
v -172.000000 0.000000 -50.000000
vt 0.000000 1.151691
vn 1.000000 0.000000 -0.000000
v -173.911133 4.500000 -53.354492
vt 0.968750 1.108387
vn 0.801103 0.587483 -0.114443
v -173.687500 4.500000 -50.000000
vt 1.000000 1.108387
vn 0.811242 0.584710 -0.000000
v -173.687500 4.500000 -50.000000
vt 0.000000 1.108387
vn 0.811242 0.584710 -0.000000
v -173.911133 4.500000 -46.645508
vt 0.031250 1.108387
vn 0.801103 0.587483 0.114443
v -174.582031 4.500000 -56.261719
vt 0.937500 1.108387
vn 0.762699 0.594690 -0.254233
v -184.425781 3.000000 -34.988281
vt 0.218750 1.124632
vn 0.126298 0.449936 0.884085
v -188.000000 1.500000 -34.187500
vt 0.250000 1.139067
vn 0.000000 0.229753 0.973249
v -188.000000 3.000000 -34.750000
vt 0.250000 1.124632
vn 0.000000 0.447214 0.894427
v -191.706055 1.500000 -34.434570
vt 0.281250 1.139067
vn -0.137589 0.231235 0.963120
v -191.574219 3.000000 -34.988281
vt 0.281250 1.124632
vn -0.126298 0.449936 0.884085
v -188.000000 4.500000 -35.687500
vt 0.250000 1.108387
vn 0.000000 0.584710 0.811242
v -191.354492 4.500000 -35.911133
vt 0.281250 1.108387
vn -0.114443 0.587483 0.801103
v -184.645508 4.500000 -35.911133
vt 0.218750 1.108387
vn 0.114443 0.587483 0.801103
v -194.671875 3.000000 -35.703125
vt 0.312500 1.124632
vn -0.281265 0.457056 0.843795
v -194.261719 4.500000 -36.582031
vt 0.312500 1.108387
vn -0.254233 0.594690 0.762699
v -194.917969 1.500000 -35.175781
vt 0.312500 1.139067
vn -0.307363 0.235119 0.922088
v -188.000000 6.000000 -37.000000
vt 0.250000 1.090330
vn 0.000000 0.707107 0.707107
v -191.046875 6.000000 -37.203125
vt 0.281250 1.090330
vn -0.099619 0.709788 0.697336
v -184.953125 6.000000 -37.203125
vt 0.218750 1.090330
vn 0.099619 0.709788 0.697336
v -193.687500 6.000000 -37.812500
vt 0.312500 1.090330
vn -0.220527 0.716713 0.661581
v -181.738281 4.500000 -36.582031
vt 0.187500 1.108387
vn 0.254233 0.594690 0.762699
v -182.312500 6.000000 -37.812500
vt 0.187500 1.090330
vn 0.220527 0.716713 0.661581
v -188.000000 7.500000 -38.687500
vt 0.250000 1.070464
vn 0.000000 0.773342 0.633989
v -190.651367 7.500000 -38.864258
vt 0.281250 1.070464
vn -0.089260 0.775651 0.624818
v -185.348633 7.500000 -38.864258
vt 0.218750 1.070464
vn 0.089260 0.775651 0.624818
v -192.949219 7.500000 -39.394531
vt 0.312500 1.070464
vn -0.197259 0.781593 0.591777
v -183.050781 7.500000 -39.394531
vt 0.187500 1.070464
vn 0.197259 0.781593 0.591777
v -188.000000 9.000000 -40.750000
vt 0.250000 1.048787
vn 0.000000 0.832050 0.554700
v -190.167969 9.000000 -40.894531
vt 0.281250 1.048787
vn -0.078034 0.833988 0.546237
v -185.832031 9.000000 -40.894531
vt 0.218750 1.048787
vn 0.078034 0.833988 0.546237
v -192.046875 9.000000 -41.328125
vt 0.312500 1.048787
vn -0.172093 0.838952 0.516278
v -183.953125 9.000000 -41.328125
vt 0.187500 1.048787
vn 0.172093 0.838952 0.516278
v -196.721680 4.500000 -37.700195
vt 0.343750 1.108387
vn -0.410576 0.602637 0.684293
v -195.921875 6.000000 -38.828125
vt 0.343750 1.090330
vn -0.354749 0.724279 0.591248
v -194.893555 7.500000 -40.278320
vt 0.343750 1.070464
vn -0.316730 0.788049 0.527883
v -193.636719 9.000000 -42.050781
vt 0.343750 1.048787
vn -0.275694 0.844312 0.459489
v -188.000000 12.000000 -46.000000
vt 0.250000 1.000000
vn 0.000000 0.894427 0.447214
v -188.937500 12.000000 -46.062500
vt 0.281250 1.000000
vn -0.062862 0.895779 0.440032
v -187.062500 12.000000 -46.062500
vt 0.218750 1.000000
vn 0.062862 0.895779 0.440032
v -189.750000 12.000000 -46.250000
vt 0.312500 1.000000
vn -0.138343 0.899229 0.415029
v -186.250000 12.000000 -46.250000
vt 0.187500 1.000000
vn 0.138343 0.899229 0.415029
v -190.437500 12.000000 -46.562500
vt 0.343750 1.000000
vn -0.221125 0.902929 0.368542
v -182.363281 9.000000 -42.050781
vt 0.156250 1.048787
vn 0.275694 0.844312 0.459489
v -181.106445 7.500000 -40.278320
vt 0.156250 1.070464
vn 0.316730 0.788049 0.527883
v -185.562500 12.000000 -46.562500
vt 0.156250 1.000000
vn 0.221125 0.902929 0.368542
v -180.078125 6.000000 -38.828125
vt 0.156250 1.090330
vn 0.354749 0.724279 0.591248
v -196.484375 7.500000 -41.515625
vt 0.375000 1.070464
vn -0.432731 0.790877 0.432731
v -194.937500 9.000000 -43.062500
vt 0.375000 1.048787
vn -0.376288 0.846649 0.376288
v -191.000000 12.000000 -47.000000
vt 0.375000 1.000000
vn -0.301511 0.904534 0.301511
v -197.750000 6.000000 -40.250000
vt 0.375000 1.090330
vn -0.485071 0.727607 0.485071
v -197.292969 3.000000 -36.894531
vt 0.343750 1.124632
vn -0.455493 0.464983 0.759155
v -198.734375 4.500000 -39.265625
vt 0.375000 1.108387
vn -0.562393 0.606158 0.562393
v -179.515625 7.500000 -41.515625
vt 0.125000 1.070464
vn 0.432731 0.790877 0.432731
v -178.250000 6.000000 -40.250000
vt 0.125000 1.090330
vn 0.485071 0.727607 0.485071
v -199.437500 3.000000 -38.562500
vt 0.375000 1.124632
vn -0.624695 0.468521 0.624695
v -197.635742 1.500000 -36.411133
vt 0.343750 1.139067
vn -0.499527 0.239458 0.832546
v -199.859375 1.500000 -38.140625
vt 0.375000 1.139067
vn -0.686195 0.241400 0.686195
v -191.750000 0.000000 -34.250000
vt 0.281250 1.151691
vn -0.141421 0.000000 0.989949
v -188.000000 0.000000 -34.000000
vt 0.250000 1.151691
vn 0.000000 0.000000 1.000000
v -195.000000 0.000000 -35.000000
vt 0.312500 1.151691
vn -0.316228 0.000000 0.948683
v -197.750000 0.000000 -36.250000
vt 0.343750 1.151691
vn -0.514496 0.000000 0.857493
v -200.000000 0.000000 -38.000000
vt 0.375000 1.151691
vn -0.707107 0.000000 0.707107
v -184.062500 12.000000 -49.062500
vt 0.031250 1.000000
vn 0.440032 0.895779 0.062862
v -179.328125 9.000000 -45.953125
vt 0.062500 1.048787
vn 0.516278 0.838952 0.172093
v -184.250000 12.000000 -48.250000
vt 0.062500 1.000000
vn 0.415029 0.899229 0.138343
v -178.894531 9.000000 -47.832031
vt 0.031250 1.048787
vn 0.546237 0.833988 0.078034
v -184.000000 12.000000 -50.000000
vt 0.000000 1.000000
vn 0.447214 0.894427 -0.000000
v -178.750000 9.000000 -50.000000
vt 0.000000 1.048787
vn 0.554700 0.832050 -0.000000
v -177.394531 7.500000 -45.050781
vt 0.062500 1.070464
vn 0.591777 0.781593 0.197259
v -176.864258 7.500000 -47.348633
vt 0.031250 1.070464
vn 0.624818 0.775651 0.089260
v -180.050781 9.000000 -44.363281
vt 0.093750 1.048787
vn 0.459489 0.844312 0.275694
v -184.562500 12.000000 -47.562500
vt 0.093750 1.000000
vn 0.368542 0.902929 0.221125
v -178.278320 7.500000 -43.106445
vt 0.093750 1.070464
vn 0.527883 0.788049 0.316730
v -176.687500 7.500000 -50.000000
vt 0.000000 1.070464
vn 0.633989 0.773342 -0.000000
v -184.062500 12.000000 -50.937500
vt 0.968750 1.000000
vn 0.440032 0.895779 -0.062862
v -178.750000 9.000000 -50.000000
vt 1.000000 1.048787
vn 0.554700 0.832050 -0.000000
v -184.000000 12.000000 -50.000000
vt 1.000000 1.000000
vn 0.447214 0.894427 -0.000000
v -178.894531 9.000000 -52.167969
vt 0.968750 1.048787
vn 0.546237 0.833988 -0.078034
v -175.812500 6.000000 -44.312500
vt 0.062500 1.090330
vn 0.661581 0.716713 0.220527
v -175.203125 6.000000 -46.953125
vt 0.031250 1.090330
vn 0.697336 0.709788 0.099619
v -176.687500 7.500000 -50.000000
vt 1.000000 1.070464
vn 0.633989 0.773342 -0.000000
v -176.864258 7.500000 -52.651367
vt 0.968750 1.070464
vn 0.624818 0.775651 -0.089260
v -175.000000 6.000000 -50.000000
vt 0.000000 1.090330
vn 0.707107 0.707107 -0.000000
v -184.250000 12.000000 -51.750000
vt 0.937500 1.000000
vn 0.415029 0.899229 -0.138343
v -179.328125 9.000000 -54.046875
vt 0.937500 1.048787
vn 0.516278 0.838952 -0.172093
v -177.394531 7.500000 -54.949219
vt 0.937500 1.070464
vn 0.591777 0.781593 -0.197259
v -175.000000 6.000000 -50.000000
vt 1.000000 1.090330
vn 0.707107 0.707107 -0.000000
v -175.203125 6.000000 -53.046875
vt 0.968750 1.090330
vn 0.697336 0.709788 -0.099619
v -175.812500 6.000000 -55.687500
vt 0.937500 1.090330
vn 0.661581 0.716713 -0.220527
v -184.562500 12.000000 -52.437500
vt 0.906250 1.000000
vn 0.368542 0.902929 -0.221125
v -180.050781 9.000000 -55.636719
vt 0.906250 1.048787
vn 0.459489 0.844312 -0.275694
v -178.278320 7.500000 -56.893555
vt 0.906250 1.070464
vn 0.527883 0.788049 -0.316730
v -176.828125 6.000000 -42.078125
vt 0.093750 1.090330
vn 0.591248 0.724279 0.354749
v -176.828125 6.000000 -57.921875
vt 0.906250 1.090330
vn 0.591248 0.724279 -0.354749
v -181.062500 9.000000 -43.062500
vt 0.125000 1.048787
vn 0.376288 0.846649 0.376288
v -185.000000 12.000000 -47.000000
vt 0.125000 1.000000
vn 0.301511 0.904534 0.301511
v -176.140625 1.500000 -61.859375
vt 0.875000 1.139067
vn 0.686195 0.241400 -0.686195
v -176.000000 0.000000 -62.000000
vt 0.875000 1.151691
vn 0.707107 0.000000 -0.707107
v -174.250000 0.000000 -59.750000
vt 0.906250 1.151691
vn 0.857493 0.000000 -0.514496
v -174.411133 1.500000 -59.635742
vt 0.906250 1.139067
vn 0.832546 0.239458 -0.499527
v -173.000000 0.000000 -57.000000
vt 0.937500 1.151691
vn 0.948683 0.000000 -0.316228
v -173.175781 1.500000 -56.917969
vt 0.937500 1.139067
vn 0.922088 0.235119 -0.307363
v -174.894531 3.000000 -59.292969
vt 0.906250 1.124632
vn 0.759156 0.464983 -0.455493
v -173.703125 3.000000 -56.671875
vt 0.937500 1.124632
vn 0.843795 0.457056 -0.281265
v -176.562500 3.000000 -61.437500
vt 0.875000 1.124632
vn 0.624695 0.468521 -0.624695
v -175.700195 4.500000 -58.721680
vt 0.906250 1.108387
vn 0.684293 0.602637 -0.410576
v -174.582031 4.500000 -56.261719
vt 0.937500 1.108387
vn 0.762699 0.594690 -0.254233
v -177.265625 4.500000 -60.734375
vt 0.875000 1.108387
vn 0.562393 0.606158 -0.562393
v -178.707031 3.000000 -63.105469
vt 0.843750 1.124632
vn 0.455493 0.464983 -0.759155
v -178.364258 1.500000 -63.588867
vt 0.843750 1.139067
vn 0.499527 0.239458 -0.832546
v -179.278320 4.500000 -62.299805
vt 0.843750 1.108387
vn 0.410576 0.602637 -0.684293
v -178.250000 6.000000 -59.750000
vt 0.875000 1.090330
vn 0.485071 0.727607 -0.485071
v -176.828125 6.000000 -57.921875
vt 0.906250 1.090330
vn 0.591248 0.724279 -0.354749
v -175.812500 6.000000 -55.687500
vt 0.937500 1.090330
vn 0.661581 0.716713 -0.220527
v -180.078125 6.000000 -61.171875
vt 0.843750 1.090330
vn 0.354749 0.724279 -0.591248
v -179.515625 7.500000 -58.484375
vt 0.875000 1.070464
vn 0.432731 0.790877 -0.432731
v -178.278320 7.500000 -56.893555
vt 0.906250 1.070464
vn 0.527883 0.788049 -0.316730
v -181.106445 7.500000 -59.721680
vt 0.843750 1.070464
vn 0.316730 0.788049 -0.527883
v -181.062500 9.000000 -56.937500
vt 0.875000 1.048787
vn 0.376288 0.846649 -0.376288
v -180.050781 9.000000 -55.636719
vt 0.906250 1.048787
vn 0.459489 0.844312 -0.275694
v -182.363281 9.000000 -57.949219
vt 0.843750 1.048787
vn 0.275694 0.844312 -0.459489
v -185.000000 12.000000 -53.000000
vt 0.875000 1.000000
vn 0.301511 0.904534 -0.301511
v -184.562500 12.000000 -52.437500
vt 0.906250 1.000000
vn 0.368542 0.902929 -0.221125
v -185.562500 12.000000 -53.437500
vt 0.843750 1.000000
vn 0.221125 0.902929 -0.368542
v -188.000000 3.000000 -65.250000
vt 0.750000 1.124632
vn 0.000000 0.447214 -0.894427
v -188.000000 1.500000 -65.812500
vt 0.750000 1.139067
vn 0.000000 0.229753 -0.973249
v -184.293945 1.500000 -65.565430
vt 0.781250 1.139067
vn 0.137589 0.231235 -0.963120
v -184.425781 3.000000 -65.011719
vt 0.781250 1.124632
vn 0.126298 0.449936 -0.884085
v -191.574219 3.000000 -65.011719
vt 0.718750 1.124632
vn -0.126298 0.449936 -0.884085
v -191.706055 1.500000 -65.565430
vt 0.718750 1.139067
vn -0.137589 0.231235 -0.963120
v -188.000000 4.500000 -64.312500
vt 0.750000 1.108387
vn 0.000000 0.584710 -0.811242
v -184.645508 4.500000 -64.088867
vt 0.781250 1.108387
vn 0.114443 0.587483 -0.801103
v -191.354492 4.500000 -64.088867
vt 0.718750 1.108387
vn -0.114443 0.587483 -0.801103
v -181.328125 3.000000 -64.296875
vt 0.812500 1.124632
vn 0.281265 0.457056 -0.843795
v -181.738281 4.500000 -63.417969
vt 0.812500 1.108387
vn 0.254233 0.594690 -0.762699
v -181.082031 1.500000 -64.824219
vt 0.812500 1.139067
vn 0.307363 0.235119 -0.922088
v -188.000000 6.000000 -63.000000
vt 0.750000 1.090330
vn 0.000000 0.707107 -0.707107
v -184.953125 6.000000 -62.796875
vt 0.781250 1.090330
vn 0.099619 0.709788 -0.697336
v -191.046875 6.000000 -62.796875
vt 0.718750 1.090330
vn -0.099619 0.709788 -0.697336
v -182.312500 6.000000 -62.187500
vt 0.812500 1.090330
vn 0.220527 0.716713 -0.661581
v -194.261719 4.500000 -63.417969
vt 0.687500 1.108387
vn -0.254233 0.594690 -0.762699
v -194.671875 3.000000 -64.296875
vt 0.687500 1.124632
vn -0.281265 0.457056 -0.843795
v -193.687500 6.000000 -62.187500
vt 0.687500 1.090330
vn -0.220527 0.716713 -0.661581
v -188.000000 7.500000 -61.312500
vt 0.750000 1.070464
vn 0.000000 0.773342 -0.633989
v -185.348633 7.500000 -61.135742
vt 0.781250 1.070464
vn 0.089260 0.775651 -0.624818
v -190.651367 7.500000 -61.135742
vt 0.718750 1.070464
vn -0.089260 0.775651 -0.624818
v -183.050781 7.500000 -60.605469
vt 0.812500 1.070464
vn 0.197259 0.781593 -0.591777
v -192.949219 7.500000 -60.605469
vt 0.687500 1.070464
vn -0.197259 0.781593 -0.591777
v -188.000000 9.000000 -59.250000
vt 0.750000 1.048787
vn 0.000000 0.832050 -0.554700
v -185.832031 9.000000 -59.105469
vt 0.781250 1.048787
vn 0.078034 0.833988 -0.546237
v -190.167969 9.000000 -59.105469
vt 0.718750 1.048787
vn -0.078034 0.833988 -0.546237
v -183.953125 9.000000 -58.671875
vt 0.812500 1.048787
vn 0.172093 0.838952 -0.516278
v -192.046875 9.000000 -58.671875
vt 0.687500 1.048787
vn -0.172093 0.838952 -0.516278
v -188.000000 12.000000 -54.000000
vt 0.750000 1.000000
vn 0.000000 0.894427 -0.447214
v -187.062500 12.000000 -53.937500
vt 0.781250 1.000000
vn 0.062862 0.895779 -0.440032
v -188.937500 12.000000 -53.937500
vt 0.718750 1.000000
vn -0.062862 0.895779 -0.440032
v -186.250000 12.000000 -53.750000
vt 0.812500 1.000000
vn 0.138343 0.899229 -0.415029
v -189.750000 12.000000 -53.750000
vt 0.687500 1.000000
vn -0.138343 0.899229 -0.415029
v -193.636719 9.000000 -57.949219
vt 0.656250 1.048787
vn -0.275694 0.844312 -0.459489
v -194.893555 7.500000 -59.721680
vt 0.656250 1.070464
vn -0.316730 0.788049 -0.527883
v -190.437500 12.000000 -53.437500
vt 0.656250 1.000000
vn -0.221125 0.902929 -0.368542
v -195.921875 6.000000 -61.171875
vt 0.656250 1.090330
vn -0.354749 0.724279 -0.591248
v -196.721680 4.500000 -62.299805
vt 0.656250 1.108387
vn -0.410576 0.602637 -0.684293
v -194.937500 9.000000 -56.937500
vt 0.625000 1.048787
vn -0.376288 0.846649 -0.376288
v -196.484375 7.500000 -58.484375
vt 0.625000 1.070464
vn -0.432731 0.790877 -0.432731
v -191.000000 12.000000 -53.000000
vt 0.625000 1.000000
vn -0.301511 0.904534 -0.301511
v -197.750000 6.000000 -59.750000
vt 0.625000 1.090330
vn -0.485071 0.727607 -0.485071
v -198.734375 4.500000 -60.734375
vt 0.625000 1.108387
vn -0.562393 0.606158 -0.562393
v -199.859375 1.500000 -61.859375
vt 0.625000 1.139067
vn -0.686195 0.241400 -0.686195
v -200.000000 0.000000 -62.000000
vt 0.625000 1.151691
vn -0.707107 0.000000 -0.707107
v -197.750000 0.000000 -63.750000
vt 0.656250 1.151691
vn -0.514496 0.000000 -0.857493
v -197.635742 1.500000 -63.588867
vt 0.656250 1.139067
vn -0.499527 0.239458 -0.832546
v -195.000000 0.000000 -65.000000
vt 0.687500 1.151691
vn -0.316228 0.000000 -0.948683
v -194.917969 1.500000 -64.824219
vt 0.687500 1.139067
vn -0.307363 0.235119 -0.922088
v -197.292969 3.000000 -63.105469
vt 0.656250 1.124632
vn -0.455493 0.464983 -0.759156
v -199.437500 3.000000 -61.437500
vt 0.625000 1.124632
vn -0.624695 0.468521 -0.624695
v -191.750000 0.000000 -65.750000
vt 0.718750 1.151691
vn -0.141421 0.000000 -0.989949
v -188.000000 0.000000 -66.000000
vt 0.750000 1.151691
vn 0.000000 0.000000 -1.000000
v -184.250000 0.000000 -65.750000
vt 0.781250 1.151691
vn 0.141421 0.000000 -0.989949
v -181.000000 0.000000 -65.000000
vt 0.812500 1.151691
vn 0.316228 0.000000 -0.948683
v -178.250000 0.000000 -63.750000
vt 0.843750 1.151691
vn 0.514496 0.000000 -0.857493
f 2742/2742/2742 2744/2744/2744 2743/2743/2743
f 2742/2742/2742 2745/2745/2745 2744/2744/2744
f 2745/2745/2745 2746/2746/2746 2744/2744/2744
f 2745/2745/2745 2747/2747/2747 2746/2746/2746
f 2754/2754/2754 2753/2753/2753 2755/2755/2755
f 2754/2754/2754 2752/2752/2752 2753/2753/2753
f 2752/2752/2752 2749/2749/2749 2753/2753/2753
f 2752/2752/2752 2748/2748/2748 2749/2749/2749
f 2748/2748/2748 2750/2750/2750 2749/2749/2749
f 2748/2748/2748 2751/2751/2751 2750/2750/2750
f 2751/2751/2751 2756/2756/2756 2750/2750/2750
f 2751/2751/2751 2757/2757/2757 2756/2756/2756
f 2764/2764/2764 2763/2763/2763 2765/2765/2765
f 2764/2764/2764 2762/2762/2762 2763/2763/2763
f 2762/2762/2762 2761/2761/2761 2763/2763/2763
f 2762/2762/2762 2758/2758/2758 2761/2761/2761
f 2758/2758/2758 2759/2759/2759 2761/2761/2761
f 2758/2758/2758 2760/2760/2760 2759/2759/2759
f 2760/2760/2760 2766/2766/2766 2759/2759/2759
f 2760/2760/2760 2767/2767/2767 2766/2766/2766
f 2776/2776/2776 2771/2771/2771 2777/2777/2777
f 2776/2776/2776 2768/2768/2768 2771/2771/2771
f 2768/2768/2768 2769/2769/2769 2771/2771/2771
f 2768/2768/2768 2770/2770/2770 2769/2769/2769
f 2770/2770/2770 2772/2772/2772 2769/2769/2769
f 2770/2770/2770 2773/2773/2773 2772/2772/2772
f 2773/2773/2773 2774/2774/2774 2772/2772/2772
f 2773/2773/2773 2775/2775/2775 2774/2774/2774
f 2740/2740/2740 2739/2739/2739 2741/2741/2741
f 2740/2740/2740 2736/2736/2736 2739/2739/2739
f 2736/2736/2736 2737/2737/2737 2739/2739/2739
f 2736/2736/2736 2738/2738/2738 2737/2737/2737
f 2952/2952/2952 2951/2951/2951 2953/2953/2953
f 2952/2952/2952 2948/2948/2948 2951/2951/2951
f 2948/2948/2948 2949/2949/2949 2951/2951/2951
f 2948/2948/2948 2950/2950/2950 2949/2949/2949
f 2950/2950/2950 2956/2956/2956 2949/2949/2949
f 2950/2950/2950 2957/2957/2957 2956/2956/2956
f 2957/2957/2957 2980/2980/2980 2956/2956/2956
f 2957/2957/2957 2981/2981/2981 2980/2980/2980
f 2981/2981/2981 2928/2928/2928 2980/2980/2980
f 2981/2981/2981 2930/2930/2930 2928/2928/2928
f 2930/2930/2930 2917/2917/2917 2928/2928/2928
f 2930/2930/2930 2926/2926/2926 2917/2917/2917
f 2926/2926/2926 2915/2915/2915 2917/2917/2917
f 2926/2926/2926 2924/2924/2924 2915/2915/2915
f 2924/2924/2924 2913/2913/2913 2915/2915/2915
f 2924/2924/2924 2922/2922/2922 2913/2913/2913
f 2922/2922/2922 2914/2914/2914 2913/2913/2913
f 2922/2922/2922 2923/2923/2923 2914/2914/2914
f 2923/2923/2923 2916/2916/2916 2914/2914/2914
f 2923/2923/2923 2925/2925/2925 2916/2916/2916
f 2925/2925/2925 2921/2921/2921 2916/2916/2916
f 2925/2925/2925 2927/2927/2927 2921/2921/2921
f 2927/2927/2927 2933/2933/2933 2921/2921/2921
f 2927/2927/2927 2934/2934/2934 2933/2933/2933
f 2821/2821/2821 2811/2811/2811 2822/2822/2822
f 2821/2821/2821 2813/2813/2813 2811/2811/2811
f 2813/2813/2813 2801/2801/2801 2811/2811/2811
f 2813/2813/2813 2806/2806/2806 2801/2801/2801
f 2806/2806/2806 2799/2799/2799 2801/2801/2801
f 2806/2806/2806 2804/2804/2804 2799/2799/2799
f 2804/2804/2804 2797/2797/2797 2799/2799/2799
f 2804/2804/2804 2802/2802/2802 2797/2797/2797
f 2802/2802/2802 2798/2798/2798 2797/2797/2797
f 2802/2802/2802 2803/2803/2803 2798/2798/2798
f 2803/2803/2803 2800/2800/2800 2798/2798/2798
f 2803/2803/2803 2805/2805/2805 2800/2800/2800
f 2805/2805/2805 2808/2808/2808 2800/2800/2800
f 2805/2805/2805 2809/2809/2809 2808/2808/2808
f 2809/2809/2809 2816/2816/2816 2808/2808/2808
f 2809/2809/2809 2817/2817/2817 2816/2816/2816
f 3051/3051/3051 3044/3044/3044 3049/3049/3049
f 3051/3051/3051 3046/3046/3046 3044/3044/3044
f 3046/3046/3046 3038/3038/3038 3044/3044/3044
f 3046/3046/3046 3043/3043/3043 3038/3038/3038
f 3043/3043/3043 3036/3036/3036 3038/3038/3038
f 3043/3043/3043 3041/3041/3041 3036/3036/3036
f 3041/3041/3041 3034/3034/3034 3036/3036/3036
f 3041/3041/3041 3039/3039/3039 3034/3034/3034
f 3039/3039/3039 3035/3035/3035 3034/3034/3034
f 3039/3039/3039 3040/3040/3040 3035/3035/3035
f 3040/3040/3040 3037/3037/3037 3035/3035/3035
f 3040/3040/3040 3042/3042/3042 3037/3037/3037
f 3042/3042/3042 3006/3006/3006 3037/3037/3037
f 3042/3042/3042 3009/3009/3009 3006/3006/3006
f 3009/3009/3009 3004/3004/3004 3006/3006/3006
f 3009/3009/3009 3007/3007/3007 3004/3004/3004
f 3007/3007/3007 3005/3005/3005 3004/3004/3004
f 3007/3007/3007 3008/3008/3008 3005/3005/3005
f 2975/2975/2975 2970/2970/2970 2976/2976/2976
f 2975/2975/2975 2969/2969/2969 2970/2970/2970
f 2969/2969/2969 2963/2963/2963 2970/2970/2970
f 2969/2969/2969 2960/2960/2960 2963/2963/2963
f 2960/2960/2960 2961/2961/2961 2963/2963/2963
f 2960/2960/2960 2962/2962/2962 2961/2961/2961
f 2953/2953/2953 2955/2955/2955 2959/2959/2959
f 2953/2953/2953 2951/2951/2951 2955/2955/2955
f 2951/2951/2951 2954/2954/2954 2955/2955/2955
f 2951/2951/2951 2949/2949/2949 2954/2954/2954
f 2949/2949/2949 2958/2958/2958 2954/2954/2954
f 2949/2949/2949 2956/2956/2956 2958/2958/2958
f 2956/2956/2956 2938/2938/2938 2958/2958/2958
f 2956/2956/2956 2980/2980/2980 2938/2938/2938
f 2980/2980/2980 2929/2929/2929 2938/2938/2938
f 2980/2980/2980 2928/2928/2928 2929/2929/2929
f 2928/2928/2928 2912/2912/2912 2929/2929/2929
f 2928/2928/2928 2917/2917/2917 2912/2912/2912
f 2917/2917/2917 2910/2910/2910 2912/2912/2912
f 2917/2917/2917 2915/2915/2915 2910/2910/2910
f 2915/2915/2915 2908/2908/2908 2910/2910/2910
f 2915/2915/2915 2913/2913/2913 2908/2908/2908
f 2913/2913/2913 2909/2909/2909 2908/2908/2908
f 2913/2913/2913 2914/2914/2914 2909/2909/2909
f 2914/2914/2914 2911/2911/2911 2909/2909/2909
f 2914/2914/2914 2916/2916/2916 2911/2911/2911
f 2916/2916/2916 2920/2920/2920 2911/2911/2911
f 2916/2916/2916 2921/2921/2921 2920/2920/2920
f 2921/2921/2921 2932/2932/2932 2920/2920/2920
f 2921/2921/2921 2933/2933/2933 2932/2932/2932
f 2822/2822/2822 2812/2812/2812 2823/2823/2823
f 2822/2822/2822 2811/2811/2811 2812/2812/2812
f 2811/2811/2811 2796/2796/2796 2812/2812/2812
f 2811/2811/2811 2801/2801/2801 2796/2796/2796
f 2801/2801/2801 2792/2792/2792 2796/2796/2796
f 2801/2801/2801 2799/2799/2799 2792/2792/2792
f 2799/2799/2799 2790/2790/2790 2792/2792/2792
f 2799/2799/2799 2797/2797/2797 2790/2790/2790
f 2797/2797/2797 2791/2791/2791 2790/2790/2790
f 2797/2797/2797 2798/2798/2798 2791/2791/2791
f 2798/2798/2798 2793/2793/2793 2791/2791/2791
f 2798/2798/2798 2800/2800/2800 2793/2793/2793
f 2800/2800/2800 2807/2807/2807 2793/2793/2793
f 2800/2800/2800 2808/2808/2808 2807/2807/2807
f 2808/2808/2808 2818/2818/2818 2807/2807/2807
f 2808/2808/2808 2816/2816/2816 2818/2818/2818
f 3049/3049/3049 3045/3045/3045 3050/3050/3050
f 3049/3049/3049 3044/3044/3044 3045/3045/3045
f 3044/3044/3044 3033/3033/3033 3045/3045/3045
f 3044/3044/3044 3038/3038/3038 3033/3033/3033
f 3038/3038/3038 3031/3031/3031 3033/3033/3033
f 3038/3038/3038 3036/3036/3036 3031/3031/3031
f 3036/3036/3036 3029/3029/3029 3031/3031/3031
f 3036/3036/3036 3034/3034/3034 3029/3029/3029
f 3034/3034/3034 3030/3030/3030 3029/3029/3029
f 3034/3034/3034 3035/3035/3035 3030/3030/3030
f 3035/3035/3035 3032/3032/3032 3030/3030/3030
f 3035/3035/3035 3037/3037/3037 3032/3032/3032
f 3037/3037/3037 3003/3003/3003 3032/3032/3032
f 3037/3037/3037 3006/3006/3006 3003/3003/3003
f 3006/3006/3006 3001/3001/3001 3003/3003/3003
f 3006/3006/3006 3004/3004/3004 3001/3001/3001
f 3004/3004/3004 3002/3002/3002 3001/3001/3001
f 3004/3004/3004 3005/3005/3005 3002/3002/3002
f 2976/2976/2976 2971/2971/2971 2977/2977/2977
f 2976/2976/2976 2970/2970/2970 2971/2971/2971
f 2970/2970/2970 2967/2967/2967 2971/2971/2971
f 2970/2970/2970 2963/2963/2963 2967/2967/2967
f 2963/2963/2963 2966/2966/2966 2967/2967/2967
f 2963/2963/2963 2961/2961/2961 2966/2966/2966
f 2959/2959/2959 2965/2965/2965 2968/2968/2968
f 2959/2959/2959 2955/2955/2955 2965/2965/2965
f 2955/2955/2955 2964/2964/2964 2965/2965/2965
f 2955/2955/2955 2954/2954/2954 2964/2964/2964
f 2954/2954/2954 2978/2978/2978 2964/2964/2964
f 2954/2954/2954 2958/2958/2958 2978/2978/2978
f 2958/2958/2958 2939/2939/2939 2978/2978/2978
f 2958/2958/2958 2938/2938/2938 2939/2939/2939
f 2938/2938/2938 2931/2931/2931 2939/2939/2939
f 2938/2938/2938 2929/2929/2929 2931/2931/2931
f 2929/2929/2929 2907/2907/2907 2931/2931/2931
f 2929/2929/2929 2912/2912/2912 2907/2907/2907
f 2912/2912/2912 2904/2904/2904 2907/2907/2907
f 2912/2912/2912 2910/2910/2910 2904/2904/2904
f 2910/2910/2910 2902/2902/2902 2904/2904/2904
f 2910/2910/2910 2908/2908/2908 2902/2902/2902
f 2908/2908/2908 2903/2903/2903 2902/2902/2902
f 2908/2908/2908 2909/2909/2909 2903/2903/2903
f 2909/2909/2909 2905/2905/2905 2903/2903/2903
f 2909/2909/2909 2911/2911/2911 2905/2905/2905
f 2911/2911/2911 2919/2919/2919 2905/2905/2905
f 2911/2911/2911 2920/2920/2920 2919/2919/2919
f 2920/2920/2920 2935/2935/2935 2919/2919/2919
f 2920/2920/2920 2932/2932/2932 2935/2935/2935
f 2823/2823/2823 2814/2814/2814 2825/2825/2825
f 2823/2823/2823 2812/2812/2812 2814/2814/2814
f 2812/2812/2812 2794/2794/2794 2814/2814/2814
f 2812/2812/2812 2796/2796/2796 2794/2794/2794
f 2796/2796/2796 2786/2786/2786 2794/2794/2794
f 2796/2796/2796 2792/2792/2792 2786/2786/2786
f 2792/2792/2792 2784/2784/2784 2786/2786/2786
f 2792/2792/2792 2790/2790/2790 2784/2784/2784
f 2790/2790/2790 2785/2785/2785 2784/2784/2784
f 2790/2790/2790 2791/2791/2791 2785/2785/2785
f 2791/2791/2791 2788/2788/2788 2785/2785/2785
f 2791/2791/2791 2793/2793/2793 2788/2788/2788
f 2793/2793/2793 2810/2810/2810 2788/2788/2788
f 2793/2793/2793 2807/2807/2807 2810/2810/2810
f 2807/2807/2807 2819/2819/2819 2810/2810/2810
f 2807/2807/2807 2818/2818/2818 2819/2819/2819
f 3050/3050/3050 3047/3047/3047 3052/3052/3052
f 3050/3050/3050 3045/3045/3045 3047/3047/3047
f 3045/3045/3045 3028/3028/3028 3047/3047/3047
f 3045/3045/3045 3033/3033/3033 3028/3028/3028
f 3033/3033/3033 3024/3024/3024 3028/3028/3028
f 3033/3033/3033 3031/3031/3031 3024/3024/3024
f 3031/3031/3031 3022/3022/3022 3024/3024/3024
f 3031/3031/3031 3029/3029/3029 3022/3022/3022
f 3029/3029/3029 3023/3023/3023 3022/3022/3022
f 3029/3029/3029 3030/3030/3030 3023/3023/3023
f 3030/3030/3030 3025/3025/3025 3023/3023/3023
f 3030/3030/3030 3032/3032/3032 3025/3025/3025
f 3032/3032/3032 3000/3000/3000 3025/3025/3025
f 3032/3032/3032 3003/3003/3003 3000/3000/3000
f 3003/3003/3003 2997/2997/2997 3000/3000/3000
f 3003/3003/3003 3001/3001/3001 2997/2997/2997
f 3001/3001/3001 2998/2998/2998 2997/2997/2997
f 3001/3001/3001 3002/3002/3002 2998/2998/2998
f 2977/2977/2977 2974/2974/2974 2979/2979/2979
f 2977/2977/2977 2971/2971/2971 2974/2974/2974
f 2971/2971/2971 2973/2973/2973 2974/2974/2974
f 2971/2971/2971 2967/2967/2967 2973/2973/2973
f 2967/2967/2967 2972/2972/2972 2973/2973/2973
f 2967/2967/2967 2966/2966/2966 2972/2972/2972
f 2968/2968/2968 2889/2889/2889 2888/2888/2888
f 2968/2968/2968 2965/2965/2965 2889/2889/2889
f 2965/2965/2965 2861/2861/2861 2889/2889/2889
f 2965/2965/2965 2964/2964/2964 2861/2861/2861
f 2964/2964/2964 2862/2862/2862 2861/2861/2861
f 2964/2964/2964 2978/2978/2978 2862/2862/2862
f 2978/2978/2978 2863/2863/2863 2862/2862/2862
f 2978/2978/2978 2939/2939/2939 2863/2863/2863
f 2939/2939/2939 2866/2866/2866 2863/2863/2863
f 2939/2939/2939 2931/2931/2931 2866/2866/2866
f 2931/2931/2931 2906/2906/2906 2866/2866/2866
f 2931/2931/2931 2907/2907/2907 2906/2906/2906
f 2907/2907/2907 2898/2898/2898 2906/2906/2906
f 2907/2907/2907 2904/2904/2904 2898/2898/2898
f 2904/2904/2904 2896/2896/2896 2898/2898/2898
f 2904/2904/2904 2902/2902/2902 2896/2896/2896
f 2902/2902/2902 2897/2897/2897 2896/2896/2896
f 2902/2902/2902 2903/2903/2903 2897/2897/2897
f 2903/2903/2903 2900/2900/2900 2897/2897/2897
f 2903/2903/2903 2905/2905/2905 2900/2900/2900
f 2905/2905/2905 2918/2918/2918 2900/2900/2900
f 2905/2905/2905 2919/2919/2919 2918/2918/2918
f 2919/2919/2919 2937/2937/2937 2918/2918/2918
f 2919/2919/2919 2935/2935/2935 2937/2937/2937
f 2825/2825/2825 2820/2820/2820 2829/2829/2829
f 2825/2825/2825 2814/2814/2814 2820/2820/2820
f 2814/2814/2814 2795/2795/2795 2820/2820/2820
f 2814/2814/2814 2794/2794/2794 2795/2795/2795
f 2794/2794/2794 2778/2778/2778 2795/2795/2795
f 2794/2794/2794 2786/2786/2786 2778/2778/2778
f 2786/2786/2786 2781/2781/2781 2778/2778/2778
f 2786/2786/2786 2784/2784/2784 2781/2781/2781
f 2784/2784/2784 2783/2783/2783 2781/2781/2781
f 2784/2784/2784 2785/2785/2785 2783/2783/2783
f 2785/2785/2785 2787/2787/2787 2783/2783/2783
f 2785/2785/2785 2788/2788/2788 2787/2787/2787
f 2788/2788/2788 2815/2815/2815 2787/2787/2787
f 2788/2788/2788 2810/2810/2810 2815/2815/2815
f 2810/2810/2810 2826/2826/2826 2815/2815/2815
f 2810/2810/2810 2819/2819/2819 2826/2826/2826
f 3052/3052/3052 3048/3048/3048 3053/3053/3053
f 3052/3052/3052 3047/3047/3047 3048/3048/3048
f 3047/3047/3047 3026/3026/3026 3048/3048/3048
f 3047/3047/3047 3028/3028/3028 3026/3026/3026
f 3028/3028/3028 3018/3018/3018 3026/3026/3026
f 3028/3028/3028 3024/3024/3024 3018/3018/3018
f 3024/3024/3024 3016/3016/3016 3018/3018/3018
f 3024/3024/3024 3022/3022/3022 3016/3016/3016
f 3022/3022/3022 3017/3017/3017 3016/3016/3016
f 3022/3022/3022 3023/3023/3023 3017/3017/3017
f 3023/3023/3023 3020/3020/3020 3017/3017/3017
f 3023/3023/3023 3025/3025/3025 3020/3020/3020
f 3025/3025/3025 2996/2996/2996 3020/3020/3020
f 3025/3025/3025 3000/3000/3000 2996/2996/2996
f 3000/3000/3000 2993/2993/2993 2996/2996/2996
f 3000/3000/3000 2997/2997/2997 2993/2993/2993
f 2997/2997/2997 2991/2991/2991 2993/2993/2993
f 2997/2997/2997 2998/2998/2998 2991/2991/2991
f 2998/2998/2998 2992/2992/2992 2991/2991/2991
f 2998/2998/2998 2999/2999/2999 2992/2992/2992
f 2974/2974/2974 2886/2886/2886 2890/2890/2890
f 2974/2974/2974 2973/2973/2973 2886/2886/2886
f 2973/2973/2973 2887/2887/2887 2886/2886/2886
f 2973/2973/2973 2972/2972/2972 2887/2887/2887
f 2888/2888/2888 2884/2884/2884 2882/2882/2882
f 2888/2888/2888 2889/2889/2889 2884/2884/2884
f 2889/2889/2889 2856/2856/2856 2884/2884/2884
f 2889/2889/2889 2861/2861/2861 2856/2856/2856
f 2861/2861/2861 2857/2857/2857 2856/2856/2856
f 2861/2861/2861 2862/2862/2862 2857/2857/2857
f 2862/2862/2862 2858/2858/2858 2857/2857/2857
f 2862/2862/2862 2863/2863/2863 2858/2858/2858
f 2863/2863/2863 2865/2865/2865 2858/2858/2858
f 2863/2863/2863 2866/2866/2866 2865/2865/2865
f 2866/2866/2866 2869/2869/2869 2865/2865/2865
f 2866/2866/2866 2906/2906/2906 2869/2869/2869
f 2906/2906/2906 2891/2891/2891 2869/2869/2869
f 2906/2906/2906 2898/2898/2898 2891/2891/2891
f 2898/2898/2898 2893/2893/2893 2891/2891/2891
f 2898/2898/2898 2896/2896/2896 2893/2893/2893
f 2896/2896/2896 2895/2895/2895 2893/2893/2893
f 2896/2896/2896 2897/2897/2897 2895/2895/2895
f 2897/2897/2897 2899/2899/2899 2895/2895/2895
f 2897/2897/2897 2900/2900/2900 2899/2899/2899
f 2900/2900/2900 2936/2936/2936 2899/2899/2899
f 2900/2900/2900 2918/2918/2918 2936/2936/2936
f 2918/2918/2918 2940/2940/2940 2936/2936/2936
f 2918/2918/2918 2937/2937/2937 2940/2940/2940
f 2829/2829/2829 2828/2828/2828 2836/2836/2836
f 2829/2829/2829 2820/2820/2820 2828/2828/2828
f 2820/2820/2820 2824/2824/2824 2828/2828/2828
f 2820/2820/2820 2795/2795/2795 2824/2824/2824
f 2795/2795/2795 2779/2779/2779 2824/2824/2824
f 2795/2795/2795 2778/2778/2778 2779/2779/2779
f 2778/2778/2778 2780/2780/2780 2779/2779/2779
f 2778/2778/2778 2781/2781/2781 2780/2780/2780
f 2781/2781/2781 2782/2782/2782 2780/2780/2780
f 2781/2781/2781 2783/2783/2783 2782/2782/2782
f 2783/2783/2783 2789/2789/2789 2782/2782/2782
f 2783/2783/2783 2787/2787/2787 2789/2789/2789
f 2787/2787/2787 2827/2827/2827 2789/2789/2789
f 2787/2787/2787 2815/2815/2815 2827/2827/2827
f 2815/2815/2815 2834/2834/2834 2827/2827/2827
f 2815/2815/2815 2826/2826/2826 2834/2834/2834
f 3053/3053/3053 3060/3060/3060 3061/3061/3061
f 3053/3053/3053 3048/3048/3048 3060/3060/3060
f 3048/3048/3048 3027/3027/3027 3060/3060/3060
f 3048/3048/3048 3026/3026/3026 3027/3027/3027
f 3026/3026/3026 3014/3014/3014 3027/3027/3027
f 3026/3026/3026 3018/3018/3018 3014/3014/3014
f 3018/3018/3018 3010/3010/3010 3014/3014/3014
f 3018/3018/3018 3016/3016/3016 3010/3010/3010
f 3016/3016/3016 3013/3013/3013 3010/3010/3010
f 3016/3016/3016 3017/3017/3017 3013/3013/3013
f 3017/3017/3017 3019/3019/3019 3013/3013/3013
f 3017/3017/3017 3020/3020/3020 3019/3019/3019
f 3020/3020/3020 2994/2994/2994 3019/3019/3019
f 3020/3020/3020 2996/2996/2996 2994/2994/2994
f 2996/2996/2996 2990/2990/2990 2994/2994/2994
f 2996/2996/2996 2993/2993/2993 2990/2990/2990
f 2993/2993/2993 2988/2988/2988 2990/2990/2990
f 2993/2993/2993 2991/2991/2991 2988/2988/2988
f 2991/2991/2991 2989/2989/2989 2988/2988/2988
f 2991/2991/2991 2992/2992/2992 2989/2989/2989
f 2890/2890/2890 2879/2879/2879 2881/2881/2881
f 2890/2890/2890 2886/2886/2886 2879/2879/2879
f 2886/2886/2886 2880/2880/2880 2879/2879/2879
f 2886/2886/2886 2887/2887/2887 2880/2880/2880
f 2882/2882/2882 2859/2859/2859 2883/2883/2883
f 2882/2882/2882 2884/2884/2884 2859/2859/2859
f 2884/2884/2884 2854/2854/2854 2859/2859/2859
f 2884/2884/2884 2856/2856/2856 2854/2854/2854
f 2856/2856/2856 2850/2850/2850 2854/2854/2854
f 2856/2856/2856 2857/2857/2857 2850/2850/2850
f 2857/2857/2857 2852/2852/2852 2850/2850/2850
f 2857/2857/2857 2858/2858/2858 2852/2852/2852
f 2858/2858/2858 2864/2864/2864 2852/2852/2852
f 2858/2858/2858 2865/2865/2865 2864/2864/2864
f 2865/2865/2865 2868/2868/2868 2864/2864/2864
f 2865/2865/2865 2869/2869/2869 2868/2868/2868
f 2869/2869/2869 2872/2872/2872 2868/2868/2868
f 2869/2869/2869 2891/2891/2891 2872/2872/2872
f 2891/2891/2891 2892/2892/2892 2872/2872/2872
f 2891/2891/2891 2893/2893/2893 2892/2892/2892
f 2893/2893/2893 2894/2894/2894 2892/2892/2892
f 2893/2893/2893 2895/2895/2895 2894/2894/2894
f 2895/2895/2895 2901/2901/2901 2894/2894/2894
f 2895/2895/2895 2899/2899/2899 2901/2901/2901
f 2899/2899/2899 2941/2941/2941 2901/2901/2901
f 2899/2899/2899 2936/2936/2936 2941/2941/2941
f 2936/2936/2936 2942/2942/2942 2941/2941/2941
f 2936/2936/2936 2940/2940/2940 2942/2942/2942
f 2836/2836/2836 2838/2838/2838 2840/2840/2840
f 2836/2836/2836 2828/2828/2828 2838/2838/2838
f 2828/2828/2828 2835/2835/2835 2838/2838/2838
f 2828/2828/2828 2824/2824/2824 2835/2835/2835
f 2824/2824/2824 2832/2832/2832 2835/2835/2835
f 2824/2824/2824 2779/2779/2779 2832/2832/2832
f 2779/2779/2779 2831/2831/2831 2832/2832/2832
f 2779/2779/2779 2780/2780/2780 2831/2831/2831
f 2780/2780/2780 2830/2830/2830 2831/2831/2831
f 2780/2780/2780 2782/2782/2782 2830/2830/2830
f 2782/2782/2782 2833/2833/2833 2830/2830/2830
f 2782/2782/2782 2789/2789/2789 2833/2833/2833
f 2789/2789/2789 2837/2837/2837 2833/2833/2833
f 2789/2789/2789 2827/2827/2827 2837/2837/2837
f 2827/2827/2827 2839/2839/2839 2837/2837/2837
f 2827/2827/2827 2834/2834/2834 2839/2839/2839
f 3061/3061/3061 3057/3057/3057 3054/3054/3054
f 3061/3061/3061 3060/3060/3060 3057/3057/3057
f 3060/3060/3060 3059/3059/3059 3057/3057/3057
f 3060/3060/3060 3027/3027/3027 3059/3059/3059
f 3027/3027/3027 3015/3015/3015 3059/3059/3059
f 3027/3027/3027 3014/3014/3014 3015/3015/3015
f 3014/3014/3014 3011/3011/3011 3015/3015/3015
f 3014/3014/3014 3010/3010/3010 3011/3011/3011
f 3010/3010/3010 3012/3012/3012 3011/3011/3011
f 3010/3010/3010 3013/3013/3013 3012/3012/3012
f 3013/3013/3013 3021/3021/3021 3012/3012/3012
f 3013/3013/3013 3019/3019/3019 3021/3021/3021
f 3019/3019/3019 2995/2995/2995 3021/3021/3021
f 3019/3019/3019 2994/2994/2994 2995/2995/2995
f 2994/2994/2994 2982/2982/2982 2995/2995/2995
f 2994/2994/2994 2990/2990/2990 2982/2982/2982
f 2990/2990/2990 2985/2985/2985 2982/2982/2982
f 2990/2990/2990 2988/2988/2988 2985/2985/2985
f 2988/2988/2988 2987/2987/2987 2985/2985/2985
f 2988/2988/2988 2989/2989/2989 2987/2987/2987
f 2881/2881/2881 2873/2873/2873 2877/2877/2877
f 2881/2881/2881 2879/2879/2879 2873/2873/2873
f 2879/2879/2879 2875/2875/2875 2873/2873/2873
f 2879/2879/2879 2880/2880/2880 2875/2875/2875
f 2883/2883/2883 2860/2860/2860 2885/2885/2885
f 2883/2883/2883 2859/2859/2859 2860/2860/2860
f 2859/2859/2859 2855/2855/2855 2860/2860/2860
f 2859/2859/2859 2854/2854/2854 2855/2855/2855
f 2854/2854/2854 2853/2853/2853 2855/2855/2855
f 2854/2854/2854 2850/2850/2850 2853/2853/2853
f 2850/2850/2850 2851/2851/2851 2853/2853/2853
f 2850/2850/2850 2852/2852/2852 2851/2851/2851
f 2852/2852/2852 2867/2867/2867 2851/2851/2851
f 2852/2852/2852 2864/2864/2864 2867/2867/2867
f 2864/2864/2864 2870/2870/2870 2867/2867/2867
f 2864/2864/2864 2868/2868/2868 2870/2870/2870
f 2868/2868/2868 2871/2871/2871 2870/2870/2870
f 2868/2868/2868 2872/2872/2872 2871/2871/2871
f 2872/2872/2872 2944/2944/2944 2871/2871/2871
f 2872/2872/2872 2892/2892/2892 2944/2944/2944
f 2892/2892/2892 2943/2943/2943 2944/2944/2944
f 2892/2892/2892 2894/2894/2894 2943/2943/2943
f 2894/2894/2894 2945/2945/2945 2943/2943/2943
f 2894/2894/2894 2901/2901/2901 2945/2945/2945
f 2901/2901/2901 2946/2946/2946 2945/2945/2945
f 2901/2901/2901 2941/2941/2941 2946/2946/2946
f 2941/2941/2941 2947/2947/2947 2946/2946/2946
f 2941/2941/2941 2942/2942/2942 2947/2947/2947
f 2840/2840/2840 2847/2847/2847 2849/2849/2849
f 2840/2840/2840 2838/2838/2838 2847/2847/2847
f 2838/2838/2838 2845/2845/2845 2847/2847/2847
f 2838/2838/2838 2835/2835/2835 2845/2845/2845
f 2835/2835/2835 2843/2843/2843 2845/2845/2845
f 2835/2835/2835 2832/2832/2832 2843/2843/2843
f 2832/2832/2832 2842/2842/2842 2843/2843/2843
f 2832/2832/2832 2831/2831/2831 2842/2842/2842
f 2831/2831/2831 2841/2841/2841 2842/2842/2842
f 2831/2831/2831 2830/2830/2830 2841/2841/2841
f 2830/2830/2830 2844/2844/2844 2841/2841/2841
f 2830/2830/2830 2833/2833/2833 2844/2844/2844
f 2833/2833/2833 2846/2846/2846 2844/2844/2844
f 2833/2833/2833 2837/2837/2837 2846/2846/2846
f 2837/2837/2837 2848/2848/2848 2846/2846/2846
f 2837/2837/2837 2839/2839/2839 2848/2848/2848
f 3054/3054/3054 3056/3056/3056 3055/3055/3055
f 3054/3054/3054 3057/3057/3057 3056/3056/3056
f 3057/3057/3057 3058/3058/3058 3056/3056/3056
f 3057/3057/3057 3059/3059/3059 3058/3058/3058
f 3059/3059/3059 3062/3062/3062 3058/3058/3058
f 3059/3059/3059 3015/3015/3015 3062/3062/3062
f 3015/3015/3015 3063/3063/3063 3062/3062/3062
f 3015/3015/3015 3011/3011/3011 3063/3063/3063
f 3011/3011/3011 3064/3064/3064 3063/3063/3063
f 3011/3011/3011 3012/3012/3012 3064/3064/3064
f 3012/3012/3012 3065/3065/3065 3064/3064/3064
f 3012/3012/3012 3021/3021/3021 3065/3065/3065
f 3021/3021/3021 3066/3066/3066 3065/3065/3065
f 3021/3021/3021 2995/2995/2995 3066/3066/3066
f 2995/2995/2995 2983/2983/2983 3066/3066/3066
f 2995/2995/2995 2982/2982/2982 2983/2983/2983
f 2982/2982/2982 2984/2984/2984 2983/2983/2983
f 2982/2982/2982 2985/2985/2985 2984/2984/2984
f 2985/2985/2985 2986/2986/2986 2984/2984/2984
f 2985/2985/2985 2987/2987/2987 2986/2986/2986
f 2877/2877/2877 2876/2876/2876 2878/2878/2878
f 2877/2877/2877 2873/2873/2873 2876/2876/2876
f 2873/2873/2873 2874/2874/2874 2876/2876/2876
f 2873/2873/2873 2875/2875/2875 2874/2874/2874
