# Generated by makebsp -bsp2obj
# Source: C:/Users/German/Documents/My Games/Warfork 2.1/basewf/models/mapobjects/handrails/sources/m_handrail_1small
# Axis swap: Q3 Z-up -> OBJ Y-up (X=X, Y=Z, Z=-Y)
o m_handrail_1small
mtllib m_handrail_1small.mtl
g mat0m0s10
usemtl textures/metal_vertex/vertex_aluminium
v -14.088867 4.500000 7.354492
vt 0.468750 1.108387
vn -0.801103 0.587483 0.114443
v -15.011719 3.000000 7.574219
vt 0.468750 1.124632
vn -0.884085 0.449936 0.126298
v -15.250000 3.000000 4.000000
vt 0.500000 1.124632
vn -0.894427 0.447214 -0.000000
v -14.312500 4.500000 4.000000
vt 0.500000 1.108387
vn -0.811242 0.584710 -0.000000
v -15.011719 3.000000 0.425781
vt 0.531250 1.124632
vn -0.884085 0.449936 -0.126298
v -14.088867 4.500000 0.645508
vt 0.531250 1.108387
vn -0.801103 0.587483 -0.114443
v -13.000000 6.000000 4.000000
vt 0.500000 1.090330
vn -0.707107 0.707107 -0.000000
v -12.796875 6.000000 0.953125
vt 0.531250 1.090330
vn -0.697336 0.709788 -0.099619
v -12.796875 6.000000 7.046875
vt 0.468750 1.090330
vn -0.697336 0.709788 0.099619
v -13.417969 4.500000 -2.261719
vt 0.562500 1.108387
vn -0.762699 0.594690 -0.254233
v -12.187500 6.000000 -1.687500
vt 0.562500 1.090330
vn -0.661581 0.716713 -0.220527
v -14.296875 3.000000 -2.671875
vt 0.562500 1.124632
vn -0.843795 0.457056 -0.281265
v -11.312500 7.500000 4.000000
vt 0.500000 1.070464
vn -0.633989 0.773342 -0.000000
v -11.135742 7.500000 1.348633
vt 0.531250 1.070464
vn -0.624818 0.775651 -0.089260
v -11.135742 7.500000 6.651367
vt 0.468750 1.070464
vn -0.624818 0.775651 0.089260
v -10.605469 7.500000 -0.949219
vt 0.562500 1.070464
vn -0.591777 0.781593 -0.197259
v -12.187500 6.000000 9.687500
vt 0.437500 1.090330
vn -0.661581 0.716713 0.220527
v -13.417969 4.500000 10.261719
vt 0.437500 1.108387
vn -0.762699 0.594690 0.254233
v -10.605469 7.500000 8.949219
vt 0.437500 1.070464
vn -0.591777 0.781593 0.197259
v -9.250000 9.000000 4.000000
vt 0.500000 1.048787
vn -0.554700 0.832050 -0.000000
v -9.105469 9.000000 1.832031
vt 0.531250 1.048787
vn -0.546237 0.833988 -0.078034
v -9.105469 9.000000 6.167969
vt 0.468750 1.048787
vn -0.546237 0.833988 0.078034
v -8.671875 9.000000 -0.046875
vt 0.562500 1.048787
vn -0.516278 0.838952 -0.172093
v -8.671875 9.000000 8.046875
vt 0.437500 1.048787
vn -0.516278 0.838952 0.172093
v -4.000000 12.000000 4.000000
vt 0.500000 1.000000
vn -0.447214 0.894427 -0.000000
v -3.937500 12.000000 3.062500
vt 0.531250 1.000000
vn -0.440032 0.895779 -0.062862
v -3.937500 12.000000 4.937500
vt 0.468750 1.000000
vn -0.440032 0.895779 0.062862
v -3.750000 12.000000 2.250000
vt 0.562500 1.000000
vn -0.415029 0.899229 -0.138343
v -3.750000 12.000000 5.750000
vt 0.437500 1.000000
vn -0.415029 0.899229 0.138343
v -9.721680 7.500000 -2.893555
vt 0.593750 1.070464
vn -0.527883 0.788049 -0.316730
v -7.949219 9.000000 -1.636719
vt 0.593750 1.048787
vn -0.459489 0.844312 -0.275694
v -3.437500 12.000000 1.562500
vt 0.593750 1.000000
vn -0.368542 0.902929 -0.221125
v -11.171875 6.000000 -3.921875
vt 0.593750 1.090330
vn -0.591248 0.724279 -0.354749
v -7.949219 9.000000 9.636719
vt 0.406250 1.048787
vn -0.459489 0.844312 0.275694
v -9.721680 7.500000 10.893555
vt 0.406250 1.070464
vn -0.527883 0.788049 0.316730
v -3.437500 12.000000 6.437500
vt 0.406250 1.000000
vn -0.368542 0.902929 0.221125
v -11.171875 6.000000 11.921875
vt 0.406250 1.090330
vn -0.591248 0.724279 0.354749
v -12.299805 4.500000 -4.721680
vt 0.593750 1.108387
vn -0.684293 0.602637 -0.410576
v -6.937500 9.000000 -2.937500
vt 0.625000 1.048787
vn -0.376288 0.846649 -0.376288
v -3.000000 12.000000 1.000000
vt 0.625000 1.000000
vn -0.301511 0.904534 -0.301511
v -8.484375 7.500000 -4.484375
vt 0.625000 1.070464
vn -0.432731 0.790877 -0.432731
v -9.750000 6.000000 -5.750000
vt 0.625000 1.090330
vn -0.485071 0.727607 -0.485071
v -12.299805 4.500000 12.721680
vt 0.406250 1.108387
vn -0.684293 0.602637 0.410576
v -3.000000 12.000000 7.000000
vt 0.375000 1.000000
vn -0.301511 0.904534 0.301511
v -6.937500 9.000000 10.937500
vt 0.375000 1.048787
vn -0.376288 0.846649 0.376288
v -8.484375 7.500000 12.484375
vt 0.375000 1.070464
vn -0.432731 0.790877 0.432731
v -14.296875 3.000000 10.671875
vt 0.437500 1.124632
vn -0.843795 0.457056 0.281265
v -9.750000 6.000000 13.750000
vt 0.375000 1.090330
vn -0.485071 0.727607 0.485071
v -10.734375 4.500000 -6.734375
vt 0.625000 1.108387
vn -0.562393 0.606158 -0.562393
v -13.105469 3.000000 -5.292969
vt 0.593750 1.124632
vn -0.759155 0.464983 -0.455493
v -13.105469 3.000000 13.292969
vt 0.406250 1.124632
vn -0.759156 0.464983 0.455493
v -10.734375 4.500000 14.734375
vt 0.375000 1.108387
vn -0.562393 0.606158 0.562393
v -15.565430 1.500000 0.293945
vt 0.531250 1.139067
vn -0.963120 0.231235 -0.137589
v -15.812500 1.500000 4.000000
vt 0.500000 1.139067
vn -0.973249 0.229753 -0.000000
v -15.565430 1.500000 7.706055
vt 0.468750 1.139067
vn -0.963120 0.231235 0.137589
v -14.824219 1.500000 -2.917969
vt 0.562500 1.139067
vn -0.922088 0.235119 -0.307363
v -11.437500 3.000000 -7.437500
vt 0.625000 1.124632
vn -0.624695 0.468521 -0.624695
v -14.824219 1.500000 10.917969
vt 0.437500 1.139067
vn -0.922088 0.235119 0.307363
v -11.437500 3.000000 15.437500
vt 0.375000 1.124632
vn -0.624695 0.468521 0.624695
v -13.588867 1.500000 -5.635742
vt 0.593750 1.139067
vn -0.832546 0.239458 -0.499527
v -13.588867 1.500000 13.635742
vt 0.406250 1.139067
vn -0.832546 0.239458 0.499527
v -11.859375 1.500000 -7.859375
vt 0.625000 1.139067
vn -0.686195 0.241400 -0.686195
v -11.859375 1.500000 15.859375
vt 0.375000 1.139067
vn -0.686195 0.241400 0.686195
v -15.750000 0.000000 0.250000
vt 0.531250 1.151691
vn -0.989949 0.000000 -0.141421
v -16.000000 0.000000 4.000000
vt 0.500000 1.151691
vn -1.000000 0.000000 -0.000000
v -15.750000 0.000000 7.750000
vt 0.468750 1.151691
vn -0.989949 0.000000 0.141421
v -15.000000 0.000000 -3.000000
vt 0.562500 1.151691
vn -0.948683 0.000000 -0.316228
v -15.000000 0.000000 11.000000
vt 0.437500 1.151691
vn -0.948683 0.000000 0.316228
v -13.750000 0.000000 -5.750000
vt 0.593750 1.151691
vn -0.857493 0.000000 -0.514496
v -13.750000 0.000000 13.750000
vt 0.406250 1.151691
vn -0.857493 0.000000 0.514496
v -12.000000 0.000000 -8.000000
vt 0.625000 1.151691
vn -0.707107 0.000000 -0.707107
v -12.000000 0.000000 16.000000
vt 0.375000 1.151691
vn -0.707107 0.000000 0.707107
v 13.588867 1.500000 13.635742
vt 0.093750 1.139067
vn 0.832546 0.239458 0.499527
v 12.000000 0.000000 16.000000
vt 0.125000 1.151691
vn 0.707107 0.000000 0.707107
v 11.859375 1.500000 15.859375
vt 0.125000 1.139067
vn 0.686195 0.241400 0.686195
v 13.750000 0.000000 13.750000
vt 0.093750 1.151691
vn 0.857493 0.000000 0.514496
v 14.824219 1.500000 10.917969
vt 0.062500 1.139067
vn 0.922088 0.235119 0.307363
v 15.000000 0.000000 11.000000
vt 0.062500 1.151691
vn 0.948683 0.000000 0.316228
v 14.296875 3.000000 10.671875
vt 0.062500 1.124632
vn 0.843795 0.457056 0.281265
v 13.105469 3.000000 13.292969
vt 0.093750 1.124632
vn 0.759155 0.464983 0.455493
v 11.437500 3.000000 15.437500
vt 0.125000 1.124632
vn 0.624695 0.468521 0.624695
v 15.565430 1.500000 7.706055
vt 0.031250 1.139067
vn 0.963120 0.231235 0.137589
v 15.750000 0.000000 7.750000
vt 0.031250 1.151691
vn 0.989949 0.000000 0.141421
v 13.417969 4.500000 10.261719
vt 0.062500 1.108387
vn 0.762699 0.594690 0.254233
v 12.299805 4.500000 12.721680
vt 0.093750 1.108387
vn 0.684293 0.602637 0.410576
v 10.734375 4.500000 14.734375
vt 0.125000 1.108387
vn 0.562393 0.606158 0.562393
v 9.635742 1.500000 17.588867
vt 0.156250 1.139067
vn 0.499527 0.239458 0.832546
v 9.292969 3.000000 17.105469
vt 0.156250 1.124632
vn 0.455493 0.464983 0.759156
v 8.721680 4.500000 16.299805
vt 0.156250 1.108387
vn 0.410576 0.602637 0.684293
v 9.750000 0.000000 17.750000
vt 0.156250 1.151691
vn 0.514496 0.000000 0.857493
v 6.917969 1.500000 18.824219
vt 0.187500 1.139067
vn 0.307363 0.235119 0.922088
v 6.671875 3.000000 18.296875
vt 0.187500 1.124632
vn 0.281265 0.457056 0.843795
v 7.000000 0.000000 19.000000
vt 0.187500 1.151691
vn 0.316228 0.000000 0.948683
v 3.750000 0.000000 19.750000
vt 0.218750 1.151691
vn 0.141421 0.000000 0.989949
v 3.706055 1.500000 19.565430
vt 0.218750 1.139067
vn 0.137589 0.231235 0.963120
v 15.565430 1.500000 0.293945
vt 0.968750 1.139067
vn 0.963120 0.231235 -0.137589
v 16.000000 0.000000 4.000000
vt 1.000000 1.151691
vn 1.000000 0.000000 -0.000000
v 15.812500 1.500000 4.000000
vt 1.000000 1.139067
vn 0.973249 0.229753 -0.000000
v 15.750000 0.000000 0.250000
vt 0.968750 1.151691
vn 0.989949 0.000000 -0.141421
v 14.824219 1.500000 -2.917969
vt 0.937500 1.139067
vn 0.922088 0.235119 -0.307363
v 15.000000 0.000000 -3.000000
vt 0.937500 1.151691
vn 0.948683 0.000000 -0.316228
v 15.011719 3.000000 0.425781
vt 0.968750 1.124632
vn 0.884085 0.449936 -0.126298
v 15.250000 3.000000 4.000000
vt 1.000000 1.124632
vn 0.894427 0.447214 -0.000000
v 14.296875 3.000000 -2.671875
vt 0.937500 1.124632
vn 0.843795 0.457056 -0.281265
v 15.250000 3.000000 4.000000
vt 0.000000 1.124632
vn 0.894427 0.447214 -0.000000
v 15.812500 1.500000 4.000000
vt 0.000000 1.139067
vn 0.973249 0.229753 -0.000000
v 15.011719 3.000000 7.574219
vt 0.031250 1.124632
vn 0.884085 0.449936 0.126298
v 16.000000 0.000000 4.000000
vt 0.000000 1.151691
vn 1.000000 0.000000 -0.000000
v 14.088867 4.500000 0.645508
vt 0.968750 1.108387
vn 0.801103 0.587483 -0.114443
v 14.312500 4.500000 4.000000
vt 1.000000 1.108387
vn 0.811242 0.584710 -0.000000
v 14.312500 4.500000 4.000000
vt 0.000000 1.108387
vn 0.811242 0.584710 -0.000000
v 14.088867 4.500000 7.354492
vt 0.031250 1.108387
vn 0.801103 0.587483 0.114443
v 13.417969 4.500000 -2.261719
vt 0.937500 1.108387
vn 0.762699 0.594690 -0.254233
v 3.574219 3.000000 19.011719
vt 0.218750 1.124632
vn 0.126298 0.449936 0.884085
v 0.000000 1.500000 19.812500
vt 0.250000 1.139067
vn 0.000000 0.229753 0.973249
v 0.000000 3.000000 19.250000
vt 0.250000 1.124632
vn 0.000000 0.447214 0.894427
v -3.706055 1.500000 19.565430
vt 0.281250 1.139067
vn -0.137589 0.231235 0.963120
v -3.574219 3.000000 19.011719
vt 0.281250 1.124632
vn -0.126298 0.449936 0.884085
v 0.000000 4.500000 18.312500
vt 0.250000 1.108387
vn 0.000000 0.584710 0.811242
v -3.354492 4.500000 18.088867
vt 0.281250 1.108387
vn -0.114443 0.587483 0.801103
v 3.354492 4.500000 18.088867
vt 0.218750 1.108387
vn 0.114443 0.587483 0.801103
v -6.671875 3.000000 18.296875
vt 0.312500 1.124632
vn -0.281265 0.457056 0.843795
v -6.261719 4.500000 17.417969
vt 0.312500 1.108387
vn -0.254233 0.594690 0.762699
v -6.917969 1.500000 18.824219
vt 0.312500 1.139067
vn -0.307363 0.235119 0.922088
v 0.000000 6.000000 17.000000
vt 0.250000 1.090330
vn 0.000000 0.707107 0.707107
v -3.046875 6.000000 16.796875
vt 0.281250 1.090330
vn -0.099619 0.709788 0.697336
v 3.046875 6.000000 16.796875
vt 0.218750 1.090330
vn 0.099619 0.709788 0.697336
v -5.687500 6.000000 16.187500
vt 0.312500 1.090330
vn -0.220527 0.716713 0.661581
v 6.261719 4.500000 17.417969
vt 0.187500 1.108387
vn 0.254233 0.594690 0.762699
v 5.687500 6.000000 16.187500
vt 0.187500 1.090330
vn 0.220527 0.716713 0.661581
v 0.000000 7.500000 15.312500
vt 0.250000 1.070464
vn 0.000000 0.773342 0.633989
v -2.651367 7.500000 15.135742
vt 0.281250 1.070464
vn -0.089260 0.775651 0.624818
v 2.651367 7.500000 15.135742
vt 0.218750 1.070464
vn 0.089260 0.775651 0.624818
v -4.949219 7.500000 14.605469
vt 0.312500 1.070464
vn -0.197259 0.781593 0.591777
v 4.949219 7.500000 14.605469
vt 0.187500 1.070464
vn 0.197259 0.781593 0.591777
v 0.000000 9.000000 13.250000
vt 0.250000 1.048787
vn 0.000000 0.832050 0.554700
v -2.167969 9.000000 13.105469
vt 0.281250 1.048787
vn -0.078034 0.833988 0.546237
v 2.167969 9.000000 13.105469
vt 0.218750 1.048787
vn 0.078034 0.833988 0.546237
v -4.046875 9.000000 12.671875
vt 0.312500 1.048787
vn -0.172093 0.838952 0.516278
v 4.046875 9.000000 12.671875
vt 0.187500 1.048787
vn 0.172093 0.838952 0.516278
v -8.721680 4.500000 16.299805
vt 0.343750 1.108387
vn -0.410576 0.602637 0.684293
v -7.921875 6.000000 15.171875
vt 0.343750 1.090330
vn -0.354749 0.724279 0.591248
v -6.893555 7.500000 13.721680
vt 0.343750 1.070464
vn -0.316730 0.788049 0.527883
v -5.636719 9.000000 11.949219
vt 0.343750 1.048787
vn -0.275694 0.844312 0.459489
v 0.000000 12.000000 8.000000
vt 0.250000 1.000000
vn 0.000000 0.894427 0.447214
v -0.937500 12.000000 7.937500
vt 0.281250 1.000000
vn -0.062862 0.895779 0.440032
v 0.937500 12.000000 7.937500
vt 0.218750 1.000000
vn 0.062862 0.895779 0.440032
v -1.750000 12.000000 7.750000
vt 0.312500 1.000000
vn -0.138343 0.899229 0.415029
v 1.750000 12.000000 7.750000
vt 0.187500 1.000000
vn 0.138343 0.899229 0.415029
v -2.437500 12.000000 7.437500
vt 0.343750 1.000000
vn -0.221125 0.902929 0.368542
v 5.636719 9.000000 11.949219
vt 0.156250 1.048787
vn 0.275694 0.844312 0.459489
v 6.893555 7.500000 13.721680
vt 0.156250 1.070464
vn 0.316730 0.788049 0.527883
v 2.437500 12.000000 7.437500
vt 0.156250 1.000000
vn 0.221125 0.902929 0.368542
v 7.921875 6.000000 15.171875
vt 0.156250 1.090330
vn 0.354749 0.724279 0.591248
v -8.484375 7.500000 12.484375
vt 0.375000 1.070464
vn -0.432731 0.790877 0.432731
v -6.937500 9.000000 10.937500
vt 0.375000 1.048787
vn -0.376288 0.846649 0.376288
v -3.000000 12.000000 7.000000
vt 0.375000 1.000000
vn -0.301511 0.904534 0.301511
v -9.750000 6.000000 13.750000
vt 0.375000 1.090330
vn -0.485071 0.727607 0.485071
v -9.292969 3.000000 17.105469
vt 0.343750 1.124632
vn -0.455493 0.464983 0.759155
v -10.734375 4.500000 14.734375
vt 0.375000 1.108387
vn -0.562393 0.606158 0.562393
v 8.484375 7.500000 12.484375
vt 0.125000 1.070464
vn 0.432731 0.790877 0.432731
v 9.750000 6.000000 13.750000
vt 0.125000 1.090330
vn 0.485071 0.727607 0.485071
v -11.437500 3.000000 15.437500
vt 0.375000 1.124632
vn -0.624695 0.468521 0.624695
v -9.635742 1.500000 17.588867
vt 0.343750 1.139067
vn -0.499527 0.239458 0.832546
v -11.859375 1.500000 15.859375
vt 0.375000 1.139067
vn -0.686195 0.241400 0.686195
v -3.750000 0.000000 19.750000
vt 0.281250 1.151691
vn -0.141421 0.000000 0.989949
v 0.000000 0.000000 20.000000
vt 0.250000 1.151691
vn 0.000000 0.000000 1.000000
v -7.000000 0.000000 19.000000
vt 0.312500 1.151691
vn -0.316228 0.000000 0.948683
v -9.750000 0.000000 17.750000
vt 0.343750 1.151691
vn -0.514496 0.000000 0.857493
v -12.000000 0.000000 16.000000
vt 0.375000 1.151691
vn -0.707107 0.000000 0.707107
v 3.937500 12.000000 4.937500
vt 0.031250 1.000000
vn 0.440032 0.895779 0.062862
v 8.671875 9.000000 8.046875
vt 0.062500 1.048787
vn 0.516278 0.838952 0.172093
v 3.750000 12.000000 5.750000
vt 0.062500 1.000000
vn 0.415029 0.899229 0.138343
v 9.105469 9.000000 6.167969
vt 0.031250 1.048787
vn 0.546237 0.833988 0.078034
v 4.000000 12.000000 4.000000
vt 0.000000 1.000000
vn 0.447214 0.894427 -0.000000
v 9.250000 9.000000 4.000000
vt 0.000000 1.048787
vn 0.554700 0.832050 -0.000000
v 10.605469 7.500000 8.949219
vt 0.062500 1.070464
vn 0.591777 0.781593 0.197259
v 11.135742 7.500000 6.651367
vt 0.031250 1.070464
vn 0.624818 0.775651 0.089260
v 7.949219 9.000000 9.636719
vt 0.093750 1.048787
vn 0.459489 0.844312 0.275694
v 3.437500 12.000000 6.437500
vt 0.093750 1.000000
vn 0.368542 0.902929 0.221125
v 9.721680 7.500000 10.893555
vt 0.093750 1.070464
vn 0.527883 0.788049 0.316730
v 11.312500 7.500000 4.000000
vt 0.000000 1.070464
vn 0.633989 0.773342 -0.000000
v 3.937500 12.000000 3.062500
vt 0.968750 1.000000
vn 0.440032 0.895779 -0.062862
v 9.250000 9.000000 4.000000
vt 1.000000 1.048787
vn 0.554700 0.832050 -0.000000
v 4.000000 12.000000 4.000000
vt 1.000000 1.000000
vn 0.447214 0.894427 -0.000000
v 9.105469 9.000000 1.832031
vt 0.968750 1.048787
vn 0.546237 0.833988 -0.078034
v 12.187500 6.000000 9.687500
vt 0.062500 1.090330
vn 0.661581 0.716713 0.220527
v 12.796875 6.000000 7.046875
vt 0.031250 1.090330
vn 0.697336 0.709788 0.099619
v 11.312500 7.500000 4.000000
vt 1.000000 1.070464
vn 0.633989 0.773342 -0.000000
v 11.135742 7.500000 1.348633
vt 0.968750 1.070464
vn 0.624818 0.775651 -0.089260
v 13.000000 6.000000 4.000000
vt 0.000000 1.090330
vn 0.707107 0.707107 -0.000000
v 3.750000 12.000000 2.250000
vt 0.937500 1.000000
vn 0.415029 0.899229 -0.138343
v 8.671875 9.000000 -0.046875
vt 0.937500 1.048787
vn 0.516278 0.838952 -0.172093
v 10.605469 7.500000 -0.949219
vt 0.937500 1.070464
vn 0.591777 0.781593 -0.197259
v 13.000000 6.000000 4.000000
vt 1.000000 1.090330
vn 0.707107 0.707107 -0.000000
v 12.796875 6.000000 0.953125
vt 0.968750 1.090330
vn 0.697336 0.709788 -0.099619
v 12.187500 6.000000 -1.687500
vt 0.937500 1.090330
vn 0.661581 0.716713 -0.220527
v 3.437500 12.000000 1.562500
vt 0.906250 1.000000
vn 0.368542 0.902929 -0.221125
v 7.949219 9.000000 -1.636719
vt 0.906250 1.048787
vn 0.459489 0.844312 -0.275694
v 9.721680 7.500000 -2.893555
vt 0.906250 1.070464
vn 0.527883 0.788049 -0.316730
v 11.171875 6.000000 11.921875
vt 0.093750 1.090330
vn 0.591248 0.724279 0.354749
v 11.171875 6.000000 -3.921875
vt 0.906250 1.090330
vn 0.591248 0.724279 -0.354749
v 6.937500 9.000000 10.937500
vt 0.125000 1.048787
vn 0.376288 0.846649 0.376288
v 3.000000 12.000000 7.000000
vt 0.125000 1.000000
vn 0.301511 0.904534 0.301511
v 11.859375 1.500000 -7.859375
vt 0.875000 1.139067
vn 0.686195 0.241400 -0.686195
v 12.000000 0.000000 -8.000000
vt 0.875000 1.151691
vn 0.707107 0.000000 -0.707107
v 13.750000 0.000000 -5.750000
vt 0.906250 1.151691
vn 0.857493 0.000000 -0.514496
v 13.588867 1.500000 -5.635742
vt 0.906250 1.139067
vn 0.832546 0.239458 -0.499527
v 15.000000 0.000000 -3.000000
vt 0.937500 1.151691
vn 0.948683 0.000000 -0.316228
v 14.824219 1.500000 -2.917969
vt 0.937500 1.139067
vn 0.922088 0.235119 -0.307363
v 13.105469 3.000000 -5.292969
vt 0.906250 1.124632
vn 0.759156 0.464983 -0.455493
v 14.296875 3.000000 -2.671875
vt 0.937500 1.124632
vn 0.843795 0.457056 -0.281265
v 11.437500 3.000000 -7.437500
vt 0.875000 1.124632
vn 0.624695 0.468521 -0.624695
v 12.299805 4.500000 -4.721680
vt 0.906250 1.108387
vn 0.684293 0.602637 -0.410576
v 13.417969 4.500000 -2.261719
vt 0.937500 1.108387
vn 0.762699 0.594690 -0.254233
v 10.734375 4.500000 -6.734375
vt 0.875000 1.108387
vn 0.562393 0.606158 -0.562393
v 9.292969 3.000000 -9.105469
vt 0.843750 1.124632
vn 0.455493 0.464983 -0.759155
v 9.635742 1.500000 -9.588867
vt 0.843750 1.139067
vn 0.499527 0.239458 -0.832546
v 8.721680 4.500000 -8.299805
vt 0.843750 1.108387
vn 0.410576 0.602637 -0.684293
v 9.750000 6.000000 -5.750000
vt 0.875000 1.090330
vn 0.485071 0.727607 -0.485071
v 11.171875 6.000000 -3.921875
vt 0.906250 1.090330
vn 0.591248 0.724279 -0.354749
v 12.187500 6.000000 -1.687500
vt 0.937500 1.090330
vn 0.661581 0.716713 -0.220527
v 7.921875 6.000000 -7.171875
vt 0.843750 1.090330
vn 0.354749 0.724279 -0.591248
v 8.484375 7.500000 -4.484375
vt 0.875000 1.070464
vn 0.432731 0.790877 -0.432731
v 9.721680 7.500000 -2.893555
vt 0.906250 1.070464
vn 0.527883 0.788049 -0.316730
v 6.893555 7.500000 -5.721680
vt 0.843750 1.070464
vn 0.316730 0.788049 -0.527883
v 6.937500 9.000000 -2.937500
vt 0.875000 1.048787
vn 0.376288 0.846649 -0.376288
v 7.949219 9.000000 -1.636719
vt 0.906250 1.048787
vn 0.459489 0.844312 -0.275694
v 5.636719 9.000000 -3.949219
vt 0.843750 1.048787
vn 0.275694 0.844312 -0.459489
v 3.000000 12.000000 1.000000
vt 0.875000 1.000000
vn 0.301511 0.904534 -0.301511
v 3.437500 12.000000 1.562500
vt 0.906250 1.000000
vn 0.368542 0.902929 -0.221125
v 2.437500 12.000000 0.562500
vt 0.843750 1.000000
vn 0.221125 0.902929 -0.368542
v 0.000000 3.000000 -11.250000
vt 0.750000 1.124632
vn 0.000000 0.447214 -0.894427
v 0.000000 1.500000 -11.812500
vt 0.750000 1.139067
vn 0.000000 0.229753 -0.973249
v 3.706055 1.500000 -11.565430
vt 0.781250 1.139067
vn 0.137589 0.231235 -0.963120
v 3.574219 3.000000 -11.011719
vt 0.781250 1.124632
vn 0.126298 0.449936 -0.884085
v -3.574219 3.000000 -11.011719
vt 0.718750 1.124632
vn -0.126298 0.449936 -0.884085
v -3.706055 1.500000 -11.565430
vt 0.718750 1.139067
vn -0.137589 0.231235 -0.963120
v 0.000000 4.500000 -10.312500
vt 0.750000 1.108387
vn 0.000000 0.584710 -0.811242
v 3.354492 4.500000 -10.088867
vt 0.781250 1.108387
vn 0.114443 0.587483 -0.801103
v -3.354492 4.500000 -10.088867
vt 0.718750 1.108387
vn -0.114443 0.587483 -0.801103
v 6.671875 3.000000 -10.296875
vt 0.812500 1.124632
vn 0.281265 0.457056 -0.843795
v 6.261719 4.500000 -9.417969
vt 0.812500 1.108387
vn 0.254233 0.594690 -0.762699
v 6.917969 1.500000 -10.824219
vt 0.812500 1.139067
vn 0.307363 0.235119 -0.922088
v 0.000000 6.000000 -9.000000
vt 0.750000 1.090330
vn 0.000000 0.707107 -0.707107
v 3.046875 6.000000 -8.796875
vt 0.781250 1.090330
vn 0.099619 0.709788 -0.697336
v -3.046875 6.000000 -8.796875
vt 0.718750 1.090330
vn -0.099619 0.709788 -0.697336
v 5.687500 6.000000 -8.187500
vt 0.812500 1.090330
vn 0.220527 0.716713 -0.661581
v -6.261719 4.500000 -9.417969
vt 0.687500 1.108387
vn -0.254233 0.594690 -0.762699
v -6.671875 3.000000 -10.296875
vt 0.687500 1.124632
vn -0.281265 0.457056 -0.843795
v -5.687500 6.000000 -8.187500
vt 0.687500 1.090330
vn -0.220527 0.716713 -0.661581
v 0.000000 7.500000 -7.312500
vt 0.750000 1.070464
vn 0.000000 0.773342 -0.633989
v 2.651367 7.500000 -7.135742
vt 0.781250 1.070464
vn 0.089260 0.775651 -0.624818
v -2.651367 7.500000 -7.135742
vt 0.718750 1.070464
vn -0.089260 0.775651 -0.624818
v 4.949219 7.500000 -6.605469
vt 0.812500 1.070464
vn 0.197259 0.781593 -0.591777
v -4.949219 7.500000 -6.605469
vt 0.687500 1.070464
vn -0.197259 0.781593 -0.591777
v 0.000000 9.000000 -5.250000
vt 0.750000 1.048787
vn 0.000000 0.832050 -0.554700
v 2.167969 9.000000 -5.105469
vt 0.781250 1.048787
vn 0.078034 0.833988 -0.546237
v -2.167969 9.000000 -5.105469
vt 0.718750 1.048787
vn -0.078034 0.833988 -0.546237
v 4.046875 9.000000 -4.671875
vt 0.812500 1.048787
vn 0.172093 0.838952 -0.516278
v -4.046875 9.000000 -4.671875
vt 0.687500 1.048787
vn -0.172093 0.838952 -0.516278
v 0.000000 12.000000 -0.000000
vt 0.750000 1.000000
vn 0.000000 0.894427 -0.447214
v 0.937500 12.000000 0.062500
vt 0.781250 1.000000
vn 0.062862 0.895779 -0.440032
v -0.937500 12.000000 0.062500
vt 0.718750 1.000000
vn -0.062862 0.895779 -0.440032
v 1.750000 12.000000 0.250000
vt 0.812500 1.000000
vn 0.138343 0.899229 -0.415029
v -1.750000 12.000000 0.250000
vt 0.687500 1.000000
vn -0.138343 0.899229 -0.415029
v -5.636719 9.000000 -3.949219
vt 0.656250 1.048787
vn -0.275694 0.844312 -0.459489
v -6.893555 7.500000 -5.721680
vt 0.656250 1.070464
vn -0.316730 0.788049 -0.527883
v -2.437500 12.000000 0.562500
vt 0.656250 1.000000
vn -0.221125 0.902929 -0.368542
v -7.921875 6.000000 -7.171875
vt 0.656250 1.090330
vn -0.354749 0.724279 -0.591248
v -8.721680 4.500000 -8.299805
vt 0.656250 1.108387
vn -0.410576 0.602637 -0.684293
v -6.937500 9.000000 -2.937500
vt 0.625000 1.048787
vn -0.376288 0.846649 -0.376288
v -8.484375 7.500000 -4.484375
vt 0.625000 1.070464
vn -0.432731 0.790877 -0.432731
v -3.000000 12.000000 1.000000
vt 0.625000 1.000000
vn -0.301511 0.904534 -0.301511
v -9.750000 6.000000 -5.750000
vt 0.625000 1.090330
vn -0.485071 0.727607 -0.485071
v -10.734375 4.500000 -6.734375
vt 0.625000 1.108387
vn -0.562393 0.606158 -0.562393
v -11.859375 1.500000 -7.859375
vt 0.625000 1.139067
vn -0.686195 0.241400 -0.686195
v -12.000000 0.000000 -8.000000
vt 0.625000 1.151691
vn -0.707107 0.000000 -0.707107
v -9.750000 0.000000 -9.750000
vt 0.656250 1.151691
vn -0.514496 0.000000 -0.857493
v -9.635742 1.500000 -9.588867
vt 0.656250 1.139067
vn -0.499527 0.239458 -0.832546
v -7.000000 0.000000 -11.000000
vt 0.687500 1.151691
vn -0.316228 0.000000 -0.948683
v -6.917969 1.500000 -10.824219
vt 0.687500 1.139067
vn -0.307363 0.235119 -0.922088
v -9.292969 3.000000 -9.105469
vt 0.656250 1.124632
vn -0.455493 0.464983 -0.759156
v -11.437500 3.000000 -7.437500
vt 0.625000 1.124632
vn -0.624695 0.468521 -0.624695
v -3.750000 0.000000 -11.750000
vt 0.718750 1.151691
vn -0.141421 0.000000 -0.989949
v 0.000000 0.000000 -12.000000
vt 0.750000 1.151691
vn 0.000000 0.000000 -1.000000
v 3.750000 0.000000 -11.750000
vt 0.781250 1.151691
vn 0.141421 0.000000 -0.989949
v 7.000000 0.000000 -11.000000
vt 0.812500 1.151691
vn 0.316228 0.000000 -0.948683
v 9.750000 0.000000 -9.750000
vt 0.843750 1.151691
vn 0.514496 0.000000 -0.857493
v 3.750000 196.000000 2.250000
vt 0.234375 1.000000
vn 0.948683 0.000000 -0.316228
v 4.000000 12.000000 4.000000
vt 0.250000 2.750000
vn 1.000000 0.000000 -0.000000
v 4.000000 196.000000 4.000000
vt 0.250000 1.000000
vn 1.000000 0.000000 -0.000000
v 3.750000 12.000000 2.250000
vt 0.234375 2.750000
vn 0.948683 0.000000 -0.316228
v 3.000000 196.000000 1.000000
vt 0.218750 1.000000
vn 0.707107 0.000000 -0.707107
v 3.000000 12.000000 1.000000
vt 0.218750 2.750000
vn 0.707107 0.000000 -0.707107
v 4.000000 196.000000 4.000000
vt 0.000000 1.000000
vn 1.000000 0.000000 -0.000000
v 4.000000 12.000000 4.000000
vt 0.000000 2.750000
vn 1.000000 0.000000 -0.000000
v 3.750000 12.000000 5.750000
vt 0.015625 2.750000
vn 0.948683 0.000000 0.316228
v 3.750000 196.000000 5.750000
vt 0.015625 1.000000
vn 0.948683 0.000000 0.316228
v 3.000000 12.000000 7.000000
vt 0.031250 2.750000
vn 0.707107 0.000000 0.707107
v 3.000000 196.000000 7.000000
vt 0.031250 1.000000
vn 0.707107 0.000000 0.707107
v 0.000000 196.000000 8.000000
vt 0.062500 1.000000
vn 0.000000 0.000000 1.000000
v 0.000000 12.000000 8.000000
vt 0.062500 2.750000
vn 0.000000 0.000000 1.000000
v -1.750000 12.000000 7.750000
vt 0.078125 2.750000
vn -0.316228 0.000000 0.948683
v -1.750000 196.000000 7.750000
vt 0.078125 1.000000
vn -0.316228 0.000000 0.948683
v 1.750000 196.000000 7.750000
vt 0.046875 1.000000
vn 0.316228 0.000000 0.948683
v 1.750000 12.000000 7.750000
vt 0.046875 2.750000
vn 0.316228 0.000000 0.948683
v 3.000000 196.000000 7.000000
vt 0.031250 1.000000
vn 0.707107 0.000000 0.707107
v 3.000000 12.000000 7.000000
vt 0.031250 2.750000
vn 0.707107 0.000000 0.707107
v -3.000000 12.000000 7.000000
vt 0.093750 2.750000
vn -0.707107 0.000000 0.707107
v -3.000000 196.000000 7.000000
vt 0.093750 1.000000
vn -0.707107 0.000000 0.707107
v -4.000000 196.000000 4.000000
vt 0.125000 1.000000
vn -1.000000 0.000000 -0.000000
v -3.750000 12.000000 2.250000
vt 0.140625 2.750000
vn -0.948683 0.000000 -0.316228
v -3.750000 196.000000 2.250000
vt 0.140625 1.000000
vn -0.948683 0.000000 -0.316228
v -4.000000 12.000000 4.000000
vt 0.125000 2.750000
vn -1.000000 0.000000 -0.000000
v -3.750000 196.000000 5.750000
vt 0.109375 1.000000
vn -0.948683 0.000000 0.316228
v -3.750000 12.000000 5.750000
vt 0.109375 2.750000
vn -0.948683 0.000000 0.316228
v -3.000000 196.000000 7.000000
vt 0.093750 1.000000
vn -0.707107 0.000000 0.707107
v -3.000000 12.000000 7.000000
vt 0.093750 2.750000
vn -0.707107 0.000000 0.707107
v -3.000000 12.000000 1.000000
vt 0.156250 2.750000
vn -0.707107 0.000000 -0.707107
v -3.000000 196.000000 1.000000
vt 0.156250 1.000000
vn -0.707107 0.000000 -0.707107
v -1.750000 196.000000 0.250000
vt 0.171875 1.000000
vn -0.316228 0.000000 -0.948683
v 0.000000 12.000000 -0.000000
vt 0.187500 2.750000
vn 0.000000 0.000000 -1.000000
v 0.000000 196.000000 -0.000000
vt 0.187500 1.000000
vn 0.000000 0.000000 -1.000000
v -1.750000 12.000000 0.250000
vt 0.171875 2.750000
vn -0.316228 0.000000 -0.948683
v 1.750000 12.000000 0.250000
vt 0.203125 2.750000
vn 0.316228 0.000000 -0.948683
v 1.750000 196.000000 0.250000
vt 0.203125 1.000000
vn 0.316228 0.000000 -0.948683
v 3.000000 12.000000 1.000000
vt 0.218750 2.750000
vn 0.707107 0.000000 -0.707107
v 3.000000 196.000000 1.000000
vt 0.218750 1.000000
vn 0.707107 0.000000 -0.707107
v -3.000000 196.000000 1.000000
vt 0.156250 1.000000
vn -0.707107 0.000000 -0.707107
v -3.000000 12.000000 1.000000
vt 0.156250 2.750000
vn -0.707107 0.000000 -0.707107
v -159.687500 64.312500 0.250000
vt 0.205044 1.125000
vn 0.212000 0.212000 -0.953998
v -160.808594 65.753906 0.250000
vt 0.205044 1.156250
vn 0.259363 0.155618 -0.953160
v -162.312500 64.687500 -0.000000
vt 0.226333 1.156250
vn 0.000000 0.000000 -1.000000
v -161.000000 63.000000 -0.000000
vt 0.226333 1.125000
vn 0.000000 0.000000 -1.000000
v -158.246094 63.191406 0.250000
vt 0.205044 1.093750
vn 0.155618 0.259363 -0.953160
v -159.312500 61.687500 -0.000000
vt 0.226333 1.093750
vn 0.000000 0.000000 -1.000000
v -163.250000 66.750000 -0.000000
vt 0.226333 1.187500
vn 0.000000 0.000000 -1.000000
v -161.609375 67.515625 0.250000
vt 0.205044 1.187500
vn 0.292683 0.097561 -0.951220
v -163.812500 69.187500 -0.000000
vt 0.226333 1.218750
vn 0.000000 0.000000 -1.000000
v -162.089844 69.597656 0.250000
vt 0.205044 1.218750
vn 0.310914 0.044416 -0.949399
v -156.484375 62.390625 0.250000
vt 0.205044 1.062500
vn 0.097561 0.292683 -0.951220
v -157.250000 60.750000 -0.000000
vt 0.226333 1.062500
vn 0.000000 0.000000 -1.000000
v -154.402344 61.910156 0.250000
vt 0.205044 1.031250
vn 0.044416 0.310914 -0.949399
v -154.812500 60.187500 -0.000000
vt 0.226333 1.031250
vn 0.000000 0.000000 -1.000000
v -164.000000 72.000000 -0.000000
vt 0.226333 1.250000
vn 0.000000 0.000000 -1.000000
v -162.250000 184.000000 0.250000
vt 0.205044 1.000000
vn 0.316228 0.000000 -0.948683
v -162.089844 186.402344 0.250000
vt 0.205044 1.031250
vn 0.310914 -0.044416 -0.949399
v -163.812500 186.812500 -0.000000
vt 0.226333 1.031250
vn 0.000000 0.000000 -1.000000
v -164.000000 184.000000 -0.000000
vt 0.226333 1.000000
vn 0.000000 0.000000 -1.000000
v -162.250000 72.000000 0.250000
vt 0.171875 1.000000
vn 0.316228 0.000000 -0.948683
v -162.250000 184.000000 0.250000
vt 0.171875 1.875000
vn 0.316228 0.000000 -0.948683
v -164.000000 184.000000 -0.000000
vt 0.187500 1.875000
vn 0.000000 0.000000 -1.000000
v -164.000000 72.000000 -0.000000
vt 0.187500 1.000000
vn 0.000000 0.000000 -1.000000
v -162.250000 72.000000 0.250000
vt 0.205044 1.250000
vn 0.316228 0.000000 -0.948683
v -163.250000 189.250000 -0.000000
vt 0.226333 1.062500
vn 0.000000 0.000000 -1.000000
v -161.609375 188.484375 0.250000
vt 0.205044 1.062500
vn 0.292683 -0.097561 -0.951220
v -162.312500 191.312500 -0.000000
vt 0.226333 1.093750
vn 0.000000 0.000000 -1.000000
v -160.808594 190.246094 0.250000
vt 0.205044 1.093750
vn 0.259363 -0.155618 -0.953160
v -161.000000 193.000000 -0.000000
vt 0.226333 1.125000
vn 0.000000 0.000000 -1.000000
v -159.687500 191.687500 0.250000
vt 0.205044 1.125000
vn 0.212000 -0.212000 -0.953998
v -159.312500 194.312500 -0.000000
vt 0.226333 1.156250
vn 0.000000 0.000000 -1.000000
v -158.246094 192.808594 0.250000
vt 0.205044 1.156250
vn 0.155618 -0.259363 -0.953160
v -157.250000 195.250000 -0.000000
vt 0.226333 1.187500
vn 0.000000 0.000000 -1.000000
v -156.484375 193.609375 0.250000
vt 0.205044 1.187500
vn 0.097561 -0.292683 -0.951220
v -165.750000 184.000000 0.250000
vt 0.203125 1.875000
vn -0.316228 -0.000000 -0.948683
v -165.750000 72.000000 0.250000
vt 0.203125 1.000000
vn -0.316228 0.000000 -0.948683
v -165.750000 72.000000 0.250000
vt 0.247621 1.250000
vn -0.316228 0.000000 -0.948683
v -165.535156 68.777344 0.250000
vt 0.247621 1.218750
vn -0.310914 -0.044416 -0.949399
v -165.535156 187.222656 0.250000
vt 0.247621 1.031250
vn -0.310914 0.044416 -0.949399
v -165.750000 184.000000 0.250000
vt 0.247621 1.000000
vn -0.316228 -0.000000 -0.948683
v -154.812500 195.812500 -0.000000
vt 0.226333 1.218750
vn 0.000000 0.000000 -1.000000
v -154.402344 194.089844 0.250000
vt 0.205044 1.218750
vn 0.044416 -0.310914 -0.949399
v -162.312500 61.687500 0.250000
vt 0.247621 1.125000
vn -0.212000 -0.212000 -0.953998
v -160.378906 60.183594 0.250000
vt 0.247621 1.093750
vn -0.155618 -0.259363 -0.953160
v -163.816406 63.621094 0.250000
vt 0.247621 1.156250
vn -0.259363 -0.155618 -0.953160
v -160.378906 195.816406 0.250000
vt 0.247621 1.156250
vn -0.155618 0.259363 -0.953160
v -162.312500 194.312500 0.250000
vt 0.247621 1.125000
vn -0.212000 0.212000 -0.953998
v -163.816406 192.378906 0.250000
vt 0.247621 1.093750
vn -0.259363 0.155618 -0.953160
v -158.015625 59.109375 0.250000
vt 0.247621 1.062500
vn -0.097561 -0.292683 -0.951220
v -158.015625 196.890625 0.250000
vt 0.247621 1.187500
vn -0.097561 0.292683 -0.951220
v -164.890625 65.984375 0.250000
vt 0.247621 1.187500
vn -0.292683 -0.097561 -0.951220
v -164.890625 190.015625 0.250000
vt 0.247621 1.062500
vn -0.292683 0.097561 -0.951220
v -155.222656 197.535156 0.250000
vt 0.247621 1.218750
vn -0.044416 0.310914 -0.949399
v -155.222656 58.464844 0.250000
vt 0.247621 1.031250
vn -0.044416 -0.310914 -0.949399
v -152.000000 61.750000 0.250000
vt 0.205044 1.000000
vn 0.000000 0.316228 -0.948683
v -152.000000 60.000000 -0.000000
vt 0.226333 1.000000
vn 0.000000 0.000000 -1.000000
v -152.000000 60.000000 -0.000000
vt 0.187500 1.000000
vn 0.000000 0.000000 -1.000000
v 151.999969 61.750000 0.250000
vt 0.203125 3.375000
vn 0.000000 0.316228 -0.948683
v -152.000000 61.750000 0.250000
vt 0.203125 1.000000
vn 0.000000 0.316228 -0.948683
v 151.999969 60.000000 -0.000000
vt 0.187500 3.375000
vn 0.000000 0.000000 -1.000000
v -152.000000 58.250000 0.250000
vt 0.171875 1.000000
vn 0.000000 -0.316228 -0.948683
v 151.999969 58.250000 0.250000
vt 0.171875 3.375000
vn -0.000000 -0.316228 -0.948683
v -152.000000 58.250000 0.250000
vt 0.247621 1.000000
vn 0.000000 -0.316228 -0.948683
v -152.000000 196.000000 -0.000000
vt 0.226333 1.250000
vn 0.000000 0.000000 -1.000000
v -152.000000 194.250000 0.250000
vt 0.205044 1.250000
vn 0.000000 -0.316228 -0.948683
v -152.000000 194.250000 0.250000
vt 0.171875 1.000000
vn 0.000000 -0.316228 -0.948683
v 151.999969 196.000000 -0.000000
vt 0.187500 3.375000
vn 0.000000 0.000000 -1.000000
v -152.000000 196.000000 -0.000000
vt 0.187500 1.000000
vn 0.000000 0.000000 -1.000000
v 151.999969 194.250000 0.250000
vt 0.171875 3.375000
vn 0.000000 -0.316228 -0.948683
v 151.999969 197.750000 0.250000
vt 0.203125 3.375000
vn -0.000000 0.316228 -0.948683
v -152.000000 197.750000 0.250000
vt 0.247621 1.250000
vn 0.000000 0.316228 -0.948683
v -152.000000 197.750000 0.250000
vt 0.203125 1.000000
vn 0.000000 0.316228 -0.948683
v -157.484375 64.265625 1.000000
vt 0.185374 1.093750
vn 0.354749 0.591248 -0.724279
v -158.750000 65.250000 1.000000
vt 0.185374 1.125000
vn 0.485071 0.485071 -0.727607
v -155.937500 63.562500 1.000000
vt 0.185374 1.062500
vn 0.220527 0.661581 -0.716713
v -154.109375 63.140625 1.000000
vt 0.185374 1.031250
vn 0.099619 0.697336 -0.709788
v -152.000000 63.000000 1.000000
vt 0.185374 1.000000
vn 0.000000 0.707107 -0.707107
v -159.734375 66.515625 1.000000
vt 0.185374 1.156250
vn 0.591248 0.354749 -0.724279
v -160.437500 68.062500 1.000000
vt 0.185374 1.187500
vn 0.661581 0.220527 -0.716713
v -160.859375 69.890625 1.000000
vt 0.185374 1.218750
vn 0.697336 0.099619 -0.709788
v -161.000000 72.000000 1.000000
vt 0.185374 1.250000
vn 0.707107 0.000000 -0.707107
v -163.250000 60.750000 1.000000
vt 0.267291 1.125000
vn -0.485071 -0.485071 -0.727607
v -161.140625 59.109375 1.000000
vt 0.267291 1.093750
vn -0.354749 -0.591248 -0.724279
v -164.890625 62.859375 1.000000
vt 0.267291 1.156250
vn -0.591248 -0.354749 -0.724279
v -158.750000 190.750000 1.000000
vt 0.185374 1.125000
vn 0.485071 -0.485071 -0.727607
v -157.484375 191.734375 1.000000
vt 0.185374 1.156250
vn 0.354749 -0.591248 -0.724279
v -155.937500 192.437500 1.000000
vt 0.185374 1.187500
vn 0.220527 -0.661581 -0.716713
v -154.109375 192.859375 1.000000
vt 0.185374 1.218750
vn 0.099619 -0.697336 -0.709788
v -152.000000 193.000000 1.000000
vt 0.185374 1.250000
vn 0.000000 -0.707107 -0.707107
v -159.734375 189.484375 1.000000
vt 0.185374 1.093750
vn 0.591248 -0.354749 -0.724279
v -160.437500 187.937500 1.000000
vt 0.185374 1.062500
vn 0.661582 -0.220527 -0.716713
v -160.859375 186.109375 1.000000
vt 0.185374 1.031250
vn 0.697336 -0.099619 -0.709788
v -161.000000 184.000000 1.000000
vt 0.185374 1.000000
vn 0.707107 0.000000 -0.707107
v -161.000000 72.000000 1.000000
vt 0.156250 1.000000
vn 0.707107 0.000000 -0.707107
v -161.000000 184.000000 1.000000
vt 0.156250 1.875000
vn 0.707107 0.000000 -0.707107
v -163.250000 195.250000 1.000000
vt 0.267291 1.125000
vn -0.485071 0.485071 -0.727607
v -164.890625 193.140625 1.000000
vt 0.267291 1.093750
vn -0.591248 0.354749 -0.724279
v -161.140625 196.890625 1.000000
vt 0.267291 1.156250
vn -0.354749 0.591248 -0.724279
v -166.062500 65.437500 1.000000
vt 0.267291 1.187500
vn -0.661581 -0.220527 -0.716713
v -166.062500 190.562500 1.000000
vt 0.267291 1.062500
vn -0.661581 0.220527 -0.716713
v -158.562500 57.937500 1.000000
vt 0.267291 1.062500
vn -0.220527 -0.661581 -0.716713
v -158.562500 198.062500 1.000000
vt 0.267291 1.187500
vn -0.220527 0.661581 -0.716713
v -166.765625 68.484375 1.000000
vt 0.267291 1.218750
vn -0.697336 -0.099619 -0.709788
v -166.765625 187.515625 1.000000
vt 0.267291 1.031250
vn -0.697336 0.099619 -0.709788
v -155.515625 57.234375 1.000000
vt 0.267291 1.031250
vn -0.099619 -0.697336 -0.709788
v -155.515625 198.765625 1.000000
vt 0.267291 1.218750
vn -0.099619 0.697336 -0.709788
v -152.000000 193.000000 1.000000
vt 0.156250 1.000000
vn 0.000000 -0.707107 -0.707107
v 151.999969 193.000000 1.000000
vt 0.156250 3.375000
vn 0.000000 -0.707107 -0.707107
v 151.999969 63.000000 1.000000
vt 0.218750 3.375000
vn 0.000000 0.707107 -0.707107
v -152.000000 63.000000 1.000000
vt 0.218750 1.000000
vn 0.000000 0.707107 -0.707107
v -152.000000 57.000000 1.000000
vt 0.156250 1.000000
vn 0.000000 -0.707107 -0.707107
v 151.999969 57.000000 1.000000
vt 0.156250 3.375000
vn 0.000000 -0.707107 -0.707107
v -152.000000 57.000000 1.000000
vt 0.267291 1.000000
vn 0.000000 -0.707107 -0.707107
v 151.999969 199.000000 1.000000
vt 0.218750 3.375000
vn 0.000000 0.707107 -0.707107
v -152.000000 199.000000 1.000000
vt 0.218750 1.000000
vn 0.000000 0.707107 -0.707107
v -152.000000 199.000000 1.000000
vt 0.267291 1.250000
vn 0.000000 0.707107 -0.707107
v -167.000000 184.000000 1.000000
vt 0.218750 1.875000
vn -0.707107 0.000000 -0.707107
v -167.000000 72.000000 1.000000
vt 0.218750 1.000000
vn -0.707107 0.000000 -0.707107
v -167.000000 72.000000 1.000000
vt 0.267291 1.250000
vn -0.707107 0.000000 -0.707107
v -167.000000 184.000000 1.000000
vt 0.267291 1.000000
vn -0.707107 0.000000 -0.707107
v -162.312500 191.312500 8.000000
vt 0.075444 1.093750
vn 0.000000 0.000000 1.000000
v -159.687500 191.687500 7.750000
vt 0.096732 1.125000
vn 0.212000 -0.212000 0.953998
v -160.808594 190.246094 7.750000
vt 0.096732 1.093750
vn 0.259363 -0.155618 0.953160
v -161.000000 193.000000 8.000000
vt 0.075444 1.125000
vn 0.000000 0.000000 1.000000
v -158.246094 192.808594 7.750000
vt 0.096732 1.156250
vn 0.155618 -0.259363 0.953160
v -159.312500 194.312500 8.000000
vt 0.075444 1.156250
vn 0.000000 0.000000 1.000000
v -163.250000 189.250000 8.000000
vt 0.075444 1.062500
vn 0.000000 0.000000 1.000000
v -161.609375 188.484375 7.750000
vt 0.096732 1.062500
vn 0.292683 -0.097561 0.951220
v -163.812500 186.812500 8.000000
vt 0.075444 1.031250
vn 0.000000 0.000000 1.000000
v -162.089844 186.402344 7.750000
vt 0.096732 1.031250
vn 0.310914 -0.044416 0.949399
v -156.484375 193.609375 7.750000
vt 0.096732 1.187500
vn 0.097561 -0.292683 0.951220
v -157.250000 195.250000 8.000000
vt 0.075444 1.187500
vn 0.000000 0.000000 1.000000
v -154.402344 194.089844 7.750000
vt 0.096732 1.218750
vn 0.044416 -0.310914 0.949399
v -154.812500 195.812500 8.000000
vt 0.075444 1.218750
vn 0.000000 0.000000 1.000000
v -164.000000 184.000000 8.000000
vt 0.075444 1.000000
vn 0.000000 0.000000 1.000000
v -162.250000 184.000000 7.750000
vt 0.096732 1.000000
vn 0.316228 0.000000 0.948683
v -164.000000 72.000000 8.000000
vt 0.062500 1.000000
vn 0.000000 0.000000 1.000000
v -164.000000 184.000000 8.000000
vt 0.062500 1.875000
vn 0.000000 0.000000 1.000000
v -162.250000 184.000000 7.750000
vt 0.078125 1.875000
vn 0.316228 0.000000 0.948683
v -162.250000 72.000000 7.750000
vt 0.078125 1.000000
vn 0.316228 0.000000 0.948683
v -163.812500 69.187500 8.000000
vt 0.075444 1.218750
vn 0.000000 0.000000 1.000000
v -164.000000 72.000000 8.000000
vt 0.075444 1.250000
vn 0.000000 0.000000 1.000000
v -162.250000 72.000000 7.750000
vt 0.096732 1.250000
vn 0.316228 0.000000 0.948683
v -162.089844 69.597656 7.750000
vt 0.096732 1.218750
vn 0.310914 0.044416 0.949399
v -163.250000 66.750000 8.000000
vt 0.075444 1.187500
vn 0.000000 0.000000 1.000000
v -161.609375 67.515625 7.750000
vt 0.096732 1.187500
vn 0.292683 0.097561 0.951220
v -162.312500 64.687500 8.000000
vt 0.075444 1.156250
vn 0.000000 0.000000 1.000000
v -160.808594 65.753906 7.750000
vt 0.096732 1.156250
vn 0.259363 0.155618 0.953160
v -161.000000 63.000000 8.000000
vt 0.075444 1.125000
vn 0.000000 0.000000 1.000000
v -159.687500 64.312500 7.750000
vt 0.096732 1.125000
vn 0.212000 0.212000 0.953998
v -159.312500 61.687500 8.000000
vt 0.075444 1.093750
vn 0.000000 0.000000 1.000000
v -158.246094 63.191406 7.750000
vt 0.096732 1.093750
vn 0.155618 0.259363 0.953160
v -157.250000 60.750000 8.000000
vt 0.075444 1.062500
vn 0.000000 0.000000 1.000000
v -156.484375 62.390625 7.750000
vt 0.096732 1.062500
vn 0.097561 0.292683 0.951220
v -165.750000 72.000000 7.750000
vt 0.046875 1.000000
vn -0.316228 0.000000 0.948683
v -165.535156 68.777344 7.750000
vt 0.054156 1.218750
vn -0.310914 -0.044416 0.949399
v -165.750000 72.000000 7.750000
vt 0.054156 1.250000
vn -0.316228 0.000000 0.948683
v -165.750000 184.000000 7.750000
vt 0.054156 1.000000
vn -0.316228 -0.000000 0.948683
v -165.535156 187.222656 7.750000
vt 0.054156 1.031250
vn -0.310914 0.044416 0.949399
v -165.750000 184.000000 7.750000
vt 0.046875 1.875000
vn -0.316228 -0.000000 0.948683
v -154.812500 60.187500 8.000000
vt 0.075444 1.031250
vn 0.000000 0.000000 1.000000
v -154.402344 61.910156 7.750000
vt 0.096732 1.031250
vn 0.044416 0.310914 0.949399
v -162.312500 194.312500 7.750000
vt 0.054156 1.125000
vn -0.212000 0.212000 0.953998
v -160.378906 195.816406 7.750000
vt 0.054156 1.156250
vn -0.155618 0.259363 0.953160
v -163.816406 192.378906 7.750000
vt 0.054156 1.093750
vn -0.259363 0.155618 0.953160
v -160.378906 60.183594 7.750000
vt 0.054156 1.093750
vn -0.155618 -0.259363 0.953160
v -162.312500 61.687500 7.750000
vt 0.054156 1.125000
vn -0.212000 -0.212000 0.953998
v -163.816406 63.621094 7.750000
vt 0.054156 1.156250
vn -0.259363 -0.155618 0.953160
v -158.015625 196.890625 7.750000
vt 0.054156 1.187500
vn -0.097561 0.292683 0.951220
v -158.015625 59.109375 7.750000
vt 0.054156 1.062500
vn -0.097561 -0.292683 0.951220
v -164.890625 190.015625 7.750000
vt 0.054156 1.062500
vn -0.292683 0.097561 0.951220
v -164.890625 65.984375 7.750000
vt 0.054156 1.187500
vn -0.292683 -0.097561 0.951220
v -155.222656 58.464844 7.750000
vt 0.054156 1.031250
vn -0.044416 -0.310914 0.949399
v -155.222656 197.535156 7.750000
vt 0.054156 1.218750
vn -0.044416 0.310914 0.949399
v -152.000000 194.250000 7.750000
vt 0.096732 1.250000
vn 0.000000 -0.316228 0.948683
v -152.000000 196.000000 8.000000
vt 0.075444 1.250000
vn 0.000000 0.000000 1.000000
v -152.000000 196.000000 8.000000
vt 0.062500 1.000000
vn 0.000000 0.000000 1.000000
v 151.999969 194.250000 7.750000
vt 0.078125 3.375000
vn 0.000000 -0.316228 0.948683
v -152.000000 194.250000 7.750000
vt 0.078125 1.000000
vn 0.000000 -0.316228 0.948683
v 151.999969 196.000000 8.000000
vt 0.062500 3.375000
vn 0.000000 0.000000 1.000000
v -152.000000 197.750000 7.750000
vt 0.046875 1.000000
vn 0.000000 0.316228 0.948683
v 151.999969 197.750000 7.750000
vt 0.046875 3.375000
vn -0.000000 0.316228 0.948683
v -152.000000 197.750000 7.750000
vt 0.054156 1.250000
vn 0.000000 0.316228 0.948683
v -152.000000 60.000000 8.000000
vt 0.075444 1.000000
vn 0.000000 0.000000 1.000000
v -152.000000 61.750000 7.750000
vt 0.096732 1.000000
vn 0.000000 0.316228 0.948683
v -152.000000 61.750000 7.750000
vt 0.046875 1.000000
vn 0.000000 0.316228 0.948683
v 151.999969 60.000000 8.000000
vt 0.062500 3.375000
vn 0.000000 0.000000 1.000000
v -152.000000 60.000000 8.000000
vt 0.062500 1.000000
vn 0.000000 0.000000 1.000000
v 151.999969 61.750000 7.750000
vt 0.046875 3.375000
vn 0.000000 0.316228 0.948683
v 151.999969 58.250000 7.750000
vt 0.078125 3.375000
vn -0.000000 -0.316228 0.948683
v -152.000000 58.250000 7.750000
vt 0.054156 1.000000
vn 0.000000 -0.316228 0.948683
v -152.000000 58.250000 7.750000
vt 0.078125 1.000000
vn 0.000000 -0.316228 0.948683
v -157.484375 191.734375 7.000000
vt 0.116402 1.156250
vn 0.354749 -0.591248 0.724279
v -158.750000 190.750000 7.000000
vt 0.116402 1.125000
vn 0.485071 -0.485071 0.727607
v -155.937500 192.437500 7.000000
vt 0.116402 1.187500
vn 0.220527 -0.661581 0.716713
v -154.109375 192.859375 7.000000
vt 0.116402 1.218750
vn 0.099619 -0.697336 0.709788
v -152.000000 193.000000 7.000000
vt 0.116402 1.250000
vn 0.000000 -0.707107 0.707107
v -159.734375 189.484375 7.000000
vt 0.116402 1.093750
vn 0.591248 -0.354749 0.724279
v -160.437500 187.937500 7.000000
vt 0.116402 1.062500
vn 0.661582 -0.220527 0.716713
v -160.859375 186.109375 7.000000
vt 0.116402 1.031250
vn 0.697336 -0.099619 0.709788
v -161.000000 184.000000 7.000000
vt 0.116402 1.000000
vn 0.707107 0.000000 0.707107
v -163.250000 195.250000 7.000000
vt 0.034486 1.125000
vn -0.485071 0.485071 0.727607
v -161.140625 196.890625 7.000000
vt 0.034486 1.156250
vn -0.354749 0.591248 0.724279
v -164.890625 193.140625 7.000000
vt 0.034486 1.093750
vn -0.591248 0.354749 0.724279
v -158.750000 65.250000 7.000000
vt 0.116402 1.125000
vn 0.485071 0.485071 0.727607
v -157.484375 64.265625 7.000000
vt 0.116402 1.093750
vn 0.354749 0.591248 0.724279
v -155.937500 63.562500 7.000000
vt 0.116402 1.062500
vn 0.220527 0.661581 0.716713
v -154.109375 63.140625 7.000000
vt 0.116402 1.031250
vn 0.099619 0.697336 0.709788
v -152.000000 63.000000 7.000000
vt 0.116402 1.000000
vn 0.000000 0.707107 0.707107
v -159.734375 66.515625 7.000000
vt 0.116402 1.156250
vn 0.591248 0.354749 0.724279
v -160.437500 68.062500 7.000000
vt 0.116402 1.187500
vn 0.661581 0.220527 0.716713
v -160.859375 69.890625 7.000000
vt 0.116402 1.218750
vn 0.697336 0.099619 0.709788
v -161.000000 72.000000 7.000000
vt 0.116402 1.250000
vn 0.707107 0.000000 0.707107
v -161.000000 184.000000 7.000000
vt 0.093750 1.875000
vn 0.707107 0.000000 0.707107
v -161.000000 72.000000 7.000000
vt 0.093750 1.000000
vn 0.707107 0.000000 0.707107
v -163.250000 60.750000 7.000000
vt 0.034486 1.125000
vn -0.485071 -0.485071 0.727607
v -164.890625 62.859375 7.000000
vt 0.034486 1.156250
vn -0.591248 -0.354749 0.724279
v -161.140625 59.109375 7.000000
vt 0.034486 1.093750
vn -0.354749 -0.591248 0.724279
v -166.062500 190.562500 7.000000
vt 0.034486 1.062500
vn -0.661581 0.220527 0.716713
v -166.062500 65.437500 7.000000
vt 0.034486 1.187500
vn -0.661581 -0.220527 0.716713
v -158.562500 198.062500 7.000000
vt 0.034486 1.187500
vn -0.220527 0.661581 0.716713
v -158.562500 57.937500 7.000000
vt 0.034486 1.062500
vn -0.220527 -0.661581 0.716713
v -166.765625 187.515625 7.000000
vt 0.034486 1.031250
vn -0.697336 0.099619 0.709788
v -166.765625 68.484375 7.000000
vt 0.034486 1.218750
vn -0.697336 -0.099619 0.709788
v -155.515625 198.765625 7.000000
vt 0.034486 1.218750
vn -0.099619 0.697336 0.709788
v -155.515625 57.234375 7.000000
vt 0.034486 1.031250
vn -0.099619 -0.697336 0.709788
v -152.000000 63.000000 7.000000
vt 0.031250 1.000000
vn 0.000000 0.707107 0.707107
v 151.999969 63.000000 7.000000
vt 0.031250 3.375000
vn 0.000000 0.707107 0.707107
v 151.999969 193.000000 7.000000
vt 0.093750 3.375000
vn 0.000000 -0.707107 0.707107
v -152.000000 193.000000 7.000000
vt 0.093750 1.000000
vn 0.000000 -0.707107 0.707107
v -152.000000 199.000000 7.000000
vt 0.031250 1.000000
vn 0.000000 0.707107 0.707107
v 151.999969 199.000000 7.000000
vt 0.031250 3.375000
vn 0.000000 0.707107 0.707107
v -152.000000 199.000000 7.000000
vt 0.034486 1.250000
vn 0.000000 0.707107 0.707107
v 151.999969 57.000000 7.000000
vt 0.093750 3.375000
vn 0.000000 -0.707107 0.707107
v -152.000000 57.000000 7.000000
vt 0.093750 1.000000
vn 0.000000 -0.707107 0.707107
v -152.000000 57.000000 7.000000
vt 0.034486 1.000000
vn 0.000000 -0.707107 0.707107
v -167.000000 72.000000 7.000000
vt 0.031250 1.000000
vn -0.707107 0.000000 0.707107
v -167.000000 184.000000 7.000000
vt 0.031250 1.875000
vn -0.707107 0.000000 0.707107
v -167.000000 184.000000 7.000000
vt 0.034486 1.000000
vn -0.707107 0.000000 0.707107
v -167.000000 72.000000 7.000000
vt 0.034486 1.250000
vn -0.707107 0.000000 0.707107
v -155.691406 199.503906 2.250000
vt 0.285343 1.218750
vn -0.134061 0.938430 -0.318396
v -152.000000 199.750000 2.250000
vt 0.285343 1.250000
vn 0.000000 0.948683 -0.316228
v -152.000000 200.000000 4.000000
vt 0.301777 1.250000
vn 0.000000 1.000000 -0.000000
v -155.750000 199.750000 4.000000
vt 0.301777 1.218750
vn -0.141421 0.989950 -0.000000
v -152.000000 199.750000 2.250000
vt 0.234375 1.000000
vn 0.000000 0.948683 -0.316228
v 151.999969 200.000000 4.000000
vt 0.250000 3.375000
vn 0.000000 1.000000 -0.000000
v -152.000000 200.000000 4.000000
vt 0.250000 1.000000
vn 0.000000 1.000000 -0.000000
v 151.999969 199.750000 2.250000
vt 0.234375 3.375000
vn -0.000000 0.948683 -0.316228
v -158.890625 198.765625 2.250000
vt 0.285343 1.187500
vn -0.299160 0.897479 -0.324090
v -159.000000 199.000000 4.000000
vt 0.301777 1.187500
vn -0.316228 0.948683 -0.000000
v -152.000000 199.000000 1.000000
vt 0.218750 1.000000
vn 0.000000 0.707107 -0.707107
v 151.999969 199.000000 1.000000
vt 0.218750 3.375000
vn 0.000000 0.707107 -0.707107
v -155.515625 198.765625 1.000000
vt 0.267291 1.218750
vn -0.099619 0.697336 -0.709788
v -152.000000 199.000000 1.000000
vt 0.267291 1.250000
vn 0.000000 0.707107 -0.707107
v -158.562500 198.062500 1.000000
vt 0.267291 1.187500
vn -0.220527 0.661581 -0.716713
v -161.140625 196.890625 1.000000
vt 0.267291 1.156250
vn -0.354749 0.591248 -0.724279
v -161.597656 197.535156 2.250000
vt 0.285343 1.156250
vn -0.485590 0.809316 -0.330471
v -161.750000 197.750000 4.000000
vt 0.301777 1.156250
vn -0.514496 0.857493 -0.000000
v -152.000000 200.000000 4.000000
vt 0.000000 1.000000
vn 0.000000 1.000000 -0.000000
v 151.999969 200.000000 4.000000
vt 0.000000 3.375000
vn 0.000000 1.000000 -0.000000
v 151.999969 199.750000 5.750000
vt 0.015625 3.375000
vn -0.000000 0.948683 0.316228
v -152.000000 199.750000 5.750000
vt 0.015625 1.000000
vn 0.000000 0.948683 0.316228
v -155.750000 199.750000 4.000000
vt 0.000000 1.218750
vn -0.141421 0.989949 -0.000000
v -152.000000 200.000000 4.000000
vt 0.000000 1.250000
vn 0.000000 1.000000 -0.000000
v -152.000000 199.750000 5.750000
vt 0.016434 1.250000
vn 0.000000 0.948683 0.316228
v -155.691406 199.503906 5.750000
vt 0.016434 1.218750
vn -0.134061 0.938430 0.318396
v -159.000000 199.000000 4.000000
vt 0.000000 1.187500
vn -0.316228 0.948683 -0.000000
v -158.890625 198.765625 5.750000
vt 0.016434 1.187500
vn -0.299160 0.897479 0.324090
v -161.750000 197.750000 4.000000
vt 0.000000 1.156250
vn -0.514496 0.857493 -0.000000
v -161.597656 197.535156 5.750000
vt 0.016434 1.156250
vn -0.485590 0.809316 0.330471
v -163.812500 195.812500 2.250000
vt 0.285343 1.125000
vn -0.666667 0.666667 -0.333333
v -164.000000 196.000000 4.000000
vt 0.301777 1.125000
vn -0.707107 0.707107 -0.000000
v -163.250000 195.250000 1.000000
vt 0.267291 1.125000
vn -0.485071 0.485071 -0.727607
v 151.999969 199.000000 7.000000
vt 0.031250 3.375000
vn 0.000000 0.707107 0.707107
v -152.000000 199.000000 7.000000
vt 0.031250 1.000000
vn 0.000000 0.707107 0.707107
v -152.000000 199.000000 7.000000
vt 0.034486 1.250000
vn 0.000000 0.707107 0.707107
v -155.515625 198.765625 7.000000
vt 0.034486 1.218750
vn -0.099619 0.697336 0.709788
v -158.562500 198.062500 7.000000
vt 0.034486 1.187500
vn -0.220527 0.661581 0.716713
v -161.140625 196.890625 7.000000
vt 0.034486 1.156250
vn -0.354749 0.591248 0.724279
v -164.000000 196.000000 4.000000
vt 0.000000 1.125000
vn -0.707107 0.707107 -0.000000
v -163.812500 195.812500 5.750000
vt 0.016434 1.125000
vn -0.666667 0.666667 0.333333
v -163.250000 195.250000 7.000000
vt 0.034486 1.125000
vn -0.485071 0.485071 0.727607
v -152.000000 56.000000 4.000000
vt 0.000000 1.000000
vn 0.000000 -1.000000 -0.000000
v -155.691406 56.496094 5.750000
vt 0.016434 1.031250
vn -0.134061 -0.938430 0.318396
v -152.000000 56.250000 5.750000
vt 0.016434 1.000000
vn 0.000000 -0.948683 0.316228
v -155.750000 56.250000 4.000000
vt 0.000000 1.031250
vn -0.141421 -0.989949 -0.000000
v -152.000000 56.250000 5.750000
vt 0.109375 1.000000
vn 0.000000 -0.948683 0.316228
v 151.999969 56.000000 4.000000
vt 0.125000 3.375000
vn 0.000000 -1.000000 -0.000000
v -152.000000 56.000000 4.000000
vt 0.125000 1.000000
vn 0.000000 -1.000000 -0.000000
v 151.999969 56.250000 5.750000
vt 0.109375 3.375000
vn -0.000000 -0.948683 0.316228
v -158.890625 57.234375 5.750000
vt 0.016434 1.062500
vn -0.299160 -0.897479 0.324090
v -159.000000 57.000000 4.000000
vt 0.000000 1.062500
vn -0.316228 -0.948683 -0.000000
v 151.999969 56.250000 2.250000
vt 0.140625 3.375000
vn -0.000000 -0.948683 -0.316228
v -152.000000 56.250000 2.250000
vt 0.140625 1.000000
vn 0.000000 -0.948683 -0.316228
v -152.000000 56.250000 2.250000
vt 0.285343 1.000000
vn 0.000000 -0.948683 -0.316228
v -155.750000 56.250000 4.000000
vt 0.301777 1.031250
vn -0.141421 -0.989950 -0.000000
v -152.000000 56.000000 4.000000
vt 0.301777 1.000000
vn 0.000000 -1.000000 -0.000000
v -155.691406 56.496094 2.250000
vt 0.285343 1.031250
vn -0.134061 -0.938430 -0.318396
v -159.000000 57.000000 4.000000
vt 0.301777 1.062500
vn -0.316228 -0.948683 -0.000000
v -158.890625 57.234375 2.250000
vt 0.285343 1.062500
vn -0.299160 -0.897479 -0.324090
v -161.597656 58.464844 5.750000
vt 0.016434 1.093750
vn -0.485590 -0.809316 0.330471
v -161.750000 58.250000 4.000000
vt 0.000000 1.093750
vn -0.514496 -0.857493 -0.000000
v -152.000000 57.000000 7.000000
vt 0.093750 1.000000
vn 0.000000 -0.707107 0.707107
v 151.999969 57.000000 7.000000
vt 0.093750 3.375000
vn 0.000000 -0.707107 0.707107
v -155.515625 57.234375 7.000000
vt 0.034486 1.031250
vn -0.099619 -0.697336 0.709788
v -152.000000 57.000000 7.000000
vt 0.034486 1.000000
vn 0.000000 -0.707107 0.707107
v -158.562500 57.937500 7.000000
vt 0.034486 1.062500
vn -0.220527 -0.661581 0.716713
v -161.140625 59.109375 7.000000
vt 0.034486 1.093750
vn -0.354749 -0.591248 0.724279
v -161.750000 58.250000 4.000000
vt 0.301777 1.093750
vn -0.514496 -0.857493 -0.000000
v -161.597656 58.464844 2.250000
vt 0.285343 1.093750
vn -0.485590 -0.809316 -0.330471
v -163.812500 60.187500 5.750000
vt 0.016434 1.125000
vn -0.666667 -0.666667 0.333333
v -164.000000 60.000000 4.000000
vt 0.000000 1.125000
vn -0.707107 -0.707107 -0.000000
v -163.250000 60.750000 7.000000
vt 0.034486 1.125000
vn -0.485071 -0.485071 0.727607
v 151.999969 57.000000 1.000000
vt 0.156250 3.375000
vn 0.000000 -0.707107 -0.707107
v -152.000000 57.000000 1.000000
vt 0.156250 1.000000
vn 0.000000 -0.707107 -0.707107
v -152.000000 57.000000 1.000000
vt 0.267291 1.000000
vn 0.000000 -0.707107 -0.707107
v -155.515625 57.234375 1.000000
vt 0.267291 1.031250
vn -0.099619 -0.697336 -0.709788
v -158.562500 57.937500 1.000000
vt 0.267291 1.062500
vn -0.220527 -0.661581 -0.716713
v -161.140625 59.109375 1.000000
vt 0.267291 1.093750
vn -0.354749 -0.591248 -0.724279
v -164.000000 60.000000 4.000000
vt 0.301777 1.125000
vn -0.707107 -0.707107 -0.000000
v -163.812500 60.187500 2.250000
vt 0.285343 1.125000
vn -0.666667 -0.666667 -0.333333
v -163.250000 60.750000 1.000000
vt 0.267291 1.125000
vn -0.485071 -0.485071 -0.727607
v -152.000000 63.750000 5.750000
vt 0.134454 1.000000
vn 0.000000 0.948683 0.316228
v -153.875000 64.125000 4.000000
vt 0.150888 1.031250
vn 0.141421 0.989950 -0.000000
v -152.000000 64.000000 4.000000
vt 0.150888 1.000000
vn 0.000000 1.000000 -0.000000
v -153.933594 63.878906 5.750000
vt 0.134454 1.031250
vn 0.134061 0.938430 0.318396
v -152.000000 64.000000 4.000000
vt 0.000000 1.000000
vn 0.000000 1.000000 -0.000000
v 151.999969 63.750000 5.750000
vt 0.015625 3.375000
vn 0.000000 0.948683 0.316228
v -152.000000 63.750000 5.750000
vt 0.015625 1.000000
vn 0.000000 0.948683 0.316228
v 151.999969 64.000000 4.000000
vt 0.000000 3.375000
vn 0.000000 1.000000 -0.000000
v -155.500000 64.500000 4.000000
vt 0.150888 1.062500
vn 0.316228 0.948683 -0.000000
v -155.609375 64.265625 5.750000
vt 0.134454 1.062500
vn 0.299160 0.897479 0.324090
v -153.933594 63.878906 2.250000
vt 0.167322 1.031250
vn 0.134061 0.938430 -0.318396
v -152.000000 63.750000 2.250000
vt 0.167322 1.000000
vn 0.000000 0.948683 -0.316228
v -155.609375 64.265625 2.250000
vt 0.167322 1.062500
vn 0.299160 0.897479 -0.324090
v -152.000000 63.750000 2.250000
vt 0.234375 1.000000
vn 0.000000 0.948683 -0.316228
v 151.999969 64.000000 4.000000
vt 0.250000 3.375000
vn 0.000000 1.000000 -0.000000
v -152.000000 64.000000 4.000000
vt 0.250000 1.000000
vn 0.000000 1.000000 -0.000000
v 151.999969 63.750000 2.250000
vt 0.234375 3.375000
vn 0.000000 0.948683 -0.316228
v -156.875000 65.125000 4.000000
vt 0.150888 1.093750
vn 0.514496 0.857493 -0.000000
v -157.027344 64.910156 5.750000
vt 0.134454 1.093750
vn 0.485590 0.809316 0.330471
v -157.027344 64.910156 2.250000
vt 0.167322 1.093750
vn 0.485590 0.809316 -0.330471
v 151.999969 63.000000 7.000000
vt 0.031250 3.375000
vn 0.000000 0.707107 0.707107
v -152.000000 63.000000 7.000000
vt 0.031250 1.000000
vn 0.000000 0.707107 0.707107
v -152.000000 63.000000 7.000000
vt 0.116402 1.000000
vn 0.000000 0.707107 0.707107
v -154.109375 63.140625 7.000000
vt 0.116402 1.031250
vn 0.099619 0.697336 0.709788
v -155.937500 63.562500 7.000000
vt 0.116402 1.062500
vn 0.220527 0.661581 0.716713
v -157.484375 64.265625 7.000000
vt 0.116402 1.093750
vn 0.354749 0.591248 0.724279
v -158.000000 66.000000 4.000000
vt 0.150888 1.125000
vn 0.707107 0.707107 -0.000000
v -158.187500 65.812500 5.750000
vt 0.134454 1.125000
vn 0.666667 0.666667 0.333333
v -152.000000 63.000000 1.000000
vt 0.218750 1.000000
vn 0.000000 0.707107 -0.707107
v 151.999969 63.000000 1.000000
vt 0.218750 3.375000
vn 0.000000 0.707107 -0.707107
v -154.109375 63.140625 1.000000
vt 0.185374 1.031250
vn 0.099619 0.697336 -0.709788
v -152.000000 63.000000 1.000000
vt 0.185374 1.000000
vn 0.000000 0.707107 -0.707107
v -155.937500 63.562500 1.000000
vt 0.185374 1.062500
vn 0.220527 0.661581 -0.716713
v -158.187500 65.812500 2.250000
vt 0.167322 1.125000
vn 0.666667 0.666667 -0.333333
v -157.484375 64.265625 1.000000
vt 0.185374 1.093750
vn 0.354749 0.591248 -0.724279
v -158.750000 65.250000 7.000000
vt 0.116402 1.125000
vn 0.485071 0.485071 0.727607
v -158.750000 65.250000 1.000000
vt 0.185374 1.125000
vn 0.485071 0.485071 -0.727607
v -153.875000 191.875000 4.000000
vt 0.150888 1.218750
vn 0.141421 -0.989950 -0.000000
v -152.000000 192.000000 4.000000
vt 0.150888 1.250000
vn 0.000000 -1.000000 -0.000000
v -152.000000 192.250000 2.250000
vt 0.167322 1.250000
vn 0.000000 -0.948683 -0.316228
v -153.933594 192.121094 2.250000
vt 0.167322 1.218750
vn 0.134061 -0.938430 -0.318396
v -152.000000 192.000000 4.000000
vt 0.125000 1.000000
vn 0.000000 -1.000000 -0.000000
v 151.999969 192.250000 2.250000
vt 0.140625 3.375000
vn 0.000000 -0.948683 -0.316228
v -152.000000 192.250000 2.250000
vt 0.140625 1.000000
vn 0.000000 -0.948683 -0.316228
v 151.999969 192.000000 4.000000
vt 0.125000 3.375000
vn 0.000000 -1.000000 -0.000000
v -155.500000 191.500000 4.000000
vt 0.150888 1.187500
vn 0.316228 -0.948683 -0.000000
v -155.609375 191.734375 2.250000
vt 0.167322 1.187500
vn 0.299160 -0.897479 -0.324090
v -152.000000 192.250000 5.750000
vt 0.109375 1.000000
vn 0.000000 -0.948683 0.316228
v 151.999969 192.250000 5.750000
vt 0.109375 3.375000
vn 0.000000 -0.948683 0.316228
v -153.933594 192.121094 5.750000
vt 0.134454 1.218750
vn 0.134061 -0.938430 0.318396
v -152.000000 192.250000 5.750000
vt 0.134454 1.250000
vn 0.000000 -0.948683 0.316228
v -155.609375 191.734375 5.750000
vt 0.134454 1.187500
vn 0.299160 -0.897479 0.324090
v -156.875000 190.875000 4.000000
vt 0.150888 1.156250
vn 0.514496 -0.857493 -0.000000
v -157.027344 191.089844 2.250000
vt 0.167322 1.156250
vn 0.485590 -0.809316 -0.330471
v -157.027344 191.089844 5.750000
vt 0.134454 1.156250
vn 0.485590 -0.809316 0.330471
v 151.999969 193.000000 1.000000
vt 0.156250 3.375000
vn 0.000000 -0.707107 -0.707107
v -152.000000 193.000000 1.000000
vt 0.156250 1.000000
vn 0.000000 -0.707107 -0.707107
v -152.000000 193.000000 1.000000
vt 0.185374 1.250000
vn 0.000000 -0.707107 -0.707107
v -154.109375 192.859375 1.000000
vt 0.185374 1.218750
vn 0.099619 -0.697336 -0.709788
v -155.937500 192.437500 1.000000
vt 0.185374 1.187500
vn 0.220527 -0.661581 -0.716713
v -157.484375 191.734375 1.000000
vt 0.185374 1.156250
vn 0.354749 -0.591248 -0.724279
v -158.000000 190.000000 4.000000
vt 0.150888 1.125000
vn 0.707107 -0.707107 -0.000000
v -158.187500 190.187500 2.250000
vt 0.167322 1.125000
vn 0.666667 -0.666667 -0.333333
v -152.000000 193.000000 7.000000
vt 0.093750 1.000000
vn 0.000000 -0.707107 0.707107
v 151.999969 193.000000 7.000000
vt 0.093750 3.375000
vn 0.000000 -0.707107 0.707107
v -154.109375 192.859375 7.000000
vt 0.116402 1.218750
vn 0.099619 -0.697336 0.709788
v -152.000000 193.000000 7.000000
vt 0.116402 1.250000
vn 0.000000 -0.707107 0.707107
v -155.937500 192.437500 7.000000
vt 0.116402 1.187500
vn 0.220527 -0.661581 0.716713
v -158.187500 190.187500 5.750000
vt 0.134454 1.125000
vn 0.666667 -0.666667 0.333333
v -157.484375 191.734375 7.000000
vt 0.116402 1.156250
vn 0.354749 -0.591248 0.724279
v -158.750000 190.750000 1.000000
vt 0.185374 1.125000
vn 0.485071 -0.485071 -0.727607
v -158.750000 190.750000 7.000000
vt 0.116402 1.125000
vn 0.485071 -0.485071 0.727607
v -167.750000 72.000000 2.250000
vt 0.234375 1.000000
vn -0.948683 0.000000 -0.316228
v -168.000000 184.000000 4.000000
vt 0.250000 1.875000
vn -1.000000 0.000000 -0.000000
v -168.000000 72.000000 4.000000
vt 0.250000 1.000000
vn -1.000000 0.000000 -0.000000
v -167.750000 184.000000 2.250000
vt 0.234375 1.875000
vn -0.948683 -0.000000 -0.316228
v -167.750000 184.000000 2.250000
vt 0.285343 1.000000
vn -0.948683 -0.000000 -0.316228
v -167.750000 187.750000 4.000000
vt 0.301777 1.031250
vn -0.989950 0.141421 -0.000000
v -168.000000 184.000000 4.000000
vt 0.301777 1.000000
vn -1.000000 0.000000 -0.000000
v -167.503906 187.691406 2.250000
vt 0.285343 1.031250
vn -0.938430 0.134061 -0.318396
v -167.503906 68.308594 2.250000
vt 0.285343 1.218750
vn -0.938430 -0.134061 -0.318396
v -167.750000 72.000000 2.250000
vt 0.285343 1.250000
vn -0.948683 0.000000 -0.316228
v -168.000000 72.000000 4.000000
vt 0.301777 1.250000
vn -1.000000 0.000000 -0.000000
v -167.750000 68.250000 4.000000
vt 0.301777 1.218750
vn -0.989950 -0.141421 -0.000000
v -167.000000 191.000000 4.000000
vt 0.301777 1.062500
vn -0.948683 0.316228 -0.000000
v -166.765625 190.890625 2.250000
vt 0.285343 1.062500
vn -0.897479 0.299160 -0.324090
v -166.765625 65.109375 2.250000
vt 0.285343 1.187500
vn -0.897479 -0.299160 -0.324090
v -167.000000 65.000000 4.000000
vt 0.301777 1.187500
vn -0.948683 -0.316228 -0.000000
v -167.000000 72.000000 1.000000
vt 0.218750 1.000000
vn -0.707107 0.000000 -0.707107
v -167.000000 184.000000 1.000000
vt 0.218750 1.875000
vn -0.707107 0.000000 -0.707107
v -166.765625 68.484375 1.000000
vt 0.267291 1.218750
vn -0.697336 -0.099619 -0.709788
v -167.000000 72.000000 1.000000
vt 0.267291 1.250000
vn -0.707107 0.000000 -0.707107
v -167.000000 184.000000 1.000000
vt 0.267291 1.000000
vn -0.707107 0.000000 -0.707107
v -166.765625 187.515625 1.000000
vt 0.267291 1.031250
vn -0.697336 0.099619 -0.709788
v -166.062500 65.437500 1.000000
vt 0.267291 1.187500
vn -0.661581 -0.220527 -0.716713
v -166.062500 190.562500 1.000000
vt 0.267291 1.062500
vn -0.661581 0.220527 -0.716713
v -165.535156 62.402344 2.250000
vt 0.285343 1.156250
vn -0.809316 -0.485589 -0.330471
v -165.750000 62.250000 4.000000
vt 0.301777 1.156250
vn -0.857493 -0.514496 -0.000000
v -164.890625 62.859375 1.000000
vt 0.267291 1.156250
vn -0.591248 -0.354749 -0.724279
v -165.750000 193.750000 4.000000
vt 0.301777 1.093750
vn -0.857493 0.514496 -0.000000
v -165.535156 193.597656 2.250000
vt 0.285343 1.093750
vn -0.809316 0.485590 -0.330471
v -164.890625 193.140625 1.000000
vt 0.267291 1.093750
vn -0.591248 0.354749 -0.724279
v -168.000000 72.000000 4.000000
vt 0.000000 1.000000
vn -1.000000 0.000000 -0.000000
v -168.000000 184.000000 4.000000
vt 0.000000 1.875000
vn -1.000000 0.000000 -0.000000
v -167.750000 184.000000 5.750000
vt 0.015625 1.875000
vn -0.948683 -0.000000 0.316228
v -167.750000 72.000000 5.750000
vt 0.015625 1.000000
vn -0.948683 0.000000 0.316228
v -168.000000 184.000000 4.000000
vt 0.000000 1.000000
vn -1.000000 0.000000 -0.000000
v -167.503906 187.691406 5.750000
vt 0.016434 1.031250
vn -0.938430 0.134061 0.318396
v -167.750000 184.000000 5.750000
vt 0.016434 1.000000
vn -0.948683 -0.000000 0.316228
v -167.750000 187.750000 4.000000
vt 0.000000 1.031250
vn -0.989949 0.141421 -0.000000
v -167.750000 68.250000 4.000000
vt 0.000000 1.218750
vn -0.989949 -0.141421 -0.000000
v -168.000000 72.000000 4.000000
vt 0.000000 1.250000
vn -1.000000 0.000000 -0.000000
v -167.750000 72.000000 5.750000
vt 0.016434 1.250000
vn -0.948683 0.000000 0.316228
v -167.503906 68.308594 5.750000
vt 0.016434 1.218750
vn -0.938430 -0.134061 0.318396
v -166.765625 190.890625 5.750000
vt 0.016434 1.062500
vn -0.897479 0.299160 0.324090
v -167.000000 191.000000 4.000000
vt 0.000000 1.062500
vn -0.948683 0.316228 -0.000000
v -167.000000 65.000000 4.000000
vt 0.000000 1.187500
vn -0.948683 -0.316228 -0.000000
v -166.765625 65.109375 5.750000
vt 0.016434 1.187500
vn -0.897479 -0.299160 0.324090
v -165.750000 193.750000 4.000000
vt 0.000000 1.093750
vn -0.857493 0.514496 -0.000000
v -165.535156 193.597656 5.750000
vt 0.016434 1.093750
vn -0.809316 0.485589 0.330471
v -165.750000 62.250000 4.000000
vt 0.000000 1.156250
vn -0.857493 -0.514496 -0.000000
v -165.535156 62.402344 5.750000
vt 0.016434 1.156250
vn -0.809316 -0.485590 0.330471
v -164.000000 196.000000 4.000000
vt 0.301777 1.125000
vn -0.707107 0.707107 -0.000000
v -163.812500 195.812500 2.250000
vt 0.285343 1.125000
vn -0.666667 0.666667 -0.333333
v -163.812500 60.187500 2.250000
vt 0.285343 1.125000
vn -0.666667 -0.666667 -0.333333
v -164.000000 60.000000 4.000000
vt 0.301777 1.125000
vn -0.707107 -0.707107 -0.000000
v -163.250000 195.250000 1.000000
vt 0.267291 1.125000
vn -0.485071 0.485071 -0.727607
v -163.250000 60.750000 1.000000
vt 0.267291 1.125000
vn -0.485071 -0.485071 -0.727607
v -167.000000 184.000000 7.000000
vt 0.031250 1.875000
vn -0.707107 0.000000 0.707107
v -167.000000 72.000000 7.000000
vt 0.031250 1.000000
vn -0.707107 0.000000 0.707107
v -166.765625 187.515625 7.000000
vt 0.034486 1.031250
vn -0.697336 0.099619 0.709788
v -167.000000 184.000000 7.000000
vt 0.034486 1.000000
vn -0.707107 0.000000 0.707107
v -167.000000 72.000000 7.000000
vt 0.034486 1.250000
vn -0.707107 0.000000 0.707107
v -166.765625 68.484375 7.000000
vt 0.034486 1.218750
vn -0.697336 -0.099619 0.709788
v -166.062500 190.562500 7.000000
vt 0.034486 1.062500
vn -0.661581 0.220527 0.716713
v -166.062500 65.437500 7.000000
vt 0.034486 1.187500
vn -0.661581 -0.220527 0.716713
v -164.890625 193.140625 7.000000
vt 0.034486 1.093750
vn -0.591248 0.354749 0.724279
v -164.890625 62.859375 7.000000
vt 0.034486 1.156250
vn -0.591248 -0.354749 0.724279
v -164.000000 196.000000 4.000000
vt 0.000000 1.125000
vn -0.707107 0.707107 -0.000000
v -163.812500 195.812500 5.750000
vt 0.016434 1.125000
vn -0.666667 0.666667 0.333333
v -164.000000 60.000000 4.000000
vt 0.000000 1.125000
vn -0.707107 -0.707107 -0.000000
v -163.812500 60.187500 5.750000
vt 0.016434 1.125000
vn -0.666667 -0.666667 0.333333
v -163.250000 195.250000 7.000000
vt 0.034486 1.125000
vn -0.485071 0.485071 0.727607
v -163.250000 60.750000 7.000000
vt 0.034486 1.125000
vn -0.485071 -0.485071 0.727607
v -160.000000 72.000000 4.000000
vt 0.125000 1.000000
vn 1.000000 0.000000 -0.000000
v -160.000000 184.000000 4.000000
vt 0.125000 1.875000
vn 1.000000 0.000000 -0.000000
v -160.250000 184.000000 2.250000
vt 0.140625 1.875000
vn 0.948683 0.000000 -0.316228
v -160.250000 72.000000 2.250000
vt 0.140625 1.000000
vn 0.948683 0.000000 -0.316228
v -159.875000 70.125000 4.000000
vt 0.150888 1.218750
vn 0.989950 0.141421 -0.000000
v -160.000000 72.000000 4.000000
vt 0.150888 1.250000
vn 1.000000 0.000000 -0.000000
v -160.250000 72.000000 2.250000
vt 0.167322 1.250000
vn 0.948683 0.000000 -0.316228
v -160.121094 70.066406 2.250000
vt 0.167322 1.218750
vn 0.938430 0.134061 -0.318396
v -160.000000 184.000000 4.000000
vt 0.150888 1.000000
vn 1.000000 0.000000 -0.000000
v -160.121094 185.933594 2.250000
vt 0.167322 1.031250
vn 0.938430 -0.134061 -0.318396
v -160.250000 184.000000 2.250000
vt 0.167322 1.000000
vn 0.948683 0.000000 -0.316228
v -159.875000 185.875000 4.000000
vt 0.150888 1.031250
vn 0.989950 -0.141421 -0.000000
v -159.734375 187.609375 2.250000
vt 0.167322 1.062500
vn 0.897479 -0.299160 -0.324090
v -159.500000 187.500000 4.000000
vt 0.150888 1.062500
vn 0.948683 -0.316228 -0.000000
v -159.500000 68.500000 4.000000
vt 0.150888 1.187500
vn 0.948683 0.316228 -0.000000
v -159.734375 68.390625 2.250000
vt 0.167322 1.187500
vn 0.897479 0.299160 -0.324090
v -160.250000 72.000000 5.750000
vt 0.109375 1.000000
vn 0.948683 0.000000 0.316228
v -160.250000 184.000000 5.750000
vt 0.109375 1.875000
vn 0.948683 0.000000 0.316228
v -160.250000 184.000000 5.750000
vt 0.134454 1.000000
vn 0.948683 0.000000 0.316228
v -160.121094 185.933594 5.750000
vt 0.134454 1.031250
vn 0.938430 -0.134061 0.318396
v -160.121094 70.066406 5.750000
vt 0.134454 1.218750
vn 0.938430 0.134061 0.318396
v -160.250000 72.000000 5.750000
vt 0.134454 1.250000
vn 0.948683 0.000000 0.316228
v -159.734375 68.390625 5.750000
vt 0.134454 1.187500
vn 0.897479 0.299160 0.324090
v -159.734375 187.609375 5.750000
vt 0.134454 1.062500
vn 0.897479 -0.299160 0.324090
v -158.875000 188.875000 4.000000
vt 0.150888 1.093750
vn 0.857493 -0.514496 -0.000000
v -159.089844 189.027344 5.750000
vt 0.134454 1.093750
vn 0.809316 -0.485589 0.330471
v -159.089844 189.027344 2.250000
vt 0.167322 1.093750
vn 0.809316 -0.485590 -0.330471
v -159.089844 66.972656 5.750000
vt 0.134454 1.156250
vn 0.809316 0.485590 0.330471
v -158.875000 67.125000 4.000000
vt 0.150888 1.156250
vn 0.857493 0.514496 -0.000000
v -159.089844 66.972656 2.250000
vt 0.167322 1.156250
vn 0.809316 0.485590 -0.330471
v -161.000000 72.000000 7.000000
vt 0.093750 1.000000
vn 0.707107 0.000000 0.707107
v -161.000000 184.000000 7.000000
vt 0.093750 1.875000
vn 0.707107 0.000000 0.707107
v -161.000000 184.000000 7.000000
vt 0.116402 1.000000
vn 0.707107 0.000000 0.707107
v -160.859375 186.109375 7.000000
vt 0.116402 1.031250
vn 0.697336 -0.099619 0.709788
v -160.859375 69.890625 7.000000
vt 0.116402 1.218750
vn 0.697336 0.099619 0.709788
v -161.000000 72.000000 7.000000
vt 0.116402 1.250000
vn 0.707107 0.000000 0.707107
v -160.437500 187.937500 7.000000
vt 0.116402 1.062500
vn 0.661582 -0.220527 0.716713
v -160.437500 68.062500 7.000000
vt 0.116402 1.187500
vn 0.661581 0.220527 0.716713
v -159.734375 66.515625 7.000000
vt 0.116402 1.156250
vn 0.591248 0.354749 0.724279
v -159.734375 189.484375 7.000000
vt 0.116402 1.093750
vn 0.591248 -0.354749 0.724279
v -158.187500 65.812500 5.750000
vt 0.134454 1.125000
vn 0.666667 0.666667 0.333333
v -158.000000 66.000000 4.000000
vt 0.150888 1.125000
vn 0.707107 0.707107 -0.000000
v -158.000000 190.000000 4.000000
vt 0.150888 1.125000
vn 0.707107 -0.707107 -0.000000
v -158.187500 190.187500 5.750000
vt 0.134454 1.125000
vn 0.666667 -0.666667 0.333333
v -161.000000 184.000000 1.000000
vt 0.156250 1.875000
vn 0.707107 0.000000 -0.707107
v -161.000000 72.000000 1.000000
vt 0.156250 1.000000
vn 0.707107 0.000000 -0.707107
v -161.000000 72.000000 1.000000
vt 0.185374 1.250000
vn 0.707107 0.000000 -0.707107
v -160.859375 69.890625 1.000000
vt 0.185374 1.218750
vn 0.697336 0.099619 -0.709788
v -160.859375 186.109375 1.000000
vt 0.185374 1.031250
vn 0.697336 -0.099619 -0.709788
v -161.000000 184.000000 1.000000
vt 0.185374 1.000000
vn 0.707107 0.000000 -0.707107
v -160.437500 68.062500 1.000000
vt 0.185374 1.187500
vn 0.661581 0.220527 -0.716713
v -160.437500 187.937500 1.000000
vt 0.185374 1.062500
vn 0.661582 -0.220527 -0.716713
v -159.734375 189.484375 1.000000
vt 0.185374 1.093750
vn 0.591248 -0.354749 -0.724279
v -159.734375 66.515625 1.000000
vt 0.185374 1.156250
vn 0.591248 0.354749 -0.724279
v -158.187500 190.187500 2.250000
vt 0.167322 1.125000
vn 0.666667 -0.666667 -0.333333
v -158.187500 65.812500 2.250000
vt 0.167322 1.125000
vn 0.666667 0.666667 -0.333333
v -158.750000 65.250000 1.000000
vt 0.185374 1.125000
vn 0.485071 0.485071 -0.727607
v -158.750000 65.250000 7.000000
vt 0.116402 1.125000
vn 0.485071 0.485071 0.727607
v -158.750000 190.750000 1.000000
vt 0.185374 1.125000
vn 0.485071 -0.485071 -0.727607
v -158.750000 190.750000 7.000000
vt 0.116402 1.125000
vn 0.485071 -0.485071 0.727607
v 159.687500 191.687500 0.250000
vt 0.205044 1.125000
vn -0.212000 -0.212000 -0.953998
v 160.808594 190.246094 0.250000
vt 0.205044 1.156250
vn -0.259363 -0.155618 -0.953160
v 162.312500 191.312500 -0.000000
vt 0.226333 1.156250
vn 0.000000 0.000000 -1.000000
v 161.000000 193.000000 -0.000000
vt 0.226333 1.125000
vn 0.000000 0.000000 -1.000000
v 158.246094 192.808594 0.250000
vt 0.205044 1.093750
vn -0.155618 -0.259363 -0.953160
v 159.312500 194.312500 -0.000000
vt 0.226333 1.093750
vn 0.000000 0.000000 -1.000000
v 163.250000 189.250000 -0.000000
vt 0.226333 1.187500
vn 0.000000 0.000000 -1.000000
v 161.609375 188.484375 0.250000
vt 0.205044 1.187500
vn -0.292683 -0.097561 -0.951220
v 163.812500 186.812500 -0.000000
vt 0.226333 1.218750
vn 0.000000 0.000000 -1.000000
v 162.089844 186.402344 0.250000
vt 0.205044 1.218750
vn -0.310914 -0.044416 -0.949399
v 156.484375 193.609375 0.250000
vt 0.205044 1.062500
vn -0.097561 -0.292683 -0.951220
v 157.250000 195.250000 -0.000000
vt 0.226333 1.062500
vn 0.000000 0.000000 -1.000000
v 154.402344 194.089844 0.250000
vt 0.205044 1.031250
vn -0.044416 -0.310914 -0.949399
v 154.812500 195.812500 -0.000000
vt 0.226333 1.031250
vn 0.000000 0.000000 -1.000000
v 152.000000 194.250000 0.250000
vt 0.205044 1.000000
vn 0.000000 -0.316228 -0.948683
v 152.000000 196.000000 -0.000000
vt 0.226333 1.000000
vn 0.000000 0.000000 -1.000000
v 164.000000 184.000000 -0.000000
vt 0.226333 1.250000
vn 0.000000 0.000000 -1.000000
v 162.250000 184.000000 0.250000
vt 0.205044 1.250000
vn -0.316228 0.000000 -0.948683
v 162.250000 184.000000 0.250000
vt 0.171875 1.000000
vn -0.316228 0.000000 -0.948683
v 164.000000 72.000000 -0.000000
vt 0.187500 1.875000
vn 0.000000 0.000000 -1.000000
v 164.000000 184.000000 -0.000000
vt 0.187500 1.000000
vn 0.000000 0.000000 -1.000000
v 162.250000 72.000000 0.250000
vt 0.171875 1.875000
vn -0.316228 0.000000 -0.948683
v 162.250000 72.000000 0.250000
vt 0.205044 1.000000
vn -0.316228 0.000000 -0.948683
v 163.812500 69.187500 -0.000000
vt 0.226333 1.031250
vn 0.000000 0.000000 -1.000000
v 164.000000 72.000000 -0.000000
vt 0.226333 1.000000
vn 0.000000 0.000000 -1.000000
v 162.089844 69.597656 0.250000
vt 0.205044 1.031250
vn -0.310914 0.044416 -0.949399
v 165.750000 72.000000 0.250000
vt 0.203125 1.875000
vn 0.316228 0.000000 -0.948683
v 165.535156 68.777344 0.250000
vt 0.247621 1.031250
vn 0.310914 -0.044416 -0.949399
v 165.750000 72.000000 0.250000
vt 0.247621 1.000000
vn 0.316228 0.000000 -0.948683
v 165.750000 184.000000 0.250000
vt 0.247621 1.250000
vn 0.316228 -0.000000 -0.948683
v 165.535156 187.222656 0.250000
vt 0.247621 1.218750
vn 0.310914 0.044416 -0.949399
v 165.750000 184.000000 0.250000
vt 0.203125 1.000000
vn 0.316228 -0.000000 -0.948683
v 163.250000 66.750000 -0.000000
vt 0.226333 1.062500
vn 0.000000 0.000000 -1.000000
v 161.609375 67.515625 0.250000
vt 0.205044 1.062500
vn -0.292683 0.097561 -0.951220
v 162.312500 64.687500 -0.000000
vt 0.226333 1.093750
vn 0.000000 0.000000 -1.000000
v 160.808594 65.753906 0.250000
vt 0.205044 1.093750
vn -0.259363 0.155618 -0.953160
v 161.000000 63.000000 -0.000000
vt 0.226333 1.125000
vn 0.000000 0.000000 -1.000000
v 159.687500 64.312500 0.250000
vt 0.205044 1.125000
vn -0.212000 0.212000 -0.953998
v 159.312500 61.687500 -0.000000
vt 0.226333 1.156250
vn 0.000000 0.000000 -1.000000
v 158.246094 63.191406 0.250000
vt 0.205044 1.156250
vn -0.155618 0.259363 -0.953160
v 157.250000 60.750000 -0.000000
vt 0.226333 1.187500
vn 0.000000 0.000000 -1.000000
v 156.484375 62.390625 0.250000
vt 0.205044 1.187500
vn -0.097561 0.292683 -0.951220
v 160.378906 60.183594 0.250000
vt 0.247621 1.156250
vn 0.155618 -0.259363 -0.953160
v 162.312500 61.687500 0.250000
vt 0.247621 1.125000
vn 0.212000 -0.212000 -0.953998
v 163.816406 63.621094 0.250000
vt 0.247621 1.093750
vn 0.259363 -0.155618 -0.953160
v 162.312500 194.312500 0.250000
vt 0.247621 1.125000
vn 0.212000 0.212000 -0.953998
v 160.378906 195.816406 0.250000
vt 0.247621 1.093750
vn 0.155618 0.259363 -0.953160
v 163.816406 192.378906 0.250000
vt 0.247621 1.156250
vn 0.259363 0.155618 -0.953160
v 158.015625 59.109375 0.250000
vt 0.247621 1.187500
vn 0.097561 -0.292683 -0.951220
v 158.015625 196.890625 0.250000
vt 0.247621 1.062500
vn 0.097561 0.292683 -0.951220
v 164.890625 65.984375 0.250000
vt 0.247621 1.062500
vn 0.292683 -0.097561 -0.951220
v 164.890625 190.015625 0.250000
vt 0.247621 1.187500
vn 0.292683 0.097561 -0.951220
v 155.222656 197.535156 0.250000
vt 0.247621 1.031250
vn 0.044416 0.310914 -0.949399
v 154.812500 60.187500 -0.000000
vt 0.226333 1.218750
vn 0.000000 0.000000 -1.000000
v 154.402344 61.910156 0.250000
vt 0.205044 1.218750
vn -0.044416 0.310914 -0.949399
v 155.222656 58.464844 0.250000
vt 0.247621 1.218750
vn 0.044416 -0.310914 -0.949399
v 152.000000 197.750000 0.250000
vt 0.247621 1.000000
vn -0.000000 0.316228 -0.948683
v 152.000000 60.000000 -0.000000
vt 0.226333 1.250000
vn 0.000000 0.000000 -1.000000
v 152.000000 61.750000 0.250000
vt 0.205044 1.250000
vn 0.000000 0.316228 -0.948683
v 152.000000 58.250000 0.250000
vt 0.247621 1.250000
vn -0.000000 -0.316228 -0.948683
v 157.484375 191.734375 1.000000
vt 0.185374 1.093750
vn -0.354749 -0.591248 -0.724279
v 158.750000 190.750000 1.000000
vt 0.185374 1.125000
vn -0.485071 -0.485071 -0.727607
v 155.937500 192.437500 1.000000
vt 0.185374 1.062500
vn -0.220527 -0.661581 -0.716713
v 154.109375 192.859375 1.000000
vt 0.185374 1.031250
vn -0.099619 -0.697336 -0.709788
v 152.000000 193.000000 1.000000
vt 0.185374 1.000000
vn 0.000000 -0.707107 -0.707107
v 159.734375 189.484375 1.000000
vt 0.185374 1.156250
vn -0.591248 -0.354749 -0.724279
v 160.437500 187.937500 1.000000
vt 0.185374 1.187500
vn -0.661581 -0.220527 -0.716713
v 160.859375 186.109375 1.000000
vt 0.185374 1.218750
vn -0.697336 -0.099619 -0.709788
v 161.000000 184.000000 1.000000
vt 0.185374 1.250000
vn -0.707107 0.000000 -0.707107
v 159.734375 66.515625 1.000000
vt 0.185374 1.093750
vn -0.591248 0.354749 -0.724279
v 158.750000 65.250000 1.000000
vt 0.185374 1.125000
vn -0.485071 0.485071 -0.727607
v 160.437500 68.062500 1.000000
vt 0.185374 1.062500
vn -0.661582 0.220527 -0.716713
v 160.859375 69.890625 1.000000
vt 0.185374 1.031250
vn -0.697336 0.099619 -0.709788
v 161.000000 72.000000 1.000000
vt 0.185374 1.000000
vn -0.707107 0.000000 -0.707107
v 157.484375 64.265625 1.000000
vt 0.185374 1.156250
vn -0.354749 0.591248 -0.724279
v 155.937500 63.562500 1.000000
vt 0.185374 1.187500
vn -0.220527 0.661581 -0.716713
v 154.109375 63.140625 1.000000
vt 0.185374 1.218750
vn -0.099619 0.697336 -0.709788
v 152.000000 63.000000 1.000000
vt 0.185374 1.250000
vn 0.000000 0.707107 -0.707107
v 161.000000 184.000000 1.000000
vt 0.156250 1.000000
vn -0.707107 0.000000 -0.707107
v 161.000000 72.000000 1.000000
vt 0.156250 1.875000
vn -0.707107 0.000000 -0.707107
v 163.250000 195.250000 1.000000
vt 0.267291 1.125000
vn 0.485071 0.485071 -0.727607
v 161.140625 196.890625 1.000000
vt 0.267291 1.093750
vn 0.354749 0.591248 -0.724279
v 161.140625 59.109375 1.000000
vt 0.267291 1.156250
vn 0.354749 -0.591248 -0.724279
v 163.250000 60.750000 1.000000
vt 0.267291 1.125000
vn 0.485071 -0.485071 -0.727607
v 164.890625 193.140625 1.000000
vt 0.267291 1.156250
vn 0.591248 0.354749 -0.724279
v 164.890625 62.859375 1.000000
vt 0.267291 1.093750
vn 0.591248 -0.354749 -0.724279
v 158.562500 198.062500 1.000000
vt 0.267291 1.062500
vn 0.220527 0.661581 -0.716713
v 158.562500 57.937500 1.000000
vt 0.267291 1.187500
vn 0.220527 -0.661581 -0.716713
v 166.062500 190.562500 1.000000
vt 0.267291 1.187500
vn 0.661581 0.220527 -0.716713
v 166.062500 65.437500 1.000000
vt 0.267291 1.062500
vn 0.661581 -0.220527 -0.716713
v 155.515625 198.765625 1.000000
vt 0.267291 1.031250
vn 0.099619 0.697336 -0.709788
v 155.515625 57.234375 1.000000
vt 0.267291 1.218750
vn 0.099619 -0.697336 -0.709788
v 152.000000 199.000000 1.000000
vt 0.267291 1.000000
vn 0.000000 0.707107 -0.707107
v 152.000000 57.000000 1.000000
vt 0.267291 1.250000
vn 0.000000 -0.707107 -0.707107
v 166.765625 187.515625 1.000000
vt 0.267291 1.218750
vn 0.697336 0.099619 -0.709788
v 166.765625 68.484375 1.000000
vt 0.267291 1.031250
vn 0.697336 -0.099619 -0.709788
v 167.000000 72.000000 1.000000
vt 0.218750 1.875000
vn 0.707107 0.000000 -0.707107
v 167.000000 184.000000 1.000000
vt 0.218750 1.000000
vn 0.707107 0.000000 -0.707107
v 167.000000 184.000000 1.000000
vt 0.267291 1.250000
vn 0.707107 0.000000 -0.707107
v 167.000000 72.000000 1.000000
vt 0.267291 1.000000
vn 0.707107 0.000000 -0.707107
v 162.312500 64.687500 8.000000
vt 0.075444 1.093750
vn 0.000000 0.000000 1.000000
v 159.687500 64.312500 7.750000
vt 0.096732 1.125000
vn -0.212000 0.212000 0.953998
v 160.808594 65.753906 7.750000
vt 0.096732 1.093750
vn -0.259363 0.155618 0.953160
v 161.000000 63.000000 8.000000
vt 0.075444 1.125000
vn 0.000000 0.000000 1.000000
v 158.246094 63.191406 7.750000
vt 0.096732 1.156250
vn -0.155618 0.259363 0.953160
v 159.312500 61.687500 8.000000
vt 0.075444 1.156250
vn 0.000000 0.000000 1.000000
v 163.250000 66.750000 8.000000
vt 0.075444 1.062500
vn 0.000000 0.000000 1.000000
v 161.609375 67.515625 7.750000
vt 0.096732 1.062500
vn -0.292683 0.097561 0.951220
v 163.812500 69.187500 8.000000
vt 0.075444 1.031250
vn 0.000000 0.000000 1.000000
v 162.089844 69.597656 7.750000
vt 0.096732 1.031250
vn -0.310914 0.044416 0.949399
v 156.484375 62.390625 7.750000
vt 0.096732 1.187500
vn -0.097561 0.292683 0.951220
v 157.250000 60.750000 8.000000
vt 0.075444 1.187500
vn 0.000000 0.000000 1.000000
v 154.402344 61.910156 7.750000
vt 0.096732 1.218750
vn -0.044416 0.310914 0.949399
v 154.812500 60.187500 8.000000
vt 0.075444 1.218750
vn 0.000000 0.000000 1.000000
v 152.000000 61.750000 7.750000
vt 0.096732 1.250000
vn 0.000000 0.316228 0.948683
v 152.000000 60.000000 8.000000
vt 0.075444 1.250000
vn 0.000000 0.000000 1.000000
v 164.000000 72.000000 8.000000
vt 0.075444 1.000000
vn 0.000000 0.000000 1.000000
v 163.812500 186.812500 8.000000
vt 0.075444 1.218750
vn 0.000000 0.000000 1.000000
v 162.250000 184.000000 7.750000
vt 0.096732 1.250000
vn -0.316228 0.000000 0.948683
v 162.089844 186.402344 7.750000
vt 0.096732 1.218750
vn -0.310914 -0.044416 0.949399
v 164.000000 184.000000 8.000000
vt 0.075444 1.250000
vn 0.000000 0.000000 1.000000
v 164.000000 184.000000 8.000000
vt 0.062500 1.000000
vn 0.000000 0.000000 1.000000
v 162.250000 72.000000 7.750000
vt 0.078125 1.875000
vn -0.316228 0.000000 0.948683
v 162.250000 184.000000 7.750000
vt 0.078125 1.000000
vn -0.316228 0.000000 0.948683
v 164.000000 72.000000 8.000000
vt 0.062500 1.875000
vn 0.000000 0.000000 1.000000
v 162.250000 72.000000 7.750000
vt 0.096732 1.000000
vn -0.316228 0.000000 0.948683
v 165.750000 184.000000 7.750000
vt 0.046875 1.000000
vn 0.316228 -0.000000 0.948683
v 165.750000 72.000000 7.750000
vt 0.046875 1.875000
vn 0.316228 0.000000 0.948683
v 165.750000 72.000000 7.750000
vt 0.054156 1.000000
vn 0.316228 0.000000 0.948683
v 165.535156 68.777344 7.750000
vt 0.054156 1.031250
vn 0.310914 -0.044416 0.949399
v 165.535156 187.222656 7.750000
vt 0.054156 1.218750
vn 0.310914 0.044416 0.949399
v 165.750000 184.000000 7.750000
vt 0.054156 1.250000
vn 0.316228 -0.000000 0.948683
v 163.250000 189.250000 8.000000
vt 0.075444 1.187500
vn 0.000000 0.000000 1.000000
v 161.609375 188.484375 7.750000
vt 0.096732 1.187500
vn -0.292683 -0.097561 0.951220
v 162.312500 191.312500 8.000000
vt 0.075444 1.156250
vn 0.000000 0.000000 1.000000
v 160.808594 190.246094 7.750000
vt 0.096732 1.156250
vn -0.259363 -0.155618 0.953160
v 161.000000 193.000000 8.000000
vt 0.075444 1.125000
vn 0.000000 0.000000 1.000000
v 159.687500 191.687500 7.750000
vt 0.096732 1.125000
vn -0.212000 -0.212000 0.953998
v 159.312500 194.312500 8.000000
vt 0.075444 1.093750
vn 0.000000 0.000000 1.000000
v 158.246094 192.808594 7.750000
vt 0.096732 1.093750
vn -0.155618 -0.259363 0.953160
v 157.250000 195.250000 8.000000
vt 0.075444 1.062500
vn 0.000000 0.000000 1.000000
v 156.484375 193.609375 7.750000
vt 0.096732 1.062500
vn -0.097561 -0.292683 0.951220
v 160.378906 195.816406 7.750000
vt 0.054156 1.093750
vn 0.155618 0.259363 0.953160
v 162.312500 194.312500 7.750000
vt 0.054156 1.125000
vn 0.212000 0.212000 0.953998
v 163.816406 192.378906 7.750000
vt 0.054156 1.156250
vn 0.259363 0.155618 0.953160
v 162.312500 61.687500 7.750000
vt 0.054156 1.125000
vn 0.212000 -0.212000 0.953998
v 160.378906 60.183594 7.750000
vt 0.054156 1.156250
vn 0.155618 -0.259363 0.953160
v 163.816406 63.621094 7.750000
vt 0.054156 1.093750
vn 0.259363 -0.155618 0.953160
v 158.015625 196.890625 7.750000
vt 0.054156 1.062500
vn 0.097561 0.292683 0.951220
v 158.015625 59.109375 7.750000
vt 0.054156 1.187500
vn 0.097561 -0.292683 0.951220
v 164.890625 190.015625 7.750000
vt 0.054156 1.187500
vn 0.292683 0.097561 0.951220
v 164.890625 65.984375 7.750000
vt 0.054156 1.062500
vn 0.292683 -0.097561 0.951220
v 155.222656 58.464844 7.750000
vt 0.054156 1.218750
vn 0.044416 -0.310914 0.949399
v 154.812500 195.812500 8.000000
vt 0.075444 1.031250
vn 0.000000 0.000000 1.000000
v 154.402344 194.089844 7.750000
vt 0.096732 1.031250
vn -0.044416 -0.310914 0.949399
v 155.222656 197.535156 7.750000
vt 0.054156 1.031250
vn 0.044416 0.310914 0.949399
v 152.000000 58.250000 7.750000
vt 0.054156 1.250000
vn -0.000000 -0.316228 0.948683
v 152.000000 196.000000 8.000000
vt 0.075444 1.000000
vn 0.000000 0.000000 1.000000
v 152.000000 194.250000 7.750000
vt 0.096732 1.000000
vn 0.000000 -0.316228 0.948683
v 152.000000 197.750000 7.750000
vt 0.054156 1.000000
vn -0.000000 0.316228 0.948683
v 157.484375 64.265625 7.000000
vt 0.116402 1.156250
vn -0.354749 0.591248 0.724279
v 158.750000 65.250000 7.000000
vt 0.116402 1.125000
vn -0.485071 0.485071 0.727607
v 155.937500 63.562500 7.000000
vt 0.116402 1.187500
vn -0.220527 0.661581 0.716713
v 154.109375 63.140625 7.000000
vt 0.116402 1.218750
vn -0.099619 0.697336 0.709788
v 152.000000 63.000000 7.000000
vt 0.116402 1.250000
vn 0.000000 0.707107 0.707107
v 159.734375 66.515625 7.000000
vt 0.116402 1.093750
vn -0.591248 0.354749 0.724279
v 160.437500 68.062500 7.000000
vt 0.116402 1.062500
vn -0.661582 0.220527 0.716713
v 160.859375 69.890625 7.000000
vt 0.116402 1.031250
vn -0.697336 0.099619 0.709788
v 161.000000 72.000000 7.000000
vt 0.116402 1.000000
vn -0.707107 0.000000 0.707107
v 159.734375 189.484375 7.000000
vt 0.116402 1.156250
vn -0.591248 -0.354749 0.724279
v 158.750000 190.750000 7.000000
vt 0.116402 1.125000
vn -0.485071 -0.485071 0.727607
v 160.437500 187.937500 7.000000
vt 0.116402 1.187500
vn -0.661581 -0.220527 0.716713
v 160.859375 186.109375 7.000000
vt 0.116402 1.218750
vn -0.697336 -0.099619 0.709788
v 161.000000 184.000000 7.000000
vt 0.116402 1.250000
vn -0.707107 0.000000 0.707107
v 157.484375 191.734375 7.000000
vt 0.116402 1.093750
vn -0.354749 -0.591248 0.724279
v 155.937500 192.437500 7.000000
vt 0.116402 1.062500
vn -0.220527 -0.661581 0.716713
v 154.109375 192.859375 7.000000
vt 0.116402 1.031250
vn -0.099619 -0.697336 0.709788
v 152.000000 193.000000 7.000000
vt 0.116402 1.000000
vn 0.000000 -0.707107 0.707107
v 161.000000 72.000000 7.000000
vt 0.093750 1.875000
vn -0.707107 0.000000 0.707107
v 161.000000 184.000000 7.000000
vt 0.093750 1.000000
vn -0.707107 0.000000 0.707107
v 163.250000 60.750000 7.000000
vt 0.034486 1.125000
vn 0.485071 -0.485071 0.727607
v 161.140625 59.109375 7.000000
vt 0.034486 1.156250
vn 0.354749 -0.591248 0.724279
v 161.140625 196.890625 7.000000
vt 0.034486 1.093750
vn 0.354749 0.591248 0.724279
v 163.250000 195.250000 7.000000
vt 0.034486 1.125000
vn 0.485071 0.485071 0.727607
v 164.890625 62.859375 7.000000
vt 0.034486 1.093750
vn 0.591248 -0.354749 0.724279
v 164.890625 193.140625 7.000000
vt 0.034486 1.156250
vn 0.591248 0.354749 0.724279
v 158.562500 57.937500 7.000000
vt 0.034486 1.187500
vn 0.220527 -0.661581 0.716713
v 158.562500 198.062500 7.000000
vt 0.034486 1.062500
vn 0.220527 0.661581 0.716713
v 166.062500 65.437500 7.000000
vt 0.034486 1.062500
vn 0.661581 -0.220527 0.716713
v 166.062500 190.562500 7.000000
vt 0.034486 1.187500
vn 0.661581 0.220527 0.716713
v 155.515625 57.234375 7.000000
vt 0.034486 1.218750
vn 0.099619 -0.697336 0.709788
v 155.515625 198.765625 7.000000
vt 0.034486 1.031250
vn 0.099619 0.697336 0.709788
v 152.000000 57.000000 7.000000
vt 0.034486 1.250000
vn 0.000000 -0.707107 0.707107
v 152.000000 199.000000 7.000000
vt 0.034486 1.000000
vn 0.000000 0.707107 0.707107
v 166.765625 68.484375 7.000000
vt 0.034486 1.031250
vn 0.697336 -0.099619 0.709788
v 166.765625 187.515625 7.000000
vt 0.034486 1.218750
vn 0.697336 0.099619 0.709788
v 167.000000 184.000000 7.000000
vt 0.031250 1.000000
vn 0.707107 0.000000 0.707107
v 167.000000 72.000000 7.000000
vt 0.031250 1.875000
vn 0.707107 0.000000 0.707107
v 167.000000 72.000000 7.000000
vt 0.034486 1.000000
vn 0.707107 0.000000 0.707107
v 167.000000 184.000000 7.000000
vt 0.034486 1.250000
vn 0.707107 0.000000 0.707107
v 160.000000 184.000000 4.000000
vt 0.125000 1.000000
vn -1.000000 0.000000 -0.000000
v 160.000000 72.000000 4.000000
vt 0.125000 1.875000
vn -1.000000 0.000000 -0.000000
v 160.250000 72.000000 2.250000
vt 0.140625 1.875000
vn -0.948683 0.000000 -0.316228
v 160.250000 184.000000 2.250000
vt 0.140625 1.000000
vn -0.948683 0.000000 -0.316228
v 159.875000 185.875000 4.000000
vt 0.150888 1.218750
vn -0.989950 -0.141421 -0.000000
v 160.000000 184.000000 4.000000
vt 0.150888 1.250000
vn -1.000000 0.000000 -0.000000
v 160.250000 184.000000 2.250000
vt 0.167322 1.250000
vn -0.948683 0.000000 -0.316228
v 160.121094 185.933594 2.250000
vt 0.167322 1.218750
vn -0.938430 -0.134061 -0.318396
v 160.000000 72.000000 4.000000
vt 0.150888 1.000000
vn -1.000000 0.000000 -0.000000
v 160.121094 70.066406 2.250000
vt 0.167322 1.031250
vn -0.938430 0.134061 -0.318396
v 160.250000 72.000000 2.250000
vt 0.167322 1.000000
vn -0.948683 0.000000 -0.316228
v 159.875000 70.125000 4.000000
vt 0.150888 1.031250
vn -0.989950 0.141421 -0.000000
v 159.734375 68.390625 2.250000
vt 0.167322 1.062500
vn -0.897479 0.299160 -0.324090
v 159.500000 68.500000 4.000000
vt 0.150888 1.062500
vn -0.948683 0.316228 -0.000000
v 159.500000 187.500000 4.000000
vt 0.150888 1.187500
vn -0.948683 -0.316228 -0.000000
v 159.734375 187.609375 2.250000
vt 0.167322 1.187500
vn -0.897479 -0.299160 -0.324090
v 160.250000 184.000000 5.750000
vt 0.109375 1.000000
vn -0.948683 0.000000 0.316228
v 160.250000 72.000000 5.750000
vt 0.109375 1.875000
vn -0.948683 0.000000 0.316228
v 160.250000 72.000000 5.750000
vt 0.134454 1.000000
vn -0.948683 0.000000 0.316228
v 160.121094 70.066406 5.750000
vt 0.134454 1.031250
vn -0.938430 0.134061 0.318396
v 160.121094 185.933594 5.750000
vt 0.134454 1.218750
vn -0.938430 -0.134061 0.318396
v 160.250000 184.000000 5.750000
vt 0.134454 1.250000
vn -0.948683 0.000000 0.316228
v 159.734375 187.609375 5.750000
vt 0.134454 1.187500
vn -0.897479 -0.299160 0.324090
v 159.734375 68.390625 5.750000
vt 0.134454 1.062500
vn -0.897479 0.299160 0.324090
v 158.875000 67.125000 4.000000
vt 0.150888 1.093750
vn -0.857493 0.514496 -0.000000
v 159.089844 66.972656 5.750000
vt 0.134454 1.093750
vn -0.809316 0.485589 0.330471
v 159.089844 66.972656 2.250000
vt 0.167322 1.093750
vn -0.809316 0.485590 -0.330471
v 159.089844 189.027344 5.750000
vt 0.134454 1.156250
vn -0.809316 -0.485590 0.330471
v 158.875000 188.875000 4.000000
vt 0.150888 1.156250
vn -0.857493 -0.514496 -0.000000
v 159.089844 189.027344 2.250000
vt 0.167322 1.156250
vn -0.809316 -0.485590 -0.330471
v 161.000000 184.000000 7.000000
vt 0.093750 1.000000
vn -0.707107 0.000000 0.707107
v 161.000000 72.000000 7.000000
vt 0.093750 1.875000
vn -0.707107 0.000000 0.707107
v 161.000000 72.000000 7.000000
vt 0.116402 1.000000
vn -0.707107 0.000000 0.707107
v 160.859375 69.890625 7.000000
vt 0.116402 1.031250
vn -0.697336 0.099619 0.709788
v 160.859375 186.109375 7.000000
vt 0.116402 1.218750
vn -0.697336 -0.099619 0.709788
v 161.000000 184.000000 7.000000
vt 0.116402 1.250000
vn -0.707107 0.000000 0.707107
v 160.437500 68.062500 7.000000
vt 0.116402 1.062500
vn -0.661582 0.220527 0.716713
v 160.437500 187.937500 7.000000
vt 0.116402 1.187500
vn -0.661581 -0.220527 0.716713
v 159.734375 189.484375 7.000000
vt 0.116402 1.156250
vn -0.591248 -0.354749 0.724279
v 159.734375 66.515625 7.000000
vt 0.116402 1.093750
vn -0.591248 0.354749 0.724279
v 161.000000 72.000000 1.000000
vt 0.156250 1.875000
vn -0.707107 0.000000 -0.707107
v 161.000000 184.000000 1.000000
vt 0.156250 1.000000
vn -0.707107 0.000000 -0.707107
v 161.000000 184.000000 1.000000
vt 0.185374 1.250000
vn -0.707107 0.000000 -0.707107
v 160.859375 186.109375 1.000000
vt 0.185374 1.218750
vn -0.697336 -0.099619 -0.709788
v 160.859375 69.890625 1.000000
vt 0.185374 1.031250
vn -0.697336 0.099619 -0.709788
v 161.000000 72.000000 1.000000
vt 0.185374 1.000000
vn -0.707107 0.000000 -0.707107
v 160.437500 187.937500 1.000000
vt 0.185374 1.187500
vn -0.661581 -0.220527 -0.716713
v 160.437500 68.062500 1.000000
vt 0.185374 1.062500
vn -0.661582 0.220527 -0.716713
v 159.734375 66.515625 1.000000
vt 0.185374 1.093750
vn -0.591248 0.354749 -0.724279
v 159.734375 189.484375 1.000000
vt 0.185374 1.156250
vn -0.591248 -0.354749 -0.724279
v 167.750000 184.000000 2.250000
vt 0.234375 1.000000
vn 0.948683 -0.000000 -0.316228
v 168.000000 72.000000 4.000000
vt 0.250000 1.875000
vn 1.000000 0.000000 -0.000000
v 168.000000 184.000000 4.000000
vt 0.250000 1.000000
vn 1.000000 0.000000 -0.000000
v 167.750000 72.000000 2.250000
vt 0.234375 1.875000
vn 0.948683 0.000000 -0.316228
v 167.750000 72.000000 2.250000
vt 0.285343 1.000000
vn 0.948683 0.000000 -0.316228
v 167.750000 68.250000 4.000000
vt 0.301777 1.031250
vn 0.989950 -0.141421 -0.000000
v 168.000000 72.000000 4.000000
vt 0.301777 1.000000
vn 1.000000 0.000000 -0.000000
v 167.503906 68.308594 2.250000
vt 0.285343 1.031250
vn 0.938430 -0.134061 -0.318396
v 167.503906 187.691406 2.250000
vt 0.285343 1.218750
vn 0.938430 0.134061 -0.318396
v 167.750000 184.000000 2.250000
vt 0.285343 1.250000
vn 0.948683 -0.000000 -0.316228
v 168.000000 184.000000 4.000000
vt 0.301777 1.250000
vn 1.000000 0.000000 -0.000000
v 167.750000 187.750000 4.000000
vt 0.301777 1.218750
vn 0.989950 0.141421 -0.000000
v 167.000000 65.000000 4.000000
vt 0.301777 1.062500
vn 0.948683 -0.316228 -0.000000
v 166.765625 65.109375 2.250000
vt 0.285343 1.062500
vn 0.897479 -0.299160 -0.324090
v 166.765625 190.890625 2.250000
vt 0.285343 1.187500
vn 0.897479 0.299160 -0.324090
v 167.000000 191.000000 4.000000
vt 0.301777 1.187500
vn 0.948683 0.316228 -0.000000
v 167.000000 184.000000 1.000000
vt 0.218750 1.000000
vn 0.707107 0.000000 -0.707107
v 167.000000 72.000000 1.000000
vt 0.218750 1.875000
vn 0.707107 0.000000 -0.707107
v 166.765625 187.515625 1.000000
vt 0.267291 1.218750
vn 0.697336 0.099619 -0.709788
v 167.000000 184.000000 1.000000
vt 0.267291 1.250000
vn 0.707107 0.000000 -0.707107
v 167.000000 72.000000 1.000000
vt 0.267291 1.000000
vn 0.707107 0.000000 -0.707107
v 166.765625 68.484375 1.000000
vt 0.267291 1.031250
vn 0.697336 -0.099619 -0.709788
v 166.062500 190.562500 1.000000
vt 0.267291 1.187500
vn 0.661581 0.220527 -0.716713
v 166.062500 65.437500 1.000000
vt 0.267291 1.062500
vn 0.661581 -0.220527 -0.716713
v 165.535156 193.597656 2.250000
vt 0.285343 1.156250
vn 0.809316 0.485589 -0.330471
v 165.750000 193.750000 4.000000
vt 0.301777 1.156250
vn 0.857493 0.514496 -0.000000
v 164.890625 193.140625 1.000000
vt 0.267291 1.156250
vn 0.591248 0.354749 -0.724279
v 165.750000 62.250000 4.000000
vt 0.301777 1.093750
vn 0.857493 -0.514496 -0.000000
v 165.535156 62.402344 2.250000
vt 0.285343 1.093750
vn 0.809316 -0.485590 -0.330471
v 164.890625 62.859375 1.000000
vt 0.267291 1.093750
vn 0.591248 -0.354749 -0.724279
v 168.000000 184.000000 4.000000
vt 0.000000 1.000000
vn 1.000000 0.000000 -0.000000
v 168.000000 72.000000 4.000000
vt 0.000000 1.875000
vn 1.000000 0.000000 -0.000000
v 167.750000 72.000000 5.750000
vt 0.015625 1.875000
vn 0.948683 0.000000 0.316228
v 167.750000 184.000000 5.750000
vt 0.015625 1.000000
vn 0.948683 -0.000000 0.316228
v 168.000000 72.000000 4.000000
vt 0.000000 1.000000
vn 1.000000 0.000000 -0.000000
v 167.503906 68.308594 5.750000
vt 0.016434 1.031250
vn 0.938430 -0.134061 0.318396
v 167.750000 72.000000 5.750000
vt 0.016434 1.000000
vn 0.948683 0.000000 0.316228
v 167.750000 68.250000 4.000000
vt 0.000000 1.031250
vn 0.989949 -0.141421 -0.000000
v 167.750000 187.750000 4.000000
vt 0.000000 1.218750
vn 0.989949 0.141421 -0.000000
v 168.000000 184.000000 4.000000
vt 0.000000 1.250000
vn 1.000000 0.000000 -0.000000
v 167.750000 184.000000 5.750000
vt 0.016434 1.250000
vn 0.948683 -0.000000 0.316228
v 167.503906 187.691406 5.750000
vt 0.016434 1.218750
vn 0.938430 0.134061 0.318396
v 166.765625 65.109375 5.750000
vt 0.016434 1.062500
vn 0.897479 -0.299160 0.324090
v 167.000000 65.000000 4.000000
vt 0.000000 1.062500
vn 0.948683 -0.316228 -0.000000
v 167.000000 191.000000 4.000000
vt 0.000000 1.187500
vn 0.948683 0.316228 -0.000000
v 166.765625 190.890625 5.750000
vt 0.016434 1.187500
vn 0.897479 0.299160 0.324090
v 165.750000 62.250000 4.000000
vt 0.000000 1.093750
vn 0.857493 -0.514496 -0.000000
v 165.535156 62.402344 5.750000
vt 0.016434 1.093750
vn 0.809316 -0.485589 0.330471
v 165.750000 193.750000 4.000000
vt 0.000000 1.156250
vn 0.857493 0.514496 -0.000000
v 165.535156 193.597656 5.750000
vt 0.016434 1.156250
vn 0.809316 0.485590 0.330471
v 163.812500 195.812500 2.250000
vt 0.285343 1.125000
vn 0.666667 0.666667 -0.333333
v 164.000000 196.000000 4.000000
vt 0.301777 1.125000
vn 0.707107 0.707107 -0.000000
v 163.250000 195.250000 1.000000
vt 0.267291 1.125000
vn 0.485071 0.485071 -0.727607
v 167.000000 72.000000 7.000000
vt 0.031250 1.875000
vn 0.707107 0.000000 0.707107
v 167.000000 184.000000 7.000000
vt 0.031250 1.000000
vn 0.707107 0.000000 0.707107
v 167.000000 184.000000 7.000000
vt 0.034486 1.250000
vn 0.707107 0.000000 0.707107
v 166.765625 187.515625 7.000000
vt 0.034486 1.218750
vn 0.697336 0.099619 0.709788
v 166.765625 68.484375 7.000000
vt 0.034486 1.031250
vn 0.697336 -0.099619 0.709788
v 167.000000 72.000000 7.000000
vt 0.034486 1.000000
vn 0.707107 0.000000 0.707107
v 166.062500 190.562500 7.000000
vt 0.034486 1.187500
vn 0.661581 0.220527 0.716713
v 166.062500 65.437500 7.000000
vt 0.034486 1.062500
vn 0.661581 -0.220527 0.716713
v 164.890625 193.140625 7.000000
vt 0.034486 1.156250
vn 0.591248 0.354749 0.724279
v 164.890625 62.859375 7.000000
vt 0.034486 1.093750
vn 0.591248 -0.354749 0.724279
v 155.750000 199.750000 4.000000
vt 0.000000 1.031250
vn 0.141421 0.989949 -0.000000
v 159.000000 199.000000 4.000000
vt 0.000000 1.062500
vn 0.316228 0.948683 -0.000000
v 158.890625 198.765625 5.750000
vt 0.016434 1.062500
vn 0.299160 0.897479 0.324090
v 155.691406 199.503906 5.750000
vt 0.016434 1.031250
vn 0.134061 0.938430 0.318396
v 152.000000 200.000000 4.000000
vt 0.000000 1.000000
vn 0.000000 1.000000 -0.000000
v 152.000000 199.750000 5.750000
vt 0.016434 1.000000
vn -0.000000 0.948683 0.316228
v 161.597656 197.535156 5.750000
vt 0.016434 1.093750
vn 0.485590 0.809316 0.330471
v 161.750000 197.750000 4.000000
vt 0.000000 1.093750
vn 0.514496 0.857493 -0.000000
v 158.562500 198.062500 7.000000
vt 0.034486 1.062500
vn 0.220527 0.661581 0.716713
v 155.515625 198.765625 7.000000
vt 0.034486 1.031250
vn 0.099619 0.697336 0.709788
v 152.000000 199.000000 7.000000
vt 0.034486 1.000000
vn 0.000000 0.707107 0.707107
v 161.140625 196.890625 7.000000
vt 0.034486 1.093750
vn 0.354749 0.591248 0.724279
v 163.812500 195.812500 5.750000
vt 0.016434 1.125000
vn 0.666667 0.666667 0.333333
v 164.000000 196.000000 4.000000
vt 0.000000 1.125000
vn 0.707107 0.707107 -0.000000
v 163.250000 195.250000 7.000000
vt 0.034486 1.125000
vn 0.485071 0.485071 0.727607
v 164.890625 193.140625 7.000000
vt 0.034486 1.156250
vn 0.591248 0.354749 0.724279
v 165.535156 193.597656 5.750000
vt 0.016434 1.156250
vn 0.809316 0.485590 0.330471
v 165.750000 193.750000 4.000000
vt 0.000000 1.156250
vn 0.857493 0.514496 -0.000000
v 158.890625 198.765625 2.250000
vt 0.285343 1.062500
vn 0.299160 0.897479 -0.324090
v 161.750000 197.750000 4.000000
vt 0.301777 1.093750
vn 0.514496 0.857493 -0.000000
v 159.000000 199.000000 4.000000
vt 0.301777 1.062500
vn 0.316228 0.948683 -0.000000
v 161.597656 197.535156 2.250000
vt 0.285343 1.093750
vn 0.485590 0.809316 -0.330471
v 155.691406 199.503906 2.250000
vt 0.285343 1.031250
vn 0.134061 0.938430 -0.318396
v 155.750000 199.750000 4.000000
vt 0.301777 1.031250
vn 0.141421 0.989950 -0.000000
v 164.000000 196.000000 4.000000
vt 0.301777 1.125000
vn 0.707107 0.707107 -0.000000
v 163.812500 195.812500 2.250000
vt 0.285343 1.125000
vn 0.666667 0.666667 -0.333333
v 152.000000 199.750000 2.250000
vt 0.285343 1.000000
vn -0.000000 0.948683 -0.316228
v 152.000000 200.000000 4.000000
vt 0.301777 1.000000
vn 0.000000 1.000000 -0.000000
v 158.562500 198.062500 1.000000
vt 0.267291 1.062500
vn 0.220527 0.661581 -0.716713
v 161.140625 196.890625 1.000000
vt 0.267291 1.093750
vn 0.354749 0.591248 -0.724279
v 155.515625 198.765625 1.000000
vt 0.267291 1.031250
vn 0.099619 0.697336 -0.709788
v 152.000000 199.000000 1.000000
vt 0.267291 1.000000
vn 0.000000 0.707107 -0.707107
v 163.250000 195.250000 1.000000
vt 0.267291 1.125000
vn 0.485071 0.485071 -0.727607
v 158.890625 57.234375 2.250000
vt 0.285343 1.187500
vn 0.299160 -0.897479 -0.324090
v 155.750000 56.250000 4.000000
vt 0.301777 1.218750
vn 0.141421 -0.989950 -0.000000
v 159.000000 57.000000 4.000000
vt 0.301777 1.187500
vn 0.316228 -0.948683 -0.000000
v 155.691406 56.496094 2.250000
vt 0.285343 1.218750
vn 0.134061 -0.938430 -0.318396
v 152.000000 56.000000 4.000000
vt 0.301777 1.250000
vn 0.000000 -1.000000 -0.000000
v 152.000000 56.250000 2.250000
vt 0.285343 1.250000
vn -0.000000 -0.948683 -0.316228
v 161.597656 58.464844 2.250000
vt 0.285343 1.156250
vn 0.485590 -0.809316 -0.330471
v 161.750000 58.250000 4.000000
vt 0.301777 1.156250
vn 0.514496 -0.857493 -0.000000
v 158.562500 57.937500 1.000000
vt 0.267291 1.187500
vn 0.220527 -0.661581 -0.716713
v 155.515625 57.234375 1.000000
vt 0.267291 1.218750
vn 0.099619 -0.697336 -0.709788
v 152.000000 57.000000 1.000000
vt 0.267291 1.250000
vn 0.000000 -0.707107 -0.707107
v 161.140625 59.109375 1.000000
vt 0.267291 1.156250
vn 0.354749 -0.591248 -0.724279
v 163.812500 60.187500 2.250000
vt 0.285343 1.125000
vn 0.666667 -0.666667 -0.333333
v 164.000000 60.000000 4.000000
vt 0.301777 1.125000
vn 0.707107 -0.707107 -0.000000
v 163.250000 60.750000 1.000000
vt 0.267291 1.125000
vn 0.485071 -0.485071 -0.727607
v 164.890625 62.859375 1.000000
vt 0.267291 1.093750
vn 0.591248 -0.354749 -0.724279
v 165.535156 62.402344 2.250000
vt 0.285343 1.093750
vn 0.809316 -0.485590 -0.330471
v 165.750000 62.250000 4.000000
vt 0.301777 1.093750
vn 0.857493 -0.514496 -0.000000
v 161.750000 58.250000 4.000000
vt 0.000000 1.156250
vn 0.514496 -0.857493 -0.000000
v 159.000000 57.000000 4.000000
vt 0.000000 1.187500
vn 0.316228 -0.948683 -0.000000
v 158.890625 57.234375 5.750000
vt 0.016434 1.187500
vn 0.299160 -0.897479 0.324090
v 161.597656 58.464844 5.750000
vt 0.016434 1.156250
vn 0.485590 -0.809316 0.330471
v 155.691406 56.496094 5.750000
vt 0.016434 1.218750
vn 0.134061 -0.938430 0.318396
v 155.750000 56.250000 4.000000
vt 0.000000 1.218750
vn 0.141421 -0.989949 -0.000000
v 164.000000 60.000000 4.000000
vt 0.000000 1.125000
vn 0.707107 -0.707107 -0.000000
v 163.812500 60.187500 5.750000
vt 0.016434 1.125000
vn 0.666667 -0.666667 0.333333
v 152.000000 56.250000 5.750000
vt 0.016434 1.250000
vn -0.000000 -0.948683 0.316228
v 152.000000 56.000000 4.000000
vt 0.000000 1.250000
vn 0.000000 -1.000000 -0.000000
v 165.750000 62.250000 4.000000
vt 0.000000 1.093750
vn 0.857493 -0.514496 -0.000000
v 165.535156 62.402344 5.750000
vt 0.016434 1.093750
vn 0.809316 -0.485589 0.330471
v 158.562500 57.937500 7.000000
vt 0.034486 1.187500
vn 0.220527 -0.661581 0.716713
v 161.140625 59.109375 7.000000
vt 0.034486 1.156250
vn 0.354749 -0.591248 0.724279
v 155.515625 57.234375 7.000000
vt 0.034486 1.218750
vn 0.099619 -0.697336 0.709788
v 152.000000 57.000000 7.000000
vt 0.034486 1.250000
vn 0.000000 -0.707107 0.707107
v 163.250000 60.750000 7.000000
vt 0.034486 1.125000
vn 0.485071 -0.485071 0.727607
v 164.890625 62.859375 7.000000
vt 0.034486 1.093750
vn 0.591248 -0.354749 0.724279
v 153.933594 192.121094 5.750000
vt 0.134454 1.031250
vn -0.134061 -0.938430 0.318396
v 155.500000 191.500000 4.000000
vt 0.150888 1.062500
vn -0.316228 -0.948683 -0.000000
v 153.875000 191.875000 4.000000
vt 0.150888 1.031250
vn -0.141421 -0.989950 -0.000000
v 155.609375 191.734375 5.750000
vt 0.134454 1.062500
vn -0.299160 -0.897479 0.324090
v 152.000000 192.250000 5.750000
vt 0.134454 1.000000
vn 0.000000 -0.948683 0.316228
v 152.000000 192.000000 4.000000
vt 0.150888 1.000000
vn 0.000000 -1.000000 -0.000000
v 156.875000 190.875000 4.000000
vt 0.150888 1.093750
vn -0.514496 -0.857493 -0.000000
v 157.027344 191.089844 5.750000
vt 0.134454 1.093750
vn -0.485590 -0.809316 0.330471
v 155.609375 191.734375 2.250000
vt 0.167322 1.062500
vn -0.299160 -0.897479 -0.324090
v 153.933594 192.121094 2.250000
vt 0.167322 1.031250
vn -0.134061 -0.938430 -0.318396
v 152.000000 192.250000 2.250000
vt 0.167322 1.000000
vn 0.000000 -0.948683 -0.316228
v 157.027344 191.089844 2.250000
vt 0.167322 1.093750
vn -0.485590 -0.809316 -0.330471
v 158.000000 190.000000 4.000000
vt 0.150888 1.125000
vn -0.707107 -0.707107 -0.000000
v 158.187500 190.187500 5.750000
vt 0.134454 1.125000
vn -0.666667 -0.666667 0.333333
v 158.187500 190.187500 2.250000
vt 0.167322 1.125000
vn -0.666667 -0.666667 -0.333333
v 154.109375 192.859375 7.000000
vt 0.116402 1.031250
vn -0.099619 -0.697336 0.709788
v 155.937500 192.437500 7.000000
vt 0.116402 1.062500
vn -0.220527 -0.661581 0.716713
v 157.484375 191.734375 7.000000
vt 0.116402 1.093750
vn -0.354749 -0.591248 0.724279
v 152.000000 193.000000 7.000000
vt 0.116402 1.000000
vn 0.000000 -0.707107 0.707107
v 158.750000 190.750000 7.000000
vt 0.116402 1.125000
vn -0.485071 -0.485071 0.727607
v 158.875000 188.875000 4.000000
vt 0.150888 1.156250
vn -0.857493 -0.514496 -0.000000
v 159.089844 189.027344 5.750000
vt 0.134454 1.156250
vn -0.809316 -0.485590 0.330471
v 159.089844 189.027344 2.250000
vt 0.167322 1.156250
vn -0.809316 -0.485590 -0.330471
v 159.734375 189.484375 7.000000
vt 0.116402 1.156250
vn -0.591248 -0.354749 0.724279
v 157.484375 191.734375 1.000000
vt 0.185374 1.093750
vn -0.354749 -0.591248 -0.724279
v 155.937500 192.437500 1.000000
vt 0.185374 1.062500
vn -0.220527 -0.661581 -0.716713
v 154.109375 192.859375 1.000000
vt 0.185374 1.031250
vn -0.099619 -0.697336 -0.709788
v 158.750000 190.750000 1.000000
vt 0.185374 1.125000
vn -0.485071 -0.485071 -0.727607
v 152.000000 193.000000 1.000000
vt 0.185374 1.000000
vn 0.000000 -0.707107 -0.707107
v 159.734375 189.484375 1.000000
vt 0.185374 1.156250
vn -0.591248 -0.354749 -0.724279
v 155.500000 64.500000 4.000000
vt 0.150888 1.187500
vn -0.316228 0.948683 -0.000000
v 153.875000 64.125000 4.000000
vt 0.150888 1.218750
vn -0.141421 0.989950 -0.000000
v 153.933594 63.878906 2.250000
vt 0.167322 1.218750
vn -0.134061 0.938430 -0.318396
v 155.609375 64.265625 2.250000
vt 0.167322 1.187500
vn -0.299160 0.897479 -0.324090
v 152.000000 63.750000 2.250000
vt 0.167322 1.250000
vn 0.000000 0.948683 -0.316228
v 152.000000 64.000000 4.000000
vt 0.150888 1.250000
vn 0.000000 1.000000 -0.000000
v 156.875000 65.125000 4.000000
vt 0.150888 1.156250
vn -0.514496 0.857493 -0.000000
v 157.027344 64.910156 2.250000
vt 0.167322 1.156250
vn -0.485590 0.809316 -0.330471
v 155.609375 64.265625 5.750000
vt 0.134454 1.187500
vn -0.299160 0.897479 0.324090
v 153.933594 63.878906 5.750000
vt 0.134454 1.218750
vn -0.134061 0.938430 0.318396
v 152.000000 63.750000 5.750000
vt 0.134454 1.250000
vn 0.000000 0.948683 0.316228
v 157.027344 64.910156 5.750000
vt 0.134454 1.156250
vn -0.485590 0.809316 0.330471
v 158.000000 66.000000 4.000000
vt 0.150888 1.125000
vn -0.707107 0.707107 -0.000000
v 158.187500 65.812500 2.250000
vt 0.167322 1.125000
vn -0.666667 0.666667 -0.333333
v 158.187500 65.812500 5.750000
vt 0.134454 1.125000
vn -0.666667 0.666667 0.333333
v 154.109375 63.140625 1.000000
vt 0.185374 1.218750
vn -0.099619 0.697336 -0.709788
v 155.937500 63.562500 1.000000
vt 0.185374 1.187500
vn -0.220527 0.661581 -0.716713
v 157.484375 64.265625 1.000000
vt 0.185374 1.156250
vn -0.354749 0.591248 -0.724279
v 152.000000 63.000000 1.000000
vt 0.185374 1.250000
vn 0.000000 0.707107 -0.707107
v 158.750000 65.250000 1.000000
vt 0.185374 1.125000
vn -0.485071 0.485071 -0.727607
v 158.875000 67.125000 4.000000
vt 0.150888 1.093750
vn -0.857493 0.514496 -0.000000
v 159.089844 66.972656 2.250000
vt 0.167322 1.093750
vn -0.809316 0.485590 -0.330471
v 159.089844 66.972656 5.750000
vt 0.134454 1.093750
vn -0.809316 0.485589 0.330471
v 159.734375 66.515625 1.000000
vt 0.185374 1.093750
vn -0.591248 0.354749 -0.724279
v 157.484375 64.265625 7.000000
vt 0.116402 1.156250
vn -0.354749 0.591248 0.724279
v 155.937500 63.562500 7.000000
vt 0.116402 1.187500
vn -0.220527 0.661581 0.716713
v 154.109375 63.140625 7.000000
vt 0.116402 1.218750
vn -0.099619 0.697336 0.709788
v 158.750000 65.250000 7.000000
vt 0.116402 1.125000
vn -0.485071 0.485071 0.727607
v 152.000000 63.000000 7.000000
vt 0.116402 1.250000
vn 0.000000 0.707107 0.707107
v 159.734375 66.515625 7.000000
vt 0.116402 1.093750
vn -0.591248 0.354749 0.724279
f 175/175/175 174/174/174 176/176/176
f 175/175/175 171/171/171 174/174/174
f 171/171/171 172/172/172 174/174/174
f 171/171/171 173/173/173 172/172/172
f 173/173/173 179/179/179 172/172/172
f 173/173/173 180/180/180 179/179/179
f 180/180/180 203/203/203 179/179/179
f 180/180/180 204/204/204 203/203/203
f 204/204/204 151/151/151 203/203/203
f 204/204/204 153/153/153 151/151/151
f 153/153/153 140/140/140 151/151/151
f 153/153/153 149/149/149 140/140/140
f 149/149/149 138/138/138 140/140/140
f 149/149/149 147/147/147 138/138/138
f 147/147/147 136/136/136 138/138/138
f 147/147/147 145/145/145 136/136/136
f 145/145/145 137/137/137 136/136/136
f 145/145/145 146/146/146 137/137/137
f 146/146/146 139/139/139 137/137/137
f 146/146/146 148/148/148 139/139/139
f 148/148/148 144/144/144 139/139/139
f 148/148/148 150/150/150 144/144/144
f 150/150/150 156/156/156 144/144/144
f 150/150/150 157/157/157 156/156/156
f 44/44/44 34/34/34 45/45/45
f 44/44/44 36/36/36 34/34/34
f 36/36/36 24/24/24 34/34/34
f 36/36/36 29/29/29 24/24/24
f 29/29/29 22/22/22 24/24/24
f 29/29/29 27/27/27 22/22/22
f 27/27/27 20/20/20 22/22/22
f 27/27/27 25/25/25 20/20/20
f 25/25/25 21/21/21 20/20/20
f 25/25/25 26/26/26 21/21/21
f 26/26/26 23/23/23 21/21/21
f 26/26/26 28/28/28 23/23/23
f 28/28/28 31/31/31 23/23/23
f 28/28/28 32/32/32 31/31/31
f 32/32/32 39/39/39 31/31/31
f 32/32/32 40/40/40 39/39/39
f 274/274/274 267/267/267 272/272/272
f 274/274/274 269/269/269 267/267/267
f 269/269/269 261/261/261 267/267/267
f 269/269/269 266/266/266 261/261/261
f 266/266/266 259/259/259 261/261/261
f 266/266/266 264/264/264 259/259/259
f 264/264/264 257/257/257 259/259/259
f 264/264/264 262/262/262 257/257/257
f 262/262/262 258/258/258 257/257/257
f 262/262/262 263/263/263 258/258/258
f 263/263/263 260/260/260 258/258/258
f 263/263/263 265/265/265 260/260/260
f 265/265/265 229/229/229 260/260/260
f 265/265/265 232/232/232 229/229/229
f 232/232/232 227/227/227 229/229/229
f 232/232/232 230/230/230 227/227/227
f 230/230/230 228/228/228 227/227/227
f 230/230/230 231/231/231 228/228/228
f 198/198/198 193/193/193 199/199/199
f 198/198/198 192/192/192 193/193/193
f 192/192/192 186/186/186 193/193/193
f 192/192/192 183/183/183 186/186/186
f 183/183/183 184/184/184 186/186/186
f 183/183/183 185/185/185 184/184/184
f 176/176/176 178/178/178 182/182/182
f 176/176/176 174/174/174 178/178/178
f 174/174/174 177/177/177 178/178/178
f 174/174/174 172/172/172 177/177/177
f 172/172/172 181/181/181 177/177/177
f 172/172/172 179/179/179 181/181/181
f 179/179/179 161/161/161 181/181/181
f 179/179/179 203/203/203 161/161/161
f 203/203/203 152/152/152 161/161/161
f 203/203/203 151/151/151 152/152/152
f 151/151/151 135/135/135 152/152/152
f 151/151/151 140/140/140 135/135/135
f 140/140/140 133/133/133 135/135/135
f 140/140/140 138/138/138 133/133/133
f 138/138/138 131/131/131 133/133/133
f 138/138/138 136/136/136 131/131/131
f 136/136/136 132/132/132 131/131/131
f 136/136/136 137/137/137 132/132/132
f 137/137/137 134/134/134 132/132/132
f 137/137/137 139/139/139 134/134/134
f 139/139/139 143/143/143 134/134/134
f 139/139/139 144/144/144 143/143/143
f 144/144/144 155/155/155 143/143/143
f 144/144/144 156/156/156 155/155/155
f 45/45/45 35/35/35 46/46/46
f 45/45/45 34/34/34 35/35/35
f 34/34/34 19/19/19 35/35/35
f 34/34/34 24/24/24 19/19/19
f 24/24/24 15/15/15 19/19/19
f 24/24/24 22/22/22 15/15/15
f 22/22/22 13/13/13 15/15/15
f 22/22/22 20/20/20 13/13/13
f 20/20/20 14/14/14 13/13/13
f 20/20/20 21/21/21 14/14/14
f 21/21/21 16/16/16 14/14/14
f 21/21/21 23/23/23 16/16/16
f 23/23/23 30/30/30 16/16/16
f 23/23/23 31/31/31 30/30/30
f 31/31/31 41/41/41 30/30/30
f 31/31/31 39/39/39 41/41/41
f 272/272/272 268/268/268 273/273/273
f 272/272/272 267/267/267 268/268/268
f 267/267/267 256/256/256 268/268/268
f 267/267/267 261/261/261 256/256/256
f 261/261/261 254/254/254 256/256/256
f 261/261/261 259/259/259 254/254/254
f 259/259/259 252/252/252 254/254/254
f 259/259/259 257/257/257 252/252/252
f 257/257/257 253/253/253 252/252/252
f 257/257/257 258/258/258 253/253/253
f 258/258/258 255/255/255 253/253/253
f 258/258/258 260/260/260 255/255/255
f 260/260/260 226/226/226 255/255/255
f 260/260/260 229/229/229 226/226/226
f 229/229/229 224/224/224 226/226/226
f 229/229/229 227/227/227 224/224/224
f 227/227/227 225/225/225 224/224/224
f 227/227/227 228/228/228 225/225/225
f 199/199/199 194/194/194 200/200/200
f 199/199/199 193/193/193 194/194/194
f 193/193/193 190/190/190 194/194/194
f 193/193/193 186/186/186 190/190/190
f 186/186/186 189/189/189 190/190/190
f 186/186/186 184/184/184 189/189/189
f 182/182/182 188/188/188 191/191/191
f 182/182/182 178/178/178 188/188/188
f 178/178/178 187/187/187 188/188/188
f 178/178/178 177/177/177 187/187/187
f 177/177/177 201/201/201 187/187/187
f 177/177/177 181/181/181 201/201/201
f 181/181/181 162/162/162 201/201/201
f 181/181/181 161/161/161 162/162/162
f 161/161/161 154/154/154 162/162/162
f 161/161/161 152/152/152 154/154/154
f 152/152/152 130/130/130 154/154/154
f 152/152/152 135/135/135 130/130/130
f 135/135/135 127/127/127 130/130/130
f 135/135/135 133/133/133 127/127/127
f 133/133/133 125/125/125 127/127/127
f 133/133/133 131/131/131 125/125/125
f 131/131/131 126/126/126 125/125/125
f 131/131/131 132/132/132 126/126/126
f 132/132/132 128/128/128 126/126/126
f 132/132/132 134/134/134 128/128/128
f 134/134/134 142/142/142 128/128/128
f 134/134/134 143/143/143 142/142/142
f 143/143/143 158/158/158 142/142/142
f 143/143/143 155/155/155 158/158/158
f 46/46/46 37/37/37 48/48/48
f 46/46/46 35/35/35 37/37/37
f 35/35/35 17/17/17 37/37/37
f 35/35/35 19/19/19 17/17/17
f 19/19/19 9/9/9 17/17/17
f 19/19/19 15/15/15 9/9/9
f 15/15/15 7/7/7 9/9/9
f 15/15/15 13/13/13 7/7/7
f 13/13/13 8/8/8 7/7/7
f 13/13/13 14/14/14 8/8/8
f 14/14/14 11/11/11 8/8/8
f 14/14/14 16/16/16 11/11/11
f 16/16/16 33/33/33 11/11/11
f 16/16/16 30/30/30 33/33/33
f 30/30/30 42/42/42 33/33/33
f 30/30/30 41/41/41 42/42/42
f 273/273/273 270/270/270 275/275/275
f 273/273/273 268/268/268 270/270/270
f 268/268/268 251/251/251 270/270/270
f 268/268/268 256/256/256 251/251/251
f 256/256/256 247/247/247 251/251/251
f 256/256/256 254/254/254 247/247/247
f 254/254/254 245/245/245 247/247/247
f 254/254/254 252/252/252 245/245/245
f 252/252/252 246/246/246 245/245/245
f 252/252/252 253/253/253 246/246/246
f 253/253/253 248/248/248 246/246/246
f 253/253/253 255/255/255 248/248/248
f 255/255/255 223/223/223 248/248/248
f 255/255/255 226/226/226 223/223/223
f 226/226/226 220/220/220 223/223/223
f 226/226/226 224/224/224 220/220/220
f 224/224/224 221/221/221 220/220/220
f 224/224/224 225/225/225 221/221/221
f 200/200/200 197/197/197 202/202/202
f 200/200/200 194/194/194 197/197/197
f 194/194/194 196/196/196 197/197/197
f 194/194/194 190/190/190 196/196/196
f 190/190/190 195/195/195 196/196/196
f 190/190/190 189/189/189 195/195/195
f 191/191/191 112/112/112 111/111/111
f 191/191/191 188/188/188 112/112/112
f 188/188/188 84/84/84 112/112/112
f 188/188/188 187/187/187 84/84/84
f 187/187/187 85/85/85 84/84/84
f 187/187/187 201/201/201 85/85/85
f 201/201/201 86/86/86 85/85/85
f 201/201/201 162/162/162 86/86/86
f 162/162/162 89/89/89 86/86/86
f 162/162/162 154/154/154 89/89/89
f 154/154/154 129/129/129 89/89/89
f 154/154/154 130/130/130 129/129/129
f 130/130/130 121/121/121 129/129/129
f 130/130/130 127/127/127 121/121/121
f 127/127/127 119/119/119 121/121/121
f 127/127/127 125/125/125 119/119/119
f 125/125/125 120/120/120 119/119/119
f 125/125/125 126/126/126 120/120/120
f 126/126/126 123/123/123 120/120/120
f 126/126/126 128/128/128 123/123/123
f 128/128/128 141/141/141 123/123/123
f 128/128/128 142/142/142 141/141/141
f 142/142/142 160/160/160 141/141/141
f 142/142/142 158/158/158 160/160/160
f 48/48/48 43/43/43 52/52/52
f 48/48/48 37/37/37 43/43/43
f 37/37/37 18/18/18 43/43/43
f 37/37/37 17/17/17 18/18/18
f 17/17/17 1/1/1 18/18/18
f 17/17/17 9/9/9 1/1/1
f 9/9/9 4/4/4 1/1/1
f 9/9/9 7/7/7 4/4/4
f 7/7/7 6/6/6 4/4/4
f 7/7/7 8/8/8 6/6/6
f 8/8/8 10/10/10 6/6/6
f 8/8/8 11/11/11 10/10/10
f 11/11/11 38/38/38 10/10/10
f 11/11/11 33/33/33 38/38/38
f 33/33/33 49/49/49 38/38/38
f 33/33/33 42/42/42 49/49/49
f 275/275/275 271/271/271 276/276/276
f 275/275/275 270/270/270 271/271/271
f 270/270/270 249/249/249 271/271/271
f 270/270/270 251/251/251 249/249/249
f 251/251/251 241/241/241 249/249/249
f 251/251/251 247/247/247 241/241/241
f 247/247/247 239/239/239 241/241/241
f 247/247/247 245/245/245 239/239/239
f 245/245/245 240/240/240 239/239/239
f 245/245/245 246/246/246 240/240/240
f 246/246/246 243/243/243 240/240/240
f 246/246/246 248/248/248 243/243/243
f 248/248/248 219/219/219 243/243/243
f 248/248/248 223/223/223 219/219/219
f 223/223/223 216/216/216 219/219/219
f 223/223/223 220/220/220 216/216/216
f 220/220/220 214/214/214 216/216/216
f 220/220/220 221/221/221 214/214/214
f 221/221/221 215/215/215 214/214/214
f 221/221/221 222/222/222 215/215/215
f 197/197/197 109/109/109 113/113/113
f 197/197/197 196/196/196 109/109/109
f 196/196/196 110/110/110 109/109/109
f 196/196/196 195/195/195 110/110/110
f 111/111/111 107/107/107 105/105/105
f 111/111/111 112/112/112 107/107/107
f 112/112/112 79/79/79 107/107/107
f 112/112/112 84/84/84 79/79/79
f 84/84/84 80/80/80 79/79/79
f 84/84/84 85/85/85 80/80/80
f 85/85/85 81/81/81 80/80/80
f 85/85/85 86/86/86 81/81/81
f 86/86/86 88/88/88 81/81/81
f 86/86/86 89/89/89 88/88/88
f 89/89/89 92/92/92 88/88/88
f 89/89/89 129/129/129 92/92/92
f 129/129/129 114/114/114 92/92/92
f 129/129/129 121/121/121 114/114/114
f 121/121/121 116/116/116 114/114/114
f 121/121/121 119/119/119 116/116/116
f 119/119/119 118/118/118 116/116/116
f 119/119/119 120/120/120 118/118/118
f 120/120/120 122/122/122 118/118/118
f 120/120/120 123/123/123 122/122/122
f 123/123/123 159/159/159 122/122/122
f 123/123/123 141/141/141 159/159/159
f 141/141/141 163/163/163 159/159/159
f 141/141/141 160/160/160 163/163/163
f 52/52/52 51/51/51 59/59/59
f 52/52/52 43/43/43 51/51/51
f 43/43/43 47/47/47 51/51/51
f 43/43/43 18/18/18 47/47/47
f 18/18/18 2/2/2 47/47/47
f 18/18/18 1/1/1 2/2/2
f 1/1/1 3/3/3 2/2/2
f 1/1/1 4/4/4 3/3/3
f 4/4/4 5/5/5 3/3/3
f 4/4/4 6/6/6 5/5/5
f 6/6/6 12/12/12 5/5/5
f 6/6/6 10/10/10 12/12/12
f 10/10/10 50/50/50 12/12/12
f 10/10/10 38/38/38 50/50/50
f 38/38/38 57/57/57 50/50/50
f 38/38/38 49/49/49 57/57/57
f 276/276/276 283/283/283 284/284/284
f 276/276/276 271/271/271 283/283/283
f 271/271/271 250/250/250 283/283/283
f 271/271/271 249/249/249 250/250/250
f 249/249/249 237/237/237 250/250/250
f 249/249/249 241/241/241 237/237/237
f 241/241/241 233/233/233 237/237/237
f 241/241/241 239/239/239 233/233/233
f 239/239/239 236/236/236 233/233/233
f 239/239/239 240/240/240 236/236/236
f 240/240/240 242/242/242 236/236/236
f 240/240/240 243/243/243 242/242/242
f 243/243/243 217/217/217 242/242/242
f 243/243/243 219/219/219 217/217/217
f 219/219/219 213/213/213 217/217/217
f 219/219/219 216/216/216 213/213/213
f 216/216/216 211/211/211 213/213/213
f 216/216/216 214/214/214 211/211/211
f 214/214/214 212/212/212 211/211/211
f 214/214/214 215/215/215 212/212/212
f 113/113/113 102/102/102 104/104/104
f 113/113/113 109/109/109 102/102/102
f 109/109/109 103/103/103 102/102/102
f 109/109/109 110/110/110 103/103/103
f 105/105/105 82/82/82 106/106/106
f 105/105/105 107/107/107 82/82/82
f 107/107/107 77/77/77 82/82/82
f 107/107/107 79/79/79 77/77/77
f 79/79/79 73/73/73 77/77/77
f 79/79/79 80/80/80 73/73/73
f 80/80/80 75/75/75 73/73/73
f 80/80/80 81/81/81 75/75/75
f 81/81/81 87/87/87 75/75/75
f 81/81/81 88/88/88 87/87/87
f 88/88/88 91/91/91 87/87/87
f 88/88/88 92/92/92 91/91/91
f 92/92/92 95/95/95 91/91/91
f 92/92/92 114/114/114 95/95/95
f 114/114/114 115/115/115 95/95/95
f 114/114/114 116/116/116 115/115/115
f 116/116/116 117/117/117 115/115/115
f 116/116/116 118/118/118 117/117/117
f 118/118/118 124/124/124 117/117/117
f 118/118/118 122/122/122 124/124/124
f 122/122/122 164/164/164 124/124/124
f 122/122/122 159/159/159 164/164/164
f 159/159/159 165/165/165 164/164/164
f 159/159/159 163/163/163 165/165/165
f 59/59/59 61/61/61 63/63/63
f 59/59/59 51/51/51 61/61/61
f 51/51/51 58/58/58 61/61/61
f 51/51/51 47/47/47 58/58/58
f 47/47/47 55/55/55 58/58/58
f 47/47/47 2/2/2 55/55/55
f 2/2/2 54/54/54 55/55/55
f 2/2/2 3/3/3 54/54/54
f 3/3/3 53/53/53 54/54/54
f 3/3/3 5/5/5 53/53/53
f 5/5/5 56/56/56 53/53/53
f 5/5/5 12/12/12 56/56/56
f 12/12/12 60/60/60 56/56/56
f 12/12/12 50/50/50 60/60/60
f 50/50/50 62/62/62 60/60/60
f 50/50/50 57/57/57 62/62/62
f 284/284/284 280/280/280 277/277/277
f 284/284/284 283/283/283 280/280/280
f 283/283/283 282/282/282 280/280/280
f 283/283/283 250/250/250 282/282/282
f 250/250/250 238/238/238 282/282/282
f 250/250/250 237/237/237 238/238/238
f 237/237/237 234/234/234 238/238/238
f 237/237/237 233/233/233 234/234/234
f 233/233/233 235/235/235 234/234/234
f 233/233/233 236/236/236 235/235/235
f 236/236/236 244/244/244 235/235/235
f 236/236/236 242/242/242 244/244/244
f 242/242/242 218/218/218 244/244/244
f 242/242/242 217/217/217 218/218/218
f 217/217/217 205/205/205 218/218/218
f 217/217/217 213/213/213 205/205/205
f 213/213/213 208/208/208 205/205/205
f 213/213/213 211/211/211 208/208/208
f 211/211/211 210/210/210 208/208/208
f 211/211/211 212/212/212 210/210/210
f 104/104/104 96/96/96 100/100/100
f 104/104/104 102/102/102 96/96/96
f 102/102/102 98/98/98 96/96/96
f 102/102/102 103/103/103 98/98/98
f 106/106/106 83/83/83 108/108/108
f 106/106/106 82/82/82 83/83/83
f 82/82/82 78/78/78 83/83/83
f 82/82/82 77/77/77 78/78/78
f 77/77/77 76/76/76 78/78/78
f 77/77/77 73/73/73 76/76/76
f 73/73/73 74/74/74 76/76/76
f 73/73/73 75/75/75 74/74/74
f 75/75/75 90/90/90 74/74/74
f 75/75/75 87/87/87 90/90/90
f 87/87/87 93/93/93 90/90/90
f 87/87/87 91/91/91 93/93/93
f 91/91/91 94/94/94 93/93/93
f 91/91/91 95/95/95 94/94/94
f 95/95/95 167/167/167 94/94/94
f 95/95/95 115/115/115 167/167/167
f 115/115/115 166/166/166 167/167/167
f 115/115/115 117/117/117 166/166/166
f 117/117/117 168/168/168 166/166/166
f 117/117/117 124/124/124 168/168/168
f 124/124/124 169/169/169 168/168/168
f 124/124/124 164/164/164 169/169/169
f 164/164/164 170/170/170 169/169/169
f 164/164/164 165/165/165 170/170/170
f 63/63/63 70/70/70 72/72/72
f 63/63/63 61/61/61 70/70/70
f 61/61/61 68/68/68 70/70/70
f 61/61/61 58/58/58 68/68/68
f 58/58/58 66/66/66 68/68/68
f 58/58/58 55/55/55 66/66/66
f 55/55/55 65/65/65 66/66/66
f 55/55/55 54/54/54 65/65/65
f 54/54/54 64/64/64 65/65/65
f 54/54/54 53/53/53 64/64/64
f 53/53/53 67/67/67 64/64/64
f 53/53/53 56/56/56 67/67/67
f 56/56/56 69/69/69 67/67/67
f 56/56/56 60/60/60 69/69/69
f 60/60/60 71/71/71 69/69/69
f 60/60/60 62/62/62 71/71/71
f 277/277/277 279/279/279 278/278/278
f 277/277/277 280/280/280 279/279/279
f 280/280/280 281/281/281 279/279/279
f 280/280/280 282/282/282 281/281/281
f 282/282/282 285/285/285 281/281/281
f 282/282/282 238/238/238 285/285/285
f 238/238/238 286/286/286 285/285/285
f 238/238/238 234/234/234 286/286/286
f 234/234/234 287/287/287 286/286/286
f 234/234/234 235/235/235 287/287/287
f 235/235/235 288/288/288 287/287/287
f 235/235/235 244/244/244 288/288/288
f 244/244/244 289/289/289 288/288/288
f 244/244/244 218/218/218 289/289/289
f 218/218/218 206/206/206 289/289/289
f 218/218/218 205/205/205 206/206/206
f 205/205/205 207/207/207 206/206/206
f 205/205/205 208/208/208 207/207/207
f 208/208/208 209/209/209 207/207/207
f 208/208/208 210/210/210 209/209/209
f 100/100/100 99/99/99 101/101/101
f 100/100/100 96/96/96 99/99/99
f 96/96/96 97/97/97 99/99/99
f 96/96/96 98/98/98 97/97/97
f 296/296/296 298/298/298 297/297/297
f 296/296/296 299/299/299 298/298/298
f 299/299/299 300/300/300 298/298/298
f 299/299/299 301/301/301 300/300/300
f 308/308/308 307/307/307 309/309/309
f 308/308/308 306/306/306 307/307/307
f 306/306/306 303/303/303 307/307/307
f 306/306/306 302/302/302 303/303/303
f 302/302/302 304/304/304 303/303/303
f 302/302/302 305/305/305 304/304/304
f 305/305/305 310/310/310 304/304/304
f 305/305/305 311/311/311 310/310/310
f 318/318/318 317/317/317 319/319/319
f 318/318/318 316/316/316 317/317/317
f 316/316/316 315/315/315 317/317/317
f 316/316/316 312/312/312 315/315/315
f 312/312/312 313/313/313 315/315/315
f 312/312/312 314/314/314 313/313/313
f 314/314/314 320/320/320 313/313/313
f 314/314/314 321/321/321 320/320/320
f 330/330/330 325/325/325 331/331/331
f 330/330/330 322/322/322 325/325/325
f 322/322/322 323/323/323 325/325/325
f 322/322/322 324/324/324 323/323/323
f 324/324/324 326/326/326 323/323/323
f 324/324/324 327/327/327 326/326/326
f 327/327/327 328/328/328 326/326/326
f 327/327/327 329/329/329 328/328/328
f 294/294/294 293/293/293 295/295/295
f 294/294/294 290/290/290 293/293/293
f 290/290/290 291/291/291 293/293/293
f 290/290/290 292/292/292 291/291/291
f 590/590/590 592/592/592 591/591/591
f 590/590/590 593/593/593 592/592/592
f 593/593/593 605/605/605 592/592/592
f 593/593/593 606/606/606 605/605/605
f 562/562/562 513/513/513 563/563/563
f 562/562/562 512/512/512 513/513/513
f 512/512/512 511/511/511 513/513/513
f 512/512/512 508/508/508 511/511/511
f 508/508/508 509/509/509 511/511/511
f 508/508/508 510/510/510 509/509/509
f 510/510/510 560/560/560 509/509/509
f 510/510/510 561/561/561 560/560/560
f 717/717/717 702/702/702 718/718/718
f 717/717/717 701/701/701 702/702/702
f 701/701/701 698/698/698 702/702/702
f 701/701/701 695/695/695 698/698/698
f 695/695/695 696/696/696 698/698/698
f 695/695/695 697/697/697 696/696/696
f 697/697/697 709/709/709 696/696/696
f 697/697/697 710/710/710 709/709/709
f 438/438/438 400/400/400 439/439/439
f 438/438/438 397/397/397 400/400/400
f 397/397/397 398/398/398 400/400/400
f 397/397/397 399/399/399 398/398/398
f 399/399/399 401/401/401 398/398/398
f 399/399/399 403/403/403 401/401/401
f 403/403/403 445/445/445 401/401/401
f 403/403/403 446/446/446 445/445/445
f 582/582/582 579/579/579 583/583/583
f 582/582/582 576/576/576 579/579/579
f 576/576/576 577/577/577 579/579/579
f 576/576/576 578/578/578 577/577/577
f 760/760/760 761/761/761 763/763/763
f 760/760/760 762/762/762 761/761/761
f 762/762/762 784/784/784 761/761/761
f 762/762/762 785/785/785 784/784/784
f 570/570/570 490/490/490 554/554/554
f 570/570/570 489/489/489 490/490/490
f 489/489/489 460/460/460 490/490/490
f 489/489/489 466/466/466 460/460/460
f 466/466/466 461/461/461 460/460/460
f 466/466/466 467/467/467 461/461/461
f 467/467/467 531/531/531 461/461/461
f 467/467/467 532/532/532 531/531/531
f 830/830/830 817/817/817 831/831/831
f 830/830/830 816/816/816 817/817/817
f 816/816/816 809/809/809 817/817/817
f 816/816/816 806/806/806 809/809/809
f 806/806/806 807/807/807 809/809/809
f 806/806/806 808/808/808 807/807/807
f 808/808/808 846/846/846 807/807/807
f 808/808/808 847/847/847 846/846/846
f 424/424/424 348/348/348 423/423/423
f 424/424/424 347/347/347 348/348/348
f 347/347/347 349/349/349 348/348/348
f 347/347/347 350/350/350 349/349/349
f 350/350/350 370/370/370 349/349/349
f 350/350/350 371/371/371 370/370/370
f 371/371/371 435/435/435 370/370/370
f 371/371/371 451/451/451 435/435/435
f 746/746/746 733/733/733 747/747/747
f 746/746/746 730/730/730 733/733/733
f 730/730/730 731/731/731 733/733/733
f 730/730/730 732/732/732 731/731/731
f 763/763/763 768/768/768 769/769/769
f 763/763/763 761/761/761 768/768/768
f 761/761/761 788/788/788 768/768/768
f 761/761/761 784/784/784 788/788/788
f 554/554/554 502/502/502 550/550/550
f 554/554/554 490/490/490 502/502/502
f 490/490/490 458/458/458 502/502/502
f 490/490/490 460/460/460 458/458/458
f 460/460/460 459/459/459 458/458/458
f 460/460/460 461/461/461 459/459/459
f 461/461/461 530/530/530 459/459/459
f 461/461/461 531/531/531 530/530/530
f 831/831/831 821/821/821 834/834/834
f 831/831/831 817/817/817 821/821/821
f 817/817/817 811/811/811 821/821/821
f 817/817/817 809/809/809 811/811/811
f 809/809/809 810/810/810 811/811/811
f 809/809/809 807/807/807 810/810/810
f 807/807/807 849/849/849 810/810/810
f 807/807/807 846/846/846 849/849/849
f 423/423/423 357/357/357 422/422/422
f 423/423/423 348/348/348 357/357/357
f 348/348/348 356/356/356 357/357/357
f 348/348/348 349/349/349 356/356/356
f 349/349/349 383/383/383 356/356/356
f 349/349/349 370/370/370 383/383/383
f 370/370/370 431/431/431 383/383/383
f 370/370/370 435/435/435 431/431/431
f 747/747/747 739/739/739 749/749/749
f 747/747/747 733/733/733 739/739/739
f 733/733/733 738/738/738 739/739/739
f 733/733/733 731/731/731 738/738/738
f 769/769/769 773/773/773 772/772/772
f 769/769/769 768/768/768 773/773/773
f 768/768/768 790/790/790 773/773/773
f 768/768/768 788/788/788 790/790/790
f 550/550/550 496/496/496 535/535/535
f 550/550/550 502/502/502 496/496/496
f 502/502/502 452/452/452 496/496/496
f 502/502/502 458/458/458 452/452/452
f 458/458/458 454/454/454 452/452/452
f 458/458/458 459/459/459 454/454/454
f 459/459/459 529/529/529 454/454/454
f 459/459/459 530/530/530 529/529/529
f 834/834/834 823/823/823 837/837/837
f 834/834/834 821/821/821 823/823/823
f 821/821/821 822/822/822 823/823/823
f 821/821/821 811/811/811 822/822/822
f 811/811/811 824/824/824 822/822/822
f 811/811/811 810/810/810 824/824/824
f 810/810/810 850/850/850 824/824/824
f 810/810/810 849/849/849 850/850/850
f 422/422/422 359/359/359 421/421/421
f 422/422/422 357/357/357 359/359/359
f 357/357/357 358/358/358 359/359/359
f 357/357/357 356/356/356 358/358/358
f 356/356/356 379/379/379 358/358/358
f 356/356/356 383/383/383 379/379/379
f 383/383/383 428/428/428 379/379/379
f 383/383/383 431/431/431 428/428/428
f 749/749/749 754/754/754 755/755/755
f 749/749/749 739/739/739 754/754/754
f 739/739/739 753/753/753 754/754/754
f 739/739/739 738/738/738 753/753/753
f 772/772/772 793/793/793 792/792/792
f 772/772/772 773/773/773 793/793/793
f 773/773/773 796/796/796 793/793/793
f 773/773/773 790/790/790 796/796/796
f 535/535/535 494/494/494 533/533/533
f 535/535/535 496/496/496 494/494/494
f 496/496/496 455/455/455 494/494/494
f 496/496/496 452/452/452 455/455/455
f 452/452/452 453/453/453 455/455/455
f 452/452/452 454/454/454 453/453/453
f 454/454/454 525/525/525 453/453/453
f 454/454/454 529/529/529 525/525/525
f 837/837/837 841/841/841 857/857/857
f 837/837/837 823/823/823 841/841/841
f 823/823/823 840/840/840 841/841/841
f 823/823/823 822/822/822 840/840/840
f 822/822/822 852/852/852 840/840/840
f 822/822/822 824/824/824 852/852/852
f 824/824/824 856/856/856 852/852/852
f 824/824/824 850/850/850 856/856/856
f 421/421/421 361/361/361 416/416/416
f 421/421/421 359/359/359 361/361/361
f 359/359/359 360/360/360 361/361/361
f 359/359/359 358/358/358 360/360/360
f 358/358/358 378/378/378 360/360/360
f 358/358/358 379/379/379 378/378/378
f 379/379/379 427/427/427 378/378/378
f 379/379/379 428/428/428 427/427/427
f 755/755/755 777/777/777 780/780/780
f 755/755/755 754/754/754 777/777/777
f 754/754/754 776/776/776 777/777/777
f 754/754/754 753/753/753 776/776/776
f 611/611/611 601/601/601 600/600/600
f 611/611/611 612/612/612 601/601/601
f 612/612/612 610/610/610 601/601/601
f 612/612/612 613/613/613 610/610/610
f 533/533/533 495/495/495 534/534/534
f 533/533/533 494/494/494 495/495/495
f 494/494/494 457/457/457 495/495/495
f 494/494/494 455/455/455 457/457/457
f 455/455/455 456/456/456 457/457/457
f 455/455/455 453/453/453 456/456/456
f 453/453/453 524/524/524 456/456/456
f 453/453/453 525/525/525 524/524/524
f 725/725/725 708/708/708 723/723/723
f 725/725/725 722/722/722 708/708/708
f 722/722/722 706/706/706 708/708/708
f 722/722/722 715/715/715 706/706/706
f 715/715/715 707/707/707 706/706/706
f 715/715/715 716/716/716 707/707/707
f 716/716/716 714/714/714 707/707/707
f 716/716/716 724/724/724 714/714/714
f 416/416/416 363/363/363 417/417/417
f 416/416/416 361/361/361 363/363/363
f 361/361/361 362/362/362 363/363/363
f 361/361/361 360/360/360 362/362/362
f 360/360/360 377/377/377 362/362/362
f 360/360/360 378/378/378 377/377/377
f 378/378/378 429/429/429 377/377/377
f 378/378/378 427/427/427 429/429/429
f 604/604/604 588/588/588 587/587/587
f 604/604/604 602/602/602 588/588/588
f 602/602/602 589/589/589 588/588/588
f 602/602/602 603/603/603 589/589/589
f 600/600/600 599/599/599 598/598/598
f 600/600/600 601/601/601 599/599/599
f 601/601/601 609/609/609 599/599/599
f 601/601/601 610/610/610 609/609/609
f 534/534/534 500/500/500 552/552/552
f 534/534/534 495/495/495 500/500/500
f 495/495/495 463/463/463 500/500/500
f 495/495/495 457/457/457 463/463/463
f 457/457/457 462/462/462 463/463/463
f 457/457/457 456/456/456 462/462/462
f 456/456/456 526/526/526 462/462/462
f 456/456/456 524/524/524 526/526/526
f 723/723/723 705/705/705 721/721/721
f 723/723/723 708/708/708 705/705/705
f 708/708/708 699/699/699 705/705/705
f 708/708/708 706/706/706 699/699/699
f 706/706/706 700/700/700 699/699/699
f 706/706/706 707/707/707 700/700/700
f 707/707/707 713/713/713 700/700/700
f 707/707/707 714/714/714 713/713/713
f 417/417/417 365/365/365 418/418/418
f 417/417/417 363/363/363 365/365/365
f 363/363/363 364/364/364 365/365/365
f 363/363/363 362/362/362 364/364/364
f 362/362/362 381/381/381 364/364/364
f 362/362/362 377/377/377 381/381/381
f 377/377/377 433/433/433 381/381/381
f 377/377/377 429/429/429 433/433/433
f 587/587/587 580/580/580 586/586/586
f 587/587/587 588/588/588 580/580/580
f 588/588/588 581/581/581 580/580/580
f 588/588/588 589/589/589 581/581/581
f 598/598/598 597/597/597 594/594/594
f 598/598/598 599/599/599 597/597/597
f 599/599/599 608/608/608 597/597/597
f 599/599/599 609/609/609 608/608/608
f 552/552/552 505/505/505 556/556/556
f 552/552/552 500/500/500 505/505/505
f 500/500/500 465/465/465 505/505/505
f 500/500/500 463/463/463 465/465/465
f 463/463/463 464/464/464 465/465/465
f 463/463/463 462/462/462 464/464/464
f 462/462/462 527/527/527 464/464/464
f 462/462/462 526/526/526 527/527/527
f 721/721/721 703/703/703 719/719/719
f 721/721/721 705/705/705 703/703/703
f 705/705/705 691/691/691 703/703/703
f 705/705/705 699/699/699 691/691/691
f 699/699/699 694/694/694 691/691/691
f 699/699/699 700/700/700 694/694/694
f 700/700/700 712/712/712 694/694/694
f 700/700/700 713/713/713 712/712/712
f 418/418/418 373/373/373 419/419/419
f 418/418/418 365/365/365 373/373/373
f 365/365/365 372/372/372 373/373/373
f 365/365/365 364/364/364 372/372/372
f 364/364/364 384/384/384 372/372/372
f 364/364/364 381/381/381 384/384/384
f 381/381/381 437/437/437 384/384/384
f 381/381/381 433/433/433 437/437/437
f 586/586/586 572/572/572 584/584/584
f 586/586/586 580/580/580 572/572/572
f 580/580/580 575/575/575 572/572/572
f 580/580/580 581/581/581 575/575/575
f 594/594/594 596/596/596 595/595/595
f 594/594/594 597/597/597 596/596/596
f 597/597/597 607/607/607 596/596/596
f 597/597/597 608/608/608 607/607/607
f 556/556/556 514/514/514 564/564/564
f 556/556/556 505/505/505 514/514/514
f 505/505/505 507/507/507 514/514/514
f 505/505/505 465/465/465 507/507/507
f 465/465/465 506/506/506 507/507/507
f 465/465/465 464/464/464 506/506/506
f 464/464/464 528/528/528 506/506/506
f 464/464/464 527/527/527 528/528/528
f 719/719/719 704/704/704 720/720/720
f 719/719/719 703/703/703 704/704/704
f 703/703/703 692/692/692 704/704/704
f 703/703/703 691/691/691 692/692/692
f 691/691/691 693/693/693 692/692/692
f 691/691/691 694/694/694 693/693/693
f 694/694/694 711/711/711 693/693/693
f 694/694/694 712/712/712 711/711/711
f 419/419/419 396/396/396 420/420/420
f 419/419/419 373/373/373 396/396/396
f 373/373/373 395/395/395 396/396/396
f 373/373/373 372/372/372 395/395/395
f 372/372/372 402/402/402 395/395/395
f 372/372/372 384/384/384 402/402/402
f 384/384/384 447/447/447 402/402/402
f 384/384/384 437/437/437 447/447/447
f 584/584/584 573/573/573 585/585/585
f 584/584/584 572/572/572 573/573/573
f 572/572/572 574/574/574 573/573/573
f 572/572/572 575/575/575 574/574/574
f 1175/1175/1175 1174/1174/1174 1171/1171/1171
f 1175/1175/1175 1176/1176/1176 1174/1174/1174
f 1176/1176/1176 1180/1180/1180 1174/1174/1174
f 1176/1176/1176 1181/1181/1181 1180/1180/1180
f 1051/1051/1051 1013/1013/1013 1049/1049/1049
f 1051/1051/1051 1017/1017/1017 1013/1013/1013
f 1017/1017/1017 1011/1011/1011 1013/1013/1013
f 1017/1017/1017 1015/1015/1015 1011/1011/1011
f 1015/1015/1015 1012/1012/1012 1011/1011/1011
f 1015/1015/1015 1016/1016/1016 1012/1012/1012
f 1016/1016/1016 1034/1034/1034 1012/1012/1012
f 1016/1016/1016 1035/1035/1035 1034/1034/1034
f 1258/1258/1258 1240/1240/1240 1255/1255/1255
f 1258/1258/1258 1244/1244/1244 1240/1240/1240
f 1244/1244/1244 1242/1242/1242 1240/1240/1240
f 1244/1244/1244 1245/1245/1245 1242/1242/1242
f 1245/1245/1245 1249/1249/1249 1242/1242/1242
f 1245/1245/1245 1250/1250/1250 1249/1249/1249
f 1250/1250/1250 1266/1266/1266 1249/1249/1249
f 1250/1250/1250 1268/1268/1268 1266/1266/1266
f 922/922/922 870/870/870 921/921/921
f 922/922/922 872/872/872 870/870/870
f 872/872/872 871/871/871 870/870/870
f 872/872/872 873/873/873 871/871/871
f 873/873/873 910/910/910 871/871/871
f 873/873/873 914/914/914 910/910/910
f 914/914/914 948/948/948 910/910/910
f 914/914/914 950/950/950 948/948/948
f 1202/1202/1202 1193/1193/1193 1201/1201/1201
f 1202/1202/1202 1197/1197/1197 1193/1193/1193
f 1197/1197/1197 1194/1194/1194 1193/1193/1193
f 1197/1197/1197 1198/1198/1198 1194/1194/1194
f 1171/1171/1171 1173/1173/1173 1172/1172/1172
f 1171/1171/1171 1174/1174/1174 1173/1173/1173
f 1174/1174/1174 1179/1179/1179 1173/1173/1173
f 1174/1174/1174 1180/1180/1180 1179/1179/1179
f 1049/1049/1049 1006/1006/1006 1045/1045/1045
f 1049/1049/1049 1013/1013/1013 1006/1006/1006
f 1013/1013/1013 998/998/998 1006/1006/1006
f 1013/1013/1013 1011/1011/1011 998/998/998
f 1011/1011/1011 999/999/999 998/998/998
f 1011/1011/1011 1012/1012/1012 999/999/999
f 1012/1012/1012 1033/1033/1033 999/999/999
f 1012/1012/1012 1034/1034/1034 1033/1033/1033
f 1255/1255/1255 1243/1243/1243 1256/1256/1256
f 1255/1255/1255 1240/1240/1240 1243/1243/1243
f 1240/1240/1240 1241/1241/1241 1243/1243/1243
f 1240/1240/1240 1242/1242/1242 1241/1241/1241
f 1242/1242/1242 1248/1248/1248 1241/1241/1241
f 1242/1242/1242 1249/1249/1249 1248/1248/1248
f 1249/1249/1249 1265/1265/1265 1248/1248/1248
f 1249/1249/1249 1266/1266/1266 1265/1265/1265
f 921/921/921 868/868/868 920/920/920
f 921/921/921 870/870/870 868/868/868
f 870/870/870 869/869/869 868/868/868
f 870/870/870 871/871/871 869/869/869
f 871/871/871 907/907/907 869/869/869
f 871/871/871 910/910/910 907/907/907
f 910/910/910 944/944/944 907/907/907
f 910/910/910 948/948/948 944/944/944
f 1201/1201/1201 1189/1189/1189 1199/1199/1199
f 1201/1201/1201 1193/1193/1193 1189/1189/1189
f 1193/1193/1193 1191/1191/1191 1189/1189/1189
f 1193/1193/1193 1194/1194/1194 1191/1191/1191
f 1172/1172/1172 1177/1177/1177 1178/1178/1178
f 1172/1172/1172 1173/1173/1173 1177/1177/1177
f 1173/1173/1173 1182/1182/1182 1177/1177/1177
f 1173/1173/1173 1179/1179/1179 1182/1182/1182
f 1045/1045/1045 1000/1000/1000 1040/1040/1040
f 1045/1045/1045 1006/1006/1006 1000/1000/1000
f 1006/1006/1006 996/996/996 1000/1000/1000
f 1006/1006/1006 998/998/998 996/996/996
f 998/998/998 997/997/997 996/996/996
f 998/998/998 999/999/999 997/997/997
f 999/999/999 1032/1032/1032 997/997/997
f 999/999/999 1033/1033/1033 1032/1032/1032
f 1256/1256/1256 1247/1247/1247 1257/1257/1257
f 1256/1256/1256 1243/1243/1243 1247/1247/1247
f 1243/1243/1243 1246/1246/1246 1247/1247/1247
f 1243/1243/1243 1241/1241/1241 1246/1246/1246
f 1241/1241/1241 1251/1251/1251 1246/1246/1246
f 1241/1241/1241 1248/1248/1248 1251/1251/1251
f 1248/1248/1248 1264/1264/1264 1251/1251/1251
f 1248/1248/1248 1265/1265/1265 1264/1264/1264
f 920/920/920 862/862/862 918/918/918
f 920/920/920 868/868/868 862/862/862
f 868/868/868 863/863/863 862/862/862
f 868/868/868 869/869/869 863/863/863
f 869/869/869 904/904/904 863/863/863
f 869/869/869 907/907/907 904/904/904
f 907/907/907 939/939/939 904/904/904
f 907/907/907 944/944/944 939/939/939
f 1199/1199/1199 1192/1192/1192 1200/1200/1200
f 1199/1199/1199 1189/1189/1189 1192/1192/1192
f 1189/1189/1189 1190/1190/1190 1192/1192/1192
f 1189/1189/1189 1191/1191/1191 1190/1190/1190
f 1178/1178/1178 1183/1183/1183 1184/1184/1184
f 1178/1178/1178 1177/1177/1177 1183/1183/1183
f 1177/1177/1177 1185/1185/1185 1183/1183/1183
f 1177/1177/1177 1182/1182/1182 1185/1185/1185
f 1040/1040/1040 1001/1001/1001 1041/1041/1041
f 1040/1040/1040 1000/1000/1000 1001/1001/1001
f 1000/1000/1000 994/994/994 1001/1001/1001
f 1000/1000/1000 996/996/996 994/994/994
f 996/996/996 995/995/995 994/994/994
f 996/996/996 997/997/997 995/995/995
f 997/997/997 1028/1028/1028 995/995/995
f 997/997/997 1032/1032/1032 1028/1028/1028
f 1257/1257/1257 1253/1253/1253 1259/1259/1259
f 1257/1257/1257 1247/1247/1247 1253/1253/1253
f 1247/1247/1247 1252/1252/1252 1253/1253/1253
f 1247/1247/1247 1246/1246/1246 1252/1252/1252
f 1246/1246/1246 1254/1254/1254 1252/1252/1252
f 1246/1246/1246 1251/1251/1251 1254/1254/1254
f 1251/1251/1251 1267/1267/1267 1254/1254/1254
f 1251/1251/1251 1264/1264/1264 1267/1267/1267
f 918/918/918 858/858/858 919/919/919
f 918/918/918 862/862/862 858/858/858
f 862/862/862 861/861/861 858/858/858
f 862/862/862 863/863/863 861/861/861
f 863/863/863 903/903/903 861/861/861
f 863/863/863 904/904/904 903/903/903
f 904/904/904 938/938/938 903/903/903
f 904/904/904 939/939/939 938/938/938
f 1200/1200/1200 1196/1196/1196 1203/1203/1203
f 1200/1200/1200 1192/1192/1192 1196/1196/1196
f 1192/1192/1192 1195/1195/1195 1196/1196/1196
f 1192/1192/1192 1190/1190/1190 1195/1195/1195
f 1184/1184/1184 1187/1187/1187 1188/1188/1188
f 1184/1184/1184 1183/1183/1183 1187/1187/1187
f 1183/1183/1183 1186/1186/1186 1187/1187/1187
f 1183/1183/1183 1185/1185/1185 1186/1186/1186
f 1041/1041/1041 1002/1002/1002 1043/1043/1043
f 1041/1041/1041 1001/1001/1001 1002/1002/1002
f 1001/1001/1001 992/992/992 1002/1002/1002
f 1001/1001/1001 994/994/994 992/992/992
f 994/994/994 993/993/993 992/992/992
f 994/994/994 995/995/995 993/993/993
f 995/995/995 1027/1027/1027 993/993/993
f 995/995/995 1028/1028/1028 1027/1027/1027
f 1259/1259/1259 1261/1261/1261 1263/1263/1263
f 1259/1259/1259 1253/1253/1253 1261/1261/1261
f 1253/1253/1253 1260/1260/1260 1261/1261/1261
f 1253/1253/1253 1252/1252/1252 1260/1260/1260
f 1252/1252/1252 1262/1262/1262 1260/1260/1260
f 1252/1252/1252 1254/1254/1254 1262/1262/1262
f 1254/1254/1254 1269/1269/1269 1262/1262/1262
f 1254/1254/1254 1267/1267/1267 1269/1269/1269
f 919/919/919 859/859/859 923/923/923
f 919/919/919 858/858/858 859/859/859
f 858/858/858 860/860/860 859/859/859
f 858/858/858 861/861/861 860/860/860
f 861/861/861 905/905/905 860/860/860
f 861/861/861 903/903/903 905/905/905
f 903/903/903 942/942/942 905/905/905
f 903/903/903 938/938/938 942/942/942
f 1160/1160/1160 1132/1132/1132 1134/1134/1134
f 1160/1160/1160 1158/1158/1158 1132/1132/1132
f 1158/1158/1158 1133/1133/1133 1132/1132/1132
f 1158/1158/1158 1159/1159/1159 1133/1133/1133
f 1156/1156/1156 1153/1153/1153 1152/1152/1152
f 1156/1156/1156 1157/1157/1157 1153/1153/1153
f 1157/1157/1157 1167/1167/1167 1153/1153/1153
f 1157/1157/1157 1169/1169/1169 1167/1167/1167
f 1043/1043/1043 1008/1008/1008 1047/1047/1047
f 1043/1043/1043 1002/1002/1002 1008/1008/1008
f 1002/1002/1002 990/990/990 1008/1008/1008
f 1002/1002/1002 992/992/992 990/990/990
f 992/992/992 991/991/991 990/990/990
f 992/992/992 993/993/993 991/991/991
f 993/993/993 1029/1029/1029 991/991/991
f 993/993/993 1027/1027/1027 1029/1029/1029
f 1096/1096/1096 1080/1080/1080 1095/1095/1095
f 1096/1096/1096 1085/1085/1085 1080/1080/1080
f 1085/1085/1085 1072/1072/1072 1080/1080/1080
f 1085/1085/1085 1086/1086/1086 1072/1072/1072
f 1086/1086/1086 1073/1073/1073 1072/1072/1072
f 1086/1086/1086 1087/1087/1087 1073/1073/1073
f 1087/1087/1087 1104/1104/1104 1073/1073/1073
f 1087/1087/1087 1107/1107/1107 1104/1104/1104
f 923/923/923 865/865/865 924/924/924
f 923/923/923 859/859/859 865/865/865
f 859/859/859 864/864/864 865/865/865
f 859/859/859 860/860/860 864/864/864
f 860/860/860 909/909/909 864/864/864
f 860/860/860 905/905/905 909/909/909
f 905/905/905 946/946/946 909/909/909
f 905/905/905 942/942/942 946/946/946
f 1134/1134/1134 1122/1122/1122 1130/1130/1130
f 1134/1134/1134 1132/1132/1132 1122/1122/1122
f 1132/1132/1132 1123/1123/1123 1122/1122/1122
f 1132/1132/1132 1133/1133/1133 1123/1123/1123
f 1152/1152/1152 1149/1149/1149 1146/1146/1146
f 1152/1152/1152 1153/1153/1153 1149/1149/1149
f 1153/1153/1153 1164/1164/1164 1149/1149/1149
f 1153/1153/1153 1167/1167/1167 1164/1164/1164
f 1047/1047/1047 988/988/988 1053/1053/1053
f 1047/1047/1047 1008/1008/1008 988/988/988
f 1008/1008/1008 975/975/975 988/988/988
f 1008/1008/1008 990/990/990 975/975/975
f 990/990/990 977/977/977 975/975/975
f 990/990/990 991/991/991 977/977/977
f 991/991/991 1030/1030/1030 977/977/977
f 991/991/991 1029/1029/1029 1030/1030/1030
f 1095/1095/1095 1078/1078/1078 1092/1092/1092
f 1095/1095/1095 1080/1080/1080 1078/1078/1078
f 1080/1080/1080 1062/1062/1062 1078/1078/1078
f 1080/1080/1080 1072/1072/1072 1062/1062/1062
f 1072/1072/1072 1065/1065/1065 1062/1062/1062
f 1072/1072/1072 1073/1073/1073 1065/1065/1065
f 1073/1073/1073 1101/1101/1101 1065/1065/1065
f 1073/1073/1073 1104/1104/1104 1101/1101/1101
f 924/924/924 867/867/867 925/925/925
f 924/924/924 865/865/865 867/867/867
f 865/865/865 866/866/866 867/867/867
f 865/865/865 864/864/864 866/866/866
f 864/864/864 888/888/888 866/866/866
f 864/864/864 909/909/909 888/888/888
f 909/909/909 952/952/952 888/888/888
f 909/909/909 946/946/946 952/952/952
f 1130/1130/1130 1116/1116/1116 1126/1126/1126
f 1130/1130/1130 1122/1122/1122 1116/1116/1116
f 1122/1122/1122 1119/1119/1119 1116/1116/1116
f 1122/1122/1122 1123/1123/1123 1119/1119/1119
f 1146/1146/1146 1148/1148/1148 1147/1147/1147
f 1146/1146/1146 1149/1149/1149 1148/1148/1148
f 1149/1149/1149 1163/1163/1163 1148/1148/1148
f 1149/1149/1149 1164/1164/1164 1163/1163/1163
f 1053/1053/1053 989/989/989 1057/1057/1057
f 1053/1053/1053 988/988/988 989/989/989
f 988/988/988 978/978/978 989/989/989
f 988/988/988 975/975/975 978/978/978
f 975/975/975 976/976/976 978/978/978
f 975/975/975 977/977/977 976/976/976
f 977/977/977 1031/1031/1031 976/976/976
f 977/977/977 1030/1030/1030 1031/1031/1031
f 1092/1092/1092 1079/1079/1079 1093/1093/1093
f 1092/1092/1092 1078/1078/1078 1079/1079/1079
f 1078/1078/1078 1063/1063/1063 1079/1079/1079
f 1078/1078/1078 1062/1062/1062 1063/1063/1063
f 1062/1062/1062 1064/1064/1064 1063/1063/1063
f 1062/1062/1062 1065/1065/1065 1064/1064/1064
f 1065/1065/1065 1100/1100/1100 1064/1064/1064
f 1065/1065/1065 1101/1101/1101 1100/1100/1100
f 925/925/925 875/875/875 926/926/926
f 925/925/925 867/867/867 875/875/875
f 867/867/867 874/874/874 875/875/875
f 867/867/867 866/866/866 874/874/874
f 866/866/866 887/887/887 874/874/874
f 866/866/866 888/888/888 887/887/887
f 888/888/888 956/956/956 887/887/887
f 888/888/888 952/952/952 956/956/956
f 1126/1126/1126 1117/1117/1117 1127/1127/1127
f 1126/1126/1126 1116/1116/1116 1117/1117/1117
f 1116/1116/1116 1118/1118/1118 1117/1117/1117
f 1116/1116/1116 1119/1119/1119 1118/1118/1118
f 756/756/756 758/758/758 757/757/757
f 756/756/756 759/759/759 758/758/758
f 759/759/759 782/782/782 758/758/758
f 759/759/759 783/783/783 782/782/782
f 568/568/568 491/491/491 569/569/569
f 568/568/568 486/486/486 491/491/491
f 486/486/486 469/469/469 491/491/491
f 486/486/486 468/468/468 469/469/469
f 468/468/468 470/470/470 469/469/469
f 468/468/468 471/471/471 470/470/470
f 471/471/471 545/545/545 470/470/470
f 471/471/471 546/546/546 545/545/545
f 828/828/828 815/815/815 829/829/829
f 828/828/828 814/814/814 815/815/815
f 814/814/814 799/799/799 815/815/815
f 814/814/814 798/798/798 799/799/799
f 798/798/798 800/800/800 799/799/799
f 798/798/798 801/801/801 800/800/800
f 801/801/801 842/842/842 800/800/800
f 801/801/801 843/843/843 842/842/842
f 425/425/425 352/352/352 426/426/426
f 425/425/425 351/351/351 352/352/352
f 351/351/351 353/353/353 352/352/352
f 351/351/351 354/354/354 353/353/353
f 354/354/354 366/366/366 353/353/353
f 354/354/354 367/367/367 366/366/366
f 367/367/367 448/448/448 366/366/366
f 367/367/367 449/449/449 448/448/448
f 742/742/742 729/729/729 743/743/743
f 742/742/742 726/726/726 729/729/729
f 726/726/726 727/727/727 729/729/729
f 726/726/726 728/728/728 727/727/727
f 1138/1138/1138 1140/1140/1140 1139/1139/1139
f 1138/1138/1138 1141/1141/1141 1140/1140/1140
f 1141/1141/1141 1161/1161/1161 1140/1140/1140
f 1141/1141/1141 1162/1162/1162 1161/1161/1161
f 1054/1054/1054 985/985/985 1055/1055/1055
f 1054/1054/1054 984/984/984 985/985/985
f 984/984/984 982/982/982 985/985/985
f 984/984/984 979/979/979 982/982/982
f 979/979/979 980/980/980 982/982/982
f 979/979/979 981/981/981 980/980/980
f 981/981/981 1036/1036/1036 980/980/980
f 981/981/981 1037/1037/1037 1036/1036/1036
f 1088/1088/1088 1075/1075/1075 1089/1089/1089
f 1088/1088/1088 1074/1074/1074 1075/1075/1075
f 1074/1074/1074 1059/1059/1059 1075/1075/1075
f 1074/1074/1074 1058/1058/1058 1059/1059/1059
f 1058/1058/1058 1060/1060/1060 1059/1059/1059
f 1058/1058/1058 1061/1061/1061 1060/1060/1060
f 1061/1061/1061 1098/1098/1098 1060/1060/1060
f 1061/1061/1061 1099/1099/1099 1098/1098/1098
f 936/936/936 879/879/879 937/937/937
f 936/936/936 876/876/876 879/879/879
f 876/876/876 877/877/877 879/879/879
f 876/876/876 878/878/878 877/877/877
f 878/878/878 884/884/884 877/877/877
f 878/878/878 889/889/889 884/884/884
f 889/889/889 954/954/954 884/884/884
f 889/889/889 955/955/955 954/954/954
f 1124/1124/1124 1111/1111/1111 1125/1125/1125
f 1124/1124/1124 1108/1108/1108 1111/1111/1111
f 1108/1108/1108 1109/1109/1109 1111/1111/1111
f 1108/1108/1108 1110/1110/1110 1109/1109/1109
f 614/614/614 615/615/615 617/617/617
f 614/614/614 616/616/616 615/615/615
f 616/616/616 636/636/636 615/615/615
f 616/616/616 637/637/637 636/636/636
f 567/567/567 504/504/504 557/557/557
f 567/567/567 522/522/522 504/504/504
f 522/522/522 492/492/492 504/504/504
f 522/522/522 515/515/515 492/492/492
f 515/515/515 493/493/493 492/492/492
f 515/515/515 516/516/516 493/493/493
f 516/516/516 539/539/539 493/493/493
f 516/516/516 540/540/540 539/539/539
f 676/676/676 657/657/657 677/677/677
f 676/676/676 654/654/654 657/657/657
f 654/654/654 655/655/655 657/657/657
f 654/654/654 656/656/656 655/655/655
f 656/656/656 664/664/664 655/655/655
f 656/656/656 665/665/665 664/664/664
f 665/665/665 684/684/684 664/664/664
f 665/665/665 685/685/685 684/684/684
f 408/408/408 344/344/344 407/407/407
f 408/408/408 386/386/386 344/344/344
f 386/386/386 345/345/345 344/344/344
f 386/386/386 387/387/387 345/345/345
f 387/387/387 385/385/385 345/345/345
f 387/387/387 394/394/394 385/385/385
f 394/394/394 436/436/436 385/385/385
f 394/394/394 444/444/444 436/436/436
f 647/647/647 629/629/629 648/648/648
f 647/647/647 626/626/626 629/629/629
f 626/626/626 627/627/627 629/629/629
f 626/626/626 628/628/628 627/627/627
f 617/617/617 622/622/622 623/623/623
f 617/617/617 615/615/615 622/622/622
f 615/615/615 638/638/638 622/622/622
f 615/615/615 636/636/636 638/638/638
f 557/557/557 501/501/501 553/553/553
f 557/557/557 504/504/504 501/501/501
f 504/504/504 484/484/484 501/501/501
f 504/504/504 492/492/492 484/484/484
f 492/492/492 485/485/485 484/484/484
f 492/492/492 493/493/493 485/485/485
f 493/493/493 538/538/538 485/485/485
f 493/493/493 539/539/539 538/538/538
f 677/677/677 663/663/663 678/678/678
f 677/677/677 657/657/657 663/663/663
f 657/657/657 662/662/662 663/663/663
f 657/657/657 655/655/655 662/662/662
f 655/655/655 666/666/666 662/662/662
f 655/655/655 664/664/664 666/666/666
f 664/664/664 686/686/686 666/666/666
f 664/664/664 684/684/684 686/686/686
f 407/407/407 342/342/342 406/406/406
f 407/407/407 344/344/344 342/342/342
f 344/344/344 343/343/343 342/342/342
f 344/344/344 345/345/345 343/343/343
f 345/345/345 380/380/380 343/343/343
f 345/345/345 385/385/385 380/380/380
f 385/385/385 432/432/432 380/380/380
f 385/385/385 436/436/436 432/432/432
f 648/648/648 631/631/631 649/649/649
f 648/648/648 629/629/629 631/631/631
f 629/629/629 630/630/630 631/631/631
f 629/629/629 627/627/627 630/630/630
f 623/623/623 632/632/632 633/633/633
f 623/623/623 622/622/622 632/632/632
f 622/622/622 639/639/639 632/632/632
f 622/622/622 638/638/638 639/639/639
f 553/553/553 497/497/497 549/549/549
f 553/553/553 501/501/501 497/497/497
f 501/501/501 482/482/482 497/497/497
f 501/501/501 484/484/484 482/482/482
f 484/484/484 483/483/483 482/482/482
f 484/484/484 485/485/485 483/483/483
f 485/485/485 537/537/537 483/483/483
f 485/485/485 538/538/538 537/537/537
f 678/678/678 672/672/672 679/679/679
f 678/678/678 663/663/663 672/672/672
f 663/663/663 671/671/671 672/672/672
f 663/663/663 662/662/662 671/671/671
f 662/662/662 673/673/673 671/671/671
f 662/662/662 666/666/666 673/673/673
f 666/666/666 688/688/688 673/673/673
f 666/666/666 686/686/686 688/688/688
f 406/406/406 336/336/336 404/404/404
f 406/406/406 342/342/342 336/336/336
f 342/342/342 337/337/337 336/336/336
f 342/342/342 343/343/343 337/337/337
f 343/343/343 375/375/375 337/337/337
f 343/343/343 380/380/380 375/375/375
f 380/380/380 414/414/414 375/375/375
f 380/380/380 432/432/432 414/414/414
f 649/649/649 641/641/641 650/650/650
f 649/649/649 631/631/631 641/641/641
f 631/631/631 640/640/640 641/641/641
f 631/631/631 630/630/630 640/640/640
f 633/633/633 642/642/642 643/643/643
f 633/633/633 632/632/632 642/642/642
f 632/632/632 644/644/644 642/642/642
f 632/632/632 639/639/639 644/644/644
f 549/549/549 498/498/498 547/547/547
f 549/549/549 497/497/497 498/498/498
f 497/497/497 480/480/480 498/498/498
f 497/497/497 482/482/482 480/480/480
f 482/482/482 481/481/481 480/480/480
f 482/482/482 483/483/483 481/481/481
f 483/483/483 536/536/536 481/481/481
f 483/483/483 537/537/537 536/536/536
f 679/679/679 681/681/681 689/689/689
f 679/679/679 672/672/672 681/681/681
f 672/672/672 680/680/680 681/681/681
f 672/672/672 671/671/671 680/680/680
f 671/671/671 687/687/687 680/680/680
f 671/671/671 673/673/673 687/687/687
f 673/673/673 690/690/690 687/687/687
f 673/673/673 688/688/688 690/690/690
f 404/404/404 332/332/332 405/405/405
f 404/404/404 336/336/336 332/332/332
f 336/336/336 335/335/335 332/332/332
f 336/336/336 337/337/337 335/335/335
f 337/337/337 374/374/374 335/335/335
f 337/337/337 375/375/375 374/374/374
f 375/375/375 413/413/413 374/374/374
f 375/375/375 414/414/414 413/413/413
f 650/650/650 652/652/652 653/653/653
f 650/650/650 641/641/641 652/652/652
f 641/641/641 651/651/651 652/652/652
f 641/641/641 640/640/640 651/651/651
f 794/794/794 775/775/775 774/774/774
f 794/794/794 795/795/795 775/775/775
f 795/795/795 791/791/791 775/775/775
f 795/795/795 797/797/797 791/791/791
f 547/547/547 499/499/499 548/548/548
f 547/547/547 498/498/498 499/499/499
f 498/498/498 478/478/478 499/499/499
f 498/498/498 480/480/480 478/478/478
f 480/480/480 479/479/479 478/478/478
f 480/480/480 481/481/481 479/479/479
f 481/481/481 541/541/541 479/479/479
f 481/481/481 536/536/536 541/541/541
f 855/855/855 825/825/825 836/836/836
f 855/855/855 838/838/838 825/825/825
f 838/838/838 826/826/826 825/825/825
f 838/838/838 839/839/839 826/826/826
f 839/839/839 827/827/827 826/826/826
f 839/839/839 853/853/853 827/827/827
f 853/853/853 851/851/851 827/827/827
f 853/853/853 854/854/854 851/851/851
f 405/405/405 333/333/333 409/409/409
f 405/405/405 332/332/332 333/333/333
f 332/332/332 334/334/334 333/333/333
f 332/332/332 335/335/335 334/334/334
f 335/335/335 376/376/376 334/334/334
f 335/335/335 374/374/374 376/376/376
f 374/374/374 415/415/415 376/376/376
f 374/374/374 413/413/413 415/415/415
f 781/781/781 750/750/750 752/752/752
f 781/781/781 778/778/778 750/750/750
f 778/778/778 751/751/751 750/750/750
f 778/778/778 779/779/779 751/751/751
f 774/774/774 771/771/771 770/770/770
f 774/774/774 775/775/775 771/771/771
f 775/775/775 789/789/789 771/771/771
f 775/775/775 791/791/791 789/789/789
f 548/548/548 503/503/503 551/551/551
f 548/548/548 499/499/499 503/503/503
f 499/499/499 476/476/476 503/503/503
f 499/499/499 478/478/478 476/476/476
f 478/478/478 477/477/477 476/476/476
f 478/478/478 479/479/479 477/477/477
f 479/479/479 542/542/542 477/477/477
f 479/479/479 541/541/541 542/542/542
f 836/836/836 820/820/820 835/835/835
f 836/836/836 825/825/825 820/820/820
f 825/825/825 812/812/812 820/820/820
f 825/825/825 826/826/826 812/812/812
f 826/826/826 813/813/813 812/812/812
f 826/826/826 827/827/827 813/813/813
f 827/827/827 848/848/848 813/813/813
f 827/827/827 851/851/851 848/848/848
f 409/409/409 339/339/339 410/410/410
f 409/409/409 333/333/333 339/339/339
f 333/333/333 338/338/338 339/339/339
f 333/333/333 334/334/334 338/338/338
f 334/334/334 382/382/382 338/338/338
f 334/334/334 376/376/376 382/382/382
f 376/376/376 430/430/430 382/382/382
f 376/376/376 415/415/415 430/430/430
f 752/752/752 740/740/740 748/748/748
f 752/752/752 750/750/750 740/740/740
f 750/750/750 741/741/741 740/740/740
f 750/750/750 751/751/751 741/741/741
f 770/770/770 767/767/767 764/764/764
f 770/770/770 771/771/771 767/767/767
f 771/771/771 787/787/787 767/767/767
f 771/771/771 789/789/789 787/787/787
f 551/551/551 487/487/487 555/555/555
f 551/551/551 503/503/503 487/487/487
f 503/503/503 472/472/472 487/487/487
f 503/503/503 476/476/476 472/472/472
f 476/476/476 475/475/475 472/472/472
f 476/476/476 477/477/477 475/475/475
f 477/477/477 543/543/543 475/475/475
f 477/477/477 542/542/542 543/543/543
f 835/835/835 818/818/818 832/832/832
f 835/835/835 820/820/820 818/818/818
f 820/820/820 802/802/802 818/818/818
f 820/820/820 812/812/812 802/802/802
f 812/812/812 805/805/805 802/802/802
f 812/812/812 813/813/813 805/805/805
f 813/813/813 845/845/845 805/805/805
f 813/813/813 848/848/848 845/845/845
f 410/410/410 341/341/341 411/411/411
f 410/410/410 339/339/339 341/341/341
f 339/339/339 340/340/340 341/341/341
f 339/339/339 338/338/338 340/340/340
f 338/338/338 369/369/369 340/340/340
f 338/338/338 382/382/382 369/369/369
f 382/382/382 434/434/434 369/369/369
f 382/382/382 430/430/430 434/434/434
f 748/748/748 734/734/734 744/744/744
f 748/748/748 740/740/740 734/734/734
f 740/740/740 737/737/737 734/734/734
f 740/740/740 741/741/741 737/737/737
f 764/764/764 766/766/766 765/765/765
f 764/764/764 767/767/767 766/766/766
f 767/767/767 786/786/786 766/766/766
f 767/767/767 787/787/787 786/786/786
f 555/555/555 488/488/488 571/571/571
f 555/555/555 487/487/487 488/488/488
f 487/487/487 473/473/473 488/488/488
f 487/487/487 472/472/472 473/473/473
f 472/472/472 474/474/474 473/473/473
f 472/472/472 475/475/475 474/474/474
f 475/475/475 544/544/544 474/474/474
f 475/475/475 543/543/543 544/544/544
f 832/832/832 819/819/819 833/833/833
f 832/832/832 818/818/818 819/819/819
f 818/818/818 803/803/803 819/819/819
f 818/818/818 802/802/802 803/803/803
f 802/802/802 804/804/804 803/803/803
f 802/802/802 805/805/805 804/804/804
f 805/805/805 844/844/844 804/804/804
f 805/805/805 845/845/845 844/844/844
f 411/411/411 355/355/355 412/412/412
f 411/411/411 341/341/341 355/355/355
f 341/341/341 346/346/346 355/355/355
f 341/341/341 340/340/340 346/346/346
f 340/340/340 368/368/368 346/346/346
f 340/340/340 369/369/369 368/368/368
f 369/369/369 450/450/450 368/368/368
f 369/369/369 434/434/434 450/450/450
f 744/744/744 735/735/735 745/745/745
f 744/744/744 734/734/734 735/735/735
f 734/734/734 736/736/736 735/735/735
f 734/734/734 737/737/737 736/736/736
f 1142/1142/1142 1143/1143/1143 1145/1145/1145
f 1142/1142/1142 1144/1144/1144 1143/1143/1143
f 1144/1144/1144 1165/1165/1165 1143/1143/1143
f 1144/1144/1144 1166/1166/1166 1165/1165/1165
f 1056/1056/1056 987/987/987 1052/1052/1052
f 1056/1056/1056 986/986/986 987/987/987
f 986/986/986 966/966/966 987/987/987
f 986/986/986 974/974/974 966/966/966
f 974/974/974 967/967/967 966/966/966
f 974/974/974 983/983/983 967/967/967
f 983/983/983 1025/1025/1025 967/967/967
f 983/983/983 1026/1026/1026 1025/1025/1025
f 1090/1090/1090 1077/1077/1077 1091/1091/1091
f 1090/1090/1090 1076/1076/1076 1077/1077/1077
f 1076/1076/1076 1069/1069/1069 1077/1077/1077
f 1076/1076/1076 1066/1066/1066 1069/1069/1069
f 1066/1066/1066 1067/1067/1067 1069/1069/1069
f 1066/1066/1066 1068/1068/1068 1067/1067/1067
f 1068/1068/1068 1102/1102/1102 1067/1067/1067
f 1068/1068/1068 1103/1103/1103 1102/1102/1102
f 931/931/931 883/883/883 930/930/930
f 931/931/931 880/880/880 883/883/883
f 880/880/880 881/881/881 883/883/883
f 880/880/880 882/882/882 881/881/881
f 882/882/882 885/885/885 881/881/881
f 882/882/882 886/886/886 885/885/885
f 886/886/886 953/953/953 885/885/885
f 886/886/886 957/957/957 953/953/953
f 1128/1128/1128 1115/1115/1115 1129/1129/1129
f 1128/1128/1128 1112/1112/1112 1115/1115/1115
f 1112/1112/1112 1113/1113/1113 1115/1115/1115
f 1112/1112/1112 1114/1114/1114 1113/1113/1113
f 1145/1145/1145 1150/1150/1150 1151/1151/1151
f 1145/1145/1145 1143/1143/1143 1150/1150/1150
f 1143/1143/1143 1168/1168/1168 1150/1150/1150
f 1143/1143/1143 1165/1165/1165 1168/1168/1168
f 1052/1052/1052 1009/1009/1009 1046/1046/1046
f 1052/1052/1052 987/987/987 1009/1009/1009
f 987/987/987 964/964/964 1009/1009/1009
f 987/987/987 966/966/966 964/964/964
f 966/966/966 965/965/965 964/964/964
f 966/966/966 967/967/967 965/965/965
f 967/967/967 1024/1024/1024 965/965/965
f 967/967/967 1025/1025/1025 1024/1024/1024
f 1091/1091/1091 1081/1081/1081 1094/1094/1094
f 1091/1091/1091 1077/1077/1077 1081/1081/1081
f 1077/1077/1077 1071/1071/1071 1081/1081/1081
f 1077/1077/1077 1069/1069/1069 1071/1071/1071
f 1069/1069/1069 1070/1070/1070 1071/1071/1071
f 1069/1069/1069 1067/1067/1067 1070/1070/1070
f 1067/1067/1067 1105/1105/1105 1070/1070/1070
f 1067/1067/1067 1102/1102/1102 1105/1105/1105
f 930/930/930 891/891/891 929/929/929
f 930/930/930 883/883/883 891/891/891
f 883/883/883 890/890/890 891/891/891
f 883/883/883 881/881/881 890/890/890
f 881/881/881 908/908/908 890/890/890
f 881/881/881 885/885/885 908/908/908
f 885/885/885 947/947/947 908/908/908
f 885/885/885 953/953/953 947/947/947
f 1129/1129/1129 1121/1121/1121 1131/1131/1131
f 1129/1129/1129 1115/1115/1115 1121/1121/1121
f 1115/1115/1115 1120/1120/1120 1121/1121/1121
f 1115/1115/1115 1113/1113/1113 1120/1120/1120
f 1151/1151/1151 1155/1155/1155 1154/1154/1154
f 1151/1151/1151 1150/1150/1150 1155/1155/1155
f 1150/1150/1150 1170/1170/1170 1155/1155/1155
f 1150/1150/1150 1168/1168/1168 1170/1170/1170
f 1046/1046/1046 1005/1005/1005 1042/1042/1042
f 1046/1046/1046 1009/1009/1009 1005/1005/1005
f 1009/1009/1009 958/958/958 1005/1005/1005
f 1009/1009/1009 964/964/964 958/958/958
f 964/964/964 960/960/960 958/958/958
f 964/964/964 965/965/965 960/960/960
f 965/965/965 1023/1023/1023 960/960/960
f 965/965/965 1024/1024/1024 1023/1023/1023
f 1094/1094/1094 1083/1083/1083 1097/1097/1097
f 1094/1094/1094 1081/1081/1081 1083/1083/1083
f 1081/1081/1081 1082/1082/1082 1083/1083/1083
f 1081/1081/1081 1071/1071/1071 1082/1082/1082
f 1071/1071/1071 1084/1084/1084 1082/1082/1082
f 1071/1071/1071 1070/1070/1070 1084/1084/1084
f 1070/1070/1070 1106/1106/1106 1084/1084/1084
f 1070/1070/1070 1105/1105/1105 1106/1106/1106
f 929/929/929 893/893/893 927/927/927
f 929/929/929 891/891/891 893/893/893
f 891/891/891 892/892/892 893/893/893
f 891/891/891 890/890/890 892/892/892
f 890/890/890 902/902/902 892/892/892
f 890/890/890 908/908/908 902/902/902
f 908/908/908 943/943/943 902/902/902
f 908/908/908 947/947/947 943/943/943
f 1131/1131/1131 1136/1136/1136 1137/1137/1137
f 1131/1131/1131 1121/1121/1121 1136/1136/1136
f 1121/1121/1121 1135/1135/1135 1136/1136/1136
f 1121/1121/1121 1120/1120/1120 1135/1135/1135
f 1232/1232/1232 1229/1229/1229 1228/1228/1228
f 1232/1232/1232 1233/1233/1233 1229/1229/1229
f 1233/1233/1233 1238/1238/1238 1229/1229/1229
f 1233/1233/1233 1239/1239/1239 1238/1238/1238
f 1042/1042/1042 1003/1003/1003 1038/1038/1038
f 1042/1042/1042 1005/1005/1005 1003/1003/1003
f 1005/1005/1005 961/961/961 1003/1003/1003
f 1005/1005/1005 958/958/958 961/961/961
f 958/958/958 959/959/959 961/961/961
f 958/958/958 960/960/960 959/959/959
f 960/960/960 1019/1019/1019 959/959/959
f 960/960/960 1023/1023/1023 1019/1019/1019
f 1299/1299/1299 1284/1284/1284 1297/1297/1297
f 1299/1299/1299 1292/1292/1292 1284/1284/1284
f 1292/1292/1292 1282/1282/1282 1284/1284/1284
f 1292/1292/1292 1290/1290/1290 1282/1282/1282
f 1290/1290/1290 1283/1283/1283 1282/1282/1282
f 1290/1290/1290 1291/1291/1291 1283/1283/1283
f 1291/1291/1291 1289/1289/1289 1283/1283/1283
f 1291/1291/1291 1293/1293/1293 1289/1289/1289
f 927/927/927 895/895/895 928/928/928
f 927/927/927 893/893/893 895/895/895
f 893/893/893 894/894/894 895/895/895
f 893/893/893 892/892/892 894/894/894
f 892/892/892 901/901/901 894/894/894
f 892/892/892 902/902/902 901/901/901
f 902/902/902 941/941/941 901/901/901
f 902/902/902 943/943/943 941/941/941
f 1219/1219/1219 1216/1216/1216 1218/1218/1218
f 1219/1219/1219 1220/1220/1220 1216/1216/1216
f 1220/1220/1220 1217/1217/1217 1216/1216/1216
f 1220/1220/1220 1221/1221/1221 1217/1217/1217
f 1228/1228/1228 1225/1225/1225 1222/1222/1222
f 1228/1228/1228 1229/1229/1229 1225/1225/1225
f 1229/1229/1229 1235/1235/1235 1225/1225/1225
f 1229/1229/1229 1238/1238/1238 1235/1235/1235
f 1038/1038/1038 1004/1004/1004 1039/1039/1039
f 1038/1038/1038 1003/1003/1003 1004/1004/1004
f 1003/1003/1003 963/963/963 1004/1004/1004
f 1003/1003/1003 961/961/961 963/963/963
f 961/961/961 962/962/962 963/963/963
f 961/961/961 959/959/959 962/962/962
f 959/959/959 1018/1018/1018 962/962/962
f 959/959/959 1019/1019/1019 1018/1018/1018
f 1297/1297/1297 1281/1281/1281 1294/1294/1294
f 1297/1297/1297 1284/1284/1284 1281/1281/1281
f 1284/1284/1284 1276/1276/1276 1281/1281/1281
f 1284/1284/1284 1282/1282/1282 1276/1276/1276
f 1282/1282/1282 1277/1277/1277 1276/1276/1276
f 1282/1282/1282 1283/1283/1283 1277/1277/1277
f 1283/1283/1283 1287/1287/1287 1277/1277/1277
f 1283/1283/1283 1289/1289/1289 1287/1287/1287
f 928/928/928 897/897/897 932/932/932
f 928/928/928 895/895/895 897/897/897
f 895/895/895 896/896/896 897/897/897
f 895/895/895 894/894/894 896/896/896
f 894/894/894 900/900/900 896/896/896
f 894/894/894 901/901/901 900/900/900
f 901/901/901 940/940/940 900/900/900
f 901/901/901 941/941/941 940/940/940
f 1218/1218/1218 1210/1210/1210 1215/1215/1215
f 1218/1218/1218 1216/1216/1216 1210/1210/1210
f 1216/1216/1216 1211/1211/1211 1210/1210/1210
f 1216/1216/1216 1217/1217/1217 1211/1211/1211
f 1222/1222/1222 1224/1224/1224 1223/1223/1223
f 1222/1222/1222 1225/1225/1225 1224/1224/1224
f 1225/1225/1225 1234/1234/1234 1224/1224/1224
f 1225/1225/1225 1235/1235/1235 1234/1234/1234
f 1039/1039/1039 1007/1007/1007 1044/1044/1044
f 1039/1039/1039 1004/1004/1004 1007/1007/1007
f 1004/1004/1004 969/969/969 1007/1007/1007
f 1004/1004/1004 963/963/963 969/969/969
f 963/963/963 968/968/968 969/969/969
f 963/963/963 962/962/962 968/968/968
f 962/962/962 1020/1020/1020 968/968/968
f 962/962/962 1018/1018/1018 1020/1020/1020
f 1294/1294/1294 1278/1278/1278 1295/1295/1295
f 1294/1294/1294 1281/1281/1281 1278/1278/1278
f 1281/1281/1281 1270/1270/1270 1278/1278/1278
f 1281/1281/1281 1276/1276/1276 1270/1270/1270
f 1276/1276/1276 1273/1273/1273 1270/1270/1270
f 1276/1276/1276 1277/1277/1277 1273/1273/1273
f 1277/1277/1277 1286/1286/1286 1273/1273/1273
f 1277/1277/1277 1287/1287/1287 1286/1286/1286
f 932/932/932 899/899/899 933/933/933
f 932/932/932 897/897/897 899/899/899
f 897/897/897 898/898/898 899/899/899
f 897/897/897 896/896/896 898/898/898
f 896/896/896 906/906/906 898/898/898
f 896/896/896 900/900/900 906/906/906
f 900/900/900 945/945/945 906/906/906
f 900/900/900 940/940/940 945/945/945
f 1215/1215/1215 1204/1204/1204 1212/1212/1212
f 1215/1215/1215 1210/1210/1210 1204/1204/1204
f 1210/1210/1210 1206/1206/1206 1204/1204/1204
f 1210/1210/1210 1211/1211/1211 1206/1206/1206
f 1223/1223/1223 1226/1226/1226 1227/1227/1227
f 1223/1223/1223 1224/1224/1224 1226/1226/1226
f 1224/1224/1224 1236/1236/1236 1226/1226/1226
f 1224/1224/1224 1234/1234/1234 1236/1236/1236
f 1044/1044/1044 1010/1010/1010 1048/1048/1048
f 1044/1044/1044 1007/1007/1007 1010/1010/1010
f 1007/1007/1007 971/971/971 1010/1010/1010
f 1007/1007/1007 969/969/969 971/971/971
f 969/969/969 970/970/970 971/971/971
f 969/969/969 968/968/968 970/970/970
f 968/968/968 1021/1021/1021 970/970/970
f 968/968/968 1020/1020/1020 1021/1021/1021
f 1295/1295/1295 1279/1279/1279 1296/1296/1296
f 1295/1295/1295 1278/1278/1278 1279/1279/1279
f 1278/1278/1278 1271/1271/1271 1279/1279/1279
f 1278/1278/1278 1270/1270/1270 1271/1271/1271
f 1270/1270/1270 1272/1272/1272 1271/1271/1271
f 1270/1270/1270 1273/1273/1273 1272/1272/1272
f 1273/1273/1273 1285/1285/1285 1272/1272/1272
f 1273/1273/1273 1286/1286/1286 1285/1285/1285
f 933/933/933 912/912/912 934/934/934
f 933/933/933 899/899/899 912/912/912
f 899/899/899 911/911/911 912/912/912
f 899/899/899 898/898/898 911/911/911
f 898/898/898 913/913/913 911/911/911
f 898/898/898 906/906/906 913/913/913
f 906/906/906 949/949/949 913/913/913
f 906/906/906 945/945/945 949/949/949
f 1212/1212/1212 1207/1207/1207 1213/1213/1213
f 1212/1212/1212 1204/1204/1204 1207/1207/1207
f 1204/1204/1204 1205/1205/1205 1207/1207/1207
f 1204/1204/1204 1206/1206/1206 1205/1205/1205
f 1227/1227/1227 1230/1230/1230 1231/1231/1231
f 1227/1227/1227 1226/1226/1226 1230/1230/1230
f 1226/1226/1226 1237/1237/1237 1230/1230/1230
f 1226/1226/1226 1236/1236/1236 1237/1237/1237
f 1048/1048/1048 1014/1014/1014 1050/1050/1050
f 1048/1048/1048 1010/1010/1010 1014/1014/1014
f 1010/1010/1010 973/973/973 1014/1014/1014
f 1010/1010/1010 971/971/971 973/973/973
f 971/971/971 972/972/972 973/973/973
f 971/971/971 970/970/970 972/972/972
f 970/970/970 1022/1022/1022 972/972/972
f 970/970/970 1021/1021/1021 1022/1022/1022
f 1296/1296/1296 1280/1280/1280 1298/1298/1298
f 1296/1296/1296 1279/1279/1279 1280/1280/1280
f 1279/1279/1279 1275/1275/1275 1280/1280/1280
f 1279/1279/1279 1271/1271/1271 1275/1275/1275
f 1271/1271/1271 1274/1274/1274 1275/1275/1275
f 1271/1271/1271 1272/1272/1272 1274/1274/1274
f 1272/1272/1272 1288/1288/1288 1274/1274/1274
f 1272/1272/1272 1285/1285/1285 1288/1288/1288
f 934/934/934 916/916/916 935/935/935
f 934/934/934 912/912/912 916/916/916
f 912/912/912 915/915/915 916/916/916
f 912/912/912 911/911/911 915/915/915
f 911/911/911 917/917/917 915/915/915
f 911/911/911 913/913/913 917/917/917
f 913/913/913 951/951/951 917/917/917
f 913/913/913 949/949/949 951/951/951
f 1213/1213/1213 1209/1209/1209 1214/1214/1214
f 1213/1213/1213 1207/1207/1207 1209/1209/1209
f 1207/1207/1207 1208/1208/1208 1209/1209/1209
f 1207/1207/1207 1205/1205/1205 1208/1208/1208
f 658/658/658 659/659/659 661/661/661
f 658/658/658 660/660/660 659/659/659
f 660/660/660 674/674/674 659/659/659
f 660/660/660 675/675/675 674/674/674
f 558/558/558 520/520/520 559/559/559
f 558/558/558 517/517/517 520/520/520
f 517/517/517 518/518/518 520/520/520
f 517/517/517 519/519/519 518/518/518
f 519/519/519 521/521/521 518/518/518
f 519/519/519 523/523/523 521/521/521
f 523/523/523 565/565/565 521/521/521
f 523/523/523 566/566/566 565/565/565
f 634/634/634 621/621/621 635/635/635
f 634/634/634 618/618/618 621/621/621
f 618/618/618 619/619/619 621/621/621
f 618/618/618 620/620/620 619/619/619
f 620/620/620 624/624/624 619/619/619
f 620/620/620 625/625/625 624/624/624
f 625/625/625 645/645/645 624/624/624
f 625/625/625 646/646/646 645/645/645
f 442/442/442 393/393/393 443/443/443
f 442/442/442 392/392/392 393/393/393
f 392/392/392 391/391/391 393/393/393
f 392/392/392 388/388/388 391/391/391
f 388/388/388 389/389/389 391/391/391
f 388/388/388 390/390/390 389/389/389
f 390/390/390 440/440/440 389/389/389
f 390/390/390 441/441/441 440/440/440
f 682/682/682 670/670/670 683/683/683
f 682/682/682 667/667/667 670/670/670
f 667/667/667 668/668/668 670/670/670
f 667/667/667 669/669/669 668/668/668
