# Generated by makebsp -bsp2obj
# Source: C:/Users/German/Documents/My Games/Warfork 2.1/basewf/models/mapobjects/handrails/sources/m_handrail1_long
# Axis swap: Q3 Z-up -> OBJ Y-up (X=X, Y=Z, Z=-Y)
o m_handrail1_long
mtllib m_handrail1_long.mtl
g mat0m0s12
usemtl textures/metal_vertex/vertex_aluminium
v 207.312500 194.312500 8.000000
vt 0.075444 1.093750
vn 0.000000 0.000000 1.000000
v 207.687500 191.687500 7.750000
vt 0.096732 1.125000
vn -0.212000 -0.212000 0.953998
v 206.246094 192.808594 7.750000
vt 0.096732 1.093750
vn -0.155618 -0.259363 0.953160
v 209.000000 193.000000 8.000000
vt 0.075444 1.125000
vn 0.000000 0.000000 1.000000
v 208.808594 190.246094 7.750000
vt 0.096732 1.156250
vn -0.259363 -0.155618 0.953160
v 210.312500 191.312500 8.000000
vt 0.075444 1.156250
vn 0.000000 0.000000 1.000000
v 205.250000 195.250000 8.000000
vt 0.075444 1.062500
vn 0.000000 0.000000 1.000000
v 204.484375 193.609375 7.750000
vt 0.096732 1.062500
vn -0.097561 -0.292683 0.951220
v 202.812500 195.812500 8.000000
vt 0.075444 1.031250
vn 0.000000 0.000000 1.000000
v 202.402344 194.089844 7.750000
vt 0.096732 1.031250
vn -0.044416 -0.310914 0.949399
v 209.609375 188.484375 7.750000
vt 0.096732 1.187500
vn -0.292683 -0.097561 0.951220
v 211.250000 189.250000 8.000000
vt 0.075444 1.187500
vn 0.000000 0.000000 1.000000
v 210.089844 186.402344 7.750000
vt 0.096732 1.218750
vn -0.310914 -0.044416 0.949399
v 211.812500 186.812500 8.000000
vt 0.075444 1.218750
vn 0.000000 0.000000 1.000000
v 210.250000 184.000000 7.750000
vt 0.096732 1.250000
vn -0.316228 0.000000 0.948683
v 212.000000 72.000000 8.000000
vt 0.075444 1.000000
vn 0.000000 0.000000 1.000000
v 211.812500 69.187500 8.000000
vt 0.075444 1.031250
vn 0.000000 0.000000 1.000000
v 210.089844 69.597656 7.750000
vt 0.096732 1.031250
vn -0.310914 0.044416 0.949399
v 210.250000 72.000000 7.750000
vt 0.096732 1.000000
vn -0.316228 0.000000 0.948683
v 212.000000 184.000000 8.000000
vt 0.062500 1.000000
vn 0.000000 0.000000 1.000000
v 212.000000 72.000000 8.000000
vt 0.062500 1.875000
vn 0.000000 0.000000 1.000000
v 210.250000 72.000000 7.750000
vt 0.078125 1.875000
vn -0.316228 0.000000 0.948683
v 210.250000 184.000000 7.750000
vt 0.078125 1.000000
vn -0.316228 0.000000 0.948683
v 212.000000 184.000000 8.000000
vt 0.075444 1.250000
vn 0.000000 0.000000 1.000000
v 213.750000 184.000000 7.750000
vt 0.046875 1.000000
vn 0.316228 -0.000000 0.948683
v 213.535156 187.222656 7.750000
vt 0.054156 1.218750
vn 0.310914 0.044416 0.949399
v 213.750000 184.000000 7.750000
vt 0.054156 1.250000
vn 0.316228 -0.000000 0.948683
v 213.750000 72.000000 7.750000
vt 0.054156 1.000000
vn 0.316228 0.000000 0.948683
v 213.535156 68.777344 7.750000
vt 0.054156 1.031250
vn 0.310914 -0.044416 0.949399
v 213.750000 72.000000 7.750000
vt 0.046875 1.875000
vn 0.316228 0.000000 0.948683
v 209.609375 67.515625 7.750000
vt 0.096732 1.062500
vn -0.292683 0.097561 0.951220
v 211.250000 66.750000 8.000000
vt 0.075444 1.062500
vn 0.000000 0.000000 1.000000
v 208.808594 65.753906 7.750000
vt 0.096732 1.093750
vn -0.259363 0.155618 0.953160
v 210.312500 64.687500 8.000000
vt 0.075444 1.093750
vn 0.000000 0.000000 1.000000
v 207.687500 64.312500 7.750000
vt 0.096732 1.125000
vn -0.212000 0.212000 0.953998
v 209.000000 63.000000 8.000000
vt 0.075444 1.125000
vn 0.000000 0.000000 1.000000
v 206.246094 63.191406 7.750000
vt 0.096732 1.156250
vn -0.155618 0.259363 0.953160
v 207.312500 61.687500 8.000000
vt 0.075444 1.156250
vn 0.000000 0.000000 1.000000
v 204.484375 62.390625 7.750000
vt 0.096732 1.187500
vn -0.097561 0.292683 0.951220
v 205.250000 60.750000 8.000000
vt 0.075444 1.187500
vn 0.000000 0.000000 1.000000
v 202.402344 61.910156 7.750000
vt 0.096732 1.218750
vn -0.044416 0.310914 0.949399
v 202.812500 60.187500 8.000000
vt 0.075444 1.218750
vn 0.000000 0.000000 1.000000
v 210.312500 61.687500 7.750000
vt 0.054156 1.125000
vn 0.212000 -0.212000 0.953998
v 208.378906 60.183594 7.750000
vt 0.054156 1.156250
vn 0.155618 -0.259363 0.953160
v 211.816406 63.621094 7.750000
vt 0.054156 1.093750
vn 0.259363 -0.155618 0.953160
v 208.378906 195.816406 7.750000
vt 0.054156 1.093750
vn 0.155618 0.259363 0.953160
v 210.312500 194.312500 7.750000
vt 0.054156 1.125000
vn 0.212000 0.212000 0.953998
v 211.816406 192.378906 7.750000
vt 0.054156 1.156250
vn 0.259363 0.155618 0.953160
v 206.015625 59.109375 7.750000
vt 0.054156 1.187500
vn 0.097561 -0.292683 0.951220
v 206.015625 196.890625 7.750000
vt 0.054156 1.062500
vn 0.097561 0.292683 0.951220
v 212.890625 65.984375 7.750000
vt 0.054156 1.062500
vn 0.292683 -0.097561 0.951220
v 212.890625 190.015625 7.750000
vt 0.054156 1.187500
vn 0.292683 0.097561 0.951220
v 203.222656 197.535156 7.750000
vt 0.054156 1.031250
vn 0.044416 0.310914 0.949399
v 203.222656 58.464844 7.750000
vt 0.054156 1.218750
vn 0.044416 -0.310914 0.949399
v 200.000000 61.750000 7.750000
vt 0.096732 1.250000
vn 0.000000 0.316228 0.948683
v -328.000000 60.000000 8.000000
vt 0.075444 1.000000
vn 0.000000 0.000000 1.000000
v -330.812500 60.187500 8.000000
vt 0.075444 1.031250
vn 0.000000 0.000000 1.000000
v -330.402344 61.910156 7.750000
vt 0.096732 1.031250
vn 0.044416 0.310914 0.949399
v -328.000000 61.750000 7.750000
vt 0.096732 1.000000
vn 0.000000 0.316228 0.948683
v -328.000000 61.750000 7.750000
vt 0.046875 1.000000
vn 0.000000 0.316228 0.948683
v 200.000000 60.000000 8.000000
vt 0.062500 3.375000
vn 0.000000 0.000000 1.000000
v -328.000000 60.000000 8.000000
vt 0.062500 1.000000
vn 0.000000 0.000000 1.000000
v 200.000000 61.750000 7.750000
vt 0.046875 3.375000
vn 0.000000 0.316228 0.948683
v 200.000000 60.000000 8.000000
vt 0.075444 1.250000
vn 0.000000 0.000000 1.000000
v 200.000000 58.250000 7.750000
vt 0.078125 3.375000
vn -0.000000 -0.316228 0.948683
v 200.000000 58.250000 7.750000
vt 0.054156 1.250000
vn -0.000000 -0.316228 0.948683
v -328.000000 58.250000 7.750000
vt 0.054156 1.000000
vn 0.000000 -0.316228 0.948683
v -331.222656 58.464844 7.750000
vt 0.054156 1.031250
vn -0.044416 -0.310914 0.949399
v -328.000000 58.250000 7.750000
vt 0.078125 1.000000
vn 0.000000 -0.316228 0.948683
v -332.484375 62.390625 7.750000
vt 0.096732 1.062500
vn 0.097561 0.292683 0.951220
v -333.250000 60.750000 8.000000
vt 0.075444 1.062500
vn 0.000000 0.000000 1.000000
v -334.246094 63.191406 7.750000
vt 0.096732 1.093750
vn 0.155618 0.259363 0.953160
v -335.312500 61.687500 8.000000
vt 0.075444 1.093750
vn 0.000000 0.000000 1.000000
v -335.687500 64.312500 7.750000
vt 0.096732 1.125000
vn 0.212000 0.212000 0.953998
v -337.000000 63.000000 8.000000
vt 0.075444 1.125000
vn 0.000000 0.000000 1.000000
v -336.808594 65.753906 7.750000
vt 0.096732 1.156250
vn 0.259363 0.155618 0.953160
v -338.312500 64.687500 8.000000
vt 0.075444 1.156250
vn 0.000000 0.000000 1.000000
v -338.312500 61.687500 7.750000
vt 0.054156 1.125000
vn -0.212000 -0.212000 0.953998
v -339.816406 63.621094 7.750000
vt 0.054156 1.156250
vn -0.259363 -0.155618 0.953160
v -336.378906 60.183594 7.750000
vt 0.054156 1.093750
vn -0.155618 -0.259363 0.953160
v -334.015625 59.109375 7.750000
vt 0.054156 1.062500
vn -0.097561 -0.292683 0.951220
v -337.609375 67.515625 7.750000
vt 0.096732 1.187500
vn 0.292683 0.097561 0.951220
v -339.250000 66.750000 8.000000
vt 0.075444 1.187500
vn 0.000000 0.000000 1.000000
v -340.890625 65.984375 7.750000
vt 0.054156 1.187500
vn -0.292683 -0.097561 0.951220
v -338.089844 69.597656 7.750000
vt 0.096732 1.218750
vn 0.310914 0.044416 0.949399
v -339.812500 69.187500 8.000000
vt 0.075444 1.218750
vn 0.000000 0.000000 1.000000
v -341.535156 68.777344 7.750000
vt 0.054156 1.218750
vn -0.310914 -0.044416 0.949399
v -338.250000 72.000000 7.750000
vt 0.096732 1.250000
vn 0.316228 0.000000 0.948683
v -340.000000 184.000000 8.000000
vt 0.075444 1.000000
vn 0.000000 0.000000 1.000000
v -339.812500 186.812500 8.000000
vt 0.075444 1.031250
vn 0.000000 0.000000 1.000000
v -338.089844 186.402344 7.750000
vt 0.096732 1.031250
vn 0.310914 -0.044416 0.949399
v -338.250000 184.000000 7.750000
vt 0.096732 1.000000
vn 0.316228 0.000000 0.948683
v -340.000000 72.000000 8.000000
vt 0.062500 1.000000
vn 0.000000 0.000000 1.000000
v -340.000000 184.000000 8.000000
vt 0.062500 1.875000
vn 0.000000 0.000000 1.000000
v -338.250000 184.000000 7.750000
vt 0.078125 1.875000
vn 0.316228 0.000000 0.948683
v -338.250000 72.000000 7.750000
vt 0.078125 1.000000
vn 0.316228 0.000000 0.948683
v -340.000000 72.000000 8.000000
vt 0.075444 1.250000
vn 0.000000 0.000000 1.000000
v -341.750000 72.000000 7.750000
vt 0.046875 1.000000
vn -0.316228 0.000000 0.948683
v -341.750000 72.000000 7.750000
vt 0.054156 1.250000
vn -0.316228 0.000000 0.948683
v -341.750000 184.000000 7.750000
vt 0.054156 1.000000
vn -0.316228 -0.000000 0.948683
v -341.535156 187.222656 7.750000
vt 0.054156 1.031250
vn -0.310914 0.044416 0.949399
v -341.750000 184.000000 7.750000
vt 0.046875 1.875000
vn -0.316228 -0.000000 0.948683
v -337.609375 188.484375 7.750000
vt 0.096732 1.062500
vn 0.292683 -0.097561 0.951220
v -339.250000 189.250000 8.000000
vt 0.075444 1.062500
vn 0.000000 0.000000 1.000000
v -336.808594 190.246094 7.750000
vt 0.096732 1.093750
vn 0.259363 -0.155618 0.953160
v -338.312500 191.312500 8.000000
vt 0.075444 1.093750
vn 0.000000 0.000000 1.000000
v -335.687500 191.687500 7.750000
vt 0.096732 1.125000
vn 0.212000 -0.212000 0.953998
v -337.000000 193.000000 8.000000
vt 0.075444 1.125000
vn 0.000000 0.000000 1.000000
v -339.816406 192.378906 7.750000
vt 0.054156 1.093750
vn -0.259363 0.155618 0.953160
v -338.312500 194.312500 7.750000
vt 0.054156 1.125000
vn -0.212000 0.212000 0.953998
v -334.246094 192.808594 7.750000
vt 0.096732 1.156250
vn 0.155618 -0.259363 0.953160
v -335.312500 194.312500 8.000000
vt 0.075444 1.156250
vn 0.000000 0.000000 1.000000
v -336.378906 195.816406 7.750000
vt 0.054156 1.156250
vn -0.155618 0.259363 0.953160
v -340.890625 190.015625 7.750000
vt 0.054156 1.062500
vn -0.292683 0.097561 0.951220
v -332.484375 193.609375 7.750000
vt 0.096732 1.187500
vn 0.097561 -0.292683 0.951220
v -333.250000 195.250000 8.000000
vt 0.075444 1.187500
vn 0.000000 0.000000 1.000000
v -334.015625 196.890625 7.750000
vt 0.054156 1.187500
vn -0.097561 0.292683 0.951220
v -330.402344 194.089844 7.750000
vt 0.096732 1.218750
vn 0.044416 -0.310914 0.949399
v -330.812500 195.812500 8.000000
vt 0.075444 1.218750
vn 0.000000 0.000000 1.000000
v -331.222656 197.535156 7.750000
vt 0.054156 1.218750
vn -0.044416 0.310914 0.949399
v -328.000000 194.250000 7.750000
vt 0.096732 1.250000
vn 0.000000 -0.316228 0.948683
v 200.000000 196.000000 8.000000
vt 0.075444 1.000000
vn 0.000000 0.000000 1.000000
v 200.000000 194.250000 7.750000
vt 0.096732 1.000000
vn 0.000000 -0.316228 0.948683
v -328.000000 196.000000 8.000000
vt 0.062500 1.000000
vn 0.000000 0.000000 1.000000
v 200.000000 196.000000 8.000000
vt 0.062500 3.375000
vn 0.000000 0.000000 1.000000
v 200.000000 194.250000 7.750000
vt 0.078125 3.375000
vn 0.000000 -0.316228 0.948683
v -328.000000 194.250000 7.750000
vt 0.078125 1.000000
vn 0.000000 -0.316228 0.948683
v -328.000000 196.000000 8.000000
vt 0.075444 1.250000
vn 0.000000 0.000000 1.000000
v -328.000000 197.750000 7.750000
vt 0.046875 1.000000
vn 0.000000 0.316228 0.948683
v -328.000000 197.750000 7.750000
vt 0.054156 1.250000
vn 0.000000 0.316228 0.948683
v 200.000000 197.750000 7.750000
vt 0.054156 1.000000
vn -0.000000 0.316228 0.948683
v 200.000000 197.750000 7.750000
vt 0.046875 3.375000
vn -0.000000 0.316228 0.948683
v -333.484375 191.734375 7.000000
vt 0.116402 1.156250
vn 0.354749 -0.591248 0.724279
v -334.750000 190.750000 7.000000
vt 0.116402 1.125000
vn 0.485071 -0.485071 0.727607
v -331.937500 192.437500 7.000000
vt 0.116402 1.187500
vn 0.220527 -0.661581 0.716713
v -330.109375 192.859375 7.000000
vt 0.116402 1.218750
vn 0.099619 -0.697336 0.709788
v -328.000000 193.000000 7.000000
vt 0.116402 1.250000
vn 0.000000 -0.707107 0.707107
v -335.734375 189.484375 7.000000
vt 0.116402 1.093750
vn 0.591248 -0.354749 0.724279
v -336.437500 187.937500 7.000000
vt 0.116402 1.062500
vn 0.661582 -0.220527 0.716713
v -336.859375 186.109375 7.000000
vt 0.116402 1.031250
vn 0.697336 -0.099619 0.709788
v -337.000000 184.000000 7.000000
vt 0.116402 1.000000
vn 0.707107 0.000000 0.707107
v 205.484375 64.265625 7.000000
vt 0.116402 1.156250
vn -0.354749 0.591248 0.724279
v 206.750000 65.250000 7.000000
vt 0.116402 1.125000
vn -0.485071 0.485071 0.727607
v 203.937500 63.562500 7.000000
vt 0.116402 1.187500
vn -0.220527 0.661581 0.716713
v 202.109375 63.140625 7.000000
vt 0.116402 1.218750
vn -0.099619 0.697336 0.709788
v 200.000000 63.000000 7.000000
vt 0.116402 1.250000
vn 0.000000 0.707107 0.707107
v 207.734375 66.515625 7.000000
vt 0.116402 1.093750
vn -0.591248 0.354749 0.724279
v 208.437500 68.062500 7.000000
vt 0.116402 1.062500
vn -0.661582 0.220527 0.716713
v 208.859375 69.890625 7.000000
vt 0.116402 1.031250
vn -0.697336 0.099619 0.709788
v 209.000000 72.000000 7.000000
vt 0.116402 1.000000
vn -0.707107 0.000000 0.707107
v -335.734375 66.515625 7.000000
vt 0.116402 1.156250
vn 0.591248 0.354749 0.724279
v -334.750000 65.250000 7.000000
vt 0.116402 1.125000
vn 0.485071 0.485071 0.727607
v -336.437500 68.062500 7.000000
vt 0.116402 1.187500
vn 0.661581 0.220527 0.716713
v -336.859375 69.890625 7.000000
vt 0.116402 1.218750
vn 0.697336 0.099619 0.709788
v -337.000000 72.000000 7.000000
vt 0.116402 1.250000
vn 0.707107 0.000000 0.707107
v -333.484375 64.265625 7.000000
vt 0.116402 1.093750
vn 0.354749 0.591248 0.724279
v -331.937500 63.562500 7.000000
vt 0.116402 1.062500
vn 0.220527 0.661581 0.716713
v -330.109375 63.140625 7.000000
vt 0.116402 1.031250
vn 0.099619 0.697336 0.709788
v -328.000000 63.000000 7.000000
vt 0.116402 1.000000
vn 0.000000 0.707107 0.707107
v -337.000000 184.000000 7.000000
vt 0.093750 1.875000
vn 0.707107 0.000000 0.707107
v -337.000000 72.000000 7.000000
vt 0.093750 1.000000
vn 0.707107 0.000000 0.707107
v 206.750000 190.750000 7.000000
vt 0.116402 1.125000
vn -0.485071 -0.485071 0.727607
v 205.484375 191.734375 7.000000
vt 0.116402 1.093750
vn -0.354749 -0.591248 0.724279
v 203.937500 192.437500 7.000000
vt 0.116402 1.062500
vn -0.220527 -0.661581 0.716713
v 202.109375 192.859375 7.000000
vt 0.116402 1.031250
vn -0.099619 -0.697336 0.709788
v 200.000000 193.000000 7.000000
vt 0.116402 1.000000
vn 0.000000 -0.707107 0.707107
v 207.734375 189.484375 7.000000
vt 0.116402 1.156250
vn -0.591248 -0.354749 0.724279
v 208.437500 187.937500 7.000000
vt 0.116402 1.187500
vn -0.661581 -0.220527 0.716713
v 208.859375 186.109375 7.000000
vt 0.116402 1.218750
vn -0.697336 -0.099619 0.709788
v 209.000000 184.000000 7.000000
vt 0.116402 1.250000
vn -0.707107 0.000000 0.707107
v 209.000000 72.000000 7.000000
vt 0.093750 1.875000
vn -0.707107 0.000000 0.707107
v 209.000000 184.000000 7.000000
vt 0.093750 1.000000
vn -0.707107 0.000000 0.707107
v -339.250000 195.250000 7.000000
vt 0.034486 1.125000
vn -0.485071 0.485071 0.727607
v -337.140625 196.890625 7.000000
vt 0.034486 1.156250
vn -0.354749 0.591248 0.724279
v -340.890625 193.140625 7.000000
vt 0.034486 1.093750
vn -0.591248 0.354749 0.724279
v 209.140625 196.890625 7.000000
vt 0.034486 1.093750
vn 0.354749 0.591248 0.724279
v 211.250000 195.250000 7.000000
vt 0.034486 1.125000
vn 0.485071 0.485071 0.727607
v 212.890625 193.140625 7.000000
vt 0.034486 1.156250
vn 0.591248 0.354749 0.724279
v -339.250000 60.750000 7.000000
vt 0.034486 1.125000
vn -0.485071 -0.485071 0.727607
v -340.890625 62.859375 7.000000
vt 0.034486 1.156250
vn -0.591248 -0.354749 0.724279
v -337.140625 59.109375 7.000000
vt 0.034486 1.093750
vn -0.354749 -0.591248 0.724279
v 212.890625 62.859375 7.000000
vt 0.034486 1.093750
vn 0.591248 -0.354749 0.724279
v 211.250000 60.750000 7.000000
vt 0.034486 1.125000
vn 0.485071 -0.485071 0.727607
v 209.140625 59.109375 7.000000
vt 0.034486 1.156250
vn 0.354749 -0.591248 0.724279
v 200.000000 193.000000 7.000000
vt 0.093750 3.375000
vn 0.000000 -0.707107 0.707107
v -328.000000 193.000000 7.000000
vt 0.093750 1.000000
vn 0.000000 -0.707107 0.707107
v -328.000000 63.000000 7.000000
vt 0.031250 1.000000
vn 0.000000 0.707107 0.707107
v 200.000000 63.000000 7.000000
vt 0.031250 3.375000
vn 0.000000 0.707107 0.707107
v 214.062500 65.437500 7.000000
vt 0.034486 1.062500
vn 0.661581 -0.220527 0.716713
v 206.562500 57.937500 7.000000
vt 0.034486 1.187500
vn 0.220527 -0.661581 0.716713
v -334.562500 57.937500 7.000000
vt 0.034486 1.062500
vn -0.220527 -0.661581 0.716713
v -342.062500 65.437500 7.000000
vt 0.034486 1.187500
vn -0.661581 -0.220527 0.716713
v -342.062500 190.562500 7.000000
vt 0.034486 1.062500
vn -0.661581 0.220527 0.716713
v 214.062500 190.562500 7.000000
vt 0.034486 1.187500
vn 0.661581 0.220527 0.716713
v 206.562500 198.062500 7.000000
vt 0.034486 1.062500
vn 0.220527 0.661581 0.716713
v -334.562500 198.062500 7.000000
vt 0.034486 1.187500
vn -0.220527 0.661581 0.716713
v 214.765625 187.515625 7.000000
vt 0.034486 1.218750
vn 0.697336 0.099619 0.709788
v 203.515625 198.765625 7.000000
vt 0.034486 1.031250
vn 0.099619 0.697336 0.709788
v -331.515625 198.765625 7.000000
vt 0.034486 1.218750
vn -0.099619 0.697336 0.709788
v -342.765625 187.515625 7.000000
vt 0.034486 1.031250
vn -0.697336 0.099619 0.709788
v -342.765625 68.484375 7.000000
vt 0.034486 1.218750
vn -0.697336 -0.099619 0.709788
v 214.765625 68.484375 7.000000
vt 0.034486 1.031250
vn 0.697336 -0.099619 0.709788
v -331.515625 57.234375 7.000000
vt 0.034486 1.031250
vn -0.099619 -0.697336 0.709788
v 203.515625 57.234375 7.000000
vt 0.034486 1.218750
vn 0.099619 -0.697336 0.709788
v -328.000000 199.000000 7.000000
vt 0.031250 1.000000
vn 0.000000 0.707107 0.707107
v 200.000000 199.000000 7.000000
vt 0.031250 3.375000
vn 0.000000 0.707107 0.707107
v -328.000000 199.000000 7.000000
vt 0.034486 1.250000
vn 0.000000 0.707107 0.707107
v 200.000000 199.000000 7.000000
vt 0.034486 1.000000
vn 0.000000 0.707107 0.707107
v 200.000000 57.000000 7.000000
vt 0.093750 3.375000
vn 0.000000 -0.707107 0.707107
v -328.000000 57.000000 7.000000
vt 0.093750 1.000000
vn 0.000000 -0.707107 0.707107
v -328.000000 57.000000 7.000000
vt 0.034486 1.000000
vn 0.000000 -0.707107 0.707107
v 200.000000 57.000000 7.000000
vt 0.034486 1.250000
vn 0.000000 -0.707107 0.707107
v -343.000000 72.000000 7.000000
vt 0.031250 1.000000
vn -0.707107 0.000000 0.707107
v -343.000000 184.000000 7.000000
vt 0.031250 1.875000
vn -0.707107 0.000000 0.707107
v -343.000000 72.000000 7.000000
vt 0.034486 1.250000
vn -0.707107 0.000000 0.707107
v -343.000000 184.000000 7.000000
vt 0.034486 1.000000
vn -0.707107 0.000000 0.707107
v 215.000000 184.000000 7.000000
vt 0.031250 1.000000
vn 0.707107 0.000000 0.707107
v 215.000000 72.000000 7.000000
vt 0.031250 1.875000
vn 0.707107 0.000000 0.707107
v 215.000000 72.000000 7.000000
vt 0.034486 1.000000
vn 0.707107 0.000000 0.707107
v 215.000000 184.000000 7.000000
vt 0.034486 1.250000
vn 0.707107 0.000000 0.707107
v 207.687500 64.312500 0.250000
vt 0.205044 1.125000
vn -0.212000 0.212000 -0.953998
v 206.246094 63.191406 0.250000
vt 0.205044 1.156250
vn -0.155618 0.259363 -0.953160
v 207.312500 61.687500 -0.000000
vt 0.226333 1.156250
vn 0.000000 0.000000 -1.000000
v 209.000000 63.000000 -0.000000
vt 0.226333 1.125000
vn 0.000000 0.000000 -1.000000
v 208.808594 65.753906 0.250000
vt 0.205044 1.093750
vn -0.259363 0.155618 -0.953160
v 210.312500 64.687500 -0.000000
vt 0.226333 1.093750
vn 0.000000 0.000000 -1.000000
v 205.250000 60.750000 -0.000000
vt 0.226333 1.187500
vn 0.000000 0.000000 -1.000000
v 204.484375 62.390625 0.250000
vt 0.205044 1.187500
vn -0.097561 0.292683 -0.951220
v 202.812500 60.187500 -0.000000
vt 0.226333 1.218750
vn 0.000000 0.000000 -1.000000
v 202.402344 61.910156 0.250000
vt 0.205044 1.218750
vn -0.044416 0.310914 -0.949399
v 209.609375 67.515625 0.250000
vt 0.205044 1.062500
vn -0.292683 0.097561 -0.951220
v 211.250000 66.750000 -0.000000
vt 0.226333 1.062500
vn 0.000000 0.000000 -1.000000
v 210.089844 69.597656 0.250000
vt 0.205044 1.031250
vn -0.310914 0.044416 -0.949399
v 211.812500 69.187500 -0.000000
vt 0.226333 1.031250
vn 0.000000 0.000000 -1.000000
v 210.250000 72.000000 0.250000
vt 0.205044 1.000000
vn -0.316228 0.000000 -0.948683
v 210.089844 186.402344 0.250000
vt 0.205044 1.218750
vn -0.310914 -0.044416 -0.949399
v 212.000000 184.000000 -0.000000
vt 0.226333 1.250000
vn 0.000000 0.000000 -1.000000
v 211.812500 186.812500 -0.000000
vt 0.226333 1.218750
vn 0.000000 0.000000 -1.000000
v 210.250000 184.000000 0.250000
vt 0.205044 1.250000
vn -0.316228 0.000000 -0.948683
v 210.250000 184.000000 0.250000
vt 0.171875 1.000000
vn -0.316228 0.000000 -0.948683
v 212.000000 72.000000 -0.000000
vt 0.187500 1.875000
vn 0.000000 0.000000 -1.000000
v 212.000000 184.000000 -0.000000
vt 0.187500 1.000000
vn 0.000000 0.000000 -1.000000
v 210.250000 72.000000 0.250000
vt 0.171875 1.875000
vn -0.316228 0.000000 -0.948683
v 212.000000 72.000000 -0.000000
vt 0.226333 1.000000
vn 0.000000 0.000000 -1.000000
v 213.750000 72.000000 0.250000
vt 0.203125 1.875000
vn 0.316228 0.000000 -0.948683
v 213.750000 184.000000 0.250000
vt 0.203125 1.000000
vn 0.316228 -0.000000 -0.948683
v 213.750000 184.000000 0.250000
vt 0.247621 1.250000
vn 0.316228 -0.000000 -0.948683
v 213.535156 187.222656 0.250000
vt 0.247621 1.218750
vn 0.310914 0.044416 -0.949399
v 213.535156 68.777344 0.250000
vt 0.247621 1.031250
vn 0.310914 -0.044416 -0.949399
v 213.750000 72.000000 0.250000
vt 0.247621 1.000000
vn 0.316228 0.000000 -0.948683
v 209.609375 188.484375 0.250000
vt 0.205044 1.187500
vn -0.292683 -0.097561 -0.951220
v 211.250000 189.250000 -0.000000
vt 0.226333 1.187500
vn 0.000000 0.000000 -1.000000
v 208.808594 190.246094 0.250000
vt 0.205044 1.156250
vn -0.259363 -0.155618 -0.953160
v 210.312500 191.312500 -0.000000
vt 0.226333 1.156250
vn 0.000000 0.000000 -1.000000
v 207.687500 191.687500 0.250000
vt 0.205044 1.125000
vn -0.212000 -0.212000 -0.953998
v 209.000000 193.000000 -0.000000
vt 0.226333 1.125000
vn 0.000000 0.000000 -1.000000
v 206.246094 192.808594 0.250000
vt 0.205044 1.093750
vn -0.155618 -0.259363 -0.953160
v 207.312500 194.312500 -0.000000
vt 0.226333 1.093750
vn 0.000000 0.000000 -1.000000
v 204.484375 193.609375 0.250000
vt 0.205044 1.062500
vn -0.097561 -0.292683 -0.951220
v 205.250000 195.250000 -0.000000
vt 0.226333 1.062500
vn 0.000000 0.000000 -1.000000
v 202.402344 194.089844 0.250000
vt 0.205044 1.031250
vn -0.044416 -0.310914 -0.949399
v 202.812500 195.812500 -0.000000
vt 0.226333 1.031250
vn 0.000000 0.000000 -1.000000
v 210.312500 194.312500 0.250000
vt 0.247621 1.125000
vn 0.212000 0.212000 -0.953998
v 208.378906 195.816406 0.250000
vt 0.247621 1.093750
vn 0.155618 0.259363 -0.953160
v 211.816406 192.378906 0.250000
vt 0.247621 1.156250
vn 0.259363 0.155618 -0.953160
v 208.378906 60.183594 0.250000
vt 0.247621 1.156250
vn 0.155618 -0.259363 -0.953160
v 210.312500 61.687500 0.250000
vt 0.247621 1.125000
vn 0.212000 -0.212000 -0.953998
v 211.816406 63.621094 0.250000
vt 0.247621 1.093750
vn 0.259363 -0.155618 -0.953160
v 206.015625 196.890625 0.250000
vt 0.247621 1.062500
vn 0.097561 0.292683 -0.951220
v 206.015625 59.109375 0.250000
vt 0.247621 1.187500
vn 0.097561 -0.292683 -0.951220
v 212.890625 190.015625 0.250000
vt 0.247621 1.187500
vn 0.292683 0.097561 -0.951220
v 212.890625 65.984375 0.250000
vt 0.247621 1.062500
vn 0.292683 -0.097561 -0.951220
v 203.222656 58.464844 0.250000
vt 0.247621 1.218750
vn 0.044416 -0.310914 -0.949399
v 203.222656 197.535156 0.250000
vt 0.247621 1.031250
vn 0.044416 0.310914 -0.949399
v 200.000000 194.250000 0.250000
vt 0.205044 1.000000
vn 0.000000 -0.316228 -0.948683
v -330.402344 194.089844 0.250000
vt 0.205044 1.218750
vn 0.044416 -0.310914 -0.949399
v -328.000000 196.000000 -0.000000
vt 0.226333 1.250000
vn 0.000000 0.000000 -1.000000
v -330.812500 195.812500 -0.000000
vt 0.226333 1.218750
vn 0.000000 0.000000 -1.000000
v -328.000000 194.250000 0.250000
vt 0.205044 1.250000
vn 0.000000 -0.316228 -0.948683
v -328.000000 194.250000 0.250000
vt 0.171875 1.000000
vn 0.000000 -0.316228 -0.948683
v 200.000000 196.000000 -0.000000
vt 0.187500 3.375000
vn 0.000000 0.000000 -1.000000
v -328.000000 196.000000 -0.000000
vt 0.187500 1.000000
vn 0.000000 0.000000 -1.000000
v 200.000000 194.250000 0.250000
vt 0.171875 3.375000
vn 0.000000 -0.316228 -0.948683
v 200.000000 196.000000 -0.000000
vt 0.226333 1.000000
vn 0.000000 0.000000 -1.000000
v 200.000000 197.750000 0.250000
vt 0.203125 3.375000
vn -0.000000 0.316228 -0.948683
v -328.000000 197.750000 0.250000
vt 0.203125 1.000000
vn 0.000000 0.316228 -0.948683
v -328.000000 197.750000 0.250000
vt 0.247621 1.250000
vn 0.000000 0.316228 -0.948683
v -331.222656 197.535156 0.250000
vt 0.247621 1.218750
vn -0.044416 0.310914 -0.949399
v 200.000000 197.750000 0.250000
vt 0.247621 1.000000
vn -0.000000 0.316228 -0.948683
v -332.484375 193.609375 0.250000
vt 0.205044 1.187500
vn 0.097561 -0.292683 -0.951220
v -333.250000 195.250000 -0.000000
vt 0.226333 1.187500
vn 0.000000 0.000000 -1.000000
v -334.246094 192.808594 0.250000
vt 0.205044 1.156250
vn 0.155618 -0.259363 -0.953160
v -335.312500 194.312500 -0.000000
vt 0.226333 1.156250
vn 0.000000 0.000000 -1.000000
v -335.687500 191.687500 0.250000
vt 0.205044 1.125000
vn 0.212000 -0.212000 -0.953998
v -337.000000 193.000000 -0.000000
vt 0.226333 1.125000
vn 0.000000 0.000000 -1.000000
v -336.808594 190.246094 0.250000
vt 0.205044 1.093750
vn 0.259363 -0.155618 -0.953160
v -338.312500 191.312500 -0.000000
vt 0.226333 1.093750
vn 0.000000 0.000000 -1.000000
v -338.312500 194.312500 0.250000
vt 0.247621 1.125000
vn -0.212000 0.212000 -0.953998
v -339.816406 192.378906 0.250000
vt 0.247621 1.093750
vn -0.259363 0.155618 -0.953160
v -336.378906 195.816406 0.250000
vt 0.247621 1.156250
vn -0.155618 0.259363 -0.953160
v -334.015625 196.890625 0.250000
vt 0.247621 1.187500
vn -0.097561 0.292683 -0.951220
v -337.609375 188.484375 0.250000
vt 0.205044 1.062500
vn 0.292683 -0.097561 -0.951220
v -339.250000 189.250000 -0.000000
vt 0.226333 1.062500
vn 0.000000 0.000000 -1.000000
v -340.890625 190.015625 0.250000
vt 0.247621 1.062500
vn -0.292683 0.097561 -0.951220
v -338.089844 186.402344 0.250000
vt 0.205044 1.031250
vn 0.310914 -0.044416 -0.949399
v -339.812500 186.812500 -0.000000
vt 0.226333 1.031250
vn 0.000000 0.000000 -1.000000
v -341.535156 187.222656 0.250000
vt 0.247621 1.031250
vn -0.310914 0.044416 -0.949399
v -338.250000 184.000000 0.250000
vt 0.205044 1.000000
vn 0.316228 0.000000 -0.948683
v -340.000000 184.000000 -0.000000
vt 0.226333 1.000000
vn 0.000000 0.000000 -1.000000
v -338.250000 72.000000 0.250000
vt 0.171875 1.000000
vn 0.316228 0.000000 -0.948683
v -338.250000 184.000000 0.250000
vt 0.171875 1.875000
vn 0.316228 0.000000 -0.948683
v -340.000000 184.000000 -0.000000
vt 0.187500 1.875000
vn 0.000000 0.000000 -1.000000
v -340.000000 72.000000 -0.000000
vt 0.187500 1.000000
vn 0.000000 0.000000 -1.000000
v -338.089844 69.597656 0.250000
vt 0.205044 1.218750
vn 0.310914 0.044416 -0.949399
v -338.250000 72.000000 0.250000
vt 0.205044 1.250000
vn 0.316228 0.000000 -0.948683
v -340.000000 72.000000 -0.000000
vt 0.226333 1.250000
vn 0.000000 0.000000 -1.000000
v -339.812500 69.187500 -0.000000
vt 0.226333 1.218750
vn 0.000000 0.000000 -1.000000
v -341.750000 184.000000 0.250000
vt 0.203125 1.875000
vn -0.316228 -0.000000 -0.948683
v -341.750000 72.000000 0.250000
vt 0.203125 1.000000
vn -0.316228 0.000000 -0.948683
v -341.750000 72.000000 0.250000
vt 0.247621 1.250000
vn -0.316228 0.000000 -0.948683
v -341.535156 68.777344 0.250000
vt 0.247621 1.218750
vn -0.310914 -0.044416 -0.949399
v -341.750000 184.000000 0.250000
vt 0.247621 1.000000
vn -0.316228 -0.000000 -0.948683
v -337.609375 67.515625 0.250000
vt 0.205044 1.187500
vn 0.292683 0.097561 -0.951220
v -339.250000 66.750000 -0.000000
vt 0.226333 1.187500
vn 0.000000 0.000000 -1.000000
v -336.808594 65.753906 0.250000
vt 0.205044 1.156250
vn 0.259363 0.155618 -0.953160
v -338.312500 64.687500 -0.000000
vt 0.226333 1.156250
vn 0.000000 0.000000 -1.000000
v -335.687500 64.312500 0.250000
vt 0.205044 1.125000
vn 0.212000 0.212000 -0.953998
v -337.000000 63.000000 -0.000000
vt 0.226333 1.125000
vn 0.000000 0.000000 -1.000000
v -339.816406 63.621094 0.250000
vt 0.247621 1.156250
vn -0.259363 -0.155618 -0.953160
v -338.312500 61.687500 0.250000
vt 0.247621 1.125000
vn -0.212000 -0.212000 -0.953998
v -334.246094 63.191406 0.250000
vt 0.205044 1.093750
vn 0.155618 0.259363 -0.953160
v -335.312500 61.687500 -0.000000
vt 0.226333 1.093750
vn 0.000000 0.000000 -1.000000
v -336.378906 60.183594 0.250000
vt 0.247621 1.093750
vn -0.155618 -0.259363 -0.953160
v -340.890625 65.984375 0.250000
vt 0.247621 1.187500
vn -0.292683 -0.097561 -0.951220
v -332.484375 62.390625 0.250000
vt 0.205044 1.062500
vn 0.097561 0.292683 -0.951220
v -333.250000 60.750000 -0.000000
vt 0.226333 1.062500
vn 0.000000 0.000000 -1.000000
v -334.015625 59.109375 0.250000
vt 0.247621 1.062500
vn -0.097561 -0.292683 -0.951220
v -330.402344 61.910156 0.250000
vt 0.205044 1.031250
vn 0.044416 0.310914 -0.949399
v -330.812500 60.187500 -0.000000
vt 0.226333 1.031250
vn 0.000000 0.000000 -1.000000
v -331.222656 58.464844 0.250000
vt 0.247621 1.031250
vn -0.044416 -0.310914 -0.949399
v -328.000000 61.750000 0.250000
vt 0.205044 1.000000
vn 0.000000 0.316228 -0.948683
v -328.000000 60.000000 -0.000000
vt 0.226333 1.000000
vn 0.000000 0.000000 -1.000000
v -328.000000 60.000000 -0.000000
vt 0.187500 1.000000
vn 0.000000 0.000000 -1.000000
v 200.000000 61.750000 0.250000
vt 0.203125 3.375000
vn 0.000000 0.316228 -0.948683
v -328.000000 61.750000 0.250000
vt 0.203125 1.000000
vn 0.000000 0.316228 -0.948683
v 200.000000 60.000000 -0.000000
vt 0.187500 3.375000
vn 0.000000 0.000000 -1.000000
v 200.000000 61.750000 0.250000
vt 0.205044 1.250000
vn 0.000000 0.316228 -0.948683
v 200.000000 60.000000 -0.000000
vt 0.226333 1.250000
vn 0.000000 0.000000 -1.000000
v -328.000000 58.250000 0.250000
vt 0.171875 1.000000
vn 0.000000 -0.316228 -0.948683
v 200.000000 58.250000 0.250000
vt 0.171875 3.375000
vn -0.000000 -0.316228 -0.948683
v 200.000000 58.250000 0.250000
vt 0.247621 1.250000
vn -0.000000 -0.316228 -0.948683
v -328.000000 58.250000 0.250000
vt 0.247621 1.000000
vn 0.000000 -0.316228 -0.948683
v -333.484375 64.265625 1.000000
vt 0.185374 1.093750
vn 0.354749 0.591248 -0.724279
v -334.750000 65.250000 1.000000
vt 0.185374 1.125000
vn 0.485071 0.485071 -0.727607
v -331.937500 63.562500 1.000000
vt 0.185374 1.062500
vn 0.220527 0.661581 -0.716713
v -330.109375 63.140625 1.000000
vt 0.185374 1.031250
vn 0.099619 0.697336 -0.709788
v -328.000000 63.000000 1.000000
vt 0.185374 1.000000
vn 0.000000 0.707107 -0.707107
v -335.734375 66.515625 1.000000
vt 0.185374 1.156250
vn 0.591248 0.354749 -0.724279
v -336.437500 68.062500 1.000000
vt 0.185374 1.187500
vn 0.661581 0.220527 -0.716713
v -336.859375 69.890625 1.000000
vt 0.185374 1.218750
vn 0.697336 0.099619 -0.709788
v -337.000000 72.000000 1.000000
vt 0.185374 1.250000
vn 0.707107 0.000000 -0.707107
v 205.484375 191.734375 1.000000
vt 0.185374 1.093750
vn -0.354749 -0.591248 -0.724279
v 206.750000 190.750000 1.000000
vt 0.185374 1.125000
vn -0.485071 -0.485071 -0.727607
v 203.937500 192.437500 1.000000
vt 0.185374 1.062500
vn -0.220527 -0.661581 -0.716713
v 202.109375 192.859375 1.000000
vt 0.185374 1.031250
vn -0.099619 -0.697336 -0.709788
v 200.000000 193.000000 1.000000
vt 0.185374 1.000000
vn 0.000000 -0.707107 -0.707107
v 207.734375 189.484375 1.000000
vt 0.185374 1.156250
vn -0.591248 -0.354749 -0.724279
v 208.437500 187.937500 1.000000
vt 0.185374 1.187500
vn -0.661581 -0.220527 -0.716713
v 208.859375 186.109375 1.000000
vt 0.185374 1.218750
vn -0.697336 -0.099619 -0.709788
v 209.000000 184.000000 1.000000
vt 0.185374 1.250000
vn -0.707107 0.000000 -0.707107
v -335.734375 189.484375 1.000000
vt 0.185374 1.093750
vn 0.591248 -0.354749 -0.724279
v -334.750000 190.750000 1.000000
vt 0.185374 1.125000
vn 0.485071 -0.485071 -0.727607
v -336.437500 187.937500 1.000000
vt 0.185374 1.062500
vn 0.661582 -0.220527 -0.716713
v -336.859375 186.109375 1.000000
vt 0.185374 1.031250
vn 0.697336 -0.099619 -0.709788
v -337.000000 184.000000 1.000000
vt 0.185374 1.000000
vn 0.707107 0.000000 -0.707107
v -333.484375 191.734375 1.000000
vt 0.185374 1.156250
vn 0.354749 -0.591248 -0.724279
v -331.937500 192.437500 1.000000
vt 0.185374 1.187500
vn 0.220527 -0.661581 -0.716713
v -330.109375 192.859375 1.000000
vt 0.185374 1.218750
vn 0.099619 -0.697336 -0.709788
v -328.000000 193.000000 1.000000
vt 0.185374 1.250000
vn 0.000000 -0.707107 -0.707107
v -337.000000 72.000000 1.000000
vt 0.156250 1.000000
vn 0.707107 0.000000 -0.707107
v -337.000000 184.000000 1.000000
vt 0.156250 1.875000
vn 0.707107 0.000000 -0.707107
v 206.750000 65.250000 1.000000
vt 0.185374 1.125000
vn -0.485071 0.485071 -0.727607
v 205.484375 64.265625 1.000000
vt 0.185374 1.156250
vn -0.354749 0.591248 -0.724279
v 203.937500 63.562500 1.000000
vt 0.185374 1.187500
vn -0.220527 0.661581 -0.716713
v 202.109375 63.140625 1.000000
vt 0.185374 1.218750
vn -0.099619 0.697336 -0.709788
v 200.000000 63.000000 1.000000
vt 0.185374 1.250000
vn 0.000000 0.707107 -0.707107
v 207.734375 66.515625 1.000000
vt 0.185374 1.093750
vn -0.591248 0.354749 -0.724279
v 208.437500 68.062500 1.000000
vt 0.185374 1.062500
vn -0.661582 0.220527 -0.716713
v 208.859375 69.890625 1.000000
vt 0.185374 1.031250
vn -0.697336 0.099619 -0.709788
v 209.000000 72.000000 1.000000
vt 0.185374 1.000000
vn -0.707107 0.000000 -0.707107
v 209.000000 184.000000 1.000000
vt 0.156250 1.000000
vn -0.707107 0.000000 -0.707107
v 209.000000 72.000000 1.000000
vt 0.156250 1.875000
vn -0.707107 0.000000 -0.707107
v -339.250000 60.750000 1.000000
vt 0.267291 1.125000
vn -0.485071 -0.485071 -0.727607
v -337.140625 59.109375 1.000000
vt 0.267291 1.093750
vn -0.354749 -0.591248 -0.724279
v -340.890625 62.859375 1.000000
vt 0.267291 1.156250
vn -0.591248 -0.354749 -0.724279
v 209.140625 59.109375 1.000000
vt 0.267291 1.156250
vn 0.354749 -0.591248 -0.724279
v 211.250000 60.750000 1.000000
vt 0.267291 1.125000
vn 0.485071 -0.485071 -0.727607
v 212.890625 62.859375 1.000000
vt 0.267291 1.093750
vn 0.591248 -0.354749 -0.724279
v -339.250000 195.250000 1.000000
vt 0.267291 1.125000
vn -0.485071 0.485071 -0.727607
v -340.890625 193.140625 1.000000
vt 0.267291 1.093750
vn -0.591248 0.354749 -0.724279
v -337.140625 196.890625 1.000000
vt 0.267291 1.156250
vn -0.354749 0.591248 -0.724279
v 212.890625 193.140625 1.000000
vt 0.267291 1.156250
vn 0.591248 0.354749 -0.724279
v 211.250000 195.250000 1.000000
vt 0.267291 1.125000
vn 0.485071 0.485071 -0.727607
v 209.140625 196.890625 1.000000
vt 0.267291 1.093750
vn 0.354749 0.591248 -0.724279
v 200.000000 63.000000 1.000000
vt 0.218750 3.375000
vn 0.000000 0.707107 -0.707107
v -328.000000 63.000000 1.000000
vt 0.218750 1.000000
vn 0.000000 0.707107 -0.707107
v -328.000000 193.000000 1.000000
vt 0.156250 1.000000
vn 0.000000 -0.707107 -0.707107
v 200.000000 193.000000 1.000000
vt 0.156250 3.375000
vn 0.000000 -0.707107 -0.707107
v 214.062500 190.562500 1.000000
vt 0.267291 1.187500
vn 0.661581 0.220527 -0.716713
v 206.562500 198.062500 1.000000
vt 0.267291 1.062500
vn 0.220527 0.661581 -0.716713
v -334.562500 198.062500 1.000000
vt 0.267291 1.187500
vn -0.220527 0.661581 -0.716713
v -342.062500 190.562500 1.000000
vt 0.267291 1.062500
vn -0.661581 0.220527 -0.716713
v -342.062500 65.437500 1.000000
vt 0.267291 1.187500
vn -0.661581 -0.220527 -0.716713
v 214.062500 65.437500 1.000000
vt 0.267291 1.062500
vn 0.661581 -0.220527 -0.716713
v 206.562500 57.937500 1.000000
vt 0.267291 1.187500
vn 0.220527 -0.661581 -0.716713
v -334.562500 57.937500 1.000000
vt 0.267291 1.062500
vn -0.220527 -0.661581 -0.716713
v 214.765625 68.484375 1.000000
vt 0.267291 1.031250
vn 0.697336 -0.099619 -0.709788
v 203.515625 57.234375 1.000000
vt 0.267291 1.218750
vn 0.099619 -0.697336 -0.709788
v -331.515625 57.234375 1.000000
vt 0.267291 1.031250
vn -0.099619 -0.697336 -0.709788
v -342.765625 68.484375 1.000000
vt 0.267291 1.218750
vn -0.697336 -0.099619 -0.709788
v -342.765625 187.515625 1.000000
vt 0.267291 1.031250
vn -0.697336 0.099619 -0.709788
v 214.765625 187.515625 1.000000
vt 0.267291 1.218750
vn 0.697336 0.099619 -0.709788
v -331.515625 198.765625 1.000000
vt 0.267291 1.218750
vn -0.099619 0.697336 -0.709788
v 203.515625 198.765625 1.000000
vt 0.267291 1.031250
vn 0.099619 0.697336 -0.709788
v -328.000000 57.000000 1.000000
vt 0.156250 1.000000
vn 0.000000 -0.707107 -0.707107
v 200.000000 57.000000 1.000000
vt 0.156250 3.375000
vn 0.000000 -0.707107 -0.707107
v -328.000000 57.000000 1.000000
vt 0.267291 1.000000
vn 0.000000 -0.707107 -0.707107
v 200.000000 57.000000 1.000000
vt 0.267291 1.250000
vn 0.000000 -0.707107 -0.707107
v 200.000000 199.000000 1.000000
vt 0.218750 3.375000
vn 0.000000 0.707107 -0.707107
v -328.000000 199.000000 1.000000
vt 0.218750 1.000000
vn 0.000000 0.707107 -0.707107
v -328.000000 199.000000 1.000000
vt 0.267291 1.250000
vn 0.000000 0.707107 -0.707107
v 200.000000 199.000000 1.000000
vt 0.267291 1.000000
vn 0.000000 0.707107 -0.707107
v -343.000000 184.000000 1.000000
vt 0.218750 1.875000
vn -0.707107 0.000000 -0.707107
v -343.000000 72.000000 1.000000
vt 0.218750 1.000000
vn -0.707107 0.000000 -0.707107
v -343.000000 184.000000 1.000000
vt 0.267291 1.000000
vn -0.707107 0.000000 -0.707107
v -343.000000 72.000000 1.000000
vt 0.267291 1.250000
vn -0.707107 0.000000 -0.707107
v 215.000000 72.000000 1.000000
vt 0.218750 1.875000
vn 0.707107 0.000000 -0.707107
v 215.000000 184.000000 1.000000
vt 0.218750 1.000000
vn 0.707107 0.000000 -0.707107
v 215.000000 184.000000 1.000000
vt 0.267291 1.250000
vn 0.707107 0.000000 -0.707107
v 215.000000 72.000000 1.000000
vt 0.267291 1.000000
vn 0.707107 0.000000 -0.707107
v -328.000000 200.000000 4.000000
vt 0.000000 1.000000
vn 0.000000 1.000000 -0.000000
v 200.000000 199.750000 5.750000
vt 0.015625 3.375000
vn -0.000000 0.948683 0.316228
v -328.000000 199.750000 5.750000
vt 0.015625 1.000000
vn 0.000000 0.948683 0.316228
v 200.000000 200.000000 4.000000
vt 0.000000 3.375000
vn 0.000000 1.000000 -0.000000
v 200.000000 200.000000 4.000000
vt 0.000000 1.000000
vn 0.000000 1.000000 -0.000000
v 203.691406 199.503906 5.750000
vt 0.016434 1.031250
vn 0.134061 0.938430 0.318396
v 200.000000 199.750000 5.750000
vt 0.016434 1.000000
vn -0.000000 0.948683 0.316228
v 203.750000 199.750000 4.000000
vt 0.000000 1.031250
vn 0.141421 0.989949 -0.000000
v -331.750000 199.750000 4.000000
vt 0.000000 1.218750
vn -0.141421 0.989949 -0.000000
v -328.000000 200.000000 4.000000
vt 0.000000 1.250000
vn 0.000000 1.000000 -0.000000
v -328.000000 199.750000 5.750000
vt 0.016434 1.250000
vn 0.000000 0.948683 0.316228
v -331.691406 199.503906 5.750000
vt 0.016434 1.218750
vn -0.134061 0.938430 0.318396
v -335.000000 199.000000 4.000000
vt 0.000000 1.187500
vn -0.316228 0.948683 -0.000000
v -334.890625 198.765625 5.750000
vt 0.016434 1.187500
vn -0.299160 0.897479 0.324090
v 206.890625 198.765625 5.750000
vt 0.016434 1.062500
vn 0.299160 0.897479 0.324090
v 207.000000 199.000000 4.000000
vt 0.000000 1.062500
vn 0.316228 0.948683 -0.000000
v 200.000000 199.000000 7.000000
vt 0.031250 3.375000
vn 0.000000 0.707107 0.707107
v -328.000000 199.000000 7.000000
vt 0.031250 1.000000
vn 0.000000 0.707107 0.707107
v 203.515625 198.765625 7.000000
vt 0.034486 1.031250
vn 0.099619 0.697336 0.709788
v 200.000000 199.000000 7.000000
vt 0.034486 1.000000
vn 0.000000 0.707107 0.707107
v -328.000000 199.000000 7.000000
vt 0.034486 1.250000
vn 0.000000 0.707107 0.707107
v -331.515625 198.765625 7.000000
vt 0.034486 1.218750
vn -0.099619 0.697336 0.709788
v 206.562500 198.062500 7.000000
vt 0.034486 1.062500
vn 0.220527 0.661581 0.716713
v -334.562500 198.062500 7.000000
vt 0.034486 1.187500
vn -0.220527 0.661581 0.716713
v 209.597656 197.535156 5.750000
vt 0.016434 1.093750
vn 0.485590 0.809316 0.330471
v 209.750000 197.750000 4.000000
vt 0.000000 1.093750
vn 0.514496 0.857493 -0.000000
v 209.140625 196.890625 7.000000
vt 0.034486 1.093750
vn 0.354749 0.591248 0.724279
v -337.750000 197.750000 4.000000
vt 0.000000 1.156250
vn -0.514496 0.857493 -0.000000
v -337.597656 197.535156 5.750000
vt 0.016434 1.156250
vn -0.485590 0.809316 0.330471
v -337.140625 196.890625 7.000000
vt 0.034486 1.156250
vn -0.354749 0.591248 0.724279
v -328.000000 199.750000 2.250000
vt 0.234375 1.000000
vn 0.000000 0.948683 -0.316228
v 200.000000 200.000000 4.000000
vt 0.250000 3.375000
vn 0.000000 1.000000 -0.000000
v -328.000000 200.000000 4.000000
vt 0.250000 1.000000
vn 0.000000 1.000000 -0.000000
v 200.000000 199.750000 2.250000
vt 0.234375 3.375000
vn -0.000000 0.948683 -0.316228
v -331.691406 199.503906 2.250000
vt 0.285343 1.218750
vn -0.134061 0.938430 -0.318396
v -328.000000 199.750000 2.250000
vt 0.285343 1.250000
vn 0.000000 0.948683 -0.316228
v -328.000000 200.000000 4.000000
vt 0.301777 1.250000
vn 0.000000 1.000000 -0.000000
v -331.750000 199.750000 4.000000
vt 0.301777 1.218750
vn -0.141421 0.989950 -0.000000
v 200.000000 199.750000 2.250000
vt 0.285343 1.000000
vn -0.000000 0.948683 -0.316228
v 203.750000 199.750000 4.000000
vt 0.301777 1.031250
vn 0.141421 0.989950 -0.000000
v 200.000000 200.000000 4.000000
vt 0.301777 1.000000
vn 0.000000 1.000000 -0.000000
v 203.691406 199.503906 2.250000
vt 0.285343 1.031250
vn 0.134061 0.938430 -0.318396
v -334.890625 198.765625 2.250000
vt 0.285343 1.187500
vn -0.299160 0.897479 -0.324090
v -335.000000 199.000000 4.000000
vt 0.301777 1.187500
vn -0.316228 0.948683 -0.000000
v 207.000000 199.000000 4.000000
vt 0.301777 1.062500
vn 0.316228 0.948683 -0.000000
v 206.890625 198.765625 2.250000
vt 0.285343 1.062500
vn 0.299160 0.897479 -0.324090
v -337.597656 197.535156 2.250000
vt 0.285343 1.156250
vn -0.485590 0.809316 -0.330471
v -337.750000 197.750000 4.000000
vt 0.301777 1.156250
vn -0.514496 0.857493 -0.000000
v 209.750000 197.750000 4.000000
vt 0.301777 1.093750
vn 0.514496 0.857493 -0.000000
v 209.597656 197.535156 2.250000
vt 0.285343 1.093750
vn 0.485590 0.809316 -0.330471
v -340.000000 196.000000 4.000000
vt 0.000000 1.125000
vn -0.707107 0.707107 -0.000000
v -339.812500 195.812500 5.750000
vt 0.016434 1.125000
vn -0.666667 0.666667 0.333333
v 211.812500 195.812500 5.750000
vt 0.016434 1.125000
vn 0.666667 0.666667 0.333333
v 212.000000 196.000000 4.000000
vt 0.000000 1.125000
vn 0.707107 0.707107 -0.000000
v -339.250000 195.250000 7.000000
vt 0.034486 1.125000
vn -0.485071 0.485071 0.727607
v 211.250000 195.250000 7.000000
vt 0.034486 1.125000
vn 0.485071 0.485071 0.727607
v -328.000000 199.000000 1.000000
vt 0.218750 1.000000
vn 0.000000 0.707107 -0.707107
v 200.000000 199.000000 1.000000
vt 0.218750 3.375000
vn 0.000000 0.707107 -0.707107
v -331.515625 198.765625 1.000000
vt 0.267291 1.218750
vn -0.099619 0.697336 -0.709788
v -328.000000 199.000000 1.000000
vt 0.267291 1.250000
vn 0.000000 0.707107 -0.707107
v 200.000000 199.000000 1.000000
vt 0.267291 1.000000
vn 0.000000 0.707107 -0.707107
v 203.515625 198.765625 1.000000
vt 0.267291 1.031250
vn 0.099619 0.697336 -0.709788
v -334.562500 198.062500 1.000000
vt 0.267291 1.187500
vn -0.220527 0.661581 -0.716713
v 206.562500 198.062500 1.000000
vt 0.267291 1.062500
vn 0.220527 0.661581 -0.716713
v -337.140625 196.890625 1.000000
vt 0.267291 1.156250
vn -0.354749 0.591248 -0.724279
v 209.140625 196.890625 1.000000
vt 0.267291 1.093750
vn 0.354749 0.591248 -0.724279
v -339.812500 195.812500 2.250000
vt 0.285343 1.125000
vn -0.666667 0.666667 -0.333333
v -340.000000 196.000000 4.000000
vt 0.301777 1.125000
vn -0.707107 0.707107 -0.000000
v 212.000000 196.000000 4.000000
vt 0.301777 1.125000
vn 0.707107 0.707107 -0.000000
v 211.812500 195.812500 2.250000
vt 0.285343 1.125000
vn 0.666667 0.666667 -0.333333
v -339.250000 195.250000 1.000000
vt 0.267291 1.125000
vn -0.485071 0.485071 -0.727607
v 211.250000 195.250000 1.000000
vt 0.267291 1.125000
vn 0.485071 0.485071 -0.727607
v -328.000000 56.000000 4.000000
vt 0.125000 1.000000
vn 0.000000 -1.000000 -0.000000
v 200.000000 56.000000 4.000000
vt 0.125000 3.375000
vn 0.000000 -1.000000 -0.000000
v 200.000000 56.250000 2.250000
vt 0.140625 3.375000
vn -0.000000 -0.948683 -0.316228
v -328.000000 56.250000 2.250000
vt 0.140625 1.000000
vn 0.000000 -0.948683 -0.316228
v -328.000000 56.250000 2.250000
vt 0.285343 1.000000
vn 0.000000 -0.948683 -0.316228
v -331.750000 56.250000 4.000000
vt 0.301777 1.031250
vn -0.141421 -0.989950 -0.000000
v -328.000000 56.000000 4.000000
vt 0.301777 1.000000
vn 0.000000 -1.000000 -0.000000
v -331.691406 56.496094 2.250000
vt 0.285343 1.031250
vn -0.134061 -0.938430 -0.318396
v 203.691406 56.496094 2.250000
vt 0.285343 1.218750
vn 0.134061 -0.938430 -0.318396
v 200.000000 56.250000 2.250000
vt 0.285343 1.250000
vn -0.000000 -0.948683 -0.316228
v 200.000000 56.000000 4.000000
vt 0.301777 1.250000
vn 0.000000 -1.000000 -0.000000
v 203.750000 56.250000 4.000000
vt 0.301777 1.218750
vn 0.141421 -0.989950 -0.000000
v -335.000000 57.000000 4.000000
vt 0.301777 1.062500
vn -0.316228 -0.948683 -0.000000
v -334.890625 57.234375 2.250000
vt 0.285343 1.062500
vn -0.299160 -0.897479 -0.324090
v 206.890625 57.234375 2.250000
vt 0.285343 1.187500
vn 0.299160 -0.897479 -0.324090
v 207.000000 57.000000 4.000000
vt 0.301777 1.187500
vn 0.316228 -0.948683 -0.000000
v -328.000000 56.250000 5.750000
vt 0.109375 1.000000
vn 0.000000 -0.948683 0.316228
v 200.000000 56.250000 5.750000
vt 0.109375 3.375000
vn -0.000000 -0.948683 0.316228
v -328.000000 56.000000 4.000000
vt 0.000000 1.000000
vn 0.000000 -1.000000 -0.000000
v -331.691406 56.496094 5.750000
vt 0.016434 1.031250
vn -0.134061 -0.938430 0.318396
v -328.000000 56.250000 5.750000
vt 0.016434 1.000000
vn 0.000000 -0.948683 0.316228
v -331.750000 56.250000 4.000000
vt 0.000000 1.031250
vn -0.141421 -0.989949 -0.000000
v 203.750000 56.250000 4.000000
vt 0.000000 1.218750
vn 0.141421 -0.989949 -0.000000
v 200.000000 56.000000 4.000000
vt 0.000000 1.250000
vn 0.000000 -1.000000 -0.000000
v 200.000000 56.250000 5.750000
vt 0.016434 1.250000
vn -0.000000 -0.948683 0.316228
v 203.691406 56.496094 5.750000
vt 0.016434 1.218750
vn 0.134061 -0.938430 0.318396
v -334.890625 57.234375 5.750000
vt 0.016434 1.062500
vn -0.299160 -0.897479 0.324090
v -335.000000 57.000000 4.000000
vt 0.000000 1.062500
vn -0.316228 -0.948683 -0.000000
v 207.000000 57.000000 4.000000
vt 0.000000 1.187500
vn 0.316228 -0.948683 -0.000000
v 206.890625 57.234375 5.750000
vt 0.016434 1.187500
vn 0.299160 -0.897479 0.324090
v 209.750000 58.250000 4.000000
vt 0.000000 1.156250
vn 0.514496 -0.857493 -0.000000
v 209.597656 58.464844 5.750000
vt 0.016434 1.156250
vn 0.485590 -0.809316 0.330471
v -337.597656 58.464844 5.750000
vt 0.016434 1.093750
vn -0.485590 -0.809316 0.330471
v -337.750000 58.250000 4.000000
vt 0.000000 1.093750
vn -0.514496 -0.857493 -0.000000
v -328.000000 57.000000 7.000000
vt 0.093750 1.000000
vn 0.000000 -0.707107 0.707107
v 200.000000 57.000000 7.000000
vt 0.093750 3.375000
vn 0.000000 -0.707107 0.707107
v -331.515625 57.234375 7.000000
vt 0.034486 1.031250
vn -0.099619 -0.697336 0.709788
v -328.000000 57.000000 7.000000
vt 0.034486 1.000000
vn 0.000000 -0.707107 0.707107
v 200.000000 57.000000 7.000000
vt 0.034486 1.250000
vn 0.000000 -0.707107 0.707107
v 203.515625 57.234375 7.000000
vt 0.034486 1.218750
vn 0.099619 -0.697336 0.709788
v -334.562500 57.937500 7.000000
vt 0.034486 1.062500
vn -0.220527 -0.661581 0.716713
v 206.562500 57.937500 7.000000
vt 0.034486 1.187500
vn 0.220527 -0.661581 0.716713
v 209.140625 59.109375 7.000000
vt 0.034486 1.156250
vn 0.354749 -0.591248 0.724279
v -337.140625 59.109375 7.000000
vt 0.034486 1.093750
vn -0.354749 -0.591248 0.724279
v 209.597656 58.464844 2.250000
vt 0.285343 1.156250
vn 0.485590 -0.809316 -0.330471
v 209.750000 58.250000 4.000000
vt 0.301777 1.156250
vn 0.514496 -0.857493 -0.000000
v -337.750000 58.250000 4.000000
vt 0.301777 1.093750
vn -0.514496 -0.857493 -0.000000
v -337.597656 58.464844 2.250000
vt 0.285343 1.093750
vn -0.485590 -0.809316 -0.330471
v 212.000000 60.000000 4.000000
vt 0.000000 1.125000
vn 0.707107 -0.707107 -0.000000
v 211.812500 60.187500 5.750000
vt 0.016434 1.125000
vn 0.666667 -0.666667 0.333333
v -339.812500 60.187500 5.750000
vt 0.016434 1.125000
vn -0.666667 -0.666667 0.333333
v -340.000000 60.000000 4.000000
vt 0.000000 1.125000
vn -0.707107 -0.707107 -0.000000
v 211.250000 60.750000 7.000000
vt 0.034486 1.125000
vn 0.485071 -0.485071 0.727607
v -339.250000 60.750000 7.000000
vt 0.034486 1.125000
vn -0.485071 -0.485071 0.727607
v 200.000000 57.000000 1.000000
vt 0.156250 3.375000
vn 0.000000 -0.707107 -0.707107
v -328.000000 57.000000 1.000000
vt 0.156250 1.000000
vn 0.000000 -0.707107 -0.707107
v 203.515625 57.234375 1.000000
vt 0.267291 1.218750
vn 0.099619 -0.697336 -0.709788
v 200.000000 57.000000 1.000000
vt 0.267291 1.250000
vn 0.000000 -0.707107 -0.707107
v -328.000000 57.000000 1.000000
vt 0.267291 1.000000
vn 0.000000 -0.707107 -0.707107
v -331.515625 57.234375 1.000000
vt 0.267291 1.031250
vn -0.099619 -0.697336 -0.709788
v 206.562500 57.937500 1.000000
vt 0.267291 1.187500
vn 0.220527 -0.661581 -0.716713
v -334.562500 57.937500 1.000000
vt 0.267291 1.062500
vn -0.220527 -0.661581 -0.716713
v 209.140625 59.109375 1.000000
vt 0.267291 1.156250
vn 0.354749 -0.591248 -0.724279
v -337.140625 59.109375 1.000000
vt 0.267291 1.093750
vn -0.354749 -0.591248 -0.724279
v 211.812500 60.187500 2.250000
vt 0.285343 1.125000
vn 0.666667 -0.666667 -0.333333
v 212.000000 60.000000 4.000000
vt 0.301777 1.125000
vn 0.707107 -0.707107 -0.000000
v -340.000000 60.000000 4.000000
vt 0.301777 1.125000
vn -0.707107 -0.707107 -0.000000
v -339.812500 60.187500 2.250000
vt 0.285343 1.125000
vn -0.666667 -0.666667 -0.333333
v 211.250000 60.750000 1.000000
vt 0.267291 1.125000
vn 0.485071 -0.485071 -0.727607
v -339.250000 60.750000 1.000000
vt 0.267291 1.125000
vn -0.485071 -0.485071 -0.727607
v -328.000000 63.750000 2.250000
vt 0.234375 1.000000
vn 0.000000 0.948683 -0.316228
v 200.000000 64.000000 4.000000
vt 0.250000 3.375000
vn 0.000000 1.000000 -0.000000
v -328.000000 64.000000 4.000000
vt 0.250000 1.000000
vn 0.000000 1.000000 -0.000000
v 200.000000 63.750000 2.250000
vt 0.234375 3.375000
vn 0.000000 0.948683 -0.316228
v 201.875000 64.125000 4.000000
vt 0.150888 1.218750
vn -0.141421 0.989950 -0.000000
v 200.000000 64.000000 4.000000
vt 0.150888 1.250000
vn 0.000000 1.000000 -0.000000
v 200.000000 63.750000 2.250000
vt 0.167322 1.250000
vn 0.000000 0.948683 -0.316228
v 201.933594 63.878906 2.250000
vt 0.167322 1.218750
vn -0.134061 0.938430 -0.318396
v -328.000000 64.000000 4.000000
vt 0.150888 1.000000
vn 0.000000 1.000000 -0.000000
v -329.933594 63.878906 2.250000
vt 0.167322 1.031250
vn 0.134061 0.938430 -0.318396
v -328.000000 63.750000 2.250000
vt 0.167322 1.000000
vn 0.000000 0.948683 -0.316228
v -329.875000 64.125000 4.000000
vt 0.150888 1.031250
vn 0.141421 0.989950 -0.000000
v -331.609375 64.265625 2.250000
vt 0.167322 1.062500
vn 0.299160 0.897479 -0.324090
v -331.500000 64.500000 4.000000
vt 0.150888 1.062500
vn 0.316228 0.948683 -0.000000
v 203.500000 64.500000 4.000000
vt 0.150888 1.187500
vn -0.316228 0.948683 -0.000000
v 203.609375 64.265625 2.250000
vt 0.167322 1.187500
vn -0.299160 0.897479 -0.324090
v -328.000000 63.750000 5.750000
vt 0.134454 1.000000
vn 0.000000 0.948683 0.316228
v -329.933594 63.878906 5.750000
vt 0.134454 1.031250
vn 0.134061 0.938430 0.318396
v 201.933594 63.878906 5.750000
vt 0.134454 1.218750
vn -0.134061 0.938430 0.318396
v 200.000000 63.750000 5.750000
vt 0.134454 1.250000
vn 0.000000 0.948683 0.316228
v 203.609375 64.265625 5.750000
vt 0.134454 1.187500
vn -0.299160 0.897479 0.324090
v -331.609375 64.265625 5.750000
vt 0.134454 1.062500
vn 0.299160 0.897479 0.324090
v -328.000000 64.000000 4.000000
vt 0.000000 1.000000
vn 0.000000 1.000000 -0.000000
v 200.000000 64.000000 4.000000
vt 0.000000 3.375000
vn 0.000000 1.000000 -0.000000
v 200.000000 63.750000 5.750000
vt 0.015625 3.375000
vn 0.000000 0.948683 0.316228
v -328.000000 63.750000 5.750000
vt 0.015625 1.000000
vn 0.000000 0.948683 0.316228
v -332.875000 65.125000 4.000000
vt 0.150888 1.093750
vn 0.514496 0.857493 -0.000000
v -333.027344 64.910156 5.750000
vt 0.134454 1.093750
vn 0.485590 0.809316 0.330471
v -333.027344 64.910156 2.250000
vt 0.167322 1.093750
vn 0.485590 0.809316 -0.330471
v 205.027344 64.910156 5.750000
vt 0.134454 1.156250
vn -0.485590 0.809316 0.330471
v 204.875000 65.125000 4.000000
vt 0.150888 1.156250
vn -0.514496 0.857493 -0.000000
v 205.027344 64.910156 2.250000
vt 0.167322 1.156250
vn -0.485590 0.809316 -0.330471
v 200.000000 63.000000 7.000000
vt 0.031250 3.375000
vn 0.000000 0.707107 0.707107
v -328.000000 63.000000 7.000000
vt 0.031250 1.000000
vn 0.000000 0.707107 0.707107
v -328.000000 63.000000 7.000000
vt 0.116402 1.000000
vn 0.000000 0.707107 0.707107
v -330.109375 63.140625 7.000000
vt 0.116402 1.031250
vn 0.099619 0.697336 0.709788
v 202.109375 63.140625 7.000000
vt 0.116402 1.218750
vn -0.099619 0.697336 0.709788
v 200.000000 63.000000 7.000000
vt 0.116402 1.250000
vn 0.000000 0.707107 0.707107
v -331.937500 63.562500 7.000000
vt 0.116402 1.062500
vn 0.220527 0.661581 0.716713
v 203.937500 63.562500 7.000000
vt 0.116402 1.187500
vn -0.220527 0.661581 0.716713
v 205.484375 64.265625 7.000000
vt 0.116402 1.156250
vn -0.354749 0.591248 0.724279
v -333.484375 64.265625 7.000000
vt 0.116402 1.093750
vn 0.354749 0.591248 0.724279
v 206.187500 65.812500 5.750000
vt 0.134454 1.125000
vn -0.666667 0.666667 0.333333
v 206.000000 66.000000 4.000000
vt 0.150888 1.125000
vn -0.707107 0.707107 -0.000000
v -334.000000 66.000000 4.000000
vt 0.150888 1.125000
vn 0.707107 0.707107 -0.000000
v -334.187500 65.812500 5.750000
vt 0.134454 1.125000
vn 0.666667 0.666667 0.333333
v -328.000000 63.000000 1.000000
vt 0.218750 1.000000
vn 0.000000 0.707107 -0.707107
v 200.000000 63.000000 1.000000
vt 0.218750 3.375000
vn 0.000000 0.707107 -0.707107
v 200.000000 63.000000 1.000000
vt 0.185374 1.250000
vn 0.000000 0.707107 -0.707107
v 202.109375 63.140625 1.000000
vt 0.185374 1.218750
vn -0.099619 0.697336 -0.709788
v -330.109375 63.140625 1.000000
vt 0.185374 1.031250
vn 0.099619 0.697336 -0.709788
v -328.000000 63.000000 1.000000
vt 0.185374 1.000000
vn 0.000000 0.707107 -0.707107
v 203.937500 63.562500 1.000000
vt 0.185374 1.187500
vn -0.220527 0.661581 -0.716713
v -331.937500 63.562500 1.000000
vt 0.185374 1.062500
vn 0.220527 0.661581 -0.716713
v -333.484375 64.265625 1.000000
vt 0.185374 1.093750
vn 0.354749 0.591248 -0.724279
v 205.484375 64.265625 1.000000
vt 0.185374 1.156250
vn -0.354749 0.591248 -0.724279
v -334.187500 65.812500 2.250000
vt 0.167322 1.125000
vn 0.666667 0.666667 -0.333333
v 206.187500 65.812500 2.250000
vt 0.167322 1.125000
vn -0.666667 0.666667 -0.333333
v 206.750000 65.250000 1.000000
vt 0.185374 1.125000
vn -0.485071 0.485071 -0.727607
v 206.750000 65.250000 7.000000
vt 0.116402 1.125000
vn -0.485071 0.485071 0.727607
v -334.750000 65.250000 1.000000
vt 0.185374 1.125000
vn 0.485071 0.485071 -0.727607
v -334.750000 65.250000 7.000000
vt 0.116402 1.125000
vn 0.485071 0.485071 0.727607
v -328.000000 192.250000 5.750000
vt 0.109375 1.000000
vn 0.000000 -0.948683 0.316228
v 200.000000 192.000000 4.000000
vt 0.125000 3.375000
vn 0.000000 -1.000000 -0.000000
v -328.000000 192.000000 4.000000
vt 0.125000 1.000000
vn 0.000000 -1.000000 -0.000000
v 200.000000 192.250000 5.750000
vt 0.109375 3.375000
vn 0.000000 -0.948683 0.316228
v 200.000000 192.250000 5.750000
vt 0.134454 1.000000
vn 0.000000 -0.948683 0.316228
v 201.875000 191.875000 4.000000
vt 0.150888 1.031250
vn -0.141421 -0.989950 -0.000000
v 200.000000 192.000000 4.000000
vt 0.150888 1.000000
vn 0.000000 -1.000000 -0.000000
v 201.933594 192.121094 5.750000
vt 0.134454 1.031250
vn -0.134061 -0.938430 0.318396
v -329.933594 192.121094 5.750000
vt 0.134454 1.218750
vn 0.134061 -0.938430 0.318396
v -328.000000 192.250000 5.750000
vt 0.134454 1.250000
vn 0.000000 -0.948683 0.316228
v -328.000000 192.000000 4.000000
vt 0.150888 1.250000
vn 0.000000 -1.000000 -0.000000
v -329.875000 191.875000 4.000000
vt 0.150888 1.218750
vn 0.141421 -0.989950 -0.000000
v -331.609375 191.734375 5.750000
vt 0.134454 1.187500
vn 0.299160 -0.897479 0.324090
v -331.500000 191.500000 4.000000
vt 0.150888 1.187500
vn 0.316228 -0.948683 -0.000000
v 203.500000 191.500000 4.000000
vt 0.150888 1.062500
vn -0.316228 -0.948683 -0.000000
v 203.609375 191.734375 5.750000
vt 0.134454 1.062500
vn -0.299160 -0.897479 0.324090
v 200.000000 192.250000 2.250000
vt 0.140625 3.375000
vn 0.000000 -0.948683 -0.316228
v -328.000000 192.250000 2.250000
vt 0.140625 1.000000
vn 0.000000 -0.948683 -0.316228
v -328.000000 192.250000 2.250000
vt 0.167322 1.250000
vn 0.000000 -0.948683 -0.316228
v -329.933594 192.121094 2.250000
vt 0.167322 1.218750
vn 0.134061 -0.938430 -0.318396
v 201.933594 192.121094 2.250000
vt 0.167322 1.031250
vn -0.134061 -0.938430 -0.318396
v 200.000000 192.250000 2.250000
vt 0.167322 1.000000
vn 0.000000 -0.948683 -0.316228
v 203.609375 191.734375 2.250000
vt 0.167322 1.062500
vn -0.299160 -0.897479 -0.324090
v -331.609375 191.734375 2.250000
vt 0.167322 1.187500
vn 0.299160 -0.897479 -0.324090
v -332.875000 190.875000 4.000000
vt 0.150888 1.156250
vn 0.514496 -0.857493 -0.000000
v -333.027344 191.089844 2.250000
vt 0.167322 1.156250
vn 0.485590 -0.809316 -0.330471
v -333.027344 191.089844 5.750000
vt 0.134454 1.156250
vn 0.485590 -0.809316 0.330471
v 205.027344 191.089844 2.250000
vt 0.167322 1.093750
vn -0.485590 -0.809316 -0.330471
v 204.875000 190.875000 4.000000
vt 0.150888 1.093750
vn -0.514496 -0.857493 -0.000000
v 205.027344 191.089844 5.750000
vt 0.134454 1.093750
vn -0.485590 -0.809316 0.330471
v 200.000000 193.000000 1.000000
vt 0.156250 3.375000
vn 0.000000 -0.707107 -0.707107
v -328.000000 193.000000 1.000000
vt 0.156250 1.000000
vn 0.000000 -0.707107 -0.707107
v -328.000000 193.000000 1.000000
vt 0.185374 1.250000
vn 0.000000 -0.707107 -0.707107
v -330.109375 192.859375 1.000000
vt 0.185374 1.218750
vn 0.099619 -0.697336 -0.709788
v 202.109375 192.859375 1.000000
vt 0.185374 1.031250
vn -0.099619 -0.697336 -0.709788
v 200.000000 193.000000 1.000000
vt 0.185374 1.000000
vn 0.000000 -0.707107 -0.707107
v -331.937500 192.437500 1.000000
vt 0.185374 1.187500
vn 0.220527 -0.661581 -0.716713
v 203.937500 192.437500 1.000000
vt 0.185374 1.062500
vn -0.220527 -0.661581 -0.716713
v 205.484375 191.734375 1.000000
vt 0.185374 1.093750
vn -0.354749 -0.591248 -0.724279
v -333.484375 191.734375 1.000000
vt 0.185374 1.156250
vn 0.354749 -0.591248 -0.724279
v 206.187500 190.187500 2.250000
vt 0.167322 1.125000
vn -0.666667 -0.666667 -0.333333
v 206.000000 190.000000 4.000000
vt 0.150888 1.125000
vn -0.707107 -0.707107 -0.000000
v -334.000000 190.000000 4.000000
vt 0.150888 1.125000
vn 0.707107 -0.707107 -0.000000
v -334.187500 190.187500 2.250000
vt 0.167322 1.125000
vn 0.666667 -0.666667 -0.333333
v -328.000000 193.000000 7.000000
vt 0.093750 1.000000
vn 0.000000 -0.707107 0.707107
v 200.000000 193.000000 7.000000
vt 0.093750 3.375000
vn 0.000000 -0.707107 0.707107
v 200.000000 193.000000 7.000000
vt 0.116402 1.000000
vn 0.000000 -0.707107 0.707107
v 202.109375 192.859375 7.000000
vt 0.116402 1.031250
vn -0.099619 -0.697336 0.709788
v -330.109375 192.859375 7.000000
vt 0.116402 1.218750
vn 0.099619 -0.697336 0.709788
v -328.000000 193.000000 7.000000
vt 0.116402 1.250000
vn 0.000000 -0.707107 0.707107
v 203.937500 192.437500 7.000000
vt 0.116402 1.062500
vn -0.220527 -0.661581 0.716713
v -331.937500 192.437500 7.000000
vt 0.116402 1.187500
vn 0.220527 -0.661581 0.716713
v -333.484375 191.734375 7.000000
vt 0.116402 1.156250
vn 0.354749 -0.591248 0.724279
v 205.484375 191.734375 7.000000
vt 0.116402 1.093750
vn -0.354749 -0.591248 0.724279
v -334.187500 190.187500 5.750000
vt 0.134454 1.125000
vn 0.666667 -0.666667 0.333333
v 206.187500 190.187500 5.750000
vt 0.134454 1.125000
vn -0.666667 -0.666667 0.333333
v 206.750000 190.750000 7.000000
vt 0.116402 1.125000
vn -0.485071 -0.485071 0.727607
v 206.750000 190.750000 1.000000
vt 0.185374 1.125000
vn -0.485071 -0.485071 -0.727607
v -334.750000 190.750000 7.000000
vt 0.116402 1.125000
vn 0.485071 -0.485071 0.727607
v -334.750000 190.750000 1.000000
vt 0.185374 1.125000
vn 0.485071 -0.485071 -0.727607
v -344.000000 72.000000 4.000000
vt 0.000000 1.000000
vn -1.000000 0.000000 -0.000000
v -343.750000 184.000000 5.750000
vt 0.015625 1.875000
vn -0.948683 -0.000000 0.316228
v -343.750000 72.000000 5.750000
vt 0.015625 1.000000
vn -0.948683 0.000000 0.316228
v -344.000000 184.000000 4.000000
vt 0.000000 1.875000
vn -1.000000 0.000000 -0.000000
v -344.000000 184.000000 4.000000
vt 0.000000 1.000000
vn -1.000000 0.000000 -0.000000
v -343.503906 187.691406 5.750000
vt 0.016434 1.031250
vn -0.938430 0.134061 0.318396
v -343.750000 184.000000 5.750000
vt 0.016434 1.000000
vn -0.948683 -0.000000 0.316228
v -343.750000 187.750000 4.000000
vt 0.000000 1.031250
vn -0.989949 0.141421 -0.000000
v -343.750000 68.250000 4.000000
vt 0.000000 1.218750
vn -0.989949 -0.141421 -0.000000
v -344.000000 72.000000 4.000000
vt 0.000000 1.250000
vn -1.000000 0.000000 -0.000000
v -343.750000 72.000000 5.750000
vt 0.016434 1.250000
vn -0.948683 0.000000 0.316228
v -343.503906 68.308594 5.750000
vt 0.016434 1.218750
vn -0.938430 -0.134061 0.318396
v -343.000000 65.000000 4.000000
vt 0.000000 1.187500
vn -0.948683 -0.316228 -0.000000
v -342.765625 65.109375 5.750000
vt 0.016434 1.187500
vn -0.897479 -0.299160 0.324090
v -342.765625 190.890625 5.750000
vt 0.016434 1.062500
vn -0.897479 0.299160 0.324090
v -343.000000 191.000000 4.000000
vt 0.000000 1.062500
vn -0.948683 0.316228 -0.000000
v -343.000000 184.000000 7.000000
vt 0.031250 1.875000
vn -0.707107 0.000000 0.707107
v -343.000000 72.000000 7.000000
vt 0.031250 1.000000
vn -0.707107 0.000000 0.707107
v -342.765625 187.515625 7.000000
vt 0.034486 1.031250
vn -0.697336 0.099619 0.709788
v -343.000000 184.000000 7.000000
vt 0.034486 1.000000
vn -0.707107 0.000000 0.707107
v -343.000000 72.000000 7.000000
vt 0.034486 1.250000
vn -0.707107 0.000000 0.707107
v -342.765625 68.484375 7.000000
vt 0.034486 1.218750
vn -0.697336 -0.099619 0.709788
v -342.062500 190.562500 7.000000
vt 0.034486 1.062500
vn -0.661581 0.220527 0.716713
v -342.062500 65.437500 7.000000
vt 0.034486 1.187500
vn -0.661581 -0.220527 0.716713
v -341.535156 193.597656 5.750000
vt 0.016434 1.093750
vn -0.809316 0.485589 0.330471
v -341.750000 193.750000 4.000000
vt 0.000000 1.093750
vn -0.857493 0.514496 -0.000000
v -340.890625 193.140625 7.000000
vt 0.034486 1.093750
vn -0.591248 0.354749 0.724279
v -341.750000 62.250000 4.000000
vt 0.000000 1.156250
vn -0.857493 -0.514496 -0.000000
v -341.535156 62.402344 5.750000
vt 0.016434 1.156250
vn -0.809316 -0.485590 0.330471
v -340.890625 62.859375 7.000000
vt 0.034486 1.156250
vn -0.591248 -0.354749 0.724279
v -343.750000 72.000000 2.250000
vt 0.234375 1.000000
vn -0.948683 0.000000 -0.316228
v -344.000000 184.000000 4.000000
vt 0.250000 1.875000
vn -1.000000 0.000000 -0.000000
v -344.000000 72.000000 4.000000
vt 0.250000 1.000000
vn -1.000000 0.000000 -0.000000
v -343.750000 184.000000 2.250000
vt 0.234375 1.875000
vn -0.948683 -0.000000 -0.316228
v -343.503906 68.308594 2.250000
vt 0.285343 1.218750
vn -0.938430 -0.134061 -0.318396
v -343.750000 72.000000 2.250000
vt 0.285343 1.250000
vn -0.948683 0.000000 -0.316228
v -344.000000 72.000000 4.000000
vt 0.301777 1.250000
vn -1.000000 0.000000 -0.000000
v -343.750000 68.250000 4.000000
vt 0.301777 1.218750
vn -0.989950 -0.141421 -0.000000
v -343.750000 184.000000 2.250000
vt 0.285343 1.000000
vn -0.948683 -0.000000 -0.316228
v -343.750000 187.750000 4.000000
vt 0.301777 1.031250
vn -0.989950 0.141421 -0.000000
v -344.000000 184.000000 4.000000
vt 0.301777 1.000000
vn -1.000000 0.000000 -0.000000
v -343.503906 187.691406 2.250000
vt 0.285343 1.031250
vn -0.938430 0.134061 -0.318396
v -342.765625 65.109375 2.250000
vt 0.285343 1.187500
vn -0.897479 -0.299160 -0.324090
v -343.000000 65.000000 4.000000
vt 0.301777 1.187500
vn -0.948683 -0.316228 -0.000000
v -343.000000 191.000000 4.000000
vt 0.301777 1.062500
vn -0.948683 0.316228 -0.000000
v -342.765625 190.890625 2.250000
vt 0.285343 1.062500
vn -0.897479 0.299160 -0.324090
v -341.535156 62.402344 2.250000
vt 0.285343 1.156250
vn -0.809316 -0.485589 -0.330471
v -341.750000 62.250000 4.000000
vt 0.301777 1.156250
vn -0.857493 -0.514496 -0.000000
v -341.750000 193.750000 4.000000
vt 0.301777 1.093750
vn -0.857493 0.514496 -0.000000
v -341.535156 193.597656 2.250000
vt 0.285343 1.093750
vn -0.809316 0.485590 -0.330471
v -340.000000 60.000000 4.000000
vt 0.000000 1.125000
vn -0.707107 -0.707107 -0.000000
v -339.812500 60.187500 5.750000
vt 0.016434 1.125000
vn -0.666667 -0.666667 0.333333
v -339.812500 195.812500 5.750000
vt 0.016434 1.125000
vn -0.666667 0.666667 0.333333
v -340.000000 196.000000 4.000000
vt 0.000000 1.125000
vn -0.707107 0.707107 -0.000000
v -339.250000 60.750000 7.000000
vt 0.034486 1.125000
vn -0.485071 -0.485071 0.727607
v -339.250000 195.250000 7.000000
vt 0.034486 1.125000
vn -0.485071 0.485071 0.727607
v -343.000000 72.000000 1.000000
vt 0.218750 1.000000
vn -0.707107 0.000000 -0.707107
v -343.000000 184.000000 1.000000
vt 0.218750 1.875000
vn -0.707107 0.000000 -0.707107
v -342.765625 68.484375 1.000000
vt 0.267291 1.218750
vn -0.697336 -0.099619 -0.709788
v -343.000000 72.000000 1.000000
vt 0.267291 1.250000
vn -0.707107 0.000000 -0.707107
v -343.000000 184.000000 1.000000
vt 0.267291 1.000000
vn -0.707107 0.000000 -0.707107
v -342.765625 187.515625 1.000000
vt 0.267291 1.031250
vn -0.697336 0.099619 -0.709788
v -342.062500 65.437500 1.000000
vt 0.267291 1.187500
vn -0.661581 -0.220527 -0.716713
v -342.062500 190.562500 1.000000
vt 0.267291 1.062500
vn -0.661581 0.220527 -0.716713
v -340.890625 62.859375 1.000000
vt 0.267291 1.156250
vn -0.591248 -0.354749 -0.724279
v -340.890625 193.140625 1.000000
vt 0.267291 1.093750
vn -0.591248 0.354749 -0.724279
v -339.812500 60.187500 2.250000
vt 0.285343 1.125000
vn -0.666667 -0.666667 -0.333333
v -340.000000 60.000000 4.000000
vt 0.301777 1.125000
vn -0.707107 -0.707107 -0.000000
v -340.000000 196.000000 4.000000
vt 0.301777 1.125000
vn -0.707107 0.707107 -0.000000
v -339.812500 195.812500 2.250000
vt 0.285343 1.125000
vn -0.666667 0.666667 -0.333333
v -339.250000 60.750000 1.000000
vt 0.267291 1.125000
vn -0.485071 -0.485071 -0.727607
v -339.250000 195.250000 1.000000
vt 0.267291 1.125000
vn -0.485071 0.485071 -0.727607
v 216.000000 184.000000 4.000000
vt 0.000000 1.000000
vn 1.000000 0.000000 -0.000000
v 216.000000 72.000000 4.000000
vt 0.000000 1.875000
vn 1.000000 0.000000 -0.000000
v 215.750000 72.000000 5.750000
vt 0.015625 1.875000
vn 0.948683 0.000000 0.316228
v 215.750000 184.000000 5.750000
vt 0.015625 1.000000
vn 0.948683 -0.000000 0.316228
v 215.750000 187.750000 4.000000
vt 0.000000 1.218750
vn 0.989949 0.141421 -0.000000
v 216.000000 184.000000 4.000000
vt 0.000000 1.250000
vn 1.000000 0.000000 -0.000000
v 215.750000 184.000000 5.750000
vt 0.016434 1.250000
vn 0.948683 -0.000000 0.316228
v 215.503906 187.691406 5.750000
vt 0.016434 1.218750
vn 0.938430 0.134061 0.318396
v 216.000000 72.000000 4.000000
vt 0.000000 1.000000
vn 1.000000 0.000000 -0.000000
v 215.503906 68.308594 5.750000
vt 0.016434 1.031250
vn 0.938430 -0.134061 0.318396
v 215.750000 72.000000 5.750000
vt 0.016434 1.000000
vn 0.948683 0.000000 0.316228
v 215.750000 68.250000 4.000000
vt 0.000000 1.031250
vn 0.989949 -0.141421 -0.000000
v 215.000000 191.000000 4.000000
vt 0.000000 1.187500
vn 0.948683 0.316228 -0.000000
v 214.765625 190.890625 5.750000
vt 0.016434 1.187500
vn 0.897479 0.299160 0.324090
v 214.765625 65.109375 5.750000
vt 0.016434 1.062500
vn 0.897479 -0.299160 0.324090
v 215.000000 65.000000 4.000000
vt 0.000000 1.062500
vn 0.948683 -0.316228 -0.000000
v 215.000000 72.000000 7.000000
vt 0.031250 1.875000
vn 0.707107 0.000000 0.707107
v 215.000000 184.000000 7.000000
vt 0.031250 1.000000
vn 0.707107 0.000000 0.707107
v 214.765625 68.484375 7.000000
vt 0.034486 1.031250
vn 0.697336 -0.099619 0.709788
v 215.000000 72.000000 7.000000
vt 0.034486 1.000000
vn 0.707107 0.000000 0.707107
v 215.000000 184.000000 7.000000
vt 0.034486 1.250000
vn 0.707107 0.000000 0.707107
v 214.765625 187.515625 7.000000
vt 0.034486 1.218750
vn 0.697336 0.099619 0.709788
v 214.062500 65.437500 7.000000
vt 0.034486 1.062500
vn 0.661581 -0.220527 0.716713
v 214.062500 190.562500 7.000000
vt 0.034486 1.187500
vn 0.661581 0.220527 0.716713
v 213.535156 62.402344 5.750000
vt 0.016434 1.093750
vn 0.809316 -0.485589 0.330471
v 213.750000 62.250000 4.000000
vt 0.000000 1.093750
vn 0.857493 -0.514496 -0.000000
v 212.890625 62.859375 7.000000
vt 0.034486 1.093750
vn 0.591248 -0.354749 0.724279
v 213.750000 193.750000 4.000000
vt 0.000000 1.156250
vn 0.857493 0.514496 -0.000000
v 213.535156 193.597656 5.750000
vt 0.016434 1.156250
vn 0.809316 0.485590 0.330471
v 212.890625 193.140625 7.000000
vt 0.034486 1.156250
vn 0.591248 0.354749 0.724279
v 215.750000 184.000000 2.250000
vt 0.234375 1.000000
vn 0.948683 -0.000000 -0.316228
v 216.000000 72.000000 4.000000
vt 0.250000 1.875000
vn 1.000000 0.000000 -0.000000
v 216.000000 184.000000 4.000000
vt 0.250000 1.000000
vn 1.000000 0.000000 -0.000000
v 215.750000 72.000000 2.250000
vt 0.234375 1.875000
vn 0.948683 0.000000 -0.316228
v 215.503906 187.691406 2.250000
vt 0.285343 1.218750
vn 0.938430 0.134061 -0.318396
v 215.750000 184.000000 2.250000
vt 0.285343 1.250000
vn 0.948683 -0.000000 -0.316228
v 216.000000 184.000000 4.000000
vt 0.301777 1.250000
vn 1.000000 0.000000 -0.000000
v 215.750000 187.750000 4.000000
vt 0.301777 1.218750
vn 0.989950 0.141421 -0.000000
v 215.750000 72.000000 2.250000
vt 0.285343 1.000000
vn 0.948683 0.000000 -0.316228
v 215.750000 68.250000 4.000000
vt 0.301777 1.031250
vn 0.989950 -0.141421 -0.000000
v 216.000000 72.000000 4.000000
vt 0.301777 1.000000
vn 1.000000 0.000000 -0.000000
v 215.503906 68.308594 2.250000
vt 0.285343 1.031250
vn 0.938430 -0.134061 -0.318396
v 214.765625 190.890625 2.250000
vt 0.285343 1.187500
vn 0.897479 0.299160 -0.324090
v 215.000000 191.000000 4.000000
vt 0.301777 1.187500
vn 0.948683 0.316228 -0.000000
v 215.000000 65.000000 4.000000
vt 0.301777 1.062500
vn 0.948683 -0.316228 -0.000000
v 214.765625 65.109375 2.250000
vt 0.285343 1.062500
vn 0.897479 -0.299160 -0.324090
v 213.535156 193.597656 2.250000
vt 0.285343 1.156250
vn 0.809316 0.485589 -0.330471
v 213.750000 193.750000 4.000000
vt 0.301777 1.156250
vn 0.857493 0.514496 -0.000000
v 213.750000 62.250000 4.000000
vt 0.301777 1.093750
vn 0.857493 -0.514496 -0.000000
v 213.535156 62.402344 2.250000
vt 0.285343 1.093750
vn 0.809316 -0.485590 -0.330471
v 212.000000 196.000000 4.000000
vt 0.000000 1.125000
vn 0.707107 0.707107 -0.000000
v 211.812500 195.812500 5.750000
vt 0.016434 1.125000
vn 0.666667 0.666667 0.333333
v 211.812500 60.187500 5.750000
vt 0.016434 1.125000
vn 0.666667 -0.666667 0.333333
v 212.000000 60.000000 4.000000
vt 0.000000 1.125000
vn 0.707107 -0.707107 -0.000000
v 211.250000 195.250000 7.000000
vt 0.034486 1.125000
vn 0.485071 0.485071 0.727607
v 211.250000 60.750000 7.000000
vt 0.034486 1.125000
vn 0.485071 -0.485071 0.727607
v 215.000000 184.000000 1.000000
vt 0.218750 1.000000
vn 0.707107 0.000000 -0.707107
v 215.000000 72.000000 1.000000
vt 0.218750 1.875000
vn 0.707107 0.000000 -0.707107
v 214.765625 187.515625 1.000000
vt 0.267291 1.218750
vn 0.697336 0.099619 -0.709788
v 215.000000 184.000000 1.000000
vt 0.267291 1.250000
vn 0.707107 0.000000 -0.707107
v 215.000000 72.000000 1.000000
vt 0.267291 1.000000
vn 0.707107 0.000000 -0.707107
v 214.765625 68.484375 1.000000
vt 0.267291 1.031250
vn 0.697336 -0.099619 -0.709788
v 214.062500 190.562500 1.000000
vt 0.267291 1.187500
vn 0.661581 0.220527 -0.716713
v 214.062500 65.437500 1.000000
vt 0.267291 1.062500
vn 0.661581 -0.220527 -0.716713
v 212.890625 193.140625 1.000000
vt 0.267291 1.156250
vn 0.591248 0.354749 -0.724279
v 212.890625 62.859375 1.000000
vt 0.267291 1.093750
vn 0.591248 -0.354749 -0.724279
v 211.812500 195.812500 2.250000
vt 0.285343 1.125000
vn 0.666667 0.666667 -0.333333
v 212.000000 196.000000 4.000000
vt 0.301777 1.125000
vn 0.707107 0.707107 -0.000000
v 212.000000 60.000000 4.000000
vt 0.301777 1.125000
vn 0.707107 -0.707107 -0.000000
v 211.812500 60.187500 2.250000
vt 0.285343 1.125000
vn 0.666667 -0.666667 -0.333333
v 211.250000 195.250000 1.000000
vt 0.267291 1.125000
vn 0.485071 0.485071 -0.727607
v 211.250000 60.750000 1.000000
vt 0.267291 1.125000
vn 0.485071 -0.485071 -0.727607
v -336.000000 72.000000 4.000000
vt 0.125000 1.000000
vn 1.000000 0.000000 -0.000000
v -336.000000 184.000000 4.000000
vt 0.125000 1.875000
vn 1.000000 0.000000 -0.000000
v -336.250000 184.000000 2.250000
vt 0.140625 1.875000
vn 0.948683 0.000000 -0.316228
v -336.250000 72.000000 2.250000
vt 0.140625 1.000000
vn 0.948683 0.000000 -0.316228
v -335.875000 70.125000 4.000000
vt 0.150888 1.218750
vn 0.989950 0.141421 -0.000000
v -336.000000 72.000000 4.000000
vt 0.150888 1.250000
vn 1.000000 0.000000 -0.000000
v -336.250000 72.000000 2.250000
vt 0.167322 1.250000
vn 0.948683 0.000000 -0.316228
v -336.121094 70.066406 2.250000
vt 0.167322 1.218750
vn 0.938430 0.134061 -0.318396
v -336.000000 184.000000 4.000000
vt 0.150888 1.000000
vn 1.000000 0.000000 -0.000000
v -336.121094 185.933594 2.250000
vt 0.167322 1.031250
vn 0.938430 -0.134061 -0.318396
v -336.250000 184.000000 2.250000
vt 0.167322 1.000000
vn 0.948683 0.000000 -0.316228
v -335.875000 185.875000 4.000000
vt 0.150888 1.031250
vn 0.989950 -0.141421 -0.000000
v -335.734375 187.609375 2.250000
vt 0.167322 1.062500
vn 0.897479 -0.299160 -0.324090
v -335.500000 187.500000 4.000000
vt 0.150888 1.062500
vn 0.948683 -0.316228 -0.000000
v -335.500000 68.500000 4.000000
vt 0.150888 1.187500
vn 0.948683 0.316228 -0.000000
v -335.734375 68.390625 2.250000
vt 0.167322 1.187500
vn 0.897479 0.299160 -0.324090
v -336.250000 72.000000 5.750000
vt 0.109375 1.000000
vn 0.948683 0.000000 0.316228
v -336.250000 184.000000 5.750000
vt 0.109375 1.875000
vn 0.948683 0.000000 0.316228
v -336.250000 184.000000 5.750000
vt 0.134454 1.000000
vn 0.948683 0.000000 0.316228
v -336.121094 185.933594 5.750000
vt 0.134454 1.031250
vn 0.938430 -0.134061 0.318396
v -336.121094 70.066406 5.750000
vt 0.134454 1.218750
vn 0.938430 0.134061 0.318396
v -336.250000 72.000000 5.750000
vt 0.134454 1.250000
vn 0.948683 0.000000 0.316228
v -335.734375 68.390625 5.750000
vt 0.134454 1.187500
vn 0.897479 0.299160 0.324090
v -335.734375 187.609375 5.750000
vt 0.134454 1.062500
vn 0.897479 -0.299160 0.324090
v -334.875000 188.875000 4.000000
vt 0.150888 1.093750
vn 0.857493 -0.514496 -0.000000
v -335.089844 189.027344 5.750000
vt 0.134454 1.093750
vn 0.809316 -0.485589 0.330471
v -335.089844 189.027344 2.250000
vt 0.167322 1.093750
vn 0.809316 -0.485590 -0.330471
v -335.089844 66.972656 5.750000
vt 0.134454 1.156250
vn 0.809316 0.485590 0.330471
v -334.875000 67.125000 4.000000
vt 0.150888 1.156250
vn 0.857493 0.514496 -0.000000
v -335.089844 66.972656 2.250000
vt 0.167322 1.156250
vn 0.809316 0.485590 -0.330471
v -337.000000 72.000000 7.000000
vt 0.093750 1.000000
vn 0.707107 0.000000 0.707107
v -337.000000 184.000000 7.000000
vt 0.093750 1.875000
vn 0.707107 0.000000 0.707107
v -337.000000 184.000000 7.000000
vt 0.116402 1.000000
vn 0.707107 0.000000 0.707107
v -336.859375 186.109375 7.000000
vt 0.116402 1.031250
vn 0.697336 -0.099619 0.709788
v -336.859375 69.890625 7.000000
vt 0.116402 1.218750
vn 0.697336 0.099619 0.709788
v -337.000000 72.000000 7.000000
vt 0.116402 1.250000
vn 0.707107 0.000000 0.707107
v -336.437500 187.937500 7.000000
vt 0.116402 1.062500
vn 0.661582 -0.220527 0.716713
v -336.437500 68.062500 7.000000
vt 0.116402 1.187500
vn 0.661581 0.220527 0.716713
v -335.734375 66.515625 7.000000
vt 0.116402 1.156250
vn 0.591248 0.354749 0.724279
v -335.734375 189.484375 7.000000
vt 0.116402 1.093750
vn 0.591248 -0.354749 0.724279
v -334.187500 65.812500 5.750000
vt 0.134454 1.125000
vn 0.666667 0.666667 0.333333
v -334.000000 66.000000 4.000000
vt 0.150888 1.125000
vn 0.707107 0.707107 -0.000000
v -334.000000 190.000000 4.000000
vt 0.150888 1.125000
vn 0.707107 -0.707107 -0.000000
v -334.187500 190.187500 5.750000
vt 0.134454 1.125000
vn 0.666667 -0.666667 0.333333
v -337.000000 184.000000 1.000000
vt 0.156250 1.875000
vn 0.707107 0.000000 -0.707107
v -337.000000 72.000000 1.000000
vt 0.156250 1.000000
vn 0.707107 0.000000 -0.707107
v -337.000000 72.000000 1.000000
vt 0.185374 1.250000
vn 0.707107 0.000000 -0.707107
v -336.859375 69.890625 1.000000
vt 0.185374 1.218750
vn 0.697336 0.099619 -0.709788
v -336.859375 186.109375 1.000000
vt 0.185374 1.031250
vn 0.697336 -0.099619 -0.709788
v -337.000000 184.000000 1.000000
vt 0.185374 1.000000
vn 0.707107 0.000000 -0.707107
v -336.437500 68.062500 1.000000
vt 0.185374 1.187500
vn 0.661581 0.220527 -0.716713
v -336.437500 187.937500 1.000000
vt 0.185374 1.062500
vn 0.661582 -0.220527 -0.716713
v -335.734375 189.484375 1.000000
vt 0.185374 1.093750
vn 0.591248 -0.354749 -0.724279
v -335.734375 66.515625 1.000000
vt 0.185374 1.156250
vn 0.591248 0.354749 -0.724279
v -334.187500 190.187500 2.250000
vt 0.167322 1.125000
vn 0.666667 -0.666667 -0.333333
v -334.187500 65.812500 2.250000
vt 0.167322 1.125000
vn 0.666667 0.666667 -0.333333
v -334.750000 65.250000 1.000000
vt 0.185374 1.125000
vn 0.485071 0.485071 -0.727607
v -334.750000 65.250000 7.000000
vt 0.116402 1.125000
vn 0.485071 0.485071 0.727607
v -334.750000 190.750000 1.000000
vt 0.185374 1.125000
vn 0.485071 -0.485071 -0.727607
v -334.750000 190.750000 7.000000
vt 0.116402 1.125000
vn 0.485071 -0.485071 0.727607
v 208.000000 184.000000 4.000000
vt 0.125000 1.000000
vn -1.000000 0.000000 -0.000000
v 208.000000 72.000000 4.000000
vt 0.125000 1.875000
vn -1.000000 0.000000 -0.000000
v 208.250000 72.000000 2.250000
vt 0.140625 1.875000
vn -0.948683 0.000000 -0.316228
v 208.250000 184.000000 2.250000
vt 0.140625 1.000000
vn -0.948683 0.000000 -0.316228
v 207.875000 185.875000 4.000000
vt 0.150888 1.218750
vn -0.989950 -0.141421 -0.000000
v 208.000000 184.000000 4.000000
vt 0.150888 1.250000
vn -1.000000 0.000000 -0.000000
v 208.250000 184.000000 2.250000
vt 0.167322 1.250000
vn -0.948683 0.000000 -0.316228
v 208.121094 185.933594 2.250000
vt 0.167322 1.218750
vn -0.938430 -0.134061 -0.318396
v 208.000000 72.000000 4.000000
vt 0.150888 1.000000
vn -1.000000 0.000000 -0.000000
v 208.121094 70.066406 2.250000
vt 0.167322 1.031250
vn -0.938430 0.134061 -0.318396
v 208.250000 72.000000 2.250000
vt 0.167322 1.000000
vn -0.948683 0.000000 -0.316228
v 207.875000 70.125000 4.000000
vt 0.150888 1.031250
vn -0.989950 0.141421 -0.000000
v 207.734375 68.390625 2.250000
vt 0.167322 1.062500
vn -0.897479 0.299160 -0.324090
v 207.500000 68.500000 4.000000
vt 0.150888 1.062500
vn -0.948683 0.316228 -0.000000
v 207.500000 187.500000 4.000000
vt 0.150888 1.187500
vn -0.948683 -0.316228 -0.000000
v 207.734375 187.609375 2.250000
vt 0.167322 1.187500
vn -0.897479 -0.299160 -0.324090
v 208.250000 184.000000 5.750000
vt 0.109375 1.000000
vn -0.948683 0.000000 0.316228
v 208.250000 72.000000 5.750000
vt 0.109375 1.875000
vn -0.948683 0.000000 0.316228
v 208.250000 72.000000 5.750000
vt 0.134454 1.000000
vn -0.948683 0.000000 0.316228
v 208.121094 70.066406 5.750000
vt 0.134454 1.031250
vn -0.938430 0.134061 0.318396
v 208.121094 185.933594 5.750000
vt 0.134454 1.218750
vn -0.938430 -0.134061 0.318396
v 208.250000 184.000000 5.750000
vt 0.134454 1.250000
vn -0.948683 0.000000 0.316228
v 207.734375 187.609375 5.750000
vt 0.134454 1.187500
vn -0.897479 -0.299160 0.324090
v 207.734375 68.390625 5.750000
vt 0.134454 1.062500
vn -0.897479 0.299160 0.324090
v 206.875000 67.125000 4.000000
vt 0.150888 1.093750
vn -0.857493 0.514496 -0.000000
v 207.089844 66.972656 5.750000
vt 0.134454 1.093750
vn -0.809316 0.485589 0.330471
v 207.089844 66.972656 2.250000
vt 0.167322 1.093750
vn -0.809316 0.485590 -0.330471
v 207.089844 189.027344 5.750000
vt 0.134454 1.156250
vn -0.809316 -0.485590 0.330471
v 206.875000 188.875000 4.000000
vt 0.150888 1.156250
vn -0.857493 -0.514496 -0.000000
v 207.089844 189.027344 2.250000
vt 0.167322 1.156250
vn -0.809316 -0.485590 -0.330471
v 209.000000 184.000000 7.000000
vt 0.093750 1.000000
vn -0.707107 0.000000 0.707107
v 209.000000 72.000000 7.000000
vt 0.093750 1.875000
vn -0.707107 0.000000 0.707107
v 209.000000 72.000000 7.000000
vt 0.116402 1.000000
vn -0.707107 0.000000 0.707107
v 208.859375 69.890625 7.000000
vt 0.116402 1.031250
vn -0.697336 0.099619 0.709788
v 208.859375 186.109375 7.000000
vt 0.116402 1.218750
vn -0.697336 -0.099619 0.709788
v 209.000000 184.000000 7.000000
vt 0.116402 1.250000
vn -0.707107 0.000000 0.707107
v 208.437500 68.062500 7.000000
vt 0.116402 1.062500
vn -0.661582 0.220527 0.716713
v 208.437500 187.937500 7.000000
vt 0.116402 1.187500
vn -0.661581 -0.220527 0.716713
v 207.734375 189.484375 7.000000
vt 0.116402 1.156250
vn -0.591248 -0.354749 0.724279
v 207.734375 66.515625 7.000000
vt 0.116402 1.093750
vn -0.591248 0.354749 0.724279
v 206.187500 190.187500 5.750000
vt 0.134454 1.125000
vn -0.666667 -0.666667 0.333333
v 206.000000 190.000000 4.000000
vt 0.150888 1.125000
vn -0.707107 -0.707107 -0.000000
v 206.000000 66.000000 4.000000
vt 0.150888 1.125000
vn -0.707107 0.707107 -0.000000
v 206.187500 65.812500 5.750000
vt 0.134454 1.125000
vn -0.666667 0.666667 0.333333
v 209.000000 72.000000 1.000000
vt 0.156250 1.875000
vn -0.707107 0.000000 -0.707107
v 209.000000 184.000000 1.000000
vt 0.156250 1.000000
vn -0.707107 0.000000 -0.707107
v 209.000000 184.000000 1.000000
vt 0.185374 1.250000
vn -0.707107 0.000000 -0.707107
v 208.859375 186.109375 1.000000
vt 0.185374 1.218750
vn -0.697336 -0.099619 -0.709788
v 208.859375 69.890625 1.000000
vt 0.185374 1.031250
vn -0.697336 0.099619 -0.709788
v 209.000000 72.000000 1.000000
vt 0.185374 1.000000
vn -0.707107 0.000000 -0.707107
v 208.437500 187.937500 1.000000
vt 0.185374 1.187500
vn -0.661581 -0.220527 -0.716713
v 208.437500 68.062500 1.000000
vt 0.185374 1.062500
vn -0.661582 0.220527 -0.716713
v 207.734375 66.515625 1.000000
vt 0.185374 1.093750
vn -0.591248 0.354749 -0.724279
v 207.734375 189.484375 1.000000
vt 0.185374 1.156250
vn -0.591248 -0.354749 -0.724279
v 206.187500 65.812500 2.250000
vt 0.167322 1.125000
vn -0.666667 0.666667 -0.333333
v 206.187500 190.187500 2.250000
vt 0.167322 1.125000
vn -0.666667 -0.666667 -0.333333
v 206.750000 190.750000 1.000000
vt 0.185374 1.125000
vn -0.485071 -0.485071 -0.727607
v 206.750000 190.750000 7.000000
vt 0.116402 1.125000
vn -0.485071 -0.485071 0.727607
v 206.750000 65.250000 1.000000
vt 0.185374 1.125000
vn -0.485071 0.485071 -0.727607
v 206.750000 65.250000 7.000000
vt 0.116402 1.125000
vn -0.485071 0.485071 0.727607
v -172.250000 196.000000 2.250000
vt 0.234375 1.000000
vn 0.948683 0.000000 -0.316228
v -172.000000 12.000000 4.000000
vt 0.250000 2.750000
vn 1.000000 0.000000 -0.000000
v -172.000000 196.000000 4.000000
vt 0.250000 1.000000
vn 1.000000 0.000000 -0.000000
v -172.250000 12.000000 2.250000
vt 0.234375 2.750000
vn 0.948683 0.000000 -0.316228
v -173.000000 196.000000 1.000000
vt 0.218750 1.000000
vn 0.707107 0.000000 -0.707107
v -173.000000 12.000000 1.000000
vt 0.218750 2.750000
vn 0.707107 0.000000 -0.707107
v -172.000000 196.000000 4.000000
vt 0.000000 1.000000
vn 1.000000 0.000000 -0.000000
v -172.000000 12.000000 4.000000
vt 0.000000 2.750000
vn 1.000000 0.000000 -0.000000
v -172.250000 12.000000 5.750000
vt 0.015625 2.750000
vn 0.948683 0.000000 0.316228
v -172.250000 196.000000 5.750000
vt 0.015625 1.000000
vn 0.948683 0.000000 0.316228
v -173.000000 12.000000 7.000000
vt 0.031250 2.750000
vn 0.707107 0.000000 0.707107
v -173.000000 196.000000 7.000000
vt 0.031250 1.000000
vn 0.707107 0.000000 0.707107
v -176.000000 196.000000 8.000000
vt 0.062500 1.000000
vn 0.000000 0.000000 1.000000
v -176.000000 12.000000 8.000000
vt 0.062500 2.750000
vn 0.000000 0.000000 1.000000
v -177.750000 12.000000 7.750000
vt 0.078125 2.750000
vn -0.316228 0.000000 0.948683
v -177.750000 196.000000 7.750000
vt 0.078125 1.000000
vn -0.316228 0.000000 0.948683
v -174.250000 196.000000 7.750000
vt 0.046875 1.000000
vn 0.316228 0.000000 0.948683
v -174.250000 12.000000 7.750000
vt 0.046875 2.750000
vn 0.316228 0.000000 0.948683
v -173.000000 196.000000 7.000000
vt 0.031250 1.000000
vn 0.707107 0.000000 0.707107
v -173.000000 12.000000 7.000000
vt 0.031250 2.750000
vn 0.707107 0.000000 0.707107
v -179.000000 12.000000 7.000000
vt 0.093750 2.750000
vn -0.707107 0.000000 0.707107
v -179.000000 196.000000 7.000000
vt 0.093750 1.000000
vn -0.707107 0.000000 0.707107
v -180.000000 196.000000 4.000000
vt 0.125000 1.000000
vn -1.000000 0.000000 -0.000000
v -179.750000 12.000000 2.250000
vt 0.140625 2.750000
vn -0.948683 0.000000 -0.316228
v -179.750000 196.000000 2.250000
vt 0.140625 1.000000
vn -0.948683 0.000000 -0.316228
v -180.000000 12.000000 4.000000
vt 0.125000 2.750000
vn -1.000000 0.000000 -0.000000
v -179.750000 196.000000 5.750000
vt 0.109375 1.000000
vn -0.948683 0.000000 0.316228
v -179.750000 12.000000 5.750000
vt 0.109375 2.750000
vn -0.948683 0.000000 0.316228
v -179.000000 196.000000 7.000000
vt 0.093750 1.000000
vn -0.707107 0.000000 0.707107
v -179.000000 12.000000 7.000000
vt 0.093750 2.750000
vn -0.707107 0.000000 0.707107
v -179.000000 12.000000 1.000000
vt 0.156250 2.750000
vn -0.707107 0.000000 -0.707107
v -179.000000 196.000000 1.000000
vt 0.156250 1.000000
vn -0.707107 0.000000 -0.707107
v -176.000000 196.000000 -0.000000
vt 0.187500 1.000000
vn 0.000000 0.000000 -1.000000
v -176.000000 12.000000 -0.000000
vt 0.187500 2.750000
vn 0.000000 0.000000 -1.000000
v -174.250000 12.000000 0.250000
vt 0.203125 2.750000
vn 0.316228 0.000000 -0.948683
v -174.250000 196.000000 0.250000
vt 0.203125 1.000000
vn 0.316228 0.000000 -0.948683
v -177.750000 196.000000 0.250000
vt 0.171875 1.000000
vn -0.316228 0.000000 -0.948683
v -177.750000 12.000000 0.250000
vt 0.171875 2.750000
vn -0.316228 0.000000 -0.948683
v -179.000000 196.000000 1.000000
vt 0.156250 1.000000
vn -0.707107 0.000000 -0.707107
v -179.000000 12.000000 1.000000
vt 0.156250 2.750000
vn -0.707107 0.000000 -0.707107
v -173.000000 12.000000 1.000000
vt 0.218750 2.750000
vn 0.707107 0.000000 -0.707107
v -173.000000 196.000000 1.000000
vt 0.218750 1.000000
vn 0.707107 0.000000 -0.707107
v 51.750000 196.000000 2.250000
vt 0.234375 1.000000
vn 0.948683 0.000000 -0.316228
v 52.000000 12.000000 4.000000
vt 0.250000 2.750000
vn 1.000000 0.000000 -0.000000
v 52.000000 196.000000 4.000000
vt 0.250000 1.000000
vn 1.000000 0.000000 -0.000000
v 51.750000 12.000000 2.250000
vt 0.234375 2.750000
vn 0.948683 0.000000 -0.316228
v 51.000000 196.000000 1.000000
vt 0.218750 1.000000
vn 0.707107 0.000000 -0.707107
v 51.000000 12.000000 1.000000
vt 0.218750 2.750000
vn 0.707107 0.000000 -0.707107
v 52.000000 196.000000 4.000000
vt 0.000000 1.000000
vn 1.000000 0.000000 -0.000000
v 52.000000 12.000000 4.000000
vt 0.000000 2.750000
vn 1.000000 0.000000 -0.000000
v 51.750000 12.000000 5.750000
vt 0.015625 2.750000
vn 0.948683 0.000000 0.316228
v 51.750000 196.000000 5.750000
vt 0.015625 1.000000
vn 0.948683 0.000000 0.316228
v 51.000000 12.000000 7.000000
vt 0.031250 2.750000
vn 0.707107 0.000000 0.707107
v 51.000000 196.000000 7.000000
vt 0.031250 1.000000
vn 0.707107 0.000000 0.707107
v 48.000000 196.000000 8.000000
vt 0.062500 1.000000
vn 0.000000 0.000000 1.000000
v 48.000000 12.000000 8.000000
vt 0.062500 2.750000
vn 0.000000 0.000000 1.000000
v 46.250000 12.000000 7.750000
vt 0.078125 2.750000
vn -0.316228 0.000000 0.948683
v 46.250000 196.000000 7.750000
vt 0.078125 1.000000
vn -0.316228 0.000000 0.948683
v 49.750000 196.000000 7.750000
vt 0.046875 1.000000
vn 0.316228 0.000000 0.948683
v 49.750000 12.000000 7.750000
vt 0.046875 2.750000
vn 0.316228 0.000000 0.948683
v 51.000000 196.000000 7.000000
vt 0.031250 1.000000
vn 0.707107 0.000000 0.707107
v 51.000000 12.000000 7.000000
vt 0.031250 2.750000
vn 0.707107 0.000000 0.707107
v 45.000000 12.000000 7.000000
vt 0.093750 2.750000
vn -0.707107 0.000000 0.707107
v 45.000000 196.000000 7.000000
vt 0.093750 1.000000
vn -0.707107 0.000000 0.707107
v 44.000000 196.000000 4.000000
vt 0.125000 1.000000
vn -1.000000 0.000000 -0.000000
v 44.250000 12.000000 2.250000
vt 0.140625 2.750000
vn -0.948683 0.000000 -0.316228
v 44.250000 196.000000 2.250000
vt 0.140625 1.000000
vn -0.948683 0.000000 -0.316228
v 44.000000 12.000000 4.000000
vt 0.125000 2.750000
vn -1.000000 0.000000 -0.000000
v 44.250000 196.000000 5.750000
vt 0.109375 1.000000
vn -0.948683 0.000000 0.316228
v 44.250000 12.000000 5.750000
vt 0.109375 2.750000
vn -0.948683 0.000000 0.316228
v 45.000000 196.000000 7.000000
vt 0.093750 1.000000
vn -0.707107 0.000000 0.707107
v 45.000000 12.000000 7.000000
vt 0.093750 2.750000
vn -0.707107 0.000000 0.707107
v 45.000000 12.000000 1.000000
vt 0.156250 2.750000
vn -0.707107 0.000000 -0.707107
v 45.000000 196.000000 1.000000
vt 0.156250 1.000000
vn -0.707107 0.000000 -0.707107
v 46.250000 196.000000 0.250000
vt 0.171875 1.000000
vn -0.316228 0.000000 -0.948683
v 48.000000 12.000000 -0.000000
vt 0.187500 2.750000
vn 0.000000 0.000000 -1.000000
v 48.000000 196.000000 -0.000000
vt 0.187500 1.000000
vn 0.000000 0.000000 -1.000000
v 46.250000 12.000000 0.250000
vt 0.171875 2.750000
vn -0.316228 0.000000 -0.948683
v 49.750000 12.000000 0.250000
vt 0.203125 2.750000
vn 0.316228 0.000000 -0.948683
v 49.750000 196.000000 0.250000
vt 0.203125 1.000000
vn 0.316228 0.000000 -0.948683
v 51.000000 12.000000 1.000000
vt 0.218750 2.750000
vn 0.707107 0.000000 -0.707107
v 51.000000 196.000000 1.000000
vt 0.218750 1.000000
vn 0.707107 0.000000 -0.707107
v 45.000000 196.000000 1.000000
vt 0.156250 1.000000
vn -0.707107 0.000000 -0.707107
v 45.000000 12.000000 1.000000
vt 0.156250 2.750000
vn -0.707107 0.000000 -0.707107
v -190.088867 4.500000 7.354492
vt 0.468750 1.108387
vn -0.801103 0.587483 0.114443
v -191.011719 3.000000 7.574219
vt 0.468750 1.124632
vn -0.884085 0.449936 0.126298
v -191.250000 3.000000 4.000000
vt 0.500000 1.124632
vn -0.894427 0.447214 -0.000000
v -190.312500 4.500000 4.000000
vt 0.500000 1.108387
vn -0.811242 0.584710 -0.000000
v -191.011719 3.000000 0.425781
vt 0.531250 1.124632
vn -0.884085 0.449936 -0.126298
v -190.088867 4.500000 0.645508
vt 0.531250 1.108387
vn -0.801103 0.587483 -0.114443
v -189.000000 6.000000 4.000000
vt 0.500000 1.090330
vn -0.707107 0.707107 -0.000000
v -188.796875 6.000000 0.953125
vt 0.531250 1.090330
vn -0.697336 0.709788 -0.099619
v -188.796875 6.000000 7.046875
vt 0.468750 1.090330
vn -0.697336 0.709788 0.099619
v -189.417969 4.500000 -2.261719
vt 0.562500 1.108387
vn -0.762699 0.594690 -0.254233
v -188.187500 6.000000 -1.687500
vt 0.562500 1.090330
vn -0.661581 0.716713 -0.220527
v -190.296875 3.000000 -2.671875
vt 0.562500 1.124632
vn -0.843795 0.457056 -0.281265
v -187.312500 7.500000 4.000000
vt 0.500000 1.070464
vn -0.633989 0.773342 -0.000000
v -187.135742 7.500000 1.348633
vt 0.531250 1.070464
vn -0.624818 0.775651 -0.089260
v -187.135742 7.500000 6.651367
vt 0.468750 1.070464
vn -0.624818 0.775651 0.089260
v -186.605469 7.500000 -0.949219
vt 0.562500 1.070464
vn -0.591777 0.781593 -0.197259
v -188.187500 6.000000 9.687500
vt 0.437500 1.090330
vn -0.661581 0.716713 0.220527
v -189.417969 4.500000 10.261719
vt 0.437500 1.108387
vn -0.762699 0.594690 0.254233
v -186.605469 7.500000 8.949219
vt 0.437500 1.070464
vn -0.591777 0.781593 0.197259
v -185.250000 9.000000 4.000000
vt 0.500000 1.048787
vn -0.554700 0.832050 -0.000000
v -185.105469 9.000000 1.832031
vt 0.531250 1.048787
vn -0.546237 0.833988 -0.078034
v -185.105469 9.000000 6.167969
vt 0.468750 1.048787
vn -0.546237 0.833988 0.078034
v -184.671875 9.000000 -0.046875
vt 0.562500 1.048787
vn -0.516278 0.838952 -0.172093
v -184.671875 9.000000 8.046875
vt 0.437500 1.048787
vn -0.516278 0.838952 0.172093
v -180.000000 12.000000 4.000000
vt 0.500000 1.000000
vn -0.447214 0.894427 -0.000000
v -179.937500 12.000000 3.062500
vt 0.531250 1.000000
vn -0.440032 0.895779 -0.062862
v -179.937500 12.000000 4.937500
vt 0.468750 1.000000
vn -0.440032 0.895779 0.062862
v -179.750000 12.000000 2.250000
vt 0.562500 1.000000
vn -0.415029 0.899229 -0.138343
v -179.750000 12.000000 5.750000
vt 0.437500 1.000000
vn -0.415029 0.899229 0.138343
v -185.721680 7.500000 -2.893555
vt 0.593750 1.070464
vn -0.527883 0.788049 -0.316730
v -183.949219 9.000000 -1.636719
vt 0.593750 1.048787
vn -0.459489 0.844312 -0.275694
v -179.437500 12.000000 1.562500
vt 0.593750 1.000000
vn -0.368542 0.902929 -0.221125
v -187.171875 6.000000 -3.921875
vt 0.593750 1.090330
vn -0.591248 0.724279 -0.354749
v -183.949219 9.000000 9.636719
vt 0.406250 1.048787
vn -0.459489 0.844312 0.275694
v -185.721680 7.500000 10.893555
vt 0.406250 1.070464
vn -0.527883 0.788049 0.316730
v -179.437500 12.000000 6.437500
vt 0.406250 1.000000
vn -0.368542 0.902929 0.221125
v -187.171875 6.000000 11.921875
vt 0.406250 1.090330
vn -0.591248 0.724279 0.354749
v -188.299805 4.500000 -4.721680
vt 0.593750 1.108387
vn -0.684293 0.602637 -0.410576
v -182.937500 9.000000 -2.937500
vt 0.625000 1.048787
vn -0.376288 0.846649 -0.376288
v -179.000000 12.000000 1.000000
vt 0.625000 1.000000
vn -0.301511 0.904534 -0.301511
v -184.484375 7.500000 -4.484375
vt 0.625000 1.070464
vn -0.432731 0.790877 -0.432731
v -185.750000 6.000000 -5.750000
vt 0.625000 1.090330
vn -0.485071 0.727607 -0.485071
v -188.299805 4.500000 12.721680
vt 0.406250 1.108387
vn -0.684293 0.602637 0.410576
v -179.000000 12.000000 7.000000
vt 0.375000 1.000000
vn -0.301511 0.904534 0.301511
v -182.937500 9.000000 10.937500
vt 0.375000 1.048787
vn -0.376288 0.846649 0.376288
v -184.484375 7.500000 12.484375
vt 0.375000 1.070464
vn -0.432731 0.790877 0.432731
v -190.296875 3.000000 10.671875
vt 0.437500 1.124632
vn -0.843795 0.457056 0.281265
v -185.750000 6.000000 13.750000
vt 0.375000 1.090330
vn -0.485071 0.727607 0.485071
v -186.734375 4.500000 -6.734375
vt 0.625000 1.108387
vn -0.562393 0.606158 -0.562393
v -189.105469 3.000000 -5.292969
vt 0.593750 1.124632
vn -0.759155 0.464983 -0.455493
v -189.105469 3.000000 13.292969
vt 0.406250 1.124632
vn -0.759156 0.464983 0.455493
v -186.734375 4.500000 14.734375
vt 0.375000 1.108387
vn -0.562393 0.606158 0.562393
v -191.565430 1.500000 0.293945
vt 0.531250 1.139067
vn -0.963120 0.231235 -0.137589
v -191.812500 1.500000 4.000000
vt 0.500000 1.139067
vn -0.973249 0.229753 -0.000000
v -191.565430 1.500000 7.706055
vt 0.468750 1.139067
vn -0.963120 0.231235 0.137589
v -190.824219 1.500000 -2.917969
vt 0.562500 1.139067
vn -0.922088 0.235119 -0.307363
v -187.437500 3.000000 -7.437500
vt 0.625000 1.124632
vn -0.624695 0.468521 -0.624695
v -190.824219 1.500000 10.917969
vt 0.437500 1.139067
vn -0.922088 0.235119 0.307363
v -187.437500 3.000000 15.437500
vt 0.375000 1.124632
vn -0.624695 0.468521 0.624695
v -189.588867 1.500000 -5.635742
vt 0.593750 1.139067
vn -0.832546 0.239458 -0.499527
v -189.588867 1.500000 13.635742
vt 0.406250 1.139067
vn -0.832546 0.239458 0.499527
v -187.859375 1.500000 -7.859375
vt 0.625000 1.139067
vn -0.686195 0.241400 -0.686195
v -187.859375 1.500000 15.859375
vt 0.375000 1.139067
vn -0.686195 0.241400 0.686195
v -191.750000 0.000000 0.250000
vt 0.531250 1.151691
vn -0.989949 0.000000 -0.141421
v -192.000000 0.000000 4.000000
vt 0.500000 1.151691
vn -1.000000 0.000000 -0.000000
v -191.750000 0.000000 7.750000
vt 0.468750 1.151691
vn -0.989949 0.000000 0.141421
v -191.000000 0.000000 -3.000000
vt 0.562500 1.151691
vn -0.948683 0.000000 -0.316228
v -191.000000 0.000000 11.000000
vt 0.437500 1.151691
vn -0.948683 0.000000 0.316228
v -189.750000 0.000000 -5.750000
vt 0.593750 1.151691
vn -0.857493 0.000000 -0.514496
v -189.750000 0.000000 13.750000
vt 0.406250 1.151691
vn -0.857493 0.000000 0.514496
v -188.000000 0.000000 -8.000000
vt 0.625000 1.151691
vn -0.707107 0.000000 -0.707107
v -188.000000 0.000000 16.000000
vt 0.375000 1.151691
vn -0.707107 0.000000 0.707107
v -162.411133 1.500000 13.635742
vt 0.093750 1.139067
vn 0.832546 0.239458 0.499527
v -164.000000 0.000000 16.000000
vt 0.125000 1.151691
vn 0.707107 0.000000 0.707107
v -164.140625 1.500000 15.859375
vt 0.125000 1.139067
vn 0.686195 0.241400 0.686195
v -162.250000 0.000000 13.750000
vt 0.093750 1.151691
vn 0.857493 0.000000 0.514496
v -161.175781 1.500000 10.917969
vt 0.062500 1.139067
vn 0.922088 0.235119 0.307363
v -161.000000 0.000000 11.000000
vt 0.062500 1.151691
vn 0.948683 0.000000 0.316228
v -161.703125 3.000000 10.671875
vt 0.062500 1.124632
vn 0.843795 0.457056 0.281265
v -162.894531 3.000000 13.292969
vt 0.093750 1.124632
vn 0.759155 0.464983 0.455493
v -164.562500 3.000000 15.437500
vt 0.125000 1.124632
vn 0.624695 0.468521 0.624695
v -160.434570 1.500000 7.706055
vt 0.031250 1.139067
vn 0.963120 0.231235 0.137589
v -160.250000 0.000000 7.750000
vt 0.031250 1.151691
vn 0.989949 0.000000 0.141421
v -162.582031 4.500000 10.261719
vt 0.062500 1.108387
vn 0.762699 0.594690 0.254233
v -163.700195 4.500000 12.721680
vt 0.093750 1.108387
vn 0.684293 0.602637 0.410576
v -165.265625 4.500000 14.734375
vt 0.125000 1.108387
vn 0.562393 0.606158 0.562393
v -166.364258 1.500000 17.588867
vt 0.156250 1.139067
vn 0.499527 0.239458 0.832546
v -166.707031 3.000000 17.105469
vt 0.156250 1.124632
vn 0.455493 0.464983 0.759156
v -167.278320 4.500000 16.299805
vt 0.156250 1.108387
vn 0.410576 0.602637 0.684293
v -166.250000 0.000000 17.750000
vt 0.156250 1.151691
vn 0.514496 0.000000 0.857493
v -169.082031 1.500000 18.824219
vt 0.187500 1.139067
vn 0.307363 0.235119 0.922088
v -169.328125 3.000000 18.296875
vt 0.187500 1.124632
vn 0.281265 0.457056 0.843795
v -169.000000 0.000000 19.000000
vt 0.187500 1.151691
vn 0.316228 0.000000 0.948683
v -172.250000 0.000000 19.750000
vt 0.218750 1.151691
vn 0.141421 0.000000 0.989949
v -172.293945 1.500000 19.565430
vt 0.218750 1.139067
vn 0.137589 0.231235 0.963120
v -160.434570 1.500000 0.293945
vt 0.968750 1.139067
vn 0.963120 0.231235 -0.137589
v -160.000000 0.000000 4.000000
vt 1.000000 1.151691
vn 1.000000 0.000000 -0.000000
v -160.187500 1.500000 4.000000
vt 1.000000 1.139067
vn 0.973249 0.229753 -0.000000
v -160.250000 0.000000 0.250000
vt 0.968750 1.151691
vn 0.989949 0.000000 -0.141421
v -161.175781 1.500000 -2.917969
vt 0.937500 1.139067
vn 0.922088 0.235119 -0.307363
v -161.000000 0.000000 -3.000000
vt 0.937500 1.151691
vn 0.948683 0.000000 -0.316228
v -160.988281 3.000000 0.425781
vt 0.968750 1.124632
vn 0.884085 0.449936 -0.126298
v -160.750000 3.000000 4.000000
vt 1.000000 1.124632
vn 0.894427 0.447214 -0.000000
v -161.703125 3.000000 -2.671875
vt 0.937500 1.124632
vn 0.843795 0.457056 -0.281265
v -160.750000 3.000000 4.000000
vt 0.000000 1.124632
vn 0.894427 0.447214 -0.000000
v -160.187500 1.500000 4.000000
vt 0.000000 1.139067
vn 0.973249 0.229753 -0.000000
v -160.988281 3.000000 7.574219
vt 0.031250 1.124632
vn 0.884085 0.449936 0.126298
v -160.000000 0.000000 4.000000
vt 0.000000 1.151691
vn 1.000000 0.000000 -0.000000
v -161.911133 4.500000 0.645508
vt 0.968750 1.108387
vn 0.801103 0.587483 -0.114443
v -161.687500 4.500000 4.000000
vt 1.000000 1.108387
vn 0.811242 0.584710 -0.000000
v -161.687500 4.500000 4.000000
vt 0.000000 1.108387
vn 0.811242 0.584710 -0.000000
v -161.911133 4.500000 7.354492
vt 0.031250 1.108387
vn 0.801103 0.587483 0.114443
v -162.582031 4.500000 -2.261719
vt 0.937500 1.108387
vn 0.762699 0.594690 -0.254233
v -172.425781 3.000000 19.011719
vt 0.218750 1.124632
vn 0.126298 0.449936 0.884085
v -176.000000 1.500000 19.812500
vt 0.250000 1.139067
vn 0.000000 0.229753 0.973249
v -176.000000 3.000000 19.250000
vt 0.250000 1.124632
vn 0.000000 0.447214 0.894427
v -179.706055 1.500000 19.565430
vt 0.281250 1.139067
vn -0.137589 0.231235 0.963120
v -179.574219 3.000000 19.011719
vt 0.281250 1.124632
vn -0.126298 0.449936 0.884085
v -176.000000 4.500000 18.312500
vt 0.250000 1.108387
vn 0.000000 0.584710 0.811242
v -179.354492 4.500000 18.088867
vt 0.281250 1.108387
vn -0.114443 0.587483 0.801103
v -172.645508 4.500000 18.088867
vt 0.218750 1.108387
vn 0.114443 0.587483 0.801103
v -182.671875 3.000000 18.296875
vt 0.312500 1.124632
vn -0.281265 0.457056 0.843795
v -182.261719 4.500000 17.417969
vt 0.312500 1.108387
vn -0.254233 0.594690 0.762699
v -182.917969 1.500000 18.824219
vt 0.312500 1.139067
vn -0.307363 0.235119 0.922088
v -176.000000 6.000000 17.000000
vt 0.250000 1.090330
vn 0.000000 0.707107 0.707107
v -179.046875 6.000000 16.796875
vt 0.281250 1.090330
vn -0.099619 0.709788 0.697336
v -172.953125 6.000000 16.796875
vt 0.218750 1.090330
vn 0.099619 0.709788 0.697336
v -181.687500 6.000000 16.187500
vt 0.312500 1.090330
vn -0.220527 0.716713 0.661581
v -169.738281 4.500000 17.417969
vt 0.187500 1.108387
vn 0.254233 0.594690 0.762699
v -170.312500 6.000000 16.187500
vt 0.187500 1.090330
vn 0.220527 0.716713 0.661581
v -176.000000 7.500000 15.312500
vt 0.250000 1.070464
vn 0.000000 0.773342 0.633989
v -178.651367 7.500000 15.135742
vt 0.281250 1.070464
vn -0.089260 0.775651 0.624818
v -173.348633 7.500000 15.135742
vt 0.218750 1.070464
vn 0.089260 0.775651 0.624818
v -180.949219 7.500000 14.605469
vt 0.312500 1.070464
vn -0.197259 0.781593 0.591777
v -171.050781 7.500000 14.605469
vt 0.187500 1.070464
vn 0.197259 0.781593 0.591777
v -176.000000 9.000000 13.250000
vt 0.250000 1.048787
vn 0.000000 0.832050 0.554700
v -178.167969 9.000000 13.105469
vt 0.281250 1.048787
vn -0.078034 0.833988 0.546237
v -173.832031 9.000000 13.105469
vt 0.218750 1.048787
vn 0.078034 0.833988 0.546237
v -180.046875 9.000000 12.671875
vt 0.312500 1.048787
vn -0.172093 0.838952 0.516278
v -171.953125 9.000000 12.671875
vt 0.187500 1.048787
vn 0.172093 0.838952 0.516278
v -184.721680 4.500000 16.299805
vt 0.343750 1.108387
vn -0.410576 0.602637 0.684293
v -183.921875 6.000000 15.171875
vt 0.343750 1.090330
vn -0.354749 0.724279 0.591248
v -182.893555 7.500000 13.721680
vt 0.343750 1.070464
vn -0.316730 0.788049 0.527883
v -181.636719 9.000000 11.949219
vt 0.343750 1.048787
vn -0.275694 0.844312 0.459489
v -176.000000 12.000000 8.000000
vt 0.250000 1.000000
vn 0.000000 0.894427 0.447214
v -176.937500 12.000000 7.937500
vt 0.281250 1.000000
vn -0.062862 0.895779 0.440032
v -175.062500 12.000000 7.937500
vt 0.218750 1.000000
vn 0.062862 0.895779 0.440032
v -177.750000 12.000000 7.750000
vt 0.312500 1.000000
vn -0.138343 0.899229 0.415029
v -174.250000 12.000000 7.750000
vt 0.187500 1.000000
vn 0.138343 0.899229 0.415029
v -178.437500 12.000000 7.437500
vt 0.343750 1.000000
vn -0.221125 0.902929 0.368542
v -170.363281 9.000000 11.949219
vt 0.156250 1.048787
vn 0.275694 0.844312 0.459489
v -169.106445 7.500000 13.721680
vt 0.156250 1.070464
vn 0.316730 0.788049 0.527883
v -173.562500 12.000000 7.437500
vt 0.156250 1.000000
vn 0.221125 0.902929 0.368542
v -168.078125 6.000000 15.171875
vt 0.156250 1.090330
vn 0.354749 0.724279 0.591248
v -184.484375 7.500000 12.484375
vt 0.375000 1.070464
vn -0.432731 0.790877 0.432731
v -182.937500 9.000000 10.937500
vt 0.375000 1.048787
vn -0.376288 0.846649 0.376288
v -179.000000 12.000000 7.000000
vt 0.375000 1.000000
vn -0.301511 0.904534 0.301511
v -185.750000 6.000000 13.750000
vt 0.375000 1.090330
vn -0.485071 0.727607 0.485071
v -185.292969 3.000000 17.105469
vt 0.343750 1.124632
vn -0.455493 0.464983 0.759155
v -186.734375 4.500000 14.734375
vt 0.375000 1.108387
vn -0.562393 0.606158 0.562393
v -167.515625 7.500000 12.484375
vt 0.125000 1.070464
vn 0.432731 0.790877 0.432731
v -166.250000 6.000000 13.750000
vt 0.125000 1.090330
vn 0.485071 0.727607 0.485071
v -187.437500 3.000000 15.437500
vt 0.375000 1.124632
vn -0.624695 0.468521 0.624695
v -185.635742 1.500000 17.588867
vt 0.343750 1.139067
vn -0.499527 0.239458 0.832546
v -187.859375 1.500000 15.859375
vt 0.375000 1.139067
vn -0.686195 0.241400 0.686195
v -179.750000 0.000000 19.750000
vt 0.281250 1.151691
vn -0.141421 0.000000 0.989949
v -176.000000 0.000000 20.000000
vt 0.250000 1.151691
vn 0.000000 0.000000 1.000000
v -183.000000 0.000000 19.000000
vt 0.312500 1.151691
vn -0.316228 0.000000 0.948683
v -185.750000 0.000000 17.750000
vt 0.343750 1.151691
vn -0.514496 0.000000 0.857493
v -188.000000 0.000000 16.000000
vt 0.375000 1.151691
vn -0.707107 0.000000 0.707107
v -172.062500 12.000000 4.937500
vt 0.031250 1.000000
vn 0.440032 0.895779 0.062862
v -167.328125 9.000000 8.046875
vt 0.062500 1.048787
vn 0.516278 0.838952 0.172093
v -172.250000 12.000000 5.750000
vt 0.062500 1.000000
vn 0.415029 0.899229 0.138343
v -166.894531 9.000000 6.167969
vt 0.031250 1.048787
vn 0.546237 0.833988 0.078034
v -172.000000 12.000000 4.000000
vt 0.000000 1.000000
vn 0.447214 0.894427 -0.000000
v -166.750000 9.000000 4.000000
vt 0.000000 1.048787
vn 0.554700 0.832050 -0.000000
v -165.394531 7.500000 8.949219
vt 0.062500 1.070464
vn 0.591777 0.781593 0.197259
v -164.864258 7.500000 6.651367
vt 0.031250 1.070464
vn 0.624818 0.775651 0.089260
v -168.050781 9.000000 9.636719
vt 0.093750 1.048787
vn 0.459489 0.844312 0.275694
v -172.562500 12.000000 6.437500
vt 0.093750 1.000000
vn 0.368542 0.902929 0.221125
v -166.278320 7.500000 10.893555
vt 0.093750 1.070464
vn 0.527883 0.788049 0.316730
v -164.687500 7.500000 4.000000
vt 0.000000 1.070464
vn 0.633989 0.773342 -0.000000
v -172.062500 12.000000 3.062500
vt 0.968750 1.000000
vn 0.440032 0.895779 -0.062862
v -166.750000 9.000000 4.000000
vt 1.000000 1.048787
vn 0.554700 0.832050 -0.000000
v -172.000000 12.000000 4.000000
vt 1.000000 1.000000
vn 0.447214 0.894427 -0.000000
v -166.894531 9.000000 1.832031
vt 0.968750 1.048787
vn 0.546237 0.833988 -0.078034
v -163.812500 6.000000 9.687500
vt 0.062500 1.090330
vn 0.661581 0.716713 0.220527
v -163.203125 6.000000 7.046875
vt 0.031250 1.090330
vn 0.697336 0.709788 0.099619
v -164.687500 7.500000 4.000000
vt 1.000000 1.070464
vn 0.633989 0.773342 -0.000000
v -164.864258 7.500000 1.348633
vt 0.968750 1.070464
vn 0.624818 0.775651 -0.089260
v -163.000000 6.000000 4.000000
vt 0.000000 1.090330
vn 0.707107 0.707107 -0.000000
v -172.250000 12.000000 2.250000
vt 0.937500 1.000000
vn 0.415029 0.899229 -0.138343
v -167.328125 9.000000 -0.046875
vt 0.937500 1.048787
vn 0.516278 0.838952 -0.172093
v -165.394531 7.500000 -0.949219
vt 0.937500 1.070464
vn 0.591777 0.781593 -0.197259
v -163.000000 6.000000 4.000000
vt 1.000000 1.090330
vn 0.707107 0.707107 -0.000000
v -163.203125 6.000000 0.953125
vt 0.968750 1.090330
vn 0.697336 0.709788 -0.099619
v -163.812500 6.000000 -1.687500
vt 0.937500 1.090330
vn 0.661581 0.716713 -0.220527
v -172.562500 12.000000 1.562500
vt 0.906250 1.000000
vn 0.368542 0.902929 -0.221125
v -168.050781 9.000000 -1.636719
vt 0.906250 1.048787
vn 0.459489 0.844312 -0.275694
v -166.278320 7.500000 -2.893555
vt 0.906250 1.070464
vn 0.527883 0.788049 -0.316730
v -164.828125 6.000000 11.921875
vt 0.093750 1.090330
vn 0.591248 0.724279 0.354749
v -164.828125 6.000000 -3.921875
vt 0.906250 1.090330
vn 0.591248 0.724279 -0.354749
v -169.062500 9.000000 10.937500
vt 0.125000 1.048787
vn 0.376288 0.846649 0.376288
v -173.000000 12.000000 7.000000
vt 0.125000 1.000000
vn 0.301511 0.904534 0.301511
v -164.140625 1.500000 -7.859375
vt 0.875000 1.139067
vn 0.686195 0.241400 -0.686195
v -164.000000 0.000000 -8.000000
vt 0.875000 1.151691
vn 0.707107 0.000000 -0.707107
v -162.250000 0.000000 -5.750000
vt 0.906250 1.151691
vn 0.857493 0.000000 -0.514496
v -162.411133 1.500000 -5.635742
vt 0.906250 1.139067
vn 0.832546 0.239458 -0.499527
v -161.000000 0.000000 -3.000000
vt 0.937500 1.151691
vn 0.948683 0.000000 -0.316228
v -161.175781 1.500000 -2.917969
vt 0.937500 1.139067
vn 0.922088 0.235119 -0.307363
v -162.894531 3.000000 -5.292969
vt 0.906250 1.124632
vn 0.759156 0.464983 -0.455493
v -161.703125 3.000000 -2.671875
vt 0.937500 1.124632
vn 0.843795 0.457056 -0.281265
v -164.562500 3.000000 -7.437500
vt 0.875000 1.124632
vn 0.624695 0.468521 -0.624695
v -163.700195 4.500000 -4.721680
vt 0.906250 1.108387
vn 0.684293 0.602637 -0.410576
v -162.582031 4.500000 -2.261719
vt 0.937500 1.108387
vn 0.762699 0.594690 -0.254233
v -165.265625 4.500000 -6.734375
vt 0.875000 1.108387
vn 0.562393 0.606158 -0.562393
v -166.707031 3.000000 -9.105469
vt 0.843750 1.124632
vn 0.455493 0.464983 -0.759155
v -166.364258 1.500000 -9.588867
vt 0.843750 1.139067
vn 0.499527 0.239458 -0.832546
v -167.278320 4.500000 -8.299805
vt 0.843750 1.108387
vn 0.410576 0.602637 -0.684293
v -166.250000 6.000000 -5.750000
vt 0.875000 1.090330
vn 0.485071 0.727607 -0.485071
v -164.828125 6.000000 -3.921875
vt 0.906250 1.090330
vn 0.591248 0.724279 -0.354749
v -163.812500 6.000000 -1.687500
vt 0.937500 1.090330
vn 0.661581 0.716713 -0.220527
v -168.078125 6.000000 -7.171875
vt 0.843750 1.090330
vn 0.354749 0.724279 -0.591248
v -167.515625 7.500000 -4.484375
vt 0.875000 1.070464
vn 0.432731 0.790877 -0.432731
v -166.278320 7.500000 -2.893555
vt 0.906250 1.070464
vn 0.527883 0.788049 -0.316730
v -169.106445 7.500000 -5.721680
vt 0.843750 1.070464
vn 0.316730 0.788049 -0.527883
v -169.062500 9.000000 -2.937500
vt 0.875000 1.048787
vn 0.376288 0.846649 -0.376288
v -168.050781 9.000000 -1.636719
vt 0.906250 1.048787
vn 0.459489 0.844312 -0.275694
v -170.363281 9.000000 -3.949219
vt 0.843750 1.048787
vn 0.275694 0.844312 -0.459489
v -173.000000 12.000000 1.000000
vt 0.875000 1.000000
vn 0.301511 0.904534 -0.301511
v -172.562500 12.000000 1.562500
vt 0.906250 1.000000
vn 0.368542 0.902929 -0.221125
v -173.562500 12.000000 0.562500
vt 0.843750 1.000000
vn 0.221125 0.902929 -0.368542
v -176.000000 3.000000 -11.250000
vt 0.750000 1.124632
vn 0.000000 0.447214 -0.894427
v -176.000000 1.500000 -11.812500
vt 0.750000 1.139067
vn 0.000000 0.229753 -0.973249
v -172.293945 1.500000 -11.565430
vt 0.781250 1.139067
vn 0.137589 0.231235 -0.963120
v -172.425781 3.000000 -11.011719
vt 0.781250 1.124632
vn 0.126298 0.449936 -0.884085
v -179.574219 3.000000 -11.011719
vt 0.718750 1.124632
vn -0.126298 0.449936 -0.884085
v -179.706055 1.500000 -11.565430
vt 0.718750 1.139067
vn -0.137589 0.231235 -0.963120
v -176.000000 4.500000 -10.312500
vt 0.750000 1.108387
vn 0.000000 0.584710 -0.811242
v -172.645508 4.500000 -10.088867
vt 0.781250 1.108387
vn 0.114443 0.587483 -0.801103
v -179.354492 4.500000 -10.088867
vt 0.718750 1.108387
vn -0.114443 0.587483 -0.801103
v -169.328125 3.000000 -10.296875
vt 0.812500 1.124632
vn 0.281265 0.457056 -0.843795
v -169.738281 4.500000 -9.417969
vt 0.812500 1.108387
vn 0.254233 0.594690 -0.762699
v -169.082031 1.500000 -10.824219
vt 0.812500 1.139067
vn 0.307363 0.235119 -0.922088
v -176.000000 6.000000 -9.000000
vt 0.750000 1.090330
vn 0.000000 0.707107 -0.707107
v -172.953125 6.000000 -8.796875
vt 0.781250 1.090330
vn 0.099619 0.709788 -0.697336
v -179.046875 6.000000 -8.796875
vt 0.718750 1.090330
vn -0.099619 0.709788 -0.697336
v -170.312500 6.000000 -8.187500
vt 0.812500 1.090330
vn 0.220527 0.716713 -0.661581
v -182.261719 4.500000 -9.417969
vt 0.687500 1.108387
vn -0.254233 0.594690 -0.762699
v -182.671875 3.000000 -10.296875
vt 0.687500 1.124632
vn -0.281265 0.457056 -0.843795
v -181.687500 6.000000 -8.187500
vt 0.687500 1.090330
vn -0.220527 0.716713 -0.661581
v -176.000000 7.500000 -7.312500
vt 0.750000 1.070464
vn 0.000000 0.773342 -0.633989
v -173.348633 7.500000 -7.135742
vt 0.781250 1.070464
vn 0.089260 0.775651 -0.624818
v -178.651367 7.500000 -7.135742
vt 0.718750 1.070464
vn -0.089260 0.775651 -0.624818
v -171.050781 7.500000 -6.605469
vt 0.812500 1.070464
vn 0.197259 0.781593 -0.591777
v -180.949219 7.500000 -6.605469
vt 0.687500 1.070464
vn -0.197259 0.781593 -0.591777
v -176.000000 9.000000 -5.250000
vt 0.750000 1.048787
vn 0.000000 0.832050 -0.554700
v -173.832031 9.000000 -5.105469
vt 0.781250 1.048787
vn 0.078034 0.833988 -0.546237
v -178.167969 9.000000 -5.105469
vt 0.718750 1.048787
vn -0.078034 0.833988 -0.546237
v -171.953125 9.000000 -4.671875
vt 0.812500 1.048787
vn 0.172093 0.838952 -0.516278
v -180.046875 9.000000 -4.671875
vt 0.687500 1.048787
vn -0.172093 0.838952 -0.516278
v -176.000000 12.000000 -0.000000
vt 0.750000 1.000000
vn 0.000000 0.894427 -0.447214
v -175.062500 12.000000 0.062500
vt 0.781250 1.000000
vn 0.062862 0.895779 -0.440032
v -176.937500 12.000000 0.062500
vt 0.718750 1.000000
vn -0.062862 0.895779 -0.440032
v -174.250000 12.000000 0.250000
vt 0.812500 1.000000
vn 0.138343 0.899229 -0.415029
v -177.750000 12.000000 0.250000
vt 0.687500 1.000000
vn -0.138343 0.899229 -0.415029
v -181.636719 9.000000 -3.949219
vt 0.656250 1.048787
vn -0.275694 0.844312 -0.459489
v -182.893555 7.500000 -5.721680
vt 0.656250 1.070464
vn -0.316730 0.788049 -0.527883
v -178.437500 12.000000 0.562500
vt 0.656250 1.000000
vn -0.221125 0.902929 -0.368542
v -183.921875 6.000000 -7.171875
vt 0.656250 1.090330
vn -0.354749 0.724279 -0.591248
v -184.721680 4.500000 -8.299805
vt 0.656250 1.108387
vn -0.410576 0.602637 -0.684293
v -182.937500 9.000000 -2.937500
vt 0.625000 1.048787
vn -0.376288 0.846649 -0.376288
v -184.484375 7.500000 -4.484375
vt 0.625000 1.070464
vn -0.432731 0.790877 -0.432731
v -179.000000 12.000000 1.000000
vt 0.625000 1.000000
vn -0.301511 0.904534 -0.301511
v -185.750000 6.000000 -5.750000
vt 0.625000 1.090330
vn -0.485071 0.727607 -0.485071
v -186.734375 4.500000 -6.734375
vt 0.625000 1.108387
vn -0.562393 0.606158 -0.562393
v -187.859375 1.500000 -7.859375
vt 0.625000 1.139067
vn -0.686195 0.241400 -0.686195
v -185.750000 0.000000 -9.750000
vt 0.656250 1.151691
vn -0.514496 0.000000 -0.857493
v -185.635742 1.500000 -9.588867
vt 0.656250 1.139067
vn -0.499527 0.239458 -0.832546
v -188.000000 0.000000 -8.000000
vt 0.625000 1.151691
vn -0.707107 0.000000 -0.707107
v -183.000000 0.000000 -11.000000
vt 0.687500 1.151691
vn -0.316228 0.000000 -0.948683
v -182.917969 1.500000 -10.824219
vt 0.687500 1.139067
vn -0.307363 0.235119 -0.922088
v -185.292969 3.000000 -9.105469
vt 0.656250 1.124632
vn -0.455493 0.464983 -0.759156
v -187.437500 3.000000 -7.437500
vt 0.625000 1.124632
vn -0.624695 0.468521 -0.624695
v -179.750000 0.000000 -11.750000
vt 0.718750 1.151691
vn -0.141421 0.000000 -0.989949
v -176.000000 0.000000 -12.000000
vt 0.750000 1.151691
vn 0.000000 0.000000 -1.000000
v -172.250000 0.000000 -11.750000
vt 0.781250 1.151691
vn 0.141421 0.000000 -0.989949
v -169.000000 0.000000 -11.000000
vt 0.812500 1.151691
vn 0.316228 0.000000 -0.948683
v -166.250000 0.000000 -9.750000
vt 0.843750 1.151691
vn 0.514496 0.000000 -0.857493
v 33.911133 4.500000 7.354492
vt 0.468750 1.108387
vn -0.801103 0.587483 0.114443
v 32.988281 3.000000 7.574219
vt 0.468750 1.124632
vn -0.884085 0.449936 0.126298
v 32.750000 3.000000 4.000000
vt 0.500000 1.124632
vn -0.894427 0.447214 -0.000000
v 33.687500 4.500000 4.000000
vt 0.500000 1.108387
vn -0.811242 0.584710 -0.000000
v 32.988281 3.000000 0.425781
vt 0.531250 1.124632
vn -0.884085 0.449936 -0.126298
v 33.911133 4.500000 0.645508
vt 0.531250 1.108387
vn -0.801103 0.587483 -0.114443
v 35.000000 6.000000 4.000000
vt 0.500000 1.090330
vn -0.707107 0.707107 -0.000000
v 35.203125 6.000000 0.953125
vt 0.531250 1.090330
vn -0.697336 0.709788 -0.099619
v 35.203125 6.000000 7.046875
vt 0.468750 1.090330
vn -0.697336 0.709788 0.099619
v 34.582031 4.500000 -2.261719
vt 0.562500 1.108387
vn -0.762699 0.594690 -0.254233
v 35.812500 6.000000 -1.687500
vt 0.562500 1.090330
vn -0.661581 0.716713 -0.220527
v 33.703125 3.000000 -2.671875
vt 0.562500 1.124632
vn -0.843795 0.457056 -0.281265
v 36.687500 7.500000 4.000000
vt 0.500000 1.070464
vn -0.633989 0.773342 -0.000000
v 36.864258 7.500000 1.348633
vt 0.531250 1.070464
vn -0.624818 0.775651 -0.089260
v 36.864258 7.500000 6.651367
vt 0.468750 1.070464
vn -0.624818 0.775651 0.089260
v 37.394531 7.500000 -0.949219
vt 0.562500 1.070464
vn -0.591777 0.781593 -0.197259
v 35.812500 6.000000 9.687500
vt 0.437500 1.090330
vn -0.661581 0.716713 0.220527
v 34.582031 4.500000 10.261719
vt 0.437500 1.108387
vn -0.762699 0.594690 0.254233
v 37.394531 7.500000 8.949219
vt 0.437500 1.070464
vn -0.591777 0.781593 0.197259
v 38.750000 9.000000 4.000000
vt 0.500000 1.048787
vn -0.554700 0.832050 -0.000000
v 38.894531 9.000000 1.832031
vt 0.531250 1.048787
vn -0.546237 0.833988 -0.078034
v 38.894531 9.000000 6.167969
vt 0.468750 1.048787
vn -0.546237 0.833988 0.078034
v 39.328125 9.000000 -0.046875
vt 0.562500 1.048787
vn -0.516278 0.838952 -0.172093
v 39.328125 9.000000 8.046875
vt 0.437500 1.048787
vn -0.516278 0.838952 0.172093
v 44.000000 12.000000 4.000000
vt 0.500000 1.000000
vn -0.447214 0.894427 -0.000000
v 44.062500 12.000000 3.062500
vt 0.531250 1.000000
vn -0.440032 0.895779 -0.062862
v 44.062500 12.000000 4.937500
vt 0.468750 1.000000
vn -0.440032 0.895779 0.062862
v 44.250000 12.000000 2.250000
vt 0.562500 1.000000
vn -0.415029 0.899229 -0.138343
v 44.250000 12.000000 5.750000
vt 0.437500 1.000000
vn -0.415029 0.899229 0.138343
v 38.278320 7.500000 -2.893555
vt 0.593750 1.070464
vn -0.527883 0.788049 -0.316730
v 40.050781 9.000000 -1.636719
vt 0.593750 1.048787
vn -0.459489 0.844312 -0.275694
v 44.562500 12.000000 1.562500
vt 0.593750 1.000000
vn -0.368542 0.902929 -0.221125
v 36.828125 6.000000 -3.921875
vt 0.593750 1.090330
vn -0.591248 0.724279 -0.354749
v 40.050781 9.000000 9.636719
vt 0.406250 1.048787
vn -0.459489 0.844312 0.275694
v 38.278320 7.500000 10.893555
vt 0.406250 1.070464
vn -0.527883 0.788049 0.316730
v 44.562500 12.000000 6.437500
vt 0.406250 1.000000
vn -0.368542 0.902929 0.221125
v 36.828125 6.000000 11.921875
vt 0.406250 1.090330
vn -0.591248 0.724279 0.354749
v 35.700195 4.500000 -4.721680
vt 0.593750 1.108387
vn -0.684293 0.602637 -0.410576
v 41.062500 9.000000 -2.937500
vt 0.625000 1.048787
vn -0.376288 0.846649 -0.376288
v 45.000000 12.000000 1.000000
vt 0.625000 1.000000
vn -0.301511 0.904534 -0.301511
v 39.515625 7.500000 -4.484375
vt 0.625000 1.070464
vn -0.432731 0.790877 -0.432731
v 38.250000 6.000000 -5.750000
vt 0.625000 1.090330
vn -0.485071 0.727607 -0.485071
v 35.700195 4.500000 12.721680
vt 0.406250 1.108387
vn -0.684293 0.602637 0.410576
v 45.000000 12.000000 7.000000
vt 0.375000 1.000000
vn -0.301511 0.904534 0.301511
v 41.062500 9.000000 10.937500
vt 0.375000 1.048787
vn -0.376288 0.846649 0.376288
v 39.515625 7.500000 12.484375
vt 0.375000 1.070464
vn -0.432731 0.790877 0.432731
v 33.703125 3.000000 10.671875
vt 0.437500 1.124632
vn -0.843795 0.457056 0.281265
v 38.250000 6.000000 13.750000
vt 0.375000 1.090330
vn -0.485071 0.727607 0.485071
v 37.265625 4.500000 -6.734375
vt 0.625000 1.108387
vn -0.562393 0.606158 -0.562393
v 34.894531 3.000000 -5.292969
vt 0.593750 1.124632
vn -0.759155 0.464983 -0.455493
v 34.894531 3.000000 13.292969
vt 0.406250 1.124632
vn -0.759156 0.464983 0.455493
v 37.265625 4.500000 14.734375
vt 0.375000 1.108387
vn -0.562393 0.606158 0.562393
v 32.434570 1.500000 0.293945
vt 0.531250 1.139067
vn -0.963120 0.231235 -0.137589
v 32.187500 1.500000 4.000000
vt 0.500000 1.139067
vn -0.973249 0.229753 -0.000000
v 32.434570 1.500000 7.706055
vt 0.468750 1.139067
vn -0.963120 0.231235 0.137589
v 33.175781 1.500000 -2.917969
vt 0.562500 1.139067
vn -0.922088 0.235119 -0.307363
v 36.562500 3.000000 -7.437500
vt 0.625000 1.124632
vn -0.624695 0.468521 -0.624695
v 33.175781 1.500000 10.917969
vt 0.437500 1.139067
vn -0.922088 0.235119 0.307363
v 36.562500 3.000000 15.437500
vt 0.375000 1.124632
vn -0.624695 0.468521 0.624695
v 34.411133 1.500000 -5.635742
vt 0.593750 1.139067
vn -0.832546 0.239458 -0.499527
v 34.411133 1.500000 13.635742
vt 0.406250 1.139067
vn -0.832546 0.239458 0.499527
v 36.140625 1.500000 -7.859375
vt 0.625000 1.139067
vn -0.686195 0.241400 -0.686195
v 36.140625 1.500000 15.859375
vt 0.375000 1.139067
vn -0.686195 0.241400 0.686195
v 32.250000 0.000000 0.250000
vt 0.531250 1.151691
vn -0.989949 0.000000 -0.141421
v 32.000000 0.000000 4.000000
vt 0.500000 1.151691
vn -1.000000 0.000000 -0.000000
v 32.250000 0.000000 7.750000
vt 0.468750 1.151691
vn -0.989949 0.000000 0.141421
v 33.000000 0.000000 -3.000000
vt 0.562500 1.151691
vn -0.948683 0.000000 -0.316228
v 33.000000 0.000000 11.000000
vt 0.437500 1.151691
vn -0.948683 0.000000 0.316228
v 34.250000 0.000000 -5.750000
vt 0.593750 1.151691
vn -0.857493 0.000000 -0.514496
v 34.250000 0.000000 13.750000
vt 0.406250 1.151691
vn -0.857493 0.000000 0.514496
v 36.000000 0.000000 -8.000000
vt 0.625000 1.151691
vn -0.707107 0.000000 -0.707107
v 36.000000 0.000000 16.000000
vt 0.375000 1.151691
vn -0.707107 0.000000 0.707107
v 61.588867 1.500000 13.635742
vt 0.093750 1.139067
vn 0.832546 0.239458 0.499527
v 60.000000 0.000000 16.000000
vt 0.125000 1.151691
vn 0.707107 0.000000 0.707107
v 59.859375 1.500000 15.859375
vt 0.125000 1.139067
vn 0.686195 0.241400 0.686195
v 61.750000 0.000000 13.750000
vt 0.093750 1.151691
vn 0.857493 0.000000 0.514496
v 62.824219 1.500000 10.917969
vt 0.062500 1.139067
vn 0.922088 0.235119 0.307363
v 63.000000 0.000000 11.000000
vt 0.062500 1.151691
vn 0.948683 0.000000 0.316228
v 62.296875 3.000000 10.671875
vt 0.062500 1.124632
vn 0.843795 0.457056 0.281265
v 61.105469 3.000000 13.292969
vt 0.093750 1.124632
vn 0.759155 0.464983 0.455493
v 59.437500 3.000000 15.437500
vt 0.125000 1.124632
vn 0.624695 0.468521 0.624695
v 63.565430 1.500000 7.706055
vt 0.031250 1.139067
vn 0.963120 0.231235 0.137589
v 63.750000 0.000000 7.750000
vt 0.031250 1.151691
vn 0.989949 0.000000 0.141421
v 61.417969 4.500000 10.261719
vt 0.062500 1.108387
vn 0.762699 0.594690 0.254233
v 60.299805 4.500000 12.721680
vt 0.093750 1.108387
vn 0.684293 0.602637 0.410576
v 58.734375 4.500000 14.734375
vt 0.125000 1.108387
vn 0.562393 0.606158 0.562393
v 57.635742 1.500000 17.588867
vt 0.156250 1.139067
vn 0.499527 0.239458 0.832546
v 57.292969 3.000000 17.105469
vt 0.156250 1.124632
vn 0.455493 0.464983 0.759156
v 56.721680 4.500000 16.299805
vt 0.156250 1.108387
vn 0.410576 0.602637 0.684293
v 57.750000 0.000000 17.750000
vt 0.156250 1.151691
vn 0.514496 0.000000 0.857493
v 54.917969 1.500000 18.824219
vt 0.187500 1.139067
vn 0.307363 0.235119 0.922088
v 54.671875 3.000000 18.296875
vt 0.187500 1.124632
vn 0.281265 0.457056 0.843795
v 55.000000 0.000000 19.000000
vt 0.187500 1.151691
vn 0.316228 0.000000 0.948683
v 51.750000 0.000000 19.750000
vt 0.218750 1.151691
vn 0.141421 0.000000 0.989949
v 51.706055 1.500000 19.565430
vt 0.218750 1.139067
vn 0.137589 0.231235 0.963120
v 63.565430 1.500000 0.293945
vt 0.968750 1.139067
vn 0.963120 0.231235 -0.137589
v 64.000000 0.000000 4.000000
vt 1.000000 1.151691
vn 1.000000 0.000000 -0.000000
v 63.812500 1.500000 4.000000
vt 1.000000 1.139067
vn 0.973249 0.229753 -0.000000
v 63.750000 0.000000 0.250000
vt 0.968750 1.151691
vn 0.989949 0.000000 -0.141421
v 62.824219 1.500000 -2.917969
vt 0.937500 1.139067
vn 0.922088 0.235119 -0.307363
v 63.000000 0.000000 -3.000000
vt 0.937500 1.151691
vn 0.948683 0.000000 -0.316228
v 63.011719 3.000000 0.425781
vt 0.968750 1.124632
vn 0.884085 0.449936 -0.126298
v 63.250000 3.000000 4.000000
vt 1.000000 1.124632
vn 0.894427 0.447214 -0.000000
v 62.296875 3.000000 -2.671875
vt 0.937500 1.124632
vn 0.843795 0.457056 -0.281265
v 63.250000 3.000000 4.000000
vt 0.000000 1.124632
vn 0.894427 0.447214 -0.000000
v 63.812500 1.500000 4.000000
vt 0.000000 1.139067
vn 0.973249 0.229753 -0.000000
v 63.011719 3.000000 7.574219
vt 0.031250 1.124632
vn 0.884085 0.449936 0.126298
v 64.000000 0.000000 4.000000
vt 0.000000 1.151691
vn 1.000000 0.000000 -0.000000
v 62.088867 4.500000 0.645508
vt 0.968750 1.108387
vn 0.801103 0.587483 -0.114443
v 62.312500 4.500000 4.000000
vt 1.000000 1.108387
vn 0.811242 0.584710 -0.000000
v 62.312500 4.500000 4.000000
vt 0.000000 1.108387
vn 0.811242 0.584710 -0.000000
v 62.088867 4.500000 7.354492
vt 0.031250 1.108387
vn 0.801103 0.587483 0.114443
v 61.417969 4.500000 -2.261719
vt 0.937500 1.108387
vn 0.762699 0.594690 -0.254233
v 51.574219 3.000000 19.011719
vt 0.218750 1.124632
vn 0.126298 0.449936 0.884085
v 48.000000 1.500000 19.812500
vt 0.250000 1.139067
vn 0.000000 0.229753 0.973249
v 48.000000 3.000000 19.250000
vt 0.250000 1.124632
vn 0.000000 0.447214 0.894427
v 44.293945 1.500000 19.565430
vt 0.281250 1.139067
vn -0.137589 0.231235 0.963120
v 44.425781 3.000000 19.011719
vt 0.281250 1.124632
vn -0.126298 0.449936 0.884085
v 48.000000 4.500000 18.312500
vt 0.250000 1.108387
vn 0.000000 0.584710 0.811242
v 44.645508 4.500000 18.088867
vt 0.281250 1.108387
vn -0.114443 0.587483 0.801103
v 51.354492 4.500000 18.088867
vt 0.218750 1.108387
vn 0.114443 0.587483 0.801103
v 41.328125 3.000000 18.296875
vt 0.312500 1.124632
vn -0.281265 0.457056 0.843795
v 41.738281 4.500000 17.417969
vt 0.312500 1.108387
vn -0.254233 0.594690 0.762699
v 41.082031 1.500000 18.824219
vt 0.312500 1.139067
vn -0.307363 0.235119 0.922088
v 48.000000 6.000000 17.000000
vt 0.250000 1.090330
vn 0.000000 0.707107 0.707107
v 44.953125 6.000000 16.796875
vt 0.281250 1.090330
vn -0.099619 0.709788 0.697336
v 51.046875 6.000000 16.796875
vt 0.218750 1.090330
vn 0.099619 0.709788 0.697336
v 42.312500 6.000000 16.187500
vt 0.312500 1.090330
vn -0.220527 0.716713 0.661581
v 54.261719 4.500000 17.417969
vt 0.187500 1.108387
vn 0.254233 0.594690 0.762699
v 53.687500 6.000000 16.187500
vt 0.187500 1.090330
vn 0.220527 0.716713 0.661581
v 48.000000 7.500000 15.312500
vt 0.250000 1.070464
vn 0.000000 0.773342 0.633989
v 45.348633 7.500000 15.135742
vt 0.281250 1.070464
vn -0.089260 0.775651 0.624818
v 50.651367 7.500000 15.135742
vt 0.218750 1.070464
vn 0.089260 0.775651 0.624818
v 43.050781 7.500000 14.605469
vt 0.312500 1.070464
vn -0.197259 0.781593 0.591777
v 52.949219 7.500000 14.605469
vt 0.187500 1.070464
vn 0.197259 0.781593 0.591777
v 48.000000 9.000000 13.250000
vt 0.250000 1.048787
vn 0.000000 0.832050 0.554700
v 45.832031 9.000000 13.105469
vt 0.281250 1.048787
vn -0.078034 0.833988 0.546237
v 50.167969 9.000000 13.105469
vt 0.218750 1.048787
vn 0.078034 0.833988 0.546237
v 43.953125 9.000000 12.671875
vt 0.312500 1.048787
vn -0.172093 0.838952 0.516278
v 52.046875 9.000000 12.671875
vt 0.187500 1.048787
vn 0.172093 0.838952 0.516278
v 39.278320 4.500000 16.299805
vt 0.343750 1.108387
vn -0.410576 0.602637 0.684293
v 40.078125 6.000000 15.171875
vt 0.343750 1.090330
vn -0.354749 0.724279 0.591248
v 41.106445 7.500000 13.721680
vt 0.343750 1.070464
vn -0.316730 0.788049 0.527883
v 42.363281 9.000000 11.949219
vt 0.343750 1.048787
vn -0.275694 0.844312 0.459489
v 48.000000 12.000000 8.000000
vt 0.250000 1.000000
vn 0.000000 0.894427 0.447214
v 47.062500 12.000000 7.937500
vt 0.281250 1.000000
vn -0.062862 0.895779 0.440032
v 48.937500 12.000000 7.937500
vt 0.218750 1.000000
vn 0.062862 0.895779 0.440032
v 46.250000 12.000000 7.750000
vt 0.312500 1.000000
vn -0.138343 0.899229 0.415029
v 49.750000 12.000000 7.750000
vt 0.187500 1.000000
vn 0.138343 0.899229 0.415029
v 45.562500 12.000000 7.437500
vt 0.343750 1.000000
vn -0.221125 0.902929 0.368542
v 53.636719 9.000000 11.949219
vt 0.156250 1.048787
vn 0.275694 0.844312 0.459489
v 54.893555 7.500000 13.721680
vt 0.156250 1.070464
vn 0.316730 0.788049 0.527883
v 50.437500 12.000000 7.437500
vt 0.156250 1.000000
vn 0.221125 0.902929 0.368542
v 55.921875 6.000000 15.171875
vt 0.156250 1.090330
vn 0.354749 0.724279 0.591248
v 39.515625 7.500000 12.484375
vt 0.375000 1.070464
vn -0.432731 0.790877 0.432731
v 41.062500 9.000000 10.937500
vt 0.375000 1.048787
vn -0.376288 0.846649 0.376288
v 45.000000 12.000000 7.000000
vt 0.375000 1.000000
vn -0.301511 0.904534 0.301511
v 38.250000 6.000000 13.750000
vt 0.375000 1.090330
vn -0.485071 0.727607 0.485071
v 38.707031 3.000000 17.105469
vt 0.343750 1.124632
vn -0.455493 0.464983 0.759155
v 37.265625 4.500000 14.734375
vt 0.375000 1.108387
vn -0.562393 0.606158 0.562393
v 56.484375 7.500000 12.484375
vt 0.125000 1.070464
vn 0.432731 0.790877 0.432731
v 57.750000 6.000000 13.750000
vt 0.125000 1.090330
vn 0.485071 0.727607 0.485071
v 36.562500 3.000000 15.437500
vt 0.375000 1.124632
vn -0.624695 0.468521 0.624695
v 38.364258 1.500000 17.588867
vt 0.343750 1.139067
vn -0.499527 0.239458 0.832546
v 36.140625 1.500000 15.859375
vt 0.375000 1.139067
vn -0.686195 0.241400 0.686195
v 44.250000 0.000000 19.750000
vt 0.281250 1.151691
vn -0.141421 0.000000 0.989949
v 48.000000 0.000000 20.000000
vt 0.250000 1.151691
vn 0.000000 0.000000 1.000000
v 41.000000 0.000000 19.000000
vt 0.312500 1.151691
vn -0.316228 0.000000 0.948683
v 38.250000 0.000000 17.750000
vt 0.343750 1.151691
vn -0.514496 0.000000 0.857493
v 36.000000 0.000000 16.000000
vt 0.375000 1.151691
vn -0.707107 0.000000 0.707107
v 51.937500 12.000000 4.937500
vt 0.031250 1.000000
vn 0.440032 0.895779 0.062862
v 56.671875 9.000000 8.046875
vt 0.062500 1.048787
vn 0.516278 0.838952 0.172093
v 51.750000 12.000000 5.750000
vt 0.062500 1.000000
vn 0.415029 0.899229 0.138343
v 57.105469 9.000000 6.167969
vt 0.031250 1.048787
vn 0.546237 0.833988 0.078034
v 52.000000 12.000000 4.000000
vt 0.000000 1.000000
vn 0.447214 0.894427 -0.000000
v 57.250000 9.000000 4.000000
vt 0.000000 1.048787
vn 0.554700 0.832050 -0.000000
v 58.605469 7.500000 8.949219
vt 0.062500 1.070464
vn 0.591777 0.781593 0.197259
v 59.135742 7.500000 6.651367
vt 0.031250 1.070464
vn 0.624818 0.775651 0.089260
v 55.949219 9.000000 9.636719
vt 0.093750 1.048787
vn 0.459489 0.844312 0.275694
v 51.437500 12.000000 6.437500
vt 0.093750 1.000000
vn 0.368542 0.902929 0.221125
v 57.721680 7.500000 10.893555
vt 0.093750 1.070464
vn 0.527883 0.788049 0.316730
v 59.312500 7.500000 4.000000
vt 0.000000 1.070464
vn 0.633989 0.773342 -0.000000
v 51.937500 12.000000 3.062500
vt 0.968750 1.000000
vn 0.440032 0.895779 -0.062862
v 57.250000 9.000000 4.000000
vt 1.000000 1.048787
vn 0.554700 0.832050 -0.000000
v 52.000000 12.000000 4.000000
vt 1.000000 1.000000
vn 0.447214 0.894427 -0.000000
v 57.105469 9.000000 1.832031
vt 0.968750 1.048787
vn 0.546237 0.833988 -0.078034
v 60.187500 6.000000 9.687500
vt 0.062500 1.090330
vn 0.661581 0.716713 0.220527
v 60.796875 6.000000 7.046875
vt 0.031250 1.090330
vn 0.697336 0.709788 0.099619
v 59.312500 7.500000 4.000000
vt 1.000000 1.070464
vn 0.633989 0.773342 -0.000000
v 59.135742 7.500000 1.348633
vt 0.968750 1.070464
vn 0.624818 0.775651 -0.089260
v 61.000000 6.000000 4.000000
vt 0.000000 1.090330
vn 0.707107 0.707107 -0.000000
v 51.750000 12.000000 2.250000
vt 0.937500 1.000000
vn 0.415029 0.899229 -0.138343
v 56.671875 9.000000 -0.046875
vt 0.937500 1.048787
vn 0.516278 0.838952 -0.172093
v 58.605469 7.500000 -0.949219
vt 0.937500 1.070464
vn 0.591777 0.781593 -0.197259
v 61.000000 6.000000 4.000000
vt 1.000000 1.090330
vn 0.707107 0.707107 -0.000000
v 60.796875 6.000000 0.953125
vt 0.968750 1.090330
vn 0.697336 0.709788 -0.099619
v 60.187500 6.000000 -1.687500
vt 0.937500 1.090330
vn 0.661581 0.716713 -0.220527
v 51.437500 12.000000 1.562500
vt 0.906250 1.000000
vn 0.368542 0.902929 -0.221125
v 55.949219 9.000000 -1.636719
vt 0.906250 1.048787
vn 0.459489 0.844312 -0.275694
v 57.721680 7.500000 -2.893555
vt 0.906250 1.070464
vn 0.527883 0.788049 -0.316730
v 59.171875 6.000000 11.921875
vt 0.093750 1.090330
vn 0.591248 0.724279 0.354749
v 59.171875 6.000000 -3.921875
vt 0.906250 1.090330
vn 0.591248 0.724279 -0.354749
v 54.937500 9.000000 10.937500
vt 0.125000 1.048787
vn 0.376288 0.846649 0.376288
v 51.000000 12.000000 7.000000
vt 0.125000 1.000000
vn 0.301511 0.904534 0.301511
v 59.859375 1.500000 -7.859375
vt 0.875000 1.139067
vn 0.686195 0.241400 -0.686195
v 60.000000 0.000000 -8.000000
vt 0.875000 1.151691
vn 0.707107 0.000000 -0.707107
v 61.750000 0.000000 -5.750000
vt 0.906250 1.151691
vn 0.857493 0.000000 -0.514496
v 61.588867 1.500000 -5.635742
vt 0.906250 1.139067
vn 0.832546 0.239458 -0.499527
v 63.000000 0.000000 -3.000000
vt 0.937500 1.151691
vn 0.948683 0.000000 -0.316228
v 62.824219 1.500000 -2.917969
vt 0.937500 1.139067
vn 0.922088 0.235119 -0.307363
v 61.105469 3.000000 -5.292969
vt 0.906250 1.124632
vn 0.759156 0.464983 -0.455493
v 62.296875 3.000000 -2.671875
vt 0.937500 1.124632
vn 0.843795 0.457056 -0.281265
v 59.437500 3.000000 -7.437500
vt 0.875000 1.124632
vn 0.624695 0.468521 -0.624695
v 60.299805 4.500000 -4.721680
vt 0.906250 1.108387
vn 0.684293 0.602637 -0.410576
v 61.417969 4.500000 -2.261719
vt 0.937500 1.108387
vn 0.762699 0.594690 -0.254233
v 58.734375 4.500000 -6.734375
vt 0.875000 1.108387
vn 0.562393 0.606158 -0.562393
v 57.292969 3.000000 -9.105469
vt 0.843750 1.124632
vn 0.455493 0.464983 -0.759155
v 57.635742 1.500000 -9.588867
vt 0.843750 1.139067
vn 0.499527 0.239458 -0.832546
v 56.721680 4.500000 -8.299805
vt 0.843750 1.108387
vn 0.410576 0.602637 -0.684293
v 57.750000 6.000000 -5.750000
vt 0.875000 1.090330
vn 0.485071 0.727607 -0.485071
v 59.171875 6.000000 -3.921875
vt 0.906250 1.090330
vn 0.591248 0.724279 -0.354749
v 60.187500 6.000000 -1.687500
vt 0.937500 1.090330
vn 0.661581 0.716713 -0.220527
v 55.921875 6.000000 -7.171875
vt 0.843750 1.090330
vn 0.354749 0.724279 -0.591248
v 56.484375 7.500000 -4.484375
vt 0.875000 1.070464
vn 0.432731 0.790877 -0.432731
v 57.721680 7.500000 -2.893555
vt 0.906250 1.070464
vn 0.527883 0.788049 -0.316730
v 54.893555 7.500000 -5.721680
vt 0.843750 1.070464
vn 0.316730 0.788049 -0.527883
v 54.937500 9.000000 -2.937500
vt 0.875000 1.048787
vn 0.376288 0.846649 -0.376288
v 55.949219 9.000000 -1.636719
vt 0.906250 1.048787
vn 0.459489 0.844312 -0.275694
v 53.636719 9.000000 -3.949219
vt 0.843750 1.048787
vn 0.275694 0.844312 -0.459489
v 51.000000 12.000000 1.000000
vt 0.875000 1.000000
vn 0.301511 0.904534 -0.301511
v 51.437500 12.000000 1.562500
vt 0.906250 1.000000
vn 0.368542 0.902929 -0.221125
v 50.437500 12.000000 0.562500
vt 0.843750 1.000000
vn 0.221125 0.902929 -0.368542
v 48.000000 3.000000 -11.250000
vt 0.750000 1.124632
vn 0.000000 0.447214 -0.894427
v 48.000000 1.500000 -11.812500
vt 0.750000 1.139067
vn 0.000000 0.229753 -0.973249
v 51.706055 1.500000 -11.565430
vt 0.781250 1.139067
vn 0.137589 0.231235 -0.963120
v 51.574219 3.000000 -11.011719
vt 0.781250 1.124632
vn 0.126298 0.449936 -0.884085
v 44.425781 3.000000 -11.011719
vt 0.718750 1.124632
vn -0.126298 0.449936 -0.884085
v 44.293945 1.500000 -11.565430
vt 0.718750 1.139067
vn -0.137589 0.231235 -0.963120
v 48.000000 4.500000 -10.312500
vt 0.750000 1.108387
vn 0.000000 0.584710 -0.811242
v 51.354492 4.500000 -10.088867
vt 0.781250 1.108387
vn 0.114443 0.587483 -0.801103
v 44.645508 4.500000 -10.088867
vt 0.718750 1.108387
vn -0.114443 0.587483 -0.801103
v 54.671875 3.000000 -10.296875
vt 0.812500 1.124632
vn 0.281265 0.457056 -0.843795
v 54.261719 4.500000 -9.417969
vt 0.812500 1.108387
vn 0.254233 0.594690 -0.762699
v 54.917969 1.500000 -10.824219
vt 0.812500 1.139067
vn 0.307363 0.235119 -0.922088
v 48.000000 6.000000 -9.000000
vt 0.750000 1.090330
vn 0.000000 0.707107 -0.707107
v 51.046875 6.000000 -8.796875
vt 0.781250 1.090330
vn 0.099619 0.709788 -0.697336
v 44.953125 6.000000 -8.796875
vt 0.718750 1.090330
vn -0.099619 0.709788 -0.697336
v 53.687500 6.000000 -8.187500
vt 0.812500 1.090330
vn 0.220527 0.716713 -0.661581
v 41.738281 4.500000 -9.417969
vt 0.687500 1.108387
vn -0.254233 0.594690 -0.762699
v 41.328125 3.000000 -10.296875
vt 0.687500 1.124632
vn -0.281265 0.457056 -0.843795
v 42.312500 6.000000 -8.187500
vt 0.687500 1.090330
vn -0.220527 0.716713 -0.661581
v 48.000000 7.500000 -7.312500
vt 0.750000 1.070464
vn 0.000000 0.773342 -0.633989
v 50.651367 7.500000 -7.135742
vt 0.781250 1.070464
vn 0.089260 0.775651 -0.624818
v 45.348633 7.500000 -7.135742
vt 0.718750 1.070464
vn -0.089260 0.775651 -0.624818
v 52.949219 7.500000 -6.605469
vt 0.812500 1.070464
vn 0.197259 0.781593 -0.591777
v 43.050781 7.500000 -6.605469
vt 0.687500 1.070464
vn -0.197259 0.781593 -0.591777
v 48.000000 9.000000 -5.250000
vt 0.750000 1.048787
vn 0.000000 0.832050 -0.554700
v 50.167969 9.000000 -5.105469
vt 0.781250 1.048787
vn 0.078034 0.833988 -0.546237
v 45.832031 9.000000 -5.105469
vt 0.718750 1.048787
vn -0.078034 0.833988 -0.546237
v 52.046875 9.000000 -4.671875
vt 0.812500 1.048787
vn 0.172093 0.838952 -0.516278
v 43.953125 9.000000 -4.671875
vt 0.687500 1.048787
vn -0.172093 0.838952 -0.516278
v 48.000000 12.000000 -0.000000
vt 0.750000 1.000000
vn 0.000000 0.894427 -0.447214
v 48.937500 12.000000 0.062500
vt 0.781250 1.000000
vn 0.062862 0.895779 -0.440032
v 47.062500 12.000000 0.062500
vt 0.718750 1.000000
vn -0.062862 0.895779 -0.440032
v 49.750000 12.000000 0.250000
vt 0.812500 1.000000
vn 0.138343 0.899229 -0.415029
v 46.250000 12.000000 0.250000
vt 0.687500 1.000000
vn -0.138343 0.899229 -0.415029
v 42.363281 9.000000 -3.949219
vt 0.656250 1.048787
vn -0.275694 0.844312 -0.459489
v 41.106445 7.500000 -5.721680
vt 0.656250 1.070464
vn -0.316730 0.788049 -0.527883
v 45.562500 12.000000 0.562500
vt 0.656250 1.000000
vn -0.221125 0.902929 -0.368542
v 40.078125 6.000000 -7.171875
vt 0.656250 1.090330
vn -0.354749 0.724279 -0.591248
v 39.278320 4.500000 -8.299805
vt 0.656250 1.108387
vn -0.410576 0.602637 -0.684293
v 41.062500 9.000000 -2.937500
vt 0.625000 1.048787
vn -0.376288 0.846649 -0.376288
v 39.515625 7.500000 -4.484375
vt 0.625000 1.070464
vn -0.432731 0.790877 -0.432731
v 45.000000 12.000000 1.000000
vt 0.625000 1.000000
vn -0.301511 0.904534 -0.301511
v 38.250000 6.000000 -5.750000
vt 0.625000 1.090330
vn -0.485071 0.727607 -0.485071
v 37.265625 4.500000 -6.734375
vt 0.625000 1.108387
vn -0.562393 0.606158 -0.562393
v 36.140625 1.500000 -7.859375
vt 0.625000 1.139067
vn -0.686195 0.241400 -0.686195
v 38.250000 0.000000 -9.750000
vt 0.656250 1.151691
vn -0.514496 0.000000 -0.857493
v 38.364258 1.500000 -9.588867
vt 0.656250 1.139067
vn -0.499527 0.239458 -0.832546
v 36.000000 0.000000 -8.000000
vt 0.625000 1.151691
vn -0.707107 0.000000 -0.707107
v 41.000000 0.000000 -11.000000
vt 0.687500 1.151691
vn -0.316228 0.000000 -0.948683
v 41.082031 1.500000 -10.824219
vt 0.687500 1.139067
vn -0.307363 0.235119 -0.922088
v 38.707031 3.000000 -9.105469
vt 0.656250 1.124632
vn -0.455493 0.464983 -0.759156
v 36.562500 3.000000 -7.437500
vt 0.625000 1.124632
vn -0.624695 0.468521 -0.624695
v 44.250000 0.000000 -11.750000
vt 0.718750 1.151691
vn -0.141421 0.000000 -0.989949
v 48.000000 0.000000 -12.000000
vt 0.750000 1.151691
vn 0.000000 0.000000 -1.000000
v 51.750000 0.000000 -11.750000
vt 0.781250 1.151691
vn 0.141421 0.000000 -0.989949
v 55.000000 0.000000 -11.000000
vt 0.812500 1.151691
vn 0.316228 0.000000 -0.948683
v 57.750000 0.000000 -9.750000
vt 0.843750 1.151691
vn 0.514496 0.000000 -0.857493
f 445/445/445 446/446/446 448/448/448
f 445/445/445 447/447/447 446/446/446
f 447/447/447 459/459/459 446/446/446
f 447/447/447 460/460/460 459/459/459
f 208/208/208 53/53/53 198/198/198
f 208/208/208 131/131/131 53/53/53
f 131/131/131 9/9/9 53/53/53
f 131/131/131 122/122/122 9/9/9
f 122/122/122 10/10/10 9/9/9
f 122/122/122 123/123/123 10/10/10
f 123/123/123 165/165/165 10/10/10
f 123/123/123 166/166/166 165/165/165
f 691/691/691 652/652/652 692/692/692
f 691/691/691 649/649/649 652/652/652
f 649/649/649 650/650/650 652/652/652
f 649/649/649 651/651/651 650/650/650
f 651/651/651 665/665/665 650/650/650
f 651/651/651 666/666/666 665/665/665
f 666/666/666 679/679/679 665/665/665
f 666/666/666 680/680/680 679/679/679
f 366/366/366 261/261/261 365/365/365
f 366/366/366 275/275/275 261/261/261
f 275/275/275 262/262/262 261/261/261
f 275/275/275 284/284/284 262/262/262
f 284/284/284 274/274/274 262/262/262
f 284/284/284 289/289/289 274/274/274
f 289/289/289 424/424/424 274/274/274
f 289/289/289 432/432/432 424/424/424
f 501/501/501 482/482/482 502/502/502
f 501/501/501 479/479/479 482/482/482
f 479/479/479 480/480/480 482/482/482
f 479/479/479 481/481/481 480/480/480
f 448/448/448 455/455/455 456/456/456
f 448/448/448 446/446/446 455/455/455
f 446/446/446 463/463/463 455/455/455
f 446/446/446 459/459/459 463/463/463
f 198/198/198 50/50/50 195/195/195
f 198/198/198 53/53/53 50/50/50
f 53/53/53 7/7/7 50/50/50
f 53/53/53 9/9/9 7/7/7
f 9/9/9 8/8/8 7/7/7
f 9/9/9 10/10/10 8/8/8
f 10/10/10 164/164/164 8/8/8
f 10/10/10 165/165/165 164/164/164
f 692/692/692 660/660/660 695/695/695
f 692/692/692 652/652/652 660/660/660
f 652/652/652 659/659/659 660/660/660
f 652/652/652 650/650/650 659/659/659
f 650/650/650 667/667/667 659/659/659
f 650/650/650 665/665/665 667/667/667
f 665/665/665 682/682/682 667/667/667
f 665/665/665 679/679/679 682/682/682
f 365/365/365 259/259/259 364/364/364
f 365/365/365 261/261/261 259/259/259
f 261/261/261 260/260/260 259/259/259
f 261/261/261 262/262/262 260/260/260
f 262/262/262 269/269/269 260/260/260
f 262/262/262 274/274/274 269/269/269
f 274/274/274 410/410/410 269/269/269
f 274/274/274 424/424/424 410/410/410
f 502/502/502 486/486/486 504/504/504
f 502/502/502 482/482/482 486/486/486
f 482/482/482 485/485/485 486/486/486
f 482/482/482 480/480/480 485/485/485
f 456/456/456 465/465/465 466/466/466
f 456/456/456 455/455/455 465/465/465
f 455/455/455 467/467/467 465/465/465
f 455/455/455 463/463/463 467/467/467
f 195/195/195 46/46/46 176/176/176
f 195/195/195 50/50/50 46/46/46
f 50/50/50 1/1/1 46/46/46
f 50/50/50 7/7/7 1/1/1
f 7/7/7 3/3/3 1/1/1
f 7/7/7 8/8/8 3/3/3
f 8/8/8 163/163/163 3/3/3
f 8/8/8 164/164/164 163/163/163
f 695/695/695 674/674/674 698/698/698
f 695/695/695 660/660/660 674/674/674
f 660/660/660 673/673/673 674/674/674
f 660/660/660 659/659/659 673/673/673
f 659/659/659 672/672/672 673/673/673
f 659/659/659 667/667/667 672/672/672
f 667/667/667 683/683/683 672/672/672
f 667/667/667 682/682/682 683/683/683
f 364/364/364 257/257/257 362/362/362
f 364/364/364 259/259/259 257/257/257
f 259/259/259 258/258/258 257/257/257
f 259/259/259 260/260/260 258/258/258
f 260/260/260 264/264/264 258/258/258
f 260/260/260 269/269/269 264/264/264
f 269/269/269 404/404/404 264/264/264
f 269/269/269 410/410/410 404/404/404
f 504/504/504 490/490/490 506/506/506
f 504/504/504 486/486/486 490/490/490
f 486/486/486 489/489/489 490/490/490
f 486/486/486 485/485/485 489/489/489
f 466/466/466 493/493/493 494/494/494
f 466/466/466 465/465/465 493/493/493
f 465/465/465 496/496/496 493/493/493
f 465/465/465 467/467/467 496/496/496
f 176/176/176 47/47/47 177/177/177
f 176/176/176 46/46/46 47/47/47
f 46/46/46 4/4/4 47/47/47
f 46/46/46 1/1/1 4/4/4
f 1/1/1 2/2/2 4/4/4
f 1/1/1 3/3/3 2/2/2
f 3/3/3 162/162/162 2/2/2
f 3/3/3 163/163/163 162/162/162
f 698/698/698 700/700/700 701/701/701
f 698/698/698 674/674/674 700/700/700
f 674/674/674 686/686/686 700/700/700
f 674/674/674 673/673/673 686/686/686
f 673/673/673 685/685/685 686/686/686
f 673/673/673 672/672/672 685/685/685
f 672/672/672 702/702/702 685/685/685
f 672/672/672 683/683/683 702/702/702
f 362/362/362 255/255/255 363/363/363
f 362/362/362 257/257/257 255/255/255
f 257/257/257 256/256/256 255/255/255
f 257/257/257 258/258/258 256/256/256
f 258/258/258 263/263/263 256/256/256
f 258/258/258 264/264/264 263/263/263
f 264/264/264 403/403/403 263/263/263
f 264/264/264 404/404/404 403/403/403
f 506/506/506 510/510/510 512/512/512
f 506/506/506 490/490/490 510/510/510
f 490/490/490 509/509/509 510/510/510
f 490/490/490 489/489/489 509/509/509
f 827/827/827 805/805/805 804/804/804
f 827/827/827 828/828/828 805/805/805
f 828/828/828 806/806/806 805/805/805
f 828/828/828 831/831/831 806/806/806
f 177/177/177 48/48/48 178/178/178
f 177/177/177 47/47/47 48/48/48
f 47/47/47 6/6/6 48/48/48
f 47/47/47 4/4/4 6/6/6
f 4/4/4 5/5/5 6/6/6
f 4/4/4 2/2/2 5/5/5
f 2/2/2 167/167/167 5/5/5
f 2/2/2 162/162/162 167/167/167
f 966/966/966 936/936/936 947/947/947
f 966/966/966 949/949/949 936/936/936
f 949/949/949 937/937/937 936/936/936
f 949/949/949 950/950/950 937/937/937
f 950/950/950 938/938/938 937/937/937
f 950/950/950 964/964/964 938/938/938
f 964/964/964 962/962/962 938/938/938
f 964/964/964 965/965/965 962/962/962
f 363/363/363 253/253/253 367/367/367
f 363/363/363 255/255/255 253/253/253
f 255/255/255 254/254/254 253/253/253
f 255/255/255 256/256/256 254/254/254
f 256/256/256 265/265/265 254/254/254
f 256/256/256 263/263/263 265/265/265
f 263/263/263 402/402/402 265/265/265
f 263/263/263 403/403/403 402/402/402
f 847/847/847 823/823/823 841/841/841
f 847/847/847 843/843/843 823/823/823
f 843/843/843 824/824/824 823/823/823
f 843/843/843 844/844/844 824/824/824
f 804/804/804 790/790/790 789/789/789
f 804/804/804 805/805/805 790/790/790
f 805/805/805 800/800/800 790/790/790
f 805/805/805 806/806/806 800/800/800
f 178/178/178 52/52/52 194/194/194
f 178/178/178 48/48/48 52/52/52
f 48/48/48 12/12/12 52/52/52
f 48/48/48 6/6/6 12/12/12
f 6/6/6 11/11/11 12/12/12
f 6/6/6 5/5/5 11/11/11
f 5/5/5 168/168/168 11/11/11
f 5/5/5 167/167/167 168/168/168
f 947/947/947 931/931/931 946/946/946
f 947/947/947 936/936/936 931/931/931
f 936/936/936 923/923/923 931/931/931
f 936/936/936 937/937/937 923/923/923
f 937/937/937 924/924/924 923/923/923
f 937/937/937 938/938/938 924/924/924
f 938/938/938 959/959/959 924/924/924
f 938/938/938 962/962/962 959/959/959
f 367/367/367 251/251/251 368/368/368
f 367/367/367 253/253/253 251/251/251
f 253/253/253 252/252/252 251/251/251
f 253/253/253 254/254/254 252/252/252
f 254/254/254 271/271/271 252/252/252
f 254/254/254 265/265/265 271/271/271
f 265/265/265 409/409/409 271/271/271
f 265/265/265 402/402/402 409/409/409
f 841/841/841 819/819/819 839/839/839
f 841/841/841 823/823/823 819/819/819
f 823/823/823 820/820/820 819/819/819
f 823/823/823 824/824/824 820/820/820
f 789/789/789 784/784/784 781/781/781
f 789/789/789 790/790/790 784/784/784
f 790/790/790 798/798/798 784/784/784
f 790/790/790 800/800/800 798/798/798
f 194/194/194 26/26/26 197/197/197
f 194/194/194 52/52/52 26/26/26
f 52/52/52 14/14/14 26/26/26
f 52/52/52 12/12/12 14/14/14
f 12/12/12 13/13/13 14/14/14
f 12/12/12 11/11/11 13/13/13
f 11/11/11 169/169/169 13/13/13
f 11/11/11 168/168/168 169/169/169
f 946/946/946 929/929/929 943/943/943
f 946/946/946 931/931/931 929/929/929
f 931/931/931 913/913/913 929/929/929
f 931/931/931 923/923/923 913/913/913
f 923/923/923 916/916/916 913/913/913
f 923/923/923 924/924/924 916/916/916
f 924/924/924 956/956/956 916/916/916
f 924/924/924 959/959/959 956/956/956
f 368/368/368 236/236/236 369/369/369
f 368/368/368 251/251/251 236/236/236
f 251/251/251 238/238/238 236/236/236
f 251/251/251 252/252/252 238/238/238
f 252/252/252 248/248/248 238/238/238
f 252/252/252 271/271/271 248/248/248
f 271/271/271 422/422/422 248/248/248
f 271/271/271 409/409/409 422/422/422
f 839/839/839 811/811/811 835/835/835
f 839/839/839 819/819/819 811/811/811
f 819/819/819 814/814/814 811/811/811
f 819/819/819 820/820/820 814/814/814
f 781/781/781 783/783/783 782/782/782
f 781/781/781 784/784/784 783/783/783
f 784/784/784 797/797/797 783/783/783
f 784/784/784 798/798/798 797/797/797
f 197/197/197 27/27/27 220/220/220
f 197/197/197 26/26/26 27/27/27
f 26/26/26 24/24/24 27/27/27
f 26/26/26 14/14/14 24/24/24
f 14/14/14 15/15/15 24/24/24
f 14/14/14 13/13/13 15/15/15
f 13/13/13 170/170/170 15/15/15
f 13/13/13 169/169/169 170/170/170
f 943/943/943 930/930/930 944/944/944
f 943/943/943 929/929/929 930/930/930
f 929/929/929 914/914/914 930/930/930
f 929/929/929 913/913/913 914/914/914
f 913/913/913 915/915/915 914/914/914
f 913/913/913 916/916/916 915/915/915
f 916/916/916 955/955/955 915/915/915
f 916/916/916 956/956/956 955/955/955
f 369/369/369 239/239/239 370/370/370
f 369/369/369 236/236/236 239/239/239
f 236/236/236 237/237/237 239/239/239
f 236/236/236 238/238/238 237/237/237
f 238/238/238 247/247/247 237/237/237
f 238/238/238 248/248/248 247/247/247
f 248/248/248 439/439/439 247/247/247
f 248/248/248 422/422/422 439/439/439
f 835/835/835 812/812/812 836/836/836
f 835/835/835 811/811/811 812/812/812
f 811/811/811 813/813/813 812/812/812
f 811/811/811 814/814/814 813/813/813
f 777/777/777 779/779/779 778/778/778
f 777/777/777 780/780/780 779/779/779
f 780/780/780 793/793/793 779/779/779
f 780/780/780 794/794/794 793/793/793
f 217/217/217 30/30/30 218/218/218
f 217/217/217 25/25/25 30/30/30
f 25/25/25 21/21/21 30/30/30
f 25/25/25 20/20/20 21/21/21
f 20/20/20 22/22/22 21/21/21
f 20/20/20 23/23/23 22/22/22
f 23/23/23 171/171/171 22/22/22
f 23/23/23 172/172/172 171/171/171
f 939/939/939 926/926/926 940/940/940
f 939/939/939 925/925/925 926/926/926
f 925/925/925 910/910/910 926/926/926
f 925/925/925 909/909/909 910/910/910
f 909/909/909 911/911/911 910/910/910
f 909/909/909 912/912/912 911/911/911
f 912/912/912 953/953/953 911/911/911
f 912/912/912 954/954/954 953/953/953
f 391/391/391 243/243/243 392/392/392
f 391/391/391 240/240/240 243/243/243
f 240/240/240 241/241/241 243/243/243
f 240/240/240 242/242/242 241/241/241
f 242/242/242 245/245/245 241/241/241
f 242/242/242 246/246/246 245/245/245
f 246/246/246 437/437/437 245/245/245
f 246/246/246 438/438/438 437/437/437
f 833/833/833 810/810/810 834/834/834
f 833/833/833 807/807/807 810/810/810
f 807/807/807 808/808/808 810/810/810
f 807/807/807 809/809/809 808/808/808
f 441/441/441 442/442/442 444/444/444
f 441/441/441 443/443/443 442/442/442
f 443/443/443 457/457/457 442/442/442
f 443/443/443 458/458/458 457/457/457
f 205/205/205 132/132/132 206/206/206
f 205/205/205 129/129/129 132/132/132
f 129/129/129 125/125/125 132/132/132
f 129/129/129 124/124/124 125/125/125
f 124/124/124 126/126/126 125/125/125
f 124/124/124 127/127/127 126/126/126
f 127/127/127 185/185/185 126/126/126
f 127/127/127 186/186/186 185/185/185
f 689/689/689 648/648/648 690/690/690
f 689/689/689 645/645/645 648/648/648
f 645/645/645 646/646/646 648/648/648
f 645/645/645 647/647/647 646/646/646
f 647/647/647 661/661/661 646/646/646
f 647/647/647 662/662/662 661/661/661
f 662/662/662 675/675/675 661/661/661
f 662/662/662 676/676/676 675/675/675
f 407/407/407 283/283/283 408/408/408
f 407/407/407 280/280/280 283/283/283
f 280/280/280 281/281/281 283/283/283
f 280/280/280 282/282/282 281/281/281
f 282/282/282 285/285/285 281/281/281
f 282/282/282 286/286/286 285/285/285
f 286/286/286 429/429/429 285/285/285
f 286/286/286 430/430/430 429/429/429
f 497/497/497 474/474/474 498/498/498
f 497/497/497 471/471/471 474/474/474
f 471/471/471 472/472/472 474/474/474
f 471/471/471 473/473/473 472/472/472
f 785/785/785 786/786/786 788/788/788
f 785/785/785 787/787/787 786/786/786
f 787/787/787 795/795/795 786/786/786
f 787/787/787 796/796/796 795/795/795
f 219/219/219 29/29/29 202/202/202
f 219/219/219 28/28/28 29/29/29
f 28/28/28 17/17/17 29/29/29
f 28/28/28 16/16/16 17/17/17
f 16/16/16 18/18/18 17/17/17
f 16/16/16 19/19/19 18/18/18
f 19/19/19 149/149/149 18/18/18
f 19/19/19 150/150/150 149/149/149
f 941/941/941 928/928/928 942/942/942
f 941/941/941 927/927/927 928/928/928
f 927/927/927 920/920/920 928/928/928
f 927/927/927 917/917/917 920/920/920
f 917/917/917 918/918/918 920/920/920
f 917/917/917 919/919/919 918/918/918
f 919/919/919 957/957/957 918/918/918
f 919/919/919 958/958/958 957/957/957
f 390/390/390 233/233/233 389/389/389
f 390/390/390 235/235/235 233/233/233
f 235/235/235 234/234/234 233/233/233
f 235/235/235 244/244/244 234/234/234
f 244/244/244 249/249/249 234/234/234
f 244/244/244 250/250/250 249/249/249
f 250/250/250 417/417/417 249/249/249
f 250/250/250 440/440/440 417/417/417
f 837/837/837 818/818/818 838/838/838
f 837/837/837 815/815/815 818/818/818
f 815/815/815 816/816/816 818/818/818
f 815/815/815 817/817/817 816/816/816
f 788/788/788 791/791/791 792/792/792
f 788/788/788 786/786/786 791/791/791
f 786/786/786 799/799/799 791/791/791
f 786/786/786 795/795/795 799/799/799
f 202/202/202 51/51/51 189/189/189
f 202/202/202 29/29/29 51/51/51
f 29/29/29 32/32/32 51/51/51
f 29/29/29 17/17/17 32/32/32
f 17/17/17 31/31/31 32/32/32
f 17/17/17 18/18/18 31/31/31
f 18/18/18 148/148/148 31/31/31
f 18/18/18 149/149/149 148/148/148
f 942/942/942 932/932/932 945/945/945
f 942/942/942 928/928/928 932/932/932
f 928/928/928 922/922/922 932/932/932
f 928/928/928 920/920/920 922/922/922
f 920/920/920 921/921/921 922/922/922
f 920/920/920 918/918/918 921/921/921
f 918/918/918 960/960/960 921/921/921
f 918/918/918 957/957/957 960/960/960
f 389/389/389 231/231/231 388/388/388
f 389/389/389 233/233/233 231/231/231
f 233/233/233 232/232/232 231/231/231
f 233/233/233 234/234/234 232/232/232
f 234/234/234 272/272/272 232/232/232
f 234/234/234 249/249/249 272/272/272
f 249/249/249 414/414/414 272/272/272
f 249/249/249 417/417/417 414/414/414
f 838/838/838 822/822/822 840/840/840
f 838/838/838 818/818/818 822/822/822
f 818/818/818 821/821/821 822/822/822
f 818/818/818 816/816/816 821/821/821
f 792/792/792 801/801/801 802/802/802
f 792/792/792 791/791/791 801/801/801
f 791/791/791 803/803/803 801/801/801
f 791/791/791 799/799/799 803/803/803
f 189/189/189 45/45/45 182/182/182
f 189/189/189 51/51/51 45/45/45
f 51/51/51 34/34/34 45/45/45
f 51/51/51 32/32/32 34/34/34
f 32/32/32 33/33/33 34/34/34
f 32/32/32 31/31/31 33/33/33
f 31/31/31 147/147/147 33/33/33
f 31/31/31 148/148/148 147/147/147
f 945/945/945 934/934/934 948/948/948
f 945/945/945 932/932/932 934/934/934
f 932/932/932 933/933/933 934/934/934
f 932/932/932 922/922/922 933/933/933
f 922/922/922 935/935/935 933/933/933
f 922/922/922 921/921/921 935/935/935
f 921/921/921 961/961/961 935/935/935
f 921/921/921 960/960/960 961/961/961
f 388/388/388 225/225/225 387/387/387
f 388/388/388 231/231/231 225/225/225
f 231/231/231 226/226/226 225/225/225
f 231/231/231 232/232/232 226/226/226
f 232/232/232 268/268/268 226/226/226
f 232/232/232 272/272/272 268/268/268
f 272/272/272 398/398/398 268/268/268
f 272/272/272 414/414/414 398/398/398
f 840/840/840 826/826/826 842/842/842
f 840/840/840 822/822/822 826/826/826
f 822/822/822 825/825/825 826/826/826
f 822/822/822 821/821/821 825/825/825
f 802/802/802 829/829/829 830/830/830
f 802/802/802 801/801/801 829/829/829
f 801/801/801 832/832/832 829/829/829
f 801/801/801 803/803/803 832/832/832
f 182/182/182 43/43/43 183/183/183
f 182/182/182 45/45/45 43/43/43
f 45/45/45 36/36/36 43/43/43
f 45/45/45 34/34/34 36/36/36
f 34/34/34 35/35/35 36/36/36
f 34/34/34 33/33/33 35/35/35
f 33/33/33 143/143/143 35/35/35
f 33/33/33 147/147/147 143/143/143
f 948/948/948 952/952/952 968/968/968
f 948/948/948 934/934/934 952/952/952
f 934/934/934 951/951/951 952/952/952
f 934/934/934 933/933/933 951/951/951
f 933/933/933 963/963/963 951/951/951
f 933/933/933 935/935/935 963/963/963
f 935/935/935 967/967/967 963/963/963
f 935/935/935 961/961/961 967/967/967
f 387/387/387 221/221/221 382/382/382
f 387/387/387 225/225/225 221/221/221
f 225/225/225 224/224/224 221/221/221
f 225/225/225 226/226/226 224/224/224
f 226/226/226 267/267/267 224/224/224
f 226/226/226 268/268/268 267/267/267
f 268/268/268 397/397/397 267/267/267
f 268/268/268 398/398/398 397/397/397
f 842/842/842 846/846/846 848/848/848
f 842/842/842 826/826/826 846/846/846
f 826/826/826 845/845/845 846/846/846
f 826/826/826 825/825/825 845/845/845
f 561/561/561 544/544/544 543/543/543
f 561/561/561 562/562/562 544/544/544
f 562/562/562 555/555/555 544/544/544
f 562/562/562 565/565/565 555/555/555
f 183/183/183 44/44/44 184/184/184
f 183/183/183 43/43/43 44/44/44
f 43/43/43 38/38/38 44/44/44
f 43/43/43 36/36/36 38/38/38
f 36/36/36 37/37/37 38/38/38
f 36/36/36 35/35/35 37/37/37
f 35/35/35 142/142/142 37/37/37
f 35/35/35 143/143/143 142/142/142
f 642/642/642 612/612/612 623/623/623
f 642/642/642 625/625/625 612/612/612
f 625/625/625 613/613/613 612/612/612
f 625/625/625 626/626/626 613/613/613
f 626/626/626 614/614/614 613/613/613
f 626/626/626 640/640/640 614/614/614
f 640/640/640 638/638/638 614/614/614
f 640/640/640 641/641/641 638/638/638
f 382/382/382 222/222/222 383/383/383
f 382/382/382 221/221/221 222/222/222
f 221/221/221 223/223/223 222/222/222
f 221/221/221 224/224/224 223/223/223
f 224/224/224 266/266/266 223/223/223
f 224/224/224 267/267/267 266/266/266
f 267/267/267 396/396/396 266/266/266
f 267/267/267 397/397/397 396/396/396
f 581/581/581 557/557/557 575/575/575
f 581/581/581 577/577/577 557/557/557
f 577/577/577 558/558/558 557/557/557
f 577/577/577 578/578/578 558/558/558
f 543/543/543 542/542/542 541/541/541
f 543/543/543 544/544/544 542/542/542
f 544/544/544 554/554/554 542/542/542
f 544/544/544 555/555/555 554/554/554
f 184/184/184 49/49/49 190/190/190
f 184/184/184 44/44/44 49/49/49
f 44/44/44 40/40/40 49/49/49
f 44/44/44 38/38/38 40/40/40
f 38/38/38 39/39/39 40/40/40
f 38/38/38 37/37/37 39/39/39
f 37/37/37 144/144/144 39/39/39
f 37/37/37 142/142/142 144/144/144
f 623/623/623 603/603/603 622/622/622
f 623/623/623 612/612/612 603/603/603
f 612/612/612 597/597/597 603/603/603
f 612/612/612 613/613/613 597/597/597
f 613/613/613 598/598/598 597/597/597
f 613/613/613 614/614/614 598/598/598
f 614/614/614 635/635/635 598/598/598
f 614/614/614 638/638/638 635/635/635
f 383/383/383 228/228/228 384/384/384
f 383/383/383 222/222/222 228/228/228
f 222/222/222 227/227/227 228/228/228
f 222/222/222 223/223/223 227/227/227
f 223/223/223 270/270/270 227/227/227
f 223/223/223 266/266/266 270/270/270
f 266/266/266 415/415/415 270/270/270
f 266/266/266 396/396/396 415/415/415
f 575/575/575 527/527/527 573/573/573
f 575/575/575 557/557/557 527/527/527
f 557/557/557 528/528/528 527/527/527
f 557/557/557 558/558/558 528/528/528
f 541/541/541 538/538/538 535/535/535
f 541/541/541 542/542/542 538/538/538
f 542/542/542 552/552/552 538/538/538
f 542/542/542 554/554/554 552/552/552
f 190/190/190 54/54/54 204/204/204
f 190/190/190 49/49/49 54/54/54
f 49/49/49 42/42/42 54/54/54
f 49/49/49 40/40/40 42/42/42
f 40/40/40 41/41/41 42/42/42
f 40/40/40 39/39/39 41/41/41
f 39/39/39 145/145/145 41/41/41
f 39/39/39 144/144/144 145/145/145
f 622/622/622 601/601/601 619/619/619
f 622/622/622 603/603/603 601/601/601
f 603/603/603 587/587/587 601/601/601
f 603/603/603 597/597/597 587/587/587
f 597/597/597 590/590/590 587/587/587
f 597/597/597 598/598/598 590/590/590
f 598/598/598 632/632/632 590/590/590
f 598/598/598 635/635/635 632/632/632
f 384/384/384 230/230/230 385/385/385
f 384/384/384 228/228/228 230/230/230
f 228/228/228 229/229/229 230/230/230
f 228/228/228 227/227/227 229/229/229
f 227/227/227 273/273/273 229/229/229
f 227/227/227 270/270/270 273/273/273
f 270/270/270 418/418/418 273/273/273
f 270/270/270 415/415/415 418/418/418
f 573/573/573 521/521/521 569/569/569
f 573/573/573 527/527/527 521/521/521
f 527/527/527 524/524/524 521/521/521
f 527/527/527 528/528/528 524/524/524
f 535/535/535 537/537/537 536/536/536
f 535/535/535 538/538/538 537/537/537
f 538/538/538 551/551/551 537/537/537
f 538/538/538 552/552/552 551/551/551
f 204/204/204 66/66/66 212/212/212
f 204/204/204 54/54/54 66/66/66
f 54/54/54 64/64/64 66/66/66
f 54/54/54 42/42/42 64/64/64
f 42/42/42 55/55/55 64/64/64
f 42/42/42 41/41/41 55/55/55
f 41/41/41 146/146/146 55/55/55
f 41/41/41 145/145/145 146/146/146
f 619/619/619 602/602/602 620/620/620
f 619/619/619 601/601/601 602/602/602
f 601/601/601 588/588/588 602/602/602
f 601/601/601 587/587/587 588/588/588
f 587/587/587 589/589/589 588/588/588
f 587/587/587 590/590/590 589/589/589
f 590/590/590 631/631/631 589/589/589
f 590/590/590 632/632/632 631/631/631
f 385/385/385 347/347/347 386/386/386
f 385/385/385 230/230/230 347/347/347
f 230/230/230 348/348/348 347/347/347
f 230/230/230 229/229/229 348/348/348
f 229/229/229 351/351/351 348/348/348
f 229/229/229 273/273/273 351/351/351
f 273/273/273 428/428/428 351/351/351
f 273/273/273 418/418/418 428/428/428
f 569/569/569 522/522/522 570/570/570
f 569/569/569 521/521/521 522/522/522
f 521/521/521 523/523/523 522/522/522
f 521/521/521 524/524/524 523/523/523
f 975/975/975 977/977/977 976/976/976
f 975/975/975 978/978/978 977/977/977
f 978/978/978 979/979/979 977/977/977
f 978/978/978 980/980/980 979/979/979
f 987/987/987 986/986/986 988/988/988
f 987/987/987 985/985/985 986/986/986
f 985/985/985 982/982/982 986/986/986
f 985/985/985 981/981/981 982/982/982
f 981/981/981 983/983/983 982/982/982
f 981/981/981 984/984/984 983/983/983
f 984/984/984 989/989/989 983/983/983
f 984/984/984 990/990/990 989/989/989
f 997/997/997 996/996/996 998/998/998
f 997/997/997 995/995/995 996/996/996
f 995/995/995 994/994/994 996/996/996
f 995/995/995 991/991/991 994/994/994
f 991/991/991 992/992/992 994/994/994
f 991/991/991 993/993/993 992/992/992
f 993/993/993 999/999/999 992/992/992
f 993/993/993 1000/1000/1000 999/999/999
f 1007/1007/1007 1006/1006/1006 1008/1008/1008
f 1007/1007/1007 1005/1005/1005 1006/1006/1006
f 1005/1005/1005 1002/1002/1002 1006/1006/1006
f 1005/1005/1005 1001/1001/1001 1002/1002/1002
f 1001/1001/1001 1003/1003/1003 1002/1002/1002
f 1001/1001/1001 1004/1004/1004 1003/1003/1003
f 1004/1004/1004 1009/1009/1009 1003/1003/1003
f 1004/1004/1004 1010/1010/1010 1009/1009/1009
f 973/973/973 972/972/972 974/974/974
f 973/973/973 969/969/969 972/972/972
f 969/969/969 970/970/970 972/972/972
f 969/969/969 971/971/971 970/970/970
f 1017/1017/1017 1019/1019/1019 1018/1018/1018
f 1017/1017/1017 1020/1020/1020 1019/1019/1019
f 1020/1020/1020 1021/1021/1021 1019/1019/1019
f 1020/1020/1020 1022/1022/1022 1021/1021/1021
f 1029/1029/1029 1028/1028/1028 1030/1030/1030
f 1029/1029/1029 1027/1027/1027 1028/1028/1028
f 1027/1027/1027 1024/1024/1024 1028/1028/1028
f 1027/1027/1027 1023/1023/1023 1024/1024/1024
f 1023/1023/1023 1025/1025/1025 1024/1024/1024
f 1023/1023/1023 1026/1026/1026 1025/1025/1025
f 1026/1026/1026 1031/1031/1031 1025/1025/1025
f 1026/1026/1026 1032/1032/1032 1031/1031/1031
f 1039/1039/1039 1038/1038/1038 1040/1040/1040
f 1039/1039/1039 1037/1037/1037 1038/1038/1038
f 1037/1037/1037 1036/1036/1036 1038/1038/1038
f 1037/1037/1037 1033/1033/1033 1036/1036/1036
f 1033/1033/1033 1034/1034/1034 1036/1036/1036
f 1033/1033/1033 1035/1035/1035 1034/1034/1034
f 1035/1035/1035 1041/1041/1041 1034/1034/1034
f 1035/1035/1035 1042/1042/1042 1041/1041/1041
f 1051/1051/1051 1046/1046/1046 1052/1052/1052
f 1051/1051/1051 1043/1043/1043 1046/1046/1046
f 1043/1043/1043 1044/1044/1044 1046/1046/1046
f 1043/1043/1043 1045/1045/1045 1044/1044/1044
f 1045/1045/1045 1047/1047/1047 1044/1044/1044
f 1045/1045/1045 1048/1048/1048 1047/1047/1047
f 1048/1048/1048 1049/1049/1049 1047/1047/1047
f 1048/1048/1048 1050/1050/1050 1049/1049/1049
f 1015/1015/1015 1014/1014/1014 1016/1016/1016
f 1015/1015/1015 1011/1011/1011 1014/1014/1014
f 1011/1011/1011 1012/1012/1012 1014/1014/1014
f 1011/1011/1011 1013/1013/1013 1012/1012/1012
f 709/709/709 710/710/710 712/712/712
f 709/709/709 711/711/711 710/710/710
f 711/711/711 723/723/723 710/710/710
f 711/711/711 724/724/724 723/723/723
f 216/216/216 101/101/101 200/200/200
f 216/216/216 100/100/100 101/101/101
f 100/100/100 90/90/90 101/101/101
f 100/100/100 89/89/89 90/90/90
f 89/89/89 91/91/91 90/90/90
f 89/89/89 92/92/92 91/91/91
f 92/92/92 140/140/140 91/91/91
f 92/92/92 141/141/141 140/140/140
f 881/881/881 868/868/868 882/882/882
f 881/881/881 867/867/867 868/868/868
f 867/867/867 860/860/860 868/868/868
f 867/867/867 857/857/857 860/860/860
f 857/857/857 858/858/858 860/860/860
f 857/857/857 859/859/859 858/858/858
f 859/859/859 897/897/897 858/858/858
f 859/859/859 898/898/898 897/897/897
f 375/375/375 305/305/305 374/374/374
f 375/375/375 308/308/308 305/305/305
f 308/308/308 306/306/306 305/305/305
f 308/308/308 309/309/309 306/306/306
f 309/309/309 307/307/307 306/306/306
f 309/309/309 322/322/322 307/307/307
f 322/322/322 421/421/421 307/307/307
f 322/322/322 435/435/435 421/421/421
f 765/765/765 746/746/746 766/766/766
f 765/765/765 743/743/743 746/746/746
f 743/743/743 744/744/744 746/746/746
f 743/743/743 745/745/745 744/744/744
f 712/712/712 719/719/719 720/720/720
f 712/712/712 710/710/710 719/719/719
f 710/710/710 727/727/727 719/719/719
f 710/710/710 723/723/723 727/727/727
f 200/200/200 114/114/114 193/193/193
f 200/200/200 101/101/101 114/114/114
f 101/101/101 104/104/104 114/114/114
f 101/101/101 90/90/90 104/104/104
f 90/90/90 103/103/103 104/104/104
f 90/90/90 91/91/91 103/103/103
f 91/91/91 139/139/139 103/103/103
f 91/91/91 140/140/140 139/139/139
f 882/882/882 872/872/872 885/885/885
f 882/882/882 868/868/868 872/872/872
f 868/868/868 862/862/862 872/872/872
f 868/868/868 860/860/860 862/862/862
f 860/860/860 861/861/861 862/862/862
f 860/860/860 858/858/858 861/861/861
f 858/858/858 900/900/900 861/861/861
f 858/858/858 897/897/897 900/900/900
f 374/374/374 302/302/302 373/373/373
f 374/374/374 305/305/305 302/302/302
f 305/305/305 303/303/303 302/302/302
f 305/305/305 306/306/306 303/303/303
f 306/306/306 304/304/304 303/303/303
f 306/306/306 307/307/307 304/304/304
f 307/307/307 412/412/412 304/304/304
f 307/307/307 421/421/421 412/412/412
f 766/766/766 750/750/750 768/768/768
f 766/766/766 746/746/746 750/750/750
f 746/746/746 749/749/749 750/750/750
f 746/746/746 744/744/744 749/749/749
f 720/720/720 729/729/729 730/730/730
f 720/720/720 719/719/719 729/729/729
f 719/719/719 731/731/731 729/729/729
f 719/719/719 727/727/727 731/731/731
f 193/193/193 109/109/109 175/175/175
f 193/193/193 114/114/114 109/109/109
f 114/114/114 106/106/106 109/109/109
f 114/114/114 104/104/104 106/106/106
f 104/104/104 105/105/105 106/106/106
f 104/104/104 103/103/103 105/105/105
f 103/103/103 138/138/138 105/105/105
f 103/103/103 139/139/139 138/138/138
f 885/885/885 874/874/874 888/888/888
f 885/885/885 872/872/872 874/874/874
f 872/872/872 873/873/873 874/874/874
f 872/872/872 862/862/862 873/873/873
f 862/862/862 875/875/875 873/873/873
f 862/862/862 861/861/861 875/875/875
f 861/861/861 901/901/901 875/875/875
f 861/861/861 900/900/900 901/901/901
f 373/373/373 296/296/296 371/371/371
f 373/373/373 302/302/302 296/296/296
f 302/302/302 297/297/297 296/296/296
f 302/302/302 303/303/303 297/297/297
f 303/303/303 299/299/299 297/297/297
f 303/303/303 304/304/304 299/299/299
f 304/304/304 400/400/400 299/299/299
f 304/304/304 412/412/412 400/400/400
f 768/768/768 754/754/754 770/770/770
f 768/768/768 750/750/750 754/754/754
f 750/750/750 753/753/753 754/754/754
f 750/750/750 749/749/749 753/753/753
f 730/730/730 757/757/757 758/758/758
f 730/730/730 729/729/729 757/757/757
f 729/729/729 760/760/760 757/757/757
f 729/729/729 731/731/731 760/760/760
f 175/175/175 110/110/110 173/173/173
f 175/175/175 109/109/109 110/110/110
f 109/109/109 108/108/108 110/110/110
f 109/109/109 106/106/106 108/108/108
f 106/106/106 107/107/107 108/108/108
f 106/106/106 105/105/105 107/107/107
f 105/105/105 134/134/134 107/107/107
f 105/105/105 138/138/138 134/134/134
f 888/888/888 892/892/892 908/908/908
f 888/888/888 874/874/874 892/892/892
f 874/874/874 891/891/891 892/892/892
f 874/874/874 873/873/873 891/891/891
f 873/873/873 903/903/903 891/891/891
f 873/873/873 875/875/875 903/903/903
f 875/875/875 907/907/907 903/903/903
f 875/875/875 901/901/901 907/907/907
f 371/371/371 294/294/294 372/372/372
f 371/371/371 296/296/296 294/294/294
f 296/296/296 295/295/295 294/294/294
f 296/296/296 297/297/297 295/295/295
f 297/297/297 298/298/298 295/295/295
f 297/297/297 299/299/299 298/298/298
f 299/299/299 399/399/399 298/298/298
f 299/299/299 400/400/400 399/399/399
f 770/770/770 774/774/774 776/776/776
f 770/770/770 754/754/754 774/774/774
f 754/754/754 773/773/773 774/774/774
f 754/754/754 753/753/753 773/773/773
f 491/491/491 469/469/469 468/468/468
f 491/491/491 492/492/492 469/469/469
f 492/492/492 470/470/470 469/469/469
f 492/492/492 495/495/495 470/470/470
f 173/173/173 113/113/113 174/174/174
f 173/173/173 110/110/110 113/113/113
f 110/110/110 112/112/112 113/113/113
f 110/110/110 108/108/108 112/112/112
f 108/108/108 111/111/111 112/112/112
f 108/108/108 107/107/107 111/111/111
f 107/107/107 133/133/133 111/111/111
f 107/107/107 134/134/134 133/133/133
f 703/703/703 671/671/671 697/697/697
f 703/703/703 699/699/699 671/671/671
f 699/699/699 669/669/669 671/671/671
f 699/699/699 687/687/687 669/669/669
f 687/687/687 670/670/670 669/669/669
f 687/687/687 688/688/688 670/670/670
f 688/688/688 684/684/684 670/670/670
f 688/688/688 704/704/704 684/684/684
f 372/372/372 292/292/292 376/376/376
f 372/372/372 294/294/294 292/292/292
f 294/294/294 293/293/293 292/292/292
f 294/294/294 295/295/295 293/293/293
f 295/295/295 300/300/300 293/293/293
f 295/295/295 298/298/298 300/300/300
f 298/298/298 401/401/401 300/300/300
f 298/298/298 399/399/399 401/401/401
f 511/511/511 487/487/487 505/505/505
f 511/511/511 507/507/507 487/487/487
f 507/507/507 488/488/488 487/487/487
f 507/507/507 508/508/508 488/488/488
f 468/468/468 454/454/454 453/453/453
f 468/468/468 469/469/469 454/454/454
f 469/469/469 464/464/464 454/454/454
f 469/469/469 470/470/470 464/464/464
f 174/174/174 117/117/117 196/196/196
f 174/174/174 113/113/113 117/117/117
f 113/113/113 116/116/116 117/117/117
f 113/113/113 112/112/112 116/116/116
f 112/112/112 115/115/115 116/116/116
f 112/112/112 111/111/111 115/115/115
f 111/111/111 135/135/135 115/115/115
f 111/111/111 133/133/133 135/135/135
f 697/697/697 657/657/657 696/696/696
f 697/697/697 671/671/671 657/657/657
f 671/671/671 658/658/658 657/657/657
f 671/671/671 669/669/669 658/658/658
f 669/669/669 668/668/668 658/658/658
f 669/669/669 670/670/670 668/668/668
f 670/670/670 681/681/681 668/668/668
f 670/670/670 684/684/684 681/681/681
f 376/376/376 290/290/290 377/377/377
f 376/376/376 292/292/292 290/290/290
f 292/292/292 291/291/291 290/290/290
f 292/292/292 293/293/293 291/291/291
f 293/293/293 301/301/301 291/291/291
f 293/293/293 300/300/300 301/301/301
f 300/300/300 411/411/411 301/301/301
f 300/300/300 401/401/401 411/411/411
f 505/505/505 483/483/483 503/503/503
f 505/505/505 487/487/487 483/483/483
f 487/487/487 484/484/484 483/483/483
f 487/487/487 488/488/488 484/484/484
f 453/453/453 452/452/452 449/449/449
f 453/453/453 454/454/454 452/452/452
f 454/454/454 462/462/462 452/452/452
f 454/454/454 464/464/464 462/462/462
f 196/196/196 120/120/120 199/199/199
f 196/196/196 117/117/117 120/120/120
f 117/117/117 119/119/119 120/120/120
f 117/117/117 116/116/116 119/119/119
f 116/116/116 118/118/118 119/119/119
f 116/116/116 115/115/115 118/118/118
f 115/115/115 136/136/136 118/118/118
f 115/115/115 135/135/135 136/136/136
f 696/696/696 653/653/653 693/693/693
f 696/696/696 657/657/657 653/653/653
f 657/657/657 656/656/656 653/653/653
f 657/657/657 658/658/658 656/656/656
f 658/658/658 664/664/664 656/656/656
f 658/658/658 668/668/668 664/664/664
f 668/668/668 678/678/678 664/664/664
f 668/668/668 681/681/681 678/678/678
f 377/377/377 276/276/276 378/378/378
f 377/377/377 290/290/290 276/276/276
f 290/290/290 278/278/278 276/276/276
f 290/290/290 291/291/291 278/278/278
f 291/291/291 288/288/288 278/278/278
f 291/291/291 301/301/301 288/288/288
f 301/301/301 423/423/423 288/288/288
f 301/301/301 411/411/411 423/423/423
f 503/503/503 475/475/475 499/499/499
f 503/503/503 483/483/483 475/475/475
f 483/483/483 478/478/478 475/475/475
f 483/483/483 484/484/484 478/478/478
f 449/449/449 451/451/451 450/450/450
f 449/449/449 452/452/452 451/451/451
f 452/452/452 461/461/461 451/451/451
f 452/452/452 462/462/462 461/461/461
f 199/199/199 130/130/130 207/207/207
f 199/199/199 120/120/120 130/130/130
f 120/120/120 128/128/128 130/130/130
f 120/120/120 119/119/119 128/128/128
f 119/119/119 121/121/121 128/128/128
f 119/119/119 118/118/118 121/121/121
f 118/118/118 137/137/137 121/121/121
f 118/118/118 136/136/136 137/137/137
f 693/693/693 654/654/654 694/694/694
f 693/693/693 653/653/653 654/654/654
f 653/653/653 655/655/655 654/654/654
f 653/653/653 656/656/656 655/655/655
f 656/656/656 663/663/663 655/655/655
f 656/656/656 664/664/664 663/663/663
f 664/664/664 677/677/677 663/663/663
f 664/664/664 678/678/678 677/677/677
f 378/378/378 279/279/279 379/379/379
f 378/378/378 276/276/276 279/279/279
f 276/276/276 277/277/277 279/279/279
f 276/276/276 278/278/278 277/277/277
f 278/278/278 287/287/287 277/277/277
f 278/278/278 288/288/288 287/287/287
f 288/288/288 431/431/431 287/287/287
f 288/288/288 423/423/423 431/431/431
f 499/499/499 476/476/476 500/500/500
f 499/499/499 475/475/475 476/476/476
f 475/475/475 477/477/477 476/476/476
f 475/475/475 478/478/478 477/477/477
f 605/605/605 607/607/607 606/606/606
f 605/605/605 608/608/608 607/607/607
f 608/608/608 615/615/615 607/607/607
f 608/608/608 616/616/616 615/615/615
f 187/187/187 63/63/63 188/188/188
f 187/187/187 60/60/60 63/63/63
f 60/60/60 61/61/61 63/63/63
f 60/60/60 62/62/62 61/61/61
f 62/62/62 65/65/65 61/61/61
f 62/62/62 69/69/69 65/65/65
f 69/69/69 209/209/209 65/65/65
f 69/69/69 210/210/210 209/209/209
f 547/547/547 530/530/530 548/548/548
f 547/547/547 529/529/529 530/530/530
f 529/529/529 514/514/514 530/530/530
f 529/529/529 513/513/513 514/514/514
f 513/513/513 515/515/515 514/514/514
f 513/513/513 516/516/516 515/515/515
f 516/516/516 567/567/567 515/515/515
f 516/516/516 568/568/568 567/567/567
f 425/425/425 350/350/350 426/426/426
f 425/425/425 349/349/349 350/350/350
f 349/349/349 346/346/346 350/350/350
f 349/349/349 343/343/343 346/346/346
f 343/343/343 344/344/344 346/346/346
f 343/343/343 345/345/345 344/344/344
f 345/345/345 405/405/405 344/344/344
f 345/345/345 406/406/406 405/405/405
f 629/629/629 586/586/586 630/630/630
f 629/629/629 583/583/583 586/586/586
f 583/583/583 584/584/584 586/586/586
f 583/583/583 585/585/585 584/584/584
f 1227/1227/1227 1226/1226/1226 1228/1228/1228
f 1227/1227/1227 1223/1223/1223 1226/1226/1226
f 1223/1223/1223 1224/1224/1224 1226/1226/1226
f 1223/1223/1223 1225/1225/1225 1224/1224/1224
f 1225/1225/1225 1231/1231/1231 1224/1224/1224
f 1225/1225/1225 1232/1232/1232 1231/1231/1231
f 1232/1232/1232 1255/1255/1255 1231/1231/1231
f 1232/1232/1232 1256/1256/1256 1255/1255/1255
f 1256/1256/1256 1203/1203/1203 1255/1255/1255
f 1256/1256/1256 1205/1205/1205 1203/1203/1203
f 1205/1205/1205 1192/1192/1192 1203/1203/1203
f 1205/1205/1205 1201/1201/1201 1192/1192/1192
f 1201/1201/1201 1190/1190/1190 1192/1192/1192
f 1201/1201/1201 1199/1199/1199 1190/1190/1190
f 1199/1199/1199 1188/1188/1188 1190/1190/1190
f 1199/1199/1199 1197/1197/1197 1188/1188/1188
f 1197/1197/1197 1189/1189/1189 1188/1188/1188
f 1197/1197/1197 1198/1198/1198 1189/1189/1189
f 1198/1198/1198 1191/1191/1191 1189/1189/1189
f 1198/1198/1198 1200/1200/1200 1191/1191/1191
f 1200/1200/1200 1196/1196/1196 1191/1191/1191
f 1200/1200/1200 1202/1202/1202 1196/1196/1196
f 1202/1202/1202 1208/1208/1208 1196/1196/1196
f 1202/1202/1202 1209/1209/1209 1208/1208/1208
f 1096/1096/1096 1086/1086/1086 1097/1097/1097
f 1096/1096/1096 1088/1088/1088 1086/1086/1086
f 1088/1088/1088 1076/1076/1076 1086/1086/1086
f 1088/1088/1088 1081/1081/1081 1076/1076/1076
f 1081/1081/1081 1074/1074/1074 1076/1076/1076
f 1081/1081/1081 1079/1079/1079 1074/1074/1074
f 1079/1079/1079 1072/1072/1072 1074/1074/1074
f 1079/1079/1079 1077/1077/1077 1072/1072/1072
f 1077/1077/1077 1073/1073/1073 1072/1072/1072
f 1077/1077/1077 1078/1078/1078 1073/1073/1073
f 1078/1078/1078 1075/1075/1075 1073/1073/1073
f 1078/1078/1078 1080/1080/1080 1075/1075/1075
f 1080/1080/1080 1083/1083/1083 1075/1075/1075
f 1080/1080/1080 1084/1084/1084 1083/1083/1083
f 1084/1084/1084 1091/1091/1091 1083/1083/1083
f 1084/1084/1084 1092/1092/1092 1091/1091/1091
f 1326/1326/1326 1319/1319/1319 1324/1324/1324
f 1326/1326/1326 1321/1321/1321 1319/1319/1319
f 1321/1321/1321 1313/1313/1313 1319/1319/1319
f 1321/1321/1321 1318/1318/1318 1313/1313/1313
f 1318/1318/1318 1311/1311/1311 1313/1313/1313
f 1318/1318/1318 1316/1316/1316 1311/1311/1311
f 1316/1316/1316 1309/1309/1309 1311/1311/1311
f 1316/1316/1316 1314/1314/1314 1309/1309/1309
f 1314/1314/1314 1310/1310/1310 1309/1309/1309
f 1314/1314/1314 1315/1315/1315 1310/1310/1310
f 1315/1315/1315 1312/1312/1312 1310/1310/1310
f 1315/1315/1315 1317/1317/1317 1312/1312/1312
f 1317/1317/1317 1281/1281/1281 1312/1312/1312
f 1317/1317/1317 1284/1284/1284 1281/1281/1281
f 1284/1284/1284 1279/1279/1279 1281/1281/1281
f 1284/1284/1284 1282/1282/1282 1279/1279/1279
f 1282/1282/1282 1280/1280/1280 1279/1279/1279
f 1282/1282/1282 1283/1283/1283 1280/1280/1280
f 1250/1250/1250 1245/1245/1245 1251/1251/1251
f 1250/1250/1250 1244/1244/1244 1245/1245/1245
f 1244/1244/1244 1238/1238/1238 1245/1245/1245
f 1244/1244/1244 1235/1235/1235 1238/1238/1238
f 1235/1235/1235 1236/1236/1236 1238/1238/1238
f 1235/1235/1235 1237/1237/1237 1236/1236/1236
f 1228/1228/1228 1230/1230/1230 1234/1234/1234
f 1228/1228/1228 1226/1226/1226 1230/1230/1230
f 1226/1226/1226 1229/1229/1229 1230/1230/1230
f 1226/1226/1226 1224/1224/1224 1229/1229/1229
f 1224/1224/1224 1233/1233/1233 1229/1229/1229
f 1224/1224/1224 1231/1231/1231 1233/1233/1233
f 1231/1231/1231 1213/1213/1213 1233/1233/1233
f 1231/1231/1231 1255/1255/1255 1213/1213/1213
f 1255/1255/1255 1204/1204/1204 1213/1213/1213
f 1255/1255/1255 1203/1203/1203 1204/1204/1204
f 1203/1203/1203 1187/1187/1187 1204/1204/1204
f 1203/1203/1203 1192/1192/1192 1187/1187/1187
f 1192/1192/1192 1185/1185/1185 1187/1187/1187
f 1192/1192/1192 1190/1190/1190 1185/1185/1185
f 1190/1190/1190 1183/1183/1183 1185/1185/1185
f 1190/1190/1190 1188/1188/1188 1183/1183/1183
f 1188/1188/1188 1184/1184/1184 1183/1183/1183
f 1188/1188/1188 1189/1189/1189 1184/1184/1184
f 1189/1189/1189 1186/1186/1186 1184/1184/1184
f 1189/1189/1189 1191/1191/1191 1186/1186/1186
f 1191/1191/1191 1195/1195/1195 1186/1186/1186
f 1191/1191/1191 1196/1196/1196 1195/1195/1195
f 1196/1196/1196 1207/1207/1207 1195/1195/1195
f 1196/1196/1196 1208/1208/1208 1207/1207/1207
f 1097/1097/1097 1087/1087/1087 1098/1098/1098
f 1097/1097/1097 1086/1086/1086 1087/1087/1087
f 1086/1086/1086 1071/1071/1071 1087/1087/1087
f 1086/1086/1086 1076/1076/1076 1071/1071/1071
f 1076/1076/1076 1067/1067/1067 1071/1071/1071
f 1076/1076/1076 1074/1074/1074 1067/1067/1067
f 1074/1074/1074 1065/1065/1065 1067/1067/1067
f 1074/1074/1074 1072/1072/1072 1065/1065/1065
f 1072/1072/1072 1066/1066/1066 1065/1065/1065
f 1072/1072/1072 1073/1073/1073 1066/1066/1066
f 1073/1073/1073 1068/1068/1068 1066/1066/1066
f 1073/1073/1073 1075/1075/1075 1068/1068/1068
f 1075/1075/1075 1082/1082/1082 1068/1068/1068
f 1075/1075/1075 1083/1083/1083 1082/1082/1082
f 1083/1083/1083 1093/1093/1093 1082/1082/1082
f 1083/1083/1083 1091/1091/1091 1093/1093/1093
f 1324/1324/1324 1320/1320/1320 1325/1325/1325
f 1324/1324/1324 1319/1319/1319 1320/1320/1320
f 1319/1319/1319 1308/1308/1308 1320/1320/1320
f 1319/1319/1319 1313/1313/1313 1308/1308/1308
f 1313/1313/1313 1306/1306/1306 1308/1308/1308
f 1313/1313/1313 1311/1311/1311 1306/1306/1306
f 1311/1311/1311 1304/1304/1304 1306/1306/1306
f 1311/1311/1311 1309/1309/1309 1304/1304/1304
f 1309/1309/1309 1305/1305/1305 1304/1304/1304
f 1309/1309/1309 1310/1310/1310 1305/1305/1305
f 1310/1310/1310 1307/1307/1307 1305/1305/1305
f 1310/1310/1310 1312/1312/1312 1307/1307/1307
f 1312/1312/1312 1278/1278/1278 1307/1307/1307
f 1312/1312/1312 1281/1281/1281 1278/1278/1278
f 1281/1281/1281 1276/1276/1276 1278/1278/1278
f 1281/1281/1281 1279/1279/1279 1276/1276/1276
f 1279/1279/1279 1277/1277/1277 1276/1276/1276
f 1279/1279/1279 1280/1280/1280 1277/1277/1277
f 1251/1251/1251 1246/1246/1246 1252/1252/1252
f 1251/1251/1251 1245/1245/1245 1246/1246/1246
f 1245/1245/1245 1242/1242/1242 1246/1246/1246
f 1245/1245/1245 1238/1238/1238 1242/1242/1242
f 1238/1238/1238 1241/1241/1241 1242/1242/1242
f 1238/1238/1238 1236/1236/1236 1241/1241/1241
f 1234/1234/1234 1240/1240/1240 1243/1243/1243
f 1234/1234/1234 1230/1230/1230 1240/1240/1240
f 1230/1230/1230 1239/1239/1239 1240/1240/1240
f 1230/1230/1230 1229/1229/1229 1239/1239/1239
f 1229/1229/1229 1253/1253/1253 1239/1239/1239
f 1229/1229/1229 1233/1233/1233 1253/1253/1253
f 1233/1233/1233 1214/1214/1214 1253/1253/1253
f 1233/1233/1233 1213/1213/1213 1214/1214/1214
f 1213/1213/1213 1206/1206/1206 1214/1214/1214
f 1213/1213/1213 1204/1204/1204 1206/1206/1206
f 1204/1204/1204 1182/1182/1182 1206/1206/1206
f 1204/1204/1204 1187/1187/1187 1182/1182/1182
f 1187/1187/1187 1179/1179/1179 1182/1182/1182
f 1187/1187/1187 1185/1185/1185 1179/1179/1179
f 1185/1185/1185 1177/1177/1177 1179/1179/1179
f 1185/1185/1185 1183/1183/1183 1177/1177/1177
f 1183/1183/1183 1178/1178/1178 1177/1177/1177
f 1183/1183/1183 1184/1184/1184 1178/1178/1178
f 1184/1184/1184 1180/1180/1180 1178/1178/1178
f 1184/1184/1184 1186/1186/1186 1180/1180/1180
f 1186/1186/1186 1194/1194/1194 1180/1180/1180
f 1186/1186/1186 1195/1195/1195 1194/1194/1194
f 1195/1195/1195 1210/1210/1210 1194/1194/1194
f 1195/1195/1195 1207/1207/1207 1210/1210/1210
f 1098/1098/1098 1089/1089/1089 1100/1100/1100
f 1098/1098/1098 1087/1087/1087 1089/1089/1089
f 1087/1087/1087 1069/1069/1069 1089/1089/1089
f 1087/1087/1087 1071/1071/1071 1069/1069/1069
f 1071/1071/1071 1061/1061/1061 1069/1069/1069
f 1071/1071/1071 1067/1067/1067 1061/1061/1061
f 1067/1067/1067 1059/1059/1059 1061/1061/1061
f 1067/1067/1067 1065/1065/1065 1059/1059/1059
f 1065/1065/1065 1060/1060/1060 1059/1059/1059
f 1065/1065/1065 1066/1066/1066 1060/1060/1060
f 1066/1066/1066 1063/1063/1063 1060/1060/1060
f 1066/1066/1066 1068/1068/1068 1063/1063/1063
f 1068/1068/1068 1085/1085/1085 1063/1063/1063
f 1068/1068/1068 1082/1082/1082 1085/1085/1085
f 1082/1082/1082 1094/1094/1094 1085/1085/1085
f 1082/1082/1082 1093/1093/1093 1094/1094/1094
f 1325/1325/1325 1322/1322/1322 1327/1327/1327
f 1325/1325/1325 1320/1320/1320 1322/1322/1322
f 1320/1320/1320 1303/1303/1303 1322/1322/1322
f 1320/1320/1320 1308/1308/1308 1303/1303/1303
f 1308/1308/1308 1299/1299/1299 1303/1303/1303
f 1308/1308/1308 1306/1306/1306 1299/1299/1299
f 1306/1306/1306 1297/1297/1297 1299/1299/1299
f 1306/1306/1306 1304/1304/1304 1297/1297/1297
f 1304/1304/1304 1298/1298/1298 1297/1297/1297
f 1304/1304/1304 1305/1305/1305 1298/1298/1298
f 1305/1305/1305 1300/1300/1300 1298/1298/1298
f 1305/1305/1305 1307/1307/1307 1300/1300/1300
f 1307/1307/1307 1275/1275/1275 1300/1300/1300
f 1307/1307/1307 1278/1278/1278 1275/1275/1275
f 1278/1278/1278 1272/1272/1272 1275/1275/1275
f 1278/1278/1278 1276/1276/1276 1272/1272/1272
f 1276/1276/1276 1273/1273/1273 1272/1272/1272
f 1276/1276/1276 1277/1277/1277 1273/1273/1273
f 1252/1252/1252 1249/1249/1249 1254/1254/1254
f 1252/1252/1252 1246/1246/1246 1249/1249/1249
f 1246/1246/1246 1248/1248/1248 1249/1249/1249
f 1246/1246/1246 1242/1242/1242 1248/1248/1248
f 1242/1242/1242 1247/1247/1247 1248/1248/1248
f 1242/1242/1242 1241/1241/1241 1247/1247/1247
f 1243/1243/1243 1164/1164/1164 1163/1163/1163
f 1243/1243/1243 1240/1240/1240 1164/1164/1164
f 1240/1240/1240 1136/1136/1136 1164/1164/1164
f 1240/1240/1240 1239/1239/1239 1136/1136/1136
f 1239/1239/1239 1137/1137/1137 1136/1136/1136
f 1239/1239/1239 1253/1253/1253 1137/1137/1137
f 1253/1253/1253 1138/1138/1138 1137/1137/1137
f 1253/1253/1253 1214/1214/1214 1138/1138/1138
f 1214/1214/1214 1141/1141/1141 1138/1138/1138
f 1214/1214/1214 1206/1206/1206 1141/1141/1141
f 1206/1206/1206 1181/1181/1181 1141/1141/1141
f 1206/1206/1206 1182/1182/1182 1181/1181/1181
f 1182/1182/1182 1173/1173/1173 1181/1181/1181
f 1182/1182/1182 1179/1179/1179 1173/1173/1173
f 1179/1179/1179 1171/1171/1171 1173/1173/1173
f 1179/1179/1179 1177/1177/1177 1171/1171/1171
f 1177/1177/1177 1172/1172/1172 1171/1171/1171
f 1177/1177/1177 1178/1178/1178 1172/1172/1172
f 1178/1178/1178 1175/1175/1175 1172/1172/1172
f 1178/1178/1178 1180/1180/1180 1175/1175/1175
f 1180/1180/1180 1193/1193/1193 1175/1175/1175
f 1180/1180/1180 1194/1194/1194 1193/1193/1193
f 1194/1194/1194 1212/1212/1212 1193/1193/1193
f 1194/1194/1194 1210/1210/1210 1212/1212/1212
f 1100/1100/1100 1095/1095/1095 1104/1104/1104
f 1100/1100/1100 1089/1089/1089 1095/1095/1095
f 1089/1089/1089 1070/1070/1070 1095/1095/1095
f 1089/1089/1089 1069/1069/1069 1070/1070/1070
f 1069/1069/1069 1053/1053/1053 1070/1070/1070
f 1069/1069/1069 1061/1061/1061 1053/1053/1053
f 1061/1061/1061 1056/1056/1056 1053/1053/1053
f 1061/1061/1061 1059/1059/1059 1056/1056/1056
f 1059/1059/1059 1058/1058/1058 1056/1056/1056
f 1059/1059/1059 1060/1060/1060 1058/1058/1058
f 1060/1060/1060 1062/1062/1062 1058/1058/1058
f 1060/1060/1060 1063/1063/1063 1062/1062/1062
f 1063/1063/1063 1090/1090/1090 1062/1062/1062
f 1063/1063/1063 1085/1085/1085 1090/1090/1090
f 1085/1085/1085 1101/1101/1101 1090/1090/1090
f 1085/1085/1085 1094/1094/1094 1101/1101/1101
f 1327/1327/1327 1323/1323/1323 1328/1328/1328
f 1327/1327/1327 1322/1322/1322 1323/1323/1323
f 1322/1322/1322 1301/1301/1301 1323/1323/1323
f 1322/1322/1322 1303/1303/1303 1301/1301/1301
f 1303/1303/1303 1293/1293/1293 1301/1301/1301
f 1303/1303/1303 1299/1299/1299 1293/1293/1293
f 1299/1299/1299 1291/1291/1291 1293/1293/1293
f 1299/1299/1299 1297/1297/1297 1291/1291/1291
f 1297/1297/1297 1292/1292/1292 1291/1291/1291
f 1297/1297/1297 1298/1298/1298 1292/1292/1292
f 1298/1298/1298 1295/1295/1295 1292/1292/1292
f 1298/1298/1298 1300/1300/1300 1295/1295/1295
f 1300/1300/1300 1271/1271/1271 1295/1295/1295
f 1300/1300/1300 1275/1275/1275 1271/1271/1271
f 1275/1275/1275 1268/1268/1268 1271/1271/1271
f 1275/1275/1275 1272/1272/1272 1268/1268/1268
f 1272/1272/1272 1266/1266/1266 1268/1268/1268
f 1272/1272/1272 1273/1273/1273 1266/1266/1266
f 1273/1273/1273 1267/1267/1267 1266/1266/1266
f 1273/1273/1273 1274/1274/1274 1267/1267/1267
f 1249/1249/1249 1161/1161/1161 1165/1165/1165
f 1249/1249/1249 1248/1248/1248 1161/1161/1161
f 1248/1248/1248 1162/1162/1162 1161/1161/1161
f 1248/1248/1248 1247/1247/1247 1162/1162/1162
f 1163/1163/1163 1159/1159/1159 1157/1157/1157
f 1163/1163/1163 1164/1164/1164 1159/1159/1159
f 1164/1164/1164 1131/1131/1131 1159/1159/1159
f 1164/1164/1164 1136/1136/1136 1131/1131/1131
f 1136/1136/1136 1132/1132/1132 1131/1131/1131
f 1136/1136/1136 1137/1137/1137 1132/1132/1132
f 1137/1137/1137 1133/1133/1133 1132/1132/1132
f 1137/1137/1137 1138/1138/1138 1133/1133/1133
f 1138/1138/1138 1140/1140/1140 1133/1133/1133
f 1138/1138/1138 1141/1141/1141 1140/1140/1140
f 1141/1141/1141 1144/1144/1144 1140/1140/1140
f 1141/1141/1141 1181/1181/1181 1144/1144/1144
f 1181/1181/1181 1166/1166/1166 1144/1144/1144
f 1181/1181/1181 1173/1173/1173 1166/1166/1166
f 1173/1173/1173 1168/1168/1168 1166/1166/1166
f 1173/1173/1173 1171/1171/1171 1168/1168/1168
f 1171/1171/1171 1170/1170/1170 1168/1168/1168
f 1171/1171/1171 1172/1172/1172 1170/1170/1170
f 1172/1172/1172 1174/1174/1174 1170/1170/1170
f 1172/1172/1172 1175/1175/1175 1174/1174/1174
f 1175/1175/1175 1211/1211/1211 1174/1174/1174
f 1175/1175/1175 1193/1193/1193 1211/1211/1211
f 1193/1193/1193 1215/1215/1215 1211/1211/1211
f 1193/1193/1193 1212/1212/1212 1215/1215/1215
f 1104/1104/1104 1103/1103/1103 1111/1111/1111
f 1104/1104/1104 1095/1095/1095 1103/1103/1103
f 1095/1095/1095 1099/1099/1099 1103/1103/1103
f 1095/1095/1095 1070/1070/1070 1099/1099/1099
f 1070/1070/1070 1054/1054/1054 1099/1099/1099
f 1070/1070/1070 1053/1053/1053 1054/1054/1054
f 1053/1053/1053 1055/1055/1055 1054/1054/1054
f 1053/1053/1053 1056/1056/1056 1055/1055/1055
f 1056/1056/1056 1057/1057/1057 1055/1055/1055
f 1056/1056/1056 1058/1058/1058 1057/1057/1057
f 1058/1058/1058 1064/1064/1064 1057/1057/1057
f 1058/1058/1058 1062/1062/1062 1064/1064/1064
f 1062/1062/1062 1102/1102/1102 1064/1064/1064
f 1062/1062/1062 1090/1090/1090 1102/1102/1102
f 1090/1090/1090 1109/1109/1109 1102/1102/1102
f 1090/1090/1090 1101/1101/1101 1109/1109/1109
f 1328/1328/1328 1335/1335/1335 1336/1336/1336
f 1328/1328/1328 1323/1323/1323 1335/1335/1335
f 1323/1323/1323 1302/1302/1302 1335/1335/1335
f 1323/1323/1323 1301/1301/1301 1302/1302/1302
f 1301/1301/1301 1289/1289/1289 1302/1302/1302
f 1301/1301/1301 1293/1293/1293 1289/1289/1289
f 1293/1293/1293 1285/1285/1285 1289/1289/1289
f 1293/1293/1293 1291/1291/1291 1285/1285/1285
f 1291/1291/1291 1288/1288/1288 1285/1285/1285
f 1291/1291/1291 1292/1292/1292 1288/1288/1288
f 1292/1292/1292 1294/1294/1294 1288/1288/1288
f 1292/1292/1292 1295/1295/1295 1294/1294/1294
f 1295/1295/1295 1269/1269/1269 1294/1294/1294
f 1295/1295/1295 1271/1271/1271 1269/1269/1269
f 1271/1271/1271 1265/1265/1265 1269/1269/1269
f 1271/1271/1271 1268/1268/1268 1265/1265/1265
f 1268/1268/1268 1263/1263/1263 1265/1265/1265
f 1268/1268/1268 1266/1266/1266 1263/1263/1263
f 1266/1266/1266 1264/1264/1264 1263/1263/1263
f 1266/1266/1266 1267/1267/1267 1264/1264/1264
f 1165/1165/1165 1154/1154/1154 1156/1156/1156
f 1165/1165/1165 1161/1161/1161 1154/1154/1154
f 1161/1161/1161 1155/1155/1155 1154/1154/1154
f 1161/1161/1161 1162/1162/1162 1155/1155/1155
f 1157/1157/1157 1134/1134/1134 1158/1158/1158
f 1157/1157/1157 1159/1159/1159 1134/1134/1134
f 1159/1159/1159 1129/1129/1129 1134/1134/1134
f 1159/1159/1159 1131/1131/1131 1129/1129/1129
f 1131/1131/1131 1125/1125/1125 1129/1129/1129
f 1131/1131/1131 1132/1132/1132 1125/1125/1125
f 1132/1132/1132 1127/1127/1127 1125/1125/1125
f 1132/1132/1132 1133/1133/1133 1127/1127/1127
f 1133/1133/1133 1139/1139/1139 1127/1127/1127
f 1133/1133/1133 1140/1140/1140 1139/1139/1139
f 1140/1140/1140 1143/1143/1143 1139/1139/1139
f 1140/1140/1140 1144/1144/1144 1143/1143/1143
f 1144/1144/1144 1147/1147/1147 1143/1143/1143
f 1144/1144/1144 1166/1166/1166 1147/1147/1147
f 1166/1166/1166 1167/1167/1167 1147/1147/1147
f 1166/1166/1166 1168/1168/1168 1167/1167/1167
f 1168/1168/1168 1169/1169/1169 1167/1167/1167
f 1168/1168/1168 1170/1170/1170 1169/1169/1169
f 1170/1170/1170 1176/1176/1176 1169/1169/1169
f 1170/1170/1170 1174/1174/1174 1176/1176/1176
f 1174/1174/1174 1216/1216/1216 1176/1176/1176
f 1174/1174/1174 1211/1211/1211 1216/1216/1216
f 1211/1211/1211 1217/1217/1217 1216/1216/1216
f 1211/1211/1211 1215/1215/1215 1217/1217/1217
f 1111/1111/1111 1113/1113/1113 1115/1115/1115
f 1111/1111/1111 1103/1103/1103 1113/1113/1113
f 1103/1103/1103 1110/1110/1110 1113/1113/1113
f 1103/1103/1103 1099/1099/1099 1110/1110/1110
f 1099/1099/1099 1107/1107/1107 1110/1110/1110
f 1099/1099/1099 1054/1054/1054 1107/1107/1107
f 1054/1054/1054 1106/1106/1106 1107/1107/1107
f 1054/1054/1054 1055/1055/1055 1106/1106/1106
f 1055/1055/1055 1105/1105/1105 1106/1106/1106
f 1055/1055/1055 1057/1057/1057 1105/1105/1105
f 1057/1057/1057 1108/1108/1108 1105/1105/1105
f 1057/1057/1057 1064/1064/1064 1108/1108/1108
f 1064/1064/1064 1112/1112/1112 1108/1108/1108
f 1064/1064/1064 1102/1102/1102 1112/1112/1112
f 1102/1102/1102 1114/1114/1114 1112/1112/1112
f 1102/1102/1102 1109/1109/1109 1114/1114/1114
f 1336/1336/1336 1331/1331/1331 1329/1329/1329
f 1336/1336/1336 1335/1335/1335 1331/1331/1331
f 1335/1335/1335 1334/1334/1334 1331/1331/1331
f 1335/1335/1335 1302/1302/1302 1334/1334/1334
f 1302/1302/1302 1290/1290/1290 1334/1334/1334
f 1302/1302/1302 1289/1289/1289 1290/1290/1290
f 1289/1289/1289 1286/1286/1286 1290/1290/1290
f 1289/1289/1289 1285/1285/1285 1286/1286/1286
f 1285/1285/1285 1287/1287/1287 1286/1286/1286
f 1285/1285/1285 1288/1288/1288 1287/1287/1287
f 1288/1288/1288 1296/1296/1296 1287/1287/1287
f 1288/1288/1288 1294/1294/1294 1296/1296/1296
f 1294/1294/1294 1270/1270/1270 1296/1296/1296
f 1294/1294/1294 1269/1269/1269 1270/1270/1270
f 1269/1269/1269 1257/1257/1257 1270/1270/1270
f 1269/1269/1269 1265/1265/1265 1257/1257/1257
f 1265/1265/1265 1260/1260/1260 1257/1257/1257
f 1265/1265/1265 1263/1263/1263 1260/1260/1260
f 1263/1263/1263 1262/1262/1262 1260/1260/1260
f 1263/1263/1263 1264/1264/1264 1262/1262/1262
f 1156/1156/1156 1148/1148/1148 1152/1152/1152
f 1156/1156/1156 1154/1154/1154 1148/1148/1148
f 1154/1154/1154 1150/1150/1150 1148/1148/1148
f 1154/1154/1154 1155/1155/1155 1150/1150/1150
f 1158/1158/1158 1135/1135/1135 1160/1160/1160
f 1158/1158/1158 1134/1134/1134 1135/1135/1135
f 1134/1134/1134 1130/1130/1130 1135/1135/1135
f 1134/1134/1134 1129/1129/1129 1130/1130/1130
f 1129/1129/1129 1128/1128/1128 1130/1130/1130
f 1129/1129/1129 1125/1125/1125 1128/1128/1128
f 1125/1125/1125 1126/1126/1126 1128/1128/1128
f 1125/1125/1125 1127/1127/1127 1126/1126/1126
f 1127/1127/1127 1142/1142/1142 1126/1126/1126
f 1127/1127/1127 1139/1139/1139 1142/1142/1142
f 1139/1139/1139 1145/1145/1145 1142/1142/1142
f 1139/1139/1139 1143/1143/1143 1145/1145/1145
f 1143/1143/1143 1146/1146/1146 1145/1145/1145
f 1143/1143/1143 1147/1147/1147 1146/1146/1146
f 1147/1147/1147 1219/1219/1219 1146/1146/1146
f 1147/1147/1147 1167/1167/1167 1219/1219/1219
f 1167/1167/1167 1218/1218/1218 1219/1219/1219
f 1167/1167/1167 1169/1169/1169 1218/1218/1218
f 1169/1169/1169 1220/1220/1220 1218/1218/1218
f 1169/1169/1169 1176/1176/1176 1220/1220/1220
f 1176/1176/1176 1221/1221/1221 1220/1220/1220
f 1176/1176/1176 1216/1216/1216 1221/1221/1221
f 1216/1216/1216 1222/1222/1222 1221/1221/1221
f 1216/1216/1216 1217/1217/1217 1222/1222/1222
f 1115/1115/1115 1122/1122/1122 1124/1124/1124
f 1115/1115/1115 1113/1113/1113 1122/1122/1122
f 1113/1113/1113 1120/1120/1120 1122/1122/1122
f 1113/1113/1113 1110/1110/1110 1120/1120/1120
f 1110/1110/1110 1118/1118/1118 1120/1120/1120
f 1110/1110/1110 1107/1107/1107 1118/1118/1118
f 1107/1107/1107 1117/1117/1117 1118/1118/1118
f 1107/1107/1107 1106/1106/1106 1117/1117/1117
f 1106/1106/1106 1116/1116/1116 1117/1117/1117
f 1106/1106/1106 1105/1105/1105 1116/1116/1116
f 1105/1105/1105 1119/1119/1119 1116/1116/1116
f 1105/1105/1105 1108/1108/1108 1119/1119/1119
f 1108/1108/1108 1121/1121/1121 1119/1119/1119
f 1108/1108/1108 1112/1112/1112 1121/1121/1121
f 1112/1112/1112 1123/1123/1123 1121/1121/1121
f 1112/1112/1112 1114/1114/1114 1123/1123/1123
f 1329/1329/1329 1330/1330/1330 1332/1332/1332
f 1329/1329/1329 1331/1331/1331 1330/1330/1330
f 1331/1331/1331 1333/1333/1333 1330/1330/1330
f 1331/1331/1331 1334/1334/1334 1333/1333/1333
f 1334/1334/1334 1337/1337/1337 1333/1333/1333
f 1334/1334/1334 1290/1290/1290 1337/1337/1337
f 1290/1290/1290 1338/1338/1338 1337/1337/1337
f 1290/1290/1290 1286/1286/1286 1338/1338/1338
f 1286/1286/1286 1339/1339/1339 1338/1338/1338
f 1286/1286/1286 1287/1287/1287 1339/1339/1339
f 1287/1287/1287 1340/1340/1340 1339/1339/1339
f 1287/1287/1287 1296/1296/1296 1340/1340/1340
f 1296/1296/1296 1341/1341/1341 1340/1340/1340
f 1296/1296/1296 1270/1270/1270 1341/1341/1341
f 1270/1270/1270 1258/1258/1258 1341/1341/1341
f 1270/1270/1270 1257/1257/1257 1258/1258/1258
f 1257/1257/1257 1259/1259/1259 1258/1258/1258
f 1257/1257/1257 1260/1260/1260 1259/1259/1259
f 1260/1260/1260 1261/1261/1261 1259/1259/1259
f 1260/1260/1260 1262/1262/1262 1261/1261/1261
f 1152/1152/1152 1151/1151/1151 1153/1153/1153
f 1152/1152/1152 1148/1148/1148 1151/1151/1151
f 1148/1148/1148 1149/1149/1149 1151/1151/1151
f 1148/1148/1148 1150/1150/1150 1149/1149/1149
f 1516/1516/1516 1515/1515/1515 1517/1517/1517
f 1516/1516/1516 1512/1512/1512 1515/1515/1515
f 1512/1512/1512 1513/1513/1513 1515/1515/1515
f 1512/1512/1512 1514/1514/1514 1513/1513/1513
f 1514/1514/1514 1520/1520/1520 1513/1513/1513
f 1514/1514/1514 1521/1521/1521 1520/1520/1520
f 1521/1521/1521 1544/1544/1544 1520/1520/1520
f 1521/1521/1521 1545/1545/1545 1544/1544/1544
f 1545/1545/1545 1492/1492/1492 1544/1544/1544
f 1545/1545/1545 1494/1494/1494 1492/1492/1492
f 1494/1494/1494 1481/1481/1481 1492/1492/1492
f 1494/1494/1494 1490/1490/1490 1481/1481/1481
f 1490/1490/1490 1479/1479/1479 1481/1481/1481
f 1490/1490/1490 1488/1488/1488 1479/1479/1479
f 1488/1488/1488 1477/1477/1477 1479/1479/1479
f 1488/1488/1488 1486/1486/1486 1477/1477/1477
f 1486/1486/1486 1478/1478/1478 1477/1477/1477
f 1486/1486/1486 1487/1487/1487 1478/1478/1478
f 1487/1487/1487 1480/1480/1480 1478/1478/1478
f 1487/1487/1487 1489/1489/1489 1480/1480/1480
f 1489/1489/1489 1485/1485/1485 1480/1480/1480
f 1489/1489/1489 1491/1491/1491 1485/1485/1485
f 1491/1491/1491 1497/1497/1497 1485/1485/1485
f 1491/1491/1491 1498/1498/1498 1497/1497/1497
f 1385/1385/1385 1375/1375/1375 1386/1386/1386
f 1385/1385/1385 1377/1377/1377 1375/1375/1375
f 1377/1377/1377 1365/1365/1365 1375/1375/1375
f 1377/1377/1377 1370/1370/1370 1365/1365/1365
f 1370/1370/1370 1363/1363/1363 1365/1365/1365
f 1370/1370/1370 1368/1368/1368 1363/1363/1363
f 1368/1368/1368 1361/1361/1361 1363/1363/1363
f 1368/1368/1368 1366/1366/1366 1361/1361/1361
f 1366/1366/1366 1362/1362/1362 1361/1361/1361
f 1366/1366/1366 1367/1367/1367 1362/1362/1362
f 1367/1367/1367 1364/1364/1364 1362/1362/1362
f 1367/1367/1367 1369/1369/1369 1364/1364/1364
f 1369/1369/1369 1372/1372/1372 1364/1364/1364
f 1369/1369/1369 1373/1373/1373 1372/1372/1372
f 1373/1373/1373 1380/1380/1380 1372/1372/1372
f 1373/1373/1373 1381/1381/1381 1380/1380/1380
f 1615/1615/1615 1608/1608/1608 1613/1613/1613
f 1615/1615/1615 1610/1610/1610 1608/1608/1608
f 1610/1610/1610 1602/1602/1602 1608/1608/1608
f 1610/1610/1610 1607/1607/1607 1602/1602/1602
f 1607/1607/1607 1600/1600/1600 1602/1602/1602
f 1607/1607/1607 1605/1605/1605 1600/1600/1600
f 1605/1605/1605 1598/1598/1598 1600/1600/1600
f 1605/1605/1605 1603/1603/1603 1598/1598/1598
f 1603/1603/1603 1599/1599/1599 1598/1598/1598
f 1603/1603/1603 1604/1604/1604 1599/1599/1599
f 1604/1604/1604 1601/1601/1601 1599/1599/1599
f 1604/1604/1604 1606/1606/1606 1601/1601/1601
f 1606/1606/1606 1570/1570/1570 1601/1601/1601
f 1606/1606/1606 1573/1573/1573 1570/1570/1570
f 1573/1573/1573 1568/1568/1568 1570/1570/1570
f 1573/1573/1573 1571/1571/1571 1568/1568/1568
f 1571/1571/1571 1569/1569/1569 1568/1568/1568
f 1571/1571/1571 1572/1572/1572 1569/1569/1569
f 1539/1539/1539 1534/1534/1534 1540/1540/1540
f 1539/1539/1539 1533/1533/1533 1534/1534/1534
f 1533/1533/1533 1527/1527/1527 1534/1534/1534
f 1533/1533/1533 1524/1524/1524 1527/1527/1527
f 1524/1524/1524 1525/1525/1525 1527/1527/1527
f 1524/1524/1524 1526/1526/1526 1525/1525/1525
f 1517/1517/1517 1519/1519/1519 1523/1523/1523
f 1517/1517/1517 1515/1515/1515 1519/1519/1519
f 1515/1515/1515 1518/1518/1518 1519/1519/1519
f 1515/1515/1515 1513/1513/1513 1518/1518/1518
f 1513/1513/1513 1522/1522/1522 1518/1518/1518
f 1513/1513/1513 1520/1520/1520 1522/1522/1522
f 1520/1520/1520 1502/1502/1502 1522/1522/1522
f 1520/1520/1520 1544/1544/1544 1502/1502/1502
f 1544/1544/1544 1493/1493/1493 1502/1502/1502
f 1544/1544/1544 1492/1492/1492 1493/1493/1493
f 1492/1492/1492 1476/1476/1476 1493/1493/1493
f 1492/1492/1492 1481/1481/1481 1476/1476/1476
f 1481/1481/1481 1474/1474/1474 1476/1476/1476
f 1481/1481/1481 1479/1479/1479 1474/1474/1474
f 1479/1479/1479 1472/1472/1472 1474/1474/1474
f 1479/1479/1479 1477/1477/1477 1472/1472/1472
f 1477/1477/1477 1473/1473/1473 1472/1472/1472
f 1477/1477/1477 1478/1478/1478 1473/1473/1473
f 1478/1478/1478 1475/1475/1475 1473/1473/1473
f 1478/1478/1478 1480/1480/1480 1475/1475/1475
f 1480/1480/1480 1484/1484/1484 1475/1475/1475
f 1480/1480/1480 1485/1485/1485 1484/1484/1484
f 1485/1485/1485 1496/1496/1496 1484/1484/1484
f 1485/1485/1485 1497/1497/1497 1496/1496/1496
f 1386/1386/1386 1376/1376/1376 1387/1387/1387
f 1386/1386/1386 1375/1375/1375 1376/1376/1376
f 1375/1375/1375 1360/1360/1360 1376/1376/1376
f 1375/1375/1375 1365/1365/1365 1360/1360/1360
f 1365/1365/1365 1356/1356/1356 1360/1360/1360
f 1365/1365/1365 1363/1363/1363 1356/1356/1356
f 1363/1363/1363 1354/1354/1354 1356/1356/1356
f 1363/1363/1363 1361/1361/1361 1354/1354/1354
f 1361/1361/1361 1355/1355/1355 1354/1354/1354
f 1361/1361/1361 1362/1362/1362 1355/1355/1355
f 1362/1362/1362 1357/1357/1357 1355/1355/1355
f 1362/1362/1362 1364/1364/1364 1357/1357/1357
f 1364/1364/1364 1371/1371/1371 1357/1357/1357
f 1364/1364/1364 1372/1372/1372 1371/1371/1371
f 1372/1372/1372 1382/1382/1382 1371/1371/1371
f 1372/1372/1372 1380/1380/1380 1382/1382/1382
f 1613/1613/1613 1609/1609/1609 1614/1614/1614
f 1613/1613/1613 1608/1608/1608 1609/1609/1609
f 1608/1608/1608 1597/1597/1597 1609/1609/1609
f 1608/1608/1608 1602/1602/1602 1597/1597/1597
f 1602/1602/1602 1595/1595/1595 1597/1597/1597
f 1602/1602/1602 1600/1600/1600 1595/1595/1595
f 1600/1600/1600 1593/1593/1593 1595/1595/1595
f 1600/1600/1600 1598/1598/1598 1593/1593/1593
f 1598/1598/1598 1594/1594/1594 1593/1593/1593
f 1598/1598/1598 1599/1599/1599 1594/1594/1594
f 1599/1599/1599 1596/1596/1596 1594/1594/1594
f 1599/1599/1599 1601/1601/1601 1596/1596/1596
f 1601/1601/1601 1567/1567/1567 1596/1596/1596
f 1601/1601/1601 1570/1570/1570 1567/1567/1567
f 1570/1570/1570 1565/1565/1565 1567/1567/1567
f 1570/1570/1570 1568/1568/1568 1565/1565/1565
f 1568/1568/1568 1566/1566/1566 1565/1565/1565
f 1568/1568/1568 1569/1569/1569 1566/1566/1566
f 1540/1540/1540 1535/1535/1535 1541/1541/1541
f 1540/1540/1540 1534/1534/1534 1535/1535/1535
f 1534/1534/1534 1531/1531/1531 1535/1535/1535
f 1534/1534/1534 1527/1527/1527 1531/1531/1531
f 1527/1527/1527 1530/1530/1530 1531/1531/1531
f 1527/1527/1527 1525/1525/1525 1530/1530/1530
f 1523/1523/1523 1529/1529/1529 1532/1532/1532
f 1523/1523/1523 1519/1519/1519 1529/1529/1529
f 1519/1519/1519 1528/1528/1528 1529/1529/1529
f 1519/1519/1519 1518/1518/1518 1528/1528/1528
f 1518/1518/1518 1542/1542/1542 1528/1528/1528
f 1518/1518/1518 1522/1522/1522 1542/1542/1542
f 1522/1522/1522 1503/1503/1503 1542/1542/1542
f 1522/1522/1522 1502/1502/1502 1503/1503/1503
f 1502/1502/1502 1495/1495/1495 1503/1503/1503
f 1502/1502/1502 1493/1493/1493 1495/1495/1495
f 1493/1493/1493 1471/1471/1471 1495/1495/1495
f 1493/1493/1493 1476/1476/1476 1471/1471/1471
f 1476/1476/1476 1468/1468/1468 1471/1471/1471
f 1476/1476/1476 1474/1474/1474 1468/1468/1468
f 1474/1474/1474 1466/1466/1466 1468/1468/1468
f 1474/1474/1474 1472/1472/1472 1466/1466/1466
f 1472/1472/1472 1467/1467/1467 1466/1466/1466
f 1472/1472/1472 1473/1473/1473 1467/1467/1467
f 1473/1473/1473 1469/1469/1469 1467/1467/1467
f 1473/1473/1473 1475/1475/1475 1469/1469/1469
f 1475/1475/1475 1483/1483/1483 1469/1469/1469
f 1475/1475/1475 1484/1484/1484 1483/1483/1483
f 1484/1484/1484 1499/1499/1499 1483/1483/1483
f 1484/1484/1484 1496/1496/1496 1499/1499/1499
f 1387/1387/1387 1378/1378/1378 1389/1389/1389
f 1387/1387/1387 1376/1376/1376 1378/1378/1378
f 1376/1376/1376 1358/1358/1358 1378/1378/1378
f 1376/1376/1376 1360/1360/1360 1358/1358/1358
f 1360/1360/1360 1350/1350/1350 1358/1358/1358
f 1360/1360/1360 1356/1356/1356 1350/1350/1350
f 1356/1356/1356 1348/1348/1348 1350/1350/1350
f 1356/1356/1356 1354/1354/1354 1348/1348/1348
f 1354/1354/1354 1349/1349/1349 1348/1348/1348
f 1354/1354/1354 1355/1355/1355 1349/1349/1349
f 1355/1355/1355 1352/1352/1352 1349/1349/1349
f 1355/1355/1355 1357/1357/1357 1352/1352/1352
f 1357/1357/1357 1374/1374/1374 1352/1352/1352
f 1357/1357/1357 1371/1371/1371 1374/1374/1374
f 1371/1371/1371 1383/1383/1383 1374/1374/1374
f 1371/1371/1371 1382/1382/1382 1383/1383/1383
f 1614/1614/1614 1611/1611/1611 1616/1616/1616
f 1614/1614/1614 1609/1609/1609 1611/1611/1611
f 1609/1609/1609 1592/1592/1592 1611/1611/1611
f 1609/1609/1609 1597/1597/1597 1592/1592/1592
f 1597/1597/1597 1588/1588/1588 1592/1592/1592
f 1597/1597/1597 1595/1595/1595 1588/1588/1588
f 1595/1595/1595 1586/1586/1586 1588/1588/1588
f 1595/1595/1595 1593/1593/1593 1586/1586/1586
f 1593/1593/1593 1587/1587/1587 1586/1586/1586
f 1593/1593/1593 1594/1594/1594 1587/1587/1587
f 1594/1594/1594 1589/1589/1589 1587/1587/1587
f 1594/1594/1594 1596/1596/1596 1589/1589/1589
f 1596/1596/1596 1564/1564/1564 1589/1589/1589
f 1596/1596/1596 1567/1567/1567 1564/1564/1564
f 1567/1567/1567 1561/1561/1561 1564/1564/1564
f 1567/1567/1567 1565/1565/1565 1561/1561/1561
f 1565/1565/1565 1562/1562/1562 1561/1561/1561
f 1565/1565/1565 1566/1566/1566 1562/1562/1562
f 1541/1541/1541 1538/1538/1538 1543/1543/1543
f 1541/1541/1541 1535/1535/1535 1538/1538/1538
f 1535/1535/1535 1537/1537/1537 1538/1538/1538
f 1535/1535/1535 1531/1531/1531 1537/1537/1537
f 1531/1531/1531 1536/1536/1536 1537/1537/1537
f 1531/1531/1531 1530/1530/1530 1536/1536/1536
f 1532/1532/1532 1453/1453/1453 1452/1452/1452
f 1532/1532/1532 1529/1529/1529 1453/1453/1453
f 1529/1529/1529 1425/1425/1425 1453/1453/1453
f 1529/1529/1529 1528/1528/1528 1425/1425/1425
f 1528/1528/1528 1426/1426/1426 1425/1425/1425
f 1528/1528/1528 1542/1542/1542 1426/1426/1426
f 1542/1542/1542 1427/1427/1427 1426/1426/1426
f 1542/1542/1542 1503/1503/1503 1427/1427/1427
f 1503/1503/1503 1430/1430/1430 1427/1427/1427
f 1503/1503/1503 1495/1495/1495 1430/1430/1430
f 1495/1495/1495 1470/1470/1470 1430/1430/1430
f 1495/1495/1495 1471/1471/1471 1470/1470/1470
f 1471/1471/1471 1462/1462/1462 1470/1470/1470
f 1471/1471/1471 1468/1468/1468 1462/1462/1462
f 1468/1468/1468 1460/1460/1460 1462/1462/1462
f 1468/1468/1468 1466/1466/1466 1460/1460/1460
f 1466/1466/1466 1461/1461/1461 1460/1460/1460
f 1466/1466/1466 1467/1467/1467 1461/1461/1461
f 1467/1467/1467 1464/1464/1464 1461/1461/1461
f 1467/1467/1467 1469/1469/1469 1464/1464/1464
f 1469/1469/1469 1482/1482/1482 1464/1464/1464
f 1469/1469/1469 1483/1483/1483 1482/1482/1482
f 1483/1483/1483 1501/1501/1501 1482/1482/1482
f 1483/1483/1483 1499/1499/1499 1501/1501/1501
f 1389/1389/1389 1384/1384/1384 1393/1393/1393
f 1389/1389/1389 1378/1378/1378 1384/1384/1384
f 1378/1378/1378 1359/1359/1359 1384/1384/1384
f 1378/1378/1378 1358/1358/1358 1359/1359/1359
f 1358/1358/1358 1342/1342/1342 1359/1359/1359
f 1358/1358/1358 1350/1350/1350 1342/1342/1342
f 1350/1350/1350 1345/1345/1345 1342/1342/1342
f 1350/1350/1350 1348/1348/1348 1345/1345/1345
f 1348/1348/1348 1347/1347/1347 1345/1345/1345
f 1348/1348/1348 1349/1349/1349 1347/1347/1347
f 1349/1349/1349 1351/1351/1351 1347/1347/1347
f 1349/1349/1349 1352/1352/1352 1351/1351/1351
f 1352/1352/1352 1379/1379/1379 1351/1351/1351
f 1352/1352/1352 1374/1374/1374 1379/1379/1379
f 1374/1374/1374 1390/1390/1390 1379/1379/1379
f 1374/1374/1374 1383/1383/1383 1390/1390/1390
f 1616/1616/1616 1612/1612/1612 1617/1617/1617
f 1616/1616/1616 1611/1611/1611 1612/1612/1612
f 1611/1611/1611 1590/1590/1590 1612/1612/1612
f 1611/1611/1611 1592/1592/1592 1590/1590/1590
f 1592/1592/1592 1582/1582/1582 1590/1590/1590
f 1592/1592/1592 1588/1588/1588 1582/1582/1582
f 1588/1588/1588 1580/1580/1580 1582/1582/1582
f 1588/1588/1588 1586/1586/1586 1580/1580/1580
f 1586/1586/1586 1581/1581/1581 1580/1580/1580
f 1586/1586/1586 1587/1587/1587 1581/1581/1581
f 1587/1587/1587 1584/1584/1584 1581/1581/1581
f 1587/1587/1587 1589/1589/1589 1584/1584/1584
f 1589/1589/1589 1560/1560/1560 1584/1584/1584
f 1589/1589/1589 1564/1564/1564 1560/1560/1560
f 1564/1564/1564 1557/1557/1557 1560/1560/1560
f 1564/1564/1564 1561/1561/1561 1557/1557/1557
f 1561/1561/1561 1555/1555/1555 1557/1557/1557
f 1561/1561/1561 1562/1562/1562 1555/1555/1555
f 1562/1562/1562 1556/1556/1556 1555/1555/1555
f 1562/1562/1562 1563/1563/1563 1556/1556/1556
f 1538/1538/1538 1450/1450/1450 1454/1454/1454
f 1538/1538/1538 1537/1537/1537 1450/1450/1450
f 1537/1537/1537 1451/1451/1451 1450/1450/1450
f 1537/1537/1537 1536/1536/1536 1451/1451/1451
f 1452/1452/1452 1448/1448/1448 1446/1446/1446
f 1452/1452/1452 1453/1453/1453 1448/1448/1448
f 1453/1453/1453 1420/1420/1420 1448/1448/1448
f 1453/1453/1453 1425/1425/1425 1420/1420/1420
f 1425/1425/1425 1421/1421/1421 1420/1420/1420
f 1425/1425/1425 1426/1426/1426 1421/1421/1421
f 1426/1426/1426 1422/1422/1422 1421/1421/1421
f 1426/1426/1426 1427/1427/1427 1422/1422/1422
f 1427/1427/1427 1429/1429/1429 1422/1422/1422
f 1427/1427/1427 1430/1430/1430 1429/1429/1429
f 1430/1430/1430 1433/1433/1433 1429/1429/1429
f 1430/1430/1430 1470/1470/1470 1433/1433/1433
f 1470/1470/1470 1455/1455/1455 1433/1433/1433
f 1470/1470/1470 1462/1462/1462 1455/1455/1455
f 1462/1462/1462 1457/1457/1457 1455/1455/1455
f 1462/1462/1462 1460/1460/1460 1457/1457/1457
f 1460/1460/1460 1459/1459/1459 1457/1457/1457
f 1460/1460/1460 1461/1461/1461 1459/1459/1459
f 1461/1461/1461 1463/1463/1463 1459/1459/1459
f 1461/1461/1461 1464/1464/1464 1463/1463/1463
f 1464/1464/1464 1500/1500/1500 1463/1463/1463
f 1464/1464/1464 1482/1482/1482 1500/1500/1500
f 1482/1482/1482 1504/1504/1504 1500/1500/1500
f 1482/1482/1482 1501/1501/1501 1504/1504/1504
f 1393/1393/1393 1392/1392/1392 1400/1400/1400
f 1393/1393/1393 1384/1384/1384 1392/1392/1392
f 1384/1384/1384 1388/1388/1388 1392/1392/1392
f 1384/1384/1384 1359/1359/1359 1388/1388/1388
f 1359/1359/1359 1343/1343/1343 1388/1388/1388
f 1359/1359/1359 1342/1342/1342 1343/1343/1343
f 1342/1342/1342 1344/1344/1344 1343/1343/1343
f 1342/1342/1342 1345/1345/1345 1344/1344/1344
f 1345/1345/1345 1346/1346/1346 1344/1344/1344
f 1345/1345/1345 1347/1347/1347 1346/1346/1346
f 1347/1347/1347 1353/1353/1353 1346/1346/1346
f 1347/1347/1347 1351/1351/1351 1353/1353/1353
f 1351/1351/1351 1391/1391/1391 1353/1353/1353
f 1351/1351/1351 1379/1379/1379 1391/1391/1391
f 1379/1379/1379 1398/1398/1398 1391/1391/1391
f 1379/1379/1379 1390/1390/1390 1398/1398/1398
f 1617/1617/1617 1624/1624/1624 1625/1625/1625
f 1617/1617/1617 1612/1612/1612 1624/1624/1624
f 1612/1612/1612 1591/1591/1591 1624/1624/1624
f 1612/1612/1612 1590/1590/1590 1591/1591/1591
f 1590/1590/1590 1578/1578/1578 1591/1591/1591
f 1590/1590/1590 1582/1582/1582 1578/1578/1578
f 1582/1582/1582 1574/1574/1574 1578/1578/1578
f 1582/1582/1582 1580/1580/1580 1574/1574/1574
f 1580/1580/1580 1577/1577/1577 1574/1574/1574
f 1580/1580/1580 1581/1581/1581 1577/1577/1577
f 1581/1581/1581 1583/1583/1583 1577/1577/1577
f 1581/1581/1581 1584/1584/1584 1583/1583/1583
f 1584/1584/1584 1558/1558/1558 1583/1583/1583
f 1584/1584/1584 1560/1560/1560 1558/1558/1558
f 1560/1560/1560 1554/1554/1554 1558/1558/1558
f 1560/1560/1560 1557/1557/1557 1554/1554/1554
f 1557/1557/1557 1552/1552/1552 1554/1554/1554
f 1557/1557/1557 1555/1555/1555 1552/1552/1552
f 1555/1555/1555 1553/1553/1553 1552/1552/1552
f 1555/1555/1555 1556/1556/1556 1553/1553/1553
f 1454/1454/1454 1443/1443/1443 1445/1445/1445
f 1454/1454/1454 1450/1450/1450 1443/1443/1443
f 1450/1450/1450 1444/1444/1444 1443/1443/1443
f 1450/1450/1450 1451/1451/1451 1444/1444/1444
f 1446/1446/1446 1423/1423/1423 1447/1447/1447
f 1446/1446/1446 1448/1448/1448 1423/1423/1423
f 1448/1448/1448 1418/1418/1418 1423/1423/1423
f 1448/1448/1448 1420/1420/1420 1418/1418/1418
f 1420/1420/1420 1414/1414/1414 1418/1418/1418
f 1420/1420/1420 1421/1421/1421 1414/1414/1414
f 1421/1421/1421 1416/1416/1416 1414/1414/1414
f 1421/1421/1421 1422/1422/1422 1416/1416/1416
f 1422/1422/1422 1428/1428/1428 1416/1416/1416
f 1422/1422/1422 1429/1429/1429 1428/1428/1428
f 1429/1429/1429 1432/1432/1432 1428/1428/1428
f 1429/1429/1429 1433/1433/1433 1432/1432/1432
f 1433/1433/1433 1436/1436/1436 1432/1432/1432
f 1433/1433/1433 1455/1455/1455 1436/1436/1436
f 1455/1455/1455 1456/1456/1456 1436/1436/1436
f 1455/1455/1455 1457/1457/1457 1456/1456/1456
f 1457/1457/1457 1458/1458/1458 1456/1456/1456
f 1457/1457/1457 1459/1459/1459 1458/1458/1458
f 1459/1459/1459 1465/1465/1465 1458/1458/1458
f 1459/1459/1459 1463/1463/1463 1465/1465/1465
f 1463/1463/1463 1505/1505/1505 1465/1465/1465
f 1463/1463/1463 1500/1500/1500 1505/1505/1505
f 1500/1500/1500 1506/1506/1506 1505/1505/1505
f 1500/1500/1500 1504/1504/1504 1506/1506/1506
f 1400/1400/1400 1402/1402/1402 1404/1404/1404
f 1400/1400/1400 1392/1392/1392 1402/1402/1402
f 1392/1392/1392 1399/1399/1399 1402/1402/1402
f 1392/1392/1392 1388/1388/1388 1399/1399/1399
f 1388/1388/1388 1396/1396/1396 1399/1399/1399
f 1388/1388/1388 1343/1343/1343 1396/1396/1396
f 1343/1343/1343 1395/1395/1395 1396/1396/1396
f 1343/1343/1343 1344/1344/1344 1395/1395/1395
f 1344/1344/1344 1394/1394/1394 1395/1395/1395
f 1344/1344/1344 1346/1346/1346 1394/1394/1394
f 1346/1346/1346 1397/1397/1397 1394/1394/1394
f 1346/1346/1346 1353/1353/1353 1397/1397/1397
f 1353/1353/1353 1401/1401/1401 1397/1397/1397
f 1353/1353/1353 1391/1391/1391 1401/1401/1401
f 1391/1391/1391 1403/1403/1403 1401/1401/1401
f 1391/1391/1391 1398/1398/1398 1403/1403/1403
f 1625/1625/1625 1620/1620/1620 1618/1618/1618
f 1625/1625/1625 1624/1624/1624 1620/1620/1620
f 1624/1624/1624 1623/1623/1623 1620/1620/1620
f 1624/1624/1624 1591/1591/1591 1623/1623/1623
f 1591/1591/1591 1579/1579/1579 1623/1623/1623
f 1591/1591/1591 1578/1578/1578 1579/1579/1579
f 1578/1578/1578 1575/1575/1575 1579/1579/1579
f 1578/1578/1578 1574/1574/1574 1575/1575/1575
f 1574/1574/1574 1576/1576/1576 1575/1575/1575
f 1574/1574/1574 1577/1577/1577 1576/1576/1576
f 1577/1577/1577 1585/1585/1585 1576/1576/1576
f 1577/1577/1577 1583/1583/1583 1585/1585/1585
f 1583/1583/1583 1559/1559/1559 1585/1585/1585
f 1583/1583/1583 1558/1558/1558 1559/1559/1559
f 1558/1558/1558 1546/1546/1546 1559/1559/1559
f 1558/1558/1558 1554/1554/1554 1546/1546/1546
f 1554/1554/1554 1549/1549/1549 1546/1546/1546
f 1554/1554/1554 1552/1552/1552 1549/1549/1549
f 1552/1552/1552 1551/1551/1551 1549/1549/1549
f 1552/1552/1552 1553/1553/1553 1551/1551/1551
f 1445/1445/1445 1437/1437/1437 1441/1441/1441
f 1445/1445/1445 1443/1443/1443 1437/1437/1437
f 1443/1443/1443 1439/1439/1439 1437/1437/1437
f 1443/1443/1443 1444/1444/1444 1439/1439/1439
f 1447/1447/1447 1424/1424/1424 1449/1449/1449
f 1447/1447/1447 1423/1423/1423 1424/1424/1424
f 1423/1423/1423 1419/1419/1419 1424/1424/1424
f 1423/1423/1423 1418/1418/1418 1419/1419/1419
f 1418/1418/1418 1417/1417/1417 1419/1419/1419
f 1418/1418/1418 1414/1414/1414 1417/1417/1417
f 1414/1414/1414 1415/1415/1415 1417/1417/1417
f 1414/1414/1414 1416/1416/1416 1415/1415/1415
f 1416/1416/1416 1431/1431/1431 1415/1415/1415
f 1416/1416/1416 1428/1428/1428 1431/1431/1431
f 1428/1428/1428 1434/1434/1434 1431/1431/1431
f 1428/1428/1428 1432/1432/1432 1434/1434/1434
f 1432/1432/1432 1435/1435/1435 1434/1434/1434
f 1432/1432/1432 1436/1436/1436 1435/1435/1435
f 1436/1436/1436 1508/1508/1508 1435/1435/1435
f 1436/1436/1436 1456/1456/1456 1508/1508/1508
f 1456/1456/1456 1507/1507/1507 1508/1508/1508
f 1456/1456/1456 1458/1458/1458 1507/1507/1507
f 1458/1458/1458 1509/1509/1509 1507/1507/1507
f 1458/1458/1458 1465/1465/1465 1509/1509/1509
f 1465/1465/1465 1510/1510/1510 1509/1509/1509
f 1465/1465/1465 1505/1505/1505 1510/1510/1510
f 1505/1505/1505 1511/1511/1511 1510/1510/1510
f 1505/1505/1505 1506/1506/1506 1511/1511/1511
f 1404/1404/1404 1411/1411/1411 1413/1413/1413
f 1404/1404/1404 1402/1402/1402 1411/1411/1411
f 1402/1402/1402 1409/1409/1409 1411/1411/1411
f 1402/1402/1402 1399/1399/1399 1409/1409/1409
f 1399/1399/1399 1407/1407/1407 1409/1409/1409
f 1399/1399/1399 1396/1396/1396 1407/1407/1407
f 1396/1396/1396 1406/1406/1406 1407/1407/1407
f 1396/1396/1396 1395/1395/1395 1406/1406/1406
f 1395/1395/1395 1405/1405/1405 1406/1406/1406
f 1395/1395/1395 1394/1394/1394 1405/1405/1405
f 1394/1394/1394 1408/1408/1408 1405/1405/1405
f 1394/1394/1394 1397/1397/1397 1408/1408/1408
f 1397/1397/1397 1410/1410/1410 1408/1408/1408
f 1397/1397/1397 1401/1401/1401 1410/1410/1410
f 1401/1401/1401 1412/1412/1412 1410/1410/1410
f 1401/1401/1401 1403/1403/1403 1412/1412/1412
f 1618/1618/1618 1619/1619/1619 1621/1621/1621
f 1618/1618/1618 1620/1620/1620 1619/1619/1619
f 1620/1620/1620 1622/1622/1622 1619/1619/1619
f 1620/1620/1620 1623/1623/1623 1622/1622/1622
f 1623/1623/1623 1626/1626/1626 1622/1622/1622
f 1623/1623/1623 1579/1579/1579 1626/1626/1626
f 1579/1579/1579 1627/1627/1627 1626/1626/1626
f 1579/1579/1579 1575/1575/1575 1627/1627/1627
f 1575/1575/1575 1628/1628/1628 1627/1627/1627
f 1575/1575/1575 1576/1576/1576 1628/1628/1628
f 1576/1576/1576 1629/1629/1629 1628/1628/1628
f 1576/1576/1576 1585/1585/1585 1629/1629/1629
f 1585/1585/1585 1630/1630/1630 1629/1629/1629
f 1585/1585/1585 1559/1559/1559 1630/1630/1630
f 1559/1559/1559 1547/1547/1547 1630/1630/1630
f 1559/1559/1559 1546/1546/1546 1547/1547/1547
f 1546/1546/1546 1548/1548/1548 1547/1547/1547
f 1546/1546/1546 1549/1549/1549 1548/1548/1548
f 1549/1549/1549 1550/1550/1550 1548/1548/1548
f 1549/1549/1549 1551/1551/1551 1550/1550/1550
f 1441/1441/1441 1440/1440/1440 1442/1442/1442
f 1441/1441/1441 1437/1437/1437 1440/1440/1440
f 1437/1437/1437 1438/1438/1438 1440/1440/1440
f 1437/1437/1437 1439/1439/1439 1438/1438/1438
f 705/705/705 706/706/706 708/708/708
f 705/705/705 707/707/707 706/706/706
f 707/707/707 721/721/721 706/706/706
f 707/707/707 722/722/722 721/721/721
f 213/213/213 102/102/102 214/214/214
f 213/213/213 98/98/98 102/102/102
f 98/98/98 94/94/94 102/102/102
f 98/98/98 93/93/93 94/94/94
f 93/93/93 95/95/95 94/94/94
f 93/93/93 96/96/96 95/95/95
f 96/96/96 160/160/160 95/95/95
f 96/96/96 161/161/161 160/160/160
f 879/879/879 866/866/866 880/880/880
f 879/879/879 865/865/865 866/866/866
f 865/865/865 850/850/850 866/866/866
f 865/865/865 849/849/849 850/850/850
f 849/849/849 851/851/851 850/850/850
f 849/849/849 852/852/852 851/851/851
f 852/852/852 893/893/893 851/851/851
f 852/852/852 894/894/894 893/893/893
f 380/380/380 311/311/311 381/381/381
f 380/380/380 310/310/310 311/311/311
f 310/310/310 312/312/312 311/311/311
f 310/310/310 313/313/313 312/312/312
f 313/313/313 318/318/318 312/312/312
f 313/313/313 319/319/319 318/318/318
f 319/319/319 433/433/433 318/318/318
f 319/319/319 434/434/434 433/433/433
f 761/761/761 738/738/738 762/762/762
f 761/761/761 735/735/735 738/738/738
f 735/735/735 736/736/736 738/738/738
f 735/735/735 737/737/737 736/736/736
f 531/531/531 532/532/532 534/534/534
f 531/531/531 533/533/533 532/532/532
f 533/533/533 549/549/549 532/532/532
f 533/533/533 550/550/550 549/549/549
f 211/211/211 68/68/68 203/203/203
f 211/211/211 67/67/67 68/68/68
f 67/67/67 57/57/57 68/68/68
f 67/67/67 56/56/56 57/57/57
f 56/56/56 58/58/58 57/57/57
f 56/56/56 59/59/59 58/58/58
f 59/59/59 158/158/158 58/58/58
f 59/59/59 159/159/159 158/158/158
f 617/617/617 600/600/600 618/618/618
f 617/617/617 599/599/599 600/600/600
f 599/599/599 594/594/594 600/600/600
f 599/599/599 591/591/591 594/594/594
f 591/591/591 592/592/592 594/594/594
f 591/591/591 593/593/593 592/592/592
f 593/593/593 633/633/633 592/592/592
f 593/593/593 634/634/634 633/633/633
f 357/357/357 338/338/338 356/356/356
f 357/357/357 341/341/341 338/338/338
f 341/341/341 339/339/339 338/338/338
f 341/341/341 342/342/342 339/339/339
f 342/342/342 340/340/340 339/339/339
f 342/342/342 352/352/352 340/340/340
f 352/352/352 419/419/419 340/340/340
f 352/352/352 427/427/427 419/419/419
f 571/571/571 520/520/520 572/572/572
f 571/571/571 517/517/517 520/520/520
f 517/517/517 518/518/518 520/520/520
f 517/517/517 519/519/519 518/518/518
f 534/534/534 539/539/539 540/540/540
f 534/534/534 532/532/532 539/539/539
f 532/532/532 553/553/553 539/539/539
f 532/532/532 549/549/549 553/553/553
f 203/203/203 81/81/81 191/191/191
f 203/203/203 68/68/68 81/81/81
f 68/68/68 71/71/71 81/81/81
f 68/68/68 57/57/57 71/71/71
f 57/57/57 70/70/70 71/71/71
f 57/57/57 58/58/58 70/70/70
f 58/58/58 157/157/157 70/70/70
f 58/58/58 158/158/158 157/157/157
f 618/618/618 604/604/604 621/621/621
f 618/618/618 600/600/600 604/604/604
f 600/600/600 596/596/596 604/604/604
f 600/600/600 594/594/594 596/596/596
f 594/594/594 595/595/595 596/596/596
f 594/594/594 592/592/592 595/595/595
f 592/592/592 636/636/636 595/595/595
f 592/592/592 633/633/633 636/636/636
f 356/356/356 335/335/335 355/355/355
f 356/356/356 338/338/338 335/335/335
f 338/338/338 336/336/336 335/335/335
f 338/338/338 339/339/339 336/336/336
f 339/339/339 337/337/337 336/336/336
f 339/339/339 340/340/340 337/337/337
f 340/340/340 416/416/416 337/337/337
f 340/340/340 419/419/419 416/416/416
f 572/572/572 526/526/526 574/574/574
f 572/572/572 520/520/520 526/526/526
f 520/520/520 525/525/525 526/526/526
f 520/520/520 518/518/518 525/525/525
f 540/540/540 545/545/545 546/546/546
f 540/540/540 539/539/539 545/545/545
f 539/539/539 556/556/556 545/545/545
f 539/539/539 553/553/553 556/556/556
f 191/191/191 80/80/80 181/181/181
f 191/191/191 81/81/81 80/80/80
f 81/81/81 73/73/73 80/80/80
f 81/81/81 71/71/71 73/73/73
f 71/71/71 72/72/72 73/73/73
f 71/71/71 70/70/70 72/72/72
f 70/70/70 156/156/156 72/72/72
f 70/70/70 157/157/157 156/156/156
f 621/621/621 610/610/610 624/624/624
f 621/621/621 604/604/604 610/610/610
f 604/604/604 609/609/609 610/610/610
f 604/604/604 596/596/596 609/609/609
f 596/596/596 611/611/611 609/609/609
f 596/596/596 595/595/595 611/611/611
f 595/595/595 637/637/637 611/611/611
f 595/595/595 636/636/636 637/637/637
f 355/355/355 331/331/331 353/353/353
f 355/355/355 335/335/335 331/331/331
f 335/335/335 332/332/332 331/331/331
f 335/335/335 336/336/336 332/332/332
f 336/336/336 333/333/333 332/332/332
f 336/336/336 337/337/337 333/333/333
f 337/337/337 394/394/394 333/333/333
f 337/337/337 416/416/416 394/394/394
f 574/574/574 560/560/560 576/576/576
f 574/574/574 526/526/526 560/560/560
f 526/526/526 559/559/559 560/560/560
f 526/526/526 525/525/525 559/559/559
f 546/546/546 563/563/563 564/564/564
f 546/546/546 545/545/545 563/563/563
f 545/545/545 566/566/566 563/563/563
f 545/545/545 556/556/556 566/566/566
f 181/181/181 78/78/78 179/179/179
f 181/181/181 80/80/80 78/78/78
f 80/80/80 75/75/75 78/78/78
f 80/80/80 73/73/73 75/75/75
f 73/73/73 74/74/74 75/75/75
f 73/73/73 72/72/72 74/74/74
f 72/72/72 152/152/152 74/74/74
f 72/72/72 156/156/156 152/152/152
f 624/624/624 628/628/628 644/644/644
f 624/624/624 610/610/610 628/628/628
f 610/610/610 627/627/627 628/628/628
f 610/610/610 609/609/609 627/627/627
f 609/609/609 639/639/639 627/627/627
f 609/609/609 611/611/611 639/639/639
f 611/611/611 643/643/643 639/639/639
f 611/611/611 637/637/637 643/643/643
f 353/353/353 327/327/327 354/354/354
f 353/353/353 331/331/331 327/327/327
f 331/331/331 328/328/328 327/327/327
f 331/331/331 332/332/332 328/328/328
f 332/332/332 330/330/330 328/328/328
f 332/332/332 333/333/333 330/330/330
f 333/333/333 393/393/393 330/330/330
f 333/333/333 394/394/394 393/393/393
f 576/576/576 580/580/580 582/582/582
f 576/576/576 560/560/560 580/580/580
f 560/560/560 579/579/579 580/580/580
f 560/560/560 559/559/559 579/579/579
f 755/755/755 733/733/733 732/732/732
f 755/755/755 756/756/756 733/733/733
f 756/756/756 734/734/734 733/733/733
f 756/756/756 759/759/759 734/734/734
f 179/179/179 79/79/79 180/180/180
f 179/179/179 78/78/78 79/79/79
f 78/78/78 77/77/77 79/79/79
f 78/78/78 75/75/75 77/77/77
f 75/75/75 76/76/76 77/77/77
f 75/75/75 74/74/74 76/76/76
f 74/74/74 151/151/151 76/76/76
f 74/74/74 152/152/152 151/151/151
f 906/906/906 876/876/876 887/887/887
f 906/906/906 889/889/889 876/876/876
f 889/889/889 877/877/877 876/876/876
f 889/889/889 890/890/890 877/877/877
f 890/890/890 878/878/878 877/877/877
f 890/890/890 904/904/904 878/878/878
f 904/904/904 902/902/902 878/878/878
f 904/904/904 905/905/905 902/902/902
f 354/354/354 325/325/325 358/358/358
f 354/354/354 327/327/327 325/325/325
f 327/327/327 326/326/326 325/325/325
f 327/327/327 328/328/328 326/326/326
f 328/328/328 329/329/329 326/326/326
f 328/328/328 330/330/330 329/329/329
f 330/330/330 395/395/395 329/329/329
f 330/330/330 393/393/393 395/395/395
f 775/775/775 751/751/751 769/769/769
f 775/775/775 771/771/771 751/751/751
f 771/771/771 752/752/752 751/751/751
f 771/771/771 772/772/772 752/752/752
f 732/732/732 718/718/718 717/717/717
f 732/732/732 733/733/733 718/718/718
f 733/733/733 728/728/728 718/718/718
f 733/733/733 734/734/734 728/728/728
f 180/180/180 84/84/84 192/192/192
f 180/180/180 79/79/79 84/84/84
f 79/79/79 83/83/83 84/84/84
f 79/79/79 77/77/77 83/83/83
f 77/77/77 82/82/82 83/83/83
f 77/77/77 76/76/76 82/82/82
f 76/76/76 153/153/153 82/82/82
f 76/76/76 151/151/151 153/153/153
f 887/887/887 871/871/871 886/886/886
f 887/887/887 876/876/876 871/871/871
f 876/876/876 863/863/863 871/871/871
f 876/876/876 877/877/877 863/863/863
f 877/877/877 864/864/864 863/863/863
f 877/877/877 878/878/878 864/864/864
f 878/878/878 899/899/899 864/864/864
f 878/878/878 902/902/902 899/899/899
f 358/358/358 323/323/323 359/359/359
f 358/358/358 325/325/325 323/323/323
f 325/325/325 324/324/324 323/323/323
f 325/325/325 326/326/326 324/324/324
f 326/326/326 334/334/334 324/324/324
f 326/326/326 329/329/329 334/334/334
f 329/329/329 413/413/413 334/334/334
f 329/329/329 395/395/395 413/413/413
f 769/769/769 747/747/747 767/767/767
f 769/769/769 751/751/751 747/747/747
f 751/751/751 748/748/748 747/747/747
f 751/751/751 752/752/752 748/748/748
f 717/717/717 716/716/716 713/713/713
f 717/717/717 718/718/718 716/716/716
f 718/718/718 726/726/726 716/716/716
f 718/718/718 728/728/728 726/726/726
f 192/192/192 87/87/87 201/201/201
f 192/192/192 84/84/84 87/87/87
f 84/84/84 86/86/86 87/87/87
f 84/84/84 83/83/83 86/86/86
f 83/83/83 85/85/85 86/86/86
f 83/83/83 82/82/82 85/85/85
f 82/82/82 154/154/154 85/85/85
f 82/82/82 153/153/153 154/154/154
f 886/886/886 869/869/869 883/883/883
f 886/886/886 871/871/871 869/869/869
f 871/871/871 853/853/853 869/869/869
f 871/871/871 863/863/863 853/853/853
f 863/863/863 856/856/856 853/853/853
f 863/863/863 864/864/864 856/856/856
f 864/864/864 896/896/896 856/856/856
f 864/864/864 899/899/899 896/896/896
f 359/359/359 314/314/314 360/360/360
f 359/359/359 323/323/323 314/314/314
f 323/323/323 317/317/317 314/314/314
f 323/323/323 324/324/324 317/317/317
f 324/324/324 321/321/321 317/317/317
f 324/324/324 334/334/334 321/321/321
f 334/334/334 420/420/420 321/321/321
f 334/334/334 413/413/413 420/420/420
f 767/767/767 739/739/739 763/763/763
f 767/767/767 747/747/747 739/739/739
f 747/747/747 742/742/742 739/739/739
f 747/747/747 748/748/748 742/742/742
f 713/713/713 715/715/715 714/714/714
f 713/713/713 716/716/716 715/715/715
f 716/716/716 725/725/725 715/715/715
f 716/716/716 726/726/726 725/725/725
f 201/201/201 99/99/99 215/215/215
f 201/201/201 87/87/87 99/99/99
f 87/87/87 97/97/97 99/99/99
f 87/87/87 86/86/86 97/97/97
f 86/86/86 88/88/88 97/97/97
f 86/86/86 85/85/85 88/88/88
f 85/85/85 155/155/155 88/88/88
f 85/85/85 154/154/154 155/155/155
f 883/883/883 870/870/870 884/884/884
f 883/883/883 869/869/869 870/870/870
f 869/869/869 854/854/854 870/870/870
f 869/869/869 853/853/853 854/854/854
f 853/853/853 855/855/855 854/854/854
f 853/853/853 856/856/856 855/855/855
f 856/856/856 895/895/895 855/855/855
f 856/856/856 896/896/896 895/895/895
f 360/360/360 315/315/315 361/361/361
f 360/360/360 314/314/314 315/315/315
f 314/314/314 316/316/316 315/315/315
f 314/314/314 317/317/317 316/316/316
f 317/317/317 320/320/320 316/316/316
f 317/317/317 321/321/321 320/320/320
f 321/321/321 436/436/436 320/320/320
f 321/321/321 420/420/420 436/436/436
f 763/763/763 740/740/740 764/764/764
f 763/763/763 739/739/739 740/740/740
f 739/739/739 741/741/741 740/740/740
f 739/739/739 742/742/742 741/741/741
