# Generated by makebsp -bsp2obj
# Source: C:/Users/German/Documents/My Games/Warfork 2.1/basewf/models/mapobjects/handrails/sources/m_handrail_smallcorner
# Axis swap: Q3 Z-up -> OBJ Y-up (X=X, Y=Z, Z=-Y)
o m_handrail_smallcorner
mtllib m_handrail_smallcorner.mtl
g mat0m0s10
usemtl textures/metal_vertex/vertex_aluminium
v -46.214851 64.000000 -42.535156
vt 0.000000 1.964844
vn 0.000000 1.000000 -0.000000
v -42.734383 64.000000 -37.765625
vt 0.000000 2.039062
vn 0.000000 1.000000 -0.000000
v -44.149422 63.750000 -36.569336
vt 0.015625 2.039062
vn -0.237209 0.953778 0.184496
v -40.361580 63.750000 -31.997803
vt 0.015625 2.113281
vn -0.224643 0.954054 0.198282
v -38.996101 64.000000 -33.253906
vt 0.000000 2.113281
vn 0.000000 1.000000 -0.000000
v -36.312508 63.750000 -27.687500
vt 0.015625 2.187500
vn -0.212000 0.953998 0.212000
v -35.000008 64.000000 -29.000000
vt 0.000000 2.187500
vn 0.000000 1.000000 -0.000000
v -32.002205 63.750000 -23.638428
vt 0.015625 2.261719
vn -0.198282 0.954054 0.224643
v -30.746101 64.000000 -25.003906
vt 0.000000 2.261719
vn 0.000000 1.000000 -0.000000
v -27.430674 63.750000 -19.850586
vt 0.015625 2.335938
vn -0.184496 0.953778 0.237209
v -26.234385 64.000000 -21.265625
vt 0.000000 2.335938
vn 0.000000 1.000000 -0.000000
v -22.597912 63.750000 -16.323975
vt 0.015625 2.410156
vn -0.170085 0.953627 0.248327
v -21.464855 64.000000 -17.785156
vt 0.000000 2.410156
vn 0.000000 1.000000 -0.000000
v -17.503918 63.750000 -13.058594
vt 0.015625 2.484375
vn -0.155618 0.953160 0.259363
v -16.437511 64.000000 -14.562500
vt 0.000000 2.484375
vn 0.000000 1.000000 -0.000000
v -12.148695 63.750000 -10.054443
vt 0.015625 2.558594
vn -0.140998 0.952851 0.268691
v -11.152357 64.000000 -11.597656
vt 0.000000 2.558594
vn 0.000000 1.000000 -0.000000
v -6.532241 63.750000 -7.311523
vt 0.015625 2.632812
vn -0.126336 0.952255 0.277938
v -5.609389 64.000000 -8.890625
vt 0.000000 2.632812
vn 0.000000 1.000000 -0.000000
v -0.654557 63.750000 -4.829834
vt 0.015625 2.707031
vn -0.111963 0.951862 0.285348
v 0.191391 64.000000 -6.441406
vt 0.000000 2.707031
vn 0.000000 1.000000 -0.000000
v 5.484358 63.750000 -2.609375
vt 0.015625 2.781250
vn -0.097561 0.951220 0.292683
v 6.249983 64.000000 -4.250000
vt 0.000000 2.781250
vn 0.000000 1.000000 -0.000000
v 11.884503 63.750000 -0.650146
vt 0.015625 2.855469
vn -0.083821 0.950823 0.298176
v 12.566388 64.000000 -2.316406
vt 0.000000 2.855469
vn 0.000000 1.000000 -0.000000
v 18.545879 63.750000 1.047852
vt 0.015625 2.929687
vn -0.070062 0.950219 0.303603
v 19.140606 64.000000 -0.640625
vt 0.000000 2.929687
vn 0.000000 1.000000 -0.000000
v 25.468485 63.750000 2.484619
vt 0.015625 3.003906
vn -0.057244 0.949894 0.307286
v 25.972635 64.000000 0.777344
vt 0.000000 3.003906
vn 0.000000 1.000000 -0.000000
v 32.652321 63.750000 3.660156
vt 0.015625 3.078125
vn -0.044416 0.949400 0.310914
v 33.062477 64.000000 1.937500
vt 0.000000 3.078125
vn 0.000000 1.000000 -0.000000
v 40.097389 63.750000 4.574463
vt 0.015625 3.152344
vn -0.032710 0.949200 0.312968
v 40.410133 64.000000 2.839844
vt 0.000000 3.152344
vn 0.000000 1.000000 -0.000000
v 47.803684 63.750000 5.227539
vt 0.015625 3.226562
vn -0.020998 0.948867 0.314977
v 48.015598 64.000000 3.484375
vt 0.000000 3.226562
vn 0.000000 1.000000 -0.000000
v 55.771210 63.750000 5.619385
vt 0.015625 3.300781
vn -0.010500 0.948828 0.315620
v 55.878876 64.000000 3.871094
vt 0.000000 3.300781
vn 0.000000 1.000000 -0.000000
v 63.999969 63.750000 5.750000
vt 0.015625 3.375000
vn -0.000000 0.948683 0.316228
v 63.999969 64.000000 4.000000
vt 0.000000 3.375000
vn 0.000000 1.000000 -0.000000
v -68.000000 64.000000 -128.000000
vt 0.000000 1.000000
vn 0.000000 1.000000 -0.000000
v -67.871094 64.000000 -119.878906
vt 0.000000 1.074219
vn 0.000000 1.000000 -0.000000
v -69.619385 63.750000 -119.771240
vt 0.015625 1.074219
vn -0.315620 0.948828 0.010500
v -69.750000 63.750000 -128.000000
vt 0.015625 1.000000
vn -0.316228 0.948683 0.000000
v -69.227539 63.750000 -111.803711
vt 0.015625 1.148438
vn -0.314977 0.948867 0.020998
v -67.484375 64.000000 -112.015625
vt 0.000000 1.148438
vn 0.000000 1.000000 -0.000000
v -68.574463 63.750000 -104.097412
vt 0.015625 1.222656
vn -0.312968 0.949200 0.032710
v -66.839844 64.000000 -104.410156
vt 0.000000 1.222656
vn 0.000000 1.000000 -0.000000
v -67.660156 63.750000 -96.652344
vt 0.015625 1.296875
vn -0.310914 0.949399 0.044416
v -65.937500 64.000000 -97.062500
vt 0.000000 1.296875
vn 0.000000 1.000000 -0.000000
v -66.484619 63.750000 -89.468506
vt 0.015625 1.371094
vn -0.307286 0.949894 0.057244
v -64.777344 64.000000 -89.972656
vt 0.000000 1.371094
vn 0.000000 1.000000 -0.000000
v -65.047852 63.750000 -82.545898
vt 0.015625 1.445312
vn -0.303603 0.950219 0.070062
v -63.359375 64.000000 -83.140625
vt 0.000000 1.445312
vn 0.000000 1.000000 -0.000000
v -63.349854 63.750000 -75.884521
vt 0.015625 1.519531
vn -0.298176 0.950823 0.083821
v -61.683594 64.000000 -76.566406
vt 0.000000 1.519531
vn 0.000000 1.000000 -0.000000
v -61.390625 63.750000 -69.484375
vt 0.015625 1.593750
vn -0.292683 0.951220 0.097561
v -59.750000 64.000000 -70.250000
vt 0.000000 1.593750
vn 0.000000 1.000000 -0.000000
v -59.170166 63.750000 -63.345459
vt 0.015625 1.667969
vn -0.285348 0.951862 0.111963
v -57.558594 64.000000 -64.191406
vt 0.000000 1.667969
vn 0.000000 1.000000 -0.000000
v -56.688477 63.750000 -57.467773
vt 0.015625 1.742188
vn -0.277938 0.952255 0.126336
v -55.109375 64.000000 -58.390625
vt 0.000000 1.742188
vn 0.000000 1.000000 -0.000000
v -53.945557 63.750000 -51.851318
vt 0.015625 1.816406
vn -0.268691 0.952851 0.140998
v -52.402344 64.000000 -52.847656
vt 0.000000 1.816406
vn 0.000000 1.000000 -0.000000
v -50.941410 63.750000 -46.496094
vt 0.015625 1.890625
vn -0.259363 0.953160 0.155618
v -49.437504 64.000000 -47.562500
vt 0.000000 1.890625
vn 0.000000 1.000000 -0.000000
v -47.676033 63.750000 -41.402100
vt 0.015625 1.964844
vn -0.248327 0.953627 0.170085
v -69.750000 63.750000 -128.000000
vt 0.134454 1.000000
vn -0.316228 0.948683 0.000000
v -68.000000 64.125000 -129.875000
vt 0.150888 1.031250
vn 0.000000 0.989950 0.141421
v -68.000000 64.000000 -128.000000
vt 0.150888 1.000000
vn 0.000000 1.000000 -0.000000
v -69.750000 63.878906 -129.933594
vt 0.134454 1.031250
vn -0.318396 0.938430 0.134061
v -66.250000 63.878906 -129.933594
vt 0.167322 1.031250
vn 0.318396 0.938430 0.134061
v -66.250000 63.750000 -128.000000
vt 0.167322 1.000000
vn 0.316228 0.948683 -0.000000
v -68.000000 64.500000 -131.500000
vt 0.150888 1.062500
vn 0.000000 0.948683 0.316228
v -69.750000 64.265625 -131.609375
vt 0.134454 1.062500
vn -0.324090 0.897479 0.299160
v -66.250000 64.265625 -131.609375
vt 0.167322 1.062500
vn 0.324090 0.897479 0.299160
v -37.630623 63.750000 -34.510010
vt 0.234375 2.113281
vn 0.224643 0.954054 -0.198282
v -35.000008 64.000000 -29.000000
vt 0.250000 2.187500
vn 0.000000 1.000000 -0.000000
v -38.996101 64.000000 -33.253906
vt 0.250000 2.113281
vn 0.000000 1.000000 -0.000000
v -33.687508 63.750000 -30.312500
vt 0.234375 2.187500
vn 0.212000 0.953998 -0.212000
v -30.746101 64.000000 -25.003906
vt 0.250000 2.261719
vn 0.000000 1.000000 -0.000000
v -29.489998 63.750000 -26.369385
vt 0.234375 2.261719
vn 0.198282 0.954054 -0.224643
v -26.234385 64.000000 -21.265625
vt 0.250000 2.335938
vn 0.000000 1.000000 -0.000000
v -25.038095 63.750000 -22.680664
vt 0.234375 2.335938
vn 0.184496 0.953778 -0.237209
v -21.464855 64.000000 -17.785156
vt 0.250000 2.410156
vn 0.000000 1.000000 -0.000000
v -20.331799 63.750000 -19.246338
vt 0.234375 2.410156
vn 0.170085 0.953627 -0.248327
v -16.437511 64.000000 -14.562500
vt 0.250000 2.484375
vn 0.000000 1.000000 -0.000000
v -15.371105 63.750000 -16.066406
vt 0.234375 2.484375
vn 0.155618 0.953160 -0.259363
v -11.152357 64.000000 -11.597656
vt 0.250000 2.558594
vn 0.000000 1.000000 -0.000000
v -10.156019 63.750000 -13.140869
vt 0.234375 2.558594
vn 0.140998 0.952851 -0.268691
v -5.609389 64.000000 -8.890625
vt 0.250000 2.632812
vn 0.000000 1.000000 -0.000000
v -4.686538 63.750000 -10.469727
vt 0.234375 2.632812
vn 0.126336 0.952255 -0.277938
v 0.191391 64.000000 -6.441406
vt 0.250000 2.707031
vn 0.000000 1.000000 -0.000000
v 1.037338 63.750000 -8.052979
vt 0.234375 2.707031
vn 0.111963 0.951862 -0.285348
v 6.249983 64.000000 -4.250000
vt 0.250000 2.781250
vn 0.000000 1.000000 -0.000000
v 7.015608 63.750000 -5.890625
vt 0.234375 2.781250
vn 0.097561 0.951220 -0.292683
v 12.566388 64.000000 -2.316406
vt 0.250000 2.855469
vn 0.000000 1.000000 -0.000000
v 13.248273 63.750000 -3.982666
vt 0.234375 2.855469
vn 0.083821 0.950823 -0.298176
v 19.140606 64.000000 -0.640625
vt 0.250000 2.929687
vn 0.000000 1.000000 -0.000000
v 19.735332 63.750000 -2.329102
vt 0.234375 2.929687
vn 0.070062 0.950219 -0.303603
v 25.972635 64.000000 0.777344
vt 0.250000 3.003906
vn 0.000000 1.000000 -0.000000
v 26.476786 63.750000 -0.929932
vt 0.234375 3.003906
vn 0.057244 0.949894 -0.307286
v 33.062477 64.000000 1.937500
vt 0.250000 3.078125
vn 0.000000 1.000000 -0.000000
v 33.472633 63.750000 0.214844
vt 0.234375 3.078125
vn 0.044416 0.949399 -0.310914
v 40.410133 64.000000 2.839844
vt 0.250000 3.152344
vn 0.000000 1.000000 -0.000000
v 40.722878 63.750000 1.105225
vt 0.234375 3.152344
vn 0.032710 0.949200 -0.312968
v 48.015598 64.000000 3.484375
vt 0.250000 3.226562
vn 0.000000 1.000000 -0.000000
v 48.227512 63.750000 1.741211
vt 0.234375 3.226562
vn 0.020998 0.948867 -0.314977
v 55.878876 64.000000 3.871094
vt 0.250000 3.300781
vn 0.000000 1.000000 -0.000000
v 55.986542 63.750000 2.122803
vt 0.234375 3.300781
vn 0.010500 0.948828 -0.315620
v 63.999969 64.000000 4.000000
vt 0.250000 3.375000
vn 0.000000 1.000000 -0.000000
v 63.999969 63.750000 2.250000
vt 0.234375 3.375000
vn 0.000000 0.948683 -0.316228
v -66.250000 63.750000 -128.000000
vt 0.234375 1.000000
vn 0.316228 0.948683 -0.000000
v -67.871094 64.000000 -119.878906
vt 0.250000 1.074219
vn 0.000000 1.000000 -0.000000
v -68.000000 64.000000 -128.000000
vt 0.250000 1.000000
vn 0.000000 1.000000 -0.000000
v -66.122803 63.750000 -119.986572
vt 0.234375 1.074219
vn 0.315620 0.948828 -0.010500
v -67.484375 64.000000 -112.015625
vt 0.250000 1.148438
vn 0.000000 1.000000 -0.000000
v -65.741211 63.750000 -112.227539
vt 0.234375 1.148438
vn 0.314977 0.948867 -0.020998
v -66.839844 64.000000 -104.410156
vt 0.250000 1.222656
vn 0.000000 1.000000 -0.000000
v -65.105225 63.750000 -104.722900
vt 0.234375 1.222656
vn 0.312968 0.949200 -0.032710
v -65.937500 64.000000 -97.062500
vt 0.250000 1.296875
vn 0.000000 1.000000 -0.000000
v -64.214844 63.750000 -97.472656
vt 0.234375 1.296875
vn 0.310914 0.949400 -0.044416
v -64.777344 64.000000 -89.972656
vt 0.250000 1.371094
vn 0.000000 1.000000 -0.000000
v -63.070068 63.750000 -90.476807
vt 0.234375 1.371094
vn 0.307286 0.949894 -0.057244
v -63.359375 64.000000 -83.140625
vt 0.250000 1.445312
vn 0.000000 1.000000 -0.000000
v -61.670898 63.750000 -83.735352
vt 0.234375 1.445312
vn 0.303603 0.950219 -0.070062
v -61.683594 64.000000 -76.566406
vt 0.250000 1.519531
vn 0.000000 1.000000 -0.000000
v -60.017334 63.750000 -77.248291
vt 0.234375 1.519531
vn 0.298176 0.950823 -0.083821
v -59.750000 64.000000 -70.250000
vt 0.250000 1.593750
vn 0.000000 1.000000 -0.000000
v -58.109375 63.750000 -71.015625
vt 0.234375 1.593750
vn 0.292683 0.951220 -0.097561
v -57.558594 64.000000 -64.191406
vt 0.250000 1.667969
vn 0.000000 1.000000 -0.000000
v -55.947021 63.750000 -65.037354
vt 0.234375 1.667969
vn 0.285348 0.951862 -0.111963
v -55.109375 64.000000 -58.390625
vt 0.250000 1.742188
vn 0.000000 1.000000 -0.000000
v -53.530273 63.750000 -59.313477
vt 0.234375 1.742188
vn 0.277938 0.952255 -0.126336
v -52.402344 64.000000 -52.847656
vt 0.250000 1.816406
vn 0.000000 1.000000 -0.000000
v -50.859131 63.750000 -53.843994
vt 0.234375 1.816406
vn 0.268691 0.952851 -0.140998
v -49.437504 64.000000 -47.562500
vt 0.250000 1.890625
vn 0.000000 1.000000 -0.000000
v -47.933598 63.750000 -48.628906
vt 0.234375 1.890625
vn 0.259363 0.953160 -0.155618
v -46.214851 64.000000 -42.535156
vt 0.250000 1.964844
vn 0.000000 1.000000 -0.000000
v -44.753670 63.750000 -43.668213
vt 0.234375 1.964844
vn 0.248327 0.953627 -0.170085
v -42.734383 64.000000 -37.765625
vt 0.250000 2.039062
vn 0.000000 1.000000 -0.000000
v -41.319344 63.750000 -38.961914
vt 0.234375 2.039062
vn 0.237209 0.953778 -0.184496
v -68.000000 65.125000 -132.875000
vt 0.150888 1.093750
vn 0.000000 0.857493 0.514496
v -69.750000 64.910156 -133.027344
vt 0.134454 1.093750
vn -0.330471 0.809316 0.485590
v -66.250000 64.910156 -133.027344
vt 0.167322 1.093750
vn 0.330471 0.809316 0.485590
v -32.899422 63.000000 -22.663086
vt 0.031250 2.261719
vn -0.453814 0.727831 0.514116
v -37.250008 63.000000 -26.750000
vt 0.031250 2.187500
vn -0.485071 0.727607 0.485071
v -41.336922 63.000000 -31.100586
vt 0.031250 2.113281
vn -0.514116 0.727831 0.453814
v -28.285166 63.000000 -18.839844
vt 0.031250 2.335938
vn -0.421730 0.726731 0.542224
v -45.160164 63.000000 -35.714844
vt 0.031250 2.039062
vn -0.542224 0.726731 0.421730
v -23.407238 63.000000 -15.280273
vt 0.031250 2.410156
vn -0.388574 0.726131 0.567225
v -48.719734 63.000000 -40.592773
vt 0.031250 1.964844
vn -0.567225 0.726131 0.388574
v -18.265636 63.000000 -11.984375
vt 0.031250 2.484375
vn -0.354749 0.724279 0.591248
v -52.015629 63.000000 -45.734375
vt 0.031250 1.890625
vn -0.591248 0.724279 0.354748
v -12.860365 63.000000 -8.952148
vt 0.031250 2.558594
vn -0.321052 0.723064 0.611641
v -55.047852 63.000000 -51.139648
vt 0.031250 1.816406
vn -0.611641 0.723064 0.321052
v -7.191421 63.000000 -6.183594
vt 0.031250 2.632812
vn -0.286856 0.720726 0.631084
v -57.816406 63.000000 -56.808594
vt 0.031250 1.742188
vn -0.631084 0.720726 0.286856
v -1.258805 63.000000 -3.678711
vt 0.031250 2.707031
vn -0.253861 0.719201 0.646765
v -60.321289 63.000000 -62.741211
vt 0.031250 1.667969
vn -0.646765 0.719201 0.253861
v 4.937483 63.000000 -1.437500
vt 0.031250 2.781250
vn -0.220527 0.716713 0.661581
v -62.562500 63.000000 -68.937500
vt 0.031250 1.593750
vn -0.661581 0.716713 0.220527
v 11.397443 63.000000 0.540039
vt 0.031250 2.855469
vn -0.189213 0.715197 0.672824
v -64.540039 63.000000 -75.397461
vt 0.031250 1.519531
vn -0.672824 0.715197 0.189213
v -36.655281 63.000000 -35.407227
vt 0.218750 2.113281
vn 0.514116 0.727831 -0.453814
v -32.750008 63.000000 -31.250000
vt 0.218750 2.187500
vn 0.485071 0.727607 -0.485071
v -28.592781 63.000000 -27.344727
vt 0.218750 2.261719
vn 0.453814 0.727831 -0.514116
v -40.308601 63.000000 -39.816406
vt 0.218750 2.039062
vn 0.542224 0.726731 -0.421730
v -24.183603 63.000000 -23.691406
vt 0.218750 2.335938
vn 0.421730 0.726731 -0.542224
v -43.709969 63.000000 -44.477539
vt 0.218750 1.964844
vn 0.567225 0.726131 -0.388574
v -19.522472 63.000000 -20.290039
vt 0.218750 2.410156
vn 0.388574 0.726131 -0.567225
v -46.859379 63.000000 -49.390625
vt 0.218750 1.890625
vn 0.591248 0.724279 -0.354748
v -14.609386 63.000000 -17.140625
vt 0.218750 2.484375
vn 0.354749 0.724279 -0.591248
v -49.756836 63.000000 -54.555664
vt 0.218750 1.816406
vn 0.611641 0.723064 -0.321052
v -9.444349 63.000000 -14.243164
vt 0.218750 2.558594
vn 0.321052 0.723064 -0.611641
v -52.402344 63.000000 -59.972656
vt 0.218750 1.742188
vn 0.631084 0.720726 -0.286856
v -4.027358 63.000000 -11.597656
vt 0.218750 2.632812
vn 0.286856 0.720726 -0.631084
v -54.795898 63.000000 -65.641602
vt 0.218750 1.667969
vn 0.646765 0.719201 -0.253861
v 1.641586 63.000000 -9.204102
vt 0.218750 2.707031
vn 0.253861 0.719201 -0.646765
v -56.937500 63.000000 -71.562500
vt 0.218750 1.593750
vn 0.661581 0.716713 -0.220527
v 7.562483 63.000000 -7.062500
vt 0.218750 2.781250
vn 0.220527 0.716713 -0.661581
v -58.827148 63.000000 -77.735352
vt 0.218750 1.519531
vn 0.672824 0.715197 -0.189213
v 13.735333 63.000000 -5.172852
vt 0.218750 2.855469
vn 0.189213 0.715197 -0.672824
v -60.464844 63.000000 -84.160156
vt 0.218750 1.445312
vn 0.683320 0.712887 -0.157689
v 20.160137 63.000000 -3.535156
vt 0.218750 2.929687
vn 0.157689 0.712887 -0.683320
v -61.850586 63.000000 -90.836914
vt 0.218750 1.371094
vn 0.690637 0.711656 -0.128712
v 26.836893 63.000000 -2.149414
vt 0.218750 3.003906
vn 0.128712 0.711656 -0.690637
v -62.984375 63.000000 -97.765625
vt 0.218750 1.296875
vn 0.697336 0.709788 -0.099619
v 33.765602 63.000000 -1.015625
vt 0.218750 3.078125
vn 0.099619 0.709788 -0.697336
v -63.866211 63.000000 -104.946289
vt 0.218750 1.222656
vn 0.701344 0.709041 -0.073331
v 40.946266 63.000000 -0.133789
vt 0.218750 3.152344
vn 0.073331 0.709041 -0.701344
v -64.496094 63.000000 -112.378906
vt 0.218750 1.148438
vn 0.704856 0.707793 -0.046990
v 48.378880 63.000000 0.496094
vt 0.218750 3.226562
vn 0.046990 0.707793 -0.704856
v -64.874023 63.000000 -120.063477
vt 0.218750 1.074219
vn 0.706177 0.707645 -0.023502
v 56.063446 63.000000 0.874023
vt 0.218750 3.300781
vn 0.023502 0.707646 -0.706177
v -65.000000 63.000000 -128.000000
vt 0.218750 1.000000
vn 0.707107 0.707107 -0.000000
v 63.999969 63.000000 1.000000
vt 0.218750 3.375000
vn 0.000000 0.707107 -0.707107
v 18.121075 63.000000 2.253906
vt 0.031250 2.929687
vn -0.157689 0.712887 0.683320
v -66.253906 63.000000 -82.121094
vt 0.031250 1.445312
vn -0.683320 0.712887 0.157689
v 25.108377 63.000000 3.704102
vt 0.031250 3.003906
vn -0.128712 0.711656 0.690637
v -67.704102 63.000000 -89.108398
vt 0.031250 1.371094
vn -0.690637 0.711656 0.128712
v 32.359352 63.000000 4.890625
vt 0.031250 3.078125
vn -0.099619 0.709788 0.697336
v -68.890625 63.000000 -96.359375
vt 0.031250 1.296875
vn -0.697336 0.709788 0.099619
v 39.874001 63.000000 5.813477
vt 0.031250 3.152344
vn -0.073331 0.709041 0.701344
v -69.813477 63.000000 -103.874023
vt 0.031250 1.222656
vn -0.701344 0.709041 0.073331
v 47.652317 63.000000 6.472656
vt 0.031250 3.226562
vn -0.046990 0.707793 0.704856
v 55.694305 63.000000 6.868164
vt 0.031250 3.300781
vn -0.023502 0.707645 0.706177
v -70.472656 63.000000 -111.652344
vt 0.031250 1.148438
vn -0.704856 0.707793 0.046990
v 63.999969 63.000000 7.000000
vt 0.031250 3.375000
vn 0.000000 0.707107 0.707107
v -70.868164 63.000000 -119.694336
vt 0.031250 1.074219
vn -0.706177 0.707646 0.023502
v -71.000000 63.000000 -128.000000
vt 0.031250 1.000000
vn -0.707107 0.707107 -0.000000
v -71.000000 63.000000 -128.000000
vt 0.116402 1.000000
vn -0.707107 0.707107 -0.000000
v -71.000000 63.140625 -130.109375
vt 0.116402 1.031250
vn -0.709788 0.697336 0.099619
v -65.000000 63.140625 -130.109375
vt 0.185374 1.031250
vn 0.709788 0.697336 0.099619
v -65.000000 63.000000 -128.000000
vt 0.185374 1.000000
vn 0.707107 0.707107 -0.000000
v -71.000000 63.562500 -131.937500
vt 0.116402 1.062500
vn -0.716713 0.661581 0.220527
v -65.000000 63.562500 -131.937500
vt 0.185374 1.062500
vn 0.716713 0.661581 0.220527
v -68.000000 66.000000 -134.000000
vt 0.150888 1.125000
vn 0.000000 0.707107 0.707107
v -69.750000 65.812500 -134.187500
vt 0.134454 1.125000
vn -0.333333 0.666667 0.666667
v -66.250000 65.812500 -134.187500
vt 0.167322 1.125000
vn 0.333333 0.666667 0.666667
v -71.000000 64.265625 -133.484375
vt 0.116402 1.093750
vn -0.724279 0.591248 0.354749
v -65.000000 64.265625 -133.484375
vt 0.185374 1.093750
vn 0.724279 0.591248 0.354749
v -65.000000 65.250000 -134.750000
vt 0.185374 1.125000
vn 0.727607 0.485071 0.485071
v 24.892313 61.750000 4.435791
vt 0.046875 3.003906
vn -0.173654 0.319921 0.931394
v 17.866192 61.750000 2.977539
vt 0.046875 2.929687
vn -0.212965 0.320927 0.922850
v 32.183571 61.750000 5.628906
vt 0.046875 3.078125
vn -0.134062 0.318396 0.938430
v 39.739967 61.750000 6.556885
vt 0.046875 3.152344
vn -0.098640 0.317791 0.943016
v 47.561497 61.750000 7.219727
vt 0.046875 3.226562
vn -0.063093 0.316780 0.946398
v 55.648163 61.750000 7.617432
vt 0.046875 3.300781
vn -0.031562 0.316662 0.948013
v 63.999969 61.750000 7.750000
vt 0.046875 3.375000
vn -0.000000 0.316228 0.948683
v 20.415020 61.750000 -4.258789
vt 0.203125 2.929687
vn 0.212965 0.320927 -0.922850
v 27.052958 61.750000 -2.881104
vt 0.203125 3.003906
vn 0.173654 0.319921 -0.931394
v 33.941383 61.750000 -1.753906
vt 0.203125 3.078125
vn 0.134062 0.318396 -0.938430
v 41.080299 61.750000 -0.877197
vt 0.203125 3.152344
vn 0.098640 0.317791 -0.943016
v 48.469700 61.750000 -0.250977
vt 0.203125 3.226562
vn 0.063093 0.316780 -0.946398
v 56.109589 61.750000 0.124756
vt 0.203125 3.300781
vn 0.031562 0.316662 -0.948013
v 63.999969 61.750000 0.250000
vt 0.203125 3.375000
vn -0.000000 0.316228 -0.948683
v -44.753670 199.750000 -43.668213
vt 0.234375 1.964844
vn 0.248327 0.953627 -0.170085
v -41.319344 199.750000 -38.961914
vt 0.234375 2.039062
vn 0.237209 0.953778 -0.184496
v -42.734383 200.000000 -37.765625
vt 0.250000 2.039062
vn 0.000000 1.000000 -0.000000
v -38.996101 200.000000 -33.253906
vt 0.250000 2.113281
vn 0.000000 1.000000 -0.000000
v -37.630623 199.750000 -34.510010
vt 0.234375 2.113281
vn 0.224643 0.954054 -0.198282
v -35.000008 200.000000 -29.000000
vt 0.250000 2.187500
vn 0.000000 1.000000 -0.000000
v -33.687508 199.750000 -30.312500
vt 0.234375 2.187500
vn 0.212000 0.953998 -0.212000
v -30.746101 200.000000 -25.003906
vt 0.250000 2.261719
vn 0.000000 1.000000 -0.000000
v -29.489998 199.750000 -26.369385
vt 0.234375 2.261719
vn 0.198282 0.954054 -0.224643
v -26.234385 200.000000 -21.265625
vt 0.250000 2.335938
vn 0.000000 1.000000 -0.000000
v -25.038095 199.750000 -22.680664
vt 0.234375 2.335938
vn 0.184496 0.953778 -0.237209
v -21.464855 200.000000 -17.785156
vt 0.250000 2.410156
vn 0.000000 1.000000 -0.000000
v -20.331799 199.750000 -19.246338
vt 0.234375 2.410156
vn 0.170085 0.953627 -0.248327
v -16.437511 200.000000 -14.562500
vt 0.250000 2.484375
vn 0.000000 1.000000 -0.000000
v -15.371105 199.750000 -16.066406
vt 0.234375 2.484375
vn 0.155618 0.953160 -0.259363
v -11.152357 200.000000 -11.597656
vt 0.250000 2.558594
vn 0.000000 1.000000 -0.000000
v -10.156019 199.750000 -13.140869
vt 0.234375 2.558594
vn 0.140998 0.952851 -0.268691
v -5.609389 200.000000 -8.890625
vt 0.250000 2.632812
vn 0.000000 1.000000 -0.000000
v -4.686538 199.750000 -10.469727
vt 0.234375 2.632812
vn 0.126336 0.952255 -0.277938
v 0.191391 200.000000 -6.441406
vt 0.250000 2.707031
vn 0.000000 1.000000 -0.000000
v 1.037338 199.750000 -8.052979
vt 0.234375 2.707031
vn 0.111963 0.951862 -0.285348
v 6.249983 200.000000 -4.250000
vt 0.250000 2.781250
vn 0.000000 1.000000 -0.000000
v 7.015608 199.750000 -5.890625
vt 0.234375 2.781250
vn 0.097561 0.951220 -0.292683
v 12.566388 200.000000 -2.316406
vt 0.250000 2.855469
vn 0.000000 1.000000 -0.000000
v 13.248273 199.750000 -3.982666
vt 0.234375 2.855469
vn 0.083821 0.950823 -0.298176
v 19.140606 200.000000 -0.640625
vt 0.250000 2.929687
vn 0.000000 1.000000 -0.000000
v 19.735332 199.750000 -2.329102
vt 0.234375 2.929687
vn 0.070062 0.950219 -0.303603
v 25.972635 200.000000 0.777344
vt 0.250000 3.003906
vn 0.000000 1.000000 -0.000000
v 26.476786 199.750000 -0.929932
vt 0.234375 3.003906
vn 0.057244 0.949894 -0.307286
v 33.062477 200.000000 1.937500
vt 0.250000 3.078125
vn 0.000000 1.000000 -0.000000
v 33.472633 199.750000 0.214844
vt 0.234375 3.078125
vn 0.044416 0.949399 -0.310914
v 40.410133 200.000000 2.839844
vt 0.250000 3.152344
vn 0.000000 1.000000 -0.000000
v 40.722878 199.750000 1.105225
vt 0.234375 3.152344
vn 0.032710 0.949200 -0.312968
v 48.015598 200.000000 3.484375
vt 0.250000 3.226562
vn 0.000000 1.000000 -0.000000
v 48.227512 199.750000 1.741211
vt 0.234375 3.226562
vn 0.020998 0.948867 -0.314977
v 55.878876 200.000000 3.871094
vt 0.250000 3.300781
vn 0.000000 1.000000 -0.000000
v 55.986542 199.750000 2.122803
vt 0.234375 3.300781
vn 0.010500 0.948828 -0.315620
v 63.999969 200.000000 4.000000
vt 0.250000 3.375000
vn 0.000000 1.000000 -0.000000
v 63.999969 199.750000 2.250000
vt 0.234375 3.375000
vn -0.000000 0.948683 -0.316228
v -66.250000 199.750000 -128.000000
vt 0.234375 1.000000
vn 0.316228 0.948683 0.000000
v -66.122803 199.750000 -119.986572
vt 0.234375 1.074219
vn 0.315620 0.948828 -0.010500
v -67.871094 200.000000 -119.878906
vt 0.250000 1.074219
vn 0.000000 1.000000 -0.000000
v -68.000000 200.000000 -128.000000
vt 0.250000 1.000000
vn 0.000000 1.000000 -0.000000
v -67.484375 200.000000 -112.015625
vt 0.250000 1.148438
vn 0.000000 1.000000 -0.000000
v -65.741211 199.750000 -112.227539
vt 0.234375 1.148438
vn 0.314977 0.948867 -0.020998
v -66.839844 200.000000 -104.410156
vt 0.250000 1.222656
vn 0.000000 1.000000 -0.000000
v -65.105225 199.750000 -104.722900
vt 0.234375 1.222656
vn 0.312968 0.949200 -0.032710
v -65.937500 200.000000 -97.062500
vt 0.250000 1.296875
vn 0.000000 1.000000 -0.000000
v -64.214844 199.750000 -97.472656
vt 0.234375 1.296875
vn 0.310914 0.949400 -0.044416
v -64.777344 200.000000 -89.972656
vt 0.250000 1.371094
vn 0.000000 1.000000 -0.000000
v -63.070068 199.750000 -90.476807
vt 0.234375 1.371094
vn 0.307286 0.949894 -0.057244
v -63.359375 200.000000 -83.140625
vt 0.250000 1.445312
vn 0.000000 1.000000 -0.000000
v -61.670898 199.750000 -83.735352
vt 0.234375 1.445312
vn 0.303603 0.950219 -0.070062
v -61.683594 200.000000 -76.566406
vt 0.250000 1.519531
vn 0.000000 1.000000 -0.000000
v -60.017334 199.750000 -77.248291
vt 0.234375 1.519531
vn 0.298176 0.950823 -0.083821
v -59.750000 200.000000 -70.250000
vt 0.250000 1.593750
vn 0.000000 1.000000 -0.000000
v -58.109375 199.750000 -71.015625
vt 0.234375 1.593750
vn 0.292683 0.951220 -0.097561
v -57.558594 200.000000 -64.191406
vt 0.250000 1.667969
vn 0.000000 1.000000 -0.000000
v -55.947021 199.750000 -65.037354
vt 0.234375 1.667969
vn 0.285348 0.951862 -0.111963
v -55.109375 200.000000 -58.390625
vt 0.250000 1.742188
vn 0.000000 1.000000 -0.000000
v -53.530273 199.750000 -59.313477
vt 0.234375 1.742188
vn 0.277938 0.952255 -0.126336
v -52.402344 200.000000 -52.847656
vt 0.250000 1.816406
vn 0.000000 1.000000 -0.000000
v -50.859131 199.750000 -53.843994
vt 0.234375 1.816406
vn 0.268691 0.952851 -0.140998
v -49.437504 200.000000 -47.562500
vt 0.250000 1.890625
vn 0.000000 1.000000 -0.000000
v -47.933598 199.750000 -48.628906
vt 0.234375 1.890625
vn 0.259363 0.953160 -0.155618
v -46.214851 200.000000 -42.535156
vt 0.250000 1.964844
vn 0.000000 1.000000 -0.000000
v -66.250000 199.503906 -131.691406
vt 0.285343 1.218750
vn 0.318396 0.938430 -0.134061
v -66.250000 199.750000 -128.000000
vt 0.285343 1.250000
vn 0.316228 0.948683 0.000000
v -68.000000 200.000000 -128.000000
vt 0.301777 1.250000
vn 0.000000 1.000000 -0.000000
v -68.000000 199.750000 -131.750000
vt 0.301777 1.218750
vn 0.000000 0.989950 -0.141421
v -66.250000 198.765625 -134.890625
vt 0.285343 1.187500
vn 0.324090 0.897479 -0.299160
v -68.000000 199.000000 -135.000000
vt 0.301777 1.187500
vn 0.000000 0.948683 -0.316228
v -38.996101 200.000000 -33.253906
vt 0.000000 2.113281
vn 0.000000 1.000000 -0.000000
v -35.000008 200.000000 -29.000000
vt 0.000000 2.187500
vn 0.000000 1.000000 -0.000000
v -36.312508 199.750000 -27.687500
vt 0.015625 2.187500
vn -0.212000 0.953998 0.212000
v -32.002205 199.750000 -23.638428
vt 0.015625 2.261719
vn -0.198282 0.954054 0.224643
v -30.746101 200.000000 -25.003906
vt 0.000000 2.261719
vn 0.000000 1.000000 -0.000000
v -27.430674 199.750000 -19.850586
vt 0.015625 2.335938
vn -0.184496 0.953778 0.237209
v -26.234385 200.000000 -21.265625
vt 0.000000 2.335938
vn 0.000000 1.000000 -0.000000
v -22.597912 199.750000 -16.323975
vt 0.015625 2.410156
vn -0.170085 0.953627 0.248327
v -21.464855 200.000000 -17.785156
vt 0.000000 2.410156
vn 0.000000 1.000000 -0.000000
v -17.503918 199.750000 -13.058594
vt 0.015625 2.484375
vn -0.155618 0.953160 0.259363
v -16.437511 200.000000 -14.562500
vt 0.000000 2.484375
vn 0.000000 1.000000 -0.000000
v -12.148695 199.750000 -10.054443
vt 0.015625 2.558594
vn -0.140998 0.952851 0.268691
v -11.152357 200.000000 -11.597656
vt 0.000000 2.558594
vn 0.000000 1.000000 -0.000000
v -6.532241 199.750000 -7.311523
vt 0.015625 2.632812
vn -0.126336 0.952255 0.277938
v -5.609389 200.000000 -8.890625
vt 0.000000 2.632812
vn 0.000000 1.000000 -0.000000
v -0.654557 199.750000 -4.829834
vt 0.015625 2.707031
vn -0.111963 0.951862 0.285348
v 0.191391 200.000000 -6.441406
vt 0.000000 2.707031
vn 0.000000 1.000000 -0.000000
v 5.484358 199.750000 -2.609375
vt 0.015625 2.781250
vn -0.097561 0.951220 0.292683
v 6.249983 200.000000 -4.250000
vt 0.000000 2.781250
vn 0.000000 1.000000 -0.000000
v 11.884503 199.750000 -0.650146
vt 0.015625 2.855469
vn -0.083821 0.950823 0.298176
v 12.566388 200.000000 -2.316406
vt 0.000000 2.855469
vn 0.000000 1.000000 -0.000000
v 18.545879 199.750000 1.047852
vt 0.015625 2.929687
vn -0.070062 0.950219 0.303603
v 19.140606 200.000000 -0.640625
vt 0.000000 2.929687
vn 0.000000 1.000000 -0.000000
v 25.468485 199.750000 2.484619
vt 0.015625 3.003906
vn -0.057244 0.949894 0.307286
v 25.972635 200.000000 0.777344
vt 0.000000 3.003906
vn 0.000000 1.000000 -0.000000
v 32.652321 199.750000 3.660156
vt 0.015625 3.078125
vn -0.044416 0.949400 0.310914
v 33.062477 200.000000 1.937500
vt 0.000000 3.078125
vn 0.000000 1.000000 -0.000000
v 40.097389 199.750000 4.574463
vt 0.015625 3.152344
vn -0.032710 0.949200 0.312968
v 40.410133 200.000000 2.839844
vt 0.000000 3.152344
vn 0.000000 1.000000 -0.000000
v 47.803684 199.750000 5.227539
vt 0.015625 3.226562
vn -0.020998 0.948867 0.314977
v 48.015598 200.000000 3.484375
vt 0.000000 3.226562
vn 0.000000 1.000000 -0.000000
v 55.771210 199.750000 5.619385
vt 0.015625 3.300781
vn -0.010500 0.948828 0.315620
v 55.878876 200.000000 3.871094
vt 0.000000 3.300781
vn 0.000000 1.000000 -0.000000
v 63.999969 199.750000 5.750000
vt 0.015625 3.375000
vn -0.000000 0.948683 0.316228
v 63.999969 200.000000 4.000000
vt 0.000000 3.375000
vn 0.000000 1.000000 -0.000000
v -68.000000 200.000000 -128.000000
vt 0.000000 1.000000
vn 0.000000 1.000000 -0.000000
v -69.619385 199.750000 -119.771240
vt 0.015625 1.074219
vn -0.315620 0.948828 0.010500
v -69.750000 199.750000 -128.000000
vt 0.015625 1.000000
vn -0.316228 0.948683 0.000000
v -67.871094 200.000000 -119.878906
vt 0.000000 1.074219
vn 0.000000 1.000000 -0.000000
v -69.227539 199.750000 -111.803711
vt 0.015625 1.148438
vn -0.314977 0.948867 0.020998
v -67.484375 200.000000 -112.015625
vt 0.000000 1.148438
vn 0.000000 1.000000 -0.000000
v -68.574463 199.750000 -104.097412
vt 0.015625 1.222656
vn -0.312968 0.949200 0.032710
v -66.839844 200.000000 -104.410156
vt 0.000000 1.222656
vn 0.000000 1.000000 -0.000000
v -67.660156 199.750000 -96.652344
vt 0.015625 1.296875
vn -0.310914 0.949399 0.044416
v -65.937500 200.000000 -97.062500
vt 0.000000 1.296875
vn 0.000000 1.000000 -0.000000
v -66.484619 199.750000 -89.468506
vt 0.015625 1.371094
vn -0.307286 0.949894 0.057244
v -64.777344 200.000000 -89.972656
vt 0.000000 1.371094
vn 0.000000 1.000000 -0.000000
v -65.047852 199.750000 -82.545898
vt 0.015625 1.445312
vn -0.303603 0.950219 0.070062
v -63.359375 200.000000 -83.140625
vt 0.000000 1.445312
vn 0.000000 1.000000 -0.000000
v -63.349854 199.750000 -75.884521
vt 0.015625 1.519531
vn -0.298176 0.950823 0.083821
v -61.683594 200.000000 -76.566406
vt 0.000000 1.519531
vn 0.000000 1.000000 -0.000000
v -61.390625 199.750000 -69.484375
vt 0.015625 1.593750
vn -0.292683 0.951220 0.097561
v -59.750000 200.000000 -70.250000
vt 0.000000 1.593750
vn 0.000000 1.000000 -0.000000
v -59.170166 199.750000 -63.345459
vt 0.015625 1.667969
vn -0.285348 0.951862 0.111963
v -57.558594 200.000000 -64.191406
vt 0.000000 1.667969
vn 0.000000 1.000000 -0.000000
v -56.688477 199.750000 -57.467773
vt 0.015625 1.742188
vn -0.277938 0.952255 0.126336
v -55.109375 200.000000 -58.390625
vt 0.000000 1.742188
vn 0.000000 1.000000 -0.000000
v -53.945557 199.750000 -51.851318
vt 0.015625 1.816406
vn -0.268691 0.952851 0.140998
v -52.402344 200.000000 -52.847656
vt 0.000000 1.816406
vn 0.000000 1.000000 -0.000000
v -50.941410 199.750000 -46.496094
vt 0.015625 1.890625
vn -0.259363 0.953160 0.155618
v -49.437504 200.000000 -47.562500
vt 0.000000 1.890625
vn 0.000000 1.000000 -0.000000
v -47.676033 199.750000 -41.402100
vt 0.015625 1.964844
vn -0.248327 0.953627 0.170085
v -46.214851 200.000000 -42.535156
vt 0.000000 1.964844
vn 0.000000 1.000000 -0.000000
v -44.149422 199.750000 -36.569336
vt 0.015625 2.039062
vn -0.237209 0.953778 0.184496
v -42.734383 200.000000 -37.765625
vt 0.000000 2.039062
vn 0.000000 1.000000 -0.000000
v -40.361580 199.750000 -31.997803
vt 0.015625 2.113281
vn -0.224643 0.954054 0.198282
v -68.000000 199.750000 -131.750000
vt 0.000000 1.218750
vn 0.000000 0.989949 -0.141421
v -68.000000 200.000000 -128.000000
vt 0.000000 1.250000
vn 0.000000 1.000000 -0.000000
v -69.750000 199.750000 -128.000000
vt 0.016434 1.250000
vn -0.316228 0.948683 0.000000
v -69.750000 199.503906 -131.691406
vt 0.016434 1.218750
vn -0.318396 0.938430 -0.134061
v -68.000000 199.000000 -135.000000
vt 0.000000 1.187500
vn 0.000000 0.948683 -0.316228
v -69.750000 198.765625 -134.890625
vt 0.016434 1.187500
vn -0.324090 0.897479 -0.299160
v -66.250000 197.535156 -137.597656
vt 0.285343 1.156250
vn 0.330471 0.809316 -0.485590
v -68.000000 197.750000 -137.750000
vt 0.301777 1.156250
vn 0.000000 0.857493 -0.514496
v -32.750008 199.000000 -31.250000
vt 0.218750 2.187500
vn 0.485071 0.727607 -0.485071
v -28.592781 199.000000 -27.344727
vt 0.218750 2.261719
vn 0.453814 0.727831 -0.514116
v -36.655281 199.000000 -35.407227
vt 0.218750 2.113281
vn 0.514116 0.727831 -0.453814
v -24.183603 199.000000 -23.691406
vt 0.218750 2.335938
vn 0.421730 0.726731 -0.542224
v -40.308601 199.000000 -39.816406
vt 0.218750 2.039062
vn 0.542224 0.726731 -0.421730
v -19.522472 199.000000 -20.290039
vt 0.218750 2.410156
vn 0.388574 0.726131 -0.567225
v -43.709969 199.000000 -44.477539
vt 0.218750 1.964844
vn 0.567225 0.726131 -0.388574
v -14.609386 199.000000 -17.140625
vt 0.218750 2.484375
vn 0.354749 0.724279 -0.591248
v -46.859379 199.000000 -49.390625
vt 0.218750 1.890625
vn 0.591248 0.724279 -0.354748
v -9.444349 199.000000 -14.243164
vt 0.218750 2.558594
vn 0.321052 0.723064 -0.611641
v -49.756836 199.000000 -54.555664
vt 0.218750 1.816406
vn 0.611641 0.723064 -0.321052
v -4.027358 199.000000 -11.597656
vt 0.218750 2.632812
vn 0.286856 0.720726 -0.631084
v -52.402344 199.000000 -59.972656
vt 0.218750 1.742188
vn 0.631084 0.720726 -0.286856
v 1.641586 199.000000 -9.204102
vt 0.218750 2.707031
vn 0.253861 0.719201 -0.646765
v -54.795898 199.000000 -65.641602
vt 0.218750 1.667969
vn 0.646765 0.719201 -0.253861
v 7.562483 199.000000 -7.062500
vt 0.218750 2.781250
vn 0.220527 0.716713 -0.661581
v -56.937500 199.000000 -71.562500
vt 0.218750 1.593750
vn 0.661581 0.716713 -0.220527
v 13.735333 199.000000 -5.172852
vt 0.218750 2.855469
vn 0.189213 0.715197 -0.672824
v -58.827148 199.000000 -77.735352
vt 0.218750 1.519531
vn 0.672824 0.715197 -0.189213
v 20.160137 199.000000 -3.535156
vt 0.218750 2.929687
vn 0.157689 0.712887 -0.683320
v -60.464844 199.000000 -84.160156
vt 0.218750 1.445312
vn 0.683320 0.712887 -0.157689
v 26.836893 199.000000 -2.149414
vt 0.218750 3.003906
vn 0.128712 0.711656 -0.690637
v -61.850586 199.000000 -90.836914
vt 0.218750 1.371094
vn 0.690637 0.711656 -0.128712
v 33.765602 199.000000 -1.015625
vt 0.218750 3.078125
vn 0.099619 0.709788 -0.697336
v -62.984375 199.000000 -97.765625
vt 0.218750 1.296875
vn 0.697336 0.709788 -0.099619
v 40.946266 199.000000 -0.133789
vt 0.218750 3.152344
vn 0.073331 0.709041 -0.701344
v -63.866211 199.000000 -104.946289
vt 0.218750 1.222656
vn 0.701344 0.709041 -0.073331
v 48.378880 199.000000 0.496094
vt 0.218750 3.226562
vn 0.046990 0.707793 -0.704856
v -64.496094 199.000000 -112.378906
vt 0.218750 1.148438
vn 0.704856 0.707793 -0.046990
v 56.063446 199.000000 0.874023
vt 0.218750 3.300781
vn 0.023502 0.707646 -0.706177
v -64.874023 199.000000 -120.063477
vt 0.218750 1.074219
vn 0.706177 0.707645 -0.023502
v 63.999969 199.000000 1.000000
vt 0.218750 3.375000
vn 0.000000 0.707107 -0.707107
v -65.000000 199.000000 -128.000000
vt 0.218750 1.000000
vn 0.707107 0.707107 -0.000000
v -65.000000 198.765625 -131.515625
vt 0.267291 1.218750
vn 0.709788 0.697336 -0.099619
v -65.000000 199.000000 -128.000000
vt 0.267291 1.250000
vn 0.707107 0.707107 -0.000000
v -65.000000 198.062500 -134.562500
vt 0.267291 1.187500
vn 0.716713 0.661581 -0.220527
v -37.250008 199.000000 -26.750000
vt 0.031250 2.187500
vn -0.485071 0.727607 0.485071
v -41.336922 199.000000 -31.100586
vt 0.031250 2.113281
vn -0.514116 0.727831 0.453814
v -32.899422 199.000000 -22.663086
vt 0.031250 2.261719
vn -0.453814 0.727831 0.514116
v -45.160164 199.000000 -35.714844
vt 0.031250 2.039062
vn -0.542224 0.726731 0.421730
v -28.285166 199.000000 -18.839844
vt 0.031250 2.335938
vn -0.421730 0.726731 0.542224
v -48.719734 199.000000 -40.592773
vt 0.031250 1.964844
vn -0.567225 0.726131 0.388574
v -23.407238 199.000000 -15.280273
vt 0.031250 2.410156
vn -0.388574 0.726131 0.567225
v -52.015629 199.000000 -45.734375
vt 0.031250 1.890625
vn -0.591248 0.724279 0.354748
v -18.265636 199.000000 -11.984375
vt 0.031250 2.484375
vn -0.354749 0.724279 0.591248
v -55.047852 199.000000 -51.139648
vt 0.031250 1.816406
vn -0.611641 0.723064 0.321052
v -12.860365 199.000000 -8.952148
vt 0.031250 2.558594
vn -0.321052 0.723064 0.611641
v -57.816406 199.000000 -56.808594
vt 0.031250 1.742188
vn -0.631084 0.720726 0.286856
v -7.191421 199.000000 -6.183594
vt 0.031250 2.632812
vn -0.286856 0.720726 0.631084
v -60.321289 199.000000 -62.741211
vt 0.031250 1.667969
vn -0.646765 0.719201 0.253861
v -1.258805 199.000000 -3.678711
vt 0.031250 2.707031
vn -0.253861 0.719201 0.646765
v -62.562500 199.000000 -68.937500
vt 0.031250 1.593750
vn -0.661581 0.716713 0.220527
v 4.937483 199.000000 -1.437500
vt 0.031250 2.781250
vn -0.220527 0.716713 0.661581
v -64.540039 199.000000 -75.397461
vt 0.031250 1.519531
vn -0.672824 0.715197 0.189213
v -68.000000 197.750000 -137.750000
vt 0.000000 1.156250
vn 0.000000 0.857493 -0.514496
v -69.750000 197.535156 -137.597656
vt 0.016434 1.156250
vn -0.330471 0.809316 -0.485590
v 11.397443 199.000000 0.540039
vt 0.031250 2.855469
vn -0.189213 0.715197 0.672824
v -66.253906 199.000000 -82.121094
vt 0.031250 1.445312
vn -0.683320 0.712887 0.157689
v 18.121075 199.000000 2.253906
vt 0.031250 2.929687
vn -0.157689 0.712887 0.683320
v -67.704102 199.000000 -89.108398
vt 0.031250 1.371094
vn -0.690637 0.711656 0.128712
v 25.108377 199.000000 3.704102
vt 0.031250 3.003906
vn -0.128712 0.711656 0.690637
v -68.890625 199.000000 -96.359375
vt 0.031250 1.296875
vn -0.697336 0.709788 0.099619
v 32.359352 199.000000 4.890625
vt 0.031250 3.078125
vn -0.099619 0.709788 0.697336
v -69.813477 199.000000 -103.874023
vt 0.031250 1.222656
vn -0.701344 0.709041 0.073331
v 39.874001 199.000000 5.813477
vt 0.031250 3.152344
vn -0.073331 0.709041 0.701344
v -70.472656 199.000000 -111.652344
vt 0.031250 1.148438
vn -0.704856 0.707793 0.046990
v -70.868164 199.000000 -119.694336
vt 0.031250 1.074219
vn -0.706177 0.707646 0.023502
v -71.000000 199.000000 -128.000000
vt 0.031250 1.000000
vn -0.707107 0.707107 -0.000000
v -71.000000 199.000000 -128.000000
vt 0.034486 1.250000
vn -0.707107 0.707107 -0.000000
v -71.000000 198.765625 -131.515625
vt 0.034486 1.218750
vn -0.709788 0.697336 -0.099619
v -71.000000 198.062500 -134.562500
vt 0.034486 1.187500
vn -0.716713 0.661581 -0.220527
v 47.652317 199.000000 6.472656
vt 0.031250 3.226562
vn -0.046990 0.707793 0.704856
v 55.694305 199.000000 6.868164
vt 0.031250 3.300781
vn -0.023502 0.707645 0.706177
v 63.999969 199.000000 7.000000
vt 0.031250 3.375000
vn 0.000000 0.707107 0.707107
v -65.000000 196.890625 -137.140625
vt 0.267291 1.156250
vn 0.724279 0.591248 -0.354749
v -71.000000 196.890625 -137.140625
vt 0.034486 1.156250
vn -0.724279 0.591248 -0.354749
v -66.250000 195.812500 -139.812500
vt 0.285343 1.125000
vn 0.333333 0.666667 -0.666667
v -68.000000 196.000000 -140.000000
vt 0.301777 1.125000
vn 0.000000 0.707107 -0.707107
v -68.000000 196.000000 -140.000000
vt 0.000000 1.125000
vn 0.000000 0.707107 -0.707107
v -69.750000 195.812500 -139.812500
vt 0.016434 1.125000
vn -0.333333 0.666667 -0.666667
v -65.000000 195.250000 -139.250000
vt 0.267291 1.125000
vn 0.727607 0.485071 -0.485071
v -71.000000 195.250000 -139.250000
vt 0.034486 1.125000
vn -0.727607 0.485071 -0.485071
v -66.250000 193.597656 -141.535156
vt 0.285343 1.093750
vn 0.330471 0.485590 -0.809316
v -68.000000 193.750000 -141.750000
vt 0.301777 1.093750
vn 0.000000 0.514496 -0.857493
v -68.000000 193.750000 -141.750000
vt 0.000000 1.093750
vn 0.000000 0.514496 -0.857493
v -69.750000 193.597656 -141.535156
vt 0.016434 1.093750
vn -0.330471 0.485589 -0.809316
v -71.000000 193.140625 -140.890625
vt 0.034486 1.093750
vn -0.724279 0.354749 -0.591248
v 32.183571 197.750000 5.628906
vt 0.046875 3.078125
vn -0.134062 0.318396 0.938430
v 24.892313 197.750000 4.435791
vt 0.046875 3.003906
vn -0.173654 0.319921 0.931394
v 39.739967 197.750000 6.556885
vt 0.046875 3.152344
vn -0.098640 0.317791 0.943016
v 47.561497 197.750000 7.219727
vt 0.046875 3.226562
vn -0.063093 0.316780 0.946398
v 55.648163 197.750000 7.617432
vt 0.046875 3.300781
vn -0.031562 0.316662 0.948013
v 63.999969 197.750000 7.750000
vt 0.046875 3.375000
vn -0.000000 0.316228 0.948683
v -68.000000 191.000000 -143.000000
vt 0.000000 1.062500
vn 0.000000 0.316228 -0.948683
v -69.750000 190.890625 -142.765625
vt 0.016434 1.062500
vn -0.324090 0.299160 -0.897479
v -64.250000 72.000000 -141.750000
vt 0.203125 1.000000
vn 0.948683 0.000000 -0.316228
v -64.250000 184.000000 -141.750000
vt 0.203125 1.875000
vn 0.948683 -0.000000 -0.316228
v -65.000000 184.000000 -143.000000
vt 0.218750 1.875000
vn 0.707107 0.000000 -0.707107
v -65.000000 72.000000 -143.000000
vt 0.218750 1.000000
vn 0.707107 0.000000 -0.707107
v -64.250000 68.777344 -141.535156
vt 0.247621 1.218750
vn 0.949399 -0.044416 -0.310914
v -64.250000 72.000000 -141.750000
vt 0.247621 1.250000
vn 0.948683 0.000000 -0.316228
v -65.000000 72.000000 -143.000000
vt 0.267291 1.250000
vn 0.707107 0.000000 -0.707107
v -65.000000 68.484375 -142.765625
vt 0.267291 1.218750
vn 0.709788 -0.099619 -0.697336
v -64.250000 184.000000 -141.750000
vt 0.247621 1.000000
vn 0.948683 -0.000000 -0.316228
v -65.000000 187.515625 -142.765625
vt 0.267291 1.031250
vn 0.709788 0.099619 -0.697336
v -65.000000 184.000000 -143.000000
vt 0.267291 1.000000
vn 0.707107 0.000000 -0.707107
v -64.250000 187.222656 -141.535156
vt 0.247621 1.031250
vn 0.949399 0.044416 -0.310914
v -65.000000 190.562500 -142.062500
vt 0.267291 1.062500
vn 0.716713 0.220527 -0.661581
v -64.250000 190.015625 -140.890625
vt 0.247621 1.062500
vn 0.951220 0.097561 -0.292683
v -64.250000 65.984375 -140.890625
vt 0.247621 1.187500
vn 0.951220 -0.097561 -0.292683
v -65.000000 65.437500 -142.062500
vt 0.267291 1.187500
vn 0.716713 -0.220527 -0.661581
v -65.000000 193.140625 -140.890625
vt 0.267291 1.093750
vn 0.724279 0.354749 -0.591248
v -64.250000 192.378906 -139.816406
vt 0.247621 1.093750
vn 0.953160 0.155618 -0.259363
v -64.000000 72.000000 -140.000000
vt 0.187500 1.000000
vn 1.000000 0.000000 -0.000000
v -64.000000 184.000000 -140.000000
vt 0.187500 1.875000
vn 1.000000 0.000000 -0.000000
v -64.000000 184.000000 -140.000000
vt 0.226333 1.000000
vn 1.000000 0.000000 -0.000000
v -64.000000 186.812500 -139.812500
vt 0.226333 1.031250
vn 1.000000 0.000000 -0.000000
v -64.000000 69.187500 -139.812500
vt 0.226333 1.218750
vn 1.000000 0.000000 -0.000000
v -64.000000 72.000000 -140.000000
vt 0.226333 1.250000
vn 1.000000 0.000000 -0.000000
v -64.000000 189.250000 -139.250000
vt 0.226333 1.062500
vn 1.000000 0.000000 -0.000000
v -64.000000 66.750000 -139.250000
vt 0.226333 1.187500
vn 1.000000 0.000000 -0.000000
v -64.000000 191.312500 -138.312500
vt 0.226333 1.093750
vn 1.000000 0.000000 -0.000000
v -64.000000 64.687500 -138.312500
vt 0.226333 1.156250
vn 1.000000 0.000000 -0.000000
v -64.250000 63.621094 -139.816406
vt 0.247621 1.156250
vn 0.953160 -0.155618 -0.259363
v -64.250000 194.312500 -138.312500
vt 0.247621 1.125000
vn 0.953998 0.212000 -0.212000
v -64.000000 193.000000 -137.000000
vt 0.226333 1.125000
vn 1.000000 0.000000 -0.000000
v -64.000000 63.000000 -137.000000
vt 0.226333 1.125000
vn 1.000000 0.000000 -0.000000
v -64.250000 61.687500 -138.312500
vt 0.247621 1.125000
vn 0.953998 -0.212000 -0.212000
v -64.250000 195.816406 -136.378906
vt 0.247621 1.156250
vn 0.953160 0.259363 -0.155618
v -64.000000 194.312500 -135.312500
vt 0.226333 1.156250
vn 1.000000 0.000000 -0.000000
v -64.000000 61.687500 -135.312500
vt 0.226333 1.093750
vn 1.000000 0.000000 -0.000000
v -64.250000 60.183594 -136.378906
vt 0.247621 1.093750
vn 0.953160 -0.259363 -0.155618
v -64.250000 196.890625 -134.015625
vt 0.247621 1.187500
vn 0.951220 0.292683 -0.097561
v -64.000000 195.250000 -133.250000
vt 0.226333 1.187500
vn 1.000000 0.000000 -0.000000
v -64.000000 60.750000 -133.250000
vt 0.226333 1.062500
vn 1.000000 0.000000 -0.000000
v -64.250000 59.109375 -134.015625
vt 0.247621 1.062500
vn 0.951220 -0.292683 -0.097561
v -64.250000 197.535156 -131.222656
vt 0.247621 1.218750
vn 0.949399 0.310914 -0.044416
v -64.000000 195.812500 -130.812500
vt 0.226333 1.218750
vn 1.000000 0.000000 -0.000000
v -64.000000 60.187500 -130.812500
vt 0.226333 1.031250
vn 1.000000 0.000000 -0.000000
v -64.250000 58.464844 -131.222656
vt 0.247621 1.031250
vn 0.949399 -0.310914 -0.044416
v -64.250000 197.750000 -128.000000
vt 0.247621 1.250000
vn 0.948683 0.316228 0.000000
v -64.000000 196.000000 -128.000000
vt 0.226333 1.250000
vn 1.000000 0.000000 -0.000000
v -64.000000 196.000000 -128.000000
vt 0.187500 1.000000
vn 1.000000 0.000000 -0.000000
v -64.124756 197.750000 -120.109619
vt 0.203125 1.074219
vn 0.948013 0.316662 -0.031562
v -64.250000 197.750000 -128.000000
vt 0.203125 1.000000
vn 0.948683 0.316228 0.000000
v -63.875000 196.000000 -120.125000
vt 0.187500 1.074219
vn 0.999446 0.000000 -0.033278
v -64.250000 194.250000 -128.000000
vt 0.171875 1.000000
vn 0.948683 -0.316228 0.000000
v -64.124756 194.250000 -120.109619
vt 0.171875 1.074219
vn 0.948013 -0.316662 -0.031562
v -64.250000 194.089844 -130.402344
vt 0.205044 1.218750
vn 0.949399 -0.310914 0.044416
v -64.250000 194.250000 -128.000000
vt 0.205044 1.250000
vn 0.948683 -0.316228 0.000000
v -64.250000 193.609375 -132.484375
vt 0.205044 1.187500
vn 0.951220 -0.292683 0.097561
v -64.250000 192.808594 -134.246094
vt 0.205044 1.156250
vn 0.953160 -0.259363 0.155618
v -64.250000 191.687500 -135.687500
vt 0.205044 1.125000
vn 0.953998 -0.212000 0.212000
v -64.250000 190.246094 -136.808594
vt 0.205044 1.093750
vn 0.953160 -0.155618 0.259363
v -64.250000 188.484375 -137.609375
vt 0.205044 1.062500
vn 0.951220 -0.097561 0.292683
v -64.250000 186.402344 -138.089844
vt 0.205044 1.031250
vn 0.949399 -0.044416 0.310914
v -64.250000 72.000000 -138.250000
vt 0.171875 1.000000
vn 0.948683 0.000000 0.316228
v -64.250000 184.000000 -138.250000
vt 0.171875 1.875000
vn 0.948683 0.000000 0.316228
v -64.250000 184.000000 -138.250000
vt 0.205044 1.000000
vn 0.948683 0.000000 0.316228
v -64.250000 69.597656 -138.089844
vt 0.205044 1.218750
vn 0.949399 0.044416 0.310914
v -64.250000 72.000000 -138.250000
vt 0.205044 1.250000
vn 0.948683 0.000000 0.316228
v -64.250000 67.515625 -137.609375
vt 0.205044 1.187500
vn 0.951220 0.097561 0.292683
v -64.250000 65.753906 -136.808594
vt 0.205044 1.156250
vn 0.953160 0.155618 0.259363
v -64.250000 64.312500 -135.687500
vt 0.205044 1.125000
vn 0.953998 0.212000 0.212000
v -64.250000 63.191406 -134.246094
vt 0.205044 1.093750
vn 0.953160 0.259363 0.155618
v -64.250000 62.390625 -132.484375
vt 0.205044 1.062500
vn 0.951220 0.292683 0.097561
v -64.250000 61.910156 -130.402344
vt 0.205044 1.031250
vn 0.949399 0.310914 0.044416
v -64.250000 61.750000 -128.000000
vt 0.205044 1.000000
vn 0.948683 0.316228 0.000000
v -64.000000 60.000000 -128.000000
vt 0.226333 1.000000
vn 1.000000 0.000000 -0.000000
v -64.250000 58.250000 -128.000000
vt 0.247621 1.000000
vn 0.948683 -0.316228 0.000000
v -64.250000 58.250000 -128.000000
vt 0.171875 1.000000
vn 0.948683 -0.316228 0.000000
v -63.875000 60.000000 -120.125000
vt 0.187500 1.074219
vn 0.999446 0.000000 -0.033278
v -64.000000 60.000000 -128.000000
vt 0.187500 1.000000
vn 1.000000 0.000000 -0.000000
v -64.124756 58.250000 -120.109619
vt 0.171875 1.074219
vn 0.948013 -0.316662 -0.031562
v -64.124756 61.750000 -120.109619
vt 0.203125 1.074219
vn 0.948013 0.316662 -0.031562
v -64.250000 61.750000 -128.000000
vt 0.203125 1.000000
vn 0.948683 0.316228 0.000000
v -63.749023 61.750000 -112.469727
vt 0.203125 1.148438
vn 0.946398 0.316780 -0.063093
v -63.500000 60.000000 -112.500000
vt 0.187500 1.148438
vn 0.997785 0.000000 -0.066519
v -63.749023 58.250000 -112.469727
vt 0.171875 1.148438
vn 0.946398 -0.316780 -0.063093
v -63.749023 197.750000 -112.469727
vt 0.203125 1.148438
vn 0.946398 0.316780 -0.063093
v -63.500000 196.000000 -112.500000
vt 0.187500 1.148438
vn 0.997785 0.000000 -0.066519
v -63.749023 194.250000 -112.469727
vt 0.171875 1.148438
vn 0.946398 -0.316780 -0.063093
v -63.122803 197.750000 -105.080322
vt 0.203125 1.222656
vn 0.943016 0.317791 -0.098640
v -62.875000 196.000000 -105.125000
vt 0.187500 1.222656
vn 0.994573 0.000000 -0.104044
v -63.122803 194.250000 -105.080322
vt 0.171875 1.222656
vn 0.943016 -0.317791 -0.098640
v -62.875000 60.000000 -105.125000
vt 0.187500 1.222656
vn 0.994573 0.000000 -0.104044
v -63.122803 58.250000 -105.080322
vt 0.171875 1.222656
vn 0.943016 -0.317791 -0.098640
v -63.122803 61.750000 -105.080322
vt 0.203125 1.222656
vn 0.943016 0.317791 -0.098640
v -62.246094 61.750000 -97.941406
vt 0.203125 1.296875
vn 0.938430 0.318396 -0.134061
v -62.000000 60.000000 -98.000000
vt 0.187500 1.296875
vn 0.989950 0.000000 -0.141421
v -62.246094 58.250000 -97.941406
vt 0.171875 1.296875
vn 0.938430 -0.318396 -0.134061
v -62.246094 197.750000 -97.941406
vt 0.203125 1.296875
vn 0.938430 0.318396 -0.134061
v -62.000000 196.000000 -98.000000
vt 0.187500 1.296875
vn 0.989950 0.000000 -0.141421
v -62.246094 194.250000 -97.941406
vt 0.171875 1.296875
vn 0.938430 -0.318396 -0.134061
v -61.118896 197.750000 -91.052979
vt 0.203125 1.371094
vn 0.931394 0.319921 -0.173654
v -60.875000 196.000000 -91.125000
vt 0.187500 1.371094
vn 0.983056 0.000000 -0.183306
v -61.118896 194.250000 -91.052979
vt 0.171875 1.371094
vn 0.931394 -0.319921 -0.173654
v -60.875000 60.000000 -91.125000
vt 0.187500 1.371094
vn 0.983056 0.000000 -0.183306
v -61.118896 58.250000 -91.052979
vt 0.171875 1.371094
vn 0.931394 -0.319921 -0.173654
v -61.118896 61.750000 -91.052979
vt 0.203125 1.371094
vn 0.931394 0.319921 -0.173654
v -59.741211 61.750000 -84.415039
vt 0.203125 1.445312
vn 0.922850 0.320927 -0.212965
v -59.500000 60.000000 -84.500000
vt 0.187500 1.445312
vn 0.974391 0.000000 -0.224860
v -59.741211 58.250000 -84.415039
vt 0.171875 1.445312
vn 0.922850 -0.320927 -0.212965
v -59.741211 197.750000 -84.415039
vt 0.203125 1.445312
vn 0.922850 0.320927 -0.212965
v -59.500000 196.000000 -84.500000
vt 0.187500 1.445312
vn 0.974391 0.000000 -0.224860
v -59.741211 194.250000 -84.415039
vt 0.171875 1.445312
vn 0.922850 -0.320927 -0.212965
v -58.113037 197.750000 -78.027588
vt 0.203125 1.519531
vn 0.911086 0.322835 -0.256322
v -57.875000 196.000000 -78.125000
vt 0.187500 1.519531
vn 0.962622 0.000000 -0.270849
v -58.113037 194.250000 -78.027588
vt 0.171875 1.519531
vn 0.911086 -0.322835 -0.256322
v -57.875000 60.000000 -78.125000
vt 0.187500 1.519531
vn 0.962622 0.000000 -0.270849
v -58.113037 58.250000 -78.027588
vt 0.171875 1.519531
vn 0.911086 -0.322835 -0.256322
v -58.113037 61.750000 -78.027588
vt 0.203125 1.519531
vn 0.911086 0.322835 -0.256322
v -56.234375 61.750000 -71.890625
vt 0.203125 1.593750
vn 0.897479 0.324090 -0.299160
v -56.000000 60.000000 -72.000000
vt 0.187500 1.593750
vn 0.948683 0.000000 -0.316228
v -56.234375 58.250000 -71.890625
vt 0.171875 1.593750
vn 0.897479 -0.324090 -0.299160
v -56.234375 197.750000 -71.890625
vt 0.203125 1.593750
vn 0.897479 0.324090 -0.299160
v -56.000000 196.000000 -72.000000
vt 0.187500 1.593750
vn 0.948683 0.000000 -0.316228
v -56.234375 194.250000 -71.890625
vt 0.171875 1.593750
vn 0.897479 -0.324090 -0.299160
v -53.875000 196.000000 -66.125000
vt 0.187500 1.667969
vn 0.930804 0.000000 -0.365518
v -54.105225 194.250000 -66.004150
vt 0.171875 1.667969
vn 0.879910 -0.326173 -0.345499
v -54.105225 197.750000 -66.004150
vt 0.203125 1.667969
vn 0.879910 0.326173 -0.345499
v -53.875000 60.000000 -66.125000
vt 0.187500 1.667969
vn 0.930804 0.000000 -0.365518
v -54.105225 58.250000 -66.004150
vt 0.171875 1.667969
vn 0.879910 -0.326173 -0.345499
v -54.105225 61.750000 -66.004150
vt 0.203125 1.667969
vn 0.879910 0.326173 -0.345499
v -51.500000 60.000000 -60.500000
vt 0.187500 1.742188
vn 0.910367 0.000000 -0.413803
v -51.725586 58.250000 -60.368164
vt 0.171875 1.742188
vn 0.860176 -0.327453 -0.390989
v -51.725586 61.750000 -60.368164
vt 0.203125 1.742188
vn 0.860176 0.327453 -0.390989
v -51.725586 197.750000 -60.368164
vt 0.203125 1.742188
vn 0.860176 0.327453 -0.390989
v -51.500000 196.000000 -60.500000
vt 0.187500 1.742188
vn 0.910367 0.000000 -0.413803
v -51.725586 194.250000 -60.368164
vt 0.171875 1.742188
vn 0.860176 -0.327453 -0.390989
v -48.875000 196.000000 -55.125000
vt 0.187500 1.816406
vn 0.885363 0.000000 -0.464901
v -49.095459 194.250000 -54.982666
vt 0.171875 1.816406
vn 0.835953 -0.329438 -0.438923
v -48.875000 60.000000 -55.125000
vt 0.187500 1.816406
vn 0.885363 0.000000 -0.464901
v -49.095459 58.250000 -54.982666
vt 0.171875 1.816406
vn 0.835953 -0.329438 -0.438923
v -49.095459 61.750000 -54.982666
vt 0.203125 1.816406
vn 0.835953 0.329438 -0.438923
v -49.095459 197.750000 -54.982666
vt 0.203125 1.816406
vn 0.835953 0.329438 -0.438923
v -46.000004 60.000000 -50.000000
vt 0.187500 1.890625
vn 0.857493 0.000000 -0.514495
v -46.214848 58.250000 -49.847656
vt 0.171875 1.890625
vn 0.809316 -0.330471 -0.485589
v -46.214848 61.750000 -49.847656
vt 0.203125 1.890625
vn 0.809316 0.330471 -0.485589
v -46.214848 197.750000 -49.847656
vt 0.203125 1.890625
vn 0.809316 0.330471 -0.485589
v -46.000004 196.000000 -50.000000
vt 0.187500 1.890625
vn 0.857493 0.000000 -0.514495
v -46.214848 194.250000 -49.847656
vt 0.171875 1.890625
vn 0.809316 -0.330471 -0.485589
v -65.000000 62.859375 -140.890625
vt 0.267291 1.156250
vn 0.724279 -0.354749 -0.591248
v -65.000000 195.250000 -139.250000
vt 0.267291 1.125000
vn 0.727607 0.485071 -0.485071
v -65.000000 60.750000 -139.250000
vt 0.267291 1.125000
vn 0.727607 -0.485071 -0.485071
v -65.000000 196.890625 -137.140625
vt 0.267291 1.156250
vn 0.724279 0.591248 -0.354749
v -65.000000 59.109375 -137.140625
vt 0.267291 1.093750
vn 0.724279 -0.591248 -0.354749
v -43.083748 197.750000 -44.963135
vt 0.203125 1.964844
vn 0.778127 0.332061 -0.533154
v -42.875008 196.000000 -45.125000
vt 0.187500 1.964844
vn 0.824923 -0.000000 -0.565246
v -43.083748 194.250000 -44.963135
vt 0.171875 1.964844
vn 0.778127 -0.332061 -0.533154
v -42.875008 60.000000 -45.125000
vt 0.187500 1.964844
vn 0.824923 -0.000000 -0.565246
v -43.083748 58.250000 -44.963135
vt 0.171875 1.964844
vn 0.778127 -0.332061 -0.533154
v -43.083748 61.750000 -44.963135
vt 0.203125 1.964844
vn 0.778127 0.332061 -0.533154
v -65.000000 198.062500 -134.562500
vt 0.267291 1.187500
vn 0.716713 0.661581 -0.220527
v -65.000000 57.937500 -134.562500
vt 0.267291 1.062500
vn 0.716713 -0.661581 -0.220527
v -39.702156 61.750000 -40.329102
vt 0.203125 2.039062
vn 0.744419 0.332576 -0.578993
v -39.500008 60.000000 -40.500000
vt 0.187500 2.039062
vn 0.789352 0.000000 -0.613941
v -39.702156 197.750000 -40.329102
vt 0.203125 2.039062
vn 0.744419 0.332576 -0.578993
v -39.500008 196.000000 -40.500000
vt 0.187500 2.039062
vn 0.789352 0.000000 -0.613941
v -39.702156 194.250000 -40.329102
vt 0.171875 2.039062
vn 0.744419 -0.332576 -0.578993
v -39.702156 58.250000 -40.329102
vt 0.171875 2.039062
vn 0.744419 -0.332576 -0.578993
v -65.000000 198.765625 -131.515625
vt 0.267291 1.218750
vn 0.709788 0.697336 -0.099619
v -65.000000 57.234375 -131.515625
vt 0.267291 1.031250
vn 0.709788 -0.697336 -0.099619
v -36.070076 197.750000 -35.945557
vt 0.203125 2.113281
vn 0.706757 0.333528 -0.623902
v -35.875008 196.000000 -36.125000
vt 0.187500 2.113281
vn 0.749678 0.000000 -0.661803
v -36.070076 194.250000 -35.945557
vt 0.171875 2.113281
vn 0.706757 -0.333528 -0.623902
v -35.875008 60.000000 -36.125000
vt 0.187500 2.113281
vn 0.749678 0.000000 -0.661803
v -36.070076 58.250000 -35.945557
vt 0.171875 2.113281
vn 0.706757 -0.333528 -0.623902
v -36.070076 61.750000 -35.945557
vt 0.203125 2.113281
vn 0.706757 0.333528 -0.623902
v -61.850586 63.000000 -90.836914
vt 0.218750 1.371094
vn 0.690637 0.711656 -0.128712
v -62.984375 63.000000 -97.765625
vt 0.218750 1.296875
vn 0.697336 0.709788 -0.099619
v -62.984375 57.000000 -97.765625
vt 0.156250 1.296875
vn 0.697336 -0.709788 -0.099619
v -61.850586 57.000000 -90.836914
vt 0.156250 1.371094
vn 0.690637 -0.711656 -0.128712
v -62.984375 193.000000 -97.765625
vt 0.156250 1.296875
vn 0.697336 -0.709788 -0.099619
v -61.850586 193.000000 -90.836914
vt 0.156250 1.371094
vn 0.690637 -0.711656 -0.128712
v -60.464844 193.000000 -84.160156
vt 0.156250 1.445312
vn 0.683320 -0.712887 -0.157689
v -61.850586 199.000000 -90.836914
vt 0.218750 1.371094
vn 0.690637 0.711656 -0.128712
v -62.984375 199.000000 -97.765625
vt 0.218750 1.296875
vn 0.697336 0.709788 -0.099619
v -60.464844 199.000000 -84.160156
vt 0.218750 1.445312
vn 0.683320 0.712887 -0.157689
v -60.464844 63.000000 -84.160156
vt 0.218750 1.445312
vn 0.683320 0.712887 -0.157689
v -63.866211 199.000000 -104.946289
vt 0.218750 1.222656
vn 0.701344 0.709041 -0.073331
v -63.866211 63.000000 -104.946289
vt 0.218750 1.222656
vn 0.701344 0.709041 -0.073331
v -60.464844 57.000000 -84.160156
vt 0.156250 1.445312
vn 0.683320 -0.712887 -0.157689
v -63.866211 193.000000 -104.946289
vt 0.156250 1.222656
vn 0.701344 -0.709041 -0.073331
v -63.866211 57.000000 -104.946289
vt 0.156250 1.222656
vn 0.701344 -0.709041 -0.073331
v -58.827148 63.000000 -77.735352
vt 0.218750 1.519531
vn 0.672824 0.715197 -0.189213
v -58.827148 57.000000 -77.735352
vt 0.156250 1.519531
vn 0.672824 -0.715197 -0.189213
v -58.827148 193.000000 -77.735352
vt 0.156250 1.519531
vn 0.672824 -0.715197 -0.189213
v -64.496094 57.000000 -112.378906
vt 0.156250 1.148438
vn 0.704856 -0.707793 -0.046990
v -64.496094 193.000000 -112.378906
vt 0.156250 1.148438
vn 0.704856 -0.707793 -0.046990
v -58.827148 199.000000 -77.735352
vt 0.218750 1.519531
vn 0.672824 0.715197 -0.189213
v -64.496094 63.000000 -112.378906
vt 0.218750 1.148438
vn 0.704856 0.707793 -0.046990
v -64.496094 199.000000 -112.378906
vt 0.218750 1.148438
vn 0.704856 0.707793 -0.046990
v -64.874023 199.000000 -120.063477
vt 0.218750 1.074219
vn 0.706177 0.707645 -0.023502
v -64.874023 63.000000 -120.063477
vt 0.218750 1.074219
vn 0.706177 0.707645 -0.023502
v -64.874023 193.000000 -120.063477
vt 0.156250 1.074219
vn 0.706177 -0.707646 -0.023502
v -64.874023 57.000000 -120.063477
vt 0.156250 1.074219
vn 0.706177 -0.707646 -0.023502
v -65.000000 199.000000 -128.000000
vt 0.267291 1.250000
vn 0.707107 0.707107 -0.000000
v -65.000000 199.000000 -128.000000
vt 0.218750 1.000000
vn 0.707107 0.707107 -0.000000
v -56.937500 199.000000 -71.562500
vt 0.218750 1.593750
vn 0.661581 0.716713 -0.220527
v -56.937500 63.000000 -71.562500
vt 0.218750 1.593750
vn 0.661581 0.716713 -0.220527
v -65.000000 57.000000 -128.000000
vt 0.267291 1.000000
vn 0.707107 -0.707107 -0.000000
v -65.000000 57.000000 -128.000000
vt 0.156250 1.000000
vn 0.707107 -0.707107 -0.000000
v -56.937500 193.000000 -71.562500
vt 0.156250 1.593750
vn 0.661581 -0.716713 -0.220527
v -56.937500 57.000000 -71.562500
vt 0.156250 1.593750
vn 0.661581 -0.716713 -0.220527
v -65.000000 63.000000 -128.000000
vt 0.218750 1.000000
vn 0.707107 0.707107 -0.000000
v -65.000000 63.000000 -128.000000
vt 0.185374 1.000000
vn 0.707107 0.707107 -0.000000
v -65.000000 63.140625 -130.109375
vt 0.185374 1.031250
vn 0.709788 0.697336 0.099619
v -65.000000 63.562500 -131.937500
vt 0.185374 1.062500
vn 0.716713 0.661581 0.220527
v -65.000000 64.265625 -133.484375
vt 0.185374 1.093750
vn 0.724279 0.591248 0.354749
v -65.000000 65.250000 -134.750000
vt 0.185374 1.125000
vn 0.727607 0.485071 0.485071
v -65.000000 66.515625 -135.734375
vt 0.185374 1.156250
vn 0.724279 0.354749 0.591248
v -65.000000 68.062500 -136.437500
vt 0.185374 1.187500
vn 0.716713 0.220527 0.661581
v -65.000000 69.890625 -136.859375
vt 0.185374 1.218750
vn 0.709788 0.099619 0.697336
v -65.000000 72.000000 -137.000000
vt 0.185374 1.250000
vn 0.707107 0.000000 0.707107
v -65.000000 193.000000 -128.000000
vt 0.156250 1.000000
vn 0.707107 -0.707107 -0.000000
v -65.000000 192.859375 -130.109375
vt 0.185374 1.218750
vn 0.709788 -0.697336 0.099619
v -65.000000 193.000000 -128.000000
vt 0.185374 1.250000
vn 0.707107 -0.707107 -0.000000
v -65.000000 192.437500 -131.937500
vt 0.185374 1.187500
vn 0.716713 -0.661581 0.220527
v -65.000000 191.734375 -133.484375
vt 0.185374 1.156250
vn 0.724279 -0.591248 0.354749
v -65.000000 190.750000 -134.750000
vt 0.185374 1.125000
vn 0.727607 -0.485071 0.485071
v -65.000000 189.484375 -135.734375
vt 0.185374 1.093750
vn 0.724279 -0.354749 0.591248
v -65.000000 187.937500 -136.437500
vt 0.185374 1.062500
vn 0.716713 -0.220527 0.661582
v -65.000000 186.109375 -136.859375
vt 0.185374 1.031250
vn 0.709788 -0.099619 0.697336
v -65.000000 184.000000 -137.000000
vt 0.185374 1.000000
vn 0.707107 0.000000 0.707107
v -54.795898 63.000000 -65.641602
vt 0.218750 1.667969
vn 0.646765 0.719201 -0.253861
v -54.795898 57.000000 -65.641602
vt 0.156250 1.667969
vn 0.646765 -0.719201 -0.253861
v -54.795898 193.000000 -65.641602
vt 0.156250 1.667969
vn 0.646765 -0.719201 -0.253861
v -54.795898 199.000000 -65.641602
vt 0.218750 1.667969
vn 0.646765 0.719201 -0.253861
v -32.187508 61.750000 -31.812500
vt 0.203125 2.187500
vn 0.666667 0.333333 -0.666667
v -32.000008 60.000000 -32.000000
vt 0.187500 2.187500
vn 0.707107 0.000000 -0.707107
v -32.187508 197.750000 -31.812500
vt 0.203125 2.187500
vn 0.666667 0.333333 -0.666667
v -32.000008 196.000000 -32.000000
vt 0.187500 2.187500
vn 0.707107 0.000000 -0.707107
v -32.187508 194.250000 -31.812500
vt 0.171875 2.187500
vn 0.666667 -0.333333 -0.666667
v -32.187508 58.250000 -31.812500
vt 0.171875 2.187500
vn 0.666667 -0.333333 -0.666667
v -52.402344 199.000000 -59.972656
vt 0.218750 1.742188
vn 0.631084 0.720726 -0.286856
v -52.402344 63.000000 -59.972656
vt 0.218750 1.742188
vn 0.631084 0.720726 -0.286856
v -52.402344 193.000000 -59.972656
vt 0.156250 1.742188
vn 0.631084 -0.720726 -0.286856
v -52.402344 57.000000 -59.972656
vt 0.156250 1.742188
vn 0.631084 -0.720726 -0.286856
v -49.756836 63.000000 -54.555664
vt 0.218750 1.816406
vn 0.611641 0.723064 -0.321052
v -49.756836 57.000000 -54.555664
vt 0.156250 1.816406
vn 0.611641 -0.723064 -0.321052
v -49.756836 193.000000 -54.555664
vt 0.156250 1.816406
vn 0.611641 -0.723064 -0.321052
v -49.756836 199.000000 -54.555664
vt 0.218750 1.816406
vn 0.611641 0.723064 -0.321052
v -28.054451 197.750000 -27.929932
vt 0.203125 2.261719
vn 0.623902 0.333528 -0.706757
v -27.875008 196.000000 -28.125000
vt 0.187500 2.261719
vn 0.661803 0.000000 -0.749678
v -28.054451 194.250000 -27.929932
vt 0.171875 2.261719
vn 0.623902 -0.333528 -0.706757
v -27.875008 60.000000 -28.125000
vt 0.187500 2.261719
vn 0.661803 0.000000 -0.749678
v -28.054451 58.250000 -27.929932
vt 0.171875 2.261719
vn 0.623902 -0.333528 -0.706757
v -28.054451 61.750000 -27.929932
vt 0.203125 2.261719
vn 0.623902 0.333528 -0.706757
v -46.859379 199.000000 -49.390625
vt 0.218750 1.890625
vn 0.591248 0.724279 -0.354748
v -46.859379 63.000000 -49.390625
vt 0.218750 1.890625
vn 0.591248 0.724279 -0.354748
v -46.859379 193.000000 -49.390625
vt 0.156250 1.890625
vn 0.591248 -0.724279 -0.354748
v -46.859379 57.000000 -49.390625
vt 0.156250 1.890625
vn 0.591248 -0.724279 -0.354748
v -43.709969 63.000000 -44.477539
vt 0.218750 1.964844
vn 0.567225 0.726131 -0.388574
v -43.709969 199.000000 -44.477539
vt 0.218750 1.964844
vn 0.567225 0.726131 -0.388574
v -43.709969 57.000000 -44.477539
vt 0.156250 1.964844
vn 0.567225 -0.726131 -0.388574
v -43.709969 193.000000 -44.477539
vt 0.156250 1.964844
vn 0.567225 -0.726131 -0.388574
v -23.670908 61.750000 -24.297852
vt 0.203125 2.335938
vn 0.578993 0.332576 -0.744419
v -23.500010 60.000000 -24.500000
vt 0.187500 2.335938
vn 0.613941 0.000000 -0.789352
v -23.670908 197.750000 -24.297852
vt 0.203125 2.335938
vn 0.578993 0.332576 -0.744419
v -23.500010 196.000000 -24.500000
vt 0.187500 2.335938
vn 0.613941 0.000000 -0.789352
v -23.670908 194.250000 -24.297852
vt 0.171875 2.335938
vn 0.578993 -0.332576 -0.744419
v -23.670908 58.250000 -24.297852
vt 0.171875 2.335938
vn 0.578993 -0.332576 -0.744419
v -40.308601 199.000000 -39.816406
vt 0.218750 2.039062
vn 0.542224 0.726731 -0.421730
v -40.308601 193.000000 -39.816406
vt 0.156250 2.039062
vn 0.542224 -0.726731 -0.421730
v -40.308601 57.000000 -39.816406
vt 0.156250 2.039062
vn 0.542224 -0.726731 -0.421730
v -40.308601 63.000000 -39.816406
vt 0.218750 2.039062
vn 0.542224 0.726731 -0.421730
v -36.655281 57.000000 -35.407227
vt 0.156250 2.113281
vn 0.514116 -0.727831 -0.453814
v -36.655281 63.000000 -35.407227
vt 0.218750 2.113281
vn 0.514116 0.727831 -0.453814
v -36.655281 199.000000 -35.407227
vt 0.218750 2.113281
vn 0.514116 0.727831 -0.453814
v -36.655281 193.000000 -35.407227
vt 0.156250 2.113281
vn 0.514116 -0.727831 -0.453814
v -18.875011 60.000000 -21.125000
vt 0.187500 2.410156
vn 0.565246 0.000000 -0.824922
v -19.036877 58.250000 -20.916260
vt 0.171875 2.410156
vn 0.533154 -0.332061 -0.778127
v -19.036877 61.750000 -20.916260
vt 0.203125 2.410156
vn 0.533154 0.332061 -0.778127
v -19.036877 197.750000 -20.916260
vt 0.203125 2.410156
vn 0.533154 0.332061 -0.778127
v -18.875011 196.000000 -21.125000
vt 0.187500 2.410156
vn 0.565246 0.000000 -0.824922
v -19.036877 194.250000 -20.916260
vt 0.171875 2.410156
vn 0.533154 -0.332061 -0.778127
v -32.750008 193.000000 -31.250000
vt 0.156250 2.187500
vn 0.485071 -0.727607 -0.485071
v -32.750008 57.000000 -31.250000
vt 0.156250 2.187500
vn 0.485071 -0.727607 -0.485071
v -32.750008 199.000000 -31.250000
vt 0.218750 2.187500
vn 0.485071 0.727607 -0.485071
v -32.750008 63.000000 -31.250000
vt 0.218750 2.187500
vn 0.485071 0.727607 -0.485071
v -65.000000 72.000000 -137.000000
vt 0.156250 1.000000
vn 0.707107 0.000000 0.707107
v -65.000000 184.000000 -137.000000
vt 0.156250 1.875000
vn 0.707107 0.000000 0.707107
v -14.000011 196.000000 -18.000000
vt 0.187500 2.484375
vn 0.514496 0.000000 -0.857493
v -14.152355 194.250000 -17.785156
vt 0.171875 2.484375
vn 0.485590 -0.330471 -0.809316
v -14.000011 60.000000 -18.000000
vt 0.187500 2.484375
vn 0.514496 0.000000 -0.857493
v -14.152355 58.250000 -17.785156
vt 0.171875 2.484375
vn 0.485590 -0.330471 -0.809316
v -14.152355 61.750000 -17.785156
vt 0.203125 2.484375
vn 0.485590 0.330471 -0.809316
v -14.152355 197.750000 -17.785156
vt 0.203125 2.484375
vn 0.485590 0.330471 -0.809316
v -66.250000 184.000000 -143.750000
vt 0.234375 1.875000
vn 0.316228 -0.000000 -0.948683
v -66.250000 72.000000 -143.750000
vt 0.234375 1.000000
vn 0.316228 0.000000 -0.948683
v -66.250000 72.000000 -143.750000
vt 0.285343 1.250000
vn 0.316228 0.000000 -0.948683
v -66.250000 68.308594 -143.503906
vt 0.285343 1.218750
vn 0.318396 -0.134061 -0.938430
v -66.250000 187.691406 -143.503906
vt 0.285343 1.031250
vn 0.318396 0.134061 -0.938430
v -66.250000 184.000000 -143.750000
vt 0.285343 1.000000
vn 0.316228 -0.000000 -0.948683
v -66.250000 65.109375 -142.765625
vt 0.285343 1.187500
vn 0.324090 -0.299160 -0.897479
v -66.250000 190.890625 -142.765625
vt 0.285343 1.062500
vn 0.324090 0.299160 -0.897479
v -28.592781 57.000000 -27.344727
vt 0.156250 2.261719
vn 0.453814 -0.727831 -0.514116
v -28.592781 63.000000 -27.344727
vt 0.218750 2.261719
vn 0.453814 0.727831 -0.514116
v -28.592781 199.000000 -27.344727
vt 0.218750 2.261719
vn 0.453814 0.727831 -0.514116
v -28.592781 193.000000 -27.344727
vt 0.156250 2.261719
vn 0.453814 -0.727831 -0.514116
v -66.250000 62.402344 -141.535156
vt 0.285343 1.156250
vn 0.330471 -0.485589 -0.809316
v -66.250000 193.597656 -141.535156
vt 0.285343 1.093750
vn 0.330471 0.485590 -0.809316
v -8.875013 60.000000 -15.125000
vt 0.187500 2.558594
vn 0.464902 0.000000 -0.885362
v -9.017347 58.250000 -14.904541
vt 0.171875 2.558594
vn 0.438923 -0.329438 -0.835953
v -9.017347 61.750000 -14.904541
vt 0.203125 2.558594
vn 0.438923 0.329438 -0.835953
v -9.017347 197.750000 -14.904541
vt 0.203125 2.558594
vn 0.438923 0.329438 -0.835953
v -8.875013 196.000000 -15.125000
vt 0.187500 2.558594
vn 0.464902 0.000000 -0.885362
v -9.017347 194.250000 -14.904541
vt 0.171875 2.558594
vn 0.438923 -0.329438 -0.835953
v -66.250000 60.187500 -139.812500
vt 0.285343 1.125000
vn 0.333333 -0.666667 -0.666667
v -66.250000 195.812500 -139.812500
vt 0.285343 1.125000
vn 0.333333 0.666667 -0.666667
v -24.183603 193.000000 -23.691406
vt 0.156250 2.335938
vn 0.421730 -0.726731 -0.542224
v -24.183603 57.000000 -23.691406
vt 0.156250 2.335938
vn 0.421730 -0.726731 -0.542224
v -24.183603 199.000000 -23.691406
vt 0.218750 2.335938
vn 0.421730 0.726731 -0.542224
v -24.183603 63.000000 -23.691406
vt 0.218750 2.335938
vn 0.421730 0.726731 -0.542224
v -19.522472 57.000000 -20.290039
vt 0.156250 2.410156
vn 0.388574 -0.726131 -0.567225
v -19.522472 199.000000 -20.290039
vt 0.218750 2.410156
vn 0.388574 0.726131 -0.567225
v -19.522472 193.000000 -20.290039
vt 0.156250 2.410156
vn 0.388574 -0.726131 -0.567225
v -3.500015 196.000000 -12.500000
vt 0.187500 2.632812
vn 0.413803 0.000000 -0.910366
v -3.631850 194.250000 -12.274414
vt 0.171875 2.632812
vn 0.390989 -0.327453 -0.860176
v -3.500015 60.000000 -12.500000
vt 0.187500 2.632812
vn 0.413803 0.000000 -0.910366
v -3.631850 58.250000 -12.274414
vt 0.171875 2.632812
vn 0.390989 -0.327453 -0.860176
v -3.631850 61.750000 -12.274414
vt 0.203125 2.632812
vn 0.390989 0.327453 -0.860176
v -3.631850 197.750000 -12.274414
vt 0.203125 2.632812
vn 0.390989 0.327453 -0.860176
v -19.522472 63.000000 -20.290039
vt 0.218750 2.410156
vn 0.388574 0.726131 -0.567225
v -14.609386 193.000000 -17.140625
vt 0.156250 2.484375
vn 0.354749 -0.724279 -0.591248
v -14.609386 57.000000 -17.140625
vt 0.156250 2.484375
vn 0.354749 -0.724279 -0.591248
v -14.609386 199.000000 -17.140625
vt 0.218750 2.484375
vn 0.354749 0.724279 -0.591248
v -14.609386 63.000000 -17.140625
vt 0.218750 2.484375
vn 0.354749 0.724279 -0.591248
v 2.124984 60.000000 -10.125000
vt 0.187500 2.707031
vn 0.365518 0.000000 -0.930804
v 2.004135 58.250000 -9.894775
vt 0.171875 2.707031
vn 0.345499 -0.326173 -0.879910
v 2.004135 61.750000 -9.894775
vt 0.203125 2.707031
vn 0.345499 0.326173 -0.879910
v 2.004135 197.750000 -9.894775
vt 0.203125 2.707031
vn 0.345499 0.326173 -0.879910
v 2.124984 196.000000 -10.125000
vt 0.187500 2.707031
vn 0.365518 0.000000 -0.930804
v 2.004135 194.250000 -9.894775
vt 0.171875 2.707031
vn 0.345499 -0.326173 -0.879910
v -9.444349 57.000000 -14.243164
vt 0.156250 2.558594
vn 0.321052 -0.723064 -0.611641
v -9.444349 199.000000 -14.243164
vt 0.218750 2.558594
vn 0.321052 0.723064 -0.611641
v -9.444349 193.000000 -14.243164
vt 0.156250 2.558594
vn 0.321052 -0.723064 -0.611641
v -9.444349 63.000000 -14.243164
vt 0.218750 2.558594
vn 0.321052 0.723064 -0.611641
v 7.890608 197.750000 -7.765625
vt 0.203125 2.781250
vn 0.299160 0.324090 -0.897479
v 7.999983 196.000000 -8.000000
vt 0.187500 2.781250
vn 0.316228 0.000000 -0.948683
v 7.890608 61.750000 -7.765625
vt 0.203125 2.781250
vn 0.299160 0.324090 -0.897479
v 7.999983 60.000000 -8.000000
vt 0.187500 2.781250
vn 0.316228 0.000000 -0.948683
v -4.027358 193.000000 -11.597656
vt 0.156250 2.632812
vn 0.286856 -0.720726 -0.631084
v -4.027358 57.000000 -11.597656
vt 0.156250 2.632812
vn 0.286856 -0.720726 -0.631084
v -4.027358 63.000000 -11.597656
vt 0.218750 2.632812
vn 0.286856 0.720726 -0.631084
v -4.027358 199.000000 -11.597656
vt 0.218750 2.632812
vn 0.286856 0.720726 -0.631084
v 14.027570 61.750000 -5.886963
vt 0.203125 2.855469
vn 0.256322 0.322835 -0.911086
v 14.124982 60.000000 -6.125000
vt 0.187500 2.855469
vn 0.270849 0.000000 -0.962622
v 14.027570 197.750000 -5.886963
vt 0.203125 2.855469
vn 0.256322 0.322835 -0.911086
v 14.124982 196.000000 -6.125000
vt 0.187500 2.855469
vn 0.270849 0.000000 -0.962622
v 1.641586 57.000000 -9.204102
vt 0.156250 2.707031
vn 0.253861 -0.719201 -0.646765
v 1.641586 199.000000 -9.204102
vt 0.218750 2.707031
vn 0.253861 0.719201 -0.646765
v 1.641586 193.000000 -9.204102
vt 0.156250 2.707031
vn 0.253861 -0.719201 -0.646765
v 1.641586 63.000000 -9.204102
vt 0.218750 2.707031
vn 0.253861 0.719201 -0.646765
v 20.415020 197.750000 -4.258789
vt 0.203125 2.929687
vn 0.212965 0.320927 -0.922850
v 20.499981 196.000000 -4.500000
vt 0.187500 2.929687
vn 0.224860 0.000000 -0.974391
v 20.415020 61.750000 -4.258789
vt 0.203125 2.929687
vn 0.212965 0.320927 -0.922850
v 20.499981 60.000000 -4.500000
vt 0.187500 2.929687
vn 0.224860 0.000000 -0.974391
v 7.562483 63.000000 -7.062500
vt 0.218750 2.781250
vn 0.220527 0.716713 -0.661581
v 7.562483 199.000000 -7.062500
vt 0.218750 2.781250
vn 0.220527 0.716713 -0.661581
v 27.052958 61.750000 -2.881104
vt 0.203125 3.003906
vn 0.173654 0.319921 -0.931394
v 27.124979 60.000000 -3.125000
vt 0.187500 3.003906
vn 0.183306 0.000000 -0.983056
v 27.052958 197.750000 -2.881104
vt 0.203125 3.003906
vn 0.173654 0.319921 -0.931394
v 27.124979 196.000000 -3.125000
vt 0.187500 3.003906
vn 0.183306 0.000000 -0.983056
v 13.735333 199.000000 -5.172852
vt 0.218750 2.855469
vn 0.189213 0.715197 -0.672824
v 13.735333 63.000000 -5.172852
vt 0.218750 2.855469
vn 0.189213 0.715197 -0.672824
v 33.941383 61.750000 -1.753906
vt 0.203125 3.078125
vn 0.134062 0.318396 -0.938430
v 33.999977 60.000000 -2.000000
vt 0.187500 3.078125
vn 0.141421 0.000000 -0.989950
v 20.160137 63.000000 -3.535156
vt 0.218750 2.929687
vn 0.157689 0.712887 -0.683320
v -68.000000 184.000000 -144.000000
vt 0.250000 1.875000
vn 0.000000 0.000000 -1.000000
v -68.000000 72.000000 -144.000000
vt 0.250000 1.000000
vn 0.000000 0.000000 -1.000000
v -68.000000 187.750000 -143.750000
vt 0.301777 1.031250
vn 0.000000 0.141421 -0.989950
v -68.000000 184.000000 -144.000000
vt 0.301777 1.000000
vn 0.000000 0.000000 -1.000000
v -68.000000 72.000000 -144.000000
vt 0.301777 1.250000
vn 0.000000 0.000000 -1.000000
v -68.000000 68.250000 -143.750000
vt 0.301777 1.218750
vn 0.000000 -0.141421 -0.989950
v -68.000000 191.000000 -143.000000
vt 0.301777 1.062500
vn 0.000000 0.316228 -0.948683
v -68.000000 65.000000 -143.000000
vt 0.301777 1.187500
vn 0.000000 -0.316228 -0.948683
v 41.080299 61.750000 -0.877197
vt 0.203125 3.152344
vn 0.098640 0.317791 -0.943016
v 41.124977 60.000000 -1.125000
vt 0.187500 3.152344
vn 0.104044 0.000000 -0.994573
v -68.000000 193.750000 -141.750000
vt 0.301777 1.093750
vn 0.000000 0.514496 -0.857493
v -68.000000 62.250000 -141.750000
vt 0.301777 1.156250
vn 0.000000 -0.514496 -0.857493
v 48.469700 61.750000 -0.250977
vt 0.203125 3.226562
vn 0.063093 0.316780 -0.946398
v 48.499973 60.000000 -0.500000
vt 0.187500 3.226562
vn 0.066519 0.000000 -0.997785
v 56.109589 61.750000 0.124756
vt 0.203125 3.300781
vn 0.031562 0.316662 -0.948013
v 56.124969 60.000000 -0.125000
vt 0.187500 3.300781
vn 0.033278 0.000000 -0.999446
v 63.999969 61.750000 0.250000
vt 0.203125 3.375000
vn -0.000000 0.316228 -0.948683
v 63.999969 60.000000 -0.000000
vt 0.187500 3.375000
vn 0.000000 0.000000 -1.000000
v -68.000000 72.000000 -136.000000
vt 0.125000 1.000000
vn 0.000000 0.000000 1.000000
v -66.250000 184.000000 -136.250000
vt 0.140625 1.875000
vn 0.316228 0.000000 0.948683
v -66.250000 72.000000 -136.250000
vt 0.140625 1.000000
vn 0.316228 0.000000 0.948683
v -68.000000 184.000000 -136.000000
vt 0.125000 1.875000
vn 0.000000 0.000000 1.000000
v -68.000000 70.125000 -135.875000
vt 0.150888 1.218750
vn 0.000000 0.141421 0.989950
v -68.000000 72.000000 -136.000000
vt 0.150888 1.250000
vn 0.000000 0.000000 1.000000
v -66.250000 72.000000 -136.250000
vt 0.167322 1.250000
vn 0.316228 0.000000 0.948683
v -66.250000 70.066406 -136.121094
vt 0.167322 1.218750
vn 0.318396 0.134061 0.938430
v -68.000000 184.000000 -136.000000
vt 0.150888 1.000000
vn 0.000000 0.000000 1.000000
v -66.250000 185.933594 -136.121094
vt 0.167322 1.031250
vn 0.318396 -0.134061 0.938430
v -66.250000 184.000000 -136.250000
vt 0.167322 1.000000
vn 0.316228 0.000000 0.948683
v -68.000000 185.875000 -135.875000
vt 0.150888 1.031250
vn 0.000000 -0.141421 0.989950
v -66.250000 187.609375 -135.734375
vt 0.167322 1.062500
vn 0.324090 -0.299160 0.897479
v -68.000000 187.500000 -135.500000
vt 0.150888 1.062500
vn 0.000000 -0.316228 0.948683
v -68.000000 68.500000 -135.500000
vt 0.150888 1.187500
vn 0.000000 0.316228 0.948683
v -66.250000 68.390625 -135.734375
vt 0.167322 1.187500
vn 0.324090 0.299160 0.897479
v -69.750000 72.000000 -136.250000
vt 0.109375 1.000000
vn -0.316228 0.000000 0.948683
v -69.750000 184.000000 -136.250000
vt 0.109375 1.875000
vn -0.316228 0.000000 0.948683
v -69.750000 184.000000 -136.250000
vt 0.134454 1.000000
vn -0.316228 0.000000 0.948683
v -69.750000 185.933594 -136.121094
vt 0.134454 1.031250
vn -0.318396 -0.134061 0.938430
v -69.750000 70.066406 -136.121094
vt 0.134454 1.218750
vn -0.318396 0.134061 0.938430
v -69.750000 72.000000 -136.250000
vt 0.134454 1.250000
vn -0.316228 0.000000 0.948683
v -69.750000 68.390625 -135.734375
vt 0.134454 1.187500
vn -0.324090 0.299160 0.897479
v -69.750000 187.609375 -135.734375
vt 0.134454 1.062500
vn -0.324090 -0.299160 0.897479
v -68.000000 188.875000 -134.875000
vt 0.150888 1.093750
vn 0.000000 -0.514496 0.857493
v -69.750000 189.027344 -135.089844
vt 0.134454 1.093750
vn -0.330471 -0.485589 0.809316
v -66.250000 189.027344 -135.089844
vt 0.167322 1.093750
vn 0.330471 -0.485590 0.809316
v -69.750000 66.972656 -135.089844
vt 0.134454 1.156250
vn -0.330471 0.485590 0.809316
v -68.000000 67.125000 -134.875000
vt 0.150888 1.156250
vn 0.000000 0.514496 0.857493
v -66.250000 66.972656 -135.089844
vt 0.167322 1.156250
vn 0.330471 0.485590 0.809316
v -71.000000 72.000000 -137.000000
vt 0.093750 1.000000
vn -0.707107 0.000000 0.707107
v -71.000000 184.000000 -137.000000
vt 0.093750 1.875000
vn -0.707107 0.000000 0.707107
v -71.000000 184.000000 -137.000000
vt 0.116402 1.000000
vn -0.707107 0.000000 0.707107
v -71.000000 186.109375 -136.859375
vt 0.116402 1.031250
vn -0.709788 -0.099619 0.697336
v -71.000000 69.890625 -136.859375
vt 0.116402 1.218750
vn -0.709788 0.099619 0.697336
v -71.000000 72.000000 -137.000000
vt 0.116402 1.250000
vn -0.707107 0.000000 0.707107
v -71.000000 187.937500 -136.437500
vt 0.116402 1.062500
vn -0.716713 -0.220527 0.661582
v -71.000000 68.062500 -136.437500
vt 0.116402 1.187500
vn -0.716713 0.220527 0.661581
v -71.000000 66.515625 -135.734375
vt 0.116402 1.156250
vn -0.724279 0.354749 0.591248
v -71.000000 189.484375 -135.734375
vt 0.116402 1.093750
vn -0.724279 -0.354749 0.591248
v -69.750000 65.812500 -134.187500
vt 0.134454 1.125000
vn -0.333333 0.666667 0.666667
v -68.000000 66.000000 -134.000000
vt 0.150888 1.125000
vn 0.000000 0.707107 0.707107
v -68.000000 190.000000 -134.000000
vt 0.150888 1.125000
vn 0.000000 -0.707107 0.707107
v -69.750000 190.187500 -134.187500
vt 0.134454 1.125000
vn -0.333333 -0.666667 0.666667
v -65.000000 184.000000 -137.000000
vt 0.156250 1.875000
vn 0.707107 0.000000 0.707107
v -65.000000 72.000000 -137.000000
vt 0.156250 1.000000
vn 0.707107 0.000000 0.707107
v -65.000000 72.000000 -137.000000
vt 0.185374 1.250000
vn 0.707107 0.000000 0.707107
v -65.000000 69.890625 -136.859375
vt 0.185374 1.218750
vn 0.709788 0.099619 0.697336
v -65.000000 186.109375 -136.859375
vt 0.185374 1.031250
vn 0.709788 -0.099619 0.697336
v -65.000000 184.000000 -137.000000
vt 0.185374 1.000000
vn 0.707107 0.000000 0.707107
v -65.000000 68.062500 -136.437500
vt 0.185374 1.187500
vn 0.716713 0.220527 0.661581
v -65.000000 187.937500 -136.437500
vt 0.185374 1.062500
vn 0.716713 -0.220527 0.661582
v -65.000000 189.484375 -135.734375
vt 0.185374 1.093750
vn 0.724279 -0.354749 0.591248
v -65.000000 66.515625 -135.734375
vt 0.185374 1.156250
vn 0.724279 0.354749 0.591248
v -66.250000 190.187500 -134.187500
vt 0.167322 1.125000
vn 0.333333 -0.666667 0.666667
v -66.250000 65.812500 -134.187500
vt 0.167322 1.125000
vn 0.333333 0.666667 0.666667
v -65.000000 65.250000 -134.750000
vt 0.185374 1.125000
vn 0.727607 0.485071 0.485071
v -65.000000 190.750000 -134.750000
vt 0.185374 1.125000
vn 0.727607 -0.485071 0.485071
v -69.750000 72.000000 -143.750000
vt 0.015625 1.000000
vn -0.316228 0.000000 -0.948683
v -69.750000 184.000000 -143.750000
vt 0.015625 1.875000
vn -0.316228 -0.000000 -0.948683
v -71.000000 184.000000 -143.000000
vt 0.031250 1.875000
vn -0.707107 0.000000 -0.707107
v -71.000000 72.000000 -143.000000
vt 0.031250 1.000000
vn -0.707107 0.000000 -0.707107
v -69.750000 68.308594 -143.503906
vt 0.016434 1.218750
vn -0.318396 -0.134061 -0.938430
v -69.750000 72.000000 -143.750000
vt 0.016434 1.250000
vn -0.316228 0.000000 -0.948683
v -71.000000 72.000000 -143.000000
vt 0.034486 1.250000
vn -0.707107 0.000000 -0.707107
v -71.000000 68.484375 -142.765625
vt 0.034486 1.218750
vn -0.709788 -0.099619 -0.697336
v -69.750000 184.000000 -143.750000
vt 0.016434 1.000000
vn -0.316228 -0.000000 -0.948683
v -71.000000 187.515625 -142.765625
vt 0.034486 1.031250
vn -0.709788 0.099619 -0.697336
v -71.000000 184.000000 -143.000000
vt 0.034486 1.000000
vn -0.707107 0.000000 -0.707107
v -69.750000 187.691406 -143.503906
vt 0.016434 1.031250
vn -0.318396 0.134061 -0.938430
v -69.750000 65.109375 -142.765625
vt 0.016434 1.187500
vn -0.324090 -0.299160 -0.897479
v -71.000000 65.437500 -142.062500
vt 0.034486 1.187500
vn -0.716713 -0.220527 -0.661581
v -71.000000 190.562500 -142.062500
vt 0.034486 1.062500
vn -0.716713 0.220527 -0.661581
v -69.750000 190.890625 -142.765625
vt 0.016434 1.062500
vn -0.324090 0.299160 -0.897479
v -69.750000 62.402344 -141.535156
vt 0.016434 1.156250
vn -0.330471 -0.485590 -0.809316
v -71.000000 62.859375 -140.890625
vt 0.034486 1.156250
vn -0.724279 -0.354749 -0.591248
v -71.750000 184.000000 -141.750000
vt 0.046875 1.875000
vn -0.948683 -0.000000 -0.316228
v -71.750000 72.000000 -141.750000
vt 0.046875 1.000000
vn -0.948683 0.000000 -0.316228
v -71.750000 72.000000 -141.750000
vt 0.054156 1.250000
vn -0.948683 0.000000 -0.316228
v -71.750000 68.777344 -141.535156
vt 0.054156 1.218750
vn -0.949399 -0.044416 -0.310914
v -71.750000 187.222656 -141.535156
vt 0.054156 1.031250
vn -0.949399 0.044416 -0.310914
v -71.750000 184.000000 -141.750000
vt 0.054156 1.000000
vn -0.948683 -0.000000 -0.316228
v -71.750000 65.984375 -140.890625
vt 0.054156 1.187500
vn -0.951220 -0.097561 -0.292683
v -71.750000 190.015625 -140.890625
vt 0.054156 1.062500
vn -0.951220 0.097561 -0.292683
v -71.750000 63.621094 -139.816406
vt 0.054156 1.156250
vn -0.953160 -0.155618 -0.259363
v -71.750000 192.378906 -139.816406
vt 0.054156 1.093750
vn -0.953160 0.155618 -0.259363
v -71.000000 193.140625 -140.890625
vt 0.034486 1.093750
vn -0.724279 0.354749 -0.591248
v -71.000000 60.750000 -139.250000
vt 0.034486 1.125000
vn -0.727607 -0.485071 -0.485071
v -71.750000 61.687500 -138.312500
vt 0.054156 1.125000
vn -0.953998 -0.212000 -0.212000
v -71.750000 194.312500 -138.312500
vt 0.054156 1.125000
vn -0.953998 0.212000 -0.212000
v -71.000000 195.250000 -139.250000
vt 0.034486 1.125000
vn -0.727607 0.485071 -0.485071
v -71.000000 59.109375 -137.140625
vt 0.034486 1.093750
vn -0.724279 -0.591248 -0.354749
v -71.750000 60.183594 -136.378906
vt 0.054156 1.093750
vn -0.953160 -0.259363 -0.155618
v -71.750000 195.816406 -136.378906
vt 0.054156 1.156250
vn -0.953160 0.259363 -0.155618
v -71.000000 196.890625 -137.140625
vt 0.034486 1.156250
vn -0.724279 0.591248 -0.354749
v -71.000000 57.937500 -134.562500
vt 0.034486 1.062500
vn -0.716713 -0.661581 -0.220527
v -71.750000 59.109375 -134.015625
vt 0.054156 1.062500
vn -0.951220 -0.292683 -0.097561
v -71.750000 196.890625 -134.015625
vt 0.054156 1.187500
vn -0.951220 0.292683 -0.097561
v -71.000000 198.062500 -134.562500
vt 0.034486 1.187500
vn -0.716713 0.661581 -0.220527
v -71.000000 57.234375 -131.515625
vt 0.034486 1.031250
vn -0.709788 -0.697336 -0.099619
v -71.750000 58.464844 -131.222656
vt 0.054156 1.031250
vn -0.949399 -0.310914 -0.044416
v -71.750000 197.535156 -131.222656
vt 0.054156 1.218750
vn -0.949399 0.310914 -0.044416
v -71.000000 198.765625 -131.515625
vt 0.034486 1.218750
vn -0.709788 0.697336 -0.099619
v -71.000000 57.000000 -128.000000
vt 0.034486 1.000000
vn -0.707107 -0.707107 -0.000000
v -71.750000 58.250000 -128.000000
vt 0.054156 1.000000
vn -0.948683 -0.316228 0.000000
v -71.750000 197.750000 -128.000000
vt 0.054156 1.250000
vn -0.948683 0.316228 0.000000
v -71.000000 199.000000 -128.000000
vt 0.034486 1.250000
vn -0.707107 0.707107 -0.000000
v -71.750000 58.250000 -128.000000
vt 0.078125 1.000000
vn -0.948683 -0.316228 0.000000
v -70.868164 57.000000 -119.694336
vt 0.093750 1.074219
vn -0.706177 -0.707646 0.023502
v -71.000000 57.000000 -128.000000
vt 0.093750 1.000000
vn -0.707107 -0.707107 -0.000000
v -71.617432 58.250000 -119.648193
vt 0.078125 1.074219
vn -0.948013 -0.316662 0.031562
v -71.000000 199.000000 -128.000000
vt 0.031250 1.000000
vn -0.707107 0.707107 -0.000000
v -71.617432 197.750000 -119.648193
vt 0.046875 1.074219
vn -0.948013 0.316662 0.031562
v -71.750000 197.750000 -128.000000
vt 0.046875 1.000000
vn -0.948683 0.316228 0.000000
v -70.868164 199.000000 -119.694336
vt 0.031250 1.074219
vn -0.706177 0.707646 0.023502
v -69.750000 193.597656 -141.535156
vt 0.016434 1.093750
vn -0.330471 0.485589 -0.809316
v -71.750000 72.000000 -138.250000
vt 0.078125 1.000000
vn -0.948683 0.000000 0.316228
v -71.000000 184.000000 -137.000000
vt 0.093750 1.875000
vn -0.707107 0.000000 0.707107
v -71.000000 72.000000 -137.000000
vt 0.093750 1.000000
vn -0.707107 0.000000 0.707107
v -71.750000 184.000000 -138.250000
vt 0.078125 1.875000
vn -0.948683 0.000000 0.316228
v -71.750000 184.000000 -138.250000
vt 0.096732 1.000000
vn -0.948683 0.000000 0.316228
v -71.000000 186.109375 -136.859375
vt 0.116402 1.031250
vn -0.709788 -0.099619 0.697336
v -71.000000 184.000000 -137.000000
vt 0.116402 1.000000
vn -0.707107 0.000000 0.707107
v -71.750000 186.402344 -138.089844
vt 0.096732 1.031250
vn -0.949399 -0.044416 0.310914
v -71.750000 69.597656 -138.089844
vt 0.096732 1.218750
vn -0.949399 0.044416 0.310914
v -71.750000 72.000000 -138.250000
vt 0.096732 1.250000
vn -0.948683 0.000000 0.316228
v -71.000000 72.000000 -137.000000
vt 0.116402 1.250000
vn -0.707107 0.000000 0.707107
v -71.000000 69.890625 -136.859375
vt 0.116402 1.218750
vn -0.709788 0.099619 0.697336
v -71.750000 67.515625 -137.609375
vt 0.096732 1.187500
vn -0.951220 0.097561 0.292683
v -71.000000 68.062500 -136.437500
vt 0.116402 1.187500
vn -0.716713 0.220527 0.661581
v -71.000000 187.937500 -136.437500
vt 0.116402 1.062500
vn -0.716713 -0.220527 0.661582
v -71.750000 188.484375 -137.609375
vt 0.096732 1.062500
vn -0.951220 -0.097561 0.292683
v -71.750000 65.753906 -136.808594
vt 0.096732 1.156250
vn -0.953160 0.155618 0.259363
v -71.000000 66.515625 -135.734375
vt 0.116402 1.156250
vn -0.724279 0.354749 0.591248
v -71.000000 189.484375 -135.734375
vt 0.116402 1.093750
vn -0.724279 -0.354749 0.591248
v -71.750000 190.246094 -136.808594
vt 0.096732 1.093750
vn -0.953160 -0.155618 0.259363
v -72.000000 72.000000 -140.000000
vt 0.062500 1.000000
vn -1.000000 0.000000 -0.000000
v -72.000000 184.000000 -140.000000
vt 0.062500 1.875000
vn -1.000000 0.000000 -0.000000
v -72.000000 184.000000 -140.000000
vt 0.075444 1.000000
vn -1.000000 0.000000 -0.000000
v -72.000000 186.812500 -139.812500
vt 0.075444 1.031250
vn -1.000000 0.000000 -0.000000
v -72.000000 69.187500 -139.812500
vt 0.075444 1.218750
vn -1.000000 0.000000 -0.000000
v -72.000000 72.000000 -140.000000
vt 0.075444 1.250000
vn -1.000000 0.000000 -0.000000
v -72.000000 66.750000 -139.250000
vt 0.075444 1.187500
vn -1.000000 0.000000 -0.000000
v -72.000000 189.250000 -139.250000
vt 0.075444 1.062500
vn -1.000000 0.000000 -0.000000
v -72.000000 64.687500 -138.312500
vt 0.075444 1.156250
vn -1.000000 0.000000 -0.000000
v -72.000000 191.312500 -138.312500
vt 0.075444 1.093750
vn -1.000000 0.000000 -0.000000
v -72.000000 63.000000 -137.000000
vt 0.075444 1.125000
vn -1.000000 0.000000 -0.000000
v -71.750000 64.312500 -135.687500
vt 0.096732 1.125000
vn -0.953998 0.212000 0.212000
v -71.000000 65.250000 -134.750000
vt 0.116402 1.125000
vn -0.727607 0.485071 0.485071
v -71.750000 191.687500 -135.687500
vt 0.096732 1.125000
vn -0.953998 -0.212000 0.212000
v -72.000000 193.000000 -137.000000
vt 0.075444 1.125000
vn -1.000000 0.000000 -0.000000
v -71.000000 190.750000 -134.750000
vt 0.116402 1.125000
vn -0.727607 -0.485071 0.485071
v -72.000000 61.687500 -135.312500
vt 0.075444 1.093750
vn -1.000000 0.000000 -0.000000
v -71.750000 63.191406 -134.246094
vt 0.096732 1.093750
vn -0.953160 0.259363 0.155618
v -71.000000 64.265625 -133.484375
vt 0.116402 1.093750
vn -0.724279 0.591248 0.354749
v -71.750000 192.808594 -134.246094
vt 0.096732 1.156250
vn -0.953160 -0.259363 0.155618
v -72.000000 194.312500 -135.312500
vt 0.075444 1.156250
vn -1.000000 0.000000 -0.000000
v -71.000000 191.734375 -133.484375
vt 0.116402 1.156250
vn -0.724279 -0.591248 0.354749
v -72.000000 60.750000 -133.250000
vt 0.075444 1.062500
vn -1.000000 0.000000 -0.000000
v -71.750000 62.390625 -132.484375
vt 0.096732 1.062500
vn -0.951220 0.292683 0.097561
v -71.000000 63.562500 -131.937500
vt 0.116402 1.062500
vn -0.716713 0.661581 0.220527
v -71.750000 193.609375 -132.484375
vt 0.096732 1.187500
vn -0.951220 -0.292683 0.097561
v -72.000000 195.250000 -133.250000
vt 0.075444 1.187500
vn -1.000000 0.000000 -0.000000
v -71.000000 192.437500 -131.937500
vt 0.116402 1.187500
vn -0.716713 -0.661581 0.220527
v -72.000000 60.187500 -130.812500
vt 0.075444 1.031250
vn -1.000000 0.000000 -0.000000
v -71.750000 61.910156 -130.402344
vt 0.096732 1.031250
vn -0.949399 0.310914 0.044416
v -71.750000 194.089844 -130.402344
vt 0.096732 1.218750
vn -0.949399 -0.310914 0.044416
v -72.000000 195.812500 -130.812500
vt 0.075444 1.218750
vn -1.000000 0.000000 -0.000000
v -72.000000 60.000000 -128.000000
vt 0.075444 1.000000
vn -1.000000 0.000000 -0.000000
v -71.750000 61.750000 -128.000000
vt 0.046875 1.000000
vn -0.948683 0.316228 0.000000
v -71.617432 61.750000 -119.648193
vt 0.046875 1.074219
vn -0.948013 0.316662 0.031562
v -71.867188 60.000000 -119.632812
vt 0.062500 1.074219
vn -0.999446 0.000000 0.033278
v -72.000000 60.000000 -128.000000
vt 0.062500 1.000000
vn -1.000000 0.000000 -0.000000
v -71.750000 61.750000 -128.000000
vt 0.096732 1.000000
vn -0.948683 0.316228 0.000000
v -72.000000 196.000000 -128.000000
vt 0.075444 1.250000
vn -1.000000 0.000000 -0.000000
v -71.750000 194.250000 -128.000000
vt 0.096732 1.250000
vn -0.948683 -0.316228 0.000000
v -72.000000 196.000000 -128.000000
vt 0.062500 1.000000
vn -1.000000 0.000000 -0.000000
v -71.867188 196.000000 -119.632812
vt 0.062500 1.074219
vn -0.999446 0.000000 0.033278
v -71.617432 194.250000 -119.648193
vt 0.078125 1.074219
vn -0.948013 -0.316662 0.031562
v -71.750000 194.250000 -128.000000
vt 0.078125 1.000000
vn -0.948683 -0.316228 0.000000
v -71.468750 196.000000 -111.531250
vt 0.062500 1.148438
vn -0.997785 0.000000 0.066519
v -71.219727 197.750000 -111.561523
vt 0.046875 1.148438
vn -0.946398 0.316781 0.063093
v -71.219727 194.250000 -111.561523
vt 0.078125 1.148438
vn -0.946398 -0.316781 0.063093
v -71.468750 60.000000 -111.531250
vt 0.062500 1.148438
vn -0.997785 0.000000 0.066519
v -71.219727 61.750000 -111.561523
vt 0.046875 1.148438
vn -0.946398 0.316781 0.063093
v -71.219727 58.250000 -111.561523
vt 0.078125 1.148438
vn -0.946398 -0.316781 0.063093
v -70.804688 60.000000 -103.695312
vt 0.062500 1.222656
vn -0.994573 0.000000 0.104044
v -70.556885 61.750000 -103.739990
vt 0.046875 1.222656
vn -0.943016 0.317791 0.098640
v -70.556885 58.250000 -103.739990
vt 0.078125 1.222656
vn -0.943016 -0.317791 0.098640
v -70.556885 194.250000 -103.739990
vt 0.078125 1.222656
vn -0.943016 -0.317791 0.098640
v -70.804688 196.000000 -103.695312
vt 0.062500 1.222656
vn -0.994573 0.000000 0.104044
v -70.556885 197.750000 -103.739990
vt 0.046875 1.222656
vn -0.943016 0.317791 0.098640
v -71.000000 63.140625 -130.109375
vt 0.116402 1.031250
vn -0.709788 0.697336 0.099619
v -71.000000 192.859375 -130.109375
vt 0.116402 1.218750
vn -0.709788 -0.697336 0.099619
v -69.875000 196.000000 -96.125000
vt 0.062500 1.296875
vn -0.989950 0.000000 0.141421
v -69.628906 197.750000 -96.183594
vt 0.046875 1.296875
vn -0.938430 0.318396 0.134061
v -69.628906 194.250000 -96.183594
vt 0.078125 1.296875
vn -0.938430 -0.318396 0.134061
v -69.875000 60.000000 -96.125000
vt 0.062500 1.296875
vn -0.989950 0.000000 0.141421
v -69.628906 61.750000 -96.183594
vt 0.046875 1.296875
vn -0.938430 0.318396 0.134061
v -69.628906 58.250000 -96.183594
vt 0.078125 1.296875
vn -0.938430 -0.318396 0.134061
v -71.000000 63.000000 -128.000000
vt 0.116402 1.000000
vn -0.707107 0.707107 -0.000000
v -71.000000 193.000000 -128.000000
vt 0.116402 1.250000
vn -0.707107 -0.707107 -0.000000
v -68.679688 60.000000 -88.820312
vt 0.062500 1.371094
vn -0.983056 0.000000 0.183306
v -68.435791 61.750000 -88.892334
vt 0.046875 1.371094
vn -0.931394 0.319921 0.173654
v -68.435791 58.250000 -88.892334
vt 0.078125 1.371094
vn -0.931394 -0.319921 0.173654
v -68.435791 194.250000 -88.892334
vt 0.078125 1.371094
vn -0.931394 -0.319921 0.173654
v -68.679688 196.000000 -88.820312
vt 0.062500 1.371094
vn -0.983056 0.000000 0.183306
v -68.435791 197.750000 -88.892334
vt 0.046875 1.371094
vn -0.931394 0.319921 0.173654
v -67.218750 196.000000 -81.781250
vt 0.062500 1.445312
vn -0.974391 0.000000 0.224860
v -66.977539 197.750000 -81.866211
vt 0.046875 1.445312
vn -0.922850 0.320927 0.212965
v -66.977539 194.250000 -81.866211
vt 0.078125 1.445312
vn -0.922850 -0.320927 0.212965
v -67.218750 60.000000 -81.781250
vt 0.062500 1.445312
vn -0.974391 0.000000 0.224860
v -66.977539 61.750000 -81.866211
vt 0.046875 1.445312
vn -0.922850 0.320927 0.212965
v -66.977539 58.250000 -81.866211
vt 0.078125 1.445312
vn -0.922850 -0.320927 0.212965
v -65.492188 60.000000 -75.007812
vt 0.062500 1.519531
vn -0.962622 0.000000 0.270849
v -65.254150 61.750000 -75.105225
vt 0.046875 1.519531
vn -0.911086 0.322835 0.256322
v -65.254150 58.250000 -75.105225
vt 0.078125 1.519531
vn -0.911086 -0.322835 0.256322
v -65.254150 194.250000 -75.105225
vt 0.078125 1.519531
vn -0.911086 -0.322835 0.256322
v -65.492188 196.000000 -75.007812
vt 0.062500 1.519531
vn -0.962622 0.000000 0.270849
v -65.254150 197.750000 -75.105225
vt 0.046875 1.519531
vn -0.911086 0.322835 0.256322
v -63.500000 196.000000 -68.500000
vt 0.062500 1.593750
vn -0.948683 0.000000 0.316228
v -63.265625 197.750000 -68.609375
vt 0.046875 1.593750
vn -0.897479 0.324090 0.299160
v -63.265625 194.250000 -68.609375
vt 0.078125 1.593750
vn -0.897479 -0.324090 0.299160
v -63.500000 60.000000 -68.500000
vt 0.062500 1.593750
vn -0.948683 0.000000 0.316228
v -63.265625 61.750000 -68.609375
vt 0.046875 1.593750
vn -0.897479 0.324090 0.299160
v -63.265625 58.250000 -68.609375
vt 0.078125 1.593750
vn -0.897479 -0.324090 0.299160
v -61.242188 60.000000 -62.257812
vt 0.062500 1.667969
vn -0.930804 0.000000 0.365518
v -61.011963 61.750000 -62.378662
vt 0.046875 1.667969
vn -0.879910 0.326173 0.345499
v -61.011963 58.250000 -62.378662
vt 0.078125 1.667969
vn -0.879910 -0.326173 0.345499
v -61.011963 194.250000 -62.378662
vt 0.078125 1.667969
vn -0.879910 -0.326173 0.345499
v -61.242188 196.000000 -62.257812
vt 0.062500 1.667969
vn -0.930804 0.000000 0.365518
v -61.011963 197.750000 -62.378662
vt 0.046875 1.667969
vn -0.879910 0.326173 0.345499
v -58.718750 196.000000 -56.281250
vt 0.062500 1.742188
vn -0.910367 0.000000 0.413803
v -58.493164 197.750000 -56.413086
vt 0.046875 1.742188
vn -0.860176 0.327453 0.390989
v -58.493164 194.250000 -56.413086
vt 0.078125 1.742188
vn -0.860176 -0.327453 0.390989
v -58.718750 60.000000 -56.281250
vt 0.062500 1.742188
vn -0.910367 0.000000 0.413803
v -58.493164 61.750000 -56.413086
vt 0.046875 1.742188
vn -0.860176 0.327453 0.390989
v -58.493164 58.250000 -56.413086
vt 0.078125 1.742188
vn -0.860176 -0.327453 0.390989
v -55.929688 60.000000 -50.570312
vt 0.062500 1.816406
vn -0.885363 0.000000 0.464901
v -55.709229 61.750000 -50.712646
vt 0.046875 1.816406
vn -0.835953 0.329438 0.438923
v -55.709229 58.250000 -50.712646
vt 0.078125 1.816406
vn -0.835953 -0.329438 0.438923
v -55.709229 194.250000 -50.712646
vt 0.078125 1.816406
vn -0.835953 -0.329438 0.438923
v -55.929688 196.000000 -50.570312
vt 0.062500 1.816406
vn -0.885363 0.000000 0.464901
v -55.709229 197.750000 -50.712646
vt 0.046875 1.816406
vn -0.835953 0.329438 0.438923
v -52.875004 196.000000 -45.125000
vt 0.062500 1.890625
vn -0.857493 0.000000 0.514495
v -52.660160 197.750000 -45.277344
vt 0.046875 1.890625
vn -0.809316 0.330471 0.485589
v -52.660160 194.250000 -45.277344
vt 0.078125 1.890625
vn -0.809316 -0.330471 0.485589
v -52.875004 60.000000 -45.125000
vt 0.062500 1.890625
vn -0.857493 0.000000 0.514495
v -52.660160 61.750000 -45.277344
vt 0.046875 1.890625
vn -0.809316 0.330471 0.485589
v -52.660160 58.250000 -45.277344
vt 0.078125 1.890625
vn -0.809316 -0.330471 0.485589
v -49.554695 60.000000 -39.945312
vt 0.062500 1.964844
vn -0.824923 0.000000 0.565246
v -49.345955 61.750000 -40.107178
vt 0.046875 1.964844
vn -0.778127 0.332061 0.533154
v -49.345955 58.250000 -40.107178
vt 0.078125 1.964844
vn -0.778127 -0.332061 0.533154
v -49.345955 194.250000 -40.107178
vt 0.078125 1.964844
vn -0.778127 -0.332061 0.533154
v -49.554695 196.000000 -39.945312
vt 0.062500 1.964844
vn -0.824923 0.000000 0.565246
v -49.345955 197.750000 -40.107178
vt 0.046875 1.964844
vn -0.778127 0.332061 0.533154
v -45.968758 196.000000 -35.031250
vt 0.062500 2.039062
vn -0.789352 0.000000 0.613941
v -45.766609 197.750000 -35.202148
vt 0.046875 2.039062
vn -0.744420 0.332576 0.578993
v -45.766609 194.250000 -35.202148
vt 0.078125 2.039062
vn -0.744420 -0.332576 0.578993
v -45.968758 60.000000 -35.031250
vt 0.062500 2.039062
vn -0.789352 0.000000 0.613941
v -45.766609 61.750000 -35.202148
vt 0.046875 2.039062
vn -0.744420 0.332576 0.578993
v -45.766609 58.250000 -35.202148
vt 0.078125 2.039062
vn -0.744420 -0.332576 0.578993
v -42.117195 60.000000 -30.382812
vt 0.062500 2.113281
vn -0.749678 0.000000 0.661803
v -41.922127 61.750000 -30.562256
vt 0.046875 2.113281
vn -0.706757 0.333528 0.623902
v -41.922127 58.250000 -30.562256
vt 0.078125 2.113281
vn -0.706757 -0.333528 0.623902
v -41.922127 194.250000 -30.562256
vt 0.078125 2.113281
vn -0.706757 -0.333528 0.623902
v -42.117195 196.000000 -30.382812
vt 0.062500 2.113281
vn -0.749678 0.000000 0.661803
v -41.922127 197.750000 -30.562256
vt 0.046875 2.113281
vn -0.706757 0.333528 0.623902
v -68.890625 199.000000 -96.359375
vt 0.031250 1.296875
vn -0.697336 0.709788 0.099619
v -67.704102 199.000000 -89.108398
vt 0.031250 1.371094
vn -0.690637 0.711656 0.128712
v -69.813477 199.000000 -103.874023
vt 0.031250 1.222656
vn -0.701344 0.709041 0.073331
v -66.253906 199.000000 -82.121094
vt 0.031250 1.445312
vn -0.683320 0.712887 0.157689
v -64.540039 199.000000 -75.397461
vt 0.031250 1.519531
vn -0.672824 0.715197 0.189213
v -70.472656 199.000000 -111.652344
vt 0.031250 1.148438
vn -0.704856 0.707793 0.046990
v -67.704102 193.000000 -89.108398
vt 0.093750 1.371094
vn -0.690637 -0.711656 0.128712
v -68.890625 193.000000 -96.359375
vt 0.093750 1.296875
vn -0.697336 -0.709788 0.099619
v -69.813477 193.000000 -103.874023
vt 0.093750 1.222656
vn -0.701344 -0.709041 0.073331
v -66.253906 193.000000 -82.121094
vt 0.093750 1.445312
vn -0.683320 -0.712887 0.157689
v -70.472656 193.000000 -111.652344
vt 0.093750 1.148438
vn -0.704856 -0.707793 0.046990
v -64.540039 193.000000 -75.397461
vt 0.093750 1.519531
vn -0.672824 -0.715197 0.189213
v -70.868164 193.000000 -119.694336
vt 0.093750 1.074219
vn -0.706177 -0.707646 0.023502
v -71.000000 193.000000 -128.000000
vt 0.093750 1.000000
vn -0.707107 -0.707107 -0.000000
v -67.704102 57.000000 -89.108398
vt 0.093750 1.371094
vn -0.690637 -0.711656 0.128712
v -68.890625 57.000000 -96.359375
vt 0.093750 1.296875
vn -0.697336 -0.709788 0.099619
v -69.813477 57.000000 -103.874023
vt 0.093750 1.222656
vn -0.701344 -0.709041 0.073331
v -66.253906 57.000000 -82.121094
vt 0.093750 1.445312
vn -0.683320 -0.712887 0.157689
v -70.472656 57.000000 -111.652344
vt 0.093750 1.148438
vn -0.704856 -0.707793 0.046990
v -64.540039 57.000000 -75.397461
vt 0.093750 1.519531
vn -0.672824 -0.715197 0.189213
v -62.562500 57.000000 -68.937500
vt 0.093750 1.593750
vn -0.661581 -0.716713 0.220527
v -62.562500 193.000000 -68.937500
vt 0.093750 1.593750
vn -0.661581 -0.716713 0.220527
v -68.890625 63.000000 -96.359375
vt 0.031250 1.296875
vn -0.697336 0.709788 0.099619
v -67.704102 63.000000 -89.108398
vt 0.031250 1.371094
vn -0.690637 0.711656 0.128712
v -69.813477 63.000000 -103.874023
vt 0.031250 1.222656
vn -0.701344 0.709041 0.073331
v -66.253906 63.000000 -82.121094
vt 0.031250 1.445312
vn -0.683320 0.712887 0.157689
v -70.472656 63.000000 -111.652344
vt 0.031250 1.148438
vn -0.704856 0.707793 0.046990
v -64.540039 63.000000 -75.397461
vt 0.031250 1.519531
vn -0.672824 0.715197 0.189213
v -70.868164 63.000000 -119.694336
vt 0.031250 1.074219
vn -0.706177 0.707646 0.023502
v -71.000000 63.000000 -128.000000
vt 0.031250 1.000000
vn -0.707107 0.707107 -0.000000
v -62.562500 63.000000 -68.937500
vt 0.031250 1.593750
vn -0.661581 0.716713 0.220527
v -62.562500 199.000000 -68.937500
vt 0.031250 1.593750
vn -0.661581 0.716713 0.220527
v -60.321289 199.000000 -62.741211
vt 0.031250 1.667969
vn -0.646765 0.719201 0.253861
v -60.321289 193.000000 -62.741211
vt 0.093750 1.667969
vn -0.646765 -0.719201 0.253861
v -60.321289 57.000000 -62.741211
vt 0.093750 1.667969
vn -0.646765 -0.719201 0.253861
v -60.321289 63.000000 -62.741211
vt 0.031250 1.667969
vn -0.646765 0.719201 0.253861
v -57.816406 63.000000 -56.808594
vt 0.031250 1.742188
vn -0.631084 0.720726 0.286856
v -57.816406 199.000000 -56.808594
vt 0.031250 1.742188
vn -0.631084 0.720726 0.286856
v -57.816406 57.000000 -56.808594
vt 0.093750 1.742188
vn -0.631084 -0.720726 0.286856
v -57.816406 193.000000 -56.808594
vt 0.093750 1.742188
vn -0.631084 -0.720726 0.286856
v -38.000008 196.000000 -26.000000
vt 0.062500 2.187500
vn -0.707107 0.000000 0.707107
v -37.812508 197.750000 -26.187500
vt 0.046875 2.187500
vn -0.666667 0.333333 0.666667
v -37.812508 194.250000 -26.187500
vt 0.078125 2.187500
vn -0.666667 -0.333333 0.666667
v -38.000008 60.000000 -26.000000
vt 0.062500 2.187500
vn -0.707107 0.000000 0.707107
v -37.812508 61.750000 -26.187500
vt 0.046875 2.187500
vn -0.666667 0.333333 0.666667
v -37.812508 58.250000 -26.187500
vt 0.078125 2.187500
vn -0.666667 -0.333333 0.666667
v -55.047852 199.000000 -51.139648
vt 0.031250 1.816406
vn -0.611641 0.723064 0.321052
v -55.047852 193.000000 -51.139648
vt 0.093750 1.816406
vn -0.611641 -0.723064 0.321052
v -55.047852 57.000000 -51.139648
vt 0.093750 1.816406
vn -0.611641 -0.723064 0.321052
v -55.047852 63.000000 -51.139648
vt 0.031250 1.816406
vn -0.611641 0.723064 0.321052
v -52.015629 63.000000 -45.734375
vt 0.031250 1.890625
vn -0.591248 0.724279 0.354748
v -52.015629 57.000000 -45.734375
vt 0.093750 1.890625
vn -0.591248 -0.724279 0.354748
v -52.015629 193.000000 -45.734375
vt 0.093750 1.890625
vn -0.591248 -0.724279 0.354748
v -52.015629 199.000000 -45.734375
vt 0.031250 1.890625
vn -0.591248 0.724279 0.354748
v -33.437752 58.250000 -22.077881
vt 0.078125 2.261719
vn -0.623902 -0.333528 0.706757
v -33.617195 60.000000 -21.882812
vt 0.062500 2.261719
vn -0.661803 0.000000 0.749678
v -33.437752 61.750000 -22.077881
vt 0.046875 2.261719
vn -0.623902 0.333528 0.706757
v -33.437752 194.250000 -22.077881
vt 0.078125 2.261719
vn -0.623902 -0.333528 0.706757
v -33.617195 196.000000 -21.882812
vt 0.062500 2.261719
vn -0.661803 0.000000 0.749678
v -33.437752 197.750000 -22.077881
vt 0.046875 2.261719
vn -0.623902 0.333528 0.706757
v -48.719734 193.000000 -40.592773
vt 0.093750 1.964844
vn -0.567225 -0.726131 0.388574
v -48.719734 199.000000 -40.592773
vt 0.031250 1.964844
vn -0.567225 0.726131 0.388574
v -48.719734 63.000000 -40.592773
vt 0.031250 1.964844
vn -0.567225 0.726131 0.388574
v -48.719734 57.000000 -40.592773
vt 0.093750 1.964844
vn -0.567225 -0.726131 0.388574
v -28.797861 194.250000 -18.233398
vt 0.078125 2.335938
vn -0.578993 -0.332576 0.744419
v -28.968760 196.000000 -18.031250
vt 0.062500 2.335938
vn -0.613941 0.000000 0.789352
v -28.797861 197.750000 -18.233398
vt 0.046875 2.335938
vn -0.578993 0.332576 0.744419
v -28.968760 60.000000 -18.031250
vt 0.062500 2.335938
vn -0.613941 0.000000 0.789352
v -28.797861 61.750000 -18.233398
vt 0.046875 2.335938
vn -0.578993 0.332576 0.744419
v -28.797861 58.250000 -18.233398
vt 0.078125 2.335938
vn -0.578993 -0.332576 0.744419
v -45.160164 57.000000 -35.714844
vt 0.093750 2.039062
vn -0.542224 -0.726731 0.421730
v -45.160164 193.000000 -35.714844
vt 0.093750 2.039062
vn -0.542224 -0.726731 0.421730
v -45.160164 63.000000 -35.714844
vt 0.031250 2.039062
vn -0.542224 0.726731 0.421730
v -45.160164 199.000000 -35.714844
vt 0.031250 2.039062
vn -0.542224 0.726731 0.421730
v -41.336922 193.000000 -31.100586
vt 0.093750 2.113281
vn -0.514116 -0.727831 0.453814
v -41.336922 199.000000 -31.100586
vt 0.031250 2.113281
vn -0.514116 0.727831 0.453814
v -41.336922 63.000000 -31.100586
vt 0.031250 2.113281
vn -0.514116 0.727831 0.453814
v -41.336922 57.000000 -31.100586
vt 0.093750 2.113281
vn -0.514116 -0.727831 0.453814
v -23.892834 58.250000 -14.654053
vt 0.078125 2.410156
vn -0.533154 -0.332061 0.778127
v -24.054699 60.000000 -14.445312
vt 0.062500 2.410156
vn -0.565246 0.000000 0.824922
v -23.892834 61.750000 -14.654053
vt 0.046875 2.410156
vn -0.533154 0.332061 0.778127
v -23.892834 194.250000 -14.654053
vt 0.078125 2.410156
vn -0.533154 -0.332061 0.778127
v -24.054699 196.000000 -14.445312
vt 0.062500 2.410156
vn -0.565246 0.000000 0.824922
v -23.892834 197.750000 -14.654053
vt 0.046875 2.410156
vn -0.533154 0.332061 0.778127
v -37.250008 57.000000 -26.750000
vt 0.093750 2.187500
vn -0.485071 -0.727607 0.485071
v -37.250008 193.000000 -26.750000
vt 0.093750 2.187500
vn -0.485071 -0.727607 0.485071
v -37.250008 63.000000 -26.750000
vt 0.031250 2.187500
vn -0.485071 0.727607 0.485071
v -37.250008 199.000000 -26.750000
vt 0.031250 2.187500
vn -0.485071 0.727607 0.485071
v -18.722668 194.250000 -11.339844
vt 0.078125 2.484375
vn -0.485590 -0.330471 0.809316
v -18.875011 196.000000 -11.125000
vt 0.062500 2.484375
vn -0.514496 0.000000 0.857493
v -18.722668 197.750000 -11.339844
vt 0.046875 2.484375
vn -0.485590 0.330471 0.809316
v -18.875011 60.000000 -11.125000
vt 0.062500 2.484375
vn -0.514496 0.000000 0.857493
v -18.722668 61.750000 -11.339844
vt 0.046875 2.484375
vn -0.485590 0.330471 0.809316
v -18.722668 58.250000 -11.339844
vt 0.078125 2.484375
vn -0.485590 -0.330471 0.809316
v -32.899422 193.000000 -22.663086
vt 0.093750 2.261719
vn -0.453814 -0.727831 0.514116
v -32.899422 199.000000 -22.663086
vt 0.031250 2.261719
vn -0.453814 0.727831 0.514116
v -32.899422 63.000000 -22.663086
vt 0.031250 2.261719
vn -0.453814 0.727831 0.514116
v -32.899422 57.000000 -22.663086
vt 0.093750 2.261719
vn -0.453814 -0.727831 0.514116
v -13.287367 58.250000 -8.290771
vt 0.078125 2.558594
vn -0.438923 -0.329438 0.835953
v -13.429701 60.000000 -8.070312
vt 0.062500 2.558594
vn -0.464902 0.000000 0.885362
v -13.287367 61.750000 -8.290771
vt 0.046875 2.558594
vn -0.438923 0.329438 0.835953
v -13.287367 194.250000 -8.290771
vt 0.078125 2.558594
vn -0.438923 -0.329438 0.835953
v -13.429701 196.000000 -8.070312
vt 0.062500 2.558594
vn -0.464902 0.000000 0.885362
v -13.287367 197.750000 -8.290771
vt 0.046875 2.558594
vn -0.438923 0.329438 0.835953
v -28.285166 57.000000 -18.839844
vt 0.093750 2.335938
vn -0.421730 -0.726731 0.542224
v -28.285166 193.000000 -18.839844
vt 0.093750 2.335938
vn -0.421730 -0.726731 0.542224
v -28.285166 63.000000 -18.839844
vt 0.031250 2.335938
vn -0.421730 0.726731 0.542224
v -28.285166 199.000000 -18.839844
vt 0.031250 2.335938
vn -0.421730 0.726731 0.542224
v -69.750000 190.187500 -134.187500
vt 0.134454 1.125000
vn -0.333333 -0.666667 0.666667
v -69.750000 189.027344 -135.089844
vt 0.134454 1.093750
vn -0.330471 -0.485589 0.809316
v -69.750000 191.089844 -133.027344
vt 0.134454 1.156250
vn -0.330471 -0.809316 0.485590
v -69.750000 66.972656 -135.089844
vt 0.134454 1.156250
vn -0.330471 0.485590 0.809316
v -69.750000 65.812500 -134.187500
vt 0.134454 1.125000
vn -0.333333 0.666667 0.666667
v -69.750000 64.910156 -133.027344
vt 0.134454 1.093750
vn -0.330471 0.809316 0.485590
v -23.407238 193.000000 -15.280273
vt 0.093750 2.410156
vn -0.388574 -0.726131 0.567225
v -23.407238 199.000000 -15.280273
vt 0.031250 2.410156
vn -0.388574 0.726131 0.567225
v -23.407238 63.000000 -15.280273
vt 0.031250 2.410156
vn -0.388574 0.726131 0.567225
v -23.407238 57.000000 -15.280273
vt 0.093750 2.410156
vn -0.388574 -0.726131 0.567225
v -7.586928 194.250000 -5.506836
vt 0.078125 2.632812
vn -0.390989 -0.327453 0.860176
v -7.718764 196.000000 -5.281250
vt 0.062500 2.632812
vn -0.413803 0.000000 0.910366
v -7.586928 197.750000 -5.506836
vt 0.046875 2.632812
vn -0.390989 0.327453 0.860176
v -7.718764 60.000000 -5.281250
vt 0.062500 2.632812
vn -0.413803 0.000000 0.910366
v -7.586928 61.750000 -5.506836
vt 0.046875 2.632812
vn -0.390989 0.327453 0.860176
v -7.586928 58.250000 -5.506836
vt 0.078125 2.632812
vn -0.390989 -0.327453 0.860176
v -18.265636 57.000000 -11.984375
vt 0.093750 2.484375
vn -0.354749 -0.724279 0.591248
v -18.265636 193.000000 -11.984375
vt 0.093750 2.484375
vn -0.354749 -0.724279 0.591248
v -18.265636 63.000000 -11.984375
vt 0.031250 2.484375
vn -0.354749 0.724279 0.591248
v -18.265636 199.000000 -11.984375
vt 0.031250 2.484375
vn -0.354749 0.724279 0.591248
v -1.621354 58.250000 -2.988037
vt 0.078125 2.707031
vn -0.345499 -0.326173 0.879910
v -1.742203 60.000000 -2.757812
vt 0.062500 2.707031
vn -0.365518 0.000000 0.930804
v -1.621354 61.750000 -2.988037
vt 0.046875 2.707031
vn -0.345499 0.326173 0.879910
v -1.621354 194.250000 -2.988037
vt 0.078125 2.707031
vn -0.345499 -0.326173 0.879910
v -1.742203 196.000000 -2.757812
vt 0.062500 2.707031
vn -0.365518 0.000000 0.930804
v -1.621354 197.750000 -2.988037
vt 0.046875 2.707031
vn -0.345499 0.326173 0.879910
v -12.860365 193.000000 -8.952148
vt 0.093750 2.558594
vn -0.321052 -0.723064 0.611641
v -12.860365 199.000000 -8.952148
vt 0.031250 2.558594
vn -0.321052 0.723064 0.611641
v -12.860365 63.000000 -8.952148
vt 0.031250 2.558594
vn -0.321052 0.723064 0.611641
v -12.860365 57.000000 -8.952148
vt 0.093750 2.558594
vn -0.321052 -0.723064 0.611641
v 4.499983 196.000000 -0.500000
vt 0.062500 2.781250
vn -0.316228 0.000000 0.948683
v 4.609358 197.750000 -0.734375
vt 0.046875 2.781250
vn -0.299160 0.324090 0.897479
v 4.499983 60.000000 -0.500000
vt 0.062500 2.781250
vn -0.316228 0.000000 0.948683
v 4.609358 61.750000 -0.734375
vt 0.046875 2.781250
vn -0.299160 0.324090 0.897479
v -7.191421 63.000000 -6.183594
vt 0.031250 2.632812
vn -0.286856 0.720726 0.631084
v -7.191421 57.000000 -6.183594
vt 0.093750 2.632812
vn -0.286856 -0.720726 0.631084
v -7.191421 193.000000 -6.183594
vt 0.093750 2.632812
vn -0.286856 -0.720726 0.631084
v -7.191421 199.000000 -6.183594
vt 0.031250 2.632812
vn -0.286856 0.720726 0.631084
v 11.007794 60.000000 1.492188
vt 0.062500 2.855469
vn -0.270849 0.000000 0.962622
v 11.105206 61.750000 1.254150
vt 0.046875 2.855469
vn -0.256322 0.322835 0.911086
v 11.007794 196.000000 1.492188
vt 0.062500 2.855469
vn -0.270849 0.000000 0.962622
v 11.105206 197.750000 1.254150
vt 0.046875 2.855469
vn -0.256322 0.322835 0.911086
v -1.258805 199.000000 -3.678711
vt 0.031250 2.707031
vn -0.253861 0.719201 0.646765
v -1.258805 63.000000 -3.678711
vt 0.031250 2.707031
vn -0.253861 0.719201 0.646765
v 17.781231 196.000000 3.218750
vt 0.062500 2.929687
vn -0.224860 0.000000 0.974391
v 17.866192 197.750000 2.977539
vt 0.046875 2.929687
vn -0.212965 0.320927 0.922850
v 17.781231 60.000000 3.218750
vt 0.062500 2.929687
vn -0.224860 0.000000 0.974391
v 17.866192 61.750000 2.977539
vt 0.046875 2.929687
vn -0.212965 0.320927 0.922850
v 4.937483 63.000000 -1.437500
vt 0.031250 2.781250
vn -0.220527 0.716713 0.661581
v 4.937483 199.000000 -1.437500
vt 0.031250 2.781250
vn -0.220527 0.716713 0.661581
v 24.820292 60.000000 4.679688
vt 0.062500 3.003906
vn -0.183306 0.000000 0.983056
v 24.892313 61.750000 4.435791
vt 0.046875 3.003906
vn -0.173654 0.319921 0.931394
v 24.820292 196.000000 4.679688
vt 0.062500 3.003906
vn -0.183306 0.000000 0.983056
v 24.892313 197.750000 4.435791
vt 0.046875 3.003906
vn -0.173654 0.319921 0.931394
v 11.397443 199.000000 0.540039
vt 0.031250 2.855469
vn -0.189213 0.715197 0.672824
v 11.397443 63.000000 0.540039
vt 0.031250 2.855469
vn -0.189213 0.715197 0.672824
v 18.121075 63.000000 2.253906
vt 0.031250 2.929687
vn -0.157689 0.712887 0.683320
v 18.121075 199.000000 2.253906
vt 0.031250 2.929687
vn -0.157689 0.712887 0.683320
v 25.108377 199.000000 3.704102
vt 0.031250 3.003906
vn -0.128712 0.711656 0.690637
v 55.632782 60.000000 7.867188
vt 0.062500 3.300781
vn -0.033278 0.000000 0.999446
v 63.999969 60.000000 8.000000
vt 0.062500 3.375000
vn 0.000000 0.000000 1.000000
v 63.999969 58.250000 7.750000
vt 0.078125 3.375000
vn -0.000000 -0.316228 0.948683
v 55.648163 58.250000 7.617432
vt 0.078125 3.300781
vn -0.031562 -0.316662 0.948013
v 47.531223 60.000000 7.468750
vt 0.062500 3.226562
vn -0.066519 0.000000 0.997785
v 47.561497 58.250000 7.219727
vt 0.078125 3.226562
vn -0.063093 -0.316781 0.946398
v 39.695290 60.000000 6.804688
vt 0.062500 3.152344
vn -0.104044 0.000000 0.994573
v 39.739967 58.250000 6.556885
vt 0.078125 3.152344
vn -0.098640 -0.317791 0.943016
v 32.124977 60.000000 5.875000
vt 0.062500 3.078125
vn -0.141421 0.000000 0.989949
v 32.183571 58.250000 5.628906
vt 0.078125 3.078125
vn -0.134061 -0.318396 0.938430
v 24.820292 60.000000 4.679688
vt 0.062500 3.003906
vn -0.183306 0.000000 0.983056
v 24.892313 58.250000 4.435791
vt 0.078125 3.003906
vn -0.173654 -0.319921 0.931394
v 17.781231 60.000000 3.218750
vt 0.062500 2.929687
vn -0.224860 0.000000 0.974391
v 17.866192 58.250000 2.977539
vt 0.078125 2.929687
vn -0.212965 -0.320927 0.922850
v 11.007794 60.000000 1.492188
vt 0.062500 2.855469
vn -0.270849 0.000000 0.962622
v 11.105206 58.250000 1.254150
vt 0.078125 2.855469
vn -0.256322 -0.322835 0.911086
v 4.499983 60.000000 -0.500000
vt 0.062500 2.781250
vn -0.316228 0.000000 0.948683
v 4.609358 58.250000 -0.734375
vt 0.078125 2.781250
vn -0.299160 -0.324090 0.897479
v -1.742203 60.000000 -2.757812
vt 0.062500 2.707031
vn -0.365518 0.000000 0.930804
v -1.621354 58.250000 -2.988037
vt 0.078125 2.707031
vn -0.345499 -0.326173 0.879910
v 4.937483 57.000000 -1.437500
vt 0.093750 2.781250
vn -0.220527 -0.716713 0.661581
v -1.258805 57.000000 -3.678711
vt 0.093750 2.707031
vn -0.253861 -0.719201 0.646765
v 11.397443 57.000000 0.540039
vt 0.093750 2.855469
vn -0.189213 -0.715197 0.672824
v 18.121075 57.000000 2.253906
vt 0.093750 2.929687
vn -0.157689 -0.712887 0.683320
v 25.108377 57.000000 3.704102
vt 0.093750 3.003906
vn -0.128712 -0.711656 0.690637
v 32.359352 57.000000 4.890625
vt 0.093750 3.078125
vn -0.099619 -0.709788 0.697336
v 39.874001 57.000000 5.813477
vt 0.093750 3.152344
vn -0.073331 -0.709041 0.701344
v 24.892313 61.750000 4.435791
vt 0.046875 3.003906
vn -0.173654 0.319921 0.931394
v 32.183571 61.750000 5.628906
vt 0.046875 3.078125
vn -0.134062 0.318396 0.938430
v 47.652317 57.000000 6.472656
vt 0.093750 3.226562
vn -0.046990 -0.707793 0.704856
v 55.694305 57.000000 6.868164
vt 0.093750 3.300781
vn -0.023502 -0.707645 0.706177
v 63.999969 57.000000 7.000000
vt 0.093750 3.375000
vn 0.000000 -0.707107 0.707107
v -7.586928 58.250000 -5.506836
vt 0.078125 2.632812
vn -0.390989 -0.327453 0.860176
v -7.191421 57.000000 -6.183594
vt 0.093750 2.632812
vn -0.286856 -0.720726 0.631084
v 55.632782 196.000000 7.867188
vt 0.062500 3.300781
vn -0.033278 0.000000 0.999446
v 63.999969 196.000000 8.000000
vt 0.062500 3.375000
vn 0.000000 0.000000 1.000000
v 63.999969 194.250000 7.750000
vt 0.078125 3.375000
vn -0.000000 -0.316228 0.948683
v 55.648163 194.250000 7.617432
vt 0.078125 3.300781
vn -0.031562 -0.316662 0.948013
v 47.531223 196.000000 7.468750
vt 0.062500 3.226562
vn -0.066519 0.000000 0.997785
v 47.561497 194.250000 7.219727
vt 0.078125 3.226562
vn -0.063093 -0.316781 0.946398
v 39.695290 196.000000 6.804688
vt 0.062500 3.152344
vn -0.104044 0.000000 0.994573
v 39.739967 194.250000 6.556885
vt 0.078125 3.152344
vn -0.098640 -0.317791 0.943016
v 32.124977 196.000000 5.875000
vt 0.062500 3.078125
vn -0.141421 0.000000 0.989949
v 32.183571 194.250000 5.628906
vt 0.078125 3.078125
vn -0.134061 -0.318396 0.938430
v 24.820292 196.000000 4.679688
vt 0.062500 3.003906
vn -0.183306 0.000000 0.983056
v 24.892313 194.250000 4.435791
vt 0.078125 3.003906
vn -0.173654 -0.319921 0.931394
v 17.781231 196.000000 3.218750
vt 0.062500 2.929687
vn -0.224860 0.000000 0.974391
v 17.866192 194.250000 2.977539
vt 0.078125 2.929687
vn -0.212965 -0.320927 0.922850
v 11.007794 196.000000 1.492188
vt 0.062500 2.855469
vn -0.270849 0.000000 0.962622
v 11.105206 194.250000 1.254150
vt 0.078125 2.855469
vn -0.256322 -0.322835 0.911086
v 4.499983 196.000000 -0.500000
vt 0.062500 2.781250
vn -0.316228 0.000000 0.948683
v 4.609358 194.250000 -0.734375
vt 0.078125 2.781250
vn -0.299160 -0.324090 0.897479
v -1.742203 196.000000 -2.757812
vt 0.062500 2.707031
vn -0.365518 0.000000 0.930804
v -1.621354 194.250000 -2.988037
vt 0.078125 2.707031
vn -0.345499 -0.326173 0.879910
v 4.937483 193.000000 -1.437500
vt 0.093750 2.781250
vn -0.220527 -0.716713 0.661581
v -1.258805 193.000000 -3.678711
vt 0.093750 2.707031
vn -0.253861 -0.719201 0.646765
v 11.397443 193.000000 0.540039
vt 0.093750 2.855469
vn -0.189213 -0.715197 0.672824
v 18.121075 193.000000 2.253906
vt 0.093750 2.929687
vn -0.157689 -0.712887 0.683320
v 25.108377 193.000000 3.704102
vt 0.093750 3.003906
vn -0.128712 -0.711656 0.690637
v 32.359352 193.000000 4.890625
vt 0.093750 3.078125
vn -0.099619 -0.709788 0.697336
v 39.874001 193.000000 5.813477
vt 0.093750 3.152344
vn -0.073331 -0.709041 0.701344
v 24.892313 197.750000 4.435791
vt 0.046875 3.003906
vn -0.173654 0.319921 0.931394
v 32.183571 197.750000 5.628906
vt 0.046875 3.078125
vn -0.134062 0.318396 0.938430
v 47.652317 193.000000 6.472656
vt 0.093750 3.226562
vn -0.046990 -0.707793 0.704856
v 55.694305 193.000000 6.868164
vt 0.093750 3.300781
vn -0.023502 -0.707645 0.706177
v 63.999969 193.000000 7.000000
vt 0.093750 3.375000
vn 0.000000 -0.707107 0.707107
v -7.586928 194.250000 -5.506836
vt 0.078125 2.632812
vn -0.390989 -0.327453 0.860176
v -7.191421 193.000000 -6.183594
vt 0.093750 2.632812
vn -0.286856 -0.720726 0.631084
v -47.676033 192.250000 -41.402100
vt 0.109375 1.964844
vn -0.248327 -0.953627 0.170085
v -42.734383 192.000000 -37.765625
vt 0.125000 2.039062
vn 0.000000 -1.000000 -0.000000
v -46.214851 192.000000 -42.535156
vt 0.125000 1.964844
vn 0.000000 -1.000000 -0.000000
v -44.149422 192.250000 -36.569336
vt 0.109375 2.039062
vn -0.237209 -0.953778 0.184496
v -38.996101 192.000000 -33.253906
vt 0.125000 2.113281
vn 0.000000 -1.000000 -0.000000
v -40.361580 192.250000 -31.997803
vt 0.109375 2.113281
vn -0.224643 -0.954054 0.198282
v -35.000008 192.000000 -29.000000
vt 0.125000 2.187500
vn 0.000000 -1.000000 -0.000000
v -36.312508 192.250000 -27.687500
vt 0.109375 2.187500
vn -0.212000 -0.953998 0.212000
v -30.746101 192.000000 -25.003906
vt 0.125000 2.261719
vn 0.000000 -1.000000 -0.000000
v -32.002205 192.250000 -23.638428
vt 0.109375 2.261719
vn -0.198282 -0.954054 0.224643
v -26.234385 192.000000 -21.265625
vt 0.125000 2.335938
vn 0.000000 -1.000000 -0.000000
v -27.430674 192.250000 -19.850586
vt 0.109375 2.335938
vn -0.184496 -0.953778 0.237209
v -21.464855 192.000000 -17.785156
vt 0.125000 2.410156
vn 0.000000 -1.000000 -0.000000
v -22.597912 192.250000 -16.323975
vt 0.109375 2.410156
vn -0.170085 -0.953627 0.248327
v -16.437511 192.000000 -14.562500
vt 0.125000 2.484375
vn 0.000000 -1.000000 -0.000000
v -17.503918 192.250000 -13.058594
vt 0.109375 2.484375
vn -0.155618 -0.953160 0.259363
v -11.152357 192.000000 -11.597656
vt 0.125000 2.558594
vn 0.000000 -1.000000 -0.000000
v -12.148695 192.250000 -10.054443
vt 0.109375 2.558594
vn -0.140998 -0.952851 0.268691
v -5.609389 192.000000 -8.890625
vt 0.125000 2.632812
vn 0.000000 -1.000000 -0.000000
v -6.532241 192.250000 -7.311523
vt 0.109375 2.632812
vn -0.126336 -0.952255 0.277938
v 0.191391 192.000000 -6.441406
vt 0.125000 2.707031
vn 0.000000 -1.000000 -0.000000
v -0.654557 192.250000 -4.829834
vt 0.109375 2.707031
vn -0.111963 -0.951862 0.285348
v 6.249983 192.000000 -4.250000
vt 0.125000 2.781250
vn 0.000000 -1.000000 -0.000000
v 5.484358 192.250000 -2.609375
vt 0.109375 2.781250
vn -0.097561 -0.951220 0.292683
v 12.566388 192.000000 -2.316406
vt 0.125000 2.855469
vn 0.000000 -1.000000 -0.000000
v 11.884503 192.250000 -0.650146
vt 0.109375 2.855469
vn -0.083821 -0.950823 0.298176
v 19.140606 192.000000 -0.640625
vt 0.125000 2.929687
vn 0.000000 -1.000000 -0.000000
v 18.545879 192.250000 1.047852
vt 0.109375 2.929687
vn -0.070062 -0.950219 0.303603
v 25.972635 192.000000 0.777344
vt 0.125000 3.003906
vn 0.000000 -1.000000 -0.000000
v 25.468485 192.250000 2.484619
vt 0.109375 3.003906
vn -0.057244 -0.949894 0.307286
v 33.062477 192.000000 1.937500
vt 0.125000 3.078125
vn 0.000000 -1.000000 -0.000000
v 32.652321 192.250000 3.660156
vt 0.109375 3.078125
vn -0.044416 -0.949399 0.310914
v 40.410133 192.000000 2.839844
vt 0.125000 3.152344
vn 0.000000 -1.000000 -0.000000
v 40.097389 192.250000 4.574463
vt 0.109375 3.152344
vn -0.032710 -0.949200 0.312968
v 48.015598 192.000000 3.484375
vt 0.125000 3.226562
vn 0.000000 -1.000000 -0.000000
v 47.803684 192.250000 5.227539
vt 0.109375 3.226562
vn -0.020998 -0.948867 0.314977
v 55.878876 192.000000 3.871094
vt 0.125000 3.300781
vn 0.000000 -1.000000 -0.000000
v 55.771210 192.250000 5.619385
vt 0.109375 3.300781
vn -0.010500 -0.948828 0.315620
v 63.999969 192.000000 4.000000
vt 0.125000 3.375000
vn 0.000000 -1.000000 -0.000000
v 63.999969 192.250000 5.750000
vt 0.109375 3.375000
vn -0.000000 -0.948683 0.316228
v -69.750000 192.250000 -128.000000
vt 0.109375 1.000000
vn -0.316228 -0.948683 0.000000
v -69.619385 192.250000 -119.771240
vt 0.109375 1.074219
vn -0.315620 -0.948828 0.010500
v -67.871094 192.000000 -119.878906
vt 0.125000 1.074219
vn 0.000000 -1.000000 -0.000000
v -68.000000 192.000000 -128.000000
vt 0.125000 1.000000
vn 0.000000 -1.000000 -0.000000
v -67.484375 192.000000 -112.015625
vt 0.125000 1.148438
vn 0.000000 -1.000000 -0.000000
v -69.227539 192.250000 -111.803711
vt 0.109375 1.148438
vn -0.314977 -0.948867 0.020998
v -66.839844 192.000000 -104.410156
vt 0.125000 1.222656
vn 0.000000 -1.000000 -0.000000
v -68.574463 192.250000 -104.097412
vt 0.109375 1.222656
vn -0.312968 -0.949200 0.032710
v -65.937500 192.000000 -97.062500
vt 0.125000 1.296875
vn 0.000000 -1.000000 -0.000000
v -67.660156 192.250000 -96.652344
vt 0.109375 1.296875
vn -0.310914 -0.949399 0.044416
v -64.777344 192.000000 -89.972656
vt 0.125000 1.371094
vn 0.000000 -1.000000 -0.000000
v -66.484619 192.250000 -89.468506
vt 0.109375 1.371094
vn -0.307286 -0.949894 0.057244
v -63.359375 192.000000 -83.140625
vt 0.125000 1.445312
vn 0.000000 -1.000000 -0.000000
v -65.047852 192.250000 -82.545898
vt 0.109375 1.445312
vn -0.303603 -0.950219 0.070062
v -61.683594 192.000000 -76.566406
vt 0.125000 1.519531
vn 0.000000 -1.000000 -0.000000
v -63.349854 192.250000 -75.884521
vt 0.109375 1.519531
vn -0.298176 -0.950823 0.083821
v -59.750000 192.000000 -70.250000
vt 0.125000 1.593750
vn 0.000000 -1.000000 -0.000000
v -61.390625 192.250000 -69.484375
vt 0.109375 1.593750
vn -0.292683 -0.951220 0.097561
v -57.558594 192.000000 -64.191406
vt 0.125000 1.667969
vn 0.000000 -1.000000 -0.000000
v -59.170166 192.250000 -63.345459
vt 0.109375 1.667969
vn -0.285348 -0.951862 0.111963
v -55.109375 192.000000 -58.390625
vt 0.125000 1.742188
vn 0.000000 -1.000000 -0.000000
v -56.688477 192.250000 -57.467773
vt 0.109375 1.742188
vn -0.277938 -0.952255 0.126336
v -52.402344 192.000000 -52.847656
vt 0.125000 1.816406
vn 0.000000 -1.000000 -0.000000
v -53.945557 192.250000 -51.851318
vt 0.109375 1.816406
vn -0.268691 -0.952851 0.140998
v -49.437504 192.000000 -47.562500
vt 0.125000 1.890625
vn 0.000000 -1.000000 -0.000000
v -50.941410 192.250000 -46.496094
vt 0.109375 1.890625
vn -0.259363 -0.953160 0.155618
v -69.750000 192.121094 -129.933594
vt 0.134454 1.218750
vn -0.318396 -0.938430 0.134061
v -69.750000 192.250000 -128.000000
vt 0.134454 1.250000
vn -0.316228 -0.948683 0.000000
v -68.000000 192.000000 -128.000000
vt 0.150888 1.250000
vn 0.000000 -1.000000 -0.000000
v -68.000000 191.875000 -129.875000
vt 0.150888 1.218750
vn 0.000000 -0.989950 0.141421
v -29.489998 192.250000 -26.369385
vt 0.140625 2.261719
vn 0.198282 -0.954054 -0.224643
v -25.038095 192.250000 -22.680664
vt 0.140625 2.335938
vn 0.184496 -0.953778 -0.237209
v -20.331799 192.250000 -19.246338
vt 0.140625 2.410156
vn 0.170085 -0.953627 -0.248327
v -15.371105 192.250000 -16.066406
vt 0.140625 2.484375
vn 0.155618 -0.953160 -0.259363
v -10.156019 192.250000 -13.140869
vt 0.140625 2.558594
vn 0.140998 -0.952851 -0.268691
v -4.686538 192.250000 -10.469727
vt 0.140625 2.632812
vn 0.126336 -0.952255 -0.277938
v 1.037338 192.250000 -8.052979
vt 0.140625 2.707031
vn 0.111963 -0.951862 -0.285348
v 7.015608 192.250000 -5.890625
vt 0.140625 2.781250
vn 0.097561 -0.951220 -0.292683
v 13.248273 192.250000 -3.982666
vt 0.140625 2.855469
vn 0.083821 -0.950823 -0.298176
v 19.735332 192.250000 -2.329102
vt 0.140625 2.929687
vn 0.070062 -0.950219 -0.303603
v 26.476786 192.250000 -0.929932
vt 0.140625 3.003906
vn 0.057244 -0.949894 -0.307286
v 33.472633 192.250000 0.214844
vt 0.140625 3.078125
vn 0.044416 -0.949399 -0.310914
v 40.722878 192.250000 1.105225
vt 0.140625 3.152344
vn 0.032710 -0.949200 -0.312968
v 48.227512 192.250000 1.741211
vt 0.140625 3.226562
vn 0.020998 -0.948867 -0.314977
v 55.986542 192.250000 2.122803
vt 0.140625 3.300781
vn 0.010500 -0.948828 -0.315620
v 63.999969 192.250000 2.250000
vt 0.140625 3.375000
vn 0.000000 -0.948683 -0.316228
v -66.122803 192.250000 -119.986572
vt 0.140625 1.074219
vn 0.315620 -0.948828 -0.010500
v -66.250000 192.250000 -128.000000
vt 0.140625 1.000000
vn 0.316228 -0.948683 -0.000000
v -65.741211 192.250000 -112.227539
vt 0.140625 1.148438
vn 0.314977 -0.948867 -0.020998
v -65.105225 192.250000 -104.722900
vt 0.140625 1.222656
vn 0.312968 -0.949200 -0.032710
v -64.214844 192.250000 -97.472656
vt 0.140625 1.296875
vn 0.310914 -0.949399 -0.044416
v -63.070068 192.250000 -90.476807
vt 0.140625 1.371094
vn 0.307286 -0.949894 -0.057244
v -61.670898 192.250000 -83.735352
vt 0.140625 1.445312
vn 0.303603 -0.950219 -0.070062
v -60.017334 192.250000 -77.248291
vt 0.140625 1.519531
vn 0.298176 -0.950823 -0.083821
v -58.109375 192.250000 -71.015625
vt 0.140625 1.593750
vn 0.292683 -0.951220 -0.097561
v -55.947021 192.250000 -65.037354
vt 0.140625 1.667969
vn 0.285348 -0.951862 -0.111963
v -53.530273 192.250000 -59.313477
vt 0.140625 1.742188
vn 0.277938 -0.952255 -0.126336
v -50.859131 192.250000 -53.843994
vt 0.140625 1.816406
vn 0.268691 -0.952851 -0.140998
v -47.933598 192.250000 -48.628906
vt 0.140625 1.890625
vn 0.259363 -0.953160 -0.155618
v -44.753670 192.250000 -43.668213
vt 0.140625 1.964844
vn 0.248327 -0.953627 -0.170085
v -41.319344 192.250000 -38.961914
vt 0.140625 2.039062
vn 0.237209 -0.953778 -0.184496
v -37.630623 192.250000 -34.510010
vt 0.140625 2.113281
vn 0.224643 -0.954054 -0.198282
v -33.687508 192.250000 -30.312500
vt 0.140625 2.187500
vn 0.212000 -0.953998 -0.212000
v -66.250000 192.250000 -128.000000
vt 0.167322 1.250000
vn 0.316228 -0.948683 -0.000000
v -66.250000 192.121094 -129.933594
vt 0.167322 1.218750
vn 0.318396 -0.938430 0.134061
v -69.750000 191.734375 -131.609375
vt 0.134454 1.187500
vn -0.324090 -0.897479 0.299160
v -68.000000 191.500000 -131.500000
vt 0.150888 1.187500
vn 0.000000 -0.948683 0.316228
v -66.250000 191.734375 -131.609375
vt 0.167322 1.187500
vn 0.324090 -0.897479 0.299160
v -69.750000 191.089844 -133.027344
vt 0.134454 1.156250
vn -0.330471 -0.809316 0.485590
v -68.000000 190.875000 -132.875000
vt 0.150888 1.156250
vn 0.000000 -0.857493 0.514496
v -66.250000 191.089844 -133.027344
vt 0.167322 1.156250
vn 0.330471 -0.809316 0.485590
v -37.250008 193.000000 -26.750000
vt 0.093750 2.187500
vn -0.485071 -0.727607 0.485071
v -32.899422 193.000000 -22.663086
vt 0.093750 2.261719
vn -0.453814 -0.727831 0.514116
v -41.336922 193.000000 -31.100586
vt 0.093750 2.113281
vn -0.514116 -0.727831 0.453814
v -28.285166 193.000000 -18.839844
vt 0.093750 2.335938
vn -0.421730 -0.726731 0.542224
v -45.160164 193.000000 -35.714844
vt 0.093750 2.039062
vn -0.542224 -0.726731 0.421730
v -23.407238 193.000000 -15.280273
vt 0.093750 2.410156
vn -0.388574 -0.726131 0.567225
v -48.719734 193.000000 -40.592773
vt 0.093750 1.964844
vn -0.567225 -0.726131 0.388574
v -18.265636 193.000000 -11.984375
vt 0.093750 2.484375
vn -0.354749 -0.724279 0.591248
v -52.015629 193.000000 -45.734375
vt 0.093750 1.890625
vn -0.591248 -0.724279 0.354748
v -12.860365 193.000000 -8.952148
vt 0.093750 2.558594
vn -0.321052 -0.723064 0.611641
v -55.047852 193.000000 -51.139648
vt 0.093750 1.816406
vn -0.611641 -0.723064 0.321052
v -57.816406 193.000000 -56.808594
vt 0.093750 1.742188
vn -0.631084 -0.720726 0.286856
v -60.321289 193.000000 -62.741211
vt 0.093750 1.667969
vn -0.646765 -0.719201 0.253861
v -62.562500 193.000000 -68.937500
vt 0.093750 1.593750
vn -0.661581 -0.716713 0.220527
v -64.540039 193.000000 -75.397461
vt 0.093750 1.519531
vn -0.672824 -0.715197 0.189213
v -32.750008 193.000000 -31.250000
vt 0.156250 2.187500
vn 0.485071 -0.727607 -0.485071
v -36.655281 193.000000 -35.407227
vt 0.156250 2.113281
vn 0.514116 -0.727831 -0.453814
v -28.592781 193.000000 -27.344727
vt 0.156250 2.261719
vn 0.453814 -0.727831 -0.514116
v -40.308601 193.000000 -39.816406
vt 0.156250 2.039062
vn 0.542224 -0.726731 -0.421730
v -24.183603 193.000000 -23.691406
vt 0.156250 2.335938
vn 0.421730 -0.726731 -0.542224
v -43.709969 193.000000 -44.477539
vt 0.156250 1.964844
vn 0.567225 -0.726131 -0.388574
v -19.522472 193.000000 -20.290039
vt 0.156250 2.410156
vn 0.388574 -0.726131 -0.567225
v -46.859379 193.000000 -49.390625
vt 0.156250 1.890625
vn 0.591248 -0.724279 -0.354748
v -14.609386 193.000000 -17.140625
vt 0.156250 2.484375
vn 0.354749 -0.724279 -0.591248
v -49.756836 193.000000 -54.555664
vt 0.156250 1.816406
vn 0.611641 -0.723064 -0.321052
v -9.444349 193.000000 -14.243164
vt 0.156250 2.558594
vn 0.321052 -0.723064 -0.611641
v -52.402344 193.000000 -59.972656
vt 0.156250 1.742188
vn 0.631084 -0.720726 -0.286856
v -4.027358 193.000000 -11.597656
vt 0.156250 2.632812
vn 0.286856 -0.720726 -0.631084
v -54.795898 193.000000 -65.641602
vt 0.156250 1.667969
vn 0.646765 -0.719201 -0.253861
v 1.641586 193.000000 -9.204102
vt 0.156250 2.707031
vn 0.253861 -0.719201 -0.646765
v -56.937500 193.000000 -71.562500
vt 0.156250 1.593750
vn 0.661581 -0.716713 -0.220527
v 7.562483 193.000000 -7.062500
vt 0.156250 2.781250
vn 0.220527 -0.716713 -0.661581
v -58.827148 193.000000 -77.735352
vt 0.156250 1.519531
vn 0.672824 -0.715197 -0.189213
v 13.735333 193.000000 -5.172852
vt 0.156250 2.855469
vn 0.189213 -0.715197 -0.672824
v -60.464844 193.000000 -84.160156
vt 0.156250 1.445312
vn 0.683320 -0.712887 -0.157689
v 20.160137 193.000000 -3.535156
vt 0.156250 2.929687
vn 0.157689 -0.712887 -0.683320
v -61.850586 193.000000 -90.836914
vt 0.156250 1.371094
vn 0.690637 -0.711656 -0.128712
v 26.836893 193.000000 -2.149414
vt 0.156250 3.003906
vn 0.128712 -0.711656 -0.690637
v -62.984375 193.000000 -97.765625
vt 0.156250 1.296875
vn 0.697336 -0.709788 -0.099619
v 33.765602 193.000000 -1.015625
vt 0.156250 3.078125
vn 0.099619 -0.709788 -0.697336
v -63.866211 193.000000 -104.946289
vt 0.156250 1.222656
vn 0.701344 -0.709041 -0.073331
v 40.946266 193.000000 -0.133789
vt 0.156250 3.152344
vn 0.073331 -0.709041 -0.701344
v -64.496094 193.000000 -112.378906
vt 0.156250 1.148438
vn 0.704856 -0.707793 -0.046990
v 48.378880 193.000000 0.496094
vt 0.156250 3.226562
vn 0.046990 -0.707793 -0.704856
v -64.874023 193.000000 -120.063477
vt 0.156250 1.074219
vn 0.706177 -0.707646 -0.023502
v -65.000000 193.000000 -128.000000
vt 0.156250 1.000000
vn 0.707107 -0.707107 -0.000000
v 56.063446 193.000000 0.874023
vt 0.156250 3.300781
vn 0.023502 -0.707646 -0.706177
v 63.999969 193.000000 1.000000
vt 0.156250 3.375000
vn 0.000000 -0.707107 -0.707107
v -66.253906 193.000000 -82.121094
vt 0.093750 1.445312
vn -0.683320 -0.712887 0.157689
v -67.704102 193.000000 -89.108398
vt 0.093750 1.371094
vn -0.690637 -0.711656 0.128712
v -68.890625 193.000000 -96.359375
vt 0.093750 1.296875
vn -0.697336 -0.709788 0.099619
v -69.813477 193.000000 -103.874023
vt 0.093750 1.222656
vn -0.701344 -0.709041 0.073331
v -70.472656 193.000000 -111.652344
vt 0.093750 1.148438
vn -0.704856 -0.707793 0.046990
v -70.868164 193.000000 -119.694336
vt 0.093750 1.074219
vn -0.706177 -0.707646 0.023502
v -71.000000 193.000000 -128.000000
vt 0.093750 1.000000
vn -0.707107 -0.707107 -0.000000
v -71.000000 192.859375 -130.109375
vt 0.116402 1.218750
vn -0.709788 -0.697336 0.099619
v -71.000000 193.000000 -128.000000
vt 0.116402 1.250000
vn -0.707107 -0.707107 -0.000000
v -65.000000 193.000000 -128.000000
vt 0.185374 1.250000
vn 0.707107 -0.707107 -0.000000
v -65.000000 192.859375 -130.109375
vt 0.185374 1.218750
vn 0.709788 -0.697336 0.099619
v -71.000000 192.437500 -131.937500
vt 0.116402 1.187500
vn -0.716713 -0.661581 0.220527
v -65.000000 192.437500 -131.937500
vt 0.185374 1.187500
vn 0.716713 -0.661581 0.220527
v -69.750000 190.187500 -134.187500
vt 0.134454 1.125000
vn -0.333333 -0.666667 0.666667
v -68.000000 190.000000 -134.000000
vt 0.150888 1.125000
vn 0.000000 -0.707107 0.707107
v -66.250000 190.187500 -134.187500
vt 0.167322 1.125000
vn 0.333333 -0.666667 0.666667
v -71.000000 191.734375 -133.484375
vt 0.116402 1.156250
vn -0.724279 -0.591248 0.354749
v -65.000000 191.734375 -133.484375
vt 0.185374 1.156250
vn 0.724279 -0.591248 0.354749
v -65.000000 190.750000 -134.750000
vt 0.185374 1.125000
vn 0.727607 -0.485071 0.485071
v 56.109589 58.250000 0.124756
vt 0.171875 3.300781
vn 0.031562 -0.316662 -0.948013
v 63.999969 60.000000 -0.000000
vt 0.187500 3.375000
vn 0.000000 0.000000 -1.000000
v 56.124969 60.000000 -0.125000
vt 0.187500 3.300781
vn 0.033278 0.000000 -0.999446
v 63.999969 58.250000 0.250000
vt 0.171875 3.375000
vn -0.000000 -0.316228 -0.948683
v 48.469700 58.250000 -0.250977
vt 0.171875 3.226562
vn 0.063093 -0.316781 -0.946398
v 48.499973 60.000000 -0.500000
vt 0.187500 3.226562
vn 0.066519 0.000000 -0.997785
v 41.080299 58.250000 -0.877197
vt 0.171875 3.152344
vn 0.098640 -0.317791 -0.943016
v 41.124977 60.000000 -1.125000
vt 0.187500 3.152344
vn 0.104044 0.000000 -0.994573
v 33.941383 58.250000 -1.753906
vt 0.171875 3.078125
vn 0.134062 -0.318396 -0.938430
v 33.999977 60.000000 -2.000000
vt 0.187500 3.078125
vn 0.141421 0.000000 -0.989950
v 27.052958 58.250000 -2.881104
vt 0.171875 3.003906
vn 0.173654 -0.319920 -0.931394
v 27.124979 60.000000 -3.125000
vt 0.187500 3.003906
vn 0.183306 0.000000 -0.983056
v 20.415020 58.250000 -4.258789
vt 0.171875 2.929687
vn 0.212965 -0.320927 -0.922850
v 20.499981 60.000000 -4.500000
vt 0.187500 2.929687
vn 0.224860 0.000000 -0.974391
v 14.027570 58.250000 -5.886963
vt 0.171875 2.855469
vn 0.256322 -0.322835 -0.911086
v 14.124982 60.000000 -6.125000
vt 0.187500 2.855469
vn 0.270849 0.000000 -0.962622
v 7.890608 58.250000 -7.765625
vt 0.171875 2.781250
vn 0.299160 -0.324090 -0.897479
v 7.999983 60.000000 -8.000000
vt 0.187500 2.781250
vn 0.316228 0.000000 -0.948683
v 2.004135 58.250000 -9.894775
vt 0.171875 2.707031
vn 0.345499 -0.326173 -0.879910
v 2.124984 60.000000 -10.125000
vt 0.187500 2.707031
vn 0.365518 0.000000 -0.930804
v 1.641586 57.000000 -9.204102
vt 0.156250 2.707031
vn 0.253861 -0.719201 -0.646765
v 7.562483 57.000000 -7.062500
vt 0.156250 2.781250
vn 0.220527 -0.716713 -0.661581
v -46.214851 56.000000 -42.535156
vt 0.125000 1.964844
vn 0.000000 -1.000000 -0.000000
v -41.319344 56.250000 -38.961914
vt 0.140625 2.039062
vn 0.237209 -0.953778 -0.184496
v -44.753670 56.250000 -43.668213
vt 0.140625 1.964844
vn 0.248327 -0.953627 -0.170085
v -42.734383 56.000000 -37.765625
vt 0.125000 2.039062
vn 0.000000 -1.000000 -0.000000
v -37.630623 56.250000 -34.510010
vt 0.140625 2.113281
vn 0.224643 -0.954054 -0.198282
v -38.996101 56.000000 -33.253906
vt 0.125000 2.113281
vn 0.000000 -1.000000 -0.000000
v -33.687508 56.250000 -30.312500
vt 0.140625 2.187500
vn 0.212000 -0.953998 -0.212000
v -35.000008 56.000000 -29.000000
vt 0.125000 2.187500
vn 0.000000 -1.000000 -0.000000
v -29.489998 56.250000 -26.369385
vt 0.140625 2.261719
vn 0.198282 -0.954054 -0.224643
v -30.746101 56.000000 -25.003906
vt 0.125000 2.261719
vn 0.000000 -1.000000 -0.000000
v -25.038095 56.250000 -22.680664
vt 0.140625 2.335938
vn 0.184496 -0.953778 -0.237209
v -26.234385 56.000000 -21.265625
vt 0.125000 2.335938
vn 0.000000 -1.000000 -0.000000
v -20.331799 56.250000 -19.246338
vt 0.140625 2.410156
vn 0.170085 -0.953627 -0.248327
v -21.464855 56.000000 -17.785156
vt 0.125000 2.410156
vn 0.000000 -1.000000 -0.000000
v -15.371105 56.250000 -16.066406
vt 0.140625 2.484375
vn 0.155618 -0.953160 -0.259363
v -16.437511 56.000000 -14.562500
vt 0.125000 2.484375
vn 0.000000 -1.000000 -0.000000
v -10.156019 56.250000 -13.140869
vt 0.140625 2.558594
vn 0.140998 -0.952851 -0.268691
v -11.152357 56.000000 -11.597656
vt 0.125000 2.558594
vn 0.000000 -1.000000 -0.000000
v -4.686538 56.250000 -10.469727
vt 0.140625 2.632812
vn 0.126336 -0.952255 -0.277938
v -5.609389 56.000000 -8.890625
vt 0.125000 2.632812
vn 0.000000 -1.000000 -0.000000
v 1.037338 56.250000 -8.052979
vt 0.140625 2.707031
vn 0.111963 -0.951862 -0.285348
v 0.191391 56.000000 -6.441406
vt 0.125000 2.707031
vn 0.000000 -1.000000 -0.000000
v 7.015608 56.250000 -5.890625
vt 0.140625 2.781250
vn 0.097561 -0.951220 -0.292683
v 6.249983 56.000000 -4.250000
vt 0.125000 2.781250
vn 0.000000 -1.000000 -0.000000
v 13.248273 56.250000 -3.982666
vt 0.140625 2.855469
vn 0.083821 -0.950823 -0.298176
v 12.566388 56.000000 -2.316406
vt 0.125000 2.855469
vn 0.000000 -1.000000 -0.000000
v 19.735332 56.250000 -2.329102
vt 0.140625 2.929687
vn 0.070062 -0.950219 -0.303603
v 19.140606 56.000000 -0.640625
vt 0.125000 2.929687
vn 0.000000 -1.000000 -0.000000
v 26.476786 56.250000 -0.929932
vt 0.140625 3.003906
vn 0.057244 -0.949894 -0.307286
v 25.972635 56.000000 0.777344
vt 0.125000 3.003906
vn 0.000000 -1.000000 -0.000000
v 33.472633 56.250000 0.214844
vt 0.140625 3.078125
vn 0.044416 -0.949399 -0.310914
v 33.062477 56.000000 1.937500
vt 0.125000 3.078125
vn 0.000000 -1.000000 -0.000000
v 40.722878 56.250000 1.105225
vt 0.140625 3.152344
vn 0.032710 -0.949200 -0.312968
v 40.410133 56.000000 2.839844
vt 0.125000 3.152344
vn 0.000000 -1.000000 -0.000000
v 48.227512 56.250000 1.741211
vt 0.140625 3.226562
vn 0.020998 -0.948867 -0.314977
v 48.015598 56.000000 3.484375
vt 0.125000 3.226562
vn 0.000000 -1.000000 -0.000000
v 55.986542 56.250000 2.122803
vt 0.140625 3.300781
vn 0.010500 -0.948828 -0.315620
v 55.878876 56.000000 3.871094
vt 0.125000 3.300781
vn 0.000000 -1.000000 -0.000000
v 63.999969 56.250000 2.250000
vt 0.140625 3.375000
vn -0.000000 -0.948683 -0.316228
v 63.999969 56.000000 4.000000
vt 0.125000 3.375000
vn 0.000000 -1.000000 -0.000000
v -68.000000 56.000000 -128.000000
vt 0.125000 1.000000
vn 0.000000 -1.000000 -0.000000
v -66.122803 56.250000 -119.986572
vt 0.140625 1.074219
vn 0.315620 -0.948828 -0.010500
v -66.250000 56.250000 -128.000000
vt 0.140625 1.000000
vn 0.316228 -0.948683 0.000000
v -67.871094 56.000000 -119.878906
vt 0.125000 1.074219
vn 0.000000 -1.000000 -0.000000
v -65.741211 56.250000 -112.227539
vt 0.140625 1.148438
vn 0.314977 -0.948867 -0.020998
v -67.484375 56.000000 -112.015625
vt 0.125000 1.148438
vn 0.000000 -1.000000 -0.000000
v -65.105225 56.250000 -104.722900
vt 0.140625 1.222656
vn 0.312968 -0.949200 -0.032710
v -66.839844 56.000000 -104.410156
vt 0.125000 1.222656
vn 0.000000 -1.000000 -0.000000
v -64.214844 56.250000 -97.472656
vt 0.140625 1.296875
vn 0.310914 -0.949399 -0.044416
v -65.937500 56.000000 -97.062500
vt 0.125000 1.296875
vn 0.000000 -1.000000 -0.000000
v -63.070068 56.250000 -90.476807
vt 0.140625 1.371094
vn 0.307286 -0.949894 -0.057244
v -64.777344 56.000000 -89.972656
vt 0.125000 1.371094
vn 0.000000 -1.000000 -0.000000
v -61.670898 56.250000 -83.735352
vt 0.140625 1.445312
vn 0.303603 -0.950219 -0.070062
v -63.359375 56.000000 -83.140625
vt 0.125000 1.445312
vn 0.000000 -1.000000 -0.000000
v -60.017334 56.250000 -77.248291
vt 0.140625 1.519531
vn 0.298176 -0.950823 -0.083821
v -61.683594 56.000000 -76.566406
vt 0.125000 1.519531
vn 0.000000 -1.000000 -0.000000
v -58.109375 56.250000 -71.015625
vt 0.140625 1.593750
vn 0.292683 -0.951220 -0.097561
v -59.750000 56.000000 -70.250000
vt 0.125000 1.593750
vn 0.000000 -1.000000 -0.000000
v -55.947021 56.250000 -65.037354
vt 0.140625 1.667969
vn 0.285348 -0.951862 -0.111963
v -57.558594 56.000000 -64.191406
vt 0.125000 1.667969
vn 0.000000 -1.000000 -0.000000
v -53.530273 56.250000 -59.313477
vt 0.140625 1.742188
vn 0.277938 -0.952255 -0.126336
v -55.109375 56.000000 -58.390625
vt 0.125000 1.742188
vn 0.000000 -1.000000 -0.000000
v -50.859131 56.250000 -53.843994
vt 0.140625 1.816406
vn 0.268691 -0.952851 -0.140998
v -52.402344 56.000000 -52.847656
vt 0.125000 1.816406
vn 0.000000 -1.000000 -0.000000
v -47.933598 56.250000 -48.628906
vt 0.140625 1.890625
vn 0.259363 -0.953160 -0.155618
v -49.437504 56.000000 -47.562500
vt 0.125000 1.890625
vn 0.000000 -1.000000 -0.000000
v -66.250000 56.250000 -128.000000
vt 0.285343 1.000000
vn 0.316228 -0.948683 0.000000
v -68.000000 56.250000 -131.750000
vt 0.301777 1.031250
vn 0.000000 -0.989950 -0.141421
v -68.000000 56.000000 -128.000000
vt 0.301777 1.000000
vn 0.000000 -1.000000 -0.000000
v -66.250000 56.496094 -131.691406
vt 0.285343 1.031250
vn 0.318396 -0.938430 -0.134061
v -40.361580 56.250000 -31.997803
vt 0.109375 2.113281
vn -0.224643 -0.954054 0.198282
v -36.312508 56.250000 -27.687500
vt 0.109375 2.187500
vn -0.212000 -0.953998 0.212000
v -32.002205 56.250000 -23.638428
vt 0.109375 2.261719
vn -0.198282 -0.954054 0.224643
v -27.430674 56.250000 -19.850586
vt 0.109375 2.335938
vn -0.184496 -0.953778 0.237209
v -22.597912 56.250000 -16.323975
vt 0.109375 2.410156
vn -0.170085 -0.953627 0.248327
v -17.503918 56.250000 -13.058594
vt 0.109375 2.484375
vn -0.155618 -0.953160 0.259363
v -12.148695 56.250000 -10.054443
vt 0.109375 2.558594
vn -0.140998 -0.952851 0.268691
v -6.532241 56.250000 -7.311523
vt 0.109375 2.632812
vn -0.126336 -0.952255 0.277938
v -0.654557 56.250000 -4.829834
vt 0.109375 2.707031
vn -0.111963 -0.951862 0.285348
v 5.484358 56.250000 -2.609375
vt 0.109375 2.781250
vn -0.097561 -0.951220 0.292683
v 11.884503 56.250000 -0.650146
vt 0.109375 2.855469
vn -0.083821 -0.950823 0.298176
v 18.545879 56.250000 1.047852
vt 0.109375 2.929687
vn -0.070062 -0.950219 0.303603
v 25.468485 56.250000 2.484619
vt 0.109375 3.003906
vn -0.057244 -0.949894 0.307286
v 32.652321 56.250000 3.660156
vt 0.109375 3.078125
vn -0.044416 -0.949399 0.310914
v 40.097389 56.250000 4.574463
vt 0.109375 3.152344
vn -0.032710 -0.949200 0.312968
v 47.803684 56.250000 5.227539
vt 0.109375 3.226562
vn -0.020998 -0.948867 0.314977
v 55.771210 56.250000 5.619385
vt 0.109375 3.300781
vn -0.010500 -0.948828 0.315620
v 63.999969 56.250000 5.750000
vt 0.109375 3.375000
vn -0.000000 -0.948683 0.316228
v -68.574463 56.250000 -104.097412
vt 0.109375 1.222656
vn -0.312968 -0.949200 0.032710
v -67.660156 56.250000 -96.652344
vt 0.109375 1.296875
vn -0.310914 -0.949399 0.044416
v -69.227539 56.250000 -111.803711
vt 0.109375 1.148438
vn -0.314977 -0.948867 0.020998
v -69.619385 56.250000 -119.771240
vt 0.109375 1.074219
vn -0.315620 -0.948828 0.010500
v -69.750000 56.250000 -128.000000
vt 0.109375 1.000000
vn -0.316228 -0.948683 0.000000
v -66.484619 56.250000 -89.468506
vt 0.109375 1.371094
vn -0.307286 -0.949894 0.057244
v -65.047852 56.250000 -82.545898
vt 0.109375 1.445312
vn -0.303603 -0.950219 0.070062
v -63.349854 56.250000 -75.884521
vt 0.109375 1.519531
vn -0.298176 -0.950823 0.083821
v -61.390625 56.250000 -69.484375
vt 0.109375 1.593750
vn -0.292683 -0.951220 0.097561
v -59.170166 56.250000 -63.345459
vt 0.109375 1.667969
vn -0.285348 -0.951862 0.111963
v -56.688477 56.250000 -57.467773
vt 0.109375 1.742188
vn -0.277938 -0.952255 0.126336
v -53.945557 56.250000 -51.851318
vt 0.109375 1.816406
vn -0.268691 -0.952851 0.140998
v -50.941410 56.250000 -46.496094
vt 0.109375 1.890625
vn -0.259363 -0.953160 0.155618
v -47.676033 56.250000 -41.402100
vt 0.109375 1.964844
vn -0.248327 -0.953627 0.170085
v -44.149422 56.250000 -36.569336
vt 0.109375 2.039062
vn -0.237209 -0.953778 0.184496
v -68.000000 57.000000 -135.000000
vt 0.301777 1.062500
vn 0.000000 -0.948683 -0.316228
v -66.250000 57.234375 -134.890625
vt 0.285343 1.062500
vn 0.324090 -0.897479 -0.299160
v -68.000000 56.000000 -128.000000
vt 0.000000 1.000000
vn 0.000000 -1.000000 -0.000000
v -69.750000 56.496094 -131.691406
vt 0.016434 1.031250
vn -0.318396 -0.938430 -0.134061
v -69.750000 56.250000 -128.000000
vt 0.016434 1.000000
vn -0.316228 -0.948683 0.000000
v -68.000000 56.250000 -131.750000
vt 0.000000 1.031250
vn 0.000000 -0.989949 -0.141421
v -69.750000 57.234375 -134.890625
vt 0.016434 1.062500
vn -0.324090 -0.897479 -0.299160
v -68.000000 57.000000 -135.000000
vt 0.000000 1.062500
vn 0.000000 -0.948683 -0.316228
v -68.000000 58.250000 -137.750000
vt 0.301777 1.093750
vn 0.000000 -0.857493 -0.514496
v -66.250000 58.464844 -137.597656
vt 0.285343 1.093750
vn 0.330471 -0.809316 -0.485590
v -28.592781 57.000000 -27.344727
vt 0.156250 2.261719
vn 0.453814 -0.727831 -0.514116
v -32.750008 57.000000 -31.250000
vt 0.156250 2.187500
vn 0.485071 -0.727607 -0.485071
v -36.655281 57.000000 -35.407227
vt 0.156250 2.113281
vn 0.514116 -0.727831 -0.453814
v -24.183603 57.000000 -23.691406
vt 0.156250 2.335938
vn 0.421730 -0.726731 -0.542224
v -40.308601 57.000000 -39.816406
vt 0.156250 2.039062
vn 0.542224 -0.726731 -0.421730
v -19.522472 57.000000 -20.290039
vt 0.156250 2.410156
vn 0.388574 -0.726131 -0.567225
v -43.709969 57.000000 -44.477539
vt 0.156250 1.964844
vn 0.567225 -0.726131 -0.388574
v -14.609386 57.000000 -17.140625
vt 0.156250 2.484375
vn 0.354749 -0.724279 -0.591248
v -46.859379 57.000000 -49.390625
vt 0.156250 1.890625
vn 0.591248 -0.724279 -0.354748
v -9.444349 57.000000 -14.243164
vt 0.156250 2.558594
vn 0.321052 -0.723064 -0.611641
v -49.756836 57.000000 -54.555664
vt 0.156250 1.816406
vn 0.611641 -0.723064 -0.321052
v -4.027358 57.000000 -11.597656
vt 0.156250 2.632812
vn 0.286856 -0.720726 -0.631084
v -52.402344 57.000000 -59.972656
vt 0.156250 1.742188
vn 0.631084 -0.720726 -0.286856
v -54.795898 57.000000 -65.641602
vt 0.156250 1.667969
vn 0.646765 -0.719201 -0.253861
v -56.937500 57.000000 -71.562500
vt 0.156250 1.593750
vn 0.661581 -0.716713 -0.220527
v 13.735333 57.000000 -5.172852
vt 0.156250 2.855469
vn 0.189213 -0.715197 -0.672824
v -58.827148 57.000000 -77.735352
vt 0.156250 1.519531
vn 0.672824 -0.715197 -0.189213
v 20.160137 57.000000 -3.535156
vt 0.156250 2.929687
vn 0.157689 -0.712887 -0.683320
v -60.464844 57.000000 -84.160156
vt 0.156250 1.445312
vn 0.683320 -0.712887 -0.157689
v 26.836893 57.000000 -2.149414
vt 0.156250 3.003906
vn 0.128712 -0.711656 -0.690637
v -61.850586 57.000000 -90.836914
vt 0.156250 1.371094
vn 0.690637 -0.711656 -0.128712
v 33.765602 57.000000 -1.015625
vt 0.156250 3.078125
vn 0.099619 -0.709788 -0.697336
v -62.984375 57.000000 -97.765625
vt 0.156250 1.296875
vn 0.697336 -0.709788 -0.099619
v 40.946266 57.000000 -0.133789
vt 0.156250 3.152344
vn 0.073331 -0.709041 -0.701344
v -63.866211 57.000000 -104.946289
vt 0.156250 1.222656
vn 0.701344 -0.709041 -0.073331
v 48.378880 57.000000 0.496094
vt 0.156250 3.226562
vn 0.046990 -0.707793 -0.704856
v -64.496094 57.000000 -112.378906
vt 0.156250 1.148438
vn 0.704856 -0.707793 -0.046990
v 56.063446 57.000000 0.874023
vt 0.156250 3.300781
vn 0.023502 -0.707646 -0.706177
v -64.874023 57.000000 -120.063477
vt 0.156250 1.074219
vn 0.706177 -0.707646 -0.023502
v 63.999969 57.000000 1.000000
vt 0.156250 3.375000
vn 0.000000 -0.707107 -0.707107
v -65.000000 57.000000 -128.000000
vt 0.156250 1.000000
vn 0.707107 -0.707107 -0.000000
v -65.000000 57.000000 -128.000000
vt 0.267291 1.000000
vn 0.707107 -0.707107 -0.000000
v -65.000000 57.234375 -131.515625
vt 0.267291 1.031250
vn 0.709788 -0.697336 -0.099619
v -65.000000 57.937500 -134.562500
vt 0.267291 1.062500
vn 0.716713 -0.661581 -0.220527
v -41.336922 57.000000 -31.100586
vt 0.093750 2.113281
vn -0.514116 -0.727831 0.453814
v -37.250008 57.000000 -26.750000
vt 0.093750 2.187500
vn -0.485071 -0.727607 0.485071
v -32.899422 57.000000 -22.663086
vt 0.093750 2.261719
vn -0.453814 -0.727831 0.514116
v -45.160164 57.000000 -35.714844
vt 0.093750 2.039062
vn -0.542224 -0.726731 0.421730
v -28.285166 57.000000 -18.839844
vt 0.093750 2.335938
vn -0.421730 -0.726731 0.542224
v -48.719734 57.000000 -40.592773
vt 0.093750 1.964844
vn -0.567225 -0.726131 0.388574
v -23.407238 57.000000 -15.280273
vt 0.093750 2.410156
vn -0.388574 -0.726131 0.567225
v -52.015629 57.000000 -45.734375
vt 0.093750 1.890625
vn -0.591248 -0.724279 0.354748
v -18.265636 57.000000 -11.984375
vt 0.093750 2.484375
vn -0.354749 -0.724279 0.591248
v -55.047852 57.000000 -51.139648
vt 0.093750 1.816406
vn -0.611641 -0.723064 0.321052
v -12.860365 57.000000 -8.952148
vt 0.093750 2.558594
vn -0.321052 -0.723064 0.611641
v -57.816406 57.000000 -56.808594
vt 0.093750 1.742188
vn -0.631084 -0.720726 0.286856
v -7.191421 57.000000 -6.183594
vt 0.093750 2.632812
vn -0.286856 -0.720726 0.631084
v -60.321289 57.000000 -62.741211
vt 0.093750 1.667969
vn -0.646765 -0.719201 0.253861
v -1.258805 57.000000 -3.678711
vt 0.093750 2.707031
vn -0.253861 -0.719201 0.646765
v -62.562500 57.000000 -68.937500
vt 0.093750 1.593750
vn -0.661581 -0.716713 0.220527
v 4.937483 57.000000 -1.437500
vt 0.093750 2.781250
vn -0.220527 -0.716713 0.661581
v -64.540039 57.000000 -75.397461
vt 0.093750 1.519531
vn -0.672824 -0.715197 0.189213
v -68.000000 58.250000 -137.750000
vt 0.000000 1.093750
vn 0.000000 -0.857493 -0.514496
v -69.750000 58.464844 -137.597656
vt 0.016434 1.093750
vn -0.330471 -0.809316 -0.485590
v 11.397443 57.000000 0.540039
vt 0.093750 2.855469
vn -0.189213 -0.715197 0.672824
v -66.253906 57.000000 -82.121094
vt 0.093750 1.445312
vn -0.683320 -0.712887 0.157689
v 18.121075 57.000000 2.253906
vt 0.093750 2.929687
vn -0.157689 -0.712887 0.683320
v -67.704102 57.000000 -89.108398
vt 0.093750 1.371094
vn -0.690637 -0.711656 0.128712
v 25.108377 57.000000 3.704102
vt 0.093750 3.003906
vn -0.128712 -0.711656 0.690637
v -68.890625 57.000000 -96.359375
vt 0.093750 1.296875
vn -0.697336 -0.709788 0.099619
v 32.359352 57.000000 4.890625
vt 0.093750 3.078125
vn -0.099619 -0.709788 0.697336
v -69.813477 57.000000 -103.874023
vt 0.093750 1.222656
vn -0.701344 -0.709041 0.073331
v 39.874001 57.000000 5.813477
vt 0.093750 3.152344
vn -0.073331 -0.709041 0.701344
v -70.472656 57.000000 -111.652344
vt 0.093750 1.148438
vn -0.704856 -0.707793 0.046990
v -70.868164 57.000000 -119.694336
vt 0.093750 1.074219
vn -0.706177 -0.707646 0.023502
v -71.000000 57.000000 -128.000000
vt 0.093750 1.000000
vn -0.707107 -0.707107 -0.000000
v -71.000000 57.234375 -131.515625
vt 0.034486 1.031250
vn -0.709788 -0.697336 -0.099619
v -71.000000 57.000000 -128.000000
vt 0.034486 1.000000
vn -0.707107 -0.707107 -0.000000
v -71.000000 57.937500 -134.562500
vt 0.034486 1.062500
vn -0.716713 -0.661581 -0.220527
v 47.652317 57.000000 6.472656
vt 0.093750 3.226562
vn -0.046990 -0.707793 0.704856
v 55.694305 57.000000 6.868164
vt 0.093750 3.300781
vn -0.023502 -0.707645 0.706177
v 63.999969 57.000000 7.000000
vt 0.093750 3.375000
vn 0.000000 -0.707107 0.707107
v -65.000000 59.109375 -137.140625
vt 0.267291 1.093750
vn 0.724279 -0.591248 -0.354749
v -71.000000 59.109375 -137.140625
vt 0.034486 1.093750
vn -0.724279 -0.591248 -0.354749
v -68.000000 60.000000 -140.000000
vt 0.301777 1.125000
vn 0.000000 -0.707107 -0.707107
v -66.250000 60.187500 -139.812500
vt 0.285343 1.125000
vn 0.333333 -0.666667 -0.666667
v -68.000000 60.000000 -140.000000
vt 0.000000 1.125000
vn 0.000000 -0.707107 -0.707107
v -69.750000 60.187500 -139.812500
vt 0.016434 1.125000
vn -0.333333 -0.666667 -0.666667
v -65.000000 60.750000 -139.250000
vt 0.267291 1.125000
vn 0.727607 -0.485071 -0.485071
v -71.000000 60.750000 -139.250000
vt 0.034486 1.125000
vn -0.727607 -0.485071 -0.485071
v -68.000000 62.250000 -141.750000
vt 0.301777 1.156250
vn 0.000000 -0.514496 -0.857493
v -66.250000 62.402344 -141.535156
vt 0.285343 1.156250
vn 0.330471 -0.485589 -0.809316
v -68.000000 62.250000 -141.750000
vt 0.000000 1.156250
vn 0.000000 -0.514496 -0.857493
v -69.750000 62.402344 -141.535156
vt 0.016434 1.156250
vn -0.330471 -0.485590 -0.809316
v -71.000000 62.859375 -140.890625
vt 0.034486 1.156250
vn -0.724279 -0.354749 -0.591248
v -69.750000 65.109375 -142.765625
vt 0.016434 1.187500
vn -0.324090 -0.299160 -0.897479
v -68.000000 65.000000 -143.000000
vt 0.000000 1.187500
vn 0.000000 -0.316228 -0.948683
v 56.109589 194.250000 0.124756
vt 0.171875 3.300781
vn 0.031562 -0.316662 -0.948013
v 63.999969 196.000000 -0.000000
vt 0.187500 3.375000
vn 0.000000 0.000000 -1.000000
v 56.124969 196.000000 -0.125000
vt 0.187500 3.300781
vn 0.033278 0.000000 -0.999446
v 63.999969 194.250000 0.250000
vt 0.171875 3.375000
vn -0.000000 -0.316228 -0.948683
v 48.469700 194.250000 -0.250977
vt 0.171875 3.226562
vn 0.063093 -0.316781 -0.946398
v 48.499973 196.000000 -0.500000
vt 0.187500 3.226562
vn 0.066519 0.000000 -0.997785
v 41.080299 194.250000 -0.877197
vt 0.171875 3.152344
vn 0.098640 -0.317791 -0.943016
v 41.124977 196.000000 -1.125000
vt 0.187500 3.152344
vn 0.104044 0.000000 -0.994573
v 33.941383 194.250000 -1.753906
vt 0.171875 3.078125
vn 0.134062 -0.318396 -0.938430
v 33.999977 196.000000 -2.000000
vt 0.187500 3.078125
vn 0.141421 0.000000 -0.989950
v 27.052958 194.250000 -2.881104
vt 0.171875 3.003906
vn 0.173654 -0.319920 -0.931394
v 27.124979 196.000000 -3.125000
vt 0.187500 3.003906
vn 0.183306 0.000000 -0.983056
v 20.415020 194.250000 -4.258789
vt 0.171875 2.929687
vn 0.212965 -0.320927 -0.922850
v 20.499981 196.000000 -4.500000
vt 0.187500 2.929687
vn 0.224860 0.000000 -0.974391
v 14.027570 194.250000 -5.886963
vt 0.171875 2.855469
vn 0.256322 -0.322835 -0.911086
v 14.124982 196.000000 -6.125000
vt 0.187500 2.855469
vn 0.270849 0.000000 -0.962622
v 7.890608 194.250000 -7.765625
vt 0.171875 2.781250
vn 0.299160 -0.324090 -0.897479
v 7.999983 196.000000 -8.000000
vt 0.187500 2.781250
vn 0.316228 0.000000 -0.948683
v 2.004135 194.250000 -9.894775
vt 0.171875 2.707031
vn 0.345499 -0.326173 -0.879910
v 2.124984 196.000000 -10.125000
vt 0.187500 2.707031
vn 0.365518 0.000000 -0.930804
v 1.641586 193.000000 -9.204102
vt 0.156250 2.707031
vn 0.253861 -0.719201 -0.646765
v 7.562483 193.000000 -7.062500
vt 0.156250 2.781250
vn 0.220527 -0.716713 -0.661581
v 13.735333 193.000000 -5.172852
vt 0.156250 2.855469
vn 0.189213 -0.715197 -0.672824
v 33.941383 197.750000 -1.753906
vt 0.203125 3.078125
vn 0.134062 0.318396 -0.938430
v 27.052958 197.750000 -2.881104
vt 0.203125 3.003906
vn 0.173654 0.319921 -0.931394
v 41.080299 197.750000 -0.877197
vt 0.203125 3.152344
vn 0.098640 0.317791 -0.943016
v 48.469700 197.750000 -0.250977
vt 0.203125 3.226562
vn 0.063093 0.316780 -0.946398
v 56.109589 197.750000 0.124756
vt 0.203125 3.300781
vn 0.031562 0.316662 -0.948013
v 63.999969 197.750000 0.250000
vt 0.203125 3.375000
vn -0.000000 0.316228 -0.948683
v 40.946266 199.000000 -0.133789
vt 0.218750 3.152344
vn 0.073331 0.709041 -0.701344
v 33.765602 199.000000 -1.015625
vt 0.218750 3.078125
vn 0.099619 0.709788 -0.697336
v 26.836893 199.000000 -2.149414
vt 0.218750 3.003906
vn 0.128712 0.711656 -0.690637
v 48.378880 199.000000 0.496094
vt 0.218750 3.226562
vn 0.046990 0.707793 -0.704856
v 20.415020 197.750000 -4.258789
vt 0.203125 2.929687
vn 0.212965 0.320927 -0.922850
v 20.160137 199.000000 -3.535156
vt 0.218750 2.929687
vn 0.157689 0.712887 -0.683320
v 56.063446 199.000000 0.874023
vt 0.218750 3.300781
vn 0.023502 0.707646 -0.706177
v 63.999969 199.000000 1.000000
vt 0.218750 3.375000
vn 0.000000 0.707107 -0.707107
v 14.027570 197.750000 -5.886963
vt 0.203125 2.855469
vn 0.256322 0.322835 -0.911086
v 13.735333 199.000000 -5.172852
vt 0.218750 2.855469
vn 0.189213 0.715197 -0.672824
v 33.765602 193.000000 -1.015625
vt 0.156250 3.078125
vn 0.099619 -0.709788 -0.697336
v 40.946266 193.000000 -0.133789
vt 0.156250 3.152344
vn 0.073331 -0.709041 -0.701344
v 48.378880 193.000000 0.496094
vt 0.156250 3.226562
vn 0.046990 -0.707793 -0.704856
v 26.836893 193.000000 -2.149414
vt 0.156250 3.003906
vn 0.128712 -0.711656 -0.690637
v 56.063446 193.000000 0.874023
vt 0.156250 3.300781
vn 0.023502 -0.707646 -0.706177
v 20.160137 193.000000 -3.535156
vt 0.156250 2.929687
vn 0.157689 -0.712887 -0.683320
v 63.999969 193.000000 1.000000
vt 0.156250 3.375000
vn 0.000000 -0.707107 -0.707107
v -68.000000 72.000000 -144.000000
vt 0.000000 1.000000
vn 0.000000 0.000000 -1.000000
v -68.000000 184.000000 -144.000000
vt 0.000000 1.875000
vn 0.000000 0.000000 -1.000000
v -69.750000 184.000000 -143.750000
vt 0.015625 1.875000
vn -0.316228 -0.000000 -0.948683
v -69.750000 72.000000 -143.750000
vt 0.015625 1.000000
vn -0.316228 0.000000 -0.948683
v -68.000000 68.250000 -143.750000
vt 0.000000 1.218750
vn 0.000000 -0.141421 -0.989949
v -68.000000 72.000000 -144.000000
vt 0.000000 1.250000
vn 0.000000 0.000000 -1.000000
v -69.750000 72.000000 -143.750000
vt 0.016434 1.250000
vn -0.316228 0.000000 -0.948683
v -69.750000 68.308594 -143.503906
vt 0.016434 1.218750
vn -0.318396 -0.134061 -0.938430
v -68.000000 184.000000 -144.000000
vt 0.000000 1.000000
vn 0.000000 0.000000 -1.000000
v -69.750000 187.691406 -143.503906
vt 0.016434 1.031250
vn -0.318396 0.134061 -0.938430
v -69.750000 184.000000 -143.750000
vt 0.016434 1.000000
vn -0.316228 -0.000000 -0.948683
v -68.000000 187.750000 -143.750000
vt 0.000000 1.031250
vn 0.000000 0.141421 -0.989949
v -68.000000 65.000000 -143.000000
vt 0.000000 1.187500
vn 0.000000 -0.316228 -0.948683
v -69.750000 65.109375 -142.765625
vt 0.016434 1.187500
vn -0.324090 -0.299160 -0.897479
v -69.750000 190.890625 -142.765625
vt 0.016434 1.062500
vn -0.324090 0.299160 -0.897479
v -68.000000 191.000000 -143.000000
vt 0.000000 1.062500
vn 0.000000 0.316228 -0.948683
v 55.648163 61.750000 7.617432
vt 0.046875 3.300781
vn -0.031562 0.316662 0.948013
v 63.999969 60.000000 8.000000
vt 0.062500 3.375000
vn 0.000000 0.000000 1.000000
v 55.632782 60.000000 7.867188
vt 0.062500 3.300781
vn -0.033278 0.000000 0.999446
v 63.999969 61.750000 7.750000
vt 0.046875 3.375000
vn -0.000000 0.316228 0.948683
v 47.561497 61.750000 7.219727
vt 0.046875 3.226562
vn -0.063093 0.316780 0.946398
v 47.531223 60.000000 7.468750
vt 0.062500 3.226562
vn -0.066519 0.000000 0.997785
v 39.739967 61.750000 6.556885
vt 0.046875 3.152344
vn -0.098640 0.317791 0.943016
v 39.695290 60.000000 6.804688
vt 0.062500 3.152344
vn -0.104044 0.000000 0.994573
v 32.183571 61.750000 5.628906
vt 0.046875 3.078125
vn -0.134062 0.318396 0.938430
v 32.124977 60.000000 5.875000
vt 0.062500 3.078125
vn -0.141421 0.000000 0.989949
v 55.648163 197.750000 7.617432
vt 0.046875 3.300781
vn -0.031562 0.316662 0.948013
v 63.999969 196.000000 8.000000
vt 0.062500 3.375000
vn 0.000000 0.000000 1.000000
v 55.632782 196.000000 7.867188
vt 0.062500 3.300781
vn -0.033278 0.000000 0.999446
v 63.999969 197.750000 7.750000
vt 0.046875 3.375000
vn -0.000000 0.316228 0.948683
v 47.561497 197.750000 7.219727
vt 0.046875 3.226562
vn -0.063093 0.316780 0.946398
v 47.531223 196.000000 7.468750
vt 0.062500 3.226562
vn -0.066519 0.000000 0.997785
v 39.739967 197.750000 6.556885
vt 0.046875 3.152344
vn -0.098640 0.317791 0.943016
v 39.695290 196.000000 6.804688
vt 0.062500 3.152344
vn -0.104044 0.000000 0.994573
v 32.183571 197.750000 5.628906
vt 0.046875 3.078125
vn -0.134062 0.318396 0.938430
v 32.124977 196.000000 5.875000
vt 0.062500 3.078125
vn -0.141421 0.000000 0.989949
v -32.250000 196.000000 -31.750000
vt 0.234375 1.000000
vn 0.948683 0.000000 -0.316228
v -32.000000 12.000000 -30.000000
vt 0.250000 2.750000
vn 1.000000 0.000000 -0.000000
v -32.000000 196.000000 -30.000000
vt 0.250000 1.000000
vn 1.000000 0.000000 -0.000000
v -32.250000 12.000000 -31.750000
vt 0.234375 2.750000
vn 0.948683 0.000000 -0.316228
v -33.000000 196.000000 -33.000000
vt 0.218750 1.000000
vn 0.707107 0.000000 -0.707107
v -33.000000 12.000000 -33.000000
vt 0.218750 2.750000
vn 0.707107 0.000000 -0.707107
v -32.000000 196.000000 -30.000000
vt 0.000000 1.000000
vn 1.000000 0.000000 -0.000000
v -32.000000 12.000000 -30.000000
vt 0.000000 2.750000
vn 1.000000 0.000000 -0.000000
v -32.250000 12.000000 -28.250000
vt 0.015625 2.750000
vn 0.948683 0.000000 0.316228
v -32.250000 196.000000 -28.250000
vt 0.015625 1.000000
vn 0.948683 0.000000 0.316228
v -33.000000 12.000000 -27.000000
vt 0.031250 2.750000
vn 0.707107 0.000000 0.707107
v -33.000000 196.000000 -27.000000
vt 0.031250 1.000000
vn 0.707107 0.000000 0.707107
v -36.000000 196.000000 -26.000000
vt 0.062500 1.000000
vn 0.000000 0.000000 1.000000
v -36.000000 12.000000 -26.000000
vt 0.062500 2.750000
vn 0.000000 0.000000 1.000000
v -37.750000 12.000000 -26.250000
vt 0.078125 2.750000
vn -0.316228 0.000000 0.948683
v -37.750000 196.000000 -26.250000
vt 0.078125 1.000000
vn -0.316228 0.000000 0.948683
v -34.250000 196.000000 -26.250000
vt 0.046875 1.000000
vn 0.316228 0.000000 0.948683
v -34.250000 12.000000 -26.250000
vt 0.046875 2.750000
vn 0.316228 0.000000 0.948683
v -33.000000 196.000000 -27.000000
vt 0.031250 1.000000
vn 0.707107 0.000000 0.707107
v -33.000000 12.000000 -27.000000
vt 0.031250 2.750000
vn 0.707107 0.000000 0.707107
v -39.000000 12.000000 -27.000000
vt 0.093750 2.750000
vn -0.707107 0.000000 0.707107
v -39.000000 196.000000 -27.000000
vt 0.093750 1.000000
vn -0.707107 0.000000 0.707107
v -40.000000 196.000000 -30.000000
vt 0.125000 1.000000
vn -1.000000 0.000000 -0.000000
v -39.750000 12.000000 -31.750000
vt 0.140625 2.750000
vn -0.948683 0.000000 -0.316228
v -39.750000 196.000000 -31.750000
vt 0.140625 1.000000
vn -0.948683 0.000000 -0.316228
v -40.000000 12.000000 -30.000000
vt 0.125000 2.750000
vn -1.000000 0.000000 -0.000000
v -39.750000 196.000000 -28.250000
vt 0.109375 1.000000
vn -0.948683 0.000000 0.316228
v -39.750000 12.000000 -28.250000
vt 0.109375 2.750000
vn -0.948683 0.000000 0.316228
v -39.000000 196.000000 -27.000000
vt 0.093750 1.000000
vn -0.707107 0.000000 0.707107
v -39.000000 12.000000 -27.000000
vt 0.093750 2.750000
vn -0.707107 0.000000 0.707107
v -39.000000 12.000000 -33.000000
vt 0.156250 2.750000
vn -0.707107 0.000000 -0.707107
v -39.000000 196.000000 -33.000000
vt 0.156250 1.000000
vn -0.707107 0.000000 -0.707107
v -37.750000 196.000000 -33.750000
vt 0.171875 1.000000
vn -0.316228 0.000000 -0.948683
v -36.000000 12.000000 -34.000000
vt 0.187500 2.750000
vn 0.000000 0.000000 -1.000000
v -36.000000 196.000000 -34.000000
vt 0.187500 1.000000
vn 0.000000 0.000000 -1.000000
v -37.750000 12.000000 -33.750000
vt 0.171875 2.750000
vn -0.316228 0.000000 -0.948683
v -34.250000 12.000000 -33.750000
vt 0.203125 2.750000
vn 0.316228 0.000000 -0.948683
v -34.250000 196.000000 -33.750000
vt 0.203125 1.000000
vn 0.316228 0.000000 -0.948683
v -33.000000 12.000000 -33.000000
vt 0.218750 2.750000
vn 0.707107 0.000000 -0.707107
v -33.000000 196.000000 -33.000000
vt 0.218750 1.000000
vn 0.707107 0.000000 -0.707107
v -39.000000 196.000000 -33.000000
vt 0.156250 1.000000
vn -0.707107 0.000000 -0.707107
v -39.000000 12.000000 -33.000000
vt 0.156250 2.750000
vn -0.707107 0.000000 -0.707107
v 74.312500 64.687500 8.000000
vt 0.075444 1.093750
vn 0.000000 0.000000 1.000000
v 71.687500 64.312500 7.750000
vt 0.096732 1.125000
vn -0.212000 0.212000 0.953998
v 72.808594 65.753906 7.750000
vt 0.096732 1.093750
vn -0.259363 0.155618 0.953160
v 73.000000 63.000000 8.000000
vt 0.075444 1.125000
vn 0.000000 0.000000 1.000000
v 70.246094 63.191406 7.750000
vt 0.096732 1.156250
vn -0.155618 0.259363 0.953160
v 71.312500 61.687500 8.000000
vt 0.075444 1.156250
vn 0.000000 0.000000 1.000000
v 75.250000 66.750000 8.000000
vt 0.075444 1.062500
vn 0.000000 0.000000 1.000000
v 73.609375 67.515625 7.750000
vt 0.096732 1.062500
vn -0.292683 0.097561 0.951220
v 75.812500 69.187500 8.000000
vt 0.075444 1.031250
vn 0.000000 0.000000 1.000000
v 74.089844 69.597656 7.750000
vt 0.096732 1.031250
vn -0.310914 0.044416 0.949399
v 68.484375 62.390625 7.750000
vt 0.096732 1.187500
vn -0.097561 0.292683 0.951220
v 69.250000 60.750000 8.000000
vt 0.075444 1.187500
vn 0.000000 0.000000 1.000000
v 66.402344 61.910156 7.750000
vt 0.096732 1.218750
vn -0.044416 0.310914 0.949399
v 66.812500 60.187500 8.000000
vt 0.075444 1.218750
vn 0.000000 0.000000 1.000000
v 64.000000 61.750000 7.750000
vt 0.096732 1.250000
vn -0.000000 0.316228 0.948683
v 64.000000 60.000000 8.000000
vt 0.075444 1.250000
vn 0.000000 0.000000 1.000000
v 76.000000 72.000000 8.000000
vt 0.075444 1.000000
vn 0.000000 0.000000 1.000000
v 74.250000 72.000000 7.750000
vt 0.096732 1.000000
vn -0.316228 0.000000 0.948683
v 76.000000 184.000000 8.000000
vt 0.062500 1.000000
vn 0.000000 0.000000 1.000000
v 76.000000 72.000000 8.000000
vt 0.062500 1.875000
vn 0.000000 0.000000 1.000000
v 74.250000 72.000000 7.750000
vt 0.078125 1.875000
vn -0.316228 0.000000 0.948683
v 74.250000 184.000000 7.750000
vt 0.078125 1.000000
vn -0.316228 0.000000 0.948683
v 75.812500 186.812500 8.000000
vt 0.075444 1.218750
vn 0.000000 0.000000 1.000000
v 76.000000 184.000000 8.000000
vt 0.075444 1.250000
vn 0.000000 0.000000 1.000000
v 74.250000 184.000000 7.750000
vt 0.096732 1.250000
vn -0.316228 0.000000 0.948683
v 74.089844 186.402344 7.750000
vt 0.096732 1.218750
vn -0.310914 -0.044416 0.949399
v 77.750000 184.000000 7.750000
vt 0.046875 1.000000
vn 0.316228 -0.000000 0.948683
v 77.535156 187.222656 7.750000
vt 0.054156 1.218750
vn 0.310914 0.044416 0.949399
v 77.750000 184.000000 7.750000
vt 0.054156 1.250000
vn 0.316228 -0.000000 0.948683
v 77.750000 72.000000 7.750000
vt 0.054156 1.000000
vn 0.316228 0.000000 0.948683
v 77.535156 68.777344 7.750000
vt 0.054156 1.031250
vn 0.310914 -0.044416 0.949399
v 77.750000 72.000000 7.750000
vt 0.046875 1.875000
vn 0.316228 0.000000 0.948683
v 75.250000 189.250000 8.000000
vt 0.075444 1.187500
vn 0.000000 0.000000 1.000000
v 73.609375 188.484375 7.750000
vt 0.096732 1.187500
vn -0.292683 -0.097561 0.951220
v 74.312500 191.312500 8.000000
vt 0.075444 1.156250
vn 0.000000 0.000000 1.000000
v 72.808594 190.246094 7.750000
vt 0.096732 1.156250
vn -0.259363 -0.155618 0.953160
v 73.000000 193.000000 8.000000
vt 0.075444 1.125000
vn 0.000000 0.000000 1.000000
v 71.687500 191.687500 7.750000
vt 0.096732 1.125000
vn -0.212000 -0.212000 0.953998
v 71.312500 194.312500 8.000000
vt 0.075444 1.093750
vn 0.000000 0.000000 1.000000
v 70.246094 192.808594 7.750000
vt 0.096732 1.093750
vn -0.155618 -0.259363 0.953160
v 69.250000 195.250000 8.000000
vt 0.075444 1.062500
vn 0.000000 0.000000 1.000000
v 68.484375 193.609375 7.750000
vt 0.096732 1.062500
vn -0.097561 -0.292683 0.951220
v 72.378906 195.816406 7.750000
vt 0.054156 1.093750
vn 0.155618 0.259363 0.953160
v 74.312500 194.312500 7.750000
vt 0.054156 1.125000
vn 0.212000 0.212000 0.953998
v 75.816406 192.378906 7.750000
vt 0.054156 1.156250
vn 0.259363 0.155618 0.953160
v 74.312500 61.687500 7.750000
vt 0.054156 1.125000
vn 0.212000 -0.212000 0.953998
v 72.378906 60.183594 7.750000
vt 0.054156 1.156250
vn 0.155618 -0.259363 0.953160
v 75.816406 63.621094 7.750000
vt 0.054156 1.093750
vn 0.259363 -0.155618 0.953160
v 70.015625 196.890625 7.750000
vt 0.054156 1.062500
vn 0.097561 0.292683 0.951220
v 70.015625 59.109375 7.750000
vt 0.054156 1.187500
vn 0.097561 -0.292683 0.951220
v 76.890625 190.015625 7.750000
vt 0.054156 1.187500
vn 0.292683 0.097561 0.951220
v 76.890625 65.984375 7.750000
vt 0.054156 1.062500
vn 0.292683 -0.097561 0.951220
v 67.222656 58.464844 7.750000
vt 0.054156 1.218750
vn 0.044416 -0.310914 0.949399
v 66.812500 195.812500 8.000000
vt 0.075444 1.031250
vn 0.000000 0.000000 1.000000
v 66.402344 194.089844 7.750000
vt 0.096732 1.031250
vn -0.044416 -0.310914 0.949399
v 67.222656 197.535156 7.750000
vt 0.054156 1.031250
vn 0.044416 0.310914 0.949399
v 64.000000 58.250000 7.750000
vt 0.054156 1.250000
vn -0.000000 -0.316228 0.948683
v 64.000000 196.000000 8.000000
vt 0.075444 1.000000
vn 0.000000 0.000000 1.000000
v 64.000000 194.250000 7.750000
vt 0.096732 1.000000
vn -0.000000 -0.316228 0.948683
v 64.000000 197.750000 7.750000
vt 0.054156 1.000000
vn -0.000000 0.316228 0.948683
v 69.484375 64.265625 7.000000
vt 0.116402 1.156250
vn -0.354749 0.591248 0.724279
v 70.750000 65.250000 7.000000
vt 0.116402 1.125000
vn -0.485071 0.485071 0.727607
v 67.937500 63.562500 7.000000
vt 0.116402 1.187500
vn -0.220527 0.661581 0.716713
v 66.109375 63.140625 7.000000
vt 0.116402 1.218750
vn -0.099619 0.697336 0.709788
v 64.000000 63.000000 7.000000
vt 0.116402 1.250000
vn 0.000000 0.707107 0.707107
v 71.734375 66.515625 7.000000
vt 0.116402 1.093750
vn -0.591248 0.354749 0.724279
v 72.437500 68.062500 7.000000
vt 0.116402 1.062500
vn -0.661582 0.220527 0.716713
v 72.859375 69.890625 7.000000
vt 0.116402 1.031250
vn -0.697336 0.099619 0.709788
v 73.000000 72.000000 7.000000
vt 0.116402 1.000000
vn -0.707107 0.000000 0.707107
v 71.734375 189.484375 7.000000
vt 0.116402 1.156250
vn -0.591248 -0.354749 0.724279
v 70.750000 190.750000 7.000000
vt 0.116402 1.125000
vn -0.485071 -0.485071 0.727607
v 72.437500 187.937500 7.000000
vt 0.116402 1.187500
vn -0.661581 -0.220527 0.716713
v 72.859375 186.109375 7.000000
vt 0.116402 1.218750
vn -0.697336 -0.099619 0.709788
v 73.000000 184.000000 7.000000
vt 0.116402 1.250000
vn -0.707107 0.000000 0.707107
v 69.484375 191.734375 7.000000
vt 0.116402 1.093750
vn -0.354749 -0.591248 0.724279
v 67.937500 192.437500 7.000000
vt 0.116402 1.062500
vn -0.220527 -0.661581 0.716713
v 66.109375 192.859375 7.000000
vt 0.116402 1.031250
vn -0.099619 -0.697336 0.709788
v 64.000000 193.000000 7.000000
vt 0.116402 1.000000
vn 0.000000 -0.707107 0.707107
v 73.000000 72.000000 7.000000
vt 0.093750 1.875000
vn -0.707107 0.000000 0.707107
v 73.000000 184.000000 7.000000
vt 0.093750 1.000000
vn -0.707107 0.000000 0.707107
v 75.250000 60.750000 7.000000
vt 0.034486 1.125000
vn 0.485071 -0.485071 0.727607
v 73.140625 59.109375 7.000000
vt 0.034486 1.156250
vn 0.354749 -0.591248 0.724279
v 73.140625 196.890625 7.000000
vt 0.034486 1.093750
vn 0.354749 0.591248 0.724279
v 75.250000 195.250000 7.000000
vt 0.034486 1.125000
vn 0.485071 0.485071 0.727607
v 76.890625 62.859375 7.000000
vt 0.034486 1.093750
vn 0.591248 -0.354749 0.724279
v 76.890625 193.140625 7.000000
vt 0.034486 1.156250
vn 0.591248 0.354749 0.724279
v 70.562500 57.937500 7.000000
vt 0.034486 1.187500
vn 0.220527 -0.661581 0.716713
v 70.562500 198.062500 7.000000
vt 0.034486 1.062500
vn 0.220527 0.661581 0.716713
v 78.062500 65.437500 7.000000
vt 0.034486 1.062500
vn 0.661581 -0.220527 0.716713
v 78.062500 190.562500 7.000000
vt 0.034486 1.187500
vn 0.661581 0.220527 0.716713
v 67.515625 57.234375 7.000000
vt 0.034486 1.218750
vn 0.099619 -0.697336 0.709788
v 67.515625 198.765625 7.000000
vt 0.034486 1.031250
vn 0.099619 0.697336 0.709788
v 64.000000 57.000000 7.000000
vt 0.034486 1.250000
vn 0.000000 -0.707107 0.707107
v 64.000000 199.000000 7.000000
vt 0.034486 1.000000
vn 0.000000 0.707107 0.707107
v 78.765625 68.484375 7.000000
vt 0.034486 1.031250
vn 0.697336 -0.099619 0.709788
v 78.765625 187.515625 7.000000
vt 0.034486 1.218750
vn 0.697336 0.099619 0.709788
v 79.000000 184.000000 7.000000
vt 0.031250 1.000000
vn 0.707107 0.000000 0.707107
v 79.000000 72.000000 7.000000
vt 0.031250 1.875000
vn 0.707107 0.000000 0.707107
v 79.000000 72.000000 7.000000
vt 0.034486 1.000000
vn 0.707107 0.000000 0.707107
v 79.000000 184.000000 7.000000
vt 0.034486 1.250000
vn 0.707107 0.000000 0.707107
v 71.687500 191.687500 0.250000
vt 0.205044 1.125000
vn -0.212000 -0.212000 -0.953998
v 72.808594 190.246094 0.250000
vt 0.205044 1.156250
vn -0.259363 -0.155618 -0.953160
v 74.312500 191.312500 -0.000000
vt 0.226333 1.156250
vn 0.000000 0.000000 -1.000000
v 73.000000 193.000000 -0.000000
vt 0.226333 1.125000
vn 0.000000 0.000000 -1.000000
v 70.246094 192.808594 0.250000
vt 0.205044 1.093750
vn -0.155618 -0.259363 -0.953160
v 71.312500 194.312500 -0.000000
vt 0.226333 1.093750
vn 0.000000 0.000000 -1.000000
v 75.250000 189.250000 -0.000000
vt 0.226333 1.187500
vn 0.000000 0.000000 -1.000000
v 73.609375 188.484375 0.250000
vt 0.205044 1.187500
vn -0.292683 -0.097561 -0.951220
v 75.812500 186.812500 -0.000000
vt 0.226333 1.218750
vn 0.000000 0.000000 -1.000000
v 74.089844 186.402344 0.250000
vt 0.205044 1.218750
vn -0.310914 -0.044416 -0.949399
v 68.484375 193.609375 0.250000
vt 0.205044 1.062500
vn -0.097561 -0.292683 -0.951220
v 69.250000 195.250000 -0.000000
vt 0.226333 1.062500
vn 0.000000 0.000000 -1.000000
v 66.402344 194.089844 0.250000
vt 0.205044 1.031250
vn -0.044416 -0.310914 -0.949399
v 66.812500 195.812500 -0.000000
vt 0.226333 1.031250
vn 0.000000 0.000000 -1.000000
v 64.000000 194.250000 0.250000
vt 0.205044 1.000000
vn -0.000000 -0.316228 -0.948683
v 64.000000 196.000000 -0.000000
vt 0.226333 1.000000
vn 0.000000 0.000000 -1.000000
v 76.000000 184.000000 -0.000000
vt 0.226333 1.250000
vn 0.000000 0.000000 -1.000000
v 74.250000 184.000000 0.250000
vt 0.205044 1.250000
vn -0.316228 0.000000 -0.948683
v 74.250000 184.000000 0.250000
vt 0.171875 1.000000
vn -0.316228 0.000000 -0.948683
v 76.000000 72.000000 -0.000000
vt 0.187500 1.875000
vn 0.000000 0.000000 -1.000000
v 76.000000 184.000000 -0.000000
vt 0.187500 1.000000
vn 0.000000 0.000000 -1.000000
v 74.250000 72.000000 0.250000
vt 0.171875 1.875000
vn -0.316228 0.000000 -0.948683
v 74.250000 72.000000 0.250000
vt 0.205044 1.000000
vn -0.316228 0.000000 -0.948683
v 75.812500 69.187500 -0.000000
vt 0.226333 1.031250
vn 0.000000 0.000000 -1.000000
v 76.000000 72.000000 -0.000000
vt 0.226333 1.000000
vn 0.000000 0.000000 -1.000000
v 74.089844 69.597656 0.250000
vt 0.205044 1.031250
vn -0.310914 0.044416 -0.949399
v 77.750000 72.000000 0.250000
vt 0.203125 1.875000
vn 0.316228 0.000000 -0.948683
v 77.535156 68.777344 0.250000
vt 0.247621 1.031250
vn 0.310914 -0.044416 -0.949399
v 77.750000 72.000000 0.250000
vt 0.247621 1.000000
vn 0.316228 0.000000 -0.948683
v 77.750000 184.000000 0.250000
vt 0.247621 1.250000
vn 0.316228 -0.000000 -0.948683
v 77.535156 187.222656 0.250000
vt 0.247621 1.218750
vn 0.310914 0.044416 -0.949399
v 77.750000 184.000000 0.250000
vt 0.203125 1.000000
vn 0.316228 -0.000000 -0.948683
v 75.250000 66.750000 -0.000000
vt 0.226333 1.062500
vn 0.000000 0.000000 -1.000000
v 73.609375 67.515625 0.250000
vt 0.205044 1.062500
vn -0.292683 0.097561 -0.951220
v 74.312500 64.687500 -0.000000
vt 0.226333 1.093750
vn 0.000000 0.000000 -1.000000
v 72.808594 65.753906 0.250000
vt 0.205044 1.093750
vn -0.259363 0.155618 -0.953160
v 73.000000 63.000000 -0.000000
vt 0.226333 1.125000
vn 0.000000 0.000000 -1.000000
v 71.687500 64.312500 0.250000
vt 0.205044 1.125000
vn -0.212000 0.212000 -0.953998
v 71.312500 61.687500 -0.000000
vt 0.226333 1.156250
vn 0.000000 0.000000 -1.000000
v 70.246094 63.191406 0.250000
vt 0.205044 1.156250
vn -0.155618 0.259363 -0.953160
v 69.250000 60.750000 -0.000000
vt 0.226333 1.187500
vn 0.000000 0.000000 -1.000000
v 68.484375 62.390625 0.250000
vt 0.205044 1.187500
vn -0.097561 0.292683 -0.951220
v 72.378906 60.183594 0.250000
vt 0.247621 1.156250
vn 0.155618 -0.259363 -0.953160
v 74.312500 61.687500 0.250000
vt 0.247621 1.125000
vn 0.212000 -0.212000 -0.953998
v 75.816406 63.621094 0.250000
vt 0.247621 1.093750
vn 0.259363 -0.155618 -0.953160
v 74.312500 194.312500 0.250000
vt 0.247621 1.125000
vn 0.212000 0.212000 -0.953998
v 72.378906 195.816406 0.250000
vt 0.247621 1.093750
vn 0.155618 0.259363 -0.953160
v 75.816406 192.378906 0.250000
vt 0.247621 1.156250
vn 0.259363 0.155618 -0.953160
v 70.015625 59.109375 0.250000
vt 0.247621 1.187500
vn 0.097561 -0.292683 -0.951220
v 70.015625 196.890625 0.250000
vt 0.247621 1.062500
vn 0.097561 0.292683 -0.951220
v 76.890625 65.984375 0.250000
vt 0.247621 1.062500
vn 0.292683 -0.097561 -0.951220
v 76.890625 190.015625 0.250000
vt 0.247621 1.187500
vn 0.292683 0.097561 -0.951220
v 67.222656 197.535156 0.250000
vt 0.247621 1.031250
vn 0.044416 0.310914 -0.949399
v 66.812500 60.187500 -0.000000
vt 0.226333 1.218750
vn 0.000000 0.000000 -1.000000
v 66.402344 61.910156 0.250000
vt 0.205044 1.218750
vn -0.044416 0.310914 -0.949399
v 67.222656 58.464844 0.250000
vt 0.247621 1.218750
vn 0.044416 -0.310914 -0.949399
v 64.000000 197.750000 0.250000
vt 0.247621 1.000000
vn -0.000000 0.316228 -0.948683
v 64.000000 60.000000 -0.000000
vt 0.226333 1.250000
vn 0.000000 0.000000 -1.000000
v 64.000000 61.750000 0.250000
vt 0.205044 1.250000
vn -0.000000 0.316228 -0.948683
v 64.000000 58.250000 0.250000
vt 0.247621 1.250000
vn -0.000000 -0.316228 -0.948683
v 69.484375 191.734375 1.000000
vt 0.185374 1.093750
vn -0.354749 -0.591248 -0.724279
v 70.750000 190.750000 1.000000
vt 0.185374 1.125000
vn -0.485071 -0.485071 -0.727607
v 67.937500 192.437500 1.000000
vt 0.185374 1.062500
vn -0.220527 -0.661581 -0.716713
v 66.109375 192.859375 1.000000
vt 0.185374 1.031250
vn -0.099619 -0.697336 -0.709788
v 64.000000 193.000000 1.000000
vt 0.185374 1.000000
vn 0.000000 -0.707107 -0.707107
v 71.734375 189.484375 1.000000
vt 0.185374 1.156250
vn -0.591248 -0.354749 -0.724279
v 72.437500 187.937500 1.000000
vt 0.185374 1.187500
vn -0.661581 -0.220527 -0.716713
v 72.859375 186.109375 1.000000
vt 0.185374 1.218750
vn -0.697336 -0.099619 -0.709788
v 73.000000 184.000000 1.000000
vt 0.185374 1.250000
vn -0.707107 0.000000 -0.707107
v 71.734375 66.515625 1.000000
vt 0.185374 1.093750
vn -0.591248 0.354749 -0.724279
v 70.750000 65.250000 1.000000
vt 0.185374 1.125000
vn -0.485071 0.485071 -0.727607
v 72.437500 68.062500 1.000000
vt 0.185374 1.062500
vn -0.661582 0.220527 -0.716713
v 72.859375 69.890625 1.000000
vt 0.185374 1.031250
vn -0.697336 0.099619 -0.709788
v 73.000000 72.000000 1.000000
vt 0.185374 1.000000
vn -0.707107 0.000000 -0.707107
v 69.484375 64.265625 1.000000
vt 0.185374 1.156250
vn -0.354749 0.591248 -0.724279
v 67.937500 63.562500 1.000000
vt 0.185374 1.187500
vn -0.220527 0.661581 -0.716713
v 66.109375 63.140625 1.000000
vt 0.185374 1.218750
vn -0.099619 0.697336 -0.709788
v 64.000000 63.000000 1.000000
vt 0.185374 1.250000
vn 0.000000 0.707107 -0.707107
v 73.000000 184.000000 1.000000
vt 0.156250 1.000000
vn -0.707107 0.000000 -0.707107
v 73.000000 72.000000 1.000000
vt 0.156250 1.875000
vn -0.707107 0.000000 -0.707107
v 75.250000 195.250000 1.000000
vt 0.267291 1.125000
vn 0.485071 0.485071 -0.727607
v 73.140625 196.890625 1.000000
vt 0.267291 1.093750
vn 0.354749 0.591248 -0.724279
v 73.140625 59.109375 1.000000
vt 0.267291 1.156250
vn 0.354749 -0.591248 -0.724279
v 75.250000 60.750000 1.000000
vt 0.267291 1.125000
vn 0.485071 -0.485071 -0.727607
v 76.890625 193.140625 1.000000
vt 0.267291 1.156250
vn 0.591248 0.354749 -0.724279
v 76.890625 62.859375 1.000000
vt 0.267291 1.093750
vn 0.591248 -0.354749 -0.724279
v 70.562500 198.062500 1.000000
vt 0.267291 1.062500
vn 0.220527 0.661581 -0.716713
v 70.562500 57.937500 1.000000
vt 0.267291 1.187500
vn 0.220527 -0.661581 -0.716713
v 78.062500 190.562500 1.000000
vt 0.267291 1.187500
vn 0.661581 0.220527 -0.716713
v 78.062500 65.437500 1.000000
vt 0.267291 1.062500
vn 0.661581 -0.220527 -0.716713
v 67.515625 198.765625 1.000000
vt 0.267291 1.031250
vn 0.099619 0.697336 -0.709788
v 67.515625 57.234375 1.000000
vt 0.267291 1.218750
vn 0.099619 -0.697336 -0.709788
v 64.000000 199.000000 1.000000
vt 0.267291 1.000000
vn 0.000000 0.707107 -0.707107
v 64.000000 57.000000 1.000000
vt 0.267291 1.250000
vn 0.000000 -0.707107 -0.707107
v 78.765625 187.515625 1.000000
vt 0.267291 1.218750
vn 0.697336 0.099619 -0.709788
v 78.765625 68.484375 1.000000
vt 0.267291 1.031250
vn 0.697336 -0.099619 -0.709788
v 79.000000 72.000000 1.000000
vt 0.218750 1.875000
vn 0.707107 0.000000 -0.707107
v 79.000000 184.000000 1.000000
vt 0.218750 1.000000
vn 0.707107 0.000000 -0.707107
v 79.000000 184.000000 1.000000
vt 0.267291 1.250000
vn 0.707107 0.000000 -0.707107
v 79.000000 72.000000 1.000000
vt 0.267291 1.000000
vn 0.707107 0.000000 -0.707107
v 80.000000 184.000000 4.000000
vt 0.000000 1.000000
vn 1.000000 0.000000 -0.000000
v 79.750000 72.000000 5.750000
vt 0.015625 1.875000
vn 0.948683 0.000000 0.316228
v 79.750000 184.000000 5.750000
vt 0.015625 1.000000
vn 0.948683 -0.000000 0.316228
v 80.000000 72.000000 4.000000
vt 0.000000 1.875000
vn 1.000000 0.000000 -0.000000
v 80.000000 72.000000 4.000000
vt 0.000000 1.000000
vn 1.000000 0.000000 -0.000000
v 79.503906 68.308594 5.750000
vt 0.016434 1.031250
vn 0.938430 -0.134061 0.318396
v 79.750000 72.000000 5.750000
vt 0.016434 1.000000
vn 0.948683 0.000000 0.316228
v 79.750000 68.250000 4.000000
vt 0.000000 1.031250
vn 0.989949 -0.141421 -0.000000
v 79.750000 187.750000 4.000000
vt 0.000000 1.218750
vn 0.989949 0.141421 -0.000000
v 80.000000 184.000000 4.000000
vt 0.000000 1.250000
vn 1.000000 0.000000 -0.000000
v 79.750000 184.000000 5.750000
vt 0.016434 1.250000
vn 0.948683 -0.000000 0.316228
v 79.503906 187.691406 5.750000
vt 0.016434 1.218750
vn 0.938430 0.134061 0.318396
v 79.000000 191.000000 4.000000
vt 0.000000 1.187500
vn 0.948683 0.316228 -0.000000
v 78.765625 190.890625 5.750000
vt 0.016434 1.187500
vn 0.897479 0.299160 0.324090
v 78.765625 65.109375 5.750000
vt 0.016434 1.062500
vn 0.897479 -0.299160 0.324090
v 79.000000 65.000000 4.000000
vt 0.000000 1.062500
vn 0.948683 -0.316228 -0.000000
v 79.000000 72.000000 7.000000
vt 0.031250 1.875000
vn 0.707107 0.000000 0.707107
v 79.000000 184.000000 7.000000
vt 0.031250 1.000000
vn 0.707107 0.000000 0.707107
v 78.765625 68.484375 7.000000
vt 0.034486 1.031250
vn 0.697336 -0.099619 0.709788
v 79.000000 72.000000 7.000000
vt 0.034486 1.000000
vn 0.707107 0.000000 0.707107
v 79.000000 184.000000 7.000000
vt 0.034486 1.250000
vn 0.707107 0.000000 0.707107
v 78.765625 187.515625 7.000000
vt 0.034486 1.218750
vn 0.697336 0.099619 0.709788
v 78.062500 65.437500 7.000000
vt 0.034486 1.062500
vn 0.661581 -0.220527 0.716713
v 78.062500 190.562500 7.000000
vt 0.034486 1.187500
vn 0.661581 0.220527 0.716713
v 77.535156 62.402344 5.750000
vt 0.016434 1.093750
vn 0.809316 -0.485589 0.330471
v 77.750000 62.250000 4.000000
vt 0.000000 1.093750
vn 0.857493 -0.514496 -0.000000
v 76.890625 62.859375 7.000000
vt 0.034486 1.093750
vn 0.591248 -0.354749 0.724279
v 77.750000 193.750000 4.000000
vt 0.000000 1.156250
vn 0.857493 0.514496 -0.000000
v 77.535156 193.597656 5.750000
vt 0.016434 1.156250
vn 0.809316 0.485590 0.330471
v 76.890625 193.140625 7.000000
vt 0.034486 1.156250
vn 0.591248 0.354749 0.724279
v 79.750000 184.000000 2.250000
vt 0.234375 1.000000
vn 0.948683 -0.000000 -0.316228
v 80.000000 72.000000 4.000000
vt 0.250000 1.875000
vn 1.000000 0.000000 -0.000000
v 80.000000 184.000000 4.000000
vt 0.250000 1.000000
vn 1.000000 0.000000 -0.000000
v 79.750000 72.000000 2.250000
vt 0.234375 1.875000
vn 0.948683 0.000000 -0.316228
v 79.503906 187.691406 2.250000
vt 0.285343 1.218750
vn 0.938430 0.134061 -0.318396
v 79.750000 184.000000 2.250000
vt 0.285343 1.250000
vn 0.948683 -0.000000 -0.316228
v 80.000000 184.000000 4.000000
vt 0.301777 1.250000
vn 1.000000 0.000000 -0.000000
v 79.750000 187.750000 4.000000
vt 0.301777 1.218750
vn 0.989950 0.141421 -0.000000
v 79.750000 72.000000 2.250000
vt 0.285343 1.000000
vn 0.948683 0.000000 -0.316228
v 79.750000 68.250000 4.000000
vt 0.301777 1.031250
vn 0.989950 -0.141421 -0.000000
v 80.000000 72.000000 4.000000
vt 0.301777 1.000000
vn 1.000000 0.000000 -0.000000
v 79.503906 68.308594 2.250000
vt 0.285343 1.031250
vn 0.938430 -0.134061 -0.318396
v 78.765625 190.890625 2.250000
vt 0.285343 1.187500
vn 0.897479 0.299160 -0.324090
v 79.000000 191.000000 4.000000
vt 0.301777 1.187500
vn 0.948683 0.316228 -0.000000
v 79.000000 65.000000 4.000000
vt 0.301777 1.062500
vn 0.948683 -0.316228 -0.000000
v 78.765625 65.109375 2.250000
vt 0.285343 1.062500
vn 0.897479 -0.299160 -0.324090
v 77.535156 193.597656 2.250000
vt 0.285343 1.156250
vn 0.809316 0.485589 -0.330471
v 77.750000 193.750000 4.000000
vt 0.301777 1.156250
vn 0.857493 0.514496 -0.000000
v 77.750000 62.250000 4.000000
vt 0.301777 1.093750
vn 0.857493 -0.514496 -0.000000
v 77.535156 62.402344 2.250000
vt 0.285343 1.093750
vn 0.809316 -0.485590 -0.330471
v 75.812500 60.187500 5.750000
vt 0.016434 1.125000
vn 0.666667 -0.666667 0.333333
v 76.000000 60.000000 4.000000
vt 0.000000 1.125000
vn 0.707107 -0.707107 -0.000000
v 75.250000 60.750000 7.000000
vt 0.034486 1.125000
vn 0.485071 -0.485071 0.727607
v 79.000000 184.000000 1.000000
vt 0.218750 1.000000
vn 0.707107 0.000000 -0.707107
v 79.000000 72.000000 1.000000
vt 0.218750 1.875000
vn 0.707107 0.000000 -0.707107
v 79.000000 72.000000 1.000000
vt 0.267291 1.000000
vn 0.707107 0.000000 -0.707107
v 78.765625 68.484375 1.000000
vt 0.267291 1.031250
vn 0.697336 -0.099619 -0.709788
v 78.765625 187.515625 1.000000
vt 0.267291 1.218750
vn 0.697336 0.099619 -0.709788
v 79.000000 184.000000 1.000000
vt 0.267291 1.250000
vn 0.707107 0.000000 -0.707107
v 78.062500 65.437500 1.000000
vt 0.267291 1.062500
vn 0.661581 -0.220527 -0.716713
v 78.062500 190.562500 1.000000
vt 0.267291 1.187500
vn 0.661581 0.220527 -0.716713
v 76.890625 62.859375 1.000000
vt 0.267291 1.093750
vn 0.591248 -0.354749 -0.724279
v 76.890625 193.140625 1.000000
vt 0.267291 1.156250
vn 0.591248 0.354749 -0.724279
v 72.000000 184.000000 4.000000
vt 0.125000 1.000000
vn -1.000000 0.000000 -0.000000
v 72.000000 72.000000 4.000000
vt 0.125000 1.875000
vn -1.000000 0.000000 -0.000000
v 72.250000 72.000000 2.250000
vt 0.140625 1.875000
vn -0.948683 0.000000 -0.316228
v 72.250000 184.000000 2.250000
vt 0.140625 1.000000
vn -0.948683 0.000000 -0.316228
v 71.875000 185.875000 4.000000
vt 0.150888 1.218750
vn -0.989950 -0.141421 -0.000000
v 72.000000 184.000000 4.000000
vt 0.150888 1.250000
vn -1.000000 0.000000 -0.000000
v 72.250000 184.000000 2.250000
vt 0.167322 1.250000
vn -0.948683 0.000000 -0.316228
v 72.121094 185.933594 2.250000
vt 0.167322 1.218750
vn -0.938430 -0.134061 -0.318396
v 72.000000 72.000000 4.000000
vt 0.150888 1.000000
vn -1.000000 0.000000 -0.000000
v 72.121094 70.066406 2.250000
vt 0.167322 1.031250
vn -0.938430 0.134061 -0.318396
v 72.250000 72.000000 2.250000
vt 0.167322 1.000000
vn -0.948683 0.000000 -0.316228
v 71.875000 70.125000 4.000000
vt 0.150888 1.031250
vn -0.989950 0.141421 -0.000000
v 71.734375 68.390625 2.250000
vt 0.167322 1.062500
vn -0.897479 0.299160 -0.324090
v 71.500000 68.500000 4.000000
vt 0.150888 1.062500
vn -0.948683 0.316228 -0.000000
v 71.500000 187.500000 4.000000
vt 0.150888 1.187500
vn -0.948683 -0.316228 -0.000000
v 71.734375 187.609375 2.250000
vt 0.167322 1.187500
vn -0.897479 -0.299160 -0.324090
v 72.250000 184.000000 5.750000
vt 0.109375 1.000000
vn -0.948683 0.000000 0.316228
v 72.250000 72.000000 5.750000
vt 0.109375 1.875000
vn -0.948683 0.000000 0.316228
v 72.250000 72.000000 5.750000
vt 0.134454 1.000000
vn -0.948683 0.000000 0.316228
v 72.121094 70.066406 5.750000
vt 0.134454 1.031250
vn -0.938430 0.134061 0.318396
v 72.121094 185.933594 5.750000
vt 0.134454 1.218750
vn -0.938430 -0.134061 0.318396
v 72.250000 184.000000 5.750000
vt 0.134454 1.250000
vn -0.948683 0.000000 0.316228
v 71.734375 187.609375 5.750000
vt 0.134454 1.187500
vn -0.897479 -0.299160 0.324090
v 71.734375 68.390625 5.750000
vt 0.134454 1.062500
vn -0.897479 0.299160 0.324090
v 70.875000 67.125000 4.000000
vt 0.150888 1.093750
vn -0.857493 0.514496 -0.000000
v 71.089844 66.972656 5.750000
vt 0.134454 1.093750
vn -0.809316 0.485589 0.330471
v 71.089844 66.972656 2.250000
vt 0.167322 1.093750
vn -0.809316 0.485590 -0.330471
v 71.089844 189.027344 5.750000
vt 0.134454 1.156250
vn -0.809316 -0.485590 0.330471
v 70.875000 188.875000 4.000000
vt 0.150888 1.156250
vn -0.857493 -0.514496 -0.000000
v 71.089844 189.027344 2.250000
vt 0.167322 1.156250
vn -0.809316 -0.485590 -0.330471
v 73.000000 184.000000 7.000000
vt 0.093750 1.000000
vn -0.707107 0.000000 0.707107
v 73.000000 72.000000 7.000000
vt 0.093750 1.875000
vn -0.707107 0.000000 0.707107
v 73.000000 72.000000 7.000000
vt 0.116402 1.000000
vn -0.707107 0.000000 0.707107
v 72.859375 69.890625 7.000000
vt 0.116402 1.031250
vn -0.697336 0.099619 0.709788
v 72.859375 186.109375 7.000000
vt 0.116402 1.218750
vn -0.697336 -0.099619 0.709788
v 73.000000 184.000000 7.000000
vt 0.116402 1.250000
vn -0.707107 0.000000 0.707107
v 72.437500 68.062500 7.000000
vt 0.116402 1.062500
vn -0.661582 0.220527 0.716713
v 72.437500 187.937500 7.000000
vt 0.116402 1.187500
vn -0.661581 -0.220527 0.716713
v 71.734375 189.484375 7.000000
vt 0.116402 1.156250
vn -0.591248 -0.354749 0.724279
v 71.734375 66.515625 7.000000
vt 0.116402 1.093750
vn -0.591248 0.354749 0.724279
v 73.000000 72.000000 1.000000
vt 0.156250 1.875000
vn -0.707107 0.000000 -0.707107
v 73.000000 184.000000 1.000000
vt 0.156250 1.000000
vn -0.707107 0.000000 -0.707107
v 73.000000 184.000000 1.000000
vt 0.185374 1.250000
vn -0.707107 0.000000 -0.707107
v 72.859375 186.109375 1.000000
vt 0.185374 1.218750
vn -0.697336 -0.099619 -0.709788
v 72.859375 69.890625 1.000000
vt 0.185374 1.031250
vn -0.697336 0.099619 -0.709788
v 73.000000 72.000000 1.000000
vt 0.185374 1.000000
vn -0.707107 0.000000 -0.707107
v 72.437500 187.937500 1.000000
vt 0.185374 1.187500
vn -0.661581 -0.220527 -0.716713
v 72.437500 68.062500 1.000000
vt 0.185374 1.062500
vn -0.661582 0.220527 -0.716713
v 71.734375 66.515625 1.000000
vt 0.185374 1.093750
vn -0.591248 0.354749 -0.724279
v 71.734375 189.484375 1.000000
vt 0.185374 1.156250
vn -0.591248 -0.354749 -0.724279
v 67.750000 199.750000 4.000000
vt 0.000000 1.031250
vn 0.141421 0.989949 -0.000000
v 71.000000 199.000000 4.000000
vt 0.000000 1.062500
vn 0.316228 0.948683 -0.000000
v 70.890625 198.765625 5.750000
vt 0.016434 1.062500
vn 0.299160 0.897479 0.324090
v 67.691406 199.503906 5.750000
vt 0.016434 1.031250
vn 0.134061 0.938430 0.318396
v 64.000000 200.000000 4.000000
vt 0.000000 1.000000
vn 0.000000 1.000000 -0.000000
v 64.000000 199.750000 5.750000
vt 0.016434 1.000000
vn -0.000000 0.948683 0.316228
v 73.597656 197.535156 5.750000
vt 0.016434 1.093750
vn 0.485590 0.809316 0.330471
v 73.750000 197.750000 4.000000
vt 0.000000 1.093750
vn 0.514496 0.857493 -0.000000
v 70.562500 198.062500 7.000000
vt 0.034486 1.062500
vn 0.220527 0.661581 0.716713
v 67.515625 198.765625 7.000000
vt 0.034486 1.031250
vn 0.099619 0.697336 0.709788
v 64.000000 199.000000 7.000000
vt 0.034486 1.000000
vn 0.000000 0.707107 0.707107
v 73.140625 196.890625 7.000000
vt 0.034486 1.093750
vn 0.354749 0.591248 0.724279
v 75.812500 195.812500 5.750000
vt 0.016434 1.125000
vn 0.666667 0.666667 0.333333
v 76.000000 196.000000 4.000000
vt 0.000000 1.125000
vn 0.707107 0.707107 -0.000000
v 75.250000 195.250000 7.000000
vt 0.034486 1.125000
vn 0.485071 0.485071 0.727607
v 76.890625 193.140625 7.000000
vt 0.034486 1.156250
vn 0.591248 0.354749 0.724279
v 77.535156 193.597656 5.750000
vt 0.016434 1.156250
vn 0.809316 0.485590 0.330471
v 77.750000 193.750000 4.000000
vt 0.000000 1.156250
vn 0.857493 0.514496 -0.000000
v 70.890625 198.765625 2.250000
vt 0.285343 1.062500
vn 0.299160 0.897479 -0.324090
v 73.750000 197.750000 4.000000
vt 0.301777 1.093750
vn 0.514496 0.857493 -0.000000
v 71.000000 199.000000 4.000000
vt 0.301777 1.062500
vn 0.316228 0.948683 -0.000000
v 73.597656 197.535156 2.250000
vt 0.285343 1.093750
vn 0.485590 0.809316 -0.330471
v 67.691406 199.503906 2.250000
vt 0.285343 1.031250
vn 0.134061 0.938430 -0.318396
v 67.750000 199.750000 4.000000
vt 0.301777 1.031250
vn 0.141421 0.989950 -0.000000
v 76.000000 196.000000 4.000000
vt 0.301777 1.125000
vn 0.707107 0.707107 -0.000000
v 75.812500 195.812500 2.250000
vt 0.285343 1.125000
vn 0.666667 0.666667 -0.333333
v 64.000000 199.750000 2.250000
vt 0.285343 1.000000
vn -0.000000 0.948683 -0.316228
v 64.000000 200.000000 4.000000
vt 0.301777 1.000000
vn 0.000000 1.000000 -0.000000
v 77.750000 193.750000 4.000000
vt 0.301777 1.156250
vn 0.857493 0.514496 -0.000000
v 77.535156 193.597656 2.250000
vt 0.285343 1.156250
vn 0.809316 0.485589 -0.330471
v 70.562500 198.062500 1.000000
vt 0.267291 1.062500
vn 0.220527 0.661581 -0.716713
v 73.140625 196.890625 1.000000
vt 0.267291 1.093750
vn 0.354749 0.591248 -0.724279
v 67.515625 198.765625 1.000000
vt 0.267291 1.031250
vn 0.099619 0.697336 -0.709788
v 64.000000 199.000000 1.000000
vt 0.267291 1.000000
vn 0.000000 0.707107 -0.707107
v 75.250000 195.250000 1.000000
vt 0.267291 1.125000
vn 0.485071 0.485071 -0.727607
v 76.890625 193.140625 1.000000
vt 0.267291 1.156250
vn 0.591248 0.354749 -0.724279
v 70.890625 57.234375 2.250000
vt 0.285343 1.187500
vn 0.299160 -0.897479 -0.324090
v 67.750000 56.250000 4.000000
vt 0.301777 1.218750
vn 0.141421 -0.989950 -0.000000
v 71.000000 57.000000 4.000000
vt 0.301777 1.187500
vn 0.316228 -0.948683 -0.000000
v 67.691406 56.496094 2.250000
vt 0.285343 1.218750
vn 0.134061 -0.938430 -0.318396
v 64.000000 56.000000 4.000000
vt 0.301777 1.250000
vn 0.000000 -1.000000 -0.000000
v 64.000000 56.250000 2.250000
vt 0.285343 1.250000
vn -0.000000 -0.948683 -0.316228
v 73.597656 58.464844 2.250000
vt 0.285343 1.156250
vn 0.485590 -0.809316 -0.330471
v 73.750000 58.250000 4.000000
vt 0.301777 1.156250
vn 0.514496 -0.857493 -0.000000
v 70.562500 57.937500 1.000000
vt 0.267291 1.187500
vn 0.220527 -0.661581 -0.716713
v 67.515625 57.234375 1.000000
vt 0.267291 1.218750
vn 0.099619 -0.697336 -0.709788
v 64.000000 57.000000 1.000000
vt 0.267291 1.250000
vn 0.000000 -0.707107 -0.707107
v 73.140625 59.109375 1.000000
vt 0.267291 1.156250
vn 0.354749 -0.591248 -0.724279
v 75.812500 60.187500 2.250000
vt 0.285343 1.125000
vn 0.666667 -0.666667 -0.333333
v 76.000000 60.000000 4.000000
vt 0.301777 1.125000
vn 0.707107 -0.707107 -0.000000
v 75.250000 60.750000 1.000000
vt 0.267291 1.125000
vn 0.485071 -0.485071 -0.727607
v 76.890625 62.859375 1.000000
vt 0.267291 1.093750
vn 0.591248 -0.354749 -0.724279
v 77.535156 62.402344 2.250000
vt 0.285343 1.093750
vn 0.809316 -0.485590 -0.330471
v 77.750000 62.250000 4.000000
vt 0.301777 1.093750
vn 0.857493 -0.514496 -0.000000
v 73.750000 58.250000 4.000000
vt 0.000000 1.156250
vn 0.514496 -0.857493 -0.000000
v 71.000000 57.000000 4.000000
vt 0.000000 1.187500
vn 0.316228 -0.948683 -0.000000
v 70.890625 57.234375 5.750000
vt 0.016434 1.187500
vn 0.299160 -0.897479 0.324090
v 73.597656 58.464844 5.750000
vt 0.016434 1.156250
vn 0.485590 -0.809316 0.330471
v 67.691406 56.496094 5.750000
vt 0.016434 1.218750
vn 0.134061 -0.938430 0.318396
v 67.750000 56.250000 4.000000
vt 0.000000 1.218750
vn 0.141421 -0.989949 -0.000000
v 76.000000 60.000000 4.000000
vt 0.000000 1.125000
vn 0.707107 -0.707107 -0.000000
v 75.812500 60.187500 5.750000
vt 0.016434 1.125000
vn 0.666667 -0.666667 0.333333
v 64.000000 56.250000 5.750000
vt 0.016434 1.250000
vn -0.000000 -0.948683 0.316228
v 64.000000 56.000000 4.000000
vt 0.000000 1.250000
vn 0.000000 -1.000000 -0.000000
v 70.562500 57.937500 7.000000
vt 0.034486 1.187500
vn 0.220527 -0.661581 0.716713
v 73.140625 59.109375 7.000000
vt 0.034486 1.156250
vn 0.354749 -0.591248 0.724279
v 67.515625 57.234375 7.000000
vt 0.034486 1.218750
vn 0.099619 -0.697336 0.709788
v 64.000000 57.000000 7.000000
vt 0.034486 1.250000
vn 0.000000 -0.707107 0.707107
v 75.250000 60.750000 7.000000
vt 0.034486 1.125000
vn 0.485071 -0.485071 0.727607
v 65.933594 192.121094 5.750000
vt 0.134454 1.031250
vn -0.134061 -0.938430 0.318396
v 67.500000 191.500000 4.000000
vt 0.150888 1.062500
vn -0.316228 -0.948683 -0.000000
v 65.875000 191.875000 4.000000
vt 0.150888 1.031250
vn -0.141421 -0.989950 -0.000000
v 67.609375 191.734375 5.750000
vt 0.134454 1.062500
vn -0.299160 -0.897479 0.324090
v 64.000000 192.250000 5.750000
vt 0.134454 1.000000
vn -0.000000 -0.948683 0.316228
v 64.000000 192.000000 4.000000
vt 0.150888 1.000000
vn 0.000000 -1.000000 -0.000000
v 68.875000 190.875000 4.000000
vt 0.150888 1.093750
vn -0.514496 -0.857493 -0.000000
v 69.027344 191.089844 5.750000
vt 0.134454 1.093750
vn -0.485590 -0.809316 0.330471
v 67.609375 191.734375 2.250000
vt 0.167322 1.062500
vn -0.299160 -0.897479 -0.324090
v 65.933594 192.121094 2.250000
vt 0.167322 1.031250
vn -0.134061 -0.938430 -0.318396
v 64.000000 192.250000 2.250000
vt 0.167322 1.000000
vn 0.000000 -0.948683 -0.316228
v 69.027344 191.089844 2.250000
vt 0.167322 1.093750
vn -0.485590 -0.809316 -0.330471
v 70.000000 190.000000 4.000000
vt 0.150888 1.125000
vn -0.707107 -0.707107 -0.000000
v 70.187500 190.187500 5.750000
vt 0.134454 1.125000
vn -0.666667 -0.666667 0.333333
v 70.187500 190.187500 2.250000
vt 0.167322 1.125000
vn -0.666667 -0.666667 -0.333333
v 66.109375 192.859375 7.000000
vt 0.116402 1.031250
vn -0.099619 -0.697336 0.709788
v 67.937500 192.437500 7.000000
vt 0.116402 1.062500
vn -0.220527 -0.661581 0.716713
v 69.484375 191.734375 7.000000
vt 0.116402 1.093750
vn -0.354749 -0.591248 0.724279
v 64.000000 193.000000 7.000000
vt 0.116402 1.000000
vn 0.000000 -0.707107 0.707107
v 70.750000 190.750000 7.000000
vt 0.116402 1.125000
vn -0.485071 -0.485071 0.727607
v 70.875000 188.875000 4.000000
vt 0.150888 1.156250
vn -0.857493 -0.514496 -0.000000
v 71.089844 189.027344 5.750000
vt 0.134454 1.156250
vn -0.809316 -0.485590 0.330471
v 71.089844 189.027344 2.250000
vt 0.167322 1.156250
vn -0.809316 -0.485590 -0.330471
v 71.734375 189.484375 7.000000
vt 0.116402 1.156250
vn -0.591248 -0.354749 0.724279
v 69.484375 191.734375 1.000000
vt 0.185374 1.093750
vn -0.354749 -0.591248 -0.724279
v 67.937500 192.437500 1.000000
vt 0.185374 1.062500
vn -0.220527 -0.661581 -0.716713
v 66.109375 192.859375 1.000000
vt 0.185374 1.031250
vn -0.099619 -0.697336 -0.709788
v 70.750000 190.750000 1.000000
vt 0.185374 1.125000
vn -0.485071 -0.485071 -0.727607
v 64.000000 193.000000 1.000000
vt 0.185374 1.000000
vn 0.000000 -0.707107 -0.707107
v 71.734375 189.484375 1.000000
vt 0.185374 1.156250
vn -0.591248 -0.354749 -0.724279
v 67.500000 64.500000 4.000000
vt 0.150888 1.187500
vn -0.316228 0.948683 -0.000000
v 65.875000 64.125000 4.000000
vt 0.150888 1.218750
vn -0.141421 0.989950 -0.000000
v 65.933594 63.878906 2.250000
vt 0.167322 1.218750
vn -0.134061 0.938430 -0.318396
v 67.609375 64.265625 2.250000
vt 0.167322 1.187500
vn -0.299160 0.897479 -0.324090
v 64.000000 63.750000 2.250000
vt 0.167322 1.250000
vn 0.000000 0.948683 -0.316228
v 64.000000 64.000000 4.000000
vt 0.150888 1.250000
vn 0.000000 1.000000 -0.000000
v 68.875000 65.125000 4.000000
vt 0.150888 1.156250
vn -0.514496 0.857493 -0.000000
v 69.027344 64.910156 2.250000
vt 0.167322 1.156250
vn -0.485590 0.809316 -0.330471
v 67.609375 64.265625 5.750000
vt 0.134454 1.187500
vn -0.299160 0.897479 0.324090
v 65.933594 63.878906 5.750000
vt 0.134454 1.218750
vn -0.134061 0.938430 0.318396
v 64.000000 63.750000 5.750000
vt 0.134454 1.250000
vn -0.000000 0.948683 0.316228
v 69.027344 64.910156 5.750000
vt 0.134454 1.156250
vn -0.485590 0.809316 0.330471
v 70.000000 66.000000 4.000000
vt 0.150888 1.125000
vn -0.707107 0.707107 -0.000000
v 70.187500 65.812500 2.250000
vt 0.167322 1.125000
vn -0.666667 0.666667 -0.333333
v 70.187500 65.812500 5.750000
vt 0.134454 1.125000
vn -0.666667 0.666667 0.333333
v 66.109375 63.140625 1.000000
vt 0.185374 1.218750
vn -0.099619 0.697336 -0.709788
v 67.937500 63.562500 1.000000
vt 0.185374 1.187500
vn -0.220527 0.661581 -0.716713
v 69.484375 64.265625 1.000000
vt 0.185374 1.156250
vn -0.354749 0.591248 -0.724279
v 64.000000 63.000000 1.000000
vt 0.185374 1.250000
vn 0.000000 0.707107 -0.707107
v 70.750000 65.250000 1.000000
vt 0.185374 1.125000
vn -0.485071 0.485071 -0.727607
v 70.875000 67.125000 4.000000
vt 0.150888 1.093750
vn -0.857493 0.514496 -0.000000
v 71.089844 66.972656 2.250000
vt 0.167322 1.093750
vn -0.809316 0.485590 -0.330471
v 71.089844 66.972656 5.750000
vt 0.134454 1.093750
vn -0.809316 0.485589 0.330471
v 71.734375 66.515625 1.000000
vt 0.185374 1.093750
vn -0.591248 0.354749 -0.724279
v 69.484375 64.265625 7.000000
vt 0.116402 1.156250
vn -0.354749 0.591248 0.724279
v 67.937500 63.562500 7.000000
vt 0.116402 1.187500
vn -0.220527 0.661581 0.716713
v 66.109375 63.140625 7.000000
vt 0.116402 1.218750
vn -0.099619 0.697336 0.709788
v 70.750000 65.250000 7.000000
vt 0.116402 1.125000
vn -0.485071 0.485071 0.727607
v 64.000000 63.000000 7.000000
vt 0.116402 1.250000
vn 0.000000 0.707107 0.707107
v 71.734375 66.515625 7.000000
vt 0.116402 1.093750
vn -0.591248 0.354749 0.724279
v -50.088867 4.500000 -26.645508
vt 0.468750 1.108387
vn -0.801103 0.587483 0.114443
v -51.011719 3.000000 -26.425781
vt 0.468750 1.124632
vn -0.884085 0.449936 0.126298
v -51.250000 3.000000 -30.000000
vt 0.500000 1.124632
vn -0.894427 0.447214 -0.000000
v -50.312500 4.500000 -30.000000
vt 0.500000 1.108387
vn -0.811242 0.584710 -0.000000
v -51.011719 3.000000 -33.574219
vt 0.531250 1.124632
vn -0.884085 0.449936 -0.126298
v -50.088867 4.500000 -33.354492
vt 0.531250 1.108387
vn -0.801103 0.587483 -0.114443
v -49.000000 6.000000 -30.000000
vt 0.500000 1.090330
vn -0.707107 0.707107 -0.000000
v -48.796875 6.000000 -33.046875
vt 0.531250 1.090330
vn -0.697336 0.709788 -0.099619
v -48.796875 6.000000 -26.953125
vt 0.468750 1.090330
vn -0.697336 0.709788 0.099619
v -49.417969 4.500000 -36.261719
vt 0.562500 1.108387
vn -0.762699 0.594690 -0.254233
v -48.187500 6.000000 -35.687500
vt 0.562500 1.090330
vn -0.661581 0.716713 -0.220527
v -50.296875 3.000000 -36.671875
vt 0.562500 1.124632
vn -0.843795 0.457056 -0.281265
v -47.312500 7.500000 -30.000000
vt 0.500000 1.070464
vn -0.633989 0.773342 -0.000000
v -47.135742 7.500000 -32.651367
vt 0.531250 1.070464
vn -0.624818 0.775651 -0.089260
v -47.135742 7.500000 -27.348633
vt 0.468750 1.070464
vn -0.624818 0.775651 0.089260
v -46.605469 7.500000 -34.949219
vt 0.562500 1.070464
vn -0.591777 0.781593 -0.197259
v -48.187500 6.000000 -24.312500
vt 0.437500 1.090330
vn -0.661581 0.716713 0.220527
v -49.417969 4.500000 -23.738281
vt 0.437500 1.108387
vn -0.762699 0.594690 0.254233
v -46.605469 7.500000 -25.050781
vt 0.437500 1.070464
vn -0.591777 0.781593 0.197259
v -45.250000 9.000000 -30.000000
vt 0.500000 1.048787
vn -0.554700 0.832050 -0.000000
v -45.105469 9.000000 -32.167969
vt 0.531250 1.048787
vn -0.546237 0.833988 -0.078034
v -45.105469 9.000000 -27.832031
vt 0.468750 1.048787
vn -0.546237 0.833988 0.078034
v -44.671875 9.000000 -34.046875
vt 0.562500 1.048787
vn -0.516278 0.838952 -0.172093
v -44.671875 9.000000 -25.953125
vt 0.437500 1.048787
vn -0.516278 0.838952 0.172093
v -40.000000 12.000000 -30.000000
vt 0.500000 1.000000
vn -0.447214 0.894427 -0.000000
v -39.937500 12.000000 -30.937500
vt 0.531250 1.000000
vn -0.440032 0.895779 -0.062862
v -39.937500 12.000000 -29.062500
vt 0.468750 1.000000
vn -0.440032 0.895779 0.062862
v -39.750000 12.000000 -31.750000
vt 0.562500 1.000000
vn -0.415029 0.899229 -0.138343
v -39.750000 12.000000 -28.250000
vt 0.437500 1.000000
vn -0.415029 0.899229 0.138343
v -45.721680 7.500000 -36.893555
vt 0.593750 1.070464
vn -0.527883 0.788049 -0.316730
v -43.949219 9.000000 -35.636719
vt 0.593750 1.048787
vn -0.459489 0.844312 -0.275694
v -39.437500 12.000000 -32.437500
vt 0.593750 1.000000
vn -0.368542 0.902929 -0.221125
v -47.171875 6.000000 -37.921875
vt 0.593750 1.090330
vn -0.591248 0.724279 -0.354749
v -43.949219 9.000000 -24.363281
vt 0.406250 1.048787
vn -0.459489 0.844312 0.275694
v -45.721680 7.500000 -23.106445
vt 0.406250 1.070464
vn -0.527883 0.788049 0.316730
v -39.437500 12.000000 -27.562500
vt 0.406250 1.000000
vn -0.368542 0.902929 0.221125
v -47.171875 6.000000 -22.078125
vt 0.406250 1.090330
vn -0.591248 0.724279 0.354749
v -48.299805 4.500000 -38.721680
vt 0.593750 1.108387
vn -0.684293 0.602637 -0.410576
v -42.937500 9.000000 -36.937500
vt 0.625000 1.048787
vn -0.376288 0.846649 -0.376288
v -39.000000 12.000000 -33.000000
vt 0.625000 1.000000
vn -0.301511 0.904534 -0.301511
v -44.484375 7.500000 -38.484375
vt 0.625000 1.070464
vn -0.432731 0.790877 -0.432731
v -45.750000 6.000000 -39.750000
vt 0.625000 1.090330
vn -0.485071 0.727607 -0.485071
v -48.299805 4.500000 -21.278320
vt 0.406250 1.108387
vn -0.684293 0.602637 0.410576
v -39.000000 12.000000 -27.000000
vt 0.375000 1.000000
vn -0.301511 0.904534 0.301511
v -42.937500 9.000000 -23.062500
vt 0.375000 1.048787
vn -0.376288 0.846649 0.376288
v -44.484375 7.500000 -21.515625
vt 0.375000 1.070464
vn -0.432731 0.790877 0.432731
v -50.296875 3.000000 -23.328125
vt 0.437500 1.124632
vn -0.843795 0.457056 0.281265
v -45.750000 6.000000 -20.250000
vt 0.375000 1.090330
vn -0.485071 0.727607 0.485071
v -46.734375 4.500000 -40.734375
vt 0.625000 1.108387
vn -0.562393 0.606158 -0.562393
v -49.105469 3.000000 -39.292969
vt 0.593750 1.124632
vn -0.759155 0.464983 -0.455493
v -49.105469 3.000000 -20.707031
vt 0.406250 1.124632
vn -0.759156 0.464983 0.455493
v -46.734375 4.500000 -19.265625
vt 0.375000 1.108387
vn -0.562393 0.606158 0.562393
v -51.565430 1.500000 -33.706055
vt 0.531250 1.139067
vn -0.963120 0.231235 -0.137589
v -51.812500 1.500000 -30.000000
vt 0.500000 1.139067
vn -0.973249 0.229753 -0.000000
v -51.565430 1.500000 -26.293945
vt 0.468750 1.139067
vn -0.963120 0.231235 0.137589
v -50.824219 1.500000 -36.917969
vt 0.562500 1.139067
vn -0.922088 0.235119 -0.307363
v -47.437500 3.000000 -41.437500
vt 0.625000 1.124632
vn -0.624695 0.468521 -0.624695
v -50.824219 1.500000 -23.082031
vt 0.437500 1.139067
vn -0.922088 0.235119 0.307363
v -47.437500 3.000000 -18.562500
vt 0.375000 1.124632
vn -0.624695 0.468521 0.624695
v -49.588867 1.500000 -39.635742
vt 0.593750 1.139067
vn -0.832546 0.239458 -0.499527
v -49.588867 1.500000 -20.364258
vt 0.406250 1.139067
vn -0.832546 0.239458 0.499527
v -47.859375 1.500000 -41.859375
vt 0.625000 1.139067
vn -0.686195 0.241400 -0.686195
v -47.859375 1.500000 -18.140625
vt 0.375000 1.139067
vn -0.686195 0.241400 0.686195
v -51.750000 0.000000 -33.750000
vt 0.531250 1.151691
vn -0.989949 0.000000 -0.141421
v -52.000000 0.000000 -30.000000
vt 0.500000 1.151691
vn -1.000000 0.000000 -0.000000
v -51.750000 0.000000 -26.250000
vt 0.468750 1.151691
vn -0.989949 0.000000 0.141421
v -51.000000 0.000000 -37.000000
vt 0.562500 1.151691
vn -0.948683 0.000000 -0.316228
v -51.000000 0.000000 -23.000000
vt 0.437500 1.151691
vn -0.948683 0.000000 0.316228
v -49.750000 0.000000 -39.750000
vt 0.593750 1.151691
vn -0.857493 0.000000 -0.514496
v -49.750000 0.000000 -20.250000
vt 0.406250 1.151691
vn -0.857493 0.000000 0.514496
v -48.000000 0.000000 -42.000000
vt 0.625000 1.151691
vn -0.707107 0.000000 -0.707107
v -48.000000 0.000000 -18.000000
vt 0.375000 1.151691
vn -0.707107 0.000000 0.707107
v -22.411133 1.500000 -20.364258
vt 0.093750 1.139067
vn 0.832546 0.239458 0.499527
v -24.000000 0.000000 -18.000000
vt 0.125000 1.151691
vn 0.707107 0.000000 0.707107
v -24.140625 1.500000 -18.140625
vt 0.125000 1.139067
vn 0.686195 0.241400 0.686195
v -22.250000 0.000000 -20.250000
vt 0.093750 1.151691
vn 0.857493 0.000000 0.514496
v -21.175781 1.500000 -23.082031
vt 0.062500 1.139067
vn 0.922088 0.235119 0.307363
v -21.000000 0.000000 -23.000000
vt 0.062500 1.151691
vn 0.948683 0.000000 0.316228
v -21.703125 3.000000 -23.328125
vt 0.062500 1.124632
vn 0.843795 0.457056 0.281265
v -22.894531 3.000000 -20.707031
vt 0.093750 1.124632
vn 0.759155 0.464983 0.455493
v -24.562500 3.000000 -18.562500
vt 0.125000 1.124632
vn 0.624695 0.468521 0.624695
v -20.434570 1.500000 -26.293945
vt 0.031250 1.139067
vn 0.963120 0.231235 0.137589
v -20.250000 0.000000 -26.250000
vt 0.031250 1.151691
vn 0.989949 0.000000 0.141421
v -22.582031 4.500000 -23.738281
vt 0.062500 1.108387
vn 0.762699 0.594690 0.254233
v -23.700195 4.500000 -21.278320
vt 0.093750 1.108387
vn 0.684293 0.602637 0.410576
v -25.265625 4.500000 -19.265625
vt 0.125000 1.108387
vn 0.562393 0.606158 0.562393
v -26.364258 1.500000 -16.411133
vt 0.156250 1.139067
vn 0.499527 0.239458 0.832546
v -26.707031 3.000000 -16.894531
vt 0.156250 1.124632
vn 0.455493 0.464983 0.759156
v -27.278320 4.500000 -17.700195
vt 0.156250 1.108387
vn 0.410576 0.602637 0.684293
v -26.250000 0.000000 -16.250000
vt 0.156250 1.151691
vn 0.514496 0.000000 0.857493
v -29.082031 1.500000 -15.175781
vt 0.187500 1.139067
vn 0.307363 0.235119 0.922088
v -29.328125 3.000000 -15.703125
vt 0.187500 1.124632
vn 0.281265 0.457056 0.843795
v -29.000000 0.000000 -15.000000
vt 0.187500 1.151691
vn 0.316228 0.000000 0.948683
v -32.250000 0.000000 -14.250000
vt 0.218750 1.151691
vn 0.141421 0.000000 0.989949
v -32.293945 1.500000 -14.434570
vt 0.218750 1.139067
vn 0.137589 0.231235 0.963120
v -20.434570 1.500000 -33.706055
vt 0.968750 1.139067
vn 0.963120 0.231235 -0.137589
v -20.000000 0.000000 -30.000000
vt 1.000000 1.151691
vn 1.000000 0.000000 -0.000000
v -20.187500 1.500000 -30.000000
vt 1.000000 1.139067
vn 0.973249 0.229753 -0.000000
v -20.250000 0.000000 -33.750000
vt 0.968750 1.151691
vn 0.989949 0.000000 -0.141421
v -21.175781 1.500000 -36.917969
vt 0.937500 1.139067
vn 0.922088 0.235119 -0.307363
v -21.000000 0.000000 -37.000000
vt 0.937500 1.151691
vn 0.948683 0.000000 -0.316228
v -20.988281 3.000000 -33.574219
vt 0.968750 1.124632
vn 0.884085 0.449936 -0.126298
v -20.750000 3.000000 -30.000000
vt 1.000000 1.124632
vn 0.894427 0.447214 -0.000000
v -21.703125 3.000000 -36.671875
vt 0.937500 1.124632
vn 0.843795 0.457056 -0.281265
v -20.750000 3.000000 -30.000000
vt 0.000000 1.124632
vn 0.894427 0.447214 -0.000000
v -20.187500 1.500000 -30.000000
vt 0.000000 1.139067
vn 0.973249 0.229753 -0.000000
v -20.988281 3.000000 -26.425781
vt 0.031250 1.124632
vn 0.884085 0.449936 0.126298
v -20.000000 0.000000 -30.000000
vt 0.000000 1.151691
vn 1.000000 0.000000 -0.000000
v -21.911133 4.500000 -33.354492
vt 0.968750 1.108387
vn 0.801103 0.587483 -0.114443
v -21.687500 4.500000 -30.000000
vt 1.000000 1.108387
vn 0.811242 0.584710 -0.000000
v -21.687500 4.500000 -30.000000
vt 0.000000 1.108387
vn 0.811242 0.584710 -0.000000
v -21.911133 4.500000 -26.645508
vt 0.031250 1.108387
vn 0.801103 0.587483 0.114443
v -22.582031 4.500000 -36.261719
vt 0.937500 1.108387
vn 0.762699 0.594690 -0.254233
v -32.425781 3.000000 -14.988281
vt 0.218750 1.124632
vn 0.126298 0.449936 0.884085
v -36.000000 1.500000 -14.187500
vt 0.250000 1.139067
vn 0.000000 0.229753 0.973249
v -36.000000 3.000000 -14.750000
vt 0.250000 1.124632
vn 0.000000 0.447214 0.894427
v -39.706055 1.500000 -14.434570
vt 0.281250 1.139067
vn -0.137589 0.231235 0.963120
v -39.574219 3.000000 -14.988281
vt 0.281250 1.124632
vn -0.126298 0.449936 0.884085
v -36.000000 4.500000 -15.687500
vt 0.250000 1.108387
vn 0.000000 0.584710 0.811242
v -39.354492 4.500000 -15.911133
vt 0.281250 1.108387
vn -0.114443 0.587483 0.801103
v -32.645508 4.500000 -15.911133
vt 0.218750 1.108387
vn 0.114443 0.587483 0.801103
v -42.671875 3.000000 -15.703125
vt 0.312500 1.124632
vn -0.281265 0.457056 0.843795
v -42.261719 4.500000 -16.582031
vt 0.312500 1.108387
vn -0.254233 0.594690 0.762699
v -42.917969 1.500000 -15.175781
vt 0.312500 1.139067
vn -0.307363 0.235119 0.922088
v -36.000000 6.000000 -17.000000
vt 0.250000 1.090330
vn 0.000000 0.707107 0.707107
v -39.046875 6.000000 -17.203125
vt 0.281250 1.090330
vn -0.099619 0.709788 0.697336
v -32.953125 6.000000 -17.203125
vt 0.218750 1.090330
vn 0.099619 0.709788 0.697336
v -41.687500 6.000000 -17.812500
vt 0.312500 1.090330
vn -0.220527 0.716713 0.661581
v -29.738281 4.500000 -16.582031
vt 0.187500 1.108387
vn 0.254233 0.594690 0.762699
v -30.312500 6.000000 -17.812500
vt 0.187500 1.090330
vn 0.220527 0.716713 0.661581
v -36.000000 7.500000 -18.687500
vt 0.250000 1.070464
vn 0.000000 0.773342 0.633989
v -38.651367 7.500000 -18.864258
vt 0.281250 1.070464
vn -0.089260 0.775651 0.624818
v -33.348633 7.500000 -18.864258
vt 0.218750 1.070464
vn 0.089260 0.775651 0.624818
v -40.949219 7.500000 -19.394531
vt 0.312500 1.070464
vn -0.197259 0.781593 0.591777
v -31.050781 7.500000 -19.394531
vt 0.187500 1.070464
vn 0.197259 0.781593 0.591777
v -36.000000 9.000000 -20.750000
vt 0.250000 1.048787
vn 0.000000 0.832050 0.554700
v -38.167969 9.000000 -20.894531
vt 0.281250 1.048787
vn -0.078034 0.833988 0.546237
v -33.832031 9.000000 -20.894531
vt 0.218750 1.048787
vn 0.078034 0.833988 0.546237
v -40.046875 9.000000 -21.328125
vt 0.312500 1.048787
vn -0.172093 0.838952 0.516278
v -31.953125 9.000000 -21.328125
vt 0.187500 1.048787
vn 0.172093 0.838952 0.516278
v -44.721680 4.500000 -17.700195
vt 0.343750 1.108387
vn -0.410576 0.602637 0.684293
v -43.921875 6.000000 -18.828125
vt 0.343750 1.090330
vn -0.354749 0.724279 0.591248
v -42.893555 7.500000 -20.278320
vt 0.343750 1.070464
vn -0.316730 0.788049 0.527883
v -41.636719 9.000000 -22.050781
vt 0.343750 1.048787
vn -0.275694 0.844312 0.459489
v -36.000000 12.000000 -26.000000
vt 0.250000 1.000000
vn 0.000000 0.894427 0.447214
v -36.937500 12.000000 -26.062500
vt 0.281250 1.000000
vn -0.062862 0.895779 0.440032
v -35.062500 12.000000 -26.062500
vt 0.218750 1.000000
vn 0.062862 0.895779 0.440032
v -37.750000 12.000000 -26.250000
vt 0.312500 1.000000
vn -0.138343 0.899229 0.415029
v -34.250000 12.000000 -26.250000
vt 0.187500 1.000000
vn 0.138343 0.899229 0.415029
v -38.437500 12.000000 -26.562500
vt 0.343750 1.000000
vn -0.221125 0.902929 0.368542
v -30.363281 9.000000 -22.050781
vt 0.156250 1.048787
vn 0.275694 0.844312 0.459489
v -29.106445 7.500000 -20.278320
vt 0.156250 1.070464
vn 0.316730 0.788049 0.527883
v -33.562500 12.000000 -26.562500
vt 0.156250 1.000000
vn 0.221125 0.902929 0.368542
v -28.078125 6.000000 -18.828125
vt 0.156250 1.090330
vn 0.354749 0.724279 0.591248
v -44.484375 7.500000 -21.515625
vt 0.375000 1.070464
vn -0.432731 0.790877 0.432731
v -42.937500 9.000000 -23.062500
vt 0.375000 1.048787
vn -0.376288 0.846649 0.376288
v -39.000000 12.000000 -27.000000
vt 0.375000 1.000000
vn -0.301511 0.904534 0.301511
v -45.750000 6.000000 -20.250000
vt 0.375000 1.090330
vn -0.485071 0.727607 0.485071
v -45.292969 3.000000 -16.894531
vt 0.343750 1.124632
vn -0.455493 0.464983 0.759155
v -46.734375 4.500000 -19.265625
vt 0.375000 1.108387
vn -0.562393 0.606158 0.562393
v -27.515625 7.500000 -21.515625
vt 0.125000 1.070464
vn 0.432731 0.790877 0.432731
v -26.250000 6.000000 -20.250000
vt 0.125000 1.090330
vn 0.485071 0.727607 0.485071
v -47.437500 3.000000 -18.562500
vt 0.375000 1.124632
vn -0.624695 0.468521 0.624695
v -45.635742 1.500000 -16.411133
vt 0.343750 1.139067
vn -0.499527 0.239458 0.832546
v -47.859375 1.500000 -18.140625
vt 0.375000 1.139067
vn -0.686195 0.241400 0.686195
v -39.750000 0.000000 -14.250000
vt 0.281250 1.151691
vn -0.141421 0.000000 0.989949
v -36.000000 0.000000 -14.000000
vt 0.250000 1.151691
vn 0.000000 0.000000 1.000000
v -43.000000 0.000000 -15.000000
vt 0.312500 1.151691
vn -0.316228 0.000000 0.948683
v -45.750000 0.000000 -16.250000
vt 0.343750 1.151691
vn -0.514496 0.000000 0.857493
v -48.000000 0.000000 -18.000000
vt 0.375000 1.151691
vn -0.707107 0.000000 0.707107
v -32.062500 12.000000 -29.062500
vt 0.031250 1.000000
vn 0.440032 0.895779 0.062862
v -27.328125 9.000000 -25.953125
vt 0.062500 1.048787
vn 0.516278 0.838952 0.172093
v -32.250000 12.000000 -28.250000
vt 0.062500 1.000000
vn 0.415029 0.899229 0.138343
v -26.894531 9.000000 -27.832031
vt 0.031250 1.048787
vn 0.546237 0.833988 0.078034
v -32.000000 12.000000 -30.000000
vt 0.000000 1.000000
vn 0.447214 0.894427 -0.000000
v -26.750000 9.000000 -30.000000
vt 0.000000 1.048787
vn 0.554700 0.832050 -0.000000
v -25.394531 7.500000 -25.050781
vt 0.062500 1.070464
vn 0.591777 0.781593 0.197259
v -24.864258 7.500000 -27.348633
vt 0.031250 1.070464
vn 0.624818 0.775651 0.089260
v -28.050781 9.000000 -24.363281
vt 0.093750 1.048787
vn 0.459489 0.844312 0.275694
v -32.562500 12.000000 -27.562500
vt 0.093750 1.000000
vn 0.368542 0.902929 0.221125
v -26.278320 7.500000 -23.106445
vt 0.093750 1.070464
vn 0.527883 0.788049 0.316730
v -24.687500 7.500000 -30.000000
vt 0.000000 1.070464
vn 0.633989 0.773342 -0.000000
v -32.062500 12.000000 -30.937500
vt 0.968750 1.000000
vn 0.440032 0.895779 -0.062862
v -26.750000 9.000000 -30.000000
vt 1.000000 1.048787
vn 0.554700 0.832050 -0.000000
v -32.000000 12.000000 -30.000000
vt 1.000000 1.000000
vn 0.447214 0.894427 -0.000000
v -26.894531 9.000000 -32.167969
vt 0.968750 1.048787
vn 0.546237 0.833988 -0.078034
v -23.812500 6.000000 -24.312500
vt 0.062500 1.090330
vn 0.661581 0.716713 0.220527
v -23.203125 6.000000 -26.953125
vt 0.031250 1.090330
vn 0.697336 0.709788 0.099619
v -24.687500 7.500000 -30.000000
vt 1.000000 1.070464
vn 0.633989 0.773342 -0.000000
v -24.864258 7.500000 -32.651367
vt 0.968750 1.070464
vn 0.624818 0.775651 -0.089260
v -23.000000 6.000000 -30.000000
vt 0.000000 1.090330
vn 0.707107 0.707107 -0.000000
v -32.250000 12.000000 -31.750000
vt 0.937500 1.000000
vn 0.415029 0.899229 -0.138343
v -27.328125 9.000000 -34.046875
vt 0.937500 1.048787
vn 0.516278 0.838952 -0.172093
v -25.394531 7.500000 -34.949219
vt 0.937500 1.070464
vn 0.591777 0.781593 -0.197259
v -23.000000 6.000000 -30.000000
vt 1.000000 1.090330
vn 0.707107 0.707107 -0.000000
v -23.203125 6.000000 -33.046875
vt 0.968750 1.090330
vn 0.697336 0.709788 -0.099619
v -23.812500 6.000000 -35.687500
vt 0.937500 1.090330
vn 0.661581 0.716713 -0.220527
v -32.562500 12.000000 -32.437500
vt 0.906250 1.000000
vn 0.368542 0.902929 -0.221125
v -28.050781 9.000000 -35.636719
vt 0.906250 1.048787
vn 0.459489 0.844312 -0.275694
v -26.278320 7.500000 -36.893555
vt 0.906250 1.070464
vn 0.527883 0.788049 -0.316730
v -24.828125 6.000000 -22.078125
vt 0.093750 1.090330
vn 0.591248 0.724279 0.354749
v -24.828125 6.000000 -37.921875
vt 0.906250 1.090330
vn 0.591248 0.724279 -0.354749
v -29.062500 9.000000 -23.062500
vt 0.125000 1.048787
vn 0.376288 0.846649 0.376288
v -33.000000 12.000000 -27.000000
vt 0.125000 1.000000
vn 0.301511 0.904534 0.301511
v -24.140625 1.500000 -41.859375
vt 0.875000 1.139067
vn 0.686195 0.241400 -0.686195
v -22.250000 0.000000 -39.750000
vt 0.906250 1.151691
vn 0.857493 0.000000 -0.514496
v -22.411133 1.500000 -39.635742
vt 0.906250 1.139067
vn 0.832546 0.239458 -0.499527
v -24.000000 0.000000 -42.000000
vt 0.875000 1.151691
vn 0.707107 0.000000 -0.707107
v -21.000000 0.000000 -37.000000
vt 0.937500 1.151691
vn 0.948683 0.000000 -0.316228
v -21.175781 1.500000 -36.917969
vt 0.937500 1.139067
vn 0.922088 0.235119 -0.307363
v -22.894531 3.000000 -39.292969
vt 0.906250 1.124632
vn 0.759156 0.464983 -0.455493
v -21.703125 3.000000 -36.671875
vt 0.937500 1.124632
vn 0.843795 0.457056 -0.281265
v -24.562500 3.000000 -41.437500
vt 0.875000 1.124632
vn 0.624695 0.468521 -0.624695
v -23.700195 4.500000 -38.721680
vt 0.906250 1.108387
vn 0.684293 0.602637 -0.410576
v -22.582031 4.500000 -36.261719
vt 0.937500 1.108387
vn 0.762699 0.594690 -0.254233
v -25.265625 4.500000 -40.734375
vt 0.875000 1.108387
vn 0.562393 0.606158 -0.562393
v -26.707031 3.000000 -43.105469
vt 0.843750 1.124632
vn 0.455493 0.464983 -0.759155
v -26.364258 1.500000 -43.588867
vt 0.843750 1.139067
vn 0.499527 0.239458 -0.832546
v -27.278320 4.500000 -42.299805
vt 0.843750 1.108387
vn 0.410576 0.602637 -0.684293
v -26.250000 6.000000 -39.750000
vt 0.875000 1.090330
vn 0.485071 0.727607 -0.485071
v -24.828125 6.000000 -37.921875
vt 0.906250 1.090330
vn 0.591248 0.724279 -0.354749
v -23.812500 6.000000 -35.687500
vt 0.937500 1.090330
vn 0.661581 0.716713 -0.220527
v -28.078125 6.000000 -41.171875
vt 0.843750 1.090330
vn 0.354749 0.724279 -0.591248
v -27.515625 7.500000 -38.484375
vt 0.875000 1.070464
vn 0.432731 0.790877 -0.432731
v -26.278320 7.500000 -36.893555
vt 0.906250 1.070464
vn 0.527883 0.788049 -0.316730
v -29.106445 7.500000 -39.721680
vt 0.843750 1.070464
vn 0.316730 0.788049 -0.527883
v -29.062500 9.000000 -36.937500
vt 0.875000 1.048787
vn 0.376288 0.846649 -0.376288
v -28.050781 9.000000 -35.636719
vt 0.906250 1.048787
vn 0.459489 0.844312 -0.275694
v -30.363281 9.000000 -37.949219
vt 0.843750 1.048787
vn 0.275694 0.844312 -0.459489
v -33.000000 12.000000 -33.000000
vt 0.875000 1.000000
vn 0.301511 0.904534 -0.301511
v -32.562500 12.000000 -32.437500
vt 0.906250 1.000000
vn 0.368542 0.902929 -0.221125
v -33.562500 12.000000 -33.437500
vt 0.843750 1.000000
vn 0.221125 0.902929 -0.368542
v -36.000000 3.000000 -45.250000
vt 0.750000 1.124632
vn 0.000000 0.447214 -0.894427
v -36.000000 1.500000 -45.812500
vt 0.750000 1.139067
vn 0.000000 0.229753 -0.973249
v -32.293945 1.500000 -45.565430
vt 0.781250 1.139067
vn 0.137589 0.231235 -0.963120
v -32.425781 3.000000 -45.011719
vt 0.781250 1.124632
vn 0.126298 0.449936 -0.884085
v -39.574219 3.000000 -45.011719
vt 0.718750 1.124632
vn -0.126298 0.449936 -0.884085
v -39.706055 1.500000 -45.565430
vt 0.718750 1.139067
vn -0.137589 0.231235 -0.963120
v -36.000000 4.500000 -44.312500
vt 0.750000 1.108387
vn 0.000000 0.584710 -0.811242
v -32.645508 4.500000 -44.088867
vt 0.781250 1.108387
vn 0.114443 0.587483 -0.801103
v -39.354492 4.500000 -44.088867
vt 0.718750 1.108387
vn -0.114443 0.587483 -0.801103
v -29.328125 3.000000 -44.296875
vt 0.812500 1.124632
vn 0.281265 0.457056 -0.843795
v -29.738281 4.500000 -43.417969
vt 0.812500 1.108387
vn 0.254233 0.594690 -0.762699
v -29.082031 1.500000 -44.824219
vt 0.812500 1.139067
vn 0.307363 0.235119 -0.922088
v -36.000000 6.000000 -43.000000
vt 0.750000 1.090330
vn 0.000000 0.707107 -0.707107
v -32.953125 6.000000 -42.796875
vt 0.781250 1.090330
vn 0.099619 0.709788 -0.697336
v -39.046875 6.000000 -42.796875
vt 0.718750 1.090330
vn -0.099619 0.709788 -0.697336
v -30.312500 6.000000 -42.187500
vt 0.812500 1.090330
vn 0.220527 0.716713 -0.661581
v -42.261719 4.500000 -43.417969
vt 0.687500 1.108387
vn -0.254233 0.594690 -0.762699
v -42.671875 3.000000 -44.296875
vt 0.687500 1.124632
vn -0.281265 0.457056 -0.843795
v -41.687500 6.000000 -42.187500
vt 0.687500 1.090330
vn -0.220527 0.716713 -0.661581
v -36.000000 7.500000 -41.312500
vt 0.750000 1.070464
vn 0.000000 0.773342 -0.633989
v -33.348633 7.500000 -41.135742
vt 0.781250 1.070464
vn 0.089260 0.775651 -0.624818
v -38.651367 7.500000 -41.135742
vt 0.718750 1.070464
vn -0.089260 0.775651 -0.624818
v -31.050781 7.500000 -40.605469
vt 0.812500 1.070464
vn 0.197259 0.781593 -0.591777
v -40.949219 7.500000 -40.605469
vt 0.687500 1.070464
vn -0.197259 0.781593 -0.591777
v -36.000000 9.000000 -39.250000
vt 0.750000 1.048787
vn 0.000000 0.832050 -0.554700
v -33.832031 9.000000 -39.105469
vt 0.781250 1.048787
vn 0.078034 0.833988 -0.546237
v -38.167969 9.000000 -39.105469
vt 0.718750 1.048787
vn -0.078034 0.833988 -0.546237
v -31.953125 9.000000 -38.671875
vt 0.812500 1.048787
vn 0.172093 0.838952 -0.516278
v -40.046875 9.000000 -38.671875
vt 0.687500 1.048787
vn -0.172093 0.838952 -0.516278
v -36.000000 12.000000 -34.000000
vt 0.750000 1.000000
vn 0.000000 0.894427 -0.447214
v -35.062500 12.000000 -33.937500
vt 0.781250 1.000000
vn 0.062862 0.895779 -0.440032
v -36.937500 12.000000 -33.937500
vt 0.718750 1.000000
vn -0.062862 0.895779 -0.440032
v -34.250000 12.000000 -33.750000
vt 0.812500 1.000000
vn 0.138343 0.899229 -0.415029
v -37.750000 12.000000 -33.750000
vt 0.687500 1.000000
vn -0.138343 0.899229 -0.415029
v -41.636719 9.000000 -37.949219
vt 0.656250 1.048787
vn -0.275694 0.844312 -0.459489
v -42.893555 7.500000 -39.721680
vt 0.656250 1.070464
vn -0.316730 0.788049 -0.527883
v -38.437500 12.000000 -33.437500
vt 0.656250 1.000000
vn -0.221125 0.902929 -0.368542
v -43.921875 6.000000 -41.171875
vt 0.656250 1.090330
vn -0.354749 0.724279 -0.591248
v -44.721680 4.500000 -42.299805
vt 0.656250 1.108387
vn -0.410576 0.602637 -0.684293
v -42.937500 9.000000 -36.937500
vt 0.625000 1.048787
vn -0.376288 0.846649 -0.376288
v -44.484375 7.500000 -38.484375
vt 0.625000 1.070464
vn -0.432731 0.790877 -0.432731
v -39.000000 12.000000 -33.000000
vt 0.625000 1.000000
vn -0.301511 0.904534 -0.301511
v -45.750000 6.000000 -39.750000
vt 0.625000 1.090330
vn -0.485071 0.727607 -0.485071
v -46.734375 4.500000 -40.734375
vt 0.625000 1.108387
vn -0.562393 0.606158 -0.562393
v -47.859375 1.500000 -41.859375
vt 0.625000 1.139067
vn -0.686195 0.241400 -0.686195
v -45.750000 0.000000 -43.750000
vt 0.656250 1.151691
vn -0.514496 0.000000 -0.857493
v -45.635742 1.500000 -43.588867
vt 0.656250 1.139067
vn -0.499527 0.239458 -0.832546
v -48.000000 0.000000 -42.000000
vt 0.625000 1.151691
vn -0.707107 0.000000 -0.707107
v -43.000000 0.000000 -45.000000
vt 0.687500 1.151691
vn -0.316228 0.000000 -0.948683
v -42.917969 1.500000 -44.824219
vt 0.687500 1.139067
vn -0.307363 0.235119 -0.922088
v -45.292969 3.000000 -43.105469
vt 0.656250 1.124632
vn -0.455493 0.464983 -0.759156
v -47.437500 3.000000 -41.437500
vt 0.625000 1.124632
vn -0.624695 0.468521 -0.624695
v -39.750000 0.000000 -45.750000
vt 0.718750 1.151691
vn -0.141421 0.000000 -0.989949
v -36.000000 0.000000 -46.000000
vt 0.750000 1.151691
vn 0.000000 0.000000 -1.000000
v -32.250000 0.000000 -45.750000
vt 0.781250 1.151691
vn 0.141421 0.000000 -0.989949
v -29.000000 0.000000 -45.000000
vt 0.812500 1.151691
vn 0.316228 0.000000 -0.948683
v -26.250000 0.000000 -43.750000
vt 0.843750 1.151691
vn 0.514496 0.000000 -0.857493
f 40/40/40 42/42/42 41/41/41
f 40/40/40 43/43/43 42/42/42
f 43/43/43 209/209/209 42/42/42
f 43/43/43 210/210/210 209/209/209
f 1168/1168/1168 1041/1041/1041 1167/1167/1167
f 1168/1168/1168 1040/1040/1040 1041/1041/1041
f 1040/1040/1040 1042/1042/1042 1041/1041/1041
f 1040/1040/1040 1043/1043/1043 1042/1042/1042
f 1043/1043/1043 981/981/981 1042/1042/1042
f 1043/1043/1043 978/978/978 981/981/981
f 978/978/978 979/979/979 981/981/981
f 978/978/978 980/980/980 979/979/979
f 1752/1752/1752 1665/1665/1665 1751/1751/1751
f 1752/1752/1752 1666/1666/1666 1665/1665/1665
f 1666/1666/1666 1617/1617/1617 1665/1665/1665
f 1666/1666/1666 1614/1614/1614 1617/1617/1617
f 1614/1614/1614 1615/1615/1615 1617/1617/1617
f 1614/1614/1614 1616/1616/1616 1615/1615/1615
f 1616/1616/1616 1715/1715/1715 1615/1615/1615
f 1616/1616/1616 1717/1717/1717 1715/1715/1715
f 685/685/685 556/556/556 679/679/679
f 685/685/685 553/553/553 556/556/556
f 553/553/553 554/554/554 556/556/556
f 553/553/553 555/555/555 554/554/554
f 555/555/555 557/557/557 554/554/554
f 555/555/555 558/558/558 557/557/557
f 558/558/558 677/677/677 557/557/557
f 558/558/558 688/688/688 677/677/677
f 195/195/195 115/115/115 193/193/193
f 195/195/195 112/112/112 115/115/115
f 112/112/112 113/113/113 115/115/115
f 112/112/112 114/114/114 113/113/113
f 41/41/41 44/44/44 45/45/45
f 41/41/41 42/42/42 44/44/44
f 42/42/42 207/207/207 44/44/44
f 42/42/42 209/209/209 207/207/207
f 1167/1167/1167 1055/1055/1055 1165/1165/1165
f 1167/1167/1167 1041/1041/1041 1055/1055/1055
f 1041/1041/1041 1054/1054/1054 1055/1055/1055
f 1041/1041/1041 1042/1042/1042 1054/1054/1054
f 1042/1042/1042 1056/1056/1056 1054/1054/1054
f 1042/1042/1042 981/981/981 1056/1056/1056
f 981/981/981 1157/1157/1157 1056/1056/1056
f 981/981/981 979/979/979 1157/1157/1157
f 1751/1751/1751 1664/1664/1664 1750/1750/1750
f 1751/1751/1751 1665/1665/1665 1664/1664/1664
f 1665/1665/1665 1619/1619/1619 1664/1664/1664
f 1665/1665/1665 1617/1617/1617 1619/1619/1619
f 1617/1617/1617 1618/1618/1618 1619/1619/1619
f 1617/1617/1617 1615/1615/1615 1618/1618/1618
f 1615/1615/1615 1713/1713/1713 1618/1618/1618
f 1615/1615/1615 1715/1715/1715 1713/1713/1713
f 679/679/679 561/561/561 671/671/671
f 679/679/679 556/556/556 561/561/561
f 556/556/556 560/560/560 561/561/561
f 556/556/556 554/554/554 560/560/560
f 554/554/554 559/559/559 560/560/560
f 554/554/554 557/557/557 559/559/559
f 557/557/557 674/674/674 559/559/559
f 557/557/557 677/677/677 674/674/674
f 193/193/193 117/117/117 191/191/191
f 193/193/193 115/115/115 117/117/117
f 115/115/115 116/116/116 117/117/117
f 115/115/115 113/113/113 116/116/116
f 45/45/45 46/46/46 47/47/47
f 45/45/45 44/44/44 46/46/46
f 44/44/44 204/204/204 46/46/46
f 44/44/44 207/207/207 204/204/204
f 1165/1165/1165 1058/1058/1058 1163/1163/1163
f 1165/1165/1165 1055/1055/1055 1058/1058/1058
f 1055/1055/1055 1057/1057/1057 1058/1058/1058
f 1055/1055/1055 1054/1054/1054 1057/1057/1057
f 1054/1054/1054 1059/1059/1059 1057/1057/1057
f 1054/1054/1054 1056/1056/1056 1059/1059/1059
f 1056/1056/1056 1155/1155/1155 1059/1059/1059
f 1056/1056/1056 1157/1157/1157 1155/1155/1155
f 1750/1750/1750 1662/1662/1662 1748/1748/1748
f 1750/1750/1750 1664/1664/1664 1662/1662/1662
f 1664/1664/1664 1621/1621/1621 1662/1662/1662
f 1664/1664/1664 1619/1619/1619 1621/1621/1621
f 1619/1619/1619 1620/1620/1620 1621/1621/1621
f 1619/1619/1619 1618/1618/1618 1620/1620/1620
f 1618/1618/1618 1711/1711/1711 1620/1620/1620
f 1618/1618/1618 1713/1713/1713 1711/1711/1711
f 671/671/671 569/569/569 667/667/667
f 671/671/671 561/561/561 569/569/569
f 561/561/561 568/568/568 569/569/569
f 561/561/561 560/560/560 568/568/568
f 560/560/560 570/570/570 568/568/568
f 560/560/560 559/559/559 570/570/570
f 559/559/559 664/664/664 570/570/570
f 559/559/559 674/674/674 664/664/664
f 191/191/191 119/119/119 189/189/189
f 191/191/191 117/117/117 119/119/119
f 117/117/117 118/118/118 119/119/119
f 117/117/117 116/116/116 118/118/118
f 47/47/47 48/48/48 49/49/49
f 47/47/47 46/46/46 48/48/48
f 46/46/46 202/202/202 48/48/48
f 46/46/46 204/204/204 202/202/202
f 1163/1163/1163 1069/1069/1069 1161/1161/1161
f 1163/1163/1163 1058/1058/1058 1069/1069/1069
f 1058/1058/1058 1068/1068/1068 1069/1069/1069
f 1058/1058/1058 1057/1057/1057 1068/1068/1068
f 1057/1057/1057 1070/1070/1070 1068/1068/1068
f 1057/1057/1057 1059/1059/1059 1070/1070/1070
f 1059/1059/1059 1154/1154/1154 1070/1070/1070
f 1059/1059/1059 1155/1155/1155 1154/1154/1154
f 1748/1748/1748 1663/1663/1663 1746/1746/1746
f 1748/1748/1748 1662/1662/1662 1663/1663/1663
f 1662/1662/1662 1623/1623/1623 1663/1663/1663
f 1662/1662/1662 1621/1621/1621 1623/1623/1623
f 1621/1621/1621 1622/1622/1622 1623/1623/1623
f 1621/1621/1621 1620/1620/1620 1622/1622/1622
f 1620/1620/1620 1709/1709/1709 1622/1622/1622
f 1620/1620/1620 1711/1711/1711 1709/1709/1709
f 667/667/667 573/573/573 654/654/654
f 667/667/667 569/569/569 573/573/573
f 569/569/569 572/572/572 573/573/573
f 569/569/569 568/568/568 572/572/572
f 568/568/568 571/571/571 572/572/572
f 568/568/568 570/570/570 571/571/571
f 570/570/570 653/653/653 571/571/571
f 570/570/570 664/664/664 653/653/653
f 189/189/189 121/121/121 187/187/187
f 189/189/189 119/119/119 121/121/121
f 119/119/119 120/120/120 121/121/121
f 119/119/119 118/118/118 120/120/120
f 49/49/49 50/50/50 51/51/51
f 49/49/49 48/48/48 50/50/50
f 48/48/48 200/200/200 50/50/50
f 48/48/48 202/202/202 200/200/200
f 1161/1161/1161 1074/1074/1074 1162/1162/1162
f 1161/1161/1161 1069/1069/1069 1074/1074/1074
f 1069/1069/1069 1073/1073/1073 1074/1074/1074
f 1069/1069/1069 1068/1068/1068 1073/1073/1073
f 1068/1068/1068 1075/1075/1075 1073/1073/1073
f 1068/1068/1068 1070/1070/1070 1075/1075/1075
f 1070/1070/1070 1153/1153/1153 1075/1075/1075
f 1070/1070/1070 1154/1154/1154 1153/1153/1153
f 1746/1746/1746 1667/1667/1667 1744/1744/1744
f 1746/1746/1746 1663/1663/1663 1667/1667/1667
f 1663/1663/1663 1625/1625/1625 1667/1667/1667
f 1663/1663/1663 1623/1623/1623 1625/1625/1625
f 1623/1623/1623 1624/1624/1624 1625/1625/1625
f 1623/1623/1623 1622/1622/1622 1624/1624/1624
f 1622/1622/1622 1707/1707/1707 1624/1624/1624
f 1622/1622/1622 1709/1709/1709 1707/1707/1707
f 654/654/654 581/581/581 655/655/655
f 654/654/654 573/573/573 581/581/581
f 573/573/573 580/580/580 581/581/581
f 573/573/573 572/572/572 580/580/580
f 572/572/572 582/582/582 580/580/580
f 572/572/572 571/571/571 582/582/582
f 571/571/571 652/652/652 582/582/582
f 571/571/571 653/653/653 652/652/652
f 187/187/187 123/123/123 185/185/185
f 187/187/187 121/121/121 123/123/123
f 121/121/121 122/122/122 123/123/123
f 121/121/121 120/120/120 122/122/122
f 51/51/51 52/52/52 53/53/53
f 51/51/51 50/50/50 52/52/52
f 50/50/50 198/198/198 52/52/52
f 50/50/50 200/200/200 198/198/198
f 1162/1162/1162 1083/1083/1083 1164/1164/1164
f 1162/1162/1162 1074/1074/1074 1083/1083/1083
f 1074/1074/1074 1082/1082/1082 1083/1083/1083
f 1074/1074/1074 1073/1073/1073 1082/1082/1082
f 1073/1073/1073 1084/1084/1084 1082/1082/1082
f 1073/1073/1073 1075/1075/1075 1084/1084/1084
f 1075/1075/1075 1156/1156/1156 1084/1084/1084
f 1075/1075/1075 1153/1153/1153 1156/1156/1156
f 1744/1744/1744 1668/1668/1668 1742/1742/1742
f 1744/1744/1744 1667/1667/1667 1668/1668/1668
f 1667/1667/1667 1627/1627/1627 1668/1668/1668
f 1667/1667/1667 1625/1625/1625 1627/1627/1627
f 1625/1625/1625 1626/1626/1626 1627/1627/1627
f 1625/1625/1625 1624/1624/1624 1626/1626/1626
f 1624/1624/1624 1705/1705/1705 1626/1626/1626
f 1624/1624/1624 1707/1707/1707 1705/1705/1705
f 655/655/655 585/585/585 665/665/665
f 655/655/655 581/581/581 585/585/585
f 581/581/581 584/584/584 585/585/585
f 581/581/581 580/580/580 584/584/584
f 580/580/580 583/583/583 584/584/584
f 580/580/580 582/582/582 583/583/583
f 582/582/582 662/662/662 583/583/583
f 582/582/582 652/652/652 662/662/662
f 185/185/185 125/125/125 183/183/183
f 185/185/185 123/123/123 125/125/125
f 123/123/123 124/124/124 125/125/125
f 123/123/123 122/122/122 124/124/124
f 53/53/53 54/54/54 55/55/55
f 53/53/53 52/52/52 54/54/54
f 52/52/52 163/163/163 54/54/54
f 52/52/52 198/198/198 163/163/163
f 1164/1164/1164 1086/1086/1086 1166/1166/1166
f 1164/1164/1164 1083/1083/1083 1086/1086/1086
f 1083/1083/1083 1085/1085/1085 1086/1086/1086
f 1083/1083/1083 1082/1082/1082 1085/1085/1085
f 1082/1082/1082 1087/1087/1087 1085/1085/1085
f 1082/1082/1082 1084/1084/1084 1087/1087/1087
f 1084/1084/1084 1158/1158/1158 1087/1087/1087
f 1084/1084/1084 1156/1156/1156 1158/1158/1158
f 1742/1742/1742 1669/1669/1669 1738/1738/1738
f 1742/1742/1742 1668/1668/1668 1669/1669/1669
f 1668/1668/1668 1629/1629/1629 1669/1669/1669
f 1668/1668/1668 1627/1627/1627 1629/1629/1629
f 1627/1627/1627 1628/1628/1628 1629/1629/1629
f 1627/1627/1627 1626/1626/1626 1628/1628/1628
f 1626/1626/1626 1703/1703/1703 1628/1628/1628
f 1626/1626/1626 1705/1705/1705 1703/1703/1703
f 665/665/665 593/593/593 669/669/669
f 665/665/665 585/585/585 593/593/593
f 585/585/585 592/592/592 593/593/593
f 585/585/585 584/584/584 592/592/592
f 584/584/584 594/594/594 592/592/592
f 584/584/584 583/583/583 594/594/594
f 583/583/583 668/668/668 594/594/594
f 583/583/583 662/662/662 668/668/668
f 183/183/183 127/127/127 181/181/181
f 183/183/183 125/125/125 127/127/127
f 125/125/125 126/126/126 127/127/127
f 125/125/125 124/124/124 126/126/126
f 55/55/55 56/56/56 57/57/57
f 55/55/55 54/54/54 56/56/56
f 54/54/54 161/161/161 56/56/56
f 54/54/54 163/163/163 161/161/161
f 1166/1166/1166 1095/1095/1095 1169/1169/1169
f 1166/1166/1166 1086/1086/1086 1095/1095/1095
f 1086/1086/1086 1094/1094/1094 1095/1095/1095
f 1086/1086/1086 1085/1085/1085 1094/1094/1094
f 1085/1085/1085 1096/1096/1096 1094/1094/1094
f 1085/1085/1085 1087/1087/1087 1096/1096/1096
f 1087/1087/1087 1159/1159/1159 1096/1096/1096
f 1087/1087/1087 1158/1158/1158 1159/1159/1159
f 1738/1738/1738 1670/1670/1670 1736/1736/1736
f 1738/1738/1738 1669/1669/1669 1670/1670/1670
f 1669/1669/1669 1631/1631/1631 1670/1670/1670
f 1669/1669/1669 1629/1629/1629 1631/1631/1631
f 1629/1629/1629 1630/1630/1630 1631/1631/1631
f 1629/1629/1629 1628/1628/1628 1630/1630/1630
f 1628/1628/1628 1701/1701/1701 1630/1630/1630
f 1628/1628/1628 1703/1703/1703 1701/1701/1701
f 669/669/669 597/597/597 687/687/687
f 669/669/669 593/593/593 597/597/597
f 593/593/593 596/596/596 597/597/597
f 593/593/593 592/592/592 596/596/596
f 592/592/592 595/595/595 596/596/596
f 592/592/592 594/594/594 595/595/595
f 594/594/594 683/683/683 595/595/595
f 594/594/594 668/668/668 683/683/683
f 181/181/181 129/129/129 179/179/179
f 181/181/181 127/127/127 129/129/129
f 127/127/127 128/128/128 129/129/129
f 127/127/127 126/126/126 128/128/128
f 57/57/57 58/58/58 59/59/59
f 57/57/57 56/56/56 58/58/58
f 56/56/56 159/159/159 58/58/58
f 56/56/56 161/161/161 159/159/159
f 1169/1169/1169 1098/1098/1098 1174/1174/1174
f 1169/1169/1169 1095/1095/1095 1098/1098/1098
f 1095/1095/1095 1097/1097/1097 1098/1098/1098
f 1095/1095/1095 1094/1094/1094 1097/1097/1097
f 1094/1094/1094 1099/1099/1099 1097/1097/1097
f 1094/1094/1094 1096/1096/1096 1099/1099/1099
f 1096/1096/1096 1173/1173/1173 1099/1099/1099
f 1096/1096/1096 1159/1159/1159 1173/1173/1173
f 1736/1736/1736 1671/1671/1671 1734/1734/1734
f 1736/1736/1736 1670/1670/1670 1671/1671/1671
f 1670/1670/1670 1633/1633/1633 1671/1671/1671
f 1670/1670/1670 1631/1631/1631 1633/1633/1633
f 1631/1631/1631 1632/1632/1632 1633/1633/1633
f 1631/1631/1631 1630/1630/1630 1632/1632/1632
f 1630/1630/1630 1700/1700/1700 1632/1632/1632
f 1630/1630/1630 1701/1701/1701 1700/1700/1700
f 687/687/687 605/605/605 709/709/709
f 687/687/687 597/597/597 605/605/605
f 597/597/597 604/604/604 605/605/605
f 597/597/597 596/596/596 604/604/604
f 596/596/596 606/606/606 604/604/604
f 596/596/596 595/595/595 606/606/606
f 595/595/595 708/708/708 606/606/606
f 595/595/595 683/683/683 708/708/708
f 179/179/179 131/131/131 177/177/177
f 179/179/179 129/129/129 131/131/131
f 129/129/129 130/130/130 131/131/131
f 129/129/129 128/128/128 130/130/130
f 59/59/59 60/60/60 61/61/61
f 59/59/59 58/58/58 60/60/60
f 58/58/58 157/157/157 60/60/60
f 58/58/58 159/159/159 157/157/157
f 1174/1174/1174 1107/1107/1107 1175/1175/1175
f 1174/1174/1174 1098/1098/1098 1107/1107/1107
f 1098/1098/1098 1106/1106/1106 1107/1107/1107
f 1098/1098/1098 1097/1097/1097 1106/1106/1106
f 1097/1097/1097 1108/1108/1108 1106/1106/1106
f 1097/1097/1097 1099/1099/1099 1108/1108/1108
f 1099/1099/1099 1177/1177/1177 1108/1108/1108
f 1099/1099/1099 1173/1173/1173 1177/1177/1177
f 1734/1734/1734 1672/1672/1672 1732/1732/1732
f 1734/1734/1734 1671/1671/1671 1672/1672/1672
f 1671/1671/1671 1635/1635/1635 1672/1672/1672
f 1671/1671/1671 1633/1633/1633 1635/1635/1635
f 1633/1633/1633 1634/1634/1634 1635/1635/1635
f 1633/1633/1633 1632/1632/1632 1634/1634/1634
f 1632/1632/1632 1699/1699/1699 1634/1634/1634
f 1632/1632/1632 1700/1700/1700 1699/1699/1699
f 709/709/709 608/608/608 721/721/721
f 709/709/709 605/605/605 608/608/608
f 605/605/605 607/607/607 608/608/608
f 605/605/605 604/604/604 607/607/607
f 604/604/604 609/609/609 607/607/607
f 604/604/604 606/606/606 609/609/609
f 606/606/606 719/719/719 609/609/609
f 606/606/606 708/708/708 719/719/719
f 177/177/177 133/133/133 175/175/175
f 177/177/177 131/131/131 133/133/133
f 131/131/131 132/132/132 133/133/133
f 131/131/131 130/130/130 132/132/132
f 61/61/61 62/62/62 63/63/63
f 61/61/61 60/60/60 62/62/62
f 60/60/60 155/155/155 62/62/62
f 60/60/60 157/157/157 155/155/155
f 1175/1175/1175 1110/1110/1110 1188/1188/1188
f 1175/1175/1175 1107/1107/1107 1110/1110/1110
f 1107/1107/1107 1109/1109/1109 1110/1110/1110
f 1107/1107/1107 1106/1106/1106 1109/1109/1109
f 1106/1106/1106 1111/1111/1111 1109/1109/1109
f 1106/1106/1106 1108/1108/1108 1111/1111/1111
f 1108/1108/1108 1187/1187/1187 1111/1111/1111
f 1108/1108/1108 1177/1177/1177 1187/1187/1187
f 1732/1732/1732 1673/1673/1673 1730/1730/1730
f 1732/1732/1732 1672/1672/1672 1673/1673/1673
f 1672/1672/1672 1637/1637/1637 1673/1673/1673
f 1672/1672/1672 1635/1635/1635 1637/1637/1637
f 1635/1635/1635 1636/1636/1636 1637/1637/1637
f 1635/1635/1635 1634/1634/1634 1636/1636/1636
f 1634/1634/1634 1697/1697/1697 1636/1636/1636
f 1634/1634/1634 1699/1699/1699 1697/1697/1697
f 721/721/721 616/616/616 723/723/723
f 721/721/721 608/608/608 616/616/616
f 608/608/608 615/615/615 616/616/616
f 608/608/608 607/607/607 615/615/615
f 607/607/607 617/617/617 615/615/615
f 607/607/607 609/609/609 617/617/617
f 609/609/609 722/722/722 617/617/617
f 609/609/609 719/719/719 722/722/722
f 175/175/175 135/135/135 173/173/173
f 175/175/175 133/133/133 135/135/135
f 133/133/133 134/134/134 135/135/135
f 133/133/133 132/132/132 134/134/134
f 63/63/63 64/64/64 65/65/65
f 63/63/63 62/62/62 64/64/64
f 62/62/62 153/153/153 64/64/64
f 62/62/62 155/155/155 153/153/153
f 1188/1188/1188 1119/1119/1119 1189/1189/1189
f 1188/1188/1188 1110/1110/1110 1119/1119/1119
f 1110/1110/1110 1118/1118/1118 1119/1119/1119
f 1110/1110/1110 1109/1109/1109 1118/1118/1118
f 1109/1109/1109 1120/1120/1120 1118/1118/1118
f 1109/1109/1109 1111/1111/1111 1120/1120/1120
f 1111/1111/1111 1190/1190/1190 1120/1120/1120
f 1111/1111/1111 1187/1187/1187 1190/1190/1190
f 1730/1730/1730 1674/1674/1674 1728/1728/1728
f 1730/1730/1730 1673/1673/1673 1674/1674/1674
f 1673/1673/1673 1639/1639/1639 1674/1674/1674
f 1673/1673/1673 1637/1637/1637 1639/1639/1639
f 1637/1637/1637 1638/1638/1638 1639/1639/1639
f 1637/1637/1637 1636/1636/1636 1638/1638/1638
f 1636/1636/1636 1695/1695/1695 1638/1638/1638
f 1636/1636/1636 1697/1697/1697 1695/1695/1695
f 723/723/723 620/620/620 735/735/735
f 723/723/723 616/616/616 620/620/620
f 616/616/616 619/619/619 620/620/620
f 616/616/616 615/615/615 619/619/619
f 615/615/615 621/621/621 619/619/619
f 615/615/615 617/617/617 621/621/621
f 617/617/617 733/733/733 621/621/621
f 617/617/617 722/722/722 733/733/733
f 173/173/173 137/137/137 171/171/171
f 173/173/173 135/135/135 137/137/137
f 135/135/135 136/136/136 137/137/137
f 135/135/135 134/134/134 136/136/136
f 65/65/65 66/66/66 1/1/1
f 65/65/65 64/64/64 66/66/66
f 64/64/64 151/151/151 66/66/66
f 64/64/64 153/153/153 151/151/151
f 1189/1189/1189 1122/1122/1122 1201/1201/1201
f 1189/1189/1189 1119/1119/1119 1122/1122/1122
f 1119/1119/1119 1121/1121/1121 1122/1122/1122
f 1119/1119/1119 1118/1118/1118 1121/1121/1121
f 1118/1118/1118 1123/1123/1123 1121/1121/1121
f 1118/1118/1118 1120/1120/1120 1123/1123/1123
f 1120/1120/1120 1202/1202/1202 1123/1123/1123
f 1120/1120/1120 1190/1190/1190 1202/1202/1202
f 1728/1728/1728 1675/1675/1675 1726/1726/1726
f 1728/1728/1728 1674/1674/1674 1675/1675/1675
f 1674/1674/1674 1574/1574/1574 1675/1675/1675
f 1674/1674/1674 1639/1639/1639 1574/1574/1574
f 1639/1639/1639 1576/1576/1576 1574/1574/1574
f 1639/1639/1639 1638/1638/1638 1576/1576/1576
f 1638/1638/1638 1693/1693/1693 1576/1576/1576
f 1638/1638/1638 1695/1695/1695 1693/1693/1693
f 735/735/735 634/634/634 738/738/738
f 735/735/735 620/620/620 634/634/634
f 620/620/620 633/633/633 634/634/634
f 620/620/620 619/619/619 633/633/633
f 619/619/619 635/635/635 633/633/633
f 619/619/619 621/621/621 635/635/635
f 621/621/621 736/736/736 635/635/635
f 621/621/621 733/733/733 736/736/736
f 171/171/171 139/139/139 169/169/169
f 171/171/171 137/137/137 139/139/139
f 137/137/137 138/138/138 139/139/139
f 137/137/137 136/136/136 138/138/138
f 1/1/1 3/3/3 2/2/2
f 1/1/1 66/66/66 3/3/3
f 66/66/66 149/149/149 3/3/3
f 66/66/66 151/151/151 149/149/149
f 1201/1201/1201 1131/1131/1131 1211/1211/1211
f 1201/1201/1201 1122/1122/1122 1131/1131/1131
f 1122/1122/1122 1130/1130/1130 1131/1131/1131
f 1122/1122/1122 1121/1121/1121 1130/1130/1130
f 1121/1121/1121 1132/1132/1132 1130/1130/1130
f 1121/1121/1121 1123/1123/1123 1132/1132/1132
f 1123/1123/1123 1209/1209/1209 1132/1132/1132
f 1123/1123/1123 1202/1202/1202 1209/1209/1209
f 1726/1726/1726 1676/1676/1676 1724/1724/1724
f 1726/1726/1726 1675/1675/1675 1676/1676/1676
f 1675/1675/1675 1577/1577/1577 1676/1676/1676
f 1675/1675/1675 1574/1574/1574 1577/1577/1577
f 1574/1574/1574 1575/1575/1575 1577/1577/1577
f 1574/1574/1574 1576/1576/1576 1575/1575/1575
f 1576/1576/1576 1691/1691/1691 1575/1575/1575
f 1576/1576/1576 1693/1693/1693 1691/1691/1691
f 738/738/738 643/643/643 748/748/748
f 738/738/738 634/634/634 643/643/643
f 634/634/634 639/639/639 643/643/643
f 634/634/634 633/633/633 639/639/639
f 633/633/633 638/638/638 639/639/639
f 633/633/633 635/635/635 638/638/638
f 635/635/635 749/749/749 638/638/638
f 635/635/635 736/736/736 749/749/749
f 169/169/169 141/141/141 167/167/167
f 169/169/169 139/139/139 141/141/141
f 139/139/139 140/140/140 141/141/141
f 139/139/139 138/138/138 140/140/140
f 2/2/2 4/4/4 5/5/5
f 2/2/2 3/3/3 4/4/4
f 3/3/3 147/147/147 4/4/4
f 3/3/3 149/149/149 147/147/147
f 1211/1211/1211 1134/1134/1134 1215/1215/1215
f 1211/1211/1211 1131/1131/1131 1134/1134/1134
f 1131/1131/1131 1133/1133/1133 1134/1134/1134
f 1131/1131/1131 1130/1130/1130 1133/1133/1133
f 1130/1130/1130 1135/1135/1135 1133/1133/1133
f 1130/1130/1130 1132/1132/1132 1135/1135/1135
f 1132/1132/1132 1216/1216/1216 1135/1135/1135
f 1132/1132/1132 1209/1209/1209 1216/1216/1216
f 1724/1724/1724 1644/1644/1644 1721/1721/1721
f 1724/1724/1724 1676/1676/1676 1644/1644/1644
f 1676/1676/1676 1579/1579/1579 1644/1644/1644
f 1676/1676/1676 1577/1577/1577 1579/1579/1579
f 1577/1577/1577 1578/1578/1578 1579/1579/1579
f 1577/1577/1577 1575/1575/1575 1578/1578/1578
f 1575/1575/1575 1689/1689/1689 1578/1578/1578
f 1575/1575/1575 1691/1691/1691 1689/1689/1689
f 748/748/748 650/650/650 750/750/750
f 748/748/748 643/643/643 650/650/650
f 643/643/643 649/649/649 650/650/650
f 643/643/643 639/639/639 649/649/649
f 639/639/639 651/651/651 649/649/649
f 639/639/639 638/638/638 651/651/651
f 638/638/638 751/751/751 651/651/651
f 638/638/638 749/749/749 751/751/751
f 167/167/167 76/76/76 164/164/164
f 167/167/167 141/141/141 76/76/76
f 141/141/141 78/78/78 76/76/76
f 141/141/141 140/140/140 78/78/78
f 5/5/5 6/6/6 7/7/7
f 5/5/5 4/4/4 6/6/6
f 4/4/4 146/146/146 6/6/6
f 4/4/4 147/147/147 146/146/146
f 1215/1215/1215 1183/1183/1183 1225/1225/1225
f 1215/1215/1215 1134/1134/1134 1183/1183/1183
f 1134/1134/1134 1182/1182/1182 1183/1183/1183
f 1134/1134/1134 1133/1133/1133 1182/1182/1182
f 1133/1133/1133 1184/1184/1184 1182/1182/1182
f 1133/1133/1133 1135/1135/1135 1184/1184/1184
f 1135/1135/1135 1223/1223/1223 1184/1184/1184
f 1135/1135/1135 1216/1216/1216 1223/1223/1223
f 1721/1721/1721 1645/1645/1645 1722/1722/1722
f 1721/1721/1721 1644/1644/1644 1645/1645/1645
f 1644/1644/1644 1581/1581/1581 1645/1645/1645
f 1644/1644/1644 1579/1579/1579 1581/1581/1581
f 1579/1579/1579 1580/1580/1580 1581/1581/1581
f 1579/1579/1579 1578/1578/1578 1580/1580/1580
f 1578/1578/1578 1688/1688/1688 1580/1580/1580
f 1578/1578/1578 1689/1689/1689 1688/1688/1688
f 750/750/750 717/717/717 761/761/761
f 750/750/750 650/650/650 717/717/717
f 650/650/650 713/713/713 717/717/717
f 650/650/650 649/649/649 713/713/713
f 649/649/649 712/712/712 713/713/713
f 649/649/649 651/651/651 712/712/712
f 651/651/651 763/763/763 712/712/712
f 651/651/651 751/751/751 763/763/763
f 164/164/164 79/79/79 165/165/165
f 164/164/164 76/76/76 79/79/79
f 76/76/76 77/77/77 79/79/79
f 76/76/76 78/78/78 77/77/77
f 7/7/7 8/8/8 9/9/9
f 7/7/7 6/6/6 8/8/8
f 6/6/6 145/145/145 8/8/8
f 6/6/6 146/146/146 145/145/145
f 1225/1225/1225 1195/1195/1195 1235/1235/1235
f 1225/1225/1225 1183/1183/1183 1195/1195/1195
f 1183/1183/1183 1194/1194/1194 1195/1195/1195
f 1183/1183/1183 1182/1182/1182 1194/1194/1194
f 1182/1182/1182 1193/1193/1193 1194/1194/1194
f 1182/1182/1182 1184/1184/1184 1193/1193/1193
f 1184/1184/1184 1236/1236/1236 1193/1193/1193
f 1184/1184/1184 1223/1223/1223 1236/1236/1236
f 1722/1722/1722 1646/1646/1646 1723/1723/1723
f 1722/1722/1722 1645/1645/1645 1646/1646/1646
f 1645/1645/1645 1583/1583/1583 1646/1646/1646
f 1645/1645/1645 1581/1581/1581 1583/1583/1583
f 1581/1581/1581 1582/1582/1582 1583/1583/1583
f 1581/1581/1581 1580/1580/1580 1582/1582/1582
f 1580/1580/1580 1687/1687/1687 1582/1582/1582
f 1580/1580/1580 1688/1688/1688 1687/1687/1687
f 761/761/761 730/730/730 780/780/780
f 761/761/761 717/717/717 730/730/730
f 717/717/717 729/729/729 730/730/730
f 717/717/717 713/713/713 729/729/729
f 713/713/713 731/731/731 729/729/729
f 713/713/713 712/712/712 731/731/731
f 712/712/712 781/781/781 731/731/731
f 712/712/712 763/763/763 781/781/781
f 165/165/165 81/81/81 166/166/166
f 165/165/165 79/79/79 81/81/81
f 79/79/79 80/80/80 81/81/81
f 79/79/79 77/77/77 80/80/80
f 9/9/9 10/10/10 11/11/11
f 9/9/9 8/8/8 10/10/10
f 8/8/8 148/148/148 10/10/10
f 8/8/8 145/145/145 148/148/148
f 1235/1235/1235 1207/1207/1207 1245/1245/1245
f 1235/1235/1235 1195/1195/1195 1207/1207/1207
f 1195/1195/1195 1206/1206/1206 1207/1207/1207
f 1195/1195/1195 1194/1194/1194 1206/1206/1206
f 1194/1194/1194 1208/1208/1208 1206/1206/1206
f 1194/1194/1194 1193/1193/1193 1208/1208/1208
f 1193/1193/1193 1243/1243/1243 1208/1208/1208
f 1193/1193/1193 1236/1236/1236 1243/1243/1243
f 1723/1723/1723 1647/1647/1647 1725/1725/1725
f 1723/1723/1723 1646/1646/1646 1647/1647/1647
f 1646/1646/1646 1585/1585/1585 1647/1647/1647
f 1646/1646/1646 1583/1583/1583 1585/1585/1585
f 1583/1583/1583 1584/1584/1584 1585/1585/1585
f 1583/1583/1583 1582/1582/1582 1584/1584/1584
f 1582/1582/1582 1690/1690/1690 1584/1584/1584
f 1582/1582/1582 1687/1687/1687 1690/1690/1690
f 780/780/780 745/745/745 795/795/795
f 780/780/780 730/730/730 745/745/745
f 730/730/730 741/741/741 745/745/745
f 730/730/730 729/729/729 741/741/741
f 729/729/729 740/740/740 741/741/741
f 729/729/729 731/731/731 740/740/740
f 731/731/731 797/797/797 740/740/740
f 731/731/731 781/781/781 797/797/797
f 166/166/166 83/83/83 168/168/168
f 166/166/166 81/81/81 83/83/83
f 81/81/81 82/82/82 83/83/83
f 81/81/81 80/80/80 82/82/82
f 11/11/11 12/12/12 13/13/13
f 11/11/11 10/10/10 12/12/12
f 10/10/10 150/150/150 12/12/12
f 10/10/10 148/148/148 150/150/150
f 1245/1245/1245 1219/1219/1219 1255/1255/1255
f 1245/1245/1245 1207/1207/1207 1219/1219/1219
f 1207/1207/1207 1218/1218/1218 1219/1219/1219
f 1207/1207/1207 1206/1206/1206 1218/1218/1218
f 1206/1206/1206 1217/1217/1217 1218/1218/1218
f 1206/1206/1206 1208/1208/1208 1217/1217/1217
f 1208/1208/1208 1256/1256/1256 1217/1217/1217
f 1208/1208/1208 1243/1243/1243 1256/1256/1256
f 1725/1725/1725 1648/1648/1648 1727/1727/1727
f 1725/1725/1725 1647/1647/1647 1648/1648/1648
f 1647/1647/1647 1587/1587/1587 1648/1648/1648
f 1647/1647/1647 1585/1585/1585 1587/1587/1587
f 1585/1585/1585 1586/1586/1586 1587/1587/1587
f 1585/1585/1585 1584/1584/1584 1586/1586/1586
f 1584/1584/1584 1692/1692/1692 1586/1586/1586
f 1584/1584/1584 1690/1690/1690 1692/1692/1692
f 795/795/795 755/755/755 798/798/798
f 795/795/795 745/745/745 755/755/755
f 745/745/745 754/754/754 755/755/755
f 745/745/745 741/741/741 754/754/754
f 741/741/741 756/756/756 754/754/754
f 741/741/741 740/740/740 756/756/756
f 740/740/740 807/807/807 756/756/756
f 740/740/740 797/797/797 807/807/807
f 168/168/168 85/85/85 170/170/170
f 168/168/168 83/83/83 85/85/85
f 83/83/83 84/84/84 85/85/85
f 83/83/83 82/82/82 84/84/84
f 13/13/13 14/14/14 15/15/15
f 13/13/13 12/12/12 14/14/14
f 12/12/12 152/152/152 14/14/14
f 12/12/12 150/150/150 152/152/152
f 1255/1255/1255 1231/1231/1231 1265/1265/1265
f 1255/1255/1255 1219/1219/1219 1231/1231/1231
f 1219/1219/1219 1230/1230/1230 1231/1231/1231
f 1219/1219/1219 1218/1218/1218 1230/1230/1230
f 1218/1218/1218 1232/1232/1232 1230/1230/1230
f 1218/1218/1218 1217/1217/1217 1232/1232/1232
f 1217/1217/1217 1263/1263/1263 1232/1232/1232
f 1217/1217/1217 1256/1256/1256 1263/1263/1263
f 1727/1727/1727 1649/1649/1649 1729/1729/1729
f 1727/1727/1727 1648/1648/1648 1649/1649/1649
f 1648/1648/1648 1589/1589/1589 1649/1649/1649
f 1648/1648/1648 1587/1587/1587 1589/1589/1589
f 1587/1587/1587 1588/1588/1588 1589/1589/1589
f 1587/1587/1587 1586/1586/1586 1588/1588/1588
f 1586/1586/1586 1694/1694/1694 1588/1588/1588
f 1586/1586/1586 1692/1692/1692 1694/1694/1694
f 798/798/798 769/769/769 809/809/809
f 798/798/798 755/755/755 769/769/769
f 755/755/755 768/768/768 769/769/769
f 755/755/755 754/754/754 768/768/768
f 754/754/754 770/770/770 768/768/768
f 754/754/754 756/756/756 770/770/770
f 756/756/756 811/811/811 770/770/770
f 756/756/756 807/807/807 811/811/811
f 170/170/170 87/87/87 172/172/172
f 170/170/170 85/85/85 87/87/87
f 85/85/85 86/86/86 87/87/87
f 85/85/85 84/84/84 86/86/86
f 15/15/15 16/16/16 17/17/17
f 15/15/15 14/14/14 16/16/16
f 14/14/14 154/154/154 16/16/16
f 14/14/14 152/152/152 154/154/154
f 1265/1265/1265 1239/1239/1239 1275/1275/1275
f 1265/1265/1265 1231/1231/1231 1239/1239/1239
f 1231/1231/1231 1238/1238/1238 1239/1239/1239
f 1231/1231/1231 1230/1230/1230 1238/1238/1238
f 1230/1230/1230 1237/1237/1237 1238/1238/1238
f 1230/1230/1230 1232/1232/1232 1237/1237/1237
f 1232/1232/1232 1276/1276/1276 1237/1237/1237
f 1232/1232/1232 1263/1263/1263 1276/1276/1276
f 1729/1729/1729 1650/1650/1650 1731/1731/1731
f 1729/1729/1729 1649/1649/1649 1650/1650/1650
f 1649/1649/1649 1591/1591/1591 1650/1650/1650
f 1649/1649/1649 1589/1589/1589 1591/1591/1591
f 1589/1589/1589 1590/1590/1590 1591/1591/1591
f 1589/1589/1589 1588/1588/1588 1590/1590/1590
f 1588/1588/1588 1696/1696/1696 1590/1590/1590
f 1588/1588/1588 1694/1694/1694 1696/1696/1696
f 809/809/809 787/787/787 818/818/818
f 809/809/809 769/769/769 787/787/787
f 769/769/769 786/786/786 787/787/787
f 769/769/769 768/768/768 786/786/786
f 768/768/768 788/788/788 786/786/786
f 768/768/768 770/770/770 788/788/788
f 770/770/770 821/821/821 788/788/788
f 770/770/770 811/811/811 821/821/821
f 172/172/172 89/89/89 174/174/174
f 172/172/172 87/87/87 89/89/89
f 87/87/87 88/88/88 89/89/89
f 87/87/87 86/86/86 88/88/88
f 17/17/17 18/18/18 19/19/19
f 17/17/17 16/16/16 18/18/18
f 16/16/16 156/156/156 18/18/18
f 16/16/16 154/154/154 156/156/156
f 1275/1275/1275 1261/1261/1261 1281/1281/1281
f 1275/1275/1275 1239/1239/1239 1261/1261/1261
f 1239/1239/1239 1260/1260/1260 1261/1261/1261
f 1239/1239/1239 1238/1238/1238 1260/1260/1260
f 1238/1238/1238 1262/1262/1262 1260/1260/1260
f 1238/1238/1238 1237/1237/1237 1262/1262/1262
f 1237/1237/1237 1282/1282/1282 1262/1262/1262
f 1237/1237/1237 1276/1276/1276 1282/1282/1282
f 1731/1731/1731 1651/1651/1651 1733/1733/1733
f 1731/1731/1731 1650/1650/1650 1651/1651/1651
f 1650/1650/1650 1593/1593/1593 1651/1651/1651
f 1650/1650/1650 1591/1591/1591 1593/1593/1593
f 1591/1591/1591 1592/1592/1592 1593/1593/1593
f 1591/1591/1591 1590/1590/1590 1592/1592/1592
f 1590/1590/1590 1698/1698/1698 1592/1592/1592
f 1590/1590/1590 1696/1696/1696 1698/1698/1698
f 818/818/818 804/804/804 827/827/827
f 818/818/818 787/787/787 804/804/804
f 787/787/787 803/803/803 804/804/804
f 787/787/787 786/786/786 803/803/803
f 786/786/786 805/805/805 803/803/803
f 786/786/786 788/788/788 805/805/805
f 788/788/788 828/828/828 805/805/805
f 788/788/788 821/821/821 828/828/828
f 174/174/174 91/91/91 176/176/176
f 174/174/174 89/89/89 91/91/91
f 89/89/89 90/90/90 91/91/91
f 89/89/89 88/88/88 90/90/90
f 19/19/19 20/20/20 21/21/21
f 19/19/19 18/18/18 20/20/20
f 18/18/18 158/158/158 20/20/20
f 18/18/18 156/156/156 158/158/158
f 1281/1281/1281 1269/1269/1269 1290/1290/1290
f 1281/1281/1281 1261/1261/1261 1269/1269/1269
f 1261/1261/1261 1268/1268/1268 1269/1269/1269
f 1261/1261/1261 1260/1260/1260 1268/1268/1268
f 1260/1260/1260 1267/1267/1267 1268/1268/1268
f 1260/1260/1260 1262/1262/1262 1267/1267/1267
f 1338/1338/1338 1327/1327/1327 1325/1325/1325
f 1338/1338/1338 1339/1339/1339 1327/1327/1327
f 1733/1733/1733 1652/1652/1652 1735/1735/1735
f 1733/1733/1733 1651/1651/1651 1652/1652/1652
f 1651/1651/1651 1595/1595/1595 1652/1652/1652
f 1651/1651/1651 1593/1593/1593 1595/1595/1595
f 1593/1593/1593 1594/1594/1594 1595/1595/1595
f 1593/1593/1593 1592/1592/1592 1594/1594/1594
f 1592/1592/1592 1572/1572/1572 1594/1594/1594
f 1592/1592/1592 1698/1698/1698 1572/1572/1572
f 827/827/827 813/813/813 834/834/834
f 827/827/827 804/804/804 813/813/813
f 804/804/804 812/812/812 813/813/813
f 804/804/804 803/803/803 812/812/812
f 803/803/803 814/814/814 812/812/812
f 803/803/803 805/805/805 814/814/814
f 805/805/805 837/837/837 814/814/814
f 805/805/805 828/828/828 837/837/837
f 176/176/176 93/93/93 178/178/178
f 176/176/176 91/91/91 93/93/93
f 91/91/91 92/92/92 93/93/93
f 91/91/91 90/90/90 92/92/92
f 21/21/21 22/22/22 23/23/23
f 21/21/21 20/20/20 22/22/22
f 20/20/20 160/160/160 22/22/22
f 20/20/20 158/158/158 160/160/160
f 1290/1290/1290 1280/1280/1280 1295/1295/1295
f 1290/1290/1290 1269/1269/1269 1280/1280/1280
f 1269/1269/1269 1279/1279/1279 1280/1280/1280
f 1269/1269/1269 1268/1268/1268 1279/1279/1279
f 1324/1324/1324 1323/1323/1323 1322/1322/1322
f 1324/1324/1324 1325/1325/1325 1323/1323/1323
f 1325/1325/1325 1326/1326/1326 1323/1323/1323
f 1325/1325/1325 1327/1327/1327 1326/1326/1326
f 1735/1735/1735 1653/1653/1653 1737/1737/1737
f 1735/1735/1735 1652/1652/1652 1653/1653/1653
f 1652/1652/1652 1597/1597/1597 1653/1653/1653
f 1652/1652/1652 1595/1595/1595 1597/1597/1597
f 1595/1595/1595 1596/1596/1596 1597/1597/1597
f 1595/1595/1595 1594/1594/1594 1596/1596/1596
f 1594/1594/1594 1573/1573/1573 1596/1596/1596
f 1594/1594/1594 1572/1572/1572 1573/1573/1573
f 1572/1572/1572 1568/1568/1568 1573/1573/1573
f 1572/1572/1572 1570/1570/1570 1568/1568/1568
f 1570/1570/1570 1569/1569/1569 1568/1568/1568
f 1570/1570/1570 1571/1571/1571 1569/1569/1569
f 812/812/812 824/824/824 825/825/825
f 812/812/812 814/814/814 824/824/824
f 814/814/814 842/842/842 824/824/824
f 814/814/814 837/837/837 842/842/842
f 178/178/178 95/95/95 180/180/180
f 178/178/178 93/93/93 95/95/95
f 93/93/93 94/94/94 95/95/95
f 93/93/93 92/92/92 94/94/94
f 23/23/23 24/24/24 25/25/25
f 23/23/23 22/22/22 24/24/24
f 22/22/22 162/162/162 24/24/24
f 22/22/22 160/160/160 162/162/162
f 1295/1295/1295 1286/1286/1286 1302/1302/1302
f 1295/1295/1295 1280/1280/1280 1286/1286/1286
f 1280/1280/1280 1285/1285/1285 1286/1286/1286
f 1280/1280/1280 1279/1279/1279 1285/1285/1285
f 1322/1322/1322 1321/1321/1321 1320/1320/1320
f 1322/1322/1322 1323/1323/1323 1321/1321/1321
f 1323/1323/1323 1328/1328/1328 1321/1321/1321
f 1323/1323/1323 1326/1326/1326 1328/1328/1328
f 1737/1737/1737 1654/1654/1654 1741/1741/1741
f 1737/1737/1737 1653/1653/1653 1654/1654/1654
f 1653/1653/1653 1599/1599/1599 1654/1654/1654
f 1653/1653/1653 1597/1597/1597 1599/1599/1599
f 1597/1597/1597 1598/1598/1598 1599/1599/1599
f 1597/1597/1597 1596/1596/1596 1598/1598/1598
f 1596/1596/1596 1702/1702/1702 1598/1598/1598
f 1596/1596/1596 1573/1573/1573 1702/1702/1702
f 1573/1573/1573 1566/1566/1566 1702/1702/1702
f 1573/1573/1573 1568/1568/1568 1566/1566/1566
f 1568/1568/1568 1567/1567/1567 1566/1566/1566
f 1568/1568/1568 1569/1569/1569 1567/1567/1567
f 825/825/825 830/830/830 831/831/831
f 825/825/825 824/824/824 830/830/830
f 824/824/824 849/849/849 830/830/830
f 824/824/824 842/842/842 849/849/849
f 180/180/180 97/97/97 182/182/182
f 180/180/180 95/95/95 97/97/97
f 95/95/95 96/96/96 97/97/97
f 95/95/95 94/94/94 96/96/96
f 25/25/25 26/26/26 27/27/27
f 25/25/25 24/24/24 26/26/26
f 24/24/24 197/197/197 26/26/26
f 24/24/24 162/162/162 197/197/197
f 1302/1302/1302 1294/1294/1294 1303/1303/1303
f 1302/1302/1302 1286/1286/1286 1294/1294/1294
f 1286/1286/1286 1293/1293/1293 1294/1294/1294
f 1286/1286/1286 1285/1285/1285 1293/1293/1293
f 1320/1320/1320 1319/1319/1319 1318/1318/1318
f 1320/1320/1320 1321/1321/1321 1319/1319/1319
f 1321/1321/1321 1329/1329/1329 1319/1319/1319
f 1321/1321/1321 1328/1328/1328 1329/1329/1329
f 1741/1741/1741 1655/1655/1655 1743/1743/1743
f 1741/1741/1741 1654/1654/1654 1655/1655/1655
f 1654/1654/1654 1601/1601/1601 1655/1655/1655
f 1654/1654/1654 1599/1599/1599 1601/1601/1601
f 1599/1599/1599 1600/1600/1600 1601/1601/1601
f 1599/1599/1599 1598/1598/1598 1600/1600/1600
f 1598/1598/1598 1704/1704/1704 1600/1600/1600
f 1598/1598/1598 1702/1702/1702 1704/1704/1704
f 1702/1702/1702 1564/1564/1564 1704/1704/1704
f 1702/1702/1702 1566/1566/1566 1564/1564/1564
f 1566/1566/1566 1565/1565/1565 1564/1564/1564
f 1566/1566/1566 1567/1567/1567 1565/1565/1565
f 831/831/831 840/840/840 841/841/841
f 831/831/831 830/830/830 840/840/840
f 830/830/830 852/852/852 840/840/840
f 830/830/830 849/849/849 852/852/852
f 182/182/182 99/99/99 184/184/184
f 182/182/182 97/97/97 99/99/99
f 97/97/97 98/98/98 99/99/99
f 97/97/97 96/96/96 98/98/98
f 27/27/27 28/28/28 29/29/29
f 27/27/27 26/26/26 28/28/28
f 26/26/26 199/199/199 28/28/28
f 26/26/26 197/197/197 199/199/199
f 197/197/197 223/223/223 199/199/199
f 197/197/197 224/224/224 223/223/223
f 1294/1294/1294 1297/1297/1297 1298/1298/1298
f 1294/1294/1294 1293/1293/1293 1297/1297/1297
f 1318/1318/1318 1317/1317/1317 1316/1316/1316
f 1318/1318/1318 1319/1319/1319 1317/1317/1317
f 1319/1319/1319 1330/1330/1330 1317/1317/1317
f 1319/1319/1319 1329/1329/1329 1330/1330/1330
f 1743/1743/1743 1656/1656/1656 1745/1745/1745
f 1743/1743/1743 1655/1655/1655 1656/1656/1656
f 1655/1655/1655 1603/1603/1603 1656/1656/1656
f 1655/1655/1655 1601/1601/1601 1603/1603/1603
f 1601/1601/1601 1602/1602/1602 1603/1603/1603
f 1601/1601/1601 1600/1600/1600 1602/1602/1602
f 1600/1600/1600 1706/1706/1706 1602/1602/1602
f 1600/1600/1600 1704/1704/1704 1706/1706/1706
f 1704/1704/1704 1562/1562/1562 1706/1706/1706
f 1704/1704/1704 1564/1564/1564 1562/1562/1562
f 1564/1564/1564 1563/1563/1563 1562/1562/1562
f 1564/1564/1564 1565/1565/1565 1563/1563/1563
f 841/841/841 844/844/844 845/845/845
f 841/841/841 840/840/840 844/844/844
f 230/230/230 186/186/186 231/231/231
f 230/230/230 184/184/184 186/186/186
f 184/184/184 101/101/101 186/186/186
f 184/184/184 99/99/99 101/101/101
f 99/99/99 100/100/100 101/101/101
f 99/99/99 98/98/98 100/100/100
f 29/29/29 30/30/30 31/31/31
f 29/29/29 28/28/28 30/30/30
f 28/28/28 201/201/201 30/30/30
f 28/28/28 199/199/199 201/201/201
f 199/199/199 225/225/225 201/201/201
f 199/199/199 223/223/223 225/225/225
f 1333/1333/1333 1314/1314/1314 1334/1334/1334
f 1333/1333/1333 1316/1316/1316 1314/1314/1314
f 1316/1316/1316 1315/1315/1315 1314/1314/1314
f 1316/1316/1316 1317/1317/1317 1315/1315/1315
f 1317/1317/1317 1331/1331/1331 1315/1315/1315
f 1317/1317/1317 1330/1330/1330 1331/1331/1331
f 1745/1745/1745 1657/1657/1657 1747/1747/1747
f 1745/1745/1745 1656/1656/1656 1657/1657/1657
f 1656/1656/1656 1605/1605/1605 1657/1657/1657
f 1656/1656/1656 1603/1603/1603 1605/1605/1605
f 1603/1603/1603 1604/1604/1604 1605/1605/1605
f 1603/1603/1603 1602/1602/1602 1604/1604/1604
f 1602/1602/1602 1708/1708/1708 1604/1604/1604
f 1602/1602/1602 1706/1706/1706 1708/1708/1708
f 1706/1706/1706 1560/1560/1560 1708/1708/1708
f 1706/1706/1706 1562/1562/1562 1560/1560/1560
f 1562/1562/1562 1561/1561/1561 1560/1560/1560
f 1562/1562/1562 1563/1563/1563 1561/1561/1561
f 845/845/845 850/850/850 851/851/851
f 845/845/845 844/844/844 850/850/850
f 231/231/231 188/188/188 232/232/232
f 231/231/231 186/186/186 188/188/188
f 186/186/186 103/103/103 188/188/188
f 186/186/186 101/101/101 103/103/103
f 101/101/101 102/102/102 103/103/103
f 101/101/101 100/100/100 102/102/102
f 31/31/31 32/32/32 33/33/33
f 31/31/31 30/30/30 32/32/32
f 30/30/30 203/203/203 32/32/32
f 30/30/30 201/201/201 203/203/203
f 201/201/201 226/226/226 203/203/203
f 201/201/201 225/225/225 226/226/226
f 1844/1844/1844 1843/1843/1843 1842/1842/1842
f 1844/1844/1844 1845/1845/1845 1843/1843/1843
f 1314/1314/1314 1313/1313/1313 1312/1312/1312
f 1314/1314/1314 1315/1315/1315 1313/1313/1313
f 1315/1315/1315 1332/1332/1332 1313/1313/1313
f 1315/1315/1315 1331/1331/1331 1332/1332/1332
f 1747/1747/1747 1658/1658/1658 1749/1749/1749
f 1747/1747/1747 1657/1657/1657 1658/1658/1658
f 1657/1657/1657 1607/1607/1607 1658/1658/1658
f 1657/1657/1657 1605/1605/1605 1607/1607/1607
f 1605/1605/1605 1606/1606/1606 1607/1607/1607
f 1605/1605/1605 1604/1604/1604 1606/1606/1606
f 1604/1604/1604 1710/1710/1710 1606/1606/1606
f 1604/1604/1604 1708/1708/1708 1710/1710/1710
f 1708/1708/1708 1558/1558/1558 1710/1710/1710
f 1708/1708/1708 1560/1560/1560 1558/1558/1558
f 1560/1560/1560 1559/1559/1559 1558/1558/1558
f 1560/1560/1560 1561/1561/1561 1559/1559/1559
f 851/851/851 861/861/861 862/862/862
f 851/851/851 850/850/850 861/861/861
f 232/232/232 190/190/190 233/233/233
f 232/232/232 188/188/188 190/190/190
f 188/188/188 105/105/105 190/190/190
f 188/188/188 103/103/103 105/105/105
f 103/103/103 104/104/104 105/105/105
f 103/103/103 102/102/102 104/104/104
f 33/33/33 34/34/34 35/35/35
f 33/33/33 32/32/32 34/34/34
f 32/32/32 205/205/205 34/34/34
f 32/32/32 203/203/203 205/205/205
f 203/203/203 227/227/227 205/205/205
f 203/203/203 226/226/226 227/227/227
f 1842/1842/1842 1841/1841/1841 1840/1840/1840
f 1842/1842/1842 1843/1843/1843 1841/1841/1841
f 1312/1312/1312 1311/1311/1311 1310/1310/1310
f 1312/1312/1312 1313/1313/1313 1311/1311/1311
f 1313/1313/1313 1335/1335/1335 1311/1311/1311
f 1313/1313/1313 1332/1332/1332 1335/1335/1335
f 1749/1749/1749 1659/1659/1659 1756/1756/1756
f 1749/1749/1749 1658/1658/1658 1659/1659/1659
f 1658/1658/1658 1609/1609/1609 1659/1659/1659
f 1658/1658/1658 1607/1607/1607 1609/1609/1609
f 1607/1607/1607 1608/1608/1608 1609/1609/1609
f 1607/1607/1607 1606/1606/1606 1608/1608/1608
f 1606/1606/1606 1712/1712/1712 1608/1608/1608
f 1606/1606/1606 1710/1710/1710 1712/1712/1712
f 1710/1710/1710 1556/1556/1556 1712/1712/1712
f 1710/1710/1710 1558/1558/1558 1556/1556/1556
f 1558/1558/1558 1557/1557/1557 1556/1556/1556
f 1558/1558/1558 1559/1559/1559 1557/1557/1557
f 862/862/862 865/865/865 866/866/866
f 862/862/862 861/861/861 865/865/865
f 233/233/233 192/192/192 234/234/234
f 233/233/233 190/190/190 192/192/192
f 190/190/190 107/107/107 192/192/192
f 190/190/190 105/105/105 107/107/107
f 105/105/105 106/106/106 107/107/107
f 105/105/105 104/104/104 106/106/106
f 35/35/35 36/36/36 37/37/37
f 35/35/35 34/34/34 36/36/36
f 34/34/34 206/206/206 36/36/36
f 34/34/34 205/205/205 206/206/206
f 205/205/205 228/228/228 206/206/206
f 205/205/205 227/227/227 228/228/228
f 1840/1840/1840 1838/1838/1838 1836/1836/1836
f 1840/1840/1840 1841/1841/1841 1838/1838/1838
f 1310/1310/1310 1309/1309/1309 1306/1306/1306
f 1310/1310/1310 1311/1311/1311 1309/1309/1309
f 1311/1311/1311 1336/1336/1336 1309/1309/1309
f 1311/1311/1311 1335/1335/1335 1336/1336/1336
f 1756/1756/1756 1660/1660/1660 1757/1757/1757
f 1756/1756/1756 1659/1659/1659 1660/1660/1660
f 1659/1659/1659 1611/1611/1611 1660/1660/1660
f 1659/1659/1659 1609/1609/1609 1611/1611/1611
f 1609/1609/1609 1610/1610/1610 1611/1611/1611
f 1609/1609/1609 1608/1608/1608 1610/1610/1610
f 1608/1608/1608 1714/1714/1714 1610/1610/1610
f 1608/1608/1608 1712/1712/1712 1714/1714/1714
f 1712/1712/1712 1552/1552/1552 1714/1714/1714
f 1712/1712/1712 1556/1556/1556 1552/1552/1552
f 1556/1556/1556 1554/1554/1554 1552/1552/1552
f 1556/1556/1556 1557/1557/1557 1554/1554/1554
f 866/866/866 867/867/867 868/868/868
f 866/866/866 865/865/865 867/867/867
f 234/234/234 194/194/194 235/235/235
f 234/234/234 192/192/192 194/194/194
f 192/192/192 109/109/109 194/194/194
f 192/192/192 107/107/107 109/109/109
f 107/107/107 108/108/108 109/109/109
f 107/107/107 106/106/106 108/108/108
f 37/37/37 38/38/38 39/39/39
f 37/37/37 36/36/36 38/38/38
f 36/36/36 208/208/208 38/38/38
f 36/36/36 206/206/206 208/208/208
f 206/206/206 229/229/229 208/208/208
f 206/206/206 228/228/228 229/229/229
f 1836/1836/1836 1837/1837/1837 1839/1839/1839
f 1836/1836/1836 1838/1838/1838 1837/1837/1837
f 1306/1306/1306 1308/1308/1308 1307/1307/1307
f 1306/1306/1306 1309/1309/1309 1308/1308/1308
f 1309/1309/1309 1337/1337/1337 1308/1308/1308
f 1309/1309/1309 1336/1336/1336 1337/1337/1337
f 1757/1757/1757 1661/1661/1661 1758/1758/1758
f 1757/1757/1757 1660/1660/1660 1661/1661/1661
f 1660/1660/1660 1613/1613/1613 1661/1661/1661
f 1660/1660/1660 1611/1611/1611 1613/1613/1613
f 1611/1611/1611 1612/1612/1612 1613/1613/1613
f 1611/1611/1611 1610/1610/1610 1612/1612/1612
f 1610/1610/1610 1716/1716/1716 1612/1612/1612
f 1610/1610/1610 1714/1714/1714 1716/1716/1716
f 1714/1714/1714 1555/1555/1555 1716/1716/1716
f 1714/1714/1714 1552/1552/1552 1555/1555/1555
f 1552/1552/1552 1553/1553/1553 1555/1555/1555
f 1552/1552/1552 1554/1554/1554 1553/1553/1553
f 868/868/868 869/869/869 870/870/870
f 868/868/868 867/867/867 869/869/869
f 235/235/235 196/196/196 236/236/236
f 235/235/235 194/194/194 196/196/196
f 194/194/194 111/111/111 196/196/196
f 194/194/194 109/109/109 111/111/111
f 109/109/109 110/110/110 111/111/111
f 109/109/109 108/108/108 110/110/110
f 1862/1862/1862 1864/1864/1864 1863/1863/1863
f 1862/1862/1862 1865/1865/1865 1864/1864/1864
f 1865/1865/1865 1866/1866/1866 1864/1864/1864
f 1865/1865/1865 1867/1867/1867 1866/1866/1866
f 1874/1874/1874 1873/1873/1873 1875/1875/1875
f 1874/1874/1874 1872/1872/1872 1873/1873/1873
f 1872/1872/1872 1869/1869/1869 1873/1873/1873
f 1872/1872/1872 1868/1868/1868 1869/1869/1869
f 1868/1868/1868 1870/1870/1870 1869/1869/1869
f 1868/1868/1868 1871/1871/1871 1870/1870/1870
f 1871/1871/1871 1876/1876/1876 1870/1870/1870
f 1871/1871/1871 1877/1877/1877 1876/1876/1876
f 1884/1884/1884 1883/1883/1883 1885/1885/1885
f 1884/1884/1884 1882/1882/1882 1883/1883/1883
f 1882/1882/1882 1881/1881/1881 1883/1883/1883
f 1882/1882/1882 1878/1878/1878 1881/1881/1881
f 1878/1878/1878 1879/1879/1879 1881/1881/1881
f 1878/1878/1878 1880/1880/1880 1879/1879/1879
f 1880/1880/1880 1886/1886/1886 1879/1879/1879
f 1880/1880/1880 1887/1887/1887 1886/1886/1886
f 1896/1896/1896 1891/1891/1891 1897/1897/1897
f 1896/1896/1896 1888/1888/1888 1891/1891/1891
f 1888/1888/1888 1889/1889/1889 1891/1891/1891
f 1888/1888/1888 1890/1890/1890 1889/1889/1889
f 1890/1890/1890 1892/1892/1892 1889/1889/1889
f 1890/1890/1890 1893/1893/1893 1892/1892/1892
f 1893/1893/1893 1894/1894/1894 1892/1892/1892
f 1893/1893/1893 1895/1895/1895 1894/1894/1894
f 1860/1860/1860 1859/1859/1859 1861/1861/1861
f 1860/1860/1860 1856/1856/1856 1859/1859/1859
f 1856/1856/1856 1857/1857/1857 1859/1859/1859
f 1856/1856/1856 1858/1858/1858 1857/1857/1857
f 2102/2102/2102 2103/2103/2103 2105/2105/2105
f 2102/2102/2102 2104/2104/2104 2103/2103/2103
f 2104/2104/2104 2116/2116/2116 2103/2103/2103
f 2104/2104/2104 2117/2117/2117 2116/2116/2116
f 1996/1996/1996 1928/1928/1928 1992/1992/1992
f 1996/1996/1996 1927/1927/1927 1928/1928/1928
f 1927/1927/1927 1906/1906/1906 1928/1928/1928
f 1927/1927/1927 1914/1914/1914 1906/1906/1906
f 1914/1914/1914 1907/1907/1907 1906/1906/1906
f 1914/1914/1914 1915/1915/1915 1907/1907/1907
f 1915/1915/1915 1965/1965/1965 1907/1907/1907
f 1915/1915/1915 1966/1966/1966 1965/1965/1965
f 2193/2193/2193 2180/2180/2180 2194/2194/2194
f 2193/2193/2193 2179/2179/2179 2180/2180/2180
f 2179/2179/2179 2172/2172/2172 2180/2180/2180
f 2179/2179/2179 2169/2169/2169 2172/2172/2172
f 2169/2169/2169 2170/2170/2170 2172/2172/2172
f 2169/2169/2169 2171/2171/2171 2170/2170/2170
f 2171/2171/2171 2205/2205/2205 2170/2170/2170
f 2171/2171/2171 2206/2206/2206 2205/2205/2205
f 2071/2071/2071 2023/2023/2023 2070/2070/2070
f 2071/2071/2071 2020/2020/2020 2023/2023/2023
f 2020/2020/2020 2021/2021/2021 2023/2023/2023
f 2020/2020/2020 2022/2022/2022 2021/2021/2021
f 2022/2022/2022 2025/2025/2025 2021/2021/2021
f 2022/2022/2022 2026/2026/2026 2025/2025/2025
f 2026/2026/2026 2093/2093/2093 2025/2025/2025
f 2026/2026/2026 2097/2097/2097 2093/2093/2093
f 2153/2153/2153 2139/2139/2139 2154/2154/2154
f 2153/2153/2153 2136/2136/2136 2139/2139/2139
f 2136/2136/2136 2137/2137/2137 2139/2139/2139
f 2136/2136/2136 2138/2138/2138 2137/2137/2137
f 2105/2105/2105 2112/2112/2112 2113/2113/2113
f 2105/2105/2105 2103/2103/2103 2112/2112/2112
f 2103/2103/2103 2120/2120/2120 2112/2112/2112
f 2103/2103/2103 2116/2116/2116 2120/2120/2120
f 1992/1992/1992 1949/1949/1949 1986/1986/1986
f 1992/1992/1992 1928/1928/1928 1949/1949/1949
f 1928/1928/1928 1904/1904/1904 1949/1949/1949
f 1928/1928/1928 1906/1906/1906 1904/1904/1904
f 1906/1906/1906 1905/1905/1905 1904/1904/1904
f 1906/1906/1906 1907/1907/1907 1905/1905/1905
f 1907/1907/1907 1964/1964/1964 1905/1905/1905
f 1907/1907/1907 1965/1965/1965 1964/1964/1964
f 2194/2194/2194 2184/2184/2184 2197/2197/2197
f 2194/2194/2194 2180/2180/2180 2184/2184/2184
f 2180/2180/2180 2174/2174/2174 2184/2184/2184
f 2180/2180/2180 2172/2172/2172 2174/2174/2174
f 2172/2172/2172 2173/2173/2173 2174/2174/2174
f 2172/2172/2172 2170/2170/2170 2173/2173/2173
f 2170/2170/2170 2208/2208/2208 2173/2173/2173
f 2170/2170/2170 2205/2205/2205 2208/2208/2208
f 2070/2070/2070 2031/2031/2031 2069/2069/2069
f 2070/2070/2070 2023/2023/2023 2031/2031/2031
f 2023/2023/2023 2030/2030/2030 2031/2031/2031
f 2023/2023/2023 2021/2021/2021 2030/2030/2030
f 2021/2021/2021 2048/2048/2048 2030/2030/2030
f 2021/2021/2021 2025/2025/2025 2048/2048/2048
f 2025/2025/2025 2087/2087/2087 2048/2048/2048
f 2025/2025/2025 2093/2093/2093 2087/2087/2087
f 2154/2154/2154 2143/2143/2143 2157/2157/2157
f 2154/2154/2154 2139/2139/2139 2143/2143/2143
f 2139/2139/2139 2142/2142/2142 2143/2143/2143
f 2139/2139/2139 2137/2137/2137 2142/2142/2142
f 2113/2113/2113 2122/2122/2122 2123/2123/2123
f 2113/2113/2113 2112/2112/2112 2122/2122/2122
f 2112/2112/2112 2124/2124/2124 2122/2122/2122
f 2112/2112/2112 2120/2120/2120 2124/2124/2124
f 1986/1986/1986 1945/1945/1945 1982/1982/1982
f 1986/1986/1986 1949/1949/1949 1945/1945/1945
f 1949/1949/1949 1898/1898/1898 1945/1945/1945
f 1949/1949/1949 1904/1904/1904 1898/1898/1898
f 1904/1904/1904 1900/1900/1900 1898/1898/1898
f 1904/1904/1904 1905/1905/1905 1900/1900/1900
f 1905/1905/1905 1963/1963/1963 1900/1900/1900
f 1905/1905/1905 1964/1964/1964 1963/1963/1963
f 2197/2197/2197 2186/2186/2186 2200/2200/2200
f 2197/2197/2197 2184/2184/2184 2186/2186/2186
f 2184/2184/2184 2185/2185/2185 2186/2186/2186
f 2184/2184/2184 2174/2174/2174 2185/2185/2185
f 2174/2174/2174 2187/2187/2187 2185/2185/2185
f 2174/2174/2174 2173/2173/2173 2187/2187/2187
f 2173/2173/2173 2209/2209/2209 2187/2187/2187
f 2173/2173/2173 2208/2208/2208 2209/2209/2209
f 2069/2069/2069 2033/2033/2033 2067/2067/2067
f 2069/2069/2069 2031/2031/2031 2033/2033/2033
f 2031/2031/2031 2032/2032/2032 2033/2033/2033
f 2031/2031/2031 2030/2030/2030 2032/2032/2032
f 2030/2030/2030 2042/2042/2042 2032/2032/2032
f 2030/2030/2030 2048/2048/2048 2042/2042/2042
f 2048/2048/2048 2083/2083/2083 2042/2042/2042
f 2048/2048/2048 2087/2087/2087 2083/2083/2083
f 2157/2157/2157 2147/2147/2147 2159/2159/2159
f 2157/2157/2157 2143/2143/2143 2147/2147/2147
f 2143/2143/2143 2146/2146/2146 2147/2147/2147
f 2143/2143/2143 2142/2142/2142 2146/2146/2146
f 2123/2123/2123 2148/2148/2148 2149/2149/2149
f 2123/2123/2123 2122/2122/2122 2148/2148/2148
f 2122/2122/2122 2150/2150/2150 2148/2148/2148
f 2122/2122/2122 2124/2124/2124 2150/2150/2150
f 1982/1982/1982 1943/1943/1943 1978/1978/1978
f 1982/1982/1982 1945/1945/1945 1943/1943/1943
f 1945/1945/1945 1901/1901/1901 1943/1943/1943
f 1945/1945/1945 1898/1898/1898 1901/1901/1901
f 1898/1898/1898 1899/1899/1899 1901/1901/1901
f 1898/1898/1898 1900/1900/1900 1899/1899/1899
f 1900/1900/1900 1959/1959/1959 1899/1899/1899
f 1900/1900/1900 1963/1963/1963 1959/1959/1959
f 2339/2339/2339 2324/2324/2324 2337/2337/2337
f 2339/2339/2339 2332/2332/2332 2324/2324/2324
f 2332/2332/2332 2322/2322/2322 2324/2324/2324
f 2332/2332/2332 2330/2330/2330 2322/2322/2322
f 2330/2330/2330 2323/2323/2323 2322/2322/2322
f 2330/2330/2330 2331/2331/2331 2323/2323/2323
f 2331/2331/2331 2329/2329/2329 2323/2323/2323
f 2331/2331/2331 2333/2333/2333 2329/2329/2329
f 2067/2067/2067 2035/2035/2035 2068/2068/2068
f 2067/2067/2067 2033/2033/2033 2035/2035/2035
f 2033/2033/2033 2034/2034/2034 2035/2035/2035
f 2033/2033/2033 2032/2032/2032 2034/2034/2034
f 2032/2032/2032 2041/2041/2041 2034/2034/2034
f 2032/2032/2032 2042/2042/2042 2041/2041/2041
f 2042/2042/2042 2081/2081/2081 2041/2041/2041
f 2042/2042/2042 2083/2083/2083 2081/2081/2081
f 2262/2262/2262 2259/2259/2259 2261/2261/2261
f 2262/2262/2262 2263/2263/2263 2259/2259/2259
f 2263/2263/2263 2260/2260/2260 2259/2259/2259
f 2263/2263/2263 2264/2264/2264 2260/2260/2260
f 2271/2271/2271 2268/2268/2268 2265/2265/2265
f 2271/2271/2271 2272/2272/2272 2268/2268/2268
f 2272/2272/2272 2276/2276/2276 2268/2268/2268
f 2272/2272/2272 2279/2279/2279 2276/2276/2276
f 1978/1978/1978 1944/1944/1944 1979/1979/1979
f 1978/1978/1978 1943/1943/1943 1944/1944/1944
f 1943/1943/1943 1903/1903/1903 1944/1944/1944
f 1943/1943/1943 1901/1901/1901 1903/1903/1903
f 1901/1901/1901 1902/1902/1902 1903/1903/1903
f 1901/1901/1901 1899/1899/1899 1902/1902/1902
f 1899/1899/1899 1958/1958/1958 1902/1902/1902
f 1899/1899/1899 1959/1959/1959 1958/1958/1958
f 2337/2337/2337 2321/2321/2321 2334/2334/2334
f 2337/2337/2337 2324/2324/2324 2321/2321/2321
f 2324/2324/2324 2316/2316/2316 2321/2321/2321
f 2324/2324/2324 2322/2322/2322 2316/2316/2316
f 2322/2322/2322 2317/2317/2317 2316/2316/2316
f 2322/2322/2322 2323/2323/2323 2317/2317/2317
f 2323/2323/2323 2327/2327/2327 2317/2317/2317
f 2323/2323/2323 2329/2329/2329 2327/2327/2327
f 2068/2068/2068 2037/2037/2037 2072/2072/2072
f 2068/2068/2068 2035/2035/2035 2037/2037/2037
f 2035/2035/2035 2036/2036/2036 2037/2037/2037
f 2035/2035/2035 2034/2034/2034 2036/2036/2036
f 2034/2034/2034 2040/2040/2040 2036/2036/2036
f 2034/2034/2034 2041/2041/2041 2040/2040/2040
f 2041/2041/2041 2080/2080/2080 2040/2040/2040
f 2041/2041/2041 2081/2081/2081 2080/2080/2080
f 2261/2261/2261 2253/2253/2253 2258/2258/2258
f 2261/2261/2261 2259/2259/2259 2253/2253/2253
f 2259/2259/2259 2254/2254/2254 2253/2253/2253
f 2259/2259/2259 2260/2260/2260 2254/2254/2254
f 2265/2265/2265 2267/2267/2267 2266/2266/2266
f 2265/2265/2265 2268/2268/2268 2267/2267/2267
f 2268/2268/2268 2275/2275/2275 2267/2267/2267
f 2268/2268/2268 2276/2276/2276 2275/2275/2275
f 1979/1979/1979 1947/1947/1947 1984/1984/1984
f 1979/1979/1979 1944/1944/1944 1947/1947/1947
f 1944/1944/1944 1909/1909/1909 1947/1947/1947
f 1944/1944/1944 1903/1903/1903 1909/1909/1909
f 1903/1903/1903 1908/1908/1908 1909/1909/1909
f 1903/1903/1903 1902/1902/1902 1908/1908/1908
f 1902/1902/1902 1960/1960/1960 1908/1908/1908
f 1902/1902/1902 1958/1958/1958 1960/1960/1960
f 2334/2334/2334 2318/2318/2318 2335/2335/2335
f 2334/2334/2334 2321/2321/2321 2318/2318/2318
f 2321/2321/2321 2310/2310/2310 2318/2318/2318
f 2321/2321/2321 2316/2316/2316 2310/2310/2310
f 2316/2316/2316 2313/2313/2313 2310/2310/2310
f 2316/2316/2316 2317/2317/2317 2313/2313/2313
f 2317/2317/2317 2326/2326/2326 2313/2313/2313
f 2317/2317/2317 2327/2327/2327 2326/2326/2326
f 2072/2072/2072 2039/2039/2039 2073/2073/2073
f 2072/2072/2072 2037/2037/2037 2039/2039/2039
f 2037/2037/2037 2038/2038/2038 2039/2039/2039
f 2037/2037/2037 2036/2036/2036 2038/2038/2038
f 2036/2036/2036 2046/2046/2046 2038/2038/2038
f 2036/2036/2036 2040/2040/2040 2046/2046/2046
f 2040/2040/2040 2085/2085/2085 2046/2046/2046
f 2040/2040/2040 2080/2080/2080 2085/2085/2085
f 2258/2258/2258 2247/2247/2247 2255/2255/2255
f 2258/2258/2258 2253/2253/2253 2247/2247/2247
f 2253/2253/2253 2249/2249/2249 2247/2247/2247
f 2253/2253/2253 2254/2254/2254 2249/2249/2249
f 2266/2266/2266 2269/2269/2269 2270/2270/2270
f 2266/2266/2266 2267/2267/2267 2269/2269/2269
f 2267/2267/2267 2277/2277/2277 2269/2269/2269
f 2267/2267/2267 2275/2275/2275 2277/2277/2277
f 1984/1984/1984 1950/1950/1950 1988/1988/1988
f 1984/1984/1984 1947/1947/1947 1950/1950/1950
f 1947/1947/1947 1911/1911/1911 1950/1950/1950
f 1947/1947/1947 1909/1909/1909 1911/1911/1911
f 1909/1909/1909 1910/1910/1910 1911/1911/1911
f 1909/1909/1909 1908/1908/1908 1910/1910/1910
f 1908/1908/1908 1961/1961/1961 1910/1910/1910
f 1908/1908/1908 1960/1960/1960 1961/1961/1961
f 2335/2335/2335 2319/2319/2319 2336/2336/2336
f 2335/2335/2335 2318/2318/2318 2319/2319/2319
f 2318/2318/2318 2311/2311/2311 2319/2319/2319
f 2318/2318/2318 2310/2310/2310 2311/2311/2311
f 2310/2310/2310 2312/2312/2312 2311/2311/2311
f 2310/2310/2310 2313/2313/2313 2312/2312/2312
f 2313/2313/2313 2325/2325/2325 2312/2312/2312
f 2313/2313/2313 2326/2326/2326 2325/2325/2325
f 2073/2073/2073 2052/2052/2052 2074/2074/2074
f 2073/2073/2073 2039/2039/2039 2052/2052/2052
f 2039/2039/2039 2051/2051/2051 2052/2052/2052
f 2039/2039/2039 2038/2038/2038 2051/2051/2051
f 2038/2038/2038 2053/2053/2053 2051/2051/2051
f 2038/2038/2038 2046/2046/2046 2053/2053/2053
f 2046/2046/2046 2089/2089/2089 2053/2053/2053
f 2046/2046/2046 2085/2085/2085 2089/2089/2089
f 2255/2255/2255 2250/2250/2250 2256/2256/2256
f 2255/2255/2255 2247/2247/2247 2250/2250/2250
f 2247/2247/2247 2248/2248/2248 2250/2250/2250
f 2247/2247/2247 2249/2249/2249 2248/2248/2248
f 2270/2270/2270 2273/2273/2273 2274/2274/2274
f 2270/2270/2270 2269/2269/2269 2273/2273/2273
f 2269/2269/2269 2278/2278/2278 2273/2273/2273
f 2269/2269/2269 2277/2277/2277 2278/2278/2278
f 1988/1988/1988 1954/1954/1954 1990/1990/1990
f 1988/1988/1988 1950/1950/1950 1954/1954/1954
f 1950/1950/1950 1913/1913/1913 1954/1954/1954
f 1950/1950/1950 1911/1911/1911 1913/1913/1913
f 1911/1911/1911 1912/1912/1912 1913/1913/1913
f 1911/1911/1911 1910/1910/1910 1912/1912/1912
f 1910/1910/1910 1962/1962/1962 1912/1912/1912
f 1910/1910/1910 1961/1961/1961 1962/1962/1962
f 2336/2336/2336 2320/2320/2320 2338/2338/2338
f 2336/2336/2336 2319/2319/2319 2320/2320/2320
f 2319/2319/2319 2315/2315/2315 2320/2320/2320
f 2319/2319/2319 2311/2311/2311 2315/2315/2315
f 2311/2311/2311 2314/2314/2314 2315/2315/2315
f 2311/2311/2311 2312/2312/2312 2314/2314/2314
f 2312/2312/2312 2328/2328/2328 2314/2314/2314
f 2312/2312/2312 2325/2325/2325 2328/2328/2328
f 2074/2074/2074 2056/2056/2056 2075/2075/2075
f 2074/2074/2074 2052/2052/2052 2056/2056/2056
f 2052/2052/2052 2055/2055/2055 2056/2056/2056
f 2052/2052/2052 2051/2051/2051 2055/2055/2055
f 2051/2051/2051 2057/2057/2057 2055/2055/2055
f 2051/2051/2051 2053/2053/2053 2057/2057/2057
f 2053/2053/2053 2091/2091/2091 2057/2057/2057
f 2053/2053/2053 2089/2089/2089 2091/2091/2091
f 2256/2256/2256 2252/2252/2252 2257/2257/2257
f 2256/2256/2256 2250/2250/2250 2252/2252/2252
f 2250/2250/2250 2251/2251/2251 2252/2252/2252
f 2250/2250/2250 2248/2248/2248 2251/2251/2251
f 1679/1679/1679 1680/1680/1680 1682/1682/1682
f 1679/1679/1679 1681/1681/1681 1680/1680/1680
f 1681/1681/1681 1753/1753/1753 1680/1680/1680
f 1681/1681/1681 1754/1754/1754 1753/1753/1753
f 974/974/974 971/971/971 970/970/970
f 974/974/974 975/975/975 971/971/971
f 975/975/975 1035/1035/1035 971/971/971
f 975/975/975 1039/1039/1039 1035/1035/1035
f 1039/1039/1039 1036/1036/1036 1035/1035/1035
f 1039/1039/1039 1044/1044/1044 1036/1036/1036
f 1044/1044/1044 1063/1063/1063 1036/1036/1036
f 1044/1044/1044 1071/1071/1071 1063/1063/1063
f 211/211/211 70/70/70 212/212/212
f 211/211/211 67/67/67 70/70/70
f 67/67/67 68/68/68 70/70/70
f 67/67/67 69/69/69 68/68/68
f 69/69/69 71/71/71 68/68/68
f 69/69/69 72/72/72 71/71/71
f 72/72/72 213/213/213 71/71/71
f 72/72/72 214/214/214 213/213/213
f 689/689/689 549/549/549 690/690/690
f 689/689/689 550/550/550 549/549/549
f 550/550/550 521/521/521 549/549/549
f 550/550/550 551/551/551 521/521/521
f 551/551/551 522/522/522 521/521/521
f 551/551/551 552/552/552 522/522/522
f 552/552/552 645/645/645 522/522/522
f 552/552/552 684/684/684 645/645/645
f 1718/1718/1718 1643/1643/1643 1719/1719/1719
f 1718/1718/1718 1640/1640/1640 1643/1643/1643
f 1640/1640/1640 1641/1641/1641 1643/1643/1643
f 1640/1640/1640 1642/1642/1642 1641/1641/1641
f 1682/1682/1682 1683/1683/1683 1684/1684/1684
f 1682/1682/1682 1680/1680/1680 1683/1683/1683
f 1680/1680/1680 1755/1755/1755 1683/1683/1683
f 1680/1680/1680 1753/1753/1753 1755/1755/1755
f 970/970/970 967/967/967 966/966/966
f 970/970/970 971/971/971 967/967/967
f 971/971/971 1029/1029/1029 967/967/967
f 971/971/971 1035/1035/1035 1029/1029/1029
f 1035/1035/1035 1030/1030/1030 1029/1029/1029
f 1035/1035/1035 1036/1036/1036 1030/1030/1030
f 1036/1036/1036 1031/1031/1031 1030/1030/1030
f 1036/1036/1036 1063/1063/1063 1031/1031/1031
f 212/212/212 74/74/74 215/215/215
f 212/212/212 70/70/70 74/74/74
f 70/70/70 73/73/73 74/74/74
f 70/70/70 68/68/68 73/73/73
f 68/68/68 75/75/75 73/73/73
f 68/68/68 71/71/71 75/75/75
f 71/71/71 216/216/216 75/75/75
f 71/71/71 213/213/213 216/216/216
f 690/690/690 548/548/548 691/691/691
f 690/690/690 549/549/549 548/548/548
f 549/549/549 517/517/517 548/548/548
f 549/549/549 521/521/521 517/517/517
f 521/521/521 518/518/518 517/517/517
f 521/521/521 522/522/522 518/518/518
f 522/522/522 637/637/637 518/518/518
f 522/522/522 645/645/645 637/637/637
f 1719/1719/1719 1678/1678/1678 1720/1720/1720
f 1719/1719/1719 1643/1643/1643 1678/1678/1678
f 1643/1643/1643 1677/1677/1677 1678/1678/1678
f 1643/1643/1643 1641/1641/1641 1677/1677/1677
f 1684/1684/1684 1740/1740/1740 1739/1739/1739
f 1684/1684/1684 1683/1683/1683 1740/1740/1740
f 1683/1683/1683 1760/1760/1760 1740/1740/1740
f 1683/1683/1683 1755/1755/1755 1760/1760/1760
f 966/966/966 963/963/963 962/962/962
f 966/966/966 967/967/967 963/963/963
f 967/967/967 1023/1023/1023 963/963/963
f 967/967/967 1029/1029/1029 1023/1023/1023
f 1029/1029/1029 1024/1024/1024 1023/1023/1023
f 1029/1029/1029 1030/1030/1030 1024/1024/1024
f 1030/1030/1030 1025/1025/1025 1024/1024/1024
f 1030/1030/1030 1031/1031/1031 1025/1025/1025
f 215/215/215 143/143/143 220/220/220
f 215/215/215 74/74/74 143/143/143
f 74/74/74 142/142/142 143/143/143
f 74/74/74 73/73/73 142/142/142
f 73/73/73 144/144/144 142/142/142
f 73/73/73 75/75/75 144/144/144
f 75/75/75 221/221/221 144/144/144
f 75/75/75 216/216/216 221/221/221
f 691/691/691 547/547/547 692/692/692
f 691/691/691 548/548/548 547/547/547
f 548/548/548 513/513/513 547/547/547
f 548/548/548 517/517/517 513/513/513
f 517/517/517 514/514/514 513/513/513
f 517/517/517 518/518/518 514/514/514
f 518/518/518 629/629/629 514/514/514
f 518/518/518 637/637/637 629/629/629
f 1720/1720/1720 1686/1686/1686 1759/1759/1759
f 1720/1720/1720 1678/1678/1678 1686/1686/1686
f 1678/1678/1678 1685/1685/1685 1686/1686/1686
f 1678/1678/1678 1677/1677/1677 1685/1685/1685
f 1739/1739/1739 1764/1764/1764 1763/1763/1763
f 1739/1739/1739 1740/1740/1740 1764/1764/1764
f 1740/1740/1740 1766/1766/1766 1764/1764/1764
f 1740/1740/1740 1760/1760/1760 1766/1766/1766
f 962/962/962 959/959/959 958/958/958
f 962/962/962 963/963/963 959/959/959
f 963/963/963 1017/1017/1017 959/959/959
f 963/963/963 1023/1023/1023 1017/1017/1017
f 1023/1023/1023 1018/1018/1018 1017/1017/1017
f 1023/1023/1023 1024/1024/1024 1018/1018/1018
f 1024/1024/1024 1019/1019/1019 1018/1018/1018
f 1024/1024/1024 1025/1025/1025 1019/1019/1019
f 1025/1025/1025 1251/1251/1251 1019/1019/1019
f 1025/1025/1025 1252/1252/1252 1251/1251/1251
f 143/143/143 217/217/217 218/218/218
f 143/143/143 142/142/142 217/217/217
f 142/142/142 219/219/219 217/217/217
f 142/142/142 144/144/144 219/219/219
f 144/144/144 222/222/222 219/219/219
f 144/144/144 221/221/221 222/222/222
f 692/692/692 546/546/546 693/693/693
f 692/692/692 547/547/547 546/546/546
f 547/547/547 509/509/509 546/546/546
f 547/547/547 513/513/513 509/509/509
f 513/513/513 510/510/510 509/509/509
f 513/513/513 514/514/514 510/510/510
f 514/514/514 627/627/627 510/510/510
f 514/514/514 629/629/629 627/627/627
f 1759/1759/1759 1762/1762/1762 1765/1765/1765
f 1759/1759/1759 1686/1686/1686 1762/1762/1762
f 1686/1686/1686 1761/1761/1761 1762/1762/1762
f 1686/1686/1686 1685/1685/1685 1761/1761/1761
f 1763/1763/1763 1770/1770/1770 1769/1769/1769
f 1763/1763/1763 1764/1764/1764 1770/1770/1770
f 1764/1764/1764 1771/1771/1771 1770/1770/1770
f 1764/1764/1764 1766/1766/1766 1771/1771/1771
f 958/958/958 955/955/955 946/946/946
f 958/958/958 959/959/959 955/955/955
f 959/959/959 1015/1015/1015 955/955/955
f 959/959/959 1017/1017/1017 1015/1015/1015
f 1017/1017/1017 1003/1003/1003 1015/1015/1015
f 1017/1017/1017 1018/1018/1018 1003/1003/1003
f 1018/1018/1018 1004/1004/1004 1003/1003/1003
f 1018/1018/1018 1019/1019/1019 1004/1004/1004
f 1019/1019/1019 1250/1250/1250 1004/1004/1004
f 1019/1019/1019 1251/1251/1251 1250/1250/1250
f 911/911/911 899/899/899 898/898/898
f 911/911/911 912/912/912 899/899/899
f 912/912/912 900/900/900 899/899/899
f 912/912/912 926/926/926 900/900/900
f 926/926/926 924/924/924 900/900/900
f 926/926/926 927/927/927 924/924/924
f 693/693/693 545/545/545 694/694/694
f 693/693/693 546/546/546 545/545/545
f 546/546/546 505/505/505 545/545/545
f 546/546/546 509/509/509 505/505/505
f 509/509/509 506/506/506 505/505/505
f 509/509/509 510/510/510 506/506/506
f 510/510/510 625/625/625 506/506/506
f 510/510/510 627/627/627 625/625/625
f 627/627/627 784/784/784 625/625/625
f 627/627/627 792/792/792 784/784/784
f 1762/1762/1762 1767/1767/1767 1768/1768/1768
f 1762/1762/1762 1761/1761/1761 1767/1767/1767
f 1769/1769/1769 1772/1772/1772 1773/1773/1773
f 1769/1769/1769 1770/1770/1770 1772/1772/1772
f 945/945/945 942/942/942 941/941/941
f 945/945/945 946/946/946 942/942/942
f 946/946/946 953/953/953 942/942/942
f 946/946/946 955/955/955 953/953/953
f 955/955/955 1013/1013/1013 953/953/953
f 955/955/955 1015/1015/1015 1013/1013/1013
f 1015/1015/1015 999/999/999 1013/1013/1013
f 1015/1015/1015 1003/1003/1003 999/999/999
f 1003/1003/1003 1000/1000/1000 999/999/999
f 1003/1003/1003 1004/1004/1004 1000/1000/1000
f 909/909/909 893/893/893 908/908/908
f 909/909/909 898/898/898 893/893/893
f 898/898/898 885/885/885 893/893/893
f 898/898/898 899/899/899 885/885/885
f 899/899/899 886/886/886 885/885/885
f 899/899/899 900/900/900 886/886/886
f 900/900/900 921/921/921 886/886/886
f 900/900/900 924/924/924 921/921/921
f 694/694/694 544/544/544 695/695/695
f 694/694/694 545/545/545 544/544/544
f 545/545/545 503/503/503 544/544/544
f 545/545/545 505/505/505 503/503/503
f 505/505/505 492/492/492 503/503/503
f 505/505/505 506/506/506 492/492/492
f 506/506/506 493/493/493 492/492/492
f 506/506/506 625/625/625 493/493/493
f 625/625/625 778/778/778 493/493/493
f 625/625/625 784/784/784 778/778/778
f 784/784/784 860/860/860 778/778/778
f 784/784/784 864/864/864 860/860/860
f 1832/1832/1832 1827/1827/1827 1824/1824/1824
f 1832/1832/1832 1833/1833/1833 1827/1827/1827
f 941/941/941 936/936/936 933/933/933
f 941/941/941 942/942/942 936/936/936
f 942/942/942 950/950/950 936/936/936
f 942/942/942 953/953/953 950/950/950
f 953/953/953 1011/1011/1011 950/950/950
f 953/953/953 1013/1013/1013 1011/1011/1011
f 1013/1013/1013 995/995/995 1011/1011/1011
f 1013/1013/1013 999/999/999 995/995/995
f 999/999/999 998/998/998 995/995/995
f 999/999/999 1000/1000/1000 998/998/998
f 908/908/908 891/891/891 905/905/905
f 908/908/908 893/893/893 891/891/891
f 893/893/893 875/875/875 891/891/891
f 893/893/893 885/885/885 875/875/875
f 885/885/885 878/878/878 875/875/875
f 885/885/885 886/886/886 878/878/878
f 886/886/886 918/918/918 878/878/878
f 886/886/886 921/921/921 918/918/918
f 695/695/695 542/542/542 696/696/696
f 695/695/695 544/544/544 542/542/542
f 544/544/544 500/500/500 542/542/542
f 544/544/544 503/503/503 500/500/500
f 503/503/503 482/482/482 500/500/500
f 503/503/503 492/492/492 482/482/482
f 492/492/492 485/485/485 482/482/482
f 492/492/492 493/493/493 485/485/485
f 493/493/493 775/775/775 485/485/485
f 493/493/493 778/778/778 775/775/775
f 778/778/778 858/858/858 775/775/775
f 778/778/778 860/860/860 858/858/858
f 1824/1824/1824 1826/1826/1826 1825/1825/1825
f 1824/1824/1824 1827/1827/1827 1826/1826/1826
f 933/933/933 935/935/935 934/934/934
f 933/933/933 936/936/936 935/935/935
f 936/936/936 949/949/949 935/935/935
f 936/936/936 950/950/950 949/949/949
f 950/950/950 1012/1012/1012 949/949/949
f 950/950/950 1011/1011/1011 1012/1012/1012
f 1011/1011/1011 996/996/996 1012/1012/1012
f 1011/1011/1011 995/995/995 996/996/996
f 995/995/995 997/997/997 996/996/996
f 995/995/995 998/998/998 997/997/997
f 905/905/905 892/892/892 906/906/906
f 905/905/905 891/891/891 892/892/892
f 891/891/891 876/876/876 892/892/892
f 891/891/891 875/875/875 876/876/876
f 875/875/875 877/877/877 876/876/876
f 875/875/875 878/878/878 877/877/877
f 878/878/878 917/917/917 877/877/877
f 878/878/878 918/918/918 917/917/917
f 696/696/696 543/543/543 697/697/697
f 696/696/696 542/542/542 543/543/543
f 542/542/542 501/501/501 543/543/543
f 542/542/542 500/500/500 501/501/501
f 500/500/500 483/483/483 501/501/501
f 500/500/500 482/482/482 483/483/483
f 482/482/482 484/484/484 483/483/483
f 482/482/482 485/485/485 484/484/484
f 485/485/485 774/774/774 484/484/484
f 485/485/485 775/775/775 774/774/774
f 775/775/775 857/857/857 774/774/774
f 775/775/775 858/858/858 857/857/857
f 2514/2514/2514 2513/2513/2513 2515/2515/2515
f 2514/2514/2514 2510/2510/2510 2513/2513/2513
f 2510/2510/2510 2511/2511/2511 2513/2513/2513
f 2510/2510/2510 2512/2512/2512 2511/2511/2511
f 2512/2512/2512 2518/2518/2518 2511/2511/2511
f 2512/2512/2512 2519/2519/2519 2518/2518/2518
f 2519/2519/2519 2542/2542/2542 2518/2518/2518
f 2519/2519/2519 2543/2543/2543 2542/2542/2542
f 2543/2543/2543 2490/2490/2490 2542/2542/2542
f 2543/2543/2543 2492/2492/2492 2490/2490/2490
f 2492/2492/2492 2479/2479/2479 2490/2490/2490
f 2492/2492/2492 2488/2488/2488 2479/2479/2479
f 2488/2488/2488 2477/2477/2477 2479/2479/2479
f 2488/2488/2488 2486/2486/2486 2477/2477/2477
f 2486/2486/2486 2475/2475/2475 2477/2477/2477
f 2486/2486/2486 2484/2484/2484 2475/2475/2475
f 2484/2484/2484 2476/2476/2476 2475/2475/2475
f 2484/2484/2484 2485/2485/2485 2476/2476/2476
f 2485/2485/2485 2478/2478/2478 2476/2476/2476
f 2485/2485/2485 2487/2487/2487 2478/2478/2478
f 2487/2487/2487 2483/2483/2483 2478/2478/2478
f 2487/2487/2487 2489/2489/2489 2483/2483/2483
f 2489/2489/2489 2495/2495/2495 2483/2483/2483
f 2489/2489/2489 2496/2496/2496 2495/2495/2495
f 2383/2383/2383 2373/2373/2373 2384/2384/2384
f 2383/2383/2383 2375/2375/2375 2373/2373/2373
f 2375/2375/2375 2363/2363/2363 2373/2373/2373
f 2375/2375/2375 2368/2368/2368 2363/2363/2363
f 2368/2368/2368 2361/2361/2361 2363/2363/2363
f 2368/2368/2368 2366/2366/2366 2361/2361/2361
f 2366/2366/2366 2359/2359/2359 2361/2361/2361
f 2366/2366/2366 2364/2364/2364 2359/2359/2359
f 2364/2364/2364 2360/2360/2360 2359/2359/2359
f 2364/2364/2364 2365/2365/2365 2360/2360/2360
f 2365/2365/2365 2362/2362/2362 2360/2360/2360
f 2365/2365/2365 2367/2367/2367 2362/2362/2362
f 2367/2367/2367 2370/2370/2370 2362/2362/2362
f 2367/2367/2367 2371/2371/2371 2370/2370/2370
f 2371/2371/2371 2378/2378/2378 2370/2370/2370
f 2371/2371/2371 2379/2379/2379 2378/2378/2378
f 2613/2613/2613 2606/2606/2606 2611/2611/2611
f 2613/2613/2613 2608/2608/2608 2606/2606/2606
f 2608/2608/2608 2600/2600/2600 2606/2606/2606
f 2608/2608/2608 2605/2605/2605 2600/2600/2600
f 2605/2605/2605 2598/2598/2598 2600/2600/2600
f 2605/2605/2605 2603/2603/2603 2598/2598/2598
f 2603/2603/2603 2596/2596/2596 2598/2598/2598
f 2603/2603/2603 2601/2601/2601 2596/2596/2596
f 2601/2601/2601 2597/2597/2597 2596/2596/2596
f 2601/2601/2601 2602/2602/2602 2597/2597/2597
f 2602/2602/2602 2599/2599/2599 2597/2597/2597
f 2602/2602/2602 2604/2604/2604 2599/2599/2599
f 2604/2604/2604 2568/2568/2568 2599/2599/2599
f 2604/2604/2604 2571/2571/2571 2568/2568/2568
f 2571/2571/2571 2566/2566/2566 2568/2568/2568
f 2571/2571/2571 2569/2569/2569 2566/2566/2566
f 2569/2569/2569 2567/2567/2567 2566/2566/2566
f 2569/2569/2569 2570/2570/2570 2567/2567/2567
f 2537/2537/2537 2532/2532/2532 2538/2538/2538
f 2537/2537/2537 2531/2531/2531 2532/2532/2532
f 2531/2531/2531 2525/2525/2525 2532/2532/2532
f 2531/2531/2531 2522/2522/2522 2525/2525/2525
f 2522/2522/2522 2523/2523/2523 2525/2525/2525
f 2522/2522/2522 2524/2524/2524 2523/2523/2523
f 2515/2515/2515 2517/2517/2517 2521/2521/2521
f 2515/2515/2515 2513/2513/2513 2517/2517/2517
f 2513/2513/2513 2516/2516/2516 2517/2517/2517
f 2513/2513/2513 2511/2511/2511 2516/2516/2516
f 2511/2511/2511 2520/2520/2520 2516/2516/2516
f 2511/2511/2511 2518/2518/2518 2520/2520/2520
f 2518/2518/2518 2500/2500/2500 2520/2520/2520
f 2518/2518/2518 2542/2542/2542 2500/2500/2500
f 2542/2542/2542 2491/2491/2491 2500/2500/2500
f 2542/2542/2542 2490/2490/2490 2491/2491/2491
f 2490/2490/2490 2474/2474/2474 2491/2491/2491
f 2490/2490/2490 2479/2479/2479 2474/2474/2474
f 2479/2479/2479 2472/2472/2472 2474/2474/2474
f 2479/2479/2479 2477/2477/2477 2472/2472/2472
f 2477/2477/2477 2470/2470/2470 2472/2472/2472
f 2477/2477/2477 2475/2475/2475 2470/2470/2470
f 2475/2475/2475 2471/2471/2471 2470/2470/2470
f 2475/2475/2475 2476/2476/2476 2471/2471/2471
f 2476/2476/2476 2473/2473/2473 2471/2471/2471
f 2476/2476/2476 2478/2478/2478 2473/2473/2473
f 2478/2478/2478 2482/2482/2482 2473/2473/2473
f 2478/2478/2478 2483/2483/2483 2482/2482/2482
f 2483/2483/2483 2494/2494/2494 2482/2482/2482
f 2483/2483/2483 2495/2495/2495 2494/2494/2494
f 2384/2384/2384 2374/2374/2374 2385/2385/2385
f 2384/2384/2384 2373/2373/2373 2374/2374/2374
f 2373/2373/2373 2358/2358/2358 2374/2374/2374
f 2373/2373/2373 2363/2363/2363 2358/2358/2358
f 2363/2363/2363 2354/2354/2354 2358/2358/2358
f 2363/2363/2363 2361/2361/2361 2354/2354/2354
f 2361/2361/2361 2352/2352/2352 2354/2354/2354
f 2361/2361/2361 2359/2359/2359 2352/2352/2352
f 2359/2359/2359 2353/2353/2353 2352/2352/2352
f 2359/2359/2359 2360/2360/2360 2353/2353/2353
f 2360/2360/2360 2355/2355/2355 2353/2353/2353
f 2360/2360/2360 2362/2362/2362 2355/2355/2355
f 2362/2362/2362 2369/2369/2369 2355/2355/2355
f 2362/2362/2362 2370/2370/2370 2369/2369/2369
f 2370/2370/2370 2380/2380/2380 2369/2369/2369
f 2370/2370/2370 2378/2378/2378 2380/2380/2380
f 2611/2611/2611 2607/2607/2607 2612/2612/2612
f 2611/2611/2611 2606/2606/2606 2607/2607/2607
f 2606/2606/2606 2595/2595/2595 2607/2607/2607
f 2606/2606/2606 2600/2600/2600 2595/2595/2595
f 2600/2600/2600 2593/2593/2593 2595/2595/2595
f 2600/2600/2600 2598/2598/2598 2593/2593/2593
f 2598/2598/2598 2591/2591/2591 2593/2593/2593
f 2598/2598/2598 2596/2596/2596 2591/2591/2591
f 2596/2596/2596 2592/2592/2592 2591/2591/2591
f 2596/2596/2596 2597/2597/2597 2592/2592/2592
f 2597/2597/2597 2594/2594/2594 2592/2592/2592
f 2597/2597/2597 2599/2599/2599 2594/2594/2594
f 2599/2599/2599 2565/2565/2565 2594/2594/2594
f 2599/2599/2599 2568/2568/2568 2565/2565/2565
f 2568/2568/2568 2563/2563/2563 2565/2565/2565
f 2568/2568/2568 2566/2566/2566 2563/2563/2563
f 2566/2566/2566 2564/2564/2564 2563/2563/2563
f 2566/2566/2566 2567/2567/2567 2564/2564/2564
f 2538/2538/2538 2533/2533/2533 2539/2539/2539
f 2538/2538/2538 2532/2532/2532 2533/2533/2533
f 2532/2532/2532 2529/2529/2529 2533/2533/2533
f 2532/2532/2532 2525/2525/2525 2529/2529/2529
f 2525/2525/2525 2528/2528/2528 2529/2529/2529
f 2525/2525/2525 2523/2523/2523 2528/2528/2528
f 2521/2521/2521 2527/2527/2527 2530/2530/2530
f 2521/2521/2521 2517/2517/2517 2527/2527/2527
f 2517/2517/2517 2526/2526/2526 2527/2527/2527
f 2517/2517/2517 2516/2516/2516 2526/2526/2526
f 2516/2516/2516 2540/2540/2540 2526/2526/2526
f 2516/2516/2516 2520/2520/2520 2540/2540/2540
f 2520/2520/2520 2501/2501/2501 2540/2540/2540
f 2520/2520/2520 2500/2500/2500 2501/2501/2501
f 2500/2500/2500 2493/2493/2493 2501/2501/2501
f 2500/2500/2500 2491/2491/2491 2493/2493/2493
f 2491/2491/2491 2469/2469/2469 2493/2493/2493
f 2491/2491/2491 2474/2474/2474 2469/2469/2469
f 2474/2474/2474 2466/2466/2466 2469/2469/2469
f 2474/2474/2474 2472/2472/2472 2466/2466/2466
f 2472/2472/2472 2464/2464/2464 2466/2466/2466
f 2472/2472/2472 2470/2470/2470 2464/2464/2464
f 2470/2470/2470 2465/2465/2465 2464/2464/2464
f 2470/2470/2470 2471/2471/2471 2465/2465/2465
f 2471/2471/2471 2467/2467/2467 2465/2465/2465
f 2471/2471/2471 2473/2473/2473 2467/2467/2467
f 2473/2473/2473 2481/2481/2481 2467/2467/2467
f 2473/2473/2473 2482/2482/2482 2481/2481/2481
f 2482/2482/2482 2497/2497/2497 2481/2481/2481
f 2482/2482/2482 2494/2494/2494 2497/2497/2497
f 2385/2385/2385 2376/2376/2376 2387/2387/2387
f 2385/2385/2385 2374/2374/2374 2376/2376/2376
f 2374/2374/2374 2356/2356/2356 2376/2376/2376
f 2374/2374/2374 2358/2358/2358 2356/2356/2356
f 2358/2358/2358 2348/2348/2348 2356/2356/2356
f 2358/2358/2358 2354/2354/2354 2348/2348/2348
f 2354/2354/2354 2346/2346/2346 2348/2348/2348
f 2354/2354/2354 2352/2352/2352 2346/2346/2346
f 2352/2352/2352 2347/2347/2347 2346/2346/2346
f 2352/2352/2352 2353/2353/2353 2347/2347/2347
f 2353/2353/2353 2350/2350/2350 2347/2347/2347
f 2353/2353/2353 2355/2355/2355 2350/2350/2350
f 2355/2355/2355 2372/2372/2372 2350/2350/2350
f 2355/2355/2355 2369/2369/2369 2372/2372/2372
f 2369/2369/2369 2381/2381/2381 2372/2372/2372
f 2369/2369/2369 2380/2380/2380 2381/2381/2381
f 2612/2612/2612 2609/2609/2609 2614/2614/2614
f 2612/2612/2612 2607/2607/2607 2609/2609/2609
f 2607/2607/2607 2590/2590/2590 2609/2609/2609
f 2607/2607/2607 2595/2595/2595 2590/2590/2590
f 2595/2595/2595 2586/2586/2586 2590/2590/2590
f 2595/2595/2595 2593/2593/2593 2586/2586/2586
f 2593/2593/2593 2584/2584/2584 2586/2586/2586
f 2593/2593/2593 2591/2591/2591 2584/2584/2584
f 2591/2591/2591 2585/2585/2585 2584/2584/2584
f 2591/2591/2591 2592/2592/2592 2585/2585/2585
f 2592/2592/2592 2587/2587/2587 2585/2585/2585
f 2592/2592/2592 2594/2594/2594 2587/2587/2587
f 2594/2594/2594 2562/2562/2562 2587/2587/2587
f 2594/2594/2594 2565/2565/2565 2562/2562/2562
f 2565/2565/2565 2559/2559/2559 2562/2562/2562
f 2565/2565/2565 2563/2563/2563 2559/2559/2559
f 2563/2563/2563 2560/2560/2560 2559/2559/2559
f 2563/2563/2563 2564/2564/2564 2560/2560/2560
f 2539/2539/2539 2536/2536/2536 2541/2541/2541
f 2539/2539/2539 2533/2533/2533 2536/2536/2536
f 2533/2533/2533 2535/2535/2535 2536/2536/2536
f 2533/2533/2533 2529/2529/2529 2535/2535/2535
f 2529/2529/2529 2534/2534/2534 2535/2535/2535
f 2529/2529/2529 2528/2528/2528 2534/2534/2534
f 2530/2530/2530 2451/2451/2451 2450/2450/2450
f 2530/2530/2530 2527/2527/2527 2451/2451/2451
f 2527/2527/2527 2423/2423/2423 2451/2451/2451
f 2527/2527/2527 2526/2526/2526 2423/2423/2423
f 2526/2526/2526 2424/2424/2424 2423/2423/2423
f 2526/2526/2526 2540/2540/2540 2424/2424/2424
f 2540/2540/2540 2425/2425/2425 2424/2424/2424
f 2540/2540/2540 2501/2501/2501 2425/2425/2425
f 2501/2501/2501 2428/2428/2428 2425/2425/2425
f 2501/2501/2501 2493/2493/2493 2428/2428/2428
f 2493/2493/2493 2468/2468/2468 2428/2428/2428
f 2493/2493/2493 2469/2469/2469 2468/2468/2468
f 2469/2469/2469 2460/2460/2460 2468/2468/2468
f 2469/2469/2469 2466/2466/2466 2460/2460/2460
f 2466/2466/2466 2458/2458/2458 2460/2460/2460
f 2466/2466/2466 2464/2464/2464 2458/2458/2458
f 2464/2464/2464 2459/2459/2459 2458/2458/2458
f 2464/2464/2464 2465/2465/2465 2459/2459/2459
f 2465/2465/2465 2462/2462/2462 2459/2459/2459
f 2465/2465/2465 2467/2467/2467 2462/2462/2462
f 2467/2467/2467 2480/2480/2480 2462/2462/2462
f 2467/2467/2467 2481/2481/2481 2480/2480/2480
f 2481/2481/2481 2499/2499/2499 2480/2480/2480
f 2481/2481/2481 2497/2497/2497 2499/2499/2499
f 2387/2387/2387 2382/2382/2382 2391/2391/2391
f 2387/2387/2387 2376/2376/2376 2382/2382/2382
f 2376/2376/2376 2357/2357/2357 2382/2382/2382
f 2376/2376/2376 2356/2356/2356 2357/2357/2357
f 2356/2356/2356 2340/2340/2340 2357/2357/2357
f 2356/2356/2356 2348/2348/2348 2340/2340/2340
f 2348/2348/2348 2343/2343/2343 2340/2340/2340
f 2348/2348/2348 2346/2346/2346 2343/2343/2343
f 2346/2346/2346 2345/2345/2345 2343/2343/2343
f 2346/2346/2346 2347/2347/2347 2345/2345/2345
f 2347/2347/2347 2349/2349/2349 2345/2345/2345
f 2347/2347/2347 2350/2350/2350 2349/2349/2349
f 2350/2350/2350 2377/2377/2377 2349/2349/2349
f 2350/2350/2350 2372/2372/2372 2377/2377/2377
f 2372/2372/2372 2388/2388/2388 2377/2377/2377
f 2372/2372/2372 2381/2381/2381 2388/2388/2388
f 2614/2614/2614 2610/2610/2610 2615/2615/2615
f 2614/2614/2614 2609/2609/2609 2610/2610/2610
f 2609/2609/2609 2588/2588/2588 2610/2610/2610
f 2609/2609/2609 2590/2590/2590 2588/2588/2588
f 2590/2590/2590 2580/2580/2580 2588/2588/2588
f 2590/2590/2590 2586/2586/2586 2580/2580/2580
f 2586/2586/2586 2578/2578/2578 2580/2580/2580
f 2586/2586/2586 2584/2584/2584 2578/2578/2578
f 2584/2584/2584 2579/2579/2579 2578/2578/2578
f 2584/2584/2584 2585/2585/2585 2579/2579/2579
f 2585/2585/2585 2582/2582/2582 2579/2579/2579
f 2585/2585/2585 2587/2587/2587 2582/2582/2582
f 2587/2587/2587 2558/2558/2558 2582/2582/2582
f 2587/2587/2587 2562/2562/2562 2558/2558/2558
f 2562/2562/2562 2555/2555/2555 2558/2558/2558
f 2562/2562/2562 2559/2559/2559 2555/2555/2555
f 2559/2559/2559 2553/2553/2553 2555/2555/2555
f 2559/2559/2559 2560/2560/2560 2553/2553/2553
f 2560/2560/2560 2554/2554/2554 2553/2553/2553
f 2560/2560/2560 2561/2561/2561 2554/2554/2554
f 2536/2536/2536 2448/2448/2448 2452/2452/2452
f 2536/2536/2536 2535/2535/2535 2448/2448/2448
f 2535/2535/2535 2449/2449/2449 2448/2448/2448
f 2535/2535/2535 2534/2534/2534 2449/2449/2449
f 2450/2450/2450 2446/2446/2446 2444/2444/2444
f 2450/2450/2450 2451/2451/2451 2446/2446/2446
f 2451/2451/2451 2418/2418/2418 2446/2446/2446
f 2451/2451/2451 2423/2423/2423 2418/2418/2418
f 2423/2423/2423 2419/2419/2419 2418/2418/2418
f 2423/2423/2423 2424/2424/2424 2419/2419/2419
f 2424/2424/2424 2420/2420/2420 2419/2419/2419
f 2424/2424/2424 2425/2425/2425 2420/2420/2420
f 2425/2425/2425 2427/2427/2427 2420/2420/2420
f 2425/2425/2425 2428/2428/2428 2427/2427/2427
f 2428/2428/2428 2431/2431/2431 2427/2427/2427
f 2428/2428/2428 2468/2468/2468 2431/2431/2431
f 2468/2468/2468 2453/2453/2453 2431/2431/2431
f 2468/2468/2468 2460/2460/2460 2453/2453/2453
f 2460/2460/2460 2455/2455/2455 2453/2453/2453
f 2460/2460/2460 2458/2458/2458 2455/2455/2455
f 2458/2458/2458 2457/2457/2457 2455/2455/2455
f 2458/2458/2458 2459/2459/2459 2457/2457/2457
f 2459/2459/2459 2461/2461/2461 2457/2457/2457
f 2459/2459/2459 2462/2462/2462 2461/2461/2461
f 2462/2462/2462 2498/2498/2498 2461/2461/2461
f 2462/2462/2462 2480/2480/2480 2498/2498/2498
f 2480/2480/2480 2502/2502/2502 2498/2498/2498
f 2480/2480/2480 2499/2499/2499 2502/2502/2502
f 2391/2391/2391 2390/2390/2390 2398/2398/2398
f 2391/2391/2391 2382/2382/2382 2390/2390/2390
f 2382/2382/2382 2386/2386/2386 2390/2390/2390
f 2382/2382/2382 2357/2357/2357 2386/2386/2386
f 2357/2357/2357 2341/2341/2341 2386/2386/2386
f 2357/2357/2357 2340/2340/2340 2341/2341/2341
f 2340/2340/2340 2342/2342/2342 2341/2341/2341
f 2340/2340/2340 2343/2343/2343 2342/2342/2342
f 2343/2343/2343 2344/2344/2344 2342/2342/2342
f 2343/2343/2343 2345/2345/2345 2344/2344/2344
f 2345/2345/2345 2351/2351/2351 2344/2344/2344
f 2345/2345/2345 2349/2349/2349 2351/2351/2351
f 2349/2349/2349 2389/2389/2389 2351/2351/2351
f 2349/2349/2349 2377/2377/2377 2389/2389/2389
f 2377/2377/2377 2396/2396/2396 2389/2389/2389
f 2377/2377/2377 2388/2388/2388 2396/2396/2396
f 2615/2615/2615 2622/2622/2622 2623/2623/2623
f 2615/2615/2615 2610/2610/2610 2622/2622/2622
f 2610/2610/2610 2589/2589/2589 2622/2622/2622
f 2610/2610/2610 2588/2588/2588 2589/2589/2589
f 2588/2588/2588 2576/2576/2576 2589/2589/2589
f 2588/2588/2588 2580/2580/2580 2576/2576/2576
f 2580/2580/2580 2572/2572/2572 2576/2576/2576
f 2580/2580/2580 2578/2578/2578 2572/2572/2572
f 2578/2578/2578 2575/2575/2575 2572/2572/2572
f 2578/2578/2578 2579/2579/2579 2575/2575/2575
f 2579/2579/2579 2581/2581/2581 2575/2575/2575
f 2579/2579/2579 2582/2582/2582 2581/2581/2581
f 2582/2582/2582 2556/2556/2556 2581/2581/2581
f 2582/2582/2582 2558/2558/2558 2556/2556/2556
f 2558/2558/2558 2552/2552/2552 2556/2556/2556
f 2558/2558/2558 2555/2555/2555 2552/2552/2552
f 2555/2555/2555 2550/2550/2550 2552/2552/2552
f 2555/2555/2555 2553/2553/2553 2550/2550/2550
f 2553/2553/2553 2551/2551/2551 2550/2550/2550
f 2553/2553/2553 2554/2554/2554 2551/2551/2551
f 2452/2452/2452 2441/2441/2441 2443/2443/2443
f 2452/2452/2452 2448/2448/2448 2441/2441/2441
f 2448/2448/2448 2442/2442/2442 2441/2441/2441
f 2448/2448/2448 2449/2449/2449 2442/2442/2442
f 2444/2444/2444 2421/2421/2421 2445/2445/2445
f 2444/2444/2444 2446/2446/2446 2421/2421/2421
f 2446/2446/2446 2416/2416/2416 2421/2421/2421
f 2446/2446/2446 2418/2418/2418 2416/2416/2416
f 2418/2418/2418 2412/2412/2412 2416/2416/2416
f 2418/2418/2418 2419/2419/2419 2412/2412/2412
f 2419/2419/2419 2414/2414/2414 2412/2412/2412
f 2419/2419/2419 2420/2420/2420 2414/2414/2414
f 2420/2420/2420 2426/2426/2426 2414/2414/2414
f 2420/2420/2420 2427/2427/2427 2426/2426/2426
f 2427/2427/2427 2430/2430/2430 2426/2426/2426
f 2427/2427/2427 2431/2431/2431 2430/2430/2430
f 2431/2431/2431 2434/2434/2434 2430/2430/2430
f 2431/2431/2431 2453/2453/2453 2434/2434/2434
f 2453/2453/2453 2454/2454/2454 2434/2434/2434
f 2453/2453/2453 2455/2455/2455 2454/2454/2454
f 2455/2455/2455 2456/2456/2456 2454/2454/2454
f 2455/2455/2455 2457/2457/2457 2456/2456/2456
f 2457/2457/2457 2463/2463/2463 2456/2456/2456
f 2457/2457/2457 2461/2461/2461 2463/2463/2463
f 2461/2461/2461 2503/2503/2503 2463/2463/2463
f 2461/2461/2461 2498/2498/2498 2503/2503/2503
f 2498/2498/2498 2504/2504/2504 2503/2503/2503
f 2498/2498/2498 2502/2502/2502 2504/2504/2504
f 2398/2398/2398 2400/2400/2400 2402/2402/2402
f 2398/2398/2398 2390/2390/2390 2400/2400/2400
f 2390/2390/2390 2397/2397/2397 2400/2400/2400
f 2390/2390/2390 2386/2386/2386 2397/2397/2397
f 2386/2386/2386 2394/2394/2394 2397/2397/2397
f 2386/2386/2386 2341/2341/2341 2394/2394/2394
f 2341/2341/2341 2393/2393/2393 2394/2394/2394
f 2341/2341/2341 2342/2342/2342 2393/2393/2393
f 2342/2342/2342 2392/2392/2392 2393/2393/2393
f 2342/2342/2342 2344/2344/2344 2392/2392/2392
f 2344/2344/2344 2395/2395/2395 2392/2392/2392
f 2344/2344/2344 2351/2351/2351 2395/2395/2395
f 2351/2351/2351 2399/2399/2399 2395/2395/2395
f 2351/2351/2351 2389/2389/2389 2399/2399/2399
f 2389/2389/2389 2401/2401/2401 2399/2399/2399
f 2389/2389/2389 2396/2396/2396 2401/2401/2401
f 2623/2623/2623 2618/2618/2618 2616/2616/2616
f 2623/2623/2623 2622/2622/2622 2618/2618/2618
f 2622/2622/2622 2621/2621/2621 2618/2618/2618
f 2622/2622/2622 2589/2589/2589 2621/2621/2621
f 2589/2589/2589 2577/2577/2577 2621/2621/2621
f 2589/2589/2589 2576/2576/2576 2577/2577/2577
f 2576/2576/2576 2573/2573/2573 2577/2577/2577
f 2576/2576/2576 2572/2572/2572 2573/2573/2573
f 2572/2572/2572 2574/2574/2574 2573/2573/2573
f 2572/2572/2572 2575/2575/2575 2574/2574/2574
f 2575/2575/2575 2583/2583/2583 2574/2574/2574
f 2575/2575/2575 2581/2581/2581 2583/2583/2583
f 2581/2581/2581 2557/2557/2557 2583/2583/2583
f 2581/2581/2581 2556/2556/2556 2557/2557/2557
f 2556/2556/2556 2544/2544/2544 2557/2557/2557
f 2556/2556/2556 2552/2552/2552 2544/2544/2544
f 2552/2552/2552 2546/2546/2546 2544/2544/2544
f 2552/2552/2552 2550/2550/2550 2546/2546/2546
f 2550/2550/2550 2549/2549/2549 2546/2546/2546
f 2550/2550/2550 2551/2551/2551 2549/2549/2549
f 2443/2443/2443 2435/2435/2435 2439/2439/2439
f 2443/2443/2443 2441/2441/2441 2435/2435/2435
f 2441/2441/2441 2437/2437/2437 2435/2435/2435
f 2441/2441/2441 2442/2442/2442 2437/2437/2437
f 2445/2445/2445 2422/2422/2422 2447/2447/2447
f 2445/2445/2445 2421/2421/2421 2422/2422/2422
f 2421/2421/2421 2417/2417/2417 2422/2422/2422
f 2421/2421/2421 2416/2416/2416 2417/2417/2417
f 2416/2416/2416 2415/2415/2415 2417/2417/2417
f 2416/2416/2416 2412/2412/2412 2415/2415/2415
f 2412/2412/2412 2413/2413/2413 2415/2415/2415
f 2412/2412/2412 2414/2414/2414 2413/2413/2413
f 2414/2414/2414 2429/2429/2429 2413/2413/2413
f 2414/2414/2414 2426/2426/2426 2429/2429/2429
f 2426/2426/2426 2432/2432/2432 2429/2429/2429
f 2426/2426/2426 2430/2430/2430 2432/2432/2432
f 2430/2430/2430 2433/2433/2433 2432/2432/2432
f 2430/2430/2430 2434/2434/2434 2433/2433/2433
f 2434/2434/2434 2506/2506/2506 2433/2433/2433
f 2434/2434/2434 2454/2454/2454 2506/2506/2506
f 2454/2454/2454 2505/2505/2505 2506/2506/2506
f 2454/2454/2454 2456/2456/2456 2505/2505/2505
f 2456/2456/2456 2507/2507/2507 2505/2505/2505
f 2456/2456/2456 2463/2463/2463 2507/2507/2507
f 2463/2463/2463 2508/2508/2508 2507/2507/2507
f 2463/2463/2463 2503/2503/2503 2508/2508/2508
f 2503/2503/2503 2509/2509/2509 2508/2508/2508
f 2503/2503/2503 2504/2504/2504 2509/2509/2509
f 2402/2402/2402 2409/2409/2409 2411/2411/2411
f 2402/2402/2402 2400/2400/2400 2409/2409/2409
f 2400/2400/2400 2407/2407/2407 2409/2409/2409
f 2400/2400/2400 2397/2397/2397 2407/2407/2407
f 2397/2397/2397 2405/2405/2405 2407/2407/2407
f 2397/2397/2397 2394/2394/2394 2405/2405/2405
f 2394/2394/2394 2404/2404/2404 2405/2405/2405
f 2394/2394/2394 2393/2393/2393 2404/2404/2404
f 2393/2393/2393 2403/2403/2403 2404/2404/2404
f 2393/2393/2393 2392/2392/2392 2403/2403/2403
f 2392/2392/2392 2406/2406/2406 2403/2403/2403
f 2392/2392/2392 2395/2395/2395 2406/2406/2406
f 2395/2395/2395 2408/2408/2408 2406/2406/2406
f 2395/2395/2395 2399/2399/2399 2408/2408/2408
f 2399/2399/2399 2410/2410/2410 2408/2408/2408
f 2399/2399/2399 2401/2401/2401 2410/2410/2410
f 2616/2616/2616 2617/2617/2617 2619/2619/2619
f 2616/2616/2616 2618/2618/2618 2617/2617/2617
f 2618/2618/2618 2620/2620/2620 2617/2617/2617
f 2618/2618/2618 2621/2621/2621 2620/2620/2620
f 2621/2621/2621 2624/2624/2624 2620/2620/2620
f 2621/2621/2621 2577/2577/2577 2624/2624/2624
f 2577/2577/2577 2625/2625/2625 2624/2624/2624
f 2577/2577/2577 2573/2573/2573 2625/2625/2625
f 2573/2573/2573 2626/2626/2626 2625/2625/2625
f 2573/2573/2573 2574/2574/2574 2626/2626/2626
f 2574/2574/2574 2627/2627/2627 2626/2626/2626
f 2574/2574/2574 2583/2583/2583 2627/2627/2627
f 2583/2583/2583 2628/2628/2628 2627/2627/2627
f 2583/2583/2583 2557/2557/2557 2628/2628/2628
f 2557/2557/2557 2547/2547/2547 2628/2628/2628
f 2557/2557/2557 2544/2544/2544 2547/2547/2547
f 2544/2544/2544 2545/2545/2545 2547/2547/2547
f 2544/2544/2544 2546/2546/2546 2545/2545/2545
f 2546/2546/2546 2548/2548/2548 2545/2545/2545
f 2546/2546/2546 2549/2549/2549 2548/2548/2548
f 2439/2439/2439 2438/2438/2438 2440/2440/2440
f 2439/2439/2439 2435/2435/2435 2438/2438/2438
f 2435/2435/2435 2436/2436/2436 2438/2438/2438
f 2435/2435/2435 2437/2437/2437 2436/2436/2436
f 344/344/344 345/345/345 347/347/347
f 344/344/344 346/346/346 345/345/345
f 346/346/346 449/449/449 345/345/345
f 346/346/346 450/450/450 449/449/449
f 982/982/982 983/983/983 985/985/985
f 982/982/982 984/984/984 983/983/983
f 984/984/984 1048/1048/1048 983/983/983
f 984/984/984 1047/1047/1047 1048/1048/1048
f 1047/1047/1047 1049/1049/1049 1048/1048/1048
f 1047/1047/1047 1050/1050/1050 1049/1049/1049
f 1050/1050/1050 1151/1151/1151 1049/1049/1049
f 1050/1050/1050 1152/1152/1152 1151/1151/1151
f 1539/1539/1539 1415/1415/1415 1538/1538/1538
f 1539/1539/1539 1414/1414/1414 1415/1415/1415
f 1414/1414/1414 1416/1416/1416 1415/1415/1415
f 1414/1414/1414 1417/1417/1417 1416/1416/1416
f 1417/1417/1417 1460/1460/1460 1416/1416/1416
f 1417/1417/1417 1461/1461/1461 1460/1460/1460
f 1461/1461/1461 1529/1529/1529 1460/1460/1460
f 1461/1461/1461 1530/1530/1530 1529/1529/1529
f 698/698/698 530/530/530 678/678/678
f 698/698/698 529/529/529 530/530/530
f 529/529/529 528/528/528 530/530/530
f 529/529/529 525/525/525 528/528/528
f 525/525/525 526/526/526 528/528/528
f 525/525/525 527/527/527 526/526/526
f 527/527/527 676/676/676 526/526/526
f 527/527/527 681/681/681 676/676/676
f 415/415/415 277/277/277 413/413/413
f 415/415/415 276/276/276 277/277/277
f 276/276/276 278/278/278 277/277/277
f 276/276/276 279/279/279 278/278/278
f 347/347/347 348/348/348 349/349/349
f 347/347/347 345/345/345 348/348/348
f 345/345/345 448/448/448 348/348/348
f 345/345/345 449/449/449 448/448/448
f 985/985/985 1052/1052/1052 1144/1144/1144
f 985/985/985 983/983/983 1052/1052/1052
f 983/983/983 1051/1051/1051 1052/1052/1052
f 983/983/983 1048/1048/1048 1051/1051/1051
f 1048/1048/1048 1053/1053/1053 1051/1051/1051
f 1048/1048/1048 1049/1049/1049 1053/1053/1053
f 1049/1049/1049 1149/1149/1149 1053/1053/1053
f 1049/1049/1049 1151/1151/1151 1149/1149/1149
f 1538/1538/1538 1419/1419/1419 1537/1537/1537
f 1538/1538/1538 1415/1415/1415 1419/1419/1419
f 1415/1415/1415 1418/1418/1418 1419/1419/1419
f 1415/1415/1415 1416/1416/1416 1418/1418/1418
f 1416/1416/1416 1462/1462/1462 1418/1418/1418
f 1416/1416/1416 1460/1460/1460 1462/1462/1462
f 1460/1460/1460 1527/1527/1527 1462/1462/1462
f 1460/1460/1460 1529/1529/1529 1527/1527/1527
f 678/678/678 564/564/564 672/672/672
f 678/678/678 530/530/530 564/564/564
f 530/530/530 563/563/563 564/564/564
f 530/530/530 528/528/528 563/563/563
f 528/528/528 562/562/562 563/563/563
f 528/528/528 526/526/526 562/562/562
f 526/526/526 675/675/675 562/562/562
f 526/526/526 676/676/676 675/675/675
f 413/413/413 281/281/281 411/411/411
f 413/413/413 277/277/277 281/281/281
f 277/277/277 280/280/280 281/281/281
f 277/277/277 278/278/278 280/280/280
f 349/349/349 350/350/350 351/351/351
f 349/349/349 348/348/348 350/350/350
f 348/348/348 446/446/446 350/350/350
f 348/348/348 448/448/448 446/446/446
f 1144/1144/1144 1062/1062/1062 1141/1141/1141
f 1144/1144/1144 1052/1052/1052 1062/1062/1062
f 1052/1052/1052 1061/1061/1061 1062/1062/1062
f 1052/1052/1052 1051/1051/1051 1061/1061/1061
f 1051/1051/1051 1060/1060/1060 1061/1061/1061
f 1051/1051/1051 1053/1053/1053 1060/1060/1060
f 1053/1053/1053 1147/1147/1147 1060/1060/1060
f 1053/1053/1053 1149/1149/1149 1147/1147/1147
f 1537/1537/1537 1421/1421/1421 1536/1536/1536
f 1537/1537/1537 1419/1419/1419 1421/1421/1421
f 1419/1419/1419 1420/1420/1420 1421/1421/1421
f 1419/1419/1419 1418/1418/1418 1420/1420/1420
f 1418/1418/1418 1463/1463/1463 1420/1420/1420
f 1418/1418/1418 1462/1462/1462 1463/1463/1463
f 1462/1462/1462 1525/1525/1525 1463/1463/1463
f 1462/1462/1462 1527/1527/1527 1525/1525/1525
f 672/672/672 567/567/567 666/666/666
f 672/672/672 564/564/564 567/567/567
f 564/564/564 566/566/566 567/567/567
f 564/564/564 563/563/563 566/566/566
f 563/563/563 565/565/565 566/566/566
f 563/563/563 562/562/562 565/565/565
f 562/562/562 663/663/663 565/565/565
f 562/562/562 675/675/675 663/663/663
f 411/411/411 283/283/283 409/409/409
f 411/411/411 281/281/281 283/283/283
f 281/281/281 282/282/282 283/283/283
f 281/281/281 280/280/280 282/282/282
f 351/351/351 352/352/352 353/353/353
f 351/351/351 350/350/350 352/352/352
f 350/350/350 444/444/444 352/352/352
f 350/350/350 446/446/446 444/444/444
f 1141/1141/1141 1066/1066/1066 1139/1139/1139
f 1141/1141/1141 1062/1062/1062 1066/1066/1066
f 1062/1062/1062 1065/1065/1065 1066/1066/1066
f 1062/1062/1062 1061/1061/1061 1065/1065/1065
f 1061/1061/1061 1067/1067/1067 1065/1065/1065
f 1061/1061/1061 1060/1060/1060 1067/1067/1067
f 1060/1060/1060 1146/1146/1146 1067/1067/1067
f 1060/1060/1060 1147/1147/1147 1146/1146/1146
f 1536/1536/1536 1423/1423/1423 1535/1535/1535
f 1536/1536/1536 1421/1421/1421 1423/1423/1423
f 1421/1421/1421 1422/1422/1422 1423/1423/1423
f 1421/1421/1421 1420/1420/1420 1422/1422/1422
f 1420/1420/1420 1464/1464/1464 1422/1422/1422
f 1420/1420/1420 1463/1463/1463 1464/1464/1464
f 1463/1463/1463 1523/1523/1523 1464/1464/1464
f 1463/1463/1463 1525/1525/1525 1523/1523/1523
f 666/666/666 576/576/576 656/656/656
f 666/666/666 567/567/567 576/576/576
f 567/567/567 575/575/575 576/576/576
f 567/567/567 566/566/566 575/575/575
f 566/566/566 574/574/574 575/575/575
f 566/566/566 565/565/565 574/574/574
f 565/565/565 660/660/660 574/574/574
f 565/565/565 663/663/663 660/660/660
f 409/409/409 285/285/285 407/407/407
f 409/409/409 283/283/283 285/285/285
f 283/283/283 284/284/284 285/285/285
f 283/283/283 282/282/282 284/284/284
f 353/353/353 354/354/354 355/355/355
f 353/353/353 352/352/352 354/354/354
f 352/352/352 442/442/442 354/354/354
f 352/352/352 444/444/444 442/442/442
f 1139/1139/1139 1078/1078/1078 1140/1140/1140
f 1139/1139/1139 1066/1066/1066 1078/1078/1078
f 1066/1066/1066 1077/1077/1077 1078/1078/1078
f 1066/1066/1066 1065/1065/1065 1077/1077/1077
f 1065/1065/1065 1076/1076/1076 1077/1077/1077
f 1065/1065/1065 1067/1067/1067 1076/1076/1076
f 1067/1067/1067 1145/1145/1145 1076/1076/1076
f 1067/1067/1067 1146/1146/1146 1145/1145/1145
f 1535/1535/1535 1425/1425/1425 1534/1534/1534
f 1535/1535/1535 1423/1423/1423 1425/1425/1425
f 1423/1423/1423 1424/1424/1424 1425/1425/1425
f 1423/1423/1423 1422/1422/1422 1424/1424/1424
f 1422/1422/1422 1465/1465/1465 1424/1424/1424
f 1422/1422/1422 1464/1464/1464 1465/1465/1465
f 1464/1464/1464 1521/1521/1521 1465/1465/1465
f 1464/1464/1464 1523/1523/1523 1521/1521/1521
f 656/656/656 579/579/579 657/657/657
f 656/656/656 576/576/576 579/579/579
f 576/576/576 578/578/578 579/579/579
f 576/576/576 575/575/575 578/578/578
f 575/575/575 577/577/577 578/578/578
f 575/575/575 574/574/574 577/577/577
f 574/574/574 659/659/659 577/577/577
f 574/574/574 660/660/660 659/659/659
f 407/407/407 287/287/287 405/405/405
f 407/407/407 285/285/285 287/287/287
f 285/285/285 286/286/286 287/287/287
f 285/285/285 284/284/284 286/286/286
f 355/355/355 356/356/356 357/357/357
f 355/355/355 354/354/354 356/356/356
f 354/354/354 440/440/440 356/356/356
f 354/354/354 442/442/442 440/440/440
f 1140/1140/1140 1080/1080/1080 1142/1142/1142
f 1140/1140/1140 1078/1078/1078 1080/1080/1080
f 1078/1078/1078 1079/1079/1079 1080/1080/1080
f 1078/1078/1078 1077/1077/1077 1079/1079/1079
f 1077/1077/1077 1081/1081/1081 1079/1079/1079
f 1077/1077/1077 1076/1076/1076 1081/1081/1081
f 1076/1076/1076 1148/1148/1148 1081/1081/1081
f 1076/1076/1076 1145/1145/1145 1148/1148/1148
f 1534/1534/1534 1427/1427/1427 1533/1533/1533
f 1534/1534/1534 1425/1425/1425 1427/1427/1427
f 1425/1425/1425 1426/1426/1426 1427/1427/1427
f 1425/1425/1425 1424/1424/1424 1426/1426/1426
f 1424/1424/1424 1466/1466/1466 1426/1426/1426
f 1424/1424/1424 1465/1465/1465 1466/1466/1466
f 1465/1465/1465 1519/1519/1519 1466/1466/1466
f 1465/1465/1465 1521/1521/1521 1519/1519/1519
f 657/657/657 588/588/588 658/658/658
f 657/657/657 579/579/579 588/588/588
f 579/579/579 587/587/587 588/588/588
f 579/579/579 578/578/578 587/587/587
f 578/578/578 586/586/586 587/587/587
f 578/578/578 577/577/577 586/586/586
f 577/577/577 661/661/661 586/586/586
f 577/577/577 659/659/659 661/661/661
f 405/405/405 289/289/289 403/403/403
f 405/405/405 287/287/287 289/289/289
f 287/287/287 288/288/288 289/289/289
f 287/287/287 286/286/286 288/288/288
f 357/357/357 358/358/358 359/359/359
f 357/357/357 356/356/356 358/358/358
f 356/356/356 436/436/436 358/358/358
f 356/356/356 440/440/440 436/436/436
f 1142/1142/1142 1090/1090/1090 1143/1143/1143
f 1142/1142/1142 1080/1080/1080 1090/1090/1090
f 1080/1080/1080 1089/1089/1089 1090/1090/1090
f 1080/1080/1080 1079/1079/1079 1089/1089/1089
f 1079/1079/1079 1088/1088/1088 1089/1089/1089
f 1079/1079/1079 1081/1081/1081 1088/1088/1088
f 1081/1081/1081 1150/1150/1150 1088/1088/1088
f 1081/1081/1081 1148/1148/1148 1150/1150/1150
f 1533/1533/1533 1429/1429/1429 1499/1499/1499
f 1533/1533/1533 1427/1427/1427 1429/1429/1429
f 1427/1427/1427 1428/1428/1428 1429/1429/1429
f 1427/1427/1427 1426/1426/1426 1428/1428/1428
f 1426/1426/1426 1467/1467/1467 1428/1428/1428
f 1426/1426/1426 1466/1466/1466 1467/1467/1467
f 1466/1466/1466 1517/1517/1517 1467/1467/1467
f 1466/1466/1466 1519/1519/1519 1517/1517/1517
f 658/658/658 591/591/591 670/670/670
f 658/658/658 588/588/588 591/591/591
f 588/588/588 590/590/590 591/591/591
f 588/588/588 587/587/587 590/590/590
f 587/587/587 589/589/589 590/590/590
f 587/587/587 586/586/586 589/589/589
f 586/586/586 673/673/673 589/589/589
f 586/586/586 661/661/661 673/673/673
f 403/403/403 291/291/291 401/401/401
f 403/403/403 289/289/289 291/291/291
f 289/289/289 290/290/290 291/291/291
f 289/289/289 288/288/288 290/290/290
f 359/359/359 360/360/360 361/361/361
f 359/359/359 358/358/358 360/360/360
f 358/358/358 434/434/434 360/360/360
f 358/358/358 436/436/436 434/434/434
f 1143/1143/1143 1092/1092/1092 1170/1170/1170
f 1143/1143/1143 1090/1090/1090 1092/1092/1092
f 1090/1090/1090 1091/1091/1091 1092/1092/1092
f 1090/1090/1090 1089/1089/1089 1091/1091/1091
f 1089/1089/1089 1093/1093/1093 1091/1091/1091
f 1089/1089/1089 1088/1088/1088 1093/1093/1093
f 1088/1088/1088 1160/1160/1160 1093/1093/1093
f 1088/1088/1088 1150/1150/1150 1160/1160/1160
f 1499/1499/1499 1431/1431/1431 1498/1498/1498
f 1499/1499/1499 1429/1429/1429 1431/1431/1431
f 1429/1429/1429 1430/1430/1430 1431/1431/1431
f 1429/1429/1429 1428/1428/1428 1430/1430/1430
f 1428/1428/1428 1468/1468/1468 1430/1430/1430
f 1428/1428/1428 1467/1467/1467 1468/1468/1468
f 1467/1467/1467 1515/1515/1515 1468/1468/1468
f 1467/1467/1467 1517/1517/1517 1515/1515/1515
f 670/670/670 600/600/600 686/686/686
f 670/670/670 591/591/591 600/600/600
f 591/591/591 599/599/599 600/600/600
f 591/591/591 590/590/590 599/599/599
f 590/590/590 598/598/598 599/599/599
f 590/590/590 589/589/589 598/598/598
f 589/589/589 682/682/682 598/598/598
f 589/589/589 673/673/673 682/682/682
f 401/401/401 293/293/293 399/399/399
f 401/401/401 291/291/291 293/293/293
f 291/291/291 292/292/292 293/293/293
f 291/291/291 290/290/290 292/292/292
f 361/361/361 362/362/362 363/363/363
f 361/361/361 360/360/360 362/362/362
f 360/360/360 432/432/432 362/362/362
f 360/360/360 434/434/434 432/432/432
f 1170/1170/1170 1102/1102/1102 1171/1171/1171
f 1170/1170/1170 1092/1092/1092 1102/1102/1102
f 1092/1092/1092 1101/1101/1101 1102/1102/1102
f 1092/1092/1092 1091/1091/1091 1101/1101/1101
f 1091/1091/1091 1100/1100/1100 1101/1101/1101
f 1091/1091/1091 1093/1093/1093 1100/1100/1100
f 1093/1093/1093 1172/1172/1172 1100/1100/1100
f 1093/1093/1093 1160/1160/1160 1172/1172/1172
f 1498/1498/1498 1433/1433/1433 1497/1497/1497
f 1498/1498/1498 1431/1431/1431 1433/1433/1433
f 1431/1431/1431 1432/1432/1432 1433/1433/1433
f 1431/1431/1431 1430/1430/1430 1432/1432/1432
f 1430/1430/1430 1469/1469/1469 1432/1432/1432
f 1430/1430/1430 1468/1468/1468 1469/1469/1469
f 1468/1468/1468 1513/1513/1513 1469/1469/1469
f 1468/1468/1468 1515/1515/1515 1513/1513/1513
f 686/686/686 602/602/602 710/710/710
f 686/686/686 600/600/600 602/602/602
f 600/600/600 601/601/601 602/602/602
f 600/600/600 599/599/599 601/601/601
f 599/599/599 603/603/603 601/601/601
f 599/599/599 598/598/598 603/603/603
f 598/598/598 711/711/711 603/603/603
f 598/598/598 682/682/682 711/711/711
f 399/399/399 295/295/295 397/397/397
f 399/399/399 293/293/293 295/295/295
f 293/293/293 294/294/294 295/295/295
f 293/293/293 292/292/292 294/294/294
f 363/363/363 364/364/364 365/365/365
f 363/363/363 362/362/362 364/364/364
f 362/362/362 430/430/430 364/364/364
f 362/362/362 432/432/432 430/430/430
f 1171/1171/1171 1104/1104/1104 1176/1176/1176
f 1171/1171/1171 1102/1102/1102 1104/1104/1104
f 1102/1102/1102 1103/1103/1103 1104/1104/1104
f 1102/1102/1102 1101/1101/1101 1103/1103/1103
f 1101/1101/1101 1105/1105/1105 1103/1103/1103
f 1101/1101/1101 1100/1100/1100 1105/1105/1105
f 1100/1100/1100 1178/1178/1178 1105/1105/1105
f 1100/1100/1100 1172/1172/1172 1178/1178/1178
f 1497/1497/1497 1435/1435/1435 1496/1496/1496
f 1497/1497/1497 1433/1433/1433 1435/1435/1435
f 1433/1433/1433 1434/1434/1434 1435/1435/1435
f 1433/1433/1433 1432/1432/1432 1434/1434/1434
f 1432/1432/1432 1470/1470/1470 1434/1434/1434
f 1432/1432/1432 1469/1469/1469 1470/1470/1470
f 1469/1469/1469 1511/1511/1511 1470/1470/1470
f 1469/1469/1469 1513/1513/1513 1511/1511/1511
f 710/710/710 612/612/612 720/720/720
f 710/710/710 602/602/602 612/612/612
f 602/602/602 611/611/611 612/612/612
f 602/602/602 601/601/601 611/611/611
f 601/601/601 610/610/610 611/611/611
f 601/601/601 603/603/603 610/610/610
f 603/603/603 718/718/718 610/610/610
f 603/603/603 711/711/711 718/718/718
f 397/397/397 297/297/297 395/395/395
f 397/397/397 295/295/295 297/297/297
f 295/295/295 296/296/296 297/297/297
f 295/295/295 294/294/294 296/296/296
f 365/365/365 366/366/366 367/367/367
f 365/365/365 364/364/364 366/366/366
f 364/364/364 428/428/428 366/366/366
f 364/364/364 430/430/430 428/428/428
f 1176/1176/1176 1114/1114/1114 1185/1185/1185
f 1176/1176/1176 1104/1104/1104 1114/1114/1114
f 1104/1104/1104 1113/1113/1113 1114/1114/1114
f 1104/1104/1104 1103/1103/1103 1113/1113/1113
f 1103/1103/1103 1112/1112/1112 1113/1113/1113
f 1103/1103/1103 1105/1105/1105 1112/1112/1112
f 1105/1105/1105 1186/1186/1186 1112/1112/1112
f 1105/1105/1105 1178/1178/1178 1186/1186/1186
f 1496/1496/1496 1437/1437/1437 1495/1495/1495
f 1496/1496/1496 1435/1435/1435 1437/1437/1437
f 1435/1435/1435 1436/1436/1436 1437/1437/1437
f 1435/1435/1435 1434/1434/1434 1436/1436/1436
f 1434/1434/1434 1471/1471/1471 1436/1436/1436
f 1434/1434/1434 1470/1470/1470 1471/1471/1471
f 1470/1470/1470 1509/1509/1509 1471/1471/1471
f 1470/1470/1470 1511/1511/1511 1509/1509/1509
f 720/720/720 614/614/614 724/724/724
f 720/720/720 612/612/612 614/614/614
f 612/612/612 613/613/613 614/614/614
f 612/612/612 611/611/611 613/613/613
f 611/611/611 618/618/618 613/613/613
f 611/611/611 610/610/610 618/618/618
f 610/610/610 725/725/725 618/618/618
f 610/610/610 718/718/718 725/725/725
f 395/395/395 299/299/299 393/393/393
f 395/395/395 297/297/297 299/299/299
f 297/297/297 298/298/298 299/299/299
f 297/297/297 296/296/296 298/298/298
f 367/367/367 368/368/368 369/369/369
f 367/367/367 366/366/366 368/368/368
f 366/366/366 426/426/426 368/368/368
f 366/366/366 428/428/428 426/426/426
f 1185/1185/1185 1116/1116/1116 1192/1192/1192
f 1185/1185/1185 1114/1114/1114 1116/1116/1116
f 1114/1114/1114 1115/1115/1115 1116/1116/1116
f 1114/1114/1114 1113/1113/1113 1115/1115/1115
f 1113/1113/1113 1117/1117/1117 1115/1115/1115
f 1113/1113/1113 1112/1112/1112 1117/1117/1117
f 1112/1112/1112 1191/1191/1191 1117/1117/1117
f 1112/1112/1112 1186/1186/1186 1191/1191/1191
f 1495/1495/1495 1439/1439/1439 1493/1493/1493
f 1495/1495/1495 1437/1437/1437 1439/1439/1439
f 1437/1437/1437 1438/1438/1438 1439/1439/1439
f 1437/1437/1437 1436/1436/1436 1438/1438/1438
f 1436/1436/1436 1472/1472/1472 1438/1438/1438
f 1436/1436/1436 1471/1471/1471 1472/1472/1472
f 1471/1471/1471 1507/1507/1507 1472/1472/1472
f 1471/1471/1471 1509/1509/1509 1507/1507/1507
f 724/724/724 624/624/624 734/734/734
f 724/724/724 614/614/614 624/624/624
f 614/614/614 623/623/623 624/624/624
f 614/614/614 613/613/613 623/623/623
f 613/613/613 622/622/622 623/623/623
f 613/613/613 618/618/618 622/622/622
f 618/618/618 732/732/732 622/622/622
f 618/618/618 725/725/725 732/732/732
f 393/393/393 301/301/301 391/391/391
f 393/393/393 299/299/299 301/301/301
f 299/299/299 300/300/300 301/301/301
f 299/299/299 298/298/298 300/300/300
f 369/369/369 370/370/370 371/371/371
f 369/369/369 368/368/368 370/370/370
f 368/368/368 424/424/424 370/370/370
f 368/368/368 426/426/426 424/424/424
f 1192/1192/1192 1126/1126/1126 1200/1200/1200
f 1192/1192/1192 1116/1116/1116 1126/1126/1126
f 1116/1116/1116 1125/1125/1125 1126/1126/1126
f 1116/1116/1116 1115/1115/1115 1125/1125/1125
f 1115/1115/1115 1124/1124/1124 1125/1125/1125
f 1115/1115/1115 1117/1117/1117 1124/1124/1124
f 1117/1117/1117 1199/1199/1199 1124/1124/1124
f 1117/1117/1117 1191/1191/1191 1199/1199/1199
f 1493/1493/1493 1374/1374/1374 1491/1491/1491
f 1493/1493/1493 1439/1439/1439 1374/1374/1374
f 1439/1439/1439 1376/1376/1376 1374/1374/1374
f 1439/1439/1439 1438/1438/1438 1376/1376/1376
f 1438/1438/1438 1473/1473/1473 1376/1376/1376
f 1438/1438/1438 1472/1472/1472 1473/1473/1473
f 1472/1472/1472 1505/1505/1505 1473/1473/1473
f 1472/1472/1472 1507/1507/1507 1505/1505/1505
f 734/734/734 632/632/632 739/739/739
f 734/734/734 624/624/624 632/632/632
f 624/624/624 631/631/631 632/632/632
f 624/624/624 623/623/623 631/631/631
f 623/623/623 630/630/630 631/631/631
f 623/623/623 622/622/622 630/630/630
f 622/622/622 737/737/737 630/630/630
f 622/622/622 732/732/732 737/737/737
f 391/391/391 237/237/237 389/389/389
f 391/391/391 301/301/301 237/237/237
f 301/301/301 302/302/302 237/237/237
f 301/301/301 300/300/300 302/302/302
f 371/371/371 372/372/372 373/373/373
f 371/371/371 370/370/370 372/372/372
f 370/370/370 422/422/422 372/372/372
f 370/370/370 424/424/424 422/422/422
f 1200/1200/1200 1128/1128/1128 1212/1212/1212
f 1200/1200/1200 1126/1126/1126 1128/1128/1128
f 1126/1126/1126 1127/1127/1127 1128/1128/1128
f 1126/1126/1126 1125/1125/1125 1127/1127/1127
f 1125/1125/1125 1129/1129/1129 1127/1127/1127
f 1125/1125/1125 1124/1124/1124 1129/1129/1129
f 1124/1124/1124 1210/1210/1210 1129/1129/1129
f 1124/1124/1124 1199/1199/1199 1210/1210/1210
f 1491/1491/1491 1377/1377/1377 1489/1489/1489
f 1491/1491/1491 1374/1374/1374 1377/1377/1377
f 1374/1374/1374 1375/1375/1375 1377/1377/1377
f 1374/1374/1374 1376/1376/1376 1375/1375/1375
f 1376/1376/1376 1474/1474/1474 1375/1375/1375
f 1376/1376/1376 1473/1473/1473 1474/1474/1474
f 1473/1473/1473 1503/1503/1503 1474/1474/1474
f 1473/1473/1473 1505/1505/1505 1503/1503/1503
f 739/739/739 642/642/642 747/747/747
f 739/739/739 632/632/632 642/642/642
f 632/632/632 641/641/641 642/642/642
f 632/632/632 631/631/631 641/641/641
f 631/631/631 640/640/640 641/641/641
f 631/631/631 630/630/630 640/640/640
f 630/630/630 746/746/746 640/640/640
f 630/630/630 737/737/737 746/746/746
f 389/389/389 238/238/238 387/387/387
f 389/389/389 237/237/237 238/238/238
f 237/237/237 239/239/239 238/238/238
f 237/237/237 302/302/302 239/239/239
f 373/373/373 374/374/374 309/309/309
f 373/373/373 372/372/372 374/374/374
f 372/372/372 420/420/420 374/374/374
f 372/372/372 422/422/422 420/420/420
f 1212/1212/1212 1138/1138/1138 1214/1214/1214
f 1212/1212/1212 1128/1128/1128 1138/1138/1138
f 1128/1128/1128 1137/1137/1137 1138/1138/1138
f 1128/1128/1128 1127/1127/1127 1137/1137/1137
f 1127/1127/1127 1136/1136/1136 1137/1137/1137
f 1127/1127/1127 1129/1129/1129 1136/1136/1136
f 1129/1129/1129 1213/1213/1213 1136/1136/1136
f 1129/1129/1129 1210/1210/1210 1213/1213/1213
f 1489/1489/1489 1379/1379/1379 1487/1487/1487
f 1489/1489/1489 1377/1377/1377 1379/1379/1379
f 1377/1377/1377 1378/1378/1378 1379/1379/1379
f 1377/1377/1377 1375/1375/1375 1378/1378/1378
f 1375/1375/1375 1475/1475/1475 1378/1378/1378
f 1375/1375/1375 1474/1474/1474 1475/1475/1475
f 1474/1474/1474 1501/1501/1501 1475/1475/1475
f 1474/1474/1474 1503/1503/1503 1501/1501/1501
f 747/747/747 648/648/648 753/753/753
f 747/747/747 642/642/642 648/648/648
f 642/642/642 647/647/647 648/648/648
f 642/642/642 641/641/641 647/647/647
f 641/641/641 646/646/646 647/647/647
f 641/641/641 640/640/640 646/646/646
f 640/640/640 752/752/752 646/646/646
f 640/640/640 746/746/746 752/752/752
f 387/387/387 241/241/241 385/385/385
f 387/387/387 238/238/238 241/241/241
f 238/238/238 240/240/240 241/241/241
f 238/238/238 239/239/239 240/240/240
f 309/309/309 311/311/311 310/310/310
f 309/309/309 374/374/374 311/311/311
f 374/374/374 419/419/419 311/311/311
f 374/374/374 420/420/420 419/419/419
f 1214/1214/1214 1180/1180/1180 1226/1226/1226
f 1214/1214/1214 1138/1138/1138 1180/1180/1180
f 1138/1138/1138 1179/1179/1179 1180/1180/1180
f 1138/1138/1138 1137/1137/1137 1179/1179/1179
f 1137/1137/1137 1181/1181/1181 1179/1179/1179
f 1137/1137/1137 1136/1136/1136 1181/1181/1181
f 1136/1136/1136 1224/1224/1224 1181/1181/1181
f 1136/1136/1136 1213/1213/1213 1224/1224/1224
f 1487/1487/1487 1381/1381/1381 1485/1485/1485
f 1487/1487/1487 1379/1379/1379 1381/1381/1381
f 1379/1379/1379 1380/1380/1380 1381/1381/1381
f 1379/1379/1379 1378/1378/1378 1380/1380/1380
f 1378/1378/1378 1476/1476/1476 1380/1380/1380
f 1378/1378/1378 1475/1475/1475 1476/1476/1476
f 1475/1475/1475 1500/1500/1500 1476/1476/1476
f 1475/1475/1475 1501/1501/1501 1500/1500/1500
f 753/753/753 716/716/716 760/760/760
f 753/753/753 648/648/648 716/716/716
f 648/648/648 715/715/715 716/716/716
f 648/648/648 647/647/647 715/715/715
f 647/647/647 714/714/714 715/715/715
f 647/647/647 646/646/646 714/714/714
f 646/646/646 762/762/762 714/714/714
f 646/646/646 752/752/752 762/762/762
f 385/385/385 243/243/243 383/383/383
f 385/385/385 241/241/241 243/243/243
f 241/241/241 242/242/242 243/243/243
f 241/241/241 240/240/240 242/242/242
f 310/310/310 312/312/312 313/313/313
f 310/310/310 311/311/311 312/312/312
f 311/311/311 421/421/421 312/312/312
f 311/311/311 419/419/419 421/421/421
f 1226/1226/1226 1198/1198/1198 1234/1234/1234
f 1226/1226/1226 1180/1180/1180 1198/1198/1198
f 1180/1180/1180 1197/1197/1197 1198/1198/1198
f 1180/1180/1180 1179/1179/1179 1197/1197/1197
f 1179/1179/1179 1196/1196/1196 1197/1197/1197
f 1179/1179/1179 1181/1181/1181 1196/1196/1196
f 1181/1181/1181 1233/1233/1233 1196/1196/1196
f 1181/1181/1181 1224/1224/1224 1233/1233/1233
f 1485/1485/1485 1383/1383/1383 1486/1486/1486
f 1485/1485/1485 1381/1381/1381 1383/1383/1383
f 1381/1381/1381 1382/1382/1382 1383/1383/1383
f 1381/1381/1381 1380/1380/1380 1382/1382/1382
f 1380/1380/1380 1444/1444/1444 1382/1382/1382
f 1380/1380/1380 1476/1476/1476 1444/1444/1444
f 1476/1476/1476 1502/1502/1502 1444/1444/1444
f 1476/1476/1476 1500/1500/1500 1502/1502/1502
f 760/760/760 728/728/728 783/783/783
f 760/760/760 716/716/716 728/728/728
f 716/716/716 727/727/727 728/728/728
f 716/716/716 715/715/715 727/727/727
f 715/715/715 726/726/726 727/727/727
f 715/715/715 714/714/714 726/726/726
f 714/714/714 782/782/782 726/726/726
f 714/714/714 762/762/762 782/782/782
f 383/383/383 245/245/245 384/384/384
f 383/383/383 243/243/243 245/245/245
f 243/243/243 244/244/244 245/245/245
f 243/243/243 242/242/242 244/244/244
f 313/313/313 314/314/314 315/315/315
f 313/313/313 312/312/312 314/314/314
f 312/312/312 423/423/423 314/314/314
f 312/312/312 421/421/421 423/423/423
f 1234/1234/1234 1205/1205/1205 1246/1246/1246
f 1234/1234/1234 1198/1198/1198 1205/1205/1205
f 1198/1198/1198 1204/1204/1204 1205/1205/1205
f 1198/1198/1198 1197/1197/1197 1204/1204/1204
f 1197/1197/1197 1203/1203/1203 1204/1204/1204
f 1197/1197/1197 1196/1196/1196 1203/1203/1203
f 1196/1196/1196 1244/1244/1244 1203/1203/1203
f 1196/1196/1196 1233/1233/1233 1244/1244/1244
f 1486/1486/1486 1385/1385/1385 1488/1488/1488
f 1486/1486/1486 1383/1383/1383 1385/1385/1385
f 1383/1383/1383 1384/1384/1384 1385/1385/1385
f 1383/1383/1383 1382/1382/1382 1384/1384/1384
f 1382/1382/1382 1445/1445/1445 1384/1384/1384
f 1382/1382/1382 1444/1444/1444 1445/1445/1445
f 1444/1444/1444 1504/1504/1504 1445/1445/1445
f 1444/1444/1444 1502/1502/1502 1504/1504/1504
f 783/783/783 744/744/744 794/794/794
f 783/783/783 728/728/728 744/744/744
f 728/728/728 743/743/743 744/744/744
f 728/728/728 727/727/727 743/743/743
f 727/727/727 742/742/742 743/743/743
f 727/727/727 726/726/726 742/742/742
f 726/726/726 796/796/796 742/742/742
f 726/726/726 782/782/782 796/796/796
f 384/384/384 247/247/247 386/386/386
f 384/384/384 245/245/245 247/247/247
f 245/245/245 246/246/246 247/247/247
f 245/245/245 244/244/244 246/246/246
f 315/315/315 316/316/316 317/317/317
f 315/315/315 314/314/314 316/316/316
f 314/314/314 425/425/425 316/316/316
f 314/314/314 423/423/423 425/425/425
f 1246/1246/1246 1222/1222/1222 1254/1254/1254
f 1246/1246/1246 1205/1205/1205 1222/1222/1222
f 1205/1205/1205 1221/1221/1221 1222/1222/1222
f 1205/1205/1205 1204/1204/1204 1221/1221/1221
f 1204/1204/1204 1220/1220/1220 1221/1221/1221
f 1204/1204/1204 1203/1203/1203 1220/1220/1220
f 1203/1203/1203 1253/1253/1253 1220/1220/1220
f 1203/1203/1203 1244/1244/1244 1253/1253/1253
f 1488/1488/1488 1387/1387/1387 1490/1490/1490
f 1488/1488/1488 1385/1385/1385 1387/1387/1387
f 1385/1385/1385 1386/1386/1386 1387/1387/1387
f 1385/1385/1385 1384/1384/1384 1386/1386/1386
f 1384/1384/1384 1446/1446/1446 1386/1386/1386
f 1384/1384/1384 1445/1445/1445 1446/1446/1446
f 1445/1445/1445 1506/1506/1506 1446/1446/1446
f 1445/1445/1445 1504/1504/1504 1506/1506/1506
f 794/794/794 759/759/759 800/800/800
f 794/794/794 744/744/744 759/759/759
f 744/744/744 758/758/758 759/759/759
f 744/744/744 743/743/743 758/758/758
f 743/743/743 757/757/757 758/758/758
f 743/743/743 742/742/742 757/757/757
f 742/742/742 799/799/799 757/757/757
f 742/742/742 796/796/796 799/799/799
f 386/386/386 249/249/249 388/388/388
f 386/386/386 247/247/247 249/249/249
f 247/247/247 248/248/248 249/249/249
f 247/247/247 246/246/246 248/248/248
f 317/317/317 318/318/318 319/319/319
f 317/317/317 316/316/316 318/318/318
f 316/316/316 427/427/427 318/318/318
f 316/316/316 425/425/425 427/427/427
f 1254/1254/1254 1229/1229/1229 1266/1266/1266
f 1254/1254/1254 1222/1222/1222 1229/1229/1229
f 1222/1222/1222 1228/1228/1228 1229/1229/1229
f 1222/1222/1222 1221/1221/1221 1228/1228/1228
f 1221/1221/1221 1227/1227/1227 1228/1228/1228
f 1221/1221/1221 1220/1220/1220 1227/1227/1227
f 1220/1220/1220 1264/1264/1264 1227/1227/1227
f 1220/1220/1220 1253/1253/1253 1264/1264/1264
f 1490/1490/1490 1389/1389/1389 1492/1492/1492
f 1490/1490/1490 1387/1387/1387 1389/1389/1389
f 1387/1387/1387 1388/1388/1388 1389/1389/1389
f 1387/1387/1387 1386/1386/1386 1388/1388/1388
f 1386/1386/1386 1447/1447/1447 1388/1388/1388
f 1386/1386/1386 1446/1446/1446 1447/1447/1447
f 1446/1446/1446 1508/1508/1508 1447/1447/1447
f 1446/1446/1446 1506/1506/1506 1508/1508/1508
f 800/800/800 767/767/767 808/808/808
f 800/800/800 759/759/759 767/767/767
f 759/759/759 766/766/766 767/767/767
f 759/759/759 758/758/758 766/766/766
f 758/758/758 771/771/771 766/766/766
f 758/758/758 757/757/757 771/771/771
f 757/757/757 810/810/810 771/771/771
f 757/757/757 799/799/799 810/810/810
f 388/388/388 251/251/251 390/390/390
f 388/388/388 249/249/249 251/251/251
f 249/249/249 250/250/250 251/251/251
f 249/249/249 248/248/248 250/250/250
f 319/319/319 320/320/320 321/321/321
f 319/319/319 318/318/318 320/320/320
f 318/318/318 429/429/429 320/320/320
f 318/318/318 427/427/427 429/429/429
f 1266/1266/1266 1242/1242/1242 1274/1274/1274
f 1266/1266/1266 1229/1229/1229 1242/1242/1242
f 1229/1229/1229 1241/1241/1241 1242/1242/1242
f 1229/1229/1229 1228/1228/1228 1241/1241/1241
f 1228/1228/1228 1240/1240/1240 1241/1241/1241
f 1228/1228/1228 1227/1227/1227 1240/1240/1240
f 1227/1227/1227 1273/1273/1273 1240/1240/1240
f 1227/1227/1227 1264/1264/1264 1273/1273/1273
f 1492/1492/1492 1391/1391/1391 1494/1494/1494
f 1492/1492/1492 1389/1389/1389 1391/1391/1391
f 1389/1389/1389 1390/1390/1390 1391/1391/1391
f 1389/1389/1389 1388/1388/1388 1390/1390/1390
f 1388/1388/1388 1448/1448/1448 1390/1390/1390
f 1388/1388/1388 1447/1447/1447 1448/1448/1448
f 1447/1447/1447 1510/1510/1510 1448/1448/1448
f 1447/1447/1447 1508/1508/1508 1510/1510/1510
f 808/808/808 791/791/791 820/820/820
f 808/808/808 767/767/767 791/791/791
f 767/767/767 790/790/790 791/791/791
f 767/767/767 766/766/766 790/790/790
f 766/766/766 789/789/789 790/790/790
f 766/766/766 771/771/771 789/789/789
f 771/771/771 819/819/819 789/789/789
f 771/771/771 810/810/810 819/819/819
f 390/390/390 253/253/253 392/392/392
f 390/390/390 251/251/251 253/253/253
f 251/251/251 252/252/252 253/253/253
f 251/251/251 250/250/250 252/252/252
f 321/321/321 322/322/322 323/323/323
f 321/321/321 320/320/320 322/322/322
f 320/320/320 431/431/431 322/322/322
f 320/320/320 429/429/429 431/431/431
f 1274/1274/1274 1259/1259/1259 1284/1284/1284
f 1274/1274/1274 1242/1242/1242 1259/1259/1259
f 1242/1242/1242 1258/1258/1258 1259/1259/1259
f 1242/1242/1242 1241/1241/1241 1258/1258/1258
f 1241/1241/1241 1257/1257/1257 1258/1258/1258
f 1241/1241/1241 1240/1240/1240 1257/1257/1257
f 1240/1240/1240 1283/1283/1283 1257/1257/1257
f 1240/1240/1240 1273/1273/1273 1283/1283/1283
f 1494/1494/1494 1393/1393/1393 1373/1373/1373
f 1494/1494/1494 1391/1391/1391 1393/1393/1393
f 1391/1391/1391 1392/1392/1392 1393/1393/1393
f 1391/1391/1391 1390/1390/1390 1392/1392/1392
f 1390/1390/1390 1449/1449/1449 1392/1392/1392
f 1390/1390/1390 1448/1448/1448 1449/1449/1449
f 1448/1448/1448 1512/1512/1512 1449/1449/1449
f 1448/1448/1448 1510/1510/1510 1512/1512/1512
f 820/820/820 802/802/802 826/826/826
f 820/820/820 791/791/791 802/802/802
f 791/791/791 801/801/801 802/802/802
f 791/791/791 790/790/790 801/801/801
f 790/790/790 806/806/806 801/801/801
f 790/790/790 789/789/789 806/806/806
f 789/789/789 829/829/829 806/806/806
f 789/789/789 819/819/819 829/829/829
f 392/392/392 255/255/255 394/394/394
f 392/392/392 253/253/253 255/255/255
f 253/253/253 254/254/254 255/255/255
f 253/253/253 252/252/252 254/254/254
f 323/323/323 324/324/324 325/325/325
f 323/323/323 322/322/322 324/324/324
f 322/322/322 433/433/433 324/324/324
f 322/322/322 431/431/431 433/433/433
f 1284/1284/1284 1272/1272/1272 1289/1289/1289
f 1284/1284/1284 1259/1259/1259 1272/1272/1272
f 1259/1259/1259 1271/1271/1271 1272/1272/1272
f 1259/1259/1259 1258/1258/1258 1271/1271/1271
f 1258/1258/1258 1270/1270/1270 1271/1271/1271
f 1258/1258/1258 1257/1257/1257 1270/1270/1270
f 1372/1372/1372 1361/1361/1361 1359/1359/1359
f 1372/1372/1372 1373/1373/1373 1361/1361/1361
f 1373/1373/1373 1395/1395/1395 1361/1361/1361
f 1373/1373/1373 1393/1393/1393 1395/1395/1395
f 1393/1393/1393 1394/1394/1394 1395/1395/1395
f 1393/1393/1393 1392/1392/1392 1394/1394/1394
f 1392/1392/1392 1450/1450/1450 1394/1394/1394
f 1392/1392/1392 1449/1449/1449 1450/1450/1450
f 1449/1449/1449 1514/1514/1514 1450/1450/1450
f 1449/1449/1449 1512/1512/1512 1514/1514/1514
f 826/826/826 817/817/817 836/836/836
f 826/826/826 802/802/802 817/817/817
f 802/802/802 816/816/816 817/817/817
f 802/802/802 801/801/801 816/816/816
f 801/801/801 815/815/815 816/816/816
f 801/801/801 806/806/806 815/815/815
f 806/806/806 835/835/835 815/815/815
f 806/806/806 829/829/829 835/835/835
f 394/394/394 257/257/257 396/396/396
f 394/394/394 255/255/255 257/257/257
f 255/255/255 256/256/256 257/257/257
f 255/255/255 254/254/254 256/256/256
f 325/325/325 326/326/326 327/327/327
f 325/325/325 324/324/324 326/326/326
f 324/324/324 435/435/435 326/326/326
f 324/324/324 433/433/433 435/435/435
f 1289/1289/1289 1278/1278/1278 1296/1296/1296
f 1289/1289/1289 1272/1272/1272 1278/1278/1278
f 1272/1272/1272 1277/1277/1277 1278/1278/1278
f 1272/1272/1272 1271/1271/1271 1277/1277/1277
f 1358/1358/1358 1357/1357/1357 1356/1356/1356
f 1358/1358/1358 1359/1359/1359 1357/1357/1357
f 1359/1359/1359 1360/1360/1360 1357/1357/1357
f 1359/1359/1359 1361/1361/1361 1360/1360/1360
f 1361/1361/1361 1397/1397/1397 1360/1360/1360
f 1361/1361/1361 1395/1395/1395 1397/1397/1397
f 1395/1395/1395 1396/1396/1396 1397/1397/1397
f 1395/1395/1395 1394/1394/1394 1396/1396/1396
f 1394/1394/1394 1451/1451/1451 1396/1396/1396
f 1394/1394/1394 1450/1450/1450 1451/1451/1451
f 1450/1450/1450 1516/1516/1516 1451/1451/1451
f 1450/1450/1450 1514/1514/1514 1516/1516/1516
f 1794/1794/1794 1790/1790/1790 1795/1795/1795
f 1794/1794/1794 1792/1792/1792 1790/1790/1790
f 1792/1792/1792 1791/1791/1791 1790/1790/1790
f 1792/1792/1792 1793/1793/1793 1791/1791/1791
f 816/816/816 822/822/822 823/823/823
f 816/816/816 815/815/815 822/822/822
f 815/815/815 843/843/843 822/822/822
f 815/815/815 835/835/835 843/843/843
f 396/396/396 259/259/259 398/398/398
f 396/396/396 257/257/257 259/259/259
f 257/257/257 258/258/258 259/259/259
f 257/257/257 256/256/256 258/258/258
f 327/327/327 328/328/328 329/329/329
f 327/327/327 326/326/326 328/328/328
f 326/326/326 439/439/439 328/328/328
f 326/326/326 435/435/435 439/439/439
f 1296/1296/1296 1288/1288/1288 1301/1301/1301
f 1296/1296/1296 1278/1278/1278 1288/1288/1288
f 1278/1278/1278 1287/1287/1287 1288/1288/1288
f 1278/1278/1278 1277/1277/1277 1287/1287/1287
f 1356/1356/1356 1355/1355/1355 1354/1354/1354
f 1356/1356/1356 1357/1357/1357 1355/1355/1355
f 1357/1357/1357 1362/1362/1362 1355/1355/1355
f 1357/1357/1357 1360/1360/1360 1362/1362/1362
f 1360/1360/1360 1399/1399/1399 1362/1362/1362
f 1360/1360/1360 1397/1397/1397 1399/1399/1399
f 1397/1397/1397 1398/1398/1398 1399/1399/1399
f 1397/1397/1397 1396/1396/1396 1398/1398/1398
f 1396/1396/1396 1452/1452/1452 1398/1398/1398
f 1396/1396/1396 1451/1451/1451 1452/1452/1452
f 1451/1451/1451 1518/1518/1518 1452/1452/1452
f 1451/1451/1451 1516/1516/1516 1518/1518/1518
f 1795/1795/1795 1788/1788/1788 1796/1796/1796
f 1795/1795/1795 1790/1790/1790 1788/1788/1788
f 1790/1790/1790 1789/1789/1789 1788/1788/1788
f 1790/1790/1790 1791/1791/1791 1789/1789/1789
f 823/823/823 832/832/832 833/833/833
f 823/823/823 822/822/822 832/832/832
f 822/822/822 848/848/848 832/832/832
f 822/822/822 843/843/843 848/848/848
f 398/398/398 261/261/261 400/400/400
f 398/398/398 259/259/259 261/261/261
f 259/259/259 260/260/260 261/261/261
f 259/259/259 258/258/258 260/260/260
f 329/329/329 330/330/330 331/331/331
f 329/329/329 328/328/328 330/330/330
f 328/328/328 441/441/441 330/330/330
f 328/328/328 439/439/439 441/441/441
f 1301/1301/1301 1292/1292/1292 1304/1304/1304
f 1301/1301/1301 1288/1288/1288 1292/1292/1292
f 1288/1288/1288 1291/1291/1291 1292/1292/1292
f 1288/1288/1288 1287/1287/1287 1291/1291/1291
f 1354/1354/1354 1353/1353/1353 1352/1352/1352
f 1354/1354/1354 1355/1355/1355 1353/1353/1353
f 1355/1355/1355 1363/1363/1363 1353/1353/1353
f 1355/1355/1355 1362/1362/1362 1363/1363/1363
f 1362/1362/1362 1401/1401/1401 1363/1363/1363
f 1362/1362/1362 1399/1399/1399 1401/1401/1401
f 1399/1399/1399 1400/1400/1400 1401/1401/1401
f 1399/1399/1399 1398/1398/1398 1400/1400/1400
f 1398/1398/1398 1453/1453/1453 1400/1400/1400
f 1398/1398/1398 1452/1452/1452 1453/1453/1453
f 1452/1452/1452 1520/1520/1520 1453/1453/1453
f 1452/1452/1452 1518/1518/1518 1520/1520/1520
f 1796/1796/1796 1786/1786/1786 1818/1818/1818
f 1796/1796/1796 1788/1788/1788 1786/1786/1786
f 1788/1788/1788 1787/1787/1787 1786/1786/1786
f 1788/1788/1788 1789/1789/1789 1787/1787/1787
f 833/833/833 838/838/838 839/839/839
f 833/833/833 832/832/832 838/838/838
f 1811/1811/1811 1808/1808/1808 1807/1807/1807
f 1811/1811/1811 1812/1812/1812 1808/1808/1808
f 400/400/400 263/263/263 402/402/402
f 400/400/400 261/261/261 263/263/263
f 261/261/261 262/262/262 263/263/263
f 261/261/261 260/260/260 262/262/262
f 331/331/331 332/332/332 333/333/333
f 331/331/331 330/330/330 332/332/332
f 330/330/330 443/443/443 332/332/332
f 330/330/330 441/441/441 443/443/443
f 1304/1304/1304 1300/1300/1300 1305/1305/1305
f 1304/1304/1304 1292/1292/1292 1300/1300/1300
f 1292/1292/1292 1299/1299/1299 1300/1300/1300
f 1292/1292/1292 1291/1291/1291 1299/1299/1299
f 1352/1352/1352 1351/1351/1351 1350/1350/1350
f 1352/1352/1352 1353/1353/1353 1351/1351/1351
f 1353/1353/1353 1364/1364/1364 1351/1351/1351
f 1353/1353/1353 1363/1363/1363 1364/1364/1364
f 1363/1363/1363 1403/1403/1403 1364/1364/1364
f 1363/1363/1363 1401/1401/1401 1403/1403/1403
f 1401/1401/1401 1402/1402/1402 1403/1403/1403
f 1401/1401/1401 1400/1400/1400 1402/1402/1402
f 1400/1400/1400 1454/1454/1454 1402/1402/1402
f 1400/1400/1400 1453/1453/1453 1454/1454/1454
f 1453/1453/1453 1522/1522/1522 1454/1454/1454
f 1453/1453/1453 1520/1520/1520 1522/1522/1522
f 1818/1818/1818 1784/1784/1784 1816/1816/1816
f 1818/1818/1818 1786/1786/1786 1784/1784/1784
f 1786/1786/1786 1785/1785/1785 1784/1784/1784
f 1786/1786/1786 1787/1787/1787 1785/1785/1785
f 839/839/839 846/846/846 847/847/847
f 839/839/839 838/838/838 846/846/846
f 1807/1807/1807 1805/1805/1805 1798/1798/1798
f 1807/1807/1807 1808/1808/1808 1805/1805/1805
f 402/402/402 265/265/265 404/404/404
f 402/402/402 263/263/263 265/265/265
f 263/263/263 264/264/264 265/265/265
f 263/263/263 262/262/262 264/264/264
f 333/333/333 334/334/334 335/335/335
f 333/333/333 332/332/332 334/334/334
f 332/332/332 445/445/445 334/334/334
f 332/332/332 443/443/443 445/445/445
f 443/443/443 470/470/470 445/445/445
f 443/443/443 471/471/471 470/470/470
f 1367/1367/1367 1348/1348/1348 1368/1368/1368
f 1367/1367/1367 1350/1350/1350 1348/1348/1348
f 1350/1350/1350 1349/1349/1349 1348/1348/1348
f 1350/1350/1350 1351/1351/1351 1349/1349/1349
f 1351/1351/1351 1365/1365/1365 1349/1349/1349
f 1351/1351/1351 1364/1364/1364 1365/1365/1365
f 1364/1364/1364 1405/1405/1405 1365/1365/1365
f 1364/1364/1364 1403/1403/1403 1405/1405/1405
f 1403/1403/1403 1404/1404/1404 1405/1405/1405
f 1403/1403/1403 1402/1402/1402 1404/1404/1404
f 1402/1402/1402 1455/1455/1455 1404/1404/1404
f 1402/1402/1402 1454/1454/1454 1455/1455/1455
f 1454/1454/1454 1524/1524/1524 1455/1455/1455
f 1454/1454/1454 1522/1522/1522 1524/1524/1524
f 1816/1816/1816 1782/1782/1782 1813/1813/1813
f 1816/1816/1816 1784/1784/1784 1782/1782/1782
f 1784/1784/1784 1783/1783/1783 1782/1782/1782
f 1784/1784/1784 1785/1785/1785 1783/1783/1783
f 1785/1785/1785 1797/1797/1797 1783/1783/1783
f 1785/1785/1785 1798/1798/1798 1797/1797/1797
f 1798/1798/1798 1804/1804/1804 1797/1797/1797
f 1798/1798/1798 1805/1805/1805 1804/1804/1804
f 404/404/404 267/267/267 406/406/406
f 404/404/404 265/265/265 267/267/267
f 265/265/265 266/266/266 267/267/267
f 265/265/265 264/264/264 266/266/266
f 335/335/335 336/336/336 337/337/337
f 335/335/335 334/334/334 336/336/336
f 334/334/334 447/447/447 336/336/336
f 334/334/334 445/445/445 447/447/447
f 445/445/445 472/472/472 447/447/447
f 445/445/445 470/470/470 472/472/472
f 1854/1854/1854 1853/1853/1853 1852/1852/1852
f 1854/1854/1854 1855/1855/1855 1853/1853/1853
f 1348/1348/1348 1347/1347/1347 1346/1346/1346
f 1348/1348/1348 1349/1349/1349 1347/1347/1347
f 1349/1349/1349 1366/1366/1366 1347/1347/1347
f 1349/1349/1349 1365/1365/1365 1366/1366/1366
f 1365/1365/1365 1407/1407/1407 1366/1366/1366
f 1365/1365/1365 1405/1405/1405 1407/1407/1407
f 1405/1405/1405 1406/1406/1406 1407/1407/1407
f 1405/1405/1405 1404/1404/1404 1406/1406/1406
f 1404/1404/1404 1456/1456/1456 1406/1406/1406
f 1404/1404/1404 1455/1455/1455 1456/1456/1456
f 1455/1455/1455 1526/1526/1526 1456/1456/1456
f 1455/1455/1455 1524/1524/1524 1526/1526/1526
f 1813/1813/1813 1780/1780/1780 1814/1814/1814
f 1813/1813/1813 1782/1782/1782 1780/1780/1780
f 1782/1782/1782 1781/1781/1781 1780/1780/1780
f 1782/1782/1782 1783/1783/1783 1781/1781/1781
f 1783/1783/1783 1799/1799/1799 1781/1781/1781
f 1783/1783/1783 1797/1797/1797 1799/1799/1799
f 1797/1797/1797 1803/1803/1803 1799/1799/1799
f 1797/1797/1797 1804/1804/1804 1803/1803/1803
f 406/406/406 269/269/269 408/408/408
f 406/406/406 267/267/267 269/269/269
f 267/267/267 268/268/268 269/269/269
f 267/267/267 266/266/266 268/268/268
f 337/337/337 338/338/338 339/339/339
f 337/337/337 336/336/336 338/338/338
f 336/336/336 454/454/454 338/338/338
f 336/336/336 447/447/447 454/454/454
f 447/447/447 473/473/473 454/454/454
f 447/447/447 472/472/472 473/473/473
f 1852/1852/1852 1851/1851/1851 1850/1850/1850
f 1852/1852/1852 1853/1853/1853 1851/1851/1851
f 1346/1346/1346 1345/1345/1345 1344/1344/1344
f 1346/1346/1346 1347/1347/1347 1345/1345/1345
f 1347/1347/1347 1369/1369/1369 1345/1345/1345
f 1347/1347/1347 1366/1366/1366 1369/1369/1369
f 1366/1366/1366 1409/1409/1409 1369/1369/1369
f 1366/1366/1366 1407/1407/1407 1409/1409/1409
f 1407/1407/1407 1408/1408/1408 1409/1409/1409
f 1407/1407/1407 1406/1406/1406 1408/1408/1408
f 1406/1406/1406 1457/1457/1457 1408/1408/1408
f 1406/1406/1406 1456/1456/1456 1457/1457/1457
f 1456/1456/1456 1528/1528/1528 1457/1457/1457
f 1456/1456/1456 1526/1526/1526 1528/1528/1528
f 1814/1814/1814 1778/1778/1778 1815/1815/1815
f 1814/1814/1814 1780/1780/1780 1778/1778/1778
f 1780/1780/1780 1779/1779/1779 1778/1778/1778
f 1780/1780/1780 1781/1781/1781 1779/1779/1779
f 1781/1781/1781 1800/1800/1800 1779/1779/1779
f 1781/1781/1781 1799/1799/1799 1800/1800/1800
f 1799/1799/1799 1806/1806/1806 1800/1800/1800
f 1799/1799/1799 1803/1803/1803 1806/1806/1806
f 408/408/408 271/271/271 410/410/410
f 408/408/408 269/269/269 271/271/271
f 269/269/269 270/270/270 271/271/271
f 269/269/269 268/268/268 270/270/270
f 339/339/339 340/340/340 341/341/341
f 339/339/339 338/338/338 340/340/340
f 338/338/338 455/455/455 340/340/340
f 338/338/338 454/454/454 455/455/455
f 454/454/454 474/474/474 455/455/455
f 454/454/454 473/473/473 474/474/474
f 1850/1850/1850 1848/1848/1848 1846/1846/1846
f 1850/1850/1850 1851/1851/1851 1848/1848/1848
f 1344/1344/1344 1343/1343/1343 1340/1340/1340
f 1344/1344/1344 1345/1345/1345 1343/1343/1343
f 1345/1345/1345 1370/1370/1370 1343/1343/1343
f 1345/1345/1345 1369/1369/1369 1370/1370/1370
f 1369/1369/1369 1411/1411/1411 1370/1370/1370
f 1369/1369/1369 1409/1409/1409 1411/1411/1411
f 1409/1409/1409 1410/1410/1410 1411/1411/1411
f 1409/1409/1409 1408/1408/1408 1410/1410/1410
f 1408/1408/1408 1458/1458/1458 1410/1410/1410
f 1408/1408/1408 1457/1457/1457 1458/1458/1458
f 1457/1457/1457 1531/1531/1531 1458/1458/1458
f 1457/1457/1457 1528/1528/1528 1531/1531/1531
f 1815/1815/1815 1774/1774/1774 1817/1817/1817
f 1815/1815/1815 1778/1778/1778 1774/1774/1774
f 1778/1778/1778 1776/1776/1776 1774/1774/1774
f 1778/1778/1778 1779/1779/1779 1776/1776/1776
f 1779/1779/1779 1801/1801/1801 1776/1776/1776
f 1779/1779/1779 1800/1800/1800 1801/1801/1801
f 1800/1800/1800 1809/1809/1809 1801/1801/1801
f 1800/1800/1800 1806/1806/1806 1809/1809/1809
f 410/410/410 273/273/273 412/412/412
f 410/410/410 271/271/271 273/273/273
f 271/271/271 272/272/272 273/273/273
f 271/271/271 270/270/270 272/272/272
f 341/341/341 342/342/342 343/343/343
f 341/341/341 340/340/340 342/342/342
f 340/340/340 456/456/456 342/342/342
f 340/340/340 455/455/455 456/456/456
f 455/455/455 475/475/475 456/456/456
f 455/455/455 474/474/474 475/475/475
f 1846/1846/1846 1847/1847/1847 1849/1849/1849
f 1846/1846/1846 1848/1848/1848 1847/1847/1847
f 1340/1340/1340 1342/1342/1342 1341/1341/1341
f 1340/1340/1340 1343/1343/1343 1342/1342/1342
f 1343/1343/1343 1371/1371/1371 1342/1342/1342
f 1343/1343/1343 1370/1370/1370 1371/1371/1371
f 1370/1370/1370 1413/1413/1413 1371/1371/1371
f 1370/1370/1370 1411/1411/1411 1413/1413/1413
f 1411/1411/1411 1412/1412/1412 1413/1413/1413
f 1411/1411/1411 1410/1410/1410 1412/1412/1412
f 1410/1410/1410 1459/1459/1459 1412/1412/1412
f 1410/1410/1410 1458/1458/1458 1459/1459/1459
f 1458/1458/1458 1532/1532/1532 1459/1459/1459
f 1458/1458/1458 1531/1531/1531 1532/1532/1532
f 1817/1817/1817 1777/1777/1777 1819/1819/1819
f 1817/1817/1817 1774/1774/1774 1777/1777/1777
f 1774/1774/1774 1775/1775/1775 1777/1777/1777
f 1774/1774/1774 1776/1776/1776 1775/1775/1775
f 1776/1776/1776 1802/1802/1802 1775/1775/1775
f 1776/1776/1776 1801/1801/1801 1802/1802/1802
f 1801/1801/1801 1810/1810/1810 1802/1802/1802
f 1801/1801/1801 1809/1809/1809 1810/1810/1810
f 412/412/412 275/275/275 414/414/414
f 412/412/412 273/273/273 275/275/275
f 273/273/273 274/274/274 275/275/275
f 273/273/273 272/272/272 274/274/274
f 2098/2098/2098 2099/2099/2099 2101/2101/2101
f 2098/2098/2098 2100/2100/2100 2099/2099/2099
f 2100/2100/2100 2114/2114/2114 2099/2099/2099
f 2100/2100/2100 2115/2115/2115 2114/2114/2114
f 1994/1994/1994 1929/1929/1929 1995/1995/1995
f 1994/1994/1994 1924/1924/1924 1929/1929/1929
f 1924/1924/1924 1917/1917/1917 1929/1929/1929
f 1924/1924/1924 1916/1916/1916 1917/1917/1917
f 1916/1916/1916 1918/1918/1918 1917/1917/1917
f 1916/1916/1916 1919/1919/1919 1918/1918/1918
f 1919/1919/1919 1976/1976/1976 1918/1918/1918
f 1919/1919/1919 1977/1977/1977 1976/1976/1976
f 2191/2191/2191 2178/2178/2178 2192/2192/2192
f 2191/2191/2191 2177/2177/2177 2178/2178/2178
f 2177/2177/2177 2162/2162/2162 2178/2178/2178
f 2177/2177/2177 2161/2161/2161 2162/2162/2162
f 2161/2161/2161 2163/2163/2163 2162/2162/2162
f 2161/2161/2161 2164/2164/2164 2163/2163/2163
f 2164/2164/2164 2201/2201/2201 2163/2163/2163
f 2164/2164/2164 2202/2202/2202 2201/2201/2201
f 2076/2076/2076 2019/2019/2019 2077/2077/2077
f 2076/2076/2076 2016/2016/2016 2019/2019/2019
f 2016/2016/2016 2017/2017/2017 2019/2019/2019
f 2016/2016/2016 2018/2018/2018 2017/2017/2017
f 2018/2018/2018 2024/2024/2024 2017/2017/2017
f 2018/2018/2018 2029/2029/2029 2024/2024/2024
f 2029/2029/2029 2094/2094/2094 2024/2024/2024
f 2029/2029/2029 2095/2095/2095 2094/2094/2094
f 2151/2151/2151 2131/2131/2131 2152/2152/2152
f 2151/2151/2151 2128/2128/2128 2131/2131/2131
f 2128/2128/2128 2129/2129/2129 2131/2131/2131
f 2128/2128/2128 2130/2130/2130 2129/2129/2129
f 1820/1820/1820 1822/1822/1822 1821/1821/1821
f 1820/1820/1820 1823/1823/1823 1822/1822/1822
f 929/929/929 931/931/931 930/930/930
f 929/929/929 932/932/932 931/931/931
f 932/932/932 947/947/947 931/931/931
f 932/932/932 948/948/948 947/947/947
f 948/948/948 1008/1008/1008 947/947/947
f 948/948/948 1007/1007/1007 1008/1008/1008
f 1007/1007/1007 990/990/990 1008/1008/1008
f 1007/1007/1007 987/987/987 990/990/990
f 987/987/987 988/988/988 990/990/990
f 987/987/987 989/989/989 988/988/988
f 901/901/901 888/888/888 902/902/902
f 901/901/901 887/887/887 888/888/888
f 887/887/887 874/874/874 888/888/888
f 887/887/887 871/871/871 874/874/874
f 871/871/871 872/872/872 874/874/874
f 871/871/871 873/873/873 872/872/872
f 873/873/873 915/915/915 872/872/872
f 873/873/873 916/916/916 915/915/915
f 764/764/764 540/540/540 765/765/765
f 764/764/764 539/539/539 540/540/540
f 539/539/539 497/497/497 540/540/540
f 539/539/539 496/496/496 497/497/497
f 496/496/496 479/479/479 497/497/497
f 496/496/496 478/478/478 479/479/479
f 478/478/478 480/480/480 479/479/479
f 478/478/478 481/481/481 480/480/480
f 481/481/481 772/772/772 480/480/480
f 481/481/481 773/773/773 772/772/772
f 773/773/773 853/853/853 772/772/772
f 773/773/773 854/854/854 853/853/853
f 2215/2215/2215 2214/2214/2214 2211/2211/2211
f 2215/2215/2215 2216/2216/2216 2214/2214/2214
f 2216/2216/2216 2220/2220/2220 2214/2214/2214
f 2216/2216/2216 2221/2221/2221 2220/2220/2220
f 1991/1991/1991 1953/1953/1953 1989/1989/1989
f 1991/1991/1991 1957/1957/1957 1953/1953/1953
f 1957/1957/1957 1951/1951/1951 1953/1953/1953
f 1957/1957/1957 1955/1955/1955 1951/1951/1951
f 1955/1955/1955 1952/1952/1952 1951/1951/1951
f 1955/1955/1955 1956/1956/1956 1952/1952/1952
f 1956/1956/1956 1974/1974/1974 1952/1952/1952
f 1956/1956/1956 1975/1975/1975 1974/1974/1974
f 2298/2298/2298 2280/2280/2280 2295/2295/2295
f 2298/2298/2298 2284/2284/2284 2280/2280/2280
f 2284/2284/2284 2282/2282/2282 2280/2280/2280
f 2284/2284/2284 2285/2285/2285 2282/2282/2282
f 2285/2285/2285 2289/2289/2289 2282/2282/2282
f 2285/2285/2285 2290/2290/2290 2289/2289/2289
f 2290/2290/2290 2306/2306/2306 2289/2289/2289
f 2290/2290/2290 2308/2308/2308 2306/2306/2306
f 2062/2062/2062 2010/2010/2010 2061/2061/2061
f 2062/2062/2062 2012/2012/2012 2010/2010/2010
f 2012/2012/2012 2011/2011/2011 2010/2010/2010
f 2012/2012/2012 2013/2013/2013 2011/2011/2011
f 2013/2013/2013 2050/2050/2050 2011/2011/2011
f 2013/2013/2013 2054/2054/2054 2050/2050/2050
f 2054/2054/2054 2088/2088/2088 2050/2050/2050
f 2054/2054/2054 2090/2090/2090 2088/2088/2088
f 2244/2244/2244 2233/2233/2233 2243/2243/2243
f 2244/2244/2244 2237/2237/2237 2233/2233/2233
f 2237/2237/2237 2234/2234/2234 2233/2233/2233
f 2237/2237/2237 2238/2238/2238 2234/2234/2234
f 2211/2211/2211 2213/2213/2213 2212/2212/2212
f 2211/2211/2211 2214/2214/2214 2213/2213/2213
f 2214/2214/2214 2219/2219/2219 2213/2213/2213
f 2214/2214/2214 2220/2220/2220 2219/2219/2219
f 1989/1989/1989 1946/1946/1946 1985/1985/1985
f 1989/1989/1989 1953/1953/1953 1946/1946/1946
f 1953/1953/1953 1938/1938/1938 1946/1946/1946
f 1953/1953/1953 1951/1951/1951 1938/1938/1938
f 1951/1951/1951 1939/1939/1939 1938/1938/1938
f 1951/1951/1951 1952/1952/1952 1939/1939/1939
f 1952/1952/1952 1973/1973/1973 1939/1939/1939
f 1952/1952/1952 1974/1974/1974 1973/1973/1973
f 2295/2295/2295 2283/2283/2283 2296/2296/2296
f 2295/2295/2295 2280/2280/2280 2283/2283/2283
f 2280/2280/2280 2281/2281/2281 2283/2283/2283
f 2280/2280/2280 2282/2282/2282 2281/2281/2281
f 2282/2282/2282 2288/2288/2288 2281/2281/2281
f 2282/2282/2282 2289/2289/2289 2288/2288/2288
f 2289/2289/2289 2305/2305/2305 2288/2288/2288
f 2289/2289/2289 2306/2306/2306 2305/2305/2305
f 2061/2061/2061 2008/2008/2008 2060/2060/2060
f 2061/2061/2061 2010/2010/2010 2008/2008/2008
f 2010/2010/2010 2009/2009/2009 2008/2008/2008
f 2010/2010/2010 2011/2011/2011 2009/2009/2009
f 2011/2011/2011 2047/2047/2047 2009/2009/2009
f 2011/2011/2011 2050/2050/2050 2047/2047/2047
f 2050/2050/2050 2084/2084/2084 2047/2047/2047
f 2050/2050/2050 2088/2088/2088 2084/2084/2084
f 2243/2243/2243 2229/2229/2229 2241/2241/2241
f 2243/2243/2243 2233/2233/2233 2229/2229/2229
f 2233/2233/2233 2231/2231/2231 2229/2229/2229
f 2233/2233/2233 2234/2234/2234 2231/2231/2231
f 2212/2212/2212 2217/2217/2217 2218/2218/2218
f 2212/2212/2212 2213/2213/2213 2217/2217/2217
f 2213/2213/2213 2222/2222/2222 2217/2217/2217
f 2213/2213/2213 2219/2219/2219 2222/2222/2222
f 1985/1985/1985 1940/1940/1940 1980/1980/1980
f 1985/1985/1985 1946/1946/1946 1940/1940/1940
f 1946/1946/1946 1936/1936/1936 1940/1940/1940
f 1946/1946/1946 1938/1938/1938 1936/1936/1936
f 1938/1938/1938 1937/1937/1937 1936/1936/1936
f 1938/1938/1938 1939/1939/1939 1937/1937/1937
f 1939/1939/1939 1972/1972/1972 1937/1937/1937
f 1939/1939/1939 1973/1973/1973 1972/1972/1972
f 2296/2296/2296 2287/2287/2287 2297/2297/2297
f 2296/2296/2296 2283/2283/2283 2287/2287/2287
f 2283/2283/2283 2286/2286/2286 2287/2287/2287
f 2283/2283/2283 2281/2281/2281 2286/2286/2286
f 2281/2281/2281 2291/2291/2291 2286/2286/2286
f 2281/2281/2281 2288/2288/2288 2291/2291/2291
f 2288/2288/2288 2304/2304/2304 2291/2291/2291
f 2288/2288/2288 2305/2305/2305 2304/2304/2304
f 2060/2060/2060 2002/2002/2002 2058/2058/2058
f 2060/2060/2060 2008/2008/2008 2002/2002/2002
f 2008/2008/2008 2003/2003/2003 2002/2002/2002
f 2008/2008/2008 2009/2009/2009 2003/2003/2003
f 2009/2009/2009 2044/2044/2044 2003/2003/2003
f 2009/2009/2009 2047/2047/2047 2044/2044/2044
f 2047/2047/2047 2079/2079/2079 2044/2044/2044
f 2047/2047/2047 2084/2084/2084 2079/2079/2079
f 2241/2241/2241 2232/2232/2232 2242/2242/2242
f 2241/2241/2241 2229/2229/2229 2232/2232/2232
f 2229/2229/2229 2230/2230/2230 2232/2232/2232
f 2229/2229/2229 2231/2231/2231 2230/2230/2230
f 2218/2218/2218 2223/2223/2223 2224/2224/2224
f 2218/2218/2218 2217/2217/2217 2223/2223/2223
f 2217/2217/2217 2225/2225/2225 2223/2223/2223
f 2217/2217/2217 2222/2222/2222 2225/2225/2225
f 1980/1980/1980 1941/1941/1941 1981/1981/1981
f 1980/1980/1980 1940/1940/1940 1941/1941/1941
f 1940/1940/1940 1934/1934/1934 1941/1941/1941
f 1940/1940/1940 1936/1936/1936 1934/1934/1934
f 1936/1936/1936 1935/1935/1935 1934/1934/1934
f 1936/1936/1936 1937/1937/1937 1935/1935/1935
f 1937/1937/1937 1968/1968/1968 1935/1935/1935
f 1937/1937/1937 1972/1972/1972 1968/1968/1968
f 2297/2297/2297 2293/2293/2293 2299/2299/2299
f 2297/2297/2297 2287/2287/2287 2293/2293/2293
f 2287/2287/2287 2292/2292/2292 2293/2293/2293
f 2287/2287/2287 2286/2286/2286 2292/2292/2292
f 2286/2286/2286 2294/2294/2294 2292/2292/2292
f 2286/2286/2286 2291/2291/2291 2294/2294/2294
f 2291/2291/2291 2307/2307/2307 2294/2294/2294
f 2291/2291/2291 2304/2304/2304 2307/2307/2307
f 2058/2058/2058 1998/1998/1998 2059/2059/2059
f 2058/2058/2058 2002/2002/2002 1998/1998/1998
f 2002/2002/2002 2001/2001/2001 1998/1998/1998
f 2002/2002/2002 2003/2003/2003 2001/2001/2001
f 2003/2003/2003 2043/2043/2043 2001/2001/2001
f 2003/2003/2003 2044/2044/2044 2043/2043/2043
f 2044/2044/2044 2078/2078/2078 2043/2043/2043
f 2044/2044/2044 2079/2079/2079 2078/2078/2078
f 2242/2242/2242 2236/2236/2236 2245/2245/2245
f 2242/2242/2242 2232/2232/2232 2236/2236/2236
f 2232/2232/2232 2235/2235/2235 2236/2236/2236
f 2232/2232/2232 2230/2230/2230 2235/2235/2235
f 2224/2224/2224 2227/2227/2227 2228/2228/2228
f 2224/2224/2224 2223/2223/2223 2227/2227/2227
f 2223/2223/2223 2226/2226/2226 2227/2227/2227
f 2223/2223/2223 2225/2225/2225 2226/2226/2226
f 1981/1981/1981 1942/1942/1942 1983/1983/1983
f 1981/1981/1981 1941/1941/1941 1942/1942/1942
f 1941/1941/1941 1932/1932/1932 1942/1942/1942
f 1941/1941/1941 1934/1934/1934 1932/1932/1932
f 1934/1934/1934 1933/1933/1933 1932/1932/1932
f 1934/1934/1934 1935/1935/1935 1933/1933/1933
f 1935/1935/1935 1967/1967/1967 1933/1933/1933
f 1935/1935/1935 1968/1968/1968 1967/1967/1967
f 2299/2299/2299 2301/2301/2301 2303/2303/2303
f 2299/2299/2299 2293/2293/2293 2301/2301/2301
f 2293/2293/2293 2300/2300/2300 2301/2301/2301
f 2293/2293/2293 2292/2292/2292 2300/2300/2300
f 2292/2292/2292 2302/2302/2302 2300/2300/2300
f 2292/2292/2292 2294/2294/2294 2302/2302/2302
f 2294/2294/2294 2309/2309/2309 2302/2302/2302
f 2294/2294/2294 2307/2307/2307 2309/2309/2309
f 2059/2059/2059 1999/1999/1999 2063/2063/2063
f 2059/2059/2059 1998/1998/1998 1999/1999/1999
f 1998/1998/1998 2000/2000/2000 1999/1999/1999
f 1998/1998/1998 2001/2001/2001 2000/2000/2000
f 2001/2001/2001 2045/2045/2045 2000/2000/2000
f 2001/2001/2001 2043/2043/2043 2045/2045/2045
f 2043/2043/2043 2082/2082/2082 2045/2045/2045
f 2043/2043/2043 2078/2078/2078 2082/2082/2082
f 2245/2245/2245 2240/2240/2240 2246/2246/2246
f 2245/2245/2245 2236/2236/2236 2240/2240/2240
f 2236/2236/2236 2239/2239/2239 2240/2240/2240
f 2236/2236/2236 2235/2235/2235 2239/2239/2239
f 2125/2125/2125 2111/2111/2111 2110/2110/2110
f 2125/2125/2125 2126/2126/2126 2111/2111/2111
f 2126/2126/2126 2121/2121/2121 2111/2111/2111
f 2126/2126/2126 2127/2127/2127 2121/2121/2121
f 1983/1983/1983 1948/1948/1948 1987/1987/1987
f 1983/1983/1983 1942/1942/1942 1948/1948/1948
f 1942/1942/1942 1930/1930/1930 1948/1948/1948
f 1942/1942/1942 1932/1932/1932 1930/1930/1930
f 1932/1932/1932 1931/1931/1931 1930/1930/1930
f 1932/1932/1932 1933/1933/1933 1931/1931/1931
f 1933/1933/1933 1969/1969/1969 1931/1931/1931
f 1933/1933/1933 1967/1967/1967 1969/1969/1969
f 2199/2199/2199 2183/2183/2183 2198/2198/2198
f 2199/2199/2199 2188/2188/2188 2183/2183/2183
f 2188/2188/2188 2175/2175/2175 2183/2183/2183
f 2188/2188/2188 2189/2189/2189 2175/2175/2175
f 2189/2189/2189 2176/2176/2176 2175/2175/2175
f 2189/2189/2189 2190/2190/2190 2176/2176/2176
f 2190/2190/2190 2207/2207/2207 2176/2176/2176
f 2190/2190/2190 2210/2210/2210 2207/2207/2207
f 2063/2063/2063 2005/2005/2005 2064/2064/2064
f 2063/2063/2063 1999/1999/1999 2005/2005/2005
f 1999/1999/1999 2004/2004/2004 2005/2005/2005
f 1999/1999/1999 2000/2000/2000 2004/2004/2004
f 2000/2000/2000 2049/2049/2049 2004/2004/2004
f 2000/2000/2000 2045/2045/2045 2049/2049/2049
f 2045/2045/2045 2086/2086/2086 2049/2049/2049
f 2045/2045/2045 2082/2082/2082 2086/2086/2086
f 2160/2160/2160 2140/2140/2140 2158/2158/2158
f 2160/2160/2160 2144/2144/2144 2140/2140/2140
f 2144/2144/2144 2141/2141/2141 2140/2140/2140
f 2144/2144/2144 2145/2145/2145 2141/2141/2141
f 2110/2110/2110 2109/2109/2109 2106/2106/2106
f 2110/2110/2110 2111/2111/2111 2109/2109/2109
f 2111/2111/2111 2119/2119/2119 2109/2109/2109
f 2111/2111/2111 2121/2121/2121 2119/2119/2119
f 1987/1987/1987 1925/1925/1925 1993/1993/1993
f 1987/1987/1987 1948/1948/1948 1925/1925/1925
f 1948/1948/1948 1920/1920/1920 1925/1925/1925
f 1948/1948/1948 1930/1930/1930 1920/1920/1920
f 1930/1930/1930 1923/1923/1923 1920/1920/1920
f 1930/1930/1930 1931/1931/1931 1923/1923/1923
f 1931/1931/1931 1970/1970/1970 1923/1923/1923
f 1931/1931/1931 1969/1969/1969 1970/1970/1970
f 2198/2198/2198 2181/2181/2181 2195/2195/2195
f 2198/2198/2198 2183/2183/2183 2181/2181/2181
f 2183/2183/2183 2165/2165/2165 2181/2181/2181
f 2183/2183/2183 2175/2175/2175 2165/2165/2165
f 2175/2175/2175 2168/2168/2168 2165/2165/2165
f 2175/2175/2175 2176/2176/2176 2168/2168/2168
f 2176/2176/2176 2204/2204/2204 2168/2168/2168
f 2176/2176/2176 2207/2207/2207 2204/2204/2204
f 2064/2064/2064 2007/2007/2007 2065/2065/2065
f 2064/2064/2064 2005/2005/2005 2007/2007/2007
f 2005/2005/2005 2006/2006/2006 2007/2007/2007
f 2005/2005/2005 2004/2004/2004 2006/2006/2006
f 2004/2004/2004 2028/2028/2028 2006/2006/2006
f 2004/2004/2004 2049/2049/2049 2028/2028/2028
f 2049/2049/2049 2092/2092/2092 2028/2028/2028
f 2049/2049/2049 2086/2086/2086 2092/2092/2092
f 2158/2158/2158 2132/2132/2132 2155/2155/2155
f 2158/2158/2158 2140/2140/2140 2132/2132/2132
f 2140/2140/2140 2135/2135/2135 2132/2132/2132
f 2140/2140/2140 2141/2141/2141 2135/2135/2135
f 2106/2106/2106 2108/2108/2108 2107/2107/2107
f 2106/2106/2106 2109/2109/2109 2108/2108/2108
f 2109/2109/2109 2118/2118/2118 2108/2108/2108
f 2109/2109/2109 2119/2119/2119 2118/2118/2118
f 1993/1993/1993 1926/1926/1926 1997/1997/1997
f 1993/1993/1993 1925/1925/1925 1926/1926/1926
f 1925/1925/1925 1921/1921/1921 1926/1926/1926
f 1925/1925/1925 1920/1920/1920 1921/1921/1921
f 1920/1920/1920 1922/1922/1922 1921/1921/1921
f 1920/1920/1920 1923/1923/1923 1922/1922/1922
f 1923/1923/1923 1971/1971/1971 1922/1922/1922
f 1923/1923/1923 1970/1970/1970 1971/1971/1971
f 2195/2195/2195 2182/2182/2182 2196/2196/2196
f 2195/2195/2195 2181/2181/2181 2182/2182/2182
f 2181/2181/2181 2166/2166/2166 2182/2182/2182
f 2181/2181/2181 2165/2165/2165 2166/2166/2166
f 2165/2165/2165 2167/2167/2167 2166/2166/2166
f 2165/2165/2165 2168/2168/2168 2167/2167/2167
f 2168/2168/2168 2203/2203/2203 2167/2167/2167
f 2168/2168/2168 2204/2204/2204 2203/2203/2203
f 2065/2065/2065 2015/2015/2015 2066/2066/2066
f 2065/2065/2065 2007/2007/2007 2015/2015/2015
f 2007/2007/2007 2014/2014/2014 2015/2015/2015
f 2007/2007/2007 2006/2006/2006 2014/2014/2014
f 2006/2006/2006 2027/2027/2027 2014/2014/2014
f 2006/2006/2006 2028/2028/2028 2027/2027/2027
f 2028/2028/2028 2096/2096/2096 2027/2027/2027
f 2028/2028/2028 2092/2092/2092 2096/2096/2096
f 2155/2155/2155 2133/2133/2133 2156/2156/2156
f 2155/2155/2155 2132/2132/2132 2133/2133/2133
f 2132/2132/2132 2134/2134/2134 2133/2133/2133
f 2132/2132/2132 2135/2135/2135 2134/2134/2134
f 1828/1828/1828 1829/1829/1829 1831/1831/1831
f 1828/1828/1828 1830/1830/1830 1829/1829/1829
f 937/937/937 938/938/938 940/940/940
f 937/937/937 939/939/939 938/938/938
f 939/939/939 951/951/951 938/938/938
f 939/939/939 952/952/952 951/951/951
f 952/952/952 1010/1010/1010 951/951/951
f 952/952/952 1009/1009/1009 1010/1010/1010
f 1009/1009/1009 994/994/994 1010/1010/1010
f 1009/1009/1009 991/991/991 994/994/994
f 991/991/991 992/992/992 994/994/994
f 991/991/991 993/993/993 992/992/992
f 903/903/903 890/890/890 904/904/904
f 903/903/903 889/889/889 890/890/890
f 889/889/889 882/882/882 890/890/890
f 889/889/889 879/879/879 882/882/882
f 879/879/879 880/880/880 882/882/882
f 879/879/879 881/881/881 880/880/880
f 881/881/881 919/919/919 880/880/880
f 881/881/881 920/920/920 919/919/919
f 707/707/707 538/538/538 706/706/706
f 707/707/707 541/541/541 538/538/538
f 541/541/541 499/499/499 538/538/538
f 541/541/541 498/498/498 499/499/499
f 498/498/498 489/489/489 499/499/499
f 498/498/498 486/486/486 489/489/489
f 486/486/486 487/487/487 489/489/489
f 486/486/486 488/488/488 487/487/487
f 488/488/488 776/776/776 487/487/487
f 488/488/488 777/777/777 776/776/776
f 777/777/777 855/855/855 776/776/776
f 777/777/777 856/856/856 855/855/855
f 1831/1831/1831 1834/1834/1834 1835/1835/1835
f 1831/1831/1831 1829/1829/1829 1834/1834/1834
f 940/940/940 943/943/943 944/944/944
f 940/940/940 938/938/938 943/943/943
f 938/938/938 954/954/954 943/943/943
f 938/938/938 951/951/951 954/954/954
f 951/951/951 1014/1014/1014 954/954/954
f 951/951/951 1010/1010/1010 1014/1014/1014
f 1010/1010/1010 1002/1002/1002 1014/1014/1014
f 1010/1010/1010 994/994/994 1002/1002/1002
f 994/994/994 1001/1001/1001 1002/1002/1002
f 994/994/994 992/992/992 1001/1001/1001
f 904/904/904 894/894/894 907/907/907
f 904/904/904 890/890/890 894/894/894
f 890/890/890 884/884/884 894/894/894
f 890/890/890 882/882/882 884/884/884
f 882/882/882 883/883/883 884/884/884
f 882/882/882 880/880/880 883/883/883
f 880/880/880 922/922/922 883/883/883
f 880/880/880 919/919/919 922/922/922
f 706/706/706 537/537/537 705/705/705
f 706/706/706 538/538/538 537/537/537
f 538/538/538 502/502/502 537/537/537
f 538/538/538 499/499/499 502/502/502
f 499/499/499 491/491/491 502/502/502
f 499/499/499 489/489/489 491/491/491
f 489/489/489 490/490/490 491/491/491
f 489/489/489 487/487/487 490/490/490
f 487/487/487 779/779/779 490/490/490
f 487/487/487 776/776/776 779/779/779
f 776/776/776 859/859/859 779/779/779
f 776/776/776 855/855/855 859/859/859
f 476/476/476 468/468/468 467/467/467
f 476/476/476 477/477/477 468/468/468
f 944/944/944 957/957/957 986/986/986
f 944/944/944 943/943/943 957/957/957
f 943/943/943 956/956/956 957/957/957
f 943/943/943 954/954/954 956/956/956
f 954/954/954 1016/1016/1016 956/956/956
f 954/954/954 1014/1014/1014 1016/1016/1016
f 1014/1014/1014 1006/1006/1006 1016/1016/1016
f 1014/1014/1014 1002/1002/1002 1006/1006/1006
f 1002/1002/1002 1005/1005/1005 1006/1006/1006
f 1002/1002/1002 1001/1001/1001 1005/1005/1005
f 907/907/907 896/896/896 910/910/910
f 907/907/907 894/894/894 896/896/896
f 894/894/894 895/895/895 896/896/896
f 894/894/894 884/884/884 895/895/895
f 884/884/884 897/897/897 895/895/895
f 884/884/884 883/883/883 897/897/897
f 883/883/883 923/923/923 897/897/897
f 883/883/883 922/922/922 923/923/923
f 705/705/705 536/536/536 704/704/704
f 705/705/705 537/537/537 536/536/536
f 537/537/537 504/504/504 536/536/536
f 537/537/537 502/502/502 504/504/504
f 502/502/502 495/495/495 504/504/504
f 502/502/502 491/491/491 495/495/495
f 491/491/491 494/494/494 495/495/495
f 491/491/491 490/490/490 494/494/494
f 490/490/490 785/785/785 494/494/494
f 490/490/490 779/779/779 785/785/785
f 779/779/779 863/863/863 785/785/785
f 779/779/779 859/859/859 863/863/863
f 467/467/467 462/462/462 461/461/461
f 467/467/467 468/468/468 462/462/462
f 468/468/468 464/464/464 462/462/462
f 468/468/468 469/469/469 464/464/464
f 957/957/957 960/960/960 961/961/961
f 957/957/957 956/956/956 960/960/960
f 956/956/956 1021/1021/1021 960/960/960
f 956/956/956 1016/1016/1016 1021/1021/1021
f 1016/1016/1016 1020/1020/1020 1021/1021/1021
f 1016/1016/1016 1006/1006/1006 1020/1020/1020
f 1006/1006/1006 1022/1022/1022 1020/1020/1020
f 1006/1006/1006 1005/1005/1005 1022/1022/1022
f 1005/1005/1005 1247/1247/1247 1022/1022/1022
f 1005/1005/1005 1248/1248/1248 1247/1247/1247
f 896/896/896 913/913/913 914/914/914
f 896/896/896 895/895/895 913/913/913
f 895/895/895 925/925/925 913/913/913
f 895/895/895 897/897/897 925/925/925
f 897/897/897 928/928/928 925/925/925
f 897/897/897 923/923/923 928/928/928
f 704/704/704 535/535/535 703/703/703
f 704/704/704 536/536/536 535/535/535
f 536/536/536 508/508/508 535/535/535
f 536/536/536 504/504/504 508/508/508
f 504/504/504 507/507/507 508/508/508
f 504/504/504 495/495/495 507/507/507
f 495/495/495 626/626/626 507/507/507
f 495/495/495 494/494/494 626/626/626
f 494/494/494 793/793/793 626/626/626
f 494/494/494 785/785/785 793/793/793
f 465/465/465 460/460/460 459/459/459
f 465/465/465 466/466/466 460/460/460
f 461/461/461 438/438/438 437/437/437
f 461/461/461 462/462/462 438/438/438
f 462/462/462 458/458/458 438/438/438
f 462/462/462 464/464/464 458/458/458
f 961/961/961 964/964/964 965/965/965
f 961/961/961 960/960/960 964/964/964
f 960/960/960 1027/1027/1027 964/964/964
f 960/960/960 1021/1021/1021 1027/1027/1027
f 1021/1021/1021 1026/1026/1026 1027/1027/1027
f 1021/1021/1021 1020/1020/1020 1026/1026/1026
f 1020/1020/1020 1028/1028/1028 1026/1026/1026
f 1020/1020/1020 1022/1022/1022 1028/1028/1028
f 1022/1022/1022 1249/1249/1249 1028/1028/1028
f 1022/1022/1022 1247/1247/1247 1249/1249/1249
f 1546/1546/1546 1483/1483/1483 1482/1482/1482
f 1546/1546/1546 1547/1547/1547 1483/1483/1483
f 1547/1547/1547 1484/1484/1484 1483/1483/1483
f 1547/1547/1547 1548/1548/1548 1484/1484/1484
f 1548/1548/1548 1550/1550/1550 1484/1484/1484
f 1548/1548/1548 1551/1551/1551 1550/1550/1550
f 703/703/703 534/534/534 702/702/702
f 703/703/703 535/535/535 534/534/534
f 535/535/535 512/512/512 534/534/534
f 535/535/535 508/508/508 512/512/512
f 508/508/508 511/511/511 512/512/512
f 508/508/508 507/507/507 511/511/511
f 507/507/507 628/628/628 511/511/511
f 507/507/507 626/626/626 628/628/628
f 463/463/463 381/381/381 457/457/457
f 463/463/463 459/459/459 381/381/381
f 459/459/459 382/382/382 381/381/381
f 459/459/459 460/460/460 382/382/382
f 437/437/437 380/380/380 379/379/379
f 437/437/437 438/438/438 380/380/380
f 438/438/438 453/453/453 380/380/380
f 438/438/438 458/458/458 453/453/453
f 965/965/965 968/968/968 969/969/969
f 965/965/965 964/964/964 968/968/968
f 964/964/964 1033/1033/1033 968/968/968
f 964/964/964 1027/1027/1027 1033/1033/1033
f 1027/1027/1027 1032/1032/1032 1033/1033/1033
f 1027/1027/1027 1026/1026/1026 1032/1032/1032
f 1026/1026/1026 1034/1034/1034 1032/1032/1032
f 1026/1026/1026 1028/1028/1028 1034/1034/1034
f 1549/1549/1549 1479/1479/1479 1544/1544/1544
f 1549/1549/1549 1482/1482/1482 1479/1479/1479
f 1482/1482/1482 1480/1480/1480 1479/1479/1479
f 1482/1482/1482 1483/1483/1483 1480/1480/1480
f 1483/1483/1483 1481/1481/1481 1480/1480/1480
f 1483/1483/1483 1484/1484/1484 1481/1481/1481
f 1484/1484/1484 1545/1545/1545 1481/1481/1481
f 1484/1484/1484 1550/1550/1550 1545/1545/1545
f 702/702/702 533/533/533 701/701/701
f 702/702/702 534/534/534 533/533/533
f 534/534/534 516/516/516 533/533/533
f 534/534/534 512/512/512 516/516/516
f 512/512/512 515/515/515 516/516/516
f 512/512/512 511/511/511 515/515/515
f 511/511/511 636/636/636 515/515/515
f 511/511/511 628/628/628 636/636/636
f 457/457/457 307/307/307 418/418/418
f 457/457/457 381/381/381 307/307/307
f 381/381/381 308/308/308 307/307/307
f 381/381/381 382/382/382 308/308/308
f 379/379/379 378/378/378 375/375/375
f 379/379/379 380/380/380 378/378/378
f 380/380/380 452/452/452 378/378/378
f 380/380/380 453/453/453 452/452/452
f 969/969/969 972/972/972 973/973/973
f 969/969/969 968/968/968 972/972/972
f 968/968/968 1038/1038/1038 972/972/972
f 968/968/968 1033/1033/1033 1038/1038/1038
f 1033/1033/1033 1037/1037/1037 1038/1038/1038
f 1033/1033/1033 1032/1032/1032 1037/1037/1037
f 1032/1032/1032 1064/1064/1064 1037/1037/1037
f 1032/1032/1032 1034/1034/1034 1064/1064/1064
f 1544/1544/1544 1440/1440/1440 1540/1540/1540
f 1544/1544/1544 1479/1479/1479 1440/1440/1440
f 1479/1479/1479 1443/1443/1443 1440/1440/1440
f 1479/1479/1479 1480/1480/1480 1443/1443/1443
f 1480/1480/1480 1478/1478/1478 1443/1443/1443
f 1480/1480/1480 1481/1481/1481 1478/1478/1478
f 1481/1481/1481 1543/1543/1543 1478/1478/1478
f 1481/1481/1481 1545/1545/1545 1543/1543/1543
f 701/701/701 531/531/531 699/699/699
f 701/701/701 533/533/533 531/531/531
f 533/533/533 520/520/520 531/531/531
f 533/533/533 516/516/516 520/520/520
f 516/516/516 519/519/519 520/520/520
f 516/516/516 515/515/515 519/519/519
f 515/515/515 644/644/644 519/519/519
f 515/515/515 636/636/636 644/644/644
f 418/418/418 303/303/303 416/416/416
f 418/418/418 307/307/307 303/303/303
f 307/307/307 306/306/306 303/303/303
f 307/307/307 308/308/308 306/306/306
f 375/375/375 377/377/377 376/376/376
f 375/375/375 378/378/378 377/377/377
f 378/378/378 451/451/451 377/377/377
f 378/378/378 452/452/452 451/451/451
f 973/973/973 976/976/976 977/977/977
f 973/973/973 972/972/972 976/976/976
f 972/972/972 1045/1045/1045 976/976/976
f 972/972/972 1038/1038/1038 1045/1045/1045
f 1038/1038/1038 1046/1046/1046 1045/1045/1045
f 1038/1038/1038 1037/1037/1037 1046/1046/1046
f 1037/1037/1037 1072/1072/1072 1046/1046/1046
f 1037/1037/1037 1064/1064/1064 1072/1072/1072
f 1540/1540/1540 1441/1441/1441 1541/1541/1541
f 1540/1540/1540 1440/1440/1440 1441/1441/1441
f 1440/1440/1440 1442/1442/1442 1441/1441/1441
f 1440/1440/1440 1443/1443/1443 1442/1442/1442
f 1443/1443/1443 1477/1477/1477 1442/1442/1442
f 1443/1443/1443 1478/1478/1478 1477/1477/1477
f 1478/1478/1478 1542/1542/1542 1477/1477/1477
f 1478/1478/1478 1543/1543/1543 1542/1542/1542
f 699/699/699 532/532/532 700/700/700
f 699/699/699 531/531/531 532/532/532
f 531/531/531 524/524/524 532/532/532
f 531/531/531 520/520/520 524/524/524
f 520/520/520 523/523/523 524/524/524
f 520/520/520 519/519/519 523/523/523
f 519/519/519 680/680/680 523/523/523
f 519/519/519 644/644/644 680/680/680
f 416/416/416 304/304/304 417/417/417
f 416/416/416 303/303/303 304/304/304
f 303/303/303 305/305/305 304/304/304
f 303/303/303 306/306/306 305/305/305
