# Exported by Gskelview
mtllib piratebarrel.mtl

v -22.5963 33.9829 -0.721045
v -21.0674 33.9829 8.30799
v -20.6041 33.9829 -9.43329
v -15.801 33.9828 -16.3428
v -16.6901 33.9829 15.4174
v -8.09856 33.9828 -21.1338
v -15.6277 33.9828 -16.3428
v -16.5167 33.9829 15.4174
v -9.21696 33.9829 20.6637
v 0.48808 33.9828 -22.6041
v -7.91544 33.9828 -21.1338
v -9.03384 33.9829 20.6637
v -0.48536 33.9829 22.5965
v 9.21456 33.9828 -20.6705
v 0.72112 33.9828 -22.6041
v -0.25232 33.9829 22.5965
v 8.09608 33.9829 21.127
v 16.3139 33.9828 -15.647
v 9.4476 33.9828 -20.6705
v 8.32912 33.9829 21.127
v 15.6394 33.9829 16.316
v 21.0501 33.9829 -8.32193
v 16.4642 33.9828 -15.647
v 15.7897 33.9829 16.316
v 20.5868 33.9829 9.43359
v 22.5976 33.9829 0.474874
v -22.5963 32.4828 -0.721045
v -20.6041 32.4828 -9.43329
v -21.0674 32.4828 8.30799
v -15.801 32.4828 -16.3428
v -16.6901 32.4828 15.4174
v -8.09856 32.4828 -21.1338
v -9.21696 32.4828 20.6637
v -16.5167 32.4828 15.4174
v -15.6277 32.4828 -16.3428
v 0.48808 32.4828 -22.6041
v -0.48536 32.4828 22.5965
v -9.03384 32.4828 20.6637
v -7.91544 32.4828 -21.1338
v 9.21456 32.4828 -20.6705
v 8.09608 32.4828 21.127
v -0.25232 32.4828 22.5965
v 0.72112 32.4828 -22.6041
v 16.3139 32.4828 -15.647
v 15.6394 32.4828 16.316
v 8.32912 32.4828 21.127
v 9.4476 32.4828 -20.6705
v 21.0501 32.4828 -8.32193
v 20.5868 32.4828 9.43359
v 15.7897 32.4828 16.316
v 16.4642 32.4828 -15.647
v 22.5976 32.4828 0.474875
v 9.21456 33.9828 -20.6705
v 9.21456 32.4828 -20.6705
v 0.72112 32.4828 -22.6041
v 0.72112 33.9828 -22.6041
v 22.5976 33.9829 0.474874
v 22.5976 32.4828 0.474875
v 21.0501 32.4828 -8.32193
v 21.0501 33.9829 -8.32193
v -0.25232 33.9829 22.5965
v -0.25232 32.4828 22.5965
v 8.09608 32.4828 21.127
v 8.09608 33.9829 21.127
v -22.5963 33.9829 -0.721045
v -22.5963 32.4828 -0.721045
v -21.0674 32.4828 8.30799
v -21.0674 33.9829 8.30799
v -8.09856 33.9828 -21.1338
v -8.09856 32.4828 -21.1338
v -15.6277 32.4828 -16.3428
v -15.6277 33.9828 -16.3428
v 16.3139 33.9828 -15.647
v 16.3139 32.4828 -15.647
v 9.4476 32.4828 -20.6705
v 9.4476 33.9828 -20.6705
v -15.6277 33.9828 -16.3428
v -15.6277 32.4828 -16.3428
v -16.5167 32.4828 15.4174
v -16.5167 33.9829 15.4174
v -9.03384 33.9829 20.6637
v -9.03384 32.4828 20.6637
v -0.48536 32.4828 22.5965
v -0.48536 33.9829 22.5965
v -15.801 33.9828 -16.3428
v -15.801 32.4828 -16.3428
v -20.6041 32.4828 -9.43329
v -20.6041 33.9829 -9.43329
v -21.0674 33.9829 8.30799
v -21.0674 32.4828 8.30799
v -16.6901 32.4828 15.4174
v -16.6901 33.9829 15.4174
v -7.91544 33.9828 -21.1338
v -7.91544 32.4828 -21.1338
v -9.03384 32.4828 20.6637
v -9.03384 33.9829 20.6637
v -16.6901 33.9829 15.4174
v -16.6901 32.4828 15.4174
v -15.801 32.4828 -16.3428
v -15.801 33.9828 -16.3428
v 8.32912 33.9829 21.127
v 8.32912 32.4828 21.127
v 15.6394 32.4828 16.316
v 15.6394 33.9829 16.316
v 0.72112 33.9828 -22.6041
v 0.72112 32.4828 -22.6041
v -0.25232 32.4828 22.5965
v -0.25232 33.9829 22.5965
v -9.21696 33.9829 20.6637
v -9.21696 32.4828 20.6637
v -8.09856 32.4828 -21.1338
v -8.09856 33.9828 -21.1338
v -20.6041 33.9829 -9.43329
v -20.6041 32.4828 -9.43329
v -22.5963 32.4828 -0.721045
v -22.5963 33.9829 -0.721045
v 9.4476 33.9828 -20.6705
v 9.4476 32.4828 -20.6705
v 8.32912 32.4828 21.127
v 8.32912 33.9829 21.127
v -0.48536 33.9829 22.5965
v -0.48536 32.4828 22.5965
v 0.48808 32.4828 -22.6041
v 0.48808 33.9828 -22.6041
v 21.0501 33.9829 -8.32193
v 21.0501 32.4828 -8.32193
v 16.4642 32.4828 -15.647
v 16.4642 33.9828 -15.647
v 16.4642 33.9828 -15.647
v 16.4642 32.4828 -15.647
v 15.7897 32.4828 16.316
v 15.7897 33.9829 16.316
v 0.48808 33.9828 -22.6041
v 0.48808 32.4828 -22.6041
v -7.91544 32.4828 -21.1338
v -7.91544 33.9828 -21.1338
v 8.09608 33.9829 21.127
v 8.09608 32.4828 21.127
v 9.21456 32.4828 -20.6705
v 9.21456 33.9828 -20.6705
v 20.5868 33.9829 9.43359
v 20.5868 32.4828 9.43359
v 22.5976 32.4828 0.474875
v 22.5976 33.9829 0.474874
v 15.7897 33.9829 16.316
v 15.7897 32.4828 16.316
v 20.5868 32.4828 9.43359
v 20.5868 33.9829 9.43359
v -16.5167 33.9829 15.4174
v -16.5167 32.4828 15.4174
v -9.21696 32.4828 20.6637
v -9.21696 33.9829 20.6637
v 15.6394 33.9829 16.316
v 15.6394 32.4828 16.316
v 16.3139 32.4828 -15.647
v 16.3139 33.9828 -15.647
v 22.6604 -37.3151 -0.72104
v 21.1314 -37.3151 8.30808
v 20.6681 -37.3151 -9.4332
v 15.8651 -37.3151 -16.3428
v 16.7542 -37.3151 15.4174
v 8.16256 -37.3151 -21.1337
v 15.6917 -37.3151 -16.3428
v 16.5807 -37.3151 15.4174
v 9.28104 -37.3151 20.6637
v -0.424 -37.3151 -22.6041
v 7.97944 -37.3151 -21.1337
v 9.09792 -37.3151 20.6637
v 0.54944 -37.3151 22.5965
v -9.15048 -37.3151 -20.6704
v -0.65712 -37.3151 -22.6041
v 0.3164 -37.3151 22.5965
v -8.032 -37.3151 21.127
v -16.2499 -37.3151 -15.647
v -9.38352 -37.3151 -20.6704
v -8.26512 -37.3151 21.127
v -15.5754 -37.3151 16.3161
v -20.9861 -37.3151 -8.32192
v -16.4002 -37.3151 -15.647
v -15.7256 -37.3151 16.3161
v -20.5228 -37.3151 9.43368
v -22.5336 -37.3151 0.47488
v 22.6604 -35.815 -0.72104
v 20.6681 -35.815 -9.4332
v 21.1314 -35.815 8.30808
v 15.8651 -35.815 -16.3428
v 16.7542 -35.815 15.4174
v 8.16256 -35.815 -21.1337
v 9.28104 -35.815 20.6637
v 16.5807 -35.815 15.4174
v 15.6917 -35.815 -16.3428
v -0.424 -35.815 -22.6041
v 0.54944 -35.815 22.5965
v 9.09792 -35.815 20.6637
v 7.97944 -35.815 -21.1337
v -9.15048 -35.815 -20.6704
v -8.032 -35.815 21.127
v 0.3164 -35.815 22.5965
v -0.65712 -35.815 -22.6041
v -16.2499 -35.815 -15.647
v -15.5754 -35.815 16.3161
v -8.26512 -35.815 21.127
v -9.38352 -35.815 -20.6704
v -20.9861 -35.815 -8.32192
v -20.5228 -35.815 9.43368
v -15.7256 -35.815 16.3161
v -16.4002 -35.815 -15.647
v -22.5336 -35.815 0.47488
v -9.15048 -37.3151 -20.6704
v -9.15048 -35.815 -20.6704
v -0.65712 -35.815 -22.6041
v -0.65712 -37.3151 -22.6041
v -22.5336 -37.3151 0.47488
v -22.5336 -35.815 0.47488
v -20.9861 -35.815 -8.32192
v -20.9861 -37.3151 -8.32192
v 0.3164 -37.3151 22.5965
v 0.3164 -35.815 22.5965
v -8.032 -35.815 21.127
v -8.032 -37.3151 21.127
v 22.6604 -37.3151 -0.72104
v 22.6604 -35.815 -0.72104
v 21.1314 -35.815 8.30808
v 21.1314 -37.3151 8.30808
v 8.16256 -37.3151 -21.1337
v 8.16256 -35.815 -21.1337
v 15.6917 -35.815 -16.3428
v 15.6917 -37.3151 -16.3428
v -16.2499 -37.3151 -15.647
v -16.2499 -35.815 -15.647
v -9.38352 -35.815 -20.6704
v -9.38352 -37.3151 -20.6704
v 15.6917 -37.3151 -16.3428
v 15.6917 -35.815 -16.3428
v 16.5807 -35.815 15.4174
v 16.5807 -37.3151 15.4174
v 9.09792 -37.3151 20.6637
v 9.09792 -35.815 20.6637
v 0.54944 -35.815 22.5965
v 0.54944 -37.3151 22.5965
v 15.8651 -37.3151 -16.3428
v 15.8651 -35.815 -16.3428
v 20.6681 -35.815 -9.4332
v 20.6681 -37.3151 -9.4332
v 21.1314 -37.3151 8.30808
v 21.1314 -35.815 8.30808
v 16.7542 -35.815 15.4174
v 16.7542 -37.3151 15.4174
v 7.97944 -37.3151 -21.1337
v 7.97944 -35.815 -21.1337
v 9.09792 -35.815 20.6637
v 9.09792 -37.3151 20.6637
v 16.7542 -37.3151 15.4174
v 16.7542 -35.815 15.4174
v 15.8651 -35.815 -16.3428
v 15.8651 -37.3151 -16.3428
v -8.26512 -37.3151 21.127
v -8.26512 -35.815 21.127
v -15.5754 -35.815 16.3161
v -15.5754 -37.3151 16.3161
v -0.65712 -37.3151 -22.6041
v -0.65712 -35.815 -22.6041
v 0.3164 -35.815 22.5965
v 0.3164 -37.3151 22.5965
v 9.28104 -37.3151 20.6637
v 9.28104 -35.815 20.6637
v 8.16256 -35.815 -21.1337
v 8.16256 -37.3151 -21.1337
v 20.6681 -37.3151 -9.4332
v 20.6681 -35.815 -9.4332
v 22.6604 -35.815 -0.72104
v 22.6604 -37.3151 -0.72104
v -9.38352 -37.3151 -20.6704
v -9.38352 -35.815 -20.6704
v -8.26512 -35.815 21.127
v -8.26512 -37.3151 21.127
v 0.54944 -37.3151 22.5965
v 0.54944 -35.815 22.5965
v -0.424 -35.815 -22.6041
v -0.424 -37.3151 -22.6041
v -20.9861 -37.3151 -8.32192
v -20.9861 -35.815 -8.32192
v -16.4002 -35.815 -15.647
v -16.4002 -37.3151 -15.647
v -16.4002 -37.3151 -15.647
v -16.4002 -35.815 -15.647
v -15.7256 -35.815 16.3161
v -15.7256 -37.3151 16.3161
v -0.424 -37.3151 -22.6041
v -0.424 -35.815 -22.6041
v 7.97944 -35.815 -21.1337
v 7.97944 -37.3151 -21.1337
v -8.032 -37.3151 21.127
v -8.032 -35.815 21.127
v -9.15048 -35.815 -20.6704
v -9.15048 -37.3151 -20.6704
v -20.5228 -37.3151 9.43368
v -20.5228 -35.815 9.43368
v -22.5336 -35.815 0.47488
v -22.5336 -37.3151 0.47488
v -15.7256 -37.3151 16.3161
v -15.7256 -35.815 16.3161
v -20.5228 -35.815 9.43368
v -20.5228 -37.3151 9.43368
v 16.5807 -37.3151 15.4174
v 16.5807 -35.815 15.4174
v 9.28104 -35.815 20.6637
v 9.28104 -37.3151 20.6637
v -15.5754 -37.3151 16.3161
v -15.5754 -35.815 16.3161
v -16.2499 -35.815 -15.647
v -16.2499 -37.3151 -15.647
v -10.5601 -33.8584 25.4818
v -19.6275 -33.8584 19.3259
v -18.6673 -33.8584 18.3775
v -10.0438 -33.8584 24.2319
v 19.3711 -33.8584 -19.6038
v 25.4856 -33.8584 -10.5639
v 24.2368 -33.8584 -10.0487
v 18.4218 -33.8584 -18.6459
v 10.555 -33.8584 25.4818
v 0.1444 -33.8584 27.5526
v 0.13648 -33.8584 26.2013
v 10.0373 -33.8584 24.2319
v 27.555 -33.8584 -0.16056
v 25.4856 -33.8584 10.5511
v 24.2368 -33.8584 10.0324
v 26.2048 -33.8584 -0.1548
v 19.5914 -33.8584 19.3725
v 18.6312 -33.8584 18.4218
v -0.14328 -33.8584 -27.5666
v 10.555 -33.8584 -25.4946
v 10.0373 -33.8584 -24.2482
v -0.13712 -33.8584 -26.2188
v -19.5798 -33.8584 -19.4102
v -10.5601 -33.8584 -25.4946
v -10.0438 -33.8584 -24.2482
v -18.6219 -33.8584 -18.4618
v 10.555 -33.8584 -25.4946
v 10.0373 -33.8584 -24.2482
v -10.5601 -33.8584 25.4818
v -10.0438 -33.8584 24.2319
v -25.4906 -33.8584 10.5511
v -24.2433 -33.8584 10.0324
v -25.4906 -33.8584 -10.5639
v -24.2433 -33.8584 -10.0487
v -27.5633 -33.8584 -0.14416
v -26.2145 -33.8584 -0.1392
v -10.9046 -27.4298 26.3159
v -10.3715 -27.4298 25.0252
v -19.2767 -27.4298 18.9795
v -20.2684 -27.4298 19.959
v 20.0047 -27.4298 -20.243
v 19.0243 -27.4298 -19.2539
v 25.0294 -27.4298 -10.3758
v 26.319 -27.4298 -10.9078
v 10.9005 -27.4298 26.3159
v 10.3659 -27.4298 25.0252
v 0.14152 -27.4298 27.059
v 0.14968 -27.4298 28.4543
v 28.456 -27.4298 -0.164401
v 27.0618 -27.4298 -0.158401
v 25.0294 -27.4298 10.3617
v 26.319 -27.4298 10.8974
v 19.2406 -27.4298 19.0252
v 20.2322 -27.4298 20.007
v -0.14744 -27.4298 -28.466
v -0.14104 -27.4298 -27.0742
v 10.3659 -27.4298 -25.0393
v 10.9005 -27.4298 -26.3263
v -20.2191 -27.4298 -20.043
v -19.2299 -27.4298 -19.0637
v -10.3715 -27.4298 -25.0393
v -10.9046 -27.4298 -26.3263
v 10.9005 -27.4298 -26.3263
v 10.3659 -27.4298 -25.0393
v -10.3715 -27.4298 25.0252
v -10.9046 -27.4298 26.3159
v -25.035 -27.4298 10.3617
v -26.3231 -27.4298 10.8974
v -26.3231 -27.4298 -10.9078
v -25.035 -27.4298 -10.3758
v -27.0706 -27.4298 -0.142321
v -28.4635 -27.4298 -0.147441
v -10.0438 -33.8584 -24.2482
v -10.3715 -27.4298 -25.0393
v -19.2299 -27.4298 -19.0637
v -18.6219 -33.8584 -18.4618
v -25.035 -27.4298 -10.3758
v -24.2433 -33.8584 -10.0487
v 10.555 -33.8584 25.4818
v 10.9005 -27.4298 26.3159
v 0.14968 -27.4298 28.4543
v 0.1444 -33.8584 27.5526
v -10.0438 -33.8584 24.2319
v -10.3715 -27.4298 25.0252
v 0.14152 -27.4298 27.059
v 0.13648 -33.8584 26.2013
v -26.2145 -33.8584 -0.1392
v -27.0706 -27.4298 -0.142321
v -25.035 -27.4298 10.3617
v -24.2433 -33.8584 10.0324
v 25.4856 -33.8584 10.5511
v 26.319 -27.4298 10.8974
v 20.2322 -27.4298 20.007
v 19.5914 -33.8584 19.3725
v -18.6673 -33.8584 18.3775
v -19.2767 -27.4298 18.9795
v -10.3715 -27.4298 25.0252
v -10.0438 -33.8584 24.2319
v 25.4856 -33.8584 -10.5639
v 26.319 -27.4298 -10.9078
v 28.456 -27.4298 -0.164401
v 27.555 -33.8584 -0.16056
v 10.3659 -27.4298 25.0252
v 10.0373 -33.8584 24.2319
v 10.555 -33.8584 -25.4946
v 10.9005 -27.4298 -26.3263
v 20.0047 -27.4298 -20.243
v 19.3711 -33.8584 -19.6038
v 18.6312 -33.8584 18.4218
v 19.2406 -27.4298 19.0252
v 25.0294 -27.4298 10.3617
v 24.2368 -33.8584 10.0324
v -19.6275 -33.8584 19.3259
v -20.2684 -27.4298 19.959
v -26.3231 -27.4298 10.8974
v -25.4906 -33.8584 10.5511
v 26.2048 -33.8584 -0.1548
v 27.0618 -27.4298 -0.158401
v 25.0294 -27.4298 -10.3758
v 24.2368 -33.8584 -10.0487
v 18.4218 -33.8584 -18.6459
v 19.0243 -27.4298 -19.2539
v 10.3659 -27.4298 -25.0393
v 10.0373 -33.8584 -24.2482
v -27.5633 -33.8584 -0.14416
v -28.4635 -27.4298 -0.147441
v -26.3231 -27.4298 -10.9078
v -25.4906 -33.8584 -10.5639
v -0.14328 -33.8584 -27.5666
v -0.14744 -27.4298 -28.466
v 10.9005 -27.4298 -26.3263
v 10.555 -33.8584 -25.4946
v -10.5601 -33.8584 -25.4946
v -10.9046 -27.4298 -26.3263
v -19.5798 -33.8584 -19.4102
v -20.2191 -27.4298 -20.043
v -10.9046 -27.4298 26.3159
v -10.5601 -33.8584 25.4818
v 10.0373 -33.8584 -24.2482
v 10.3659 -27.4298 -25.0393
v -0.14104 -27.4298 -27.0742
v -0.13712 -33.8584 -26.2188
v -11.2 -33.3437 25.749
v -11.4894 -27.9445 26.4496
v -19.6275 -33.8584 19.3259
v -10.5601 -33.8584 25.4818
v -10.8977 -33.3894 25.3305
v -11.1919 -27.8987 26.043
v -10.9046 -27.4298 26.3159
v -20.2684 -27.4298 19.959
v -11.2 -33.3437 25.749
v -10.8977 -33.3894 25.3305
v -11.1919 -27.8987 26.043
v -11.4894 -27.9445 26.4496
v -11.4894 -27.9445 26.4496
v -11.1919 -27.8987 26.043
v -20.2684 -27.4298 19.959
v -19.6275 -33.8584 19.3259
v -10.8977 -33.3894 25.3305
v -11.2 -33.3437 25.749
v -10.5601 30.6705 25.4818
v -10.0438 30.6705 24.2318
v -18.6673 30.6705 18.3775
v -19.6275 30.6705 19.3259
v 19.3711 30.6705 -19.6038
v 18.4218 30.6705 -18.646
v 24.2368 30.6705 -10.0487
v 25.4856 30.6705 -10.5639
v 10.555 30.6705 25.4818
v 10.0373 30.6705 24.2318
v 0.13648 30.6705 26.2013
v 0.1444 30.6705 27.5526
v 27.555 30.6705 -0.160565
v 26.2049 30.6705 -0.154805
v 24.2368 30.6705 10.0324
v 25.4856 30.6705 10.5511
v 18.6312 30.6705 18.4218
v 19.5914 30.6705 19.3725
v -0.14328 30.6705 -27.5666
v -0.13712 30.6705 -26.2188
v 10.0373 30.6705 -24.2482
v 10.555 30.6705 -25.4946
v -19.5798 30.6705 -19.4102
v -18.6219 30.6705 -18.4618
v -10.0438 30.6705 -24.2482
v -10.5601 30.6705 -25.4946
v 10.555 30.6705 -25.4946
v 10.0373 30.6705 -24.2482
v -10.0438 30.6705 24.2318
v -10.5601 30.6705 25.4818
v -24.2433 30.6705 10.0324
v -25.4906 30.6705 10.5511
v -25.4906 30.6705 -10.5639
v -24.2433 30.6705 -10.0487
v -26.2145 30.6705 -0.139205
v -27.5633 30.6705 -0.144165
v -10.9046 24.2419 26.3158
v -20.2684 24.2419 19.9589
v -19.2767 24.2419 18.9795
v -10.3715 24.2419 25.0252
v 20.0047 24.2419 -20.243
v 26.319 24.2419 -10.9078
v 25.0294 24.2419 -10.3758
v 19.0243 24.2419 -19.2539
v 10.9005 24.2419 26.3158
v 0.14968 24.2419 28.4543
v 0.14152 24.2419 27.0589
v 10.3659 24.2419 25.0252
v 28.456 24.2419 -0.164405
v 26.319 24.2419 10.8974
v 25.0294 24.2419 10.3616
v 27.0618 24.2419 -0.158485
v 20.2322 24.2419 20.007
v 19.2406 24.2419 19.0252
v -0.14744 24.2419 -28.4661
v 10.9005 24.2419 -26.3263
v 10.3659 24.2419 -25.0393
v -0.14104 24.2419 -27.0742
v -20.2191 24.2419 -20.0431
v -10.9046 24.2419 -26.3263
v -10.3715 24.2419 -25.0393
v -19.2299 24.2419 -19.0638
v 10.9005 24.2419 -26.3263
v 10.3659 24.2419 -25.0393
v -10.9046 24.2419 26.3158
v -10.3715 24.2419 25.0252
v -26.3231 24.2419 10.8974
v -25.035 24.2419 10.3616
v -26.3231 24.2419 -10.9078
v -25.035 24.2419 -10.3758
v -28.4635 24.2419 -0.147445
v -27.0706 24.2419 -0.142325
v -10.0438 30.6705 -24.2482
v -18.6219 30.6705 -18.4618
v -19.2299 24.2419 -19.0638
v -10.3715 24.2419 -25.0393
v -24.2433 30.6705 -10.0487
v -25.035 24.2419 -10.3758
v 10.555 30.6705 25.4818
v 0.1444 30.6705 27.5526
v 0.14968 24.2419 28.4543
v 10.9005 24.2419 26.3158
v -10.0438 30.6705 24.2318
v 0.13648 30.6705 26.2013
v 0.14152 24.2419 27.0589
v -10.3715 24.2419 25.0252
v -26.2145 30.6705 -0.139205
v -24.2433 30.6705 10.0324
v -25.035 24.2419 10.3616
v -27.0706 24.2419 -0.142325
v 25.4856 30.6705 10.5511
v 19.5914 30.6705 19.3725
v 20.2322 24.2419 20.007
v 26.319 24.2419 10.8974
v -18.6673 30.6705 18.3775
v -10.0438 30.6705 24.2318
v -10.3715 24.2419 25.0252
v -19.2767 24.2419 18.9795
v 25.4856 30.6705 -10.5639
v 27.555 30.6705 -0.160565
v 28.456 24.2419 -0.164405
v 26.319 24.2419 -10.9078
v 10.0373 30.6705 24.2318
v 10.3659 24.2419 25.0252
v 10.555 30.6705 -25.4946
v 19.3711 30.6705 -19.6038
v 20.0047 24.2419 -20.243
v 10.9005 24.2419 -26.3263
v 18.6312 30.6705 18.4218
v 24.2368 30.6705 10.0324
v 25.0294 24.2419 10.3616
v 19.2406 24.2419 19.0252
v -19.6275 30.6705 19.3259
v -25.4906 30.6705 10.5511
v -26.3231 24.2419 10.8974
v -20.2684 24.2419 19.9589
v 26.2049 30.6705 -0.154805
v 24.2368 30.6705 -10.0487
v 25.0294 24.2419 -10.3758
v 27.0618 24.2419 -0.158485
v 18.4218 30.6705 -18.646
v 10.0373 30.6705 -24.2482
v 10.3659 24.2419 -25.0393
v 19.0243 24.2419 -19.2539
v -27.5633 30.6705 -0.144165
v -25.4906 30.6705 -10.5639
v -26.3231 24.2419 -10.9078
v -28.4635 24.2419 -0.147445
v -0.14328 30.6705 -27.5666
v 10.555 30.6705 -25.4946
v 10.9005 24.2419 -26.3263
v -0.14744 24.2419 -28.4661
v -10.5601 30.6705 -25.4946
v -10.9046 24.2419 -26.3263
v -19.5798 30.6705 -19.4102
v -20.2191 24.2419 -20.0431
v -10.5601 30.6705 25.4818
v -10.9046 24.2419 26.3158
v 10.0373 30.6705 -24.2482
v -0.13712 30.6705 -26.2188
v -0.14104 24.2419 -27.0742
v 10.3659 24.2419 -25.0393
v -11.2 30.1557 25.749
v -11.4894 24.7566 26.4496
v -19.6275 30.6705 19.3259
v -10.8977 30.2015 25.3305
v -10.5601 30.6705 25.4818
v -11.1919 24.7108 26.0429
v -20.2684 24.2419 19.9589
v -10.9046 24.2419 26.3158
v -11.2 30.1557 25.749
v -11.4894 24.7566 26.4496
v -11.1919 24.7108 26.0429
v -10.8977 30.2015 25.3305
v -11.4894 24.7566 26.4496
v -20.2684 24.2419 19.9589
v -11.1919 24.7108 26.0429
v -19.6275 30.6705 19.3259
v -11.2 30.1557 25.749
v -10.8977 30.2015 25.3305
v -20.7059 16.9988 -20.525
v -11.167 16.9988 -26.9596
v -11.6642 16.9988 -28.1598
v -21.6284 16.9988 -21.4383
v 11.1635 16.9988 -26.9596
v 20.4871 16.9988 -20.7298
v 21.4014 16.9988 -21.6522
v 11.6621 16.9988 -28.1598
v -0.15056 16.9988 -29.1509
v -0.15648 16.9988 -30.4489
v 0.15368 16.9988 29.141
v -11.167 16.9988 26.951
v -11.6642 16.9988 28.1546
v 0.16136 16.9988 30.4423
v -20.7563 16.9988 20.4409
v -26.957 16.9988 11.161
v -28.1582 16.9988 11.6606
v -21.6811 16.9988 21.3542
v -26.957 16.9988 -11.1695
v -28.1582 16.9988 -11.6657
v 20.7201 16.9988 20.4901
v 11.1635 16.9988 26.951
v 11.6621 16.9988 28.1546
v 21.6447 16.9988 21.4057
v -29.149 16.9988 -0.150004
v -30.4479 16.9988 -0.154724
v -11.167 16.9988 26.951
v -11.6642 16.9988 28.1546
v 26.9536 16.9988 -11.1695
v 28.1562 16.9988 -11.6657
v 29.1421 16.9988 -0.167364
v 26.9536 16.9988 11.161
v 28.1562 16.9988 11.6606
v 30.4423 16.9988 -0.172884
v 11.1635 16.9988 -26.9596
v 11.6621 16.9988 -28.1598
v -20.7059 10.6969 -20.525
v -21.6284 10.6969 -21.4383
v -11.6642 10.6968 -28.1598
v -11.167 10.6968 -26.9596
v 11.1635 10.6968 -26.9596
v 11.6621 10.6968 -28.1598
v 21.4014 10.6969 -21.6522
v 20.4871 10.6969 -20.7298
v -0.15648 10.6968 -30.4489
v -0.15056 10.6968 -29.1509
v 0.15368 10.6969 29.141
v 0.16136 10.6969 30.4423
v -11.6642 10.6969 28.1546
v -11.167 10.6969 26.951
v -20.7563 10.6969 20.4409
v -21.6811 10.6969 21.3542
v -28.1582 10.6969 11.6606
v -26.957 10.6969 11.161
v -26.957 10.6969 -11.1695
v -28.1582 10.6969 -11.6657
v 20.7201 10.6969 20.4901
v 21.6447 10.6969 21.4057
v 11.6621 10.6969 28.1546
v 11.1635 10.6969 26.951
v -30.4479 10.6969 -0.154724
v -29.149 10.6969 -0.150004
v -11.167 10.6969 26.951
v -11.6642 10.6969 28.1546
v 28.1562 10.6969 -11.6657
v 26.9536 10.6969 -11.1695
v 29.1421 10.6969 -0.167284
v 30.4423 10.6969 -0.172884
v 28.1562 10.6969 11.6606
v 26.9536 10.6969 11.161
v 11.6621 10.6968 -28.1598
v 11.1635 10.6968 -26.9596
v -29.149 16.9988 -0.150004
v -29.149 10.6969 -0.150004
v -26.957 10.6969 -11.1695
v -26.957 16.9988 -11.1695
v -28.1582 16.9988 11.6606
v -28.1582 10.6969 11.6606
v -21.6811 10.6969 21.3542
v -21.6811 16.9988 21.3542
v 20.4871 16.9988 -20.7298
v 20.4871 10.6969 -20.7298
v 26.9536 10.6969 -11.1695
v 26.9536 16.9988 -11.1695
v 11.6621 16.9988 28.1546
v 11.6621 10.6969 28.1546
v 21.6447 10.6969 21.4057
v 21.6447 16.9988 21.4057
v 29.1421 16.9988 -0.167364
v 29.1421 10.6969 -0.167284
v 26.9536 10.6969 11.161
v 26.9536 16.9988 11.161
v -28.1582 16.9988 -11.6657
v -28.1582 10.6969 -11.6657
v -30.4479 10.6969 -0.154724
v -30.4479 16.9988 -0.154724
v -0.15056 16.9988 -29.1509
v -0.15056 10.6968 -29.1509
v 11.1635 10.6968 -26.9596
v 11.1635 16.9988 -26.9596
v -11.167 16.9988 -26.9596
v -11.167 10.6968 -26.9596
v 28.1562 16.9988 -11.6657
v 28.1562 10.6969 -11.6657
v 21.4014 10.6969 -21.6522
v 21.4014 16.9988 -21.6522
v -20.7059 16.9988 -20.525
v -20.7059 10.6969 -20.525
v 28.1562 16.9988 11.6606
v 28.1562 10.6969 11.6606
v 30.4423 10.6969 -0.172884
v 30.4423 16.9988 -0.172884
v 0.15368 16.9988 29.141
v 0.15368 10.6969 29.141
v -11.167 10.6969 26.951
v -11.167 16.9988 26.951
v -26.957 16.9988 11.161
v -26.957 10.6969 11.161
v 11.6621 16.9988 -28.1598
v 11.6621 10.6968 -28.1598
v -0.15648 10.6968 -30.4489
v -0.15648 16.9988 -30.4489
v -11.6642 10.6968 -28.1598
v -11.6642 16.9988 -28.1598
v -11.167 16.9988 26.951
v -11.167 10.6969 26.951
v -20.7563 10.6969 20.4409
v -20.7563 16.9988 20.4409
v -21.6284 10.6969 -21.4383
v -21.6284 16.9988 -21.4383
v 11.1635 16.9988 26.951
v 11.1635 10.6969 26.951
v -11.6642 16.9988 28.1546
v -11.6642 10.6969 28.1546
v 0.16136 10.6969 30.4423
v 0.16136 16.9988 30.4423
v 20.7201 10.6969 20.4901
v 20.7201 16.9988 20.4901
v -12.2667 11.2247 28.5149
v -12.2667 16.4709 28.5149
v 11.1635 16.9988 -26.9596
v 11.1635 10.6968 -26.9596
v 11.6621 10.6968 -28.1598
v 11.6621 16.9988 -28.1598
v -11.9711 16.5309 27.9462
v -11.6642 16.9988 28.1546
v -21.6811 16.9988 21.3542
v -21.6811 10.6969 21.3542
v -11.6642 10.6969 28.1546
v -11.9711 11.1647 27.9462
v -12.2667 16.4709 28.5149
v -11.9711 16.5309 27.9462
v -21.6811 16.9988 21.3542
v -21.6811 10.6969 21.3542
v -11.9711 11.1647 27.9462
v -12.2667 11.2247 28.5149
v -12.2667 11.2247 28.5149
v -11.9711 11.1647 27.9462
v -11.9711 16.5309 27.9462
v -12.2667 16.4709 28.5149
v -20.7059 -12.8423 -20.525
v -11.167 -12.8423 -26.9596
v -11.6642 -12.8423 -28.1598
v -21.6284 -12.8423 -21.4383
v 11.1635 -12.8423 -26.9596
v 20.4871 -12.8423 -20.7298
v 21.4014 -12.8423 -21.6522
v 11.6621 -12.8423 -28.1598
v -0.15056 -12.8423 -29.1509
v -0.15648 -12.8423 -30.4488
v 0.15368 -12.8423 29.141
v -11.167 -12.8423 26.951
v -11.6642 -12.8423 28.1546
v 0.16136 -12.8423 30.4423
v -20.7563 -12.8423 20.4409
v -26.957 -12.8423 11.161
v -28.1582 -12.8423 11.6606
v -21.6811 -12.8423 21.3542
v -26.957 -12.8423 -11.1695
v -28.1582 -12.8423 -11.6657
v 20.7201 -12.8423 20.4901
v 11.1635 -12.8423 26.951
v 11.6621 -12.8423 28.1546
v 21.6447 -12.8423 21.4057
v -29.149 -12.8423 -0.150002
v -30.4479 -12.8423 -0.154722
v -11.167 -12.8423 26.951
v -11.6642 -12.8423 28.1546
v 26.9536 -12.8423 -11.1695
v 28.1562 -12.8423 -11.6657
v 29.1421 -12.8423 -0.167282
v 26.9536 -12.8423 11.161
v 28.1562 -12.8423 11.6606
v 30.4423 -12.8423 -0.172882
v 11.1635 -12.8423 -26.9596
v 11.6621 -12.8423 -28.1598
v -20.7059 -19.1443 -20.525
v -21.6284 -19.1443 -21.4383
v -11.6642 -19.1443 -28.1598
v -11.167 -19.1443 -26.9596
v 11.1635 -19.1443 -26.9596
v 11.6621 -19.1443 -28.1598
v 21.4014 -19.1443 -21.6522
v 20.4871 -19.1443 -20.7298
v -0.15648 -19.1443 -30.4488
v -0.15056 -19.1443 -29.1509
v 0.15368 -19.1443 29.141
v 0.16136 -19.1443 30.4423
v -11.6642 -19.1443 28.1546
v -11.167 -19.1443 26.951
v -20.7563 -19.1443 20.4409
v -21.6811 -19.1443 21.3542
v -28.1582 -19.1443 11.6606
v -26.957 -19.1443 11.161
v -26.957 -19.1443 -11.1695
v -28.1582 -19.1443 -11.6657
v 20.7201 -19.1443 20.4901
v 21.6447 -19.1443 21.4057
v 11.6621 -19.1443 28.1546
v 11.1635 -19.1443 26.951
v -30.4479 -19.1443 -0.154721
v -29.149 -19.1443 -0.150001
v -11.167 -19.1443 26.951
v -11.6642 -19.1443 28.1546
v 28.1562 -19.1443 -11.6657
v 26.9536 -19.1443 -11.1695
v 29.1421 -19.1443 -0.167281
v 30.4423 -19.1443 -0.172881
v 28.1562 -19.1443 11.6606
v 26.9536 -19.1443 11.161
v 11.6621 -19.1443 -28.1598
v 11.1635 -19.1443 -26.9596
v -29.149 -12.8423 -0.150002
v -29.149 -19.1443 -0.150001
v -26.957 -19.1443 -11.1695
v -26.957 -12.8423 -11.1695
v -28.1582 -12.8423 11.6606
v -28.1582 -19.1443 11.6606
v -21.6811 -19.1443 21.3542
v -21.6811 -12.8423 21.3542
v 20.4871 -12.8423 -20.7298
v 20.4871 -19.1443 -20.7298
v 26.9536 -19.1443 -11.1695
v 26.9536 -12.8423 -11.1695
v 11.6621 -12.8423 28.1546
v 11.6621 -19.1443 28.1546
v 21.6447 -19.1443 21.4057
v 21.6447 -12.8423 21.4057
v 29.1421 -12.8423 -0.167282
v 29.1421 -19.1443 -0.167281
v 26.9536 -19.1443 11.161
v 26.9536 -12.8423 11.161
v -28.1582 -12.8423 -11.6657
v -28.1582 -19.1443 -11.6657
v -30.4479 -19.1443 -0.154721
v -30.4479 -12.8423 -0.154722
v -0.15056 -12.8423 -29.1509
v -0.15056 -19.1443 -29.1509
v 11.1635 -19.1443 -26.9596
v 11.1635 -12.8423 -26.9596
v -11.167 -12.8423 -26.9596
v -11.167 -19.1443 -26.9596
v 28.1562 -12.8423 -11.6657
v 28.1562 -19.1443 -11.6657
v 21.4014 -19.1443 -21.6522
v 21.4014 -12.8423 -21.6522
v -20.7059 -12.8423 -20.525
v -20.7059 -19.1443 -20.525
v 28.1562 -12.8423 11.6606
v 28.1562 -19.1443 11.6606
v 30.4423 -19.1443 -0.172881
v 30.4423 -12.8423 -0.172882
v 0.15368 -12.8423 29.141
v 0.15368 -19.1443 29.141
v -11.167 -19.1443 26.951
v -11.167 -12.8423 26.951
v -26.957 -12.8423 11.161
v -26.957 -19.1443 11.161
v 11.6621 -12.8423 -28.1598
v 11.6621 -19.1443 -28.1598
v -0.15648 -19.1443 -30.4488
v -0.15648 -12.8423 -30.4488
v -11.6642 -19.1443 -28.1598
v -11.6642 -12.8423 -28.1598
v -11.167 -12.8423 26.951
v -11.167 -19.1443 26.951
v -20.7563 -19.1443 20.4409
v -20.7563 -12.8423 20.4409
v -21.6284 -19.1443 -21.4383
v -21.6284 -12.8423 -21.4383
v 11.1635 -12.8423 26.951
v 11.1635 -19.1443 26.951
v -11.6642 -12.8423 28.1546
v -11.6642 -19.1443 28.1546
v 0.16136 -19.1443 30.4423
v 0.16136 -12.8423 30.4423
v 20.7201 -19.1443 20.4901
v 20.7201 -12.8423 20.4901
v -12.2667 -18.6164 28.5149
v -12.2667 -13.3702 28.5149
v 11.1635 -12.8423 -26.9596
v 11.1635 -19.1443 -26.9596
v 11.6621 -19.1443 -28.1598
v 11.6621 -12.8423 -28.1598
v -11.9711 -13.3102 27.9463
v -11.6642 -12.8423 28.1546
v -21.6811 -12.8423 21.3542
v -21.6811 -19.1443 21.3542
v -11.6642 -19.1443 28.1546
v -11.9711 -18.6764 27.9463
v -12.2667 -13.3702 28.5149
v -11.9711 -13.3102 27.9463
v -21.6811 -12.8423 21.3542
v -21.6811 -19.1443 21.3542
v -11.9711 -18.6764 27.9463
v -12.2667 -18.6164 28.5149
v -12.2667 -18.6164 28.5149
v -11.9711 -18.6764 27.9463
v -11.9711 -13.3102 27.9463
v -12.2667 -13.3702 28.5149
v -8.19528 28.8673 26.3674
v -7.74288 28.8673 26.5082
v -7.61648 28.9269 26.1678
v -8.10616 28.9269 26.0154
v -7.69384 27.9968 27.008
v -7.2572 28.2192 26.9296
v -7.5052 28.5109 26.8172
v -7.78176 28.1751 26.945
v -7.84352 28.663 26.6955
v -7.97448 28.2094 26.8959
v -7.3312 28.676 26.6586
v -7.74288 28.8673 26.5082
v -7.6248 27.7635 27.0577
v -7.12752 27.8381 27.0142
v -7.69384 27.9968 27.008
v -7.02296 28.3224 26.7957
v -7.02296 28.3224 26.7957
v -6.8372 28.3371 26.479
v -7.17088 28.7197 26.3306
v -7.3312 28.676 26.6586
v -7.62304 27.5151 27.086
v -7.14056 27.4259 27.0581
v -6.86512 27.8605 26.8985
v -6.86512 27.8605 26.8985
v -6.66632 27.8371 26.5902
v -7.65392 27.3055 27.0858
v -7.29 27.0469 27.0543
v -6.8816 27.3605 26.9514
v -6.8816 27.3605 26.9514
v -6.68416 27.2959 26.6475
v -7.06992 26.8985 26.9465
v -7.06992 26.8985 26.9465
v -6.88808 26.7959 26.6422
v -7.8256 27.1971 27.0598
v -7.56408 26.7617 27.0034
v -7.40152 26.545 26.8843
v -7.40152 26.545 26.8843
v -7.24696 26.4133 26.5749
v -8.03816 27.1115 27.0047
v -7.91384 26.6044 26.9128
v -7.82576 26.3537 26.7744
v -7.82576 26.3537 26.7744
v -7.70616 26.2062 26.4559
v -8.28664 26.6039 26.7967
v -8.27816 26.3537 26.6336
v -8.62424 26.7557 26.6727
v -8.68984 26.545 26.4832
v -8.27816 26.3537 26.6336
v -8.19584 26.2062 26.3035
v -8.26128 27.1019 26.9353
v -8.87304 27.0478 26.5626
v -8.99808 26.8986 26.3462
v -8.68984 26.545 26.4832
v -8.64144 26.4133 26.1407
v -8.4456 27.1327 26.8594
v -9.156 27.3605 26.2433
v -9.146 27.2959 25.881
v -8.97504 26.7959 25.9923
v -8.99808 26.8986 26.3462
v -8.54184 27.3146 26.8232
v -9.13952 27.8605 26.1903
v -9.12816 27.8371 25.8238
v -8.61152 27.5481 26.7754
v -9.00272 27.4288 26.478
v -9.156 27.3605 26.2433
v -8.95112 28.3224 26.1954
v -8.92424 28.3371 25.8291
v -8.61272 27.7963 26.7452
v -8.9896 27.841 26.4342
v -9.13952 27.8605 26.1903
v -8.41008 28.1144 26.7713
v -8.56616 28.5053 26.4888
v -8.83944 28.2197 26.4357
v -8.57344 28.0024 26.7186
v -8.95112 28.3224 26.1954
v -8.19816 28.2001 26.8284
v -8.2164 28.6625 26.5794
v -8.6196 28.676 26.2575
v -8.6196 28.676 26.2575
v -8.56536 28.7197 25.8964
v -8.19528 28.8673 26.3674
v -8.39416 27.8663 26.8474
v -8.37224 27.6084 26.8875
v -8.31912 27.3561 26.9301
v -8.31912 27.3561 26.9301
v -8.1708 27.9344 26.9123
v -8.13152 27.6615 26.9596
v -8.31912 27.3561 26.9301
v -8.09048 27.3877 27.0009
v -8.31912 27.3561 26.9301
v -7.94024 27.9653 26.9772
v -7.88904 27.7138 27.0257
v -7.86528 27.4551 27.0598
v -7.69384 27.9968 27.008
v -7.69384 27.9968 27.008
v -8.97328 14.8759 28.8661
v -8.52088 14.8759 29.007
v -8.39848 14.9965 28.6796
v -8.88816 14.9965 28.5272
v -8.43096 13.9378 29.3755
v -8.00504 14.1922 29.3318
v -8.26632 14.4859 29.2618
v -8.52704 14.1197 29.3387
v -8.6116 14.6386 29.1622
v -8.7212 14.1518 29.2944
v -8.10056 14.6834 29.1295
v -8.52088 14.8759 29.007
v -8.35136 13.703 29.3913
v -7.85816 13.8089 29.361
v -7.77624 14.3278 29.2151
v -7.77624 14.3278 29.2151
v -7.59256 14.4032 28.905
v -7.94352 14.7882 28.8123
v -8.10056 14.6834 29.1295
v -8.33832 13.4533 29.3834
v -7.85248 13.3942 29.3448
v -7.59744 13.8631 29.2507
v -7.59744 13.8631 29.2507
v -7.39904 13.9003 28.9435
v -8.35976 13.2448 29.353
v -7.9848 13.0132 29.2859
v -7.59128 13.3602 29.231
v -7.59128 13.3602 29.231
v -7.39232 13.3558 28.9221
v -7.75872 12.8955 29.1587
v -7.75872 12.8955 29.1587
v -7.5736 12.8529 28.8439
v -8.52648 13.1333 29.311
v -8.24592 12.7261 29.1935
v -8.07424 12.5398 29.0452
v -8.07424 12.5398 29.0452
v -7.91512 12.4679 28.721
v -8.7352 13.0472 29.2434
v -8.58856 12.5679 29.08
v -8.48992 12.3473 28.9074
v -8.48992 12.3473 28.9074
v -8.36496 12.2596 28.5719
v -8.96136 12.5674 28.9639
v -8.94232 12.3473 28.7666
v -9.30584 12.7203 28.862
v -9.36264 12.5398 28.644
v -8.94232 12.3473 28.7666
v -8.85464 12.2596 28.4194
v -8.95784 13.0377 29.1726
v -9.56784 13.0139 28.7943
v -9.68688 12.8955 28.5584
v -9.36264 12.5398 28.644
v -9.3096 12.4679 28.2868
v -9.14368 13.071 29.1014
v -9.86568 13.3602 28.5228
v -9.85416 13.3558 28.1556
v -9.66056 12.8529 28.1942
v -9.68688 12.8955 28.5584
v -9.24808 13.2515 29.0915
v -9.87184 13.8631 28.5426
v -9.8608 13.9003 28.177
v -9.32832 13.4864 29.0778
v -9.7148 13.3971 28.7651
v -9.86568 13.3602 28.5228
v -9.68688 12.8955 28.5584
v -9.7044 14.3278 28.6148
v -9.6796 14.4032 28.2551
v -9.34072 13.7361 29.0836
v -9.7204 13.8118 28.7813
v -9.87184 13.8631 28.5426
v -9.15256 14.0561 29.156
v -9.32696 14.48 28.9326
v -9.58736 14.1929 28.8379
v -9.31088 13.9459 29.0871
v -9.7044 14.3278 28.6148
v -8.94448 14.1422 29.2256
v -8.98432 14.6382 29.0462
v -9.38888 14.6834 28.7284
v -9.38888 14.6834 28.7284
v -9.338 14.7882 28.3781
v -8.97328 14.8759 28.8661
v -9.1252 13.7996 29.1955
v -9.0916 13.5397 29.198
v -9.02712 13.2865 29.2039
v -8.90496 13.8677 29.2703
v -8.85328 13.5925 29.2778
v -8.79984 13.3177 29.2793
v -8.67584 13.8992 29.3398
v -8.61312 13.6458 29.3516
v -8.57768 13.3861 29.3481
v -8.97328 -14.7933 28.8661
v -8.52088 -14.7933 29.007
v -8.39848 -14.6727 28.6796
v -8.88816 -14.6727 28.5272
v -8.43096 -15.7313 29.3755
v -8.00504 -15.4769 29.3318
v -8.26632 -15.1833 29.2618
v -8.52704 -15.5494 29.3387
v -8.6116 -15.0305 29.1622
v -8.7212 -15.5174 29.2944
v -8.10056 -14.9857 29.1295
v -8.52088 -14.7933 29.007
v -8.35136 -15.9662 29.3913
v -7.85816 -15.8603 29.361
v -7.77624 -15.3414 29.2151
v -7.77624 -15.3414 29.2151
v -7.59256 -15.266 28.905
v -7.94352 -14.881 28.8123
v -8.10056 -14.9857 29.1295
v -8.33832 -16.2158 29.3834
v -7.85248 -16.275 29.3448
v -7.59744 -15.8061 29.2507
v -7.59744 -15.8061 29.2507
v -7.39904 -15.7689 28.9435
v -8.35976 -16.4244 29.353
v -7.9848 -16.656 29.2859
v -7.59128 -16.309 29.231
v -7.59128 -16.309 29.231
v -7.39232 -16.3133 28.9221
v -7.75872 -16.7737 29.1588
v -7.75872 -16.7737 29.1588
v -7.5736 -16.8163 28.8439
v -8.52648 -16.5359 29.311
v -8.24592 -16.9432 29.1935
v -8.24592 -16.9432 29.1935
v -8.07424 -17.1293 29.0452
v -8.07424 -17.1293 29.0452
v -7.91512 -17.2013 28.721
v -7.75872 -16.7737 29.1588
v -8.7352 -16.622 29.2434
v -8.58856 -17.1013 29.08
v -8.24592 -16.9432 29.1935
v -8.48992 -17.3219 28.9074
v -8.24592 -16.9432 29.1935
v -8.48992 -17.3219 28.9074
v -8.36496 -17.4096 28.5719
v -8.96136 -17.1018 28.9639
v -8.94232 -17.3219 28.7666
v -9.30584 -16.9489 28.862
v -9.36264 -17.1293 28.6441
v -8.94232 -17.3219 28.7666
v -8.85464 -17.4096 28.4194
v -8.95784 -16.6315 29.1726
v -9.56784 -16.6553 28.7943
v -9.68688 -16.7737 28.5585
v -9.36264 -17.1293 28.6441
v -9.3096 -17.2013 28.2868
v -9.14368 -16.5982 29.1014
v -9.86568 -16.309 28.5228
v -9.85416 -16.3133 28.1556
v -9.66056 -16.8163 28.1942
v -9.68688 -16.7737 28.5585
v -9.24808 -16.4176 29.0915
v -9.87184 -15.8061 28.5426
v -9.8608 -15.7689 28.177
v -9.32832 -16.1829 29.0778
v -9.7148 -16.272 28.7651
v -9.86568 -16.309 28.5228
v -9.7044 -15.3415 28.6148
v -9.6796 -15.266 28.2552
v -9.34072 -15.9331 29.0836
v -9.7204 -15.8573 28.7813
v -9.87184 -15.8061 28.5426
v -9.15256 -15.613 29.156
v -9.32696 -15.1891 28.9326
v -9.58736 -15.4763 28.8379
v -9.31088 -15.7233 29.0872
v -9.7044 -15.3415 28.6148
v -8.94448 -15.527 29.2256
v -8.98432 -15.0309 29.0462
v -9.15256 -15.613 29.156
v -9.38888 -14.9857 28.7284
v -9.38888 -14.9857 28.7284
v -9.338 -14.881 28.3781
v -8.97328 -14.7933 28.8661
v -9.1252 -15.8696 29.1955
v -9.15256 -15.613 29.156
v -9.0916 -16.1295 29.198
v -9.02712 -16.3827 29.2039
v -9.15256 -15.613 29.156
v -8.90496 -15.8015 29.2703
v -8.85328 -16.0766 29.2778
v -8.79984 -16.3514 29.2793
v -8.67584 -15.7699 29.3398
v -8.61312 -16.0234 29.3516
v -8.57768 -16.2831 29.3482
v -8.19528 -32.0806 26.3674
v -8.10616 -32.1402 26.0154
v -7.61648 -32.1402 26.1678
v -7.74288 -32.0806 26.5082
v -7.69384 -31.2101 27.008
v -7.78176 -31.3885 26.945
v -7.5052 -31.7242 26.8173
v -7.25712 -31.4325 26.9296
v -7.97448 -31.4228 26.8959
v -7.84352 -31.8763 26.6955
v -7.74288 -32.0806 26.5082
v -7.3312 -31.8893 26.6586
v -7.6248 -30.9768 27.0577
v -7.12744 -31.0514 27.0142
v -7.02296 -31.5357 26.7957
v -7.02296 -31.5357 26.7957
v -7.3312 -31.8893 26.6586
v -7.17088 -31.9331 26.3306
v -6.8372 -31.5504 26.479
v -7.62304 -30.7284 27.086
v -7.14056 -30.6392 27.0581
v -6.86512 -31.0738 26.8985
v -6.86512 -31.0738 26.8985
v -6.66632 -31.0504 26.5902
v -7.65392 -30.5188 27.0858
v -7.29 -30.2602 27.0543
v -6.8816 -30.5738 26.9514
v -6.8816 -30.5738 26.9514
v -6.68416 -30.5093 26.6475
v -7.06992 -30.1119 26.9465
v -7.06992 -30.1119 26.9465
v -6.88808 -30.0092 26.6422
v -7.8256 -30.4103 27.0598
v -7.564 -29.975 27.0034
v -7.40152 -29.7584 26.8843
v -7.40152 -29.7584 26.8843
v -7.06992 -30.1119 26.9465
v -6.88808 -30.0092 26.6422
v -7.24696 -29.6266 26.5749
v -8.03816 -30.3249 27.0047
v -7.91384 -29.8177 26.9128
v -7.82576 -29.5671 26.7744
v -7.82576 -29.5671 26.7744
v -7.70616 -29.4195 26.4559
v -8.28664 -29.8173 26.7967
v -8.27816 -29.5671 26.6336
v -8.62424 -29.9691 26.6727
v -8.68984 -29.7584 26.4832
v -8.27816 -29.5671 26.6336
v -8.19584 -29.4195 26.3035
v -8.26128 -30.3152 26.9353
v -8.87304 -30.2611 26.5626
v -8.99808 -30.1119 26.3462
v -8.68984 -29.7584 26.4832
v -8.64144 -29.6266 26.1407
v -8.4456 -30.346 26.8594
v -9.156 -30.5738 26.2433
v -8.99808 -30.1119 26.3462
v -8.97504 -30.0093 25.9924
v -9.146 -30.5093 25.881
v -8.54184 -30.5279 26.8232
v -9.13952 -31.0738 26.1903
v -9.12816 -31.0504 25.8238
v -8.61152 -30.7615 26.7754
v -9.00272 -30.6421 26.478
v -9.156 -30.5738 26.2433
v -8.95112 -31.5357 26.1954
v -8.92424 -31.5504 25.8291
v -8.61272 -31.0096 26.7452
v -8.9896 -31.0544 26.4342
v -9.13952 -31.0738 26.1903
v -8.41008 -31.3277 26.7713
v -8.57344 -31.2157 26.7186
v -8.83944 -31.433 26.4357
v -8.56616 -31.7186 26.4889
v -8.95112 -31.5357 26.1954
v -8.19816 -31.4134 26.8284
v -8.2164 -31.8758 26.5795
v -8.6196 -31.8893 26.2575
v -8.6196 -31.8893 26.2575
v -8.56536 -31.933 25.8964
v -8.19528 -32.0806 26.3674
v -8.39416 -31.0795 26.8474
v -8.37224 -30.8217 26.8875
v -8.31912 -30.5694 26.9301
v -8.1708 -31.1477 26.9123
v -8.13152 -30.8748 26.9596
v -8.0904 -30.6011 27.0009
v -7.94024 -31.1786 26.9773
v -7.88904 -30.9271 27.0258
v -7.86528 -30.6685 27.0598
v -14.0553 28.8563 24.1246
v -13.6777 28.8563 24.4108
v -13.443 28.9159 24.1336
v -13.8518 28.9159 23.8238
v -13.8014 27.9858 24.8974
v -13.364 28.2082 24.9722
v -13.5591 28.4999 24.7822
v -13.8626 28.1643 24.8084
v -13.836 28.652 24.5527
v -14.0272 28.1985 24.6967
v -13.3416 28.665 24.6922
v -13.6777 28.8563 24.4108
v -13.7533 27.7525 24.9677
v -13.2709 27.8272 25.0958
v -13.0982 28.3115 24.9258
v -13.0982 28.3115 24.9258
v -12.8159 28.3261 24.691
v -13.0794 28.7088 24.4381
v -13.3416 28.665 24.6922
v -13.7613 27.5042 24.9949
v -13.298 27.4149 25.1326
v -12.9847 27.8495 25.0762
v -12.9847 27.8495 25.0762
v -12.693 27.8261 24.8538
v -13.7902 27.2945 24.9843
v -13.4373 27.036 25.0783
v -13.0182 27.3495 25.1203
v -13.0182 27.3495 25.1203
v -12.7293 27.285 24.9016
v -13.1937 26.8876 25.0516
v -13.1937 26.8876 25.0516
v -12.9192 26.785 24.8272
v -13.9429 27.1861 24.9014
v -13.6778 26.7507 24.9373
v -13.4844 26.534 24.8805
v -13.4844 26.534 24.8805
v -13.2338 26.4023 24.642
v -14.1241 27.1007 24.7774
v -13.9758 26.5935 24.7332
v -13.8461 26.3427 24.633
v -13.8461 26.3427 24.633
v -13.6254 26.1952 24.3741
v -14.287 26.593 24.4974
v -14.2237 26.3427 24.3468
v -14.5625 26.7448 24.266
v -14.5598 26.534 24.0654
v -14.287 26.593 24.4974
v -14.2237 26.3427 24.3468
v -14.0341 26.1952 24.0643
v -14.3103 27.091 24.6362
v -14.287 26.593 24.4974
v -14.759 27.0368 24.0779
v -14.803 26.8876 23.8318
v -14.5598 26.534 24.0654
v -14.3978 26.4023 23.7598
v -14.4579 27.1217 24.5023
v -14.287 26.593 24.4974
v -14.9166 27.3495 23.6814
v -14.7841 27.285 23.3442
v -14.6612 26.785 23.5069
v -14.803 26.8876 23.8318
v -14.5362 27.3036 24.4355
v -14.8831 27.8495 23.6372
v -14.7478 27.8261 23.2963
v -14.5854 27.5372 24.367
v -14.8522 27.4179 23.9542
v -14.9166 27.3495 23.6814
v -14.7077 28.3115 23.7059
v -14.5579 28.3261 23.3706
v -14.5762 27.7853 24.3381
v -14.825 27.8301 23.9174
v -14.8831 27.8495 23.6372
v -14.3946 28.1034 24.4314
v -14.4453 28.4943 24.1128
v -14.6843 28.2087 23.9699
v -14.5303 27.9915 24.3264
v -14.7077 28.3115 23.7059
v -14.2146 28.1891 24.5572
v -14.1472 28.6516 24.3169
v -14.417 28.665 23.877
v -14.417 28.665 23.877
v -14.2433 28.7088 23.5559
v -14.0553 28.8563 24.1246
v -14.2433 28.7088 23.5559
v -14.4054 27.8553 24.5085
v -14.3985 27.5974 24.5536
v -14.363 27.3451 24.6117
v -14.2174 27.9235 24.6454
v -14.1966 27.6505 24.7032
v -14.1719 27.3768 24.756
v -14.0226 27.9543 24.7848
v -13.991 27.7029 24.8478
v -13.9802 27.4442 24.888
v -15.6361 14.8649 26.2102
v -15.2585 14.8649 26.4965
v -15.0322 14.9855 26.2302
v -15.4409 14.9855 25.9204
v -15.2992 13.9269 26.8736
v -14.8838 14.1813 26.9772
v -15.1058 14.4749 26.8226
v -15.377 14.1088 26.8063
v -15.3966 14.6277 26.6116
v -15.5446 14.1408 26.6987
v -14.9048 14.6725 26.7546
v -15.2585 14.8649 26.4965
v -15.3966 14.6277 26.6116
v -15.2297 13.692 26.9155
v -14.7555 13.7979 27.0546
v -14.629 14.3168 26.9453
v -14.629 14.3168 26.9453
v -14.3507 14.3922 26.7159
v -14.6494 14.7772 26.5095
v -14.9048 14.6725 26.7546
v -15.2147 13.4424 26.9126
v -14.7447 13.3833 27.0413
v -14.4729 13.8521 27.0395
v -14.4729 13.8521 27.0395
v -14.1818 13.8893 26.818
v -15.2246 13.2338 26.8766
v -14.8491 13.0022 26.941
v -14.4603 13.3492 27.023
v -14.4603 13.3492 27.023
v -14.1682 13.3449 26.8001
v -14.5933 12.8845 26.8982
v -14.5933 12.8845 26.8982
v -14.3122 12.8419 26.665
v -15.3671 13.1223 26.7805
v -15.0633 12.7151 26.7653
v -14.8514 12.5289 26.6842
v -14.8514 12.5289 26.6842
v -14.5916 12.457 26.4334
v -15.5404 13.0362 26.6461
v -15.347 12.5569 26.5421
v -15.347 12.5569 26.5421
v -15.1955 12.3364 26.4134
v -15.1955 12.3364 26.4134
v -14.964 12.2487 26.1402
v -15.6581 12.5564 26.3062
v -15.5731 12.3364 26.1272
v -15.347 12.5569 26.5421
v -15.9475 12.7093 26.0934
v -15.9268 12.5289 25.869
v -15.5731 12.3364 26.1272
v -15.3727 12.2487 25.8305
v -15.7258 13.0267 26.5038
v -15.347 12.5569 26.5421
v -16.1709 13.0029 25.9406
v -16.2026 12.8845 25.6784
v -15.9268 12.5289 25.869
v -15.7555 12.457 25.5511
v -15.8763 13.0601 26.3737
v -16.3587 13.3492 25.5841
v -16.2231 13.3449 25.2426
v -16.0542 12.8419 25.3447
v -16.2026 12.8845 25.6784
v -15.9712 13.2406 26.3288
v -16.3713 13.8521 25.6006
v -16.2366 13.8893 25.2606
v -16.0419 13.4754 26.2886
v -16.2992 13.3863 25.8633
v -15.9712 13.2406 26.3288
v -16.3587 13.3492 25.5841
v -16.2383 14.3168 25.7254
v -16.0927 14.3922 25.3956
v -16.0556 13.7252 26.2899
v -16.3099 13.8009 25.8766
v -16.3713 13.8521 25.6006
v -15.9032 14.0452 26.4219
v -15.9914 14.4691 26.1526
v -16.2041 14.182 25.975
v -16.0288 13.9349 26.3034
v -16.2383 14.3168 25.7254
v -15.7312 14.1312 26.5581
v -15.7077 14.6273 26.3758
v -15.9802 14.6725 25.9395
v -15.9802 14.6725 25.9395
v -15.8133 14.7772 25.6273
v -15.6361 14.8649 26.2102
v -15.3966 14.6277 26.6116
v -15.3966 14.6277 26.6116
v -15.891 13.7886 26.4684
v -15.8602 13.5287 26.4822
v -15.891 13.7886 26.4684
v -15.9712 13.2406 26.3288
v -15.8015 13.2755 26.5096
v -15.9712 13.2406 26.3288
v -15.891 13.7886 26.4684
v -15.7092 13.8567 26.6136
v -15.891 13.7886 26.4684
v -15.6632 13.5816 26.6382
v -15.6134 13.3068 26.6578
v -15.5173 13.8884 26.7567
v -15.4624 13.6348 26.7892
v -15.4279 13.3751 26.798
v -15.6361 -14.8043 26.2102
v -15.2585 -14.8043 26.4965
v -15.0322 -14.6836 26.2302
v -15.4409 -14.6836 25.9204
v -15.2992 -15.7422 26.8737
v -14.8838 -15.4879 26.9772
v -15.1058 -15.1942 26.8226
v -15.377 -15.5604 26.8063
v -15.3966 -15.0415 26.6116
v -15.5446 -15.5284 26.6987
v -14.9048 -14.9967 26.7546
v -15.2585 -14.8043 26.4965
v -15.3966 -15.0415 26.6116
v -15.2297 -15.9772 26.9155
v -14.7555 -15.8713 27.0546
v -14.629 -15.3523 26.9453
v -14.629 -15.3523 26.9453
v -14.3507 -15.2769 26.7159
v -14.6494 -14.892 26.5095
v -14.9048 -14.9967 26.7546
v -15.2147 -16.2268 26.9126
v -14.7447 -16.2859 27.0414
v -14.4729 -15.817 27.0395
v -14.4729 -15.817 27.0395
v -14.1818 -15.7799 26.818
v -15.2246 -16.4353 26.8766
v -14.8491 -16.6669 26.941
v -15.2147 -16.2268 26.9126
v -14.4603 -16.32 27.023
v -14.4603 -16.32 27.023
v -14.1682 -16.3243 26.8001
v -14.5933 -16.7847 26.8982
v -14.5933 -16.7847 26.8982
v -14.3122 -16.8273 26.665
v -15.3671 -16.5468 26.7806
v -15.0633 -16.9541 26.7653
v -15.0633 -16.9541 26.7653
v -14.8514 -17.1403 26.6842
v -14.8514 -17.1403 26.6842
v -14.5916 -17.2122 26.4334
v -15.5404 -16.6329 26.6461
v -15.347 -17.1123 26.5421
v -15.0633 -16.9541 26.7653
v -15.347 -17.1123 26.5421
v -15.1955 -17.3327 26.4134
v -15.0633 -16.9541 26.7653
v -15.1955 -17.3327 26.4134
v -14.964 -17.4205 26.1402
v -15.6581 -17.1128 26.3062
v -15.5731 -17.3327 26.1272
v -15.347 -17.1123 26.5421
v -15.9475 -16.9599 26.0934
v -15.9268 -17.1403 25.869
v -15.5731 -17.3327 26.1272
v -15.3727 -17.4206 25.8305
v -15.7258 -16.6425 26.5038
v -15.347 -17.1123 26.5421
v -16.1709 -16.6663 25.9406
v -16.2026 -16.7847 25.6784
v -15.9268 -17.1403 25.869
v -15.7555 -17.2121 25.5511
v -15.8763 -16.6091 26.3737
v -16.3587 -16.32 25.5841
v -16.2231 -16.3243 25.2426
v -16.0542 -16.8273 25.3447
v -16.2026 -16.7847 25.6784
v -15.9712 -16.4285 26.3288
v -16.3713 -15.817 25.6006
v -16.2366 -15.7799 25.2606
v -16.0419 -16.1937 26.2886
v -16.2992 -16.2829 25.8633
v -16.3587 -16.32 25.5841
v -16.2383 -15.3523 25.7254
v -16.0927 -15.2769 25.3956
v -16.0556 -15.944 26.2899
v -16.3099 -15.8683 25.8766
v -16.3713 -15.817 25.6006
v -15.9032 -15.624 26.4219
v -15.9914 -15.2001 26.1526
v -16.2041 -15.4871 25.975
v -16.0288 -15.7342 26.3034
v -16.2383 -15.3523 25.7254
v -15.7312 -15.538 26.5581
v -15.7077 -15.0419 26.3758
v -15.9802 -14.9967 25.9395
v -15.9802 -14.9967 25.9395
v -15.8133 -14.892 25.6273
v -15.6361 -14.8043 26.2102
v -15.3966 -15.0415 26.6116
v -15.3966 -15.0415 26.6116
v -15.891 -15.8805 26.4684
v -15.8602 -16.1405 26.4822
v -15.891 -15.8805 26.4684
v -15.8015 -16.3937 26.5097
v -15.891 -15.8805 26.4684
v -15.7092 -15.8124 26.6136
v -15.891 -15.8805 26.4684
v -15.6632 -16.0876 26.6382
v -15.6134 -16.3624 26.6578
v -15.5173 -15.7808 26.7567
v -15.4624 -16.0344 26.7892
v -15.4279 -16.294 26.798
v -15.2147 -16.2268 26.9126
v -15.2147 -16.2268 26.9126
v -14.0553 -32.0916 24.1246
v -13.8518 -32.1511 23.8238
v -13.443 -32.1511 24.1336
v -13.6777 -32.0916 24.4108
v -13.8014 -31.2211 24.8975
v -13.8626 -31.3995 24.8084
v -13.5591 -31.7351 24.7822
v -13.364 -31.4434 24.9722
v -14.0272 -31.4337 24.6967
v -13.836 -31.8872 24.5527
v -13.6777 -32.0916 24.4108
v -13.3416 -31.9002 24.6922
v -13.7533 -30.9877 24.9677
v -13.2709 -31.0624 25.0958
v -13.0982 -31.5467 24.9258
v -13.0982 -31.5467 24.9258
v -13.3416 -31.9002 24.6922
v -13.0794 -31.944 24.4382
v -12.8159 -31.5613 24.691
v -13.7613 -30.7394 24.9949
v -13.298 -30.6501 25.1326
v -12.9847 -31.0847 25.0762
v -12.9847 -31.0847 25.0762
v -12.693 -31.0614 24.8538
v -13.7902 -30.5298 24.9843
v -13.4373 -30.2712 25.0783
v -13.0182 -30.5848 25.1203
v -13.0182 -30.5848 25.1203
v -12.7293 -30.5202 24.9016
v -13.1937 -30.1229 25.0516
v -13.1937 -30.1229 25.0516
v -12.9192 -30.0202 24.8273
v -13.9429 -30.4213 24.9015
v -13.6778 -29.9859 24.9373
v -13.4844 -29.7693 24.8805
v -13.4844 -29.7693 24.8805
v -13.2338 -29.6375 24.642
v -14.1241 -30.3359 24.7774
v -13.9758 -29.8287 24.7332
v -13.8461 -29.5779 24.633
v -13.8461 -29.5779 24.633
v -13.6254 -29.4305 24.3741
v -14.287 -29.8283 24.4974
v -14.2237 -29.5779 24.3468
v -14.5625 -29.98 24.266
v -14.287 -29.8283 24.4974
v -14.5598 -29.7693 24.0654
v -14.2237 -29.5779 24.3468
v -14.0341 -29.4305 24.0643
v -14.3103 -30.3262 24.6362
v -14.287 -29.8283 24.4974
v -14.759 -30.272 24.0779
v -14.5625 -29.98 24.266
v -14.803 -30.1229 23.8318
v -14.5598 -29.7693 24.0654
v -14.3978 -29.6375 23.7598
v -14.4579 -30.357 24.5023
v -14.287 -29.8283 24.4974
v -14.5625 -29.98 24.266
v -14.9166 -30.5848 23.6814
v -14.803 -30.1229 23.8318
v -14.6612 -30.0202 23.5069
v -14.7841 -30.5202 23.3442
v -14.5362 -30.5389 24.4355
v -14.5625 -29.98 24.266
v -14.8831 -31.0847 23.6372
v -14.7478 -31.0614 23.2963
v -14.5854 -30.7724 24.367
v -14.8522 -30.6531 23.9542
v -14.9166 -30.5848 23.6814
v -14.7077 -31.5467 23.7059
v -14.7478 -31.0614 23.2963
v -14.5579 -31.5613 23.3706
v -14.5762 -31.0206 24.3381
v -14.825 -31.0653 23.9174
v -14.8831 -31.0847 23.6372
v -14.3946 -31.3386 24.4315
v -14.5303 -31.2267 24.3264
v -14.6843 -31.4439 23.9699
v -14.4453 -31.7295 24.1128
v -14.6843 -31.4439 23.9699
v -14.6843 -31.4439 23.9699
v -14.7077 -31.5467 23.7059
v -14.2146 -31.4243 24.5572
v -14.1472 -31.8868 24.3169
v -14.6843 -31.4439 23.9699
v -14.417 -31.9002 23.877
v -14.417 -31.9002 23.877
v -14.2433 -31.944 23.5559
v -14.0553 -32.0916 24.1246
v -14.2433 -31.944 23.5559
v -14.4054 -31.0905 24.5085
v -14.3985 -30.8326 24.5537
v -14.363 -30.5803 24.6117
v -14.2174 -31.1587 24.6454
v -14.1966 -30.8857 24.7032
v -14.1719 -30.612 24.756
v -14.1719 -30.612 24.756
v -14.0226 -31.1895 24.7848
v -13.991 -30.9381 24.8478
v -13.9802 -30.6794 24.888
v -14.1719 -30.612 24.756
v -14.1719 -30.612 24.756
v -27.0182 28.8673 5.70127
v -26.9198 28.8673 6.16479
v -26.5611 28.9269 6.10863
v -26.6676 28.9269 5.60696
v -27.3318 27.9968 6.45199
v -27.0499 28.2192 6.79456
v -27.0732 28.5109 6.5232
v -27.3199 28.1751 6.34447
v -27.1325 28.663 6.16855
v -27.3713 28.2094 6.15239
v -26.8498 28.676 6.59743
v -26.9198 28.8673 6.16479
v -27.3414 27.7635 6.53648
v -27.0603 27.8381 6.94904
v -26.8186 28.3224 6.93328
v -26.8186 28.3224 6.93328
v -26.4514 28.3371 6.94047
v -26.4852 28.7197 6.57687
v -26.8498 28.676 6.59743
v -27.3652 27.5151 6.55192
v -27.105 27.4259 6.95912
v -26.831 27.8605 7.12136
v -26.831 27.8605 7.12136
v -26.465 27.8371 7.14399
v -27.3802 27.3055 6.52488
v -27.1748 27.0469 6.82687
v -26.8853 27.3605 7.13287
v -26.8853 27.3605 7.13287
v -26.5237 27.2959 7.15639
v -26.973 26.8985 6.96607
v -26.973 26.8985 6.96607
v -26.6186 26.7959 6.97591
v -27.4415 27.1971 6.36239
v -27.2643 26.7617 6.56295
v -27.081 26.545 6.64647
v -27.081 26.545 6.64647
v -26.7355 26.4133 6.62999
v -27.4974 27.1115 6.15007
v -27.3563 26.6044 6.21351
v -27.1926 26.3537 6.22271
v -27.1926 26.3537 6.22271
v -26.8563 26.2062 6.17128
v -27.4374 26.6039 5.83159
v -27.291 26.3537 5.75919
v -27.4944 26.7557 5.47647
v -27.3611 26.545 5.32656
v -27.291 26.3537 5.75919
v -26.9628 26.2062 5.66959
v -27.5458 27.1019 5.92143
v -27.52 27.0478 5.2056
v -27.3923 26.8985 4.99063
v -27.3611 26.545 5.32656
v -27.0387 26.4133 5.20127
v -27.5698 27.1327 5.7236
v -27.3798 27.3605 4.80264
v -27.059 27.2959 4.63423
v -27.0725 26.7959 4.83776
v -27.3923 26.8985 4.99063
v -27.5854 27.3146 5.62191
v -27.3255 27.8605 4.79111
v -27.0002 27.8371 4.62176
v -27.5778 27.5481 5.53776
v -27.5095 27.4288 5.05112
v -27.3798 27.3605 4.80264
v -27.2378 28.3224 4.95784
v -26.9052 28.3371 4.80224
v -27.5519 27.7963 5.522
v -27.465 27.841 5.04104
v -27.3255 27.8605 4.79111
v -27.4756 28.1144 5.71143
v -27.3055 28.5053 5.43719
v -27.3928 28.2197 5.17279
v -27.5095 28.0024 5.54319
v -27.2378 28.3224 4.95784
v -27.4218 28.2001 5.92423
v -27.2136 28.6625 5.78663
v -27.3055 28.5053 5.43719
v -27.3055 28.5053 5.43719
v -27.1298 28.676 5.27743
v -27.1298 28.676 5.27743
v -26.7884 28.7197 5.14816
v -27.0182 28.8673 5.70127
v -27.3055 28.5053 5.43719
v -27.5342 27.8663 5.76264
v -27.5585 27.6084 5.80128
v -27.5696 27.3561 5.86847
v -27.4817 27.9344 5.98911
v -27.5037 27.6615 6.04647
v -27.5196 27.3877 6.10255
v -27.4255 27.9653 6.22199
v -27.4427 27.7138 6.29039
v -27.4609 27.4551 6.32784
v -29.5783 14.8759 6.24455
v -29.4799 14.8759 6.70808
v -29.1346 14.9965 6.6548
v -29.241 14.9965 6.15304
v -29.7574 13.9378 6.9668
v -29.511 14.1922 7.31688
v -29.5778 14.4859 7.05472
v -29.7723 14.1197 6.86496
v -29.6597 14.6386 6.70488
v -29.8286 14.1518 6.67392
v -29.3813 14.6834 7.13464
v -29.4799 14.8759 6.70808
v -29.7322 13.703 7.04392
v -29.4646 13.8089 7.45928
v -29.2974 14.3278 7.45936
v -29.2974 14.3278 7.45936
v -28.937 14.4032 7.46792
v -29.0278 14.7882 7.11648
v -29.3813 14.6834 7.13464
v -29.719 13.4533 7.05144
v -29.4478 13.3942 7.45632
v -29.241 13.8631 7.6328
v -29.241 13.8631 7.6328
v -28.8759 13.9002 7.6556
v -29.703 13.2448 7.01784
v -29.4611 13.0132 7.31208
v -29.2207 13.3602 7.62848
v -29.2207 13.3602 7.62848
v -28.854 13.3558 7.65096
v -29.2396 12.8955 7.44712
v -29.2396 12.8955 7.44712
v -28.8745 12.8529 7.45464
v -29.7479 13.1333 6.85184
v -29.5082 12.726 7.03912
v -29.2949 12.5398 7.11632
v -29.2949 12.5398 7.11632
v -28.9342 12.4679 7.09664
v -29.791 13.0472 6.6368
v -29.5767 12.5679 6.68472
v -29.378 12.3473 6.68648
v -29.378 12.3473 6.68648
v -29.0242 12.2596 6.63136
v -29.6578 12.5674 6.3028
v -29.4763 12.3473 6.22296
v -29.378 12.3473 6.68648
v -29.7374 12.7203 5.95248
v -29.575 12.5398 5.7964
v -29.4763 12.3473 6.22296
v -29.1306 12.2596 6.12968
v -29.8381 13.0377 6.40792
v -29.8064 13.0139 5.69088
v -29.6589 12.8955 5.47168
v -29.575 12.5398 5.7964
v -29.2374 12.4679 5.66792
v -29.8669 13.071 6.21104
v -29.7153 13.3602 5.29832
v -29.3893 13.3558 5.1288
v -29.3282 12.8529 5.31648
v -29.6589 12.8955 5.47168
v -29.9093 13.2515 6.11512
v -29.7355 13.8631 5.30256
v -29.4112 13.9002 5.13344
v -29.9366 13.4864 6.0384
v -29.8528 13.3971 5.5484
v -29.7153 13.3602 5.29832
v -29.7166 14.3278 5.48392
v -29.3907 14.4032 5.32976
v -29.4112 13.9002 5.13344
v -29.7355 13.8631 5.30256
v -29.9477 13.7361 6.0304
v -29.8697 13.8118 5.55144
v -29.7355 13.8631 5.30256
v -29.7153 13.3602 5.29832
v -29.9188 14.0561 6.23
v -29.8093 14.48 5.96856
v -29.854 14.1929 5.69512
v -29.9362 13.9459 6.05816
v -29.7166 14.3278 5.48392
v -29.8778 14.1422 6.44544
v -29.7407 14.6382 6.32296
v -29.6614 14.6834 5.81472
v -29.6614 14.6834 5.81472
v -29.331 14.7882 5.68776
v -29.5783 14.8759 6.24455
v -29.9399 13.7996 6.27312
v -29.9257 13.5397 6.30368
v -29.8993 13.2865 6.36288
v -29.8974 13.8677 6.50184
v -29.8787 13.5925 6.55056
v -29.8539 13.3177 6.59792
v -29.8459 13.8992 6.73568
v -29.8257 13.6458 6.79608
v -29.8053 13.3861 6.82536
v -29.5783 -14.7933 6.24464
v -29.4799 -14.7933 6.70808
v -29.1346 -14.6727 6.6548
v -29.241 -14.6727 6.15304
v -29.7574 -15.7313 6.9668
v -29.511 -15.477 7.31688
v -29.5778 -15.1833 7.0548
v -29.7723 -15.5494 6.86496
v -29.6597 -15.0305 6.70488
v -29.8286 -15.5174 6.67392
v -29.3813 -14.9857 7.13472
v -29.4799 -14.7933 6.70808
v -29.7322 -15.9662 7.04392
v -29.4646 -15.8603 7.45928
v -29.2974 -15.3414 7.45936
v -29.2974 -15.3414 7.45936
v -28.937 -15.266 7.46792
v -29.0278 -14.881 7.11648
v -29.3813 -14.9857 7.13472
v -29.719 -16.2158 7.05144
v -29.4478 -16.275 7.45632
v -29.241 -15.8061 7.6328
v -29.241 -15.8061 7.6328
v -28.8759 -15.7689 7.6556
v -29.703 -16.4244 7.01784
v -29.4611 -16.656 7.31208
v -29.2207 -16.309 7.62848
v -29.2207 -16.309 7.62848
v -28.854 -16.3133 7.65096
v -29.2396 -16.7737 7.44712
v -29.2396 -16.7737 7.44712
v -28.8745 -16.8163 7.45472
v -29.7479 -16.5359 6.85192
v -29.5082 -16.9432 7.03912
v -29.5082 -16.9432 7.03912
v -29.2949 -17.1293 7.11632
v -29.2949 -17.1293 7.11632
v -28.9342 -17.2013 7.09664
v -29.791 -16.622 6.6368
v -29.5767 -17.1014 6.6848
v -29.5082 -16.9432 7.03912
v -29.378 -17.3219 6.68648
v -29.5082 -16.9432 7.03912
v -29.378 -17.3219 6.68648
v -29.0242 -17.4096 6.63136
v -29.6578 -17.1018 6.3028
v -29.4763 -17.3219 6.22296
v -29.7374 -16.9489 5.95248
v -29.575 -17.1293 5.7964
v -29.4763 -17.3219 6.22296
v -29.1306 -17.4096 6.12968
v -29.8381 -16.6315 6.40792
v -29.8064 -16.6553 5.69088
v -29.6589 -16.7737 5.47168
v -29.575 -17.1293 5.7964
v -29.2374 -17.2013 5.66792
v -29.8669 -16.5982 6.21104
v -29.7153 -16.309 5.29832
v -29.3893 -16.3133 5.1288
v -29.3282 -16.8163 5.31648
v -29.6589 -16.7737 5.47168
v -29.9093 -16.4176 6.11512
v -29.7355 -15.8061 5.30256
v -29.4112 -15.7689 5.13344
v -29.9366 -16.1829 6.0384
v -29.8528 -16.272 5.5484
v -29.7153 -16.309 5.29832
v -29.7166 -15.3415 5.48392
v -29.3907 -15.266 5.32976
v -29.4112 -15.7689 5.13344
v -29.7355 -15.8061 5.30256
v -29.9477 -15.9331 6.0304
v -29.8697 -15.8573 5.55144
v -29.7355 -15.8061 5.30256
v -29.7153 -16.309 5.29832
v -29.9188 -15.613 6.23
v -29.8093 -15.1891 5.96856
v -29.854 -15.4763 5.69512
v -29.9362 -15.7233 6.05816
v -29.7166 -15.3415 5.48392
v -29.8778 -15.527 6.44544
v -29.7407 -15.0309 6.32296
v -29.6614 -14.9857 5.81472
v -29.6614 -14.9857 5.81472
v -29.331 -14.881 5.68776
v -29.5783 -14.7933 6.24464
v -29.9399 -15.8696 6.2732
v -29.9257 -16.1295 6.30368
v -29.8993 -16.3828 6.36288
v -29.8974 -15.8015 6.50184
v -29.8787 -16.0766 6.55056
v -29.8539 -16.3514 6.59792
v -29.8459 -15.7699 6.73568
v -29.8257 -16.0234 6.79608
v -29.8053 -16.2831 6.82536
v -27.0182 -32.0806 5.70128
v -26.6676 -32.1402 5.60696
v -26.5611 -32.1402 6.10864
v -26.9198 -32.0806 6.1648
v -27.3318 -31.2101 6.452
v -27.3199 -31.3885 6.34448
v -27.0732 -31.7242 6.52328
v -27.0499 -31.4325 6.79456
v -27.3713 -31.4228 6.1524
v -27.1325 -31.8763 6.16856
v -26.9198 -32.0806 6.1648
v -26.8498 -31.8893 6.59744
v -27.3414 -30.9768 6.53656
v -27.0603 -31.0514 6.94912
v -26.8186 -31.5357 6.93336
v -26.8186 -31.5357 6.93336
v -26.8498 -31.8893 6.59744
v -26.4852 -31.9331 6.57688
v -26.4514 -31.5504 6.94048
v -27.3652 -30.7284 6.55192
v -27.105 -30.6392 6.95912
v -26.831 -31.0738 7.12136
v -26.831 -31.0738 7.12136
v -26.465 -31.0504 7.144
v -27.3802 -30.5188 6.52488
v -27.1748 -30.2602 6.82688
v -26.8853 -30.5738 7.13288
v -26.8853 -30.5738 7.13288
v -26.5237 -30.5093 7.15648
v -26.973 -30.1119 6.96616
v -26.973 -30.1119 6.96616
v -26.6186 -30.0092 6.976
v -27.4415 -30.4103 6.3624
v -27.2643 -29.975 6.56296
v -27.081 -29.7584 6.64648
v -27.081 -29.7584 6.64648
v -26.7355 -29.6266 6.63
v -27.4974 -30.3249 6.15008
v -27.3563 -29.8177 6.21352
v -27.1926 -29.567 6.22272
v -27.1926 -29.567 6.22272
v -26.8563 -29.4195 6.17128
v -27.4374 -29.8173 5.8316
v -27.291 -29.567 5.7592
v -27.4944 -29.9691 5.47648
v -27.291 -29.567 5.7592
v -27.3611 -29.7584 5.32656
v -27.291 -29.567 5.7592
v -26.9628 -29.4195 5.6696
v -27.5458 -30.3152 5.92152
v -27.52 -30.2611 5.2056
v -27.3923 -30.1119 4.99072
v -27.3611 -29.7584 5.32656
v -27.291 -29.567 5.7592
v -26.9628 -29.4195 5.6696
v -27.0387 -29.6266 5.20136
v -27.5698 -30.346 5.7236
v -27.3798 -30.5738 4.80264
v -27.3923 -30.1119 4.99072
v -27.0725 -30.0093 4.83776
v -27.059 -30.5093 4.63424
v -27.5854 -30.5279 5.62192
v -27.3255 -31.0738 4.79112
v -27.0002 -31.0504 4.62176
v -27.5778 -30.7615 5.53784
v -27.5095 -30.6421 5.05112
v -27.3798 -30.5738 4.80264
v -27.2378 -31.5357 4.95792
v -26.9052 -31.5504 4.80224
v -27.5519 -31.0096 5.522
v -27.465 -31.0544 5.04112
v -27.3255 -31.0738 4.79112
v -27.4756 -31.3277 5.71152
v -27.5095 -31.2157 5.5432
v -27.3928 -31.433 5.1728
v -27.3055 -31.7186 5.43728
v -27.2378 -31.5357 4.95792
v -27.4218 -31.4134 5.92424
v -27.2136 -31.8758 5.78664
v -27.2378 -31.5357 4.95792
v -27.1298 -31.8893 5.27752
v -27.1298 -31.8893 5.27752
v -26.7884 -31.933 5.14824
v -27.0182 -32.0806 5.70128
v -27.5342 -31.0795 5.76264
v -27.5585 -30.8217 5.80136
v -27.5696 -30.5694 5.86848
v -27.4817 -31.1477 5.9892
v -27.5037 -30.8748 6.04656
v -27.5196 -30.6011 6.10256
v -27.4255 -31.1786 6.222
v -27.4427 -30.9271 6.2904
v -27.4609 -30.6685 6.32784
v -23.2375 28.8673 -14.9682
v -23.4934 28.8673 -14.5693
v -23.1987 28.9269 -14.3571
v -22.9218 28.9268 -14.7888
v -23.9882 27.9968 -14.6546
v -24.0286 28.2192 -14.2128
v -23.8544 28.5109 -14.4222
v -23.9042 28.1751 -14.7227
v -23.6472 28.663 -14.7161
v -23.8058 28.2094 -14.8954
v -23.7476 28.676 -14.2123
v -23.4934 28.8673 -14.5693
v -24.0545 27.7635 -14.6012
v -24.1446 27.8381 -14.1102
v -23.9615 28.3224 -13.9514
v -23.7476 28.676 -14.2123
v -23.9615 28.3224 -13.9514
v -23.7054 28.3371 -13.6883
v -23.4739 28.7197 -13.9706
v -23.7476 28.676 -14.2123
v -24.0822 27.5151 -14.607
v -24.1834 27.4259 -14.1345
v -24.1026 27.8605 -13.8265
v -24.1026 27.8605 -13.8265
v -23.8581 27.8371 -13.5531
v -24.0739 27.3054 -14.6368
v -24.1401 27.0469 -14.2775
v -24.1493 27.3605 -13.8565
v -24.1493 27.3605 -13.8565
v -23.9086 27.2959 -13.5855
v -24.0945 26.8985 -14.0367
v -24.0945 26.8985 -14.0367
v -23.8494 26.7959 -13.7806
v -24.0033 27.197 -14.7954
v -24.0182 26.7617 -14.5282
v -23.9466 26.545 -14.3399
v -23.9466 26.545 -14.3399
v -23.6892 26.4133 -14.1088
v -23.8938 27.1115 -14.9857
v -23.8381 26.6044 -14.8414
v -24.0033 27.197 -14.7954
v -23.7281 26.3537 -14.7198
v -23.7281 26.3537 -14.7198
v -23.4527 26.2062 -14.52
v -23.6273 26.6039 -15.1701
v -23.4722 26.3537 -15.1186
v -23.4182 26.7557 -15.4627
v -23.218 26.545 -15.4757
v -23.4722 26.3537 -15.1186
v -23.1758 26.2062 -14.9517
v -23.7676 27.1019 -15.1824
v -23.246 27.0478 -15.6734
v -23.0041 26.8985 -15.7365
v -23.218 26.545 -15.4757
v -22.9006 26.4133 -15.3382
v -23.6456 27.1327 -15.34
v -22.863 27.3605 -15.8614
v -22.5164 27.2959 -15.7557
v -22.6691 26.7959 -15.6205
v -23.0041 26.8985 -15.7365
v -23.585 27.3146 -15.4232
v -22.8163 27.8605 -15.8315
v -22.4659 27.8371 -15.7233
v -23.5206 27.5481 -15.4777
v -23.1299 27.4288 -15.7759
v -22.863 27.3605 -15.8614
v -22.8711 28.3224 -15.6512
v -22.5252 28.3371 -15.5282
v -23.491 27.7962 -15.4708
v -23.0912 27.841 -15.7517
v -22.8163 27.8605 -15.8315
v -23.57 28.1144 -15.2824
v -23.2562 28.5053 -15.3579
v -23.1325 28.2197 -15.6074
v -23.4758 28.0024 -15.4259
v -22.8711 28.3224 -15.6512
v -23.6813 28.2001 -15.0932
v -23.4365 28.6625 -15.0447
v -23.1987 28.9269 -14.3571
v -23.4934 28.8673 -14.5693
v -23.019 28.676 -15.348
v -23.019 28.676 -15.348
v -22.6853 28.7197 -15.2
v -23.2375 28.8673 -14.9682
v -23.6477 27.8663 -15.2872
v -23.6921 27.6084 -15.2767
v -23.7472 27.3561 -15.2368
v -23.7695 27.9344 -15.0891
v -23.8254 27.6614 -15.0638
v -23.8762 27.3877 -15.0351
v -23.8932 27.9653 -14.8841
v -23.9535 27.7138 -14.8475
v -23.9928 27.4551 -14.8337
v -24.0033 27.197 -14.7954
v -23.9928 27.4551 -14.8337
v -23.9928 27.4551 -14.8337
v -23.9928 27.4551 -14.8337
v -24.0033 27.197 -14.7954
v -25.4403 14.8759 -16.3812
v -25.6962 14.8759 -15.9824
v -25.413 14.9965 -15.7775
v -25.1361 14.9965 -16.2092
v -26.0754 13.9378 -15.9935
v -26.1462 14.1922 -15.5713
v -26.0094 14.4858 -15.8046
v -26.0144 14.1197 -16.0764
v -25.8218 14.6386 -16.111
v -25.9202 14.1518 -16.2518
v -25.9258 14.6833 -15.6096
v -25.6962 14.8759 -15.9824
v -26.1117 13.703 -15.9209
v -26.2133 13.8089 -15.4374
v -26.0944 14.3277 -15.3197
v -26.0944 14.3277 -15.3197
v -25.8441 14.4032 -15.0603
v -25.6616 14.7882 -15.3741
v -25.9258 14.6833 -15.6096
v -26.1076 13.4533 -15.9063
v -26.1992 13.3942 -15.4276
v -26.1762 13.8631 -15.1567
v -26.1762 13.8631 -15.1567
v -25.9326 13.9002 -14.8839
v -26.0726 13.2448 -15.9189
v -26.1074 13.0132 -15.5395
v -26.1587 13.3602 -15.1455
v -26.1587 13.3602 -15.1455
v -25.9138 13.3558 -14.8718
v -26.0447 12.8955 -15.2878
v -26.0447 12.8955 -15.2878
v -25.7903 12.8529 -15.0258
v -25.9878 13.1333 -16.0685
v -25.949 12.726 -15.7668
v -25.8514 12.5398 -15.5619
v -25.8514 12.5398 -15.5619
v -25.5811 12.4679 -15.3225
v -25.8673 13.0472 -16.2518
v -25.7486 12.5678 -16.067
v -25.6084 12.3473 -15.9261
v -25.6084 12.3473 -15.9261
v -25.3181 12.2596 -15.7166
v -25.5378 12.5674 -16.3957
v -25.3526 12.3473 -16.325
v -25.3481 12.7203 -16.7008
v -25.1229 12.5398 -16.6977
v -25.3526 12.3473 -16.325
v -25.0411 12.2596 -16.1483
v -25.7399 13.0377 -16.4477
v -25.2134 13.0139 -16.9354
v -24.9543 12.8955 -16.9876
v -25.1229 12.5398 -16.6977
v -24.7925 12.4679 -16.5518
v -25.622 13.071 -16.6079
v -24.8726 13.3602 -17.1506
v -24.5215 13.3558 -17.042
v -24.6101 12.8529 -16.8656
v -24.9543 12.8955 -16.9876
v -25.5847 13.2515 -16.706
v -25.2134 13.0139 -16.9354
v -24.89 13.8631 -17.1618
v -24.5404 13.9002 -17.0541
v -25.5502 13.4863 -16.7797
v -25.1462 13.3971 -17.0694
v -25.2134 13.0139 -16.9354
v -24.8726 13.3602 -17.1506
v -25.2134 13.0139 -16.9354
v -25.004 14.3277 -17.0194
v -24.6638 14.4032 -16.9001
v -25.5525 13.7361 -16.7932
v -25.1603 13.8118 -17.079
v -24.89 13.8631 -17.1618
v -25.6722 14.0561 -16.631
v -25.4106 14.48 -16.7399
v -25.2502 14.1929 -16.9658
v -25.5638 13.9459 -16.7654
v -25.004 14.3277 -17.0194
v -25.7945 14.1422 -16.4488
v -25.611 14.6382 -16.4397
v -25.1973 14.6833 -16.7454
v -25.1973 14.6833 -16.7454
v -24.873 14.7882 -16.6034
v -25.4403 14.8759 -16.3812
v -25.7176 13.7996 -16.615
v -25.729 13.5397 -16.5834
v -25.7517 13.2864 -16.5227
v -25.8482 13.8676 -16.4226
v -25.869 13.5925 -16.3748
v -25.8847 13.3177 -16.3236
v -25.9758 13.8992 -16.2201
v -26.0039 13.6458 -16.1628
v -26.01 13.3861 -16.1277
v -25.4403 -14.7933 -16.3812
v -25.6962 -14.7933 -15.9824
v -25.413 -14.6727 -15.7775
v -25.1361 -14.6727 -16.2092
v -26.0754 -15.7314 -15.9935
v -26.1462 -15.477 -15.5713
v -26.0094 -15.1833 -15.8046
v -26.0144 -15.5494 -16.0763
v -25.8218 -15.0305 -16.111
v -25.9202 -15.5174 -16.2518
v -25.9258 -14.9858 -15.6096
v -25.6962 -14.7933 -15.9824
v -26.1117 -15.9662 -15.9209
v -26.2133 -15.8603 -15.4373
v -26.0944 -15.3415 -15.3197
v -26.0944 -15.3415 -15.3197
v -25.8441 -15.266 -15.0602
v -25.6616 -14.881 -15.3741
v -25.9258 -14.9858 -15.6096
v -26.1076 -16.2159 -15.9062
v -26.1992 -16.275 -15.4276
v -26.1762 -15.8061 -15.1567
v -26.1762 -15.8061 -15.1567
v -25.9326 -15.7689 -14.8839
v -26.0726 -16.4244 -15.9189
v -26.1074 -16.656 -15.5395
v -26.1587 -16.3091 -15.1455
v -26.1587 -16.3091 -15.1455
v -25.9138 -16.3133 -14.8718
v -26.0447 -16.7737 -15.2878
v -26.0447 -16.7737 -15.2878
v -25.7903 -16.8163 -15.0258
v -25.9878 -16.5359 -16.0685
v -25.949 -16.9432 -15.7668
v -25.8514 -17.1293 -15.5619
v -25.8514 -17.1293 -15.5619
v -25.5811 -17.2013 -15.3225
v -25.8673 -16.622 -16.2518
v -25.7486 -17.1014 -16.067
v -25.6084 -17.3219 -15.9261
v -25.6084 -17.3219 -15.9261
v -25.3181 -17.4096 -15.7166
v -25.5378 -17.1018 -16.3957
v -25.3526 -17.3219 -16.3249
v -25.3481 -16.9489 -16.7008
v -25.1229 -17.1293 -16.6977
v -25.3526 -17.3219 -16.3249
v -25.0411 -17.4096 -16.1483
v -25.7399 -16.6315 -16.4477
v -25.2134 -16.6553 -16.9354
v -24.9543 -16.7737 -16.9876
v -25.1229 -17.1293 -16.6977
v -24.7925 -17.2013 -16.5518
v -25.622 -16.5982 -16.6079
v -24.8726 -16.3091 -17.1506
v -24.5215 -16.3133 -17.042
v -24.6101 -16.8163 -16.8656
v -24.9543 -16.7737 -16.9876
v -25.5847 -16.4176 -16.706
v -24.89 -15.8061 -17.1618
v -24.5404 -15.7689 -17.0541
v -25.5502 -16.1829 -16.7797
v -25.1462 -16.272 -17.0694
v -24.8726 -16.3091 -17.1506
v -25.004 -15.3415 -17.0194
v -24.6638 -15.266 -16.9001
v -25.5525 -15.9331 -16.7932
v -25.1603 -15.8573 -17.079
v -24.89 -15.8061 -17.1618
v -25.6722 -15.6131 -16.631
v -25.4106 -15.1891 -16.7399
v -25.2502 -15.4763 -16.9658
v -25.5638 -15.7233 -16.7654
v -25.004 -15.3415 -17.0194
v -25.7945 -15.527 -16.4488
v -25.611 -15.031 -16.4397
v -25.1973 -14.9858 -16.7454
v -25.1973 -14.9858 -16.7454
v -24.873 -14.881 -16.6034
v -25.4403 -14.7933 -16.3812
v -25.1973 -14.9858 -16.7454
v -25.7176 -15.8696 -16.615
v -25.729 -16.1295 -16.5834
v -25.7517 -16.3828 -16.5227
v -25.8482 -15.8016 -16.4226
v -25.869 -16.0766 -16.3748
v -25.8847 -16.3514 -16.3236
v -25.9758 -15.7699 -16.2201
v -26.0039 -16.0234 -16.1628
v -26.01 -16.2831 -16.1277
v -23.2375 -32.0806 -14.9681
v -22.9218 -32.1402 -14.7887
v -23.1987 -32.1402 -14.357
v -23.4934 -32.0806 -14.5693
v -23.9882 -31.2101 -14.6546
v -23.9042 -31.3885 -14.7226
v -23.8544 -31.7242 -14.4222
v -24.0286 -31.4325 -14.2128
v -23.8058 -31.4228 -14.8954
v -23.6472 -31.8763 -14.716
v -23.4934 -32.0806 -14.5693
v -23.7476 -31.8893 -14.2122
v -24.0545 -30.9768 -14.6012
v -24.1446 -31.0514 -14.1102
v -23.7476 -31.8893 -14.2122
v -23.9615 -31.5357 -13.9514
v -23.9615 -31.5357 -13.9514
v -23.7476 -31.8893 -14.2122
v -23.4739 -31.9331 -13.9706
v -23.7054 -31.5504 -13.6883
v -24.0822 -30.7284 -14.607
v -24.1834 -30.6392 -14.1344
v -24.1026 -31.0738 -13.8265
v -24.1026 -31.0738 -13.8265
v -23.8581 -31.0504 -13.553
v -24.0739 -30.5188 -14.6368
v -24.1401 -30.2603 -14.2775
v -24.1493 -30.5738 -13.8564
v -24.1493 -30.5738 -13.8564
v -23.9086 -30.5093 -13.5855
v -24.0945 -30.1119 -14.0367
v -24.0945 -30.1119 -14.0367
v -23.8494 -30.0093 -13.7806
v -24.0033 -30.4103 -14.7954
v -24.0182 -29.975 -14.5282
v -23.9466 -29.7584 -14.3399
v -23.9466 -29.7584 -14.3399
v -23.6892 -29.6266 -14.1088
v -23.8938 -30.3249 -14.9857
v -23.8381 -29.8177 -14.8414
v -23.7281 -29.5671 -14.7198
v -23.7281 -29.5671 -14.7198
v -23.4527 -29.4195 -14.52
v -23.6273 -29.8173 -15.1701
v -23.4722 -29.5671 -15.1186
v -23.4182 -29.9691 -15.4627
v -23.218 -29.7584 -15.4757
v -23.4722 -29.5671 -15.1186
v -23.7281 -29.5671 -14.7198
v -23.1758 -29.4195 -14.9517
v -23.7676 -30.3152 -15.1824
v -23.246 -30.2611 -15.6734
v -23.0041 -30.1119 -15.7365
v -23.218 -29.7584 -15.4757
v -22.9006 -29.6266 -15.3381
v -23.6456 -30.346 -15.34
v -22.863 -30.5738 -15.8614
v -23.0041 -30.1119 -15.7365
v -22.6691 -30.0093 -15.6204
v -22.5164 -30.5093 -15.7557
v -23.585 -30.5279 -15.4232
v -22.8163 -31.0738 -15.8315
v -22.4659 -31.0504 -15.7233
v -23.5206 -30.7615 -15.4777
v -23.1299 -30.6421 -15.7759
v -22.863 -30.5738 -15.8614
v -22.8711 -31.5357 -15.6512
v -22.5252 -31.5504 -15.5282
v -23.491 -31.0096 -15.4708
v -23.0912 -31.0544 -15.7517
v -22.8163 -31.0738 -15.8315
v -23.57 -31.3277 -15.2824
v -23.4758 -31.2157 -15.4259
v -23.1325 -31.4331 -15.6073
v -23.2562 -31.7186 -15.3578
v -22.8711 -31.5357 -15.6512
v -23.6813 -31.4134 -15.0932
v -23.4365 -31.8758 -15.0447
v -23.019 -31.8893 -15.348
v -23.019 -31.8893 -15.348
v -22.6853 -31.9331 -15.2
v -23.2375 -32.0806 -14.9681
v -22.6853 -31.9331 -15.2
v -23.6477 -31.0795 -15.2872
v -23.6921 -30.8217 -15.2767
v -23.7472 -30.5694 -15.2368
v -23.7695 -31.1477 -15.0891
v -23.8254 -30.8748 -15.0638
v -23.8762 -30.6011 -15.0351
v -23.8932 -31.1786 -14.884
v -23.9535 -30.9271 -14.8474
v -23.9928 -30.6685 -14.8337
v -5.86848 28.8673 -27.0454
v -6.33136 28.8673 -26.9442
v -6.27296 28.9269 -26.5858
v -5.77192 28.9268 -26.6954
v -6.62112 27.9968 -27.3544
v -6.96192 28.2192 -27.0704
v -6.69072 28.5109 -27.0954
v -6.51352 28.1751 -27.3431
v -6.33648 28.663 -27.1568
v -6.32176 28.2094 -27.3957
v -6.76352 28.676 -26.8714
v -6.33136 28.8673 -26.9442
v -6.70568 27.7635 -27.3634
v -7.11648 27.8381 -27.0798
v -6.96192 28.2192 -27.0704
v -6.96192 28.2192 -27.0704
v -7.0992 28.3224 -26.8382
v -6.76352 28.676 -26.8714
v -7.0992 28.3224 -26.8382
v -7.10408 28.3371 -26.471
v -6.74072 28.7197 -26.507
v -6.76352 28.676 -26.8714
v -6.7212 27.5151 -27.3872
v -7.1268 27.4259 -27.1244
v -7.28736 27.8605 -26.8494
v -6.96192 28.2192 -27.0704
v -7.28736 27.8605 -26.8494
v -7.30768 27.8371 -26.4833
v -6.69432 27.3054 -27.4023
v -6.99504 27.0469 -27.195
v -7.2992 27.3605 -26.9036
v -7.2992 27.3605 -26.9036
v -7.32048 27.2959 -26.5419
v -7.13296 26.8985 -26.9925
v -7.13296 26.8985 -26.9925
v -7.14064 26.7959 -26.638
v -6.53216 27.197 -27.4646
v -6.73168 26.7617 -27.2862
v -6.73168 26.7617 -27.2862
v -6.81408 26.545 -27.1023
v -6.81408 26.545 -27.1023
v -6.79544 26.4133 -26.757
v -6.32016 27.1115 -27.5218
v -6.3828 26.6044 -27.3804
v -6.73168 26.7617 -27.2862
v -6.39096 26.3537 -27.2166
v -6.81408 26.545 -27.1023
v -6.73168 26.7617 -27.2862
v -6.39096 26.3537 -27.2166
v -6.33744 26.2062 -26.8806
v -6.00136 26.6039 -27.4638
v -5.92808 26.3537 -27.3178
v -5.64656 26.7557 -27.523
v -5.49584 26.545 -27.3906
v -5.92808 26.3537 -27.3178
v -5.8364 26.2062 -26.9902
v -6.09192 27.1019 -27.5717
v -5.37592 27.0478 -27.5502
v -5.16016 26.8985 -27.4239
v -5.49584 26.545 -27.3906
v -5.36864 26.4133 -27.069
v -5.89416 27.1327 -27.597
v -4.97208 27.3605 -27.4126
v -4.80168 27.2959 -27.0928
v -5.00528 26.7959 -27.105
v -5.16016 26.8985 -27.4239
v -5.79256 27.3146 -27.613
v -4.96024 27.8605 -27.3584
v -4.78888 27.8371 -27.0342
v -4.97208 27.3605 -27.4126
v -5.70848 27.5481 -27.606
v -5.22136 27.4288 -27.5408
v -4.97208 27.3605 -27.4126
v -5.1264 28.3224 -27.2696
v -4.96872 28.3371 -26.9381
v -5.69248 27.7962 -27.5802
v -5.21104 27.841 -27.4962
v -4.96024 27.8605 -27.3584
v -5.88152 28.1144 -27.5028
v -5.60616 28.5053 -27.3344
v -5.34232 28.2197 -27.4234
v -5.71344 28.0024 -27.5378
v -5.1264 28.3224 -27.2696
v -6.09392 28.2001 -27.4477
v -5.95504 28.6625 -27.2402
v -5.44536 28.676 -27.1598
v -5.44536 28.676 -27.1598
v -5.31392 28.7197 -26.8191
v -5.86848 28.8673 -27.0454
v -5.86848 28.8673 -27.0454
v -5.93304 27.8663 -27.561
v -5.97184 27.6084 -27.5851
v -6.03904 27.3561 -27.5958
v -6.1592 27.9344 -27.5071
v -6.21672 27.6614 -27.5287
v -6.2728 27.3877 -27.5443
v -6.39168 27.9653 -27.4495
v -6.46024 27.7138 -27.4663
v -6.49768 27.4551 -27.4842
v -6.42768 14.8759 -29.6021
v -6.89056 14.8759 -29.5009
v -6.83504 14.9965 -29.1558
v -6.334 14.9965 -29.2654
v -7.15088 13.9378 -29.7768
v -7.49944 14.1922 -29.5282
v -7.23776 14.4858 -29.5966
v -7.0492 14.1197 -29.7922
v -6.88848 14.6386 -29.6806
v -6.85848 14.1518 -29.8498
v -7.31648 14.6833 -29.3996
v -6.89056 14.8759 -29.5009
v -7.22792 13.703 -29.7511
v -7.64168 13.8089 -29.4809
v -7.64064 14.3277 -29.3137
v -7.64064 14.3277 -29.3137
v -7.64696 14.4032 -28.9532
v -7.29608 14.7882 -29.0462
v -7.31648 14.6833 -29.3996
v -7.23536 13.4533 -29.7378
v -7.63856 13.3941 -29.4641
v -7.81376 13.8631 -29.2562
v -7.81376 13.8631 -29.2562
v -7.83432 13.9002 -28.891
v -7.20168 13.2448 -29.722
v -7.4944 13.0132 -29.4783
v -7.63856 13.3941 -29.4641
v -7.63856 13.3941 -29.4641
v -7.80928 13.3601 -29.2359
v -7.80928 13.3601 -29.2359
v -7.82952 13.3558 -28.8691
v -7.62808 12.8955 -29.256
v -7.63856 13.3941 -29.4641
v -7.62808 12.8955 -29.256
v -7.63336 12.8529 -28.8908
v -7.036 13.1333 -29.768
v -7.22176 12.726 -29.527
v -7.2976 12.5398 -29.3133
v -7.2976 12.5398 -29.3133
v -7.27568 12.4679 -28.9528
v -6.8212 13.0472 -29.8124
v -6.86776 12.5678 -29.5978
v -6.86824 12.3473 -29.399
v -6.86824 12.3473 -29.399
v -6.81096 12.2596 -29.0456
v -6.4864 12.5674 -29.6812
v -6.40536 12.3473 -29.5002
v -6.13648 12.7203 -29.763
v -5.97944 12.5398 -29.6015
v -6.40536 12.3473 -29.5002
v -6.30992 12.2596 -29.1552
v -6.59264 13.0377 -29.8609
v -5.87536 13.0139 -29.8337
v -5.65528 12.8955 -29.6874
v -5.97944 12.5398 -29.6015
v -5.84888 12.4679 -29.2648
v -6.39592 13.071 -29.8909
v -6.59264 13.0377 -29.8609
v -5.48224 13.3601 -29.745
v -5.31072 13.3558 -29.42
v -5.498 12.8529 -29.3578
v -5.65528 12.8955 -29.6874
v -6.30016 13.2515 -29.9339
v -5.48664 13.8631 -29.7652
v -5.31552 13.9002 -29.4419
v -6.22368 13.4863 -29.9616
v -5.7332 13.3971 -29.881
v -6.30016 13.2515 -29.9339
v -5.48224 13.3601 -29.745
v -5.66784 14.3277 -29.7451
v -5.51168 14.4032 -29.4202
v -6.21576 13.7361 -29.9728
v -5.73632 13.8118 -29.8978
v -5.48664 13.8631 -29.7652
v -5.48224 13.3601 -29.745
v -6.41512 14.0561 -29.9427
v -6.15304 14.48 -29.8348
v -5.87992 14.1929 -29.8812
v -6.24344 13.9459 -29.9612
v -5.66784 14.3277 -29.7451
v -6.6304 14.1422 -29.9003
v -6.50704 14.6382 -29.7641
v -5.99832 14.6834 -29.6878
v -5.99832 14.6834 -29.6878
v -5.86928 14.7882 -29.3582
v -6.42768 14.8759 -29.6021
v -6.85848 14.1518 -29.8498
v -6.45848 13.7996 -29.9635
v -6.48888 13.5397 -29.9491
v -6.30016 13.2515 -29.9339
v -6.54792 13.2864 -29.9223
v -6.30016 13.2515 -29.9339
v -6.59264 13.0377 -29.8609
v -6.68688 13.8676 -29.9197
v -6.73544 13.5925 -29.9006
v -6.68688 13.8676 -29.9197
v -6.78272 13.3177 -29.8755
v -6.59264 13.0377 -29.8609
v -6.68688 13.8676 -29.9197
v -6.9204 13.8992 -29.8667
v -6.85848 14.1518 -29.8498
v -6.68688 13.8676 -29.9197
v -6.98072 13.6458 -29.846
v -7.00976 13.3861 -29.8255
v -6.85848 14.1518 -29.8498
v -6.42768 -14.7933 -29.6021
v -6.89056 -14.7933 -29.5009
v -6.83504 -14.6727 -29.1558
v -6.334 -14.6727 -29.2654
v -7.15088 -15.7314 -29.7768
v -7.49944 -15.477 -29.5282
v -7.23776 -15.1834 -29.5966
v -7.0492 -15.5494 -29.7922
v -6.88848 -15.0305 -29.6806
v -6.85848 -15.5174 -29.8498
v -7.31648 -14.9858 -29.3995
v -6.89056 -14.7933 -29.5009
v -7.22792 -15.9662 -29.7511
v -7.64168 -15.8603 -29.4809
v -7.64064 -15.3415 -29.3137
v -7.64064 -15.3415 -29.3137
v -7.64696 -15.266 -28.9532
v -7.29608 -14.881 -29.0462
v -7.31648 -14.9858 -29.3995
v -7.23536 -16.2159 -29.7378
v -7.63856 -16.275 -29.4641
v -7.81376 -15.8061 -29.2562
v -7.81376 -15.8061 -29.2562
v -7.83432 -15.7689 -28.891
v -7.20168 -16.4244 -29.722
v -7.4944 -16.656 -29.4783
v -7.63856 -16.275 -29.4641
v -7.63856 -16.275 -29.4641
v -7.80928 -16.3091 -29.2359
v -7.80928 -16.3091 -29.2359
v -7.82952 -16.3133 -28.869
v -7.62808 -16.7737 -29.256
v -7.63856 -16.275 -29.4641
v -7.62808 -16.7737 -29.256
v -7.63336 -16.8163 -28.8908
v -7.036 -16.5359 -29.768
v -7.22176 -16.9432 -29.527
v -7.2976 -17.1293 -29.3132
v -7.2976 -17.1293 -29.3132
v -7.27568 -17.2013 -28.9527
v -6.8212 -16.622 -29.8124
v -6.86776 -17.1014 -29.5978
v -6.86824 -17.3219 -29.399
v -6.86824 -17.3219 -29.399
v -6.81096 -17.4096 -29.0456
v -6.4864 -17.1018 -29.6812
v -6.40536 -17.3219 -29.5002
v -6.13648 -16.9489 -29.763
v -5.97944 -17.1293 -29.6015
v -6.40536 -17.3219 -29.5002
v -6.30992 -17.4096 -29.1552
v -6.59264 -16.6315 -29.8609
v -5.87536 -16.6553 -29.8337
v -5.65528 -16.7737 -29.6874
v -5.97944 -17.1293 -29.6015
v -5.84888 -17.2013 -29.2648
v -6.39592 -16.5982 -29.8909
v -5.48224 -16.3091 -29.7449
v -5.31072 -16.3133 -29.42
v -5.498 -16.8163 -29.3578
v -5.65528 -16.7737 -29.6874
v -6.30016 -16.4176 -29.9338
v -5.48664 -15.8061 -29.7652
v -5.31552 -15.7689 -29.4419
v -6.22368 -16.1829 -29.9616
v -5.7332 -16.272 -29.881
v -5.48224 -16.3091 -29.7449
v -5.66784 -15.3415 -29.7451
v -5.51168 -15.266 -29.4202
v -6.21576 -15.9331 -29.9728
v -5.73632 -15.8573 -29.8978
v -5.48664 -15.8061 -29.7652
v -6.41512 -15.6131 -29.9427
v -6.15304 -15.1891 -29.8348
v -5.87992 -15.4763 -29.8812
v -6.24344 -15.7233 -29.9611
v -5.66784 -15.3415 -29.7451
v -6.6304 -15.527 -29.9003
v -6.50704 -15.031 -29.7641
v -5.99832 -14.9858 -29.6878
v -5.99832 -14.9858 -29.6878
v -5.86928 -14.881 -29.3582
v -6.42768 -14.7933 -29.6021
v -6.85848 -15.5174 -29.8498
v -6.45848 -15.8696 -29.9635
v -6.48888 -16.1295 -29.9491
v -6.54792 -16.3828 -29.9223
v -6.68688 -15.8016 -29.9197
v -6.73544 -16.0766 -29.9006
v -6.68688 -15.8016 -29.9197
v -6.78272 -16.3514 -29.8754
v -6.68688 -15.8016 -29.9197
v -6.9204 -15.7699 -29.8667
v -6.85848 -15.5174 -29.8498
v -6.68688 -15.8016 -29.9197
v -6.98072 -16.0234 -29.846
v -7.00976 -16.2831 -29.8255
v -6.85848 -15.5174 -29.8498
v -5.86848 -32.0806 -27.0454
v -5.77192 -32.1402 -26.6954
v -6.27296 -32.1402 -26.5858
v -6.33136 -32.0806 -26.9442
v -6.62112 -31.2101 -27.3543
v -6.51352 -31.3885 -27.3431
v -6.69072 -31.7242 -27.0953
v -6.96192 -31.4325 -27.0704
v -6.32176 -31.4228 -27.3957
v -6.33648 -31.8763 -27.1568
v -6.33136 -32.0806 -26.9442
v -6.76352 -31.8893 -26.8714
v -6.70568 -30.9769 -27.3634
v -7.11648 -31.0514 -27.0798
v -7.0992 -31.5357 -26.8382
v -7.0992 -31.5357 -26.8382
v -6.76352 -31.8893 -26.8714
v -6.74072 -31.9331 -26.507
v -7.10408 -31.5504 -26.471
v -6.7212 -30.7285 -27.3871
v -7.11648 -31.0514 -27.0798
v -7.1268 -30.6392 -27.1244
v -7.11648 -31.0514 -27.0798
v -7.28736 -31.0739 -26.8494
v -7.28736 -31.0739 -26.8494
v -7.30768 -31.0505 -26.4833
v -6.69432 -30.5188 -27.4023
v -6.99504 -30.2602 -27.195
v -7.11648 -31.0514 -27.0798
v -7.2992 -30.5738 -26.9036
v -7.2992 -30.5738 -26.9036
v -7.32048 -30.5093 -26.5418
v -7.13296 -30.1119 -26.9924
v -7.13296 -30.1119 -26.9924
v -7.14064 -30.0093 -26.638
v -6.53216 -30.4103 -27.4646
v -6.73168 -29.975 -27.2862
v -6.81408 -29.7584 -27.1023
v -6.81408 -29.7584 -27.1023
v -6.79544 -29.6266 -26.757
v -6.32016 -30.3249 -27.5218
v -6.3828 -29.8177 -27.3804
v -6.39096 -29.5671 -27.2166
v -6.39096 -29.5671 -27.2166
v -6.33744 -29.4195 -26.8806
v -6.00136 -29.8173 -27.4638
v -5.92808 -29.5671 -27.3178
v -5.64656 -29.9691 -27.523
v -5.92808 -29.5671 -27.3178
v -5.49584 -29.7584 -27.3906
v -5.92808 -29.5671 -27.3178
v -5.8364 -29.4195 -26.9902
v -6.09192 -30.3153 -27.5717
v -5.37592 -30.2611 -27.5502
v -5.16016 -30.1119 -27.4239
v -5.49584 -29.7584 -27.3906
v -5.36864 -29.6266 -27.069
v -5.89416 -30.346 -27.597
v -4.97208 -30.5738 -27.4126
v -5.16016 -30.1119 -27.4239
v -5.00528 -30.0093 -27.105
v -4.80168 -30.5093 -27.0928
v -5.79256 -30.5279 -27.613
v -4.96024 -31.0739 -27.3584
v -4.78888 -31.0505 -27.0342
v -5.70848 -30.7615 -27.606
v -5.22136 -30.6421 -27.5408
v -4.97208 -30.5738 -27.4126
v -5.1264 -31.5357 -27.2696
v -4.96872 -31.5504 -26.938
v -5.69248 -31.0096 -27.5802
v -5.21104 -31.0544 -27.4962
v -4.96024 -31.0739 -27.3584
v -5.88152 -31.3277 -27.5028
v -5.71344 -31.2157 -27.5378
v -5.34232 -31.4331 -27.4233
v -5.60616 -31.7186 -27.3344
v -5.1264 -31.5357 -27.2696
v -6.09392 -31.4134 -27.4477
v -5.95504 -31.8758 -27.2402
v -5.44536 -31.8893 -27.1597
v -5.44536 -31.8893 -27.1597
v -5.31392 -31.9331 -26.819
v -5.86848 -32.0806 -27.0454
v -5.93304 -31.0795 -27.561
v -5.97184 -30.8217 -27.585
v -6.03904 -30.5694 -27.5958
v -6.1592 -31.1477 -27.507
v -6.21672 -30.8748 -27.5287
v -6.2728 -30.6011 -27.5443
v -6.39168 -31.1787 -27.4495
v -6.46024 -30.9271 -27.4663
v -6.49768 -30.6685 -27.4842
v 8.78792 28.8673 -26.2594
v 8.3384 28.8673 -26.4094
v 8.20512 28.9269 -26.0716
v 8.69168 28.9268 -25.9093
v 8.29936 27.9968 -26.91
v 7.8612 28.2192 -26.8405
v 8.10696 28.5109 -26.7231
v 8.38608 28.1751 -26.8453
v 8.4428 28.663 -26.5946
v 8.57768 28.2094 -26.7923
v 7.92984 28.676 -26.568
v 8.3384 28.8673 -26.4094
v 8.23136 27.7635 -26.961
v 7.73328 27.8381 -26.9277
v 7.6244 28.3224 -26.7112
v 7.6244 28.3224 -26.7112
v 7.43232 28.3371 -26.3982
v 7.76296 28.7197 -26.2433
v 7.92984 28.676 -26.568
v 8.23016 27.5151 -26.9894
v 7.7472 27.4259 -26.9712
v 7.46864 27.8605 -26.8172
v 7.46864 27.8605 -26.8172
v 7.26368 27.8371 -26.513
v 8.26104 27.3054 -26.9887
v 7.89656 27.0469 -26.9645
v 7.48616 27.3605 -26.8698
v 7.48616 27.3605 -26.8698
v 7.28272 27.2959 -26.5699
v 7.6744 26.8985 -26.861
v 7.6744 26.8985 -26.861
v 7.4864 26.7959 -26.5604
v 8.43216 27.197 -26.9592
v 8.16952 26.7617 -26.9081
v 8.00464 26.545 -26.7922
v 8.00464 26.545 -26.7922
v 7.84392 26.4133 -26.486
v 8.6436 27.1115 -26.8998
v 8.51744 26.6044 -26.8104
v 8.42664 26.3537 -26.6738
v 8.42664 26.3537 -26.6738
v 8.30064 26.2062 -26.3578
v 8.88784 26.6039 -26.6869
v 8.87608 26.3537 -26.5239
v 9.22288 26.7557 -26.5562
v 9.28464 26.545 -26.3653
v 8.87608 26.3537 -26.5239
v 8.78712 26.2062 -26.1956
v 8.30064 26.2062 -26.3578
v 8.8652 27.1019 -26.8259
v 8.6436 27.1115 -26.8998
v 9.46936 27.0478 -26.441
v 9.59008 26.8985 -26.2221
v 9.28464 26.545 -26.3653
v 9.22936 26.4133 -26.0238
v 9.048 27.1327 -26.7464
v 9.74592 27.3605 -26.1162
v 9.72864 27.2959 -25.7542
v 9.56 26.7959 -25.8689
v 9.59008 26.8985 -26.2221
v 9.59008 26.8985 -26.2221
v 9.56 26.7959 -25.8689
v 9.14352 27.3146 -26.7082
v 9.72832 27.8605 -26.0635
v 9.7096 27.8371 -25.6972
v 9.21224 27.5481 -26.6591
v 9.59736 27.4288 -26.3538
v 9.74592 27.3605 -26.1162
v 9.54008 28.3224 -26.0722
v 9.50592 28.3371 -25.7067
v 9.2128 27.7962 -26.6288
v 9.58344 27.841 -26.3102
v 9.72832 27.8605 -26.0635
v 9.01072 28.1144 -26.659
v 9.16112 28.5053 -26.3734
v 9.43328 28.2197 -26.3148
v 9.17304 28.0024 -26.603
v 9.2128 27.7962 -26.6288
v 9.54008 28.3224 -26.0722
v 8.8 28.2001 -26.7204
v 8.8132 28.6625 -26.4711
v 9.20984 28.676 -26.1411
v 9.20984 28.676 -26.1411
v 9.1484 28.7197 -25.7812
v 9.54008 28.3224 -26.0722
v 8.78792 28.8673 -26.2594
v 8.69168 28.9268 -25.9093
v 9.2128 27.7962 -26.6288
v 8.99632 27.8663 -26.7354
v 9.2128 27.7962 -26.6288
v 8.9752 27.6084 -26.7759
v 8.92296 27.3561 -26.8195
v 8.77432 27.9344 -26.8048
v 8.73608 27.6614 -26.8528
v 8.69576 27.3877 -26.895
v 8.6436 27.1115 -26.8998
v 8.5452 27.9653 -26.8743
v 8.49488 27.7138 -26.9238
v 8.47184 27.4551 -26.9584
v 8.6436 27.1115 -26.8998
v 9.61592 14.8759 -28.7421
v 9.1664 14.8759 -28.892
v 9.03752 14.9965 -28.5672
v 9.524 14.9965 -28.4049
v 9.08392 13.9378 -29.2623
v 8.6572 14.1922 -29.2271
v 8.91704 14.4858 -29.1519
v 9.17928 14.1197 -29.2235
v 9.26024 14.6386 -29.0454
v 9.37248 14.1518 -29.1754
v 8.74864 14.6833 -29.023
v 9.1664 14.8759 -28.892
v 9.00464 13.703 -29.2796
v 8.51088 13.8089 -29.2592
v 8.42616 14.3277 -29.115
v 8.42616 14.3277 -29.115
v 8.23624 14.4032 -28.8086
v 8.58528 14.7882 -28.709
v 8.74864 14.6833 -29.023
v 8.99144 13.4533 -29.2721
v 8.50496 13.3941 -29.2432
v 8.24808 13.8631 -29.1542
v 8.24808 13.8631 -29.1542
v 8.04352 13.9002 -28.851
v 9.01232 13.2448 -29.2412
v 8.63608 13.0132 -29.1817
v 8.24152 13.3601 -29.1346
v 8.24152 13.3601 -29.1346
v 8.0364 13.3558 -28.8298
v 8.40744 12.8955 -29.059
v 8.40744 12.8955 -29.059
v 8.216 12.8529 -28.748
v 9.17816 13.1333 -29.1959
v 8.89528 12.726 -29.084
v 8.72064 12.5398 -28.9391
v 8.72064 12.5398 -28.9391
v 8.55504 12.4679 -28.6182
v 9.38544 13.0472 -29.1242
v 9.23552 12.5678 -28.9636
v 9.13344 12.3473 -28.7931
v 9.13344 12.3473 -28.7931
v 9.00184 12.2596 -28.4602
v 9.60592 12.5674 -28.8401
v 9.58288 12.3473 -28.6432
v 9.94832 12.7203 -28.7313
v 10.0007 12.5398 -28.5122
v 9.58288 12.3473 -28.6432
v 9.48832 12.2596 -28.2979
v 9.60664 13.0377 -29.0489
v 10.2089 13.0139 -28.6584
v 10.3232 12.8955 -28.4202
v 10.0007 12.5398 -28.5122
v 9.94056 12.4679 -28.1562
v 9.79096 13.071 -28.9739
v 10.5013 13.3601 -28.381
v 10.4823 13.3558 -28.014
v 10.2896 12.8529 -28.0564
v 10.3232 12.8955 -28.4202
v 9.8952 13.2515 -28.9619
v 10.5078 13.8631 -28.4006
v 10.4894 13.9002 -28.0353
v 10.5013 13.3601 -28.381
v 9.97512 13.4863 -28.9466
v 10.3552 13.3971 -28.6262
v 10.5013 13.3601 -28.381
v 10.3418 14.3277 -28.4762
v 10.3098 14.4032 -28.117
v 9.98768 13.7361 -28.9521
v 10.3612 13.8118 -28.6422
v 10.5078 13.8631 -28.4006
v 9.80096 14.0561 -29.0283
v 9.97088 14.48 -28.8014
v 10.2294 14.1929 -28.7015
v 9.95792 13.9459 -28.9563
v 10.3418 14.3277 -28.4762
v 9.59432 14.1422 -29.102
v 9.63056 14.6382 -28.9218
v 10.0286 14.6833 -28.5961
v 10.0286 14.6833 -28.5961
v 9.9708 14.7882 -28.2469
v 9.61592 14.8759 -28.7421
v 9.7744 13.7996 -29.0683
v 9.74088 13.5397 -29.0715
v 9.67648 13.2864 -29.0787
v 9.55568 13.8676 -29.1475
v 9.50424 13.5925 -29.1561
v 9.4508 13.3177 -29.1586
v 9.328 13.8992 -29.2216
v 9.2656 13.6458 -29.2346
v 9.23008 13.3861 -29.2319
v 9.61592 -14.7933 -28.7421
v 9.1664 -14.7933 -28.892
v 9.03752 -14.6727 -28.5671
v 9.524 -14.6727 -28.4049
v 9.08392 -15.7314 -29.2623
v 8.6572 -15.477 -29.2271
v 8.91704 -15.1833 -29.1519
v 9.17928 -15.5494 -29.2235
v 9.26024 -15.0305 -29.0454
v 9.37248 -15.5174 -29.1754
v 8.74864 -14.9858 -29.023
v 9.1664 -14.7933 -28.892
v 9.00464 -15.9662 -29.2796
v 8.51088 -15.8603 -29.2592
v 8.42616 -15.3415 -29.115
v 8.42616 -15.3415 -29.115
v 8.23624 -15.266 -28.8086
v 8.58528 -14.881 -28.709
v 8.74864 -14.9858 -29.023
v 8.99144 -16.2159 -29.2721
v 8.50496 -16.275 -29.2432
v 8.24808 -15.8061 -29.1542
v 8.24808 -15.8061 -29.1542
v 8.04352 -15.7689 -28.851
v 9.01232 -16.4244 -29.2412
v 8.63608 -16.656 -29.1817
v 8.24152 -16.3091 -29.1346
v 8.24152 -16.3091 -29.1346
v 8.0364 -16.3133 -28.8298
v 8.40744 -16.7737 -29.059
v 8.40744 -16.7737 -29.059
v 8.216 -16.8163 -28.748
v 9.17816 -16.5359 -29.1959
v 8.89528 -16.9432 -29.084
v 8.72064 -17.1293 -28.9391
v 8.72064 -17.1293 -28.9391
v 8.55504 -17.2013 -28.6182
v 9.38544 -16.622 -29.1242
v 9.23552 -17.1014 -28.9636
v 9.13344 -17.3219 -28.7931
v 9.13344 -17.3219 -28.7931
v 9.00184 -17.4096 -28.4602
v 9.60592 -17.1018 -28.8401
v 9.58288 -17.3219 -28.6432
v 9.94832 -16.9489 -28.7313
v 10.0007 -17.1293 -28.5122
v 9.58288 -17.3219 -28.6432
v 9.48832 -17.4096 -28.2978
v 9.60664 -16.6315 -29.0488
v 10.2089 -16.6554 -28.6583
v 10.3232 -16.7737 -28.4201
v 10.0007 -17.1293 -28.5122
v 9.94056 -17.2013 -28.1561
v 9.79096 -16.5982 -28.9739
v 10.5013 -16.3091 -28.3809
v 10.4823 -16.3133 -28.014
v 10.2896 -16.8163 -28.0564
v 10.3232 -16.7737 -28.4201
v 10.3232 -16.7737 -28.4201
v 10.2896 -16.8163 -28.0564
v 9.8952 -16.4176 -28.9619
v 10.5078 -15.8061 -28.4006
v 10.4894 -15.7689 -28.0353
v 9.97512 -16.1829 -28.9466
v 10.3552 -16.272 -28.6262
v 10.5013 -16.3091 -28.3809
v 10.3418 -15.3415 -28.4762
v 10.3098 -15.266 -28.117
v 9.98768 -15.9331 -28.9521
v 10.3612 -15.8573 -28.6422
v 10.5078 -15.8061 -28.4006
v 9.80096 -15.613 -29.0282
v 9.97088 -15.1891 -28.8014
v 10.2294 -15.4763 -28.7015
v 9.95792 -15.7233 -28.9563
v 9.98768 -15.9331 -28.9521
v 10.3418 -15.3415 -28.4762
v 10.5078 -15.8061 -28.4006
v 9.59432 -15.527 -29.102
v 9.63056 -15.031 -28.9218
v 8.58528 -14.881 -28.709
v 10.0286 -14.9858 -28.5961
v 10.0286 -14.9858 -28.5961
v 9.9708 -14.881 -28.2469
v 9.61592 -14.7933 -28.7421
v 9.98768 -15.9331 -28.9521
v 9.7744 -15.8696 -29.0683
v 9.98768 -15.9331 -28.9521
v 9.74088 -16.1295 -29.0715
v 9.67648 -16.3828 -29.0787
v 9.55568 -15.8016 -29.1475
v 9.50424 -16.0766 -29.1561
v 9.4508 -16.3514 -29.1586
v 9.328 -15.7699 -29.2215
v 9.2656 -16.0234 -29.2346
v 9.23008 -16.2831 -29.2319
v 8.78792 -32.0806 -26.2594
v 8.69168 -32.1402 -25.9093
v 8.20512 -32.1402 -26.0715
v 8.3384 -32.0806 -26.4094
v 8.29936 -31.2101 -26.91
v 8.38608 -31.3885 -26.8453
v 8.10696 -31.7242 -26.7231
v 7.8612 -31.4325 -26.8404
v 8.57768 -31.4228 -26.7923
v 8.4428 -31.8763 -26.5946
v 8.3384 -32.0806 -26.4094
v 7.92984 -31.8893 -26.568
v 8.23136 -30.9769 -26.961
v 7.73328 -31.0514 -26.9277
v 7.6244 -31.5357 -26.7112
v 7.6244 -31.5357 -26.7112
v 7.92984 -31.8893 -26.568
v 7.76296 -31.9331 -26.2433
v 7.43232 -31.5504 -26.3982
v 8.23016 -30.7284 -26.9894
v 7.7472 -30.6392 -26.9712
v 7.46864 -31.0739 -26.8172
v 7.46864 -31.0739 -26.8172
v 7.26368 -31.0504 -26.513
v 8.26104 -30.5188 -26.9886
v 7.7472 -30.6392 -26.9712
v 7.89656 -30.2602 -26.9645
v 7.7472 -30.6392 -26.9712
v 7.48616 -30.5738 -26.8698
v 7.48616 -30.5738 -26.8698
v 7.28272 -30.5093 -26.5699
v 7.7472 -30.6392 -26.9712
v 7.6744 -30.1119 -26.861
v 7.6744 -30.1119 -26.861
v 7.4864 -30.0093 -26.5604
v 8.43216 -30.4103 -26.9592
v 8.16952 -29.975 -26.908
v 8.00464 -29.7584 -26.7922
v 8.00464 -29.7584 -26.7922
v 7.84392 -29.6266 -26.4859
v 8.6436 -30.3249 -26.8998
v 8.43216 -30.4103 -26.9592
v 8.51744 -29.8177 -26.8104
v 8.42664 -29.5671 -26.6738
v 8.42664 -29.5671 -26.6738
v 8.30064 -29.4195 -26.3578
v 8.88784 -29.8173 -26.6869
v 8.87608 -29.5671 -26.5239
v 9.22288 -29.9691 -26.5562
v 9.28464 -29.7584 -26.3653
v 8.87608 -29.5671 -26.5239
v 8.78712 -29.4195 -26.1956
v 8.8652 -30.3153 -26.8259
v 9.46936 -30.2611 -26.441
v 9.59008 -30.1119 -26.2221
v 9.28464 -29.7584 -26.3653
v 9.22936 -29.6266 -26.0238
v 9.048 -30.346 -26.7464
v 8.8652 -30.3153 -26.8259
v 9.74592 -30.5738 -26.1161
v 9.59008 -30.1119 -26.2221
v 9.56 -30.0093 -25.8689
v 9.72864 -30.5093 -25.7542
v 9.56 -30.0093 -25.8689
v 9.14352 -30.5279 -26.7082
v 9.72832 -31.0738 -26.0635
v 9.7096 -31.0505 -25.6972
v 9.21224 -30.7615 -26.6591
v 9.59736 -30.6421 -26.3538
v 9.74592 -30.5738 -26.1161
v 9.54008 -31.5357 -26.0722
v 9.50592 -31.5504 -25.7067
v 9.2128 -31.0096 -26.6288
v 9.58344 -31.0544 -26.3102
v 9.72832 -31.0738 -26.0635
v 9.01072 -31.3277 -26.659
v 9.17304 -31.2157 -26.603
v 9.43328 -31.433 -26.3148
v 9.16112 -31.7186 -26.3734
v 9.54008 -31.5357 -26.0722
v 8.8 -31.4134 -26.7203
v 8.8132 -31.8758 -26.471
v 7.92984 -31.8893 -26.568
v 9.20984 -31.8893 -26.141
v 9.20984 -31.8893 -26.141
v 9.1484 -31.9331 -25.7811
v 8.78792 -32.0806 -26.2594
v 8.99632 -31.0795 -26.7354
v 8.9752 -30.8217 -26.7759
v 8.92296 -30.5694 -26.8195
v 8.8652 -30.3153 -26.8259
v 8.77432 -31.1477 -26.8048
v 8.73608 -30.8748 -26.8528
v 8.69576 -30.6011 -26.895
v 8.69576 -30.6011 -26.895
v 8.8652 -30.3153 -26.8259
v 8.5452 -31.1786 -26.8743
v 8.49488 -30.9271 -26.9238
v 8.47184 -30.6685 -26.9584
v 8.69576 -30.6011 -26.895
v 8.69576 -30.6011 -26.895
v 8.43216 -30.4103 -26.9592
v 8.43216 -30.4103 -26.9592
v 24.6961 28.8673 -12.5318
v 24.4818 28.8673 -12.9544
v 24.1495 28.9269 -12.8078
v 24.3815 28.9269 -12.3504
v 24.8059 27.9968 -13.3379
v 24.4454 28.2192 -13.5964
v 24.5377 28.5109 -13.3402
v 24.8221 28.1751 -13.231
v 24.6862 28.663 -13.0127
v 24.9211 28.2094 -13.0586
v 24.3027 28.676 -13.3544
v 24.4818 28.8673 -12.9544
v 24.7934 27.7635 -13.4221
v 24.4157 27.8381 -13.7484
v 24.1861 28.3224 -13.671
v 24.1861 28.3224 -13.671
v 23.8295 28.3371 -13.5834
v 23.9557 28.7197 -13.2408
v 24.3027 28.676 -13.3544
v 24.8125 27.5151 -13.4431
v 24.4562 27.4259 -13.7696
v 24.1498 27.8605 -13.8558
v 24.1498 27.8605 -13.8558
v 23.7902 27.8371 -13.7835
v 24.834 27.3055 -13.4208
v 24.5577 27.0469 -13.6598
v 24.1993 27.3605 -13.881
v 24.1993 27.3605 -13.881
v 23.8438 27.2959 -13.8107
v 24.327 26.8985 -13.7424
v 24.327 26.8985 -13.7424
v 23.982 26.7959 -13.6607
v 24.935 27.1971 -13.2796
v 24.7122 26.7617 -13.4278
v 24.5135 26.545 -13.4614
v 24.5135 26.545 -13.4614
v 24.1838 26.4133 -13.3565
v 25.0436 27.1115 -13.0887
v 24.891 26.6044 -13.1138
v 24.7304 26.3537 -13.0806
v 24.7304 26.3537 -13.0806
v 24.4187 26.2062 -12.9443
v 24.5135 26.545 -13.4614
v 25.0677 26.6039 -12.7656
v 24.9447 26.3537 -12.6579
v 25.2141 26.7557 -12.4371
v 25.1238 26.545 -12.2579
v 24.9447 26.3537 -12.6579
v 24.6507 26.2062 -12.4869
v 24.7304 26.3537 -13.0806
v 25.1493 27.1019 -12.8804
v 25.0436 27.1115 -13.0887
v 25.3085 27.0478 -12.1819
v 25.2404 26.8985 -11.9414
v 25.1238 26.545 -12.2579
v 24.8446 26.4133 -12.0539
v 25.2234 27.1327 -12.6954
v 25.2767 27.3605 -11.7565
v 25.01 27.2959 -11.5112
v 24.9707 26.7959 -11.7113
v 25.2404 26.8985 -11.9414
v 25.2646 27.3146 -12.601
v 25.2273 27.8605 -11.7314
v 24.9565 27.8371 -11.484
v 25.2789 27.5481 -12.5178
v 25.3382 27.4288 -12.03
v 25.2767 27.3605 -11.7565
v 25.0996 28.3224 -11.8699
v 24.8182 28.3371 -11.634
v 25.2579 27.7963 -12.4958
v 25.2977 27.841 -12.0088
v 25.2273 27.8605 -11.7314
v 25.1354 28.1144 -12.6594
v 25.0417 28.5053 -12.3506
v 25.1941 28.2197 -12.1175
v 25.2115 28.0024 -12.5054
v 25.0996 28.3224 -11.8699
v 25.0287 28.2001 -12.8511
v 24.8629 28.6625 -12.6646
v 24.913 28.676 -12.151
v 24.913 28.676 -12.151
v 24.6163 28.7197 -11.9382
v 24.6961 28.8673 -12.5318
v 25.179 27.8663 -12.7238
v 25.1924 27.6084 -12.7675
v 25.1859 27.3561 -12.8352
v 25.0698 27.9344 -12.9293
v 25.0763 27.6615 -12.9903
v 25.0773 27.3877 -13.0486
v 25.0436 27.1115 -13.0887
v 24.9557 27.9653 -13.1398
v 24.9547 27.7138 -13.2103
v 24.9626 27.4551 -13.2511
v 25.0436 27.1115 -13.0887
v 27.0301 14.8759 -13.7156
v 26.8158 14.8759 -14.1382
v 26.4958 14.9965 -13.9978
v 26.7278 14.9965 -13.5404
v 27.0174 13.9378 -14.4596
v 26.6892 14.1922 -14.7345
v 26.8211 14.4859 -14.4984
v 27.058 14.1197 -14.365
v 26.9903 14.6386 -14.1814
v 27.1615 14.1518 -14.1949
v 26.6107 14.6834 -14.525
v 26.8158 14.8759 -14.1382
v 26.9732 13.703 -14.5276
v 26.6077 13.8089 -14.8602
v 26.4461 14.3277 -14.8172
v 26.6107 14.6834 -14.525
v 26.4461 14.3277 -14.8172
v 26.0956 14.4032 -14.7327
v 26.2738 14.7882 -14.4165
v 26.6107 14.6834 -14.525
v 26.9586 13.4533 -14.5315
v 26.5922 13.3942 -14.853
v 26.347 13.8631 -14.9702
v 26.347 13.8631 -14.9702
v 25.9883 13.9002 -14.8984
v 26.9517 13.2448 -14.4949
v 26.6422 13.0132 -14.717
v 26.3285 13.3602 -14.9609
v 26.3285 13.3602 -14.9609
v 25.9683 13.3558 -14.8882
v 26.3934 12.8955 -14.7905
v 26.3934 12.8955 -14.7905
v 26.0386 12.8529 -14.7038
v 27.0378 13.1333 -14.3461
v 26.7579 12.726 -14.4654
v 26.5319 12.5398 -14.485
v 26.5319 12.5398 -14.485
v 26.1885 12.4679 -14.3732
v 26.0386 12.8529 -14.7038
v 26.3934 12.8955 -14.7905
v 27.1347 13.0472 -14.1494
v 26.9154 12.5679 -14.1406
v 26.7228 12.3473 -14.091
v 26.7228 12.3473 -14.091
v 26.3952 12.2596 -13.9467
v 27.0919 12.5674 -13.7923
v 26.9372 12.3473 -13.6685
v 27.259 12.7203 -13.4742
v 27.1422 12.5398 -13.2817
v 26.9372 12.3473 -13.6685
v 26.6271 12.2596 -13.4894
v 27.2392 13.0377 -13.9403
v 27.1347 13.0472 -14.1494
v 27.393 13.0139 -13.2392
v 27.3069 12.8955 -12.9894
v 27.1422 12.5398 -13.2817
v 26.8491 12.4679 -13.0706
v 27.3177 13.071 -13.7574
v 27.406 13.3602 -12.8364
v 27.1346 13.3558 -12.5887
v 27.0274 12.8529 -12.7544
v 27.3069 12.8955 -12.9894
v 27.3833 13.2515 -13.6756
v 27.4245 13.8631 -12.8458
v 27.1546 13.9002 -12.5989
v 27.4294 13.4864 -13.6086
v 27.4746 13.3971 -13.1135
v 27.4746 13.3971 -13.1135
v 27.406 13.3602 -12.8364
v 27.3595 14.3278 -13.0162
v 27.0843 14.4032 -12.7833
v 27.4422 13.7361 -13.6037
v 27.4901 13.8118 -13.1207
v 27.4746 13.3971 -13.1135
v 27.4245 13.8631 -12.8458
v 27.4746 13.3971 -13.1135
v 27.363 14.0561 -13.7891
v 27.3243 14.48 -13.5083
v 27.4379 14.1929 -13.2556
v 27.424 13.9459 -13.6276
v 27.3595 14.3278 -13.0162
v 27.2678 14.1422 -13.9868
v 27.167 14.6382 -13.8331
v 27.221 14.6834 -13.3216
v 27.221 14.6834 -13.3216
v 26.9344 14.7882 -13.1139
v 27.0301 14.8759 -13.7156
v 27.3722 13.7996 -13.8362
v 27.3506 13.5397 -13.8621
v 27.3098 13.2865 -13.9125
v 27.2723 13.8677 -14.0463
v 27.2417 13.5925 -14.0886
v 27.2055 13.3177 -14.128
v 27.1347 13.0472 -14.1494
v 27.1624 13.8992 -14.259
v 27.1272 13.6458 -14.3122
v 27.1001 13.3861 -14.3352
v 27.1347 13.0472 -14.1494
v 27.0301 -14.7933 -13.7156
v 26.8158 -14.7933 -14.1382
v 26.4958 -14.6727 -13.9978
v 26.7278 -14.6727 -13.5404
v 27.0174 -15.7314 -14.4595
v 26.6892 -15.477 -14.7345
v 26.8211 -15.1833 -14.4983
v 27.058 -15.5494 -14.365
v 26.9903 -15.0305 -14.1814
v 27.1615 -15.5174 -14.1949
v 26.6107 -14.9858 -14.525
v 26.8158 -14.7933 -14.1382
v 26.9732 -15.9662 -14.5276
v 26.6077 -15.8603 -14.8602
v 26.4461 -15.3415 -14.8172
v 26.4461 -15.3415 -14.8172
v 26.0956 -15.266 -14.7327
v 26.2738 -14.881 -14.4165
v 26.6107 -14.9858 -14.525
v 26.9586 -16.2159 -14.5315
v 26.5922 -16.275 -14.853
v 26.347 -15.8061 -14.9702
v 26.4461 -15.3415 -14.8172
v 26.347 -15.8061 -14.9702
v 25.9883 -15.7689 -14.8984
v 26.9517 -16.4244 -14.4949
v 26.6422 -16.656 -14.717
v 26.3285 -16.3091 -14.9609
v 26.3285 -16.3091 -14.9609
v 25.9683 -16.3133 -14.8882
v 26.3934 -16.7737 -14.7905
v 26.3934 -16.7737 -14.7905
v 26.0386 -16.8163 -14.7038
v 27.0378 -16.5359 -14.3461
v 26.7579 -16.9432 -14.4654
v 26.5319 -17.1293 -14.485
v 26.5319 -17.1293 -14.485
v 26.1885 -17.2013 -14.3732
v 27.1347 -16.622 -14.1494
v 26.9154 -17.1014 -14.1406
v 26.7228 -17.3219 -14.091
v 26.7228 -17.3219 -14.091
v 26.3952 -17.4096 -13.9467
v 27.0919 -17.1018 -13.7923
v 26.9372 -17.3219 -13.6685
v 27.259 -16.9489 -13.4742
v 27.1422 -17.1293 -13.2816
v 26.9372 -17.3219 -13.6685
v 26.6271 -17.4096 -13.4894
v 27.2392 -16.6315 -13.9403
v 27.393 -16.6553 -13.2392
v 27.3069 -16.7737 -12.9894
v 27.1422 -17.1293 -13.2816
v 26.8491 -17.2013 -13.0706
v 27.3177 -16.5982 -13.7574
v 27.406 -16.3091 -12.8364
v 27.1346 -16.3133 -12.5887
v 27.0274 -16.8163 -12.7544
v 27.3069 -16.7737 -12.9894
v 27.3833 -16.4176 -13.6756
v 27.4245 -15.8061 -12.8458
v 27.1546 -15.7689 -12.5989
v 27.4294 -16.1829 -13.6085
v 27.4746 -16.272 -13.1135
v 27.406 -16.3091 -12.8364
v 27.3595 -15.3415 -13.0162
v 27.0843 -15.266 -12.7833
v 27.4422 -15.9331 -13.6037
v 27.4901 -15.8573 -13.1207
v 27.4245 -15.8061 -12.8458
v 27.363 -15.6131 -13.7891
v 27.3243 -15.1891 -13.5083
v 27.4379 -15.4763 -13.2556
v 27.424 -15.7233 -13.6276
v 27.3595 -15.3415 -13.0162
v 27.2678 -15.527 -13.9868
v 27.167 -15.031 -13.8331
v 27.221 -14.9858 -13.3216
v 27.221 -14.9858 -13.3216
v 26.9344 -14.881 -13.1139
v 27.0301 -14.7933 -13.7156
v 26.8158 -14.7933 -14.1382
v 27.3722 -15.8696 -13.8362
v 27.3506 -16.1296 -13.8621
v 27.3098 -16.3828 -13.9125
v 27.2723 -15.8016 -14.0463
v 27.2417 -16.0766 -14.0886
v 27.2055 -16.3514 -14.128
v 27.1624 -15.7699 -14.259
v 27.1272 -16.0234 -14.3122
v 27.1001 -16.2831 -14.3352
v 24.6961 -32.0806 -12.5318
v 24.3815 -32.1402 -12.3504
v 24.1495 -32.1402 -12.8078
v 24.4818 -32.0806 -12.9544
v 24.8059 -31.2101 -13.3379
v 24.8221 -31.3885 -13.231
v 24.5377 -31.7242 -13.3402
v 24.4454 -31.4325 -13.5964
v 24.9211 -31.4228 -13.0586
v 24.6862 -31.8763 -13.0127
v 24.4818 -32.0806 -12.9544
v 24.3027 -31.8893 -13.3544
v 24.7934 -30.9768 -13.4221
v 24.4157 -31.0514 -13.7484
v 24.1861 -31.5357 -13.671
v 24.1861 -31.5357 -13.671
v 24.3027 -31.8893 -13.3544
v 23.9557 -31.9331 -13.2408
v 23.8295 -31.5504 -13.5834
v 24.8125 -30.7284 -13.443
v 24.4562 -30.6392 -13.7696
v 24.1498 -31.0738 -13.8558
v 24.1498 -31.0738 -13.8558
v 23.7902 -31.0504 -13.7835
v 24.834 -30.5188 -13.4208
v 24.8125 -30.7284 -13.443
v 24.5577 -30.2602 -13.6598
v 24.1993 -30.5738 -13.881
v 24.1993 -30.5738 -13.881
v 23.8438 -30.5093 -13.8106
v 24.327 -30.1119 -13.7424
v 24.327 -30.1119 -13.7424
v 23.982 -30.0093 -13.6607
v 24.935 -30.4103 -13.2796
v 24.7122 -29.975 -13.4278
v 24.5135 -29.7584 -13.4614
v 24.5135 -29.7584 -13.4614
v 24.1838 -29.6266 -13.3565
v 25.0436 -30.3249 -13.0887
v 24.891 -29.8177 -13.1138
v 24.7304 -29.5671 -13.0805
v 24.7304 -29.5671 -13.0805
v 24.4187 -29.4195 -12.9443
v 25.0677 -29.8173 -12.7656
v 24.9447 -29.5671 -12.6579
v 25.2141 -29.9691 -12.437
v 25.1238 -29.7584 -12.2579
v 24.9447 -29.5671 -12.6579
v 24.6507 -29.4195 -12.4869
v 25.1493 -30.3153 -12.8803
v 25.3085 -30.2611 -12.1819
v 25.2404 -30.1119 -11.9414
v 25.1238 -29.7584 -12.2579
v 24.8446 -29.6266 -12.0539
v 25.2234 -30.346 -12.6953
v 25.2767 -30.5738 -11.7565
v 25.2404 -30.1119 -11.9414
v 24.9707 -30.0093 -11.7113
v 25.01 -30.5093 -11.5112
v 25.2646 -30.5279 -12.601
v 25.2273 -31.0738 -11.7314
v 24.9565 -31.0504 -11.484
v 25.2789 -30.7615 -12.5178
v 25.3382 -30.6421 -12.0299
v 25.2767 -30.5738 -11.7565
v 25.0996 -31.5357 -11.8699
v 24.8182 -31.5504 -11.634
v 25.2579 -31.0096 -12.4958
v 25.2977 -31.0544 -12.0088
v 25.2273 -31.0738 -11.7314
v 25.1354 -31.3277 -12.6594
v 25.2115 -31.2157 -12.5054
v 25.1941 -31.433 -12.1175
v 25.0417 -31.7186 -12.3506
v 25.0996 -31.5357 -11.8699
v 25.0287 -31.4134 -12.8511
v 24.8629 -31.8758 -12.6646
v 24.913 -31.8893 -12.151
v 24.913 -31.8893 -12.151
v 24.6163 -31.9331 -11.9382
v 24.6961 -32.0806 -12.5318
v 25.179 -31.0795 -12.7238
v 25.1924 -30.8217 -12.7675
v 25.1859 -30.5694 -12.8352
v 25.1859 -30.5694 -12.8352
v 25.0698 -31.1477 -12.9292
v 25.0763 -30.8748 -12.9903
v 25.0773 -30.6011 -13.0486
v 25.1859 -30.5694 -12.8352
v 25.1859 -30.5694 -12.8352
v 24.9557 -31.1786 -13.1398
v 24.9547 -30.9271 -13.2103
v 24.9626 -30.6685 -13.2511
v 24.8125 -30.7284 -13.443
v 24.8125 -30.7284 -13.443
v 26.314 28.8673 8.56151
v 26.4611 28.8673 8.11112
v 26.1225 28.9269 7.97992
v 25.9633 28.9269 8.46743
v 26.9615 27.9968 8.06896
v 26.8892 28.2192 7.63128
v 26.7734 28.5109 7.87776
v 26.8974 28.1751 8.156
v 26.647 28.663 8.21432
v 26.8455 28.2094 8.34799
v 26.6172 28.676 7.70159
v 26.4611 28.8673 8.11112
v 27.0122 27.7635 8.00064
v 26.9757 27.8381 7.5028
v 26.7585 28.3224 7.39528
v 26.7585 28.3224 7.39528
v 26.4444 28.3371 7.20511
v 26.2914 28.7197 7.53663
v 26.6172 28.676 7.70159
v 27.0405 27.5151 7.99928
v 27.0193 27.4259 7.5164
v 26.8635 27.8605 7.23879
v 26.8635 27.8605 7.23879
v 26.5581 27.8371 7.03576
v 27.0399 27.3055 8.03016
v 27.0134 27.0469 7.66583
v 26.9162 27.3605 7.25599
v 26.9162 27.3605 7.25599
v 26.6151 27.2959 7.0544
v 26.9086 26.8985 7.44431
v 26.9086 26.8985 7.44431
v 26.6069 26.7959 7.25823
v 27.0115 27.1971 8.20144
v 26.9587 26.7617 7.93912
v 26.8419 26.545 7.77495
v 26.8419 26.545 7.77495
v 26.5346 26.4133 7.61608
v 26.9534 27.1115 8.41319
v 26.8633 26.6044 8.2876
v 26.7262 26.3537 8.19768
v 26.7262 26.3537 8.19768
v 26.4094 26.2062 8.07368
v 26.8419 26.545 7.77495
v 26.7421 26.6039 8.6588
v 26.579 26.3537 8.64808
v 26.6134 26.7557 8.99464
v 26.423 26.545 9.0576
v 26.579 26.3537 8.64808
v 26.2501 26.2062 8.5612
v 26.881 27.1019 8.63535
v 26.4998 27.0478 9.24184
v 26.2816 26.8985 9.36392
v 26.423 26.545 9.0576
v 26.0811 26.4133 9.00448
v 26.8026 27.1327 8.81863
v 26.1766 27.3605 9.5204
v 25.8146 27.2959 9.50535
v 25.9282 26.7959 9.336
v 26.2816 26.8985 9.36392
v 26.765 27.3146 8.9144
v 26.1239 27.8605 9.50312
v 25.7575 27.8371 9.48672
v 26.7163 27.5481 8.98336
v 26.4134 27.4288 9.37031
v 26.1766 27.3605 9.5204
v 26.1315 28.3224 9.31487
v 25.7657 28.3371 9.28296
v 26.686 27.7963 8.98408
v 26.3698 27.841 9.35672
v 26.7163 27.5481 8.98336
v 26.1239 27.8605 9.50312
v 26.7149 28.1144 8.78192
v 26.4303 28.5053 8.934
v 26.3734 28.2197 9.20656
v 26.6599 28.0024 8.94448
v 26.1315 28.3224 9.31487
v 26.775 28.2001 8.5708
v 26.5258 28.6625 8.58552
v 26.1982 28.676 8.98424
v 26.1982 28.676 8.98424
v 25.838 28.7197 8.92504
v 26.314 28.8673 8.56151
v 26.4611 28.8673 8.11112
v 26.8455 28.2094 8.34799
v 26.7913 27.8663 8.76696
v 26.7163 27.5481 8.98336
v 26.8317 27.6084 8.74568
v 26.7163 27.5481 8.98336
v 26.8749 27.3561 8.69312
v 26.8593 27.9344 8.54456
v 26.907 27.6615 8.506
v 26.8593 27.9344 8.54456
v 26.9489 27.3877 8.46544
v 26.8593 27.9344 8.54456
v 26.9274 27.9653 8.31496
v 26.8455 28.2094 8.34799
v 26.8593 27.9344 8.54456
v 26.9766 27.7138 8.26439
v 27.011 27.4551 8.24112
v 26.8455 28.2094 8.34799
v 28.8017 14.8759 9.37408
v 28.9488 14.8759 8.92368
v 28.6232 14.9965 8.7968
v 28.464 14.9965 9.28432
v 29.3186 13.9378 8.83888
v 29.2807 14.1922 8.4124
v 29.2072 14.4859 8.67272
v 29.2805 14.1197 8.93448
v 29.1028 14.6386 9.01656
v 29.2334 14.1518 9.128
v 29.0772 14.6834 8.50512
v 28.9488 14.8759 8.92368
v 29.3354 13.703 8.75952
v 29.312 13.8089 8.26592
v 29.3186 13.9378 8.83888
v 29.1673 14.3278 8.18208
v 29.1673 14.3278 8.18208
v 28.8597 14.4032 7.99408
v 28.7622 14.7882 8.34368
v 29.0772 14.6834 8.50512
v 29.3278 13.4533 8.7464
v 29.2959 13.3942 8.26008
v 29.2054 13.8631 8.00376
v 29.2054 13.8631 8.00376
v 28.901 13.9002 7.80104
v 29.2971 13.2448 8.76744
v 29.2352 13.0132 8.39152
v 29.1857 13.3602 7.99728
v 29.1857 13.3602 7.99728
v 28.8796 13.3558 7.79408
v 29.1112 12.8955 8.16368
v 29.1112 12.8955 8.16368
v 28.799 12.8529 7.97424
v 29.2528 13.1333 8.93352
v 29.1391 12.726 8.65136
v 28.9932 12.5398 8.47768
v 28.9932 12.5398 8.47768
v 28.6713 12.4679 8.314
v 29.1112 12.8955 8.16368
v 29.1823 13.0472 9.14128
v 29.0209 12.5679 8.9924
v 28.8498 12.3473 8.89128
v 28.8498 12.3473 8.89128
v 28.516 12.2596 8.76176
v 28.8997 12.5674 9.36352
v 28.7026 12.3473 9.34176
v 28.793 12.7203 9.70656
v 28.5742 12.5398 9.76032
v 28.7026 12.3473 9.34176
v 28.3567 12.2596 9.24928
v 29.1084 13.0377 9.36288
v 29.1823 13.0472 9.14128
v 28.7217 13.0139 9.9676
v 28.4842 12.8955 10.0834
v 28.5742 12.5398 9.76032
v 28.2178 12.4679 9.70232
v 29.0346 13.071 9.54776
v 28.4461 13.3602 10.2617
v 28.079 13.3558 10.245
v 28.1202 12.8529 10.052
v 28.4842 12.8955 10.0834
v 29.0233 13.2515 9.652
v 28.4658 13.8631 10.2681
v 28.1004 13.9002 10.252
v 29.0084 13.4864 9.73208
v 28.6905 13.3971 10.1142
v 28.4461 13.3602 10.2617
v 28.5403 14.3278 10.1017
v 28.181 14.4032 10.0718
v 29.0141 13.7361 9.74456
v 28.7066 13.8118 10.12
v 28.4658 13.8631 10.2681
v 29.089 14.0561 9.55736
v 28.8633 14.48 9.72872
v 28.765 14.1929 9.98776
v 29.0181 13.9459 9.7148
v 29.0141 13.7361 9.74456
v 28.5403 14.3278 10.1017
v 29.1615 14.1422 9.35032
v 28.9815 14.6382 9.38768
v 28.6582 14.6834 9.78776
v 28.6582 14.6834 9.78776
v 28.3087 14.7882 9.73208
v 28.181 14.4032 10.0718
v 28.8017 14.8759 9.37408
v 29.1615 14.1422 9.35032
v 29.0141 13.7361 9.74456
v 29.129 13.7996 9.53056
v 29.0141 13.7361 9.74456
v 29.1319 13.5397 9.49704
v 29.1387 13.2865 9.43256
v 29.2068 13.8677 9.31136
v 29.1615 14.1422 9.35032
v 29.215 13.5925 9.25984
v 29.2173 13.3177 9.2064
v 29.1823 13.0472 9.14128
v 29.1615 14.1422 9.35032
v 29.2794 13.8992 9.0832
v 29.2922 13.6458 9.02072
v 29.2794 13.8992 9.0832
v 29.2891 13.3861 8.98528
v 29.1823 13.0472 9.14128
v 29.2794 13.8992 9.0832
v 29.3186 13.9378 8.83888
v 29.2794 13.8992 9.0832
v 29.3186 13.9378 8.83888
v 28.8017 -14.7933 9.37408
v 28.9488 -14.7933 8.92368
v 28.6232 -14.6727 8.7968
v 28.464 -14.6727 9.28432
v 29.3186 -15.7313 8.83888
v 29.2807 -15.4769 8.41248
v 29.2072 -15.1833 8.67272
v 29.2805 -15.5494 8.93448
v 29.1028 -15.0305 9.01656
v 29.2334 -15.5174 9.128
v 29.0772 -14.9857 8.50512
v 28.9488 -14.7933 8.92368
v 29.3354 -15.9662 8.75952
v 29.312 -15.8603 8.26592
v 29.3186 -15.7313 8.83888
v 29.1673 -15.3414 8.18208
v 29.1673 -15.3414 8.18208
v 28.8597 -15.266 7.99408
v 28.7622 -14.881 8.34368
v 29.0772 -14.9857 8.50512
v 29.3278 -16.2158 8.7464
v 29.2959 -16.275 8.26008
v 29.2054 -15.8061 8.00376
v 29.2054 -15.8061 8.00376
v 28.901 -15.7689 7.80104
v 29.2971 -16.4244 8.76744
v 29.2352 -16.656 8.39152
v 29.1857 -16.309 7.99728
v 29.1857 -16.309 7.99728
v 28.8796 -16.3133 7.79408
v 29.1112 -16.7737 8.16376
v 29.1112 -16.7737 8.16376
v 28.799 -16.8163 7.97424
v 29.2528 -16.5359 8.93352
v 29.1391 -16.9431 8.65136
v 28.9932 -17.1293 8.47768
v 28.9932 -17.1293 8.47768
v 28.6713 -17.2013 8.314
v 29.1823 -16.622 9.14128
v 29.0209 -17.1013 8.9924
v 28.8498 -17.3219 8.89136
v 28.8498 -17.3219 8.89136
v 28.516 -17.4096 8.76176
v 28.6713 -17.2013 8.314
v 28.8997 -17.1018 9.36352
v 28.7026 -17.3219 9.34176
v 28.793 -16.9489 9.70656
v 28.5742 -17.1293 9.76032
v 28.7026 -17.3219 9.34176
v 28.3567 -17.4096 9.24928
v 29.1084 -16.6315 9.36296
v 28.7217 -16.6553 9.9676
v 28.4842 -16.7737 10.0834
v 28.5742 -17.1293 9.76032
v 28.2178 -17.2013 9.7024
v 29.0346 -16.5982 9.54776
v 28.4461 -16.309 10.2617
v 28.079 -16.3133 10.245
v 28.1202 -16.8163 10.052
v 28.4842 -16.7737 10.0834
v 28.1202 -16.8163 10.052
v 29.0233 -16.4176 9.652
v 28.4658 -15.8061 10.2681
v 28.1004 -15.7689 10.252
v 29.0084 -16.1829 9.73208
v 28.6905 -16.272 10.1142
v 28.4461 -16.309 10.2617
v 28.5403 -15.3414 10.1017
v 28.181 -15.266 10.0718
v 29.0141 -15.9331 9.74456
v 28.7066 -15.8573 10.12
v 28.4658 -15.8061 10.2681
v 29.089 -15.613 9.55736
v 28.8633 -15.1891 9.72872
v 28.765 -15.4763 9.98776
v 29.0181 -15.7233 9.7148
v 29.0141 -15.9331 9.74456
v 28.5403 -15.3414 10.1017
v 29.1615 -15.527 9.35032
v 28.9815 -15.0309 9.38768
v 28.6582 -14.9857 9.78776
v 28.6582 -14.9857 9.78776
v 28.3087 -14.881 9.73208
v 28.181 -15.266 10.0718
v 28.8017 -14.7933 9.37408
v 29.1615 -15.527 9.35032
v 29.0141 -15.9331 9.74456
v 29.129 -15.8696 9.53056
v 29.0141 -15.9331 9.74456
v 29.1319 -16.1295 9.49704
v 29.1387 -16.3827 9.43256
v 29.2068 -15.8015 9.31136
v 29.1615 -15.527 9.35032
v 29.215 -16.0766 9.25984
v 29.2173 -16.3514 9.2064
v 29.1615 -15.527 9.35032
v 29.2794 -15.7699 9.08328
v 29.2922 -16.0234 9.02072
v 29.2891 -16.2831 8.98528
v 29.3186 -15.7313 8.83888
v 29.3186 -15.7313 8.83888
v 26.314 -32.0806 8.56152
v 25.9633 -32.1402 8.46752
v 26.1225 -32.1402 7.98
v 26.4611 -32.0806 8.11112
v 26.9615 -31.2101 8.06896
v 26.8974 -31.3885 8.15608
v 26.7734 -31.7242 7.87776
v 26.8892 -31.4325 7.63128
v 26.8455 -31.4228 8.348
v 26.647 -31.8763 8.2144
v 26.4611 -32.0806 8.11112
v 26.6172 -31.8893 7.7016
v 27.0122 -30.9768 8.00064
v 26.9757 -31.0514 7.5028
v 26.7585 -31.5357 7.39528
v 26.7585 -31.5357 7.39528
v 26.6172 -31.8893 7.7016
v 26.2914 -31.9331 7.53672
v 26.4444 -31.5504 7.20512
v 27.0405 -30.7284 7.99928
v 27.0193 -30.6392 7.51648
v 26.8635 -31.0738 7.2388
v 26.8635 -31.0738 7.2388
v 26.5581 -31.0504 7.03576
v 27.0399 -30.5188 8.03016
v 27.0134 -30.2602 7.66584
v 26.9162 -30.5738 7.256
v 26.9162 -30.5738 7.256
v 26.6151 -30.5093 7.0544
v 26.9086 -30.1119 7.44432
v 26.9086 -30.1119 7.44432
v 26.6069 -30.0092 7.25824
v 27.0115 -30.4103 8.20152
v 26.9587 -29.975 7.93912
v 26.8419 -29.7584 7.77496
v 26.8419 -29.7584 7.77496
v 26.5346 -29.6266 7.61616
v 26.9534 -30.3249 8.4132
v 26.8633 -29.8177 8.2876
v 26.7262 -29.567 8.19768
v 26.7262 -29.567 8.19768
v 26.4094 -29.4195 8.07368
v 26.7421 -29.8173 8.6588
v 26.579 -29.567 8.64808
v 26.6134 -29.9691 8.99464
v 26.423 -29.7584 9.0576
v 26.579 -29.567 8.64808
v 26.2501 -29.4195 8.5612
v 26.881 -30.3152 8.63536
v 26.4998 -30.2611 9.24192
v 26.2816 -30.1119 9.36392
v 26.423 -29.7584 9.0576
v 26.0811 -29.6266 9.00448
v 26.8026 -30.346 8.81864
v 26.1766 -30.5738 9.5204
v 26.2816 -30.1119 9.36392
v 25.9282 -30.0093 9.336
v 25.8146 -30.5093 9.50536
v 26.765 -30.5279 8.9144
v 26.1239 -31.0738 9.5032
v 25.7575 -31.0504 9.48672
v 26.7163 -30.7615 8.98336
v 26.4134 -30.6421 9.3704
v 26.1766 -30.5738 9.5204
v 26.1315 -31.5357 9.31488
v 25.7657 -31.5504 9.28296
v 26.686 -31.0096 8.98408
v 26.3698 -31.0544 9.35672
v 26.1239 -31.0738 9.5032
v 26.7149 -31.3277 8.78192
v 26.6599 -31.2157 8.94456
v 26.3734 -31.433 9.20656
v 26.4303 -31.7186 8.934
v 26.1315 -31.5357 9.31488
v 26.775 -31.4134 8.5708
v 26.5258 -31.8758 8.58552
v 26.1982 -31.8893 8.98424
v 26.1982 -31.8893 8.98424
v 25.838 -31.9331 8.92504
v 26.314 -32.0806 8.56152
v 26.7913 -31.0795 8.76696
v 26.8317 -30.8217 8.74568
v 26.8749 -30.5694 8.69312
v 26.8593 -31.1477 8.54464
v 26.907 -30.8748 8.506
v 26.9489 -30.6011 8.46544
v 26.9274 -31.1786 8.31496
v 26.9766 -30.9271 8.2644
v 27.011 -30.6685 8.24112
v 12.8736 28.8673 24.4569
v 13.2931 28.8673 24.2367
v 13.1419 28.9269 23.9066
v 12.6878 28.9269 24.1449
v 13.6811 27.9968 24.5555
v 13.9346 28.2192 24.1914
v 13.6797 28.5109 24.2873
v 13.5744 28.1752 24.5732
v 13.3543 28.663 24.4404
v 13.4034 28.2095 24.6746
v 13.6906 28.676 24.0521
v 13.2931 28.8673 24.2367
v 13.765 27.7635 24.5419
v 14.0862 27.8381 24.1597
v 14.0055 28.3224 23.9311
v 14.0055 28.3224 23.9311
v 13.913 28.3371 23.5758
v 13.5722 28.7197 23.7067
v 13.6906 28.676 24.0521
v 13.7863 27.5151 24.5606
v 14.1078 27.4259 24.1999
v 14.1899 27.8605 23.8922
v 14.1899 27.8605 23.8922
v 14.1126 27.8371 23.5338
v 13.7644 27.3055 24.5824
v 13.9995 27.0469 24.3029
v 14.1078 27.4259 24.1999
v 14.1078 27.4259 24.1999
v 14.2157 27.3605 23.9414
v 14.2157 27.3605 23.9414
v 14.1405 27.2959 23.5869
v 14.0789 26.8986 24.071
v 14.1078 27.4259 24.1999
v 14.0789 26.8986 24.071
v 13.9925 26.7959 23.7272
v 13.6246 27.1971 24.6854
v 13.7697 26.7617 24.4606
v 13.8005 26.545 24.2614
v 13.8005 26.545 24.2614
v 13.691 26.4133 23.9333
v 13.4353 27.1115 24.7966
v 13.4582 26.6044 24.6437
v 13.4227 26.3537 24.4836
v 13.4227 26.3537 24.4836
v 13.2822 26.2062 24.1738
v 13.1125 26.6039 24.8252
v 13.0031 26.3537 24.7038
v 13.4227 26.3537 24.4836
v 12.786 26.7557 24.9762
v 12.6056 26.545 24.8884
v 13.0031 26.3537 24.7038
v 12.828 26.2062 24.4121
v 13.2283 27.1019 24.9052
v 12.5322 27.0478 25.0741
v 12.2907 26.8986 25.0094
v 12.6056 26.545 24.8884
v 12.3978 26.4133 24.6119
v 13.0443 27.1327 24.9819
v 12.1063 27.3605 25.0482
v 11.8574 27.2959 24.785
v 12.057 26.7959 24.7429
v 12.2907 26.8986 25.0094
v 12.9506 27.3146 25.0243
v 12.0806 27.8605 24.9991
v 11.8294 27.8371 24.7318
v 12.8676 27.5482 25.0398
v 12.3806 27.4288 25.1059
v 12.1063 27.3605 25.0482
v 12.2174 28.3224 24.8695
v 11.9775 28.3371 24.5915
v 12.8454 27.7963 25.0192
v 12.359 27.841 25.0657
v 12.0806 27.8605 24.9991
v 13.0072 28.1144 24.8945
v 12.6971 28.5053 24.805
v 12.4662 28.2197 24.9606
v 12.8543 28.0024 24.9726
v 12.2174 28.3224 24.8695
v 13.1974 28.2001 24.785
v 13.0086 28.6625 24.6218
v 12.4958 28.676 24.6791
v 12.4958 28.676 24.6791
v 12.2789 28.7197 24.3854
v 12.8736 28.8673 24.4569
v 13.0723 27.8663 24.937
v 13.1161 27.6084 24.9499
v 13.1838 27.3561 24.9425
v 13.2762 27.9344 24.8251
v 13.3373 27.6615 24.8307
v 13.3955 27.3877 24.8309
v 13.485 27.9653 24.708
v 13.5556 27.7139 24.7061
v 13.5965 27.4551 24.7134
v 14.0896 14.8759 26.7743
v 14.5092 14.8759 26.5541
v 14.3643 14.9965 26.2361
v 13.9102 14.9965 26.4744
v 14.8334 13.9378 26.7513
v 15.1036 14.1922 26.4193
v 14.8694 14.4859 26.5545
v 14.7394 14.1197 26.7931
v 14.7394 14.1197 26.7931
v 14.5548 14.6386 26.728
v 14.5706 14.1518 26.899
v 14.8931 14.6834 26.3437
v 14.5092 14.8759 26.5541
v 14.9007 13.703 26.7062
v 15.2282 13.8089 26.336
v 15.183 14.3278 26.175
v 15.183 14.3278 26.175
v 15.0937 14.4032 25.8258
v 14.7799 14.7882 26.0083
v 14.8931 14.6834 26.3437
v 14.9045 13.4533 26.6914
v 15.2207 13.3942 26.3206
v 15.3346 13.8631 26.0738
v 15.3346 13.8631 26.0738
v 15.2578 13.9003 25.7162
v 14.8678 13.2448 26.685
v 15.0855 13.0132 26.3725
v 15.325 13.3602 26.0554
v 15.325 13.3602 26.0554
v 15.2474 13.3558 25.6963
v 15.1556 12.8955 26.1227
v 15.1556 12.8955 26.1227
v 15.064 12.8529 25.7691
v 14.7202 13.1333 26.7732
v 14.8355 12.7261 26.4917
v 14.8521 12.5398 26.2654
v 14.8521 12.5398 26.2654
v 14.7355 12.4679 25.9236
v 14.5248 13.0472 26.8729
v 14.5129 12.5679 26.6536
v 14.4607 12.3473 26.4618
v 14.4607 12.3473 26.4618
v 14.3119 12.2596 26.1362
v 14.1672 12.5674 26.835
v 14.0412 12.3473 26.682
v 13.8514 12.7203 27.0065
v 13.6573 12.5398 26.8924
v 14.0412 12.3473 26.682
v 13.8578 12.2596 26.3745
v 14.3172 13.0377 26.9802
v 13.6183 13.0139 27.1438
v 13.3674 12.8955 27.0611
v 13.6573 12.5398 26.8924
v 13.4422 12.4679 26.6022
v 14.1354 13.071 27.0612
v 13.2157 13.3602 27.1623
v 12.9643 13.3558 26.8944
v 13.1285 12.8529 26.7848
v 13.3674 12.8955 27.0611
v 14.0546 13.2516 27.128
v 13.2254 13.8631 27.1806
v 12.9747 13.9003 26.9142
v 13.9881 13.4864 27.175
v 13.4938 13.3972 27.227
v 13.2157 13.3602 27.1623
v 13.3948 14.3278 27.1134
v 13.1582 14.4032 26.8414
v 13.9834 13.7361 27.1878
v 13.5012 13.8118 27.2424
v 13.2254 13.8631 27.1806
v 14.1678 14.0561 27.1061
v 13.8864 14.48 27.0714
v 13.6353 14.1929 27.1885
v 14.007 13.9459 27.1693
v 13.3948 14.3278 27.1134
v 14.3641 14.1422 27.0082
v 14.209 14.6382 26.9094
v 13.6983 14.6834 26.9706
v 13.6983 14.6834 26.9706
v 13.4866 14.7882 26.687
v 14.0896 14.8759 26.7743
v 14.209 14.6382 26.9094
v 14.209 14.6382 26.9094
v 14.209 14.6382 26.9094
v 14.215 13.7996 27.1146
v 14.2406 13.5397 27.0927
v 14.2903 13.2865 27.0513
v 14.4237 13.8677 27.0119
v 14.4654 13.5925 26.9806
v 14.5044 13.3177 26.9439
v 14.6348 13.8992 26.899
v 14.6875 13.6458 26.8631
v 14.7102 13.3861 26.8356
v 14.7394 14.1197 26.7931
v 14.0896 -14.7933 26.7743
v 14.5092 -14.7933 26.5541
v 14.3643 -14.6727 26.2361
v 13.9102 -14.6727 26.4744
v 14.8334 -15.7313 26.7513
v 15.1036 -15.4769 26.4193
v 14.8694 -15.1833 26.5545
v 14.7394 -15.5494 26.7931
v 14.5548 -15.0305 26.7281
v 14.5706 -15.5174 26.899
v 14.8931 -14.9857 26.3437
v 14.5092 -14.7933 26.5541
v 14.9007 -15.9662 26.7062
v 15.2282 -15.8603 26.336
v 15.183 -15.3414 26.175
v 15.183 -15.3414 26.175
v 15.0937 -15.266 25.8258
v 14.7799 -14.881 26.0083
v 14.8931 -14.9857 26.3437
v 14.9045 -16.2158 26.6914
v 15.2207 -16.275 26.3206
v 15.3346 -15.8061 26.0738
v 15.3346 -15.8061 26.0738
v 15.2578 -15.7689 25.7162
v 14.8678 -16.4244 26.685
v 15.0855 -16.656 26.3725
v 15.325 -16.309 26.0554
v 15.325 -16.309 26.0554
v 15.2474 -16.3133 25.6963
v 15.1556 -16.7737 26.1227
v 15.1556 -16.7737 26.1227
v 15.064 -16.8163 25.7692
v 14.7202 -16.5359 26.7732
v 14.8355 -16.9432 26.4917
v 14.8521 -17.1293 26.2654
v 14.8521 -17.1293 26.2654
v 14.7355 -17.2013 25.9236
v 14.5248 -16.622 26.8729
v 14.5129 -17.1013 26.6536
v 14.4607 -17.3219 26.4618
v 14.4607 -17.3219 26.4618
v 14.3119 -17.4096 26.1362
v 14.1672 -17.1018 26.835
v 14.0412 -17.3219 26.682
v 13.8514 -16.9489 27.0065
v 13.6573 -17.1293 26.8925
v 14.0412 -17.3219 26.682
v 13.8578 -17.4096 26.3745
v 14.3172 -16.6315 26.9802
v 13.6183 -16.6553 27.1438
v 13.3674 -16.7737 27.0611
v 13.6573 -17.1293 26.8925
v 13.4422 -17.2013 26.6023
v 14.1354 -16.5982 27.0612
v 13.2157 -16.309 27.1623
v 12.9643 -16.3133 26.8944
v 13.1285 -16.8163 26.7849
v 13.3674 -16.7737 27.0611
v 14.0546 -16.4176 27.128
v 13.2254 -15.8061 27.1806
v 12.9747 -15.7689 26.9142
v 13.9881 -16.1829 27.175
v 13.4938 -16.272 27.227
v 13.2157 -16.309 27.1623
v 13.3948 -15.3414 27.1134
v 13.1582 -15.266 26.8414
v 13.9834 -15.9331 27.1878
v 13.5012 -15.8573 27.2424
v 13.2254 -15.8061 27.1806
v 14.1678 -15.613 27.1061
v 13.8864 -15.1891 27.0714
v 13.6353 -15.4763 27.1885
v 14.007 -15.7233 27.1694
v 13.3948 -15.3414 27.1134
v 14.3641 -15.527 27.0082
v 14.209 -15.0309 26.9094
v 13.6983 -14.9857 26.9706
v 13.6983 -14.9857 26.9706
v 13.4866 -14.881 26.687
v 14.0896 -14.7933 26.7743
v 14.215 -15.8696 27.1147
v 14.2406 -16.1295 27.0927
v 14.2903 -16.3827 27.0513
v 14.4237 -15.8015 27.0119
v 14.4654 -16.0766 26.9807
v 14.5044 -16.3514 26.9439
v 14.6348 -15.7699 26.899
v 14.6875 -16.0234 26.8631
v 14.7102 -16.2831 26.8356
v 12.8736 -32.0806 24.457
v 12.6878 -32.1402 24.1449
v 13.1419 -32.1402 23.9066
v 13.2931 -32.0806 24.2367
v 13.6811 -31.2101 24.5555
v 13.5744 -31.3885 24.5732
v 13.6797 -31.7242 24.2874
v 13.9346 -31.4325 24.1914
v 13.4034 -31.4228 24.6746
v 13.3543 -31.8762 24.4404
v 13.2931 -32.0806 24.2367
v 13.6906 -31.8893 24.0522
v 13.765 -30.9768 24.5419
v 14.0862 -31.0514 24.1597
v 14.0055 -31.5357 23.9312
v 14.0055 -31.5357 23.9312
v 13.6906 -31.8893 24.0522
v 13.5722 -31.9331 23.7068
v 13.913 -31.5504 23.5758
v 13.7863 -30.7284 24.5606
v 14.1078 -30.6392 24.1999
v 14.1899 -31.0738 23.8923
v 14.1899 -31.0738 23.8923
v 14.1126 -31.0504 23.5338
v 13.7644 -30.5188 24.5824
v 14.1078 -30.6392 24.1999
v 13.9995 -30.2602 24.3029
v 14.1078 -30.6392 24.1999
v 14.2157 -30.5738 23.9414
v 14.2157 -30.5738 23.9414
v 14.1405 -30.5093 23.5869
v 14.1078 -30.6392 24.1999
v 14.2157 -30.5738 23.9414
v 14.0789 -30.1119 24.071
v 14.0789 -30.1119 24.071
v 13.9925 -30.0092 23.7272
v 13.6246 -30.4103 24.6854
v 13.7697 -29.975 24.4606
v 14.0789 -30.1119 24.071
v 13.8005 -29.7584 24.2614
v 13.8005 -29.7584 24.2614
v 13.691 -29.6266 23.9333
v 13.4353 -30.3249 24.7966
v 13.4582 -29.8177 24.6437
v 13.4227 -29.5671 24.4836
v 13.4227 -29.5671 24.4836
v 13.2822 -29.4195 24.1738
v 13.1125 -29.8173 24.8252
v 13.0031 -29.567 24.7038
v 12.786 -29.9691 24.9762
v 12.6056 -29.7583 24.8884
v 13.0031 -29.567 24.7038
v 12.828 -29.4195 24.4122
v 13.2283 -30.3152 24.9052
v 13.4353 -30.3249 24.7966
v 12.5322 -30.2611 25.0741
v 12.2907 -30.1119 25.0094
v 12.6056 -29.7583 24.8884
v 12.3978 -29.6266 24.612
v 13.0443 -30.346 24.9819
v 12.1063 -30.5738 25.0482
v 12.2907 -30.1119 25.0094
v 12.057 -30.0093 24.7429
v 11.8574 -30.5093 24.785
v 12.9506 -30.5279 25.0243
v 12.0806 -31.0738 24.9991
v 11.8294 -31.0504 24.7318
v 12.8677 -30.7615 25.0398
v 12.3806 -30.6421 25.1059
v 12.1063 -30.5738 25.0482
v 12.2174 -31.5357 24.8695
v 11.9775 -31.5504 24.5915
v 12.8454 -31.0096 25.0192
v 12.359 -31.0544 25.0657
v 12.0806 -31.0738 24.9991
v 13.0072 -31.3277 24.8945
v 12.8543 -31.2157 24.9727
v 12.4662 -31.433 24.9606
v 12.6971 -31.7186 24.805
v 12.2174 -31.5357 24.8695
v 13.1974 -31.4133 24.785
v 13.0086 -31.8758 24.6218
v 12.4958 -31.8893 24.6791
v 12.4958 -31.8893 24.6791
v 12.2789 -31.933 24.3854
v 12.8736 -32.0806 24.457
v 13.0723 -31.0795 24.937
v 13.1161 -30.8217 24.9499
v 13.1838 -30.5694 24.9425
v 13.2762 -31.1477 24.8251
v 13.3373 -30.8748 24.8307
v 13.3955 -30.6011 24.8309
v 13.4353 -30.3249 24.7966
v 13.485 -31.1786 24.708
v 13.5556 -30.9271 24.7061
v 13.5965 -30.6685 24.7134
v 13.4353 -30.3249 24.7966
v 0 15.9861 -29.2059
v 11.1766 15.9861 -26.9827
v 11.1766 -15.8514 -26.9827
v 0 -15.8514 -29.2059
v 20.3677 15.9861 -20.8414
v 20.3677 -15.8514 -20.8414
v 20.6517 15.9861 -20.6517
v 26.9827 15.9861 -11.1766
v 26.9827 -15.8514 -11.1766
v 20.6517 -15.8514 -20.6517
v 29.141 15.9861 -0.326404
v 29.141 -15.8514 -0.326402
v 29.2059 15.9861 -4e-06
v 26.9827 15.9861 11.1766
v 26.9827 -15.8513 11.1766
v 29.2059 -15.8514 -2e-06
v 20.834 15.9861 20.3788
v 20.834 -15.8513 20.3788
v 20.6517 15.9861 20.6517
v 11.1766 15.9861 26.9827
v 11.1766 -15.8513 26.9827
v 20.6517 -15.8513 20.6517
v 0.3112 15.9861 29.144
v 0.3112 -15.8513 29.144
v 0 15.9861 29.2059
v -11.1766 15.9861 26.9827
v -11.1766 -15.8513 26.9827
v 0 -15.8513 29.2059
v -20.6517 15.9861 20.6517
v -20.6517 -15.8513 20.6517
v -20.8998 15.9861 20.2802
v -26.9827 15.9861 11.1766
v -26.9827 -15.8513 11.1766
v -20.8998 -15.8513 20.2802
v -29.2059 15.9861 -4e-06
v -29.2059 -15.8514 -2e-06
v -29.1479 15.9861 -0.291684
v -26.9827 15.9861 -11.1766
v -26.9827 -15.8514 -11.1766
v -29.1479 -15.8514 -0.291682
v -20.7989 15.9861 -20.4315
v -20.7989 -15.8514 -20.4314
v -20.6517 15.9861 -20.6517
v -11.1766 15.9861 -26.9827
v -11.1766 -15.8514 -26.9827
v -20.6517 -15.8514 -20.6517
v -0.298 15.9861 -29.1466
v -0.298 -15.8514 -29.1466
v -0.42712 15.593 -27.0586
v -0.42712 -15.4582 -27.0586
v 10.339 -15.4507 -24.9607
v 10.339 15.5855 -24.9607
v 0 37.6078 -25.0271
v 9.46864 39.0789 -22.8594
v -0.25248 -38.9441 -24.6926
v -9.46864 -38.9441 -22.8594
v -9.50664 38.5656 -22.951
v -0.25344 38.5656 -24.7916
v -17.4958 -38.9441 -17.4958
v -17.5659 38.5656 -17.566
v -17.6205 -38.9441 -17.3092
v -22.8594 -38.9441 -9.46864
v -22.9823 38.3902 -9.51961
v -17.7153 38.3902 -17.4024
v -24.6937 -38.9441 -0.24704
v -24.6937 39.0789 -0.247126
v -24.7428 -38.9441 0
v -22.8594 -38.9441 9.46864
v -22.9446 38.6017 9.50391
v -24.8384 38.5844 -6e-06
v -17.7061 -38.9441 17.1811
v -17.8686 37.9036 17.3388
v -17.4958 -38.9441 17.4958
v -9.46864 -38.9441 22.8594
v -9.57416 37.6521 23.1141
v -17.5898 38.3913 17.5898
v 0 -38.9441 24.7428
v 0 37.0624 25.1325
v 0.2636 -38.9441 24.6904
v 9.46864 -38.9441 22.8594
v 9.5252 38.3145 22.9958
v 0.2652 38.3145 24.8378
v 17.4958 -38.9441 17.4958
v 17.6003 38.3145 17.6002
v 17.6502 -38.9441 17.2646
v 22.8594 -38.9441 9.46864
v 23.2018 37.1611 9.61047
v 17.9146 37.1611 17.5233
v 24.7428 -38.9441 0
v 25.1134 37.1611 -6e-06
v 24.6878 -38.9441 -0.27648
v 22.8594 -38.9441 -9.46864
v 23.1142 37.6515 -9.57425
v 24.8422 38.2786 -0.278246
v 17.4958 -38.9441 -17.4958
v 17.6052 38.2786 -17.6052
v 17.2552 -38.9441 -17.6566
v 9.46864 -38.9441 -22.8594
v 17.2552 39.0789 -17.6566
v 0 -38.9441 -24.7428
v 19.1514 -15.4579 -19.0211
v 19.1514 15.5926 -19.0211
v 18.8314 15.593 -19.4354
v 18.8314 -15.4582 -19.4354
v 24.9607 -15.4507 -10.339
v 24.9607 15.5855 -10.339
v 26.9938 -15.4579 0.100718
v 26.9938 15.5927 0.100716
v 27.0586 15.593 -0.427124
v 27.0586 -15.4582 -0.427122
v 24.9607 -15.4507 10.339
v 24.9607 15.5855 10.339
v 19.0137 -15.4579 19.1625
v 19.0137 15.5927 19.1625
v 19.4354 15.593 18.8313
v 19.4354 -15.4582 18.8313
v 10.339 -15.4507 24.9607
v 10.339 15.5855 24.9607
v -0.11592 -15.4579 26.9968
v -0.11592 15.5927 26.9967
v 0.42712 15.593 27.0586
v 0.42712 -15.4582 27.0586
v -10.339 -15.4507 24.9607
v -10.339 15.5855 24.9607
v -19.4354 -15.4582 18.8313
v -19.4354 15.593 18.8313
v -19.0795 15.5925 19.0639
v -19.0795 -15.4577 19.0639
v -24.9607 -15.4507 10.339
v -24.9607 15.5855 10.339
v -27.0586 -15.4582 -0.427122
v -26.9748 15.5928 0.003036
v -26.8544 15.5922 -0.615364
v -26.9017 -15.4576 -0.372802
v -24.9607 -15.4507 -10.339
v -24.9607 15.5855 -10.339
v -18.9785 -15.458 -19.2151
v -18.9785 15.5927 -19.2152
v -19.4354 15.593 -18.8314
v -19.4354 -15.4582 -18.8314
v -10.339 -15.4507 -24.9607
v -10.339 15.5855 -24.9607
v 0.12912 -15.4579 -26.9994
v 0.12912 15.5927 -26.9994
v 8.63936 38.2718 -20.8967
v -0.41624 36.8153 -22.9347
v -8.65328 -38.137 -20.8909
v 0.16376 -38.1515 -22.6002
v 0.16272 37.7731 -22.6992
v -8.69128 37.7586 -20.9826
v -16.3106 -38.1515 -15.7219
v -16.3806 37.7731 -15.7921
v -20.8909 -38.137 -8.65328
v -15.8466 -38.1515 -16.124
v -15.9414 37.5976 -16.2171
v -21.0112 37.5831 -8.71065
v -22.6012 -38.1515 0.16912
v -22.542 38.2601 -0.161686
v -20.8909 -38.137 8.65328
v -22.5246 -38.1504 0.23224
v -22.6192 37.792 0.235274
v -20.9734 37.7946 8.69519
v -15.9322 -38.1515 15.9958
v -16.0947 37.111 16.1536
v -8.65328 -38.137 20.8909
v -16.3106 -38.1515 15.7219
v -16.4045 37.5988 15.8158
v -8.74672 36.8451 21.1507
v 0.41624 -38.1515 22.6504
v 0.41624 36.2698 23.0401
v 8.65328 -38.137 20.8909
v -0.15256 -38.1515 22.5979
v -0.15104 37.5218 22.7454
v 8.70984 37.5074 21.0274
v 16.3106 -38.1515 15.7219
v 16.415 37.5218 15.8264
v 20.8909 -38.137 8.65328
v 15.8764 -38.1515 16.0794
v 16.1408 36.3685 16.338
v 21.2334 36.354 8.79511
v 22.6504 -38.1515 -0.41624
v 23.021 36.3685 -0.416246
v 20.8909 -38.137 -8.65328
v 22.5954 -38.1515 0.13976
v 22.7497 37.486 0.137994
v 21.1457 36.8444 -8.75905
v 15.7219 -38.1515 -16.3106
v 15.8313 37.486 -16.4199
v 8.65328 -38.137 -20.8909
v 16.0699 -38.1515 -15.8827
v 16.0699 38.2862 -15.8827
v -0.41624 -38.1515 -22.6504
v 20.834 -15.8513 20.3788
v 19.0137 -15.4579 19.1625
v 15.8764 -38.1515 16.0794
v 17.6502 -38.9441 17.2646
v -20.6517 15.9861 20.6517
v -19.4354 15.593 18.8313
v -19.4354 -15.4582 18.8313
v -20.6517 -15.8513 20.6517
v 23.2018 37.1611 9.61047
v 21.2334 36.354 8.79511
v 16.1408 36.3685 16.338
v 17.9146 37.1611 17.5233
v 20.6517 -15.8513 20.6517
v 19.4354 -15.4582 18.8313
v 19.4354 15.593 18.8313
v 20.6517 15.9861 20.6517
v -17.5659 38.5656 -17.566
v -16.3806 37.7731 -15.7921
v -8.69128 37.7586 -20.9826
v -9.50664 38.5656 -22.951
v 17.4958 -38.9441 17.4958
v 16.3106 -38.1515 15.7219
v 19.4354 -15.4582 18.8313
v 17.9146 37.1611 17.5233
v 16.1408 36.3685 16.338
v 19.0137 15.5927 19.1625
v 20.834 15.9861 20.3788
v 9.46864 -38.9441 22.8594
v 8.65328 -38.137 20.8909
v 16.3106 -38.1515 15.7219
v 17.4958 -38.9441 17.4958
v 24.6878 -38.9441 -0.27648
v 22.5954 -38.1515 0.13976
v 20.8909 -38.137 -8.65328
v 22.8594 -38.9441 -9.46864
v -29.1479 15.9861 -0.291684
v -26.8544 15.5922 -0.615364
v -22.542 38.2601 -0.161686
v -24.6937 39.0789 -0.247126
v 17.6003 38.3145 17.6002
v 16.415 37.5218 15.8264
v 8.70984 37.5074 21.0274
v 9.5252 38.3145 22.9958
v 29.141 -15.8514 -0.326402
v 26.9938 -15.4579 0.100718
v 22.5954 -38.1515 0.13976
v 24.6878 -38.9441 -0.27648
v -29.2059 15.9861 -4e-06
v -26.9748 15.5928 0.003036
v -27.0586 -15.4582 -0.427122
v -29.2059 -15.8514 -2e-06
v 0.16272 37.7731 -22.6992
v -0.25344 38.5656 -24.7916
v 29.2059 -15.8514 -2e-06
v 27.0586 -15.4582 -0.427122
v 27.0586 15.593 -0.427124
v 29.2059 15.9861 -4e-06
v -0.298 -15.8514 -29.1466
v 0.12912 -15.4579 -26.9994
v 0.16376 -38.1515 -22.6002
v -0.25248 -38.9441 -24.6926
v 24.8422 38.2786 -0.278246
v 22.7497 37.486 0.137994
v 26.9938 15.5927 0.100716
v 29.141 15.9861 -0.326404
v 0 -15.8514 -29.2059
v -0.42712 -15.4582 -27.0586
v -0.42712 15.593 -27.0586
v 0 15.9861 -29.2059
v 9.5252 38.3145 22.9958
v 8.70984 37.5074 21.0274
v -0.15104 37.5218 22.7454
v 0.2652 38.3145 24.8378
v 20.3677 -15.8514 -20.8414
v 19.1514 -15.4579 -19.0211
v 16.0699 -38.1515 -15.8827
v 17.2552 -38.9441 -17.6566
v -20.6517 15.9861 -20.6517
v -19.4354 15.593 -18.8314
v -16.3806 37.7731 -15.7921
v -17.5659 38.5656 -17.566
v 0 -38.9441 24.7428
v 0.41624 -38.1515 22.6504
v 0.42712 -15.4582 27.0586
v 0 -15.8513 29.2059
v 20.6517 -15.8514 -20.6517
v 18.8314 -15.4582 -19.4354
v 18.8314 15.593 -19.4354
v 20.6517 15.9861 -20.6517
v -20.7989 15.9861 -20.4315
v -18.9785 15.5927 -19.2152
v -18.9785 -15.458 -19.2151
v -20.7989 -15.8514 -20.4314
v -9.46864 -38.9441 22.8594
v -8.65328 -38.137 20.8909
v 0.41624 -38.1515 22.6504
v 0 -38.9441 24.7428
v 20.8909 -38.137 -8.65328
v 15.7219 -38.1515 -16.3106
v 17.4958 -38.9441 -17.4958
v 18.8314 15.593 -19.4354
v 15.8313 37.486 -16.4199
v 17.6052 38.2786 -17.6052
v 0 37.0624 25.1325
v 0.41624 36.2698 23.0401
v -8.74672 36.8451 21.1507
v -9.57416 37.6521 23.1141
v 17.2552 39.0789 -17.6566
v 16.0699 38.2862 -15.8827
v 19.1514 15.5926 -19.0211
v 20.3677 15.9861 -20.8414
v -0.42712 15.593 -27.0586
v -0.41624 36.8153 -22.9347
v 0 37.6078 -25.0271
v 19.1514 15.5926 -19.0211
v 19.1514 -15.4579 -19.0211
v -0.25344 38.5656 -24.7916
v 0.16272 37.7731 -22.6992
v 0.12912 15.5927 -26.9994
v -0.298 15.9861 -29.1466
v 9.46864 -38.9441 -22.8594
v 8.65328 -38.137 -20.8909
v -0.41624 -38.1515 -22.6504
v 0 -38.9441 -24.7428
v 0.12912 15.5927 -26.9994
v 0.12912 -15.4579 -26.9994
v 0 37.6078 -25.0271
v -0.41624 36.8153 -22.9347
v 8.63936 38.2718 -20.8967
v 9.46864 39.0789 -22.8594
v -16.4045 37.5988 15.8158
v -17.5898 38.3913 17.5898
v -0.25248 -38.9441 -24.6926
v 0.16376 -38.1515 -22.6002
v -8.65328 -38.137 -20.8909
v -9.46864 -38.9441 -22.8594
v 27.0586 15.593 -0.427124
v 23.021 36.3685 -0.416246
v 25.1134 37.1611 -6e-06
v -17.7061 -38.9441 17.1811
v -15.9322 -38.1515 15.9958
v -19.0795 -15.4577 19.0639
v -20.8998 -15.8513 20.2802
v 0 -38.9441 -24.7428
v -0.41624 -38.1515 -22.6504
v -0.42712 -15.4582 -27.0586
v 17.2552 -38.9441 -17.6566
v 16.0699 -38.1515 -15.8827
v 8.65328 -38.137 -20.8909
v 26.9938 15.5927 0.100716
v 26.9938 -15.4579 0.100718
v -22.8594 -38.9441 9.46864
v -20.8909 -38.137 8.65328
v -15.9322 -38.1515 15.9958
v -17.7061 -38.9441 17.1811
v -18.9785 -15.458 -19.2151
v -15.8466 -38.1515 -16.124
v -17.6205 -38.9441 -17.3092
v 16.0699 38.2862 -15.8827
v 17.2552 39.0789 -17.6566
v -17.8686 37.9036 17.3388
v -16.0947 37.111 16.1536
v -20.9734 37.7946 8.69519
v -22.9446 38.6017 9.50391
v -20.6517 -15.8514 -20.6517
v -19.4354 -15.4582 -18.8314
v -19.4354 15.593 -18.8314
v 17.4958 -38.9441 -17.4958
v 15.7219 -38.1515 -16.3106
v 18.8314 -15.4582 -19.4354
v -8.65328 -38.137 -20.8909
v -16.3106 -38.1515 -15.7219
v -17.4958 -38.9441 -17.4958
v -17.4958 -38.9441 17.4958
v -16.3106 -38.1515 15.7219
v -8.65328 -38.137 20.8909
v -9.46864 -38.9441 22.8594
v 19.4354 15.593 18.8313
v 16.415 37.5218 15.8264
v 17.6003 38.3145 17.6002
v -24.7428 -38.9441 0
v -22.5246 -38.1504 0.23224
v -20.8909 -38.137 8.65328
v -17.7153 38.3902 -17.4024
v -15.9414 37.5976 -16.2171
v -18.9785 15.5927 -19.2152
v 17.6052 38.2786 -17.6052
v 15.8313 37.486 -16.4199
v 21.1457 36.8444 -8.75905
v 23.1142 37.6515 -9.57425
v -19.4354 -15.4582 18.8313
v -16.3106 -38.1515 15.7219
v -17.4958 -38.9441 17.4958
v 19.0137 15.5927 19.1625
v 19.0137 -15.4579 19.1625
v -22.6192 37.792 0.235274
v -24.8384 38.5844 -6e-06
v -29.2059 -15.8514 -2e-06
v -27.0586 -15.4582 -0.427122
v -22.5246 -38.1504 0.23224
v -24.7428 -38.9441 0
v -19.0795 -15.4577 19.0639
v -19.0795 15.5925 19.0639
v -20.8998 15.9861 20.2802
v -24.6937 -38.9441 -0.24704
v -22.6012 -38.1515 0.16912
v -26.9017 -15.4576 -0.372802
v -29.1479 -15.8514 -0.291682
v -17.5898 38.3913 17.5898
v -16.4045 37.5988 15.8158
v -19.4354 15.593 18.8313
v -22.8594 -38.9441 -9.46864
v -20.8909 -38.137 -8.65328
v -22.6012 -38.1515 0.16912
v -24.6937 -38.9441 -0.24704
v 22.7497 37.486 0.137994
v 24.8422 38.2786 -0.278246
v 0.2636 -38.9441 24.6904
v -0.15256 -38.1515 22.5979
v 8.65328 -38.137 20.8909
v 0 15.9861 29.2059
v 0.42712 15.593 27.0586
v 0.41624 36.2698 23.0401
v 0 37.0624 25.1325
v -24.6937 39.0789 -0.247126
v -22.542 38.2601 -0.161686
v -21.0112 37.5831 -8.71065
v -22.9823 38.3902 -9.51961
v -24.8384 38.5844 -6e-06
v -22.6192 37.792 0.235274
v -29.2059 15.9861 -4e-06
v 24.7428 -38.9441 0
v 22.6504 -38.1515 -0.41624
v 27.0586 -15.4582 -0.427122
v 0.3112 -15.8513 29.144
v -0.11592 -15.4579 26.9968
v -0.15256 -38.1515 22.5979
v 0.2636 -38.9441 24.6904
v 0.3112 15.9861 29.144
v -0.11592 15.5927 26.9967
v -0.11592 -15.4579 26.9968
v 22.8594 -38.9441 9.46864
v 20.8909 -38.137 8.65328
v 22.6504 -38.1515 -0.41624
v 24.7428 -38.9441 0
v 0.42712 -15.4582 27.0586
v 0.42712 15.593 27.0586
v -17.6205 -38.9441 -17.3092
v -15.8466 -38.1515 -16.124
v -20.8909 -38.137 -8.65328
v 25.1134 37.1611 -6e-06
v 23.021 36.3685 -0.416246
v 0.2652 38.3145 24.8378
v -0.15104 37.5218 22.7454
v -0.11592 15.5927 26.9967
v -15.9414 37.5976 -16.2171
v -17.7153 38.3902 -17.4024
v 17.6502 -38.9441 17.2646
v 15.8764 -38.1515 16.0794
v 20.8909 -38.137 8.65328
v 22.8594 -38.9441 9.46864
v -19.0795 15.5925 19.0639
v -16.0947 37.111 16.1536
v -17.8686 37.9036 17.3388
v -17.4958 -38.9441 -17.4958
v -16.3106 -38.1515 -15.7219
v -19.4354 -15.4582 -18.8314
vt 1 0.630086
vt 0.990896 0.584172
vt 0.991067 0.674885
vt 0.967515 0.710875
vt 0.967515 0.548474
vt 0.507077 0.790451
vt 0.544893 0.764942
vt 0.545093 0.602541
vt 0.507077 0.576733
vt 0.70544 0.750663
vt 0.748221 0.742224
vt 0.749337 0.528509
vt 0.70544 0.519573
vt 0.753316 0.264594
vt 0.7097 0.255647
vt 0.7097 0.486737
vt 0.7522 0.478309
vt 0.79218 0.130639
vt 0.756409 0.10591
vt 0.756409 0.319629
vt 0.793103 0.294047
vt 0.946597 0.127518
vt 0.970822 0.164456
vt 0.970822 0.00104499
vt 0.94705 0.036733
vt 0.937741 0.082732
vt 0.367302 0.914397
vt 0.353782 0.870723
vt 0.361383 0.959998
vt 0.331381 0.855103
vt 0.328398 0.980457
vt 0.199408 0.526361
vt 0.197328 0.700634
vt 0.244599 0.687902
vt 0.236831 0.534493
vt 0.432257 0.724786
vt 0.438176 0.524546
vt 0.388839 0.528655
vt 0.387837 0.723093
vt 0.05638 0.723529
vt 0.057381 0.529129
vt 0.01326 0.527418
vt 0.007339 0.72762
vt 0.695599 0.688542
vt 0.689252 0.534511
vt 0.652983 0.526091
vt 0.650882 0.700591
vt 0.958488 0.773614
vt 0.949926 0.6843
vt 0.927324 0.668908
vt 0.924354 0.794828
vt 0.964114 0.729127
vt 0.06366 0.730213
vt 0.05638 0.723529
vt 0.007339 0.72762
vt 0.001219 0.737401
vt 0.970822 0.728435
vt 0.964114 0.729127
vt 0.958488 0.773614
vt 0.964821 0.777657
vt 0.006003 0.520375
vt 0.01326 0.527418
vt 0.057381 0.529129
vt 0.06366 0.520126
vt 0.374005 0.913735
vt 0.367302 0.914397
vt 0.361383 0.959998
vt 0.367708 0.964078
vt 0.191878 0.519088
vt 0.199408 0.526361
vt 0.236831 0.534493
vt 0.243015 0.527284
vt 0.702918 0.694042
vt 0.695599 0.688542
vt 0.650882 0.700591
vt 0.645429 0.710875
vt 0.243015 0.527284
vt 0.236831 0.534493
vt 0.244599 0.687902
vt 0.251989 0.693362
vt 0.381556 0.521973
vt 0.388839 0.528655
vt 0.438176 0.524546
vt 0.444297 0.514771
vt 0.323327 0.845447
vt 0.331381 0.855103
vt 0.353782 0.870723
vt 0.359329 0.866098
vt 0.367708 0.964078
vt 0.361383 0.959998
vt 0.328398 0.980457
vt 0.323327 0.992042
vt 0.381556 0.732095
vt 0.387837 0.723093
vt 0.388839 0.528655
vt 0.381556 0.521973
vt 0.323327 0.992042
vt 0.328398 0.980457
vt 0.331381 0.855103
vt 0.323327 0.845447
vt 0.645429 0.518741
vt 0.652983 0.526091
vt 0.689252 0.534511
vt 0.695489 0.527398
vt 0.001219 0.737401
vt 0.007339 0.72762
vt 0.01326 0.527418
vt 0.006003 0.520375
vt 0.191878 0.710875
vt 0.197328 0.700634
vt 0.199408 0.526361
vt 0.191878 0.519088
vt 0.359329 0.866098
vt 0.353782 0.870723
vt 0.367302 0.914397
vt 0.374005 0.913735
vt 0.645429 0.710875
vt 0.650882 0.700591
vt 0.652983 0.526091
vt 0.645429 0.518741
vt 0.444297 0.514771
vt 0.438176 0.524546
vt 0.432257 0.724786
vt 0.439514 0.731825
vt 0.964821 0.777657
vt 0.958488 0.773614
vt 0.924354 0.794828
vt 0.919294 0.806366
vt 0.919294 0.806366
vt 0.924354 0.794828
vt 0.927324 0.668908
vt 0.919294 0.659378
vt 0.439514 0.731825
vt 0.432257 0.724786
vt 0.387837 0.723093
vt 0.381556 0.732095
vt 0.06366 0.520126
vt 0.057381 0.529129
vt 0.05638 0.723529
vt 0.06366 0.730213
vt 0.955444 0.67961
vt 0.949926 0.6843
vt 0.964114 0.729127
vt 0.970822 0.728435
vt 0.919294 0.659378
vt 0.927324 0.668908
vt 0.949926 0.6843
vt 0.955444 0.67961
vt 0.251989 0.693362
vt 0.244599 0.687902
vt 0.197328 0.700634
vt 0.191878 0.710875
vt 0.695489 0.527398
vt 0.689252 0.534511
vt 0.695599 0.688542
vt 0.702918 0.694042
vt 0.997347 0.240166
vt 0.988244 0.194252
vt 0.988414 0.284965
vt 0.964862 0.320955
vt 0.964862 0.158554
vt 0.751109 0.790451
vt 0.788925 0.764942
vt 0.789125 0.602541
vt 0.751109 0.576733
vt 0.335413 0.750663
vt 0.378195 0.742224
vt 0.37931 0.528509
vt 0.335413 0.519573
vt 0.755968 0.00995201
vt 0.712353 0.00100499
vt 0.712353 0.232095
vt 0.754853 0.223667
vt 0.789528 0.385281
vt 0.753757 0.360552
vt 0.753757 0.57427
vt 0.790451 0.548689
vt 0.93864 0.315847
vt 0.962865 0.352785
vt 0.962865 0.189374
vt 0.939092 0.225062
vt 0.929783 0.27106
vt 0.974729 0.491321
vt 0.961209 0.447646
vt 0.96881 0.536921
vt 0.938808 0.432026
vt 0.935825 0.55738
vt 0.137074 0.526361
vt 0.134993 0.700634
vt 0.182264 0.687902
vt 0.174497 0.534493
vt 0.322178 0.727438
vt 0.328096 0.527199
vt 0.278759 0.531308
vt 0.277757 0.725745
vt 0.12004 0.723529
vt 0.121041 0.529129
vt 0.076921 0.527418
vt 0.071 0.72762
vt 0.49666 0.688542
vt 0.490313 0.534511
vt 0.454044 0.526091
vt 0.451943 0.700591
vt 0.954509 0.935418
vt 0.945947 0.846104
vt 0.923345 0.830711
vt 0.920375 0.956632
vt 0.960135 0.890931
vt 0.127321 0.730213
vt 0.12004 0.723529
vt 0.071 0.72762
vt 0.06488 0.737401
vt 0.966844 0.890238
vt 0.960135 0.890931
vt 0.954509 0.935418
vt 0.960842 0.93946
vt 0.069664 0.520375
vt 0.076921 0.527418
vt 0.121041 0.529129
vt 0.127321 0.520126
vt 0.981432 0.490658
vt 0.974729 0.491321
vt 0.96881 0.536921
vt 0.975135 0.541002
vt 0.129544 0.519088
vt 0.137074 0.526361
vt 0.174497 0.534493
vt 0.180681 0.527284
vt 0.503979 0.694042
vt 0.49666 0.688542
vt 0.451943 0.700591
vt 0.44649 0.710875
vt 0.180681 0.527284
vt 0.174497 0.534493
vt 0.182264 0.687902
vt 0.189655 0.693362
vt 0.271477 0.524625
vt 0.278759 0.531308
vt 0.328096 0.527199
vt 0.334217 0.517424
vt 0.930754 0.42237
vt 0.938808 0.432026
vt 0.961209 0.447646
vt 0.966756 0.443021
vt 0.975135 0.541002
vt 0.96881 0.536921
vt 0.935825 0.55738
vt 0.930754 0.568965
vt 0.271477 0.734748
vt 0.277757 0.725745
vt 0.278759 0.531308
vt 0.271477 0.524625
vt 0.930754 0.568965
vt 0.935825 0.55738
vt 0.938808 0.432026
vt 0.930754 0.42237
vt 0.44649 0.518741
vt 0.454044 0.526091
vt 0.490313 0.534511
vt 0.49655 0.527398
vt 0.06488 0.737401
vt 0.071 0.72762
vt 0.076921 0.527418
vt 0.069664 0.520375
vt 0.129544 0.710875
vt 0.134993 0.700634
vt 0.137074 0.526361
vt 0.129544 0.519088
vt 0.966756 0.443021
vt 0.961209 0.447646
vt 0.974729 0.491321
vt 0.981432 0.490658
vt 0.44649 0.710875
vt 0.451943 0.700591
vt 0.454044 0.526091
vt 0.44649 0.518741
vt 0.334217 0.517424
vt 0.328096 0.527199
vt 0.322178 0.727438
vt 0.329434 0.734477
vt 0.960842 0.93946
vt 0.954509 0.935418
vt 0.920375 0.956632
vt 0.915315 0.96817
vt 0.915315 0.96817
vt 0.920375 0.956632
vt 0.923345 0.830711
vt 0.915315 0.821181
vt 0.329434 0.734477
vt 0.322178 0.727438
vt 0.277757 0.725745
vt 0.271477 0.734748
vt 0.127321 0.520126
vt 0.121041 0.529129
vt 0.12004 0.723529
vt 0.127321 0.730213
vt 0.951465 0.841414
vt 0.945947 0.846104
vt 0.960135 0.890931
vt 0.966844 0.890238
vt 0.915315 0.821181
vt 0.923345 0.830711
vt 0.945947 0.846104
vt 0.951465 0.841414
vt 0.189655 0.693362
vt 0.182264 0.687902
vt 0.134993 0.700634
vt 0.129544 0.710875
vt 0.49655 0.527398
vt 0.490313 0.534511
vt 0.49666 0.688542
vt 0.503979 0.694042
vt 0.416018 0.176496
vt 0.367075 0.175751
vt 0.366886 0.181748
vt 0.414643 0.182746
vt 0.365652 0.240618
vt 0.312858 0.239517
vt 0.312834 0.246429
vt 0.365509 0.246915
vt 0.106017 0.239512
vt 0.054721 0.240584
vt 0.054833 0.246895
vt 0.10609 0.246434
vt 0.261892 0.240036
vt 0.209435 0.238995
vt 0.209462 0.245895
vt 0.261852 0.24613
vt 0.158476 0.240026
vt 0.158496 0.246125
vt 0.054769 0.172825
vt 0.000842 0.173832
vt 0.002464 0.18075
vt 0.054859 0.179194
vt 0.159644 0.172748
vt 0.10671 0.171989
vt 0.106746 0.178974
vt 0.15963 0.178905
vt 0.417504 0.241851
vt 0.415911 0.248691
vt 0.001393 0.241835
vt 0.00302 0.248682
vt 0.315975 0.173174
vt 0.315797 0.180118
vt 0.211358 0.171958
vt 0.211317 0.178927
vt 0.26299 0.173246
vt 0.262927 0.179405
vt 0.418435 0.151021
vt 0.417413 0.144338
vt 0.368128 0.14214
vt 0.367871 0.148442
vt 0.365754 0.215868
vt 0.365741 0.209332
vt 0.313254 0.20712
vt 0.313141 0.214207
vt 0.105719 0.214205
vt 0.105649 0.207108
vt 0.054606 0.209292
vt 0.05463 0.215839
vt 0.262047 0.214576
vt 0.262077 0.208044
vt 0.209449 0.206464
vt 0.209425 0.213568
vt 0.158264 0.208031
vt 0.15832 0.214568
vt 0.054792 0.14779
vt 0.054807 0.141183
vt 0.001771 0.138705
vt 3e-06 0.14587
vt 0.159609 0.147013
vt 0.159578 0.140416
vt 0.106494 0.13922
vt 0.106533 0.146381
vt 0.418435 0.214223
vt 0.416764 0.207124
vt 0.002142 0.207092
vt 0.000437 0.214201
vt 0.316503 0.140099
vt 0.316443 0.147254
vt 0.211479 0.146233
vt 0.211505 0.139057
vt 0.263345 0.14088
vt 0.26327 0.147482
vt 0.106746 0.178974
vt 0.106913 0.204948
vt 0.159668 0.203893
vt 0.15963 0.178905
vt 0.211201 0.204778
vt 0.211317 0.178927
vt 0.106017 0.239512
vt 0.105719 0.214205
vt 0.05463 0.215839
vt 0.054721 0.240584
vt 0.00302 0.248682
vt 0.003025 0.273873
vt 0.055175 0.272135
vt 0.054833 0.246895
vt 0.262927 0.179405
vt 0.262651 0.20437
vt 0.315417 0.20591
vt 0.315797 0.180118
vt 0.209435 0.238995
vt 0.209425 0.213568
vt 0.15832 0.214568
vt 0.158476 0.240026
vt 0.366886 0.181748
vt 0.366384 0.205961
vt 0.415305 0.206233
vt 0.414643 0.182746
vt 0.312858 0.239517
vt 0.313141 0.214207
vt 0.262047 0.214576
vt 0.261892 0.240036
vt 0.106373 0.272109
vt 0.10609 0.246434
vt 0.417504 0.241851
vt 0.418435 0.214223
vt 0.365754 0.215868
vt 0.365652 0.240618
vt 0.158496 0.246125
vt 0.158644 0.270818
vt 0.209439 0.271465
vt 0.209462 0.245895
vt 0.367075 0.175751
vt 0.367871 0.148442
vt 0.316443 0.147254
vt 0.315975 0.173174
vt 0.261852 0.24613
vt 0.261706 0.270823
vt 0.312507 0.272099
vt 0.312834 0.246429
vt 0.365509 0.246915
vt 0.365165 0.272144
vt 0.415863 0.273873
vt 0.415911 0.248691
vt 0.26299 0.173246
vt 0.26327 0.147482
vt 0.211479 0.146233
vt 0.211358 0.171958
vt 0.054769 0.172825
vt 0.054792 0.14779
vt 3e-06 0.14587
vt 0.000842 0.173832
vt 0.10671 0.171989
vt 0.106533 0.146381
vt 0.159644 0.172748
vt 0.159609 0.147013
vt 0.000437 0.214201
vt 0.001393 0.241835
vt 0.002464 0.18075
vt 0.002341 0.206233
vt 0.055079 0.204729
vt 0.054859 0.179194
vt 0.412847 0.172515
vt 0.413458 0.154803
vt 0.367075 0.175751
vt 0.416018 0.176496
vt 0.414553 0.174772
vt 0.416415 0.152743
vt 0.418435 0.151021
vt 0.367871 0.148442
vt 0.412847 0.172515
vt 0.414553 0.174772
vt 0.416415 0.152743
vt 0.413458 0.154803
vt 0.413458 0.154803
vt 0.416415 0.152743
vt 0.367871 0.148442
vt 0.367075 0.175751
vt 0.414553 0.174772
vt 0.412847 0.172515
vt 0.417545 0.059288
vt 0.416487 0.065745
vt 0.367897 0.067456
vt 0.367752 0.061227
vt 0.053486 0.077822
vt 0.053528 0.071265
vt 0.105985 0.070342
vt 0.106094 0.07727
vt 0.31244 0.077314
vt 0.312505 0.070382
vt 0.363499 0.071304
vt 0.363505 0.077864
vt 0.156954 0.07656
vt 0.156922 0.070088
vt 0.209267 0.069694
vt 0.209291 0.076619
vt 0.26019 0.070101
vt 0.260134 0.076575
vt 0.055852 0.06084
vt 0.055871 0.067464
vt 0.002025 0.068966
vt 0.000391 0.061813
vt 0.160419 0.062045
vt 0.160363 0.068583
vt 0.107533 0.068359
vt 0.107596 0.061359
vt 9.2e-05 0.076867
vt 0.001663 0.069778
vt 0.416719 0.06986
vt 0.418319 0.076944
vt 0.316585 0.068243
vt 0.316542 0.061259
vt 0.212061 0.061963
vt 0.21206 0.068966
vt 0.263683 0.068487
vt 0.263631 0.061944
vt 0.418435 0.033151
vt 0.367076 0.033965
vt 0.366938 0.027802
vt 0.416944 0.026422
vt 0.053651 0.102706
vt 0.106409 0.102634
vt 0.106454 0.109678
vt 0.053857 0.109146
vt 0.312133 0.102656
vt 0.363313 0.10271
vt 0.363143 0.109155
vt 0.312042 0.109704
vt 0.157107 0.101808
vt 0.209296 0.102068
vt 0.209271 0.109089
vt 0.157152 0.107988
vt 0.259965 0.101811
vt 0.259943 0.107993
vt 0.056023 0.035688
vt 0.000245 0.032798
vt 0.002208 0.025508
vt 0.056197 0.029178
vt 0.16057 0.036514
vt 0.107885 0.035696
vt 0.107967 0.028578
vt 0.160581 0.030269
vt 3e-06 0.105569
vt 0.001906 0.112786
vt 0.418435 0.105606
vt 0.4165 0.112823
vt 0.316157 0.035275
vt 0.315985 0.028209
vt 0.212038 0.036192
vt 0.212021 0.029095
vt 0.263435 0.036379
vt 0.26339 0.030131
vt 0.108251 0.00338203
vt 0.160702 0.004399
vt 0.160581 0.030269
vt 0.107967 0.028578
vt 0.211987 0.00390702
vt 0.212021 0.029095
vt 0.31244 0.077314
vt 0.363505 0.077864
vt 0.363313 0.10271
vt 0.312133 0.102656
vt 0.414118 0.137931
vt 0.362316 0.134912
vt 0.363143 0.109155
vt 0.4165 0.112823
vt 0.26319 0.00427997
vt 0.31562 0.00311399
vt 0.315985 0.028209
vt 0.26339 0.030131
vt 0.209291 0.076619
vt 0.260134 0.076575
vt 0.259965 0.101811
vt 0.209296 0.102068
vt 0.36651 0.00300997
vt 0.415903 0.00245702
vt 0.416944 0.026422
vt 0.366938 0.027802
vt 0.106094 0.07727
vt 0.156954 0.07656
vt 0.157107 0.101808
vt 0.106409 0.102634
vt 0.31174 0.134595
vt 0.312042 0.109704
vt 9.2e-05 0.076867
vt 0.053486 0.077822
vt 0.053651 0.102706
vt 3e-06 0.105569
vt 0.259796 0.133549
vt 0.209269 0.133978
vt 0.209271 0.109089
vt 0.259943 0.107993
vt 0.367752 0.061227
vt 0.316542 0.061259
vt 0.316157 0.035275
vt 0.367076 0.033965
vt 0.157304 0.133554
vt 0.106755 0.134587
vt 0.106454 0.109678
vt 0.157152 0.107988
vt 0.054713 0.134931
vt 0.004301 0.137931
vt 0.001906 0.112786
vt 0.053857 0.109146
vt 0.263631 0.061944
vt 0.212061 0.061963
vt 0.212038 0.036192
vt 0.263435 0.036379
vt 0.055852 0.06084
vt 0.000391 0.061813
vt 0.000245 0.032798
vt 0.056023 0.035688
vt 0.107596 0.061359
vt 0.107885 0.035696
vt 0.160419 0.062045
vt 0.16057 0.036514
vt 0.418319 0.076944
vt 0.418435 0.105606
vt 0.004605 9.10163e-05
vt 0.057018 0.00310302
vt 0.056197 0.029178
vt 0.002208 0.025508
vt 0.41407 0.055411
vt 0.4136 0.037322
vt 0.367752 0.061227
vt 0.415946 0.057613
vt 0.417545 0.059288
vt 0.416485 0.035035
vt 0.367076 0.033965
vt 0.418435 0.033151
vt 0.41407 0.055411
vt 0.4136 0.037322
vt 0.416485 0.035035
vt 0.415946 0.057613
vt 0.4136 0.037322
vt 0.367076 0.033965
vt 0.416485 0.035035
vt 0.367752 0.061227
vt 0.41407 0.055411
vt 0.415946 0.057613
vt 0.262425 0.457366
vt 0.31479 0.457191
vt 0.314719 0.451145
vt 0.262355 0.451698
vt 0.001428 0.398541
vt 0.054967 0.396992
vt 0.054938 0.391118
vt 3e-06 0.392133
vt 0.365373 0.455873
vt 0.365352 0.450286
vt 0.366099 0.396698
vt 0.417101 0.398011
vt 0.418435 0.392066
vt 0.366089 0.391177
vt 0.051297 0.457817
vt 0.10437 0.458223
vt 0.104353 0.451932
vt 0.051426 0.452277
vt 0.21067 0.458223
vt 0.210643 0.452044
vt 0.264531 0.397871
vt 0.316277 0.397844
vt 0.316229 0.391869
vt 0.264483 0.39227
vt 0.158457 0.45783
vt 0.158466 0.452038
vt 0.001965 0.455624
vt 0.001079 0.449887
vt 0.108877 0.398137
vt 0.108968 0.39192
vt 0.160806 0.398008
vt 0.213658 0.398541
vt 0.213677 0.392442
vt 0.160822 0.392293
vt 0.417093 0.457043
vt 0.418435 0.451021
vt 0.261673 0.423526
vt 0.26167 0.428873
vt 0.313889 0.428861
vt 0.313839 0.422827
vt 0.00196 0.360209
vt 0.000448 0.366492
vt 0.0545 0.368324
vt 0.054647 0.36265
vt 0.364697 0.428426
vt 0.364598 0.422961
vt 0.365437 0.364232
vt 0.365512 0.369632
vt 0.418196 0.36808
vt 0.416739 0.362117
vt 0.051634 0.421372
vt 0.051567 0.4268
vt 0.104048 0.428407
vt 0.104172 0.422162
vt 0.210061 0.423042
vt 0.210044 0.429191
vt 0.263896 0.364472
vt 0.263881 0.369754
vt 0.315476 0.369912
vt 0.315443 0.363948
vt 0.158019 0.428712
vt 0.158057 0.423252
vt 0.001336 0.421306
vt 0.000189 0.427114
vt 0.108648 0.369014
vt 0.108691 0.362806
vt 0.160508 0.363901
vt 0.160447 0.369291
vt 0.213152 0.369922
vt 0.213157 0.36385
vt 0.418116 0.426685
vt 0.416612 0.420654
vt 0.158557 0.400359
vt 0.158057 0.423252
vt 0.210061 0.423042
vt 0.210409 0.400511
vt 0.104353 0.451932
vt 0.104048 0.428407
vt 0.051567 0.4268
vt 0.051426 0.452277
vt 0.055522 0.339128
vt 0.054647 0.36265
vt 0.108691 0.362806
vt 0.109331 0.340061
vt 0.316229 0.391869
vt 0.315476 0.369912
vt 0.263881 0.369754
vt 0.264483 0.39227
vt 0.161052 0.341309
vt 0.160508 0.363901
vt 0.213157 0.36385
vt 0.213574 0.341636
vt 0.210643 0.452044
vt 0.210044 0.429191
vt 0.158019 0.428712
vt 0.158466 0.452038
vt 0.364501 0.400816
vt 0.364598 0.422961
vt 0.416612 0.420654
vt 0.415779 0.399239
vt 0.313986 0.40072
vt 0.313839 0.422827
vt 0.108968 0.39192
vt 0.108648 0.369014
vt 0.0545 0.368324
vt 0.054938 0.391118
vt 0.261927 0.401077
vt 0.261673 0.423526
vt 0.213677 0.392442
vt 0.213152 0.369922
vt 0.160447 0.369291
vt 0.160822 0.392293
vt 0.365408 0.342407
vt 0.365437 0.364232
vt 0.416739 0.362117
vt 0.415984 0.341006
vt 0.104753 0.399194
vt 0.104172 0.422162
vt 0.418435 0.451021
vt 0.418116 0.426685
vt 0.364697 0.428426
vt 0.365352 0.450286
vt 0.313889 0.428861
vt 0.314719 0.451145
vt 0.001063 0.399304
vt 0.001336 0.421306
vt 0.051634 0.421372
vt 0.05209 0.39867
vt 0.26167 0.428873
vt 0.262355 0.451698
vt 0.315654 0.342161
vt 0.315443 0.363948
vt 0.418435 0.392066
vt 0.418196 0.36808
vt 0.365512 0.369632
vt 0.366089 0.391177
vt 0.263896 0.364472
vt 0.264214 0.34235
vt 0.004983 0.431457
vt 0.004766 0.445836
vt 0.002998 0.336801
vt 0.00196 0.360209
vt 0.000448 0.366492
vt 3e-06 0.392133
vt 0.002709 0.448298
vt 0.001079 0.449887
vt 0.051426 0.452277
vt 0.051567 0.4268
vt 0.000189 0.427114
vt 0.001741 0.428688
vt 0.004766 0.445836
vt 0.002709 0.448298
vt 0.051426 0.452277
vt 0.051567 0.4268
vt 0.001741 0.428688
vt 0.004983 0.431457
vt 0.004983 0.431457
vt 0.001741 0.428688
vt 0.002709 0.448298
vt 0.004766 0.445836
vt 0.262425 0.517048
vt 0.31479 0.516873
vt 0.314719 0.510826
vt 0.262355 0.511379
vt 0.001428 0.336207
vt 0.054967 0.334658
vt 0.054938 0.328784
vt 3e-06 0.329799
vt 0.365373 0.515555
vt 0.365352 0.509968
vt 0.366099 0.334364
vt 0.417101 0.335677
vt 0.418435 0.329732
vt 0.366089 0.328843
vt 0.051297 0.517499
vt 0.10437 0.517905
vt 0.104353 0.511614
vt 0.051427 0.511959
vt 0.210671 0.517905
vt 0.210643 0.511726
vt 0.264531 0.335537
vt 0.316277 0.33551
vt 0.316229 0.329535
vt 0.264483 0.329935
vt 0.158457 0.517512
vt 0.158466 0.51172
vt 0.001965 0.515306
vt 0.001079 0.509569
vt 0.108877 0.335803
vt 0.108968 0.329586
vt 0.160806 0.335674
vt 0.213658 0.336207
vt 0.213677 0.330108
vt 0.160822 0.329959
vt 0.417093 0.516724
vt 0.418435 0.510703
vt 0.261673 0.483208
vt 0.26167 0.488555
vt 0.313889 0.488543
vt 0.313839 0.482508
vt 0.00196 0.297874
vt 0.000448 0.304158
vt 0.0545 0.30599
vt 0.054647 0.300316
vt 0.364698 0.488108
vt 0.364598 0.482643
vt 0.365437 0.301898
vt 0.365512 0.307298
vt 0.418196 0.305746
vt 0.416739 0.299783
vt 0.051634 0.481054
vt 0.051567 0.486481
vt 0.104048 0.488089
vt 0.104172 0.481843
vt 0.210061 0.482724
vt 0.210045 0.488873
vt 0.263896 0.302138
vt 0.263881 0.30742
vt 0.315476 0.307578
vt 0.315443 0.301614
vt 0.158019 0.488394
vt 0.158057 0.482933
vt 0.001336 0.480987
vt 0.000189 0.486796
vt 0.108648 0.30668
vt 0.108691 0.300471
vt 0.160508 0.301567
vt 0.160447 0.306957
vt 0.213152 0.307588
vt 0.213157 0.301516
vt 0.418116 0.486366
vt 0.416612 0.480336
vt 0.158557 0.460041
vt 0.158057 0.482933
vt 0.210061 0.482724
vt 0.210409 0.460193
vt 0.104353 0.511614
vt 0.104048 0.488089
vt 0.051567 0.486481
vt 0.051427 0.511959
vt 0.055521 0.276794
vt 0.054647 0.300316
vt 0.108691 0.300471
vt 0.109331 0.277727
vt 0.316229 0.329535
vt 0.315476 0.307578
vt 0.263881 0.30742
vt 0.264483 0.329935
vt 0.161052 0.278975
vt 0.160508 0.301567
vt 0.213157 0.301516
vt 0.213574 0.279302
vt 0.210643 0.511726
vt 0.210045 0.488873
vt 0.158019 0.488394
vt 0.158466 0.51172
vt 0.364501 0.460497
vt 0.364598 0.482643
vt 0.416612 0.480336
vt 0.415779 0.45892
vt 0.313986 0.460402
vt 0.313839 0.482508
vt 0.108968 0.329586
vt 0.108648 0.30668
vt 0.0545 0.30599
vt 0.054938 0.328784
vt 0.261927 0.460759
vt 0.261673 0.483208
vt 0.213677 0.330108
vt 0.213152 0.307588
vt 0.160447 0.306957
vt 0.160822 0.329959
vt 0.365408 0.280072
vt 0.365437 0.301898
vt 0.416739 0.299783
vt 0.415984 0.278672
vt 0.104753 0.458876
vt 0.104172 0.481843
vt 0.418435 0.510703
vt 0.418116 0.486366
vt 0.364698 0.488108
vt 0.365352 0.509968
vt 0.313889 0.488543
vt 0.314719 0.510826
vt 0.001063 0.458986
vt 0.001336 0.480987
vt 0.051634 0.481054
vt 0.05209 0.458352
vt 0.26167 0.488555
vt 0.262355 0.511379
vt 0.315654 0.279827
vt 0.315443 0.301614
vt 0.418435 0.329732
vt 0.418196 0.305746
vt 0.365512 0.307298
vt 0.366089 0.328843
vt 0.263896 0.302138
vt 0.264214 0.280016
vt 0.004983 0.491139
vt 0.004766 0.505518
vt 0.002998 0.274466
vt 0.00196 0.297874
vt 0.000448 0.304158
vt 3e-06 0.329799
vt 0.002709 0.50798
vt 0.001079 0.509569
vt 0.051427 0.511959
vt 0.051567 0.486481
vt 0.000189 0.486796
vt 0.001741 0.48837
vt 0.004766 0.505518
vt 0.002709 0.50798
vt 0.051427 0.511959
vt 0.051567 0.486481
vt 0.001741 0.48837
vt 0.004983 0.491139
vt 0.004983 0.491139
vt 0.001741 0.48837
vt 0.002709 0.50798
vt 0.004766 0.505518
vt 0.270837 0.903209
vt 0.282417 0.903427
vt 0.284974 0.917772
vt 0.26809 0.917669
vt 0.285429 0.8808
vt 0.294633 0.886361
vt 0.28879 0.892448
vt 0.283413 0.884315
vt 0.280923 0.895451
vt 0.279363 0.884825
vt 0.29302 0.898859
vt 0.282417 0.903427
vt 0.287122 0.876361
vt 0.298064 0.878556
vt 0.285429 0.8808
vt 0.301317 0.89083
vt 0.301317 0.89083
vt 0.314369 0.899209
vt 0.301707 0.912087
vt 0.29302 0.898859
vt 0.287274 0.871612
vt 0.297928 0.870031
vt 0.305861 0.880122
vt 0.305861 0.880122
vt 0.320955 0.882715
vt 0.28677 0.867589
vt 0.29491 0.862146
vt 0.305818 0.868509
vt 0.305818 0.868509
vt 0.320687 0.865115
vt 0.301386 0.857792
vt 0.301386 0.857792
vt 0.31375 0.849
vt 0.283227 0.865555
vt 0.288763 0.856366
vt 0.293147 0.849673
vt 0.293147 0.849673
vt 0.301201 0.836831
vt 0.278828 0.863877
vt 0.280968 0.853011
vt 0.28248 0.845265
vt 0.28248 0.845265
vt 0.28499 0.830375
vt 0.272494 0.853177
vt 0.270959 0.845351
vt 0.264652 0.856196
vt 0.260323 0.849762
vt 0.270959 0.845351
vt 0.26759 0.830631
vt 0.274127 0.863757
vt 0.258906 0.862306
vt 0.252252 0.857948
vt 0.260323 0.849762
vt 0.251608 0.837493
vt 0.270088 0.864288
vt 0.247853 0.868545
vt 0.233075 0.86602
vt 0.239512 0.849933
vt 0.252252 0.857948
vt 0.268095 0.8678
vt 0.247909 0.88
vt 0.23329 0.883294
vt 0.266426 0.872222
vt 0.255558 0.870065
vt 0.247853 0.868545
vt 0.252247 0.890595
vt 0.240044 0.899164
vt 0.266276 0.876944
vt 0.2557 0.878506
vt 0.247909 0.88
vt 0.270289 0.882982
vt 0.264733 0.892097
vt 0.258673 0.886322
vt 0.266771 0.880945
vt 0.252247 0.890595
vt 0.274665 0.884675
vt 0.272456 0.895512
vt 0.260333 0.898684
vt 0.260333 0.898684
vt 0.252296 0.911193
vt 0.270837 0.903209
vt 0.271149 0.878121
vt 0.271785 0.87329
vt 0.273053 0.868582
vt 0.273053 0.868582
vt 0.27573 0.879414
vt 0.276761 0.874284
vt 0.273053 0.868582
vt 0.277784 0.86915
vt 0.273053 0.868582
vt 0.28046 0.879997
vt 0.281742 0.875282
vt 0.282377 0.870436
vt 0.285429 0.8808
vt 0.285429 0.8808
vt 0.801341 0.836896
vt 0.812921 0.837114
vt 0.815478 0.851459
vt 0.798593 0.851356
vt 0.815933 0.814487
vt 0.825137 0.820048
vt 0.819294 0.826135
vt 0.813917 0.818002
vt 0.811427 0.829138
vt 0.809867 0.818512
vt 0.823524 0.832546
vt 0.812921 0.837114
vt 0.817626 0.810049
vt 0.828568 0.812243
vt 0.831821 0.824517
vt 0.831821 0.824517
vt 0.844873 0.832896
vt 0.832211 0.845774
vt 0.823524 0.832546
vt 0.817778 0.805299
vt 0.828432 0.803718
vt 0.836365 0.813809
vt 0.836365 0.813809
vt 0.851459 0.816402
vt 0.817274 0.801276
vt 0.825414 0.795833
vt 0.836322 0.802196
vt 0.836322 0.802196
vt 0.851191 0.798802
vt 0.83189 0.791479
vt 0.83189 0.791479
vt 0.844254 0.782687
vt 0.81373 0.799242
vt 0.819267 0.790053
vt 0.82365 0.78336
vt 0.82365 0.78336
vt 0.831705 0.770518
vt 0.809332 0.797564
vt 0.811472 0.786698
vt 0.812984 0.778952
vt 0.812984 0.778952
vt 0.815493 0.764062
vt 0.802998 0.786865
vt 0.801463 0.779038
vt 0.795156 0.789883
vt 0.790827 0.78345
vt 0.801463 0.779038
vt 0.798093 0.764318
vt 0.804631 0.797444
vt 0.78941 0.795993
vt 0.782756 0.791635
vt 0.790827 0.78345
vt 0.782112 0.77118
vt 0.800591 0.797975
vt 0.778357 0.802232
vt 0.763578 0.799707
vt 0.770016 0.78362
vt 0.782756 0.791635
vt 0.798599 0.801486
vt 0.778412 0.813687
vt 0.763793 0.816981
vt 0.796929 0.805909
vt 0.786062 0.803752
vt 0.778357 0.802232
vt 0.782756 0.791635
vt 0.782751 0.824283
vt 0.770548 0.832851
vt 0.796779 0.810632
vt 0.786204 0.812193
vt 0.778412 0.813687
vt 0.800792 0.816669
vt 0.795237 0.825784
vt 0.789177 0.820009
vt 0.797275 0.814632
vt 0.782751 0.824283
vt 0.805169 0.818362
vt 0.80296 0.829199
vt 0.790836 0.832372
vt 0.790836 0.832372
vt 0.7828 0.84488
vt 0.801341 0.836896
vt 0.801653 0.811808
vt 0.802288 0.806977
vt 0.803557 0.80227
vt 0.806234 0.813101
vt 0.807265 0.807971
vt 0.808288 0.802837
vt 0.810964 0.813684
vt 0.812246 0.808969
vt 0.812881 0.804123
vt 0.106381 0.903209
vt 0.11796 0.903427
vt 0.120518 0.917772
vt 0.103633 0.917669
vt 0.120972 0.8808
vt 0.130177 0.886361
vt 0.124334 0.892448
vt 0.118957 0.884315
vt 0.116467 0.895451
vt 0.114907 0.884825
vt 0.128564 0.898859
vt 0.11796 0.903427
vt 0.122666 0.876362
vt 0.133608 0.878556
vt 0.136861 0.89083
vt 0.136861 0.89083
vt 0.149913 0.899209
vt 0.137251 0.912087
vt 0.128564 0.898859
vt 0.122817 0.871612
vt 0.133472 0.870031
vt 0.141405 0.880122
vt 0.141405 0.880122
vt 0.156499 0.882715
vt 0.122313 0.867589
vt 0.130454 0.862146
vt 0.141362 0.868509
vt 0.141362 0.868509
vt 0.156231 0.865115
vt 0.13693 0.857792
vt 0.13693 0.857792
vt 0.149293 0.849
vt 0.11877 0.865555
vt 0.124307 0.856366
vt 0.124307 0.856366
vt 0.12869 0.849673
vt 0.12869 0.849673
vt 0.136744 0.836831
vt 0.13693 0.857792
vt 0.114372 0.863877
vt 0.116512 0.853011
vt 0.124307 0.856366
vt 0.118023 0.845265
vt 0.124307 0.856366
vt 0.118023 0.845265
vt 0.120533 0.830375
vt 0.108038 0.853177
vt 0.106502 0.845351
vt 0.100195 0.856196
vt 0.095867 0.849762
vt 0.106502 0.845351
vt 0.103133 0.830631
vt 0.10967 0.863757
vt 0.09445 0.862306
vt 0.087795 0.857948
vt 0.095867 0.849762
vt 0.087151 0.837493
vt 0.105631 0.864288
vt 0.083397 0.868545
vt 0.068618 0.86602
vt 0.075056 0.849933
vt 0.087795 0.857948
vt 0.103639 0.8678
vt 0.083452 0.88
vt 0.068833 0.883294
vt 0.101969 0.872222
vt 0.091102 0.870065
vt 0.083397 0.868545
vt 0.087791 0.890596
vt 0.075588 0.899164
vt 0.101819 0.876944
vt 0.091244 0.878506
vt 0.083452 0.88
vt 0.105832 0.882982
vt 0.100277 0.892097
vt 0.094217 0.886322
vt 0.102315 0.880945
vt 0.087791 0.890596
vt 0.110209 0.884675
vt 0.108 0.895512
vt 0.105832 0.882982
vt 0.095876 0.898684
vt 0.095876 0.898684
vt 0.08784 0.911193
vt 0.106381 0.903209
vt 0.106693 0.878121
vt 0.105832 0.882982
vt 0.107328 0.87329
vt 0.108597 0.868582
vt 0.105832 0.882982
vt 0.111274 0.879414
vt 0.112304 0.874284
vt 0.113328 0.86915
vt 0.116004 0.879997
vt 0.117286 0.875282
vt 0.117921 0.870436
vt 0.21646 0.77854
vt 0.213713 0.793001
vt 0.230597 0.793103
vt 0.22804 0.778758
vt 0.231052 0.756131
vt 0.229036 0.759647
vt 0.234414 0.767779
vt 0.240256 0.761693
vt 0.224986 0.760156
vt 0.226547 0.770783
vt 0.22804 0.778758
vt 0.238644 0.774191
vt 0.232745 0.751693
vt 0.243687 0.753887
vt 0.24694 0.766162
vt 0.24694 0.766162
vt 0.238644 0.774191
vt 0.247331 0.787418
vt 0.259992 0.774541
vt 0.232897 0.746944
vt 0.243551 0.745362
vt 0.251484 0.755454
vt 0.251484 0.755454
vt 0.266578 0.758046
vt 0.232393 0.74292
vt 0.240533 0.737477
vt 0.251441 0.743841
vt 0.251441 0.743841
vt 0.266311 0.740446
vt 0.247009 0.733124
vt 0.247009 0.733124
vt 0.259373 0.724332
vt 0.22885 0.740887
vt 0.234387 0.731697
vt 0.23877 0.725005
vt 0.23877 0.725005
vt 0.247009 0.733124
vt 0.259373 0.724332
vt 0.246824 0.712162
vt 0.224451 0.739208
vt 0.226591 0.728342
vt 0.228103 0.720596
vt 0.228103 0.720596
vt 0.230613 0.705706
vt 0.218117 0.728509
vt 0.216582 0.720683
vt 0.210275 0.731528
vt 0.205946 0.725094
vt 0.216582 0.720683
vt 0.213213 0.705963
vt 0.21975 0.739088
vt 0.204529 0.737638
vt 0.197875 0.733279
vt 0.205946 0.725094
vt 0.197231 0.712824
vt 0.215711 0.73962
vt 0.193476 0.743876
vt 0.197875 0.733279
vt 0.185135 0.725265
vt 0.178698 0.741351
vt 0.213719 0.743131
vt 0.193531 0.755332
vt 0.178913 0.758625
vt 0.212049 0.747554
vt 0.201182 0.745396
vt 0.193476 0.743876
vt 0.19787 0.765927
vt 0.185667 0.774496
vt 0.211899 0.752276
vt 0.201323 0.753837
vt 0.193531 0.755332
vt 0.215912 0.758313
vt 0.212394 0.756276
vt 0.204296 0.761653
vt 0.210356 0.767428
vt 0.19787 0.765927
vt 0.220288 0.760007
vt 0.218079 0.770843
vt 0.205956 0.774016
vt 0.205956 0.774016
vt 0.197919 0.786524
vt 0.21646 0.77854
vt 0.216772 0.753452
vt 0.217408 0.748621
vt 0.218676 0.743914
vt 0.221353 0.754746
vt 0.222384 0.749615
vt 0.223407 0.744482
vt 0.226084 0.755328
vt 0.227365 0.750613
vt 0.228 0.745768
vt 0.12097 0.805066
vt 0.132549 0.805283
vt 0.135106 0.819629
vt 0.118222 0.819526
vt 0.135561 0.782656
vt 0.144766 0.788218
vt 0.138923 0.794304
vt 0.133546 0.786172
vt 0.131056 0.797308
vt 0.129496 0.786681
vt 0.143153 0.800716
vt 0.132549 0.805283
vt 0.137255 0.778218
vt 0.148197 0.780413
vt 0.15145 0.792687
vt 0.15145 0.792687
vt 0.164502 0.801066
vt 0.15184 0.813944
vt 0.143153 0.800716
vt 0.137406 0.773469
vt 0.148061 0.771887
vt 0.155994 0.781979
vt 0.155994 0.781979
vt 0.171088 0.784572
vt 0.136902 0.769446
vt 0.145043 0.764003
vt 0.155951 0.770366
vt 0.155951 0.770366
vt 0.17082 0.766971
vt 0.151519 0.759649
vt 0.151519 0.759649
vt 0.163882 0.750857
vt 0.133359 0.767412
vt 0.138896 0.758223
vt 0.143279 0.75153
vt 0.143279 0.75153
vt 0.151333 0.738688
vt 0.128961 0.765733
vt 0.1311 0.754868
vt 0.132612 0.747121
vt 0.132612 0.747121
vt 0.135122 0.732232
vt 0.122626 0.755034
vt 0.121091 0.747208
vt 0.114784 0.758053
vt 0.110456 0.751619
vt 0.122626 0.755034
vt 0.121091 0.747208
vt 0.117722 0.732488
vt 0.124259 0.765613
vt 0.122626 0.755034
vt 0.109039 0.764163
vt 0.102384 0.759804
vt 0.110456 0.751619
vt 0.10174 0.739349
vt 0.12022 0.766145
vt 0.122626 0.755034
vt 0.097986 0.770401
vt 0.083207 0.767877
vt 0.089645 0.75179
vt 0.102384 0.759804
vt 0.118228 0.769656
vt 0.098041 0.781857
vt 0.083422 0.78515
vt 0.116558 0.774079
vt 0.105691 0.771921
vt 0.097986 0.770401
vt 0.10238 0.792452
vt 0.090176 0.801021
vt 0.116408 0.778801
vt 0.105832 0.780363
vt 0.098041 0.781857
vt 0.120421 0.784838
vt 0.114866 0.793954
vt 0.108806 0.788179
vt 0.116904 0.782801
vt 0.10238 0.792452
vt 0.124797 0.786532
vt 0.122588 0.797369
vt 0.110465 0.800541
vt 0.110465 0.800541
vt 0.102429 0.813049
vt 0.12097 0.805066
vt 0.102429 0.813049
vt 0.121282 0.779977
vt 0.121917 0.775146
vt 0.123185 0.770439
vt 0.125863 0.781271
vt 0.126893 0.776141
vt 0.127916 0.771007
vt 0.130593 0.781853
vt 0.131874 0.777139
vt 0.13251 0.772293
vt 0.298688 0.815676
vt 0.310268 0.815894
vt 0.312825 0.830239
vt 0.295941 0.830136
vt 0.31328 0.793267
vt 0.322484 0.798828
vt 0.316642 0.804915
vt 0.311265 0.796782
vt 0.308775 0.807918
vt 0.307214 0.797291
vt 0.320872 0.811326
vt 0.310268 0.815894
vt 0.308775 0.807918
vt 0.314974 0.788828
vt 0.325915 0.791022
vt 0.329169 0.803297
vt 0.329169 0.803297
vt 0.342221 0.811676
vt 0.329559 0.824554
vt 0.320872 0.811326
vt 0.315125 0.784079
vt 0.32578 0.782497
vt 0.333713 0.792589
vt 0.333713 0.792589
vt 0.348806 0.795182
vt 0.314621 0.780056
vt 0.322761 0.774613
vt 0.333669 0.780976
vt 0.333669 0.780976
vt 0.348539 0.777581
vt 0.329237 0.770259
vt 0.329237 0.770259
vt 0.341601 0.761467
vt 0.311078 0.778022
vt 0.316615 0.768833
vt 0.320998 0.76214
vt 0.320998 0.76214
vt 0.329052 0.749298
vt 0.306679 0.776344
vt 0.308819 0.765478
vt 0.308819 0.765478
vt 0.310331 0.757731
vt 0.310331 0.757731
vt 0.312841 0.742842
vt 0.300345 0.765644
vt 0.29881 0.757818
vt 0.308819 0.765478
vt 0.292503 0.768663
vt 0.288174 0.762229
vt 0.29881 0.757818
vt 0.295441 0.743098
vt 0.301978 0.776223
vt 0.308819 0.765478
vt 0.286758 0.774773
vt 0.280103 0.770414
vt 0.288174 0.762229
vt 0.279459 0.749959
vt 0.297939 0.776755
vt 0.275705 0.781011
vt 0.260926 0.778487
vt 0.267364 0.7624
vt 0.280103 0.770414
vt 0.295947 0.780266
vt 0.27576 0.792467
vt 0.261141 0.79576
vt 0.294277 0.784689
vt 0.28341 0.782532
vt 0.295947 0.780266
vt 0.275705 0.781011
vt 0.280099 0.803062
vt 0.267895 0.811631
vt 0.294127 0.789411
vt 0.283551 0.790973
vt 0.27576 0.792467
vt 0.29814 0.795448
vt 0.292584 0.804564
vt 0.286524 0.798789
vt 0.294622 0.793411
vt 0.280099 0.803062
vt 0.302516 0.797142
vt 0.300307 0.807979
vt 0.288184 0.811151
vt 0.288184 0.811151
vt 0.280148 0.823659
vt 0.298688 0.815676
vt 0.308775 0.807918
vt 0.308775 0.807918
vt 0.299001 0.790587
vt 0.299636 0.785757
vt 0.299001 0.790587
vt 0.295947 0.780266
vt 0.300904 0.781049
vt 0.295947 0.780266
vt 0.299001 0.790587
vt 0.303581 0.791881
vt 0.299001 0.790587
vt 0.304612 0.786751
vt 0.305635 0.781617
vt 0.308312 0.792464
vt 0.309593 0.787749
vt 0.310229 0.782903
vt 0.833171 0.155198
vt 0.844751 0.155416
vt 0.847308 0.169761
vt 0.830424 0.169659
vt 0.847763 0.132789
vt 0.856967 0.13835
vt 0.851125 0.144437
vt 0.845747 0.136305
vt 0.843257 0.14744
vt 0.841697 0.136814
vt 0.855355 0.150849
vt 0.844751 0.155416
vt 0.843257 0.14744
vt 0.849456 0.128351
vt 0.860398 0.130545
vt 0.863651 0.142819
vt 0.863651 0.142819
vt 0.876703 0.151198
vt 0.864042 0.164076
vt 0.855355 0.150849
vt 0.849608 0.123601
vt 0.860262 0.12202
vt 0.868195 0.132112
vt 0.868195 0.132112
vt 0.883289 0.134704
vt 0.849104 0.119578
vt 0.857244 0.114135
vt 0.849608 0.123601
vt 0.868152 0.120499
vt 0.868152 0.120499
vt 0.883021 0.117104
vt 0.86372 0.109782
vt 0.86372 0.109782
vt 0.876084 0.10099
vt 0.845561 0.117545
vt 0.851097 0.108355
vt 0.851097 0.108355
vt 0.855481 0.101662
vt 0.855481 0.101662
vt 0.863535 0.08882
vt 0.841162 0.115866
vt 0.843302 0.105
vt 0.851097 0.108355
vt 0.843302 0.105
vt 0.844814 0.097254
vt 0.851097 0.108355
vt 0.844814 0.097254
vt 0.847324 0.082364
vt 0.834828 0.105167
vt 0.833293 0.097341
vt 0.843302 0.105
vt 0.826986 0.108186
vt 0.822657 0.101752
vt 0.833293 0.097341
vt 0.829924 0.08262
vt 0.836461 0.115746
vt 0.843302 0.105
vt 0.82124 0.114295
vt 0.814586 0.109937
vt 0.822657 0.101752
vt 0.813942 0.089482
vt 0.832422 0.116277
vt 0.810187 0.120534
vt 0.795409 0.118009
vt 0.801846 0.101923
vt 0.814586 0.109937
vt 0.83043 0.119789
vt 0.810243 0.13199
vt 0.795624 0.135283
vt 0.82876 0.124212
vt 0.817893 0.122054
vt 0.810187 0.120534
vt 0.814581 0.142585
vt 0.802378 0.151154
vt 0.82861 0.128934
vt 0.818034 0.130495
vt 0.810243 0.13199
vt 0.832623 0.134971
vt 0.827067 0.144086
vt 0.821007 0.138311
vt 0.829105 0.132934
vt 0.814581 0.142585
vt 0.836999 0.136665
vt 0.83479 0.147501
vt 0.822667 0.150674
vt 0.822667 0.150674
vt 0.81463 0.163182
vt 0.833171 0.155198
vt 0.843257 0.14744
vt 0.843257 0.14744
vt 0.833483 0.13011
vt 0.834119 0.125279
vt 0.833483 0.13011
vt 0.835387 0.120572
vt 0.833483 0.13011
vt 0.838064 0.131404
vt 0.833483 0.13011
vt 0.839095 0.126273
vt 0.840118 0.121139
vt 0.842795 0.131986
vt 0.844076 0.127271
vt 0.844711 0.122426
vt 0.849608 0.123601
vt 0.849608 0.123601
vt 0.55333 0.948302
vt 0.550583 0.962762
vt 0.567467 0.962865
vt 0.56491 0.94852
vt 0.567922 0.925893
vt 0.565907 0.929408
vt 0.571284 0.937541
vt 0.577126 0.931454
vt 0.561856 0.929917
vt 0.563417 0.940544
vt 0.56491 0.94852
vt 0.575514 0.943952
vt 0.569616 0.921454
vt 0.580557 0.923649
vt 0.583811 0.935923
vt 0.583811 0.935923
vt 0.575514 0.943952
vt 0.584201 0.95718
vt 0.596863 0.944302
vt 0.569767 0.916705
vt 0.580422 0.915123
vt 0.588355 0.925215
vt 0.588355 0.925215
vt 0.603448 0.927808
vt 0.569263 0.912682
vt 0.577403 0.907239
vt 0.588311 0.913602
vt 0.588311 0.913602
vt 0.603181 0.910207
vt 0.583879 0.902885
vt 0.583879 0.902885
vt 0.596243 0.894093
vt 0.56572 0.910648
vt 0.571257 0.901459
vt 0.57564 0.894766
vt 0.57564 0.894766
vt 0.583694 0.881924
vt 0.561321 0.90897
vt 0.563461 0.898104
vt 0.564973 0.890358
vt 0.564973 0.890358
vt 0.567483 0.875468
vt 0.554987 0.89827
vt 0.553452 0.890444
vt 0.547145 0.901289
vt 0.554987 0.89827
vt 0.542817 0.894855
vt 0.553452 0.890444
vt 0.550083 0.875724
vt 0.55662 0.908849
vt 0.554987 0.89827
vt 0.5414 0.907399
vt 0.547145 0.901289
vt 0.534745 0.90304
vt 0.542817 0.894855
vt 0.534101 0.882586
vt 0.552581 0.909381
vt 0.554987 0.89827
vt 0.547145 0.901289
vt 0.530347 0.913637
vt 0.534745 0.90304
vt 0.522006 0.895026
vt 0.515568 0.911113
vt 0.550589 0.912892
vt 0.547145 0.901289
vt 0.530402 0.925093
vt 0.515783 0.928387
vt 0.548919 0.917315
vt 0.538052 0.915158
vt 0.530347 0.913637
vt 0.534741 0.935688
vt 0.515783 0.928387
vt 0.522537 0.944257
vt 0.548769 0.922037
vt 0.538193 0.923599
vt 0.530402 0.925093
vt 0.552782 0.928075
vt 0.549264 0.926037
vt 0.541166 0.931415
vt 0.547226 0.93719
vt 0.541166 0.931415
vt 0.541166 0.931415
vt 0.534741 0.935688
vt 0.557158 0.929768
vt 0.554949 0.940605
vt 0.541166 0.931415
vt 0.542826 0.943778
vt 0.542826 0.943778
vt 0.53479 0.956285
vt 0.55333 0.948302
vt 0.53479 0.956285
vt 0.553643 0.923213
vt 0.554278 0.918383
vt 0.555546 0.913675
vt 0.558223 0.924507
vt 0.559254 0.919377
vt 0.560277 0.914243
vt 0.560277 0.914243
vt 0.562954 0.92509
vt 0.564235 0.920375
vt 0.564871 0.915529
vt 0.560277 0.914243
vt 0.560277 0.914243
vt 0.862349 0.903209
vt 0.873929 0.903427
vt 0.876486 0.917772
vt 0.859602 0.917669
vt 0.876941 0.8808
vt 0.886145 0.886361
vt 0.880302 0.892448
vt 0.874925 0.884315
vt 0.872435 0.895451
vt 0.870875 0.884825
vt 0.884532 0.898859
vt 0.873929 0.903427
vt 0.878634 0.876362
vt 0.889576 0.878556
vt 0.892829 0.89083
vt 0.892829 0.89083
vt 0.905881 0.899209
vt 0.893219 0.912087
vt 0.884532 0.898859
vt 0.878786 0.871612
vt 0.88944 0.870031
vt 0.897373 0.880122
vt 0.897373 0.880122
vt 0.912467 0.882715
vt 0.878282 0.867589
vt 0.886422 0.862146
vt 0.89733 0.868509
vt 0.89733 0.868509
vt 0.912199 0.865115
vt 0.892898 0.857792
vt 0.892898 0.857792
vt 0.905262 0.849
vt 0.874738 0.865555
vt 0.880275 0.856366
vt 0.884658 0.849673
vt 0.884658 0.849673
vt 0.892713 0.836831
vt 0.87034 0.863877
vt 0.872479 0.853011
vt 0.873992 0.845265
vt 0.873992 0.845265
vt 0.876501 0.830375
vt 0.864006 0.853178
vt 0.862471 0.845351
vt 0.856164 0.856196
vt 0.851835 0.849763
vt 0.862471 0.845351
vt 0.859102 0.830631
vt 0.865639 0.863757
vt 0.850418 0.862306
vt 0.843764 0.857947
vt 0.851835 0.849763
vt 0.84312 0.837493
vt 0.8616 0.864288
vt 0.839365 0.868545
vt 0.824586 0.86602
vt 0.831024 0.849933
vt 0.843764 0.857947
vt 0.859607 0.8678
vt 0.83942 0.880001
vt 0.824802 0.883294
vt 0.857937 0.872222
vt 0.84707 0.870065
vt 0.839365 0.868545
vt 0.843759 0.890596
vt 0.831556 0.899165
vt 0.857787 0.876945
vt 0.847212 0.878506
vt 0.83942 0.880001
vt 0.861801 0.882982
vt 0.856245 0.892097
vt 0.850185 0.886322
vt 0.858283 0.880945
vt 0.843759 0.890596
vt 0.866177 0.884675
vt 0.863968 0.895512
vt 0.856245 0.892097
vt 0.856245 0.892097
vt 0.851845 0.898685
vt 0.851845 0.898685
vt 0.843808 0.911193
vt 0.862349 0.903209
vt 0.856245 0.892097
vt 0.862661 0.878121
vt 0.863297 0.87329
vt 0.864565 0.868583
vt 0.867242 0.879414
vt 0.868273 0.874284
vt 0.869296 0.86915
vt 0.871972 0.879997
vt 0.873254 0.875282
vt 0.873889 0.870436
vt 0.58516 0.720185
vt 0.59674 0.720403
vt 0.599297 0.734748
vt 0.582413 0.734645
vt 0.599752 0.697776
vt 0.608956 0.703337
vt 0.603114 0.709424
vt 0.597737 0.701291
vt 0.595247 0.712427
vt 0.593686 0.701801
vt 0.607344 0.715835
vt 0.59674 0.720403
vt 0.601446 0.693338
vt 0.612388 0.695532
vt 0.61564 0.707806
vt 0.61564 0.707806
vt 0.628693 0.716185
vt 0.616031 0.729063
vt 0.607344 0.715835
vt 0.601597 0.688588
vt 0.612252 0.687007
vt 0.620185 0.697098
vt 0.620185 0.697098
vt 0.635278 0.699691
vt 0.601093 0.684565
vt 0.609233 0.679122
vt 0.620141 0.685485
vt 0.620141 0.685485
vt 0.635011 0.682091
vt 0.615709 0.674769
vt 0.615709 0.674769
vt 0.628073 0.665976
vt 0.59755 0.682531
vt 0.603087 0.673342
vt 0.60747 0.666649
vt 0.60747 0.666649
vt 0.615524 0.653807
vt 0.593152 0.680853
vt 0.595291 0.669987
vt 0.596803 0.662241
vt 0.596803 0.662241
vt 0.599313 0.647351
vt 0.586817 0.670154
vt 0.585282 0.662327
vt 0.596803 0.662241
vt 0.578975 0.673172
vt 0.574647 0.666738
vt 0.585282 0.662327
vt 0.581913 0.647607
vt 0.58845 0.680733
vt 0.57323 0.679282
vt 0.566575 0.674924
vt 0.574647 0.666738
vt 0.565931 0.654469
vt 0.584411 0.681264
vt 0.562176 0.685521
vt 0.547398 0.682996
vt 0.553836 0.666909
vt 0.566575 0.674924
vt 0.582419 0.684776
vt 0.562232 0.696976
vt 0.547613 0.70027
vt 0.580749 0.689198
vt 0.569882 0.687041
vt 0.562176 0.685521
vt 0.566571 0.707572
vt 0.554367 0.71614
vt 0.547613 0.70027
vt 0.562232 0.696976
vt 0.580599 0.693921
vt 0.570023 0.695482
vt 0.562232 0.696976
vt 0.562176 0.685521
vt 0.584612 0.699958
vt 0.579056 0.709073
vt 0.572996 0.703298
vt 0.581094 0.697921
vt 0.566571 0.707572
vt 0.588988 0.701651
vt 0.586779 0.712488
vt 0.574656 0.715661
vt 0.574656 0.715661
vt 0.56662 0.728169
vt 0.58516 0.720185
vt 0.585473 0.695097
vt 0.586108 0.690266
vt 0.587376 0.685559
vt 0.590053 0.69639
vt 0.591084 0.69126
vt 0.592107 0.686126
vt 0.594784 0.696973
vt 0.596065 0.692258
vt 0.5967 0.687412
vt 0.833171 0.245384
vt 0.844751 0.245602
vt 0.847308 0.259947
vt 0.830424 0.259844
vt 0.847763 0.222975
vt 0.856967 0.228536
vt 0.851124 0.234623
vt 0.845747 0.226491
vt 0.843257 0.237626
vt 0.841697 0.227
vt 0.855355 0.241034
vt 0.844751 0.245602
vt 0.849456 0.218537
vt 0.860398 0.220731
vt 0.863651 0.233005
vt 0.863651 0.233005
vt 0.876703 0.241384
vt 0.864042 0.254262
vt 0.855355 0.241034
vt 0.849608 0.213787
vt 0.860262 0.212206
vt 0.868195 0.222297
vt 0.868195 0.222297
vt 0.883289 0.22489
vt 0.849104 0.209764
vt 0.857244 0.204321
vt 0.868152 0.210684
vt 0.868152 0.210684
vt 0.883022 0.20729
vt 0.86372 0.199967
vt 0.86372 0.199967
vt 0.876084 0.191175
vt 0.845561 0.207731
vt 0.851097 0.198541
vt 0.851097 0.198541
vt 0.855481 0.191848
vt 0.855481 0.191848
vt 0.863535 0.179006
vt 0.841162 0.206052
vt 0.843302 0.195186
vt 0.851097 0.198541
vt 0.844814 0.18744
vt 0.851097 0.198541
vt 0.844814 0.18744
vt 0.847324 0.17255
vt 0.834828 0.195353
vt 0.833293 0.187526
vt 0.826986 0.198371
vt 0.822657 0.191938
vt 0.833293 0.187526
vt 0.829924 0.172806
vt 0.836461 0.205932
vt 0.82124 0.204481
vt 0.814586 0.200123
vt 0.822657 0.191938
vt 0.813942 0.179668
vt 0.832422 0.206463
vt 0.810187 0.21072
vt 0.795409 0.208195
vt 0.801846 0.192108
vt 0.814586 0.200123
vt 0.83043 0.209975
vt 0.810243 0.222175
vt 0.795624 0.225469
vt 0.82876 0.214397
vt 0.817893 0.21224
vt 0.810187 0.21072
vt 0.814581 0.232771
vt 0.802378 0.241339
vt 0.795624 0.225469
vt 0.810243 0.222175
vt 0.82861 0.21912
vt 0.818034 0.220681
vt 0.810243 0.222175
vt 0.810187 0.21072
vt 0.832623 0.225157
vt 0.827067 0.234272
vt 0.821007 0.228497
vt 0.829105 0.22312
vt 0.814581 0.232771
vt 0.836999 0.22685
vt 0.83479 0.237687
vt 0.822667 0.24086
vt 0.822667 0.24086
vt 0.81463 0.253368
vt 0.833171 0.245384
vt 0.833483 0.220296
vt 0.834119 0.215465
vt 0.835387 0.210758
vt 0.838064 0.221589
vt 0.839095 0.216459
vt 0.840118 0.211325
vt 0.842795 0.222172
vt 0.844076 0.217457
vt 0.844711 0.212611
vt 0.038741 0.842201
vt 0.035994 0.856661
vt 0.052878 0.856764
vt 0.050321 0.842419
vt 0.053333 0.819792
vt 0.051318 0.823307
vt 0.056695 0.83144
vt 0.062537 0.825353
vt 0.047267 0.823817
vt 0.048828 0.834443
vt 0.050321 0.842419
vt 0.060925 0.837851
vt 0.055027 0.815353
vt 0.065969 0.817548
vt 0.069222 0.829822
vt 0.069222 0.829822
vt 0.060925 0.837851
vt 0.069612 0.851079
vt 0.082274 0.838201
vt 0.055178 0.810604
vt 0.065833 0.809022
vt 0.073766 0.819114
vt 0.073766 0.819114
vt 0.088859 0.821707
vt 0.054674 0.806581
vt 0.062814 0.801138
vt 0.073722 0.807501
vt 0.073722 0.807501
vt 0.088592 0.804106
vt 0.06929 0.796784
vt 0.06929 0.796784
vt 0.081654 0.787992
vt 0.051131 0.804547
vt 0.056668 0.795358
vt 0.061051 0.788665
vt 0.061051 0.788665
vt 0.069105 0.775823
vt 0.046733 0.802869
vt 0.048872 0.792003
vt 0.050384 0.784257
vt 0.050384 0.784257
vt 0.052894 0.769367
vt 0.040398 0.792169
vt 0.038864 0.784343
vt 0.032556 0.795188
vt 0.038864 0.784343
vt 0.028228 0.788754
vt 0.038864 0.784343
vt 0.035494 0.769623
vt 0.042031 0.802749
vt 0.026811 0.801298
vt 0.020156 0.79694
vt 0.028228 0.788754
vt 0.038864 0.784343
vt 0.035494 0.769623
vt 0.019512 0.776485
vt 0.037992 0.80328
vt 0.015758 0.807536
vt 0.020156 0.79694
vt 0.007417 0.788925
vt 0.000979 0.805012
vt 0.036 0.806791
vt 0.015813 0.818992
vt 0.001194 0.822286
vt 0.03433 0.811214
vt 0.023463 0.809057
vt 0.015758 0.807536
vt 0.020152 0.829588
vt 0.007948 0.838156
vt 0.03418 0.815937
vt 0.023604 0.817498
vt 0.015813 0.818992
vt 0.038193 0.821974
vt 0.034675 0.819937
vt 0.026577 0.825314
vt 0.032637 0.831089
vt 0.020152 0.829588
vt 0.042569 0.823667
vt 0.04036 0.834504
vt 0.020152 0.829588
vt 0.028237 0.837676
vt 0.028237 0.837676
vt 0.020201 0.850185
vt 0.038741 0.842201
vt 0.039054 0.817113
vt 0.039689 0.812282
vt 0.040957 0.807574
vt 0.043634 0.818406
vt 0.044665 0.813276
vt 0.045688 0.808142
vt 0.048365 0.818989
vt 0.049646 0.814274
vt 0.050282 0.809428
vt 0.867654 0.777214
vt 0.879234 0.777432
vt 0.881791 0.791777
vt 0.864906 0.791675
vt 0.882246 0.754805
vt 0.89145 0.760366
vt 0.885607 0.766453
vt 0.88023 0.758321
vt 0.877741 0.769456
vt 0.87618 0.75883
vt 0.889837 0.772865
vt 0.879234 0.777432
vt 0.883939 0.750367
vt 0.894881 0.752561
vt 0.898134 0.764835
vt 0.889837 0.772865
vt 0.898134 0.764835
vt 0.911186 0.773214
vt 0.898524 0.786092
vt 0.889837 0.772865
vt 0.884091 0.745617
vt 0.894745 0.744036
vt 0.902678 0.754128
vt 0.902678 0.754128
vt 0.917772 0.75672
vt 0.883587 0.741594
vt 0.891727 0.736151
vt 0.902635 0.742514
vt 0.902635 0.742514
vt 0.917504 0.73912
vt 0.898203 0.731798
vt 0.898203 0.731798
vt 0.910567 0.723006
vt 0.880044 0.739561
vt 0.88558 0.730371
vt 0.889963 0.723679
vt 0.889963 0.723679
vt 0.898018 0.710836
vt 0.875645 0.737882
vt 0.877785 0.727016
vt 0.880044 0.739561
vt 0.879296 0.71927
vt 0.879296 0.71927
vt 0.881806 0.70438
vt 0.869311 0.727183
vt 0.867776 0.719357
vt 0.861469 0.730202
vt 0.85714 0.723768
vt 0.867776 0.719357
vt 0.864406 0.704637
vt 0.870944 0.737762
vt 0.855723 0.736311
vt 0.849069 0.731953
vt 0.85714 0.723768
vt 0.848425 0.711498
vt 0.866904 0.738293
vt 0.84467 0.74255
vt 0.829891 0.740025
vt 0.836329 0.723938
vt 0.849069 0.731953
vt 0.864912 0.741805
vt 0.844725 0.754006
vt 0.830106 0.757299
vt 0.863242 0.746228
vt 0.852375 0.74407
vt 0.84467 0.74255
vt 0.849064 0.764601
vt 0.836861 0.77317
vt 0.863092 0.75095
vt 0.852517 0.752511
vt 0.844725 0.754006
vt 0.867105 0.756987
vt 0.86155 0.766102
vt 0.85549 0.760328
vt 0.863588 0.75495
vt 0.849064 0.764601
vt 0.871482 0.758681
vt 0.869273 0.769517
vt 0.881791 0.791777
vt 0.879234 0.777432
vt 0.857149 0.77269
vt 0.857149 0.77269
vt 0.849113 0.785198
vt 0.867654 0.777214
vt 0.867966 0.752126
vt 0.868602 0.747295
vt 0.86987 0.742588
vt 0.872547 0.75342
vt 0.873578 0.748289
vt 0.874601 0.743155
vt 0.877277 0.754002
vt 0.878559 0.749287
vt 0.879194 0.744442
vt 0.880044 0.739561
vt 0.879194 0.744442
vt 0.879194 0.744442
vt 0.879194 0.744442
vt 0.880044 0.739561
vt 0.878264 0.53053
vt 0.889844 0.530748
vt 0.892401 0.545093
vt 0.875517 0.54499
vt 0.892856 0.508121
vt 0.90206 0.513682
vt 0.896218 0.519769
vt 0.89084 0.511636
vt 0.88835 0.522772
vt 0.88679 0.512146
vt 0.900448 0.52618
vt 0.889844 0.530748
vt 0.894549 0.503682
vt 0.905491 0.505877
vt 0.908744 0.518151
vt 0.908744 0.518151
vt 0.921796 0.52653
vt 0.909135 0.539408
vt 0.900448 0.52618
vt 0.894701 0.498933
vt 0.905355 0.497351
vt 0.913288 0.507443
vt 0.913288 0.507443
vt 0.928382 0.510036
vt 0.894197 0.49491
vt 0.902337 0.489467
vt 0.913245 0.49583
vt 0.913245 0.49583
vt 0.928114 0.492436
vt 0.908813 0.485113
vt 0.908813 0.485113
vt 0.921177 0.476321
vt 0.890654 0.492876
vt 0.89619 0.483687
vt 0.900574 0.476994
vt 0.900574 0.476994
vt 0.908628 0.464152
vt 0.886255 0.491198
vt 0.888395 0.480332
vt 0.889907 0.472586
vt 0.889907 0.472586
vt 0.892417 0.457696
vt 0.879921 0.480498
vt 0.878386 0.472672
vt 0.872079 0.483517
vt 0.86775 0.477083
vt 0.878386 0.472672
vt 0.875017 0.457952
vt 0.881554 0.491077
vt 0.866333 0.489627
vt 0.859679 0.485268
vt 0.86775 0.477083
vt 0.859035 0.464814
vt 0.877515 0.491609
vt 0.85528 0.495865
vt 0.840502 0.493341
vt 0.846939 0.477254
vt 0.859679 0.485268
vt 0.875522 0.49512
vt 0.866333 0.489627
vt 0.855336 0.507321
vt 0.840717 0.510615
vt 0.873853 0.499543
vt 0.862985 0.497386
vt 0.866333 0.489627
vt 0.85528 0.495865
vt 0.866333 0.489627
vt 0.859674 0.517917
vt 0.847471 0.526485
vt 0.873703 0.504265
vt 0.863127 0.505827
vt 0.855336 0.507321
vt 0.877716 0.510303
vt 0.87216 0.519418
vt 0.8661 0.513643
vt 0.874198 0.508266
vt 0.859674 0.517917
vt 0.882092 0.511996
vt 0.879883 0.522833
vt 0.86776 0.526005
vt 0.86776 0.526005
vt 0.859723 0.538514
vt 0.878264 0.53053
vt 0.878576 0.505442
vt 0.879212 0.500611
vt 0.88048 0.495904
vt 0.883157 0.506735
vt 0.884188 0.501605
vt 0.885211 0.496471
vt 0.887887 0.507318
vt 0.889169 0.502603
vt 0.889804 0.497757
vt 0.880917 0.322307
vt 0.892496 0.322525
vt 0.895054 0.33687
vt 0.878169 0.336767
vt 0.895508 0.299898
vt 0.904712 0.305459
vt 0.89887 0.311546
vt 0.893493 0.303414
vt 0.891003 0.314549
vt 0.889443 0.303923
vt 0.9031 0.317957
vt 0.892496 0.322525
vt 0.897202 0.29546
vt 0.908144 0.297654
vt 0.911397 0.309928
vt 0.911397 0.309928
vt 0.924449 0.318307
vt 0.911787 0.331185
vt 0.9031 0.317957
vt 0.897353 0.29071
vt 0.908008 0.289129
vt 0.915941 0.29922
vt 0.915941 0.29922
vt 0.931035 0.301813
vt 0.896849 0.286687
vt 0.90499 0.281244
vt 0.915898 0.287607
vt 0.915898 0.287607
vt 0.930767 0.284213
vt 0.911466 0.276891
vt 0.911466 0.276891
vt 0.923829 0.268098
vt 0.893306 0.284653
vt 0.898843 0.275464
vt 0.903226 0.268771
vt 0.903226 0.268771
vt 0.91128 0.255929
vt 0.888908 0.282975
vt 0.891047 0.272109
vt 0.892559 0.264363
vt 0.892559 0.264363
vt 0.895069 0.249473
vt 0.882573 0.272276
vt 0.881038 0.264449
vt 0.874731 0.275295
vt 0.870403 0.268861
vt 0.881038 0.264449
vt 0.877669 0.249729
vt 0.884206 0.282855
vt 0.868986 0.281404
vt 0.862331 0.277046
vt 0.870403 0.268861
vt 0.861687 0.256591
vt 0.880167 0.283386
vt 0.857933 0.287643
vt 0.843154 0.285118
vt 0.849592 0.269031
vt 0.862331 0.277046
vt 0.878175 0.286898
vt 0.857988 0.299099
vt 0.843369 0.302392
vt 0.876505 0.291321
vt 0.865638 0.289163
vt 0.857933 0.287643
vt 0.862327 0.309694
vt 0.850123 0.318263
vt 0.876355 0.296043
vt 0.86578 0.297604
vt 0.857988 0.299099
vt 0.880368 0.30208
vt 0.874812 0.311195
vt 0.868753 0.30542
vt 0.87685 0.300043
vt 0.862327 0.309694
vt 0.884744 0.303773
vt 0.882536 0.31461
vt 0.870412 0.317783
vt 0.870412 0.317783
vt 0.862376 0.330291
vt 0.880917 0.322307
vt 0.870412 0.317783
vt 0.881229 0.297219
vt 0.881864 0.292388
vt 0.883133 0.287681
vt 0.885809 0.298512
vt 0.88684 0.293382
vt 0.887863 0.288248
vt 0.89054 0.299095
vt 0.891822 0.29438
vt 0.892457 0.289534
vt 0.910094 0.407188
vt 0.907347 0.421648
vt 0.924231 0.421751
vt 0.921674 0.407406
vt 0.924686 0.384779
vt 0.92267 0.388294
vt 0.928048 0.396427
vt 0.93389 0.39034
vt 0.91862 0.388804
vt 0.920181 0.39943
vt 0.921674 0.407406
vt 0.932278 0.402838
vt 0.92638 0.380341
vt 0.937321 0.382535
vt 0.932278 0.402838
vt 0.940574 0.394809
vt 0.940574 0.394809
vt 0.932278 0.402838
vt 0.940965 0.416066
vt 0.953626 0.403188
vt 0.926531 0.375591
vt 0.937186 0.37401
vt 0.945118 0.384101
vt 0.945118 0.384101
vt 0.960212 0.386694
vt 0.926027 0.371568
vt 0.934167 0.366125
vt 0.945075 0.372488
vt 0.945075 0.372488
vt 0.959945 0.369094
vt 0.940643 0.361771
vt 0.940643 0.361771
vt 0.953007 0.352979
vt 0.922484 0.369534
vt 0.928021 0.360345
vt 0.932404 0.353652
vt 0.932404 0.353652
vt 0.940458 0.34081
vt 0.918085 0.367856
vt 0.920225 0.35699
vt 0.921737 0.349244
vt 0.921737 0.349244
vt 0.924247 0.334354
vt 0.911751 0.357157
vt 0.910216 0.34933
vt 0.903909 0.360175
vt 0.89958 0.353742
vt 0.910216 0.34933
vt 0.921737 0.349244
vt 0.906847 0.33461
vt 0.913384 0.367735
vt 0.898163 0.366285
vt 0.891509 0.361926
vt 0.89958 0.353742
vt 0.890865 0.341472
vt 0.909345 0.368267
vt 0.88711 0.372524
vt 0.891509 0.361926
vt 0.878769 0.353912
vt 0.872332 0.369999
vt 0.907353 0.371779
vt 0.887166 0.38398
vt 0.872547 0.387273
vt 0.905683 0.376201
vt 0.894816 0.374044
vt 0.88711 0.372524
vt 0.891505 0.394574
vt 0.879301 0.403143
vt 0.905533 0.380923
vt 0.894957 0.382485
vt 0.887166 0.38398
vt 0.909546 0.386961
vt 0.906028 0.384924
vt 0.89793 0.390301
vt 0.90399 0.396076
vt 0.891505 0.394574
vt 0.913922 0.388654
vt 0.911713 0.399491
vt 0.89959 0.402664
vt 0.89959 0.402664
vt 0.891554 0.415172
vt 0.910094 0.407188
vt 0.891554 0.415172
vt 0.910407 0.3821
vt 0.911042 0.377269
vt 0.91231 0.372562
vt 0.914987 0.383393
vt 0.916018 0.378263
vt 0.917041 0.373129
vt 0.919718 0.383976
vt 0.920999 0.379261
vt 0.921634 0.374415
vt 0.709829 0.852811
vt 0.721409 0.853029
vt 0.723966 0.867374
vt 0.707082 0.867271
vt 0.724421 0.830402
vt 0.733625 0.835963
vt 0.727782 0.84205
vt 0.722405 0.833918
vt 0.719916 0.845053
vt 0.718355 0.834427
vt 0.732012 0.848461
vt 0.721409 0.853029
vt 0.726114 0.825964
vt 0.737056 0.828158
vt 0.733625 0.835963
vt 0.733625 0.835963
vt 0.740309 0.840432
vt 0.732012 0.848461
vt 0.740309 0.840432
vt 0.753361 0.848811
vt 0.740699 0.861689
vt 0.732012 0.848461
vt 0.726266 0.821214
vt 0.73692 0.819633
vt 0.744853 0.829724
vt 0.733625 0.835963
vt 0.744853 0.829724
vt 0.759947 0.832317
vt 0.725762 0.817191
vt 0.733902 0.811748
vt 0.74481 0.818111
vt 0.74481 0.818111
vt 0.759679 0.814717
vt 0.740378 0.807395
vt 0.740378 0.807395
vt 0.752742 0.798602
vt 0.722219 0.815157
vt 0.727755 0.805968
vt 0.727755 0.805968
vt 0.732139 0.799275
vt 0.732139 0.799275
vt 0.740193 0.786433
vt 0.71782 0.813479
vt 0.71996 0.802613
vt 0.727755 0.805968
vt 0.721472 0.794867
vt 0.732139 0.799275
vt 0.727755 0.805968
vt 0.721472 0.794867
vt 0.723982 0.779977
vt 0.711486 0.80278
vt 0.709951 0.794953
vt 0.703644 0.805798
vt 0.699315 0.799365
vt 0.709951 0.794953
vt 0.706582 0.780233
vt 0.713119 0.813359
vt 0.697898 0.811908
vt 0.691244 0.80755
vt 0.699315 0.799365
vt 0.6906 0.787095
vt 0.70908 0.81389
vt 0.686845 0.818147
vt 0.672067 0.815622
vt 0.678504 0.799535
vt 0.691244 0.80755
vt 0.707087 0.817402
vt 0.686901 0.829603
vt 0.672282 0.832896
vt 0.686845 0.818147
vt 0.705418 0.821824
vt 0.69455 0.819667
vt 0.686845 0.818147
vt 0.691239 0.840198
vt 0.679036 0.848767
vt 0.705268 0.826547
vt 0.694692 0.828108
vt 0.686901 0.829603
vt 0.709281 0.832584
vt 0.703725 0.841699
vt 0.697665 0.835924
vt 0.705763 0.830547
vt 0.691239 0.840198
vt 0.713657 0.834277
vt 0.711448 0.845114
vt 0.699325 0.848287
vt 0.699325 0.848287
vt 0.691288 0.860795
vt 0.709829 0.852811
vt 0.709829 0.852811
vt 0.710141 0.827723
vt 0.710777 0.822892
vt 0.712045 0.818185
vt 0.714722 0.829016
vt 0.715753 0.823886
vt 0.716776 0.818752
vt 0.719452 0.829599
vt 0.720734 0.824884
vt 0.721369 0.820038
vt 0.37959 0.858116
vt 0.39117 0.858334
vt 0.393727 0.872679
vt 0.376843 0.872576
vt 0.394182 0.835707
vt 0.403386 0.841268
vt 0.397544 0.847355
vt 0.392166 0.839222
vt 0.389677 0.850358
vt 0.388116 0.839732
vt 0.401774 0.853766
vt 0.39117 0.858334
vt 0.395876 0.831269
vt 0.406817 0.833463
vt 0.410071 0.845737
vt 0.410071 0.845737
vt 0.423123 0.854116
vt 0.410461 0.866994
vt 0.401774 0.853766
vt 0.396027 0.826519
vt 0.406682 0.824938
vt 0.414614 0.835029
vt 0.414614 0.835029
vt 0.429708 0.837622
vt 0.395523 0.822496
vt 0.403663 0.817053
vt 0.406682 0.824938
vt 0.406682 0.824938
vt 0.414571 0.823416
vt 0.414571 0.823416
vt 0.429441 0.820022
vt 0.410139 0.8127
vt 0.406682 0.824938
vt 0.410139 0.8127
vt 0.422503 0.803907
vt 0.39198 0.820462
vt 0.397517 0.811273
vt 0.4019 0.80458
vt 0.4019 0.80458
vt 0.409954 0.791738
vt 0.387582 0.818784
vt 0.389721 0.807918
vt 0.391233 0.800172
vt 0.391233 0.800172
vt 0.393743 0.785282
vt 0.381247 0.808085
vt 0.379712 0.800258
vt 0.373405 0.811103
vt 0.369076 0.80467
vt 0.379712 0.800258
vt 0.376343 0.785538
vt 0.38288 0.818664
vt 0.36766 0.817213
vt 0.361005 0.812855
vt 0.369076 0.80467
vt 0.360361 0.7924
vt 0.378841 0.819195
vt 0.38288 0.818664
vt 0.356606 0.823452
vt 0.341828 0.820927
vt 0.348266 0.80484
vt 0.361005 0.812855
vt 0.376849 0.822707
vt 0.356662 0.834908
vt 0.342043 0.838201
vt 0.375179 0.827129
vt 0.364312 0.824972
vt 0.376849 0.822707
vt 0.356606 0.823452
vt 0.361001 0.845503
vt 0.348797 0.854071
vt 0.375029 0.831852
vt 0.364453 0.833413
vt 0.356662 0.834908
vt 0.356606 0.823452
vt 0.379042 0.837889
vt 0.373486 0.847004
vt 0.367426 0.841229
vt 0.375524 0.835852
vt 0.361001 0.845503
vt 0.383418 0.839582
vt 0.381209 0.850419
vt 0.369086 0.853592
vt 0.369086 0.853592
vt 0.36105 0.8661
vt 0.37959 0.858116
vt 0.388116 0.839732
vt 0.379903 0.833028
vt 0.380538 0.828197
vt 0.376849 0.822707
vt 0.381806 0.82349
vt 0.376849 0.822707
vt 0.38288 0.818664
vt 0.384483 0.834321
vt 0.385514 0.829191
vt 0.384483 0.834321
vt 0.386537 0.824057
vt 0.38288 0.818664
vt 0.384483 0.834321
vt 0.389214 0.834904
vt 0.388116 0.839732
vt 0.384483 0.834321
vt 0.390495 0.830189
vt 0.39113 0.825343
vt 0.388116 0.839732
vt 0.768184 0.921776
vt 0.779764 0.921994
vt 0.782321 0.936339
vt 0.765437 0.936237
vt 0.782776 0.899367
vt 0.79198 0.904929
vt 0.786138 0.911015
vt 0.780761 0.902883
vt 0.778271 0.914019
vt 0.77671 0.903392
vt 0.790368 0.917427
vt 0.779764 0.921994
vt 0.78447 0.894929
vt 0.795412 0.897124
vt 0.798665 0.909398
vt 0.798665 0.909398
vt 0.811717 0.917777
vt 0.799055 0.930655
vt 0.790368 0.917427
vt 0.784621 0.89018
vt 0.795276 0.888598
vt 0.803209 0.89869
vt 0.803209 0.89869
vt 0.818302 0.901282
vt 0.784117 0.886157
vt 0.792258 0.880713
vt 0.795276 0.888598
vt 0.795276 0.888598
vt 0.803165 0.887077
vt 0.803165 0.887077
vt 0.818035 0.883682
vt 0.798734 0.87636
vt 0.795276 0.888598
vt 0.798734 0.87636
vt 0.811097 0.867568
vt 0.780574 0.884123
vt 0.786111 0.874933
vt 0.790494 0.868241
vt 0.790494 0.868241
vt 0.798548 0.855398
vt 0.776176 0.882444
vt 0.778315 0.871579
vt 0.779827 0.863832
vt 0.779827 0.863832
vt 0.782337 0.848942
vt 0.769841 0.871745
vt 0.768306 0.863919
vt 0.761999 0.874764
vt 0.757671 0.86833
vt 0.768306 0.863919
vt 0.764937 0.849199
vt 0.771474 0.882324
vt 0.756254 0.880874
vt 0.749599 0.876515
vt 0.757671 0.86833
vt 0.748955 0.85606
vt 0.767435 0.882856
vt 0.745201 0.887112
vt 0.730422 0.884588
vt 0.73686 0.868501
vt 0.749599 0.876515
vt 0.765443 0.886367
vt 0.745256 0.898568
vt 0.730637 0.901861
vt 0.763773 0.89079
vt 0.752906 0.888632
vt 0.745201 0.887112
vt 0.749595 0.909163
vt 0.737391 0.917732
vt 0.763623 0.895512
vt 0.753047 0.897074
vt 0.745256 0.898568
vt 0.767636 0.901549
vt 0.76208 0.910665
vt 0.75602 0.904889
vt 0.764118 0.899512
vt 0.749595 0.909163
vt 0.772012 0.903243
vt 0.769803 0.914079
vt 0.75768 0.917252
vt 0.75768 0.917252
vt 0.749644 0.92976
vt 0.768184 0.921776
vt 0.77671 0.903392
vt 0.768497 0.896688
vt 0.769132 0.891857
vt 0.7704 0.88715
vt 0.773078 0.897982
vt 0.774108 0.892852
vt 0.773078 0.897982
vt 0.775131 0.887717
vt 0.773078 0.897982
vt 0.777808 0.898564
vt 0.77671 0.903392
vt 0.773078 0.897982
vt 0.779089 0.893849
vt 0.779725 0.889004
vt 0.77671 0.903392
vt 0.904789 0.641936
vt 0.902042 0.656396
vt 0.918926 0.656499
vt 0.916369 0.642154
vt 0.919381 0.619527
vt 0.917365 0.623042
vt 0.922743 0.631175
vt 0.928585 0.625088
vt 0.913315 0.623551
vt 0.914876 0.634178
vt 0.916369 0.642154
vt 0.926973 0.637586
vt 0.921075 0.615088
vt 0.932016 0.617283
vt 0.93527 0.629557
vt 0.93527 0.629557
vt 0.926973 0.637586
vt 0.93566 0.650814
vt 0.948322 0.637936
vt 0.921226 0.610339
vt 0.932016 0.617283
vt 0.931881 0.608757
vt 0.932016 0.617283
vt 0.939813 0.618849
vt 0.939813 0.618849
vt 0.954907 0.621442
vt 0.920722 0.606316
vt 0.928862 0.600873
vt 0.932016 0.617283
vt 0.93977 0.607236
vt 0.93977 0.607236
vt 0.954639 0.603841
vt 0.935338 0.596519
vt 0.935338 0.596519
vt 0.947702 0.587727
vt 0.917179 0.604282
vt 0.922716 0.595093
vt 0.927099 0.5884
vt 0.927099 0.5884
vt 0.935153 0.575558
vt 0.91278 0.602604
vt 0.91492 0.591738
vt 0.916432 0.583991
vt 0.916432 0.583991
vt 0.918942 0.569102
vt 0.906446 0.591904
vt 0.904911 0.584078
vt 0.898604 0.594923
vt 0.904911 0.584078
vt 0.894275 0.588489
vt 0.904911 0.584078
vt 0.901542 0.569358
vt 0.908079 0.602483
vt 0.892859 0.601033
vt 0.886204 0.596674
vt 0.894275 0.588489
vt 0.88556 0.57622
vt 0.90404 0.603015
vt 0.881805 0.607271
vt 0.886204 0.596674
vt 0.873465 0.58866
vt 0.867027 0.604747
vt 0.902048 0.606526
vt 0.881861 0.618727
vt 0.867242 0.622021
vt 0.900378 0.610949
vt 0.889511 0.608792
vt 0.881805 0.607271
vt 0.8862 0.629322
vt 0.873996 0.637891
vt 0.900228 0.615672
vt 0.889652 0.617233
vt 0.881861 0.618727
vt 0.904241 0.621709
vt 0.900723 0.619672
vt 0.892625 0.625049
vt 0.898685 0.630824
vt 0.8862 0.629322
vt 0.908617 0.623402
vt 0.906408 0.634238
vt 0.894285 0.637411
vt 0.894285 0.637411
vt 0.886249 0.649919
vt 0.904789 0.641936
vt 0.905102 0.616847
vt 0.905737 0.612016
vt 0.907005 0.607309
vt 0.909682 0.618141
vt 0.910713 0.613011
vt 0.911736 0.607877
vt 0.914413 0.618724
vt 0.915694 0.614009
vt 0.916329 0.609163
vt 0.651473 0.783845
vt 0.663053 0.784064
vt 0.66561 0.798408
vt 0.648726 0.798306
vt 0.666065 0.761436
vt 0.675269 0.766998
vt 0.669427 0.773084
vt 0.66405 0.764952
vt 0.66156 0.776088
vt 0.659999 0.765461
vt 0.673657 0.779496
vt 0.663053 0.784064
vt 0.667759 0.756998
vt 0.678701 0.759192
vt 0.681954 0.771467
vt 0.681954 0.771467
vt 0.695006 0.779846
vt 0.682344 0.792724
vt 0.673657 0.779496
vt 0.66791 0.752249
vt 0.678565 0.750667
vt 0.686498 0.760759
vt 0.686498 0.760759
vt 0.701591 0.763351
vt 0.667406 0.748226
vt 0.675546 0.742782
vt 0.686454 0.749146
vt 0.686454 0.749146
vt 0.701324 0.745751
vt 0.682022 0.738429
vt 0.682022 0.738429
vt 0.694386 0.729637
vt 0.663863 0.746192
vt 0.6694 0.737003
vt 0.673783 0.73031
vt 0.673783 0.73031
vt 0.681837 0.717467
vt 0.659465 0.744513
vt 0.661604 0.733648
vt 0.663116 0.725901
vt 0.663116 0.725901
vt 0.665626 0.711011
vt 0.65313 0.733814
vt 0.651595 0.725988
vt 0.645288 0.736833
vt 0.64096 0.730399
vt 0.651595 0.725988
vt 0.648226 0.711268
vt 0.665626 0.711011
vt 0.654763 0.744393
vt 0.659465 0.744513
vt 0.639543 0.742942
vt 0.632888 0.738584
vt 0.64096 0.730399
vt 0.632244 0.718129
vt 0.650724 0.744925
vt 0.62849 0.749181
vt 0.613711 0.746657
vt 0.620149 0.73057
vt 0.632888 0.738584
vt 0.632888 0.738584
vt 0.620149 0.73057
vt 0.648732 0.748436
vt 0.628545 0.760637
vt 0.613926 0.76393
vt 0.647062 0.752859
vt 0.636195 0.750701
vt 0.62849 0.749181
vt 0.632884 0.771232
vt 0.62068 0.779801
vt 0.646912 0.757581
vt 0.636336 0.759142
vt 0.628545 0.760637
vt 0.650925 0.763618
vt 0.645369 0.772734
vt 0.639309 0.766959
vt 0.647407 0.761581
vt 0.646912 0.757581
vt 0.632884 0.771232
vt 0.655301 0.765312
vt 0.653092 0.776149
vt 0.640969 0.779321
vt 0.640969 0.779321
vt 0.632933 0.791829
vt 0.632884 0.771232
vt 0.651473 0.783845
vt 0.648726 0.798306
vt 0.646912 0.757581
vt 0.651786 0.758757
vt 0.646912 0.757581
vt 0.652421 0.753926
vt 0.653689 0.749219
vt 0.656366 0.760051
vt 0.657397 0.754921
vt 0.65842 0.749787
vt 0.659465 0.744513
vt 0.661097 0.760634
vt 0.662378 0.755919
vt 0.663014 0.751073
vt 0.659465 0.744513
vt 0.628927 0.895251
vt 0.640507 0.89547
vt 0.643064 0.909814
vt 0.62618 0.909712
vt 0.643519 0.872842
vt 0.652723 0.878404
vt 0.646881 0.88449
vt 0.641503 0.876358
vt 0.639014 0.887493
vt 0.637453 0.876867
vt 0.651111 0.890902
vt 0.640507 0.89547
vt 0.645212 0.868404
vt 0.656154 0.870598
vt 0.659407 0.882873
vt 0.659407 0.882873
vt 0.672459 0.891252
vt 0.659798 0.90413
vt 0.651111 0.890902
vt 0.645364 0.863654
vt 0.656018 0.862073
vt 0.663951 0.872165
vt 0.663951 0.872165
vt 0.679045 0.874757
vt 0.64486 0.859631
vt 0.653 0.854188
vt 0.663908 0.860552
vt 0.663908 0.860552
vt 0.678777 0.857157
vt 0.659476 0.849835
vt 0.659476 0.849835
vt 0.67184 0.841043
vt 0.641317 0.857598
vt 0.646853 0.848409
vt 0.651237 0.841716
vt 0.651237 0.841716
vt 0.659291 0.828873
vt 0.636918 0.855919
vt 0.639058 0.845054
vt 0.64057 0.837307
vt 0.64057 0.837307
vt 0.64308 0.822417
vt 0.630584 0.84522
vt 0.629049 0.837394
vt 0.622742 0.848239
vt 0.618413 0.841805
vt 0.629049 0.837394
vt 0.62568 0.822674
vt 0.632217 0.855799
vt 0.616997 0.854348
vt 0.610342 0.84999
vt 0.618413 0.841805
vt 0.609698 0.829535
vt 0.628178 0.856331
vt 0.605943 0.860587
vt 0.591165 0.858062
vt 0.597602 0.841976
vt 0.610342 0.84999
vt 0.626186 0.859842
vt 0.605999 0.872043
vt 0.59138 0.875336
vt 0.605943 0.860587
vt 0.624516 0.864265
vt 0.613649 0.862107
vt 0.605943 0.860587
vt 0.610337 0.882638
vt 0.598134 0.891207
vt 0.624366 0.868987
vt 0.61379 0.870548
vt 0.605999 0.872043
vt 0.628379 0.875024
vt 0.622823 0.884139
vt 0.616763 0.878365
vt 0.624861 0.872987
vt 0.610337 0.882638
vt 0.632755 0.876717
vt 0.630546 0.887554
vt 0.618423 0.890727
vt 0.618423 0.890727
vt 0.610386 0.903235
vt 0.628927 0.895251
vt 0.62924 0.870163
vt 0.629875 0.865332
vt 0.631143 0.860625
vt 0.63382 0.871457
vt 0.634851 0.866326
vt 0.635874 0.861192
vt 0.638551 0.872039
vt 0.639832 0.867324
vt 0.640467 0.862479
vt 0.912747 0.198965
vt 0.924327 0.199183
vt 0.926884 0.213528
vt 0.91 0.213425
vt 0.927339 0.176556
vt 0.936543 0.182117
vt 0.9307 0.188204
vt 0.925323 0.180071
vt 0.922833 0.191207
vt 0.921273 0.180581
vt 0.93493 0.194615
vt 0.924327 0.199183
vt 0.929032 0.172118
vt 0.939974 0.174312
vt 0.943227 0.186586
vt 0.943227 0.186586
vt 0.956279 0.194965
vt 0.943617 0.207843
vt 0.93493 0.194615
vt 0.929184 0.167368
vt 0.939838 0.165787
vt 0.947771 0.175878
vt 0.947771 0.175878
vt 0.962865 0.178471
vt 0.92868 0.163345
vt 0.93682 0.157902
vt 0.947728 0.164265
vt 0.947728 0.164265
vt 0.962597 0.160871
vt 0.943296 0.153549
vt 0.943296 0.153549
vt 0.95566 0.144756
vt 0.925137 0.161311
vt 0.930673 0.152122
vt 0.935056 0.145429
vt 0.935056 0.145429
vt 0.943111 0.132587
vt 0.920738 0.159633
vt 0.922878 0.148767
vt 0.924389 0.141021
vt 0.924389 0.141021
vt 0.926899 0.126131
vt 0.914404 0.148934
vt 0.912869 0.141107
vt 0.906562 0.151952
vt 0.902233 0.145518
vt 0.912869 0.141107
vt 0.909499 0.126387
vt 0.916037 0.159512
vt 0.900816 0.158062
vt 0.894162 0.153704
vt 0.902233 0.145518
vt 0.893518 0.133249
vt 0.911998 0.160044
vt 0.889763 0.164301
vt 0.874984 0.161776
vt 0.881422 0.145689
vt 0.894162 0.153704
vt 0.894162 0.153704
vt 0.881422 0.145689
vt 0.910005 0.163556
vt 0.889818 0.175757
vt 0.875199 0.17905
vt 0.908335 0.167978
vt 0.897468 0.165821
vt 0.889763 0.164301
vt 0.894157 0.186352
vt 0.881954 0.19492
vt 0.908185 0.172701
vt 0.89761 0.174262
vt 0.889818 0.175757
vt 0.912199 0.178738
vt 0.906643 0.187853
vt 0.900583 0.182078
vt 0.908681 0.176701
vt 0.908185 0.172701
vt 0.894157 0.186352
vt 0.889818 0.175757
vt 0.916575 0.180431
vt 0.914366 0.191268
vt 0.943617 0.207843
vt 0.902243 0.194441
vt 0.902243 0.194441
vt 0.894206 0.206949
vt 0.912747 0.198965
vt 0.908185 0.172701
vt 0.913059 0.173877
vt 0.908185 0.172701
vt 0.913694 0.169046
vt 0.914963 0.164339
vt 0.91764 0.17517
vt 0.918671 0.17004
vt 0.919694 0.164906
vt 0.92237 0.175753
vt 0.923652 0.171038
vt 0.924287 0.166192
vt 0.038741 0.961564
vt 0.035994 0.976025
vt 0.052878 0.976127
vt 0.050321 0.961783
vt 0.053333 0.939155
vt 0.051318 0.942671
vt 0.056695 0.950803
vt 0.062537 0.944717
vt 0.047267 0.94318
vt 0.048828 0.953807
vt 0.050321 0.961783
vt 0.060925 0.957215
vt 0.055027 0.934717
vt 0.065969 0.936911
vt 0.069222 0.949186
vt 0.069222 0.949186
vt 0.060925 0.957215
vt 0.069612 0.970443
vt 0.082274 0.957565
vt 0.055178 0.929968
vt 0.065833 0.928386
vt 0.073766 0.938478
vt 0.073766 0.938478
vt 0.088859 0.94107
vt 0.054674 0.925945
vt 0.065833 0.928386
vt 0.062814 0.920501
vt 0.065833 0.928386
vt 0.073723 0.926865
vt 0.073723 0.926865
vt 0.088592 0.92347
vt 0.065833 0.928386
vt 0.06929 0.916148
vt 0.06929 0.916148
vt 0.081654 0.907356
vt 0.051131 0.923911
vt 0.056668 0.914722
vt 0.061051 0.908029
vt 0.061051 0.908029
vt 0.069105 0.895186
vt 0.046733 0.922232
vt 0.051131 0.923911
vt 0.048872 0.911367
vt 0.050384 0.90362
vt 0.050384 0.90362
vt 0.052894 0.888731
vt 0.040398 0.911533
vt 0.038863 0.903707
vt 0.032556 0.914552
vt 0.028228 0.908118
vt 0.038863 0.903707
vt 0.035494 0.888987
vt 0.042031 0.922112
vt 0.026811 0.920661
vt 0.020156 0.916303
vt 0.028228 0.908118
vt 0.019512 0.895848
vt 0.037992 0.922644
vt 0.042031 0.922112
vt 0.015758 0.9269
vt 0.020156 0.916303
vt 0.007417 0.908289
vt 0.000979 0.924375
vt 0.007417 0.908289
vt 0.036 0.926155
vt 0.015813 0.938356
vt 0.001194 0.941649
vt 0.03433 0.930578
vt 0.023463 0.92842
vt 0.015758 0.9269
vt 0.020152 0.948951
vt 0.007948 0.95752
vt 0.03418 0.9353
vt 0.023604 0.936862
vt 0.015813 0.938356
vt 0.038193 0.941337
vt 0.034675 0.9393
vt 0.026577 0.944678
vt 0.032637 0.950453
vt 0.020152 0.948951
vt 0.042569 0.943031
vt 0.04036 0.953867
vt 0.060925 0.957215
vt 0.028237 0.95704
vt 0.028237 0.95704
vt 0.020201 0.969548
vt 0.038741 0.961564
vt 0.039054 0.936476
vt 0.039689 0.931645
vt 0.040957 0.926938
vt 0.042031 0.922112
vt 0.043634 0.93777
vt 0.044665 0.932639
vt 0.045688 0.927506
vt 0.045688 0.927506
vt 0.042031 0.922112
vt 0.048365 0.938353
vt 0.049646 0.933637
vt 0.050282 0.928792
vt 0.045688 0.927506
vt 0.045688 0.927506
vt 0.051131 0.923911
vt 0.051131 0.923911
vt 0.181978 0.956259
vt 0.193557 0.956477
vt 0.196115 0.970822
vt 0.17923 0.97072
vt 0.196569 0.93385
vt 0.205773 0.939411
vt 0.199931 0.945498
vt 0.194554 0.937366
vt 0.192064 0.948501
vt 0.190503 0.937875
vt 0.204161 0.95191
vt 0.193557 0.956477
vt 0.198263 0.929412
vt 0.209205 0.931606
vt 0.212458 0.943881
vt 0.212458 0.943881
vt 0.22551 0.95226
vt 0.212848 0.965137
vt 0.204161 0.95191
vt 0.198414 0.924662
vt 0.209069 0.923081
vt 0.217002 0.933173
vt 0.217002 0.933173
vt 0.232095 0.935765
vt 0.19791 0.920639
vt 0.206051 0.915196
vt 0.216959 0.92156
vt 0.216959 0.92156
vt 0.231828 0.918165
vt 0.212527 0.910843
vt 0.212527 0.910843
vt 0.22489 0.90205
vt 0.194367 0.918606
vt 0.199904 0.909416
vt 0.204287 0.902723
vt 0.204287 0.902723
vt 0.212341 0.889881
vt 0.189969 0.916927
vt 0.192108 0.906061
vt 0.19362 0.898315
vt 0.19362 0.898315
vt 0.19613 0.883425
vt 0.204287 0.902723
vt 0.183634 0.906228
vt 0.182099 0.898402
vt 0.175792 0.909247
vt 0.171464 0.902813
vt 0.182099 0.898402
vt 0.17873 0.883682
vt 0.19362 0.898315
vt 0.185267 0.916807
vt 0.189969 0.916927
vt 0.170047 0.915356
vt 0.163392 0.910998
vt 0.171464 0.902813
vt 0.162748 0.890543
vt 0.181228 0.917339
vt 0.158994 0.921595
vt 0.144215 0.91907
vt 0.150653 0.902984
vt 0.163392 0.910998
vt 0.179236 0.92085
vt 0.159049 0.933051
vt 0.14443 0.936344
vt 0.177566 0.925272
vt 0.166699 0.923115
vt 0.158994 0.921595
vt 0.163388 0.943646
vt 0.151185 0.952215
vt 0.177416 0.929995
vt 0.166841 0.931556
vt 0.159049 0.933051
vt 0.181429 0.936032
vt 0.175873 0.945147
vt 0.169814 0.939372
vt 0.177911 0.933995
vt 0.163388 0.943646
vt 0.185805 0.937726
vt 0.183597 0.948562
vt 0.171473 0.951735
vt 0.171473 0.951735
vt 0.163437 0.964243
vt 0.181978 0.956259
vt 0.18229 0.931171
vt 0.182925 0.92634
vt 0.184193 0.921633
vt 0.18687 0.932465
vt 0.187901 0.927334
vt 0.188924 0.9222
vt 0.189969 0.916927
vt 0.191601 0.933047
vt 0.192883 0.928332
vt 0.193518 0.923487
vt 0.189969 0.916927
vt 0.822561 0.6048
vt 0.834141 0.605018
vt 0.836698 0.619363
vt 0.819814 0.619261
vt 0.837153 0.582391
vt 0.846357 0.587953
vt 0.840515 0.594039
vt 0.835137 0.585907
vt 0.832648 0.597043
vt 0.831087 0.586416
vt 0.844745 0.600451
vt 0.834141 0.605018
vt 0.838846 0.577953
vt 0.849788 0.580147
vt 0.853041 0.592422
vt 0.844745 0.600451
vt 0.853041 0.592422
vt 0.866093 0.600801
vt 0.853431 0.613679
vt 0.844745 0.600451
vt 0.838998 0.573204
vt 0.849652 0.571622
vt 0.857585 0.581714
vt 0.857585 0.581714
vt 0.872679 0.584306
vt 0.838494 0.569181
vt 0.846634 0.563737
vt 0.857542 0.570101
vt 0.857542 0.570101
vt 0.872411 0.566706
vt 0.85311 0.559384
vt 0.85311 0.559384
vt 0.865474 0.550592
vt 0.834951 0.567147
vt 0.840487 0.557958
vt 0.84487 0.551264
vt 0.84487 0.551264
vt 0.852925 0.538422
vt 0.865474 0.550592
vt 0.85311 0.559384
vt 0.830552 0.565468
vt 0.832692 0.554602
vt 0.834204 0.546856
vt 0.834204 0.546856
vt 0.836714 0.531966
vt 0.824218 0.554769
vt 0.822683 0.546943
vt 0.816376 0.557788
vt 0.812047 0.551354
vt 0.822683 0.546943
vt 0.819314 0.532223
vt 0.825851 0.565348
vt 0.830552 0.565468
vt 0.81063 0.563897
vt 0.803976 0.559539
vt 0.812047 0.551354
vt 0.803332 0.539084
vt 0.821812 0.56588
vt 0.799577 0.570136
vt 0.784799 0.567611
vt 0.791236 0.551525
vt 0.803976 0.559539
vt 0.81982 0.569391
vt 0.799633 0.581592
vt 0.785014 0.584885
vt 0.81815 0.573814
vt 0.807283 0.571656
vt 0.807283 0.571656
vt 0.799577 0.570136
vt 0.803971 0.592187
vt 0.791768 0.600756
vt 0.818 0.578536
vt 0.807424 0.580097
vt 0.807283 0.571656
vt 0.799633 0.581592
vt 0.807283 0.571656
vt 0.822013 0.584573
vt 0.816457 0.593688
vt 0.810397 0.587914
vt 0.818495 0.582536
vt 0.803971 0.592187
vt 0.826389 0.586267
vt 0.82418 0.597103
vt 0.812057 0.600276
vt 0.812057 0.600276
vt 0.80402 0.612784
vt 0.822561 0.6048
vt 0.822873 0.579712
vt 0.823509 0.574881
vt 0.824777 0.570174
vt 0.827454 0.581006
vt 0.828485 0.575876
vt 0.829508 0.570741
vt 0.830552 0.565468
vt 0.832185 0.581588
vt 0.833466 0.576874
vt 0.834101 0.572028
vt 0.830552 0.565468
vt 0.188609 0.866074
vt 0.200189 0.866292
vt 0.202746 0.880637
vt 0.185862 0.880534
vt 0.203201 0.843664
vt 0.212405 0.849226
vt 0.206562 0.855313
vt 0.201185 0.84718
vt 0.198695 0.858316
vt 0.197135 0.847689
vt 0.210792 0.861724
vt 0.200189 0.866292
vt 0.204894 0.839226
vt 0.215836 0.84142
vt 0.219089 0.853695
vt 0.219089 0.853695
vt 0.232141 0.862074
vt 0.219479 0.874952
vt 0.210792 0.861724
vt 0.205046 0.834477
vt 0.2157 0.832895
vt 0.223633 0.842987
vt 0.219089 0.853695
vt 0.223633 0.842987
vt 0.238727 0.845579
vt 0.204542 0.830454
vt 0.212682 0.825011
vt 0.22359 0.831374
vt 0.22359 0.831374
vt 0.238459 0.827979
vt 0.219158 0.820657
vt 0.219158 0.820657
vt 0.231522 0.811865
vt 0.200999 0.82842
vt 0.206535 0.819231
vt 0.210918 0.812538
vt 0.210918 0.812538
vt 0.218973 0.799696
vt 0.1966 0.826741
vt 0.19874 0.815876
vt 0.200252 0.808129
vt 0.200252 0.808129
vt 0.202762 0.79324
vt 0.190266 0.816042
vt 0.188731 0.808216
vt 0.182424 0.819061
vt 0.178095 0.812627
vt 0.188731 0.808216
vt 0.185362 0.793496
vt 0.191899 0.826621
vt 0.176678 0.825171
vt 0.170024 0.820812
vt 0.178095 0.812627
vt 0.16938 0.800357
vt 0.18786 0.827153
vt 0.165625 0.831409
vt 0.150846 0.828885
vt 0.157284 0.812798
vt 0.170024 0.820812
vt 0.185867 0.830664
vt 0.16568 0.842865
vt 0.151061 0.846158
vt 0.184197 0.835087
vt 0.17333 0.83293
vt 0.165625 0.831409
vt 0.170019 0.85346
vt 0.157816 0.862029
vt 0.184048 0.839809
vt 0.173472 0.841371
vt 0.16568 0.842865
vt 0.188061 0.845846
vt 0.182505 0.854962
vt 0.176445 0.849187
vt 0.184543 0.843809
vt 0.170019 0.85346
vt 0.192437 0.84754
vt 0.190228 0.858377
vt 0.178105 0.861549
vt 0.178105 0.861549
vt 0.170068 0.874057
vt 0.188609 0.866074
vt 0.200189 0.866292
vt 0.188921 0.840985
vt 0.189557 0.836155
vt 0.190825 0.831447
vt 0.193502 0.842279
vt 0.194533 0.837149
vt 0.195556 0.832015
vt 0.198232 0.842862
vt 0.199514 0.838147
vt 0.200149 0.833301
vt 0.886222 0.074296
vt 0.883474 0.088757
vt 0.900358 0.088859
vt 0.897801 0.074514
vt 0.900813 0.051887
vt 0.898798 0.055403
vt 0.904175 0.063535
vt 0.910017 0.057449
vt 0.894747 0.055912
vt 0.896308 0.066539
vt 0.897801 0.074514
vt 0.908405 0.069947
vt 0.902507 0.047449
vt 0.913449 0.049643
vt 0.916702 0.061918
vt 0.916702 0.061918
vt 0.908405 0.069947
vt 0.917092 0.083175
vt 0.929754 0.070297
vt 0.902658 0.0427
vt 0.913313 0.041118
vt 0.921246 0.05121
vt 0.921246 0.05121
vt 0.936339 0.053802
vt 0.902154 0.038677
vt 0.902658 0.0427
vt 0.910295 0.033233
vt 0.921203 0.039597
vt 0.921203 0.039597
vt 0.936072 0.036202
vt 0.916771 0.02888
vt 0.916771 0.02888
vt 0.929134 0.020088
vt 0.898611 0.036643
vt 0.904148 0.027453
vt 0.908531 0.020761
vt 0.908531 0.020761
vt 0.916585 0.007918
vt 0.894213 0.034964
vt 0.896352 0.024099
vt 0.897864 0.016352
vt 0.897864 0.016352
vt 0.900374 0.00146198
vt 0.887878 0.024265
vt 0.886343 0.016439
vt 0.880036 0.027284
vt 0.875708 0.02085
vt 0.886343 0.016439
vt 0.882974 0.001719
vt 0.889511 0.034844
vt 0.874291 0.033394
vt 0.867636 0.029035
vt 0.875708 0.02085
vt 0.866992 0.00858003
vt 0.885472 0.035376
vt 0.863238 0.039632
vt 0.867636 0.029035
vt 0.854897 0.021021
vt 0.848459 0.037107
vt 0.88348 0.038887
vt 0.863293 0.051088
vt 0.848674 0.054381
vt 0.88181 0.04331
vt 0.870943 0.041152
vt 0.863238 0.039632
vt 0.867632 0.061683
vt 0.855428 0.070252
vt 0.88166 0.048032
vt 0.871085 0.049593
vt 0.863293 0.051088
vt 0.885673 0.054069
vt 0.882155 0.052032
vt 0.874057 0.05741
vt 0.880117 0.063184
vt 0.867632 0.061683
vt 0.890049 0.055763
vt 0.88784 0.066599
vt 0.875717 0.069772
vt 0.875717 0.069772
vt 0.867681 0.08228
vt 0.886222 0.074296
vt 0.886534 0.049208
vt 0.887169 0.044377
vt 0.888437 0.03967
vt 0.888437 0.03967
vt 0.891115 0.050502
vt 0.892145 0.045372
vt 0.893168 0.040238
vt 0.888437 0.03967
vt 0.888437 0.03967
vt 0.895845 0.051085
vt 0.897126 0.04637
vt 0.897762 0.041524
vt 0.902658 0.0427
vt 0.902658 0.0427
vt 0.570572 0.826286
vt 0.582151 0.826504
vt 0.584709 0.840849
vt 0.567824 0.840746
vt 0.585163 0.803877
vt 0.594368 0.809438
vt 0.588525 0.815525
vt 0.583148 0.807392
vt 0.580658 0.818528
vt 0.579098 0.807902
vt 0.592755 0.821936
vt 0.582151 0.826504
vt 0.586857 0.799438
vt 0.597799 0.801633
vt 0.601052 0.813907
vt 0.601052 0.813907
vt 0.614104 0.822286
vt 0.601442 0.835164
vt 0.592755 0.821936
vt 0.587008 0.794689
vt 0.597663 0.793107
vt 0.605596 0.803199
vt 0.605596 0.803199
vt 0.62069 0.805792
vt 0.586504 0.790666
vt 0.594645 0.785223
vt 0.605553 0.791586
vt 0.605553 0.791586
vt 0.620422 0.788191
vt 0.601121 0.780869
vt 0.601121 0.780869
vt 0.613484 0.772077
vt 0.582961 0.788632
vt 0.588498 0.779443
vt 0.592881 0.77275
vt 0.592881 0.77275
vt 0.600935 0.759908
vt 0.578563 0.786954
vt 0.580702 0.776088
vt 0.582214 0.768342
vt 0.582214 0.768342
vt 0.584724 0.753452
vt 0.592881 0.77275
vt 0.572228 0.776254
vt 0.570693 0.768428
vt 0.564386 0.779273
vt 0.560058 0.772839
vt 0.570693 0.768428
vt 0.567324 0.753708
vt 0.573861 0.786833
vt 0.558641 0.785383
vt 0.551986 0.781024
vt 0.560058 0.772839
vt 0.551342 0.76057
vt 0.569822 0.787365
vt 0.547588 0.791621
vt 0.532809 0.789097
vt 0.539247 0.77301
vt 0.551986 0.781024
vt 0.56783 0.790876
vt 0.547643 0.803077
vt 0.533024 0.806371
vt 0.56616 0.795299
vt 0.555293 0.793142
vt 0.547588 0.791621
vt 0.551982 0.813672
vt 0.539779 0.822241
vt 0.56601 0.800021
vt 0.555435 0.801583
vt 0.56616 0.795299
vt 0.547643 0.803077
vt 0.570023 0.806059
vt 0.564468 0.815174
vt 0.558408 0.809399
vt 0.566506 0.804022
vt 0.551982 0.813672
vt 0.574399 0.807752
vt 0.572191 0.818589
vt 0.560067 0.821762
vt 0.560067 0.821762
vt 0.552031 0.834269
vt 0.570572 0.826286
vt 0.582151 0.826504
vt 0.579098 0.807902
vt 0.570884 0.801198
vt 0.56616 0.795299
vt 0.571519 0.796367
vt 0.56616 0.795299
vt 0.572788 0.79166
vt 0.575465 0.802491
vt 0.576496 0.797361
vt 0.575465 0.802491
vt 0.577518 0.792227
vt 0.575465 0.802491
vt 0.580195 0.803074
vt 0.579098 0.807902
vt 0.575465 0.802491
vt 0.581477 0.798359
vt 0.582112 0.793513
vt 0.579098 0.807902
vt 0.796036 0.07297
vt 0.807616 0.073188
vt 0.810173 0.087533
vt 0.793288 0.087431
vt 0.810628 0.050561
vt 0.819832 0.056122
vt 0.813989 0.062209
vt 0.808612 0.054077
vt 0.806122 0.065212
vt 0.804562 0.054586
vt 0.818219 0.068621
vt 0.807616 0.073188
vt 0.812321 0.046123
vt 0.823263 0.048317
vt 0.810628 0.050561
vt 0.826516 0.060591
vt 0.826516 0.060591
vt 0.839568 0.06897
vt 0.826906 0.081848
vt 0.818219 0.068621
vt 0.812473 0.041373
vt 0.823127 0.039792
vt 0.83106 0.049883
vt 0.83106 0.049883
vt 0.846154 0.052476
vt 0.811969 0.03735
vt 0.820109 0.031907
vt 0.831017 0.03827
vt 0.831017 0.03827
vt 0.845886 0.034876
vt 0.826585 0.027554
vt 0.826585 0.027554
vt 0.838949 0.018761
vt 0.808425 0.035317
vt 0.813962 0.026127
vt 0.818345 0.019434
vt 0.818345 0.019434
vt 0.8264 0.00659198
vt 0.826585 0.027554
vt 0.804027 0.033638
vt 0.806167 0.022772
vt 0.807679 0.015026
vt 0.807679 0.015026
vt 0.810188 0.000136018
vt 0.797693 0.022939
vt 0.796158 0.015113
vt 0.789851 0.025958
vt 0.785522 0.019524
vt 0.796158 0.015113
vt 0.792788 0.00039202
vt 0.799326 0.033518
vt 0.804027 0.033638
vt 0.784105 0.032067
vt 0.777451 0.027709
vt 0.785522 0.019524
vt 0.776807 0.007254
vt 0.795287 0.034049
vt 0.773052 0.038306
vt 0.758273 0.035781
vt 0.764711 0.019695
vt 0.777451 0.027709
vt 0.793294 0.037561
vt 0.773107 0.049762
vt 0.758488 0.053055
vt 0.791624 0.041984
vt 0.780757 0.039826
vt 0.773052 0.038306
vt 0.777446 0.060357
vt 0.765243 0.068926
vt 0.791474 0.046706
vt 0.780899 0.048267
vt 0.773107 0.049762
vt 0.795487 0.052743
vt 0.789932 0.061858
vt 0.783872 0.056083
vt 0.79197 0.050706
vt 0.791474 0.046706
vt 0.777446 0.060357
vt 0.799864 0.054436
vt 0.797655 0.065273
vt 0.785532 0.068446
vt 0.785532 0.068446
vt 0.777495 0.080954
vt 0.765243 0.068926
vt 0.796036 0.07297
vt 0.799864 0.054436
vt 0.791474 0.046706
vt 0.796348 0.047882
vt 0.791474 0.046706
vt 0.796984 0.043051
vt 0.798252 0.038344
vt 0.800929 0.049175
vt 0.799864 0.054436
vt 0.80196 0.044045
vt 0.802983 0.038911
vt 0.804027 0.033638
vt 0.799864 0.054436
vt 0.805659 0.049758
vt 0.806941 0.045043
vt 0.805659 0.049758
vt 0.807576 0.040197
vt 0.804027 0.033638
vt 0.805659 0.049758
vt 0.810628 0.050561
vt 0.805659 0.049758
vt 0.810628 0.050561
vt 0.451208 0.802413
vt 0.462788 0.802631
vt 0.465345 0.816976
vt 0.448461 0.816873
vt 0.4658 0.780004
vt 0.475004 0.785565
vt 0.469162 0.791652
vt 0.463784 0.78352
vt 0.461295 0.794655
vt 0.459734 0.784029
vt 0.473392 0.798063
vt 0.462788 0.802631
vt 0.467493 0.775566
vt 0.478435 0.77776
vt 0.4658 0.780004
vt 0.481689 0.790034
vt 0.481689 0.790034
vt 0.494741 0.798413
vt 0.482079 0.811291
vt 0.473392 0.798063
vt 0.467645 0.770816
vt 0.4783 0.769235
vt 0.486232 0.779326
vt 0.486232 0.779326
vt 0.501326 0.781919
vt 0.467141 0.766793
vt 0.475281 0.76135
vt 0.486189 0.767713
vt 0.486189 0.767713
vt 0.501059 0.764319
vt 0.481757 0.756997
vt 0.481757 0.756997
vt 0.494121 0.748204
vt 0.463598 0.76476
vt 0.469135 0.75557
vt 0.473518 0.748877
vt 0.473518 0.748877
vt 0.481572 0.736035
vt 0.459199 0.763081
vt 0.461339 0.752215
vt 0.462851 0.744469
vt 0.462851 0.744469
vt 0.465361 0.729579
vt 0.481572 0.736035
vt 0.452865 0.752382
vt 0.45133 0.744555
vt 0.445023 0.7554
vt 0.440694 0.748967
vt 0.45133 0.744555
vt 0.447961 0.729835
vt 0.454498 0.762961
vt 0.439278 0.76151
vt 0.432623 0.757152
vt 0.440694 0.748967
vt 0.431979 0.736697
vt 0.450459 0.763492
vt 0.428224 0.767749
vt 0.413446 0.765224
vt 0.419883 0.749137
vt 0.432623 0.757152
vt 0.419883 0.749137
vt 0.448467 0.767004
vt 0.42828 0.779205
vt 0.413661 0.782498
vt 0.446797 0.771426
vt 0.43593 0.769269
vt 0.428224 0.767749
vt 0.432619 0.7898
vt 0.420415 0.798369
vt 0.446647 0.776149
vt 0.436071 0.77771
vt 0.42828 0.779205
vt 0.45066 0.782186
vt 0.445104 0.791301
vt 0.439044 0.785526
vt 0.447142 0.780149
vt 0.446647 0.776149
vt 0.432619 0.7898
vt 0.455036 0.783879
vt 0.452827 0.794716
vt 0.440704 0.797889
vt 0.440704 0.797889
vt 0.432668 0.810397
vt 0.420415 0.798369
vt 0.451208 0.802413
vt 0.455036 0.783879
vt 0.446647 0.776149
vt 0.451521 0.777325
vt 0.446647 0.776149
vt 0.452156 0.772494
vt 0.453424 0.767787
vt 0.456101 0.778618
vt 0.455036 0.783879
vt 0.457132 0.773488
vt 0.458155 0.768354
vt 0.455036 0.783879
vt 0.460832 0.779201
vt 0.462113 0.774486
vt 0.462748 0.76964
vt 0.4658 0.780004
vt 0.4658 0.780004
vt 0.492322 0.881989
vt 0.489575 0.896449
vt 0.506459 0.896552
vt 0.503902 0.882207
vt 0.506914 0.85958
vt 0.504899 0.863095
vt 0.510276 0.871228
vt 0.516118 0.865141
vt 0.500848 0.863605
vt 0.502409 0.874231
vt 0.503902 0.882207
vt 0.514506 0.877639
vt 0.508608 0.855141
vt 0.51955 0.857336
vt 0.522803 0.86961
vt 0.522803 0.86961
vt 0.514506 0.877639
vt 0.523193 0.890867
vt 0.535855 0.877989
vt 0.508759 0.850392
vt 0.519414 0.84881
vt 0.527347 0.858902
vt 0.527347 0.858902
vt 0.54244 0.861495
vt 0.508255 0.846369
vt 0.516395 0.840926
vt 0.527303 0.847289
vt 0.527303 0.847289
vt 0.542173 0.843894
vt 0.522871 0.836572
vt 0.522871 0.836572
vt 0.535235 0.82778
vt 0.504712 0.844335
vt 0.510249 0.835146
vt 0.514632 0.828453
vt 0.514632 0.828453
vt 0.522686 0.815611
vt 0.500314 0.842657
vt 0.502453 0.831791
vt 0.503965 0.824045
vt 0.503965 0.824045
vt 0.506475 0.809155
vt 0.493979 0.831957
vt 0.492444 0.824131
vt 0.486137 0.834976
vt 0.481808 0.828542
vt 0.492444 0.824131
vt 0.489075 0.809411
vt 0.495612 0.842536
vt 0.480392 0.841086
vt 0.473737 0.836727
vt 0.481808 0.828542
vt 0.473093 0.816273
vt 0.491573 0.843068
vt 0.469338 0.847324
vt 0.473737 0.836727
vt 0.460998 0.828713
vt 0.45456 0.8448
vt 0.489581 0.846579
vt 0.469394 0.85878
vt 0.454775 0.862074
vt 0.487911 0.851002
vt 0.477044 0.848845
vt 0.469338 0.847324
vt 0.473733 0.869375
vt 0.461529 0.877944
vt 0.487761 0.855724
vt 0.477185 0.857286
vt 0.469394 0.85878
vt 0.491774 0.861762
vt 0.488256 0.859725
vt 0.480158 0.865102
vt 0.486218 0.870877
vt 0.473733 0.869375
vt 0.49615 0.863455
vt 0.493941 0.874292
vt 0.481818 0.877465
vt 0.481818 0.877465
vt 0.473782 0.889973
vt 0.492322 0.881989
vt 0.492635 0.856901
vt 0.49327 0.85207
vt 0.494538 0.847363
vt 0.497215 0.858194
vt 0.498246 0.853064
vt 0.499269 0.84793
vt 0.501946 0.858777
vt 0.503227 0.854062
vt 0.503863 0.849216
vt 0.830519 0.453607
vt 0.842098 0.453825
vt 0.844656 0.46817
vt 0.827771 0.468067
vt 0.84511 0.431198
vt 0.854315 0.436759
vt 0.848472 0.442846
vt 0.843095 0.434713
vt 0.840605 0.445849
vt 0.839044 0.435223
vt 0.852702 0.449257
vt 0.842098 0.453825
vt 0.846804 0.426759
vt 0.857746 0.428954
vt 0.860999 0.441228
vt 0.860999 0.441228
vt 0.874051 0.449607
vt 0.861389 0.462485
vt 0.852702 0.449257
vt 0.846955 0.42201
vt 0.85761 0.420428
vt 0.865543 0.43052
vt 0.865543 0.43052
vt 0.880637 0.433113
vt 0.846451 0.417987
vt 0.854592 0.412544
vt 0.85761 0.420428
vt 0.85761 0.420428
vt 0.8655 0.418907
vt 0.8655 0.418907
vt 0.880369 0.415512
vt 0.861068 0.40819
vt 0.85761 0.420428
vt 0.861068 0.40819
vt 0.873431 0.399398
vt 0.842908 0.415953
vt 0.848445 0.406764
vt 0.852828 0.400071
vt 0.852828 0.400071
vt 0.860882 0.387229
vt 0.83851 0.414275
vt 0.840649 0.403409
vt 0.842161 0.395663
vt 0.842161 0.395663
vt 0.844671 0.380773
vt 0.832175 0.403575
vt 0.83064 0.395749
vt 0.842161 0.395663
vt 0.824333 0.406594
vt 0.820005 0.40016
vt 0.83064 0.395749
vt 0.827271 0.381029
vt 0.833808 0.414154
vt 0.818588 0.412704
vt 0.811933 0.408345
vt 0.820005 0.40016
vt 0.811289 0.387891
vt 0.829769 0.414686
vt 0.807535 0.418942
vt 0.792756 0.416418
vt 0.799194 0.400331
vt 0.811933 0.408345
vt 0.827777 0.418197
vt 0.80759 0.430398
vt 0.792971 0.433692
vt 0.826107 0.42262
vt 0.81524 0.420463
vt 0.807535 0.418942
vt 0.811929 0.440993
vt 0.799725 0.449562
vt 0.825957 0.427342
vt 0.815381 0.428904
vt 0.80759 0.430398
vt 0.82997 0.43338
vt 0.824415 0.442495
vt 0.818355 0.43672
vt 0.826452 0.431343
vt 0.811929 0.440993
vt 0.834346 0.435073
vt 0.832138 0.44591
vt 0.820014 0.449083
vt 0.820014 0.449083
vt 0.811978 0.46159
vt 0.830519 0.453607
vt 0.830831 0.428519
vt 0.831466 0.423688
vt 0.832734 0.41898
vt 0.835412 0.429812
vt 0.836442 0.424682
vt 0.837465 0.419548
vt 0.840142 0.430395
vt 0.841423 0.42568
vt 0.842059 0.420834
vt 0.830519 0.694986
vt 0.842098 0.695204
vt 0.844656 0.709549
vt 0.827771 0.709446
vt 0.84511 0.672577
vt 0.854315 0.678138
vt 0.848472 0.684225
vt 0.843095 0.676093
vt 0.843095 0.676093
vt 0.840605 0.687228
vt 0.839045 0.676602
vt 0.852702 0.690636
vt 0.842098 0.695204
vt 0.846804 0.668139
vt 0.857746 0.670333
vt 0.860999 0.682607
vt 0.860999 0.682607
vt 0.874051 0.690986
vt 0.861389 0.703864
vt 0.852702 0.690636
vt 0.846955 0.663389
vt 0.85761 0.661808
vt 0.865543 0.671899
vt 0.865543 0.671899
vt 0.880637 0.674492
vt 0.846451 0.659366
vt 0.854592 0.653923
vt 0.8655 0.660286
vt 0.8655 0.660286
vt 0.880369 0.656892
vt 0.861068 0.64957
vt 0.861068 0.64957
vt 0.873431 0.640777
vt 0.842908 0.657333
vt 0.848445 0.648143
vt 0.852828 0.64145
vt 0.852828 0.64145
vt 0.860882 0.628608
vt 0.83851 0.655654
vt 0.840649 0.644788
vt 0.842161 0.637042
vt 0.842161 0.637042
vt 0.844671 0.622152
vt 0.832175 0.644955
vt 0.83064 0.637128
vt 0.824333 0.647973
vt 0.820005 0.64154
vt 0.83064 0.637128
vt 0.827271 0.622408
vt 0.833808 0.655534
vt 0.818588 0.654083
vt 0.811933 0.649725
vt 0.820005 0.64154
vt 0.811289 0.62927
vt 0.829769 0.656065
vt 0.807535 0.660322
vt 0.792756 0.657797
vt 0.799194 0.64171
vt 0.811933 0.649725
vt 0.827777 0.659577
vt 0.80759 0.671778
vt 0.792971 0.675071
vt 0.826107 0.663999
vt 0.81524 0.661842
vt 0.807535 0.660322
vt 0.811929 0.682373
vt 0.799726 0.690942
vt 0.825957 0.668722
vt 0.815381 0.670283
vt 0.80759 0.671778
vt 0.82997 0.674759
vt 0.824415 0.683874
vt 0.818355 0.678099
vt 0.826453 0.672722
vt 0.811929 0.682373
vt 0.834346 0.676452
vt 0.832138 0.687289
vt 0.820014 0.690462
vt 0.820014 0.690462
vt 0.811978 0.70297
vt 0.830519 0.694986
vt 0.832138 0.687289
vt 0.832138 0.687289
vt 0.832138 0.687289
vt 0.830831 0.669898
vt 0.831466 0.665067
vt 0.832735 0.66036
vt 0.835412 0.671191
vt 0.836442 0.666061
vt 0.837465 0.660927
vt 0.840142 0.671774
vt 0.841424 0.667059
vt 0.842059 0.662213
vt 0.843095 0.676093
vt 0.801341 0.368726
vt 0.812921 0.368944
vt 0.815478 0.383289
vt 0.798594 0.383186
vt 0.815933 0.346317
vt 0.825137 0.351878
vt 0.819294 0.357965
vt 0.813917 0.349833
vt 0.811427 0.360968
vt 0.809867 0.350342
vt 0.823524 0.364376
vt 0.812921 0.368944
vt 0.817626 0.341879
vt 0.828568 0.344073
vt 0.831821 0.356347
vt 0.831821 0.356347
vt 0.844873 0.364726
vt 0.832211 0.377604
vt 0.823524 0.364376
vt 0.817778 0.337129
vt 0.828432 0.335548
vt 0.836365 0.345639
vt 0.836365 0.345639
vt 0.851459 0.348232
vt 0.817274 0.333106
vt 0.825414 0.327663
vt 0.836322 0.334026
vt 0.836322 0.334026
vt 0.851191 0.330632
vt 0.83189 0.32331
vt 0.83189 0.32331
vt 0.844254 0.314517
vt 0.813731 0.331073
vt 0.819267 0.321883
vt 0.82365 0.31519
vt 0.82365 0.31519
vt 0.831705 0.302348
vt 0.809332 0.329394
vt 0.811472 0.318528
vt 0.812984 0.310782
vt 0.812984 0.310782
vt 0.815494 0.295892
vt 0.802998 0.318695
vt 0.801463 0.310868
vt 0.795156 0.321714
vt 0.790827 0.31528
vt 0.801463 0.310868
vt 0.798094 0.296148
vt 0.804631 0.329274
vt 0.78941 0.327823
vt 0.782756 0.323465
vt 0.790827 0.31528
vt 0.782112 0.30301
vt 0.800592 0.329805
vt 0.778357 0.334062
vt 0.763578 0.331537
vt 0.770016 0.315451
vt 0.782756 0.323465
vt 0.798599 0.333317
vt 0.778413 0.345518
vt 0.763794 0.348811
vt 0.796929 0.337739
vt 0.786062 0.335582
vt 0.778357 0.334062
vt 0.782751 0.356113
vt 0.770548 0.364682
vt 0.796779 0.342462
vt 0.786204 0.344023
vt 0.778413 0.345518
vt 0.800793 0.348499
vt 0.795237 0.357614
vt 0.789177 0.351839
vt 0.797275 0.346462
vt 0.782751 0.356113
vt 0.805169 0.350192
vt 0.80296 0.361029
vt 0.790837 0.364202
vt 0.790837 0.364202
vt 0.7828 0.37671
vt 0.801341 0.368726
vt 0.801653 0.343638
vt 0.802289 0.338807
vt 0.803557 0.3341
vt 0.806234 0.344931
vt 0.807265 0.339801
vt 0.808288 0.334667
vt 0.810964 0.345514
vt 0.812246 0.340799
vt 0.812881 0.335953
vt 0.420704 0.937692
vt 0.417957 0.952152
vt 0.434841 0.952255
vt 0.432284 0.93791
vt 0.435296 0.915283
vt 0.433281 0.918798
vt 0.438658 0.926931
vt 0.4445 0.920844
vt 0.42923 0.919307
vt 0.430791 0.929934
vt 0.432284 0.93791
vt 0.442888 0.933342
vt 0.43699 0.910844
vt 0.447931 0.913039
vt 0.451185 0.925313
vt 0.451185 0.925313
vt 0.442888 0.933342
vt 0.451575 0.94657
vt 0.464237 0.933692
vt 0.437141 0.906095
vt 0.447796 0.904513
vt 0.455728 0.914605
vt 0.455728 0.914605
vt 0.470822 0.917198
vt 0.436637 0.902072
vt 0.447796 0.904513
vt 0.444777 0.896629
vt 0.447796 0.904513
vt 0.455685 0.902992
vt 0.455685 0.902992
vt 0.470555 0.899597
vt 0.447796 0.904513
vt 0.455685 0.902992
vt 0.451253 0.892275
vt 0.451253 0.892275
vt 0.463617 0.883483
vt 0.433094 0.900038
vt 0.438631 0.890849
vt 0.451253 0.892275
vt 0.443014 0.884156
vt 0.443014 0.884156
vt 0.451068 0.871314
vt 0.428695 0.898359
vt 0.430835 0.887494
vt 0.432347 0.879747
vt 0.432347 0.879747
vt 0.434857 0.864858
vt 0.422361 0.88766
vt 0.420826 0.879834
vt 0.414519 0.890679
vt 0.41019 0.884245
vt 0.420826 0.879834
vt 0.417457 0.865114
vt 0.423994 0.898239
vt 0.428695 0.898359
vt 0.408774 0.896789
vt 0.402119 0.89243
vt 0.41019 0.884245
vt 0.401475 0.871975
vt 0.419955 0.898771
vt 0.39772 0.903027
vt 0.402119 0.89243
vt 0.38938 0.884416
vt 0.382942 0.900503
vt 0.417963 0.902282
vt 0.397776 0.914483
vt 0.383157 0.917776
vt 0.416293 0.906705
vt 0.405426 0.904548
vt 0.39772 0.903027
vt 0.402115 0.925078
vt 0.389911 0.933647
vt 0.416143 0.911427
vt 0.405567 0.912989
vt 0.397776 0.914483
vt 0.420156 0.917464
vt 0.416638 0.915427
vt 0.40854 0.920805
vt 0.4146 0.92658
vt 0.402115 0.925078
vt 0.424532 0.919158
vt 0.422323 0.929995
vt 0.4102 0.933167
vt 0.4102 0.933167
vt 0.402164 0.945675
vt 0.420704 0.937692
vt 0.421017 0.912603
vt 0.421652 0.907772
vt 0.42292 0.903065
vt 0.425597 0.913897
vt 0.426628 0.908767
vt 0.427651 0.903633
vt 0.428695 0.898359
vt 0.430328 0.91448
vt 0.431609 0.909765
vt 0.432244 0.904919
vt 0.428695 0.898359
vt 0.511273 0.430409
vt 0.478711 0.430409
vt 0.478711 0.343576
vt 0.511273 0.343576
vt 0.447125 0.430409
vt 0.447125 0.343576
vt 0.578249 0.174675
vt 0.54564 0.174675
vt 0.54564 0.087716
vt 0.578249 0.087716
vt 0.513982 0.174675
vt 0.513982 0.087716
vt 0.710875 0.17483
vt 0.678235 0.17483
vt 0.678235 0.087791
vt 0.710875 0.087791
vt 0.646536 0.174831
vt 0.646535 0.087791
vt 0.643236 0.560542
vt 0.61065 0.560542
vt 0.61065 0.473646
vt 0.643236 0.473646
vt 0.578971 0.560542
vt 0.578971 0.473646
vt 0.484748 0.174279
vt 0.452149 0.174279
vt 0.452149 0.087348
vt 0.484748 0.087348
vt 0.41955 0.174279
vt 0.41955 0.087348
vt 0.644562 0.173813
vt 0.613361 0.173813
vt 0.613361 0.087216
vt 0.644562 0.087216
vt 0.580887 0.173813
vt 0.580887 0.087216
vt 0.708223 0.432058
vt 0.676628 0.432057
vt 0.676628 0.345547
vt 0.708223 0.345547
vt 0.644941 0.432058
vt 0.644941 0.345547
vt 0.576923 0.493316
vt 0.544349 0.493316
vt 0.544349 0.406452
vt 0.576923 0.406452
vt 0.512644 0.493316
vt 0.512644 0.406452
vt 0.511273 0.430409
vt 0.511273 0.343576
vt 0.478711 0.343576
vt 0.478711 0.430409
vt 0.511273 0.51171
vt 0.478711 0.517241
vt 0.512644 0.319589
vt 0.544349 0.319589
vt 0.544349 0.578249
vt 0.512644 0.578249
vt 0.576923 0.319589
vt 0.576923 0.578249
vt 0.644941 0.259037
vt 0.676628 0.259037
vt 0.676628 0.515988
vt 0.644941 0.515988
vt 0.708223 0.259037
vt 0.708223 0.518568
vt 0.580887 0.000618994
vt 0.613361 0.000618994
vt 0.613361 0.258621
vt 0.580887 0.258556
vt 0.644562 0.000618994
vt 0.644562 0.256003
vt 0.41955 0.000418007
vt 0.452149 0.000418007
vt 0.452149 0.255838
vt 0.41955 0.258621
vt 0.484748 0.000418007
vt 0.484748 0.253618
vt 0.578971 0.38675
vt 0.61065 0.38675
vt 0.61065 0.644562
vt 0.578971 0.644562
vt 0.643236 0.38675
vt 0.643236 0.644562
vt 0.646535 0.000751019
vt 0.678235 0.000751019
vt 0.678235 0.254642
vt 0.646535 0.254642
vt 0.710875 0.000751019
vt 0.710875 0.254642
vt 0.513982 0.000757992
vt 0.54564 0.000757992
vt 0.54564 0.256259
vt 0.513982 0.258621
vt 0.578249 0.000757992
vt 0.578249 0.258621
vt 0.447125 0.256743
vt 0.478711 0.256743
vt 0.447125 0.517241
vt 0.511273 0.256743
vt 0.447125 0.343576
vt 0.447125 0.430409
vt 0.578249 0.174675
vt 0.578249 0.087716
vt 0.54564 0.087716
vt 0.54564 0.174675
vt 0.513982 0.087716
vt 0.513982 0.174675
vt 0.710875 0.17483
vt 0.710875 0.087791
vt 0.678235 0.087791
vt 0.678235 0.17483
vt 0.646535 0.087791
vt 0.646536 0.174831
vt 0.643236 0.560542
vt 0.643236 0.473646
vt 0.61065 0.473646
vt 0.61065 0.560542
vt 0.578971 0.473646
vt 0.578971 0.560542
vt 0.484748 0.174279
vt 0.484748 0.087348
vt 0.452149 0.087348
vt 0.452149 0.174279
vt 0.41955 0.087348
vt 0.41955 0.174279
vt 0.644562 0.173813
vt 0.644562 0.087216
vt 0.613361 0.087216
vt 0.613361 0.173813
vt 0.580887 0.087216
vt 0.582185 0.173813
vt 0.705958 0.432058
vt 0.70669 0.345547
vt 0.676628 0.345547
vt 0.676628 0.432057
vt 0.644941 0.345547
vt 0.644941 0.432058
vt 0.576923 0.493316
vt 0.576923 0.406452
vt 0.544349 0.406452
vt 0.544349 0.493316
vt 0.512644 0.406452
vt 0.512644 0.493316
vt 0.478711 0.517241
vt 0.511273 0.51171
vt 0.544349 0.319589
vt 0.512644 0.319589
vt 0.512644 0.578249
vt 0.544349 0.578249
vt 0.576923 0.319589
vt 0.576923 0.578249
vt 0.676628 0.259037
vt 0.644941 0.259037
vt 0.644941 0.515988
vt 0.676628 0.515988
vt 0.708223 0.259037
vt 0.707046 0.518471
vt 0.613361 0.000618994
vt 0.583209 0.000618994
vt 0.583209 0.25856
vt 0.613361 0.258621
vt 0.644562 0.000618994
vt 0.644562 0.256003
vt 0.452149 0.000418007
vt 0.41955 0.000418007
vt 0.41955 0.258621
vt 0.452149 0.255838
vt 0.484748 0.000418007
vt 0.484748 0.253618
vt 0.61065 0.38675
vt 0.578971 0.38675
vt 0.578971 0.644562
vt 0.61065 0.644562
vt 0.643236 0.38675
vt 0.643236 0.644562
vt 0.678235 0.000751019
vt 0.646535 0.000751019
vt 0.646535 0.254642
vt 0.678235 0.254642
vt 0.710875 0.000751019
vt 0.710875 0.254642
vt 0.54564 0.000757992
vt 0.513982 0.000757992
vt 0.513982 0.258621
vt 0.54564 0.256259
vt 0.578249 0.000757992
vt 0.578249 0.258621
vt 0.478711 0.256743
vt 0.447125 0.256743
vt 0.447125 0.517241
vt 0.511273 0.256743
vt 0.646535 0.087791
vt 0.646535 0.087791
vt 0.646535 0.000751019
vt 0.646535 0.000751019
vt 0.41955 0.174279
vt 0.41955 0.174279
vt 0.41955 0.087348
vt 0.41955 0.087348
vt 0.375099 0.744171
vt 0.375102 0.751867
vt 0.342896 0.758447
vt 0.341389 0.75089
vt 0.643236 0.473646
vt 0.643236 0.473646
vt 0.643236 0.560542
vt 0.643236 0.560542
vt 0.636605 0.312097
vt 0.634976 0.319629
vt 0.602258 0.31239
vt 0.602386 0.304695
vt 0.643236 0.38675
vt 0.643236 0.38675
vt 0.643236 0.473646
vt 0.646535 0.254642
vt 0.646535 0.254642
vt 0.646536 0.174831
vt 0.646536 0.174831
vt 0.61065 0.38675
vt 0.61065 0.38675
vt 0.643236 0.38675
vt 0.643236 0.38675
vt 0.513982 0.000757992
vt 0.513982 0.000757992
vt 0.54564 0.000757992
vt 0.54564 0.000757992
vt 0.708223 0.432058
vt 0.705958 0.432058
vt 0.707046 0.518471
vt 0.708223 0.518568
vt 0.580902 0.300094
vt 0.579577 0.307685
vt 0.546527 0.301755
vt 0.546346 0.294061
vt 0.513982 0.087716
vt 0.513982 0.087716
vt 0.513982 0.000757992
vt 0.513982 0.000757992
vt 0.580887 0.173813
vt 0.582185 0.173813
vt 0.580887 0.087216
vt 0.580887 0.087216
vt 0.570236 0.318367
vt 0.568859 0.310785
vt 0.710875 0.087791
vt 0.710875 0.087791
vt 0.710875 0.17483
vt 0.710875 0.17483
vt 0.512644 0.406452
vt 0.512644 0.406452
vt 0.512644 0.319589
vt 0.512644 0.319589
vt 0.513982 0.258621
vt 0.513982 0.258621
vt 0.513982 0.174675
vt 0.513982 0.174675
vt 0.511273 0.343576
vt 0.511273 0.343576
vt 0.511273 0.430409
vt 0.511273 0.430409
vt 0.546346 0.294061
vt 0.546527 0.301755
vt 0.514746 0.309019
vt 0.513066 0.301498
vt 0.447125 0.343576
vt 0.447125 0.343576
vt 0.447125 0.256743
vt 0.447125 0.256743
vt 0.576923 0.493316
vt 0.576923 0.493316
vt 0.576923 0.578249
vt 0.576923 0.578249
vt 0.484748 0.000418007
vt 0.484748 0.000418007
vt 0.484748 0.087348
vt 0.484748 0.087348
vt 0.578249 0.087716
vt 0.578249 0.087716
vt 0.578249 0.174675
vt 0.578249 0.174675
vt 0.644941 0.432058
vt 0.644941 0.432058
vt 0.644941 0.345547
vt 0.644941 0.345547
vt 0.452149 0.000418007
vt 0.452149 0.000418007
vt 0.484748 0.000418007
vt 0.484748 0.000418007
vt 0.54564 0.000757992
vt 0.578249 0.000757992
vt 0.578249 0.000757992
vt 0.578249 0.174675
vt 0.578249 0.258621
vt 0.578249 0.258621
vt 0.583554 0.274438
vt 0.582307 0.282048
vt 0.548898 0.276811
vt 0.54859 0.269116
vt 0.447125 0.517241
vt 0.447125 0.517241
vt 0.447125 0.430409
vt 0.447125 0.430409
vt 0.511273 0.430409
vt 0.511273 0.51171
vt 0.511273 0.51171
vt 0.447125 0.430409
vt 0.447125 0.343576
vt 0.512644 0.578249
vt 0.512644 0.578249
vt 0.512644 0.493316
vt 0.512644 0.493316
vt 0.478711 0.256743
vt 0.478711 0.256743
vt 0.511273 0.256743
vt 0.511273 0.256743
vt 0.512644 0.493316
vt 0.512644 0.406452
vt 0.068966 0.741154
vt 0.067598 0.748744
vt 0.034436 0.743623
vt 0.034242 0.735923
vt 0.51621 0.285146
vt 0.51445 0.277638
vt 0.512644 0.319589
vt 0.512644 0.319589
vt 0.544349 0.319589
vt 0.544349 0.319589
vt 0.710875 0.17483
vt 0.710875 0.254642
vt 0.710875 0.254642
vt 0.644562 0.000618994
vt 0.644562 0.000618994
vt 0.644562 0.087216
vt 0.644562 0.087216
vt 0.511273 0.256743
vt 0.511273 0.256743
vt 0.511273 0.343576
vt 0.447125 0.256743
vt 0.447125 0.256743
vt 0.478711 0.256743
vt 0.513982 0.174675
vt 0.513982 0.087716
vt 0.613361 0.000618994
vt 0.613361 0.000618994
vt 0.644562 0.000618994
vt 0.644562 0.000618994
vt 0.644941 0.345547
vt 0.644941 0.259037
vt 0.644941 0.259037
vt 0.002805 0.750663
vt 0.001163 0.743127
vt 0.067639 0.753536
vt 0.06613 0.761092
vt 0.034502 0.755096
vt 0.034483 0.7474
vt 0.576923 0.406452
vt 0.576923 0.406452
vt 0.576923 0.493316
vt 0.578249 0.000757992
vt 0.578249 0.000757992
vt 0.578249 0.087716
vt 0.544349 0.319589
vt 0.576923 0.319589
vt 0.576923 0.319589
vt 0.41955 0.000418007
vt 0.41955 0.000418007
vt 0.452149 0.000418007
vt 0.452149 0.000418007
vt 0.643236 0.560542
vt 0.643236 0.644562
vt 0.643236 0.644562
vt 0.580887 0.000618994
vt 0.583209 0.000618994
vt 0.613361 0.000618994
vt 0.644941 0.515988
vt 0.644941 0.515988
vt 0.644941 0.432058
vt 0.580902 0.262984
vt 0.580033 0.27065
vt 0.546599 0.266268
vt 0.545956 0.25859
vt 0.41955 0.087348
vt 0.41955 0.000418007
vt 0.41955 0.000418007
vt 0.646536 0.174831
vt 0.646535 0.087791
vt 0.003991 0.761273
vt 0.000145 0.75419
vt 0.580887 0.087216
vt 0.580887 0.087216
vt 0.583209 0.000618994
vt 0.580887 0.000618994
vt 0.644562 0.087216
vt 0.644562 0.173813
vt 0.644562 0.173813
vt 0.708223 0.259037
vt 0.708223 0.259037
vt 0.70669 0.345547
vt 0.708223 0.345547
vt 0.41955 0.258621
vt 0.41955 0.258621
vt 0.41955 0.174279
vt 0.676628 0.259037
vt 0.676628 0.259037
vt 0.708223 0.259037
vt 0.708223 0.259037
vt 0.515342 0.275862
vt 0.513211 0.268446
vt 0.578971 0.38675
vt 0.578971 0.38675
vt 0.61065 0.38675
vt 0.484748 0.174279
vt 0.484748 0.174279
vt 0.484748 0.253618
vt 0.484748 0.253618
vt 0.580902 0.291266
vt 0.577809 0.298408
vt 0.547563 0.289998
vt 0.548016 0.28231
vt 0.580887 0.258556
vt 0.583209 0.25856
vt 0.580887 0.173813
vt 0.710875 0.000751019
vt 0.710875 0.000751019
vt 0.710875 0.087791
vt 0.578971 0.473646
vt 0.578971 0.473646
vt 0.578971 0.38675
vt 0.578971 0.38675
vt 0.578971 0.560542
vt 0.578971 0.560542
vt 0.578971 0.473646
vt 0.678235 0.000751019
vt 0.678235 0.000751019
vt 0.710875 0.000751019
vt 0.710875 0.000751019
vt 0.484748 0.087348
vt 0.484748 0.174279
vt 0.644941 0.259037
vt 0.644941 0.259037
vt 0.676628 0.259037
vt 0.409814 0.751062
vt 0.408314 0.758621
vt 0.578971 0.644562
vt 0.578971 0.644562
vt 0.578971 0.560542
vt 0.515167 0.29475
vt 0.514086 0.287115
vt 0.646535 0.000751019
vt 0.646535 0.000751019
vt 0.678235 0.000751019
vt 0.678235 0.000751019
vt 0.644562 0.173813
vt 0.644562 0.256003
vt 0.644562 0.256003
vt 0.576923 0.319589
vt 0.576923 0.319589
vt 0.576923 0.406452
vn -0 1 -0
vn -0 1 -0
vn -0 1 -0
vn -0 1 -0
vn -0 1 -0
vn -0 1 -0
vn -0 1 -0
vn -0 1 -0
vn -0 1 -0
vn -0 1 -0
vn -0 1 -0
vn -0 1 -0
vn -0 1 -0
vn -0 1 -0
vn -0 1 -0
vn -0 1 -0
vn -0 1 -0
vn -0 1 -0
vn -0 1 -0
vn -0 1 -0
vn -0 1 -0
vn -0 1 -0
vn -0 1 -0
vn -0 1 -0
vn -0 1 -0
vn -0 1 -0
vn -0 -1 -0
vn -0 -1 -0
vn -0 -1 -0
vn -0 -1 -0
vn -0 -1 -0
vn -0 -1 -0
vn -0 -1 -0
vn -0 -1 -0
vn -0 -1 -0
vn -0 -1 -0
vn -0 -1 -0
vn -0 -1 -0
vn -0 -1 -0
vn -0 -1 -0
vn -0 -1 -0
vn -0 -1 -0
vn -0 -1 -0
vn -0 -1 -0
vn -0 -1 -0
vn -0 -1 -0
vn -0 -1 -0
vn -0 -1 -0
vn -0 -1 -0
vn -0 -1 -0
vn -0 -1 -0
vn -0 -1 -0
vn 0.222 -0 -0.9751
vn 0.222 -0 -0.9751
vn 0.222 -0 -0.9751
vn 0.222 -0 -0.9751
vn 0.9849 -0 -0.1733
vn 0.9849 -0 -0.1733
vn 0.9849 -0 -0.1733
vn 0.9849 -0 -0.1733
vn 0.1734 -0 0.9849
vn 0.1734 -0 0.9849
vn 0.1734 -0 0.9849
vn 0.1734 -0 0.9849
vn -0.986 -0 0.167
vn -0.986 -0 0.167
vn -0.986 -0 0.167
vn -0.986 -0 0.167
vn -0.5369 -0 -0.8437
vn -0.5369 -0 -0.8437
vn -0.5369 -0 -0.8437
vn -0.5369 -0 -0.8437
vn 0.5905 -0 -0.8071
vn 0.5905 -0 -0.8071
vn 0.5905 -0 -0.8071
vn 0.5905 -0 -0.8071
vn -0.9996 -0 -0.028
vn -0.9996 -0 -0.028
vn -0.9996 -0 -0.028
vn -0.9996 -0 -0.028
vn -0.2205 -0 0.9754
vn -0.2205 -0 0.9754
vn -0.2205 -0 0.9754
vn -0.2205 -0 0.9754
vn -0.8211 -0 -0.5708
vn -0.8211 -0 -0.5708
vn -0.8211 -0 -0.5708
vn -0.8211 -0 -0.5708
vn -0.8515 -0 0.5243
vn -0.8515 -0 0.5243
vn -0.8515 -0 0.5243
vn -0.8515 -0 0.5243
vn -0.9996 -0 -0.0267
vn -0.9996 -0 -0.0267
vn -0.9996 -0 -0.0267
vn -0.9996 -0 -0.0267
vn 0.9996 -0 0.028
vn 0.9996 -0 0.028
vn 0.9996 -0 0.028
vn 0.9996 -0 0.028
vn 0.5497 -0 0.8353
vn 0.5497 -0 0.8353
vn 0.5497 -0 0.8353
vn 0.5497 -0 0.8353
vn -0.9998 -0 -0.0215
vn -0.9998 -0 -0.0215
vn -0.9998 -0 -0.0215
vn -0.9998 -0 -0.0215
vn 0.9996 -0 0.0267
vn 0.9996 -0 0.0267
vn 0.9996 -0 0.0267
vn 0.9996 -0 0.0267
vn -0.9748 -0 -0.2229
vn -0.9748 -0 -0.2229
vn -0.9748 -0 -0.2229
vn -0.9748 -0 -0.2229
vn -0.9996 -0 -0.0267
vn -0.9996 -0 -0.0267
vn -0.9996 -0 -0.0267
vn -0.9996 -0 -0.0267
vn 0.9998 -0 0.0215
vn 0.9998 -0 0.0215
vn 0.9998 -0 0.0215
vn 0.9998 -0 0.0215
vn 0.8476 -0 -0.5306
vn 0.8476 -0 -0.5306
vn 0.8476 -0 -0.5306
vn 0.8476 -0 -0.5306
vn -0.9998 -0 -0.0211
vn -0.9998 -0 -0.0211
vn -0.9998 -0 -0.0211
vn -0.9998 -0 -0.0211
vn -0.1723 -0 -0.985
vn -0.1723 -0 -0.985
vn -0.1723 -0 -0.985
vn -0.1723 -0 -0.985
vn 0.9996 -0 0.0267
vn 0.9996 -0 0.0267
vn 0.9996 -0 0.0267
vn 0.9996 -0 0.0267
vn 0.9757 -0 0.219
vn 0.9757 -0 0.219
vn 0.9757 -0 0.219
vn 0.9757 -0 0.219
vn 0.8204 -0 0.5718
vn 0.8204 -0 0.5718
vn 0.8204 -0 0.5718
vn 0.8204 -0 0.5718
vn -0.5836 -0 0.812
vn -0.5836 -0 0.812
vn -0.5836 -0 0.812
vn -0.5836 -0 0.812
vn 0.9998 -0 0.0211
vn 0.9998 -0 0.0211
vn 0.9998 -0 0.0211
vn 0.9998 -0 0.0211
vn -0 -1 -0
vn -0 -1 -0
vn -0 -1 -0
vn -0 -1 -0
vn -0 -1 -0
vn -0 -1 -0
vn -0 -1 -0
vn -0 -1 -0
vn -0 -1 -0
vn -0 -1 -0
vn -0 -1 -0
vn -0 -1 -0
vn -0 -1 -0
vn -0 -1 -0
vn -0 -1 -0
vn -0 -1 -0
vn -0 -1 -0
vn -0 -1 -0
vn -0 -1 -0
vn -0 -1 -0
vn -0 -1 -0
vn -0 -1 -0
vn -0 -1 -0
vn -0 -1 -0
vn -0 -1 -0
vn -0 -1 -0
vn -0 1 -0
vn -0 1 -0
vn -0 1 -0
vn -0 1 -0
vn -0 1 -0
vn -0 1 -0
vn -0 1 -0
vn -0 1 -0
vn -0 1 -0
vn -0 1 -0
vn -0 1 -0
vn -0 1 -0
vn -0 1 -0
vn -0 1 -0
vn -0 1 -0
vn -0 1 -0
vn -0 1 -0
vn -0 1 -0
vn -0 1 -0
vn -0 1 -0
vn -0 1 -0
vn -0 1 -0
vn -0 1 -0
vn -0 1 -0
vn -0 1 -0
vn -0 1 -0
vn -0.222 -0 -0.975
vn -0.222 -0 -0.975
vn -0.222 -0 -0.975
vn -0.222 -0 -0.975
vn -0.9849 -0 -0.1733
vn -0.9849 -0 -0.1733
vn -0.9849 -0 -0.1733
vn -0.9849 -0 -0.1733
vn -0.1734 -0 0.9849
vn -0.1734 -0 0.9849
vn -0.1734 -0 0.9849
vn -0.1734 -0 0.9849
vn 0.986 -0 0.167
vn 0.986 -0 0.167
vn 0.986 -0 0.167
vn 0.986 -0 0.167
vn 0.5368 -0 -0.8437
vn 0.5368 -0 -0.8437
vn 0.5368 -0 -0.8437
vn 0.5368 -0 -0.8437
vn -0.5905 -0 -0.8071
vn -0.5905 -0 -0.8071
vn -0.5905 -0 -0.8071
vn -0.5905 -0 -0.8071
vn 0.9996 -0 -0.028
vn 0.9996 -0 -0.028
vn 0.9996 -0 -0.028
vn 0.9996 -0 -0.028
vn 0.2205 -0 0.9754
vn 0.2205 -0 0.9754
vn 0.2205 -0 0.9754
vn 0.2205 -0 0.9754
vn 0.8211 -0 -0.5708
vn 0.8211 -0 -0.5708
vn 0.8211 -0 -0.5708
vn 0.8211 -0 -0.5708
vn 0.8515 -0 0.5243
vn 0.8515 -0 0.5243
vn 0.8515 -0 0.5243
vn 0.8515 -0 0.5243
vn 0.9996 -0 -0.0268
vn 0.9996 -0 -0.0268
vn 0.9996 -0 -0.0268
vn 0.9996 -0 -0.0268
vn -0.9996 -0 0.028
vn -0.9996 -0 0.028
vn -0.9996 -0 0.028
vn -0.9996 -0 0.028
vn -0.5497 -0 0.8353
vn -0.5497 -0 0.8353
vn -0.5497 -0 0.8353
vn -0.5497 -0 0.8353
vn 0.9998 -0 -0.0215
vn 0.9998 -0 -0.0215
vn 0.9998 -0 -0.0215
vn 0.9998 -0 -0.0215
vn -0.9996 -0 0.0267
vn -0.9996 -0 0.0267
vn -0.9996 -0 0.0267
vn -0.9996 -0 0.0267
vn 0.9748 -0 -0.2229
vn 0.9748 -0 -0.2229
vn 0.9748 -0 -0.2229
vn 0.9748 -0 -0.2229
vn 0.9996 -0 -0.0267
vn 0.9996 -0 -0.0267
vn 0.9996 -0 -0.0267
vn 0.9996 -0 -0.0267
vn -0.9998 -0 0.0215
vn -0.9998 -0 0.0215
vn -0.9998 -0 0.0215
vn -0.9998 -0 0.0215
vn -0.8476 -0 -0.5306
vn -0.8476 -0 -0.5306
vn -0.8476 -0 -0.5306
vn -0.8476 -0 -0.5306
vn 0.9998 -0 -0.0211
vn 0.9998 -0 -0.0211
vn 0.9998 -0 -0.0211
vn 0.9998 -0 -0.0211
vn 0.1724 -0 -0.985
vn 0.1724 -0 -0.985
vn 0.1724 -0 -0.985
vn 0.1724 -0 -0.985
vn -0.9996 -0 0.0268
vn -0.9996 -0 0.0268
vn -0.9996 -0 0.0268
vn -0.9996 -0 0.0268
vn -0.9757 -0 0.219
vn -0.9757 -0 0.219
vn -0.9757 -0 0.219
vn -0.9757 -0 0.219
vn -0.8204 -0 0.5718
vn -0.8204 -0 0.5718
vn -0.8204 -0 0.5718
vn -0.8204 -0 0.5718
vn 0.5836 -0 0.812
vn 0.5836 -0 0.812
vn 0.5836 -0 0.812
vn 0.5836 -0 0.812
vn -0.9998 -0 0.0211
vn -0.9998 -0 0.0211
vn -0.9998 -0 0.0211
vn -0.9998 -0 0.0211
vn -0 -1 -0
vn -0 -1 -0
vn -0 -1 -0
vn -0 -1 -0
vn -0 -1 -0
vn -0 -1 -0
vn -0 -1 -0
vn -0 -1 -0
vn -0 -1 -0
vn -0 -1 -0
vn -0 -1 -0
vn -0 -1 -0
vn -0 -1 -0
vn -0 -1 -0
vn -0 -1 -0
vn -0 -1 -0
vn -0 -1 -0
vn -0 -1 -0
vn -0 -1 -0
vn -0 -1 -0
vn -0 -1 -0
vn -0 -1 -0
vn -0 -1 -0
vn -0 -1 -0
vn -0 -1 -0
vn -0 -1 -0
vn -0 -1 -0
vn -0 -1 -0
vn -0 -1 -0
vn -0 -1 -0
vn -0 -1 -0
vn -0 -1 -0
vn -0 -1 -0
vn -0 -1 -0
vn -0 -1 -0
vn -0 -1 -0
vn -0 1 -0
vn -0 1 -0
vn -0 1 -0
vn -0 1 -0
vn -0 1 -0
vn -0 1 -0
vn -0 1 -0
vn -0 1 -0
vn -0 1 -0
vn -0 1 -0
vn -0 1 -0
vn -0 1 -0
vn -0 1 -0
vn -0 1 -0
vn -0 1 -0
vn -0 1 -0
vn -0 1 -0
vn -0 1 -0
vn -0 1 -0
vn -0 1 -0
vn -0 1 -0
vn -0 1 -0
vn -0 1 -0
vn -0 1 -0
vn -0 1 -0
vn -0 1 -0
vn -0 1 -0
vn -0 1 -0
vn -0 1 -0
vn -0 1 -0
vn -0 1 -0
vn -0 1 -0
vn -0 1 -0
vn -0 1 -0
vn -0 1 -0
vn -0 1 -0
vn 0.3814 0.132 0.9149
vn 0.3813 0.132 0.915
vn 0.7025 0.1319 0.6993
vn 0.7024 0.1319 0.6994
vn 0.9158 0.1321 0.3793
vn 0.9158 0.1321 0.3793
vn 0.3815 -0.1391 0.9138
vn 0.3814 -0.1391 0.9139
vn 0.0027 -0.1389 0.9903
vn 0.0025 -0.1389 0.9903
vn 0.3803 0.1323 -0.9153
vn 0.3803 0.1323 -0.9154
vn -0.0027 0.1322 -0.9912
vn -0.0025 0.1322 -0.9912
vn 0.9912 0.132 0.0024
vn 0.9912 0.132 0.0025
vn 0.9167 0.1322 -0.3771
vn 0.9167 0.1322 -0.377
vn 0.916 -0.139 0.3764
vn 0.9159 -0.139 0.3765
vn 0.7022 -0.1389 0.6983
vn 0.7021 -0.1389 0.6984
vn 0.7035 0.1321 -0.6984
vn 0.7035 0.1321 -0.6983
vn 0.3803 0.1323 -0.9154
vn 0.3803 0.1323 -0.9153
vn 0.9138 -0.1389 -0.3816
vn 0.9139 -0.1389 -0.3815
vn 0.9903 -0.1388 -0.0028
vn 0.9903 -0.1388 -0.0027
vn -0.3818 0.1324 -0.9147
vn -0.3818 0.1324 -0.9147
vn 0.3766 -0.1387 -0.9159
vn 0.3767 -0.1387 -0.9159
vn 0.6983 -0.1387 -0.7023
vn 0.6983 -0.1387 -0.7022
vn -0.7028 0.1322 -0.699
vn -0.7028 0.1322 -0.699
vn -0.9168 0.1323 -0.3769
vn -0.9168 0.1323 -0.3767
vn -0.7212 -0.1381 0.6788
vn -0.7207 -0.1381 0.6793
vn -0.9158 -0.1389 0.3768
vn -0.9159 -0.1389 0.3766
vn -0.9912 0.1321 0.0027
vn -0.9912 0.1321 0.0028
vn -0.9147 0.1322 0.3818
vn -0.9147 0.1322 0.382
vn -0.699 0.132 0.7029
vn -0.6989 0.132 0.7029
vn -0.3771 0.1321 0.9167
vn -0.377 0.1321 0.9168
vn -0.9903 -0.1387 -0.0024
vn -0.9903 -0.1387 -0.0025
vn -0.9149 -0.1388 -0.379
vn -0.9149 -0.1388 -0.379
vn -0.0025 -0.1386 -0.9903
vn -0.0025 -0.1386 -0.9903
vn 0.3767 -0.1387 -0.9159
vn 0.3766 -0.1387 -0.9159
vn -0.381 -0.1387 -0.9141
vn -0.381 -0.1387 -0.9141
vn -0.7018 -0.1386 -0.6988
vn -0.7019 -0.1386 -0.6987
vn -0.3799 -0.139 0.9145
vn -0.38 -0.139 0.9145
vn -0.377 0.1321 0.9168
vn -0.3771 0.1321 0.9167
vn 0.0025 0.1319 0.9913
vn 0.0025 0.1319 0.9913
vn -0.5947 -0.1361 0.7924
vn -0.5947 -0.1361 0.7924
vn -0.5565 -0.1362 0.8196
vn -0.38 -0.139 0.9145
vn -0.5565 -0.1362 0.8196
vn -0.5565 -0.1362 0.8196
vn -0.3799 -0.139 0.9145
vn -0.5564 -0.1362 0.8196
vn 0.8085 -0.0329 0.5876
vn 0.8085 -0.0329 0.5876
vn 0.8085 -0.0329 0.5876
vn 0.8085 -0.0329 0.5876
vn -0.0159 0.9948 0.1004
vn -0.0159 0.9948 0.1004
vn -0.0159 0.9948 0.1004
vn -0.0142 -0.995 0.0984
vn -0.0142 -0.995 0.0984
vn -0.0142 -0.995 0.0984
vn -0 1 -0
vn -0 1 -0
vn -0 1 -0
vn -0 1 -0
vn -0 1 -0
vn -0 1 -0
vn -0 1 -0
vn -0 1 -0
vn -0 1 -0
vn -0 1 -0
vn -0 1 -0
vn -0 1 -0
vn -0 1 -0
vn -0 1 -0
vn -0 1 -0
vn -0 1 -0
vn -0 1 -0
vn -0 1 -0
vn -0 1 -0
vn -0 1 -0
vn -0 1 -0
vn -0 1 -0
vn -0 1 -0
vn -0 1 -0
vn -0 1 -0
vn -0 1 -0
vn -0 1 -0
vn -0 1 -0
vn -0 1 -0
vn -0 1 -0
vn -0 1 -0
vn -0 1 -0
vn -0 1 -0
vn -0 1 -0
vn -0 1 -0
vn -0 1 -0
vn -0 -1 -0
vn -0 -1 -0
vn -0 -1 -0
vn -0 -1 -0
vn -0 -1 -0
vn -0 -1 -0
vn -0 -1 -0
vn -0 -1 -0
vn -0 -1 -0
vn -0 -1 -0
vn -0 -1 -0
vn -0 -1 -0
vn -0 -1 -0
vn -0 -1 -0
vn -0 -1 -0
vn -0 -1 -0
vn -0 -1 -0
vn -0 -1 -0
vn -0 -1 -0
vn -0 -1 -0
vn -0 -1 -0
vn -0 -1 -0
vn -0 -1 -0
vn -0 -1 -0
vn -0 -1 -0
vn -0 -1 -0
vn -0 -1 -0
vn -0 -1 -0
vn -0 -1 -0
vn -0 -1 -0
vn -0 -1 -0
vn -0 -1 -0
vn -0 -1 -0
vn -0 -1 -0
vn -0 -1 -0
vn -0 -1 -0
vn 0.3814 -0.132 0.9149
vn 0.7024 -0.1319 0.6994
vn 0.7025 -0.1319 0.6993
vn 0.3813 -0.132 0.915
vn 0.9158 -0.1321 0.3793
vn 0.9158 -0.1321 0.3793
vn 0.3815 0.1391 0.9138
vn 0.0025 0.1389 0.9903
vn 0.0027 0.1389 0.9903
vn 0.3814 0.1391 0.9139
vn 0.3803 -0.1323 -0.9153
vn -0.0025 -0.1322 -0.9912
vn -0.0027 -0.1322 -0.9912
vn 0.3802 -0.1323 -0.9154
vn 0.9912 -0.132 0.0024
vn 0.9167 -0.1322 -0.377
vn 0.9167 -0.1322 -0.3771
vn 0.9912 -0.132 0.0025
vn 0.916 0.139 0.3764
vn 0.7021 0.1389 0.6984
vn 0.7022 0.1389 0.6983
vn 0.9159 0.139 0.3765
vn 0.7035 -0.1321 -0.6984
vn 0.3803 -0.1323 -0.9153
vn 0.3802 -0.1323 -0.9154
vn 0.7035 -0.1321 -0.6983
vn 0.9138 0.1389 -0.3816
vn 0.9903 0.1388 -0.0027
vn 0.9903 0.1388 -0.0028
vn 0.9139 0.1389 -0.3815
vn -0.3818 -0.1324 -0.9147
vn -0.3818 -0.1324 -0.9147
vn 0.3766 0.1387 -0.9159
vn 0.6983 0.1387 -0.7022
vn 0.6983 0.1387 -0.7023
vn 0.3767 0.1387 -0.9159
vn -0.7028 -0.1322 -0.699
vn -0.9168 -0.1323 -0.3767
vn -0.9168 -0.1323 -0.3769
vn -0.7028 -0.1322 -0.699
vn -0.7212 0.1381 0.6788
vn -0.9159 0.1389 0.3766
vn -0.9158 0.1389 0.3768
vn -0.7207 0.1381 0.6793
vn -0.9912 -0.1321 0.0027
vn -0.9147 -0.1322 0.382
vn -0.9147 -0.1322 0.3818
vn -0.9912 -0.1321 0.0028
vn -0.699 -0.132 0.7029
vn -0.377 -0.1321 0.9168
vn -0.3771 -0.1321 0.9167
vn -0.6989 -0.132 0.7029
vn -0.9903 0.1387 -0.0024
vn -0.9149 0.1388 -0.379
vn -0.915 0.1388 -0.379
vn -0.9903 0.1387 -0.0025
vn -0.0025 0.1386 -0.9903
vn 0.3766 0.1387 -0.9159
vn 0.3767 0.1387 -0.9159
vn -0.0025 0.1386 -0.9903
vn -0.381 0.1387 -0.9141
vn -0.381 0.1387 -0.9141
vn -0.7018 0.1386 -0.6988
vn -0.7019 0.1386 -0.6987
vn -0.38 0.139 0.9145
vn -0.3799 0.139 0.9145
vn -0.377 -0.1321 0.9168
vn 0.0025 -0.1319 0.9913
vn 0.0025 -0.1319 0.9913
vn -0.3771 -0.1321 0.9167
vn -0.5947 0.1361 0.7924
vn -0.5947 0.1361 0.7924
vn -0.5565 0.1362 0.8196
vn -0.5565 0.1362 0.8196
vn -0.38 0.139 0.9145
vn -0.5565 0.1362 0.8196
vn -0.5565 0.1362 0.8196
vn -0.3799 0.139 0.9145
vn 0.8085 0.0329 0.5876
vn 0.8085 0.0329 0.5876
vn 0.8085 0.0329 0.5876
vn 0.8085 0.0329 0.5876
vn -0.0159 -0.9948 0.1005
vn -0.0159 -0.9948 0.1005
vn -0.0159 -0.9948 0.1005
vn -0.0143 0.995 0.0986
vn -0.0143 0.995 0.0986
vn -0.0143 0.995 0.0986
vn -0 1 -0
vn -0 1 -0
vn -0 1 -0
vn -0 1 -0
vn -0 1 -0
vn -0 1 -0
vn -0 1 -0
vn -0 1 -0
vn -0 1 -0
vn -0 1 -0
vn -0 1 -0
vn -0 1 -0
vn -0 1 -0
vn -0 1 -0
vn -0 1 -0
vn -0 1 -0
vn -0 1 -0
vn -0 1 -0
vn -0 1 -0
vn -0 1 -0
vn -0 1 -0
vn -0 1 -0
vn -0 1 -0
vn -0 1 -0
vn -0 1 -0
vn -0 1 -0
vn -0 1 -0
vn -0 1 -0
vn -0 1 -0
vn -0 1 -0
vn -0 1 -0
vn -0 1 -0
vn -0 1 -0
vn -0 1 -0
vn -0 1 -0
vn -0 1 -0
vn -0 -1 -0
vn -0 -1 -0
vn -0 -1 -0
vn -0 -1 -0
vn -0 -1 -0
vn -0 -1 -0
vn -0 -1 -0
vn -0 -1 -0
vn -0 -1 -0
vn -0 -1 -0
vn -0 -1 -0
vn -0 -1 -0
vn -0 -1 -0
vn -0 -1 -0
vn -0 -1 -0
vn -0 -1 -0
vn -0 -1 -0
vn -0 -1 -0
vn -0 -1 -0
vn -0 -1 -0
vn -0 -1 -0
vn -0 -1 -0
vn -0 -1 -0
vn -0 -1 -0
vn -0 -1 -0
vn -0 -1 -0
vn -0 -1 -0
vn -0 -1 -0
vn -0 -1 -0
vn -0 -1 -0
vn -0 -1 -0
vn -0 -1 -0
vn -0 -1 -0
vn -0 -1 -0
vn -0 -1 -0
vn -0 -1 -0
vn 1 -0 0.0025
vn 1 -0 0.0025
vn 0.9239 -0 0.3827
vn 0.9239 -0 0.3827
vn -0.9248 -0 0.3804
vn -0.9248 -0 0.3804
vn -0.73 -0 0.6835
vn -0.73 -0 0.6835
vn -0.7051 -0 0.7091
vn -0.7051 -0 0.7091
vn -0.9228 -0 0.3853
vn -0.9228 -0 0.3853
vn 0.3852 -0 0.9228
vn 0.3852 -0 0.9228
vn 0.709 -0 0.7052
vn 0.709 -0 0.7052
vn -1 -0 0.0028
vn -1 -0 0.0028
vn -0.9249 -0 -0.3801
vn -0.9249 -0 -0.3801
vn -0.9239 -0 -0.3827
vn -0.9239 -0 -0.3827
vn -1 -0 -0.0025
vn -1 -0 -0.0025
vn 0.0025 -0 1
vn 0.0025 -0 1
vn -0.3804 -0 0.9248
vn -0.3804 -0 0.9248
vn 0.3847 -0 0.923
vn 0.3847 -0 0.923
vn 0.9228 -0 -0.3853
vn 0.9228 -0 -0.3853
vn 0.7051 -0 -0.7091
vn 0.7051 -0 -0.7091
vn 0.7087 -0 0.7055
vn 0.7087 -0 0.7055
vn 0.9249 -0 0.3801
vn 0.9249 -0 0.3801
vn 1 -0 -0.0028
vn 1 -0 -0.0028
vn -0.0026 -0 -1
vn -0.0026 -0 -1
vn 0.3837 -0 -0.9235
vn 0.3837 -0 -0.9235
vn 0.9248 -0 -0.3804
vn 0.9248 -0 -0.3804
vn 0.3804 -0 -0.9248
vn 0.3804 -0 -0.9248
vn -0.0025 -0 -1
vn -0.0025 -0 -1
vn -0.3847 -0 -0.923
vn -0.3847 -0 -0.923
vn 0.3837 -0 -0.9235
vn 0.3837 -0 -0.9235
vn 0.7097 -0 -0.7045
vn 0.7097 -0 -0.7045
vn -0.7087 -0 -0.7055
vn -0.7087 -0 -0.7055
vn -0.3852 -0 -0.9228
vn -0.3852 -0 -0.9228
vn -0.3837 -0 0.9235
vn -0.3837 -0 0.9235
vn 0.0026 -0 1
vn 0.0026 -0 1
vn -0.709 -0 -0.7052
vn -0.709 -0 -0.7052
vn -0.6054 -0 0.7959
vn -0.6054 -0 0.7959
vn -0.3804 -0 0.9248
vn -0.3804 -0 0.9248
vn 0.3804 -0 -0.9248
vn 0.3804 -0 -0.9248
vn -0.5617 -0 0.8273
vn -0.3837 -0 0.9235
vn -0.5617 -0 0.8274
vn -0.5617 -0 0.8274
vn -0.3837 -0 0.9235
vn -0.5617 -0 0.8273
vn -0.0173 0.9952 0.0961
vn -0.0173 0.9952 0.0961
vn -0.0173 0.9952 0.0961
vn -0.0173 -0.9952 0.0961
vn -0.0173 -0.9952 0.0961
vn -0.0173 -0.9952 0.0961
vn 0.8873 -0 0.4612
vn 0.8873 -0 0.4612
vn 0.8873 -0 0.4612
vn 0.8873 -0 0.4612
vn -0 1 -0
vn -0 1 -0
vn -0 1 -0
vn -0 1 -0
vn -0 1 -0
vn -0 1 -0
vn -0 1 -0
vn -0 1 -0
vn -0 1 -0
vn -0 1 -0
vn -0 1 -0
vn -0 1 -0
vn -0 1 -0
vn -0 1 -0
vn -0 1 -0
vn -0 1 -0
vn -0 1 -0
vn -0 1 -0
vn -0 1 -0
vn -0 1 -0
vn -0 1 -0
vn -0 1 -0
vn -0 1 -0
vn -0 1 -0
vn -0 1 -0
vn -0 1 -0
vn -0 1 -0
vn -0 1 -0
vn -0 1 -0
vn -0 1 -0
vn -0 1 -0
vn -0 1 -0
vn -0 1 -0
vn -0 1 -0
vn -0 1 -0
vn -0 1 -0
vn -0 -1 -0
vn -0 -1 -0
vn -0 -1 -0
vn -0 -1 -0
vn -0 -1 -0
vn -0 -1 -0
vn -0 -1 -0
vn -0 -1 -0
vn -0 -1 -0
vn -0 -1 -0
vn -0 -1 -0
vn -0 -1 -0
vn -0 -1 -0
vn -0 -1 -0
vn -0 -1 -0
vn -0 -1 -0
vn -0 -1 -0
vn -0 -1 -0
vn -0 -1 -0
vn -0 -1 -0
vn -0 -1 -0
vn -0 -1 -0
vn -0 -1 -0
vn -0 -1 -0
vn -0 -1 -0
vn -0 -1 -0
vn -0 -1 -0
vn -0 -1 -0
vn -0 -1 -0
vn -0 -1 -0
vn -0 -1 -0
vn -0 -1 -0
vn -0 -1 -0
vn -0 -1 -0
vn -0 -1 -0
vn -0 -1 -0
vn 1 -0 0.0025
vn 1 -0 0.0025
vn 0.9239 -0 0.3827
vn 0.9239 -0 0.3827
vn -0.9248 -0 0.3804
vn -0.9248 -0 0.3804
vn -0.73 -0 0.6835
vn -0.73 -0 0.6835
vn -0.7051 -0 0.7091
vn -0.7051 -0 0.7091
vn -0.9228 -0 0.3853
vn -0.9228 -0 0.3853
vn 0.3852 -0 0.9228
vn 0.3852 -0 0.9228
vn 0.709 -0 0.7052
vn 0.709 -0 0.7052
vn -1 -0 0.0028
vn -1 -0 0.0028
vn -0.9249 -0 -0.3801
vn -0.9249 -0 -0.3801
vn -0.9239 -0 -0.3827
vn -0.9239 -0 -0.3827
vn -1 -0 -0.0025
vn -1 -0 -0.0025
vn 0.0025 -0 1
vn 0.0025 -0 1
vn -0.3804 -0 0.9248
vn -0.3804 -0 0.9248
vn 0.3847 -0 0.923
vn 0.3847 -0 0.923
vn 0.9228 -0 -0.3853
vn 0.9228 -0 -0.3853
vn 0.7051 -0 -0.7091
vn 0.7051 -0 -0.7091
vn 0.7087 -0 0.7055
vn 0.7087 -0 0.7055
vn 0.9249 -0 0.3801
vn 0.9249 -0 0.3801
vn 1 -0 -0.0028
vn 1 -0 -0.0028
vn -0.0026 -0 -1
vn -0.0026 -0 -1
vn 0.3837 -0 -0.9235
vn 0.3837 -0 -0.9235
vn 0.9248 -0 -0.3804
vn 0.9248 -0 -0.3804
vn 0.3804 -0 -0.9248
vn 0.3804 -0 -0.9248
vn -0.0025 -0 -1
vn -0.0025 -0 -1
vn -0.3847 -0 -0.923
vn -0.3847 -0 -0.923
vn 0.3837 -0 -0.9235
vn 0.3837 -0 -0.9235
vn 0.7097 -0 -0.7045
vn 0.7097 -0 -0.7045
vn -0.7087 -0 -0.7055
vn -0.7087 -0 -0.7055
vn -0.3852 -0 -0.9228
vn -0.3852 -0 -0.9228
vn -0.3836 -0 0.9235
vn -0.3836 -0 0.9235
vn 0.0026 -0 1
vn 0.0026 -0 1
vn -0.709 -0 -0.7052
vn -0.709 -0 -0.7052
vn -0.6054 -0 0.7959
vn -0.6054 -0 0.7959
vn -0.3804 -0 0.9248
vn -0.3804 -0 0.9248
vn 0.3804 -0 -0.9248
vn 0.3804 -0 -0.9248
vn -0.5616 0.0001 0.8274
vn -0.3836 -0 0.9235
vn -0.5617 0.0001 0.8274
vn -0.5617 -0.0001 0.8274
vn -0.3836 -0 0.9235
vn -0.5616 -0.0001 0.8274
vn -0.0173 0.9952 0.0961
vn -0.0173 0.9952 0.0961
vn -0.0173 0.9952 0.0961
vn -0.0173 -0.9952 0.0961
vn -0.0173 -0.9952 0.0961
vn -0.0173 -0.9952 0.0961
vn 0.8872 -0 0.4613
vn 0.8872 -0 0.4613
vn 0.8872 -0 0.4613
vn 0.8872 -0 0.4613
vn -0.24 0.9653 0.1026
vn 0.1394 0.9653 0.2207
vn 0.1394 0.9653 0.2207
vn -0.2401 0.9653 0.1026
vn -0.0597 0.2498 0.9664
vn 0.1811 0.3672 0.9124
vn 0.0483 0.515 0.8558
vn -0.1048 0.3518 0.9302
vn -0.1412 0.5905 0.7946
vn -0.2242 0.3628 0.9045
vn 0.1406 0.6008 0.7869
vn -0.0872 0.6973 0.7114
vn -0.0296 0.1556 0.9874
vn 0.2423 0.1897 0.9515
vn -0.0597 0.2498 0.9664
vn 0.3039 0.4228 0.8538
vn 0.7151 0.5395 0.4444
vn 0.7151 0.5395 0.4444
vn 0.4769 0.81 0.3412
vn 0.4769 0.81 0.3412
vn -0.0274 0.0559 0.9981
vn 0.2398 0.0013 0.9708
vn 0.3815 0.2021 0.902
vn 0.8294 0.206 0.5193
vn 0.8294 0.206 0.5193
vn -0.0364 -0.0588 0.9976
vn 0.1621 -0.1831 0.9696
vn 0.3752 -0.032 0.9264
vn 0.8152 -0.1456 0.5605
vn 0.8152 -0.1456 0.5605
vn 0.2782 -0.2537 0.9264
vn 0.6746 -0.4765 0.5638
vn 0.6746 -0.4765 0.5638
vn -0.1444 -0.1095 0.9834
vn 0.0106 -0.3203 0.9473
vn 0.0983 -0.4235 0.9006
vn 0.4162 -0.743 0.5242
vn 0.4162 -0.743 0.5242
vn -0.2429 -0.1437 0.9593
vn -0.1734 -0.3902 0.9043
vn -0.1302 -0.5141 0.8478
vn 0.0693 -0.8951 0.4405
vn 0.0694 -0.8951 0.4405
vn -0.3672 -0.3945 0.8424
vn -0.3725 -0.517 0.7707
vn -0.5512 -0.322 0.7697
vn -0.5941 -0.4244 0.6834
vn -0.3071 -0.8951 0.3233
vn -0.3071 -0.8951 0.3233
vn -0.3456 -0.1484 0.9266
vn -0.6828 -0.1771 0.7088
vn -0.7544 -0.2509 0.6065
vn -0.6403 -0.7429 0.1953
vn -0.6403 -0.7429 0.1953
vn -0.4571 -0.1402 0.8783
vn -0.9893 -0.1457 -0.0013
vn -0.9893 -0.1457 -0.0013
vn -0.8754 -0.4765 0.0813
vn -0.8754 -0.4765 0.0813
vn -0.5082 -0.0371 0.8604
vn -0.9776 0.2061 -0.0434
vn -0.9776 0.2061 -0.0434
vn -0.5391 0.0568 0.8403
vn -0.745 -0.0015 0.667
vn -0.8328 -0.0329 0.5526
vn -0.841 0.5395 -0.0401
vn -0.841 0.5395 -0.0401
vn -0.5411 0.1562 0.8264
vn -0.7433 0.1864 0.6425
vn -0.8282 0.2008 0.5232
vn -0.4258 0.3233 0.8451
vn -0.5209 0.5139 0.6816
vn -0.6678 0.3726 0.6444
vn -0.5266 0.2692 0.8064
vn -0.7351 0.4251 0.5281
vn -0.3282 0.3584 0.874
vn -0.3385 0.5866 0.7357
vn -0.5606 0.6003 0.5704
vn -0.5863 0.81 0.0102
vn -0.5863 0.81 0.0102
vn -0.3338 0.6949 0.637
vn -0.3886 0.1732 0.905
vn -0.3784 0.0935 0.9209
vn -0.3615 0.014 0.9322
vn -0.3615 0.014 0.9322
vn -0.3085 0.1935 0.9313
vn -0.2954 0.1103 0.949
vn -0.3615 0.014 0.9322
vn -0.2801 0.0265 0.9596
vn -0.3615 0.014 0.9322
vn -0.2252 0.2052 0.9525
vn -0.2099 0.1262 0.9695
vn -0.1981 0.0455 0.9791
vn -0.0597 0.2498 0.9664
vn -0.0597 0.2498 0.9664
vn -0.287 0.923 0.2564
vn 0.0907 0.923 0.374
vn 0.0907 0.923 0.374
vn -0.2869 0.923 0.2564
vn -0.0684 0.1043 0.9922
vn 0.1648 0.2379 0.9572
vn 0.0251 0.3844 0.9228
vn -0.1184 0.2075 0.971
vn -0.1666 0.4581 0.8731
vn -0.2376 0.2166 0.9469
vn 0.1121 0.4822 0.8689
vn -0.1186 0.5765 0.8084
vn -0.0337 0.0099 0.9994
vn 0.2354 0.0609 0.97
vn 0.2838 0.3063 0.9087
vn 0.6868 0.4993 0.5282
vn 0.6869 0.4992 0.5282
vn 0.4348 0.7688 0.469
vn 0.4348 0.7688 0.469
vn -0.0265 -0.0899 0.9956
vn 0.2433 -0.128 0.9615
vn 0.3733 0.0865 0.9237
vn 0.8192 0.1656 0.5491
vn 0.8192 0.1656 0.5491
vn -0.0298 -0.2038 0.9786
vn 0.1756 -0.3145 0.9329
vn 0.3803 -0.1485 0.9129
vn 0.8245 -0.1881 0.5337
vn 0.8245 -0.1882 0.5337
vn 0.2954 -0.3731 0.8795
vn 0.702 -0.5228 0.4836
vn 0.702 -0.5228 0.4836
vn -0.1357 -0.2571 0.9568
vn 0.0305 -0.4552 0.8899
vn 0.124 -0.5475 0.8276
vn 0.4575 -0.7939 0.4006
vn 0.4575 -0.7939 0.4006
vn -0.2328 -0.2922 0.9276
vn -0.1513 -0.5274 0.8361
vn -0.1019 -0.6413 0.7605
vn 0.1169 -0.9493 0.2917
vn 0.1169 -0.9493 0.2917
vn -0.3464 -0.5314 0.773
vn -0.3462 -0.644 0.6822
vn -0.535 -0.4565 0.7109
vn -0.5738 -0.5482 0.6085
vn -0.2619 -0.9493 0.1738
vn -0.2618 -0.9493 0.1738
vn -0.3356 -0.2968 0.894
vn -0.6732 -0.3089 0.6718
vn -0.7421 -0.3706 0.5584
vn -0.6041 -0.7939 0.0701
vn -0.604 -0.7939 0.0701
vn -0.448 -0.2866 0.8469
vn -0.9817 -0.1881 -0.0286
vn -0.9817 -0.1882 -0.0286
vn -0.8524 -0.5228 -0.0004
vn -0.8524 -0.5228 -0.0004
vn -0.5037 -0.1838 0.8441
vn -0.9861 0.1656 -0.0129
vn -0.9861 0.1656 -0.0129
vn -0.5384 -0.0892 0.8379
vn -0.7425 -0.1312 0.6569
vn -0.8293 -0.1497 0.5384
vn -0.7421 -0.3706 0.5584
vn -0.8653 0.4993 0.045
vn -0.8653 0.4993 0.0449
vn -0.5444 0.0107 0.8387
vn -0.748 0.0579 0.6612
vn -0.8338 0.0855 0.5455
vn -0.4366 0.1773 0.882
vn -0.5398 0.3828 0.7497
vn -0.6801 0.2437 0.6914
vn -0.5348 0.1253 0.8357
vn -0.7498 0.3089 0.5851
vn -0.3409 0.212 0.9159
vn -0.3619 0.454 0.8142
vn -0.5836 0.4814 0.654
vn -0.6242 0.7688 0.1392
vn -0.6242 0.7688 0.1392
vn -0.3629 0.5738 0.7342
vn -0.393 0.0233 0.9193
vn -0.3791 -0.0574 0.9236
vn -0.3588 -0.1369 0.9233
vn -0.3139 0.0427 0.9485
vn -0.297 -0.0412 0.954
vn -0.2779 -0.1249 0.9525
vn -0.2311 0.0551 0.9714
vn -0.2125 -0.0247 0.9768
vn -0.1967 -0.1051 0.9748
vn -0.287 0.923 0.2564
vn 0.0906 0.923 0.374
vn 0.0907 0.923 0.374
vn -0.2869 0.923 0.2564
vn -0.0684 0.1043 0.9922
vn 0.1648 0.2379 0.9572
vn 0.0251 0.3844 0.9228
vn -0.1184 0.2075 0.971
vn -0.1666 0.4581 0.8731
vn -0.2376 0.2166 0.9469
vn 0.1121 0.4822 0.8689
vn -0.1186 0.5765 0.8084
vn -0.0337 0.0099 0.9994
vn 0.2354 0.0609 0.97
vn 0.2838 0.3063 0.9087
vn 0.6868 0.4993 0.5282
vn 0.6869 0.4992 0.5282
vn 0.4348 0.7688 0.469
vn 0.4348 0.7688 0.469
vn -0.0264 -0.0899 0.9956
vn 0.2432 -0.128 0.9615
vn 0.3733 0.0865 0.9237
vn 0.8192 0.1656 0.5491
vn 0.8192 0.1656 0.5491
vn -0.0297 -0.2039 0.9785
vn 0.1756 -0.3145 0.9329
vn 0.3803 -0.1485 0.9129
vn 0.8245 -0.1881 0.5337
vn 0.8245 -0.1882 0.5337
vn 0.2954 -0.373 0.8795
vn 0.702 -0.5228 0.4835
vn 0.702 -0.5229 0.4835
vn -0.1357 -0.2572 0.9568
vn 0.0305 -0.4552 0.8898
vn 0.0305 -0.4552 0.8898
vn 0.124 -0.5475 0.8276
vn 0.4575 -0.7939 0.4006
vn 0.4575 -0.7939 0.4006
vn 0.702 -0.5228 0.4835
vn -0.2329 -0.2922 0.9276
vn -0.1514 -0.5274 0.8361
vn 0.0305 -0.4552 0.8898
vn -0.1019 -0.6413 0.7605
vn 0.0305 -0.4552 0.8898
vn 0.1169 -0.9493 0.2917
vn 0.1169 -0.9493 0.2917
vn -0.3464 -0.5314 0.7731
vn -0.3462 -0.6439 0.6823
vn -0.535 -0.4565 0.7109
vn -0.5737 -0.5481 0.6087
vn -0.2619 -0.9493 0.1738
vn -0.2618 -0.9493 0.1738
vn -0.3356 -0.2968 0.894
vn -0.6732 -0.3089 0.6719
vn -0.7421 -0.3706 0.5585
vn -0.604 -0.7939 0.0701
vn -0.604 -0.7939 0.0701
vn -0.448 -0.2866 0.8469
vn -0.9817 -0.1881 -0.0286
vn -0.9817 -0.1882 -0.0286
vn -0.8524 -0.5228 -0.0004
vn -0.8524 -0.5228 -0.0004
vn -0.5036 -0.1838 0.8441
vn -0.9861 0.1656 -0.0129
vn -0.9861 0.1656 -0.0129
vn -0.5384 -0.0892 0.8379
vn -0.7425 -0.1312 0.6569
vn -0.8292 -0.1497 0.5385
vn -0.8653 0.4992 0.045
vn -0.8653 0.4992 0.0447
vn -0.5444 0.0107 0.8387
vn -0.748 0.0579 0.6611
vn -0.8338 0.0855 0.5455
vn -0.4365 0.1773 0.882
vn -0.5398 0.3829 0.7497
vn -0.6802 0.2437 0.6914
vn -0.5347 0.1253 0.8357
vn -0.7498 0.3089 0.5851
vn -0.3409 0.212 0.9159
vn -0.3619 0.454 0.8142
vn -0.4365 0.1773 0.882
vn -0.5836 0.4814 0.6539
vn -0.6242 0.7688 0.1393
vn -0.6242 0.7688 0.1393
vn -0.3629 0.5738 0.7342
vn -0.3929 0.0232 0.9193
vn -0.4365 0.1773 0.882
vn -0.3791 -0.0574 0.9236
vn -0.3588 -0.1369 0.9233
vn -0.4365 0.1773 0.882
vn -0.3139 0.0427 0.9485
vn -0.2971 -0.0412 0.954
vn -0.278 -0.1249 0.9524
vn -0.2311 0.0551 0.9714
vn -0.2125 -0.0247 0.9768
vn -0.1967 -0.1051 0.9748
vn -0.24 -0.9653 0.1026
vn -0.2401 -0.9653 0.1026
vn 0.1393 -0.9653 0.2207
vn 0.1393 -0.9653 0.2207
vn -0.0596 -0.2498 0.9665
vn -0.1048 -0.3518 0.9302
vn 0.0483 -0.515 0.8558
vn 0.1811 -0.3671 0.9124
vn -0.2242 -0.3628 0.9045
vn -0.1412 -0.5906 0.7945
vn -0.0871 -0.6975 0.7113
vn 0.1407 -0.6009 0.7868
vn -0.0295 -0.1555 0.9874
vn 0.2424 -0.1897 0.9515
vn 0.3039 -0.4228 0.8537
vn 0.7151 -0.5395 0.4445
vn 0.4768 -0.81 0.3413
vn 0.4768 -0.8101 0.3413
vn 0.7151 -0.5395 0.4445
vn -0.0274 -0.0558 0.9981
vn 0.2398 -0.0013 0.9708
vn 0.3815 -0.2021 0.902
vn 0.8294 -0.206 0.5193
vn 0.8294 -0.206 0.5193
vn -0.0363 0.0588 0.9976
vn 0.1622 0.1831 0.9696
vn 0.3752 0.032 0.9264
vn 0.8152 0.1457 0.5605
vn 0.8152 0.1456 0.5605
vn 0.2781 0.2535 0.9265
vn 0.6745 0.4765 0.5638
vn 0.6745 0.4765 0.5638
vn -0.1445 0.1094 0.9834
vn 0.0107 0.3204 0.9472
vn 0.0984 0.4236 0.9005
vn 0.4162 0.7429 0.5242
vn 0.6745 0.4765 0.5638
vn 0.6745 0.4765 0.5638
vn 0.4162 0.7429 0.5242
vn -0.243 0.1437 0.9593
vn -0.1735 0.3903 0.9042
vn -0.1302 0.5143 0.8477
vn 0.0693 0.895 0.4407
vn 0.0693 0.895 0.4407
vn -0.3672 0.3945 0.8424
vn -0.3725 0.517 0.7707
vn -0.5512 0.322 0.7697
vn -0.594 0.4244 0.6834
vn -0.3072 0.895 0.3235
vn -0.3072 0.895 0.3235
vn -0.3456 0.1484 0.9266
vn -0.6828 0.1772 0.7088
vn -0.7544 0.2509 0.6066
vn -0.6403 0.7429 0.1953
vn -0.6403 0.7429 0.1953
vn -0.4571 0.1402 0.8783
vn -0.9893 0.1457 -0.0014
vn -0.8754 0.4765 0.0812
vn -0.8754 0.4765 0.0812
vn -0.9893 0.1457 -0.0014
vn -0.5082 0.0371 0.8604
vn -0.9776 -0.206 -0.0434
vn -0.9776 -0.206 -0.0434
vn -0.5391 -0.0568 0.8403
vn -0.745 0.0015 0.667
vn -0.8328 0.0329 0.5526
vn -0.841 -0.5396 -0.0401
vn -0.841 -0.5396 -0.0401
vn -0.541 -0.1561 0.8264
vn -0.7433 -0.1864 0.6425
vn -0.8282 -0.2008 0.5232
vn -0.4257 -0.3232 0.8452
vn -0.5265 -0.2692 0.8064
vn -0.6678 -0.3726 0.6443
vn -0.5209 -0.5139 0.6816
vn -0.7351 -0.4251 0.5281
vn -0.3282 -0.3584 0.874
vn -0.3385 -0.5867 0.7357
vn -0.5606 -0.6004 0.5703
vn -0.5863 -0.81 0.0102
vn -0.5863 -0.81 0.0102
vn -0.3338 -0.695 0.6368
vn -0.3886 -0.1735 0.9049
vn -0.3784 -0.0935 0.9209
vn -0.3615 -0.014 0.9323
vn -0.3086 -0.1934 0.9313
vn -0.2955 -0.1102 0.949
vn -0.2802 -0.0265 0.9596
vn -0.2252 -0.2053 0.9524
vn -0.2102 -0.1261 0.9695
vn -0.1981 -0.0455 0.9791
vn -0.2606 0.9653 0.0149
vn 0.0561 0.9653 0.2549
vn 0.0561 0.9653 0.2549
vn -0.2606 0.9653 0.0149
vn -0.3845 0.2499 0.8887
vn -0.1397 0.3672 0.9196
vn -0.2454 0.515 0.8213
vn -0.4146 0.3518 0.8392
vn -0.4029 0.5906 0.6993
vn -0.5182 0.3628 0.7745
vn -0.1352 0.6008 0.7879
vn -0.3237 0.6973 0.6395
vn -0.3633 0.1556 0.9186
vn -0.0955 0.1897 0.9772
vn -0.0044 0.4229 0.9062
vn 0.5216 0.5395 0.6609
vn 0.5216 0.5395 0.6609
vn 0.3325 0.8101 0.4829
vn 0.3323 0.81 0.4832
vn -0.3649 0.0559 0.9294
vn -0.1044 0.0013 0.9945
vn 0.0522 0.2022 0.978
vn 0.6037 0.206 0.7702
vn 0.6037 0.206 0.7702
vn -0.3732 -0.0588 0.9259
vn -0.1769 -0.1832 0.967
vn 0.0381 -0.0321 0.9988
vn 0.5762 -0.1457 0.8042
vn 0.5762 -0.1457 0.8042
vn -0.0532 -0.2536 0.9658
vn 0.4428 -0.4765 0.7596
vn 0.4427 -0.4765 0.7596
vn -0.4701 -0.1095 0.8758
vn -0.3119 -0.3203 0.8945
vn -0.2135 -0.4236 0.8804
vn 0.2133 -0.7429 0.6345
vn 0.2133 -0.7429 0.6345
vn -0.5545 -0.1437 0.8197
vn -0.4704 -0.3901 0.7915
vn -0.4106 -0.5141 0.7531
vn -0.0845 -0.8951 0.4379
vn -0.0845 -0.8951 0.4379
vn -0.6315 -0.3944 0.6675
vn -0.6122 -0.5169 0.5983
vn -0.78 -0.322 0.5366
vn -0.7909 -0.4244 0.4408
vn -0.6315 -0.3944 0.6675
vn -0.3987 -0.8951 0.1997
vn -0.3987 -0.8951 0.1997
vn -0.6398 -0.1484 0.7541
vn -0.6315 -0.3944 0.6675
vn -0.8831 -0.1772 0.4345
vn -0.9157 -0.2509 0.314
vn -0.6685 -0.7429 -0.0339
vn -0.6685 -0.7429 -0.0339
vn -0.7282 -0.1402 0.6708
vn -0.6315 -0.3944 0.6675
vn -0.93 -0.1457 -0.3376
vn -0.93 -0.1457 -0.3376
vn -0.851 -0.4765 -0.221
vn -0.851 -0.4764 -0.2211
vn -0.7703 -0.0371 0.6366
vn -0.9048 0.2061 -0.3727
vn -0.9046 0.206 -0.3732
vn -0.7925 0.0569 0.6072
vn -0.9274 -0.0015 0.3741
vn -0.971 -0.0329 0.2367
vn -0.7773 0.5395 -0.3236
vn -0.7774 0.5395 -0.3233
vn -0.7896 0.1562 0.5934
vn -0.9174 0.1864 0.3516
vn -0.9567 0.2008 0.2106
vn -0.6876 0.3233 0.6502
vn -0.7215 0.514 0.464
vn -0.847 0.3726 0.3791
vn -0.7692 0.2692 0.5795
vn -0.8708 0.4252 0.2468
vn -0.6057 0.3584 0.7104
vn -0.5684 0.5867 0.5769
vn -0.7211 0.6004 0.3459
vn -0.555 0.81 -0.1893
vn -0.5548 0.81 -0.1897
vn -0.5304 0.6949 0.4856
vn -0.5548 0.81 -0.1897
vn -0.673 0.1735 0.719
vn -0.6687 0.0935 0.7376
vn -0.6567 0.014 0.754
vn -0.6067 0.1934 0.771
vn -0.6004 0.1102 0.7921
vn -0.5896 0.0264 0.8073
vn -0.5354 0.2052 0.8193
vn -0.5271 0.1262 0.8404
vn -0.5191 0.0455 0.8535
vn -0.357 0.923 0.1436
vn -0.0418 0.923 0.3825
vn -0.0418 0.923 0.3825
vn -0.357 0.923 0.1436
vn -0.4016 0.1044 0.9099
vn -0.1703 0.2379 0.9562
vn -0.2901 0.3844 0.8764
vn -0.4414 0.2074 0.873
vn -0.4534 0.4581 0.7645
vn -0.5452 0.2166 0.8098
vn -0.19 0.4821 0.8553
vn -0.3863 0.5764 0.7201
vn -0.4534 0.4581 0.7645
vn -0.3714 0.0099 0.9284
vn -0.1082 0.0608 0.9923
vn -0.042 0.3063 0.951
vn 0.4665 0.4993 0.7301
vn 0.4665 0.4993 0.7301
vn 0.2496 0.7688 0.5888
vn 0.2496 0.7688 0.5888
vn -0.3632 -0.09 0.9274
vn -0.098 -0.128 0.9869
vn 0.0373 0.0864 0.9956
vn 0.5838 0.1656 0.7948
vn 0.5838 0.1656 0.7948
vn -0.3604 -0.204 0.9102
vn -0.1519 -0.3145 0.937
vn 0.0475 -0.1485 0.9878
vn 0.5941 -0.1881 0.7821
vn 0.5941 -0.1881 0.7821
vn -0.0212 -0.373 0.9276
vn 0.4959 -0.5228 0.6933
vn 0.4959 -0.5228 0.6933
vn -0.4527 -0.2572 0.8538
vn -0.2738 -0.4552 0.8472
vn -0.1648 -0.5475 0.8204
vn 0.2941 -0.7939 0.5321
vn 0.2941 -0.7939 0.5321
vn -0.5342 -0.2922 0.7932
vn -0.4264 -0.5274 0.7348
vn -0.4264 -0.5274 0.7348
vn -0.3542 -0.6413 0.6806
vn 0.0108 -0.9494 0.314
vn 0.0108 -0.9494 0.314
vn -0.5884 -0.5315 0.6093
vn -0.5574 -0.644 0.524
vn -0.4264 -0.5274 0.7348
vn -0.7447 -0.4565 0.4868
vn -0.7464 -0.5482 0.3773
vn -0.3053 -0.9494 0.0745
vn -0.3053 -0.9494 0.0745
vn -0.6195 -0.2967 0.7268
vn -0.4264 -0.5274 0.7348
vn -0.8615 -0.3089 0.403
vn -0.8877 -0.3706 0.2733
vn -0.5918 -0.7939 -0.1394
vn -0.5918 -0.7939 -0.1394
vn -0.7091 -0.2865 0.6443
vn -0.9136 -0.1881 -0.3605
vn -0.9136 -0.1882 -0.3605
vn -0.8016 -0.5229 -0.29
vn -0.8016 -0.5229 -0.29
vn -0.7605 -0.1838 0.6227
vn -0.923 0.1656 -0.3473
vn -0.923 0.1656 -0.3473
vn -0.7911 -0.0893 0.6051
vn -0.9215 -0.1312 0.3655
vn -0.7605 -0.1838 0.6227
vn -0.9629 -0.1498 0.2246
vn -0.829 0.4993 -0.2518
vn -0.829 0.4993 -0.2518
vn -0.7971 0.0107 0.6038
vn -0.9282 0.0579 0.3676
vn -0.9695 0.0855 0.2297
vn -0.7103 0.1774 0.6812
vn -0.7624 0.3829 0.5216
vn -0.8746 0.2437 0.4191
vn -0.7869 0.1254 0.6043
vn -0.904 0.3089 0.2955
vn -0.6319 0.212 0.7455
vn -0.6171 0.4539 0.6428
vn -0.7711 0.4814 0.4167
vn -0.6343 0.7688 -0.0812
vn -0.6344 0.7688 -0.0812
vn -0.5908 0.5737 0.5673
vn -0.4534 0.4581 0.7645
vn -0.4534 0.4581 0.7645
vn -0.6819 0.0233 0.731
vn -0.6704 -0.0574 0.7398
vn -0.6819 0.0233 0.731
vn -0.7605 -0.1838 0.6227
vn -0.6512 -0.1369 0.7464
vn -0.7605 -0.1838 0.6227
vn -0.6819 0.0233 0.731
vn -0.6175 0.0427 0.7854
vn -0.6819 0.0233 0.731
vn -0.6036 -0.0412 0.7962
vn -0.5851 -0.1249 0.8013
vn -0.5475 0.0552 0.835
vn -0.5319 -0.0246 0.8465
vn -0.5162 -0.1052 0.85
vn -0.357 0.923 0.1436
vn -0.0418 0.923 0.3825
vn -0.0418 0.923 0.3825
vn -0.357 0.923 0.1436
vn -0.4016 0.1044 0.9098
vn -0.1703 0.2379 0.9562
vn -0.2901 0.3844 0.8764
vn -0.4415 0.2075 0.8729
vn -0.4534 0.4581 0.7645
vn -0.5453 0.2166 0.8098
vn -0.19 0.4821 0.8553
vn -0.3863 0.5764 0.7201
vn -0.4534 0.4581 0.7645
vn -0.3714 0.0099 0.9284
vn -0.1082 0.0609 0.9923
vn -0.042 0.3063 0.951
vn 0.4665 0.4993 0.7301
vn 0.4665 0.4993 0.7301
vn 0.2496 0.7688 0.5888
vn 0.2496 0.7688 0.5888
vn -0.3632 -0.09 0.9273
vn -0.098 -0.128 0.9869
vn 0.0373 0.0865 0.9956
vn 0.5839 0.1656 0.7948
vn 0.5839 0.1656 0.7948
vn -0.3604 -0.2039 0.9102
vn -0.1519 -0.3146 0.937
vn -0.3632 -0.09 0.9273
vn 0.0475 -0.1485 0.9878
vn 0.5941 -0.1881 0.7821
vn 0.5941 -0.1881 0.7821
vn -0.0212 -0.3731 0.9276
vn 0.4959 -0.5228 0.6933
vn 0.4959 -0.5228 0.6933
vn -0.4527 -0.2572 0.8538
vn -0.2737 -0.4552 0.8472
vn -0.2737 -0.4552 0.8472
vn -0.1648 -0.5475 0.8204
vn 0.294 -0.7939 0.5322
vn 0.294 -0.7939 0.5322
vn -0.5342 -0.2923 0.7932
vn -0.4264 -0.5274 0.7348
vn -0.2737 -0.4552 0.8472
vn -0.4264 -0.5274 0.7348
vn -0.3542 -0.6413 0.6806
vn -0.2737 -0.4552 0.8472
vn 0.0107 -0.9493 0.3141
vn 0.0107 -0.9493 0.3141
vn -0.5884 -0.5315 0.6093
vn -0.5574 -0.644 0.524
vn -0.4264 -0.5274 0.7348
vn -0.7447 -0.4565 0.4868
vn -0.7464 -0.5482 0.3773
vn -0.3053 -0.9493 0.0746
vn -0.3053 -0.9493 0.0746
vn -0.6195 -0.2968 0.7268
vn -0.4264 -0.5274 0.7348
vn -0.8615 -0.3089 0.403
vn -0.8878 -0.3707 0.273
vn -0.5919 -0.7939 -0.1393
vn -0.5919 -0.7939 -0.1393
vn -0.7091 -0.2866 0.6442
vn -0.9136 -0.1881 -0.3605
vn -0.9136 -0.1882 -0.3605
vn -0.8016 -0.5229 -0.29
vn -0.8016 -0.5229 -0.29
vn -0.7606 -0.1837 0.6227
vn -0.923 0.1656 -0.3473
vn -0.923 0.1656 -0.3473
vn -0.7911 -0.0892 0.6051
vn -0.9215 -0.1312 0.3655
vn -0.9629 -0.1498 0.2246
vn -0.829 0.4993 -0.2518
vn -0.829 0.4993 -0.2518
vn -0.7971 0.0107 0.6038
vn -0.9282 0.0579 0.3676
vn -0.9695 0.0855 0.2297
vn -0.7103 0.1774 0.6812
vn -0.7624 0.3829 0.5216
vn -0.8746 0.2437 0.4191
vn -0.7869 0.1254 0.6043
vn -0.904 0.3089 0.2955
vn -0.6319 0.212 0.7455
vn -0.6171 0.4539 0.6428
vn -0.7711 0.4814 0.4167
vn -0.6343 0.7688 -0.0812
vn -0.6344 0.7688 -0.0812
vn -0.5908 0.5737 0.5673
vn -0.4534 0.4581 0.7645
vn -0.4534 0.4581 0.7645
vn -0.6819 0.0233 0.731
vn -0.6704 -0.0574 0.7398
vn -0.6819 0.0233 0.731
vn -0.6512 -0.1369 0.7464
vn -0.6819 0.0233 0.731
vn -0.6175 0.0427 0.7854
vn -0.6819 0.0233 0.731
vn -0.6036 -0.0412 0.7963
vn -0.5851 -0.1249 0.8013
vn -0.5475 0.0551 0.835
vn -0.5319 -0.0247 0.8465
vn -0.5163 -0.1051 0.85
vn -0.3632 -0.09 0.9273
vn -0.3632 -0.09 0.9273
vn -0.2606 -0.9653 0.0149
vn -0.2606 -0.9653 0.0149
vn 0.0561 -0.9653 0.2549
vn 0.0561 -0.9653 0.2549
vn -0.3845 -0.2498 0.8887
vn -0.4147 -0.3519 0.8392
vn -0.2454 -0.5151 0.8213
vn -0.1397 -0.3672 0.9196
vn -0.5182 -0.3629 0.7745
vn -0.4029 -0.5906 0.6993
vn -0.3237 -0.6973 0.6395
vn -0.1352 -0.6008 0.7879
vn -0.3633 -0.1555 0.9186
vn -0.0955 -0.1897 0.9772
vn -0.0044 -0.4228 0.9062
vn 0.5216 -0.5395 0.6609
vn 0.3325 -0.8101 0.483
vn 0.3325 -0.81 0.483
vn 0.5216 -0.5395 0.661
vn -0.3649 -0.0559 0.9294
vn -0.1044 -0.0013 0.9945
vn 0.0522 -0.2022 0.978
vn 0.6037 -0.206 0.7702
vn 0.6037 -0.206 0.7702
vn -0.3732 0.0587 0.9259
vn -0.1769 0.1832 0.967
vn 0.0381 0.0321 0.9988
vn 0.5762 0.1456 0.8042
vn 0.5762 0.1457 0.8042
vn -0.0532 0.2536 0.9658
vn 0.4427 0.4764 0.7596
vn 0.4427 0.4765 0.7596
vn -0.4701 0.1095 0.8758
vn -0.3119 0.3204 0.8945
vn -0.2135 0.4236 0.8804
vn 0.2133 0.7429 0.6345
vn 0.2133 0.7429 0.6345
vn -0.5546 0.1437 0.8196
vn -0.4704 0.3902 0.7915
vn -0.4106 0.5141 0.7531
vn -0.0845 0.8951 0.4379
vn -0.0845 0.8951 0.4379
vn -0.6315 0.3944 0.6675
vn -0.6122 0.5169 0.5983
vn -0.7799 0.322 0.5366
vn -0.6315 0.3944 0.6675
vn -0.7909 0.4244 0.4408
vn -0.3987 0.8951 0.1997
vn -0.3987 0.8951 0.1997
vn -0.6398 0.1484 0.7541
vn -0.6315 0.3944 0.6675
vn -0.8831 0.1772 0.4345
vn -0.7799 0.322 0.5366
vn -0.9157 0.2509 0.314
vn -0.6685 0.7429 -0.0339
vn -0.6685 0.7429 -0.0339
vn -0.7282 0.1402 0.6708
vn -0.6315 0.3944 0.6675
vn -0.7799 0.322 0.5366
vn -0.93 0.1457 -0.3375
vn -0.851 0.4764 -0.221
vn -0.851 0.4765 -0.221
vn -0.93 0.1457 -0.3375
vn -0.7703 0.0371 0.6366
vn -0.7799 0.322 0.5366
vn -0.9047 -0.2061 -0.3728
vn -0.9047 -0.206 -0.3728
vn -0.7926 -0.0569 0.6071
vn -0.9274 0.0015 0.3741
vn -0.971 0.0329 0.2367
vn -0.7773 -0.5395 -0.3236
vn -0.9047 -0.206 -0.3728
vn -0.7773 -0.5395 -0.3236
vn -0.7897 -0.1562 0.5933
vn -0.9174 -0.1864 0.3516
vn -0.9567 -0.2008 0.2106
vn -0.6876 -0.3232 0.6502
vn -0.7693 -0.2691 0.5795
vn -0.847 -0.3726 0.379
vn -0.7215 -0.514 0.464
vn -0.847 -0.3726 0.379
vn -0.847 -0.3726 0.379
vn -0.8708 -0.4252 0.2468
vn -0.6057 -0.3584 0.7104
vn -0.5684 -0.5867 0.5769
vn -0.847 -0.3726 0.379
vn -0.7211 -0.6004 0.3459
vn -0.555 -0.81 -0.1893
vn -0.5548 -0.81 -0.1897
vn -0.5304 -0.6949 0.4856
vn -0.5548 -0.81 -0.1897
vn -0.673 -0.1735 0.719
vn -0.6687 -0.0935 0.7376
vn -0.6567 -0.0139 0.754
vn -0.6067 -0.1935 0.7711
vn -0.6003 -0.1102 0.7921
vn -0.5896 -0.0264 0.8072
vn -0.5896 -0.0264 0.8072
vn -0.5355 -0.2052 0.8192
vn -0.5272 -0.1261 0.8404
vn -0.5191 -0.0455 0.8535
vn -0.5896 -0.0264 0.8072
vn -0.5896 -0.0264 0.8072
vn -0.2069 0.9653 -0.1592
vn -0.1244 0.9653 0.2295
vn -0.1244 0.9653 0.2295
vn -0.2069 0.9653 -0.1592
vn -0.8722 0.2498 0.4206
vn -0.7072 0.3672 0.6042
vn -0.7229 0.5151 0.4606
vn -0.8626 0.3519 0.3634
vn -0.7621 0.5906 0.2654
vn -0.8985 0.3629 0.2468
vn -0.6176 0.6009 0.5075
vn -0.6631 0.6974 0.2719
vn -0.8757 0.1555 0.4571
vn -0.7115 0.1897 0.6766
vn -0.596 0.4229 0.6826
vn -0.038 0.5395 0.8411
vn -0.038 0.5395 0.8411
vn -0.0645 0.81 0.5829
vn -0.0645 0.81 0.5829
vn -0.884 0.056 0.4642
vn -0.7296 0.0013 0.6839
vn -0.6003 0.2022 0.7738
vn -0.0473 0.206 0.9774
vn -0.0473 0.206 0.9774
vn -0.888 -0.0587 0.4561
vn -0.7665 -0.1832 0.6156
vn -0.6246 -0.032 0.7803
vn -0.0902 -0.1457 0.9852
vn -0.0902 -0.1457 0.9852
vn -0.6722 -0.2536 0.6956
vn -0.1619 -0.4765 0.8641
vn -0.1619 -0.4765 0.8641
vn -0.9285 -0.1094 0.3549
vn -0.8211 -0.3203 0.4725
vn -0.7374 -0.4235 0.5262
vn -0.2537 -0.7429 0.6194
vn -0.2537 -0.7429 0.6194
vn -0.9556 -0.1437 0.2572
vn -0.8736 -0.3901 0.2909
vn -0.8032 -0.514 0.301
vn -0.3504 -0.8951 0.2759
vn -0.3504 -0.8951 0.2759
vn -0.9143 -0.3945 0.0917
vn -0.8544 -0.517 0.052
vn -0.941 -0.322 -0.1043
vn -0.8866 -0.4244 -0.184
vn -0.4322 -0.8951 -0.1098
vn -0.4322 -0.8951 -0.1098
vn -0.9772 -0.1484 0.1516
vn -0.9522 -0.1771 -0.2489
vn -0.8981 -0.2508 -0.3614
vn -0.4834 -0.7429 -0.463
vn -0.4834 -0.7429 -0.463
vn -0.9897 -0.1401 0.0306
vn -0.4826 -0.1457 -0.8637
vn -0.4826 -0.1457 -0.8637
vn -0.4989 -0.4765 -0.7239
vn -0.4989 -0.4765 -0.7239
vn -0.9991 -0.0371 -0.0225
vn -0.4402 0.206 -0.874
vn -0.4402 0.206 -0.874
vn -0.9966 0.0568 -0.0593
vn -0.9462 -0.0015 -0.3237
vn -0.8893 -0.0329 -0.4561
vn -0.3763 0.5395 -0.7532
vn -0.3763 0.5395 -0.7532
vn -0.9854 0.1562 -0.0678
vn -0.9239 0.1864 -0.3342
vn -0.8613 0.2009 -0.4666
vn -0.9454 0.3233 0.0418
vn -0.8492 0.5139 -0.1211
vn -0.8886 0.3727 -0.2675
vn -0.9609 0.2692 -0.065
vn -0.82 0.4252 -0.3831
vn -0.9228 0.3584 0.1411
vn -0.8073 0.5867 0.0645
vn -0.8492 0.5139 -0.1211
vn -0.8492 0.5139 -0.1211
vn -0.7716 0.6004 -0.2102
vn -0.2956 0.81 -0.5064
vn -0.2956 0.81 -0.5064
vn -0.7188 0.6949 0.0203
vn -0.8492 0.5139 -0.1211
vn -0.9794 0.1735 0.1034
vn -0.9883 0.0935 0.1202
vn -0.99 0.0139 0.1405
vn -0.9633 0.1935 0.1863
vn -0.9723 0.1102 0.2063
vn -0.974 0.0264 0.2248
vn -0.9409 0.2052 0.2694
vn -0.9484 0.1261 0.2909
vn -0.9509 0.0456 0.3061
vn -0.3639 0.923 -0.1249
vn -0.2819 0.923 0.262
vn -0.2819 0.923 0.262
vn -0.3639 0.923 -0.1249
vn -0.8989 0.1043 0.4255
vn -0.7543 0.2379 0.6119
vn -0.7927 0.3844 0.4731
vn -0.905 0.2075 0.3715
vn -0.8431 0.4581 0.2816
vn -0.9422 0.2166 0.2558
vn -0.7031 0.4822 0.5226
vn -0.7632 0.5764 0.2919
vn -0.8882 0.0098 0.4593
vn -0.731 0.0608 0.6797
vn -0.6539 0.3061 0.6919
vn -0.1248 0.4993 0.8574
vn -0.1248 0.4993 0.8574
vn -0.1965 0.7687 0.6086
vn -0.1965 0.7688 0.6086
vn -0.8814 -0.0899 0.4637
vn -0.7197 -0.128 0.6824
vn -0.6231 0.0865 0.7773
vn -0.0783 0.1656 0.9831
vn -0.0783 0.1656 0.9831
vn -0.8681 -0.2039 0.4526
vn -0.7278 -0.3146 0.6094
vn -0.6103 -0.1485 0.7781
vn -0.0623 -0.1881 0.9802
vn -0.0623 -0.1882 0.9802
vn -0.6227 -0.3731 0.6878
vn -0.0785 -0.5228 0.8488
vn -0.0785 -0.5228 0.8488
vn -0.9009 -0.2572 0.3496
vn -0.7613 -0.4552 0.4618
vn -0.6613 -0.5475 0.5128
vn -0.1257 -0.7939 0.595
vn -0.1257 -0.7939 0.595
vn -0.923 -0.2923 0.2505
vn -0.8033 -0.5273 0.2768
vn -0.7132 -0.6412 0.283
vn -0.1973 -0.9493 0.2446
vn -0.1973 -0.9493 0.2446
vn -0.8437 -0.5314 0.0759
vn -0.7644 -0.6439 0.0316
vn -0.7132 -0.6412 0.283
vn -0.8817 -0.4565 -0.119
vn -0.8114 -0.5482 -0.2029
vn -0.2796 -0.9493 -0.1434
vn -0.2796 -0.9493 -0.1434
vn -0.944 -0.2968 0.1444
vn -0.9152 -0.3089 -0.2587
vn -0.8501 -0.3706 -0.3742
vn -0.3565 -0.7939 -0.4926
vn -0.3565 -0.7939 -0.4926
vn -0.9578 -0.2866 0.0234
vn -0.455 -0.1881 -0.8704
vn -0.455 -0.1882 -0.8704
vn -0.4165 -0.5228 -0.7438
vn -0.4165 -0.5228 -0.7438
vn -0.9826 -0.1839 -0.0265
vn -0.4708 0.1656 -0.8665
vn -0.4708 0.1656 -0.8665
vn -0.9942 -0.0893 -0.0599
vn -0.9361 -0.1312 -0.3264
vn -0.8752 -0.1497 -0.4599
vn -0.4622 0.4993 -0.7328
vn -0.4622 0.4993 -0.7329
vn -0.4708 0.1656 -0.8665
vn -0.4708 0.1656 -0.8665
vn -0.9978 0.0107 -0.0648
vn -0.9425 0.0579 -0.3291
vn -0.8835 0.0854 -0.4605
vn -0.8752 -0.1497 -0.4599
vn -0.9829 0.1773 0.0506
vn -0.9179 0.3828 -0.1042
vn -0.9357 0.2437 -0.2551
vn -0.9904 0.1253 -0.0577
vn -0.8771 0.3089 -0.3679
vn -0.9656 0.212 0.1505
vn -0.8872 0.4539 0.0825
vn -0.8559 0.4813 -0.1892
vn -0.4266 0.7688 -0.4764
vn -0.4266 0.7688 -0.4764
vn -0.818 0.5737 0.0426
vn -0.994 0.0233 0.1068
vn -0.991 -0.0573 0.1209
vn -0.9808 -0.137 0.1385
vn -0.9808 0.0428 0.1901
vn -0.9774 -0.0411 0.2074
vn -0.9667 -0.1249 0.2233
vn -0.9603 0.0551 0.2734
vn -0.956 -0.0246 0.2923
vn -0.9465 -0.1051 0.3052
vn -0.364 0.923 -0.1249
vn -0.2819 0.923 0.2619
vn -0.2819 0.923 0.262
vn -0.364 0.923 -0.1249
vn -0.8989 0.1043 0.4255
vn -0.7543 0.2379 0.6119
vn -0.7927 0.3844 0.4732
vn -0.905 0.2074 0.3715
vn -0.8431 0.4581 0.2816
vn -0.9422 0.2166 0.2557
vn -0.7031 0.4822 0.5226
vn -0.7632 0.5764 0.2919
vn -0.8882 0.0099 0.4593
vn -0.731 0.0608 0.6797
vn -0.6538 0.3064 0.6919
vn -0.1248 0.4993 0.8574
vn -0.1248 0.4993 0.8574
vn -0.1964 0.7688 0.6086
vn -0.1964 0.7688 0.6086
vn -0.8814 -0.0899 0.4638
vn -0.7197 -0.128 0.6824
vn -0.6231 0.0865 0.7773
vn -0.0783 0.1656 0.9831
vn -0.0783 0.1656 0.9831
vn -0.8681 -0.2038 0.4526
vn -0.7278 -0.3146 0.6094
vn -0.6103 -0.1485 0.7781
vn -0.0624 -0.1884 0.9801
vn -0.0623 -0.1881 0.9802
vn -0.6227 -0.3731 0.6878
vn -0.0786 -0.5228 0.8488
vn -0.0786 -0.5228 0.8488
vn -0.9009 -0.2571 0.3496
vn -0.7612 -0.4552 0.4618
vn -0.7612 -0.4552 0.4618
vn -0.6612 -0.5475 0.5129
vn -0.1258 -0.7939 0.5949
vn -0.1258 -0.7939 0.5949
vn -0.923 -0.2922 0.2504
vn -0.8033 -0.5274 0.2768
vn -0.7612 -0.4552 0.4618
vn -0.7132 -0.6413 0.283
vn -0.7612 -0.4552 0.4618
vn -0.1973 -0.9493 0.2446
vn -0.1973 -0.9493 0.2446
vn -0.8437 -0.5314 0.0758
vn -0.7644 -0.644 0.0316
vn -0.8817 -0.4565 -0.119
vn -0.8114 -0.5482 -0.2029
vn -0.2796 -0.9493 -0.1434
vn -0.2796 -0.9493 -0.1434
vn -0.944 -0.2968 0.1444
vn -0.9152 -0.3089 -0.2587
vn -0.8501 -0.3706 -0.3742
vn -0.3566 -0.7939 -0.4926
vn -0.3566 -0.7939 -0.4926
vn -0.9578 -0.2866 0.0234
vn -0.455 -0.1881 -0.8704
vn -0.455 -0.1882 -0.8704
vn -0.4165 -0.5228 -0.7438
vn -0.4165 -0.5228 -0.7438
vn -0.9826 -0.1839 -0.0265
vn -0.4708 0.1656 -0.8665
vn -0.4708 0.1656 -0.8665
vn -0.9942 -0.0893 -0.0599
vn -0.9361 -0.1312 -0.3264
vn -0.8752 -0.1497 -0.4599
vn -0.4623 0.4993 -0.7328
vn -0.4623 0.4993 -0.7328
vn -0.4708 0.1656 -0.8665
vn -0.4708 0.1656 -0.8665
vn -0.9978 0.0107 -0.0648
vn -0.9425 0.0579 -0.3291
vn -0.8835 0.0855 -0.4605
vn -0.8752 -0.1497 -0.4599
vn -0.9829 0.1773 0.0506
vn -0.9179 0.3828 -0.1042
vn -0.9357 0.2437 -0.2552
vn -0.9904 0.1253 -0.0577
vn -0.8771 0.3089 -0.3679
vn -0.9656 0.212 0.1505
vn -0.8872 0.4539 0.0825
vn -0.8559 0.4813 -0.1892
vn -0.4267 0.7688 -0.4764
vn -0.4267 0.7688 -0.4764
vn -0.818 0.5737 0.0426
vn -0.994 0.0233 0.1068
vn -0.991 -0.0573 0.1209
vn -0.9808 -0.1371 0.1385
vn -0.9808 0.0428 0.1901
vn -0.9774 -0.0411 0.2074
vn -0.9667 -0.1249 0.2233
vn -0.9603 0.0551 0.2734
vn -0.956 -0.0246 0.2923
vn -0.9465 -0.1051 0.3052
vn -0.2069 -0.9653 -0.1593
vn -0.2069 -0.9653 -0.1592
vn -0.1244 -0.9653 0.2295
vn -0.1244 -0.9653 0.2295
vn -0.8722 -0.2498 0.4206
vn -0.8626 -0.3519 0.3634
vn -0.7228 -0.5151 0.4606
vn -0.7073 -0.3672 0.6041
vn -0.8986 -0.3629 0.2468
vn -0.762 -0.5907 0.2653
vn -0.663 -0.6975 0.2719
vn -0.6175 -0.6009 0.5075
vn -0.8757 -0.1555 0.4571
vn -0.7114 -0.1897 0.6767
vn -0.5961 -0.4229 0.6825
vn -0.0379 -0.5395 0.8411
vn -0.0646 -0.81 0.5828
vn -0.0646 -0.8101 0.5828
vn -0.0379 -0.5395 0.8411
vn -0.884 -0.0559 0.4642
vn -0.7296 -0.0013 0.6839
vn -0.6002 -0.2021 0.7739
vn -0.0473 -0.206 0.9774
vn -0.0473 -0.206 0.9774
vn -0.888 0.0587 0.4561
vn -0.7665 0.1832 0.6156
vn -0.6246 0.0321 0.7803
vn -0.0903 0.1456 0.9852
vn -0.0903 0.1456 0.9852
vn -0.6722 0.2535 0.6956
vn -0.162 0.4765 0.8641
vn -0.162 0.4765 0.8641
vn -0.9285 0.1095 0.3549
vn -0.8211 0.3204 0.4725
vn -0.7374 0.4235 0.5262
vn -0.2537 0.7429 0.6194
vn -0.2537 0.7429 0.6194
vn -0.9556 0.1437 0.2572
vn -0.8736 0.3902 0.2909
vn -0.8032 0.514 0.301
vn -0.3503 0.895 0.276
vn -0.3503 0.895 0.276
vn -0.9144 0.3944 0.0917
vn -0.8544 0.5169 0.0519
vn -0.941 0.322 -0.1043
vn -0.8544 0.5169 0.0519
vn -0.8866 0.4244 -0.184
vn -0.4322 0.895 -0.1099
vn -0.4322 0.895 -0.1099
vn -0.9772 0.1484 0.1517
vn -0.9522 0.1771 -0.249
vn -0.898 0.2509 -0.3614
vn -0.4834 0.7429 -0.4631
vn -0.4322 0.895 -0.1099
vn -0.4322 0.895 -0.1099
vn -0.4834 0.7429 -0.463
vn -0.9896 0.1402 0.031
vn -0.4826 0.1457 -0.8636
vn -0.499 0.4766 -0.7238
vn -0.499 0.4765 -0.7239
vn -0.4826 0.1457 -0.8636
vn -0.9991 0.0371 -0.0225
vn -0.4402 -0.206 -0.8739
vn -0.4402 -0.206 -0.8739
vn -0.9966 -0.0569 -0.0593
vn -0.9462 0.0015 -0.3237
vn -0.8893 0.0329 -0.4561
vn -0.3763 -0.5396 -0.7531
vn -0.3763 -0.5396 -0.7532
vn -0.9854 -0.1562 -0.0678
vn -0.9239 -0.1864 -0.3341
vn -0.8614 -0.2008 -0.4666
vn -0.9454 -0.3232 0.0418
vn -0.9609 -0.2692 -0.065
vn -0.8886 -0.3727 -0.2675
vn -0.8492 -0.514 -0.1211
vn -0.82 -0.4252 -0.383
vn -0.9228 -0.3583 0.1415
vn -0.8072 -0.5867 0.0645
vn -0.82 -0.4252 -0.383
vn -0.7716 -0.6004 -0.2102
vn -0.2957 -0.8101 -0.5064
vn -0.2957 -0.81 -0.5064
vn -0.7188 -0.695 0.0202
vn -0.9794 -0.1735 0.1034
vn -0.9883 -0.0935 0.1203
vn -0.99 -0.0139 0.1405
vn -0.9633 -0.1934 0.1863
vn -0.9723 -0.1102 0.2064
vn -0.974 -0.0264 0.2248
vn -0.9409 -0.2052 0.2694
vn -0.9484 -0.1261 0.2909
vn -0.9509 -0.0456 0.3061
vn -0.0351 0.9653 -0.2586
vn -0.2497 0.9653 0.0758
vn -0.2497 0.9653 0.0758
vn -0.0351 0.9653 -0.2586
vn -0.916 0.2498 -0.3139
vn -0.9277 0.3672 -0.0674
vn -0.8379 0.5151 -0.1805
vn -0.869 0.3518 -0.3479
vn -0.7286 0.5906 -0.347
vn -0.8126 0.3629 -0.4561
vn -0.7959 0.6009 -0.0731
vn -0.6628 0.6974 -0.2727
vn -0.9441 0.1556 -0.2905
vn -0.9817 0.1897 -0.0188
vn -0.9037 0.4229 0.0666
vn -0.7959 0.6009 -0.0731
vn -0.6182 0.5395 0.5716
vn -0.6182 0.5395 0.5716
vn -0.4556 0.81 0.3692
vn -0.4556 0.81 0.3692
vn -0.955 0.0559 -0.2912
vn -0.9996 0.0013 -0.0265
vn -0.9709 0.2022 0.1285
vn -0.7206 0.206 0.662
vn -0.7206 0.206 0.662
vn -0.9522 -0.0588 -0.2997
vn -0.9779 -0.1831 -0.1009
vn -0.9927 -0.0322 0.1162
vn -0.7567 -0.1456 0.6373
vn -0.7567 -0.1456 0.6373
vn -0.9671 -0.2535 0.0221
vn -0.7226 -0.4765 0.5008
vn -0.7226 -0.4765 0.5008
vn -0.9098 -0.1095 -0.4002
vn -0.9161 -0.3203 -0.2411
vn -0.8944 -0.4235 -0.1442
vn -0.6158 -0.743 0.2622
vn -0.6158 -0.743 0.2622
vn -0.8605 -0.1437 -0.4888
vn -0.8258 -0.3901 -0.4072
vn -0.9098 -0.1095 -0.4002
vn -0.7829 -0.5141 -0.3505
vn -0.4431 -0.8951 -0.05
vn -0.4431 -0.8951 -0.05
vn -0.7148 -0.3945 -0.5775
vn -0.6443 -0.517 -0.5636
vn -0.5959 -0.322 -0.7357
vn -0.5012 -0.4244 -0.7541
vn -0.2302 -0.8951 -0.3819
vn -0.2302 -0.8951 -0.3819
vn -0.8017 -0.1484 -0.579
vn -0.5022 -0.1771 -0.8464
vn -0.3847 -0.2508 -0.8883
vn -0.0185 -0.7429 -0.6691
vn -0.0184 -0.7429 -0.6691
vn -0.7256 -0.1401 -0.6737
vn 0.2638 -0.1457 -0.9535
vn 0.2638 -0.1457 -0.9535
vn 0.1539 -0.4764 -0.8656
vn 0.1539 -0.4765 -0.8656
vn -0.6947 -0.037 -0.7183
vn 0.3013 0.206 -0.931
vn 0.3013 0.206 -0.931
vn -0.6672 0.0568 -0.7428
vn -0.4455 -0.0015 -0.8953
vn -0.3119 -0.0329 -0.9495
vn 0.2618 0.5395 -0.8003
vn 0.2618 0.5395 -0.8003
vn -0.6532 0.1561 -0.741
vn -0.4223 0.1863 -0.8871
vn -0.2847 0.2008 -0.9374
vn -0.7019 0.3233 -0.6348
vn -0.5189 0.514 -0.6831
vn -0.444 0.3726 -0.8149
vn -0.6378 0.2691 -0.7217
vn -0.3139 0.4252 -0.8489
vn -0.7555 0.3585 -0.5483
vn -0.6196 0.5867 -0.5215
vn -0.2497 0.9653 0.0758
vn -0.2497 0.9653 0.0758
vn -0.401 0.6004 -0.6919
vn 0.1457 0.81 -0.568
vn 0.1457 0.81 -0.568
vn -0.5255 0.6949 -0.4909
vn -0.7693 0.1734 -0.6149
vn -0.7875 0.0935 -0.6092
vn -0.8029 0.014 -0.5959
vn -0.8161 0.1934 -0.5446
vn -0.8366 0.1102 -0.5367
vn -0.8508 0.0265 -0.5248
vn -0.8586 0.2052 -0.4698
vn -0.879 0.1261 -0.4599
vn -0.8914 0.0456 -0.4508
vn -0.9098 -0.1095 -0.4002
vn -0.8914 0.0456 -0.4508
vn -0.8914 0.0456 -0.4508
vn -0.8914 0.0456 -0.4508
vn -0.9098 -0.1095 -0.4002
vn -0.1711 0.923 -0.3447
vn -0.3847 0.923 -0.0118
vn -0.3847 0.923 -0.0118
vn -0.1711 0.923 -0.3447
vn -0.9385 0.1042 -0.3293
vn -0.9666 0.2379 -0.095
vn -0.8964 0.3844 -0.2206
vn -0.9048 0.2074 -0.3719
vn -0.7976 0.4581 -0.3923
vn -0.8499 0.2166 -0.4804
vn -0.8675 0.4822 -0.1224
vn -0.748 0.5765 -0.3288
vn -0.9546 0.0099 -0.2977
vn -0.9977 0.0609 -0.0303
vn -0.9514 0.3063 0.0326
vn -0.6915 0.4993 0.5221
vn -0.6915 0.4993 0.522
vn -0.5676 0.7687 0.2948
vn -0.5676 0.7687 0.2948
vn -0.9529 -0.0899 -0.2897
vn -0.9916 -0.128 -0.0205
vn -0.9896 0.0865 0.1149
vn -0.7468 0.1656 0.6441
vn -0.7468 0.1656 0.6441
vn -0.9356 -0.2039 -0.2883
vn -0.946 -0.3145 -0.0781
vn -0.981 -0.1485 0.1245
vn -0.7334 -0.1881 0.6533
vn -0.7334 -0.1881 0.6533
vn -0.9264 -0.3731 0.0515
vn -0.6525 -0.5229 0.5485
vn -0.6525 -0.5228 0.5485
vn -0.8865 -0.2572 -0.3847
vn -0.866 -0.4553 -0.2067
vn -0.8307 -0.5476 -0.0999
vn -0.5077 -0.7939 0.3348
vn -0.5077 -0.7939 0.3347
vn -0.8325 -0.2922 -0.4706
vn -0.7659 -0.5274 -0.3677
vn -0.7062 -0.6414 -0.2999
vn -0.3123 -0.9493 0.0353
vn -0.3123 -0.9493 0.0353
vn -0.6534 -0.5314 -0.5391
vn -0.5659 -0.644 -0.5148
vn -0.5435 -0.4565 -0.7044
vn -0.4345 -0.5482 -0.7146
vn -0.0981 -0.9493 -0.2986
vn -0.0981 -0.9493 -0.2986
vn -0.7729 -0.2968 -0.5608
vn -0.4691 -0.3089 -0.8273
vn -0.3415 -0.3707 -0.8637
vn 0.0927 -0.7939 -0.601
vn 0.0927 -0.7939 -0.601
vn -0.6977 -0.2866 -0.6566
vn 0.2881 -0.1881 -0.9389
vn 0.2881 -0.1881 -0.9389
vn 0.2265 -0.5228 -0.8218
vn 0.2265 -0.5228 -0.8218
vn -0.6803 -0.1838 -0.7095
vn -0.4691 -0.3089 -0.8273
vn 0.2741 0.1656 -0.9473
vn 0.2741 0.1656 -0.9473
vn -0.6651 -0.0892 -0.7414
vn -0.4364 -0.1312 -0.8901
vn -0.4691 -0.3089 -0.8273
vn -0.2991 -0.1497 -0.9424
vn -0.4691 -0.3089 -0.8273
vn 0.1862 0.4993 -0.8462
vn 0.1862 0.4993 -0.8462
vn -0.6642 0.0108 -0.7475
vn -0.439 0.0579 -0.8966
vn -0.3047 0.0855 -0.9486
vn -0.7346 0.1773 -0.6549
vn -0.5795 0.3829 -0.7194
vn -0.4861 0.2438 -0.8392
vn -0.6639 0.1253 -0.7373
vn -0.3651 0.309 -0.8782
vn -0.7926 0.212 -0.5717
vn -0.689 0.454 -0.565
vn -0.4755 0.4815 -0.7363
vn 0.0312 0.7687 -0.6388
vn 0.0315 0.769 -0.6385
vn -0.6116 0.5738 -0.5447
vn -0.7821 0.0233 -0.6228
vn -0.7899 -0.0574 -0.6106
vn -0.795 -0.137 -0.5909
vn -0.8312 0.0428 -0.5543
vn -0.841 -0.0412 -0.5395
vn -0.8446 -0.1249 -0.5207
vn -0.8752 0.055 -0.4806
vn -0.8854 -0.0246 -0.4641
vn -0.8877 -0.1051 -0.4483
vn -0.1711 0.923 -0.3447
vn -0.3847 0.923 -0.0118
vn -0.3847 0.923 -0.0118
vn -0.1711 0.923 -0.3447
vn -0.9385 0.1043 -0.3292
vn -0.9666 0.2379 -0.095
vn -0.8964 0.3844 -0.2206
vn -0.9048 0.2074 -0.3719
vn -0.7976 0.4581 -0.3923
vn -0.8499 0.2169 -0.4803
vn -0.8675 0.4821 -0.1227
vn -0.748 0.5765 -0.3288
vn -0.9546 0.0099 -0.2977
vn -0.9977 0.0609 -0.0303
vn -0.9514 0.3063 0.0326
vn -0.6915 0.4993 0.522
vn -0.6915 0.4993 0.522
vn -0.5676 0.7687 0.2947
vn -0.5676 0.7687 0.2948
vn -0.9529 -0.0899 -0.2897
vn -0.9916 -0.128 -0.0205
vn -0.9896 0.0865 0.1149
vn -0.7468 0.1656 0.6441
vn -0.7468 0.1656 0.6441
vn -0.9356 -0.2039 -0.2883
vn -0.946 -0.3145 -0.0781
vn -0.981 -0.1485 0.1245
vn -0.7334 -0.1882 0.6533
vn -0.7334 -0.1881 0.6533
vn -0.9264 -0.3731 0.0515
vn -0.6525 -0.5229 0.5485
vn -0.6525 -0.5229 0.5485
vn -0.8865 -0.2572 -0.3847
vn -0.866 -0.4553 -0.2067
vn -0.8307 -0.5476 -0.0999
vn -0.5077 -0.7939 0.3348
vn -0.5077 -0.7939 0.3347
vn -0.8325 -0.2922 -0.4706
vn -0.7659 -0.5274 -0.3677
vn -0.7061 -0.6414 -0.2999
vn -0.3123 -0.9493 0.0353
vn -0.3123 -0.9493 0.0353
vn -0.6534 -0.5315 -0.5391
vn -0.5659 -0.644 -0.5148
vn -0.5435 -0.4566 -0.7044
vn -0.4345 -0.5482 -0.7146
vn -0.0981 -0.9493 -0.2986
vn -0.0981 -0.9493 -0.2986
vn -0.7729 -0.2967 -0.5608
vn -0.4692 -0.3089 -0.8273
vn -0.3415 -0.3707 -0.8637
vn 0.0927 -0.7939 -0.601
vn 0.0926 -0.7939 -0.601
vn -0.6977 -0.2866 -0.6566
vn 0.2881 -0.1882 -0.9389
vn 0.2881 -0.1881 -0.9389
vn 0.2265 -0.5229 -0.8218
vn 0.2266 -0.5228 -0.8218
vn -0.6803 -0.1838 -0.7095
vn 0.2741 0.1656 -0.9473
vn 0.2741 0.1656 -0.9473
vn -0.6651 -0.0892 -0.7414
vn -0.4364 -0.1312 -0.8901
vn -0.2992 -0.1497 -0.9424
vn 0.1862 0.4993 -0.8462
vn 0.1862 0.4993 -0.8462
vn -0.6642 0.0108 -0.7475
vn -0.439 0.0579 -0.8966
vn -0.3047 0.0855 -0.9486
vn -0.7346 0.1772 -0.6549
vn -0.5795 0.3829 -0.7194
vn -0.4861 0.2438 -0.8392
vn -0.6639 0.1253 -0.7372
vn -0.3651 0.309 -0.8782
vn -0.7926 0.212 -0.5717
vn -0.689 0.454 -0.565
vn -0.4755 0.4815 -0.7363
vn 0.0315 0.7689 -0.6385
vn 0.0312 0.7687 -0.6388
vn -0.6116 0.5738 -0.5447
vn 0.0315 0.7689 -0.6385
vn -0.7821 0.0234 -0.6228
vn -0.7899 -0.0574 -0.6106
vn -0.795 -0.137 -0.5909
vn -0.8312 0.0428 -0.5543
vn -0.841 -0.0412 -0.5395
vn -0.8446 -0.1249 -0.5207
vn -0.8752 0.0551 -0.4806
vn -0.8854 -0.0246 -0.4641
vn -0.8877 -0.1051 -0.4483
vn -0.0353 -0.9653 -0.2586
vn -0.0353 -0.9653 -0.2586
vn -0.2498 -0.9653 0.0758
vn -0.2498 -0.9653 0.0757
vn -0.916 -0.2498 -0.314
vn -0.869 -0.3518 -0.3479
vn -0.8379 -0.5151 -0.1805
vn -0.9277 -0.3672 -0.0674
vn -0.8126 -0.3629 -0.4561
vn -0.7285 -0.5907 -0.3469
vn -0.6627 -0.6975 -0.2727
vn -0.7959 -0.6009 -0.0731
vn -0.9441 -0.1556 -0.2905
vn -0.9817 -0.1897 -0.0188
vn -0.7959 -0.6009 -0.0731
vn -0.9037 -0.4229 0.0665
vn -0.6183 -0.5395 0.5716
vn -0.4556 -0.81 0.3691
vn -0.4556 -0.81 0.3691
vn -0.6183 -0.5395 0.5716
vn -0.955 -0.0559 -0.2912
vn -0.9996 -0.0013 -0.0265
vn -0.9709 -0.2022 0.1285
vn -0.7206 -0.206 0.662
vn -0.7206 -0.206 0.662
vn -0.9522 0.0588 -0.2997
vn -0.9779 0.1831 -0.1009
vn -0.9927 0.032 0.1159
vn -0.7567 0.1457 0.6374
vn -0.7567 0.1457 0.6374
vn -0.967 0.2536 0.0225
vn -0.7226 0.4766 0.5008
vn -0.7226 0.4766 0.5008
vn -0.9099 0.1095 -0.4002
vn -0.9161 0.3204 -0.2411
vn -0.8944 0.4235 -0.1441
vn -0.6159 0.7429 0.2622
vn -0.6159 0.7429 0.2622
vn -0.8605 0.1437 -0.4888
vn -0.8258 0.3902 -0.4071
vn -0.7828 0.5141 -0.3505
vn -0.4429 0.8951 -0.0502
vn -0.4433 0.895 -0.0501
vn -0.7148 0.3945 -0.5775
vn -0.6442 0.517 -0.5636
vn -0.5959 0.322 -0.7357
vn -0.5012 0.4244 -0.7541
vn -0.2303 0.895 -0.382
vn -0.4429 0.8951 -0.0502
vn -0.2303 0.895 -0.382
vn -0.8017 0.1484 -0.579
vn -0.5022 0.1771 -0.8464
vn -0.3846 0.2509 -0.8883
vn -0.0184 0.7429 -0.6691
vn -0.0184 0.7429 -0.6691
vn -0.7256 0.1401 -0.6737
vn 0.2638 0.1457 -0.9535
vn 0.154 0.4765 -0.8656
vn 0.154 0.4765 -0.8656
vn 0.2638 0.1457 -0.9535
vn -0.6947 0.037 -0.7183
vn 0.3013 -0.206 -0.931
vn 0.3013 -0.206 -0.931
vn -0.6672 -0.0568 -0.7427
vn -0.4455 0.0015 -0.8953
vn -0.3119 0.0329 -0.9495
vn 0.2617 -0.5395 -0.8003
vn 0.2617 -0.5395 -0.8003
vn -0.6532 -0.1561 -0.7409
vn -0.4223 -0.1864 -0.8871
vn -0.2847 -0.2008 -0.9373
vn -0.7018 -0.3233 -0.6348
vn -0.6378 -0.2692 -0.7217
vn -0.4441 -0.3727 -0.8148
vn -0.5189 -0.514 -0.683
vn -0.3141 -0.4252 -0.8488
vn -0.7555 -0.3585 -0.5483
vn -0.6195 -0.5867 -0.5216
vn -0.4011 -0.6004 -0.6918
vn 0.1455 -0.8101 -0.568
vn 0.1455 -0.81 -0.568
vn -0.5255 -0.6949 -0.4908
vn 0.1455 -0.81 -0.568
vn -0.7693 -0.1734 -0.6149
vn -0.7875 -0.0934 -0.6092
vn -0.8029 -0.014 -0.5959
vn -0.8161 -0.1934 -0.5446
vn -0.8366 -0.1102 -0.5366
vn -0.8508 -0.0265 -0.5248
vn -0.8586 -0.2052 -0.4697
vn -0.879 -0.1262 -0.4598
vn -0.8915 -0.0456 -0.4508
vn 0.1579 0.9653 -0.2077
vn -0.2302 0.9653 -0.1229
vn -0.2302 0.9653 -0.1229
vn 0.158 0.9653 -0.2078
vn -0.426 0.2499 -0.8695
vn -0.6085 0.3672 -0.7034
vn -0.4651 0.5151 -0.72
vn -0.3687 0.3519 -0.8604
vn -0.2701 0.5906 -0.7605
vn -0.2524 0.3629 -0.897
vn -0.5113 0.6009 -0.6143
vn -0.276 0.6974 -0.6614
vn -0.4625 0.1555 -0.8729
vn -0.6811 0.1897 -0.7072
vn -0.6085 0.3672 -0.7034
vn -0.6085 0.3672 -0.7034
vn -0.6863 0.4229 -0.5917
vn -0.5113 0.6009 -0.6143
vn -0.8413 0.5395 -0.0327
vn -0.8413 0.5395 -0.0327
vn -0.5833 0.81 -0.0609
vn -0.5832 0.81 -0.0609
vn -0.4696 0.0559 -0.8811
vn -0.6884 0.0013 -0.7253
vn -0.7776 0.2022 -0.5954
vn -0.6085 0.3672 -0.7034
vn -0.9777 0.206 -0.0411
vn -0.9777 0.206 -0.0411
vn -0.4616 -0.0588 -0.8851
vn -0.6204 -0.1831 -0.7626
vn -0.7842 -0.032 -0.6197
vn -0.9858 -0.1457 -0.0841
vn -0.9858 -0.1457 -0.0841
vn -0.6998 -0.2536 -0.6678
vn -0.8651 -0.4765 -0.1566
vn -0.8651 -0.4765 -0.1566
vn -0.3606 -0.1095 -0.9263
vn -0.4775 -0.3203 -0.8181
vn -0.4775 -0.3203 -0.8181
vn -0.5307 -0.4235 -0.7341
vn -0.621 -0.7429 -0.2499
vn -0.621 -0.7429 -0.2499
vn -0.263 -0.1437 -0.954
vn -0.2963 -0.3901 -0.8718
vn -0.4775 -0.3203 -0.8181
vn -0.3059 -0.5141 -0.8013
vn -0.5307 -0.4235 -0.7341
vn -0.4775 -0.3203 -0.8181
vn -0.2781 -0.8951 -0.3486
vn -0.2781 -0.8951 -0.3486
vn -0.0973 -0.3944 -0.9138
vn -0.0572 -0.517 -0.8541
vn 0.0986 -0.322 -0.9416
vn 0.1785 -0.4244 -0.8877
vn 0.1071 -0.8951 -0.4329
vn 0.1072 -0.895 -0.4329
vn -0.1577 -0.1485 -0.9763
vn 0.243 -0.1771 -0.9537
vn 0.3558 -0.2508 -0.9003
vn 0.46 -0.7429 -0.4863
vn 0.46 -0.7429 -0.4863
vn -0.037 -0.1402 -0.9894
vn 0.8606 -0.1456 -0.4879
vn 0.8606 -0.1457 -0.4879
vn 0.7208 -0.4765 -0.5034
vn 0.7208 -0.4765 -0.5034
vn 0.0164 -0.0371 -0.9992
vn 0.8712 0.206 -0.4456
vn 0.8712 0.206 -0.4456
vn 0.8606 -0.1456 -0.4879
vn 0.0532 0.0569 -0.997
vn 0.3177 -0.0015 -0.9482
vn 0.4505 -0.0329 -0.8922
vn 0.7509 0.5395 -0.381
vn 0.7509 0.5395 -0.381
vn 0.0617 0.1561 -0.9858
vn 0.3285 0.1864 -0.926
vn 0.4613 0.2008 -0.8642
vn -0.0477 0.3232 -0.9451
vn 0.1158 0.514 -0.85
vn 0.262 0.3726 -0.8902
vn 0.059 0.269 -0.9613
vn 0.378 0.4252 -0.8224
vn -0.1468 0.3585 -0.9219
vn -0.0696 0.5867 -0.8068
vn 0.2053 0.6004 -0.7729
vn 0.5045 0.8101 -0.2988
vn 0.5045 0.81 -0.2988
vn -0.0248 0.6949 -0.7187
vn 0.1579 0.9653 -0.2077
vn -0.1095 0.1734 -0.9787
vn -0.1264 0.0936 -0.9876
vn -0.1467 0.0139 -0.9891
vn -0.1922 0.1934 -0.9621
vn -0.2124 0.1102 -0.9709
vn -0.2309 0.0264 -0.9726
vn -0.2752 0.2053 -0.9392
vn -0.2967 0.1261 -0.9466
vn -0.3119 0.0455 -0.949
vn 0.1226 0.923 -0.3647
vn -0.2638 0.923 -0.2802
vn -0.2637 0.923 -0.2802
vn 0.1227 0.923 -0.3647
vn -0.431 0.1044 -0.8963
vn -0.6165 0.238 -0.7505
vn -0.4781 0.3843 -0.7898
vn -0.3771 0.2075 -0.9026
vn -0.2869 0.4581 -0.8413
vn -0.2616 0.2166 -0.9405
vn -0.527 0.4821 -0.6999
vn -0.2967 0.5764 -0.7614
vn -0.4648 0.0099 -0.8854
vn -0.6843 0.0609 -0.7267
vn -0.6959 0.3064 -0.6495
vn -0.8581 0.4993 -0.1196
vn -0.8581 0.4993 -0.1196
vn -0.6099 0.7687 -0.1927
vn -0.6099 0.7687 -0.1927
vn -0.4692 -0.0899 -0.8785
vn -0.6868 -0.128 -0.7154
vn -0.7812 0.0865 -0.6182
vn -0.9835 0.1656 -0.0723
vn -0.9835 0.1656 -0.0723
vn -0.458 -0.2038 -0.8653
vn -0.6139 -0.3145 -0.724
vn -0.6868 -0.128 -0.7154
vn -0.6868 -0.128 -0.7154
vn -0.782 -0.1485 -0.6053
vn -0.9805 -0.1882 -0.0563
vn -0.9805 -0.1882 -0.0563
vn -0.6916 -0.3731 -0.6184
vn -0.6868 -0.128 -0.7154
vn -0.8493 -0.5228 -0.0733
vn -0.8493 -0.5228 -0.0733
vn -0.3552 -0.2571 -0.8987
vn -0.4665 -0.4553 -0.7584
vn -0.5169 -0.5475 -0.658
vn -0.5957 -0.7939 -0.1221
vn -0.5957 -0.7939 -0.1221
vn -0.2561 -0.2923 -0.9214
vn -0.2818 -0.5274 -0.8015
vn -0.2874 -0.6413 -0.7114
vn -0.2458 -0.9493 -0.1958
vn -0.2459 -0.9493 -0.1958
vn -0.0811 -0.5315 -0.8432
vn -0.0363 -0.644 -0.7642
vn 0.1136 -0.4566 -0.8824
vn 0.1979 -0.5483 -0.8126
vn 0.1417 -0.9493 -0.2806
vn 0.1417 -0.9493 -0.2806
vn -0.1502 -0.2968 -0.943
vn 0.253 -0.309 -0.9168
vn 0.369 -0.3707 -0.8523
vn 0.4904 -0.7939 -0.3596
vn 0.4904 -0.7939 -0.3596
vn -0.0294 -0.2866 -0.9576
vn -0.1502 -0.2968 -0.943
vn 0.8675 -0.1881 -0.4604
vn 0.8675 -0.1882 -0.4604
vn 0.7411 -0.5228 -0.4212
vn 0.7411 -0.5228 -0.4212
vn 0.0204 -0.1838 -0.9827
vn 0.8636 0.1656 -0.4762
vn 0.8636 0.1656 -0.4762
vn 0.0537 -0.0892 -0.9946
vn 0.3206 -0.1312 -0.9381
vn 0.0204 -0.1838 -0.9827
vn 0.4545 -0.1497 -0.878
vn 0.7299 0.4992 -0.4669
vn 0.7299 0.4993 -0.4668
vn 0.0586 0.0107 -0.9982
vn 0.3233 0.0579 -0.9445
vn 0.455 0.0855 -0.8864
vn 0.4545 -0.1497 -0.878
vn -0.0567 0.1773 -0.9825
vn 0.0986 0.3829 -0.9185
vn 0.2494 0.2437 -0.9372
vn 0.0516 0.1253 -0.9908
vn 0.3625 0.3089 -0.8793
vn -0.1565 0.212 -0.9647
vn -0.0879 0.454 -0.8867
vn 0.1841 0.4815 -0.8569
vn 0.4737 0.7688 -0.4297
vn 0.4737 0.7687 -0.4297
vn -0.0476 0.5738 -0.8176
vn -0.2616 0.2166 -0.9405
vn -0.1129 0.0233 -0.9933
vn -0.127 -0.0574 -0.9902
vn 0.0204 -0.1838 -0.9827
vn -0.1446 -0.137 -0.98
vn 0.0204 -0.1838 -0.9827
vn -0.1502 -0.2968 -0.943
vn -0.1961 0.0427 -0.9796
vn -0.2135 -0.0412 -0.9761
vn -0.1961 0.0427 -0.9796
vn -0.2293 -0.1249 -0.9653
vn -0.1502 -0.2968 -0.943
vn -0.1961 0.0427 -0.9796
vn -0.2794 0.0551 -0.9586
vn -0.2616 0.2166 -0.9405
vn -0.1961 0.0427 -0.9796
vn -0.2983 -0.0247 -0.9542
vn -0.311 -0.1051 -0.9446
vn -0.2616 0.2166 -0.9405
vn 0.1227 0.923 -0.3648
vn -0.2638 0.923 -0.2802
vn -0.2637 0.923 -0.2803
vn 0.1227 0.923 -0.3648
vn -0.4313 0.104 -0.8962
vn -0.6165 0.2379 -0.7505
vn -0.4781 0.3844 -0.7897
vn -0.3771 0.2075 -0.9026
vn -0.287 0.4581 -0.8413
vn -0.2616 0.2166 -0.9405
vn -0.527 0.4822 -0.6998
vn -0.2967 0.5765 -0.7614
vn -0.4648 0.0099 -0.8854
vn -0.6843 0.0609 -0.7267
vn -0.6959 0.3064 -0.6495
vn -0.8581 0.4993 -0.1196
vn -0.8581 0.4993 -0.1196
vn -0.6099 0.7687 -0.1927
vn -0.6099 0.7687 -0.1927
vn -0.4692 -0.0899 -0.8785
vn -0.6868 -0.128 -0.7154
vn -0.7812 0.0865 -0.6182
vn -0.9835 0.1656 -0.0723
vn -0.9835 0.1656 -0.0723
vn -0.458 -0.2038 -0.8653
vn -0.6139 -0.3146 -0.724
vn -0.6868 -0.128 -0.7154
vn -0.6868 -0.128 -0.7154
vn -0.782 -0.1485 -0.6054
vn -0.9805 -0.1882 -0.0562
vn -0.9805 -0.1882 -0.0562
vn -0.6916 -0.3731 -0.6184
vn -0.6868 -0.128 -0.7154
vn -0.8493 -0.5228 -0.0733
vn -0.8493 -0.5228 -0.0733
vn -0.3551 -0.2571 -0.8988
vn -0.4665 -0.4553 -0.7583
vn -0.5169 -0.5476 -0.658
vn -0.5957 -0.7939 -0.1221
vn -0.5957 -0.7939 -0.1221
vn -0.2561 -0.2922 -0.9214
vn -0.2818 -0.5274 -0.8015
vn -0.2875 -0.6414 -0.7113
vn -0.2458 -0.9493 -0.1958
vn -0.2459 -0.9493 -0.1958
vn -0.0811 -0.5315 -0.8432
vn -0.0363 -0.644 -0.7642
vn 0.1136 -0.4566 -0.8824
vn 0.1979 -0.5483 -0.8126
vn 0.1417 -0.9493 -0.2806
vn 0.1417 -0.9493 -0.2806
vn -0.1503 -0.2967 -0.9431
vn 0.253 -0.3089 -0.9168
vn 0.3691 -0.3707 -0.8523
vn 0.4904 -0.7939 -0.3596
vn 0.4904 -0.7939 -0.3596
vn -0.0293 -0.2866 -0.9576
vn 0.8675 -0.1882 -0.4604
vn 0.8675 -0.1881 -0.4604
vn 0.7411 -0.5228 -0.4212
vn 0.7411 -0.5228 -0.4212
vn 0.0205 -0.1838 -0.9827
vn 0.8636 0.1656 -0.4762
vn 0.8636 0.1656 -0.4762
vn 0.0537 -0.0893 -0.9946
vn 0.3206 -0.1312 -0.9381
vn 0.4546 -0.1498 -0.878
vn 0.7299 0.4992 -0.4669
vn 0.7299 0.4993 -0.4669
vn 0.0586 0.0108 -0.9982
vn 0.3233 0.0579 -0.9445
vn 0.455 0.0855 -0.8864
vn -0.0566 0.1772 -0.9825
vn 0.0983 0.3828 -0.9186
vn 0.2494 0.2437 -0.9372
vn 0.0516 0.1253 -0.9908
vn 0.3625 0.309 -0.8793
vn -0.1565 0.212 -0.9647
vn -0.0879 0.454 -0.8867
vn 0.1841 0.4815 -0.8569
vn 0.4737 0.7687 -0.4298
vn 0.4737 0.7687 -0.4298
vn -0.0476 0.5738 -0.8176
vn -0.2616 0.2166 -0.9405
vn -0.1129 0.0233 -0.9933
vn -0.127 -0.0574 -0.9902
vn -0.1446 -0.137 -0.98
vn -0.1961 0.0427 -0.9796
vn -0.2135 -0.0412 -0.9761
vn -0.1961 0.0427 -0.9796
vn -0.2293 -0.1249 -0.9653
vn -0.1961 0.0427 -0.9796
vn -0.2794 0.0551 -0.9586
vn -0.2616 0.2166 -0.9405
vn -0.1961 0.0427 -0.9796
vn -0.2982 -0.0247 -0.9542
vn -0.3109 -0.1051 -0.9446
vn -0.2616 0.2166 -0.9405
vn 0.1579 -0.9653 -0.2079
vn 0.1579 -0.9653 -0.2079
vn -0.2302 -0.9653 -0.123
vn -0.2303 -0.9653 -0.123
vn -0.426 -0.2499 -0.8695
vn -0.3688 -0.3519 -0.8603
vn -0.4651 -0.5151 -0.72
vn -0.6085 -0.3672 -0.7035
vn -0.2524 -0.3629 -0.897
vn -0.2701 -0.5906 -0.7604
vn -0.276 -0.6974 -0.6614
vn -0.5113 -0.6009 -0.6144
vn -0.4625 -0.1556 -0.8729
vn -0.681 -0.1897 -0.7072
vn -0.6862 -0.4229 -0.5918
vn -0.8413 -0.5396 -0.0327
vn -0.5832 -0.81 -0.061
vn -0.5832 -0.81 -0.061
vn -0.8413 -0.5396 -0.0327
vn -0.4697 -0.0558 -0.8811
vn -0.681 -0.1897 -0.7072
vn -0.6884 -0.0013 -0.7253
vn -0.681 -0.1897 -0.7072
vn -0.7776 -0.2022 -0.5954
vn -0.9777 -0.206 -0.0411
vn -0.9777 -0.206 -0.0411
vn -0.4617 0.0587 -0.8851
vn -0.6204 0.1832 -0.7626
vn -0.681 -0.1897 -0.7072
vn -0.7842 0.0321 -0.6197
vn -0.9858 0.1457 -0.0841
vn -0.9858 0.1457 -0.084
vn -0.6998 0.2536 -0.6678
vn -0.8651 0.4765 -0.1566
vn -0.8651 0.4765 -0.1566
vn -0.3606 0.1094 -0.9263
vn -0.4776 0.3204 -0.8181
vn -0.5308 0.4236 -0.734
vn -0.621 0.7429 -0.2499
vn -0.621 0.7429 -0.2499
vn -0.263 0.1437 -0.954
vn -0.2963 0.3902 -0.8717
vn -0.306 0.514 -0.8014
vn -0.2781 0.895 -0.3488
vn -0.2781 0.895 -0.3488
vn -0.0973 0.3945 -0.9137
vn -0.0572 0.517 -0.854
vn 0.0985 0.322 -0.9416
vn -0.0572 0.517 -0.854
vn 0.1785 0.4244 -0.8877
vn 0.1072 0.8951 -0.4327
vn 0.1071 0.895 -0.4331
vn -0.1577 0.1484 -0.9763
vn 0.2431 0.1772 -0.9537
vn 0.3558 0.2508 -0.9003
vn 0.46 0.7429 -0.4863
vn 0.46 0.7429 -0.4863
vn -0.0371 0.1402 -0.9894
vn 0.8606 0.1457 -0.488
vn 0.7208 0.4765 -0.5034
vn 0.7208 0.4765 -0.5034
vn 0.8606 0.1456 -0.488
vn 0.0163 0.0371 -0.9992
vn 0.8712 -0.206 -0.4456
vn 0.8712 -0.206 -0.4456
vn 0.0531 -0.0568 -0.997
vn 0.3178 0.0015 -0.9482
vn 0.4506 0.0329 -0.8921
vn 0.7508 -0.5395 -0.381
vn 0.7508 -0.5395 -0.381
vn 0.0617 -0.1561 -0.9858
vn 0.3285 -0.1864 -0.926
vn 0.4613 -0.2008 -0.8642
vn -0.0478 -0.3232 -0.9451
vn 0.059 -0.2691 -0.9613
vn 0.262 -0.3727 -0.8902
vn 0.1158 -0.514 -0.8499
vn 0.3779 -0.4252 -0.8224
vn -0.1468 -0.3584 -0.9219
vn -0.0695 -0.5867 -0.8068
vn 0.2054 -0.6004 -0.7729
vn 0.5047 -0.81 -0.2986
vn 0.5047 -0.81 -0.2986
vn -0.0247 -0.695 -0.7186
vn -0.1096 -0.1734 -0.9787
vn -0.1264 -0.0935 -0.9876
vn -0.1467 -0.0139 -0.9891
vn -0.1922 -0.1934 -0.9621
vn -0.2122 -0.1103 -0.971
vn -0.2308 -0.0264 -0.9727
vn -0.2752 -0.2053 -0.9392
vn -0.2967 -0.1261 -0.9466
vn -0.3119 -0.0455 -0.949
vn 0.2421 0.9653 -0.0976
vn -0.1349 0.9653 -0.2234
vn -0.1349 0.9653 -0.2234
vn 0.242 0.9653 -0.0976
vn 0.079 0.2498 -0.9651
vn -0.1628 0.3672 -0.9158
vn -0.0311 0.5151 -0.8566
vn 0.1236 0.3519 -0.9279
vn 0.1571 0.5906 -0.7915
vn 0.2422 0.3629 -0.8998
vn -0.1249 0.6009 -0.7895
vn 0.1014 0.6974 -0.7095
vn 0.0494 0.1555 -0.9866
vn -0.2232 0.1897 -0.9561
vn -0.2868 0.4229 -0.8596
vn -0.7061 0.5395 -0.4587
vn -0.7061 0.5395 -0.4587
vn -0.4699 0.81 -0.3508
vn -0.4699 0.81 -0.3508
vn 0.0475 0.0559 -0.9973
vn -0.2203 0.0013 -0.9754
vn -0.3634 0.2021 -0.9094
vn -0.8188 0.206 -0.5358
vn -0.8188 0.206 -0.5358
vn 0.0565 -0.0587 -0.9967
vn -0.1428 -0.1831 -0.9727
vn -0.3566 -0.0321 -0.9337
vn -0.8038 -0.1456 -0.5768
vn -0.8038 -0.1457 -0.5768
vn -0.2594 -0.2535 -0.9319
vn -0.6631 -0.4765 -0.5773
vn -0.6631 -0.4765 -0.5773
vn 0.1642 -0.1094 -0.9803
vn 0.0084 -0.3204 -0.9473
vn -0.0802 -0.4236 -0.9023
vn -0.4056 -0.7429 -0.5325
vn -0.4056 -0.7429 -0.5325
vn 0.2622 -0.1437 -0.9542
vn 0.1916 -0.3902 -0.9006
vn 0.1473 -0.5142 -0.845
vn -0.0604 -0.8951 -0.4418
vn -0.0605 -0.895 -0.4418
vn 0.384 -0.3945 -0.8348
vn 0.3879 -0.517 -0.763
vn 0.5666 -0.322 -0.7585
vn 0.6077 -0.4244 -0.6712
vn 0.3136 -0.8951 -0.3171
vn 0.3136 -0.8951 -0.3171
vn -0.0605 -0.895 -0.4418
vn 0.3642 -0.1484 -0.9194
vn 0.2622 -0.1437 -0.9542
vn 0.6969 -0.1772 -0.695
vn 0.7664 -0.2509 -0.5914
vn 0.644 -0.7429 -0.1824
vn 0.644 -0.7429 -0.1824
vn 0.4745 -0.1401 -0.869
vn 0.9891 -0.1456 0.0212
vn 0.9891 -0.1456 0.0212
vn 0.8768 -0.4765 -0.0637
vn 0.8768 -0.4765 -0.0637
vn 0.8768 -0.4765 -0.0637
vn 0.8768 -0.4765 -0.0637
vn 0.5253 -0.0371 -0.8501
vn 0.9765 0.2061 0.063
vn 0.9765 0.2061 0.063
vn 0.5558 0.0568 -0.8294
vn 0.7582 -0.0015 -0.652
vn 0.8436 -0.0329 -0.5359
vn 0.84 0.5395 0.0569
vn 0.8401 0.5395 0.0569
vn 0.5575 0.1561 -0.8153
vn 0.7561 0.1864 -0.6274
vn 0.8387 0.2004 -0.5064
vn 0.4426 0.3232 -0.8364
vn 0.5345 0.514 -0.6709
vn 0.6807 0.3726 -0.6307
vn 0.5427 0.2691 -0.7957
vn 0.5575 0.1561 -0.8153
vn 0.7456 0.4252 -0.5131
vn 0.3456 0.3584 -0.8672
vn 0.3531 0.5867 -0.7288
vn 0.572 0.6004 -0.5589
vn 0.5864 0.8101 0.0015
vn 0.5864 0.81 0.0015
vn 0.84 0.5395 0.0569
vn 0.3465 0.6949 -0.6301
vn 0.242 0.9653 -0.0976
vn 0.5575 0.1561 -0.8153
vn 0.4067 0.1734 -0.897
vn 0.5575 0.1561 -0.8153
vn 0.3967 0.0935 -0.9132
vn 0.3802 0.014 -0.9248
vn 0.3272 0.1934 -0.925
vn 0.3145 0.1102 -0.9428
vn 0.2994 0.0265 -0.9538
vn 0.2622 -0.1437 -0.9542
vn 0.2442 0.2053 -0.9478
vn 0.2296 0.1261 -0.9651
vn 0.2178 0.0456 -0.9749
vn 0.2622 -0.1437 -0.9542
vn 0.2921 0.923 -0.2506
vn -0.0832 0.923 -0.3758
vn -0.0831 0.923 -0.3758
vn 0.2921 0.923 -0.2506
vn 0.0883 0.1042 -0.9906
vn -0.1456 0.2379 -0.9603
vn -0.0066 0.3844 -0.9231
vn 0.138 0.2076 -0.9684
vn 0.1841 0.4581 -0.8696
vn 0.2567 0.2166 -0.9419
vn -0.0946 0.4822 -0.8709
vn 0.1348 0.5764 -0.806
vn 0.0538 0.0098 -0.9985
vn -0.216 0.0609 -0.9745
vn -0.2654 0.3062 -0.9142
vn -0.676 0.4992 -0.542
vn -0.676 0.4992 -0.542
vn -0.4253 0.7687 -0.4778
vn -0.4253 0.7687 -0.4778
vn 0.0465 -0.0899 -0.9949
vn -0.2239 -0.128 -0.9662
vn -0.3548 0.0865 -0.9309
vn -0.808 0.1656 -0.5655
vn -0.808 0.1656 -0.5655
vn 0.0494 -0.2039 -0.9778
vn -0.1569 -0.3146 -0.9362
vn -0.362 -0.1485 -0.9203
vn -0.8136 -0.1881 -0.5502
vn -0.8136 -0.1881 -0.5501
vn -0.2778 -0.3731 -0.8852
vn -0.6921 -0.5228 -0.4976
vn -0.6921 -0.5228 -0.4976
vn 0.1548 -0.2571 -0.9539
vn -0.0127 -0.4553 -0.8903
vn -0.1074 -0.5476 -0.8298
vn -0.4493 -0.7939 -0.4097
vn -0.4493 -0.7939 -0.4097
vn 0.2515 -0.2922 -0.9227
vn 0.1681 -0.5274 -0.8328
vn 0.1171 -0.6413 -0.7583
vn -0.111 -0.9493 -0.294
vn -0.111 -0.9493 -0.294
vn 0.3619 -0.5314 -0.7659
vn 0.3598 -0.6439 -0.6752
vn 0.5491 -0.4565 -0.7
vn 0.5858 -0.5481 -0.597
vn 0.2653 -0.9493 -0.1686
vn 0.2653 -0.9493 -0.1685
vn 0.3536 -0.2968 -0.8871
vn 0.6865 -0.3089 -0.6583
vn 0.7531 -0.3706 -0.5436
vn 0.6053 -0.7939 -0.058
vn 0.6053 -0.7939 -0.058
vn 0.4649 -0.2866 -0.8377
vn 0.9809 -0.1881 0.0484
vn 0.9809 -0.1882 0.0484
vn 0.8523 -0.5228 0.0175
vn 0.8523 -0.5228 0.0175
vn 0.5205 -0.1838 -0.8339
vn 0.9856 0.1656 0.0328
vn 0.9856 0.1656 0.0328
vn 0.9809 -0.1881 0.0484
vn 0.5551 -0.0892 -0.827
vn 0.7555 -0.1312 -0.6419
vn 0.8399 -0.1499 -0.5216
vn 0.866 0.4993 -0.0276
vn 0.866 0.4993 -0.0276
vn 0.5612 0.0107 -0.8276
vn 0.7611 0.0579 -0.646
vn 0.8445 0.0855 -0.5287
vn 0.4541 0.1772 -0.8732
vn 0.5548 0.3829 -0.7387
vn 0.6939 0.2437 -0.6776
vn 0.5513 0.1252 -0.8248
vn 0.7614 0.309 -0.5699
vn 0.3593 0.212 -0.9089
vn 0.3782 0.4539 -0.8068
vn 0.5966 0.4814 -0.6421
vn 0.6269 0.7687 -0.1268
vn 0.6269 0.7687 -0.1268
vn 0.3776 0.5737 -0.7269
vn 0.4112 0.0233 -0.9112
vn 0.3976 -0.0573 -0.9158
vn 0.3773 -0.137 -0.9159
vn 0.3329 0.0427 -0.942
vn 0.3161 -0.0412 -0.9478
vn 0.297 -0.1248 -0.9467
vn 0.2507 0.0551 -0.9665
vn 0.2321 -0.0247 -0.9724
vn 0.2162 -0.1051 -0.9707
vn 0.2921 0.923 -0.2506
vn -0.0832 0.923 -0.3757
vn -0.0831 0.923 -0.3757
vn 0.292 0.923 -0.2506
vn 0.0884 0.1042 -0.9906
vn -0.1456 0.2379 -0.9603
vn -0.0066 0.3844 -0.9231
vn 0.138 0.2075 -0.9685
vn 0.1841 0.4581 -0.8696
vn 0.2567 0.2165 -0.9419
vn -0.0947 0.4822 -0.8709
vn 0.1348 0.5765 -0.8059
vn 0.0538 0.0099 -0.9985
vn -0.216 0.0609 -0.9745
vn -0.2656 0.3064 -0.9141
vn -0.676 0.4992 -0.542
vn -0.676 0.4992 -0.542
vn -0.4252 0.7687 -0.4777
vn -0.4253 0.7687 -0.4777
vn 0.0465 -0.0899 -0.9949
vn -0.2239 -0.128 -0.9662
vn -0.3548 0.0865 -0.9309
vn -0.808 0.1656 -0.5655
vn -0.808 0.1656 -0.5655
vn 0.0494 -0.2039 -0.9778
vn -0.1569 -0.3146 -0.9362
vn -0.362 -0.1485 -0.9203
vn -0.8136 -0.1881 -0.5501
vn -0.8136 -0.1881 -0.5501
vn -0.2778 -0.3731 -0.8852
vn -0.6921 -0.5228 -0.4976
vn -0.6921 -0.5228 -0.4976
vn 0.1549 -0.2571 -0.9539
vn -0.0127 -0.4553 -0.8903
vn -0.1074 -0.5476 -0.8298
vn -0.4493 -0.7939 -0.4097
vn -0.4493 -0.7939 -0.4097
vn 0.2515 -0.2922 -0.9227
vn 0.1681 -0.5274 -0.8328
vn 0.1171 -0.6413 -0.7583
vn -0.111 -0.9493 -0.294
vn -0.111 -0.9493 -0.294
vn 0.3619 -0.5314 -0.7659
vn 0.3598 -0.6439 -0.6752
vn 0.5491 -0.4565 -0.7
vn 0.5858 -0.5481 -0.597
vn 0.2653 -0.9493 -0.1685
vn 0.2653 -0.9493 -0.1685
vn 0.3536 -0.2968 -0.8871
vn 0.6865 -0.3089 -0.6582
vn 0.7532 -0.3706 -0.5435
vn 0.6053 -0.7939 -0.058
vn 0.6053 -0.7939 -0.058
vn 0.4648 -0.2867 -0.8377
vn 0.9809 -0.1882 0.0485
vn 0.9809 -0.1882 0.0485
vn 0.8522 -0.5228 0.0175
vn 0.8522 -0.5228 0.0175
vn 0.8522 -0.5228 0.0175
vn 0.8522 -0.5228 0.0175
vn 0.5205 -0.1838 -0.8338
vn 0.9856 0.1656 0.0328
vn 0.9856 0.1656 0.0328
vn 0.5551 -0.0892 -0.827
vn 0.7555 -0.1312 -0.6419
vn 0.8398 -0.1498 -0.5218
vn 0.866 0.4993 -0.0276
vn 0.866 0.4993 -0.0276
vn 0.5611 0.0107 -0.8276
vn 0.7611 0.0579 -0.646
vn 0.8445 0.0854 -0.5286
vn 0.4541 0.1773 -0.8731
vn 0.5547 0.3829 -0.7387
vn 0.6939 0.2437 -0.6776
vn 0.5513 0.1253 -0.8249
vn 0.5611 0.0107 -0.8276
vn 0.7614 0.309 -0.5699
vn 0.8445 0.0854 -0.5286
vn 0.3593 0.2119 -0.9088
vn 0.3782 0.4539 -0.8068
vn -0.4252 0.7687 -0.4777
vn 0.5966 0.4814 -0.6421
vn 0.6269 0.7687 -0.1268
vn 0.6269 0.7687 -0.1268
vn 0.3776 0.5737 -0.7269
vn 0.5611 0.0107 -0.8276
vn 0.4113 0.0233 -0.9112
vn 0.5611 0.0107 -0.8276
vn 0.3976 -0.0573 -0.9158
vn 0.3773 -0.137 -0.9159
vn 0.3329 0.0428 -0.942
vn 0.3161 -0.0411 -0.9478
vn 0.2971 -0.1249 -0.9467
vn 0.2507 0.0551 -0.9665
vn 0.2321 -0.0246 -0.9724
vn 0.2162 -0.1051 -0.9707
vn 0.242 -0.9653 -0.0978
vn 0.242 -0.9653 -0.0978
vn -0.1349 -0.9653 -0.2235
vn -0.1349 -0.9653 -0.2235
vn 0.079 -0.2499 -0.9651
vn 0.1235 -0.3518 -0.9279
vn -0.0311 -0.515 -0.8566
vn -0.1628 -0.3672 -0.9158
vn 0.2423 -0.3629 -0.8998
vn 0.1572 -0.5906 -0.7915
vn 0.1014 -0.6974 -0.7095
vn -0.1249 -0.6009 -0.7895
vn 0.0494 -0.1555 -0.9866
vn -0.2231 -0.1897 -0.9562
vn -0.2867 -0.4229 -0.8596
vn -0.7061 -0.5395 -0.4587
vn -0.4698 -0.81 -0.3508
vn -0.4698 -0.8101 -0.3508
vn -0.7061 -0.5395 -0.4587
vn 0.0474 -0.0559 -0.9973
vn -0.2202 -0.0013 -0.9754
vn -0.3633 -0.2022 -0.9095
vn -0.8189 -0.206 -0.5357
vn -0.8189 -0.206 -0.5358
vn 0.0564 0.0587 -0.9967
vn -0.2202 -0.0013 -0.9754
vn -0.1427 0.1831 -0.9727
vn -0.2202 -0.0013 -0.9754
vn -0.3566 0.0321 -0.9337
vn -0.8038 0.1457 -0.5768
vn -0.8038 0.1457 -0.5768
vn -0.2202 -0.0013 -0.9754
vn -0.2594 0.2535 -0.9319
vn -0.6631 0.4765 -0.5772
vn -0.6631 0.4765 -0.5772
vn 0.1641 0.1094 -0.9803
vn 0.0084 0.3204 -0.9473
vn -0.0803 0.4236 -0.9023
vn -0.4057 0.7429 -0.5325
vn -0.4056 0.7429 -0.5325
vn 0.2622 0.1437 -0.9543
vn 0.1641 0.1094 -0.9803
vn 0.1916 0.3902 -0.9006
vn 0.1473 0.5142 -0.8449
vn -0.0605 0.895 -0.442
vn -0.0605 0.895 -0.442
vn 0.384 0.3945 -0.8348
vn 0.3879 0.5171 -0.763
vn 0.5665 0.322 -0.7585
vn 0.6077 0.4245 -0.6712
vn 0.3137 0.895 -0.3172
vn 0.3137 0.895 -0.3172
vn 0.3641 0.1484 -0.9194
vn 0.6969 0.1772 -0.6949
vn 0.7664 0.2509 -0.5913
vn 0.6441 0.7429 -0.1824
vn 0.6441 0.7429 -0.1824
vn 0.4745 0.1401 -0.869
vn 0.3641 0.1484 -0.9194
vn 0.9891 0.1456 0.0212
vn 0.8768 0.4766 -0.0637
vn 0.8768 0.4765 -0.0637
vn 0.9891 0.1456 0.0212
vn 0.8768 0.4765 -0.0637
vn 0.5253 0.0371 -0.8501
vn 0.9765 -0.206 0.063
vn 0.9765 -0.2061 0.063
vn 0.5558 -0.0568 -0.8294
vn 0.7583 0.0015 -0.652
vn 0.8437 0.0329 -0.5358
vn 0.8401 -0.5395 0.0568
vn 0.8401 -0.5395 0.0568
vn 0.5575 -0.1562 -0.8154
vn 0.7561 -0.1864 -0.6274
vn 0.8386 -0.2009 -0.5064
vn 0.4426 -0.3233 -0.8364
vn 0.5426 -0.2692 -0.7957
vn 0.6806 -0.3727 -0.6307
vn 0.5345 -0.514 -0.671
vn 0.7456 -0.4253 -0.5131
vn 0.3457 -0.3585 -0.8672
vn 0.3532 -0.5867 -0.7287
vn -0.4698 -0.81 -0.3508
vn 0.572 -0.6004 -0.5589
vn 0.5864 -0.81 0.0014
vn 0.5864 -0.81 0.0014
vn 0.3466 -0.6949 -0.6301
vn 0.4067 -0.1735 -0.8969
vn 0.3967 -0.0935 -0.9132
vn 0.3802 -0.014 -0.9248
vn 0.3641 0.1484 -0.9194
vn 0.3273 -0.1934 -0.9249
vn 0.3145 -0.1102 -0.9428
vn 0.2994 -0.0265 -0.9537
vn 0.2994 -0.0265 -0.9537
vn 0.3641 0.1484 -0.9194
vn 0.2442 -0.2053 -0.9477
vn 0.2295 -0.1261 -0.9651
vn 0.2176 -0.0455 -0.975
vn 0.2994 -0.0265 -0.9537
vn 0.2994 -0.0265 -0.9537
vn 0.1641 0.1094 -0.9803
vn 0.1641 0.1094 -0.9803
vn 0.2409 0.9653 0.1006
vn 0.0611 0.9653 -0.2538
vn 0.0611 0.9653 -0.2538
vn 0.2409 0.9653 0.1006
vn 0.7346 0.2499 -0.6309
vn 0.5279 0.3672 -0.7658
vn 0.58 0.515 -0.6311
vn 0.7401 0.3519 -0.5731
vn 0.6682 0.5905 -0.4525
vn 0.8047 0.363 -0.4697
vn 0.4662 0.6009 -0.6493
vn 0.5708 0.6974 -0.4334
vn 0.7286 0.1556 -0.667
vn 0.5133 0.1898 -0.837
vn 0.4003 0.4229 -0.813
vn -0.1797 0.5395 -0.8226
vn -0.1797 0.5395 -0.8226
vn -0.0876 0.81 -0.5799
vn -0.0876 0.81 -0.5798
vn 0.7348 0.0559 -0.676
vn 0.529 0.0013 -0.8486
vn 0.3808 0.2022 -0.9023
vn -0.2058 0.206 -0.9567
vn -0.2058 0.206 -0.9567
vn 0.7407 -0.0588 -0.6693
vn 0.5822 -0.1831 -0.7921
vn 0.4028 -0.032 -0.9147
vn -0.1663 -0.1456 -0.9753
vn -0.1663 -0.1457 -0.9753
vn 0.4706 -0.2535 -0.8451
vn -0.0658 -0.4765 -0.8767
vn -0.0658 -0.4765 -0.8767
vn 0.8059 -0.1094 -0.5819
vn 0.6719 -0.3203 -0.6679
vn 0.5773 -0.4234 -0.6982
vn 0.0857 -0.7429 -0.6638
vn 0.0857 -0.7429 -0.6639
vn 0.8572 -0.1437 -0.4944
vn 0.7693 -0.3902 -0.5059
vn 0.6987 -0.5141 -0.4975
vn 0.2675 -0.895 -0.3568
vn 0.2676 -0.8951 -0.3568
vn 0.0857 -0.7429 -0.6638
vn 0.8599 -0.3945 -0.3239
vn 0.8122 -0.5171 -0.27
vn 0.9361 -0.3221 -0.1412
vn 0.904 -0.4245 -0.0502
vn 0.446 -0.895 -0.0051
vn 0.446 -0.895 -0.0051
vn 0.2675 -0.895 -0.3568
vn 0.9053 -0.1484 -0.3981
vn 0.8572 -0.1437 -0.4944
vn 0.9842 -0.1771 -0.0044
vn 0.9608 -0.2509 0.1182
vn 0.5863 -0.7429 0.3229
vn 0.5863 -0.7429 0.323
vn 0.9484 -0.1401 -0.2846
vn 0.6886 -0.1456 0.7104
vn 0.6886 -0.1456 0.7104
vn 0.6685 -0.4765 0.5711
vn 0.6685 -0.4765 0.5711
vn 0.9712 -0.037 -0.2353
vn 0.6502 0.206 0.7313
vn 0.6502 0.206 0.7313
vn 0.9783 0.0569 -0.1991
vn 0.9976 -0.0015 0.0693
vn 0.9767 -0.0329 0.212
vn 0.5574 0.5395 0.6311
vn 0.5574 0.5395 0.631
vn 0.9697 0.1562 -0.188
vn 0.9788 0.1863 0.0852
vn 0.9524 0.2008 0.2293
vn 0.9028 0.3232 -0.2837
vn 0.8518 0.514 -0.1016
vn 0.9275 0.3726 0.0298
vn 0.9453 0.2691 -0.1845
vn 0.891 0.4252 0.1591
vn 0.8554 0.3585 -0.3739
vn 0.7634 0.5867 -0.2701
vn 0.7997 0.6004 0.0045
vn 0.416 0.81 0.4133
vn 0.416 0.81 0.4133
vn 0.6894 0.6949 -0.2046
vn 0.9198 0.1735 -0.3519
vn 0.9241 0.0935 -0.3706
vn 0.9204 0.014 -0.3906
vn 0.8829 0.1935 -0.4279
vn 0.8864 0.1102 -0.4496
vn 0.8834 0.0265 -0.4679
vn 0.8572 -0.1437 -0.4944
vn 0.8398 0.2053 -0.5025
vn 0.8417 0.1261 -0.5251
vn 0.8402 0.0455 -0.5404
vn 0.8572 -0.1437 -0.4944
vn 0.3839 0.923 0.027
vn 0.205 0.923 -0.3257
vn 0.205 0.923 -0.3257
vn 0.3838 0.923 0.027
vn 0.7592 0.1042 -0.6425
vn 0.5714 0.2379 -0.7854
vn 0.6442 0.3844 -0.6612
vn 0.779 0.2075 -0.5918
vn 0.7422 0.4582 -0.4891
vn 0.8446 0.2166 -0.4896
vn 0.5449 0.4822 -0.6859
vn 0.6624 0.5766 -0.4784
vn 0.7401 0.0099 -0.6724
vn 0.5314 0.0609 -0.8449
vn 0.4537 0.3063 -0.8369
vn 0.5449 0.4822 -0.6859
vn -0.1 0.4992 -0.8607
vn -0.1 0.4993 -0.8607
vn 0.0332 0.7688 -0.6387
vn 0.0332 0.7688 -0.6387
vn 0.7324 -0.0899 -0.6749
vn 0.5199 -0.128 -0.8446
vn 0.402 0.0865 -0.9115
vn -0.1772 0.1656 -0.9701
vn -0.1772 0.1656 -0.9701
vn 0.7224 -0.204 -0.6607
vn 0.5465 -0.3146 -0.7761
vn 0.3894 -0.1485 -0.909
vn -0.192 -0.1881 -0.9632
vn -0.192 -0.1882 -0.9632
vn 0.4247 -0.3731 -0.8249
vn -0.1425 -0.5228 -0.8404
vn -0.1425 -0.5228 -0.8404
vn 0.7806 -0.2572 -0.5696
vn 0.6168 -0.4553 -0.6421
vn 0.5069 -0.5476 -0.6657
vn -0.0316 -0.7939 -0.6073
vn -0.0316 -0.7939 -0.6073
vn -0.1425 -0.5228 -0.8404
vn -0.1425 -0.5228 -0.8404
vn 0.8274 -0.2922 -0.4795
vn 0.705 -0.5274 -0.4742
vn 0.6163 -0.6413 -0.457
vn 0.1277 -0.9493 -0.2872
vn 0.1277 -0.9493 -0.2872
vn 0.7958 -0.5314 -0.2904
vn 0.7306 -0.6439 -0.2273
vn 0.8827 -0.4565 -0.1119
vn 0.8363 -0.5481 -0.0128
vn 0.3071 -0.9493 0.0666
vn 0.3071 -0.9493 0.0666
vn 0.875 -0.2967 -0.3825
vn 0.8274 -0.2922 -0.4795
vn 0.951 -0.3089 0.0144
vn 0.9177 -0.3706 0.1428
vn 0.4713 -0.7939 0.3842
vn 0.4713 -0.7939 0.3842
vn 0.9195 -0.2865 -0.269
vn 0.6637 -0.1881 0.724
vn 0.6637 -0.1882 0.724
vn 0.5939 -0.5228 0.6115
vn 0.5939 -0.5228 0.6115
vn 0.9563 -0.1838 -0.2272
vn 0.678 0.1656 0.7162
vn 0.678 0.1656 0.7162
vn 0.9761 -0.0893 -0.198
vn 0.9885 -0.1312 0.0745
vn 0.9885 -0.1312 0.0745
vn 0.9641 -0.1497 0.2193
vn 0.6353 0.4993 0.5891
vn 0.6353 0.4993 0.5891
vn 0.9809 0.0107 -0.1942
vn 0.9955 0.0579 0.0755
vn 0.9885 -0.1312 0.0745
vn 0.9723 0.0855 0.2176
vn 0.9885 -0.1312 0.0745
vn 0.9368 0.1773 -0.3018
vn 0.9138 0.3829 -0.1354
vn 0.9698 0.2437 0.0058
vn 0.9719 0.1253 -0.1991
vn 0.9422 0.3089 0.1298
vn 0.8944 0.212 -0.394
vn 0.8361 0.454 -0.308
vn 0.8757 0.4814 -0.0373
vn 0.5349 0.7688 0.3505
vn 0.5349 0.7688 0.3505
vn 0.7794 0.5738 -0.2516
vn 0.933 0.0233 -0.359
vn 0.9265 -0.0574 -0.3718
vn 0.9122 -0.1369 -0.3863
vn 0.8989 0.0427 -0.4361
vn 0.8911 -0.0411 -0.452
vn 0.8767 -0.1249 -0.4646
vn 0.8274 -0.2922 -0.4795
vn 0.8577 0.055 -0.5112
vn 0.8486 -0.0246 -0.5284
vn 0.8361 -0.1051 -0.5384
vn 0.8274 -0.2922 -0.4795
vn 0.3839 0.923 0.027
vn 0.205 0.923 -0.3257
vn 0.205 0.923 -0.3257
vn 0.3839 0.923 0.027
vn 0.7592 0.1043 -0.6425
vn 0.5715 0.2379 -0.7854
vn 0.6442 0.3844 -0.6612
vn 0.7789 0.2075 -0.5918
vn 0.7422 0.4582 -0.4891
vn 0.8446 0.2166 -0.4896
vn 0.5449 0.4822 -0.686
vn 0.6623 0.5765 -0.4784
vn 0.7402 0.0099 -0.6724
vn 0.5314 0.0609 -0.8449
vn 0.4537 0.3063 -0.8368
vn -0.0999 0.4993 -0.8607
vn -0.0999 0.4993 -0.8607
vn 0.0333 0.7687 -0.6387
vn 0.0333 0.7687 -0.6387
vn 0.7324 -0.0899 -0.6749
vn 0.5199 -0.128 -0.8446
vn 0.402 0.0865 -0.9115
vn 0.4537 0.3063 -0.8368
vn -0.1772 0.1656 -0.9701
vn -0.1772 0.1656 -0.9701
vn 0.7224 -0.204 -0.6607
vn 0.5465 -0.3146 -0.7761
vn 0.3894 -0.1485 -0.909
vn -0.192 -0.1882 -0.9632
vn -0.192 -0.1881 -0.9632
vn 0.4247 -0.3731 -0.8249
vn -0.1425 -0.5229 -0.8404
vn -0.1425 -0.5229 -0.8404
vn 0.7806 -0.2572 -0.5696
vn 0.6168 -0.4553 -0.6421
vn 0.5069 -0.5476 -0.6657
vn -0.0316 -0.7939 -0.6073
vn -0.0316 -0.7939 -0.6073
vn 0.8274 -0.2922 -0.4796
vn 0.705 -0.5274 -0.4742
vn 0.6162 -0.6414 -0.457
vn 0.1277 -0.9493 -0.2872
vn 0.1277 -0.9493 -0.2872
vn 0.7958 -0.5314 -0.2904
vn 0.7306 -0.6439 -0.2273
vn 0.8827 -0.4565 -0.1119
vn 0.8363 -0.5481 -0.0128
vn 0.3071 -0.9493 0.0666
vn 0.3071 -0.9493 0.0666
vn 0.875 -0.2967 -0.3825
vn 0.951 -0.3089 0.0144
vn 0.9177 -0.3707 0.1428
vn 0.4713 -0.7939 0.3843
vn 0.4713 -0.7939 0.3842
vn 0.9195 -0.2865 -0.269
vn 0.6636 -0.1882 0.724
vn 0.6636 -0.1882 0.724
vn 0.5938 -0.5228 0.6116
vn 0.5938 -0.5228 0.6116
vn 0.9564 -0.1838 -0.2272
vn 0.678 0.1656 0.7162
vn 0.678 0.1656 0.7162
vn 0.9761 -0.0893 -0.1979
vn 0.9886 -0.1312 0.0745
vn 0.9641 -0.1498 0.2192
vn 0.6354 0.4993 0.5891
vn 0.6354 0.4993 0.5891
vn 0.9809 0.0107 -0.1942
vn 0.9955 0.0579 0.0755
vn 0.9723 0.0855 0.2176
vn 0.9368 0.1773 -0.3018
vn 0.9138 0.3829 -0.1354
vn 0.9698 0.2438 0.0058
vn 0.9719 0.1253 -0.1991
vn 0.9422 0.309 0.1298
vn 0.8944 0.212 -0.3939
vn 0.8361 0.454 -0.3079
vn 0.8757 0.4814 -0.0372
vn 0.535 0.7687 0.3505
vn 0.535 0.7687 0.3505
vn 0.7794 0.5738 -0.2516
vn 0.6623 0.5765 -0.4784
vn 0.933 0.0233 -0.359
vn 0.9265 -0.0574 -0.3718
vn 0.9122 -0.137 -0.3863
vn 0.8989 0.0427 -0.4361
vn 0.8911 -0.0411 -0.452
vn 0.8767 -0.1249 -0.4646
vn 0.8576 0.055 -0.5113
vn 0.8486 -0.0246 -0.5284
vn 0.8361 -0.1051 -0.5384
vn 0.2409 -0.9653 0.1006
vn 0.2409 -0.9653 0.1006
vn 0.0612 -0.9653 -0.2538
vn 0.0612 -0.9653 -0.2538
vn 0.7345 -0.2499 -0.6309
vn 0.7401 -0.3519 -0.5732
vn 0.58 -0.515 -0.6311
vn 0.5279 -0.3672 -0.7658
vn 0.8048 -0.3629 -0.4697
vn 0.6681 -0.5906 -0.4525
vn 0.5708 -0.6974 -0.4333
vn 0.4662 -0.6009 -0.6493
vn 0.7286 -0.1556 -0.667
vn 0.5133 -0.1898 -0.8369
vn 0.4003 -0.4228 -0.813
vn -0.1797 -0.5395 -0.8226
vn -0.0875 -0.8101 -0.5798
vn -0.0875 -0.81 -0.5798
vn -0.1797 -0.5395 -0.8226
vn 0.7347 -0.0559 -0.676
vn 0.5291 -0.0013 -0.8486
vn 0.3808 -0.2022 -0.9023
vn -0.2058 -0.206 -0.9567
vn -0.2058 -0.206 -0.9567
vn 0.7407 0.0587 -0.6693
vn 0.7347 -0.0559 -0.676
vn 0.5822 0.1832 -0.7921
vn 0.4028 0.032 -0.9147
vn -0.1664 0.1457 -0.9752
vn -0.1664 0.1457 -0.9752
vn 0.4706 0.2535 -0.8451
vn -0.0659 0.4765 -0.8767
vn -0.0659 0.4765 -0.8767
vn 0.8059 0.1095 -0.5819
vn 0.6718 0.3204 -0.6678
vn 0.5772 0.4235 -0.6982
vn 0.0858 0.7429 -0.6639
vn 0.0858 0.7429 -0.6639
vn 0.8573 0.1437 -0.4944
vn 0.7693 0.3902 -0.5059
vn 0.6986 0.5142 -0.4975
vn 0.2677 0.895 -0.3569
vn 0.2677 0.895 -0.3569
vn 0.8599 0.3945 -0.3239
vn 0.8122 0.5171 -0.27
vn 0.9361 0.3221 -0.1412
vn 0.904 0.4245 -0.0502
vn 0.4461 0.895 -0.0052
vn 0.4461 0.895 -0.0052
vn 0.9053 0.1484 -0.3981
vn 0.9842 0.1772 -0.0044
vn 0.9608 0.2509 0.1183
vn 0.5864 0.7429 0.3229
vn 0.5864 0.7429 0.323
vn 0.9484 0.1402 -0.2846
vn 0.6886 0.1457 0.7104
vn 0.6685 0.4765 0.5711
vn 0.6685 0.4765 0.5711
vn 0.6886 0.1457 0.7104
vn 0.9712 0.0371 -0.2353
vn 0.6502 -0.206 0.7313
vn 0.6502 -0.206 0.7313
vn 0.9783 -0.0569 -0.1991
vn 0.9976 0.0015 0.0694
vn 0.9767 0.033 0.212
vn 0.5574 -0.5395 0.631
vn 0.5574 -0.5395 0.631
vn 0.9697 -0.1562 -0.188
vn 0.9788 -0.1864 0.0851
vn 0.9524 -0.2008 0.2293
vn 0.9028 -0.3232 -0.2837
vn 0.9453 -0.2691 -0.1845
vn 0.9275 -0.3726 0.0297
vn 0.8518 -0.514 -0.1016
vn 0.891 -0.4252 0.159
vn 0.8554 -0.3585 -0.3738
vn 0.7635 -0.5867 -0.2701
vn 0.7997 -0.6004 0.0044
vn 0.4161 -0.8101 0.4132
vn 0.4161 -0.81 0.4132
vn 0.6894 -0.6949 -0.2045
vn 0.9198 -0.1735 -0.352
vn 0.9241 -0.0936 -0.3706
vn 0.9204 -0.0139 -0.3906
vn 0.9204 -0.0139 -0.3906
vn 0.8829 -0.1934 -0.4279
vn 0.8864 -0.1102 -0.4496
vn 0.8834 -0.0264 -0.4679
vn 0.9204 -0.0139 -0.3906
vn 0.9204 -0.0139 -0.3906
vn 0.8399 -0.2053 -0.5024
vn 0.8417 -0.1261 -0.5251
vn 0.8402 -0.0455 -0.5404
vn 0.7347 -0.0559 -0.676
vn 0.7347 -0.0559 -0.676
vn 0.0992 0.9653 0.2414
vn 0.2226 0.9653 -0.1363
vn 0.2227 0.9653 -0.1363
vn 0.0992 0.9653 0.2414
vn 0.9655 0.2499 0.073
vn 0.9147 0.3672 -0.1685
vn 0.8564 0.5151 -0.0364
vn 0.9286 0.3519 0.1178
vn 0.7925 0.5906 0.1523
vn 0.9012 0.3629 0.2367
vn 0.7887 0.6009 -0.1298
vn 0.7101 0.6973 0.097
vn 0.9869 0.1556 0.0433
vn 0.9547 0.1897 -0.2291
vn 0.8578 0.4229 -0.2922
vn 0.4544 0.5395 -0.7088
vn 0.4544 0.5395 -0.7088
vn 0.3479 0.81 -0.4721
vn 0.3479 0.81 -0.472
vn 0.9976 0.0558 0.0412
vn 0.9741 0.0013 -0.2263
vn 0.9072 0.2022 -0.369
vn 0.5307 0.2061 -0.8221
vn 0.5307 0.2061 -0.8221
vn 0.997 -0.0588 0.0501
vn 0.9718 -0.1831 -0.1487
vn 0.9315 -0.0321 -0.3623
vn 0.5718 -0.1457 -0.8074
vn 0.5718 -0.1457 -0.8074
vn 0.9303 -0.2535 -0.2651
vn 0.5732 -0.4765 -0.6667
vn 0.5732 -0.4765 -0.6667
vn 0.9813 -0.1095 0.1581
vn 0.9473 -0.3203 0.0025
vn 0.9018 -0.4235 -0.0858
vn 0.5299 -0.7429 -0.4089
vn 0.5299 -0.7429 -0.409
vn 0.9559 -0.1437 0.2562
vn 0.9018 -0.3901 0.1859
vn 0.8459 -0.5141 0.142
vn 0.4414 -0.8951 -0.0632
vn 0.4414 -0.8951 -0.0632
vn 0.5299 -0.7429 -0.4089
vn 0.8372 -0.3944 0.3788
vn 0.7654 -0.517 0.3832
vn 0.762 -0.322 0.5619
vn 0.6751 -0.4243 0.6035
vn 0.319 -0.8951 0.3116
vn 0.319 -0.8951 0.3116
vn 0.9217 -0.1483 0.3584
vn 0.6993 -0.1771 0.6925
vn 0.5962 -0.2508 0.7627
vn 0.1864 -0.7429 0.6429
vn 0.1864 -0.7429 0.6429
vn 0.8719 -0.1401 0.4692
vn -0.0151 -0.1456 0.9892
vn -0.0151 -0.1457 0.9892
vn 0.0691 -0.4765 0.8764
vn 0.0691 -0.4765 0.8764
vn 0.8533 -0.0371 0.5201
vn -0.0569 0.206 0.9769
vn -0.0569 0.206 0.9769
vn 0.8327 0.0568 0.5507
vn 0.6567 -0.0015 0.7542
vn 0.5412 -0.0329 0.8403
vn -0.0517 0.5395 0.8404
vn -0.0517 0.5395 0.8404
vn 0.8188 0.1562 0.5525
vn 0.6321 0.1864 0.7521
vn 0.8327 0.0568 0.5507
vn 0.5116 0.2008 0.8354
vn 0.8391 0.3233 0.4375
vn 0.6743 0.5139 0.5303
vn 0.635 0.3726 0.6767
vn 0.799 0.2692 0.5377
vn 0.5177 0.4252 0.7424
vn 0.8693 0.3585 0.3402
vn 0.731 0.5866 0.3486
vn 0.5625 0.6004 0.5685
vn 0.0021 0.81 0.5864
vn 0.0021 0.81 0.5864
vn 0.6323 0.6948 0.3426
vn 0.7101 0.6973 0.097
vn 0.9012 0.3629 0.2367
vn 0.8995 0.1732 0.4011
vn 0.8327 0.0568 0.5507
vn 0.9156 0.0935 0.3911
vn 0.8327 0.0568 0.5507
vn 0.9272 0.0139 0.3743
vn 0.9269 0.1935 0.3214
vn 0.9448 0.1102 0.3086
vn 0.9269 0.1935 0.3214
vn 0.9556 0.0264 0.2935
vn 0.9269 0.1935 0.3214
vn 0.9492 0.2053 0.2383
vn 0.9012 0.3629 0.2367
vn 0.9269 0.1935 0.3214
vn 0.9665 0.1261 0.2236
vn 0.9763 0.0454 0.2117
vn 0.9012 0.3629 0.2367
vn 0.2524 0.923 0.2905
vn 0.3752 0.923 -0.0855
vn 0.3752 0.923 -0.0855
vn 0.2524 0.923 0.2904
vn 0.9911 0.1043 0.0821
vn 0.9594 0.2379 -0.1516
vn 0.9231 0.3844 -0.0123
vn 0.9693 0.2075 0.132
vn 0.8707 0.4581 0.1787
vn 0.9435 0.2166 0.2508
vn 0.8703 0.4822 -0.1
vn 0.8067 0.5765 0.1298
vn 0.9988 0.0099 0.0476
vn 0.9731 0.0609 -0.222
vn 0.9911 0.1043 0.0821
vn 0.9125 0.3064 -0.2712
vn 0.5377 0.4993 -0.6794
vn 0.5377 0.4993 -0.6794
vn 0.475 0.7687 -0.4283
vn 0.475 0.7688 -0.4282
vn 0.9951 -0.0899 0.0404
vn 0.9648 -0.128 -0.2299
vn 0.9287 0.0865 -0.3606
vn 0.5605 0.1656 -0.8114
vn 0.5601 0.1654 -0.8117
vn 0.978 -0.2039 0.0434
vn 0.9352 -0.3146 -0.1626
vn 0.918 -0.1485 -0.3677
vn 0.5451 -0.1881 -0.817
vn 0.5451 -0.1881 -0.817
vn 0.8835 -0.3731 -0.2832
vn 0.4932 -0.5228 -0.6952
vn 0.4932 -0.5229 -0.6952
vn 0.9548 -0.2572 0.1489
vn 0.8902 -0.4553 -0.0181
vn 0.8292 -0.5475 -0.1124
vn 0.4069 -0.7939 -0.4519
vn 0.4069 -0.7939 -0.4519
vn 0.4932 -0.5228 -0.6952
vn 0.9242 -0.2922 0.2457
vn 0.8339 -0.5273 0.1629
vn 0.7591 -0.6413 0.1124
vn 0.2933 -0.9493 -0.1129
vn 0.2933 -0.9493 -0.1128
vn 0.7682 -0.5314 0.3571
vn 0.6774 -0.6439 0.3557
vn 0.7034 -0.4565 0.5448
vn 0.6006 -0.5481 0.5821
vn 0.1701 -0.9493 0.2643
vn 0.1701 -0.9493 0.2643
vn 0.8893 -0.2968 0.348
vn 0.9242 -0.2922 0.2457
vn 0.6625 -0.3089 0.6824
vn 0.5481 -0.3707 0.7498
vn 0.0617 -0.7939 0.605
vn 0.0617 -0.7939 0.6049
vn 0.8406 -0.2866 0.4596
vn -0.0423 -0.1881 0.9812
vn -0.0423 -0.1882 0.9812
vn -0.0122 -0.5229 0.8523
vn -0.0122 -0.5229 0.8523
vn 0.8371 -0.1838 0.5152
vn -0.0266 0.1656 0.9858
vn -0.0266 0.1656 0.9858
vn 0.8304 -0.0893 0.5499
vn 0.6465 -0.1312 0.7515
vn 0.5269 -0.1497 0.8367
vn 0.0329 0.4993 0.8658
vn 0.0329 0.4992 0.8658
vn 0.8311 0.0107 0.5559
vn 0.6507 0.0579 0.7571
vn 0.5338 0.0855 0.8413
vn 0.8759 0.1773 0.4487
vn 0.7421 0.3829 0.5501
vn 0.6819 0.2437 0.6897
vn 0.8283 0.1254 0.5461
vn 0.8311 0.0107 0.5559
vn 0.5747 0.3089 0.7578
vn 0.911 0.212 0.3536
vn 0.8091 0.454 0.3732
vn 0.6458 0.4814 0.5926
vn 0.1306 0.7688 0.6261
vn 0.1306 0.7688 0.6261
vn 0.0329 0.4992 0.8658
vn 0.7292 0.5738 0.373
vn 0.911 0.212 0.3536
vn 0.8311 0.0107 0.5559
vn 0.9138 0.0233 0.4056
vn 0.8311 0.0107 0.5559
vn 0.9182 -0.0574 0.3919
vn 0.9182 -0.137 0.3716
vn 0.944 0.0428 0.3271
vn 0.911 0.212 0.3536
vn 0.9498 -0.0412 0.3103
vn 0.9485 -0.1249 0.2912
vn 0.9242 -0.2922 0.2457
vn 0.911 0.212 0.3536
vn 0.968 0.0551 0.2446
vn 0.9738 -0.0247 0.226
vn 0.968 0.0551 0.2446
vn 0.972 -0.1051 0.2102
vn 0.9242 -0.2922 0.2457
vn 0.968 0.0551 0.2446
vn 0.9911 0.1043 0.0821
vn 0.968 0.0551 0.2446
vn 0.9911 0.1043 0.0821
vn 0.2524 0.923 0.2905
vn 0.3752 0.923 -0.0855
vn 0.3752 0.923 -0.0855
vn 0.2524 0.923 0.2905
vn 0.9911 0.1043 0.0821
vn 0.9594 0.2379 -0.1516
vn 0.9231 0.3844 -0.0123
vn 0.9693 0.2075 0.132
vn 0.8707 0.4581 0.1787
vn 0.9435 0.2167 0.2508
vn 0.8704 0.4822 -0.1
vn 0.8067 0.5765 0.1298
vn 0.9988 0.0099 0.0476
vn 0.9731 0.0609 -0.222
vn 0.9911 0.1043 0.0821
vn 0.9125 0.3063 -0.2711
vn 0.5377 0.4993 -0.6794
vn 0.5377 0.4993 -0.6794
vn 0.475 0.7687 -0.4283
vn 0.475 0.7688 -0.4282
vn 0.9951 -0.0899 0.0404
vn 0.9648 -0.128 -0.2299
vn 0.9287 0.0865 -0.3605
vn 0.5602 0.1655 -0.8116
vn 0.5605 0.1656 -0.8114
vn 0.978 -0.2039 0.0434
vn 0.9352 -0.3146 -0.1626
vn 0.918 -0.1485 -0.3677
vn 0.5451 -0.1882 -0.817
vn 0.5451 -0.1882 -0.817
vn 0.8835 -0.3731 -0.2831
vn 0.4933 -0.5228 -0.6952
vn 0.4933 -0.5228 -0.6952
vn 0.9548 -0.2572 0.1489
vn 0.8902 -0.4552 -0.0181
vn 0.8292 -0.5475 -0.1124
vn 0.407 -0.7939 -0.4518
vn 0.407 -0.7938 -0.4518
vn 0.9243 -0.2922 0.2457
vn 0.8339 -0.5273 0.1629
vn 0.7591 -0.6412 0.1124
vn 0.2933 -0.9493 -0.1128
vn 0.2934 -0.9493 -0.1128
vn 0.407 -0.7938 -0.4518
vn 0.7682 -0.5314 0.3571
vn 0.6774 -0.6439 0.3557
vn 0.7034 -0.4565 0.5448
vn 0.6006 -0.5481 0.5821
vn 0.1702 -0.9493 0.2642
vn 0.1702 -0.9493 0.2642
vn 0.8893 -0.2968 0.348
vn 0.6625 -0.309 0.6824
vn 0.5481 -0.3707 0.7498
vn 0.0617 -0.7939 0.605
vn 0.0617 -0.7939 0.605
vn 0.8406 -0.2866 0.4597
vn -0.0423 -0.1881 0.9812
vn -0.0423 -0.1882 0.9812
vn -0.0122 -0.5228 0.8523
vn -0.0122 -0.5228 0.8524
vn -0.0122 -0.5228 0.8523
vn 0.8371 -0.1838 0.5152
vn -0.0266 0.1656 0.9858
vn -0.0266 0.1656 0.9858
vn 0.8304 -0.0893 0.5499
vn 0.6465 -0.1312 0.7515
vn 0.5269 -0.1497 0.8367
vn 0.0329 0.4993 0.8658
vn 0.0329 0.4992 0.8658
vn 0.8311 0.0107 0.5559
vn 0.6507 0.0579 0.7571
vn 0.5338 0.0855 0.8413
vn 0.8759 0.1773 0.4487
vn 0.7421 0.3829 0.5501
vn 0.6819 0.2437 0.6897
vn 0.8283 0.1254 0.5461
vn 0.8311 0.0107 0.5559
vn 0.5747 0.3089 0.7578
vn 0.911 0.212 0.3536
vn 0.8091 0.454 0.3732
vn 0.6458 0.4814 0.5926
vn 0.1306 0.7688 0.6261
vn 0.1306 0.7688 0.6261
vn 0.0329 0.4992 0.8658
vn 0.7292 0.5738 0.373
vn 0.911 0.212 0.3536
vn 0.8311 0.0107 0.5559
vn 0.9138 0.0233 0.4056
vn 0.8311 0.0107 0.5559
vn 0.9182 -0.0574 0.3919
vn 0.9182 -0.137 0.3716
vn 0.944 0.0428 0.3271
vn 0.911 0.212 0.3536
vn 0.9497 -0.0412 0.3103
vn 0.9485 -0.1249 0.2911
vn 0.911 0.212 0.3536
vn 0.968 0.0551 0.2447
vn 0.9738 -0.0247 0.226
vn 0.972 -0.1051 0.2102
vn 0.9911 0.1043 0.0821
vn 0.9911 0.1043 0.0821
vn 0.0993 -0.9653 0.2414
vn 0.0993 -0.9653 0.2414
vn 0.2227 -0.9653 -0.1363
vn 0.2227 -0.9653 -0.1363
vn 0.9655 -0.2499 0.073
vn 0.9286 -0.3518 0.1178
vn 0.8564 -0.5151 -0.0364
vn 0.9147 -0.3672 -0.1685
vn 0.9013 -0.3629 0.2367
vn 0.7925 -0.5906 0.1523
vn 0.7101 -0.6974 0.097
vn 0.7887 -0.6009 -0.1298
vn 0.9869 -0.1555 0.0433
vn 0.9547 -0.1897 -0.2291
vn 0.8578 -0.4229 -0.2921
vn 0.4544 -0.5395 -0.7088
vn 0.3479 -0.81 -0.472
vn 0.3477 -0.81 -0.4723
vn 0.4544 -0.5395 -0.7088
vn 0.9976 -0.0558 0.0412
vn 0.9741 -0.0013 -0.2262
vn 0.9072 -0.2022 -0.369
vn 0.5307 -0.206 -0.8221
vn 0.5307 -0.206 -0.8221
vn 0.997 0.0588 0.0502
vn 0.9718 0.1831 -0.1487
vn 0.9315 0.0321 -0.3623
vn 0.5718 0.1457 -0.8074
vn 0.5718 0.1457 -0.8074
vn 0.9303 0.2535 -0.2652
vn 0.5732 0.4765 -0.6666
vn 0.5732 0.4766 -0.6666
vn 0.9813 0.1094 0.1582
vn 0.9473 0.3203 0.0025
vn 0.9018 0.4235 -0.0859
vn 0.5299 0.7429 -0.409
vn 0.5299 0.7429 -0.409
vn 0.9559 0.1436 0.2562
vn 0.9018 0.3901 0.1859
vn 0.8459 0.5141 0.142
vn 0.4414 0.8951 -0.0633
vn 0.4414 0.8951 -0.0633
vn 0.8372 0.3944 0.3788
vn 0.7655 0.5169 0.3832
vn 0.762 0.322 0.5618
vn 0.675 0.4244 0.6035
vn 0.319 0.895 0.3117
vn 0.319 0.895 0.3117
vn 0.9217 0.1483 0.3584
vn 0.6993 0.1772 0.6926
vn 0.596 0.2509 0.7628
vn 0.1864 0.7429 0.6429
vn 0.1864 0.7429 0.643
vn 0.8719 0.1401 0.4692
vn -0.0151 0.1457 0.9892
vn 0.0691 0.4765 0.8764
vn 0.0691 0.4765 0.8764
vn -0.0151 0.1457 0.9892
vn 0.8533 0.0371 0.5201
vn -0.057 -0.206 0.9769
vn -0.057 -0.206 0.9769
vn 0.8328 -0.0568 0.5507
vn 0.6566 0.0015 0.7542
vn 0.5411 0.033 0.8403
vn -0.0517 -0.5395 0.8404
vn -0.0517 -0.5395 0.8404
vn 0.8188 -0.1562 0.5525
vn 0.6321 -0.1864 0.7521
vn 0.5117 -0.2008 0.8354
vn 0.8391 -0.3232 0.4375
vn 0.799 -0.2691 0.5377
vn 0.635 -0.3726 0.6767
vn 0.6743 -0.5139 0.5303
vn 0.5178 -0.4252 0.7423
vn 0.8693 -0.3585 0.3403
vn 0.7309 -0.5867 0.3486
vn 0.5625 -0.6004 0.5685
vn 0.0023 -0.81 0.5864
vn 0.0023 -0.81 0.5864
vn 0.6322 -0.6949 0.3426
vn 0.8994 -0.1735 0.4012
vn 0.9156 -0.0935 0.3911
vn 0.9272 -0.0139 0.3743
vn 0.9269 -0.1935 0.3215
vn 0.9448 -0.1102 0.3086
vn 0.9556 -0.0264 0.2934
vn 0.9492 -0.2053 0.2383
vn 0.9665 -0.126 0.2236
vn 0.9763 -0.0455 0.2117
vn -0.0972 0.9653 0.2422
vn 0.2546 0.9653 0.0576
vn 0.2546 0.9653 0.0576
vn -0.0973 0.9653 0.2422
vn 0.641 0.2499 0.7257
vn 0.773 0.3672 0.5173
vn 0.6391 0.5151 0.5711
vn 0.5834 0.3518 0.732
vn 0.4617 0.5906 0.6618
vn 0.4808 0.3629 0.7982
vn 0.6557 0.6009 0.4571
vn 0.4412 0.6974 0.5647
vn 0.677 0.1555 0.7193
vn 0.844 0.1897 0.5017
vn 0.8185 0.4229 0.389
vn 0.82 0.5395 -0.1912
vn 0.82 0.5395 -0.1912
vn 0.5785 0.81 -0.0957
vn 0.5785 0.81 -0.0957
vn 0.6862 0.0558 0.7253
vn 0.8558 0.0013 0.5172
vn 0.9075 0.2022 0.3683
vn 0.9537 0.206 -0.2192
vn 0.9537 0.206 -0.2192
vn 0.6795 -0.0587 0.7313
vn 0.8002 -0.1831 0.5712
vn 0.8558 0.0013 0.5172
vn 0.8558 0.0013 0.5172
vn 0.9203 -0.0321 0.39
vn 0.9729 -0.1457 -0.1798
vn 0.9729 -0.1457 -0.1798
vn 0.8516 -0.2535 0.4588
vn 0.8558 0.0013 0.5172
vn 0.8757 -0.4765 -0.0779
vn 0.8757 -0.4765 -0.0779
vn 0.593 -0.1094 0.7977
vn 0.6771 -0.3203 0.6625
vn 0.7062 -0.4235 0.5675
vn 0.665 -0.7429 0.0766
vn 0.665 -0.7429 0.0766
vn 0.5063 -0.1437 0.8503
vn 0.5165 -0.3902 0.7622
vn 0.5071 -0.5141 0.6917
vn 0.3604 -0.8951 0.2626
vn 0.3604 -0.8951 0.2626
vn 0.3358 -0.3945 0.8554
vn 0.2813 -0.5171 0.8084
vn 0.5071 -0.5141 0.6917
vn 0.1542 -0.322 0.9341
vn 0.0627 -0.4245 0.9033
vn 0.0113 -0.8951 0.4458
vn 0.0113 -0.8951 0.4458
vn 0.4106 -0.1484 0.8997
vn 0.0181 -0.1771 0.984
vn -0.1049 -0.2509 0.9623
vn -0.3148 -0.7429 0.5907
vn -0.3148 -0.7429 0.5907
vn 0.2976 -0.1402 0.9443
vn -0.7007 -0.1457 0.6984
vn -0.7007 -0.1457 0.6984
vn -0.5617 -0.4765 0.6763
vn -0.5617 -0.4765 0.6763
vn 0.2487 -0.0371 0.9679
vn -0.7221 0.2061 0.6604
vn -0.7221 0.206 0.6604
vn 0.2127 0.0568 0.9755
vn -0.0555 -0.0015 0.9985
vn -0.1984 -0.0329 0.9796
vn -0.6232 0.5395 0.5662
vn -0.6232 0.5395 0.5662
vn 0.2014 0.1561 0.967
vn -0.0716 0.1864 0.9799
vn -0.2161 0.2008 0.9555
vn 0.2962 0.3233 0.8988
vn 0.1134 0.5139 0.8503
vn -0.0169 0.3726 0.9278
vn 0.1975 0.2692 0.9426
vn -0.1467 0.4252 0.8931
vn 0.3857 0.3585 0.8501
vn 0.2806 0.5867 0.7596
vn 0.0066 0.6004 0.7997
vn -0.4075 0.81 0.4217
vn -0.4075 0.81 0.4217
vn 0.2141 0.6949 0.6865
vn 0.3647 0.1734 0.9148
vn 0.3833 0.0935 0.9189
vn 0.4033 0.0139 0.915
vn 0.4401 0.1935 0.8768
vn 0.4619 0.1102 0.8801
vn 0.4802 0.0264 0.8768
vn 0.5141 0.2053 0.8328
vn 0.5367 0.1261 0.8343
vn 0.552 0.0455 0.8326
vn -0.0217 0.923 0.3842
vn 0.3285 0.923 0.2004
vn 0.3285 0.923 0.2004
vn -0.0217 0.923 0.3842
vn 0.6529 0.1043 0.7502
vn 0.7932 0.2379 0.5605
vn 0.6701 0.3844 0.635
vn 0.6025 0.2075 0.7706
vn 0.6025 0.2075 0.7706
vn 0.4994 0.4581 0.7354
vn 0.5012 0.2167 0.8377
vn 0.6934 0.4822 0.5354
vn 0.4876 0.5765 0.6557
vn 0.6826 0.0098 0.7307
vn 0.8522 0.0609 0.5196
vn 0.843 0.3064 0.4421
vn 0.8592 0.4993 -0.1119
vn 0.8592 0.4992 -0.1119
vn 0.6391 0.7688 0.0244
vn 0.6391 0.7688 0.0244
vn 0.6851 -0.09 0.7229
vn 0.8517 -0.128 0.5081
vn 0.917 0.0865 0.3893
vn 0.9676 0.1656 -0.1907
vn 0.9676 0.1656 -0.1907
vn 0.6707 -0.2039 0.7131
vn 0.7836 -0.3145 0.5357
vn 0.9143 -0.1485 0.3769
vn 0.9604 -0.1881 -0.2054
vn 0.9604 -0.1881 -0.2054
vn 0.8306 -0.373 0.4134
vn 0.8384 -0.5228 -0.1542
vn 0.8384 -0.5228 -0.1542
vn 0.5804 -0.2572 0.7727
vn 0.6506 -0.4552 0.6079
vn 0.6727 -0.5475 0.4978
vn 0.6068 -0.7939 -0.04
vn 0.6068 -0.7939 -0.04
vn 0.491 -0.2923 0.8207
vn 0.484 -0.5273 0.6983
vn 0.4656 -0.6412 0.61
vn 0.2889 -0.9493 0.1237
vn 0.2889 -0.9493 0.1237
vn 0.3015 -0.5314 0.7917
vn 0.2374 -0.6439 0.7273
vn 0.1241 -0.4565 0.881
vn 0.0247 -0.5481 0.8361
vn -0.0624 -0.9493 0.308
vn -0.0624 -0.9493 0.308
vn 0.3946 -0.2968 0.8696
vn -0.0012 -0.3089 0.9511
vn -0.1301 -0.3707 0.9196
vn -0.3777 -0.7939 0.4766
vn -0.3777 -0.7939 0.4766
vn 0.2818 -0.2866 0.9157
vn -0.7147 -0.1881 0.6736
vn -0.7147 -0.1881 0.6736
vn -0.6033 -0.5229 0.6022
vn -0.6033 -0.5229 0.6022
vn 0.2405 -0.1838 0.9531
vn -0.7067 0.1656 0.6879
vn -0.7067 0.1656 0.6879
vn 0.2116 -0.0895 0.9733
vn -0.0608 -0.1311 0.9895
vn -0.2059 -0.1497 0.9671
vn -0.5803 0.4993 0.6435
vn -0.5803 0.4992 0.6435
vn 0.2078 0.0107 0.9781
vn -0.0617 0.0579 0.9964
vn -0.2042 0.0855 0.9752
vn 0.3147 0.1773 0.9325
vn 0.1481 0.3829 0.9118
vn 0.0076 0.2437 0.9698
vn 0.2125 0.1252 0.9691
vn -0.1168 0.309 0.9439
vn 0.4063 0.2121 0.8888
vn 0.3196 0.4539 0.8317
vn 0.0495 0.4814 0.8751
vn -0.343 0.7688 0.5397
vn -0.3431 0.7688 0.5397
vn 0.2624 0.5737 0.7759
vn 0.3196 0.4539 0.8317
vn 0.3196 0.4539 0.8317
vn 0.3196 0.4539 0.8317
vn 0.3719 0.0233 0.928
vn 0.3847 -0.0574 0.9213
vn 0.3989 -0.137 0.9067
vn 0.4485 0.0427 0.8928
vn 0.4643 -0.0412 0.8847
vn 0.4766 -0.1249 0.8702
vn 0.5231 0.0551 0.8505
vn 0.5401 -0.0247 0.8412
vn 0.5499 -0.1051 0.8286
vn 0.6025 0.2075 0.7706
vn -0.0217 0.923 0.3842
vn 0.3285 0.923 0.2004
vn 0.3285 0.923 0.2004
vn -0.0217 0.923 0.3842
vn 0.6529 0.1043 0.7502
vn 0.7932 0.2379 0.5605
vn 0.6701 0.3844 0.635
vn 0.6026 0.2075 0.7706
vn 0.4994 0.4581 0.7354
vn 0.5013 0.2166 0.8377
vn 0.6935 0.4822 0.5353
vn 0.4876 0.5765 0.6556
vn 0.6826 0.0098 0.7307
vn 0.8522 0.0609 0.5196
vn 0.843 0.3064 0.4421
vn 0.8592 0.4993 -0.1119
vn 0.8592 0.4992 -0.1119
vn 0.6391 0.7688 0.0244
vn 0.6391 0.7688 0.0244
vn 0.6851 -0.09 0.7229
vn 0.8517 -0.128 0.5081
vn 0.917 0.0865 0.3894
vn 0.9676 0.1656 -0.1906
vn 0.9676 0.1656 -0.1906
vn 0.6707 -0.2039 0.7131
vn 0.7836 -0.3145 0.5357
vn 0.9143 -0.1485 0.3769
vn 0.9604 -0.1884 -0.2053
vn 0.9604 -0.1881 -0.2054
vn 0.8306 -0.373 0.4134
vn 0.8384 -0.5228 -0.1542
vn 0.8384 -0.5228 -0.1542
vn 0.5804 -0.2572 0.7727
vn 0.6506 -0.4553 0.6078
vn 0.6727 -0.5475 0.4978
vn 0.6068 -0.7939 -0.04
vn 0.6068 -0.7939 -0.04
vn 0.491 -0.2922 0.8207
vn 0.4839 -0.5274 0.6983
vn 0.4656 -0.6413 0.6099
vn 0.2889 -0.9493 0.1237
vn 0.2889 -0.9493 0.1237
vn 0.3015 -0.5314 0.7916
vn 0.2375 -0.6439 0.7273
vn 0.1241 -0.4565 0.881
vn 0.0244 -0.5481 0.836
vn -0.0623 -0.9493 0.308
vn -0.0623 -0.9493 0.308
vn 0.3946 -0.2967 0.8696
vn -0.0012 -0.3089 0.9511
vn -0.1301 -0.3706 0.9196
vn -0.3777 -0.7939 0.4766
vn -0.3777 -0.7939 0.4766
vn 0.2817 -0.2866 0.9157
vn -0.7147 -0.1881 0.6736
vn -0.7147 -0.1881 0.6736
vn -0.6032 -0.5228 0.6023
vn -0.6033 -0.5228 0.6023
vn 0.2405 -0.1838 0.9531
vn -0.7067 0.1656 0.6879
vn -0.7067 0.1656 0.6879
vn 0.2114 -0.0892 0.9733
vn -0.0608 -0.1312 0.9895
vn -0.2059 -0.1497 0.9671
vn -0.5803 0.4993 0.6435
vn -0.5803 0.4992 0.6435
vn 0.2077 0.0107 0.9781
vn -0.0617 0.0579 0.9964
vn -0.2042 0.0855 0.9752
vn 0.3147 0.1773 0.9325
vn 0.1481 0.3829 0.9118
vn 0.0076 0.2437 0.9698
vn 0.2125 0.1253 0.9691
vn -0.1168 0.309 0.9439
vn 0.4063 0.212 0.8888
vn 0.3195 0.454 0.8317
vn 0.0495 0.4814 0.8751
vn -0.343 0.7688 0.5397
vn -0.3431 0.7688 0.5397
vn 0.2624 0.5737 0.7759
vn 0.3718 0.0232 0.928
vn 0.3846 -0.0574 0.9213
vn 0.3989 -0.137 0.9067
vn 0.4482 0.0427 0.8929
vn 0.4643 -0.0412 0.8847
vn 0.4767 -0.1249 0.8702
vn 0.5231 0.0551 0.8505
vn 0.5402 -0.0247 0.8412
vn 0.55 -0.1051 0.8286
vn -0.0973 -0.9653 0.2422
vn -0.0973 -0.9653 0.2422
vn 0.2546 -0.9653 0.0576
vn 0.2546 -0.9653 0.0576
vn 0.641 -0.2499 0.7257
vn 0.5834 -0.3518 0.7321
vn 0.6391 -0.515 0.5712
vn 0.773 -0.3672 0.5173
vn 0.4808 -0.3629 0.7982
vn 0.4617 -0.5906 0.6619
vn 0.4412 -0.6974 0.5648
vn 0.6557 -0.6009 0.4572
vn 0.677 -0.1555 0.7193
vn 0.844 -0.1897 0.5017
vn 0.8184 -0.4229 0.3891
vn 0.82 -0.5395 -0.1911
vn 0.5785 -0.81 -0.0956
vn 0.5785 -0.8101 -0.0956
vn 0.82 -0.5395 -0.1911
vn 0.6862 -0.0559 0.7253
vn 0.8558 -0.0013 0.5172
vn 0.9074 -0.2021 0.3684
vn 0.9537 -0.206 -0.2191
vn 0.9537 -0.206 -0.2191
vn 0.6795 0.0587 0.7313
vn 0.8558 -0.0013 0.5172
vn 0.8002 0.1831 0.5711
vn 0.8558 -0.0013 0.5172
vn 0.9202 0.0321 0.39
vn 0.9729 0.1457 -0.1798
vn 0.9729 0.1456 -0.1798
vn 0.8558 -0.0013 0.5172
vn 0.9202 0.0321 0.39
vn 0.8516 0.2535 0.4587
vn 0.8757 0.4764 -0.0782
vn 0.8757 0.4765 -0.0779
vn 0.593 0.1094 0.7978
vn 0.6771 0.3204 0.6625
vn 0.8516 0.2535 0.4587
vn 0.7062 0.4236 0.5674
vn 0.665 0.7429 0.0767
vn 0.6648 0.7431 0.0763
vn 0.5062 0.1437 0.8503
vn 0.5165 0.3902 0.7622
vn 0.5072 0.5141 0.6917
vn 0.3606 0.895 0.2627
vn 0.3605 0.895 0.2627
vn 0.3358 0.3944 0.8554
vn 0.2813 0.5169 0.8085
vn 0.1542 0.322 0.9341
vn 0.0628 0.4244 0.9033
vn 0.0114 0.895 0.4459
vn 0.0113 0.895 0.4459
vn 0.4106 0.1484 0.8997
vn 0.5062 0.1437 0.8503
vn 0.0181 0.1772 0.984
vn -0.1049 0.2509 0.9623
vn -0.3149 0.7429 0.5908
vn -0.3149 0.7429 0.5908
vn 0.2976 0.1402 0.9443
vn -0.7007 0.1457 0.6984
vn -0.5618 0.4765 0.6763
vn -0.5618 0.4765 0.6763
vn -0.7007 0.1457 0.6984
vn 0.2488 0.0371 0.9679
vn -0.7221 -0.206 0.6604
vn -0.7221 -0.206 0.6604
vn 0.2127 -0.0568 0.9755
vn -0.0555 0.0015 0.9985
vn -0.1984 0.0329 0.9796
vn -0.6232 -0.5395 0.5662
vn -0.6232 -0.5395 0.5662
vn 0.2015 -0.1562 0.967
vn -0.0716 -0.1864 0.9799
vn -0.2161 -0.2008 0.9555
vn 0.2963 -0.3233 0.8987
vn 0.1976 -0.2691 0.9426
vn -0.0169 -0.3726 0.9278
vn 0.1134 -0.5139 0.8503
vn -0.1467 -0.4252 0.8931
vn 0.3857 -0.3585 0.8501
vn 0.2807 -0.5866 0.7597
vn 0.0067 -0.6003 0.7998
vn -0.4074 -0.81 0.4217
vn -0.4074 -0.81 0.4217
vn 0.2142 -0.6948 0.6865
vn 0.3648 -0.1735 0.9148
vn 0.3834 -0.0935 0.9188
vn 0.4034 -0.0139 0.9149
vn 0.4401 -0.1935 0.8768
vn 0.4619 -0.1102 0.8801
vn 0.4801 -0.0265 0.8768
vn 0.5062 0.1437 0.8503
vn 0.5141 -0.2053 0.8328
vn 0.5367 -0.1261 0.8343
vn 0.552 -0.0456 0.8326
vn 0.5062 0.1437 0.8503
vn 0.1943 0.0922 -0.9766
vn 0.381 0.094 -0.9198
vn 0.381 -0.094 -0.9198
vn 0.1943 -0.0922 -0.9766
vn 0.5532 0.0923 -0.8279
vn 0.5532 -0.0923 -0.8279
vn 0.8279 0.0922 -0.5532
vn 0.9198 0.094 -0.381
vn 0.9198 -0.094 -0.381
vn 0.8279 -0.0922 -0.5532
vn 0.9766 0.0923 -0.1943
vn 0.9766 -0.0923 -0.1943
vn 0.9766 0.0922 0.1943
vn 0.9198 0.094 0.381
vn 0.9198 -0.094 0.381
vn 0.9766 -0.0922 0.1943
vn 0.8279 0.0923 0.5532
vn 0.8279 -0.0923 0.5532
vn 0.5532 0.0922 0.8279
vn 0.381 0.094 0.9198
vn 0.381 -0.094 0.9198
vn 0.5532 -0.0922 0.8279
vn 0.1943 0.0923 0.9766
vn 0.1943 -0.0923 0.9766
vn -0.1943 0.0922 0.9766
vn -0.381 0.094 0.9198
vn -0.381 -0.094 0.9198
vn -0.1943 -0.0922 0.9766
vn -0.5532 0.0922 0.8279
vn -0.5532 -0.0922 0.8279
vn -0.8279 0.0923 0.5532
vn -0.9198 0.094 0.381
vn -0.9198 -0.094 0.381
vn -0.8279 -0.0923 0.5532
vn -0.9766 0.0922 0.1943
vn -0.9766 -0.0922 0.1943
vn -0.9766 0.0923 -0.1943
vn -0.9198 0.094 -0.381
vn -0.9198 -0.094 -0.381
vn -0.9766 -0.0923 -0.1943
vn -0.8279 0.0923 -0.5532
vn -0.8279 -0.0923 -0.5532
vn -0.5532 0.0922 -0.8279
vn -0.381 0.094 -0.9198
vn -0.381 -0.094 -0.9198
vn -0.5532 -0.0922 -0.8279
vn -0.1943 0.0923 -0.9766
vn -0.1943 -0.0923 -0.9766
vn -0.1903 -0.0927 0.9773
vn -0.1904 0.0927 0.9773
vn -0.381 0.0945 0.9197
vn -0.381 -0.0945 0.9197
vn 0.1917 0.1862 -0.9636
vn 0.3842 0.1897 -0.9035
vn -0.1917 -0.1862 -0.9636
vn -0.3757 -0.1898 -0.9071
vn -0.3757 0.1898 -0.9071
vn -0.1917 0.1862 -0.9636
vn -0.5458 -0.1862 -0.8169
vn -0.5459 0.1862 -0.8169
vn -0.8169 -0.1862 -0.5458
vn -0.9071 -0.1898 -0.3757
vn -0.9087 0.1898 -0.3719
vn -0.8169 0.1862 -0.5458
vn -0.9636 -0.1862 -0.1917
vn -0.9636 0.1862 -0.1917
vn -0.9636 -0.1862 0.1917
vn -0.9071 -0.1898 0.3757
vn -0.9087 0.1898 0.3717
vn -0.9636 0.1862 0.1917
vn -0.8169 -0.1862 0.5459
vn -0.8169 0.1862 0.5458
vn -0.5458 -0.1862 0.8169
vn -0.3757 -0.1898 0.9071
vn -0.383 0.1898 0.9041
vn -0.5458 0.1862 0.8169
vn -0.1917 -0.1862 0.9636
vn -0.1917 0.1862 0.9636
vn 0.1917 -0.1862 0.9636
vn 0.3757 -0.1898 0.9071
vn 0.3757 0.1898 0.9071
vn 0.1917 0.1862 0.9636
vn 0.5458 -0.1862 0.8169
vn 0.5459 0.1862 0.8169
vn 0.8169 -0.1862 0.5459
vn 0.9071 -0.1898 0.3757
vn 0.9071 0.1898 0.3757
vn 0.8169 0.1862 0.5459
vn 0.9636 -0.1862 0.1917
vn 0.9636 0.1862 0.1917
vn 0.9636 -0.1862 -0.1917
vn 0.9071 -0.1898 -0.3757
vn 0.9071 0.1898 -0.3756
vn 0.9636 0.1862 -0.1917
vn 0.8169 -0.1862 -0.5458
vn 0.8169 0.1862 -0.5458
vn 0.5459 -0.1862 -0.8169
vn 0.3757 -0.1898 -0.9071
vn 0.5459 0.1862 -0.8169
vn 0.1917 -0.1862 -0.9636
vn -0.5566 0.0928 0.8256
vn -0.5565 -0.0928 0.8256
vn -0.8257 -0.0927 0.5565
vn -0.8257 0.0927 0.5565
vn -0.9198 0.0945 0.3809
vn -0.9198 -0.0945 0.3809
vn -0.9773 0.0928 0.1902
vn -0.9773 -0.0928 0.1903
vn -0.9773 -0.0927 -0.1904
vn -0.9773 0.0927 -0.1904
vn -0.9197 0.0945 -0.381
vn -0.9197 -0.0945 -0.381
vn -0.8256 0.0928 -0.5566
vn -0.8256 -0.0928 -0.5566
vn -0.5565 -0.0927 -0.8257
vn -0.5565 0.0927 -0.8257
vn -0.3809 0.0945 -0.9198
vn -0.3809 -0.0945 -0.9198
vn -0.1902 0.0928 -0.9773
vn -0.1902 -0.0928 -0.9773
vn 0.1903 -0.0927 -0.9773
vn 0.1904 0.0927 -0.9773
vn 0.381 0.0945 -0.9197
vn 0.3809 -0.0945 -0.9198
vn 0.5565 0.0927 -0.8257
vn 0.5564 -0.0927 -0.8257
vn 0.8256 -0.0928 -0.5566
vn 0.8256 0.0928 -0.5566
vn 0.9197 0.0945 -0.3811
vn 0.9197 -0.0945 -0.3811
vn 0.9774 0.0922 -0.1904
vn 0.9774 -0.092 -0.1904
vn 0.9773 -0.0931 0.1903
vn 0.9773 0.0937 0.1902
vn 0.9198 0.0945 0.381
vn 0.9197 -0.0945 0.381
vn 0.8256 0.0928 0.5565
vn 0.8256 -0.0928 0.5566
vn 0.5565 -0.0927 0.8257
vn 0.5565 0.0927 0.8257
vn 0.3809 0.0945 0.9198
vn 0.3809 -0.0945 0.9198
vn 0.1902 0.0928 0.9773
vn 0.1903 -0.0928 0.9773
vn -0.3845 -0.1908 0.9032
vn -0.1875 -0.187 0.9643
vn 0.3756 0.1908 0.9069
vn 0.1876 0.1871 0.9643
vn 0.1876 -0.1871 0.9643
vn 0.3756 -0.1908 0.9069
vn 0.5491 0.1871 0.8146
vn 0.5491 -0.1871 0.8146
vn 0.9069 0.1908 0.3756
vn 0.8145 0.1871 0.5492
vn 0.8145 -0.1871 0.5492
vn 0.9086 -0.1908 0.3717
vn 0.9643 0.1871 0.1876
vn 0.9642 -0.1871 0.1877
vn 0.9069 0.1908 -0.3757
vn 0.9642 0.1871 -0.1877
vn 0.9642 -0.1871 -0.1878
vn 0.9086 -0.1908 -0.3716
vn 0.8145 0.1871 -0.5492
vn 0.8144 -0.1871 -0.5493
vn 0.3757 0.1908 -0.9069
vn 0.5491 0.1871 -0.8146
vn 0.5489 -0.1872 -0.8146
vn 0.3832 -0.1908 -0.9038
vn 0.1877 0.1871 -0.9642
vn 0.1876 -0.1871 -0.9643
vn -0.3756 0.1908 -0.9069
vn -0.1876 0.1871 -0.9643
vn -0.1876 -0.1871 -0.9643
vn -0.3756 -0.1908 -0.9069
vn -0.5491 0.1871 -0.8146
vn -0.5491 -0.1871 -0.8146
vn -0.9069 0.1908 -0.3757
vn -0.8145 0.1871 -0.5492
vn -0.8145 -0.1871 -0.5492
vn -0.9069 -0.1908 -0.3757
vn -0.9642 0.1871 -0.1877
vn -0.9642 -0.1872 -0.1877
vn -0.9069 0.1908 0.3756
vn -0.9643 0.1871 0.1876
vn -0.9642 -0.1871 0.1876
vn -0.907 -0.1908 0.3755
vn -0.8146 0.1871 0.5491
vn -0.8146 -0.1871 0.549
vn -0.3757 0.1908 0.9069
vn -0.5492 0.1871 0.8145
vn -0.5491 -0.1871 0.8146
vn -0.1877 0.1871 0.9642
vn -0.5595 -0.0178 0.8286
vn -0.5592 -0.0163 0.8289
vn -0.563 -0.034 0.8258
vn -0.563 -0.034 0.8258
vn -0.8284 0.0189 -0.5598
vn -0.8287 0.0173 -0.5594
vn -0.8287 -0.0173 -0.5594
vn -0.8284 -0.0189 -0.5598
vn -0.3216 0.9375 -0.1332
vn -0.3216 0.9375 -0.1332
vn -0.2938 0.9351 -0.1982
vn -0.2938 0.9351 -0.1982
vn 0.8284 -0.0189 -0.5598
vn 0.8287 -0.0173 -0.5594
vn 0.8287 0.0173 -0.5594
vn 0.8284 0.0189 -0.5598
vn 0.1981 0.9351 0.2938
vn 0.1981 0.9351 0.2938
vn 0.1332 0.9375 0.3216
vn 0.1332 0.9375 0.3216
vn 0.8254 -0.0361 -0.5634
vn 0.8254 -0.0361 -0.5634
vn 0.8287 -0.0173 -0.5594
vn -0.563 0.0341 0.8258
vn -0.563 0.0341 0.8258
vn -0.5592 0.0163 0.8289
vn -0.5595 0.0178 0.8286
vn -0.1332 -0.9375 -0.3216
vn -0.1332 -0.9375 -0.3216
vn -0.1981 -0.9351 -0.2938
vn -0.1981 -0.9351 -0.2938
vn -0.3479 -0.9351 0.0676
vn -0.3479 -0.9351 0.0676
vn -0.3216 -0.9375 0.1332
vn -0.3216 -0.9375 0.1332
vn 0.0676 -0.0086 0.9977
vn 0.0692 -0.0077 0.9976
vn 0.048 -0.0201 0.9986
vn 0.048 -0.0201 0.9986
vn -0.1981 0.9351 -0.2938
vn -0.1981 0.9351 -0.2938
vn -0.1332 0.9374 -0.3216
vn -0.1332 0.9374 -0.3216
vn 0.1903 -0.0178 0.9816
vn 0.1907 -0.0163 0.9815
vn 0.1858 -0.034 0.982
vn 0.1858 -0.034 0.982
vn -0.019 0.0007 -0.9998
vn -0.0249 0.0012 -0.9997
vn -0.0687 -0.0069 -0.9976
vn -0.0662 -0.0082 -0.9978
vn 0.0676 0.9351 0.3478
vn 0.0676 0.9351 0.3478
vn 0.19 -0.0189 -0.9816
vn 0.1904 -0.0173 -0.9816
vn 0.1904 0.0173 -0.9816
vn 0.19 0.0189 -0.9816
vn 0.9816 -0.0179 -0.1902
vn 0.9815 -0.0164 -0.1907
vn 0.982 -0.0342 -0.1858
vn 0.982 -0.0342 -0.1858
vn 0.1858 0.034 0.982
vn 0.1858 0.034 0.982
vn 0.1907 0.0163 0.9815
vn 0.1903 0.0178 0.9816
vn -0.9816 -0.0189 -0.19
vn -0.9816 -0.0173 -0.1904
vn -0.9816 0.0173 -0.1904
vn -0.9816 0.0189 -0.19
vn -0.1332 0.9374 -0.3216
vn -0.1332 0.9374 -0.3216
vn -0.0676 0.9351 -0.3479
vn -0.0676 0.9351 -0.3479
vn 0.8286 -0.0178 0.5595
vn 0.8289 -0.0163 0.5592
vn 0.8258 -0.034 0.563
vn 0.8258 -0.034 0.563
vn -0.8284 0.0189 0.5598
vn -0.8287 0.0173 0.5594
vn -0.8254 0.0361 0.5634
vn -0.8254 0.0361 0.5634
vn 0.982 -0.0361 0.1852
vn 0.982 -0.0361 0.1852
vn 0.9816 -0.0173 0.1904
vn 0.9816 -0.0189 0.19
vn -0.5598 -0.0189 -0.8284
vn -0.5594 -0.0173 -0.8287
vn -0.5594 0.0173 -0.8287
vn -0.5598 0.0189 -0.8284
vn 0.5596 0.018 -0.8286
vn 0.5593 0.0165 -0.8288
vn 0.5592 -0.0165 -0.8288
vn 0.5596 -0.018 -0.8286
vn 0.1332 -0.9374 -0.3216
vn 0.1332 -0.9374 -0.3216
vn 0.0676 -0.9351 -0.3479
vn 0.0676 -0.9351 -0.3479
vn -0.3216 -0.9375 0.1332
vn -0.2938 -0.9351 0.1981
vn -0.2938 -0.9351 0.1981
vn -0.5594 0.0173 -0.8287
vn -0.5634 0.0361 -0.8254
vn -0.5634 0.0361 -0.8254
vn 0.127 0.9354 -0.33
vn 0.127 0.9354 -0.33
vn 0.1961 0.9355 -0.2938
vn 0.1976 0.9355 -0.293
vn 0.8258 0.034 0.563
vn 0.8258 0.034 0.563
vn 0.8289 0.0163 0.5592
vn 0.8286 0.0178 0.5595
vn -0.9816 0.0173 -0.1904
vn -0.982 0.0361 -0.1852
vn -0.982 0.0361 -0.1852
vn 0.8289 0.0163 0.5592
vn 0.8289 -0.0163 0.5592
vn 0.982 0.0342 -0.1858
vn 0.982 0.0342 -0.1858
vn 0.9815 0.0164 -0.1906
vn 0.9816 0.0179 -0.1902
vn -0.1332 -0.9375 0.3216
vn -0.1332 -0.9375 0.3216
vn -0.0676 -0.9351 0.3478
vn -0.0676 -0.9351 0.3478
vn 0.9815 0.0164 -0.1906
vn 0.9815 -0.0164 -0.1907
vn -0.2151 0.9292 0.3005
vn -0.2151 0.9292 0.3005
vn -0.2066 0.9322 0.2971
vn -0.2065 0.9323 0.297
vn 0.2653 0.9298 -0.2551
vn 0.2653 0.9298 -0.2551
vn 0.0676 -0.9351 0.3479
vn 0.0676 -0.9351 0.3479
vn 0.1332 -0.9375 0.3216
vn 0.1332 -0.9375 0.3216
vn 0.1904 0.0173 -0.9816
vn 0.1852 0.0362 -0.982
vn 0.1852 0.0362 -0.982
vn 0.5628 -0.0333 0.8259
vn 0.5628 -0.0333 0.8259
vn 0.5591 -0.016 0.8289
vn 0.5595 -0.0174 0.8287
vn -0.982 -0.0361 -0.1852
vn -0.982 -0.0361 -0.1852
vn -0.9816 -0.0173 -0.1904
vn -0.1982 -0.9351 0.2938
vn -0.1982 -0.9351 0.2938
vn -0.1332 -0.9375 0.3216
vn 0.1907 0.0163 0.9815
vn 0.1907 -0.0163 0.9815
vn 0.3217 -0.9374 -0.1333
vn 0.3217 -0.9374 -0.1333
vn 0.2938 -0.9351 -0.1982
vn 0.2938 -0.9351 -0.1982
vn 0.5592 -0.0165 -0.8288
vn 0.5631 -0.0345 -0.8257
vn 0.5631 -0.0345 -0.8257
vn -0.198 0.9352 0.2936
vn -0.198 0.9352 0.2936
vn 0.33 0.935 -0.1303
vn 0.33 0.935 -0.1303
vn 0.3388 0.9355 -0.1001
vn 0.3389 0.9355 -0.0998
vn -0.8284 -0.0189 0.5598
vn -0.8287 -0.0173 0.5594
vn -0.8287 0.0173 0.5594
vn -0.5634 -0.0361 -0.8254
vn -0.5634 -0.0361 -0.8254
vn -0.5594 -0.0173 -0.8287
vn 0.1332 -0.9375 0.3216
vn 0.1981 -0.9351 0.2938
vn 0.1981 -0.9351 0.2938
vn 0.1981 -0.9351 -0.2938
vn 0.1981 -0.9351 -0.2938
vn 0.1332 -0.9374 -0.3216
vn 0.1332 -0.9374 -0.3216
vn 0.8287 0.0173 -0.5594
vn 0.8254 0.0361 -0.5634
vn 0.8254 0.0361 -0.5634
vn 0.3481 -0.935 -0.0677
vn 0.3481 -0.935 -0.0677
vn 0.3217 -0.9374 -0.1333
vn 0.5631 0.0345 -0.8257
vn 0.5631 0.0345 -0.8257
vn 0.5593 0.0165 -0.8288
vn -0.2613 0.9308 0.2555
vn -0.2613 0.9308 0.2555
vn -0.3166 0.9396 0.13
vn -0.3166 0.9396 0.13
vn -0.8287 -0.0173 -0.5594
vn -0.8254 -0.0361 -0.5634
vn -0.8254 -0.0361 -0.5634
vn -0.5592 0.0163 0.8289
vn -0.5592 -0.0163 0.8289
vn 0.3474 0.9351 -0.0695
vn 0.3474 0.9351 -0.0695
vn -0.0662 -0.0082 -0.9978
vn -0.0687 -0.0069 -0.9976
vn -0.0386 -0.022 -0.999
vn -0.0386 -0.022 -0.999
vn 0.5591 -0.016 0.8289
vn 0.5591 0.016 0.8289
vn 0.5595 0.0174 0.8287
vn -0.0765 -0.0019 0.9971
vn -0.0765 -0.0019 0.9971
vn 0.0094 0.0011 1
vn 0.0027 0.0008 1
vn -0.8254 0.0361 -0.5634
vn -0.8254 0.0361 -0.5634
vn -0.8287 0.0173 -0.5594
vn 0.3216 -0.9375 0.1332
vn 0.3216 -0.9375 0.1332
vn 0.3479 -0.9351 0.0676
vn 0.3479 -0.9351 0.0676
vn -0.3659 0.9306 0.0021
vn -0.3659 0.9306 0.0021
vn -0.0676 -0.9351 -0.3479
vn -0.0676 -0.9351 -0.3479
vn -0.1332 -0.9375 -0.3216
vn 0.9816 0.0189 0.19
vn 0.9816 0.0173 0.1904
vn 0.982 0.0362 0.1852
vn 0.982 0.0362 0.1852
vn 0.3677 0.9299 -0.0044
vn 0.3677 0.9299 -0.0044
vn 0.3325 0.938 0.098
vn 0.3329 0.938 0.0969
vn 0.0522 -0.005 -0.9986
vn 0.0522 -0.005 -0.9986
vn -0.019 0.0007 -0.9998
vn 0.1852 -0.0361 -0.982
vn 0.1852 -0.0361 -0.982
vn 0.1904 -0.0173 -0.9816
vn -0.9816 -0.0178 0.1903
vn -0.9815 -0.0164 0.1907
vn -0.982 -0.0341 0.1858
vn -0.982 -0.0341 0.1858
vn -0.9816 0.0179 0.1903
vn -0.9815 0.0164 0.1907
vn -0.9815 -0.0164 0.1907
vn -0.3216 -0.9374 -0.1332
vn -0.3216 -0.9374 -0.1332
vn -0.3479 -0.9351 -0.0676
vn -0.3479 -0.9351 -0.0676
vn 0.9816 -0.0173 0.1904
vn 0.9816 0.0173 0.1904
vn 0.2938 -0.9351 0.1982
vn 0.2938 -0.9351 0.1982
vn 0.3216 -0.9375 0.1332
vn -0.3478 0.9351 -0.0677
vn -0.3478 0.9351 -0.0677
vn -0.982 0.0341 0.1858
vn -0.982 0.0341 0.1858
vn -0.9815 0.0164 0.1907
vn 0.2938 0.9351 0.1983
vn 0.2938 0.9351 0.1983
vn -0.2938 -0.9351 -0.1982
vn -0.2938 -0.9351 -0.1982
vn -0.3216 -0.9374 -0.1332
vn -0.3216 -0.9374 -0.1332
vn 0.5591 0.016 0.8289
vn 0.5628 0.0333 0.8259
vn 0.5628 0.0333 0.8259
vn -0.8254 -0.0361 0.5634
vn -0.8254 -0.0361 0.5634
vn -0.8287 -0.0173 0.5594

g barrel_0
usemtl barrel
f 1/1/1 2/2/2 3/3/3
f 4/4/4 3/3/3 2/2/2
f 4/4/4 2/2/2 5/5/5
f 6/6/6 7/7/7 8/8/8
f 6/6/6 8/8/8 9/9/9
f 10/10/10 11/11/11 12/12/12
f 10/10/10 12/12/12 13/13/13
f 14/14/14 15/15/15 16/16/16
f 14/14/14 16/16/16 17/17/17
f 18/18/18 19/19/19 20/20/20
f 18/18/18 20/20/20 21/21/21
f 22/22/22 23/23/23 24/24/24
f 22/22/22 24/24/24 25/25/25
f 22/22/22 25/25/25 26/26/26
f 27/27/27 28/28/28 29/29/29
f 30/30/30 31/31/31 29/29/29
f 30/30/30 29/29/29 28/28/28
f 32/32/32 33/33/33 34/34/34
f 32/32/32 34/34/34 35/35/35
f 36/36/36 37/37/37 38/38/38
f 36/36/36 38/38/38 39/39/39
f 40/40/40 41/41/41 42/42/42
f 40/40/40 42/42/42 43/43/43
f 44/44/44 45/45/45 46/46/46
f 44/44/44 46/46/46 47/47/47
f 48/48/48 49/49/49 50/50/50
f 48/48/48 50/50/50 51/51/51
f 48/48/48 52/52/52 49/49/49
f 53/53/53 54/54/54 55/55/55
f 53/53/53 55/55/55 56/56/56
f 57/57/57 58/58/58 59/59/59
f 57/57/57 59/59/59 60/60/60
f 61/61/61 62/62/62 63/63/63
f 61/61/61 63/63/63 64/64/64
f 65/65/65 66/66/66 67/67/67
f 65/65/65 67/67/67 68/68/68
f 69/69/69 70/70/70 71/71/71
f 69/69/69 71/71/71 72/72/72
f 73/73/73 74/74/74 75/75/75
f 73/73/73 75/75/75 76/76/76
f 77/77/77 78/78/78 79/79/79
f 77/77/77 79/79/79 80/80/80
f 81/81/81 82/82/82 83/83/83
f 81/81/81 83/83/83 84/84/84
f 85/85/85 86/86/86 87/87/87
f 85/85/85 87/87/87 88/88/88
f 89/89/89 90/90/90 91/91/91
f 89/89/89 91/91/91 92/92/92
f 93/93/93 94/94/94 95/95/95
f 93/93/93 95/95/95 96/96/96
f 97/97/97 98/98/98 99/99/99
f 97/97/97 99/99/99 100/100/100
f 101/101/101 102/102/102 103/103/103
f 101/101/101 103/103/103 104/104/104
f 105/105/105 106/106/106 107/107/107
f 105/105/105 107/107/107 108/108/108
f 109/109/109 110/110/110 111/111/111
f 109/109/109 111/111/111 112/112/112
f 113/113/113 114/114/114 115/115/115
f 113/113/113 115/115/115 116/116/116
f 117/117/117 118/118/118 119/119/119
f 117/117/117 119/119/119 120/120/120
f 121/121/121 122/122/122 123/123/123
f 121/121/121 123/123/123 124/124/124
f 125/125/125 126/126/126 127/127/127
f 125/125/125 127/127/127 128/128/128
f 129/129/129 130/130/130 131/131/131
f 129/129/129 131/131/131 132/132/132
f 133/133/133 134/134/134 135/135/135
f 133/133/133 135/135/135 136/136/136
f 137/137/137 138/138/138 139/139/139
f 137/137/137 139/139/139 140/140/140
f 141/141/141 142/142/142 143/143/143
f 141/141/141 143/143/143 144/144/144
f 145/145/145 146/146/146 147/147/147
f 145/145/145 147/147/147 148/148/148
f 149/149/149 150/150/150 151/151/151
f 149/149/149 151/151/151 152/152/152
f 153/153/153 154/154/154 155/155/155
f 153/153/153 155/155/155 156/156/156
f 157/157/157 158/158/158 159/159/159
f 160/160/160 159/159/159 158/158/158
f 160/160/160 158/158/158 161/161/161
f 162/162/162 163/163/163 164/164/164
f 162/162/162 164/164/164 165/165/165
f 166/166/166 167/167/167 168/168/168
f 166/166/166 168/168/168 169/169/169
f 170/170/170 171/171/171 172/172/172
f 170/170/170 172/172/172 173/173/173
f 174/174/174 175/175/175 176/176/176
f 174/174/174 176/176/176 177/177/177
f 178/178/178 179/179/179 180/180/180
f 178/178/178 180/180/180 181/181/181
f 178/178/178 181/181/181 182/182/182
f 183/183/183 184/184/184 185/185/185
f 186/186/186 187/187/187 185/185/185
f 186/186/186 185/185/185 184/184/184
f 188/188/188 189/189/189 190/190/190
f 188/188/188 190/190/190 191/191/191
f 192/192/192 193/193/193 194/194/194
f 192/192/192 194/194/194 195/195/195
f 196/196/196 197/197/197 198/198/198
f 196/196/196 198/198/198 199/199/199
f 200/200/200 201/201/201 202/202/202
f 200/200/200 202/202/202 203/203/203
f 204/204/204 205/205/205 206/206/206
f 204/204/204 206/206/206 207/207/207
f 204/204/204 208/208/208 205/205/205
f 209/209/209 210/210/210 211/211/211
f 209/209/209 211/211/211 212/212/212
f 213/213/213 214/214/214 215/215/215
f 213/213/213 215/215/215 216/216/216
f 217/217/217 218/218/218 219/219/219
f 217/217/217 219/219/219 220/220/220
f 221/221/221 222/222/222 223/223/223
f 221/221/221 223/223/223 224/224/224
f 225/225/225 226/226/226 227/227/227
f 225/225/225 227/227/227 228/228/228
f 229/229/229 230/230/230 231/231/231
f 229/229/229 231/231/231 232/232/232
f 233/233/233 234/234/234 235/235/235
f 233/233/233 235/235/235 236/236/236
f 237/237/237 238/238/238 239/239/239
f 237/237/237 239/239/239 240/240/240
f 241/241/241 242/242/242 243/243/243
f 241/241/241 243/243/243 244/244/244
f 245/245/245 246/246/246 247/247/247
f 245/245/245 247/247/247 248/248/248
f 249/249/249 250/250/250 251/251/251
f 249/249/249 251/251/251 252/252/252
f 253/253/253 254/254/254 255/255/255
f 253/253/253 255/255/255 256/256/256
f 257/257/257 258/258/258 259/259/259
f 257/257/257 259/259/259 260/260/260
f 261/261/261 262/262/262 263/263/263
f 261/261/261 263/263/263 264/264/264
f 265/265/265 266/266/266 267/267/267
f 265/265/265 267/267/267 268/268/268
f 269/269/269 270/270/270 271/271/271
f 269/269/269 271/271/271 272/272/272
f 273/273/273 274/274/274 275/275/275
f 273/273/273 275/275/275 276/276/276
f 277/277/277 278/278/278 279/279/279
f 277/277/277 279/279/279 280/280/280
f 281/281/281 282/282/282 283/283/283
f 281/281/281 283/283/283 284/284/284
f 285/285/285 286/286/286 287/287/287
f 285/285/285 287/287/287 288/288/288
f 289/289/289 290/290/290 291/291/291
f 289/289/289 291/291/291 292/292/292
f 293/293/293 294/294/294 295/295/295
f 293/293/293 295/295/295 296/296/296
f 297/297/297 298/298/298 299/299/299
f 297/297/297 299/299/299 300/300/300
f 301/301/301 302/302/302 303/303/303
f 301/301/301 303/303/303 304/304/304
f 305/305/305 306/306/306 307/307/307
f 305/305/305 307/307/307 308/308/308
f 309/309/309 310/310/310 311/311/311
f 309/309/309 311/311/311 312/312/312
f 313/313/313 314/314/314 315/315/315
f 313/313/313 315/315/315 316/316/316
f 317/317/317 318/318/318 319/319/319
f 317/317/317 319/319/319 320/320/320
f 321/321/321 322/322/322 323/323/323
f 321/321/321 323/323/323 324/324/324
f 325/325/325 326/326/326 327/327/327
f 325/325/325 327/327/327 328/328/328
f 326/326/326 329/329/329 330/330/330
f 326/326/326 330/330/330 327/327/327
f 331/331/331 332/332/332 333/333/333
f 331/331/331 333/333/333 334/334/334
f 318/318/318 325/325/325 328/328/328
f 318/318/318 328/328/328 319/319/319
f 335/335/335 336/336/336 337/337/337
f 335/335/335 337/337/337 338/338/338
f 339/339/339 317/317/317 320/320/320
f 339/339/339 320/320/320 340/340/340
f 336/336/336 331/331/331 334/334/334
f 336/336/336 334/334/334 337/337/337
f 322/322/322 341/341/341 342/342/342
f 322/322/322 342/342/342 323/323/323
f 314/314/314 343/343/343 344/344/344
f 314/314/314 344/344/344 315/315/315
f 345/345/345 335/335/335 338/338/338
f 345/345/345 338/338/338 346/346/346
f 329/329/329 321/321/321 324/324/324
f 329/329/329 324/324/324 330/330/330
f 343/343/343 347/347/347 348/348/348
f 343/343/343 348/348/348 344/344/344
f 347/347/347 345/345/345 346/346/346
f 347/347/347 346/346/346 348/348/348
f 349/349/349 350/350/350 351/351/351
f 349/349/349 351/351/351 352/352/352
f 353/353/353 354/354/354 355/355/355
f 353/353/353 355/355/355 356/356/356
f 357/357/357 358/358/358 359/359/359
f 357/357/357 359/359/359 360/360/360
f 361/361/361 362/362/362 363/363/363
f 361/361/361 363/363/363 364/364/364
f 364/364/364 363/363/363 365/365/365
f 364/364/364 365/365/365 366/366/366
f 367/367/367 368/368/368 369/369/369
f 367/367/367 369/369/369 370/370/370
f 356/356/356 355/355/355 362/362/362
f 356/356/356 362/362/362 361/361/361
f 371/371/371 372/372/372 373/373/373
f 371/371/371 373/373/373 374/374/374
f 375/375/375 376/376/376 354/354/354
f 375/375/375 354/354/354 353/353/353
f 374/374/374 373/373/373 368/368/368
f 374/374/374 368/368/368 367/367/367
f 360/360/360 359/359/359 377/377/377
f 360/360/360 377/377/377 378/378/378
f 352/352/352 351/351/351 379/379/379
f 352/352/352 379/379/379 380/380/380
f 381/381/381 382/382/382 372/372/372
f 381/381/381 372/372/372 371/371/371
f 366/366/366 365/365/365 358/358/358
f 366/366/366 358/358/358 357/357/357
f 380/380/380 379/379/379 383/383/383
f 380/380/380 383/383/383 384/384/384
f 384/384/384 383/383/383 382/382/382
f 384/384/384 382/382/382 381/381/381
f 385/385/385 386/386/386 387/387/387
f 385/385/385 387/387/387 388/388/388
f 388/388/388 387/387/387 389/389/389
f 388/388/388 389/389/389 390/390/390
f 391/391/391 392/392/392 393/393/393
f 391/391/391 393/393/393 394/394/394
f 395/395/395 396/396/396 397/397/397
f 395/395/395 397/397/397 398/398/398
f 399/399/399 400/400/400 401/401/401
f 399/399/399 401/401/401 402/402/402
f 403/403/403 404/404/404 405/405/405
f 403/403/403 405/405/405 406/406/406
f 407/407/407 408/408/408 409/409/409
f 407/407/407 409/409/409 410/410/410
f 411/411/411 412/412/412 413/413/413
f 411/411/411 413/413/413 414/414/414
f 398/398/398 397/397/397 415/415/415
f 398/398/398 415/415/415 416/416/416
f 417/417/417 418/418/418 419/419/419
f 417/417/417 419/419/419 420/420/420
f 421/421/421 422/422/422 423/423/423
f 421/421/421 423/423/423 424/424/424
f 425/425/425 426/426/426 427/427/427
f 425/425/425 427/427/427 428/428/428
f 429/429/429 430/430/430 431/431/431
f 429/429/429 431/431/431 432/432/432
f 406/406/406 405/405/405 392/392/392
f 406/406/406 392/392/392 391/391/391
f 433/433/433 434/434/434 435/435/435
f 433/433/433 435/435/435 436/436/436
f 437/437/437 438/438/438 439/439/439
f 437/437/437 439/439/439 440/440/440
f 402/402/402 401/401/401 408/408/408
f 402/402/402 408/408/408 407/407/407
f 420/420/420 419/419/419 412/412/412
f 420/420/420 412/412/412 411/411/411
f 416/416/416 415/415/415 422/422/422
f 416/416/416 422/422/422 421/421/421
f 414/414/414 413/413/413 404/404/404
f 414/414/414 404/404/404 403/403/403
f 390/390/390 389/389/389 400/400/400
f 390/390/390 400/400/400 399/399/399
f 441/441/441 442/442/442 443/443/443
f 441/441/441 443/443/443 444/444/444
f 445/445/445 446/446/446 442/442/442
f 445/445/445 442/442/442 441/441/441
f 432/432/432 431/431/431 434/434/434
f 432/432/432 434/434/434 433/433/433
f 447/447/447 448/448/448 446/446/446
f 447/447/447 446/446/446 445/445/445
f 440/440/440 439/439/439 448/448/448
f 440/440/440 448/448/448 447/447/447
f 424/424/424 423/423/423 430/430/430
f 424/424/424 430/430/430 429/429/429
f 394/394/394 393/393/393 449/449/449
f 394/394/394 449/449/449 450/450/450
f 428/428/428 427/427/427 438/438/438
f 428/428/428 438/438/438 437/437/437
f 451/451/451 452/452/452 453/453/453
f 451/451/451 453/453/453 454/454/454
f 454/454/454 453/453/453 386/386/386
f 454/454/454 386/386/386 385/385/385
f 455/455/455 456/456/456 426/426/426
f 455/455/455 426/426/426 425/425/425
f 457/457/457 458/458/458 459/459/459
f 460/460/460 461/461/461 462/462/462
f 459/459/459 458/458/458 461/461/461
f 459/459/459 461/461/461 460/460/460
f 463/463/463 464/464/464 465/465/465
f 463/463/463 465/465/465 466/466/466
f 467/467/467 468/468/468 469/469/469
f 470/470/470 471/471/471 472/472/472
f 473/473/473 474/474/474 475/475/475
f 473/473/473 475/475/475 476/476/476
f 477/477/477 478/478/478 479/479/479
f 477/477/477 479/479/479 480/480/480
f 481/481/481 482/482/482 483/483/483
f 481/481/481 483/483/483 484/484/484
f 485/485/485 486/486/486 487/487/487
f 485/485/485 487/487/487 488/488/488
f 488/488/488 487/487/487 489/489/489
f 488/488/488 489/489/489 490/490/490
f 491/491/491 492/492/492 493/493/493
f 491/491/491 493/493/493 494/494/494
f 480/480/480 479/479/479 486/486/486
f 480/480/480 486/486/486 485/485/485
f 495/495/495 496/496/496 497/497/497
f 495/495/495 497/497/497 498/498/498
f 499/499/499 500/500/500 478/478/478
f 499/499/499 478/478/478 477/477/477
f 498/498/498 497/497/497 492/492/492
f 498/498/498 492/492/492 491/491/491
f 484/484/484 483/483/483 501/501/501
f 484/484/484 501/501/501 502/502/502
f 476/476/476 475/475/475 503/503/503
f 476/476/476 503/503/503 504/504/504
f 505/505/505 506/506/506 496/496/496
f 505/505/505 496/496/496 495/495/495
f 490/490/490 489/489/489 482/482/482
f 490/490/490 482/482/482 481/481/481
f 504/504/504 503/503/503 507/507/507
f 504/504/504 507/507/507 508/508/508
f 508/508/508 507/507/507 506/506/506
f 508/508/508 506/506/506 505/505/505
f 509/509/509 510/510/510 511/511/511
f 509/509/509 511/511/511 512/512/512
f 513/513/513 514/514/514 515/515/515
f 513/513/513 515/515/515 516/516/516
f 517/517/517 518/518/518 519/519/519
f 517/517/517 519/519/519 520/520/520
f 521/521/521 522/522/522 523/523/523
f 521/521/521 523/523/523 524/524/524
f 522/522/522 525/525/525 526/526/526
f 522/522/522 526/526/526 523/523/523
f 527/527/527 528/528/528 529/529/529
f 527/527/527 529/529/529 530/530/530
f 514/514/514 521/521/521 524/524/524
f 514/514/514 524/524/524 515/515/515
f 531/531/531 532/532/532 533/533/533
f 531/531/531 533/533/533 534/534/534
f 535/535/535 513/513/513 516/516/516
f 535/535/535 516/516/516 536/536/536
f 532/532/532 527/527/527 530/530/530
f 532/532/532 530/530/530 533/533/533
f 518/518/518 537/537/537 538/538/538
f 518/518/518 538/538/538 519/519/519
f 510/510/510 539/539/539 540/540/540
f 510/510/510 540/540/540 511/511/511
f 541/541/541 531/531/531 534/534/534
f 541/541/541 534/534/534 542/542/542
f 525/525/525 517/517/517 520/520/520
f 525/525/525 520/520/520 526/526/526
f 539/539/539 543/543/543 544/544/544
f 539/539/539 544/544/544 540/540/540
f 543/543/543 541/541/541 542/542/542
f 543/543/543 542/542/542 544/544/544
f 545/545/545 546/546/546 547/547/547
f 545/545/545 547/547/547 548/548/548
f 546/546/546 549/549/549 550/550/550
f 546/546/546 550/550/550 547/547/547
f 551/551/551 552/552/552 553/553/553
f 551/551/551 553/553/553 554/554/554
f 555/555/555 556/556/556 557/557/557
f 555/555/555 557/557/557 558/558/558
f 559/559/559 560/560/560 561/561/561
f 559/559/559 561/561/561 562/562/562
f 563/563/563 564/564/564 565/565/565
f 563/563/563 565/565/565 566/566/566
f 567/567/567 568/568/568 569/569/569
f 567/567/567 569/569/569 570/570/570
f 571/571/571 572/572/572 573/573/573
f 571/571/571 573/573/573 574/574/574
f 556/556/556 575/575/575 576/576/576
f 556/556/556 576/576/576 557/557/557
f 577/577/577 578/578/578 579/579/579
f 577/577/577 579/579/579 580/580/580
f 581/581/581 582/582/582 583/583/583
f 581/581/581 583/583/583 584/584/584
f 585/585/585 586/586/586 587/587/587
f 585/585/585 587/587/587 588/588/588
f 589/589/589 590/590/590 591/591/591
f 589/589/589 591/591/591 592/592/592
f 564/564/564 551/551/551 554/554/554
f 564/564/564 554/554/554 565/565/565
f 593/593/593 594/594/594 595/595/595
f 593/593/593 595/595/595 596/596/596
f 597/597/597 598/598/598 599/599/599
f 597/597/597 599/599/599 600/600/600
f 560/560/560 567/567/567 570/570/570
f 560/560/560 570/570/570 561/561/561
f 578/578/578 571/571/571 574/574/574
f 578/578/578 574/574/574 579/579/579
f 575/575/575 581/581/581 584/584/584
f 575/575/575 584/584/584 576/576/576
f 572/572/572 563/563/563 566/566/566
f 572/572/572 566/566/566 573/573/573
f 549/549/549 559/559/559 562/562/562
f 549/549/549 562/562/562 550/550/550
f 601/601/601 602/602/602 603/603/603
f 601/601/601 603/603/603 604/604/604
f 605/605/605 601/601/601 604/604/604
f 605/605/605 604/604/604 606/606/606
f 590/590/590 593/593/593 596/596/596
f 590/590/590 596/596/596 591/591/591
f 607/607/607 605/605/605 606/606/606
f 607/607/607 606/606/606 608/608/608
f 598/598/598 607/607/607 608/608/608
f 598/598/598 608/608/608 599/599/599
f 582/582/582 589/589/589 592/592/592
f 582/582/582 592/592/592 583/583/583
f 552/552/552 609/609/609 610/610/610
f 552/552/552 610/610/610 553/553/553
f 586/586/586 597/597/597 600/600/600
f 586/586/586 600/600/600 587/587/587
f 611/611/611 612/612/612 613/613/613
f 611/611/611 613/613/613 614/614/614
f 612/612/612 545/545/545 548/548/548
f 612/612/612 548/548/548 613/613/613
f 615/615/615 585/585/585 588/588/588
f 615/615/615 588/588/588 616/616/616
f 617/617/617 618/618/618 619/619/619
f 620/620/620 621/621/621 622/622/622
f 618/618/618 620/620/620 622/622/622
f 618/618/618 622/622/622 619/619/619
f 623/623/623 624/624/624 625/625/625
f 623/623/623 625/625/625 626/626/626
f 627/627/627 628/628/628 629/629/629
f 630/630/630 631/631/631 632/632/632
f 633/633/633 634/634/634 635/635/635
f 633/633/633 635/635/635 636/636/636
f 637/637/637 638/638/638 639/639/639
f 637/637/637 639/639/639 640/640/640
f 634/634/634 641/641/641 642/642/642
f 634/634/634 642/642/642 635/635/635
f 643/643/643 644/644/644 645/645/645
f 643/643/643 645/645/645 646/646/646
f 647/647/647 648/648/648 649/649/649
f 647/647/647 649/649/649 650/650/650
f 651/651/651 633/633/633 636/636/636
f 651/651/651 636/636/636 652/652/652
f 653/653/653 654/654/654 655/655/655
f 653/653/653 655/655/655 656/656/656
f 648/648/648 657/657/657 658/658/658
f 648/648/648 658/658/658 649/649/649
f 657/657/657 651/651/651 652/652/652
f 657/657/657 652/652/652 658/658/658
f 659/659/659 647/647/647 650/650/650
f 659/659/659 650/650/650 660/660/660
f 638/638/638 661/661/661 662/662/662
f 638/638/638 662/662/662 639/639/639
f 654/654/654 643/643/643 646/646/646
f 654/654/654 646/646/646 655/655/655
f 663/663/663 664/664/664 665/665/665
f 663/663/663 665/665/665 666/666/666
f 664/664/664 653/653/653 656/656/656
f 664/664/664 656/656/656 665/665/665
f 641/641/641 667/667/667 668/668/668
f 641/641/641 668/668/668 642/642/642
f 661/661/661 663/663/663 666/666/666
f 661/661/661 666/666/666 662/662/662
f 669/669/669 670/670/670 671/671/671
f 669/669/669 671/671/671 672/672/672
f 673/673/673 674/674/674 675/675/675
f 673/673/673 675/675/675 676/676/676
f 672/672/672 671/671/671 677/677/677
f 672/672/672 677/677/677 678/678/678
f 679/679/679 680/680/680 681/681/681
f 679/679/679 681/681/681 682/682/682
f 683/683/683 684/684/684 685/685/685
f 683/683/683 685/685/685 686/686/686
f 687/687/687 688/688/688 670/670/670
f 687/687/687 670/670/670 669/669/669
f 689/689/689 690/690/690 691/691/691
f 689/689/689 691/691/691 692/692/692
f 686/686/686 685/685/685 693/693/693
f 686/686/686 693/693/693 694/694/694
f 694/694/694 693/693/693 688/688/688
f 694/694/694 688/688/688 687/687/687
f 695/695/695 696/696/696 684/684/684
f 695/695/695 684/684/684 683/683/683
f 676/676/676 675/675/675 697/697/697
f 676/676/676 697/697/697 698/698/698
f 692/692/692 691/691/691 680/680/680
f 692/692/692 680/680/680 679/679/679
f 699/699/699 700/700/700 701/701/701
f 699/699/699 701/701/701 702/702/702
f 702/702/702 701/701/701 690/690/690
f 702/702/702 690/690/690 689/689/689
f 678/678/678 677/677/677 703/703/703
f 678/678/678 703/703/703 704/704/704
f 698/698/698 697/697/697 700/700/700
f 698/698/698 700/700/700 699/699/699
f 705/705/705 706/706/706 707/707/707
f 705/705/705 707/707/707 708/708/708
f 709/709/709 710/710/710 711/711/711
f 709/709/709 711/711/711 712/712/712
f 713/713/713 714/714/714 715/715/715
f 713/713/713 715/715/715 716/716/716
f 717/717/717 718/718/718 719/719/719
f 717/717/717 719/719/719 720/720/720
f 721/721/721 722/722/722 723/723/723
f 721/721/721 723/723/723 724/724/724
f 725/725/725 726/726/726 727/727/727
f 725/725/725 727/727/727 728/728/728
f 729/729/729 730/730/730 731/731/731
f 729/729/729 731/731/731 732/732/732
f 733/733/733 734/734/734 730/730/730
f 733/733/733 730/730/730 729/729/729
f 735/735/735 736/736/736 737/737/737
f 735/735/735 737/737/737 738/738/738
f 739/739/739 740/740/740 734/734/734
f 739/739/739 734/734/734 733/733/733
f 708/708/708 707/707/707 740/740/740
f 708/708/708 740/740/740 739/739/739
f 741/741/741 742/742/742 743/743/743
f 741/741/741 743/743/743 744/744/744
f 745/745/745 746/746/746 747/747/747
f 745/745/745 747/747/747 748/748/748
f 749/749/749 750/750/750 706/706/706
f 749/749/749 706/706/706 705/705/705
f 751/751/751 752/752/752 753/753/753
f 751/751/751 753/753/753 754/754/754
f 754/754/754 753/753/753 755/755/755
f 754/754/754 755/755/755 756/756/756
f 757/757/757 758/758/758 759/759/759
f 757/757/757 759/759/759 760/760/760
f 756/756/756 755/755/755 761/761/761
f 756/756/756 761/761/761 762/762/762
f 762/762/762 761/761/761 726/726/726
f 762/762/762 726/726/726 725/725/725
f 763/763/763 764/764/764 746/746/746
f 763/763/763 746/746/746 745/745/745
f 765/765/765 766/766/766 767/767/767
f 765/765/765 767/767/767 768/768/768
f 728/728/728 727/727/727 710/710/710
f 728/728/728 710/710/710 709/709/709
f 724/724/724 723/723/723 769/769/769
f 724/724/724 769/769/769 770/770/770
f 712/712/712 711/711/711 771/771/771
f 712/712/712 771/771/771 772/772/772
f 716/716/716 715/715/715 722/722/722
f 716/716/716 722/722/722 721/721/721
f 768/768/768 767/767/767 718/718/718
f 768/768/768 718/718/718 717/717/717
f 773/773/773 774/774/774 714/714/714
f 773/773/773 714/714/714 713/713/713
f 720/720/720 719/719/719 742/742/742
f 720/720/720 742/742/742 741/741/741
f 760/760/760 759/759/759 750/750/750
f 760/760/760 750/750/750 749/749/749
f 744/744/744 743/743/743 736/736/736
f 744/744/744 736/736/736 735/735/735
f 770/770/770 769/769/769 764/764/764
f 770/770/770 764/764/764 763/763/763
f 738/738/738 737/737/737 775/775/775
f 738/738/738 775/775/775 776/776/776
f 777/777/777 778/778/778 779/779/779
f 780/780/780 781/781/781 782/782/782
f 782/782/782 781/781/781 778/778/778
f 782/782/782 778/778/778 777/777/777
f 783/783/783 784/784/784 785/785/785
f 786/786/786 787/787/787 788/788/788
f 789/789/789 790/790/790 791/791/791
f 789/789/789 791/791/791 792/792/792
f 793/793/793 794/794/794 795/795/795
f 793/793/793 795/795/795 796/796/796
f 797/797/797 798/798/798 799/799/799
f 797/797/797 799/799/799 800/800/800
f 794/794/794 801/801/801 802/802/802
f 794/794/794 802/802/802 795/795/795
f 803/803/803 804/804/804 805/805/805
f 803/803/803 805/805/805 806/806/806
f 807/807/807 808/808/808 809/809/809
f 807/807/807 809/809/809 810/810/810
f 811/811/811 793/793/793 796/796/796
f 811/811/811 796/796/796 812/812/812
f 813/813/813 814/814/814 815/815/815
f 813/813/813 815/815/815 816/816/816
f 808/808/808 817/817/817 818/818/818
f 808/808/808 818/818/818 809/809/809
f 817/817/817 811/811/811 812/812/812
f 817/817/817 812/812/812 818/818/818
f 819/819/819 807/807/807 810/810/810
f 819/819/819 810/810/810 820/820/820
f 798/798/798 821/821/821 822/822/822
f 798/798/798 822/822/822 799/799/799
f 814/814/814 803/803/803 806/806/806
f 814/814/814 806/806/806 815/815/815
f 823/823/823 824/824/824 825/825/825
f 823/823/823 825/825/825 826/826/826
f 824/824/824 813/813/813 816/816/816
f 824/824/824 816/816/816 825/825/825
f 801/801/801 827/827/827 828/828/828
f 801/801/801 828/828/828 802/802/802
f 821/821/821 823/823/823 826/826/826
f 821/821/821 826/826/826 822/822/822
f 829/829/829 830/830/830 831/831/831
f 829/829/829 831/831/831 832/832/832
f 833/833/833 834/834/834 835/835/835
f 833/833/833 835/835/835 836/836/836
f 832/832/832 831/831/831 837/837/837
f 832/832/832 837/837/837 838/838/838
f 839/839/839 840/840/840 841/841/841
f 839/839/839 841/841/841 842/842/842
f 843/843/843 844/844/844 845/845/845
f 843/843/843 845/845/845 846/846/846
f 847/847/847 848/848/848 830/830/830
f 847/847/847 830/830/830 829/829/829
f 849/849/849 850/850/850 851/851/851
f 849/849/849 851/851/851 852/852/852
f 846/846/846 845/845/845 853/853/853
f 846/846/846 853/853/853 854/854/854
f 854/854/854 853/853/853 848/848/848
f 854/854/854 848/848/848 847/847/847
f 855/855/855 856/856/856 844/844/844
f 855/855/855 844/844/844 843/843/843
f 836/836/836 835/835/835 857/857/857
f 836/836/836 857/857/857 858/858/858
f 852/852/852 851/851/851 840/840/840
f 852/852/852 840/840/840 839/839/839
f 859/859/859 860/860/860 861/861/861
f 859/859/859 861/861/861 862/862/862
f 862/862/862 861/861/861 850/850/850
f 862/862/862 850/850/850 849/849/849
f 838/838/838 837/837/837 863/863/863
f 838/838/838 863/863/863 864/864/864
f 858/858/858 857/857/857 860/860/860
f 858/858/858 860/860/860 859/859/859
f 865/865/865 866/866/866 867/867/867
f 865/865/865 867/867/867 868/868/868
f 869/869/869 870/870/870 871/871/871
f 869/869/869 871/871/871 872/872/872
f 873/873/873 874/874/874 875/875/875
f 873/873/873 875/875/875 876/876/876
f 877/877/877 878/878/878 879/879/879
f 877/877/877 879/879/879 880/880/880
f 881/881/881 882/882/882 883/883/883
f 881/881/881 883/883/883 884/884/884
f 885/885/885 886/886/886 887/887/887
f 885/885/885 887/887/887 888/888/888
f 889/889/889 890/890/890 891/891/891
f 889/889/889 891/891/891 892/892/892
f 893/893/893 894/894/894 890/890/890
f 893/893/893 890/890/890 889/889/889
f 895/895/895 896/896/896 897/897/897
f 895/895/895 897/897/897 898/898/898
f 899/899/899 900/900/900 894/894/894
f 899/899/899 894/894/894 893/893/893
f 868/868/868 867/867/867 900/900/900
f 868/868/868 900/900/900 899/899/899
f 901/901/901 902/902/902 903/903/903
f 901/901/901 903/903/903 904/904/904
f 905/905/905 906/906/906 907/907/907
f 905/905/905 907/907/907 908/908/908
f 909/909/909 910/910/910 866/866/866
f 909/909/909 866/866/866 865/865/865
f 911/911/911 912/912/912 913/913/913
f 911/911/911 913/913/913 914/914/914
f 914/914/914 913/913/913 915/915/915
f 914/914/914 915/915/915 916/916/916
f 917/917/917 918/918/918 919/919/919
f 917/917/917 919/919/919 920/920/920
f 916/916/916 915/915/915 921/921/921
f 916/916/916 921/921/921 922/922/922
f 922/922/922 921/921/921 886/886/886
f 922/922/922 886/886/886 885/885/885
f 923/923/923 924/924/924 906/906/906
f 923/923/923 906/906/906 905/905/905
f 925/925/925 926/926/926 927/927/927
f 925/925/925 927/927/927 928/928/928
f 888/888/888 887/887/887 870/870/870
f 888/888/888 870/870/870 869/869/869
f 884/884/884 883/883/883 929/929/929
f 884/884/884 929/929/929 930/930/930
f 872/872/872 871/871/871 931/931/931
f 872/872/872 931/931/931 932/932/932
f 876/876/876 875/875/875 882/882/882
f 876/876/876 882/882/882 881/881/881
f 928/928/928 927/927/927 878/878/878
f 928/928/928 878/878/878 877/877/877
f 933/933/933 934/934/934 874/874/874
f 933/933/933 874/874/874 873/873/873
f 880/880/880 879/879/879 902/902/902
f 880/880/880 902/902/902 901/901/901
f 920/920/920 919/919/919 910/910/910
f 920/920/920 910/910/910 909/909/909
f 904/904/904 903/903/903 896/896/896
f 904/904/904 896/896/896 895/895/895
f 930/930/930 929/929/929 924/924/924
f 930/930/930 924/924/924 923/923/923
f 898/898/898 897/897/897 935/935/935
f 898/898/898 935/935/935 936/936/936
f 937/937/937 938/938/938 939/939/939
f 940/940/940 941/941/941 942/942/942
f 942/942/942 941/941/941 938/938/938
f 942/942/942 938/938/938 937/937/937
f 943/943/943 944/944/944 945/945/945
f 946/946/946 947/947/947 948/948/948
f 949/949/949 950/950/950 951/951/951
f 949/949/949 951/951/951 952/952/952
f 953/953/953 954/954/954 955/955/955
f 953/953/953 955/955/955 956/956/956
f 957/957/957 958/958/958 959/959/959
f 957/957/957 959/959/959 960/960/960
f 960/960/960 959/959/959 961/961/961
f 960/960/960 961/961/961 962/962/962
f 959/959/959 963/963/963 964/964/964
f 959/959/959 964/964/964 961/961/961
f 965/965/965 966/966/966 958/958/958
f 965/965/965 958/958/958 967/967/967
f 958/958/958 968/968/968 963/963/963
f 958/958/958 963/963/963 959/959/959
f 969/969/969 970/970/970 971/971/971
f 969/969/969 971/971/971 972/972/972
f 973/973/973 974/974/974 966/966/966
f 973/973/973 966/966/966 965/965/965
f 966/966/966 975/975/975 968/968/968
f 966/966/966 968/968/968 958/958/958
f 976/976/976 977/977/977 970/970/970
f 976/976/976 970/970/970 969/969/969
f 978/978/978 979/979/979 974/974/974
f 978/978/978 974/974/974 973/973/973
f 974/974/974 980/980/980 975/975/975
f 974/974/974 975/975/975 966/966/966
f 981/981/981 982/982/982 977/977/977
f 981/981/981 977/977/977 976/976/976
f 979/979/979 983/983/983 980/980/980
f 979/979/979 980/980/980 974/974/974
f 984/984/984 985/985/985 982/982/982
f 984/984/984 982/982/982 981/981/981
f 986/986/986 987/987/987 979/979/979
f 986/986/986 979/979/979 978/978/978
f 987/987/987 988/988/988 983/983/983
f 987/987/987 983/983/983 979/979/979
f 989/989/989 990/990/990 985/985/985
f 989/989/989 985/985/985 984/984/984
f 991/991/991 992/992/992 987/987/987
f 991/991/991 987/987/987 986/986/986
f 992/992/992 993/993/993 988/988/988
f 992/992/992 988/988/988 987/987/987
f 994/994/994 995/995/995 990/990/990
f 994/994/994 990/990/990 989/989/989
f 996/996/996 997/997/997 993/993/993
f 996/996/996 993/993/993 992/992/992
f 998/998/998 999/999/999 997/997/997
f 998/998/998 997/997/997 996/996/996
f 1000/1000/1000 1001/1001/1001 995/995/995
f 1000/1000/1000 995/995/995 994/994/994
f 1002/1002/1002 996/996/996 992/992/992
f 1002/1002/1002 992/992/992 991/991/991
f 1003/1003/1003 1004/1004/1004 999/999/999
f 1003/1003/1003 999/999/999 998/998/998
f 1005/1005/1005 1006/1006/1006 1001/1001/1001
f 1005/1005/1005 1001/1001/1001 1000/1000/1000
f 1007/1007/1007 998/998/998 996/996/996
f 1007/1007/1007 996/996/996 1002/1002/1002
f 1008/1008/1008 1009/1009/1009 1010/1010/1010
f 1008/1008/1008 1010/1010/1010 1011/1011/1011
f 1011/1011/1011 1010/1010/1010 1006/1006/1006
f 1011/1011/1011 1006/1006/1006 1005/1005/1005
f 1012/1012/1012 1003/1003/1003 998/998/998
f 1012/1012/1012 998/998/998 1007/1007/1007
f 1013/1013/1013 1014/1014/1014 1009/1009/1009
f 1013/1013/1013 1009/1009/1009 1008/1008/1008
f 1015/1015/1015 1016/1016/1016 1003/1003/1003
f 1015/1015/1015 1003/1003/1003 1012/1012/1012
f 1016/1016/1016 1017/1017/1017 1004/1004/1004
f 1016/1016/1016 1004/1004/1004 1003/1003/1003
f 1018/1018/1018 1019/1019/1019 1014/1014/1014
f 1018/1018/1018 1014/1014/1014 1013/1013/1013
f 1020/1020/1020 1021/1021/1021 1016/1016/1016
f 1020/1020/1020 1016/1016/1016 1015/1015/1015
f 1021/1021/1021 1022/1022/1022 1017/1017/1017
f 1021/1021/1021 1017/1017/1017 1016/1016/1016
f 1023/1023/1023 1024/1024/1024 1025/1025/1025
f 1023/1023/1023 1025/1025/1025 1026/1026/1026
f 1026/1026/1026 1025/1025/1025 1021/1021/1021
f 1026/1026/1026 1021/1021/1021 1020/1020/1020
f 1025/1025/1025 1027/1027/1027 1022/1022/1022
f 1025/1025/1025 1022/1022/1022 1021/1021/1021
f 1028/1028/1028 1029/1029/1029 1024/1024/1024
f 1028/1028/1028 1024/1024/1024 1023/1023/1023
f 972/972/972 971/971/971 955/955/955
f 972/972/972 955/955/955 954/954/954
f 1024/1024/1024 1030/1030/1030 1027/1027/1027
f 1024/1024/1024 1027/1027/1027 1025/1025/1025
f 1031/1031/1031 1032/1032/1032 1019/1019/1019
f 1031/1031/1031 1019/1019/1019 1018/1018/1018
f 1033/1033/1033 1029/1029/1029 961/961/961
f 1033/1033/1033 961/961/961 964/964/964
f 1029/1029/1029 1033/1033/1033 1030/1030/1030
f 1029/1029/1029 1030/1030/1030 1024/1024/1024
f 953/953/953 956/956/956 1032/1032/1032
f 953/953/953 1032/1032/1032 1031/1031/1031
f 1029/1029/1029 1028/1028/1028 962/962/962
f 1029/1029/1029 962/962/962 961/961/961
f 1026/1026/1026 1020/1020/1020 1034/1034/1034
f 1026/1026/1026 1034/1034/1034 1023/1023/1023
f 1020/1020/1020 1015/1015/1015 1035/1035/1035
f 1020/1020/1020 1035/1035/1035 1034/1034/1034
f 1015/1015/1015 1012/1012/1012 1036/1036/1036
f 1015/1015/1015 1036/1036/1036 1035/1035/1035
f 1012/1012/1012 1007/1007/1007 1002/1002/1002
f 1012/1012/1012 1002/1002/1002 1037/1037/1037
f 1023/1023/1023 1034/1034/1034 1038/1038/1038
f 1023/1023/1023 1038/1038/1038 1028/1028/1028
f 1034/1034/1034 1035/1035/1035 1039/1039/1039
f 1034/1034/1034 1039/1039/1039 1038/1038/1038
f 1035/1035/1035 1040/1040/1040 1041/1041/1041
f 1035/1035/1035 1041/1041/1041 1039/1039/1039
f 1042/1042/1042 1002/1002/1002 991/991/991
f 1042/1042/1042 991/991/991 1041/1041/1041
f 1028/1028/1028 1038/1038/1038 1043/1043/1043
f 1028/1028/1028 1043/1043/1043 962/962/962
f 1038/1038/1038 1039/1039/1039 1044/1044/1044
f 1038/1038/1038 1044/1044/1044 1043/1043/1043
f 1039/1039/1039 1041/1041/1041 1045/1045/1045
f 1039/1039/1039 1045/1045/1045 1044/1044/1044
f 1041/1041/1041 991/991/991 986/986/986
f 1041/1041/1041 986/986/986 1045/1045/1045
f 962/962/962 1043/1043/1043 1046/1046/1046
f 962/962/962 1046/1046/1046 960/960/960
f 1043/1043/1043 1044/1044/1044 965/965/965
f 1043/1043/1043 965/965/965 1047/1047/1047
f 1044/1044/1044 1045/1045/1045 973/973/973
f 1044/1044/1044 973/973/973 965/965/965
f 1045/1045/1045 986/986/986 978/978/978
f 1045/1045/1045 978/978/978 973/973/973
f 1048/1048/1048 1049/1049/1049 1050/1050/1050
f 1048/1048/1048 1050/1050/1050 1051/1051/1051
f 1052/1052/1052 1053/1053/1053 1054/1054/1054
f 1052/1052/1052 1054/1054/1054 1055/1055/1055
f 1055/1055/1055 1054/1054/1054 1056/1056/1056
f 1055/1055/1055 1056/1056/1056 1057/1057/1057
f 1054/1054/1054 1058/1058/1058 1059/1059/1059
f 1054/1054/1054 1059/1059/1059 1056/1056/1056
f 1060/1060/1060 1061/1061/1061 1053/1053/1053
f 1060/1060/1060 1053/1053/1053 1052/1052/1052
f 1053/1053/1053 1062/1062/1062 1058/1058/1058
f 1053/1053/1053 1058/1058/1058 1054/1054/1054
f 1063/1063/1063 1064/1064/1064 1065/1065/1065
f 1063/1063/1063 1065/1065/1065 1066/1066/1066
f 1067/1067/1067 1068/1068/1068 1061/1061/1061
f 1067/1067/1067 1061/1061/1061 1060/1060/1060
f 1061/1061/1061 1069/1069/1069 1062/1062/1062
f 1061/1061/1061 1062/1062/1062 1053/1053/1053
f 1070/1070/1070 1071/1071/1071 1064/1064/1064
f 1070/1070/1070 1064/1064/1064 1063/1063/1063
f 1072/1072/1072 1073/1073/1073 1068/1068/1068
f 1072/1072/1072 1068/1068/1068 1067/1067/1067
f 1068/1068/1068 1074/1074/1074 1069/1069/1069
f 1068/1068/1068 1069/1069/1069 1061/1061/1061
f 1075/1075/1075 1076/1076/1076 1071/1071/1071
f 1075/1075/1075 1071/1071/1071 1070/1070/1070
f 1073/1073/1073 1077/1077/1077 1074/1074/1074
f 1073/1073/1073 1074/1074/1074 1068/1068/1068
f 1078/1078/1078 1079/1079/1079 1076/1076/1076
f 1078/1078/1078 1076/1076/1076 1075/1075/1075
f 1080/1080/1080 1081/1081/1081 1073/1073/1073
f 1080/1080/1080 1073/1073/1073 1072/1072/1072
f 1081/1081/1081 1082/1082/1082 1077/1077/1077
f 1081/1081/1081 1077/1077/1077 1073/1073/1073
f 1083/1083/1083 1084/1084/1084 1079/1079/1079
f 1083/1083/1083 1079/1079/1079 1078/1078/1078
f 1085/1085/1085 1086/1086/1086 1081/1081/1081
f 1085/1085/1085 1081/1081/1081 1080/1080/1080
f 1086/1086/1086 1087/1087/1087 1082/1082/1082
f 1086/1086/1086 1082/1082/1082 1081/1081/1081
f 1088/1088/1088 1089/1089/1089 1084/1084/1084
f 1088/1088/1088 1084/1084/1084 1083/1083/1083
f 1090/1090/1090 1091/1091/1091 1087/1087/1087
f 1090/1090/1090 1087/1087/1087 1086/1086/1086
f 1092/1092/1092 1093/1093/1093 1091/1091/1091
f 1092/1092/1092 1091/1091/1091 1090/1090/1090
f 1094/1094/1094 1095/1095/1095 1089/1089/1089
f 1094/1094/1094 1089/1089/1089 1088/1088/1088
f 1096/1096/1096 1090/1090/1090 1086/1086/1086
f 1096/1096/1096 1086/1086/1086 1085/1085/1085
f 1097/1097/1097 1098/1098/1098 1093/1093/1093
f 1097/1097/1097 1093/1093/1093 1092/1092/1092
f 1099/1099/1099 1100/1100/1100 1095/1095/1095
f 1099/1099/1099 1095/1095/1095 1094/1094/1094
f 1101/1101/1101 1092/1092/1092 1090/1090/1090
f 1101/1101/1101 1090/1090/1090 1096/1096/1096
f 1102/1102/1102 1103/1103/1103 1104/1104/1104
f 1102/1102/1102 1104/1104/1104 1105/1105/1105
f 1105/1105/1105 1104/1104/1104 1100/1100/1100
f 1105/1105/1105 1100/1100/1100 1099/1099/1099
f 1106/1106/1106 1097/1097/1097 1092/1092/1092
f 1106/1106/1106 1092/1092/1092 1101/1101/1101
f 1107/1107/1107 1108/1108/1108 1103/1103/1103
f 1107/1107/1107 1103/1103/1103 1102/1102/1102
f 1109/1109/1109 1110/1110/1110 1097/1097/1097
f 1109/1109/1109 1097/1097/1097 1106/1106/1106
f 1110/1110/1110 1111/1111/1111 1112/1112/1112
f 1110/1110/1110 1112/1112/1112 1097/1097/1097
f 1113/1113/1113 1114/1114/1114 1108/1108/1108
f 1113/1113/1113 1108/1108/1108 1107/1107/1107
f 1115/1115/1115 1116/1116/1116 1110/1110/1110
f 1115/1115/1115 1110/1110/1110 1109/1109/1109
f 1116/1116/1116 1117/1117/1117 1111/1111/1111
f 1116/1116/1116 1111/1111/1111 1110/1110/1110
f 1118/1118/1118 1119/1119/1119 1120/1120/1120
f 1118/1118/1118 1120/1120/1120 1121/1121/1121
f 1121/1121/1121 1120/1120/1120 1116/1116/1116
f 1121/1121/1121 1116/1116/1116 1115/1115/1115
f 1120/1120/1120 1122/1122/1122 1117/1117/1117
f 1120/1120/1120 1117/1117/1117 1116/1116/1116
f 1123/1123/1123 1124/1124/1124 1119/1119/1119
f 1123/1123/1123 1119/1119/1119 1118/1118/1118
f 1066/1066/1066 1065/1065/1065 1050/1050/1050
f 1066/1066/1066 1050/1050/1050 1049/1049/1049
f 1119/1119/1119 1125/1125/1125 1122/1122/1122
f 1119/1119/1119 1122/1122/1122 1120/1120/1120
f 1126/1126/1126 1127/1127/1127 1114/1114/1114
f 1126/1126/1126 1114/1114/1114 1113/1113/1113
f 1128/1128/1128 1124/1124/1124 1056/1056/1056
f 1128/1128/1128 1056/1056/1056 1059/1059/1059
f 1124/1124/1124 1128/1128/1128 1125/1125/1125
f 1124/1124/1124 1125/1125/1125 1119/1119/1119
f 1048/1048/1048 1051/1051/1051 1127/1127/1127
f 1048/1048/1048 1127/1127/1127 1126/1126/1126
f 1124/1124/1124 1123/1123/1123 1057/1057/1057
f 1124/1124/1124 1057/1057/1057 1056/1056/1056
f 1121/1121/1121 1115/1115/1115 1129/1129/1129
f 1121/1121/1121 1129/1129/1129 1118/1118/1118
f 1115/1115/1115 1109/1109/1109 1130/1130/1130
f 1115/1115/1115 1130/1130/1130 1129/1129/1129
f 1109/1109/1109 1106/1106/1106 1131/1131/1131
f 1109/1109/1109 1131/1131/1131 1130/1130/1130
f 1106/1106/1106 1101/1101/1101 1096/1096/1096
f 1106/1106/1106 1096/1096/1096 1131/1131/1131
f 1118/1118/1118 1129/1129/1129 1132/1132/1132
f 1118/1118/1118 1132/1132/1132 1123/1123/1123
f 1129/1129/1129 1130/1130/1130 1133/1133/1133
f 1129/1129/1129 1133/1133/1133 1132/1132/1132
f 1130/1130/1130 1131/1131/1131 1134/1134/1134
f 1130/1130/1130 1134/1134/1134 1133/1133/1133
f 1131/1131/1131 1096/1096/1096 1085/1085/1085
f 1131/1131/1131 1085/1085/1085 1134/1134/1134
f 1123/1123/1123 1132/1132/1132 1135/1135/1135
f 1123/1123/1123 1135/1135/1135 1057/1057/1057
f 1132/1132/1132 1133/1133/1133 1136/1136/1136
f 1132/1132/1132 1136/1136/1136 1135/1135/1135
f 1133/1133/1133 1134/1134/1134 1137/1137/1137
f 1133/1133/1133 1137/1137/1137 1136/1136/1136
f 1134/1134/1134 1085/1085/1085 1080/1080/1080
f 1134/1134/1134 1080/1080/1080 1137/1137/1137
f 1057/1057/1057 1135/1135/1135 1052/1052/1052
f 1057/1057/1057 1052/1052/1052 1055/1055/1055
f 1135/1135/1135 1136/1136/1136 1060/1060/1060
f 1135/1135/1135 1060/1060/1060 1052/1052/1052
f 1136/1136/1136 1137/1137/1137 1067/1067/1067
f 1136/1136/1136 1067/1067/1067 1060/1060/1060
f 1137/1137/1137 1080/1080/1080 1072/1072/1072
f 1137/1137/1137 1072/1072/1072 1067/1067/1067
f 1138/1138/1138 1139/1139/1139 1140/1140/1140
f 1138/1138/1138 1140/1140/1140 1141/1141/1141
f 1142/1142/1142 1143/1143/1143 1144/1144/1144
f 1142/1142/1142 1144/1144/1144 1145/1145/1145
f 1145/1145/1145 1144/1144/1144 1146/1146/1146
f 1145/1145/1145 1146/1146/1146 1147/1147/1147
f 1144/1144/1144 1148/1148/1148 1149/1149/1149
f 1144/1144/1144 1149/1149/1149 1146/1146/1146
f 1150/1150/1150 1151/1151/1151 1143/1143/1143
f 1150/1150/1150 1143/1143/1143 1142/1142/1142
f 1143/1143/1143 1152/1152/1152 1148/1148/1148
f 1143/1143/1143 1148/1148/1148 1144/1144/1144
f 1153/1153/1153 1154/1154/1154 1155/1155/1155
f 1153/1153/1153 1155/1155/1155 1156/1156/1156
f 1157/1157/1157 1158/1158/1158 1151/1151/1151
f 1157/1157/1157 1151/1151/1151 1150/1150/1150
f 1151/1151/1151 1159/1159/1159 1152/1152/1152
f 1151/1151/1151 1152/1152/1152 1143/1143/1143
f 1160/1160/1160 1161/1161/1161 1154/1154/1154
f 1160/1160/1160 1154/1154/1154 1153/1153/1153
f 1162/1162/1162 1163/1163/1163 1158/1158/1158
f 1162/1162/1162 1158/1158/1158 1157/1157/1157
f 1158/1158/1158 1164/1164/1164 1159/1159/1159
f 1158/1158/1158 1159/1159/1159 1151/1151/1151
f 1165/1165/1165 1166/1166/1166 1161/1161/1161
f 1165/1165/1165 1161/1161/1161 1160/1160/1160
f 1163/1163/1163 1167/1167/1167 1164/1164/1164
f 1163/1163/1163 1164/1164/1164 1158/1158/1158
f 1168/1168/1168 1169/1169/1169 1166/1166/1166
f 1168/1168/1168 1166/1166/1166 1165/1165/1165
f 1170/1170/1170 1171/1171/1171 1163/1163/1163
f 1170/1170/1170 1163/1163/1163 1162/1162/1162
f 1172/1172/1172 1173/1173/1173 1167/1167/1167
f 1172/1172/1172 1167/1167/1167 1163/1163/1163
f 1174/1174/1174 1175/1175/1175 1169/1169/1169
f 1174/1174/1174 1169/1169/1169 1176/1176/1176
f 1177/1177/1177 1178/1178/1178 1179/1179/1179
f 1177/1177/1177 1179/1179/1179 1170/1170/1170
f 1178/1178/1178 1180/1180/1180 1173/1173/1173
f 1178/1178/1178 1173/1173/1173 1181/1181/1181
f 1182/1182/1182 1183/1183/1183 1175/1175/1175
f 1182/1182/1182 1175/1175/1175 1174/1174/1174
f 1184/1184/1184 1185/1185/1185 1180/1180/1180
f 1184/1184/1184 1180/1180/1180 1178/1178/1178
f 1186/1186/1186 1187/1187/1187 1185/1185/1185
f 1186/1186/1186 1185/1185/1185 1184/1184/1184
f 1188/1188/1188 1189/1189/1189 1183/1183/1183
f 1188/1188/1188 1183/1183/1183 1182/1182/1182
f 1190/1190/1190 1184/1184/1184 1178/1178/1178
f 1190/1190/1190 1178/1178/1178 1177/1177/1177
f 1191/1191/1191 1192/1192/1192 1187/1187/1187
f 1191/1191/1191 1187/1187/1187 1186/1186/1186
f 1193/1193/1193 1194/1194/1194 1189/1189/1189
f 1193/1193/1193 1189/1189/1189 1188/1188/1188
f 1195/1195/1195 1186/1186/1186 1184/1184/1184
f 1195/1195/1195 1184/1184/1184 1190/1190/1190
f 1196/1196/1196 1197/1197/1197 1198/1198/1198
f 1196/1196/1196 1198/1198/1198 1199/1199/1199
f 1199/1199/1199 1198/1198/1198 1194/1194/1194
f 1199/1199/1199 1194/1194/1194 1193/1193/1193
f 1200/1200/1200 1191/1191/1191 1186/1186/1186
f 1200/1200/1200 1186/1186/1186 1195/1195/1195
f 1201/1201/1201 1202/1202/1202 1197/1197/1197
f 1201/1201/1201 1197/1197/1197 1196/1196/1196
f 1203/1203/1203 1204/1204/1204 1191/1191/1191
f 1203/1203/1203 1191/1191/1191 1200/1200/1200
f 1204/1204/1204 1205/1205/1205 1192/1192/1192
f 1204/1204/1204 1192/1192/1192 1191/1191/1191
f 1206/1206/1206 1207/1207/1207 1202/1202/1202
f 1206/1206/1206 1202/1202/1202 1201/1201/1201
f 1208/1208/1208 1209/1209/1209 1204/1204/1204
f 1208/1208/1208 1204/1204/1204 1203/1203/1203
f 1209/1209/1209 1210/1210/1210 1205/1205/1205
f 1209/1209/1209 1205/1205/1205 1204/1204/1204
f 1211/1211/1211 1212/1212/1212 1213/1213/1213
f 1211/1211/1211 1213/1213/1213 1214/1214/1214
f 1214/1214/1214 1213/1213/1213 1209/1209/1209
f 1214/1214/1214 1209/1209/1209 1208/1208/1208
f 1213/1213/1213 1215/1215/1215 1210/1210/1210
f 1213/1213/1213 1210/1210/1210 1209/1209/1209
f 1216/1216/1216 1217/1217/1217 1212/1212/1212
f 1216/1216/1216 1212/1212/1212 1218/1218/1218
f 1156/1156/1156 1155/1155/1155 1140/1140/1140
f 1156/1156/1156 1140/1140/1140 1139/1139/1139
f 1212/1212/1212 1219/1219/1219 1215/1215/1215
f 1212/1212/1212 1215/1215/1215 1213/1213/1213
f 1220/1220/1220 1221/1221/1221 1207/1207/1207
f 1220/1220/1220 1207/1207/1207 1206/1206/1206
f 1222/1222/1222 1217/1217/1217 1146/1146/1146
f 1222/1222/1222 1146/1146/1146 1149/1149/1149
f 1217/1217/1217 1222/1222/1222 1219/1219/1219
f 1217/1217/1217 1219/1219/1219 1212/1212/1212
f 1138/1138/1138 1141/1141/1141 1221/1221/1221
f 1138/1138/1138 1221/1221/1221 1220/1220/1220
f 1217/1217/1217 1216/1216/1216 1147/1147/1147
f 1217/1217/1217 1147/1147/1147 1146/1146/1146
f 1214/1214/1214 1208/1208/1208 1223/1223/1223
f 1214/1214/1214 1223/1223/1223 1224/1224/1224
f 1208/1208/1208 1203/1203/1203 1225/1225/1225
f 1208/1208/1208 1225/1225/1225 1223/1223/1223
f 1203/1203/1203 1200/1200/1200 1226/1226/1226
f 1203/1203/1203 1226/1226/1226 1225/1225/1225
f 1200/1200/1200 1195/1195/1195 1190/1190/1190
f 1200/1200/1200 1190/1190/1190 1226/1226/1226
f 1227/1227/1227 1223/1223/1223 1228/1228/1228
f 1227/1227/1227 1228/1228/1228 1216/1216/1216
f 1223/1223/1223 1225/1225/1225 1229/1229/1229
f 1223/1223/1223 1229/1229/1229 1228/1228/1228
f 1225/1225/1225 1226/1226/1226 1230/1230/1230
f 1225/1225/1225 1230/1230/1230 1229/1229/1229
f 1226/1226/1226 1190/1190/1190 1177/1177/1177
f 1226/1226/1226 1177/1177/1177 1230/1230/1230
f 1216/1216/1216 1228/1228/1228 1231/1231/1231
f 1216/1216/1216 1231/1231/1231 1147/1147/1147
f 1228/1228/1228 1229/1229/1229 1232/1232/1232
f 1228/1228/1228 1232/1232/1232 1231/1231/1231
f 1229/1229/1229 1230/1230/1230 1233/1233/1233
f 1229/1229/1229 1233/1233/1233 1232/1232/1232
f 1230/1230/1230 1177/1177/1177 1170/1170/1170
f 1230/1230/1230 1170/1170/1170 1233/1233/1233
f 1147/1147/1147 1231/1231/1231 1142/1142/1142
f 1147/1147/1147 1142/1142/1142 1145/1145/1145
f 1231/1231/1231 1232/1232/1232 1150/1150/1150
f 1231/1231/1231 1150/1150/1150 1142/1142/1142
f 1232/1232/1232 1233/1233/1233 1157/1157/1157
f 1232/1232/1232 1157/1157/1157 1150/1150/1150
f 1233/1233/1233 1170/1170/1170 1162/1162/1162
f 1233/1233/1233 1162/1162/1162 1157/1157/1157
f 1234/1234/1234 1235/1235/1235 1236/1236/1236
f 1234/1234/1234 1236/1236/1236 1237/1237/1237
f 1238/1238/1238 1239/1239/1239 1240/1240/1240
f 1238/1238/1238 1240/1240/1240 1241/1241/1241
f 1239/1239/1239 1242/1242/1242 1243/1243/1243
f 1239/1239/1239 1243/1243/1243 1240/1240/1240
f 1240/1240/1240 1243/1243/1243 1244/1244/1244
f 1240/1240/1240 1244/1244/1244 1245/1245/1245
f 1246/1246/1246 1238/1238/1238 1241/1241/1241
f 1246/1246/1246 1241/1241/1241 1247/1247/1247
f 1241/1241/1241 1240/1240/1240 1245/1245/1245
f 1241/1241/1241 1245/1245/1245 1248/1248/1248
f 1249/1249/1249 1250/1250/1250 1251/1251/1251
f 1249/1249/1249 1251/1251/1251 1252/1252/1252
f 1253/1253/1253 1246/1246/1246 1247/1247/1247
f 1253/1253/1253 1247/1247/1247 1254/1254/1254
f 1247/1247/1247 1241/1241/1241 1248/1248/1248
f 1247/1247/1247 1248/1248/1248 1255/1255/1255
f 1256/1256/1256 1249/1249/1249 1252/1252/1252
f 1256/1256/1256 1252/1252/1252 1257/1257/1257
f 1258/1258/1258 1253/1253/1253 1254/1254/1254
f 1258/1258/1258 1254/1254/1254 1259/1259/1259
f 1254/1254/1254 1247/1247/1247 1255/1255/1255
f 1254/1254/1254 1255/1255/1255 1260/1260/1260
f 1261/1261/1261 1256/1256/1256 1257/1257/1257
f 1261/1261/1261 1257/1257/1257 1262/1262/1262
f 1259/1259/1259 1254/1254/1254 1260/1260/1260
f 1259/1259/1259 1260/1260/1260 1263/1263/1263
f 1264/1264/1264 1261/1261/1261 1262/1262/1262
f 1264/1264/1264 1262/1262/1262 1265/1265/1265
f 1266/1266/1266 1258/1258/1258 1259/1259/1259
f 1266/1266/1266 1259/1259/1259 1267/1267/1267
f 1267/1267/1267 1259/1259/1259 1263/1263/1263
f 1267/1267/1267 1263/1263/1263 1268/1268/1268
f 1269/1269/1269 1270/1270/1270 1271/1271/1271
f 1269/1269/1269 1271/1271/1271 1272/1272/1272
f 1273/1273/1273 1266/1266/1266 1267/1267/1267
f 1273/1273/1273 1267/1267/1267 1274/1274/1274
f 1274/1274/1274 1267/1267/1267 1268/1268/1268
f 1274/1274/1274 1268/1268/1268 1275/1275/1275
f 1276/1276/1276 1269/1269/1269 1272/1272/1272
f 1276/1276/1276 1272/1272/1272 1277/1277/1277
f 1278/1278/1278 1274/1274/1274 1275/1275/1275
f 1278/1278/1278 1275/1275/1275 1279/1279/1279
f 1280/1280/1280 1278/1278/1278 1279/1279/1279
f 1280/1280/1280 1279/1279/1279 1281/1281/1281
f 1282/1282/1282 1276/1276/1276 1277/1277/1277
f 1282/1282/1282 1277/1277/1277 1283/1283/1283
f 1284/1284/1284 1273/1273/1273 1274/1274/1274
f 1284/1284/1284 1274/1274/1274 1278/1278/1278
f 1285/1285/1285 1280/1280/1280 1281/1281/1281
f 1285/1285/1285 1281/1281/1281 1286/1286/1286
f 1287/1287/1287 1282/1282/1282 1283/1283/1283
f 1287/1287/1287 1283/1283/1283 1288/1288/1288
f 1289/1289/1289 1284/1284/1284 1278/1278/1278
f 1289/1289/1289 1278/1278/1278 1280/1280/1280
f 1290/1290/1290 1291/1291/1291 1292/1292/1292
f 1290/1290/1290 1292/1292/1292 1293/1293/1293
f 1291/1291/1291 1287/1287/1287 1288/1288/1288
f 1291/1291/1291 1288/1288/1288 1292/1292/1292
f 1294/1294/1294 1289/1289/1289 1280/1280/1280
f 1294/1294/1294 1280/1280/1280 1285/1285/1285
f 1295/1295/1295 1290/1290/1290 1293/1293/1293
f 1295/1295/1295 1293/1293/1293 1296/1296/1296
f 1297/1297/1297 1294/1294/1294 1285/1285/1285
f 1297/1297/1297 1285/1285/1285 1298/1298/1298
f 1298/1298/1298 1285/1285/1285 1286/1286/1286
f 1298/1298/1298 1286/1286/1286 1299/1299/1299
f 1300/1300/1300 1295/1295/1295 1296/1296/1296
f 1300/1300/1300 1296/1296/1296 1301/1301/1301
f 1302/1302/1302 1297/1297/1297 1298/1298/1298
f 1302/1302/1302 1298/1298/1298 1303/1303/1303
f 1303/1303/1303 1298/1298/1298 1299/1299/1299
f 1303/1303/1303 1299/1299/1299 1304/1304/1304
f 1305/1305/1305 1306/1306/1306 1307/1307/1307
f 1305/1305/1305 1307/1307/1307 1308/1308/1308
f 1306/1306/1306 1302/1302/1302 1303/1303/1303
f 1306/1306/1306 1303/1303/1303 1307/1307/1307
f 1307/1307/1307 1303/1303/1303 1304/1304/1304
f 1307/1307/1307 1304/1304/1304 1309/1309/1309
f 1310/1310/1310 1305/1305/1305 1308/1308/1308
f 1310/1310/1310 1308/1308/1308 1311/1311/1311
f 1250/1250/1250 1237/1237/1237 1236/1236/1236
f 1250/1250/1250 1236/1236/1236 1251/1251/1251
f 1308/1308/1308 1307/1307/1307 1309/1309/1309
f 1308/1308/1308 1309/1309/1309 1312/1312/1312
f 1313/1313/1313 1300/1300/1300 1301/1301/1301
f 1313/1313/1313 1301/1301/1301 1314/1314/1314
f 1315/1315/1315 1244/1244/1244 1243/1243/1243
f 1315/1315/1315 1243/1243/1243 1311/1311/1311
f 1311/1311/1311 1308/1308/1308 1312/1312/1312
f 1311/1311/1311 1312/1312/1312 1315/1315/1315
f 1234/1234/1234 1313/1313/1313 1314/1314/1314
f 1234/1234/1234 1314/1314/1314 1235/1235/1235
f 1311/1311/1311 1243/1243/1243 1242/1242/1242
f 1311/1311/1311 1242/1242/1242 1310/1310/1310
f 1306/1306/1306 1305/1305/1305 1316/1316/1316
f 1306/1306/1306 1316/1316/1316 1302/1302/1302
f 1302/1302/1302 1316/1316/1316 1317/1317/1317
f 1302/1302/1302 1317/1317/1317 1297/1297/1297
f 1297/1297/1297 1317/1317/1317 1318/1318/1318
f 1297/1297/1297 1318/1318/1318 1294/1294/1294
f 1294/1294/1294 1318/1318/1318 1284/1284/1284
f 1294/1294/1294 1284/1284/1284 1289/1289/1289
f 1305/1305/1305 1310/1310/1310 1319/1319/1319
f 1305/1305/1305 1319/1319/1319 1316/1316/1316
f 1316/1316/1316 1319/1319/1319 1320/1320/1320
f 1316/1316/1316 1320/1320/1320 1317/1317/1317
f 1317/1317/1317 1320/1320/1320 1321/1321/1321
f 1317/1317/1317 1321/1321/1321 1318/1318/1318
f 1318/1318/1318 1321/1321/1321 1273/1273/1273
f 1318/1318/1318 1273/1273/1273 1284/1284/1284
f 1310/1310/1310 1242/1242/1242 1322/1322/1322
f 1310/1310/1310 1322/1322/1322 1319/1319/1319
f 1319/1319/1319 1322/1322/1322 1323/1323/1323
f 1319/1319/1319 1323/1323/1323 1320/1320/1320
f 1320/1320/1320 1323/1323/1323 1324/1324/1324
f 1320/1320/1320 1324/1324/1324 1321/1321/1321
f 1321/1321/1321 1324/1324/1324 1266/1266/1266
f 1321/1321/1321 1266/1266/1266 1273/1273/1273
f 1242/1242/1242 1239/1239/1239 1238/1238/1238
f 1242/1242/1242 1238/1238/1238 1322/1322/1322
f 1322/1322/1322 1238/1238/1238 1246/1246/1246
f 1322/1322/1322 1246/1246/1246 1323/1323/1323
f 1323/1323/1323 1246/1246/1246 1253/1253/1253
f 1323/1323/1323 1253/1253/1253 1324/1324/1324
f 1324/1324/1324 1253/1253/1253 1258/1258/1258
f 1324/1324/1324 1258/1258/1258 1266/1266/1266
f 1325/1325/1325 1326/1326/1326 1327/1327/1327
f 1325/1325/1325 1327/1327/1327 1328/1328/1328
f 1329/1329/1329 1330/1330/1330 1331/1331/1331
f 1329/1329/1329 1331/1331/1331 1332/1332/1332
f 1332/1332/1332 1331/1331/1331 1333/1333/1333
f 1332/1332/1332 1333/1333/1333 1334/1334/1334
f 1331/1331/1331 1335/1335/1335 1336/1336/1336
f 1331/1331/1331 1336/1336/1336 1333/1333/1333
f 1337/1337/1337 1338/1338/1338 1330/1330/1330
f 1337/1337/1337 1330/1330/1330 1329/1329/1329
f 1330/1330/1330 1339/1339/1339 1335/1335/1335
f 1330/1330/1330 1335/1335/1335 1331/1331/1331
f 1340/1340/1340 1341/1341/1341 1342/1342/1342
f 1340/1340/1340 1342/1342/1342 1343/1343/1343
f 1344/1344/1344 1345/1345/1345 1338/1338/1338
f 1344/1344/1344 1338/1338/1338 1337/1337/1337
f 1338/1338/1338 1346/1346/1346 1339/1339/1339
f 1338/1338/1338 1339/1339/1339 1330/1330/1330
f 1347/1347/1347 1348/1348/1348 1341/1341/1341
f 1347/1347/1347 1341/1341/1341 1340/1340/1340
f 1349/1349/1349 1350/1350/1350 1345/1345/1345
f 1349/1349/1349 1345/1345/1345 1344/1344/1344
f 1345/1345/1345 1351/1351/1351 1346/1346/1346
f 1345/1345/1345 1346/1346/1346 1338/1338/1338
f 1352/1352/1352 1353/1353/1353 1348/1348/1348
f 1352/1352/1352 1348/1348/1348 1347/1347/1347
f 1350/1350/1350 1354/1354/1354 1351/1351/1351
f 1350/1350/1350 1351/1351/1351 1345/1345/1345
f 1355/1355/1355 1356/1356/1356 1353/1353/1353
f 1355/1355/1355 1353/1353/1353 1352/1352/1352
f 1357/1357/1357 1358/1358/1358 1350/1350/1350
f 1357/1357/1357 1350/1350/1350 1349/1349/1349
f 1358/1358/1358 1359/1359/1359 1354/1354/1354
f 1358/1358/1358 1354/1354/1354 1350/1350/1350
f 1360/1360/1360 1361/1361/1361 1356/1356/1356
f 1360/1360/1360 1356/1356/1356 1355/1355/1355
f 1362/1362/1362 1363/1363/1363 1358/1358/1358
f 1362/1362/1362 1358/1358/1358 1357/1357/1357
f 1363/1363/1363 1364/1364/1364 1359/1359/1359
f 1363/1363/1363 1359/1359/1359 1358/1358/1358
f 1365/1365/1365 1366/1366/1366 1361/1361/1361
f 1365/1365/1365 1361/1361/1361 1360/1360/1360
f 1367/1367/1367 1368/1368/1368 1364/1364/1364
f 1367/1367/1367 1364/1364/1364 1363/1363/1363
f 1369/1369/1369 1370/1370/1370 1368/1368/1368
f 1369/1369/1369 1368/1368/1368 1371/1371/1371
f 1372/1372/1372 1373/1373/1373 1366/1366/1366
f 1372/1372/1372 1366/1366/1366 1365/1365/1365
f 1374/1374/1374 1375/1375/1375 1363/1363/1363
f 1374/1374/1374 1363/1363/1363 1362/1362/1362
f 1376/1376/1376 1377/1377/1377 1370/1370/1370
f 1376/1376/1376 1370/1370/1370 1369/1369/1369
f 1378/1378/1378 1379/1379/1379 1373/1373/1373
f 1378/1378/1378 1373/1373/1373 1372/1372/1372
f 1380/1380/1380 1369/1369/1369 1381/1381/1381
f 1380/1380/1380 1381/1381/1381 1374/1374/1374
f 1382/1382/1382 1383/1383/1383 1384/1384/1384
f 1382/1382/1382 1384/1384/1384 1385/1385/1385
f 1385/1385/1385 1384/1384/1384 1379/1379/1379
f 1385/1385/1385 1379/1379/1379 1378/1378/1378
f 1386/1386/1386 1376/1376/1376 1369/1369/1369
f 1386/1386/1386 1369/1369/1369 1380/1380/1380
f 1387/1387/1387 1388/1388/1388 1383/1383/1383
f 1387/1387/1387 1383/1383/1383 1382/1382/1382
f 1389/1389/1389 1390/1390/1390 1376/1376/1376
f 1389/1389/1389 1376/1376/1376 1386/1386/1386
f 1390/1390/1390 1391/1391/1391 1377/1377/1377
f 1390/1390/1390 1377/1377/1377 1376/1376/1376
f 1392/1392/1392 1393/1393/1393 1388/1388/1388
f 1392/1392/1392 1388/1388/1388 1387/1387/1387
f 1394/1394/1394 1395/1395/1395 1390/1390/1390
f 1394/1394/1394 1390/1390/1390 1389/1389/1389
f 1395/1395/1395 1396/1396/1396 1391/1391/1391
f 1395/1395/1395 1391/1391/1391 1390/1390/1390
f 1397/1397/1397 1398/1398/1398 1399/1399/1399
f 1397/1397/1397 1399/1399/1399 1400/1400/1400
f 1400/1400/1400 1399/1399/1399 1395/1395/1395
f 1400/1400/1400 1395/1395/1395 1394/1394/1394
f 1399/1399/1399 1401/1401/1401 1396/1396/1396
f 1399/1399/1399 1396/1396/1396 1395/1395/1395
f 1402/1402/1402 1403/1403/1403 1398/1398/1398
f 1402/1402/1402 1398/1398/1398 1397/1397/1397
f 1343/1343/1343 1342/1342/1342 1327/1327/1327
f 1343/1343/1343 1327/1327/1327 1326/1326/1326
f 1398/1398/1398 1404/1404/1404 1401/1401/1401
f 1398/1398/1398 1401/1401/1401 1399/1399/1399
f 1405/1405/1405 1406/1406/1406 1393/1393/1393
f 1405/1405/1405 1393/1393/1393 1392/1392/1392
f 1407/1407/1407 1403/1403/1403 1333/1333/1333
f 1407/1407/1407 1333/1333/1333 1336/1336/1336
f 1403/1403/1403 1407/1407/1407 1404/1404/1404
f 1403/1403/1403 1404/1404/1404 1398/1398/1398
f 1325/1325/1325 1328/1328/1328 1408/1408/1408
f 1325/1325/1325 1408/1408/1408 1405/1405/1405
f 1403/1403/1403 1402/1402/1402 1334/1334/1334
f 1403/1403/1403 1334/1334/1334 1333/1333/1333
f 1400/1400/1400 1394/1394/1394 1409/1409/1409
f 1400/1400/1400 1409/1409/1409 1397/1397/1397
f 1394/1394/1394 1389/1389/1389 1410/1410/1410
f 1394/1394/1394 1410/1410/1410 1409/1409/1409
f 1389/1389/1389 1386/1386/1386 1411/1411/1411
f 1389/1389/1389 1411/1411/1411 1410/1410/1410
f 1386/1386/1386 1380/1380/1380 1374/1374/1374
f 1386/1386/1386 1374/1374/1374 1411/1411/1411
f 1397/1397/1397 1409/1409/1409 1412/1412/1412
f 1397/1397/1397 1412/1412/1412 1402/1402/1402
f 1409/1409/1409 1410/1410/1410 1413/1413/1413
f 1409/1409/1409 1413/1413/1413 1412/1412/1412
f 1410/1410/1410 1411/1411/1411 1414/1414/1414
f 1410/1410/1410 1414/1414/1414 1413/1413/1413
f 1411/1411/1411 1374/1374/1374 1362/1362/1362
f 1411/1411/1411 1362/1362/1362 1414/1414/1414
f 1402/1402/1402 1412/1412/1412 1415/1415/1415
f 1402/1402/1402 1415/1415/1415 1334/1334/1334
f 1412/1412/1412 1413/1413/1413 1416/1416/1416
f 1412/1412/1412 1416/1416/1416 1415/1415/1415
f 1413/1413/1413 1414/1414/1414 1417/1417/1417
f 1413/1413/1413 1417/1417/1417 1416/1416/1416
f 1414/1414/1414 1362/1362/1362 1357/1357/1357
f 1414/1414/1414 1357/1357/1357 1417/1417/1417
f 1334/1334/1334 1415/1415/1415 1329/1329/1329
f 1334/1334/1334 1329/1329/1329 1332/1332/1332
f 1415/1415/1415 1416/1416/1416 1337/1337/1337
f 1415/1415/1415 1337/1337/1337 1329/1329/1329
f 1416/1416/1416 1417/1417/1417 1344/1344/1344
f 1416/1416/1416 1344/1344/1344 1337/1337/1337
f 1417/1417/1417 1357/1357/1357 1349/1349/1349
f 1417/1417/1417 1349/1349/1349 1344/1344/1344
f 1418/1418/1418 1419/1419/1419 1420/1420/1420
f 1418/1418/1418 1420/1420/1420 1421/1421/1421
f 1422/1422/1422 1423/1423/1423 1424/1424/1424
f 1422/1422/1422 1424/1424/1424 1425/1425/1425
f 1425/1425/1425 1424/1424/1424 1426/1426/1426
f 1425/1425/1425 1426/1426/1426 1427/1427/1427
f 1424/1424/1424 1428/1428/1428 1429/1429/1429
f 1424/1424/1424 1429/1429/1429 1430/1430/1430
f 1431/1431/1431 1432/1432/1432 1423/1423/1423
f 1431/1431/1431 1423/1423/1423 1422/1422/1422
f 1423/1423/1423 1433/1433/1433 1428/1428/1428
f 1423/1423/1423 1428/1428/1428 1424/1424/1424
f 1434/1434/1434 1435/1435/1435 1436/1436/1436
f 1434/1434/1434 1436/1436/1436 1437/1437/1437
f 1438/1438/1438 1439/1439/1439 1432/1432/1432
f 1438/1438/1438 1432/1432/1432 1431/1431/1431
f 1432/1432/1432 1440/1440/1440 1433/1433/1433
f 1432/1432/1432 1433/1433/1433 1423/1423/1423
f 1441/1441/1441 1442/1442/1442 1435/1435/1435
f 1441/1441/1441 1435/1435/1435 1434/1434/1434
f 1443/1443/1443 1444/1444/1444 1439/1439/1439
f 1443/1443/1443 1439/1439/1439 1438/1438/1438
f 1439/1439/1439 1445/1445/1445 1440/1440/1440
f 1439/1439/1439 1440/1440/1440 1432/1432/1432
f 1446/1446/1446 1447/1447/1447 1442/1442/1442
f 1446/1446/1446 1442/1442/1442 1441/1441/1441
f 1444/1444/1444 1448/1448/1448 1445/1445/1445
f 1444/1444/1444 1445/1445/1445 1439/1439/1439
f 1449/1449/1449 1450/1450/1450 1447/1447/1447
f 1449/1449/1449 1447/1447/1447 1446/1446/1446
f 1451/1451/1451 1452/1452/1452 1444/1444/1444
f 1451/1451/1451 1444/1444/1444 1443/1443/1443
f 1452/1452/1452 1453/1453/1453 1448/1448/1448
f 1452/1452/1452 1448/1448/1448 1444/1444/1444
f 1454/1454/1454 1455/1455/1455 1450/1450/1450
f 1454/1454/1454 1450/1450/1450 1449/1449/1449
f 1456/1456/1456 1457/1457/1457 1452/1452/1452
f 1456/1456/1456 1452/1452/1452 1451/1451/1451
f 1458/1458/1458 1459/1459/1459 1453/1453/1453
f 1458/1458/1458 1453/1453/1453 1452/1452/1452
f 1460/1460/1460 1461/1461/1461 1455/1455/1455
f 1460/1460/1460 1455/1455/1455 1454/1454/1454
f 1462/1462/1462 1463/1463/1463 1459/1459/1459
f 1462/1462/1462 1459/1459/1459 1464/1464/1464
f 1465/1465/1465 1466/1466/1466 1463/1463/1463
f 1465/1465/1465 1463/1463/1463 1462/1462/1462
f 1467/1467/1467 1468/1468/1468 1461/1461/1461
f 1467/1467/1467 1461/1461/1461 1460/1460/1460
f 1469/1469/1469 1462/1462/1462 1470/1470/1470
f 1469/1469/1469 1470/1470/1470 1456/1456/1456
f 1471/1471/1471 1472/1472/1472 1466/1466/1466
f 1471/1471/1471 1466/1466/1466 1465/1465/1465
f 1473/1473/1473 1474/1474/1474 1468/1468/1468
f 1473/1473/1473 1468/1468/1468 1467/1467/1467
f 1475/1475/1475 1465/1465/1465 1462/1462/1462
f 1475/1475/1475 1462/1462/1462 1469/1469/1469
f 1476/1476/1476 1477/1477/1477 1478/1478/1478
f 1476/1476/1476 1478/1478/1478 1479/1479/1479
f 1479/1479/1479 1478/1478/1478 1474/1474/1474
f 1479/1479/1479 1474/1474/1474 1473/1473/1473
f 1480/1480/1480 1471/1471/1471 1465/1465/1465
f 1480/1480/1480 1465/1465/1465 1475/1475/1475
f 1481/1481/1481 1482/1482/1482 1477/1477/1477
f 1481/1481/1481 1477/1477/1477 1476/1476/1476
f 1483/1483/1483 1484/1484/1484 1471/1471/1471
f 1483/1483/1483 1471/1471/1471 1485/1485/1485
f 1484/1484/1484 1486/1486/1486 1472/1472/1472
f 1484/1484/1484 1472/1472/1472 1471/1471/1471
f 1487/1487/1487 1488/1488/1488 1482/1482/1482
f 1487/1487/1487 1482/1482/1482 1481/1481/1481
f 1489/1489/1489 1490/1490/1490 1484/1484/1484
f 1489/1489/1489 1484/1484/1484 1483/1483/1483
f 1490/1490/1490 1491/1491/1491 1486/1486/1486
f 1490/1490/1490 1486/1486/1486 1484/1484/1484
f 1492/1492/1492 1493/1493/1493 1494/1494/1494
f 1492/1492/1492 1494/1494/1494 1495/1495/1495
f 1495/1495/1495 1494/1494/1494 1490/1490/1490
f 1495/1495/1495 1490/1490/1490 1489/1489/1489
f 1494/1494/1494 1496/1496/1496 1491/1491/1491
f 1494/1494/1494 1491/1491/1491 1490/1490/1490
f 1497/1497/1497 1498/1498/1498 1493/1493/1493
f 1497/1497/1497 1493/1493/1493 1492/1492/1492
f 1437/1437/1437 1436/1436/1436 1420/1420/1420
f 1437/1437/1437 1420/1420/1420 1419/1419/1419
f 1493/1493/1493 1499/1499/1499 1496/1496/1496
f 1493/1493/1493 1496/1496/1496 1494/1494/1494
f 1500/1500/1500 1501/1501/1501 1488/1488/1488
f 1500/1500/1500 1488/1488/1488 1487/1487/1487
f 1502/1502/1502 1498/1498/1498 1503/1503/1503
f 1502/1502/1502 1503/1503/1503 1429/1429/1429
f 1498/1498/1498 1502/1502/1502 1499/1499/1499
f 1498/1498/1498 1499/1499/1499 1493/1493/1493
f 1418/1418/1418 1421/1421/1421 1501/1501/1501
f 1418/1418/1418 1501/1501/1501 1500/1500/1500
f 1498/1498/1498 1497/1497/1497 1427/1427/1427
f 1498/1498/1498 1427/1427/1427 1504/1504/1504
f 1495/1495/1495 1489/1489/1489 1505/1505/1505
f 1495/1495/1495 1505/1505/1505 1492/1492/1492
f 1489/1489/1489 1483/1483/1483 1506/1506/1506
f 1489/1489/1489 1506/1506/1506 1507/1507/1507
f 1483/1483/1483 1508/1508/1508 1509/1509/1509
f 1483/1483/1483 1509/1509/1509 1506/1506/1506
f 1510/1510/1510 1475/1475/1475 1469/1469/1469
f 1510/1510/1510 1469/1469/1469 1509/1509/1509
f 1492/1492/1492 1511/1511/1511 1512/1512/1512
f 1492/1492/1492 1512/1512/1512 1497/1497/1497
f 1513/1513/1513 1506/1506/1506 1514/1514/1514
f 1513/1513/1513 1514/1514/1514 1512/1512/1512
f 1506/1506/1506 1509/1509/1509 1515/1515/1515
f 1506/1506/1506 1515/1515/1515 1514/1514/1514
f 1509/1509/1509 1469/1469/1469 1456/1456/1456
f 1509/1509/1509 1456/1456/1456 1515/1515/1515
f 1497/1497/1497 1512/1512/1512 1516/1516/1516
f 1497/1497/1497 1516/1516/1516 1427/1427/1427
f 1512/1512/1512 1514/1514/1514 1517/1517/1517
f 1512/1512/1512 1517/1517/1517 1516/1516/1516
f 1514/1514/1514 1515/1515/1515 1518/1518/1518
f 1514/1514/1514 1518/1518/1518 1517/1517/1517
f 1515/1515/1515 1456/1456/1456 1451/1451/1451
f 1515/1515/1515 1451/1451/1451 1518/1518/1518
f 1427/1427/1427 1516/1516/1516 1422/1422/1422
f 1427/1427/1427 1422/1422/1422 1425/1425/1425
f 1516/1516/1516 1517/1517/1517 1431/1431/1431
f 1516/1516/1516 1431/1431/1431 1422/1422/1422
f 1517/1517/1517 1518/1518/1518 1438/1438/1438
f 1517/1517/1517 1438/1438/1438 1431/1431/1431
f 1518/1518/1518 1451/1451/1451 1443/1443/1443
f 1518/1518/1518 1443/1443/1443 1438/1438/1438
f 1519/1519/1519 1520/1520/1520 1521/1521/1521
f 1519/1519/1519 1521/1521/1521 1522/1522/1522
f 1523/1523/1523 1524/1524/1524 1525/1525/1525
f 1523/1523/1523 1525/1525/1525 1526/1526/1526
f 1526/1526/1526 1525/1525/1525 1527/1527/1527
f 1526/1526/1526 1527/1527/1527 1528/1528/1528
f 1525/1525/1525 1529/1529/1529 1530/1530/1530
f 1525/1525/1525 1530/1530/1530 1531/1531/1531
f 1532/1532/1532 1533/1533/1533 1524/1524/1524
f 1532/1532/1532 1524/1524/1524 1523/1523/1523
f 1524/1524/1524 1534/1534/1534 1529/1529/1529
f 1524/1524/1524 1529/1529/1529 1525/1525/1525
f 1535/1535/1535 1536/1536/1536 1537/1537/1537
f 1535/1535/1535 1537/1537/1537 1538/1538/1538
f 1539/1539/1539 1540/1540/1540 1533/1533/1533
f 1539/1539/1539 1533/1533/1533 1532/1532/1532
f 1533/1533/1533 1541/1541/1541 1534/1534/1534
f 1533/1533/1533 1534/1534/1534 1524/1524/1524
f 1542/1542/1542 1543/1543/1543 1536/1536/1536
f 1542/1542/1542 1536/1536/1536 1535/1535/1535
f 1544/1544/1544 1545/1545/1545 1540/1540/1540
f 1544/1544/1544 1540/1540/1540 1546/1546/1546
f 1540/1540/1540 1547/1547/1547 1541/1541/1541
f 1540/1540/1540 1541/1541/1541 1533/1533/1533
f 1548/1548/1548 1549/1549/1549 1543/1543/1543
f 1548/1548/1548 1543/1543/1543 1542/1542/1542
f 1545/1545/1545 1550/1550/1550 1547/1547/1547
f 1545/1545/1545 1547/1547/1547 1540/1540/1540
f 1551/1551/1551 1552/1552/1552 1549/1549/1549
f 1551/1551/1551 1549/1549/1549 1548/1548/1548
f 1553/1553/1553 1554/1554/1554 1545/1545/1545
f 1553/1553/1553 1545/1545/1545 1544/1544/1544
f 1555/1555/1555 1556/1556/1556 1550/1550/1550
f 1555/1555/1555 1550/1550/1550 1545/1545/1545
f 1557/1557/1557 1558/1558/1558 1552/1552/1552
f 1557/1557/1557 1552/1552/1552 1551/1551/1551
f 1559/1559/1559 1560/1560/1560 1561/1561/1561
f 1559/1559/1559 1561/1561/1561 1553/1553/1553
f 1562/1562/1562 1563/1563/1563 1556/1556/1556
f 1562/1562/1562 1556/1556/1556 1564/1564/1564
f 1565/1565/1565 1566/1566/1566 1558/1558/1558
f 1565/1565/1565 1558/1558/1558 1557/1557/1557
f 1567/1567/1567 1568/1568/1568 1563/1563/1563
f 1567/1567/1567 1563/1563/1563 1569/1569/1569
f 1570/1570/1570 1571/1571/1571 1568/1568/1568
f 1570/1570/1570 1568/1568/1568 1567/1567/1567
f 1572/1572/1572 1573/1573/1573 1566/1566/1566
f 1572/1572/1572 1566/1566/1566 1565/1565/1565
f 1574/1574/1574 1567/1567/1567 1575/1575/1575
f 1574/1574/1574 1575/1575/1575 1559/1559/1559
f 1576/1576/1576 1577/1577/1577 1571/1571/1571
f 1576/1576/1576 1571/1571/1571 1570/1570/1570
f 1578/1578/1578 1579/1579/1579 1573/1573/1573
f 1578/1578/1578 1573/1573/1573 1572/1572/1572
f 1580/1580/1580 1570/1570/1570 1567/1567/1567
f 1580/1580/1580 1567/1567/1567 1574/1574/1574
f 1581/1581/1581 1582/1582/1582 1583/1583/1583
f 1581/1581/1581 1583/1583/1583 1584/1584/1584
f 1584/1584/1584 1583/1583/1583 1579/1579/1579
f 1584/1584/1584 1579/1579/1579 1578/1578/1578
f 1585/1585/1585 1576/1576/1576 1570/1570/1570
f 1585/1585/1585 1570/1570/1570 1580/1580/1580
f 1586/1586/1586 1587/1587/1587 1582/1582/1582
f 1586/1586/1586 1582/1582/1582 1581/1581/1581
f 1588/1588/1588 1589/1589/1589 1576/1576/1576
f 1588/1588/1588 1576/1576/1576 1585/1585/1585
f 1589/1589/1589 1590/1590/1590 1577/1577/1577
f 1589/1589/1589 1577/1577/1577 1576/1576/1576
f 1591/1591/1591 1592/1592/1592 1587/1587/1587
f 1591/1591/1591 1587/1587/1587 1586/1586/1586
f 1593/1593/1593 1594/1594/1594 1589/1589/1589
f 1593/1593/1593 1589/1589/1589 1588/1588/1588
f 1594/1594/1594 1595/1595/1595 1590/1590/1590
f 1594/1594/1594 1590/1590/1590 1589/1589/1589
f 1596/1596/1596 1597/1597/1597 1598/1598/1598
f 1596/1596/1596 1598/1598/1598 1599/1599/1599
f 1599/1599/1599 1598/1598/1598 1594/1594/1594
f 1599/1599/1599 1594/1594/1594 1593/1593/1593
f 1598/1598/1598 1600/1600/1600 1595/1595/1595
f 1598/1598/1598 1595/1595/1595 1594/1594/1594
f 1601/1601/1601 1602/1602/1602 1597/1597/1597
f 1601/1601/1601 1597/1597/1597 1596/1596/1596
f 1538/1538/1538 1537/1537/1537 1521/1521/1521
f 1538/1538/1538 1521/1521/1521 1520/1520/1520
f 1597/1597/1597 1603/1603/1603 1600/1600/1600
f 1597/1597/1597 1600/1600/1600 1598/1598/1598
f 1604/1604/1604 1605/1605/1605 1592/1592/1592
f 1604/1604/1604 1592/1592/1592 1591/1591/1591
f 1606/1606/1606 1602/1602/1602 1607/1607/1607
f 1606/1606/1606 1607/1607/1607 1530/1530/1530
f 1602/1602/1602 1606/1606/1606 1603/1603/1603
f 1602/1602/1602 1603/1603/1603 1597/1597/1597
f 1519/1519/1519 1522/1522/1522 1605/1605/1605
f 1519/1519/1519 1605/1605/1605 1604/1604/1604
f 1602/1602/1602 1601/1601/1601 1528/1528/1528
f 1602/1602/1602 1528/1528/1528 1608/1608/1608
f 1599/1599/1599 1593/1593/1593 1609/1609/1609
f 1599/1599/1599 1609/1609/1609 1596/1596/1596
f 1593/1593/1593 1588/1588/1588 1610/1610/1610
f 1593/1593/1593 1610/1610/1610 1611/1611/1611
f 1588/1588/1588 1585/1585/1585 1612/1612/1612
f 1588/1588/1588 1612/1612/1612 1610/1610/1610
f 1585/1585/1585 1580/1580/1580 1574/1574/1574
f 1585/1585/1585 1574/1574/1574 1612/1612/1612
f 1596/1596/1596 1613/1613/1613 1614/1614/1614
f 1596/1596/1596 1614/1614/1614 1601/1601/1601
f 1615/1615/1615 1610/1610/1610 1616/1616/1616
f 1615/1615/1615 1616/1616/1616 1614/1614/1614
f 1610/1610/1610 1612/1612/1612 1617/1617/1617
f 1610/1610/1610 1617/1617/1617 1616/1616/1616
f 1612/1612/1612 1574/1574/1574 1559/1559/1559
f 1612/1612/1612 1559/1559/1559 1617/1617/1617
f 1601/1601/1601 1614/1614/1614 1618/1618/1618
f 1601/1601/1601 1618/1618/1618 1528/1528/1528
f 1614/1614/1614 1616/1616/1616 1619/1619/1619
f 1614/1614/1614 1619/1619/1619 1618/1618/1618
f 1616/1616/1616 1617/1617/1617 1620/1620/1620
f 1616/1616/1616 1620/1620/1620 1619/1619/1619
f 1617/1617/1617 1559/1559/1559 1553/1553/1553
f 1617/1617/1617 1553/1553/1553 1620/1620/1620
f 1528/1528/1528 1618/1618/1618 1523/1523/1523
f 1528/1528/1528 1523/1523/1523 1526/1526/1526
f 1618/1618/1618 1619/1619/1619 1532/1532/1532
f 1618/1618/1618 1532/1532/1532 1523/1523/1523
f 1619/1619/1619 1620/1620/1620 1621/1621/1621
f 1619/1619/1619 1621/1621/1621 1532/1532/1532
f 1620/1620/1620 1553/1553/1553 1544/1544/1544
f 1620/1620/1620 1544/1544/1544 1622/1622/1622
f 1623/1623/1623 1624/1624/1624 1625/1625/1625
f 1623/1623/1623 1625/1625/1625 1626/1626/1626
f 1627/1627/1627 1628/1628/1628 1629/1629/1629
f 1627/1627/1627 1629/1629/1629 1630/1630/1630
f 1628/1628/1628 1631/1631/1631 1632/1632/1632
f 1628/1628/1628 1632/1632/1632 1629/1629/1629
f 1629/1629/1629 1632/1632/1632 1633/1633/1633
f 1629/1629/1629 1633/1633/1633 1634/1634/1634
f 1635/1635/1635 1627/1627/1627 1630/1630/1630
f 1635/1635/1635 1630/1630/1630 1636/1636/1636
f 1630/1630/1630 1629/1629/1629 1634/1634/1634
f 1630/1630/1630 1634/1634/1634 1637/1637/1637
f 1638/1638/1638 1639/1639/1639 1640/1640/1640
f 1638/1638/1638 1640/1640/1640 1641/1641/1641
f 1642/1642/1642 1635/1635/1635 1636/1636/1636
f 1642/1642/1642 1636/1636/1636 1643/1643/1643
f 1636/1636/1636 1630/1630/1630 1637/1637/1637
f 1636/1636/1636 1637/1637/1637 1644/1644/1644
f 1645/1645/1645 1638/1638/1638 1641/1641/1641
f 1645/1645/1645 1641/1641/1641 1646/1646/1646
f 1647/1647/1647 1642/1642/1642 1643/1643/1643
f 1647/1647/1647 1643/1643/1643 1648/1648/1648
f 1643/1643/1643 1636/1636/1636 1644/1644/1644
f 1643/1643/1643 1644/1644/1644 1649/1649/1649
f 1650/1650/1650 1645/1645/1645 1646/1646/1646
f 1650/1650/1650 1646/1646/1646 1651/1651/1651
f 1648/1648/1648 1643/1643/1643 1649/1649/1649
f 1648/1648/1648 1649/1649/1649 1652/1652/1652
f 1653/1653/1653 1650/1650/1650 1651/1651/1651
f 1653/1653/1653 1651/1651/1651 1654/1654/1654
f 1655/1655/1655 1647/1647/1647 1648/1648/1648
f 1655/1655/1655 1648/1648/1648 1656/1656/1656
f 1656/1656/1656 1648/1648/1648 1652/1652/1652
f 1656/1656/1656 1652/1652/1652 1657/1657/1657
f 1658/1658/1658 1653/1653/1653 1654/1654/1654
f 1658/1658/1658 1654/1654/1654 1659/1659/1659
f 1660/1660/1660 1655/1655/1655 1656/1656/1656
f 1660/1660/1660 1656/1656/1656 1661/1661/1661
f 1661/1661/1661 1656/1656/1656 1657/1657/1657
f 1661/1661/1661 1657/1657/1657 1662/1662/1662
f 1663/1663/1663 1658/1658/1658 1659/1659/1659
f 1663/1663/1663 1659/1659/1659 1664/1664/1664
f 1665/1665/1665 1661/1661/1661 1662/1662/1662
f 1665/1665/1665 1662/1662/1662 1666/1666/1666
f 1667/1667/1667 1668/1668/1668 1666/1666/1666
f 1667/1667/1667 1666/1666/1666 1669/1669/1669
f 1670/1670/1670 1663/1663/1663 1664/1664/1664
f 1670/1670/1670 1664/1664/1664 1671/1671/1671
f 1672/1672/1672 1660/1660/1660 1661/1661/1661
f 1672/1672/1672 1661/1661/1661 1673/1673/1673
f 1674/1674/1674 1675/1675/1675 1669/1669/1669
f 1674/1674/1674 1669/1669/1669 1676/1676/1676
f 1677/1677/1677 1670/1670/1670 1671/1671/1671
f 1677/1677/1677 1671/1671/1671 1678/1678/1678
f 1679/1679/1679 1672/1672/1672 1680/1680/1680
f 1679/1679/1679 1680/1680/1680 1681/1681/1681
f 1682/1682/1682 1683/1683/1683 1684/1684/1684
f 1682/1682/1682 1684/1684/1684 1685/1685/1685
f 1683/1683/1683 1677/1677/1677 1678/1678/1678
f 1683/1683/1683 1678/1678/1678 1684/1684/1684
f 1686/1686/1686 1679/1679/1679 1687/1687/1687
f 1686/1686/1686 1687/1687/1687 1674/1674/1674
f 1688/1688/1688 1682/1682/1682 1685/1685/1685
f 1688/1688/1688 1685/1685/1685 1689/1689/1689
f 1690/1690/1690 1686/1686/1686 1674/1674/1674
f 1690/1690/1690 1674/1674/1674 1691/1691/1691
f 1691/1691/1691 1674/1674/1674 1676/1676/1676
f 1691/1691/1691 1676/1676/1676 1692/1692/1692
f 1693/1693/1693 1688/1688/1688 1694/1694/1694
f 1693/1693/1693 1694/1694/1694 1695/1695/1695
f 1696/1696/1696 1690/1690/1690 1691/1691/1691
f 1696/1696/1696 1691/1691/1691 1697/1697/1697
f 1697/1697/1697 1691/1691/1691 1692/1692/1692
f 1697/1697/1697 1692/1692/1692 1698/1698/1698
f 1699/1699/1699 1700/1700/1700 1701/1701/1701
f 1699/1699/1699 1701/1701/1701 1702/1702/1702
f 1700/1700/1700 1696/1696/1696 1697/1697/1697
f 1700/1700/1700 1697/1697/1697 1703/1703/1703
f 1704/1704/1704 1697/1697/1697 1698/1698/1698
f 1704/1704/1704 1698/1698/1698 1705/1705/1705
f 1706/1706/1706 1699/1699/1699 1702/1702/1702
f 1706/1706/1706 1702/1702/1702 1707/1707/1707
f 1639/1639/1639 1626/1626/1626 1625/1625/1625
f 1639/1639/1639 1625/1625/1625 1640/1640/1640
f 1702/1702/1702 1708/1708/1708 1705/1705/1705
f 1702/1702/1702 1705/1705/1705 1709/1709/1709
f 1710/1710/1710 1693/1693/1693 1695/1695/1695
f 1710/1710/1710 1695/1695/1695 1711/1711/1711
f 1712/1712/1712 1633/1633/1633 1632/1632/1632
f 1712/1712/1712 1632/1632/1632 1707/1707/1707
f 1707/1707/1707 1702/1702/1702 1709/1709/1709
f 1707/1707/1707 1709/1709/1709 1712/1712/1712
f 1623/1623/1623 1710/1710/1710 1713/1713/1713
f 1623/1623/1623 1713/1713/1713 1624/1624/1624
f 1707/1707/1707 1632/1632/1632 1631/1631/1631
f 1707/1707/1707 1631/1631/1631 1706/1706/1706
f 1700/1700/1700 1699/1699/1699 1714/1714/1714
f 1700/1700/1700 1714/1714/1714 1696/1696/1696
f 1696/1696/1696 1714/1714/1714 1715/1715/1715
f 1696/1696/1696 1715/1715/1715 1690/1690/1690
f 1690/1690/1690 1715/1715/1715 1716/1716/1716
f 1690/1690/1690 1716/1716/1716 1686/1686/1686
f 1686/1686/1686 1716/1716/1716 1672/1672/1672
f 1686/1686/1686 1672/1672/1672 1679/1679/1679
f 1699/1699/1699 1706/1706/1706 1717/1717/1717
f 1699/1699/1699 1717/1717/1717 1714/1714/1714
f 1714/1714/1714 1717/1717/1717 1718/1718/1718
f 1714/1714/1714 1718/1718/1718 1715/1715/1715
f 1715/1715/1715 1718/1718/1718 1719/1719/1719
f 1715/1715/1715 1719/1719/1719 1716/1716/1716
f 1716/1716/1716 1720/1720/1720 1660/1660/1660
f 1716/1716/1716 1660/1660/1660 1672/1672/1672
f 1706/1706/1706 1631/1631/1631 1721/1721/1721
f 1706/1706/1706 1721/1721/1721 1717/1717/1717
f 1717/1717/1717 1721/1721/1721 1722/1722/1722
f 1717/1717/1717 1722/1722/1722 1718/1718/1718
f 1718/1718/1718 1722/1722/1722 1723/1723/1723
f 1718/1718/1718 1723/1723/1723 1724/1724/1724
f 1725/1725/1725 1723/1723/1723 1655/1655/1655
f 1725/1725/1725 1655/1655/1655 1660/1660/1660
f 1631/1631/1631 1628/1628/1628 1627/1627/1627
f 1631/1631/1631 1627/1627/1627 1721/1721/1721
f 1721/1721/1721 1627/1627/1627 1635/1635/1635
f 1721/1721/1721 1635/1635/1635 1722/1722/1722
f 1722/1722/1722 1635/1635/1635 1642/1642/1642
f 1722/1722/1722 1642/1642/1642 1723/1723/1723
f 1723/1723/1723 1642/1642/1642 1647/1647/1647
f 1723/1723/1723 1647/1647/1647 1655/1655/1655
f 1726/1726/1726 1727/1727/1727 1728/1728/1728
f 1726/1726/1726 1728/1728/1728 1729/1729/1729
f 1730/1730/1730 1731/1731/1731 1732/1732/1732
f 1730/1730/1730 1732/1732/1732 1733/1733/1733
f 1733/1733/1733 1732/1732/1732 1734/1734/1734
f 1733/1733/1733 1734/1734/1734 1735/1735/1735
f 1732/1732/1732 1736/1736/1736 1737/1737/1737
f 1732/1732/1732 1737/1737/1737 1734/1734/1734
f 1738/1738/1738 1739/1739/1739 1731/1731/1731
f 1738/1738/1738 1731/1731/1731 1730/1730/1730
f 1731/1731/1731 1740/1740/1740 1736/1736/1736
f 1731/1731/1731 1736/1736/1736 1732/1732/1732
f 1741/1741/1741 1742/1742/1742 1743/1743/1743
f 1741/1741/1741 1743/1743/1743 1744/1744/1744
f 1745/1745/1745 1746/1746/1746 1739/1739/1739
f 1745/1745/1745 1739/1739/1739 1738/1738/1738
f 1739/1739/1739 1747/1747/1747 1740/1740/1740
f 1739/1739/1739 1740/1740/1740 1731/1731/1731
f 1748/1748/1748 1749/1749/1749 1742/1742/1742
f 1748/1748/1748 1742/1742/1742 1741/1741/1741
f 1750/1750/1750 1751/1751/1751 1746/1746/1746
f 1750/1750/1750 1746/1746/1746 1745/1745/1745
f 1746/1746/1746 1752/1752/1752 1747/1747/1747
f 1746/1746/1746 1747/1747/1747 1739/1739/1739
f 1753/1753/1753 1754/1754/1754 1749/1749/1749
f 1753/1753/1753 1749/1749/1749 1748/1748/1748
f 1751/1751/1751 1755/1755/1755 1752/1752/1752
f 1751/1751/1751 1752/1752/1752 1746/1746/1746
f 1756/1756/1756 1757/1757/1757 1754/1754/1754
f 1756/1756/1756 1754/1754/1754 1753/1753/1753
f 1758/1758/1758 1759/1759/1759 1751/1751/1751
f 1758/1758/1758 1751/1751/1751 1750/1750/1750
f 1759/1759/1759 1760/1760/1760 1755/1755/1755
f 1759/1759/1759 1755/1755/1755 1751/1751/1751
f 1761/1761/1761 1762/1762/1762 1757/1757/1757
f 1761/1761/1761 1757/1757/1757 1756/1756/1756
f 1763/1763/1763 1764/1764/1764 1759/1759/1759
f 1763/1763/1763 1759/1759/1759 1758/1758/1758
f 1764/1764/1764 1765/1765/1765 1760/1760/1760
f 1764/1764/1764 1760/1760/1760 1759/1759/1759
f 1766/1766/1766 1767/1767/1767 1762/1762/1762
f 1766/1766/1766 1762/1762/1762 1761/1761/1761
f 1768/1768/1768 1769/1769/1769 1765/1765/1765
f 1768/1768/1768 1765/1765/1765 1764/1764/1764
f 1770/1770/1770 1771/1771/1771 1769/1769/1769
f 1770/1770/1770 1769/1769/1769 1768/1768/1768
f 1772/1772/1772 1773/1773/1773 1767/1767/1767
f 1772/1772/1772 1767/1767/1767 1766/1766/1766
f 1774/1774/1774 1768/1768/1768 1764/1764/1764
f 1774/1774/1774 1764/1764/1764 1763/1763/1763
f 1775/1775/1775 1776/1776/1776 1771/1771/1771
f 1775/1775/1775 1771/1771/1771 1770/1770/1770
f 1777/1777/1777 1778/1778/1778 1773/1773/1773
f 1777/1777/1777 1773/1773/1773 1772/1772/1772
f 1779/1779/1779 1770/1770/1770 1768/1768/1768
f 1779/1779/1779 1768/1768/1768 1774/1774/1774
f 1780/1780/1780 1781/1781/1781 1782/1782/1782
f 1780/1780/1780 1782/1782/1782 1783/1783/1783
f 1783/1783/1783 1782/1782/1782 1778/1778/1778
f 1783/1783/1783 1778/1778/1778 1777/1777/1777
f 1784/1784/1784 1775/1775/1775 1770/1770/1770
f 1784/1784/1784 1770/1770/1770 1779/1779/1779
f 1785/1785/1785 1786/1786/1786 1781/1781/1781
f 1785/1785/1785 1781/1781/1781 1780/1780/1780
f 1787/1787/1787 1788/1788/1788 1775/1775/1775
f 1787/1787/1787 1775/1775/1775 1784/1784/1784
f 1788/1788/1788 1789/1789/1789 1776/1776/1776
f 1788/1788/1788 1776/1776/1776 1775/1775/1775
f 1790/1790/1790 1791/1791/1791 1786/1786/1786
f 1790/1790/1790 1786/1786/1786 1785/1785/1785
f 1792/1792/1792 1793/1793/1793 1788/1788/1788
f 1792/1792/1792 1788/1788/1788 1787/1787/1787
f 1793/1793/1793 1794/1794/1794 1789/1789/1789
f 1793/1793/1793 1789/1789/1789 1788/1788/1788
f 1795/1795/1795 1796/1796/1796 1797/1797/1797
f 1795/1795/1795 1797/1797/1797 1798/1798/1798
f 1798/1798/1798 1797/1797/1797 1793/1793/1793
f 1798/1798/1798 1793/1793/1793 1792/1792/1792
f 1797/1797/1797 1799/1799/1799 1794/1794/1794
f 1797/1797/1797 1794/1794/1794 1793/1793/1793
f 1800/1800/1800 1801/1801/1801 1802/1802/1802
f 1800/1800/1800 1802/1802/1802 1795/1795/1795
f 1744/1744/1744 1743/1743/1743 1728/1728/1728
f 1744/1744/1744 1728/1728/1728 1727/1727/1727
f 1803/1803/1803 1804/1804/1804 1799/1799/1799
f 1803/1803/1803 1799/1799/1799 1797/1797/1797
f 1805/1805/1805 1806/1806/1806 1791/1791/1791
f 1805/1805/1805 1791/1791/1791 1790/1790/1790
f 1807/1807/1807 1801/1801/1801 1734/1734/1734
f 1807/1807/1807 1734/1734/1734 1737/1737/1737
f 1801/1801/1801 1807/1807/1807 1804/1804/1804
f 1801/1801/1801 1804/1804/1804 1808/1808/1808
f 1726/1726/1726 1729/1729/1729 1806/1806/1806
f 1726/1726/1726 1806/1806/1806 1805/1805/1805
f 1801/1801/1801 1800/1800/1800 1735/1735/1735
f 1801/1801/1801 1735/1735/1735 1734/1734/1734
f 1798/1798/1798 1792/1792/1792 1809/1809/1809
f 1798/1798/1798 1809/1809/1809 1795/1795/1795
f 1792/1792/1792 1787/1787/1787 1810/1810/1810
f 1792/1792/1792 1810/1810/1810 1809/1809/1809
f 1787/1787/1787 1784/1784/1784 1811/1811/1811
f 1787/1787/1787 1811/1811/1811 1810/1810/1810
f 1784/1784/1784 1779/1779/1779 1774/1774/1774
f 1784/1784/1784 1774/1774/1774 1811/1811/1811
f 1795/1795/1795 1809/1809/1809 1812/1812/1812
f 1795/1795/1795 1812/1812/1812 1800/1800/1800
f 1809/1809/1809 1810/1810/1810 1813/1813/1813
f 1809/1809/1809 1813/1813/1813 1812/1812/1812
f 1810/1810/1810 1811/1811/1811 1814/1814/1814
f 1810/1810/1810 1814/1814/1814 1813/1813/1813
f 1811/1811/1811 1774/1774/1774 1763/1763/1763
f 1811/1811/1811 1763/1763/1763 1814/1814/1814
f 1800/1800/1800 1812/1812/1812 1815/1815/1815
f 1800/1800/1800 1815/1815/1815 1735/1735/1735
f 1812/1812/1812 1813/1813/1813 1816/1816/1816
f 1812/1812/1812 1816/1816/1816 1815/1815/1815
f 1813/1813/1813 1814/1814/1814 1817/1817/1817
f 1813/1813/1813 1817/1817/1817 1816/1816/1816
f 1814/1814/1814 1763/1763/1763 1758/1758/1758
f 1814/1814/1814 1758/1758/1758 1817/1817/1817
f 1735/1735/1735 1815/1815/1815 1730/1730/1730
f 1735/1735/1735 1730/1730/1730 1733/1733/1733
f 1815/1815/1815 1816/1816/1816 1738/1738/1738
f 1815/1815/1815 1738/1738/1738 1730/1730/1730
f 1816/1816/1816 1817/1817/1817 1745/1745/1745
f 1816/1816/1816 1745/1745/1745 1738/1738/1738
f 1817/1817/1817 1758/1758/1758 1750/1750/1750
f 1817/1817/1817 1750/1750/1750 1745/1745/1745
f 1818/1818/1818 1819/1819/1819 1820/1820/1820
f 1818/1818/1818 1820/1820/1820 1821/1821/1821
f 1822/1822/1822 1823/1823/1823 1824/1824/1824
f 1822/1822/1822 1824/1824/1824 1825/1825/1825
f 1825/1825/1825 1824/1824/1824 1826/1826/1826
f 1825/1825/1825 1826/1826/1826 1827/1827/1827
f 1824/1824/1824 1828/1828/1828 1829/1829/1829
f 1824/1824/1824 1829/1829/1829 1826/1826/1826
f 1830/1830/1830 1831/1831/1831 1823/1823/1823
f 1830/1830/1830 1823/1823/1823 1822/1822/1822
f 1823/1823/1823 1832/1832/1832 1828/1828/1828
f 1823/1823/1823 1828/1828/1828 1824/1824/1824
f 1833/1833/1833 1834/1834/1834 1835/1835/1835
f 1833/1833/1833 1835/1835/1835 1836/1836/1836
f 1837/1837/1837 1838/1838/1838 1831/1831/1831
f 1837/1837/1837 1831/1831/1831 1830/1830/1830
f 1831/1831/1831 1839/1839/1839 1832/1832/1832
f 1831/1831/1831 1832/1832/1832 1823/1823/1823
f 1840/1840/1840 1841/1841/1841 1834/1834/1834
f 1840/1840/1840 1834/1834/1834 1833/1833/1833
f 1842/1842/1842 1843/1843/1843 1838/1838/1838
f 1842/1842/1842 1838/1838/1838 1837/1837/1837
f 1838/1838/1838 1844/1844/1844 1839/1839/1839
f 1838/1838/1838 1839/1839/1839 1831/1831/1831
f 1845/1845/1845 1846/1846/1846 1841/1841/1841
f 1845/1845/1845 1841/1841/1841 1840/1840/1840
f 1843/1843/1843 1847/1847/1847 1844/1844/1844
f 1843/1843/1843 1844/1844/1844 1838/1838/1838
f 1848/1848/1848 1849/1849/1849 1846/1846/1846
f 1848/1848/1848 1846/1846/1846 1845/1845/1845
f 1850/1850/1850 1851/1851/1851 1843/1843/1843
f 1850/1850/1850 1843/1843/1843 1842/1842/1842
f 1851/1851/1851 1852/1852/1852 1847/1847/1847
f 1851/1851/1851 1847/1847/1847 1843/1843/1843
f 1853/1853/1853 1854/1854/1854 1849/1849/1849
f 1853/1853/1853 1849/1849/1849 1848/1848/1848
f 1855/1855/1855 1856/1856/1856 1851/1851/1851
f 1855/1855/1855 1851/1851/1851 1850/1850/1850
f 1856/1856/1856 1857/1857/1857 1852/1852/1852
f 1856/1856/1856 1852/1852/1852 1851/1851/1851
f 1858/1858/1858 1859/1859/1859 1854/1854/1854
f 1858/1858/1858 1854/1854/1854 1853/1853/1853
f 1860/1860/1860 1861/1861/1861 1862/1862/1862
f 1860/1860/1860 1862/1862/1862 1856/1856/1856
f 1863/1863/1863 1864/1864/1864 1861/1861/1861
f 1863/1863/1863 1861/1861/1861 1860/1860/1860
f 1865/1865/1865 1866/1866/1866 1859/1859/1859
f 1865/1865/1865 1859/1859/1859 1858/1858/1858
f 1867/1867/1867 1860/1860/1860 1856/1856/1856
f 1867/1867/1867 1856/1856/1856 1855/1855/1855
f 1868/1868/1868 1869/1869/1869 1864/1864/1864
f 1868/1868/1868 1864/1864/1864 1863/1863/1863
f 1870/1870/1870 1871/1871/1871 1866/1866/1866
f 1870/1870/1870 1866/1866/1866 1865/1865/1865
f 1872/1872/1872 1863/1863/1863 1860/1860/1860
f 1872/1872/1872 1860/1860/1860 1867/1867/1867
f 1873/1873/1873 1874/1874/1874 1875/1875/1875
f 1873/1873/1873 1875/1875/1875 1876/1876/1876
f 1876/1876/1876 1875/1875/1875 1871/1871/1871
f 1876/1876/1876 1871/1871/1871 1870/1870/1870
f 1877/1877/1877 1868/1868/1868 1863/1863/1863
f 1877/1877/1877 1863/1863/1863 1872/1872/1872
f 1878/1878/1878 1879/1879/1879 1874/1874/1874
f 1878/1878/1878 1874/1874/1874 1873/1873/1873
f 1880/1880/1880 1881/1881/1881 1868/1868/1868
f 1880/1880/1880 1868/1868/1868 1877/1877/1877
f 1881/1881/1881 1882/1882/1882 1869/1869/1869
f 1881/1881/1881 1869/1869/1869 1868/1868/1868
f 1883/1883/1883 1884/1884/1884 1885/1885/1885
f 1883/1883/1883 1885/1885/1885 1886/1886/1886
f 1887/1887/1887 1888/1888/1888 1881/1881/1881
f 1887/1887/1887 1881/1881/1881 1880/1880/1880
f 1888/1888/1888 1889/1889/1889 1890/1890/1890
f 1888/1888/1888 1890/1890/1890 1881/1881/1881
f 1891/1891/1891 1892/1892/1892 1893/1893/1893
f 1891/1891/1891 1893/1893/1893 1894/1894/1894
f 1894/1894/1894 1893/1893/1893 1888/1888/1888
f 1894/1894/1894 1888/1888/1888 1887/1887/1887
f 1893/1893/1893 1895/1895/1895 1889/1889/1889
f 1893/1893/1893 1889/1889/1889 1888/1888/1888
f 1896/1896/1896 1897/1897/1897 1892/1892/1892
f 1896/1896/1896 1892/1892/1892 1891/1891/1891
f 1836/1836/1836 1835/1835/1835 1820/1820/1820
f 1836/1836/1836 1820/1820/1820 1819/1819/1819
f 1892/1892/1892 1898/1898/1898 1895/1895/1895
f 1892/1892/1892 1895/1895/1895 1893/1893/1893
f 1899/1899/1899 1900/1900/1900 1884/1884/1884
f 1899/1899/1899 1884/1884/1884 1883/1883/1883
f 1901/1901/1901 1897/1897/1897 1826/1826/1826
f 1901/1901/1901 1826/1826/1826 1829/1829/1829
f 1897/1897/1897 1901/1901/1901 1898/1898/1898
f 1897/1897/1897 1898/1898/1898 1892/1892/1892
f 1818/1818/1818 1821/1821/1821 1900/1900/1900
f 1818/1818/1818 1900/1900/1900 1899/1899/1899
f 1897/1897/1897 1896/1896/1896 1827/1827/1827
f 1897/1897/1897 1827/1827/1827 1826/1826/1826
f 1894/1894/1894 1887/1887/1887 1902/1902/1902
f 1894/1894/1894 1902/1902/1902 1891/1891/1891
f 1887/1887/1887 1880/1880/1880 1903/1903/1903
f 1887/1887/1887 1903/1903/1903 1902/1902/1902
f 1880/1880/1880 1877/1877/1877 1904/1904/1904
f 1880/1880/1880 1904/1904/1904 1903/1903/1903
f 1877/1877/1877 1872/1872/1872 1867/1867/1867
f 1877/1877/1877 1867/1867/1867 1904/1904/1904
f 1891/1891/1891 1902/1902/1902 1905/1905/1905
f 1891/1891/1891 1905/1905/1905 1896/1896/1896
f 1902/1902/1902 1903/1903/1903 1906/1906/1906
f 1902/1902/1902 1906/1906/1906 1905/1905/1905
f 1903/1903/1903 1904/1904/1904 1907/1907/1907
f 1903/1903/1903 1907/1907/1907 1906/1906/1906
f 1904/1904/1904 1867/1867/1867 1855/1855/1855
f 1904/1904/1904 1855/1855/1855 1907/1907/1907
f 1896/1896/1896 1905/1905/1905 1908/1908/1908
f 1896/1896/1896 1908/1908/1908 1827/1827/1827
f 1905/1905/1905 1906/1906/1906 1909/1909/1909
f 1905/1905/1905 1909/1909/1909 1908/1908/1908
f 1906/1906/1906 1907/1907/1907 1910/1910/1910
f 1906/1906/1906 1910/1910/1910 1909/1909/1909
f 1907/1907/1907 1855/1855/1855 1850/1850/1850
f 1907/1907/1907 1850/1850/1850 1910/1910/1910
f 1827/1827/1827 1908/1908/1908 1822/1822/1822
f 1827/1827/1827 1822/1822/1822 1825/1825/1825
f 1908/1908/1908 1909/1909/1909 1830/1830/1830
f 1908/1908/1908 1830/1830/1830 1822/1822/1822
f 1909/1909/1909 1910/1910/1910 1837/1837/1837
f 1909/1909/1909 1837/1837/1837 1830/1830/1830
f 1910/1910/1910 1850/1850/1850 1842/1842/1842
f 1910/1910/1910 1842/1842/1842 1837/1837/1837
f 1911/1911/1911 1912/1912/1912 1913/1913/1913
f 1911/1911/1911 1913/1913/1913 1914/1914/1914
f 1915/1915/1915 1916/1916/1916 1917/1917/1917
f 1915/1915/1915 1917/1917/1917 1918/1918/1918
f 1918/1918/1918 1917/1917/1917 1919/1919/1919
f 1918/1918/1918 1919/1919/1919 1920/1920/1920
f 1917/1917/1917 1921/1921/1921 1922/1922/1922
f 1917/1917/1917 1922/1922/1922 1919/1919/1919
f 1923/1923/1923 1924/1924/1924 1916/1916/1916
f 1923/1923/1923 1916/1916/1916 1915/1915/1915
f 1916/1916/1916 1925/1925/1925 1921/1921/1921
f 1916/1916/1916 1921/1921/1921 1917/1917/1917
f 1926/1926/1926 1927/1927/1927 1928/1928/1928
f 1926/1926/1926 1928/1928/1928 1929/1929/1929
f 1930/1930/1930 1931/1931/1931 1924/1924/1924
f 1930/1930/1930 1924/1924/1924 1923/1923/1923
f 1924/1924/1924 1932/1932/1932 1925/1925/1925
f 1924/1924/1924 1925/1925/1925 1916/1916/1916
f 1933/1933/1933 1934/1934/1934 1927/1927/1927
f 1933/1933/1933 1927/1927/1927 1926/1926/1926
f 1935/1935/1935 1936/1936/1936 1931/1931/1931
f 1935/1935/1935 1931/1931/1931 1930/1930/1930
f 1931/1931/1931 1937/1937/1937 1932/1932/1932
f 1931/1931/1931 1932/1932/1932 1924/1924/1924
f 1938/1938/1938 1939/1939/1939 1934/1934/1934
f 1938/1938/1938 1934/1934/1934 1933/1933/1933
f 1936/1936/1936 1940/1940/1940 1937/1937/1937
f 1936/1936/1936 1937/1937/1937 1931/1931/1931
f 1941/1941/1941 1942/1942/1942 1939/1939/1939
f 1941/1941/1941 1939/1939/1939 1938/1938/1938
f 1943/1943/1943 1944/1944/1944 1936/1936/1936
f 1943/1943/1943 1936/1936/1936 1935/1935/1935
f 1945/1945/1945 1946/1946/1946 1940/1940/1940
f 1945/1945/1945 1940/1940/1940 1936/1936/1936
f 1947/1947/1947 1948/1948/1948 1942/1942/1942
f 1947/1947/1947 1942/1942/1942 1941/1941/1941
f 1949/1949/1949 1950/1950/1950 1951/1951/1951
f 1949/1949/1949 1951/1951/1951 1943/1943/1943
f 1950/1950/1950 1952/1952/1952 1946/1946/1946
f 1950/1950/1950 1946/1946/1946 1953/1953/1953
f 1954/1954/1954 1955/1955/1955 1948/1948/1948
f 1954/1954/1954 1948/1948/1948 1947/1947/1947
f 1956/1956/1956 1957/1957/1957 1952/1952/1952
f 1956/1956/1956 1952/1952/1952 1950/1950/1950
f 1958/1958/1958 1959/1959/1959 1957/1957/1957
f 1958/1958/1958 1957/1957/1957 1956/1956/1956
f 1960/1960/1960 1961/1961/1961 1955/1955/1955
f 1960/1960/1960 1955/1955/1955 1954/1954/1954
f 1962/1962/1962 1956/1956/1956 1950/1950/1950
f 1962/1962/1962 1950/1950/1950 1949/1949/1949
f 1963/1963/1963 1964/1964/1964 1959/1959/1959
f 1963/1963/1963 1959/1959/1959 1958/1958/1958
f 1965/1965/1965 1966/1966/1966 1961/1961/1961
f 1965/1965/1965 1961/1961/1961 1960/1960/1960
f 1967/1967/1967 1958/1958/1958 1956/1956/1956
f 1967/1967/1967 1956/1956/1956 1962/1962/1962
f 1968/1968/1968 1969/1969/1969 1970/1970/1970
f 1968/1968/1968 1970/1970/1970 1971/1971/1971
f 1971/1971/1971 1970/1970/1970 1966/1966/1966
f 1971/1971/1971 1966/1966/1966 1965/1965/1965
f 1972/1972/1972 1963/1963/1963 1958/1958/1958
f 1972/1972/1972 1958/1958/1958 1967/1967/1967
f 1973/1973/1973 1974/1974/1974 1969/1969/1969
f 1973/1973/1973 1969/1969/1969 1968/1968/1968
f 1975/1975/1975 1976/1976/1976 1963/1963/1963
f 1975/1975/1975 1963/1963/1963 1972/1972/1972
f 1976/1976/1976 1977/1977/1977 1964/1964/1964
f 1976/1976/1976 1964/1964/1964 1963/1963/1963
f 1978/1978/1978 1979/1979/1979 1980/1980/1980
f 1978/1978/1978 1980/1980/1980 1981/1981/1981
f 1982/1982/1982 1983/1983/1983 1976/1976/1976
f 1982/1982/1982 1976/1976/1976 1975/1975/1975
f 1983/1983/1983 1984/1984/1984 1985/1985/1985
f 1983/1983/1983 1985/1985/1985 1976/1976/1976
f 1986/1986/1986 1987/1987/1987 1988/1988/1988
f 1986/1986/1986 1988/1988/1988 1989/1989/1989
f 1989/1989/1989 1988/1988/1988 1983/1983/1983
f 1989/1989/1989 1983/1983/1983 1982/1982/1982
f 1988/1988/1988 1990/1990/1990 1984/1984/1984
f 1988/1988/1988 1984/1984/1984 1983/1983/1983
f 1991/1991/1991 1992/1992/1992 1987/1987/1987
f 1991/1991/1991 1987/1987/1987 1986/1986/1986
f 1929/1929/1929 1928/1928/1928 1913/1913/1913
f 1929/1929/1929 1913/1913/1913 1912/1912/1912
f 1987/1987/1987 1993/1993/1993 1990/1990/1990
f 1987/1987/1987 1990/1990/1990 1988/1988/1988
f 1994/1994/1994 1995/1995/1995 1979/1979/1979
f 1994/1994/1994 1979/1979/1979 1978/1978/1978
f 1996/1996/1996 1992/1992/1992 1919/1919/1919
f 1996/1996/1996 1919/1919/1919 1922/1922/1922
f 1992/1992/1992 1996/1996/1996 1993/1993/1993
f 1992/1992/1992 1993/1993/1993 1987/1987/1987
f 1911/1911/1911 1914/1914/1914 1995/1995/1995
f 1911/1911/1911 1995/1995/1995 1994/1994/1994
f 1992/1992/1992 1991/1991/1991 1920/1920/1920
f 1992/1992/1992 1920/1920/1920 1919/1919/1919
f 1989/1989/1989 1982/1982/1982 1997/1997/1997
f 1989/1989/1989 1997/1997/1997 1986/1986/1986
f 1982/1982/1982 1975/1975/1975 1998/1998/1998
f 1982/1982/1982 1998/1998/1998 1997/1997/1997
f 1975/1975/1975 1972/1972/1972 1999/1999/1999
f 1975/1975/1975 1999/1999/1999 1998/1998/1998
f 1972/1972/1972 1967/1967/1967 1962/1962/1962
f 1972/1972/1972 1962/1962/1962 1999/1999/1999
f 1986/1986/1986 1997/1997/1997 2000/2000/2000
f 1986/1986/1986 2000/2000/2000 1991/1991/1991
f 1997/1997/1997 1998/1998/1998 2001/2001/2001
f 1997/1997/1997 2001/2001/2001 2000/2000/2000
f 1998/1998/1998 1999/1999/1999 2002/2002/2002
f 1998/1998/1998 2002/2002/2002 2001/2001/2001
f 1999/1999/1999 1962/1962/1962 1949/1949/1949
f 1999/1999/1999 1949/1949/1949 2002/2002/2002
f 1991/1991/1991 2000/2000/2000 2003/2003/2003
f 1991/1991/1991 2003/2003/2003 1920/1920/1920
f 2000/2000/2000 2001/2001/2001 2004/2004/2004
f 2000/2000/2000 2004/2004/2004 2003/2003/2003
f 2001/2001/2001 2002/2002/2002 2005/2005/2005
f 2001/2001/2001 2005/2005/2005 2004/2004/2004
f 2002/2002/2002 1949/1949/1949 1943/1943/1943
f 2002/2002/2002 1943/1943/1943 2005/2005/2005
f 1920/1920/1920 2003/2003/2003 1915/1915/1915
f 1920/1920/1920 1915/1915/1915 1918/1918/1918
f 2003/2003/2003 2004/2004/2004 1923/1923/1923
f 2003/2003/2003 1923/1923/1923 1915/1915/1915
f 2004/2004/2004 2005/2005/2005 1930/1930/1930
f 2004/2004/2004 1930/1930/1930 1923/1923/1923
f 2005/2005/2005 1943/1943/1943 1935/1935/1935
f 2005/2005/2005 1935/1935/1935 1930/1930/1930
f 2006/2006/2006 2007/2007/2007 2008/2008/2008
f 2006/2006/2006 2008/2008/2008 2009/2009/2009
f 2010/2010/2010 2011/2011/2011 2012/2012/2012
f 2010/2010/2010 2012/2012/2012 2013/2013/2013
f 2011/2011/2011 2014/2014/2014 2015/2015/2015
f 2011/2011/2011 2015/2015/2015 2012/2012/2012
f 2012/2012/2012 2015/2015/2015 2016/2016/2016
f 2012/2012/2012 2016/2016/2016 2017/2017/2017
f 2018/2018/2018 2010/2010/2010 2013/2013/2013
f 2018/2018/2018 2013/2013/2013 2019/2019/2019
f 2013/2013/2013 2012/2012/2012 2017/2017/2017
f 2013/2013/2013 2017/2017/2017 2020/2020/2020
f 2021/2021/2021 2022/2022/2022 2023/2023/2023
f 2021/2021/2021 2023/2023/2023 2024/2024/2024
f 2025/2025/2025 2018/2018/2018 2019/2019/2019
f 2025/2025/2025 2019/2019/2019 2026/2026/2026
f 2019/2019/2019 2013/2013/2013 2020/2020/2020
f 2019/2019/2019 2020/2020/2020 2027/2027/2027
f 2028/2028/2028 2021/2021/2021 2024/2024/2024
f 2028/2028/2028 2024/2024/2024 2029/2029/2029
f 2030/2030/2030 2025/2025/2025 2026/2026/2026
f 2030/2030/2030 2026/2026/2026 2031/2031/2031
f 2026/2026/2026 2019/2019/2019 2027/2027/2027
f 2026/2026/2026 2027/2027/2027 2032/2032/2032
f 2033/2033/2033 2028/2028/2028 2029/2029/2029
f 2033/2033/2033 2029/2029/2029 2034/2034/2034
f 2031/2031/2031 2026/2026/2026 2032/2032/2032
f 2031/2031/2031 2032/2032/2032 2035/2035/2035
f 2036/2036/2036 2033/2033/2033 2034/2034/2034
f 2036/2036/2036 2034/2034/2034 2037/2037/2037
f 2038/2038/2038 2030/2030/2030 2031/2031/2031
f 2038/2038/2038 2031/2031/2031 2039/2039/2039
f 2039/2039/2039 2031/2031/2031 2035/2035/2035
f 2039/2039/2039 2035/2035/2035 2040/2040/2040
f 2041/2041/2041 2036/2036/2036 2037/2037/2037
f 2041/2041/2041 2037/2037/2037 2042/2042/2042
f 2043/2043/2043 2038/2038/2038 2039/2039/2039
f 2043/2043/2043 2039/2039/2039 2044/2044/2044
f 2044/2044/2044 2039/2039/2039 2040/2040/2040
f 2044/2044/2044 2040/2040/2040 2045/2045/2045
f 2046/2046/2046 2041/2041/2041 2042/2042/2042
f 2046/2046/2046 2042/2042/2042 2047/2047/2047
f 2048/2048/2048 2044/2044/2044 2045/2045/2045
f 2048/2048/2048 2045/2045/2045 2049/2049/2049
f 2050/2050/2050 2048/2048/2048 2051/2051/2051
f 2050/2050/2050 2051/2051/2051 2052/2052/2052
f 2053/2053/2053 2046/2046/2046 2047/2047/2047
f 2053/2053/2053 2047/2047/2047 2054/2054/2054
f 2055/2055/2055 2043/2043/2043 2044/2044/2044
f 2055/2055/2055 2044/2044/2044 2048/2048/2048
f 2056/2056/2056 2050/2050/2050 2052/2052/2052
f 2056/2056/2056 2052/2052/2052 2057/2057/2057
f 2058/2058/2058 2059/2059/2059 2060/2060/2060
f 2058/2058/2058 2060/2060/2060 2061/2061/2061
f 2062/2062/2062 2055/2055/2055 2048/2048/2048
f 2062/2062/2062 2048/2048/2048 2050/2050/2050
f 2063/2063/2063 2064/2064/2064 2065/2065/2065
f 2063/2063/2063 2065/2065/2065 2066/2066/2066
f 2064/2064/2064 2058/2058/2058 2061/2061/2061
f 2064/2064/2064 2061/2061/2061 2065/2065/2065
f 2067/2067/2067 2062/2062/2062 2050/2050/2050
f 2067/2067/2067 2050/2050/2050 2056/2056/2056
f 2068/2068/2068 2063/2063/2063 2066/2066/2066
f 2068/2068/2068 2066/2066/2066 2069/2069/2069
f 2070/2070/2070 2067/2067/2067 2056/2056/2056
f 2070/2070/2070 2056/2056/2056 2071/2071/2071
f 2071/2071/2071 2056/2056/2056 2057/2057/2057
f 2071/2071/2071 2057/2057/2057 2072/2072/2072
f 2073/2073/2073 2068/2068/2068 2069/2069/2069
f 2073/2073/2073 2069/2069/2069 2074/2074/2074
f 2075/2075/2075 2070/2070/2070 2071/2071/2071
f 2075/2075/2075 2071/2071/2071 2076/2076/2076
f 2076/2076/2076 2071/2071/2071 2072/2072/2072
f 2076/2076/2076 2072/2072/2072 2077/2077/2077
f 2078/2078/2078 2079/2079/2079 2080/2080/2080
f 2078/2078/2078 2080/2080/2080 2081/2081/2081
f 2079/2079/2079 2075/2075/2075 2076/2076/2076
f 2079/2079/2079 2076/2076/2076 2080/2080/2080
f 2080/2080/2080 2076/2076/2076 2077/2077/2077
f 2080/2080/2080 2077/2077/2077 2082/2082/2082
f 2083/2083/2083 2078/2078/2078 2081/2081/2081
f 2083/2083/2083 2081/2081/2081 2084/2084/2084
f 2022/2022/2022 2009/2009/2009 2008/2008/2008
f 2022/2022/2022 2008/2008/2008 2023/2023/2023
f 2081/2081/2081 2080/2080/2080 2085/2085/2085
f 2081/2081/2081 2085/2085/2085 2086/2086/2086
f 2087/2087/2087 2073/2073/2073 2074/2074/2074
f 2087/2087/2087 2074/2074/2074 2088/2088/2088
f 2089/2089/2089 2016/2016/2016 2015/2015/2015
f 2089/2089/2089 2015/2015/2015 2084/2084/2084
f 2084/2084/2084 2081/2081/2081 2086/2086/2086
f 2084/2084/2084 2086/2086/2086 2089/2089/2089
f 2006/2006/2006 2087/2087/2087 2088/2088/2088
f 2006/2006/2006 2088/2088/2088 2007/2007/2007
f 2084/2084/2084 2015/2015/2015 2014/2014/2014
f 2084/2084/2084 2014/2014/2014 2083/2083/2083
f 2079/2079/2079 2078/2078/2078 2090/2090/2090
f 2079/2079/2079 2090/2090/2090 2075/2075/2075
f 2075/2075/2075 2090/2090/2090 2091/2091/2091
f 2075/2075/2075 2091/2091/2091 2070/2070/2070
f 2070/2070/2070 2091/2091/2091 2092/2092/2092
f 2070/2070/2070 2092/2092/2092 2067/2067/2067
f 2067/2067/2067 2092/2092/2092 2055/2055/2055
f 2067/2067/2067 2055/2055/2055 2062/2062/2062
f 2078/2078/2078 2083/2083/2083 2093/2093/2093
f 2078/2078/2078 2093/2093/2093 2090/2090/2090
f 2090/2090/2090 2093/2093/2093 2094/2094/2094
f 2090/2090/2090 2094/2094/2094 2091/2091/2091
f 2091/2091/2091 2094/2094/2094 2095/2095/2095
f 2091/2091/2091 2095/2095/2095 2092/2092/2092
f 2092/2092/2092 2095/2095/2095 2043/2043/2043
f 2092/2092/2092 2043/2043/2043 2055/2055/2055
f 2083/2083/2083 2014/2014/2014 2096/2096/2096
f 2083/2083/2083 2096/2096/2096 2093/2093/2093
f 2093/2093/2093 2096/2096/2096 2097/2097/2097
f 2093/2093/2093 2097/2097/2097 2094/2094/2094
f 2094/2094/2094 2097/2097/2097 2098/2098/2098
f 2094/2094/2094 2098/2098/2098 2095/2095/2095
f 2095/2095/2095 2098/2098/2098 2038/2038/2038
f 2095/2095/2095 2038/2038/2038 2043/2043/2043
f 2014/2014/2014 2011/2011/2011 2010/2010/2010
f 2014/2014/2014 2010/2010/2010 2096/2096/2096
f 2096/2096/2096 2010/2010/2010 2018/2018/2018
f 2096/2096/2096 2018/2018/2018 2097/2097/2097
f 2097/2097/2097 2018/2018/2018 2025/2025/2025
f 2097/2097/2097 2025/2025/2025 2098/2098/2098
f 2098/2098/2098 2025/2025/2025 2030/2030/2030
f 2098/2098/2098 2030/2030/2030 2038/2038/2038
f 2099/2099/2099 2100/2100/2100 2101/2101/2101
f 2099/2099/2099 2101/2101/2101 2102/2102/2102
f 2103/2103/2103 2104/2104/2104 2105/2105/2105
f 2103/2103/2103 2105/2105/2105 2106/2106/2106
f 2106/2106/2106 2105/2105/2105 2107/2107/2107
f 2106/2106/2106 2107/2107/2107 2108/2108/2108
f 2105/2105/2105 2109/2109/2109 2110/2110/2110
f 2105/2105/2105 2110/2110/2110 2107/2107/2107
f 2111/2111/2111 2112/2112/2112 2104/2104/2104
f 2111/2111/2111 2104/2104/2104 2103/2103/2103
f 2104/2104/2104 2113/2113/2113 2114/2114/2114
f 2104/2104/2104 2114/2114/2114 2105/2105/2105
f 2115/2115/2115 2116/2116/2116 2117/2117/2117
f 2115/2115/2115 2117/2117/2117 2118/2118/2118
f 2119/2119/2119 2120/2120/2120 2112/2112/2112
f 2119/2119/2119 2112/2112/2112 2111/2111/2111
f 2112/2112/2112 2121/2121/2121 2113/2113/2113
f 2112/2112/2112 2113/2113/2113 2104/2104/2104
f 2122/2122/2122 2123/2123/2123 2116/2116/2116
f 2122/2122/2122 2116/2116/2116 2115/2115/2115
f 2124/2124/2124 2125/2125/2125 2120/2120/2120
f 2124/2124/2124 2120/2120/2120 2119/2119/2119
f 2120/2120/2120 2126/2126/2126 2121/2121/2121
f 2120/2120/2120 2121/2121/2121 2112/2112/2112
f 2127/2127/2127 2128/2128/2128 2123/2123/2123
f 2127/2127/2127 2123/2123/2123 2122/2122/2122
f 2125/2125/2125 2129/2129/2129 2126/2126/2126
f 2125/2125/2125 2126/2126/2126 2120/2120/2120
f 2130/2130/2130 2131/2131/2131 2128/2128/2128
f 2130/2130/2130 2128/2128/2128 2127/2127/2127
f 2132/2132/2132 2133/2133/2133 2125/2125/2125
f 2132/2132/2132 2125/2125/2125 2124/2124/2124
f 2133/2133/2133 2134/2134/2134 2129/2129/2129
f 2133/2133/2133 2129/2129/2129 2125/2125/2125
f 2135/2135/2135 2136/2136/2136 2131/2131/2131
f 2135/2135/2135 2131/2131/2131 2130/2130/2130
f 2137/2137/2137 2138/2138/2138 2133/2133/2133
f 2137/2137/2137 2133/2133/2133 2139/2139/2139
f 2138/2138/2138 2140/2140/2140 2134/2134/2134
f 2138/2138/2138 2134/2134/2134 2133/2133/2133
f 2141/2141/2141 2142/2142/2142 2136/2136/2136
f 2141/2141/2141 2136/2136/2136 2135/2135/2135
f 2143/2143/2143 2144/2144/2144 2140/2140/2140
f 2143/2143/2143 2140/2140/2140 2138/2138/2138
f 2145/2145/2145 2146/2146/2146 2144/2144/2144
f 2145/2145/2145 2144/2144/2144 2143/2143/2143
f 2147/2147/2147 2148/2148/2148 2142/2142/2142
f 2147/2147/2147 2142/2142/2142 2141/2141/2141
f 2149/2149/2149 2143/2143/2143 2138/2138/2138
f 2149/2149/2149 2138/2138/2138 2137/2137/2137
f 2150/2150/2150 2151/2151/2151 2146/2146/2146
f 2150/2150/2150 2146/2146/2146 2145/2145/2145
f 2152/2152/2152 2153/2153/2153 2148/2148/2148
f 2152/2152/2152 2148/2148/2148 2147/2147/2147
f 2154/2154/2154 2145/2145/2145 2143/2143/2143
f 2154/2154/2154 2143/2143/2143 2149/2149/2149
f 2155/2155/2155 2156/2156/2156 2157/2157/2157
f 2155/2155/2155 2157/2157/2157 2158/2158/2158
f 2158/2158/2158 2157/2157/2157 2153/2153/2153
f 2158/2158/2158 2153/2153/2153 2152/2152/2152
f 2159/2159/2159 2150/2150/2150 2145/2145/2145
f 2159/2159/2159 2145/2145/2145 2154/2154/2154
f 2160/2160/2160 2161/2161/2161 2156/2156/2156
f 2160/2160/2160 2156/2156/2156 2155/2155/2155
f 2162/2162/2162 2163/2163/2163 2150/2150/2150
f 2162/2162/2162 2150/2150/2150 2159/2159/2159
f 2163/2163/2163 2164/2164/2164 2151/2151/2151
f 2163/2163/2163 2151/2151/2151 2150/2150/2150
f 2165/2165/2165 2166/2166/2166 2161/2161/2161
f 2165/2165/2165 2161/2161/2161 2160/2160/2160
f 2167/2167/2167 2168/2168/2168 2163/2163/2163
f 2167/2167/2167 2163/2163/2163 2162/2162/2162
f 2168/2168/2168 2169/2169/2169 2164/2164/2164
f 2168/2168/2168 2164/2164/2164 2163/2163/2163
f 2170/2170/2170 2171/2171/2171 2172/2172/2172
f 2170/2170/2170 2172/2172/2172 2173/2173/2173
f 2173/2173/2173 2172/2172/2172 2168/2168/2168
f 2173/2173/2173 2168/2168/2168 2167/2167/2167
f 2172/2172/2172 2174/2174/2174 2169/2169/2169
f 2172/2172/2172 2169/2169/2169 2168/2168/2168
f 2175/2175/2175 2176/2176/2176 2171/2171/2171
f 2175/2175/2175 2171/2171/2171 2170/2170/2170
f 2118/2118/2118 2117/2117/2117 2177/2177/2177
f 2118/2118/2118 2177/2177/2177 2178/2178/2178
f 2171/2171/2171 2179/2179/2179 2174/2174/2174
f 2171/2171/2171 2174/2174/2174 2172/2172/2172
f 2180/2180/2180 2181/2181/2181 2166/2166/2166
f 2180/2180/2180 2166/2166/2166 2165/2165/2165
f 2182/2182/2182 2176/2176/2176 2107/2107/2107
f 2182/2182/2182 2107/2107/2107 2110/2110/2110
f 2176/2176/2176 2182/2182/2182 2179/2179/2179
f 2176/2176/2176 2179/2179/2179 2171/2171/2171
f 2099/2099/2099 2102/2102/2102 2181/2181/2181
f 2099/2099/2099 2181/2181/2181 2180/2180/2180
f 2176/2176/2176 2175/2175/2175 2108/2108/2108
f 2176/2176/2176 2108/2108/2108 2107/2107/2107
f 2173/2173/2173 2167/2167/2167 2183/2183/2183
f 2173/2173/2173 2183/2183/2183 2170/2170/2170
f 2167/2167/2167 2162/2162/2162 2184/2184/2184
f 2167/2167/2167 2184/2184/2184 2183/2183/2183
f 2162/2162/2162 2159/2159/2159 2185/2185/2185
f 2162/2162/2162 2185/2185/2185 2184/2184/2184
f 2159/2159/2159 2154/2154/2154 2149/2149/2149
f 2159/2159/2159 2149/2149/2149 2185/2185/2185
f 2170/2170/2170 2183/2183/2183 2186/2186/2186
f 2170/2170/2170 2186/2186/2186 2175/2175/2175
f 2183/2183/2183 2184/2184/2184 2187/2187/2187
f 2183/2183/2183 2187/2187/2187 2186/2186/2186
f 2184/2184/2184 2185/2185/2185 2188/2188/2188
f 2184/2184/2184 2188/2188/2188 2187/2187/2187
f 2185/2185/2185 2149/2149/2149 2137/2137/2137
f 2185/2185/2185 2137/2137/2137 2188/2188/2188
f 2175/2175/2175 2186/2186/2186 2189/2189/2189
f 2175/2175/2175 2189/2189/2189 2108/2108/2108
f 2186/2186/2186 2187/2187/2187 2190/2190/2190
f 2186/2186/2186 2190/2190/2190 2189/2189/2189
f 2187/2187/2187 2188/2188/2188 2191/2191/2191
f 2187/2187/2187 2191/2191/2191 2190/2190/2190
f 2188/2188/2188 2137/2137/2137 2192/2192/2192
f 2188/2188/2188 2192/2192/2192 2193/2193/2193
f 2108/2108/2108 2189/2189/2189 2103/2103/2103
f 2108/2108/2108 2103/2103/2103 2106/2106/2106
f 2189/2189/2189 2190/2190/2190 2111/2111/2111
f 2189/2189/2189 2111/2111/2111 2103/2103/2103
f 2190/2190/2190 2194/2194/2194 2119/2119/2119
f 2190/2190/2190 2119/2119/2119 2111/2111/2111
f 2195/2195/2195 2196/2196/2196 2124/2124/2124
f 2195/2195/2195 2124/2124/2124 2119/2119/2119
f 2197/2197/2197 2198/2198/2198 2199/2199/2199
f 2197/2197/2197 2199/2199/2199 2200/2200/2200
f 2201/2201/2201 2202/2202/2202 2203/2203/2203
f 2201/2201/2201 2203/2203/2203 2204/2204/2204
f 2204/2204/2204 2203/2203/2203 2205/2205/2205
f 2204/2204/2204 2205/2205/2205 2206/2206/2206
f 2203/2203/2203 2207/2207/2207 2208/2208/2208
f 2203/2203/2203 2208/2208/2208 2205/2205/2205
f 2209/2209/2209 2210/2210/2210 2202/2202/2202
f 2209/2209/2209 2202/2202/2202 2201/2201/2201
f 2202/2202/2202 2211/2211/2211 2207/2207/2207
f 2202/2202/2202 2207/2207/2207 2203/2203/2203
f 2212/2212/2212 2213/2213/2213 2214/2214/2214
f 2212/2212/2212 2214/2214/2214 2215/2215/2215
f 2216/2216/2216 2217/2217/2217 2210/2210/2210
f 2216/2216/2216 2210/2210/2210 2209/2209/2209
f 2210/2210/2210 2218/2218/2218 2211/2211/2211
f 2210/2210/2210 2211/2211/2211 2202/2202/2202
f 2219/2219/2219 2220/2220/2220 2213/2213/2213
f 2219/2219/2219 2213/2213/2213 2212/2212/2212
f 2221/2221/2221 2222/2222/2222 2217/2217/2217
f 2221/2221/2221 2217/2217/2217 2216/2216/2216
f 2217/2217/2217 2223/2223/2223 2218/2218/2218
f 2217/2217/2217 2218/2218/2218 2210/2210/2210
f 2224/2224/2224 2225/2225/2225 2220/2220/2220
f 2224/2224/2224 2220/2220/2220 2219/2219/2219
f 2222/2222/2222 2226/2226/2226 2223/2223/2223
f 2222/2222/2222 2223/2223/2223 2217/2217/2217
f 2227/2227/2227 2228/2228/2228 2225/2225/2225
f 2227/2227/2227 2225/2225/2225 2224/2224/2224
f 2229/2229/2229 2230/2230/2230 2222/2222/2222
f 2229/2229/2229 2222/2222/2222 2221/2221/2221
f 2230/2230/2230 2231/2231/2231 2226/2226/2226
f 2230/2230/2230 2226/2226/2226 2222/2222/2222
f 2232/2232/2232 2233/2233/2233 2228/2228/2228
f 2232/2232/2232 2228/2228/2228 2227/2227/2227
f 2234/2234/2234 2235/2235/2235 2230/2230/2230
f 2234/2234/2234 2230/2230/2230 2229/2229/2229
f 2235/2235/2235 2236/2236/2236 2231/2231/2231
f 2235/2235/2235 2231/2231/2231 2230/2230/2230
f 2237/2237/2237 2238/2238/2238 2233/2233/2233
f 2237/2237/2237 2233/2233/2233 2232/2232/2232
f 2239/2239/2239 2240/2240/2240 2236/2236/2236
f 2239/2239/2239 2236/2236/2236 2235/2235/2235
f 2241/2241/2241 2242/2242/2242 2240/2240/2240
f 2241/2241/2241 2240/2240/2240 2239/2239/2239
f 2243/2243/2243 2244/2244/2244 2238/2238/2238
f 2243/2243/2243 2238/2238/2238 2237/2237/2237
f 2245/2245/2245 2239/2239/2239 2235/2235/2235
f 2245/2245/2245 2235/2235/2235 2234/2234/2234
f 2246/2246/2246 2247/2247/2247 2242/2242/2242
f 2246/2246/2246 2242/2242/2242 2241/2241/2241
f 2248/2248/2248 2249/2249/2249 2244/2244/2244
f 2248/2248/2248 2244/2244/2244 2243/2243/2243
f 2250/2250/2250 2241/2241/2241 2239/2239/2239
f 2250/2250/2250 2239/2239/2239 2245/2245/2245
f 2251/2251/2251 2252/2252/2252 2253/2253/2253
f 2251/2251/2251 2253/2253/2253 2254/2254/2254
f 2254/2254/2254 2253/2253/2253 2249/2249/2249
f 2254/2254/2254 2249/2249/2249 2248/2248/2248
f 2255/2255/2255 2256/2256/2256 2241/2241/2241
f 2255/2255/2255 2241/2241/2241 2250/2250/2250
f 2257/2257/2257 2258/2258/2258 2252/2252/2252
f 2257/2257/2257 2252/2252/2252 2251/2251/2251
f 2259/2259/2259 2260/2260/2260 2261/2261/2261
f 2259/2259/2259 2261/2261/2261 2255/2255/2255
f 2260/2260/2260 2262/2262/2262 2247/2247/2247
f 2260/2260/2260 2247/2247/2247 2263/2263/2263
f 2264/2264/2264 2265/2265/2265 2258/2258/2258
f 2264/2264/2264 2258/2258/2258 2257/2257/2257
f 2266/2266/2266 2267/2267/2267 2260/2260/2260
f 2266/2266/2266 2260/2260/2260 2259/2259/2259
f 2267/2267/2267 2268/2268/2268 2262/2262/2262
f 2267/2267/2267 2262/2262/2262 2260/2260/2260
f 2269/2269/2269 2270/2270/2270 2271/2271/2271
f 2269/2269/2269 2271/2271/2271 2272/2272/2272
f 2272/2272/2272 2271/2271/2271 2267/2267/2267
f 2272/2272/2272 2267/2267/2267 2266/2266/2266
f 2271/2271/2271 2273/2273/2273 2268/2268/2268
f 2271/2271/2271 2268/2268/2268 2267/2267/2267
f 2274/2274/2274 2275/2275/2275 2270/2270/2270
f 2274/2274/2274 2270/2270/2270 2269/2269/2269
f 2215/2215/2215 2214/2214/2214 2199/2199/2199
f 2215/2215/2215 2199/2199/2199 2198/2198/2198
f 2270/2270/2270 2276/2276/2276 2273/2273/2273
f 2270/2270/2270 2273/2273/2273 2271/2271/2271
f 2277/2277/2277 2278/2278/2278 2265/2265/2265
f 2277/2277/2277 2265/2265/2265 2264/2264/2264
f 2279/2279/2279 2275/2275/2275 2205/2205/2205
f 2279/2279/2279 2205/2205/2205 2208/2208/2208
f 2275/2275/2275 2279/2279/2279 2276/2276/2276
f 2275/2275/2275 2276/2276/2276 2270/2270/2270
f 2197/2197/2197 2200/2200/2200 2278/2278/2278
f 2197/2197/2197 2278/2278/2278 2277/2277/2277
f 2275/2275/2275 2274/2274/2274 2206/2206/2206
f 2275/2275/2275 2206/2206/2206 2205/2205/2205
f 2272/2272/2272 2266/2266/2266 2280/2280/2280
f 2272/2272/2272 2280/2280/2280 2269/2269/2269
f 2266/2266/2266 2259/2259/2259 2281/2281/2281
f 2266/2266/2266 2281/2281/2281 2280/2280/2280
f 2259/2259/2259 2255/2255/2255 2282/2282/2282
f 2259/2259/2259 2282/2282/2282 2281/2281/2281
f 2255/2255/2255 2250/2250/2250 2245/2245/2245
f 2255/2255/2255 2245/2245/2245 2282/2282/2282
f 2269/2269/2269 2280/2280/2280 2283/2283/2283
f 2269/2269/2269 2283/2283/2283 2274/2274/2274
f 2280/2280/2280 2281/2281/2281 2284/2284/2284
f 2280/2280/2280 2284/2284/2284 2283/2283/2283
f 2281/2281/2281 2282/2282/2282 2285/2285/2285
f 2281/2281/2281 2285/2285/2285 2284/2284/2284
f 2282/2282/2282 2245/2245/2245 2234/2234/2234
f 2282/2282/2282 2234/2234/2234 2285/2285/2285
f 2274/2274/2274 2283/2283/2283 2286/2286/2286
f 2274/2274/2274 2286/2286/2286 2206/2206/2206
f 2283/2283/2283 2284/2284/2284 2287/2287/2287
f 2283/2283/2283 2287/2287/2287 2286/2286/2286
f 2284/2284/2284 2285/2285/2285 2288/2288/2288
f 2284/2284/2284 2288/2288/2288 2287/2287/2287
f 2285/2285/2285 2234/2234/2234 2229/2229/2229
f 2285/2285/2285 2229/2229/2229 2288/2288/2288
f 2206/2206/2206 2286/2286/2286 2201/2201/2201
f 2206/2206/2206 2201/2201/2201 2204/2204/2204
f 2286/2286/2286 2287/2287/2287 2209/2209/2209
f 2286/2286/2286 2209/2209/2209 2201/2201/2201
f 2287/2287/2287 2288/2288/2288 2216/2216/2216
f 2287/2287/2287 2216/2216/2216 2209/2209/2209
f 2288/2288/2288 2229/2229/2229 2221/2221/2221
f 2288/2288/2288 2221/2221/2221 2216/2216/2216
f 2289/2289/2289 2290/2290/2290 2291/2291/2291
f 2289/2289/2289 2291/2291/2291 2292/2292/2292
f 2293/2293/2293 2294/2294/2294 2295/2295/2295
f 2293/2293/2293 2295/2295/2295 2296/2296/2296
f 2296/2296/2296 2295/2295/2295 2297/2297/2297
f 2296/2296/2296 2297/2297/2297 2298/2298/2298
f 2295/2295/2295 2299/2299/2299 2300/2300/2300
f 2295/2295/2295 2300/2300/2300 2297/2297/2297
f 2301/2301/2301 2302/2302/2302 2294/2294/2294
f 2301/2301/2301 2294/2294/2294 2293/2293/2293
f 2294/2294/2294 2303/2303/2303 2299/2299/2299
f 2294/2294/2294 2299/2299/2299 2295/2295/2295
f 2304/2304/2304 2305/2305/2305 2306/2306/2306
f 2304/2304/2304 2306/2306/2306 2307/2307/2307
f 2308/2308/2308 2309/2309/2309 2302/2302/2302
f 2308/2308/2308 2302/2302/2302 2301/2301/2301
f 2302/2302/2302 2310/2310/2310 2303/2303/2303
f 2302/2302/2302 2303/2303/2303 2294/2294/2294
f 2311/2311/2311 2312/2312/2312 2305/2305/2305
f 2311/2311/2311 2305/2305/2305 2304/2304/2304
f 2313/2313/2313 2314/2314/2314 2309/2309/2309
f 2313/2313/2313 2309/2309/2309 2308/2308/2308
f 2309/2309/2309 2315/2315/2315 2310/2310/2310
f 2309/2309/2309 2310/2310/2310 2302/2302/2302
f 2316/2316/2316 2317/2317/2317 2312/2312/2312
f 2316/2316/2316 2312/2312/2312 2311/2311/2311
f 2314/2314/2314 2318/2318/2318 2315/2315/2315
f 2314/2314/2314 2315/2315/2315 2309/2309/2309
f 2319/2319/2319 2320/2320/2320 2317/2317/2317
f 2319/2319/2319 2317/2317/2317 2316/2316/2316
f 2321/2321/2321 2322/2322/2322 2314/2314/2314
f 2321/2321/2321 2314/2314/2314 2313/2313/2313
f 2322/2322/2322 2323/2323/2323 2318/2318/2318
f 2322/2322/2322 2318/2318/2318 2314/2314/2314
f 2324/2324/2324 2325/2325/2325 2320/2320/2320
f 2324/2324/2324 2320/2320/2320 2319/2319/2319
f 2326/2326/2326 2327/2327/2327 2322/2322/2322
f 2326/2326/2326 2322/2322/2322 2321/2321/2321
f 2327/2327/2327 2328/2328/2328 2323/2323/2323
f 2327/2327/2327 2323/2323/2323 2322/2322/2322
f 2329/2329/2329 2330/2330/2330 2325/2325/2325
f 2329/2329/2329 2325/2325/2325 2324/2324/2324
f 2331/2331/2331 2332/2332/2332 2328/2328/2328
f 2331/2331/2331 2328/2328/2328 2327/2327/2327
f 2333/2333/2333 2334/2334/2334 2332/2332/2332
f 2333/2333/2333 2332/2332/2332 2331/2331/2331
f 2335/2335/2335 2336/2336/2336 2330/2330/2330
f 2335/2335/2335 2330/2330/2330 2329/2329/2329
f 2337/2337/2337 2331/2331/2331 2327/2327/2327
f 2337/2337/2337 2327/2327/2327 2326/2326/2326
f 2338/2338/2338 2339/2339/2339 2334/2334/2334
f 2338/2338/2338 2334/2334/2334 2333/2333/2333
f 2340/2340/2340 2341/2341/2341 2336/2336/2336
f 2340/2340/2340 2336/2336/2336 2335/2335/2335
f 2342/2342/2342 2333/2333/2333 2331/2331/2331
f 2342/2342/2342 2331/2331/2331 2337/2337/2337
f 2343/2343/2343 2344/2344/2344 2345/2345/2345
f 2343/2343/2343 2345/2345/2345 2346/2346/2346
f 2346/2346/2346 2345/2345/2345 2341/2341/2341
f 2346/2346/2346 2341/2341/2341 2340/2340/2340
f 2347/2347/2347 2338/2338/2338 2333/2333/2333
f 2347/2347/2347 2333/2333/2333 2342/2342/2342
f 2348/2348/2348 2349/2349/2349 2344/2344/2344
f 2348/2348/2348 2344/2344/2344 2343/2343/2343
f 2350/2350/2350 2351/2351/2351 2338/2338/2338
f 2350/2350/2350 2338/2338/2338 2347/2347/2347
f 2351/2351/2351 2352/2352/2352 2339/2339/2339
f 2351/2351/2351 2339/2339/2339 2338/2338/2338
f 2353/2353/2353 2354/2354/2354 2349/2349/2349
f 2353/2353/2353 2349/2349/2349 2348/2348/2348
f 2355/2355/2355 2356/2356/2356 2351/2351/2351
f 2355/2355/2355 2351/2351/2351 2350/2350/2350
f 2356/2356/2356 2357/2357/2357 2352/2352/2352
f 2356/2356/2356 2352/2352/2352 2351/2351/2351
f 2358/2358/2358 2359/2359/2359 2360/2360/2360
f 2358/2358/2358 2360/2360/2360 2361/2361/2361
f 2361/2361/2361 2360/2360/2360 2356/2356/2356
f 2361/2361/2361 2356/2356/2356 2355/2355/2355
f 2360/2360/2360 2362/2362/2362 2357/2357/2357
f 2360/2360/2360 2357/2357/2357 2356/2356/2356
f 2363/2363/2363 2364/2364/2364 2359/2359/2359
f 2363/2363/2363 2359/2359/2359 2358/2358/2358
f 2307/2307/2307 2306/2306/2306 2291/2291/2291
f 2307/2307/2307 2291/2291/2291 2290/2290/2290
f 2359/2359/2359 2365/2365/2365 2362/2362/2362
f 2359/2359/2359 2362/2362/2362 2360/2360/2360
f 2366/2366/2366 2367/2367/2367 2354/2354/2354
f 2366/2366/2366 2354/2354/2354 2353/2353/2353
f 2368/2368/2368 2364/2364/2364 2297/2297/2297
f 2368/2368/2368 2297/2297/2297 2300/2300/2300
f 2364/2364/2364 2368/2368/2368 2365/2365/2365
f 2364/2364/2364 2365/2365/2365 2359/2359/2359
f 2289/2289/2289 2292/2292/2292 2367/2367/2367
f 2289/2289/2289 2367/2367/2367 2369/2369/2369
f 2364/2364/2364 2363/2363/2363 2298/2298/2298
f 2364/2364/2364 2298/2298/2298 2297/2297/2297
f 2361/2361/2361 2355/2355/2355 2370/2370/2370
f 2361/2361/2361 2370/2370/2370 2358/2358/2358
f 2355/2355/2355 2350/2350/2350 2371/2371/2371
f 2355/2355/2355 2371/2371/2371 2370/2370/2370
f 2350/2350/2350 2347/2347/2347 2372/2372/2372
f 2350/2350/2350 2372/2372/2372 2371/2371/2371
f 2347/2347/2347 2342/2342/2342 2337/2337/2337
f 2347/2347/2347 2337/2337/2337 2372/2372/2372
f 2358/2358/2358 2370/2370/2370 2373/2373/2373
f 2358/2358/2358 2373/2373/2373 2363/2363/2363
f 2370/2370/2370 2371/2371/2371 2374/2374/2374
f 2370/2370/2370 2374/2374/2374 2373/2373/2373
f 2371/2371/2371 2372/2372/2372 2375/2375/2375
f 2371/2371/2371 2375/2375/2375 2374/2374/2374
f 2372/2372/2372 2337/2337/2337 2326/2326/2326
f 2372/2372/2372 2326/2326/2326 2375/2375/2375
f 2363/2363/2363 2373/2373/2373 2376/2376/2376
f 2363/2363/2363 2376/2376/2376 2298/2298/2298
f 2373/2373/2373 2374/2374/2374 2377/2377/2377
f 2373/2373/2373 2377/2377/2377 2376/2376/2376
f 2374/2374/2374 2375/2375/2375 2378/2378/2378
f 2374/2374/2374 2378/2378/2378 2377/2377/2377
f 2375/2375/2375 2326/2326/2326 2321/2321/2321
f 2375/2375/2375 2321/2321/2321 2378/2378/2378
f 2298/2298/2298 2376/2376/2376 2293/2293/2293
f 2298/2298/2298 2293/2293/2293 2296/2296/2296
f 2376/2376/2376 2377/2377/2377 2301/2301/2301
f 2376/2376/2376 2301/2301/2301 2293/2293/2293
f 2377/2377/2377 2378/2378/2378 2308/2308/2308
f 2377/2377/2377 2308/2308/2308 2301/2301/2301
f 2378/2378/2378 2321/2321/2321 2313/2313/2313
f 2378/2378/2378 2313/2313/2313 2308/2308/2308
f 2379/2379/2379 2380/2380/2380 2381/2381/2381
f 2379/2379/2379 2381/2381/2381 2382/2382/2382
f 2383/2383/2383 2384/2384/2384 2385/2385/2385
f 2383/2383/2383 2385/2385/2385 2386/2386/2386
f 2384/2384/2384 2387/2387/2387 2388/2388/2388
f 2384/2384/2384 2388/2388/2388 2385/2385/2385
f 2385/2385/2385 2388/2388/2388 2389/2389/2389
f 2385/2385/2385 2389/2389/2389 2390/2390/2390
f 2391/2391/2391 2383/2383/2383 2386/2386/2386
f 2391/2391/2391 2386/2386/2386 2392/2392/2392
f 2386/2386/2386 2385/2385/2385 2393/2393/2393
f 2386/2386/2386 2393/2393/2393 2394/2394/2394
f 2395/2395/2395 2396/2396/2396 2397/2397/2397
f 2395/2395/2395 2397/2397/2397 2398/2398/2398
f 2399/2399/2399 2391/2391/2391 2392/2392/2392
f 2399/2399/2399 2392/2392/2392 2400/2400/2400
f 2392/2392/2392 2386/2386/2386 2394/2394/2394
f 2392/2392/2392 2394/2394/2394 2401/2401/2401
f 2402/2402/2402 2395/2395/2395 2398/2398/2398
f 2402/2402/2402 2398/2398/2398 2403/2403/2403
f 2404/2404/2404 2399/2399/2399 2400/2400/2400
f 2404/2404/2404 2400/2400/2400 2405/2405/2405
f 2400/2400/2400 2392/2392/2392 2401/2401/2401
f 2400/2400/2400 2401/2401/2401 2406/2406/2406
f 2407/2407/2407 2402/2402/2402 2403/2403/2403
f 2407/2407/2407 2403/2403/2403 2408/2408/2408
f 2405/2405/2405 2400/2400/2400 2406/2406/2406
f 2405/2405/2405 2406/2406/2406 2409/2409/2409
f 2410/2410/2410 2407/2407/2407 2408/2408/2408
f 2410/2410/2410 2408/2408/2408 2411/2411/2411
f 2412/2412/2412 2404/2404/2404 2405/2405/2405
f 2412/2412/2412 2405/2405/2405 2413/2413/2413
f 2413/2413/2413 2405/2405/2405 2409/2409/2409
f 2413/2413/2413 2409/2409/2409 2414/2414/2414
f 2415/2415/2415 2410/2410/2410 2411/2411/2411
f 2415/2415/2415 2411/2411/2411 2416/2416/2416
f 2417/2417/2417 2412/2412/2412 2413/2413/2413
f 2417/2417/2417 2413/2413/2413 2418/2418/2418
f 2418/2418/2418 2413/2413/2413 2414/2414/2414
f 2418/2418/2418 2414/2414/2414 2419/2419/2419
f 2420/2420/2420 2415/2415/2415 2416/2416/2416
f 2420/2420/2420 2416/2416/2416 2421/2421/2421
f 2422/2422/2422 2418/2418/2418 2419/2419/2419
f 2422/2422/2422 2419/2419/2419 2423/2423/2423
f 2424/2424/2424 2422/2422/2422 2423/2423/2423
f 2424/2424/2424 2423/2423/2423 2425/2425/2425
f 2426/2426/2426 2427/2427/2427 2421/2421/2421
f 2426/2426/2426 2421/2421/2421 2428/2428/2428
f 2429/2429/2429 2417/2417/2417 2418/2418/2418
f 2429/2429/2429 2418/2418/2418 2422/2422/2422
f 2430/2430/2430 2424/2424/2424 2425/2425/2425
f 2430/2430/2430 2425/2425/2425 2431/2431/2431
f 2432/2432/2432 2426/2426/2426 2428/2428/2428
f 2432/2432/2432 2428/2428/2428 2433/2433/2433
f 2434/2434/2434 2429/2429/2429 2422/2422/2422
f 2434/2434/2434 2422/2422/2422 2424/2424/2424
f 2435/2435/2435 2436/2436/2436 2437/2437/2437
f 2435/2435/2435 2437/2437/2437 2438/2438/2438
f 2436/2436/2436 2432/2432/2432 2433/2433/2433
f 2436/2436/2436 2433/2433/2433 2437/2437/2437
f 2439/2439/2439 2434/2434/2434 2424/2424/2424
f 2439/2439/2439 2424/2424/2424 2430/2430/2430
f 2440/2440/2440 2435/2435/2435 2438/2438/2438
f 2440/2440/2440 2438/2438/2438 2441/2441/2441
f 2442/2442/2442 2439/2439/2439 2430/2430/2430
f 2442/2442/2442 2430/2430/2430 2443/2443/2443
f 2443/2443/2443 2430/2430/2430 2431/2431/2431
f 2443/2443/2443 2431/2431/2431 2444/2444/2444
f 2445/2445/2445 2440/2440/2440 2441/2441/2441
f 2445/2445/2445 2441/2441/2441 2446/2446/2446
f 2447/2447/2447 2442/2442/2442 2443/2443/2443
f 2447/2447/2447 2443/2443/2443 2448/2448/2448
f 2448/2448/2448 2443/2443/2443 2444/2444/2444
f 2448/2448/2448 2444/2444/2444 2449/2449/2449
f 2450/2450/2450 2451/2451/2451 2452/2452/2452
f 2450/2450/2450 2452/2452/2452 2453/2453/2453
f 2451/2451/2451 2447/2447/2447 2448/2448/2448
f 2451/2451/2451 2448/2448/2448 2452/2452/2452
f 2452/2452/2452 2448/2448/2448 2449/2449/2449
f 2452/2452/2452 2449/2449/2449 2454/2454/2454
f 2455/2455/2455 2450/2450/2450 2453/2453/2453
f 2455/2455/2455 2453/2453/2453 2456/2456/2456
f 2396/2396/2396 2382/2382/2382 2381/2381/2381
f 2396/2396/2396 2381/2381/2381 2397/2397/2397
f 2453/2453/2453 2452/2452/2452 2454/2454/2454
f 2453/2453/2453 2454/2454/2454 2457/2457/2457
f 2458/2458/2458 2445/2445/2445 2446/2446/2446
f 2458/2458/2458 2446/2446/2446 2459/2459/2459
f 2460/2460/2460 2389/2389/2389 2388/2388/2388
f 2460/2460/2460 2388/2388/2388 2456/2456/2456
f 2456/2456/2456 2453/2453/2453 2457/2457/2457
f 2456/2456/2456 2457/2457/2457 2460/2460/2460
f 2379/2379/2379 2458/2458/2458 2461/2461/2461
f 2379/2379/2379 2461/2461/2461 2380/2380/2380
f 2456/2456/2456 2388/2388/2388 2387/2387/2387
f 2456/2456/2456 2387/2387/2387 2455/2455/2455
f 2451/2451/2451 2450/2450/2450 2462/2462/2462
f 2451/2451/2451 2462/2462/2462 2447/2447/2447
f 2447/2447/2447 2462/2462/2462 2463/2463/2463
f 2447/2447/2447 2463/2463/2463 2442/2442/2442
f 2442/2442/2442 2463/2463/2463 2464/2464/2464
f 2442/2442/2442 2464/2464/2464 2439/2439/2439
f 2439/2439/2439 2464/2464/2464 2429/2429/2429
f 2439/2439/2439 2429/2429/2429 2434/2434/2434
f 2450/2450/2450 2455/2455/2455 2465/2465/2465
f 2450/2450/2450 2465/2465/2465 2462/2462/2462
f 2462/2462/2462 2465/2465/2465 2466/2466/2466
f 2462/2462/2462 2466/2466/2466 2463/2463/2463
f 2463/2463/2463 2466/2466/2466 2467/2467/2467
f 2463/2463/2463 2467/2467/2467 2464/2464/2464
f 2464/2464/2464 2467/2467/2467 2417/2417/2417
f 2464/2464/2464 2417/2417/2417 2429/2429/2429
f 2455/2455/2455 2387/2387/2387 2468/2468/2468
f 2455/2455/2455 2468/2468/2468 2465/2465/2465
f 2465/2465/2465 2468/2468/2468 2469/2469/2469
f 2465/2465/2465 2469/2469/2469 2466/2466/2466
f 2466/2466/2466 2469/2469/2469 2470/2470/2470
f 2466/2466/2466 2470/2470/2470 2467/2467/2467
f 2467/2467/2467 2470/2470/2470 2412/2412/2412
f 2467/2467/2467 2412/2412/2412 2417/2417/2417
f 2387/2387/2387 2384/2384/2384 2383/2383/2383
f 2387/2387/2387 2383/2383/2383 2468/2468/2468
f 2468/2468/2468 2383/2383/2383 2391/2391/2391
f 2468/2468/2468 2391/2391/2391 2469/2469/2469
f 2469/2469/2469 2391/2391/2391 2399/2399/2399
f 2469/2469/2469 2399/2399/2399 2470/2470/2470
f 2470/2470/2470 2399/2399/2399 2404/2404/2404
f 2470/2470/2470 2404/2404/2404 2412/2412/2412
f 2471/2471/2471 2472/2472/2472 2473/2473/2473
f 2471/2471/2471 2473/2473/2473 2474/2474/2474
f 2475/2475/2475 2476/2476/2476 2477/2477/2477
f 2475/2475/2475 2477/2477/2477 2478/2478/2478
f 2478/2478/2478 2477/2477/2477 2479/2479/2479
f 2478/2478/2478 2479/2479/2479 2480/2480/2480
f 2477/2477/2477 2481/2481/2481 2482/2482/2482
f 2477/2477/2477 2482/2482/2482 2479/2479/2479
f 2483/2483/2483 2484/2484/2484 2485/2485/2485
f 2483/2483/2483 2485/2485/2485 2475/2475/2475
f 2486/2486/2486 2487/2487/2487 2488/2488/2488
f 2486/2486/2486 2488/2488/2488 2477/2477/2477
f 2489/2489/2489 2490/2490/2490 2491/2491/2491
f 2489/2489/2489 2491/2491/2491 2492/2492/2492
f 2493/2493/2493 2494/2494/2494 2484/2484/2484
f 2493/2493/2493 2484/2484/2484 2483/2483/2483
f 2484/2484/2484 2495/2495/2495 2487/2487/2487
f 2484/2484/2484 2487/2487/2487 2496/2496/2496
f 2497/2497/2497 2498/2498/2498 2490/2490/2490
f 2497/2497/2497 2490/2490/2490 2489/2489/2489
f 2499/2499/2499 2500/2500/2500 2494/2494/2494
f 2499/2499/2499 2494/2494/2494 2493/2493/2493
f 2494/2494/2494 2501/2501/2501 2495/2495/2495
f 2494/2494/2494 2495/2495/2495 2484/2484/2484
f 2502/2502/2502 2503/2503/2503 2498/2498/2498
f 2502/2502/2502 2498/2498/2498 2497/2497/2497
f 2500/2500/2500 2504/2504/2504 2501/2501/2501
f 2500/2500/2500 2501/2501/2501 2494/2494/2494
f 2505/2505/2505 2506/2506/2506 2503/2503/2503
f 2505/2505/2505 2503/2503/2503 2502/2502/2502
f 2507/2507/2507 2508/2508/2508 2500/2500/2500
f 2507/2507/2507 2500/2500/2500 2499/2499/2499
f 2509/2509/2509 2510/2510/2510 2504/2504/2504
f 2509/2509/2509 2504/2504/2504 2500/2500/2500
f 2511/2511/2511 2512/2512/2512 2506/2506/2506
f 2511/2511/2511 2506/2506/2506 2505/2505/2505
f 2513/2513/2513 2514/2514/2514 2515/2515/2515
f 2513/2513/2513 2515/2515/2515 2507/2507/2507
f 2514/2514/2514 2516/2516/2516 2517/2517/2517
f 2514/2514/2514 2517/2517/2517 2518/2518/2518
f 2519/2519/2519 2520/2520/2520 2512/2512/2512
f 2519/2519/2519 2512/2512/2512 2511/2511/2511
f 2521/2521/2521 2522/2522/2522 2516/2516/2516
f 2521/2521/2521 2516/2516/2516 2514/2514/2514
f 2523/2523/2523 2524/2524/2524 2522/2522/2522
f 2523/2523/2523 2522/2522/2522 2521/2521/2521
f 2525/2525/2525 2526/2526/2526 2520/2520/2520
f 2525/2525/2525 2520/2520/2520 2519/2519/2519
f 2527/2527/2527 2521/2521/2521 2514/2514/2514
f 2527/2527/2527 2514/2514/2514 2513/2513/2513
f 2528/2528/2528 2529/2529/2529 2524/2524/2524
f 2528/2528/2528 2524/2524/2524 2523/2523/2523
f 2530/2530/2530 2531/2531/2531 2526/2526/2526
f 2530/2530/2530 2526/2526/2526 2525/2525/2525
f 2532/2532/2532 2523/2523/2523 2521/2521/2521
f 2532/2532/2532 2521/2521/2521 2527/2527/2527
f 2533/2533/2533 2534/2534/2534 2535/2535/2535
f 2533/2533/2533 2535/2535/2535 2536/2536/2536
f 2536/2536/2536 2535/2535/2535 2531/2531/2531
f 2536/2536/2536 2531/2531/2531 2530/2530/2530
f 2537/2537/2537 2528/2528/2528 2523/2523/2523
f 2537/2537/2537 2523/2523/2523 2532/2532/2532
f 2538/2538/2538 2539/2539/2539 2534/2534/2534
f 2538/2538/2538 2534/2534/2534 2540/2540/2540
f 2541/2541/2541 2542/2542/2542 2528/2528/2528
f 2541/2541/2541 2528/2528/2528 2537/2537/2537
f 2542/2542/2542 2543/2543/2543 2529/2529/2529
f 2542/2542/2542 2529/2529/2529 2528/2528/2528
f 2544/2544/2544 2545/2545/2545 2539/2539/2539
f 2544/2544/2544 2539/2539/2539 2538/2538/2538
f 2546/2546/2546 2547/2547/2547 2542/2542/2542
f 2546/2546/2546 2542/2542/2542 2541/2541/2541
f 2547/2547/2547 2548/2548/2548 2543/2543/2543
f 2547/2547/2547 2543/2543/2543 2542/2542/2542
f 2549/2549/2549 2550/2550/2550 2551/2551/2551
f 2549/2549/2549 2551/2551/2551 2552/2552/2552
f 2552/2552/2552 2551/2551/2551 2547/2547/2547
f 2552/2552/2552 2547/2547/2547 2546/2546/2546
f 2551/2551/2551 2553/2553/2553 2548/2548/2548
f 2551/2551/2551 2548/2548/2548 2547/2547/2547
f 2554/2554/2554 2555/2555/2555 2550/2550/2550
f 2554/2554/2554 2550/2550/2550 2549/2549/2549
f 2492/2492/2492 2491/2491/2491 2473/2473/2473
f 2492/2492/2492 2473/2473/2473 2472/2472/2472
f 2550/2550/2550 2556/2556/2556 2553/2553/2553
f 2550/2550/2550 2553/2553/2553 2551/2551/2551
f 2557/2557/2557 2558/2558/2558 2545/2545/2545
f 2557/2557/2557 2545/2545/2545 2544/2544/2544
f 2559/2559/2559 2555/2555/2555 2479/2479/2479
f 2559/2559/2559 2479/2479/2479 2482/2482/2482
f 2555/2555/2555 2559/2559/2559 2556/2556/2556
f 2555/2555/2555 2556/2556/2556 2550/2550/2550
f 2560/2560/2560 2474/2474/2474 2558/2558/2558
f 2560/2560/2560 2558/2558/2558 2557/2557/2557
f 2555/2555/2555 2554/2554/2554 2480/2480/2480
f 2555/2555/2555 2480/2480/2480 2479/2479/2479
f 2552/2552/2552 2546/2546/2546 2561/2561/2561
f 2552/2552/2552 2561/2561/2561 2549/2549/2549
f 2546/2546/2546 2541/2541/2541 2562/2562/2562
f 2546/2546/2546 2562/2562/2562 2561/2561/2561
f 2541/2541/2541 2537/2537/2537 2563/2563/2563
f 2541/2541/2541 2563/2563/2563 2562/2562/2562
f 2537/2537/2537 2532/2532/2532 2527/2527/2527
f 2537/2537/2537 2527/2527/2527 2563/2563/2563
f 2549/2549/2549 2561/2561/2561 2564/2564/2564
f 2549/2549/2549 2564/2564/2564 2554/2554/2554
f 2561/2561/2561 2562/2562/2562 2565/2565/2565
f 2561/2561/2561 2565/2565/2565 2564/2564/2564
f 2562/2562/2562 2563/2563/2563 2566/2566/2566
f 2562/2562/2562 2566/2566/2566 2565/2565/2565
f 2563/2563/2563 2527/2527/2527 2513/2513/2513
f 2563/2563/2563 2513/2513/2513 2566/2566/2566
f 2554/2554/2554 2564/2564/2564 2567/2567/2567
f 2554/2554/2554 2567/2567/2567 2480/2480/2480
f 2564/2564/2564 2565/2565/2565 2568/2568/2568
f 2564/2564/2564 2568/2568/2568 2567/2567/2567
f 2565/2565/2565 2566/2566/2566 2569/2569/2569
f 2565/2565/2565 2569/2569/2569 2568/2568/2568
f 2566/2566/2566 2513/2513/2513 2507/2507/2507
f 2566/2566/2566 2507/2507/2507 2569/2569/2569
f 2480/2480/2480 2567/2567/2567 2475/2475/2475
f 2480/2480/2480 2475/2475/2475 2478/2478/2478
f 2567/2567/2567 2568/2568/2568 2483/2483/2483
f 2567/2567/2567 2483/2483/2483 2475/2475/2475
f 2568/2568/2568 2569/2569/2569 2493/2493/2493
f 2568/2568/2568 2493/2493/2493 2483/2483/2483
f 2569/2569/2569 2507/2507/2507 2499/2499/2499
f 2569/2569/2569 2499/2499/2499 2493/2493/2493
f 2570/2570/2570 2571/2571/2571 2572/2572/2572
f 2570/2570/2570 2572/2572/2572 2573/2573/2573
f 2574/2574/2574 2575/2575/2575 2576/2576/2576
f 2574/2574/2574 2576/2576/2576 2577/2577/2577
f 2577/2577/2577 2576/2576/2576 2578/2578/2578
f 2577/2577/2577 2578/2578/2578 2579/2579/2579
f 2576/2576/2576 2580/2580/2580 2581/2581/2581
f 2576/2576/2576 2581/2581/2581 2578/2578/2578
f 2582/2582/2582 2583/2583/2583 2575/2575/2575
f 2582/2582/2582 2575/2575/2575 2574/2574/2574
f 2575/2575/2575 2584/2584/2584 2580/2580/2580
f 2575/2575/2575 2580/2580/2580 2576/2576/2576
f 2585/2585/2585 2586/2586/2586 2587/2587/2587
f 2585/2585/2585 2587/2587/2587 2588/2588/2588
f 2589/2589/2589 2590/2590/2590 2583/2583/2583
f 2589/2589/2589 2583/2583/2583 2582/2582/2582
f 2583/2583/2583 2591/2591/2591 2584/2584/2584
f 2583/2583/2583 2584/2584/2584 2575/2575/2575
f 2592/2592/2592 2593/2593/2593 2586/2586/2586
f 2592/2592/2592 2586/2586/2586 2585/2585/2585
f 2594/2594/2594 2595/2595/2595 2596/2596/2596
f 2594/2594/2594 2596/2596/2596 2589/2589/2589
f 2597/2597/2597 2598/2598/2598 2591/2591/2591
f 2597/2597/2597 2591/2591/2591 2583/2583/2583
f 2599/2599/2599 2600/2600/2600 2593/2593/2593
f 2599/2599/2599 2593/2593/2593 2592/2592/2592
f 2595/2595/2595 2601/2601/2601 2598/2598/2598
f 2595/2595/2595 2598/2598/2598 2602/2602/2602
f 2603/2603/2603 2604/2604/2604 2600/2600/2600
f 2603/2603/2603 2600/2600/2600 2599/2599/2599
f 2605/2605/2605 2606/2606/2606 2595/2595/2595
f 2605/2605/2605 2595/2595/2595 2594/2594/2594
f 2606/2606/2606 2607/2607/2607 2601/2601/2601
f 2606/2606/2606 2601/2601/2601 2595/2595/2595
f 2608/2608/2608 2609/2609/2609 2604/2604/2604
f 2608/2608/2608 2604/2604/2604 2603/2603/2603
f 2610/2610/2610 2611/2611/2611 2606/2606/2606
f 2610/2610/2610 2606/2606/2606 2605/2605/2605
f 2611/2611/2611 2612/2612/2612 2607/2607/2607
f 2611/2611/2611 2607/2607/2607 2606/2606/2606
f 2613/2613/2613 2614/2614/2614 2609/2609/2609
f 2613/2613/2613 2609/2609/2609 2608/2608/2608
f 2615/2615/2615 2616/2616/2616 2612/2612/2612
f 2615/2615/2615 2612/2612/2612 2611/2611/2611
f 2617/2617/2617 2618/2618/2618 2616/2616/2616
f 2617/2617/2617 2616/2616/2616 2615/2615/2615
f 2619/2619/2619 2620/2620/2620 2614/2614/2614
f 2619/2619/2619 2614/2614/2614 2613/2613/2613
f 2621/2621/2621 2615/2615/2615 2611/2611/2611
f 2621/2621/2621 2611/2611/2611 2610/2610/2610
f 2622/2622/2622 2623/2623/2623 2618/2618/2618
f 2622/2622/2622 2618/2618/2618 2617/2617/2617
f 2624/2624/2624 2625/2625/2625 2620/2620/2620
f 2624/2624/2624 2620/2620/2620 2619/2619/2619
f 2626/2626/2626 2617/2617/2617 2615/2615/2615
f 2626/2626/2626 2615/2615/2615 2627/2627/2627
f 2628/2628/2628 2629/2629/2629 2630/2630/2630
f 2628/2628/2628 2630/2630/2630 2631/2631/2631
f 2631/2631/2631 2630/2630/2630 2625/2625/2625
f 2631/2631/2631 2625/2625/2625 2624/2624/2624
f 2632/2632/2632 2622/2622/2622 2617/2617/2617
f 2632/2632/2632 2617/2617/2617 2626/2626/2626
f 2633/2633/2633 2634/2634/2634 2629/2629/2629
f 2633/2633/2633 2629/2629/2629 2628/2628/2628
f 2635/2635/2635 2636/2636/2636 2622/2622/2622
f 2635/2635/2635 2622/2622/2622 2637/2637/2637
f 2636/2636/2636 2638/2638/2638 2623/2623/2623
f 2636/2636/2636 2623/2623/2623 2622/2622/2622
f 2639/2639/2639 2640/2640/2640 2634/2634/2634
f 2639/2639/2639 2634/2634/2634 2633/2633/2633
f 2641/2641/2641 2642/2642/2642 2636/2636/2636
f 2641/2641/2641 2636/2636/2636 2635/2635/2635
f 2642/2642/2642 2643/2643/2643 2644/2644/2644
f 2642/2642/2642 2644/2644/2644 2636/2636/2636
f 2645/2645/2645 2646/2646/2646 2647/2647/2647
f 2645/2645/2645 2647/2647/2647 2648/2648/2648
f 2648/2648/2648 2647/2647/2647 2642/2642/2642
f 2648/2648/2648 2642/2642/2642 2641/2641/2641
f 2647/2647/2647 2649/2649/2649 2643/2643/2643
f 2647/2647/2647 2643/2643/2643 2642/2642/2642
f 2650/2650/2650 2651/2651/2651 2646/2646/2646
f 2650/2650/2650 2646/2646/2646 2645/2645/2645
f 2588/2588/2588 2587/2587/2587 2572/2572/2572
f 2588/2588/2588 2572/2572/2572 2571/2571/2571
f 2646/2646/2646 2652/2652/2652 2649/2649/2649
f 2646/2646/2646 2649/2649/2649 2647/2647/2647
f 2653/2653/2653 2654/2654/2654 2640/2640/2640
f 2653/2653/2653 2640/2640/2640 2639/2639/2639
f 2655/2655/2655 2651/2651/2651 2578/2578/2578
f 2655/2655/2655 2578/2578/2578 2581/2581/2581
f 2651/2651/2651 2655/2655/2655 2652/2652/2652
f 2651/2651/2651 2652/2652/2652 2646/2646/2646
f 2570/2570/2570 2573/2573/2573 2654/2654/2654
f 2570/2570/2570 2654/2654/2654 2653/2653/2653
f 2651/2651/2651 2650/2650/2650 2656/2656/2656
f 2651/2651/2651 2656/2656/2656 2578/2578/2578
f 2648/2648/2648 2641/2641/2641 2657/2657/2657
f 2648/2648/2648 2657/2657/2657 2645/2645/2645
f 2641/2641/2641 2635/2635/2635 2658/2658/2658
f 2641/2641/2641 2658/2658/2658 2657/2657/2657
f 2635/2635/2635 2659/2659/2659 2660/2660/2660
f 2635/2635/2635 2660/2660/2660 2658/2658/2658
f 2661/2661/2661 2626/2626/2626 2662/2662/2662
f 2661/2661/2661 2662/2662/2662 2660/2660/2660
f 2645/2645/2645 2657/2657/2657 2663/2663/2663
f 2645/2645/2645 2663/2663/2663 2650/2650/2650
f 2657/2657/2657 2658/2658/2658 2664/2664/2664
f 2657/2657/2657 2664/2664/2664 2665/2665/2665
f 2658/2658/2658 2660/2660/2660 2666/2666/2666
f 2658/2658/2658 2666/2666/2666 2664/2664/2664
f 2660/2660/2660 2667/2667/2667 2610/2610/2610
f 2660/2660/2660 2610/2610/2610 2666/2666/2666
f 2650/2650/2650 2668/2668/2668 2669/2669/2669
f 2650/2650/2650 2669/2669/2669 2670/2670/2670
f 2671/2671/2671 2664/2664/2664 2672/2672/2672
f 2671/2671/2671 2672/2672/2672 2669/2669/2669
f 2664/2664/2664 2666/2666/2666 2673/2673/2673
f 2664/2664/2664 2673/2673/2673 2672/2672/2672
f 2666/2666/2666 2610/2610/2610 2605/2605/2605
f 2666/2666/2666 2605/2605/2605 2673/2673/2673
f 2674/2674/2674 2669/2669/2669 2574/2574/2574
f 2674/2674/2674 2574/2574/2574 2577/2577/2577
f 2669/2669/2669 2672/2672/2672 2582/2582/2582
f 2669/2669/2669 2582/2582/2582 2574/2574/2574
f 2672/2672/2672 2673/2673/2673 2589/2589/2589
f 2672/2672/2672 2589/2589/2589 2582/2582/2582
f 2673/2673/2673 2605/2605/2605 2594/2594/2594
f 2673/2673/2673 2594/2594/2594 2589/2589/2589
f 2675/2675/2675 2676/2676/2676 2677/2677/2677
f 2675/2675/2675 2677/2677/2677 2678/2678/2678
f 2679/2679/2679 2680/2680/2680 2681/2681/2681
f 2679/2679/2679 2681/2681/2681 2682/2682/2682
f 2682/2682/2682 2681/2681/2681 2683/2683/2683
f 2682/2682/2682 2683/2683/2683 2684/2684/2684
f 2681/2681/2681 2685/2685/2685 2686/2686/2686
f 2681/2681/2681 2686/2686/2686 2683/2683/2683
f 2687/2687/2687 2688/2688/2688 2680/2680/2680
f 2687/2687/2687 2680/2680/2680 2679/2679/2679
f 2680/2680/2680 2689/2689/2689 2685/2685/2685
f 2680/2680/2680 2685/2685/2685 2681/2681/2681
f 2690/2690/2690 2691/2691/2691 2692/2692/2692
f 2690/2690/2690 2692/2692/2692 2693/2693/2693
f 2694/2694/2694 2695/2695/2695 2688/2688/2688
f 2694/2694/2694 2688/2688/2688 2687/2687/2687
f 2688/2688/2688 2696/2696/2696 2689/2689/2689
f 2688/2688/2688 2689/2689/2689 2680/2680/2680
f 2697/2697/2697 2698/2698/2698 2691/2691/2691
f 2697/2697/2697 2691/2691/2691 2690/2690/2690
f 2699/2699/2699 2700/2700/2700 2701/2701/2701
f 2699/2699/2699 2701/2701/2701 2694/2694/2694
f 2702/2702/2702 2703/2703/2703 2696/2696/2696
f 2702/2702/2702 2696/2696/2696 2688/2688/2688
f 2704/2704/2704 2705/2705/2705 2698/2698/2698
f 2704/2704/2704 2698/2698/2698 2697/2697/2697
f 2700/2700/2700 2706/2706/2706 2703/2703/2703
f 2700/2700/2700 2703/2703/2703 2707/2707/2707
f 2708/2708/2708 2709/2709/2709 2705/2705/2705
f 2708/2708/2708 2705/2705/2705 2704/2704/2704
f 2710/2710/2710 2711/2711/2711 2700/2700/2700
f 2710/2710/2710 2700/2700/2700 2699/2699/2699
f 2711/2711/2711 2712/2712/2712 2706/2706/2706
f 2711/2711/2711 2706/2706/2706 2700/2700/2700
f 2713/2713/2713 2714/2714/2714 2709/2709/2709
f 2713/2713/2713 2709/2709/2709 2708/2708/2708
f 2715/2715/2715 2716/2716/2716 2711/2711/2711
f 2715/2715/2715 2711/2711/2711 2710/2710/2710
f 2716/2716/2716 2717/2717/2717 2712/2712/2712
f 2716/2716/2716 2712/2712/2712 2711/2711/2711
f 2718/2718/2718 2719/2719/2719 2714/2714/2714
f 2718/2718/2718 2714/2714/2714 2713/2713/2713
f 2720/2720/2720 2721/2721/2721 2717/2717/2717
f 2720/2720/2720 2717/2717/2717 2716/2716/2716
f 2722/2722/2722 2723/2723/2723 2721/2721/2721
f 2722/2722/2722 2721/2721/2721 2720/2720/2720
f 2724/2724/2724 2725/2725/2725 2719/2719/2719
f 2724/2724/2724 2719/2719/2719 2718/2718/2718
f 2726/2726/2726 2720/2720/2720 2716/2716/2716
f 2726/2726/2726 2716/2716/2716 2715/2715/2715
f 2727/2727/2727 2728/2728/2728 2723/2723/2723
f 2727/2727/2727 2723/2723/2723 2722/2722/2722
f 2729/2729/2729 2730/2730/2730 2725/2725/2725
f 2729/2729/2729 2725/2725/2725 2724/2724/2724
f 2731/2731/2731 2722/2722/2722 2720/2720/2720
f 2731/2731/2731 2720/2720/2720 2726/2726/2726
f 2732/2732/2732 2733/2733/2733 2734/2734/2734
f 2732/2732/2732 2734/2734/2734 2735/2735/2735
f 2735/2735/2735 2734/2734/2734 2730/2730/2730
f 2735/2735/2735 2730/2730/2730 2729/2729/2729
f 2736/2736/2736 2727/2727/2727 2722/2722/2722
f 2736/2736/2736 2722/2722/2722 2731/2731/2731
f 2737/2737/2737 2738/2738/2738 2733/2733/2733
f 2737/2737/2737 2733/2733/2733 2732/2732/2732
f 2739/2739/2739 2740/2740/2740 2727/2727/2727
f 2739/2739/2739 2727/2727/2727 2736/2736/2736
f 2740/2740/2740 2741/2741/2741 2728/2728/2728
f 2740/2740/2740 2728/2728/2728 2727/2727/2727
f 2742/2742/2742 2743/2743/2743 2738/2738/2738
f 2742/2742/2742 2738/2738/2738 2737/2737/2737
f 2744/2744/2744 2745/2745/2745 2740/2740/2740
f 2744/2744/2744 2740/2740/2740 2739/2739/2739
f 2745/2745/2745 2746/2746/2746 2741/2741/2741
f 2745/2745/2745 2741/2741/2741 2740/2740/2740
f 2747/2747/2747 2748/2748/2748 2749/2749/2749
f 2747/2747/2747 2749/2749/2749 2750/2750/2750
f 2750/2750/2750 2749/2749/2749 2745/2745/2745
f 2750/2750/2750 2745/2745/2745 2744/2744/2744
f 2749/2749/2749 2751/2751/2751 2746/2746/2746
f 2749/2749/2749 2746/2746/2746 2745/2745/2745
f 2752/2752/2752 2753/2753/2753 2748/2748/2748
f 2752/2752/2752 2748/2748/2748 2747/2747/2747
f 2693/2693/2693 2692/2692/2692 2677/2677/2677
f 2693/2693/2693 2677/2677/2677 2676/2676/2676
f 2748/2748/2748 2754/2754/2754 2751/2751/2751
f 2748/2748/2748 2751/2751/2751 2749/2749/2749
f 2755/2755/2755 2756/2756/2756 2743/2743/2743
f 2755/2755/2755 2743/2743/2743 2742/2742/2742
f 2757/2757/2757 2753/2753/2753 2683/2683/2683
f 2757/2757/2757 2683/2683/2683 2686/2686/2686
f 2753/2753/2753 2757/2757/2757 2754/2754/2754
f 2753/2753/2753 2754/2754/2754 2748/2748/2748
f 2675/2675/2675 2678/2678/2678 2756/2756/2756
f 2675/2675/2675 2756/2756/2756 2755/2755/2755
f 2753/2753/2753 2752/2752/2752 2758/2758/2758
f 2753/2753/2753 2758/2758/2758 2683/2683/2683
f 2750/2750/2750 2744/2744/2744 2759/2759/2759
f 2750/2750/2750 2759/2759/2759 2747/2747/2747
f 2744/2744/2744 2739/2739/2739 2760/2760/2760
f 2744/2744/2744 2760/2760/2760 2759/2759/2759
f 2739/2739/2739 2736/2736/2736 2761/2761/2761
f 2739/2739/2739 2761/2761/2761 2760/2760/2760
f 2736/2736/2736 2731/2731/2731 2726/2726/2726
f 2736/2736/2736 2726/2726/2726 2761/2761/2761
f 2747/2747/2747 2759/2759/2759 2762/2762/2762
f 2747/2747/2747 2762/2762/2762 2752/2752/2752
f 2759/2759/2759 2760/2760/2760 2763/2763/2763
f 2759/2759/2759 2763/2763/2763 2764/2764/2764
f 2760/2760/2760 2761/2761/2761 2765/2765/2765
f 2760/2760/2760 2765/2765/2765 2763/2763/2763
f 2761/2761/2761 2726/2726/2726 2715/2715/2715
f 2761/2761/2761 2715/2715/2715 2765/2765/2765
f 2752/2752/2752 2766/2766/2766 2767/2767/2767
f 2752/2752/2752 2767/2767/2767 2768/2768/2768
f 2769/2769/2769 2763/2763/2763 2770/2770/2770
f 2769/2769/2769 2770/2770/2770 2767/2767/2767
f 2763/2763/2763 2765/2765/2765 2771/2771/2771
f 2763/2763/2763 2771/2771/2771 2770/2770/2770
f 2765/2765/2765 2715/2715/2715 2710/2710/2710
f 2765/2765/2765 2710/2710/2710 2771/2771/2771
f 2772/2772/2772 2767/2767/2767 2679/2679/2679
f 2772/2772/2772 2679/2679/2679 2682/2682/2682
f 2767/2767/2767 2770/2770/2770 2687/2687/2687
f 2767/2767/2767 2687/2687/2687 2679/2679/2679
f 2770/2770/2770 2771/2771/2771 2694/2694/2694
f 2770/2770/2770 2694/2694/2694 2687/2687/2687
f 2771/2771/2771 2710/2710/2710 2699/2699/2699
f 2771/2771/2771 2699/2699/2699 2694/2694/2694
f 2773/2773/2773 2774/2774/2774 2775/2775/2775
f 2773/2773/2773 2775/2775/2775 2776/2776/2776
f 2777/2777/2777 2778/2778/2778 2779/2779/2779
f 2777/2777/2777 2779/2779/2779 2780/2780/2780
f 2778/2778/2778 2781/2781/2781 2782/2782/2782
f 2778/2778/2778 2782/2782/2782 2779/2779/2779
f 2779/2779/2779 2782/2782/2782 2783/2783/2783
f 2779/2779/2779 2783/2783/2783 2784/2784/2784
f 2785/2785/2785 2777/2777/2777 2780/2780/2780
f 2785/2785/2785 2780/2780/2780 2786/2786/2786
f 2780/2780/2780 2779/2779/2779 2784/2784/2784
f 2780/2780/2780 2784/2784/2784 2787/2787/2787
f 2788/2788/2788 2789/2789/2789 2790/2790/2790
f 2788/2788/2788 2790/2790/2790 2791/2791/2791
f 2792/2792/2792 2785/2785/2785 2793/2793/2793
f 2792/2792/2792 2793/2793/2793 2794/2794/2794
f 2795/2795/2795 2780/2780/2780 2787/2787/2787
f 2795/2795/2795 2787/2787/2787 2796/2796/2796
f 2797/2797/2797 2788/2788/2788 2791/2791/2791
f 2797/2797/2797 2791/2791/2791 2798/2798/2798
f 2799/2799/2799 2792/2792/2792 2794/2794/2794
f 2799/2799/2799 2794/2794/2794 2800/2800/2800
f 2794/2794/2794 2801/2801/2801 2796/2796/2796
f 2794/2794/2794 2796/2796/2796 2802/2802/2802
f 2803/2803/2803 2797/2797/2797 2798/2798/2798
f 2803/2803/2803 2798/2798/2798 2804/2804/2804
f 2800/2800/2800 2794/2794/2794 2802/2802/2802
f 2800/2800/2800 2802/2802/2802 2805/2805/2805
f 2806/2806/2806 2803/2803/2803 2804/2804/2804
f 2806/2806/2806 2804/2804/2804 2807/2807/2807
f 2808/2808/2808 2799/2799/2799 2800/2800/2800
f 2808/2808/2808 2800/2800/2800 2809/2809/2809
f 2809/2809/2809 2800/2800/2800 2805/2805/2805
f 2809/2809/2809 2805/2805/2805 2810/2810/2810
f 2811/2811/2811 2806/2806/2806 2807/2807/2807
f 2811/2811/2811 2807/2807/2807 2812/2812/2812
f 2813/2813/2813 2808/2808/2808 2809/2809/2809
f 2813/2813/2813 2809/2809/2809 2814/2814/2814
f 2814/2814/2814 2809/2809/2809 2810/2810/2810
f 2814/2814/2814 2810/2810/2810 2815/2815/2815
f 2816/2816/2816 2811/2811/2811 2812/2812/2812
f 2816/2816/2816 2812/2812/2812 2817/2817/2817
f 2818/2818/2818 2814/2814/2814 2815/2815/2815
f 2818/2818/2818 2815/2815/2815 2819/2819/2819
f 2820/2820/2820 2818/2818/2818 2821/2821/2821
f 2820/2820/2820 2821/2821/2821 2822/2822/2822
f 2823/2823/2823 2816/2816/2816 2817/2817/2817
f 2823/2823/2823 2817/2817/2817 2824/2824/2824
f 2825/2825/2825 2813/2813/2813 2814/2814/2814
f 2825/2825/2825 2814/2814/2814 2818/2818/2818
f 2826/2826/2826 2820/2820/2820 2822/2822/2822
f 2826/2826/2826 2822/2822/2822 2827/2827/2827
f 2828/2828/2828 2823/2823/2823 2824/2824/2824
f 2828/2828/2828 2824/2824/2824 2829/2829/2829
f 2830/2830/2830 2825/2825/2825 2818/2818/2818
f 2830/2830/2830 2818/2818/2818 2820/2820/2820
f 2831/2831/2831 2832/2832/2832 2833/2833/2833
f 2831/2831/2831 2833/2833/2833 2834/2834/2834
f 2832/2832/2832 2828/2828/2828 2829/2829/2829
f 2832/2832/2832 2829/2829/2829 2833/2833/2833
f 2835/2835/2835 2830/2830/2830 2820/2820/2820
f 2835/2835/2835 2820/2820/2820 2826/2826/2826
f 2836/2836/2836 2831/2831/2831 2834/2834/2834
f 2836/2836/2836 2834/2834/2834 2837/2837/2837
f 2838/2838/2838 2835/2835/2835 2826/2826/2826
f 2838/2838/2838 2826/2826/2826 2839/2839/2839
f 2839/2839/2839 2826/2826/2826 2827/2827/2827
f 2839/2839/2839 2827/2827/2827 2840/2840/2840
f 2841/2841/2841 2836/2836/2836 2837/2837/2837
f 2841/2841/2841 2837/2837/2837 2842/2842/2842
f 2843/2843/2843 2838/2838/2838 2839/2839/2839
f 2843/2843/2843 2839/2839/2839 2844/2844/2844
f 2844/2844/2844 2839/2839/2839 2840/2840/2840
f 2844/2844/2844 2840/2840/2840 2845/2845/2845
f 2846/2846/2846 2847/2847/2847 2848/2848/2848
f 2846/2846/2846 2848/2848/2848 2849/2849/2849
f 2847/2847/2847 2843/2843/2843 2844/2844/2844
f 2847/2847/2847 2844/2844/2844 2848/2848/2848
f 2848/2848/2848 2844/2844/2844 2845/2845/2845
f 2848/2848/2848 2845/2845/2845 2850/2850/2850
f 2851/2851/2851 2846/2846/2846 2849/2849/2849
f 2851/2851/2851 2849/2849/2849 2852/2852/2852
f 2789/2789/2789 2776/2776/2776 2775/2775/2775
f 2789/2789/2789 2775/2775/2775 2790/2790/2790
f 2849/2849/2849 2848/2848/2848 2850/2850/2850
f 2849/2849/2849 2850/2850/2850 2853/2853/2853
f 2854/2854/2854 2841/2841/2841 2842/2842/2842
f 2854/2854/2854 2842/2842/2842 2855/2855/2855
f 2856/2856/2856 2783/2783/2783 2782/2782/2782
f 2856/2856/2856 2782/2782/2782 2852/2852/2852
f 2852/2852/2852 2849/2849/2849 2853/2853/2853
f 2852/2852/2852 2853/2853/2853 2856/2856/2856
f 2773/2773/2773 2854/2854/2854 2855/2855/2855
f 2773/2773/2773 2855/2855/2855 2774/2774/2774
f 2852/2852/2852 2782/2782/2782 2781/2781/2781
f 2852/2852/2852 2781/2781/2781 2851/2851/2851
f 2847/2847/2847 2846/2846/2846 2857/2857/2857
f 2847/2847/2847 2857/2857/2857 2843/2843/2843
f 2843/2843/2843 2857/2857/2857 2858/2858/2858
f 2843/2843/2843 2858/2858/2858 2838/2838/2838
f 2838/2838/2838 2858/2858/2858 2859/2859/2859
f 2838/2838/2838 2859/2859/2859 2835/2835/2835
f 2835/2835/2835 2859/2859/2859 2825/2825/2825
f 2835/2835/2835 2825/2825/2825 2830/2830/2830
f 2846/2846/2846 2851/2851/2851 2860/2860/2860
f 2846/2846/2846 2860/2860/2860 2857/2857/2857
f 2857/2857/2857 2860/2860/2860 2861/2861/2861
f 2857/2857/2857 2861/2861/2861 2858/2858/2858
f 2858/2858/2858 2861/2861/2861 2862/2862/2862
f 2858/2858/2858 2862/2862/2862 2859/2859/2859
f 2859/2859/2859 2862/2862/2862 2813/2813/2813
f 2859/2859/2859 2813/2813/2813 2825/2825/2825
f 2851/2851/2851 2781/2781/2781 2863/2863/2863
f 2851/2851/2851 2863/2863/2863 2860/2860/2860
f 2860/2860/2860 2863/2863/2863 2864/2864/2864
f 2860/2860/2860 2864/2864/2864 2861/2861/2861
f 2861/2861/2861 2864/2864/2864 2865/2865/2865
f 2861/2861/2861 2865/2865/2865 2862/2862/2862
f 2862/2862/2862 2865/2865/2865 2808/2808/2808
f 2862/2862/2862 2808/2808/2808 2813/2813/2813
f 2781/2781/2781 2778/2778/2778 2777/2777/2777
f 2781/2781/2781 2777/2777/2777 2863/2863/2863
f 2863/2863/2863 2777/2777/2777 2785/2785/2785
f 2863/2863/2863 2785/2785/2785 2864/2864/2864
f 2864/2864/2864 2785/2785/2785 2792/2792/2792
f 2864/2864/2864 2792/2792/2792 2865/2865/2865
f 2865/2865/2865 2792/2792/2792 2799/2799/2799
f 2865/2865/2865 2799/2799/2799 2808/2808/2808
f 2866/2866/2866 2867/2867/2867 2868/2868/2868
f 2866/2866/2866 2868/2868/2868 2869/2869/2869
f 2870/2870/2870 2871/2871/2871 2872/2872/2872
f 2870/2870/2870 2872/2872/2872 2873/2873/2873
f 2873/2873/2873 2872/2872/2872 2874/2874/2874
f 2873/2873/2873 2874/2874/2874 2875/2875/2875
f 2872/2872/2872 2876/2876/2876 2877/2877/2877
f 2872/2872/2872 2877/2877/2877 2874/2874/2874
f 2878/2878/2878 2879/2879/2879 2871/2871/2871
f 2878/2878/2878 2871/2871/2871 2870/2870/2870
f 2871/2871/2871 2880/2880/2880 2876/2876/2876
f 2871/2871/2871 2876/2876/2876 2872/2872/2872
f 2881/2881/2881 2882/2882/2882 2883/2883/2883
f 2881/2881/2881 2883/2883/2883 2884/2884/2884
f 2885/2885/2885 2886/2886/2886 2879/2879/2879
f 2885/2885/2885 2879/2879/2879 2878/2878/2878
f 2879/2879/2879 2887/2887/2887 2880/2880/2880
f 2879/2879/2879 2880/2880/2880 2871/2871/2871
f 2888/2888/2888 2889/2889/2889 2882/2882/2882
f 2888/2888/2888 2882/2882/2882 2881/2881/2881
f 2890/2890/2890 2891/2891/2891 2886/2886/2886
f 2890/2890/2890 2886/2886/2886 2885/2885/2885
f 2886/2886/2886 2892/2892/2892 2887/2887/2887
f 2886/2886/2886 2887/2887/2887 2879/2879/2879
f 2893/2893/2893 2894/2894/2894 2889/2889/2889
f 2893/2893/2893 2889/2889/2889 2888/2888/2888
f 2891/2891/2891 2895/2895/2895 2892/2892/2892
f 2891/2891/2891 2892/2892/2892 2886/2886/2886
f 2896/2896/2896 2897/2897/2897 2894/2894/2894
f 2896/2896/2896 2894/2894/2894 2893/2893/2893
f 2898/2898/2898 2899/2899/2899 2891/2891/2891
f 2898/2898/2898 2891/2891/2891 2890/2890/2890
f 2899/2899/2899 2900/2900/2900 2895/2895/2895
f 2899/2899/2899 2895/2895/2895 2891/2891/2891
f 2901/2901/2901 2902/2902/2902 2897/2897/2897
f 2901/2901/2901 2897/2897/2897 2896/2896/2896
f 2903/2903/2903 2904/2904/2904 2899/2899/2899
f 2903/2903/2903 2899/2899/2899 2898/2898/2898
f 2904/2904/2904 2905/2905/2905 2900/2900/2900
f 2904/2904/2904 2900/2900/2900 2899/2899/2899
f 2906/2906/2906 2907/2907/2907 2902/2902/2902
f 2906/2906/2906 2902/2902/2902 2901/2901/2901
f 2908/2908/2908 2909/2909/2909 2905/2905/2905
f 2908/2908/2908 2905/2905/2905 2904/2904/2904
f 2910/2910/2910 2911/2911/2911 2909/2909/2909
f 2910/2910/2910 2909/2909/2909 2908/2908/2908
f 2912/2912/2912 2913/2913/2913 2914/2914/2914
f 2912/2912/2912 2914/2914/2914 2906/2906/2906
f 2915/2915/2915 2908/2908/2908 2904/2904/2904
f 2915/2915/2915 2904/2904/2904 2916/2916/2916
f 2917/2917/2917 2918/2918/2918 2911/2911/2911
f 2917/2917/2917 2911/2911/2911 2910/2910/2910
f 2919/2919/2919 2920/2920/2920 2913/2913/2913
f 2919/2919/2919 2913/2913/2913 2912/2912/2912
f 2921/2921/2921 2910/2910/2910 2908/2908/2908
f 2921/2921/2921 2908/2908/2908 2915/2915/2915
f 2922/2922/2922 2923/2923/2923 2924/2924/2924
f 2922/2922/2922 2924/2924/2924 2925/2925/2925
f 2926/2926/2926 2927/2927/2927 2920/2920/2920
f 2926/2926/2926 2920/2920/2920 2919/2919/2919
f 2928/2928/2928 2917/2917/2917 2910/2910/2910
f 2928/2928/2928 2910/2910/2910 2921/2921/2921
f 2929/2929/2929 2930/2930/2930 2923/2923/2923
f 2929/2929/2929 2923/2923/2923 2922/2922/2922
f 2931/2931/2931 2932/2932/2932 2917/2917/2917
f 2931/2931/2931 2917/2917/2917 2928/2928/2928
f 2932/2932/2932 2933/2933/2933 2918/2918/2918
f 2932/2932/2932 2918/2918/2918 2917/2917/2917
f 2934/2934/2934 2935/2935/2935 2930/2930/2930
f 2934/2934/2934 2930/2930/2930 2929/2929/2929
f 2936/2936/2936 2937/2937/2937 2932/2932/2932
f 2936/2936/2936 2932/2932/2932 2931/2931/2931
f 2937/2937/2937 2938/2938/2938 2933/2933/2933
f 2937/2937/2937 2933/2933/2933 2932/2932/2932
f 2939/2939/2939 2940/2940/2940 2941/2941/2941
f 2939/2939/2939 2941/2941/2941 2942/2942/2942
f 2942/2942/2942 2941/2941/2941 2937/2937/2937
f 2942/2942/2942 2937/2937/2937 2943/2943/2943
f 2941/2941/2941 2944/2944/2944 2938/2938/2938
f 2941/2941/2941 2938/2938/2938 2937/2937/2937
f 2945/2945/2945 2946/2946/2946 2940/2940/2940
f 2945/2945/2945 2940/2940/2940 2939/2939/2939
f 2884/2884/2884 2883/2883/2883 2868/2868/2868
f 2884/2884/2884 2868/2868/2868 2867/2867/2867
f 2940/2940/2940 2947/2947/2947 2944/2944/2944
f 2940/2940/2940 2944/2944/2944 2941/2941/2941
f 2948/2948/2948 2949/2949/2949 2935/2935/2935
f 2948/2948/2948 2935/2935/2935 2950/2950/2950
f 2951/2951/2951 2946/2946/2946 2874/2874/2874
f 2951/2951/2951 2874/2874/2874 2877/2877/2877
f 2946/2946/2946 2951/2951/2951 2947/2947/2947
f 2946/2946/2946 2947/2947/2947 2940/2940/2940
f 2866/2866/2866 2952/2952/2952 2949/2949/2949
f 2866/2866/2866 2949/2949/2949 2948/2948/2948
f 2946/2946/2946 2945/2945/2945 2875/2875/2875
f 2946/2946/2946 2875/2875/2875 2874/2874/2874
f 2942/2942/2942 2953/2953/2953 2954/2954/2954
f 2942/2942/2942 2954/2954/2954 2939/2939/2939
f 2955/2955/2955 2931/2931/2931 2956/2956/2956
f 2955/2955/2955 2956/2956/2956 2954/2954/2954
f 2931/2931/2931 2928/2928/2928 2957/2957/2957
f 2931/2931/2931 2957/2957/2957 2956/2956/2956
f 2928/2928/2928 2921/2921/2921 2915/2915/2915
f 2928/2928/2928 2915/2915/2915 2957/2957/2957
f 2939/2939/2939 2954/2954/2954 2958/2958/2958
f 2939/2939/2939 2958/2958/2958 2945/2945/2945
f 2954/2954/2954 2956/2956/2956 2959/2959/2959
f 2954/2954/2954 2959/2959/2959 2958/2958/2958
f 2956/2956/2956 2957/2957/2957 2960/2960/2960
f 2956/2956/2956 2960/2960/2960 2959/2959/2959
f 2957/2957/2957 2915/2915/2915 2961/2961/2961
f 2957/2957/2957 2961/2961/2961 2960/2960/2960
f 2945/2945/2945 2958/2958/2958 2962/2962/2962
f 2945/2945/2945 2962/2962/2962 2875/2875/2875
f 2958/2958/2958 2959/2959/2959 2963/2963/2963
f 2958/2958/2958 2963/2963/2963 2962/2962/2962
f 2959/2959/2959 2960/2960/2960 2964/2964/2964
f 2959/2959/2959 2964/2964/2964 2963/2963/2963
f 2960/2960/2960 2965/2965/2965 2898/2898/2898
f 2960/2960/2960 2898/2898/2898 2964/2964/2964
f 2875/2875/2875 2962/2962/2962 2870/2870/2870
f 2875/2875/2875 2870/2870/2870 2873/2873/2873
f 2962/2962/2962 2963/2963/2963 2878/2878/2878
f 2962/2962/2962 2878/2878/2878 2870/2870/2870
f 2963/2963/2963 2964/2964/2964 2885/2885/2885
f 2963/2963/2963 2885/2885/2885 2878/2878/2878
f 2964/2964/2964 2898/2898/2898 2890/2890/2890
f 2964/2964/2964 2890/2890/2890 2885/2885/2885
f 2966/2966/2966 2967/2967/2967 2968/2968/2968
f 2966/2966/2966 2968/2968/2968 2969/2969/2969
f 2970/2970/2970 2971/2971/2971 2972/2972/2972
f 2970/2970/2970 2972/2972/2972 2973/2973/2973
f 2973/2973/2973 2972/2972/2972 2974/2974/2974
f 2973/2973/2973 2974/2974/2974 2975/2975/2975
f 2972/2972/2972 2976/2976/2976 2977/2977/2977
f 2972/2972/2972 2977/2977/2977 2974/2974/2974
f 2978/2978/2978 2979/2979/2979 2971/2971/2971
f 2978/2978/2978 2971/2971/2971 2970/2970/2970
f 2971/2971/2971 2980/2980/2980 2976/2976/2976
f 2971/2971/2971 2976/2976/2976 2972/2972/2972
f 2981/2981/2981 2982/2982/2982 2983/2983/2983
f 2981/2981/2981 2983/2983/2983 2984/2984/2984
f 2985/2985/2985 2986/2986/2986 2979/2979/2979
f 2985/2985/2985 2979/2979/2979 2978/2978/2978
f 2979/2979/2979 2987/2987/2987 2980/2980/2980
f 2979/2979/2979 2980/2980/2980 2971/2971/2971
f 2988/2988/2988 2989/2989/2989 2982/2982/2982
f 2988/2988/2988 2982/2982/2982 2981/2981/2981
f 2990/2990/2990 2991/2991/2991 2986/2986/2986
f 2990/2990/2990 2986/2986/2986 2985/2985/2985
f 2986/2986/2986 2992/2992/2992 2987/2987/2987
f 2986/2986/2986 2987/2987/2987 2979/2979/2979
f 2993/2993/2993 2994/2994/2994 2989/2989/2989
f 2993/2993/2993 2989/2989/2989 2988/2988/2988
f 2991/2991/2991 2995/2995/2995 2992/2992/2992
f 2991/2991/2991 2992/2992/2992 2986/2986/2986
f 2996/2996/2996 2997/2997/2997 2994/2994/2994
f 2996/2996/2996 2994/2994/2994 2993/2993/2993
f 2998/2998/2998 2999/2999/2999 2991/2991/2991
f 2998/2998/2998 2991/2991/2991 2990/2990/2990
f 2999/2999/2999 3000/3000/3000 2995/2995/2995
f 2999/2999/2999 2995/2995/2995 2991/2991/2991
f 3001/3001/3001 3002/3002/3002 2997/2997/2997
f 3001/3001/3001 2997/2997/2997 2996/2996/2996
f 3003/3003/3003 3004/3004/3004 2999/2999/2999
f 3003/3003/3003 2999/2999/2999 2998/2998/2998
f 3004/3004/3004 3005/3005/3005 3000/3000/3000
f 3004/3004/3004 3000/3000/3000 2999/2999/2999
f 3006/3006/3006 3007/3007/3007 3002/3002/3002
f 3006/3006/3006 3002/3002/3002 3001/3001/3001
f 3008/3008/3008 3009/3009/3009 3005/3005/3005
f 3008/3008/3008 3005/3005/3005 3004/3004/3004
f 3010/3010/3010 3011/3011/3011 3009/3009/3009
f 3010/3010/3010 3009/3009/3009 3008/3008/3008
f 3012/3012/3012 3013/3013/3013 3007/3007/3007
f 3012/3012/3012 3007/3007/3007 3006/3006/3006
f 3014/3014/3014 3008/3008/3008 3004/3004/3004
f 3014/3014/3014 3004/3004/3004 3003/3003/3003
f 3015/3015/3015 3016/3016/3016 3011/3011/3011
f 3015/3015/3015 3011/3011/3011 3010/3010/3010
f 3017/3017/3017 3018/3018/3018 3013/3013/3013
f 3017/3017/3017 3013/3013/3013 3012/3012/3012
f 3019/3019/3019 3010/3010/3010 3008/3008/3008
f 3019/3019/3019 3008/3008/3008 3014/3014/3014
f 3020/3020/3020 3021/3021/3021 3022/3022/3022
f 3020/3020/3020 3022/3022/3022 3023/3023/3023
f 3023/3023/3023 3022/3022/3022 3018/3018/3018
f 3023/3023/3023 3018/3018/3018 3017/3017/3017
f 3024/3024/3024 3015/3015/3015 3010/3010/3010
f 3024/3024/3024 3010/3010/3010 3019/3019/3019
f 3025/3025/3025 3026/3026/3026 3021/3021/3021
f 3025/3025/3025 3021/3021/3021 3027/3027/3027
f 3028/3028/3028 3029/3029/3029 3015/3015/3015
f 3028/3028/3028 3015/3015/3015 3024/3024/3024
f 3029/3029/3029 3030/3030/3030 3016/3016/3016
f 3029/3029/3029 3016/3016/3016 3015/3015/3015
f 3031/3031/3031 3032/3032/3032 3026/3026/3026
f 3031/3031/3031 3026/3026/3026 3025/3025/3025
f 3033/3033/3033 3034/3034/3034 3029/3029/3029
f 3033/3033/3033 3029/3029/3029 3028/3028/3028
f 3034/3034/3034 3035/3035/3035 3030/3030/3030
f 3034/3034/3034 3030/3030/3030 3029/3029/3029
f 3036/3036/3036 3037/3037/3037 3038/3038/3038
f 3036/3036/3036 3038/3038/3038 3039/3039/3039
f 3039/3039/3039 3038/3038/3038 3034/3034/3034
f 3039/3039/3039 3034/3034/3034 3033/3033/3033
f 3038/3038/3038 3040/3040/3040 3035/3035/3035
f 3038/3038/3038 3035/3035/3035 3034/3034/3034
f 3041/3041/3041 3042/3042/3042 3037/3037/3037
f 3041/3041/3041 3037/3037/3037 3036/3036/3036
f 2984/2984/2984 2983/2983/2983 2968/2968/2968
f 2984/2984/2984 2968/2968/2968 2967/2967/2967
f 3037/3037/3037 3043/3043/3043 3040/3040/3040
f 3037/3037/3037 3040/3040/3040 3038/3038/3038
f 3044/3044/3044 3045/3045/3045 3032/3032/3032
f 3044/3044/3044 3032/3032/3032 3031/3031/3031
f 3046/3046/3046 3042/3042/3042 2974/2974/2974
f 3046/3046/3046 2974/2974/2974 2977/2977/2977
f 3042/3042/3042 3046/3046/3046 3043/3043/3043
f 3042/3042/3042 3043/3043/3043 3037/3037/3037
f 2966/2966/2966 2969/2969/2969 3045/3045/3045
f 2966/2966/2966 3045/3045/3045 3044/3044/3044
f 3042/3042/3042 3041/3041/3041 2975/2975/2975
f 3042/3042/3042 2975/2975/2975 2974/2974/2974
f 3039/3039/3039 3033/3033/3033 3047/3047/3047
f 3039/3039/3039 3047/3047/3047 3036/3036/3036
f 3033/3033/3033 3028/3028/3028 3048/3048/3048
f 3033/3033/3033 3048/3048/3048 3047/3047/3047
f 3028/3028/3028 3024/3024/3024 3049/3049/3049
f 3028/3028/3028 3049/3049/3049 3048/3048/3048
f 3024/3024/3024 3019/3019/3019 3014/3014/3014
f 3024/3024/3024 3014/3014/3014 3049/3049/3049
f 3036/3036/3036 3047/3047/3047 3050/3050/3050
f 3036/3036/3036 3050/3050/3050 3041/3041/3041
f 3047/3047/3047 3048/3048/3048 3051/3051/3051
f 3047/3047/3047 3051/3051/3051 3050/3050/3050
f 3048/3048/3048 3049/3049/3049 3052/3052/3052
f 3048/3048/3048 3052/3052/3052 3051/3051/3051
f 3049/3049/3049 3014/3014/3014 3003/3003/3003
f 3049/3049/3049 3003/3003/3003 3052/3052/3052
f 3041/3041/3041 3050/3050/3050 3053/3053/3053
f 3041/3041/3041 3053/3053/3053 2975/2975/2975
f 3050/3050/3050 3051/3051/3051 3054/3054/3054
f 3050/3050/3050 3054/3054/3054 3053/3053/3053
f 3051/3051/3051 3052/3052/3052 3055/3055/3055
f 3051/3051/3051 3055/3055/3055 3054/3054/3054
f 3052/3052/3052 3003/3003/3003 2998/2998/2998
f 3052/3052/3052 2998/2998/2998 3055/3055/3055
f 2975/2975/2975 3053/3053/3053 2970/2970/2970
f 2975/2975/2975 2970/2970/2970 2973/2973/2973
f 3053/3053/3053 3054/3054/3054 2978/2978/2978
f 3053/3053/3053 2978/2978/2978 2970/2970/2970
f 3054/3054/3054 3055/3055/3055 2985/2985/2985
f 3054/3054/3054 2985/2985/2985 2978/2978/2978
f 3055/3055/3055 2998/2998/2998 2990/2990/2990
f 3055/3055/3055 2990/2990/2990 2985/2985/2985
f 3056/3056/3056 3057/3057/3057 3058/3058/3058
f 3056/3056/3056 3058/3058/3058 3059/3059/3059
f 3060/3060/3060 3061/3061/3061 3062/3062/3062
f 3060/3060/3060 3062/3062/3062 3063/3063/3063
f 3063/3063/3063 3062/3062/3062 3064/3064/3064
f 3063/3063/3063 3064/3064/3064 3065/3065/3065
f 3062/3062/3062 3066/3066/3066 3067/3067/3067
f 3062/3062/3062 3067/3067/3067 3064/3064/3064
f 3068/3068/3068 3069/3069/3069 3061/3061/3061
f 3068/3068/3068 3061/3061/3061 3060/3060/3060
f 3061/3061/3061 3070/3070/3070 3066/3066/3066
f 3061/3061/3061 3066/3066/3066 3062/3062/3062
f 3071/3071/3071 3072/3072/3072 3073/3073/3073
f 3071/3071/3071 3073/3073/3073 3074/3074/3074
f 3075/3075/3075 3076/3076/3076 3069/3069/3069
f 3075/3075/3075 3069/3069/3069 3068/3068/3068
f 3069/3069/3069 3077/3077/3077 3070/3070/3070
f 3069/3069/3069 3070/3070/3070 3061/3061/3061
f 3078/3078/3078 3079/3079/3079 3072/3072/3072
f 3078/3078/3078 3072/3072/3072 3071/3071/3071
f 3080/3080/3080 3081/3081/3081 3076/3076/3076
f 3080/3080/3080 3076/3076/3076 3075/3075/3075
f 3076/3076/3076 3082/3082/3082 3077/3077/3077
f 3076/3076/3076 3077/3077/3077 3069/3069/3069
f 3083/3083/3083 3084/3084/3084 3079/3079/3079
f 3083/3083/3083 3079/3079/3079 3078/3078/3078
f 3081/3081/3081 3085/3085/3085 3082/3082/3082
f 3081/3081/3081 3082/3082/3082 3076/3076/3076
f 3086/3086/3086 3087/3087/3087 3084/3084/3084
f 3086/3086/3086 3084/3084/3084 3083/3083/3083
f 3088/3088/3088 3089/3089/3089 3081/3081/3081
f 3088/3088/3088 3081/3081/3081 3080/3080/3080
f 3089/3089/3089 3090/3090/3090 3085/3085/3085
f 3089/3089/3089 3085/3085/3085 3081/3081/3081
f 3091/3091/3091 3092/3092/3092 3087/3087/3087
f 3091/3091/3091 3087/3087/3087 3086/3086/3086
f 3093/3093/3093 3094/3094/3094 3089/3089/3089
f 3093/3093/3093 3089/3089/3089 3088/3088/3088
f 3094/3094/3094 3095/3095/3095 3090/3090/3090
f 3094/3094/3094 3090/3090/3090 3089/3089/3089
f 3096/3096/3096 3097/3097/3097 3092/3092/3092
f 3096/3096/3096 3092/3092/3092 3091/3091/3091
f 3098/3098/3098 3099/3099/3099 3095/3095/3095
f 3098/3098/3098 3095/3095/3095 3094/3094/3094
f 3100/3100/3100 3101/3101/3101 3099/3099/3099
f 3100/3100/3100 3099/3099/3099 3098/3098/3098
f 3102/3102/3102 3103/3103/3103 3097/3097/3097
f 3102/3102/3102 3097/3097/3097 3096/3096/3096
f 3104/3104/3104 3098/3098/3098 3094/3094/3094
f 3104/3104/3104 3094/3094/3094 3093/3093/3093
f 3105/3105/3105 3106/3106/3106 3101/3101/3101
f 3105/3105/3105 3101/3101/3101 3100/3100/3100
f 3107/3107/3107 3108/3108/3108 3103/3103/3103
f 3107/3107/3107 3103/3103/3103 3102/3102/3102
f 3109/3109/3109 3100/3100/3100 3098/3098/3098
f 3109/3109/3109 3098/3098/3098 3104/3104/3104
f 3110/3110/3110 3111/3111/3111 3112/3112/3112
f 3110/3110/3110 3112/3112/3112 3113/3113/3113
f 3114/3114/3114 3115/3115/3115 3108/3108/3108
f 3114/3114/3114 3108/3108/3108 3107/3107/3107
f 3116/3116/3116 3105/3105/3105 3100/3100/3100
f 3116/3116/3116 3100/3100/3100 3109/3109/3109
f 3117/3117/3117 3118/3118/3118 3111/3111/3111
f 3117/3117/3117 3111/3111/3111 3110/3110/3110
f 3119/3119/3119 3120/3120/3120 3105/3105/3105
f 3119/3119/3119 3105/3105/3105 3116/3116/3116
f 3120/3120/3120 3121/3121/3121 3106/3106/3106
f 3120/3120/3120 3106/3106/3106 3105/3105/3105
f 3122/3122/3122 3123/3123/3123 3118/3118/3118
f 3122/3122/3122 3118/3118/3118 3117/3117/3117
f 3124/3124/3124 3125/3125/3125 3120/3120/3120
f 3124/3124/3124 3120/3120/3120 3119/3119/3119
f 3125/3125/3125 3126/3126/3126 3121/3121/3121
f 3125/3125/3125 3121/3121/3121 3120/3120/3120
f 3127/3127/3127 3128/3128/3128 3129/3129/3129
f 3127/3127/3127 3129/3129/3129 3130/3130/3130
f 3130/3130/3130 3129/3129/3129 3125/3125/3125
f 3130/3130/3130 3125/3125/3125 3131/3131/3131
f 3129/3129/3129 3132/3132/3132 3133/3133/3133
f 3129/3129/3129 3133/3133/3133 3125/3125/3125
f 3134/3134/3134 3135/3135/3135 3128/3128/3128
f 3134/3134/3134 3128/3128/3128 3127/3127/3127
f 3074/3074/3074 3136/3136/3136 3058/3058/3058
f 3074/3074/3074 3058/3058/3058 3057/3057/3057
f 3128/3128/3128 3137/3137/3137 3132/3132/3132
f 3128/3128/3128 3132/3132/3132 3129/3129/3129
f 3138/3138/3138 3139/3139/3139 3123/3123/3123
f 3138/3138/3138 3123/3123/3123 3122/3122/3122
f 3140/3140/3140 3135/3135/3135 3064/3064/3064
f 3140/3140/3140 3064/3064/3064 3067/3067/3067
f 3135/3135/3135 3140/3140/3140 3137/3137/3137
f 3135/3135/3135 3137/3137/3137 3128/3128/3128
f 3056/3056/3056 3059/3059/3059 3139/3139/3139
f 3056/3056/3056 3139/3139/3139 3138/3138/3138
f 3135/3135/3135 3134/3134/3134 3065/3065/3065
f 3135/3135/3135 3065/3065/3065 3064/3064/3064
f 3130/3130/3130 3141/3141/3141 3142/3142/3142
f 3130/3130/3130 3142/3142/3142 3127/3127/3127
f 3143/3143/3143 3119/3119/3119 3144/3144/3144
f 3143/3143/3143 3144/3144/3144 3142/3142/3142
f 3119/3119/3119 3116/3116/3116 3145/3145/3145
f 3119/3119/3119 3145/3145/3145 3144/3144/3144
f 3116/3116/3116 3109/3109/3109 3104/3104/3104
f 3116/3116/3116 3104/3104/3104 3145/3145/3145
f 3127/3127/3127 3142/3142/3142 3146/3146/3146
f 3127/3127/3127 3146/3146/3146 3134/3134/3134
f 3142/3142/3142 3144/3144/3144 3147/3147/3147
f 3142/3142/3142 3147/3147/3147 3146/3146/3146
f 3144/3144/3144 3145/3145/3145 3148/3148/3148
f 3144/3144/3144 3148/3148/3148 3147/3147/3147
f 3145/3145/3145 3104/3104/3104 3093/3093/3093
f 3145/3145/3145 3093/3093/3093 3148/3148/3148
f 3134/3134/3134 3146/3146/3146 3149/3149/3149
f 3134/3134/3134 3149/3149/3149 3065/3065/3065
f 3146/3146/3146 3147/3147/3147 3150/3150/3150
f 3146/3146/3146 3150/3150/3150 3149/3149/3149
f 3147/3147/3147 3148/3148/3148 3151/3151/3151
f 3147/3147/3147 3151/3151/3151 3150/3150/3150
f 3148/3148/3148 3093/3093/3093 3088/3088/3088
f 3148/3148/3148 3088/3088/3088 3151/3151/3151
f 3065/3065/3065 3149/3149/3149 3060/3060/3060
f 3065/3065/3065 3060/3060/3060 3063/3063/3063
f 3149/3149/3149 3150/3150/3150 3068/3068/3068
f 3149/3149/3149 3068/3068/3068 3060/3060/3060
f 3150/3150/3150 3151/3151/3151 3075/3075/3075
f 3150/3150/3150 3075/3075/3075 3068/3068/3068
f 3151/3151/3151 3088/3088/3088 3080/3080/3080
f 3151/3151/3151 3080/3080/3080 3075/3075/3075
f 3152/3152/3152 3153/3153/3153 3154/3154/3154
f 3152/3152/3152 3154/3154/3154 3155/3155/3155
f 3156/3156/3156 3157/3157/3157 3158/3158/3158
f 3156/3156/3156 3158/3158/3158 3159/3159/3159
f 3157/3157/3157 3160/3160/3160 3161/3161/3161
f 3157/3157/3157 3161/3161/3161 3158/3158/3158
f 3158/3158/3158 3161/3161/3161 3162/3162/3162
f 3158/3158/3158 3162/3162/3162 3163/3163/3163
f 3164/3164/3164 3156/3156/3156 3159/3159/3159
f 3164/3164/3164 3159/3159/3159 3165/3165/3165
f 3159/3159/3159 3158/3158/3158 3163/3163/3163
f 3159/3159/3159 3163/3163/3163 3166/3166/3166
f 3167/3167/3167 3168/3168/3168 3169/3169/3169
f 3167/3167/3167 3169/3169/3169 3170/3170/3170
f 3171/3171/3171 3164/3164/3164 3165/3165/3165
f 3171/3171/3171 3165/3165/3165 3172/3172/3172
f 3165/3165/3165 3159/3159/3159 3166/3166/3166
f 3165/3165/3165 3166/3166/3166 3173/3173/3173
f 3174/3174/3174 3167/3167/3167 3170/3170/3170
f 3174/3174/3174 3170/3170/3170 3175/3175/3175
f 3176/3176/3176 3171/3171/3171 3177/3177/3177
f 3176/3176/3176 3177/3177/3177 3178/3178/3178
f 3179/3179/3179 3165/3165/3165 3173/3173/3173
f 3179/3179/3179 3173/3173/3173 3180/3180/3180
f 3181/3181/3181 3174/3174/3174 3175/3175/3175
f 3181/3181/3181 3175/3175/3175 3182/3182/3182
f 3178/3178/3178 3183/3183/3183 3180/3180/3180
f 3178/3178/3178 3180/3180/3180 3184/3184/3184
f 3185/3185/3185 3181/3181/3181 3182/3182/3182
f 3185/3185/3185 3182/3182/3182 3186/3186/3186
f 3187/3187/3187 3176/3176/3176 3178/3178/3178
f 3187/3187/3187 3178/3178/3178 3188/3188/3188
f 3188/3188/3188 3178/3178/3178 3184/3184/3184
f 3188/3188/3188 3184/3184/3184 3189/3189/3189
f 3190/3190/3190 3185/3185/3185 3186/3186/3186
f 3190/3190/3190 3186/3186/3186 3191/3191/3191
f 3192/3192/3192 3193/3193/3193 3188/3188/3188
f 3192/3192/3192 3188/3188/3188 3194/3194/3194
f 3194/3194/3194 3188/3188/3188 3189/3189/3189
f 3194/3194/3194 3189/3189/3189 3195/3195/3195
f 3196/3196/3196 3190/3190/3190 3191/3191/3191
f 3196/3196/3196 3191/3191/3191 3197/3197/3197
f 3198/3198/3198 3194/3194/3194 3195/3195/3195
f 3198/3198/3198 3195/3195/3195 3199/3199/3199
f 3200/3200/3200 3198/3198/3198 3199/3199/3199
f 3200/3200/3200 3199/3199/3199 3201/3201/3201
f 3202/3202/3202 3196/3196/3196 3197/3197/3197
f 3202/3202/3202 3197/3197/3197 3203/3203/3203
f 3204/3204/3204 3192/3192/3192 3194/3194/3194
f 3204/3204/3204 3194/3194/3194 3198/3198/3198
f 3205/3205/3205 3200/3200/3200 3201/3201/3201
f 3205/3205/3205 3201/3201/3201 3206/3206/3206
f 3207/3207/3207 3202/3202/3202 3203/3203/3203
f 3207/3207/3207 3203/3203/3203 3208/3208/3208
f 3209/3209/3209 3210/3210/3210 3198/3198/3198
f 3209/3209/3209 3198/3198/3198 3200/3200/3200
f 3211/3211/3211 3212/3212/3212 3213/3213/3213
f 3211/3211/3211 3213/3213/3213 3214/3214/3214
f 3212/3212/3212 3207/3207/3207 3208/3208/3208
f 3212/3212/3212 3208/3208/3208 3215/3215/3215
f 3216/3216/3216 3209/3209/3209 3200/3200/3200
f 3216/3216/3216 3200/3200/3200 3205/3205/3205
f 3217/3217/3217 3211/3211/3211 3214/3214/3214
f 3217/3217/3217 3214/3214/3214 3218/3218/3218
f 3219/3219/3219 3216/3216/3216 3205/3205/3205
f 3219/3219/3219 3205/3205/3205 3220/3220/3220
f 3220/3220/3220 3205/3205/3205 3206/3206/3206
f 3220/3220/3220 3206/3206/3206 3221/3221/3221
f 3222/3222/3222 3217/3217/3217 3218/3218/3218
f 3222/3222/3222 3218/3218/3218 3223/3223/3223
f 3224/3224/3224 3219/3219/3219 3220/3220/3220
f 3224/3224/3224 3220/3220/3220 3225/3225/3225
f 3225/3225/3225 3220/3220/3220 3221/3221/3221
f 3225/3225/3225 3221/3221/3221 3226/3226/3226
f 3227/3227/3227 3228/3228/3228 3229/3229/3229
f 3227/3227/3227 3229/3229/3229 3230/3230/3230
f 3228/3228/3228 3224/3224/3224 3225/3225/3225
f 3228/3228/3228 3225/3225/3225 3229/3229/3229
f 3229/3229/3229 3225/3225/3225 3226/3226/3226
f 3229/3229/3229 3226/3226/3226 3231/3231/3231
f 3232/3232/3232 3227/3227/3227 3230/3230/3230
f 3232/3232/3232 3230/3230/3230 3233/3233/3233
f 3234/3234/3234 3155/3155/3155 3154/3154/3154
f 3234/3234/3234 3154/3154/3154 3169/3169/3169
f 3230/3230/3230 3229/3229/3229 3231/3231/3231
f 3230/3230/3230 3231/3231/3231 3235/3235/3235
f 3236/3236/3236 3222/3222/3222 3223/3223/3223
f 3236/3236/3236 3223/3223/3223 3237/3237/3237
f 3238/3238/3238 3162/3162/3162 3161/3161/3161
f 3238/3238/3238 3161/3161/3161 3233/3233/3233
f 3233/3233/3233 3230/3230/3230 3235/3235/3235
f 3233/3233/3233 3235/3235/3235 3238/3238/3238
f 3152/3152/3152 3236/3236/3236 3237/3237/3237
f 3152/3152/3152 3237/3237/3237 3153/3153/3153
f 3233/3233/3233 3161/3161/3161 3160/3160/3160
f 3233/3233/3233 3160/3160/3160 3232/3232/3232
f 3228/3228/3228 3227/3227/3227 3239/3239/3239
f 3228/3228/3228 3239/3239/3239 3224/3224/3224
f 3224/3224/3224 3239/3239/3239 3240/3240/3240
f 3224/3224/3224 3240/3240/3240 3219/3219/3219
f 3219/3219/3219 3240/3240/3240 3241/3241/3241
f 3219/3219/3219 3241/3241/3241 3216/3216/3216
f 3216/3216/3216 3241/3241/3241 3242/3242/3242
f 3216/3216/3216 3242/3242/3242 3209/3209/3209
f 3227/3227/3227 3232/3232/3232 3243/3243/3243
f 3227/3227/3227 3243/3243/3243 3239/3239/3239
f 3239/3239/3239 3243/3243/3243 3244/3244/3244
f 3239/3239/3239 3244/3244/3244 3240/3240/3240
f 3240/3240/3240 3244/3244/3244 3245/3245/3245
f 3240/3240/3240 3245/3245/3245 3241/3241/3241
f 3241/3241/3241 3246/3246/3246 3192/3192/3192
f 3241/3241/3241 3192/3192/3192 3247/3247/3247
f 3232/3232/3232 3160/3160/3160 3248/3248/3248
f 3232/3232/3232 3248/3248/3248 3243/3243/3243
f 3243/3243/3243 3248/3248/3248 3249/3249/3249
f 3243/3243/3243 3249/3249/3249 3244/3244/3244
f 3244/3244/3244 3249/3249/3249 3250/3250/3250
f 3244/3244/3244 3250/3250/3250 3251/3251/3251
f 3252/3252/3252 3250/3250/3250 3253/3253/3253
f 3252/3252/3252 3253/3253/3253 3192/3192/3192
f 3160/3160/3160 3157/3157/3157 3156/3156/3156
f 3160/3160/3160 3156/3156/3156 3248/3248/3248
f 3248/3248/3248 3156/3156/3156 3164/3164/3164
f 3248/3248/3248 3164/3164/3164 3249/3249/3249
f 3249/3249/3249 3164/3164/3164 3171/3171/3171
f 3249/3249/3249 3171/3171/3171 3250/3250/3250
f 3250/3250/3250 3171/3171/3171 3176/3176/3176
f 3250/3250/3250 3176/3176/3176 3254/3254/3254
f 3255/3255/3255 3256/3256/3256 3257/3257/3257
f 3255/3255/3255 3257/3257/3257 3258/3258/3258
f 3259/3259/3259 3260/3260/3260 3261/3261/3261
f 3259/3259/3259 3261/3261/3261 3262/3262/3262
f 3262/3262/3262 3261/3261/3261 3263/3263/3263
f 3262/3262/3262 3263/3263/3263 3264/3264/3264
f 3261/3261/3261 3265/3265/3265 3266/3266/3266
f 3261/3261/3261 3266/3266/3266 3263/3263/3263
f 3267/3267/3267 3268/3268/3268 3260/3260/3260
f 3267/3267/3267 3260/3260/3260 3259/3259/3259
f 3260/3260/3260 3269/3269/3269 3265/3265/3265
f 3260/3260/3260 3265/3265/3265 3261/3261/3261
f 3270/3270/3270 3271/3271/3271 3272/3272/3272
f 3270/3270/3270 3272/3272/3272 3273/3273/3273
f 3274/3274/3274 3275/3275/3275 3268/3268/3268
f 3274/3274/3274 3268/3268/3268 3267/3267/3267
f 3268/3268/3268 3276/3276/3276 3269/3269/3269
f 3268/3268/3268 3269/3269/3269 3260/3260/3260
f 3277/3277/3277 3278/3278/3278 3271/3271/3271
f 3277/3277/3277 3271/3271/3271 3270/3270/3270
f 3279/3279/3279 3280/3280/3280 3275/3275/3275
f 3279/3279/3279 3275/3275/3275 3274/3274/3274
f 3275/3275/3275 3281/3281/3281 3276/3276/3276
f 3275/3275/3275 3276/3276/3276 3268/3268/3268
f 3282/3282/3282 3283/3283/3283 3278/3278/3278
f 3282/3282/3282 3278/3278/3278 3277/3277/3277
f 3280/3280/3280 3284/3284/3284 3281/3281/3281
f 3280/3280/3280 3281/3281/3281 3275/3275/3275
f 3285/3285/3285 3286/3286/3286 3283/3283/3283
f 3285/3285/3285 3283/3283/3283 3282/3282/3282
f 3287/3287/3287 3288/3288/3288 3280/3280/3280
f 3287/3287/3287 3280/3280/3280 3279/3279/3279
f 3288/3288/3288 3289/3289/3289 3284/3284/3284
f 3288/3288/3288 3284/3284/3284 3280/3280/3280
f 3290/3290/3290 3291/3291/3291 3286/3286/3286
f 3290/3290/3290 3286/3286/3286 3285/3285/3285
f 3292/3292/3292 3293/3293/3293 3288/3288/3288
f 3292/3292/3292 3288/3288/3288 3287/3287/3287
f 3293/3293/3293 3294/3294/3294 3289/3289/3289
f 3293/3293/3293 3289/3289/3289 3288/3288/3288
f 3295/3295/3295 3296/3296/3296 3291/3291/3291
f 3295/3295/3295 3291/3291/3291 3297/3297/3297
f 3298/3298/3298 3299/3299/3299 3294/3294/3294
f 3298/3298/3298 3294/3294/3294 3293/3293/3293
f 3300/3300/3300 3301/3301/3301 3299/3299/3299
f 3300/3300/3300 3299/3299/3299 3298/3298/3298
f 3302/3302/3302 3303/3303/3303 3296/3296/3296
f 3302/3302/3302 3296/3296/3296 3304/3304/3304
f 3305/3305/3305 3298/3298/3298 3293/3293/3293
f 3305/3305/3305 3293/3293/3293 3306/3306/3306
f 3307/3307/3307 3308/3308/3308 3301/3301/3301
f 3307/3307/3307 3301/3301/3301 3300/3300/3300
f 3309/3309/3309 3310/3310/3310 3303/3303/3303
f 3309/3309/3309 3303/3303/3303 3302/3302/3302
f 3311/3311/3311 3300/3300/3300 3298/3298/3298
f 3311/3311/3311 3298/3298/3298 3305/3305/3305
f 3312/3312/3312 3313/3313/3313 3314/3314/3314
f 3312/3312/3312 3314/3314/3314 3315/3315/3315
f 3315/3315/3315 3314/3314/3314 3310/3310/3310
f 3315/3315/3315 3310/3310/3310 3309/3309/3309
f 3316/3316/3316 3307/3307/3307 3300/3300/3300
f 3316/3316/3316 3300/3300/3300 3311/3311/3311
f 3317/3317/3317 3318/3318/3318 3313/3313/3313
f 3317/3317/3317 3313/3313/3313 3312/3312/3312
f 3319/3319/3319 3320/3320/3320 3307/3307/3307
f 3319/3319/3319 3307/3307/3307 3316/3316/3316
f 3320/3320/3320 3321/3321/3321 3308/3308/3308
f 3320/3320/3320 3308/3308/3308 3307/3307/3307
f 3322/3322/3322 3323/3323/3323 3318/3318/3318
f 3322/3322/3322 3318/3318/3318 3317/3317/3317
f 3324/3324/3324 3325/3325/3325 3320/3320/3320
f 3324/3324/3324 3320/3320/3320 3319/3319/3319
f 3325/3325/3325 3326/3326/3326 3321/3321/3321
f 3325/3325/3325 3321/3321/3321 3320/3320/3320
f 3327/3327/3327 3328/3328/3328 3329/3329/3329
f 3327/3327/3327 3329/3329/3329 3330/3330/3330
f 3330/3330/3330 3329/3329/3329 3325/3325/3325
f 3330/3330/3330 3325/3325/3325 3324/3324/3324
f 3329/3329/3329 3331/3331/3331 3326/3326/3326
f 3329/3329/3329 3326/3326/3326 3325/3325/3325
f 3332/3332/3332 3333/3333/3333 3328/3328/3328
f 3332/3332/3332 3328/3328/3328 3327/3327/3327
f 3273/3273/3273 3272/3272/3272 3257/3257/3257
f 3273/3273/3273 3257/3257/3257 3256/3256/3256
f 3328/3328/3328 3334/3334/3334 3331/3331/3331
f 3328/3328/3328 3331/3331/3331 3329/3329/3329
f 3335/3335/3335 3336/3336/3336 3323/3323/3323
f 3335/3335/3335 3323/3323/3323 3322/3322/3322
f 3337/3337/3337 3333/3333/3333 3263/3263/3263
f 3337/3337/3337 3263/3263/3263 3266/3266/3266
f 3333/3333/3333 3337/3337/3337 3334/3334/3334
f 3333/3333/3333 3334/3334/3334 3328/3328/3328
f 3255/3255/3255 3258/3258/3258 3336/3336/3336
f 3255/3255/3255 3336/3336/3336 3335/3335/3335
f 3333/3333/3333 3332/3332/3332 3264/3264/3264
f 3333/3333/3333 3264/3264/3264 3263/3263/3263
f 3330/3330/3330 3324/3324/3324 3338/3338/3338
f 3330/3330/3330 3338/3338/3338 3327/3327/3327
f 3324/3324/3324 3319/3319/3319 3339/3339/3339
f 3324/3324/3324 3339/3339/3339 3338/3338/3338
f 3319/3319/3319 3316/3316/3316 3340/3340/3340
f 3319/3319/3319 3340/3340/3340 3339/3339/3339
f 3316/3316/3316 3311/3311/3311 3305/3305/3305
f 3316/3316/3316 3305/3305/3305 3340/3340/3340
f 3327/3327/3327 3338/3338/3338 3341/3341/3341
f 3327/3327/3327 3341/3341/3341 3332/3332/3332
f 3338/3338/3338 3339/3339/3339 3342/3342/3342
f 3338/3338/3338 3342/3342/3342 3341/3341/3341
f 3339/3339/3339 3340/3340/3340 3343/3343/3343
f 3339/3339/3339 3343/3343/3343 3342/3342/3342
f 3340/3340/3340 3305/3305/3305 3344/3344/3344
f 3340/3340/3340 3344/3344/3344 3343/3343/3343
f 3332/3332/3332 3341/3341/3341 3345/3345/3345
f 3332/3332/3332 3345/3345/3345 3264/3264/3264
f 3341/3341/3341 3342/3342/3342 3346/3346/3346
f 3341/3341/3341 3346/3346/3346 3345/3345/3345
f 3342/3342/3342 3343/3343/3343 3347/3347/3347
f 3342/3342/3342 3347/3347/3347 3346/3346/3346
f 3343/3343/3343 3348/3348/3348 3287/3287/3287
f 3343/3343/3343 3287/3287/3287 3347/3347/3347
f 3264/3264/3264 3345/3345/3345 3259/3259/3259
f 3264/3264/3264 3259/3259/3259 3262/3262/3262
f 3345/3345/3345 3346/3346/3346 3267/3267/3267
f 3345/3345/3345 3267/3267/3267 3259/3259/3259
f 3346/3346/3346 3347/3347/3347 3274/3274/3274
f 3346/3346/3346 3274/3274/3274 3267/3267/3267
f 3347/3347/3347 3287/3287/3287 3279/3279/3279
f 3347/3347/3347 3279/3279/3279 3274/3274/3274
f 3349/3349/3349 3350/3350/3350 3351/3351/3351
f 3349/3349/3349 3351/3351/3351 3352/3352/3352
f 3353/3353/3353 3354/3354/3354 3355/3355/3355
f 3353/3353/3353 3355/3355/3355 3356/3356/3356
f 3356/3356/3356 3355/3355/3355 3357/3357/3357
f 3356/3356/3356 3357/3357/3357 3358/3358/3358
f 3355/3355/3355 3359/3359/3359 3360/3360/3360
f 3355/3355/3355 3360/3360/3360 3357/3357/3357
f 3361/3361/3361 3362/3362/3362 3354/3354/3354
f 3361/3361/3361 3354/3354/3354 3353/3353/3353
f 3354/3354/3354 3363/3363/3363 3364/3364/3364
f 3354/3354/3354 3364/3364/3364 3355/3355/3355
f 3365/3365/3365 3366/3366/3366 3367/3367/3367
f 3365/3365/3365 3367/3367/3367 3368/3368/3368
f 3369/3369/3369 3370/3370/3370 3362/3362/3362
f 3369/3369/3369 3362/3362/3362 3361/3361/3361
f 3362/3362/3362 3371/3371/3371 3363/3363/3363
f 3362/3362/3362 3363/3363/3363 3354/3354/3354
f 3372/3372/3372 3373/3373/3373 3366/3366/3366
f 3372/3372/3372 3366/3366/3366 3365/3365/3365
f 3374/3374/3374 3375/3375/3375 3370/3370/3370
f 3374/3374/3374 3370/3370/3370 3369/3369/3369
f 3370/3370/3370 3376/3376/3376 3371/3371/3371
f 3370/3370/3370 3371/3371/3371 3362/3362/3362
f 3377/3377/3377 3378/3378/3378 3373/3373/3373
f 3377/3377/3377 3373/3373/3373 3372/3372/3372
f 3375/3375/3375 3379/3379/3379 3376/3376/3376
f 3375/3375/3375 3376/3376/3376 3370/3370/3370
f 3380/3380/3380 3381/3381/3381 3378/3378/3378
f 3380/3380/3380 3378/3378/3378 3377/3377/3377
f 3382/3382/3382 3383/3383/3383 3375/3375/3375
f 3382/3382/3382 3375/3375/3375 3374/3374/3374
f 3383/3383/3383 3384/3384/3384 3379/3379/3379
f 3383/3383/3383 3379/3379/3379 3375/3375/3375
f 3385/3385/3385 3386/3386/3386 3387/3387/3387
f 3385/3385/3385 3387/3387/3387 3388/3388/3388
f 3389/3389/3389 3390/3390/3390 3383/3383/3383
f 3389/3389/3389 3383/3383/3383 3382/3382/3382
f 3390/3390/3390 3391/3391/3391 3384/3384/3384
f 3390/3390/3390 3384/3384/3384 3383/3383/3383
f 3392/3392/3392 3393/3393/3393 3386/3386/3386
f 3392/3392/3392 3386/3386/3386 3385/3385/3385
f 3394/3394/3394 3395/3395/3395 3391/3391/3391
f 3394/3394/3394 3391/3391/3391 3390/3390/3390
f 3396/3396/3396 3397/3397/3397 3395/3395/3395
f 3396/3396/3396 3395/3395/3395 3394/3394/3394
f 3398/3398/3398 3399/3399/3399 3393/3393/3393
f 3398/3398/3398 3393/3393/3393 3392/3392/3392
f 3400/3400/3400 3394/3394/3394 3390/3390/3390
f 3400/3400/3400 3390/3390/3390 3401/3401/3401
f 3402/3402/3402 3403/3403/3403 3397/3397/3397
f 3402/3402/3402 3397/3397/3397 3396/3396/3396
f 3404/3404/3404 3405/3405/3405 3399/3399/3399
f 3404/3404/3404 3399/3399/3399 3398/3398/3398
f 3406/3406/3406 3396/3396/3396 3394/3394/3394
f 3406/3406/3406 3394/3394/3394 3400/3400/3400
f 3407/3407/3407 3408/3408/3408 3409/3409/3409
f 3407/3407/3407 3409/3409/3409 3410/3410/3410
f 3410/3410/3410 3409/3409/3409 3405/3405/3405
f 3410/3410/3410 3405/3405/3405 3404/3404/3404
f 3411/3411/3411 3402/3402/3402 3396/3396/3396
f 3411/3411/3411 3396/3396/3396 3406/3406/3406
f 3412/3412/3412 3413/3413/3413 3408/3408/3408
f 3412/3412/3412 3408/3408/3408 3407/3407/3407
f 3414/3414/3414 3415/3415/3415 3402/3402/3402
f 3414/3414/3414 3402/3402/3402 3411/3411/3411
f 3416/3416/3416 3417/3417/3417 3403/3403/3403
f 3416/3416/3416 3403/3403/3403 3402/3402/3402
f 3418/3418/3418 3419/3419/3419 3413/3413/3413
f 3418/3418/3418 3413/3413/3413 3412/3412/3412
f 3420/3420/3420 3421/3421/3421 3422/3422/3422
f 3420/3420/3420 3422/3422/3422 3414/3414/3414
f 3421/3421/3421 3423/3423/3423 3417/3417/3417
f 3421/3421/3421 3417/3417/3417 3424/3424/3424
f 3425/3425/3425 3426/3426/3426 3427/3427/3427
f 3425/3425/3425 3427/3427/3427 3428/3428/3428
f 3428/3428/3428 3427/3427/3427 3421/3421/3421
f 3428/3428/3428 3421/3421/3421 3420/3420/3420
f 3427/3427/3427 3429/3429/3429 3423/3423/3423
f 3427/3427/3427 3423/3423/3423 3421/3421/3421
f 3430/3430/3430 3431/3431/3431 3426/3426/3426
f 3430/3430/3430 3426/3426/3426 3425/3425/3425
f 3368/3368/3368 3367/3367/3367 3351/3351/3351
f 3368/3368/3368 3351/3351/3351 3350/3350/3350
f 3426/3426/3426 3432/3432/3432 3429/3429/3429
f 3426/3426/3426 3429/3429/3429 3427/3427/3427
f 3433/3433/3433 3434/3434/3434 3419/3419/3419
f 3433/3433/3433 3419/3419/3419 3418/3418/3418
f 3435/3435/3435 3431/3431/3431 3357/3357/3357
f 3435/3435/3435 3357/3357/3357 3360/3360/3360
f 3431/3431/3431 3435/3435/3435 3432/3432/3432
f 3431/3431/3431 3432/3432/3432 3426/3426/3426
f 3349/3349/3349 3352/3352/3352 3434/3434/3434
f 3349/3349/3349 3434/3434/3434 3433/3433/3433
f 3431/3431/3431 3430/3430/3430 3358/3358/3358
f 3431/3431/3431 3358/3358/3358 3357/3357/3357
f 3428/3428/3428 3420/3420/3420 3436/3436/3436
f 3428/3428/3428 3436/3436/3436 3425/3425/3425
f 3420/3420/3420 3414/3414/3414 3437/3437/3437
f 3420/3420/3420 3437/3437/3437 3436/3436/3436
f 3414/3414/3414 3411/3411/3411 3438/3438/3438
f 3414/3414/3414 3438/3438/3438 3437/3437/3437
f 3411/3411/3411 3406/3406/3406 3400/3400/3400
f 3411/3411/3411 3400/3400/3400 3438/3438/3438
f 3425/3425/3425 3436/3436/3436 3439/3439/3439
f 3425/3425/3425 3439/3439/3439 3430/3430/3430
f 3436/3436/3436 3437/3437/3437 3440/3440/3440
f 3436/3436/3436 3440/3440/3440 3439/3439/3439
f 3437/3437/3437 3438/3438/3438 3441/3441/3441
f 3437/3437/3437 3441/3441/3441 3440/3440/3440
f 3438/3438/3438 3400/3400/3400 3442/3442/3442
f 3438/3438/3438 3442/3442/3442 3441/3441/3441
f 3430/3430/3430 3439/3439/3439 3443/3443/3443
f 3430/3430/3430 3443/3443/3443 3358/3358/3358
f 3439/3439/3439 3440/3440/3440 3444/3444/3444
f 3439/3439/3439 3444/3444/3444 3443/3443/3443
f 3440/3440/3440 3441/3441/3441 3445/3445/3445
f 3440/3440/3440 3445/3445/3445 3444/3444/3444
f 3441/3441/3441 3446/3446/3446 3382/3382/3382
f 3441/3441/3441 3382/3382/3382 3445/3445/3445
f 3358/3358/3358 3443/3443/3443 3353/3353/3353
f 3358/3358/3358 3353/3353/3353 3356/3356/3356
f 3443/3443/3443 3444/3444/3444 3361/3361/3361
f 3443/3443/3443 3361/3361/3361 3353/3353/3353
f 3444/3444/3444 3445/3445/3445 3369/3369/3369
f 3444/3444/3444 3369/3369/3369 3361/3361/3361
f 3445/3445/3445 3382/3382/3382 3374/3374/3374
f 3445/3445/3445 3374/3374/3374 3369/3369/3369
f 3447/3447/3447 3448/3448/3448 3449/3449/3449
f 3447/3447/3447 3449/3449/3449 3450/3450/3450
f 3451/3451/3451 3452/3452/3452 3453/3453/3453
f 3451/3451/3451 3453/3453/3453 3454/3454/3454
f 3454/3454/3454 3453/3453/3453 3455/3455/3455
f 3454/3454/3454 3455/3455/3455 3456/3456/3456
f 3453/3453/3453 3457/3457/3457 3458/3458/3458
f 3453/3453/3453 3458/3458/3458 3455/3455/3455
f 3459/3459/3459 3460/3460/3460 3452/3452/3452
f 3459/3459/3459 3452/3452/3452 3451/3451/3451
f 3452/3452/3452 3461/3461/3461 3457/3457/3457
f 3452/3452/3452 3457/3457/3457 3453/3453/3453
f 3462/3462/3462 3463/3463/3463 3464/3464/3464
f 3462/3462/3462 3464/3464/3464 3465/3465/3465
f 3466/3466/3466 3467/3467/3467 3460/3460/3460
f 3466/3466/3466 3460/3460/3460 3459/3459/3459
f 3460/3460/3460 3468/3468/3468 3469/3469/3469
f 3460/3460/3460 3469/3469/3469 3452/3452/3452
f 3470/3470/3470 3471/3471/3471 3463/3463/3463
f 3470/3470/3470 3463/3463/3463 3462/3462/3462
f 3472/3472/3472 3473/3473/3473 3467/3467/3467
f 3472/3472/3472 3467/3467/3467 3466/3466/3466
f 3467/3467/3467 3474/3474/3474 3468/3468/3468
f 3467/3467/3467 3468/3468/3468 3460/3460/3460
f 3475/3475/3475 3476/3476/3476 3471/3471/3471
f 3475/3475/3475 3471/3471/3471 3470/3470/3470
f 3473/3473/3473 3477/3477/3477 3474/3474/3474
f 3473/3473/3473 3474/3474/3474 3467/3467/3467
f 3478/3478/3478 3479/3479/3479 3476/3476/3476
f 3478/3478/3478 3476/3476/3476 3475/3475/3475
f 3480/3480/3480 3481/3481/3481 3473/3473/3473
f 3480/3480/3480 3473/3473/3473 3472/3472/3472
f 3481/3481/3481 3482/3482/3482 3477/3477/3477
f 3481/3481/3481 3477/3477/3477 3473/3473/3473
f 3483/3483/3483 3484/3484/3484 3479/3479/3479
f 3483/3483/3483 3479/3479/3479 3478/3478/3478
f 3485/3485/3485 3486/3486/3486 3481/3481/3481
f 3485/3485/3485 3481/3481/3481 3480/3480/3480
f 3486/3486/3486 3487/3487/3487 3482/3482/3482
f 3486/3486/3486 3482/3482/3482 3481/3481/3481
f 3488/3488/3488 3489/3489/3489 3484/3484/3484
f 3488/3488/3488 3484/3484/3484 3483/3483/3483
f 3490/3490/3490 3491/3491/3491 3487/3487/3487
f 3490/3490/3490 3487/3487/3487 3486/3486/3486
f 3492/3492/3492 3493/3493/3493 3491/3491/3491
f 3492/3492/3492 3491/3491/3491 3490/3490/3490
f 3494/3494/3494 3495/3495/3495 3489/3489/3489
f 3494/3494/3494 3489/3489/3489 3488/3488/3488
f 3496/3496/3496 3490/3490/3490 3486/3486/3486
f 3496/3496/3496 3486/3486/3486 3485/3485/3485
f 3497/3497/3497 3498/3498/3498 3493/3493/3493
f 3497/3497/3497 3493/3493/3493 3492/3492/3492
f 3499/3499/3499 3500/3500/3500 3495/3495/3495
f 3499/3499/3499 3495/3495/3495 3494/3494/3494
f 3501/3501/3501 3492/3492/3492 3490/3490/3490
f 3501/3501/3501 3490/3490/3490 3496/3496/3496
f 3502/3502/3502 3503/3503/3503 3504/3504/3504
f 3502/3502/3502 3504/3504/3504 3505/3505/3505
f 3505/3505/3505 3504/3504/3504 3500/3500/3500
f 3505/3505/3505 3500/3500/3500 3499/3499/3499
f 3506/3506/3506 3497/3497/3497 3492/3492/3492
f 3506/3506/3506 3492/3492/3492 3501/3501/3501
f 3507/3507/3507 3508/3508/3508 3503/3503/3503
f 3507/3507/3507 3503/3503/3503 3502/3502/3502
f 3509/3509/3509 3510/3510/3510 3497/3497/3497
f 3509/3509/3509 3497/3497/3497 3506/3506/3506
f 3510/3510/3510 3511/3511/3511 3498/3498/3498
f 3510/3510/3510 3498/3498/3498 3497/3497/3497
f 3512/3512/3512 3513/3513/3513 3508/3508/3508
f 3512/3512/3512 3508/3508/3508 3507/3507/3507
f 3514/3514/3514 3515/3515/3515 3510/3510/3510
f 3514/3514/3514 3510/3510/3510 3509/3509/3509
f 3515/3515/3515 3516/3516/3516 3511/3511/3511
f 3515/3515/3515 3511/3511/3511 3510/3510/3510
f 3517/3517/3517 3518/3518/3518 3519/3519/3519
f 3517/3517/3517 3519/3519/3519 3520/3520/3520
f 3520/3520/3520 3519/3519/3519 3515/3515/3515
f 3520/3520/3520 3515/3515/3515 3514/3514/3514
f 3519/3519/3519 3521/3521/3521 3516/3516/3516
f 3519/3519/3519 3516/3516/3516 3515/3515/3515
f 3522/3522/3522 3523/3523/3523 3518/3518/3518
f 3522/3522/3522 3518/3518/3518 3517/3517/3517
f 3465/3465/3465 3464/3464/3464 3449/3449/3449
f 3465/3465/3465 3449/3449/3449 3448/3448/3448
f 3518/3518/3518 3524/3524/3524 3521/3521/3521
f 3518/3518/3518 3521/3521/3521 3519/3519/3519
f 3525/3525/3525 3526/3526/3526 3513/3513/3513
f 3525/3525/3525 3513/3513/3513 3512/3512/3512
f 3527/3527/3527 3523/3523/3523 3455/3455/3455
f 3527/3527/3527 3455/3455/3455 3528/3528/3528
f 3523/3523/3523 3527/3527/3527 3524/3524/3524
f 3523/3523/3523 3524/3524/3524 3518/3518/3518
f 3447/3447/3447 3450/3450/3450 3526/3526/3526
f 3447/3447/3447 3526/3526/3526 3525/3525/3525
f 3523/3523/3523 3522/3522/3522 3456/3456/3456
f 3523/3523/3523 3456/3456/3456 3455/3455/3455
f 3520/3520/3520 3514/3514/3514 3529/3529/3529
f 3520/3520/3520 3529/3529/3529 3517/3517/3517
f 3514/3514/3514 3509/3509/3509 3530/3530/3530
f 3514/3514/3514 3530/3530/3530 3529/3529/3529
f 3509/3509/3509 3506/3506/3506 3531/3531/3531
f 3509/3509/3509 3531/3531/3531 3530/3530/3530
f 3506/3506/3506 3501/3501/3501 3496/3496/3496
f 3506/3506/3506 3496/3496/3496 3531/3531/3531
f 3517/3517/3517 3529/3529/3529 3532/3532/3532
f 3517/3517/3517 3532/3532/3532 3522/3522/3522
f 3529/3529/3529 3530/3530/3530 3533/3533/3533
f 3529/3529/3529 3533/3533/3533 3532/3532/3532
f 3530/3530/3530 3531/3531/3531 3534/3534/3534
f 3530/3530/3530 3534/3534/3534 3533/3533/3533
f 3531/3531/3531 3496/3496/3496 3485/3485/3485
f 3531/3531/3531 3485/3485/3485 3534/3534/3534
f 3522/3522/3522 3532/3532/3532 3535/3535/3535
f 3522/3522/3522 3535/3535/3535 3456/3456/3456
f 3532/3532/3532 3533/3533/3533 3536/3536/3536
f 3532/3532/3532 3536/3536/3536 3535/3535/3535
f 3533/3533/3533 3534/3534/3534 3537/3537/3537
f 3533/3533/3533 3537/3537/3537 3536/3536/3536
f 3534/3534/3534 3485/3485/3485 3480/3480/3480
f 3534/3534/3534 3480/3480/3480 3537/3537/3537
f 3456/3456/3456 3535/3535/3535 3451/3451/3451
f 3456/3456/3456 3451/3451/3451 3454/3454/3454
f 3535/3535/3535 3536/3536/3536 3459/3459/3459
f 3535/3535/3535 3459/3459/3459 3451/3451/3451
f 3536/3536/3536 3537/3537/3537 3466/3466/3466
f 3536/3536/3536 3466/3466/3466 3459/3459/3459
f 3537/3537/3537 3480/3480/3480 3472/3472/3472
f 3537/3537/3537 3472/3472/3472 3466/3466/3466
f 3538/3538/3538 3539/3539/3539 3540/3540/3540
f 3538/3538/3538 3540/3540/3540 3541/3541/3541
f 3542/3542/3542 3543/3543/3543 3544/3544/3544
f 3542/3542/3542 3544/3544/3544 3545/3545/3545
f 3543/3543/3543 3546/3546/3546 3547/3547/3547
f 3543/3543/3543 3547/3547/3547 3544/3544/3544
f 3544/3544/3544 3547/3547/3547 3548/3548/3548
f 3544/3544/3544 3548/3548/3548 3549/3549/3549
f 3550/3550/3550 3542/3542/3542 3545/3545/3545
f 3550/3550/3550 3545/3545/3545 3551/3551/3551
f 3545/3545/3545 3544/3544/3544 3549/3549/3549
f 3545/3545/3545 3549/3549/3549 3552/3552/3552
f 3553/3553/3553 3554/3554/3554 3555/3555/3555
f 3553/3553/3553 3555/3555/3555 3556/3556/3556
f 3557/3557/3557 3550/3550/3550 3551/3551/3551
f 3557/3557/3557 3551/3551/3551 3558/3558/3558
f 3551/3551/3551 3545/3545/3545 3552/3552/3552
f 3551/3551/3551 3552/3552/3552 3559/3559/3559
f 3560/3560/3560 3553/3553/3553 3556/3556/3556
f 3560/3560/3560 3556/3556/3556 3561/3561/3561
f 3562/3562/3562 3563/3563/3563 3558/3558/3558
f 3562/3562/3562 3558/3558/3558 3564/3564/3564
f 3558/3558/3558 3551/3551/3551 3559/3559/3559
f 3558/3558/3558 3559/3559/3559 3565/3565/3565
f 3566/3566/3566 3560/3560/3560 3561/3561/3561
f 3566/3566/3566 3561/3561/3561 3567/3567/3567
f 3564/3564/3564 3558/3558/3558 3565/3565/3565
f 3564/3564/3564 3565/3565/3565 3568/3568/3568
f 3569/3569/3569 3566/3566/3566 3567/3567/3567
f 3569/3569/3569 3567/3567/3567 3570/3570/3570
f 3571/3571/3571 3562/3562/3562 3564/3564/3564
f 3571/3571/3571 3564/3564/3564 3572/3572/3572
f 3572/3572/3572 3564/3564/3564 3568/3568/3568
f 3572/3572/3572 3568/3568/3568 3573/3573/3573
f 3574/3574/3574 3569/3569/3569 3570/3570/3570
f 3574/3574/3574 3570/3570/3570 3575/3575/3575
f 3576/3576/3576 3571/3571/3571 3572/3572/3572
f 3576/3576/3576 3572/3572/3572 3577/3577/3577
f 3577/3577/3577 3572/3572/3572 3573/3573/3573
f 3577/3577/3577 3573/3573/3573 3578/3578/3578
f 3579/3579/3579 3574/3574/3574 3575/3575/3575
f 3579/3579/3579 3575/3575/3575 3580/3580/3580
f 3581/3581/3581 3577/3577/3577 3578/3578/3578
f 3581/3581/3581 3578/3578/3578 3582/3582/3582
f 3583/3583/3583 3581/3581/3581 3582/3582/3582
f 3583/3583/3583 3582/3582/3582 3584/3584/3584
f 3585/3585/3585 3579/3579/3579 3580/3580/3580
f 3585/3585/3585 3580/3580/3580 3586/3586/3586
f 3587/3587/3587 3576/3576/3576 3577/3577/3577
f 3587/3587/3587 3577/3577/3577 3581/3581/3581
f 3588/3588/3588 3583/3583/3583 3584/3584/3584
f 3588/3588/3588 3584/3584/3584 3589/3589/3589
f 3590/3590/3590 3585/3585/3585 3586/3586/3586
f 3590/3590/3590 3586/3586/3586 3591/3591/3591
f 3592/3592/3592 3587/3587/3587 3581/3581/3581
f 3592/3592/3592 3581/3581/3581 3583/3583/3583
f 3593/3593/3593 3594/3594/3594 3595/3595/3595
f 3593/3593/3593 3595/3595/3595 3596/3596/3596
f 3594/3594/3594 3590/3590/3590 3591/3591/3591
f 3594/3594/3594 3591/3591/3591 3595/3595/3595
f 3597/3597/3597 3592/3592/3592 3583/3583/3583
f 3597/3597/3597 3583/3583/3583 3588/3588/3588
f 3598/3598/3598 3593/3593/3593 3596/3596/3596
f 3598/3598/3598 3596/3596/3596 3599/3599/3599
f 3600/3600/3600 3597/3597/3597 3588/3588/3588
f 3600/3600/3600 3588/3588/3588 3601/3601/3601
f 3601/3601/3601 3588/3588/3588 3589/3589/3589
f 3601/3601/3601 3589/3589/3589 3602/3602/3602
f 3603/3603/3603 3598/3598/3598 3599/3599/3599
f 3603/3603/3603 3599/3599/3599 3604/3604/3604
f 3605/3605/3605 3600/3600/3600 3601/3601/3601
f 3605/3605/3605 3601/3601/3601 3606/3606/3606
f 3606/3606/3606 3601/3601/3601 3602/3602/3602
f 3606/3606/3606 3602/3602/3602 3607/3607/3607
f 3608/3608/3608 3609/3609/3609 3610/3610/3610
f 3608/3608/3608 3610/3610/3610 3611/3611/3611
f 3609/3609/3609 3605/3605/3605 3606/3606/3606
f 3609/3609/3609 3606/3606/3606 3610/3610/3610
f 3610/3610/3610 3606/3606/3606 3607/3607/3607
f 3610/3610/3610 3607/3607/3607 3612/3612/3612
f 3613/3613/3613 3608/3608/3608 3611/3611/3611
f 3613/3613/3613 3611/3611/3611 3614/3614/3614
f 3554/3554/3554 3541/3541/3541 3540/3540/3540
f 3554/3554/3554 3540/3540/3540 3555/3555/3555
f 3611/3611/3611 3610/3610/3610 3612/3612/3612
f 3611/3611/3611 3612/3612/3612 3615/3615/3615
f 3616/3616/3616 3603/3603/3603 3604/3604/3604
f 3616/3616/3616 3604/3604/3604 3617/3617/3617
f 3618/3618/3618 3548/3548/3548 3547/3547/3547
f 3618/3618/3618 3547/3547/3547 3614/3614/3614
f 3614/3614/3614 3611/3611/3611 3615/3615/3615
f 3614/3614/3614 3615/3615/3615 3618/3618/3618
f 3538/3538/3538 3616/3616/3616 3617/3617/3617
f 3538/3538/3538 3617/3617/3617 3539/3539/3539
f 3614/3614/3614 3547/3547/3547 3546/3546/3546
f 3614/3614/3614 3546/3546/3546 3613/3613/3613
f 3609/3609/3609 3608/3608/3608 3619/3619/3619
f 3609/3609/3609 3619/3619/3619 3605/3605/3605
f 3605/3605/3605 3619/3619/3619 3620/3620/3620
f 3605/3605/3605 3620/3620/3620 3600/3600/3600
f 3600/3600/3600 3620/3620/3620 3621/3621/3621
f 3600/3600/3600 3621/3621/3621 3597/3597/3597
f 3597/3597/3597 3622/3622/3622 3587/3587/3587
f 3597/3597/3597 3587/3587/3587 3592/3592/3592
f 3608/3608/3608 3613/3613/3613 3623/3623/3623
f 3608/3608/3608 3623/3623/3623 3619/3619/3619
f 3619/3619/3619 3623/3623/3623 3624/3624/3624
f 3619/3619/3619 3624/3624/3624 3620/3620/3620
f 3620/3620/3620 3624/3624/3624 3625/3625/3625
f 3620/3620/3620 3625/3625/3625 3626/3626/3626
f 3627/3627/3627 3625/3625/3625 3576/3576/3576
f 3627/3627/3627 3576/3576/3576 3587/3587/3587
f 3613/3613/3613 3546/3546/3546 3628/3628/3628
f 3613/3613/3613 3628/3628/3628 3623/3623/3623
f 3623/3623/3623 3628/3628/3628 3629/3629/3629
f 3623/3623/3623 3629/3629/3629 3624/3624/3624
f 3624/3624/3624 3629/3629/3629 3630/3630/3630
f 3624/3624/3624 3630/3630/3630 3625/3625/3625
f 3625/3625/3625 3630/3630/3630 3571/3571/3571
f 3625/3625/3625 3571/3571/3571 3576/3576/3576
f 3546/3546/3546 3543/3543/3543 3542/3542/3542
f 3546/3546/3546 3542/3542/3542 3628/3628/3628
f 3628/3628/3628 3542/3542/3542 3550/3550/3550
f 3628/3628/3628 3550/3550/3550 3629/3629/3629
f 3629/3629/3629 3550/3550/3550 3631/3631/3631
f 3629/3629/3629 3631/3631/3631 3630/3630/3630
f 3630/3630/3630 3632/3632/3632 3562/3562/3562
f 3630/3630/3630 3562/3562/3562 3571/3571/3571
f 3633/3633/3633 3634/3634/3634 3635/3635/3635
f 3633/3633/3633 3635/3635/3635 3636/3636/3636
f 3637/3637/3637 3638/3638/3638 3639/3639/3639
f 3637/3637/3637 3639/3639/3639 3640/3640/3640
f 3640/3640/3640 3639/3639/3639 3641/3641/3641
f 3640/3640/3640 3641/3641/3641 3642/3642/3642
f 3639/3639/3639 3643/3643/3643 3644/3644/3644
f 3639/3639/3639 3644/3644/3644 3641/3641/3641
f 3645/3645/3645 3646/3646/3646 3638/3638/3638
f 3645/3645/3645 3638/3638/3638 3637/3637/3637
f 3638/3638/3638 3647/3647/3647 3643/3643/3643
f 3638/3638/3638 3643/3643/3643 3639/3639/3639
f 3648/3648/3648 3649/3649/3649 3650/3650/3650
f 3648/3648/3648 3650/3650/3650 3651/3651/3651
f 3652/3652/3652 3653/3653/3653 3646/3646/3646
f 3652/3652/3652 3646/3646/3646 3645/3645/3645
f 3646/3646/3646 3654/3654/3654 3647/3647/3647
f 3646/3646/3646 3647/3647/3647 3638/3638/3638
f 3655/3655/3655 3656/3656/3656 3649/3649/3649
f 3655/3655/3655 3649/3649/3649 3648/3648/3648
f 3657/3657/3657 3658/3658/3658 3653/3653/3653
f 3657/3657/3657 3653/3653/3653 3652/3652/3652
f 3653/3653/3653 3659/3659/3659 3654/3654/3654
f 3653/3653/3653 3654/3654/3654 3646/3646/3646
f 3660/3660/3660 3661/3661/3661 3656/3656/3656
f 3660/3660/3660 3656/3656/3656 3655/3655/3655
f 3658/3658/3658 3662/3662/3662 3659/3659/3659
f 3658/3658/3658 3659/3659/3659 3653/3653/3653
f 3663/3663/3663 3664/3664/3664 3661/3661/3661
f 3663/3663/3663 3661/3661/3661 3660/3660/3660
f 3665/3665/3665 3666/3666/3666 3658/3658/3658
f 3665/3665/3665 3658/3658/3658 3657/3657/3657
f 3666/3666/3666 3667/3667/3667 3662/3662/3662
f 3666/3666/3666 3662/3662/3662 3658/3658/3658
f 3668/3668/3668 3669/3669/3669 3664/3664/3664
f 3668/3668/3668 3664/3664/3664 3663/3663/3663
f 3670/3670/3670 3671/3671/3671 3666/3666/3666
f 3670/3670/3670 3666/3666/3666 3665/3665/3665
f 3671/3671/3671 3672/3672/3672 3667/3667/3667
f 3671/3671/3671 3667/3667/3667 3666/3666/3666
f 3673/3673/3673 3674/3674/3674 3669/3669/3669
f 3673/3673/3673 3669/3669/3669 3675/3675/3675
f 3676/3676/3676 3677/3677/3677 3672/3672/3672
f 3676/3676/3676 3672/3672/3672 3671/3671/3671
f 3678/3678/3678 3679/3679/3679 3677/3677/3677
f 3678/3678/3678 3677/3677/3677 3676/3676/3676
f 3680/3680/3680 3681/3681/3681 3674/3674/3674
f 3680/3680/3680 3674/3674/3674 3673/3673/3673
f 3682/3682/3682 3676/3676/3676 3671/3671/3671
f 3682/3682/3682 3671/3671/3671 3670/3670/3670
f 3683/3683/3683 3684/3684/3684 3679/3679/3679
f 3683/3683/3683 3679/3679/3679 3678/3678/3678
f 3685/3685/3685 3686/3686/3686 3681/3681/3681
f 3685/3685/3685 3681/3681/3681 3680/3680/3680
f 3687/3687/3687 3678/3678/3678 3676/3676/3676
f 3687/3687/3687 3676/3676/3676 3682/3682/3682
f 3688/3688/3688 3689/3689/3689 3690/3690/3690
f 3688/3688/3688 3690/3690/3690 3691/3691/3691
f 3691/3691/3691 3690/3690/3690 3686/3686/3686
f 3691/3691/3691 3686/3686/3686 3685/3685/3685
f 3692/3692/3692 3683/3683/3683 3678/3678/3678
f 3692/3692/3692 3678/3678/3678 3687/3687/3687
f 3693/3693/3693 3694/3694/3694 3689/3689/3689
f 3693/3693/3693 3689/3689/3689 3688/3688/3688
f 3695/3695/3695 3696/3696/3696 3683/3683/3683
f 3695/3695/3695 3683/3683/3683 3692/3692/3692
f 3696/3696/3696 3697/3697/3697 3684/3684/3684
f 3696/3696/3696 3684/3684/3684 3683/3683/3683
f 3698/3698/3698 3699/3699/3699 3694/3694/3694
f 3698/3698/3698 3694/3694/3694 3693/3693/3693
f 3700/3700/3700 3701/3701/3701 3696/3696/3696
f 3700/3700/3700 3696/3696/3696 3702/3702/3702
f 3701/3701/3701 3703/3703/3703 3697/3697/3697
f 3701/3701/3701 3697/3697/3697 3696/3696/3696
f 3704/3704/3704 3705/3705/3705 3706/3706/3706
f 3704/3704/3704 3706/3706/3706 3707/3707/3707
f 3707/3707/3707 3706/3706/3706 3701/3701/3701
f 3707/3707/3707 3701/3701/3701 3700/3700/3700
f 3706/3706/3706 3708/3708/3708 3703/3703/3703
f 3706/3706/3706 3703/3703/3703 3701/3701/3701
f 3709/3709/3709 3710/3710/3710 3705/3705/3705
f 3709/3709/3709 3705/3705/3705 3704/3704/3704
f 3651/3651/3651 3650/3650/3650 3635/3635/3635
f 3651/3651/3651 3635/3635/3635 3634/3634/3634
f 3705/3705/3705 3711/3711/3711 3708/3708/3708
f 3705/3705/3705 3708/3708/3708 3706/3706/3706
f 3712/3712/3712 3713/3713/3713 3699/3699/3699
f 3712/3712/3712 3699/3699/3699 3698/3698/3698
f 3714/3714/3714 3710/3710/3710 3641/3641/3641
f 3714/3714/3714 3641/3641/3641 3715/3715/3715
f 3710/3710/3710 3714/3714/3714 3711/3711/3711
f 3710/3710/3710 3711/3711/3711 3705/3705/3705
f 3633/3633/3633 3636/3636/3636 3713/3713/3713
f 3633/3633/3633 3713/3713/3713 3712/3712/3712
f 3710/3710/3710 3709/3709/3709 3716/3716/3716
f 3710/3710/3710 3716/3716/3716 3641/3641/3641
f 3707/3707/3707 3700/3700/3700 3717/3717/3717
f 3707/3707/3707 3717/3717/3717 3704/3704/3704
f 3700/3700/3700 3718/3718/3718 3719/3719/3719
f 3700/3700/3700 3719/3719/3719 3717/3717/3717
f 3720/3720/3720 3692/3692/3692 3721/3721/3721
f 3720/3720/3720 3721/3721/3721 3719/3719/3719
f 3692/3692/3692 3687/3687/3687 3682/3682/3682
f 3692/3692/3692 3682/3682/3682 3721/3721/3721
f 3704/3704/3704 3717/3717/3717 3722/3722/3722
f 3704/3704/3704 3722/3722/3722 3709/3709/3709
f 3717/3717/3717 3719/3719/3719 3723/3723/3723
f 3717/3717/3717 3723/3723/3723 3724/3724/3724
f 3719/3719/3719 3721/3721/3721 3725/3725/3725
f 3719/3719/3719 3725/3725/3725 3723/3723/3723
f 3721/3721/3721 3682/3682/3682 3670/3670/3670
f 3721/3721/3721 3670/3670/3670 3725/3725/3725
f 3709/3709/3709 3726/3726/3726 3727/3727/3727
f 3709/3709/3709 3727/3727/3727 3728/3728/3728
f 3729/3729/3729 3723/3723/3723 3730/3730/3730
f 3729/3729/3729 3730/3730/3730 3727/3727/3727
f 3723/3723/3723 3725/3725/3725 3731/3731/3731
f 3723/3723/3723 3731/3731/3731 3730/3730/3730
f 3725/3725/3725 3670/3670/3670 3665/3665/3665
f 3725/3725/3725 3665/3665/3665 3731/3731/3731
f 3732/3732/3732 3727/3727/3727 3637/3637/3637
f 3732/3732/3732 3637/3637/3637 3640/3640/3640
f 3727/3727/3727 3730/3730/3730 3645/3645/3645
f 3727/3727/3727 3645/3645/3645 3637/3637/3637
f 3730/3730/3730 3731/3731/3731 3652/3652/3652
f 3730/3730/3730 3652/3652/3652 3645/3645/3645
f 3731/3731/3731 3665/3665/3665 3657/3657/3657
f 3731/3731/3731 3657/3657/3657 3652/3652/3652
f 3733/3733/3733 3734/3734/3734 3735/3735/3735
f 3733/3733/3733 3735/3735/3735 3736/3736/3736
f 3737/3737/3737 3738/3738/3738 3739/3739/3739
f 3737/3737/3737 3739/3739/3739 3740/3740/3740
f 3740/3740/3740 3739/3739/3739 3741/3741/3741
f 3740/3740/3740 3741/3741/3741 3742/3742/3742
f 3739/3739/3739 3743/3743/3743 3744/3744/3744
f 3739/3739/3739 3744/3744/3744 3741/3741/3741
f 3745/3745/3745 3746/3746/3746 3738/3738/3738
f 3745/3745/3745 3738/3738/3738 3747/3747/3747
f 3738/3738/3738 3748/3748/3748 3743/3743/3743
f 3738/3738/3738 3743/3743/3743 3739/3739/3739
f 3749/3749/3749 3750/3750/3750 3751/3751/3751
f 3749/3749/3749 3751/3751/3751 3752/3752/3752
f 3753/3753/3753 3754/3754/3754 3746/3746/3746
f 3753/3753/3753 3746/3746/3746 3745/3745/3745
f 3746/3746/3746 3755/3755/3755 3748/3748/3748
f 3746/3746/3746 3748/3748/3748 3738/3738/3738
f 3756/3756/3756 3757/3757/3757 3750/3750/3750
f 3756/3756/3756 3750/3750/3750 3749/3749/3749
f 3758/3758/3758 3759/3759/3759 3754/3754/3754
f 3758/3758/3758 3754/3754/3754 3753/3753/3753
f 3754/3754/3754 3760/3760/3760 3755/3755/3755
f 3754/3754/3754 3755/3755/3755 3746/3746/3746
f 3761/3761/3761 3762/3762/3762 3757/3757/3757
f 3761/3761/3761 3757/3757/3757 3756/3756/3756
f 3759/3759/3759 3763/3763/3763 3760/3760/3760
f 3759/3759/3759 3760/3760/3760 3754/3754/3754
f 3764/3764/3764 3765/3765/3765 3762/3762/3762
f 3764/3764/3764 3762/3762/3762 3761/3761/3761
f 3766/3766/3766 3767/3767/3767 3759/3759/3759
f 3766/3766/3766 3759/3759/3759 3758/3758/3758
f 3767/3767/3767 3768/3768/3768 3763/3763/3763
f 3767/3767/3767 3763/3763/3763 3759/3759/3759
f 3769/3769/3769 3770/3770/3770 3765/3765/3765
f 3769/3769/3769 3765/3765/3765 3771/3771/3771
f 3772/3772/3772 3773/3773/3773 3767/3767/3767
f 3772/3772/3772 3767/3767/3767 3766/3766/3766
f 3773/3773/3773 3774/3774/3774 3768/3768/3768
f 3773/3773/3773 3768/3768/3768 3767/3767/3767
f 3775/3775/3775 3776/3776/3776 3770/3770/3770
f 3775/3775/3775 3770/3770/3770 3769/3769/3769
f 3777/3777/3777 3778/3778/3778 3774/3774/3774
f 3777/3777/3777 3774/3774/3774 3773/3773/3773
f 3779/3779/3779 3780/3780/3780 3778/3778/3778
f 3779/3779/3779 3778/3778/3778 3777/3777/3777
f 3781/3781/3781 3782/3782/3782 3776/3776/3776
f 3781/3781/3781 3776/3776/3776 3775/3775/3775
f 3783/3783/3783 3777/3777/3777 3773/3773/3773
f 3783/3783/3783 3773/3773/3773 3784/3784/3784
f 3785/3785/3785 3786/3786/3786 3780/3780/3780
f 3785/3785/3785 3780/3780/3780 3779/3779/3779
f 3787/3787/3787 3788/3788/3788 3782/3782/3782
f 3787/3787/3787 3782/3782/3782 3781/3781/3781
f 3789/3789/3789 3779/3779/3779 3777/3777/3777
f 3789/3789/3789 3777/3777/3777 3783/3783/3783
f 3790/3790/3790 3791/3791/3791 3792/3792/3792
f 3790/3790/3790 3792/3792/3792 3793/3793/3793
f 3793/3793/3793 3792/3792/3792 3788/3788/3788
f 3793/3793/3793 3788/3788/3788 3787/3787/3787
f 3794/3794/3794 3785/3785/3785 3779/3779/3779
f 3794/3794/3794 3779/3779/3779 3789/3789/3789
f 3795/3795/3795 3796/3796/3796 3791/3791/3791
f 3795/3795/3795 3791/3791/3791 3790/3790/3790
f 3797/3797/3797 3798/3798/3798 3785/3785/3785
f 3797/3797/3797 3785/3785/3785 3794/3794/3794
f 3798/3798/3798 3799/3799/3799 3786/3786/3786
f 3798/3798/3798 3786/3786/3786 3785/3785/3785
f 3800/3800/3800 3801/3801/3801 3796/3796/3796
f 3800/3800/3800 3796/3796/3796 3795/3795/3795
f 3802/3802/3802 3803/3803/3803 3798/3798/3798
f 3802/3802/3802 3798/3798/3798 3797/3797/3797
f 3803/3803/3803 3804/3804/3804 3799/3799/3799
f 3803/3803/3803 3799/3799/3799 3798/3798/3798
f 3805/3805/3805 3806/3806/3806 3807/3807/3807
f 3805/3805/3805 3807/3807/3807 3808/3808/3808
f 3808/3808/3808 3807/3807/3807 3803/3803/3803
f 3808/3808/3808 3803/3803/3803 3809/3809/3809
f 3807/3807/3807 3810/3810/3810 3804/3804/3804
f 3807/3807/3807 3804/3804/3804 3803/3803/3803
f 3811/3811/3811 3812/3812/3812 3806/3806/3806
f 3811/3811/3811 3806/3806/3806 3805/3805/3805
f 3752/3752/3752 3751/3751/3751 3735/3735/3735
f 3752/3752/3752 3735/3735/3735 3734/3734/3734
f 3806/3806/3806 3813/3813/3813 3810/3810/3810
f 3806/3806/3806 3810/3810/3810 3807/3807/3807
f 3814/3814/3814 3815/3815/3815 3816/3816/3816
f 3814/3814/3814 3816/3816/3816 3800/3800/3800
f 3817/3817/3817 3812/3812/3812 3741/3741/3741
f 3817/3817/3817 3741/3741/3741 3744/3744/3744
f 3812/3812/3812 3817/3817/3817 3813/3813/3813
f 3812/3812/3812 3813/3813/3813 3806/3806/3806
f 3733/3733/3733 3736/3736/3736 3815/3815/3815
f 3733/3733/3733 3815/3815/3815 3814/3814/3814
f 3812/3812/3812 3818/3818/3818 3742/3742/3742
f 3812/3812/3812 3742/3742/3742 3741/3741/3741
f 3808/3808/3808 3819/3819/3819 3820/3820/3820
f 3808/3808/3808 3820/3820/3820 3805/3805/3805
f 3821/3821/3821 3797/3797/3797 3822/3822/3822
f 3821/3821/3821 3822/3822/3822 3820/3820/3820
f 3797/3797/3797 3794/3794/3794 3823/3823/3823
f 3797/3797/3797 3823/3823/3823 3822/3822/3822
f 3794/3794/3794 3789/3789/3789 3783/3783/3783
f 3794/3794/3794 3783/3783/3783 3823/3823/3823
f 3805/3805/3805 3820/3820/3820 3824/3824/3824
f 3805/3805/3805 3824/3824/3824 3825/3825/3825
f 3820/3820/3820 3822/3822/3822 3826/3826/3826
f 3820/3820/3820 3826/3826/3826 3824/3824/3824
f 3822/3822/3822 3823/3823/3823 3827/3827/3827
f 3822/3822/3822 3827/3827/3827 3826/3826/3826
f 3823/3823/3823 3783/3783/3783 3828/3828/3828
f 3823/3823/3823 3828/3828/3828 3827/3827/3827
f 3829/3829/3829 3824/3824/3824 3830/3830/3830
f 3829/3829/3829 3830/3830/3830 3742/3742/3742
f 3824/3824/3824 3826/3826/3826 3831/3831/3831
f 3824/3824/3824 3831/3831/3831 3832/3832/3832
f 3826/3826/3826 3827/3827/3827 3833/3833/3833
f 3826/3826/3826 3833/3833/3833 3831/3831/3831
f 3827/3827/3827 3834/3834/3834 3766/3766/3766
f 3827/3827/3827 3766/3766/3766 3833/3833/3833
f 3742/3742/3742 3835/3835/3835 3836/3836/3836
f 3742/3742/3742 3836/3836/3836 3740/3740/3740
f 3837/3837/3837 3831/3831/3831 3745/3745/3745
f 3837/3837/3837 3745/3745/3745 3838/3838/3838
f 3831/3831/3831 3833/3833/3833 3753/3753/3753
f 3831/3831/3831 3753/3753/3753 3745/3745/3745
f 3833/3833/3833 3766/3766/3766 3758/3758/3758
f 3833/3833/3833 3758/3758/3758 3753/3753/3753
f 3839/3839/3839 3840/3840/3840 3841/3841/3841
f 3839/3839/3839 3841/3841/3841 3842/3842/3842
f 3843/3843/3843 3844/3844/3844 3845/3845/3845
f 3843/3843/3843 3845/3845/3845 3846/3846/3846
f 3846/3846/3846 3845/3845/3845 3847/3847/3847
f 3846/3846/3846 3847/3847/3847 3848/3848/3848
f 3845/3845/3845 3849/3849/3849 3850/3850/3850
f 3845/3845/3845 3850/3850/3850 3847/3847/3847
f 3851/3851/3851 3852/3852/3852 3844/3844/3844
f 3851/3851/3851 3844/3844/3844 3853/3853/3853
f 3844/3844/3844 3854/3854/3854 3849/3849/3849
f 3844/3844/3844 3849/3849/3849 3845/3845/3845
f 3855/3855/3855 3856/3856/3856 3857/3857/3857
f 3855/3855/3855 3857/3857/3857 3858/3858/3858
f 3859/3859/3859 3860/3860/3860 3852/3852/3852
f 3859/3859/3859 3852/3852/3852 3851/3851/3851
f 3852/3852/3852 3861/3861/3861 3854/3854/3854
f 3852/3852/3852 3854/3854/3854 3844/3844/3844
f 3862/3862/3862 3863/3863/3863 3856/3856/3856
f 3862/3862/3862 3856/3856/3856 3855/3855/3855
f 3864/3864/3864 3865/3865/3865 3860/3860/3860
f 3864/3864/3864 3860/3860/3860 3859/3859/3859
f 3860/3860/3860 3866/3866/3866 3861/3861/3861
f 3860/3860/3860 3861/3861/3861 3852/3852/3852
f 3867/3867/3867 3868/3868/3868 3863/3863/3863
f 3867/3867/3867 3863/3863/3863 3862/3862/3862
f 3865/3865/3865 3869/3869/3869 3866/3866/3866
f 3865/3865/3865 3866/3866/3866 3860/3860/3860
f 3870/3870/3870 3871/3871/3871 3868/3868/3868
f 3870/3870/3870 3868/3868/3868 3867/3867/3867
f 3872/3872/3872 3873/3873/3873 3865/3865/3865
f 3872/3872/3872 3865/3865/3865 3864/3864/3864
f 3873/3873/3873 3874/3874/3874 3869/3869/3869
f 3873/3873/3873 3869/3869/3869 3865/3865/3865
f 3875/3875/3875 3876/3876/3876 3871/3871/3871
f 3875/3875/3875 3871/3871/3871 3870/3870/3870
f 3877/3877/3877 3878/3878/3878 3873/3873/3873
f 3877/3877/3877 3873/3873/3873 3872/3872/3872
f 3878/3878/3878 3879/3879/3879 3874/3874/3874
f 3878/3878/3878 3874/3874/3874 3873/3873/3873
f 3880/3880/3880 3881/3881/3881 3882/3882/3882
f 3880/3880/3880 3882/3882/3882 3875/3875/3875
f 3883/3883/3883 3884/3884/3884 3879/3879/3879
f 3883/3883/3883 3879/3879/3879 3878/3878/3878
f 3885/3885/3885 3886/3886/3886 3884/3884/3884
f 3885/3885/3885 3884/3884/3884 3883/3883/3883
f 3887/3887/3887 3888/3888/3888 3881/3881/3881
f 3887/3887/3887 3881/3881/3881 3880/3880/3880
f 3889/3889/3889 3883/3883/3883 3878/3878/3878
f 3889/3889/3889 3878/3878/3878 3877/3877/3877
f 3890/3890/3890 3891/3891/3891 3886/3886/3886
f 3890/3890/3890 3886/3886/3886 3885/3885/3885
f 3892/3892/3892 3893/3893/3893 3888/3888/3888
f 3892/3892/3892 3888/3888/3888 3887/3887/3887
f 3894/3894/3894 3885/3885/3885 3883/3883/3883
f 3894/3894/3894 3883/3883/3883 3889/3889/3889
f 3895/3895/3895 3896/3896/3896 3897/3897/3897
f 3895/3895/3895 3897/3897/3897 3898/3898/3898
f 3898/3898/3898 3899/3899/3899 3893/3893/3893
f 3898/3898/3898 3893/3893/3893 3892/3892/3892
f 3900/3900/3900 3890/3890/3890 3885/3885/3885
f 3900/3900/3900 3885/3885/3885 3894/3894/3894
f 3901/3901/3901 3902/3902/3902 3896/3896/3896
f 3901/3901/3901 3896/3896/3896 3895/3895/3895
f 3903/3903/3903 3904/3904/3904 3890/3890/3890
f 3903/3903/3903 3890/3890/3890 3900/3900/3900
f 3904/3904/3904 3905/3905/3905 3891/3891/3891
f 3904/3904/3904 3891/3891/3891 3890/3890/3890
f 3906/3906/3906 3907/3907/3907 3902/3902/3902
f 3906/3906/3906 3902/3902/3902 3901/3901/3901
f 3908/3908/3908 3909/3909/3909 3904/3904/3904
f 3908/3908/3908 3904/3904/3904 3903/3903/3903
f 3909/3909/3909 3910/3910/3910 3905/3905/3905
f 3909/3909/3909 3905/3905/3905 3904/3904/3904
f 3911/3911/3911 3912/3912/3912 3913/3913/3913
f 3911/3911/3911 3913/3913/3913 3914/3914/3914
f 3914/3914/3914 3913/3913/3913 3909/3909/3909
f 3914/3914/3914 3909/3909/3909 3915/3915/3915
f 3913/3913/3913 3916/3916/3916 3910/3910/3910
f 3913/3913/3913 3910/3910/3910 3909/3909/3909
f 3917/3917/3917 3918/3918/3918 3912/3912/3912
f 3917/3917/3917 3912/3912/3912 3911/3911/3911
f 3858/3858/3858 3857/3857/3857 3841/3841/3841
f 3858/3858/3858 3841/3841/3841 3840/3840/3840
f 3912/3912/3912 3919/3919/3919 3916/3916/3916
f 3912/3912/3912 3916/3916/3916 3913/3913/3913
f 3920/3920/3920 3921/3921/3921 3922/3922/3922
f 3920/3920/3920 3922/3922/3922 3906/3906/3906
f 3923/3923/3923 3918/3918/3918 3847/3847/3847
f 3923/3923/3923 3847/3847/3847 3850/3850/3850
f 3918/3918/3918 3923/3923/3923 3919/3919/3919
f 3918/3918/3918 3919/3919/3919 3912/3912/3912
f 3839/3839/3839 3842/3842/3842 3921/3921/3921
f 3839/3839/3839 3921/3921/3921 3920/3920/3920
f 3918/3918/3918 3924/3924/3924 3848/3848/3848
f 3918/3918/3918 3848/3848/3848 3847/3847/3847
f 3914/3914/3914 3925/3925/3925 3926/3926/3926
f 3914/3914/3914 3926/3926/3926 3911/3911/3911
f 3927/3927/3927 3903/3903/3903 3928/3928/3928
f 3927/3927/3927 3928/3928/3928 3926/3926/3926
f 3903/3903/3903 3900/3900/3900 3929/3929/3929
f 3903/3903/3903 3929/3929/3929 3928/3928/3928
f 3900/3900/3900 3894/3894/3894 3889/3889/3889
f 3900/3900/3900 3889/3889/3889 3929/3929/3929
f 3911/3911/3911 3926/3926/3926 3930/3930/3930
f 3911/3911/3911 3930/3930/3930 3931/3931/3931
f 3926/3926/3926 3928/3928/3928 3932/3932/3932
f 3926/3926/3926 3932/3932/3932 3930/3930/3930
f 3928/3928/3928 3929/3929/3929 3933/3933/3933
f 3928/3928/3928 3933/3933/3933 3932/3932/3932
f 3929/3929/3929 3889/3889/3889 3877/3877/3877
f 3929/3929/3929 3877/3877/3877 3933/3933/3933
f 3934/3934/3934 3930/3930/3930 3935/3935/3935
f 3934/3934/3934 3935/3935/3935 3848/3848/3848
f 3930/3930/3930 3932/3932/3932 3936/3936/3936
f 3930/3930/3930 3936/3936/3936 3935/3935/3935
f 3932/3932/3932 3933/3933/3933 3937/3937/3937
f 3932/3932/3932 3937/3937/3937 3936/3936/3936
f 3933/3933/3933 3877/3877/3877 3872/3872/3872
f 3933/3933/3933 3872/3872/3872 3937/3937/3937
f 3848/3848/3848 3935/3935/3935 3938/3938/3938
f 3848/3848/3848 3938/3938/3938 3846/3846/3846
f 3935/3935/3935 3936/3936/3936 3851/3851/3851
f 3935/3935/3935 3851/3851/3851 3939/3939/3939
f 3936/3936/3936 3937/3937/3937 3859/3859/3859
f 3936/3936/3936 3859/3859/3859 3851/3851/3851
f 3937/3937/3937 3872/3872/3872 3864/3864/3864
f 3937/3937/3937 3864/3864/3864 3859/3859/3859
f 3940/3940/3940 3941/3941/3941 3942/3942/3942
f 3940/3940/3940 3942/3942/3942 3943/3943/3943
f 3944/3944/3944 3945/3945/3945 3946/3946/3946
f 3944/3944/3944 3946/3946/3946 3947/3947/3947
f 3945/3945/3945 3948/3948/3948 3949/3949/3949
f 3945/3945/3945 3949/3949/3949 3946/3946/3946
f 3946/3946/3946 3949/3949/3949 3950/3950/3950
f 3946/3946/3946 3950/3950/3950 3951/3951/3951
f 3952/3952/3952 3944/3944/3944 3947/3947/3947
f 3952/3952/3952 3947/3947/3947 3953/3953/3953
f 3947/3947/3947 3946/3946/3946 3951/3951/3951
f 3947/3947/3947 3951/3951/3951 3954/3954/3954
f 3955/3955/3955 3956/3956/3956 3957/3957/3957
f 3955/3955/3955 3957/3957/3957 3958/3958/3958
f 3959/3959/3959 3952/3952/3952 3953/3953/3953
f 3959/3959/3959 3953/3953/3953 3960/3960/3960
f 3953/3953/3953 3947/3947/3947 3954/3954/3954
f 3953/3953/3953 3954/3954/3954 3961/3961/3961
f 3962/3962/3962 3955/3955/3955 3958/3958/3958
f 3962/3962/3962 3958/3958/3958 3963/3963/3963
f 3964/3964/3964 3959/3959/3959 3960/3960/3960
f 3964/3964/3964 3960/3960/3960 3965/3965/3965
f 3960/3960/3960 3953/3953/3953 3961/3961/3961
f 3960/3960/3960 3961/3961/3961 3966/3966/3966
f 3967/3967/3967 3962/3962/3962 3963/3963/3963
f 3967/3967/3967 3963/3963/3963 3968/3968/3968
f 3965/3965/3965 3960/3960/3960 3966/3966/3966
f 3965/3965/3965 3966/3966/3966 3969/3969/3969
f 3970/3970/3970 3967/3967/3967 3968/3968/3968
f 3970/3970/3970 3968/3968/3968 3971/3971/3971
f 3972/3972/3972 3964/3964/3964 3965/3965/3965
f 3972/3972/3972 3965/3965/3965 3973/3973/3973
f 3973/3973/3973 3965/3965/3965 3969/3969/3969
f 3973/3973/3973 3969/3969/3969 3974/3974/3974
f 3975/3975/3975 3970/3970/3970 3971/3971/3971
f 3975/3975/3975 3971/3971/3971 3976/3976/3976
f 3977/3977/3977 3972/3972/3972 3973/3973/3973
f 3977/3977/3977 3973/3973/3973 3978/3978/3978
f 3978/3978/3978 3973/3973/3973 3974/3974/3974
f 3978/3978/3978 3974/3974/3974 3979/3979/3979
f 3980/3980/3980 3975/3975/3975 3976/3976/3976
f 3980/3980/3980 3976/3976/3976 3981/3981/3981
f 3982/3982/3982 3978/3978/3978 3979/3979/3979
f 3982/3982/3982 3979/3979/3979 3983/3983/3983
f 3984/3984/3984 3982/3982/3982 3983/3983/3983
f 3984/3984/3984 3983/3983/3983 3985/3985/3985
f 3986/3986/3986 3980/3980/3980 3981/3981/3981
f 3986/3986/3986 3981/3981/3981 3987/3987/3987
f 3988/3988/3988 3977/3977/3977 3978/3978/3978
f 3988/3988/3988 3978/3978/3978 3982/3982/3982
f 3989/3989/3989 3984/3984/3984 3985/3985/3985
f 3989/3989/3989 3985/3985/3985 3990/3990/3990
f 3991/3991/3991 3986/3986/3986 3987/3987/3987
f 3991/3991/3991 3987/3987/3987 3992/3992/3992
f 3993/3993/3993 3988/3988/3988 3982/3982/3982
f 3993/3993/3993 3982/3982/3982 3984/3984/3984
f 3994/3994/3994 3995/3995/3995 3996/3996/3996
f 3994/3994/3994 3996/3996/3996 3997/3997/3997
f 3995/3995/3995 3991/3991/3991 3992/3992/3992
f 3995/3995/3995 3992/3992/3992 3996/3996/3996
f 3998/3998/3998 3993/3993/3993 3984/3984/3984
f 3998/3998/3998 3984/3984/3984 3989/3989/3989
f 3999/3999/3999 3994/3994/3994 3997/3997/3997
f 3999/3999/3999 3997/3997/3997 4000/4000/4000
f 4001/4001/4001 3998/3998/3998 3989/3989/3989
f 4001/4001/4001 3989/3989/3989 4002/4002/4002
f 4002/4002/4002 3989/3989/3989 3990/3990/3990
f 4002/4002/4002 3990/3990/3990 4003/4003/4003
f 4004/4004/4004 3999/3999/3999 4000/4000/4000
f 4004/4004/4004 4000/4000/4000 4005/4005/4005
f 4006/4006/4006 4001/4001/4001 4002/4002/4002
f 4006/4006/4006 4002/4002/4002 4007/4007/4007
f 4007/4007/4007 4002/4002/4002 4003/4003/4003
f 4007/4007/4007 4003/4003/4003 4008/4008/4008
f 4009/4009/4009 4010/4010/4010 4011/4011/4011
f 4009/4009/4009 4011/4011/4011 4012/4012/4012
f 4010/4010/4010 4006/4006/4006 4007/4007/4007
f 4010/4010/4010 4007/4007/4007 4011/4011/4011
f 4011/4011/4011 4007/4007/4007 4008/4008/4008
f 4011/4011/4011 4008/4008/4008 4013/4013/4013
f 4014/4014/4014 4009/4009/4009 4012/4012/4012
f 4014/4014/4014 4012/4012/4012 4015/4015/4015
f 3956/3956/3956 3943/3943/3943 3942/3942/3942
f 3956/3956/3956 3942/3942/3942 3957/3957/3957
f 4012/4012/4012 4011/4011/4011 4013/4013/4013
f 4012/4012/4012 4013/4013/4013 4016/4016/4016
f 4017/4017/4017 4004/4004/4004 4005/4005/4005
f 4017/4017/4017 4005/4005/4005 4018/4018/4018
f 4019/4019/4019 3950/3950/3950 3949/3949/3949
f 4019/4019/4019 3949/3949/3949 4015/4015/4015
f 4015/4015/4015 4012/4012/4012 4016/4016/4016
f 4015/4015/4015 4016/4016/4016 4019/4019/4019
f 3940/3940/3940 4017/4017/4017 4018/4018/4018
f 3940/3940/3940 4018/4018/4018 3941/3941/3941
f 4015/4015/4015 3949/3949/3949 3948/3948/3948
f 4015/4015/4015 3948/3948/3948 4014/4014/4014
f 4010/4010/4010 4009/4009/4009 4020/4020/4020
f 4010/4010/4010 4020/4020/4020 4006/4006/4006
f 4006/4006/4006 4020/4020/4020 4021/4021/4021
f 4006/4006/4006 4021/4021/4021 4001/4001/4001
f 4001/4001/4001 4021/4021/4021 4022/4022/4022
f 4001/4001/4001 4022/4022/4022 3998/3998/3998
f 3998/3998/3998 4022/4022/4022 3988/3988/3988
f 3998/3998/3998 3988/3988/3988 3993/3993/3993
f 4009/4009/4009 4014/4014/4014 4023/4023/4023
f 4009/4009/4009 4023/4023/4023 4020/4020/4020
f 4020/4020/4020 4023/4023/4023 4024/4024/4024
f 4020/4020/4020 4024/4024/4024 4021/4021/4021
f 4021/4021/4021 4024/4024/4024 4025/4025/4025
f 4021/4021/4021 4025/4025/4025 4022/4022/4022
f 4022/4022/4022 4025/4025/4025 3977/3977/3977
f 4022/4022/4022 3977/3977/3977 3988/3988/3988
f 4014/4014/4014 3948/3948/3948 4026/4026/4026
f 4014/4014/4014 4026/4026/4026 4023/4023/4023
f 4023/4023/4023 4026/4026/4026 4027/4027/4027
f 4023/4023/4023 4027/4027/4027 4024/4024/4024
f 4024/4024/4024 4027/4027/4027 4028/4028/4028
f 4024/4024/4024 4028/4028/4028 4025/4025/4025
f 4025/4025/4025 4028/4028/4028 3972/3972/3972
f 4025/4025/4025 3972/3972/3972 3977/3977/3977
f 3948/3948/3948 3945/3945/3945 3944/3944/3944
f 3948/3948/3948 3944/3944/3944 4026/4026/4026
f 4026/4026/4026 3944/3944/3944 3952/3952/3952
f 4026/4026/4026 3952/3952/3952 4027/4027/4027
f 4027/4027/4027 3952/3952/3952 3959/3959/3959
f 4027/4027/4027 3959/3959/3959 4028/4028/4028
f 4028/4028/4028 3959/3959/3959 3964/3964/3964
f 4028/4028/4028 3964/3964/3964 3972/3972/3972
f 4029/4029/4029 4030/4030/4030 4031/4031/4031
f 4029/4029/4029 4031/4031/4031 4032/4032/4032
f 4033/4033/4033 4034/4034/4034 4035/4035/4035
f 4033/4033/4033 4035/4035/4035 4036/4036/4036
f 4036/4036/4036 4035/4035/4035 4037/4037/4037
f 4036/4036/4036 4037/4037/4037 4038/4038/4038
f 4035/4035/4035 4039/4039/4039 4040/4040/4040
f 4035/4035/4035 4040/4040/4040 4037/4037/4037
f 4041/4041/4041 4042/4042/4042 4034/4034/4034
f 4041/4041/4041 4034/4034/4034 4033/4033/4033
f 4034/4034/4034 4043/4043/4043 4039/4039/4039
f 4034/4034/4034 4039/4039/4039 4035/4035/4035
f 4044/4044/4044 4045/4045/4045 4046/4046/4046
f 4044/4044/4044 4046/4046/4046 4047/4047/4047
f 4048/4048/4048 4049/4049/4049 4042/4042/4042
f 4048/4048/4048 4042/4042/4042 4041/4041/4041
f 4042/4042/4042 4050/4050/4050 4043/4043/4043
f 4042/4042/4042 4043/4043/4043 4034/4034/4034
f 4051/4051/4051 4052/4052/4052 4045/4045/4045
f 4051/4051/4051 4045/4045/4045 4044/4044/4044
f 4053/4053/4053 4054/4054/4054 4055/4055/4055
f 4053/4053/4053 4055/4055/4055 4048/4048/4048
f 4056/4056/4056 4057/4057/4057 4050/4050/4050
f 4056/4056/4056 4050/4050/4050 4042/4042/4042
f 4058/4058/4058 4059/4059/4059 4052/4052/4052
f 4058/4058/4058 4052/4052/4052 4051/4051/4051
f 4054/4054/4054 4060/4060/4060 4057/4057/4057
f 4054/4054/4054 4057/4057/4057 4061/4061/4061
f 4062/4062/4062 4063/4063/4063 4059/4059/4059
f 4062/4062/4062 4059/4059/4059 4058/4058/4058
f 4064/4064/4064 4065/4065/4065 4054/4054/4054
f 4064/4064/4064 4054/4054/4054 4053/4053/4053
f 4065/4065/4065 4066/4066/4066 4060/4060/4060
f 4065/4065/4065 4060/4060/4060 4054/4054/4054
f 4067/4067/4067 4068/4068/4068 4063/4063/4063
f 4067/4067/4067 4063/4063/4063 4062/4062/4062
f 4069/4069/4069 4070/4070/4070 4065/4065/4065
f 4069/4069/4069 4065/4065/4065 4064/4064/4064
f 4070/4070/4070 4071/4071/4071 4066/4066/4066
f 4070/4070/4070 4066/4066/4066 4065/4065/4065
f 4072/4072/4072 4073/4073/4073 4068/4068/4068
f 4072/4072/4072 4068/4068/4068 4067/4067/4067
f 4074/4074/4074 4075/4075/4075 4076/4076/4076
f 4074/4074/4074 4076/4076/4076 4070/4070/4070
f 4077/4077/4077 4078/4078/4078 4075/4075/4075
f 4077/4077/4077 4075/4075/4075 4074/4074/4074
f 4079/4079/4079 4080/4080/4080 4073/4073/4073
f 4079/4079/4079 4073/4073/4073 4072/4072/4072
f 4081/4081/4081 4074/4074/4074 4070/4070/4070
f 4081/4081/4081 4070/4070/4070 4069/4069/4069
f 4082/4082/4082 4083/4083/4083 4078/4078/4078
f 4082/4082/4082 4078/4078/4078 4077/4077/4077
f 4084/4084/4084 4085/4085/4085 4080/4080/4080
f 4084/4084/4084 4080/4080/4080 4079/4079/4079
f 4086/4086/4086 4077/4077/4077 4074/4074/4074
f 4086/4086/4086 4074/4074/4074 4081/4081/4081
f 4087/4087/4087 4088/4088/4088 4089/4089/4089
f 4087/4087/4087 4089/4089/4089 4090/4090/4090
f 4090/4090/4090 4089/4089/4089 4085/4085/4085
f 4090/4090/4090 4085/4085/4085 4084/4084/4084
f 4091/4091/4091 4082/4082/4082 4077/4077/4077
f 4091/4091/4091 4077/4077/4077 4086/4086/4086
f 4092/4092/4092 4093/4093/4093 4088/4088/4088
f 4092/4092/4092 4088/4088/4088 4087/4087/4087
f 4094/4094/4094 4095/4095/4095 4082/4082/4082
f 4094/4094/4094 4082/4082/4082 4091/4091/4091
f 4095/4095/4095 4096/4096/4096 4083/4083/4083
f 4095/4095/4095 4083/4083/4083 4082/4082/4082
f 4097/4097/4097 4098/4098/4098 4093/4093/4093
f 4097/4097/4097 4093/4093/4093 4092/4092/4092
f 4099/4099/4099 4100/4100/4100 4095/4095/4095
f 4099/4099/4099 4095/4095/4095 4094/4094/4094
f 4100/4100/4100 4101/4101/4101 4096/4096/4096
f 4100/4100/4100 4096/4096/4096 4095/4095/4095
f 4102/4102/4102 4103/4103/4103 4104/4104/4104
f 4102/4102/4102 4104/4104/4104 4105/4105/4105
f 4105/4105/4105 4104/4104/4104 4100/4100/4100
f 4105/4105/4105 4100/4100/4100 4099/4099/4099
f 4104/4104/4104 4106/4106/4106 4101/4101/4101
f 4104/4104/4104 4101/4101/4101 4100/4100/4100
f 4107/4107/4107 4108/4108/4108 4103/4103/4103
f 4107/4107/4107 4103/4103/4103 4102/4102/4102
f 4047/4047/4047 4046/4046/4046 4031/4031/4031
f 4047/4047/4047 4031/4031/4031 4030/4030/4030
f 4103/4103/4103 4109/4109/4109 4106/4106/4106
f 4103/4103/4103 4106/4106/4106 4104/4104/4104
f 4110/4110/4110 4111/4111/4111 4098/4098/4098
f 4110/4110/4110 4098/4098/4098 4097/4097/4097
f 4112/4112/4112 4108/4108/4108 4037/4037/4037
f 4112/4112/4112 4037/4037/4037 4040/4040/4040
f 4108/4108/4108 4112/4112/4112 4109/4109/4109
f 4108/4108/4108 4109/4109/4109 4103/4103/4103
f 4029/4029/4029 4032/4032/4032 4111/4111/4111
f 4029/4029/4029 4111/4111/4111 4110/4110/4110
f 4108/4108/4108 4107/4107/4107 4038/4038/4038
f 4108/4108/4108 4038/4038/4038 4037/4037/4037
f 4105/4105/4105 4099/4099/4099 4113/4113/4113
f 4105/4105/4105 4113/4113/4113 4102/4102/4102
f 4099/4099/4099 4094/4094/4094 4114/4114/4114
f 4099/4099/4099 4114/4114/4114 4113/4113/4113
f 4094/4094/4094 4091/4091/4091 4115/4115/4115
f 4094/4094/4094 4115/4115/4115 4114/4114/4114
f 4091/4091/4091 4086/4086/4086 4081/4081/4081
f 4091/4091/4091 4081/4081/4081 4115/4115/4115
f 4102/4102/4102 4113/4113/4113 4116/4116/4116
f 4102/4102/4102 4116/4116/4116 4107/4107/4107
f 4113/4113/4113 4114/4114/4114 4117/4117/4117
f 4113/4113/4113 4117/4117/4117 4116/4116/4116
f 4114/4114/4114 4115/4115/4115 4118/4118/4118
f 4114/4114/4114 4118/4118/4118 4117/4117/4117
f 4115/4115/4115 4081/4081/4081 4069/4069/4069
f 4115/4115/4115 4069/4069/4069 4118/4118/4118
f 4107/4107/4107 4116/4116/4116 4119/4119/4119
f 4107/4107/4107 4119/4119/4119 4038/4038/4038
f 4116/4116/4116 4117/4117/4117 4120/4120/4120
f 4116/4116/4116 4120/4120/4120 4119/4119/4119
f 4117/4117/4117 4118/4118/4118 4121/4121/4121
f 4117/4117/4117 4121/4121/4121 4120/4120/4120
f 4118/4118/4118 4069/4069/4069 4064/4064/4064
f 4118/4118/4118 4064/4064/4064 4121/4121/4121
f 4038/4038/4038 4119/4119/4119 4033/4033/4033
f 4038/4038/4038 4033/4033/4033 4036/4036/4036
f 4119/4119/4119 4120/4120/4120 4041/4041/4041
f 4119/4119/4119 4041/4041/4041 4033/4033/4033
f 4120/4120/4120 4121/4121/4121 4048/4048/4048
f 4120/4120/4120 4048/4048/4048 4041/4041/4041
f 4121/4121/4121 4064/4064/4064 4053/4053/4053
f 4121/4121/4121 4053/4053/4053 4048/4048/4048
f 4122/4122/4122 4123/4123/4123 4124/4124/4124
f 4122/4122/4122 4124/4124/4124 4125/4125/4125
f 4126/4126/4126 4127/4127/4127 4128/4128/4128
f 4126/4126/4126 4128/4128/4128 4129/4129/4129
f 4130/4130/4130 4128/4128/4128 4131/4131/4131
f 4130/4130/4130 4131/4131/4131 4132/4132/4132
f 4128/4128/4128 4133/4133/4133 4134/4134/4134
f 4128/4128/4128 4134/4134/4134 4131/4131/4131
f 4135/4135/4135 4136/4136/4136 4127/4127/4127
f 4135/4135/4135 4127/4127/4127 4126/4126/4126
f 4127/4127/4127 4137/4137/4137 4133/4133/4133
f 4127/4127/4127 4133/4133/4133 4128/4128/4128
f 4138/4138/4138 4139/4139/4139 4140/4140/4140
f 4138/4138/4138 4140/4140/4140 4141/4141/4141
f 4142/4142/4142 4143/4143/4143 4136/4136/4136
f 4142/4142/4142 4136/4136/4136 4135/4135/4135
f 4136/4136/4136 4144/4144/4144 4137/4137/4137
f 4136/4136/4136 4137/4137/4137 4127/4127/4127
f 4145/4145/4145 4146/4146/4146 4139/4139/4139
f 4145/4145/4145 4139/4139/4139 4138/4138/4138
f 4147/4147/4147 4148/4148/4148 4143/4143/4143
f 4147/4147/4147 4143/4143/4143 4142/4142/4142
f 4143/4143/4143 4149/4149/4149 4144/4144/4144
f 4143/4143/4143 4144/4144/4144 4136/4136/4136
f 4150/4150/4150 4151/4151/4151 4146/4146/4146
f 4150/4150/4150 4146/4146/4146 4145/4145/4145
f 4148/4148/4148 4152/4152/4152 4149/4149/4149
f 4148/4148/4148 4149/4149/4149 4143/4143/4143
f 4153/4153/4153 4154/4154/4154 4151/4151/4151
f 4153/4153/4153 4151/4151/4151 4150/4150/4150
f 4155/4155/4155 4156/4156/4156 4148/4148/4148
f 4155/4155/4155 4148/4148/4148 4147/4147/4147
f 4156/4156/4156 4157/4157/4157 4152/4152/4152
f 4156/4156/4156 4152/4152/4152 4148/4148/4148
f 4158/4158/4158 4159/4159/4159 4154/4154/4154
f 4158/4158/4158 4154/4154/4154 4153/4153/4153
f 4160/4160/4160 4161/4161/4161 4156/4156/4156
f 4160/4160/4160 4156/4156/4156 4155/4155/4155
f 4161/4161/4161 4162/4162/4162 4157/4157/4157
f 4161/4161/4161 4157/4157/4157 4156/4156/4156
f 4163/4163/4163 4164/4164/4164 4159/4159/4159
f 4163/4163/4163 4159/4159/4159 4158/4158/4158
f 4165/4165/4165 4166/4166/4166 4162/4162/4162
f 4165/4165/4165 4162/4162/4162 4161/4161/4161
f 4167/4167/4167 4168/4168/4168 4166/4166/4166
f 4167/4167/4167 4166/4166/4166 4165/4165/4165
f 4169/4169/4169 4170/4170/4170 4164/4164/4164
f 4169/4169/4169 4164/4164/4164 4163/4163/4163
f 4171/4171/4171 4165/4165/4165 4161/4161/4161
f 4171/4171/4171 4161/4161/4161 4160/4160/4160
f 4172/4172/4172 4173/4173/4173 4168/4168/4168
f 4172/4172/4172 4168/4168/4168 4167/4167/4167
f 4174/4174/4174 4175/4175/4175 4170/4170/4170
f 4174/4174/4174 4170/4170/4170 4169/4169/4169
f 4176/4176/4176 4167/4167/4167 4165/4165/4165
f 4176/4176/4176 4165/4165/4165 4171/4171/4171
f 4177/4177/4177 4178/4178/4178 4179/4179/4179
f 4177/4177/4177 4179/4179/4179 4180/4180/4180
f 4180/4180/4180 4179/4179/4179 4175/4175/4175
f 4180/4180/4180 4175/4175/4175 4174/4174/4174
f 4181/4181/4181 4172/4172/4172 4167/4167/4167
f 4181/4181/4181 4167/4167/4167 4176/4176/4176
f 4182/4182/4182 4183/4183/4183 4178/4178/4178
f 4182/4182/4182 4178/4178/4178 4177/4177/4177
f 4184/4184/4184 4185/4185/4185 4172/4172/4172
f 4184/4184/4184 4172/4172/4172 4181/4181/4181
f 4185/4185/4185 4186/4186/4186 4173/4173/4173
f 4185/4185/4185 4173/4173/4173 4172/4172/4172
f 4187/4187/4187 4188/4188/4188 4183/4183/4183
f 4187/4187/4187 4183/4183/4183 4182/4182/4182
f 4189/4189/4189 4190/4190/4190 4185/4185/4185
f 4189/4189/4189 4185/4185/4185 4184/4184/4184
f 4190/4190/4190 4191/4191/4191 4186/4186/4186
f 4190/4190/4190 4186/4186/4186 4185/4185/4185
f 4192/4192/4192 4193/4193/4193 4194/4194/4194
f 4192/4192/4192 4194/4194/4194 4195/4195/4195
f 4195/4195/4195 4194/4194/4194 4190/4190/4190
f 4195/4195/4195 4190/4190/4190 4189/4189/4189
f 4194/4194/4194 4196/4196/4196 4191/4191/4191
f 4194/4194/4194 4191/4191/4191 4190/4190/4190
f 4197/4197/4197 4198/4198/4198 4193/4193/4193
f 4197/4197/4197 4193/4193/4193 4192/4192/4192
f 4141/4141/4141 4140/4140/4140 4124/4124/4124
f 4141/4141/4141 4124/4124/4124 4123/4123/4123
f 4193/4193/4193 4199/4199/4199 4196/4196/4196
f 4193/4193/4193 4196/4196/4196 4194/4194/4194
f 4200/4200/4200 4201/4201/4201 4188/4188/4188
f 4200/4200/4200 4188/4188/4188 4187/4187/4187
f 4202/4202/4202 4203/4203/4203 4131/4131/4131
f 4202/4202/4202 4131/4131/4131 4134/4134/4134
f 4204/4204/4204 4202/4202/4202 4199/4199/4199
f 4204/4204/4204 4199/4199/4199 4193/4193/4193
f 4122/4122/4122 4125/4125/4125 4201/4201/4201
f 4122/4122/4122 4201/4201/4201 4200/4200/4200
f 4205/4205/4205 4197/4197/4197 4132/4132/4132
f 4205/4205/4205 4132/4132/4132 4131/4131/4131
f 4195/4195/4195 4189/4189/4189 4206/4206/4206
f 4195/4195/4195 4206/4206/4206 4192/4192/4192
f 4189/4189/4189 4184/4184/4184 4207/4207/4207
f 4189/4189/4189 4207/4207/4207 4206/4206/4206
f 4184/4184/4184 4181/4181/4181 4208/4208/4208
f 4184/4184/4184 4208/4208/4208 4207/4207/4207
f 4181/4181/4181 4176/4176/4176 4171/4171/4171
f 4181/4181/4181 4171/4171/4171 4208/4208/4208
f 4192/4192/4192 4206/4206/4206 4209/4209/4209
f 4192/4192/4192 4209/4209/4209 4197/4197/4197
f 4206/4206/4206 4207/4207/4207 4210/4210/4210
f 4206/4206/4206 4210/4210/4210 4209/4209/4209
f 4207/4207/4207 4208/4208/4208 4211/4211/4211
f 4207/4207/4207 4211/4211/4211 4210/4210/4210
f 4208/4208/4208 4171/4171/4171 4160/4160/4160
f 4208/4208/4208 4160/4160/4160 4211/4211/4211
f 4197/4197/4197 4209/4209/4209 4212/4212/4212
f 4197/4197/4197 4212/4212/4212 4132/4132/4132
f 4209/4209/4209 4210/4210/4210 4213/4213/4213
f 4209/4209/4209 4213/4213/4213 4212/4212/4212
f 4210/4210/4210 4211/4211/4211 4214/4214/4214
f 4210/4210/4210 4214/4214/4214 4213/4213/4213
f 4211/4211/4211 4160/4160/4160 4155/4155/4155
f 4211/4211/4211 4155/4155/4155 4214/4214/4214
f 4132/4132/4132 4212/4212/4212 4126/4126/4126
f 4132/4132/4132 4126/4126/4126 4215/4215/4215
f 4212/4212/4212 4213/4213/4213 4135/4135/4135
f 4212/4212/4212 4135/4135/4135 4126/4126/4126
f 4213/4213/4213 4214/4214/4214 4142/4142/4142
f 4213/4213/4213 4142/4142/4142 4135/4135/4135
f 4214/4214/4214 4155/4155/4155 4147/4147/4147
f 4214/4214/4214 4147/4147/4147 4142/4142/4142
f 4216/4216/4216 4217/4217/4217 4218/4218/4218
f 4216/4216/4216 4218/4218/4218 4219/4219/4219
f 4220/4220/4220 4221/4221/4221 4222/4222/4222
f 4220/4220/4220 4222/4222/4222 4223/4223/4223
f 4223/4223/4223 4222/4222/4222 4224/4224/4224
f 4223/4223/4223 4224/4224/4224 4225/4225/4225
f 4222/4222/4222 4226/4226/4226 4227/4227/4227
f 4222/4222/4222 4227/4227/4227 4224/4224/4224
f 4228/4228/4228 4229/4229/4229 4221/4221/4221
f 4228/4228/4228 4221/4221/4221 4220/4220/4220
f 4221/4221/4221 4230/4230/4230 4226/4226/4226
f 4221/4221/4221 4226/4226/4226 4222/4222/4222
f 4231/4231/4231 4232/4232/4232 4233/4233/4233
f 4231/4231/4231 4233/4233/4233 4234/4234/4234
f 4235/4235/4235 4236/4236/4236 4229/4229/4229
f 4235/4235/4235 4229/4229/4229 4228/4228/4228
f 4229/4229/4229 4237/4237/4237 4230/4230/4230
f 4229/4229/4229 4230/4230/4230 4221/4221/4221
f 4238/4238/4238 4239/4239/4239 4232/4232/4232
f 4238/4238/4238 4232/4232/4232 4231/4231/4231
f 4240/4240/4240 4241/4241/4241 4236/4236/4236
f 4240/4240/4240 4236/4236/4236 4235/4235/4235
f 4236/4236/4236 4242/4242/4242 4237/4237/4237
f 4236/4236/4236 4237/4237/4237 4229/4229/4229
f 4243/4243/4243 4244/4244/4244 4239/4239/4239
f 4243/4243/4243 4239/4239/4239 4238/4238/4238
f 4241/4241/4241 4245/4245/4245 4242/4242/4242
f 4241/4241/4241 4242/4242/4242 4236/4236/4236
f 4246/4246/4246 4247/4247/4247 4244/4244/4244
f 4246/4246/4246 4244/4244/4244 4243/4243/4243
f 4248/4248/4248 4249/4249/4249 4241/4241/4241
f 4248/4248/4248 4241/4241/4241 4240/4240/4240
f 4249/4249/4249 4250/4250/4250 4245/4245/4245
f 4249/4249/4249 4245/4245/4245 4241/4241/4241
f 4251/4251/4251 4252/4252/4252 4247/4247/4247
f 4251/4251/4251 4247/4247/4247 4246/4246/4246
f 4253/4253/4253 4254/4254/4254 4249/4249/4249
f 4253/4253/4253 4249/4249/4249 4248/4248/4248
f 4254/4254/4254 4255/4255/4255 4250/4250/4250
f 4254/4254/4254 4250/4250/4250 4249/4249/4249
f 4256/4256/4256 4257/4257/4257 4252/4252/4252
f 4256/4256/4256 4252/4252/4252 4251/4251/4251
f 4258/4258/4258 4259/4259/4259 4255/4255/4255
f 4258/4258/4258 4255/4255/4255 4254/4254/4254
f 4260/4260/4260 4261/4261/4261 4259/4259/4259
f 4260/4260/4260 4259/4259/4259 4258/4258/4258
f 4262/4262/4262 4263/4263/4263 4257/4257/4257
f 4262/4262/4262 4257/4257/4257 4256/4256/4256
f 4264/4264/4264 4258/4258/4258 4254/4254/4254
f 4264/4264/4264 4254/4254/4254 4253/4253/4253
f 4265/4265/4265 4266/4266/4266 4261/4261/4261
f 4265/4265/4265 4261/4261/4261 4260/4260/4260
f 4267/4267/4267 4268/4268/4268 4263/4263/4263
f 4267/4267/4267 4263/4263/4263 4262/4262/4262
f 4269/4269/4269 4260/4260/4260 4258/4258/4258
f 4269/4269/4269 4258/4258/4258 4264/4264/4264
f 4270/4270/4270 4271/4271/4271 4272/4272/4272
f 4270/4270/4270 4272/4272/4272 4273/4273/4273
f 4273/4273/4273 4272/4272/4272 4268/4268/4268
f 4273/4273/4273 4268/4268/4268 4267/4267/4267
f 4274/4274/4274 4265/4265/4265 4260/4260/4260
f 4274/4274/4274 4260/4260/4260 4269/4269/4269
f 4275/4275/4275 4276/4276/4276 4271/4271/4271
f 4275/4275/4275 4271/4271/4271 4270/4270/4270
f 4277/4277/4277 4278/4278/4278 4265/4265/4265
f 4277/4277/4277 4265/4265/4265 4274/4274/4274
f 4278/4278/4278 4279/4279/4279 4266/4266/4266
f 4278/4278/4278 4266/4266/4266 4265/4265/4265
f 4280/4280/4280 4281/4281/4281 4276/4276/4276
f 4280/4280/4280 4276/4276/4276 4275/4275/4275
f 4282/4282/4282 4283/4283/4283 4278/4278/4278
f 4282/4282/4282 4278/4278/4278 4277/4277/4277
f 4283/4283/4283 4284/4284/4284 4279/4279/4279
f 4283/4283/4283 4279/4279/4279 4278/4278/4278
f 4285/4285/4285 4286/4286/4286 4287/4287/4287
f 4285/4285/4285 4287/4287/4287 4288/4288/4288
f 4288/4288/4288 4287/4287/4287 4283/4283/4283
f 4288/4288/4288 4283/4283/4283 4282/4282/4282
f 4287/4287/4287 4289/4289/4289 4284/4284/4284
f 4287/4287/4287 4284/4284/4284 4283/4283/4283
f 4290/4290/4290 4291/4291/4291 4286/4286/4286
f 4290/4290/4290 4286/4286/4286 4285/4285/4285
f 4234/4234/4234 4233/4233/4233 4218/4218/4218
f 4234/4234/4234 4218/4218/4218 4217/4217/4217
f 4286/4286/4286 4292/4292/4292 4289/4289/4289
f 4286/4286/4286 4289/4289/4289 4287/4287/4287
f 4293/4293/4293 4294/4294/4294 4281/4281/4281
f 4293/4293/4293 4281/4281/4281 4280/4280/4280
f 4295/4295/4295 4291/4291/4291 4224/4224/4224
f 4295/4295/4295 4224/4224/4224 4227/4227/4227
f 4291/4291/4291 4295/4295/4295 4292/4292/4292
f 4291/4291/4291 4292/4292/4292 4286/4286/4286
f 4216/4216/4216 4219/4219/4219 4294/4294/4294
f 4216/4216/4216 4294/4294/4294 4293/4293/4293
f 4291/4291/4291 4290/4290/4290 4225/4225/4225
f 4291/4291/4291 4225/4225/4225 4224/4224/4224
f 4288/4288/4288 4282/4282/4282 4296/4296/4296
f 4288/4288/4288 4296/4296/4296 4285/4285/4285
f 4282/4282/4282 4277/4277/4277 4297/4297/4297
f 4282/4282/4282 4297/4297/4297 4296/4296/4296
f 4277/4277/4277 4274/4274/4274 4298/4298/4298
f 4277/4277/4277 4298/4298/4298 4297/4297/4297
f 4274/4274/4274 4269/4269/4269 4264/4264/4264
f 4274/4274/4274 4264/4264/4264 4298/4298/4298
f 4285/4285/4285 4296/4296/4296 4299/4299/4299
f 4285/4285/4285 4299/4299/4299 4290/4290/4290
f 4296/4296/4296 4297/4297/4297 4300/4300/4300
f 4296/4296/4296 4300/4300/4300 4299/4299/4299
f 4297/4297/4297 4298/4298/4298 4301/4301/4301
f 4297/4297/4297 4301/4301/4301 4300/4300/4300
f 4298/4298/4298 4264/4264/4264 4253/4253/4253
f 4298/4298/4298 4253/4253/4253 4301/4301/4301
f 4290/4290/4290 4299/4299/4299 4302/4302/4302
f 4290/4290/4290 4302/4302/4302 4225/4225/4225
f 4299/4299/4299 4300/4300/4300 4303/4303/4303
f 4299/4299/4299 4303/4303/4303 4302/4302/4302
f 4300/4300/4300 4301/4301/4301 4304/4304/4304
f 4300/4300/4300 4304/4304/4304 4303/4303/4303
f 4301/4301/4301 4253/4253/4253 4248/4248/4248
f 4301/4301/4301 4248/4248/4248 4304/4304/4304
f 4225/4225/4225 4302/4302/4302 4220/4220/4220
f 4225/4225/4225 4220/4220/4220 4223/4223/4223
f 4302/4302/4302 4303/4303/4303 4228/4228/4228
f 4302/4302/4302 4228/4228/4228 4220/4220/4220
f 4303/4303/4303 4304/4304/4304 4235/4235/4235
f 4303/4303/4303 4235/4235/4235 4228/4228/4228
f 4304/4304/4304 4248/4248/4248 4240/4240/4240
f 4304/4304/4304 4240/4240/4240 4235/4235/4235
f 4305/4305/4305 4306/4306/4306 4307/4307/4307
f 4305/4305/4305 4307/4307/4307 4308/4308/4308
f 4309/4309/4309 4310/4310/4310 4311/4311/4311
f 4309/4309/4309 4311/4311/4311 4312/4312/4312
f 4310/4310/4310 4313/4313/4313 4314/4314/4314
f 4310/4310/4310 4314/4314/4314 4311/4311/4311
f 4311/4311/4311 4314/4314/4314 4315/4315/4315
f 4311/4311/4311 4315/4315/4315 4316/4316/4316
f 4317/4317/4317 4309/4309/4309 4312/4312/4312
f 4317/4317/4317 4312/4312/4312 4318/4318/4318
f 4312/4312/4312 4311/4311/4311 4316/4316/4316
f 4312/4312/4312 4316/4316/4316 4319/4319/4319
f 4320/4320/4320 4321/4321/4321 4322/4322/4322
f 4320/4320/4320 4322/4322/4322 4323/4323/4323
f 4324/4324/4324 4317/4317/4317 4318/4318/4318
f 4324/4324/4324 4318/4318/4318 4325/4325/4325
f 4318/4318/4318 4312/4312/4312 4319/4319/4319
f 4318/4318/4318 4319/4319/4319 4326/4326/4326
f 4327/4327/4327 4320/4320/4320 4323/4323/4323
f 4327/4327/4327 4323/4323/4323 4328/4328/4328
f 4329/4329/4329 4324/4324/4324 4330/4330/4330
f 4329/4329/4329 4330/4330/4330 4331/4331/4331
f 4332/4332/4332 4318/4318/4318 4326/4326/4326
f 4332/4332/4332 4326/4326/4326 4333/4333/4333
f 4334/4334/4334 4327/4327/4327 4328/4328/4328
f 4334/4334/4334 4328/4328/4328 4335/4335/4335
f 4331/4331/4331 4336/4336/4336 4337/4337/4337
f 4331/4331/4331 4337/4337/4337 4338/4338/4338
f 4339/4339/4339 4334/4334/4334 4335/4335/4335
f 4339/4339/4339 4335/4335/4335 4340/4340/4340
f 4341/4341/4341 4329/4329/4329 4331/4331/4331
f 4341/4341/4341 4331/4331/4331 4342/4342/4342
f 4342/4342/4342 4331/4331/4331 4343/4343/4343
f 4342/4342/4342 4343/4343/4343 4344/4344/4344
f 4345/4345/4345 4339/4339/4339 4340/4340/4340
f 4345/4345/4345 4340/4340/4340 4346/4346/4346
f 4347/4347/4347 4341/4341/4341 4342/4342/4342
f 4347/4347/4347 4342/4342/4342 4348/4348/4348
f 4348/4348/4348 4342/4342/4342 4344/4344/4344
f 4348/4348/4348 4344/4344/4344 4349/4349/4349
f 4350/4350/4350 4345/4345/4345 4346/4346/4346
f 4350/4350/4350 4346/4346/4346 4351/4351/4351
f 4352/4352/4352 4348/4348/4348 4349/4349/4349
f 4352/4352/4352 4349/4349/4349 4353/4353/4353
f 4354/4354/4354 4352/4352/4352 4353/4353/4353
f 4354/4354/4354 4353/4353/4353 4355/4355/4355
f 4356/4356/4356 4350/4350/4350 4351/4351/4351
f 4356/4356/4356 4351/4351/4351 4357/4357/4357
f 4358/4358/4358 4359/4359/4359 4348/4348/4348
f 4358/4358/4358 4348/4348/4348 4352/4352/4352
f 4360/4360/4360 4354/4354/4354 4355/4355/4355
f 4360/4360/4360 4355/4355/4355 4361/4361/4361
f 4362/4362/4362 4356/4356/4356 4357/4357/4357
f 4362/4362/4362 4357/4357/4357 4363/4363/4363
f 4364/4364/4364 4358/4358/4358 4352/4352/4352
f 4364/4364/4364 4352/4352/4352 4354/4354/4354
f 4365/4365/4365 4366/4366/4366 4367/4367/4367
f 4365/4365/4365 4367/4367/4367 4368/4368/4368
f 4366/4366/4366 4362/4362/4362 4363/4363/4363
f 4366/4366/4366 4363/4363/4363 4367/4367/4367
f 4369/4369/4369 4364/4364/4364 4354/4354/4354
f 4369/4369/4369 4354/4354/4354 4360/4360/4360
f 4370/4370/4370 4365/4365/4365 4368/4368/4368
f 4370/4370/4370 4368/4368/4368 4371/4371/4371
f 4372/4372/4372 4369/4369/4369 4360/4360/4360
f 4372/4372/4372 4360/4360/4360 4373/4373/4373
f 4373/4373/4373 4360/4360/4360 4361/4361/4361
f 4373/4373/4373 4361/4361/4361 4374/4374/4374
f 4375/4375/4375 4370/4370/4370 4371/4371/4371
f 4375/4375/4375 4371/4371/4371 4376/4376/4376
f 4377/4377/4377 4372/4372/4372 4373/4373/4373
f 4377/4377/4377 4373/4373/4373 4378/4378/4378
f 4378/4378/4378 4373/4373/4373 4374/4374/4374
f 4378/4378/4378 4374/4374/4374 4379/4379/4379
f 4380/4380/4380 4381/4381/4381 4382/4382/4382
f 4380/4380/4380 4382/4382/4382 4383/4383/4383
f 4381/4381/4381 4377/4377/4377 4378/4378/4378
f 4381/4381/4381 4378/4378/4378 4382/4382/4382
f 4382/4382/4382 4378/4378/4378 4379/4379/4379
f 4382/4382/4382 4379/4379/4379 4384/4384/4384
f 4385/4385/4385 4380/4380/4380 4383/4383/4383
f 4385/4385/4385 4383/4383/4383 4386/4386/4386
f 4321/4321/4321 4308/4308/4308 4307/4307/4307
f 4321/4321/4321 4307/4307/4307 4322/4322/4322
f 4383/4383/4383 4382/4382/4382 4384/4384/4384
f 4383/4383/4383 4384/4384/4384 4387/4387/4387
f 4388/4388/4388 4375/4375/4375 4376/4376/4376
f 4388/4388/4388 4376/4376/4376 4389/4389/4389
f 4390/4390/4390 4315/4315/4315 4314/4314/4314
f 4390/4390/4390 4314/4314/4314 4386/4386/4386
f 4386/4386/4386 4383/4383/4383 4387/4387/4387
f 4386/4386/4386 4387/4387/4387 4390/4390/4390
f 4305/4305/4305 4388/4388/4388 4389/4389/4389
f 4305/4305/4305 4389/4389/4389 4306/4306/4306
f 4386/4386/4386 4314/4314/4314 4313/4313/4313
f 4386/4386/4386 4313/4313/4313 4385/4385/4385
f 4381/4381/4381 4380/4380/4380 4391/4391/4391
f 4381/4381/4381 4391/4391/4391 4377/4377/4377
f 4377/4377/4377 4391/4391/4391 4392/4392/4392
f 4377/4377/4377 4392/4392/4392 4372/4372/4372
f 4372/4372/4372 4392/4392/4392 4393/4393/4393
f 4372/4372/4372 4393/4393/4393 4369/4369/4369
f 4369/4369/4369 4393/4393/4393 4358/4358/4358
f 4369/4369/4369 4358/4358/4358 4364/4364/4364
f 4380/4380/4380 4385/4385/4385 4394/4394/4394
f 4380/4380/4380 4394/4394/4394 4391/4391/4391
f 4391/4391/4391 4394/4394/4394 4395/4395/4395
f 4391/4391/4391 4395/4395/4395 4392/4392/4392
f 4392/4392/4392 4395/4395/4395 4396/4396/4396
f 4392/4392/4392 4396/4396/4396 4393/4393/4393
f 4393/4393/4393 4396/4396/4396 4397/4397/4397
f 4393/4393/4393 4397/4397/4397 4358/4358/4358
f 4385/4385/4385 4313/4313/4313 4398/4398/4398
f 4385/4385/4385 4398/4398/4398 4394/4394/4394
f 4394/4394/4394 4398/4398/4398 4399/4399/4399
f 4394/4394/4394 4399/4399/4399 4395/4395/4395
f 4395/4395/4395 4399/4399/4399 4400/4400/4400
f 4395/4395/4395 4400/4400/4400 4396/4396/4396
f 4396/4396/4396 4400/4400/4400 4341/4341/4341
f 4396/4396/4396 4341/4341/4341 4401/4401/4401
f 4313/4313/4313 4310/4310/4310 4309/4309/4309
f 4313/4313/4313 4309/4309/4309 4398/4398/4398
f 4398/4398/4398 4309/4309/4309 4317/4317/4317
f 4398/4398/4398 4317/4317/4317 4399/4399/4399
f 4399/4399/4399 4317/4317/4317 4324/4324/4324
f 4399/4399/4399 4324/4324/4324 4400/4400/4400
f 4400/4400/4400 4324/4324/4324 4329/4329/4329
f 4400/4400/4400 4329/4329/4329 4341/4341/4341
f 4402/4402/4402 4403/4403/4403 4404/4404/4404
f 4402/4402/4402 4404/4404/4404 4405/4405/4405
f 4403/4403/4403 4406/4406/4406 4407/4407/4407
f 4403/4403/4403 4407/4407/4407 4404/4404/4404
f 4408/4408/4408 4409/4409/4409 4410/4410/4410
f 4408/4408/4408 4410/4410/4410 4411/4411/4411
f 4409/4409/4409 4412/4412/4412 4413/4413/4413
f 4409/4409/4409 4413/4413/4413 4410/4410/4410
f 4414/4414/4414 4415/4415/4415 4416/4416/4416
f 4414/4414/4414 4416/4416/4416 4417/4417/4417
f 4415/4415/4415 4418/4418/4418 4419/4419/4419
f 4415/4415/4415 4419/4419/4419 4416/4416/4416
f 4420/4420/4420 4421/4421/4421 4422/4422/4422
f 4420/4420/4420 4422/4422/4422 4423/4423/4423
f 4421/4421/4421 4424/4424/4424 4425/4425/4425
f 4421/4421/4421 4425/4425/4425 4422/4422/4422
f 4426/4426/4426 4427/4427/4427 4428/4428/4428
f 4426/4426/4426 4428/4428/4428 4429/4429/4429
f 4427/4427/4427 4430/4430/4430 4431/4431/4431
f 4427/4427/4427 4431/4431/4431 4428/4428/4428
f 4432/4432/4432 4433/4433/4433 4434/4434/4434
f 4432/4432/4432 4434/4434/4434 4435/4435/4435
f 4433/4433/4433 4436/4436/4436 4437/4437/4437
f 4433/4433/4433 4437/4437/4437 4434/4434/4434
f 4438/4438/4438 4439/4439/4439 4440/4440/4440
f 4438/4438/4438 4440/4440/4440 4441/4441/4441
f 4439/4439/4439 4442/4442/4442 4443/4443/4443
f 4439/4439/4439 4443/4443/4443 4440/4440/4440
f 4444/4444/4444 4445/4445/4445 4446/4446/4446
f 4444/4444/4444 4446/4446/4446 4447/4447/4447
f 4445/4445/4445 4448/4448/4448 4449/4449/4449
f 4445/4445/4445 4449/4449/4449 4446/4446/4446
f 4450/4450/4450 4451/4451/4451 4452/4452/4452
f 4450/4450/4450 4452/4452/4452 4453/4453/4453
f 4402/4402/4402 4454/4454/4454 4455/4455/4455
f 4402/4402/4402 4455/4455/4455 4403/4403/4403
f 4446/4446/4446 4449/4449/4449 4456/4456/4456
f 4446/4446/4446 4456/4456/4456 4457/4457/4457
f 4445/4445/4445 4458/4458/4458 4459/4459/4459
f 4445/4445/4445 4459/4459/4459 4448/4448/4448
f 4447/4447/4447 4446/4446/4446 4457/4457/4457
f 4447/4447/4447 4457/4457/4457 4460/4460/4460
f 4444/4444/4444 4461/4461/4461 4458/4458/4458
f 4444/4444/4444 4458/4458/4458 4445/4445/4445
f 4440/4440/4440 4443/4443/4443 4462/4462/4462
f 4440/4440/4440 4462/4462/4462 4463/4463/4463
f 4439/4439/4439 4464/4464/4464 4465/4465/4465
f 4439/4439/4439 4465/4465/4465 4442/4442/4442
f 4441/4441/4441 4440/4440/4440 4463/4463/4463
f 4441/4441/4441 4463/4463/4463 4466/4466/4466
f 4438/4438/4438 4467/4467/4467 4464/4464/4464
f 4438/4438/4438 4464/4464/4464 4439/4439/4439
f 4434/4434/4434 4437/4437/4437 4468/4468/4468
f 4434/4434/4434 4468/4468/4468 4469/4469/4469
f 4433/4433/4433 4470/4470/4470 4471/4471/4471
f 4433/4433/4433 4471/4471/4471 4436/4436/4436
f 4435/4435/4435 4434/4434/4434 4469/4469/4469
f 4435/4435/4435 4469/4469/4469 4472/4472/4472
f 4432/4432/4432 4473/4473/4473 4470/4470/4470
f 4432/4432/4432 4470/4470/4470 4433/4433/4433
f 4428/4428/4428 4431/4431/4431 4474/4474/4474
f 4428/4428/4428 4474/4474/4474 4475/4475/4475
f 4427/4427/4427 4476/4476/4476 4477/4477/4477
f 4427/4427/4427 4477/4477/4477 4430/4430/4430
f 4429/4429/4429 4428/4428/4428 4475/4475/4475
f 4429/4429/4429 4475/4475/4475 4478/4478/4478
f 4426/4426/4426 4479/4479/4479 4476/4476/4476
f 4426/4426/4426 4476/4476/4476 4427/4427/4427
f 4422/4422/4422 4425/4425/4425 4480/4480/4480
f 4422/4422/4422 4480/4480/4480 4481/4481/4481
f 4421/4421/4421 4482/4482/4482 4483/4483/4483
f 4421/4421/4421 4483/4483/4483 4424/4424/4424
f 4423/4423/4423 4422/4422/4422 4481/4481/4481
f 4423/4423/4423 4481/4481/4481 4484/4484/4484
f 4420/4420/4420 4485/4485/4485 4482/4482/4482
f 4420/4420/4420 4482/4482/4482 4421/4421/4421
f 4416/4416/4416 4419/4419/4419 4486/4486/4486
f 4416/4416/4416 4486/4486/4486 4487/4487/4487
f 4415/4415/4415 4488/4488/4488 4489/4489/4489
f 4415/4415/4415 4489/4489/4489 4418/4418/4418
f 4417/4417/4417 4416/4416/4416 4487/4487/4487
f 4417/4417/4417 4487/4487/4487 4490/4490/4490
f 4414/4414/4414 4491/4491/4491 4488/4488/4488
f 4414/4414/4414 4488/4488/4488 4415/4415/4415
f 4410/4410/4410 4413/4413/4413 4492/4492/4492
f 4410/4410/4410 4492/4492/4492 4493/4493/4493
f 4409/4409/4409 4494/4494/4494 4495/4495/4495
f 4409/4409/4409 4495/4495/4495 4412/4412/4412
f 4411/4411/4411 4410/4410/4410 4493/4493/4493
f 4411/4411/4411 4493/4493/4493 4496/4496/4496
f 4408/4408/4408 4497/4497/4497 4494/4494/4494
f 4408/4408/4408 4494/4494/4494 4409/4409/4409
f 4404/4404/4404 4407/4407/4407 4498/4498/4498
f 4404/4404/4404 4498/4498/4498 4499/4499/4499
f 4403/4403/4403 4455/4455/4455 4500/4500/4500
f 4403/4403/4403 4500/4500/4500 4406/4406/4406
f 4405/4405/4405 4404/4404/4404 4499/4499/4499
f 4405/4405/4405 4499/4499/4499 4501/4501/4501
f 4453/4453/4453 4452/4452/4452 4502/4502/4502
f 4453/4453/4453 4502/4502/4502 4503/4503/4503
f 4504/4504/4504 4505/4505/4505 4506/4506/4506
f 4504/4504/4504 4506/4506/4506 4507/4507/4507
f 4507/4507/4507 4506/4506/4506 4508/4508/4508
f 4507/4507/4507 4508/4508/4508 4509/4509/4509
f 4510/4510/4510 4511/4511/4511 4512/4512/4512
f 4510/4510/4510 4512/4512/4512 4513/4513/4513
f 4513/4513/4513 4512/4512/4512 4514/4514/4514
f 4513/4513/4513 4514/4514/4514 4515/4515/4515
f 4516/4516/4516 4517/4517/4517 4518/4518/4518
f 4516/4516/4516 4518/4518/4518 4519/4519/4519
f 4519/4519/4519 4518/4518/4518 4520/4520/4520
f 4519/4519/4519 4520/4520/4520 4521/4521/4521
f 4522/4522/4522 4523/4523/4523 4524/4524/4524
f 4522/4522/4522 4524/4524/4524 4525/4525/4525
f 4525/4525/4525 4524/4524/4524 4526/4526/4526
f 4525/4525/4525 4526/4526/4526 4527/4527/4527
f 4528/4528/4528 4529/4529/4529 4530/4530/4530
f 4528/4528/4528 4530/4530/4530 4531/4531/4531
f 4531/4531/4531 4530/4530/4530 4532/4532/4532
f 4531/4531/4531 4532/4532/4532 4533/4533/4533
f 4534/4534/4534 4535/4535/4535 4536/4536/4536
f 4534/4534/4534 4536/4536/4536 4537/4537/4537
f 4537/4537/4537 4536/4536/4536 4538/4538/4538
f 4537/4537/4537 4538/4538/4538 4539/4539/4539
f 4540/4540/4540 4541/4541/4541 4542/4542/4542
f 4540/4540/4540 4542/4542/4542 4543/4543/4543
f 4543/4543/4543 4542/4542/4542 4544/4544/4544
f 4543/4543/4543 4544/4544/4544 4545/4545/4545
f 4450/4450/4450 4453/4453/4453 4546/4546/4546
f 4450/4450/4450 4546/4546/4546 4547/4547/4547
f 4542/4542/4542 4548/4548/4548 4549/4549/4549
f 4542/4542/4542 4549/4549/4549 4544/4544/4544
f 4543/4543/4543 4545/4545/4545 4550/4550/4550
f 4543/4543/4543 4550/4550/4550 4551/4551/4551
f 4541/4541/4541 4552/4552/4552 4548/4548/4548
f 4541/4541/4541 4548/4548/4548 4542/4542/4542
f 4540/4540/4540 4543/4543/4543 4551/4551/4551
f 4540/4540/4540 4551/4551/4551 4553/4553/4553
f 4536/4536/4536 4554/4554/4554 4555/4555/4555
f 4536/4536/4536 4555/4555/4555 4538/4538/4538
f 4537/4537/4537 4539/4539/4539 4556/4556/4556
f 4537/4537/4537 4556/4556/4556 4557/4557/4557
f 4535/4535/4535 4558/4558/4558 4554/4554/4554
f 4535/4535/4535 4554/4554/4554 4536/4536/4536
f 4534/4534/4534 4537/4537/4537 4557/4557/4557
f 4534/4534/4534 4557/4557/4557 4559/4559/4559
f 4530/4530/4530 4560/4560/4560 4561/4561/4561
f 4530/4530/4530 4561/4561/4561 4532/4532/4532
f 4531/4531/4531 4533/4533/4533 4562/4562/4562
f 4531/4531/4531 4562/4562/4562 4563/4563/4563
f 4529/4529/4529 4564/4564/4564 4560/4560/4560
f 4529/4529/4529 4560/4560/4560 4530/4530/4530
f 4528/4528/4528 4531/4531/4531 4563/4563/4563
f 4528/4528/4528 4563/4563/4563 4565/4565/4565
f 4524/4524/4524 4566/4566/4566 4567/4567/4567
f 4524/4524/4524 4567/4567/4567 4526/4526/4526
f 4525/4525/4525 4527/4527/4527 4568/4568/4568
f 4525/4525/4525 4568/4568/4568 4569/4569/4569
f 4523/4523/4523 4570/4570/4570 4566/4566/4566
f 4523/4523/4523 4566/4566/4566 4524/4524/4524
f 4522/4522/4522 4525/4525/4525 4569/4569/4569
f 4522/4522/4522 4569/4569/4569 4571/4571/4571
f 4518/4518/4518 4572/4572/4572 4573/4573/4573
f 4518/4518/4518 4573/4573/4573 4520/4520/4520
f 4519/4519/4519 4521/4521/4521 4574/4574/4574
f 4519/4519/4519 4574/4574/4574 4575/4575/4575
f 4517/4517/4517 4576/4576/4576 4572/4572/4572
f 4517/4517/4517 4572/4572/4572 4518/4518/4518
f 4516/4516/4516 4519/4519/4519 4575/4575/4575
f 4516/4516/4516 4575/4575/4575 4577/4577/4577
f 4512/4512/4512 4578/4578/4578 4579/4579/4579
f 4512/4512/4512 4579/4579/4579 4514/4514/4514
f 4513/4513/4513 4515/4515/4515 4580/4580/4580
f 4513/4513/4513 4580/4580/4580 4581/4581/4581
f 4511/4511/4511 4582/4582/4582 4578/4578/4578
f 4511/4511/4511 4578/4578/4578 4512/4512/4512
f 4510/4510/4510 4513/4513/4513 4581/4581/4581
f 4510/4510/4510 4581/4581/4581 4583/4583/4583
f 4506/4506/4506 4584/4584/4584 4585/4585/4585
f 4506/4506/4506 4585/4585/4585 4508/4508/4508
f 4507/4507/4507 4509/4509/4509 4586/4586/4586
f 4507/4507/4507 4586/4586/4586 4587/4587/4587
f 4505/4505/4505 4588/4588/4588 4584/4584/4584
f 4505/4505/4505 4584/4584/4584 4506/4506/4506
f 4504/4504/4504 4507/4507/4507 4587/4587/4587
f 4504/4504/4504 4587/4587/4587 4589/4589/4589
f 4452/4452/4452 4590/4590/4590 4591/4591/4591
f 4452/4452/4452 4591/4591/4591 4502/4502/4502
f 4453/4453/4453 4503/4503/4503 4592/4592/4592
f 4453/4453/4453 4592/4592/4592 4546/4546/4546
f 4451/4451/4451 4593/4593/4593 4590/4590/4590
f 4451/4451/4451 4590/4590/4590 4452/4452/4452
f 4594/4594/4594 4595/4595/4595 4596/4596/4596
f 4594/4594/4594 4596/4596/4596 4597/4597/4597
f 4598/4598/4598 4599/4599/4599 4600/4600/4600
f 4598/4598/4598 4600/4600/4600 4601/4601/4601
f 4602/4602/4602 4603/4603/4603 4604/4604/4604
f 4602/4602/4602 4604/4604/4604 4605/4605/4605
f 4606/4606/4606 4607/4607/4607 4608/4608/4608
f 4606/4606/4606 4608/4608/4608 4609/4609/4609
f 4610/4610/4610 4611/4611/4611 4612/4612/4612
f 4610/4610/4610 4612/4612/4612 4613/4613/4613
f 4614/4614/4614 4615/4615/4615 4616/4616/4616
f 4614/4614/4614 4616/4616/4616 4606/4606/4606
f 4617/4617/4617 4618/4618/4618 4619/4619/4619
f 4617/4617/4617 4619/4619/4619 4620/4620/4620
f 4621/4621/4621 4622/4622/4622 4623/4623/4623
f 4621/4621/4621 4623/4623/4623 4624/4624/4624
f 4625/4625/4625 4626/4626/4626 4627/4627/4627
f 4625/4625/4625 4627/4627/4627 4628/4628/4628
f 4629/4629/4629 4630/4630/4630 4631/4631/4631
f 4629/4629/4629 4631/4631/4631 4632/4632/4632
f 4633/4633/4633 4634/4634/4634 4635/4635/4635
f 4633/4633/4633 4635/4635/4635 4636/4636/4636
f 4637/4637/4637 4638/4638/4638 4639/4639/4639
f 4637/4637/4637 4639/4639/4639 4640/4640/4640
f 4641/4641/4641 4642/4642/4642 4643/4643/4643
f 4641/4641/4641 4643/4643/4643 4644/4644/4644
f 4613/4613/4613 4612/4612/4612 4645/4645/4645
f 4613/4613/4613 4645/4645/4645 4646/4646/4646
f 4647/4647/4647 4648/4648/4648 4649/4649/4649
f 4647/4647/4647 4649/4649/4649 4650/4650/4650
f 4651/4651/4651 4652/4652/4652 4653/4653/4653
f 4651/4651/4651 4653/4653/4653 4654/4654/4654
f 4655/4655/4655 4656/4656/4656 4657/4657/4657
f 4655/4655/4655 4657/4657/4657 4658/4658/4658
f 4659/4659/4659 4660/4660/4660 4661/4661/4661
f 4659/4659/4659 4661/4661/4661 4662/4662/4662
f 4663/4663/4663 4664/4664/4664 4665/4665/4665
f 4663/4663/4663 4665/4665/4665 4666/4666/4666
f 4667/4667/4667 4668/4668/4668 4669/4669/4669
f 4667/4667/4667 4669/4669/4669 4670/4670/4670
f 4671/4671/4671 4672/4672/4672 4673/4673/4673
f 4671/4671/4671 4673/4673/4673 4674/4674/4674
f 4675/4675/4675 4676/4676/4676 4677/4677/4677
f 4675/4675/4675 4677/4677/4677 4678/4678/4678
f 4679/4679/4679 4680/4680/4680 4681/4681/4681
f 4679/4679/4679 4681/4681/4681 4682/4682/4682
f 4683/4683/4683 4684/4684/4684 4685/4685/4685
f 4683/4683/4683 4685/4685/4685 4686/4686/4686
f 4687/4687/4687 4688/4688/4688 4689/4689/4689
f 4687/4687/4687 4689/4689/4689 4690/4690/4690
f 4628/4628/4628 4691/4691/4691 4692/4692/4692
f 4628/4628/4628 4692/4692/4692 4693/4693/4693
f 4682/4682/4682 4694/4694/4694 4695/4695/4695
f 4682/4682/4682 4695/4695/4695 4696/4696/4696
f 4697/4697/4697 4698/4698/4698 4699/4699/4699
f 4697/4697/4697 4699/4699/4699 4700/4700/4700
f 4701/4701/4701 4702/4702/4702 4703/4703/4703
f 4701/4701/4701 4703/4703/4703 4704/4704/4704
f 4662/4662/4662 4705/4705/4705 4706/4706/4706
f 4662/4662/4662 4706/4706/4706 4707/4707/4707
f 4704/4704/4704 4708/4708/4708 4709/4709/4709
f 4704/4704/4704 4709/4709/4709 4667/4667/4667
f 4710/4710/4710 4711/4711/4711 4712/4712/4712
f 4710/4710/4710 4712/4712/4712 4713/4713/4713
f 4714/4714/4714 4715/4715/4715 4716/4716/4716
f 4714/4714/4714 4716/4716/4716 4717/4717/4717
f 4713/4713/4713 4718/4718/4718 4719/4719/4719
f 4713/4713/4713 4719/4719/4719 4651/4651/4651
f 4720/4720/4720 4721/4721/4721 4722/4722/4722
f 4720/4720/4720 4722/4722/4722 4723/4723/4723
f 4700/4700/4700 4699/4699/4699 4724/4724/4724
f 4700/4700/4700 4724/4724/4724 4725/4725/4725
f 4726/4726/4726 4727/4727/4727 4728/4728/4728
f 4726/4726/4726 4728/4728/4728 4729/4729/4729
f 4650/4650/4650 4730/4730/4730 4731/4731/4731
f 4650/4650/4650 4731/4731/4731 4732/4732/4732
f 4733/4733/4733 4734/4734/4734 4735/4735/4735
f 4733/4733/4733 4735/4735/4735 4736/4736/4736
f 4737/4737/4737 4738/4738/4738 4739/4739/4739
f 4737/4737/4737 4739/4739/4739 4659/4659/4659
f 4740/4740/4740 4741/4741/4741 4742/4742/4742
f 4740/4740/4740 4742/4742/4742 4714/4714/4714
f 4658/4658/4658 4743/4743/4743 4744/4744/4744
f 4658/4658/4658 4744/4744/4744 4637/4637/4637
f 4745/4745/4745 4746/4746/4746 4747/4747/4747
f 4745/4745/4745 4747/4747/4747 4748/4748/4748
f 4686/4686/4686 4749/4749/4749 4750/4750/4750
f 4686/4686/4686 4750/4750/4750 4751/4751/4751
f 4723/4723/4723 4722/4722/4722 4752/4752/4752
f 4723/4723/4723 4752/4752/4752 4753/4753/4753
f 4754/4754/4754 4755/4755/4755 4756/4756/4756
f 4754/4754/4754 4756/4756/4756 4757/4757/4757
f 4758/4758/4758 4759/4759/4759 4760/4760/4760
f 4758/4758/4758 4760/4760/4760 4671/4671/4671
f 4761/4761/4761 4762/4762/4762 4763/4763/4763
f 4761/4761/4761 4763/4763/4763 4679/4679/4679
f 4729/4729/4729 4764/4764/4764 4765/4765/4765
f 4729/4729/4729 4765/4765/4765 4766/4766/4766
f 4767/4767/4767 4768/4768/4768 4769/4769/4769
f 4767/4767/4767 4769/4769/4769 4770/4770/4770
f 4609/4609/4609 4771/4771/4771 4772/4772/4772
f 4609/4609/4609 4772/4772/4772 4773/4773/4773
f 4774/4774/4774 4775/4775/4775 4776/4776/4776
f 4774/4774/4774 4776/4776/4776 4745/4745/4745
f 4777/4777/4777 4778/4778/4778 4779/4779/4779
f 4777/4777/4777 4779/4779/4779 4683/4683/4683
f 4780/4780/4780 4781/4781/4781 4782/4782/4782
f 4780/4780/4780 4782/4782/4782 4783/4783/4783
f 4601/4601/4601 4784/4784/4784 4785/4785/4785
f 4601/4601/4601 4785/4785/4785 4786/4786/4786
f 4620/4620/4620 4787/4787/4787 4788/4788/4788
f 4620/4620/4620 4788/4788/4788 4594/4594/4594
f 4757/4757/4757 4756/4756/4756 4789/4789/4789
f 4757/4757/4757 4789/4789/4789 4790/4790/4790
f 4791/4791/4791 4792/4792/4792 4793/4793/4793
f 4791/4791/4791 4793/4793/4793 4794/4794/4794
f 4736/4736/4736 4795/4795/4795 4796/4796/4796
f 4736/4736/4736 4796/4796/4796 4797/4797/4797
f 4798/4798/4798 4799/4799/4799 4800/4800/4800
f 4798/4798/4798 4800/4800/4800 4801/4801/4801
f 4801/4801/4801 4800/4800/4800 4630/4630/4630
f 4801/4801/4801 4630/4630/4630 4629/4629/4629
f 4802/4802/4802 4803/4803/4803 4804/4804/4804
f 4802/4802/4802 4804/4804/4804 4598/4598/4598
f 4805/4805/4805 4806/4806/4806 4807/4807/4807
f 4805/4805/4805 4807/4807/4807 4808/4808/4808
f 4783/4783/4783 4782/4782/4782 4809/4809/4809
f 4783/4783/4783 4809/4809/4809 4810/4810/4810
f 4811/4811/4811 4812/4812/4812 4813/4813/4813
f 4811/4811/4811 4813/4813/4813 4621/4621/4621
f 4814/4814/4814 4815/4815/4815 4816/4816/4816
f 4814/4814/4814 4816/4816/4816 4817/4817/4817
f 4818/4818/4818 4819/4819/4819 4820/4820/4820
f 4818/4818/4818 4820/4820/4820 4821/4821/4821
f 4822/4822/4822 4823/4823/4823 4642/4642/4642
f 4822/4822/4822 4642/4642/4642 4824/4824/4824
f 4825/4825/4825 4826/4826/4826 4827/4827/4827
f 4825/4825/4825 4827/4827/4827 4647/4647/4647
f 4828/4828/4828 4829/4829/4829 4830/4830/4830
f 4828/4828/4828 4830/4830/4830 4831/4831/4831
f 4832/4832/4832 4833/4833/4833 4834/4834/4834
f 4832/4832/4832 4834/4834/4834 4828/4828/4828
f 4835/4835/4835 4836/4836/4836 4837/4837/4837
f 4835/4835/4835 4837/4837/4837 4838/4838/4838
f 4678/4678/4678 4839/4839/4839 4840/4840/4840
f 4678/4678/4678 4840/4840/4840 4814/4814/4814
f 4841/4841/4841 4842/4842/4842 4843/4843/4843
f 4841/4841/4841 4843/4843/4843 4805/4805/4805
f 4844/4844/4844 4845/4845/4845 4603/4603/4603
f 4844/4844/4844 4603/4603/4603 4602/4602/4602
f 4846/4846/4846 4847/4847/4847 4848/4848/4848
f 4846/4846/4846 4848/4848/4848 4832/4832/4832
f 4821/4821/4821 4820/4820/4820 4849/4849/4849
f 4821/4821/4821 4849/4849/4849 4850/4850/4850
f 4851/4851/4851 4852/4852/4852 4853/4853/4853
f 4851/4851/4851 4853/4853/4853 4854/4854/4854
f 4797/4797/4797 4855/4855/4855 4856/4856/4856
f 4797/4797/4797 4856/4856/4856 4857/4857/4857
f 4858/4858/4858 4859/4859/4859 4860/4860/4860
f 4858/4858/4858 4860/4860/4860 4758/4758/4758
