# Exported by Gskelview
mtllib metalplaques_1.mtl

v 62.3058 -2.92911 67.5885
v 62.3247 -4.25637 68.9172
v 75.6753 -4.25637 68.0828
v 62.3058 -2.92911 67.5885
v 75.6753 -4.25637 68.0828
v 75.653 -2.92911 66.7543
v 60.9797 -4.25637 67.6729
v 62.3058 -2.92911 67.5885
v 60.4298 -2.92911 -54.7546
v 59.1032 -4.22607 -54.7032
v 62.3247 -4.25637 68.9172
v 60.9797 -4.25637 67.6729
v 60.9792 -12.1886 67.6405
v 62.3247 -12.221 68.9172
v 60.408 -4.25637 -56.0831
v 60.4298 -2.92911 -54.7546
v 73.726 -2.92911 -55.5883
v 73.7079 -4.25641 -56.9169
v 59.1032 -4.22607 -54.7032
v 60.408 -4.25637 -56.0831
v 60.408 -12.221 -56.083
v 59.1037 -12.221 -54.6729
v 60.4298 -13.5482 -54.7545
v 60.408 -12.221 -56.083
v 73.7158 -12.221 -56.917
v 73.7364 -13.5482 -55.5884
v 59.1037 -12.221 -54.6729
v 60.4298 -13.5482 -54.7545
v 62.3058 -13.5482 67.5885
v 60.9792 -12.1886 67.6405
v 62.3247 -12.221 68.9172
v 62.3058 -13.5482 67.5885
v 75.6531 -13.5482 66.7543
v 75.7052 -12.2509 68.0809
v 75.653 -2.92911 66.7543
v 76.9791 -4.25637 66.6729
v 75.0534 -4.25572 -55.6736
v 73.726 -2.92911 -55.5883
v 76.9791 -4.25637 66.6729
v 75.6753 -4.25637 68.0828
v 75.7052 -12.2509 68.0809
v 76.9792 -12.221 66.6729
v 76.9792 -12.221 66.6729
v 75.6531 -13.5482 66.7543
v 73.7364 -13.5482 -55.5884
v 75.0616 -12.1887 -55.6406
v 73.7079 -4.25641 -56.9169
v 75.0534 -4.25572 -55.6736
v 75.0616 -12.1887 -55.6406
v 73.7158 -12.221 -56.917
v 60.9797 -4.25637 67.6729
v 59.1032 -4.22607 -54.7032
v 59.1037 -12.221 -54.6729
v 60.9792 -12.1886 67.6405
v 75.6753 -4.25637 68.0828
v 62.3247 -4.25637 68.9172
v 62.3247 -12.221 68.9172
v 75.7052 -12.2509 68.0809
v 75.0616 -12.1887 -55.6406
v 75.0534 -4.25572 -55.6736
v 76.9791 -4.25637 66.6729
v 76.9792 -12.221 66.6729
v 73.7079 -4.25641 -56.9169
v 73.7158 -12.221 -56.917
v 60.408 -12.221 -56.083
v 60.408 -4.25637 -56.0831
v 60.4298 -13.5482 -54.7545
v 73.7364 -13.5482 -55.5884
v 75.6531 -13.5482 66.7543
v 62.3058 -13.5482 67.5885
v 75.653 -2.92911 66.7543
v 73.726 -2.92911 -55.5883
v 60.4298 -2.92911 -54.7546
v 62.3058 -2.92911 67.5885
v 62.3058 -2.92911 67.5885
v 60.9797 -4.25637 67.6729
v 62.3247 -4.25637 68.9172
v 60.408 -4.25637 -56.0831
v 59.1032 -4.22607 -54.7032
v 60.4298 -2.92911 -54.7546
v 60.4298 -13.5482 -54.7545
v 59.1037 -12.221 -54.6729
v 60.408 -12.221 -56.083
v 62.3247 -12.221 68.9172
v 60.9792 -12.1886 67.6405
v 62.3058 -13.5482 67.5885
v 75.653 -2.92911 66.7543
v 75.6753 -4.25637 68.0828
v 76.9791 -4.25637 66.6729
v 76.9792 -12.221 66.6729
v 75.7052 -12.2509 68.0809
v 75.6531 -13.5482 66.7543
v 73.726 -2.92911 -55.5883
v 75.0534 -4.25572 -55.6736
v 73.7079 -4.25641 -56.9169
v 73.7158 -12.221 -56.917
v 75.0616 -12.1887 -55.6406
v 73.7364 -13.5482 -55.5884
v 76.9925 16.48 62.5201
v 76.5126 16 62.5276
v 74.5276 16 -64.5126
v 76.9925 16.48 62.5201
v 74.5276 16 -64.5126
v 75.0075 16.48 -64.5201
v 76.5201 16.48 63.0075
v 76.9925 16.48 62.5201
v 76.9925 23.52 62.5201
v 76.5201 23.52 63.0075
v 76.5126 16 62.5276
v 76.5201 16.48 63.0075
v -50.5201 16.48 64.9925
v -50.5276 16 64.5126
v 76.5126 24 62.5276
v 76.9925 23.52 62.5201
v 75.0075 23.52 -64.5201
v 74.5276 24 -64.5126
v 76.5201 23.52 63.0075
v 76.5126 24 62.5276
v -50.5276 24 64.5126
v -50.5201 23.52 64.9925
v -50.5276 16 64.5126
v -51.0075 16.48 64.5201
v -52.9925 16.48 -62.5201
v -52.5126 16 -62.5276
v -51.0075 16.48 64.5201
v -50.5201 16.48 64.9925
v -50.5201 23.52 64.9925
v -51.0075 23.52 64.5201
v -51.0075 23.52 64.5201
v -50.5276 24 64.5126
v -52.5126 24 -62.5276
v -52.9925 23.52 -62.5201
v 74.5201 16.48 -64.9925
v 74.5276 16 -64.5126
v -52.5126 16 -62.5276
v -52.5201 16.48 -63.0075
v 75.0075 16.48 -64.5201
v 74.5201 16.48 -64.9925
v 74.5201 23.52 -64.9925
v 75.0075 23.52 -64.5201
v 74.5276 24 -64.5126
v 74.5201 23.52 -64.9925
v -52.5201 23.52 -63.0075
v -52.5126 24 -62.5276
v -52.5201 16.48 -63.0075
v -52.9925 16.48 -62.5201
v -52.9925 23.52 -62.5201
v -52.5201 23.52 -63.0075
v -50.5201 16.48 64.9925
v 76.5201 16.48 63.0075
v 76.5201 23.52 63.0075
v -50.5201 23.52 64.9925
v 76.9925 23.52 62.5201
v 76.9925 16.48 62.5201
v 75.0075 16.48 -64.5201
v 75.0075 23.52 -64.5201
v 74.5201 23.52 -64.9925
v 74.5201 16.48 -64.9925
v -52.5201 16.48 -63.0075
v -52.5201 23.52 -63.0075
v -52.9925 16.48 -62.5201
v -51.0075 16.48 64.5201
v -51.0075 23.52 64.5201
v -52.9925 23.52 -62.5201
v 76.5126 24 62.5276
v 74.5276 24 -64.5126
v -52.5126 24 -62.5276
v -50.5276 24 64.5126
v -52.5126 16 -62.5276
v 74.5276 16 -64.5126
v 76.5126 16 62.5276
v -50.5276 16 64.5126
v 76.9925 16.48 62.5201
v 76.5201 16.48 63.0075
v 76.5126 16 62.5276
v 76.5126 24 62.5276
v 76.5201 23.52 63.0075
v 76.9925 23.52 62.5201
v -50.5276 16 64.5126
v -50.5201 16.48 64.9925
v -51.0075 16.48 64.5201
v -51.0075 23.52 64.5201
v -50.5201 23.52 64.9925
v -50.5276 24 64.5126
v 74.5201 16.48 -64.9925
v 75.0075 16.48 -64.5201
v 74.5276 16 -64.5126
v 74.5276 24 -64.5126
v 75.0075 23.52 -64.5201
v 74.5201 23.52 -64.9925
v -52.9925 16.48 -62.5201
v -52.5201 16.48 -63.0075
v -52.5126 16 -62.5276
v -52.5126 24 -62.5276
v -52.5201 23.52 -63.0075
v -52.9925 23.52 -62.5201
v 20.9556 -2.13176 64.2006
v 18.2003 -2.13176 67
v 18.2226 -11.4482 67
v 20.9559 -11.4482 64.2229
v 18.1782 -14.2257 64.2226
v 18.2226 -11.4482 67
v 7.77741 -11.4482 67
v 7.73368 -14.2257 64.2226
v 20.9559 -11.4482 64.2229
v 18.1782 -14.2257 64.2226
v 16.2663 -14.2257 -56.2226
v 19.0437 -11.47 -56.2447
v 16.2226 -11.4482 -59
v 16.2663 -14.2257 -56.2226
v 5.82185 -14.2257 -56.2226
v 5.79972 -11.4259 -59
v 19.0437 -11.47 -56.2447
v 16.2226 -11.4482 -59
v 16.2444 -2.13176 -59
v 19.0437 -2.13176 -56.2447
v 3.04443 -2.13176 -56.2006
v 5.79972 -2.13176 -59
v 5.79972 -11.4259 -59
v 3.04408 -11.4482 -56.2229
v 3.04408 -11.4482 -56.2229
v 5.82185 -14.2257 -56.2226
v 7.73368 -14.2257 64.2226
v 4.95592 -11.4482 64.2229
v 4.95592 -11.4482 64.2229
v 7.77741 -11.4482 67
v 7.75563 -2.13176 67
v 4.95626 -2.13176 64.2447
v 20.9556 -2.13176 64.2006
v 20.9559 -11.4482 64.2229
v 19.0437 -11.47 -56.2447
v 19.0437 -2.13176 -56.2447
v 5.79972 -11.4259 -59
v 5.79972 -2.13176 -59
v 16.2444 -2.13176 -59
v 16.2226 -11.4482 -59
v 7.77741 -11.4482 67
v 18.2226 -11.4482 67
v 18.2003 -2.13176 67
v 7.75563 -2.13176 67
v 4.95592 -11.4482 64.2229
v 4.95626 -2.13176 64.2447
v 3.04443 -2.13176 -56.2006
v 3.04408 -11.4482 -56.2229
v 18.1782 -14.2257 64.2226
v 7.73368 -14.2257 64.2226
v 5.82185 -14.2257 -56.2226
v 16.2663 -14.2257 -56.2226
v 18.1782 -14.2257 64.2226
v 20.9559 -11.4482 64.2229
v 18.2226 -11.4482 67
v 16.2226 -11.4482 -59
v 19.0437 -11.47 -56.2447
v 16.2663 -14.2257 -56.2226
v 3.04408 -11.4482 -56.2229
v 5.79972 -11.4259 -59
v 5.82185 -14.2257 -56.2226
v 7.73368 -14.2257 64.2226
v 7.77741 -11.4482 67
v 4.95592 -11.4482 64.2229
v -52.543 32 -62.4981
v -53.0225 31.52 -62.5206
v -58.9775 31.52 64.5206
v -52.543 32 -62.4981
v -58.9775 31.52 64.5206
v -58.4981 32 64.543
v -52.5206 31.52 -62.9775
v -52.543 32 -62.4981
v 74.4981 32 -56.543
v 74.5206 31.52 -57.0225
v -53.0225 31.52 -62.5206
v -52.5206 31.52 -62.9775
v -52.5206 24.48 -62.9775
v -53.0225 24.48 -62.5206
v 74.9775 31.52 -56.5206
v 74.4981 32 -56.543
v 68.543 32 70.4981
v 69.0225 31.52 70.5206
v 74.5206 31.52 -57.0225
v 74.9775 31.52 -56.5206
v 74.9775 24.48 -56.5206
v 74.5206 24.48 -57.0225
v -53.0225 24.48 -62.5206
v -52.543 24 -62.4981
v -58.4981 24 64.543
v -58.9775 24.48 64.5206
v -52.543 24 -62.4981
v -52.5206 24.48 -62.9775
v 74.5206 24.48 -57.0225
v 74.4981 24 -56.543
v 74.4981 24 -56.543
v 74.9775 24.48 -56.5206
v 69.0225 24.48 70.5206
v 68.543 24 70.4981
v -58.4981 32 64.543
v -58.5206 31.52 65.0225
v 68.5206 31.52 70.9775
v 68.543 32 70.4981
v -58.5206 31.52 65.0225
v -58.9775 31.52 64.5206
v -58.9775 24.48 64.5206
v -58.5206 24.48 65.0225
v -58.5206 24.48 65.0225
v -58.4981 24 64.543
v 68.543 24 70.4981
v 68.5206 24.48 70.9775
v 69.0225 31.52 70.5206
v 68.5206 31.52 70.9775
v 68.5206 24.48 70.9775
v 69.0225 24.48 70.5206
v -52.5206 24.48 -62.9775
v -52.5206 31.52 -62.9775
v 74.5206 31.52 -57.0225
v 74.5206 24.48 -57.0225
v -58.9775 24.48 64.5206
v -58.9775 31.52 64.5206
v -53.0225 31.52 -62.5206
v -53.0225 24.48 -62.5206
v 68.5206 31.52 70.9775
v -58.5206 31.52 65.0225
v -58.5206 24.48 65.0225
v 68.5206 24.48 70.9775
v 74.9775 31.52 -56.5206
v 69.0225 31.52 70.5206
v 69.0225 24.48 70.5206
v 74.9775 24.48 -56.5206
v 74.4981 32 -56.543
v -52.543 32 -62.4981
v -58.4981 32 64.543
v 68.543 32 70.4981
v -58.4981 24 64.543
v -52.543 24 -62.4981
v 74.4981 24 -56.543
v 68.543 24 70.4981
v -52.543 32 -62.4981
v -52.5206 31.52 -62.9775
v -53.0225 31.52 -62.5206
v 74.9775 31.52 -56.5206
v 74.5206 31.52 -57.0225
v 74.4981 32 -56.543
v -53.0225 24.48 -62.5206
v -52.5206 24.48 -62.9775
v -52.543 24 -62.4981
v 74.4981 24 -56.543
v 74.5206 24.48 -57.0225
v 74.9775 24.48 -56.5206
v -58.4981 32 64.543
v -58.9775 31.52 64.5206
v -58.5206 31.52 65.0225
v -58.5206 24.48 65.0225
v -58.9775 24.48 64.5206
v -58.4981 24 64.543
v 68.543 32 70.4981
v 68.5206 31.52 70.9775
v 69.0225 31.52 70.5206
v 69.0225 24.48 70.5206
v 68.5206 24.48 70.9775
v 68.543 24 70.4981
v 80.9938 47.6 58.6001
v 80.6001 47.6 59.0062
v 80.6001 40.4 59.0062
v 80.9938 40.4 58.6001
v 80.5938 48 58.6063
v 80.9938 47.6 58.6001
v 79.0062 47.6 -68.6001
v 78.6063 48 -68.5938
v 80.6001 47.6 59.0062
v 80.5938 48 58.6063
v -46.6063 48 60.5938
v -46.6001 47.6 60.9938
v 78.6001 47.6 -68.9938
v 79.0062 47.6 -68.6001
v 79.0062 40.4 -68.6001
v 78.6001 40.4 -68.9938
v 78.6063 48 -68.5938
v 78.6001 47.6 -68.9938
v -48.6001 47.6 -67.0062
v -48.5938 48 -66.6063
v -48.9938 47.6 -66.6001
v -48.6001 47.6 -67.0062
v -48.6001 40.4 -67.0062
v -48.9938 40.4 -66.6001
v -48.5938 48 -66.6063
v -48.9938 47.6 -66.6001
v -47.0062 47.6 60.6001
v -46.6063 48 60.5938
v -46.6001 47.6 60.9938
v -47.0062 47.6 60.6001
v -47.0062 40.4 60.6001
v -46.6001 40.4 60.9938
v 78.6001 40.4 -68.9938
v 78.6063 40 -68.5938
v -48.5938 40 -66.6063
v -48.6001 40.4 -67.0062
v 78.6063 40 -68.5938
v 79.0062 40.4 -68.6001
v 80.9938 40.4 58.6001
v 80.5938 40 58.6063
v 80.5938 40 58.6063
v 80.6001 40.4 59.0062
v -46.6001 40.4 60.9938
v -46.6063 40 60.5938
v -46.6063 40 60.5938
v -47.0062 40.4 60.6001
v -48.9938 40.4 -66.6001
v -48.5938 40 -66.6063
v 80.5938 48 58.6063
v 78.6063 48 -68.5938
v -48.5938 48 -66.6063
v -46.6063 48 60.5938
v 79.0062 40.4 -68.6001
v 79.0062 47.6 -68.6001
v 80.9938 47.6 58.6001
v 80.9938 40.4 58.6001
v 80.6001 47.6 59.0062
v -46.6001 47.6 60.9938
v -46.6001 40.4 60.9938
v 80.6001 40.4 59.0062
v -48.6001 40.4 -67.0062
v -48.6001 47.6 -67.0062
v 78.6001 47.6 -68.9938
v 78.6001 40.4 -68.9938
v -47.0062 47.6 60.6001
v -48.9938 47.6 -66.6001
v -48.9938 40.4 -66.6001
v -47.0062 40.4 60.6001
v -48.5938 40 -66.6063
v 78.6063 40 -68.5938
v 80.5938 40 58.6063
v -46.6063 40 60.5938
v 80.9938 47.6 58.6001
v 80.5938 48 58.6063
v 80.6001 47.6 59.0062
v 78.6001 47.6 -68.9938
v 78.6063 48 -68.5938
v 79.0062 47.6 -68.6001
v -48.9938 47.6 -66.6001
v -48.5938 48 -66.6063
v -48.6001 47.6 -67.0062
v -46.6001 47.6 60.9938
v -46.6063 48 60.5938
v -47.0062 47.6 60.6001
v 78.6001 40.4 -68.9938
v 79.0062 40.4 -68.6001
v 78.6063 40 -68.5938
v 80.5938 40 58.6063
v 80.9938 40.4 58.6001
v 80.6001 40.4 59.0062
v -46.6063 40 60.5938
v -46.6001 40.4 60.9938
v -47.0062 40.4 60.6001
v -48.9938 40.4 -66.6001
v -48.6001 40.4 -67.0062
v -48.5938 40 -66.6063
v -47.67 -12 68.643
v -47.6484 -12.3516 68.9943
v 80.6404 -12.3596 66.9121
v -47.67 -12 68.643
v 80.6404 -12.3596 66.9121
v 80.6269 -12 66.5607
v -48.0219 -12.3516 68.6491
v -47.67 -12 68.643
v -48.6261 -12 53.3455
v -48.9775 -12.36 53.3593
v -47.6484 -12.3516 68.9943
v -48.0219 -12.3516 68.6491
v -48.0214 -15.6562 68.6569
v -47.6484 -15.6484 68.9943
v -48.6484 -12.3516 52.9942
v -48.6261 -12 53.3455
v 79.7006 -12 51.2321
v 79.6872 -12.3441 50.8807
v -48.9775 -12.36 53.3593
v -48.6484 -12.3516 52.9942
v -48.6484 -15.6484 52.9942
v -48.9781 -15.6484 53.3509
v -48.6261 -16 53.3455
v -48.6484 -15.6484 52.9942
v 79.6797 -15.6484 50.8808
v 79.7006 -16 51.2321
v -48.9781 -15.6484 53.3509
v -48.6261 -16 53.3455
v -47.67 -16 68.643
v -48.0214 -15.6562 68.6569
v -47.6484 -15.6484 68.9943
v -47.67 -16 68.643
v 80.6269 -16 66.5607
v 80.6404 -15.6404 66.9121
v 80.9783 -12.3596 66.5473
v 80.6404 -12.3596 66.9121
v 80.6404 -15.6404 66.9121
v 80.9788 -15.6484 66.5553
v 80.6269 -12 66.5607
v 80.9783 -12.3596 66.5473
v 80.052 -12.3441 51.2185
v 79.7006 -12 51.2321
v 79.6872 -12.3441 50.8807
v 80.052 -12.3441 51.2185
v 80.0525 -15.6484 51.226
v 79.6797 -15.6484 50.8808
v 79.7006 -16 51.2321
v 80.0525 -15.6484 51.226
v 80.9788 -15.6484 66.5553
v 80.6269 -16 66.5607
v -48.0219 -12.3516 68.6491
v -48.9775 -12.36 53.3593
v -48.9781 -15.6484 53.3509
v -48.0214 -15.6562 68.6569
v 80.6269 -12 66.5607
v 79.7006 -12 51.2321
v -48.6261 -12 53.3455
v -47.67 -12 68.643
v -48.6484 -12.3516 52.9942
v 79.6872 -12.3441 50.8807
v 79.6797 -15.6484 50.8808
v -48.6484 -15.6484 52.9942
v -47.6484 -15.6484 68.9943
v 80.6404 -15.6404 66.9121
v 80.6404 -12.3596 66.9121
v -47.6484 -12.3516 68.9943
v -48.6261 -16 53.3455
v 79.7006 -16 51.2321
v 80.6269 -16 66.5607
v -47.67 -16 68.643
v 80.9783 -12.3596 66.5473
v 80.9788 -15.6484 66.5553
v 80.0525 -15.6484 51.226
v 80.052 -12.3441 51.2185
v -47.67 -12 68.643
v -48.0219 -12.3516 68.6491
v -47.6484 -12.3516 68.9943
v -48.6484 -12.3516 52.9942
v -48.9775 -12.36 53.3593
v -48.6261 -12 53.3455
v -48.6261 -16 53.3455
v -48.9781 -15.6484 53.3509
v -48.6484 -15.6484 52.9942
v -47.6484 -15.6484 68.9943
v -48.0214 -15.6562 68.6569
v -47.67 -16 68.643
v 80.9783 -12.3596 66.5473
v 80.6269 -12 66.5607
v 80.6404 -12.3596 66.9121
v 79.6872 -12.3441 50.8807
v 79.7006 -12 51.2321
v 80.052 -12.3441 51.2185
v 79.7006 -16 51.2321
v 79.6797 -15.6484 50.8808
v 80.0525 -15.6484 51.226
v 80.9788 -15.6484 66.5553
v 80.6404 -15.6404 66.9121
v 80.6269 -16 66.5607
v -36.9803 -12.1602 -54.9628
v -38.0321 -12.1602 -55.9351
v -37.9826 -3.83536 -55.9368
v -36.9803 -12.1602 -54.9628
v -37.9826 -3.83536 -55.9368
v -36.9558 -3.83698 -54.9857
v -37.9943 -13.1975 -54.9244
v -36.9803 -12.1602 -54.9628
v -35.0158 -12.2074 68.01
v -36.0282 -13.1975 68.0494
v -38.0321 -12.1602 -55.9351
v -37.9943 -13.1975 -54.9244
v -51.9305 -13.1975 -54.0496
v -51.9704 -12.2076 -55.0619
v -35.9882 -12.2074 69.0618
v -35.0158 -12.2074 68.01
v -35.0156 -3.81262 68.0101
v -36.0109 -3.83545 69.0632
v -36.0282 -13.1975 68.0494
v -35.9882 -12.2074 69.0618
v -49.9646 -12.1601 69.9353
v -50.0039 -13.1975 68.9229
v -51.9704 -12.2076 -55.0619
v -52.9428 -12.2076 -54.0102
v -52.9425 -3.83545 -53.9873
v -51.9475 -3.83545 -55.0632
v -52.9428 -12.2076 -54.0102
v -51.9305 -13.1975 -54.0496
v -50.0039 -13.1975 68.9229
v -51.0163 -12.1601 68.9627
v -51.0163 -12.1601 68.9627
v -49.9646 -12.1601 69.9353
v -49.9891 -3.83545 69.9368
v -51.0159 -3.83545 68.9873
v -36.0109 -3.83545 69.0632
v -36.028 -2.8226 68.0494
v -50.0039 -2.8226 68.9229
v -49.9891 -3.83545 69.9368
v -36.028 -2.8226 68.0494
v -35.0156 -3.81262 68.0101
v -36.9558 -3.83698 -54.9857
v -37.9647 -2.8226 -54.923
v -37.9647 -2.8226 -54.923
v -37.9826 -3.83536 -55.9368
v -51.9475 -3.83545 -55.0632
v -51.9305 -2.8226 -54.0494
v -51.9305 -2.8226 -54.0494
v -52.9425 -3.83545 -53.9873
v -51.0159 -3.83545 68.9873
v -50.0039 -2.8226 68.9229
v -51.9305 -13.1975 -54.0496
v -37.9943 -13.1975 -54.9244
v -36.0282 -13.1975 68.0494
v -50.0039 -13.1975 68.9229
v -35.0156 -3.81262 68.0101
v -35.0158 -12.2074 68.01
v -36.9803 -12.1602 -54.9628
v -36.9558 -3.83698 -54.9857
v -37.9826 -3.83536 -55.9368
v -38.0321 -12.1602 -55.9351
v -51.9704 -12.2076 -55.0619
v -51.9475 -3.83545 -55.0632
v -52.9428 -12.2076 -54.0102
v -51.0163 -12.1601 68.9627
v -51.0159 -3.83545 68.9873
v -52.9425 -3.83545 -53.9873
v -36.028 -2.8226 68.0494
v -37.9647 -2.8226 -54.923
v -51.9305 -2.8226 -54.0494
v -50.0039 -2.8226 68.9229
v -36.0109 -3.83545 69.0632
v -49.9891 -3.83545 69.9368
v -49.9646 -12.1601 69.9353
v -35.9882 -12.2074 69.0618
v -36.9803 -12.1602 -54.9628
v -37.9943 -13.1975 -54.9244
v -38.0321 -12.1602 -55.9351
v -35.9882 -12.2074 69.0618
v -36.0282 -13.1975 68.0494
v -35.0158 -12.2074 68.01
v -51.9704 -12.2076 -55.0619
v -51.9305 -13.1975 -54.0496
v -52.9428 -12.2076 -54.0102
v -51.0163 -12.1601 68.9627
v -50.0039 -13.1975 68.9229
v -49.9646 -12.1601 69.9353
v -36.0109 -3.83545 69.0632
v -35.0156 -3.81262 68.0101
v -36.028 -2.8226 68.0494
v -37.9647 -2.8226 -54.923
v -36.9558 -3.83698 -54.9857
v -37.9826 -3.83536 -55.9368
v -51.9305 -2.8226 -54.0494
v -51.9475 -3.83545 -55.0632
v -52.9425 -3.83545 -53.9873
v -50.0039 -2.8226 68.9229
v -51.0159 -3.83545 68.9873
v -49.9891 -3.83545 69.9368
v 75.5635 -15.5635 -4.99318
v 75.5635 -16 -4.55662
v -51.5635 -16 -2.57026
v 75.5635 -15.5635 -4.99318
v -51.5635 -16 -2.57026
v -51.5669 -15.5669 -3.00677
v 76 -15.56 -4.56004
v 75.5635 -15.5635 -4.99318
v 75.5635 -12.4365 -4.99318
v 76 -12.4365 -4.56349
v 75.5635 -16 -4.55662
v 76 -15.56 -4.56004
v 76 -15.5635 10.5635
v 75.5635 -16 10.5703
v 75.5635 -12 -4.55662
v 75.5635 -12.4365 -4.99318
v -51.5669 -12.4331 -3.00677
v -51.5635 -12 -2.57026
v 76 -12.4365 -4.56349
v 75.5635 -12 -4.55662
v 75.5635 -12 10.5703
v 76 -12.4331 10.5669
v 75.5635 -16 10.5703
v 75.5635 -15.5635 11.0068
v -51.5635 -15.5635 12.9932
v -51.5635 -16 12.5566
v 75.5635 -15.5635 11.0068
v 76 -15.5635 10.5635
v 76 -12.4331 10.5669
v 75.5635 -12.4365 11.0068
v 75.5635 -12.4365 11.0068
v 75.5635 -12 10.5703
v -51.5635 -12 12.5566
v -51.5601 -12.44 12.9931
v -52 -12.4331 -2.56686
v -51.5669 -12.4331 -3.00677
v -51.5669 -15.5669 -3.00677
v -52 -15.5635 -2.56349
v -51.5635 -12 -2.57026
v -52 -12.4331 -2.56686
v -52 -12.44 12.56
v -51.5635 -12 12.5566
v -51.5601 -12.44 12.9931
v -52 -12.44 12.56
v -52 -15.5635 12.5635
v -51.5635 -15.5635 12.9932
v -51.5635 -16 12.5566
v -52 -15.5635 12.5635
v -52 -15.5635 -2.56349
v -51.5635 -16 -2.57026
v 76 -15.5635 10.5635
v 76 -15.56 -4.56004
v 76 -12.4365 -4.56349
v 76 -12.4331 10.5669
v 75.5635 -12 -4.55662
v -51.5635 -12 -2.57026
v -51.5635 -12 12.5566
v 75.5635 -12 10.5703
v 75.5635 -12.4365 11.0068
v -51.5601 -12.44 12.9931
v -51.5635 -15.5635 12.9932
v 75.5635 -15.5635 11.0068
v 75.5635 -12.4365 -4.99318
v 75.5635 -15.5635 -4.99318
v -51.5669 -15.5669 -3.00677
v -51.5669 -12.4331 -3.00677
v -52 -15.5635 12.5635
v -52 -12.44 12.56
v -52 -12.4331 -2.56686
v -52 -15.5635 -2.56349
v -51.5635 -16 12.5566
v -51.5635 -16 -2.57026
v 75.5635 -16 -4.55662
v 75.5635 -16 10.5703
v 75.5635 -15.5635 -4.99318
v 76 -15.56 -4.56004
v 75.5635 -16 -4.55662
v 75.5635 -12 -4.55662
v 76 -12.4365 -4.56349
v 75.5635 -12.4365 -4.99318
v 75.5635 -16 10.5703
v 76 -15.5635 10.5635
v 75.5635 -15.5635 11.0068
v 75.5635 -12.4365 11.0068
v 76 -12.4331 10.5669
v 75.5635 -12 10.5703
v -52 -12.4331 -2.56686
v -51.5635 -12 -2.57026
v -51.5669 -12.4331 -3.00677
v -51.5601 -12.44 12.9931
v -51.5635 -12 12.5566
v -52 -12.44 12.56
v -51.5635 -16 12.5566
v -51.5635 -15.5635 12.9932
v -52 -15.5635 12.5635
v -52 -15.5635 -2.56349
v -51.5669 -15.5669 -3.00677
v -51.5635 -16 -2.57026
v 3 -4 -59
v 5 -4 67
v 21 -4 67
v 19 -4 -59
v -48.0713 0 -44.0051
v -48.0105 -0.989616 -43.0163
v 79.0105 -0.989616 -45.1087
v 78.9477 0 -46.0974
v -49.0617 -0.989616 -43.9877
v -48.0713 0 -44.0051
v -48.9477 0 -58.0276
v -49.9368 -1.01316 -57.9888
v -48.0105 -0.989616 -43.0163
v -49.0617 -0.989616 -43.9877
v -49.0604 -3.03236 -43.9658
v -48.0105 -3.01038 -43.0163
v -49.0105 -0.989616 -59.0163
v -48.9477 0 -58.0276
v 78.0713 0 -60.1199
v 78.0105 -0.989616 -61.1087
v -49.9368 -1.01316 -57.9888
v -49.0105 -0.989616 -59.0163
v -49.0105 -3.01038 -59.0163
v -49.9383 -3.01038 -58.0123
v -48.9477 -4 -58.0276
v -49.0105 -3.01038 -59.0163
v 78.0325 -3.03236 -61.1091
v 78.0713 -4 -60.1199
v -49.9383 -3.01038 -58.0123
v -48.9477 -4 -58.0276
v -48.0713 -4 -44.0051
v -49.0604 -3.03236 -43.9658
v -48.0105 -3.01038 -43.0163
v -48.0713 -4 -44.0051
v 78.9477 -4 -46.0974
v 78.987 -2.98684 -45.1083
v -47.9477 0 53.9724
v -48.9383 -0.989616 53.9877
v -48.0604 -0.967639 68.0342
v -47.0713 0 67.9951
v -48.0105 -0.989616 52.9837
v -47.9477 0 53.9724
v 79.0726 0 51.88
v 79.0332 -0.96697 50.8909
v -48.9383 -0.989616 53.9877
v -48.0105 -0.989616 52.9837
v -47.987 -2.98684 52.9833
v -48.9383 -3.01038 53.9877
v 80.0632 -0.989616 51.8626
v 79.0726 0 51.88
v 79.9712 0 65.9274
v 80.9603 -1.01424 65.8878
v 79.0332 -0.96697 50.8909
v 80.0632 -0.989616 51.8626
v 80.0632 -3.01038 51.8626
v 79.0105 -3.01038 50.8913
v -48.9383 -3.01038 53.9877
v -47.9477 -4 53.9724
v -47.0713 -4 67.9951
v -48.0617 -3.01038 68.0123
v -47.9477 -4 53.9724
v -47.987 -2.98684 52.9833
v 79.0105 -3.01038 50.8913
v 79.0726 -4 51.88
v 79.0726 -4 51.88
v 80.0632 -3.01038 51.8626
v 80.9618 -3.01038 65.9124
v 79.9712 -4 65.9274
v 76 -0.989616 -32.0104
v 75.0104 0 -31.9948
v 75.0104 0 -17.9743
v 76 -0.989616 -17.9896
v 75.0027 -0.997438 -32.9844
v 76 -0.989616 -32.0104
v 76 -3.01038 -32.0104
v 75.0105 -3.01038 -32.9845
v 75.0104 0 -31.9948
v 75.0027 -0.997438 -32.9844
v -51.0105 -0.989616 -31.0155
v -51.0104 0 -30.0257
v 75.0104 -4 -31.9948
v 76 -3.01038 -32.0104
v 76 -3.01802 -17.982
v 75.0104 -4 -17.9743
v 75.0105 -3.01038 -32.9845
v 75.0104 -4 -31.9948
v -51.0104 -4 -30.0257
v -51.0181 -3.01802 -31.0153
v -52 -3.01038 -30.0104
v -51.0104 -4 -30.0257
v -51.0104 -4 -16.0052
v -52 -3.00256 -15.9974
v -51.0181 -3.01802 -31.0153
v -52 -3.01038 -30.0104
v -52 -0.989616 -30.0104
v -51.0105 -0.989616 -31.0155
v -51.0104 0 -30.0257
v -52 -0.989616 -30.0104
v -52 -0.989616 -15.9896
v -51.0104 0 -16.0052
v 75.0181 -3.01802 -16.9847
v 76 -3.01802 -17.982
v 76 -0.989616 -17.9896
v 75.0105 -0.989616 -16.9845
v 75.0104 -4 -17.9743
v 75.0181 -3.01802 -16.9847
v -51.0027 -3.00256 -15.0156
v -51.0104 -4 -16.0052
v -52 -3.00256 -15.9974
v -51.0027 -3.00256 -15.0156
v -51.0027 -0.997438 -15.0156
v -52 -0.989616 -15.9896
v 76 -3.00256 23.9974
v 75.0027 -3.00256 23.0156
v 75.0027 -0.997438 23.0156
v 76 -0.997438 23.9974
v 75.0104 -4 24.0052
v 76 -3.00256 23.9974
v 76 -3.01802 38.018
v 75.0104 -4 38.0257
v 75.0027 -3.00256 23.0156
v 75.0104 -4 24.0052
v -51.0104 -4 25.9743
v -51.0181 -3.01802 24.9847
v 75.0181 -3.01802 39.0153
v 76 -3.01802 38.018
v 76 -0.989616 38.0104
v 75.0105 -0.989616 39.0155
v 75.0104 -4 38.0257
v 75.0181 -3.01802 39.0153
v -51.0027 -3.00256 40.9844
v -51.0104 -4 39.9948
v -52 -3.00256 40.0026
v -51.0027 -3.00256 40.9844
v -51.0027 -0.997438 40.9844
v -52 -0.989616 40.0104
v -51.0104 -4 39.9948
v -52 -3.00256 40.0026
v -52 -3.01802 25.982
v -51.0104 -4 25.9743
v -51.0181 -3.01802 24.9847
v -52 -3.01802 25.982
v -52 -0.981975 25.982
v -51.0181 -0.981975 24.9847
v 75.0105 -0.989616 -16.9845
v 75.0104 0 -17.9743
v -51.0104 0 -16.0052
v -51.0027 -0.997438 -15.0156
v 80.9603 -1.01424 65.8878
v 80.0109 -1.06252 66.9161
v 80.0109 -2.93748 66.9161
v 80.9618 -3.01038 65.9124
v 50.9317 -0.699741 67.3841
v 79.9712 0 65.9274
v -47.0713 0 67.9951
v 12.2151 -0.699741 68.0142
v 80.0109 -1.06252 66.9161
v 50.9317 -0.699741 67.3841
v 38.0336 -1.29986 67.5891
v 53.0971 -2 67.344
v -47.0325 -0.99039 68.9841
v -48.0604 -0.967639 68.0342
v -48.0617 -3.01038 68.0123
v -47.0105 -3.01038 68.9839
v 12.2151 -0.699741 68.0142
v -47.0325 -0.99039 68.9841
v 38.0174 -2.69939 67.5894
v 75.0104 0 38.0257
v 76 -0.989616 38.0104
v 76 -0.997438 23.9974
v 75.0104 0 24.0052
v 75.0105 -0.989616 39.0155
v 75.0104 0 38.0257
v -51.0104 0 39.9948
v -51.0027 -0.997438 40.9844
v -52 -0.989616 40.0104
v -51.0104 0 39.9948
v -51.0104 0 25.9743
v -52 -0.981975 25.982
v 75.0104 0 24.0052
v 75.0027 -0.997438 23.0156
v -51.0181 -0.981975 24.9847
v -51.0104 0 25.9743
v 78.9477 0 -46.0974
v 79.9383 -0.989616 -46.1127
v 79.0617 -0.989616 -60.1373
v 78.0713 0 -60.1199
v 79.9383 -0.989616 -46.1127
v 79.0105 -0.989616 -45.1087
v 78.987 -2.98684 -45.1083
v 79.9383 -3.01038 -46.1127
v 79.9383 -3.01038 -46.1127
v 78.9477 -4 -46.0974
v 78.0713 -4 -60.1199
v 79.0604 -3.03236 -60.1592
v 79.0604 -3.03236 -60.1592
v 78.0325 -3.03236 -61.1091
v 78.0105 -0.989616 -61.1087
v 79.0617 -0.989616 -60.1373
v 50.9317 -3.30026 67.3841
v 80.0109 -2.93748 66.9161
v -47.0105 -3.01038 68.9839
v -47.0713 -4 67.9951
v 79.9712 -4 65.9274
v 50.9317 -3.30026 67.3841
v 76 -3.01038 10.0104
v 75.0104 -4 10.0257
v 75.0104 -4 -3.9948
v 76 -3.00256 -4.00256
v 75.0181 -3.01802 11.0153
v 76 -3.01038 10.0104
v 76 -0.989616 10.0104
v 75.0105 -0.989616 11.0155
v 75.0104 -4 10.0257
v 75.0181 -3.01802 11.0153
v -51.0105 -3.01038 12.9845
v -51.0104 -4 11.9948
v 75.0104 0 10.0257
v 76 -0.989616 10.0104
v 76 -0.989616 -4.01038
v 75.0104 0 -3.9948
v 75.0105 -0.989616 11.0155
v 75.0104 0 10.0257
v -51.0104 0 11.9948
v -51.0027 -0.997438 12.9844
v -51.0104 -4 11.9948
v -52 -3.01038 12.0104
v -52 -3.01802 -2.01802
v -51.0104 -4 -2.02573
v -52 -3.01038 12.0104
v -51.0105 -3.01038 12.9845
v -51.0027 -0.997438 12.9844
v -52 -0.989616 12.0104
v -52 -0.989616 12.0104
v -51.0104 0 11.9948
v -51.0104 0 -2.02573
v -52 -0.981975 -2.01802
v 75.0105 -3.01038 -4.98454
v 75.0104 -4 -3.9948
v -51.0104 -4 -2.02573
v -51.0181 -3.01802 -3.01534
v 76 -3.00256 -4.00256
v 75.0105 -3.01038 -4.98454
v 75.0105 -0.989616 -4.98454
v 76 -0.989616 -4.01038
v 75.0104 0 -3.9948
v 75.0105 -0.989616 -4.98454
v -51.0181 -0.981975 -3.01534
v -51.0104 0 -2.02573
v -52 -0.981975 -2.01802
v -51.0181 -0.981975 -3.01534
v -51.0181 -3.01802 -3.01534
v -52 -3.01802 -2.01802
v -49.0617 -0.989616 -43.9877
v -49.9368 -1.01316 -57.9888
v -49.9383 -3.01038 -58.0123
v -49.0604 -3.03236 -43.9658
v -47.987 -2.98684 52.9833
v -48.0105 -0.989616 52.9837
v 79.0332 -0.96697 50.8909
v 79.0105 -3.01038 50.8913
v 75.0027 -0.997438 -32.9844
v 75.0105 -3.01038 -32.9845
v -51.0181 -3.01802 -31.0153
v -51.0105 -0.989616 -31.0155
v 75.0104 -4 -31.9948
v 75.0104 -4 -17.9743
v -51.0104 -4 -16.0052
v -51.0104 -4 -30.0257
v 75.0104 -4 24.0052
v 75.0104 -4 38.0257
v -51.0104 -4 39.9948
v -51.0104 -4 25.9743
v -51.0027 -3.00256 -15.0156
v 75.0181 -3.01802 -16.9847
v 75.0105 -0.989616 -16.9845
v -51.0027 -0.997438 -15.0156
v -52 -3.00256 -15.9974
v -52 -0.989616 -15.9896
v -52 -0.989616 -30.0104
v -52 -3.01038 -30.0104
v 79.9712 0 65.9274
v 79.0726 0 51.88
v -47.9477 0 53.9724
v -47.0713 0 67.9951
v 75.0105 -0.989616 39.0155
v -51.0027 -0.997438 40.9844
v -51.0027 -3.00256 40.9844
v 75.0181 -3.01802 39.0153
v -51.0104 0 39.9948
v 75.0104 0 38.0257
v 75.0104 0 24.0052
v -51.0104 0 25.9743
v 79.0105 -0.989616 -45.1087
v -48.0105 -0.989616 -43.0163
v -48.0105 -3.01038 -43.0163
v 78.987 -2.98684 -45.1083
v 75.0104 0 -31.9948
v -51.0104 0 -30.0257
v -51.0104 0 -16.0052
v 75.0104 0 -17.9743
v -48.9477 -4 -58.0276
v 78.0713 -4 -60.1199
v 78.9477 -4 -46.0974
v -48.0713 -4 -44.0051
v 76 -3.01802 38.018
v 76 -3.00256 23.9974
v 76 -0.997438 23.9974
v 76 -0.989616 38.0104
v -47.0105 -3.01038 68.9839
v -51.0105 -3.01038 12.9845
v 75.0181 -3.01802 11.0153
v 75.0105 -0.989616 11.0155
v -51.0027 -0.997438 12.9844
v 79.0604 -3.03236 -60.1592
v 79.0617 -0.989616 -60.1373
v 79.9383 -0.989616 -46.1127
v 79.9383 -3.01038 -46.1127
v 78.9477 0 -46.0974
v 78.0713 0 -60.1199
v -48.9477 0 -58.0276
v -48.0713 0 -44.0051
v 76 -3.01038 10.0104
v 76 -3.00256 -4.00256
v 76 -0.989616 -4.01038
v 76 -0.989616 10.0104
v 75.0104 0 -3.9948
v -51.0104 0 -2.02573
v -51.0104 0 11.9948
v 75.0104 0 10.0257
v -47.9477 -4 53.9724
v 79.0726 -4 51.88
v 79.9712 -4 65.9274
v -47.0713 -4 67.9951
v 76 -3.01802 -17.982
v 76 -3.01038 -32.0104
v 76 -0.989616 -32.0104
v 76 -0.989616 -17.9896
v -51.0104 -4 11.9948
v -51.0104 -4 -2.02573
v 75.0104 -4 -3.9948
v 75.0104 -4 10.0257
v -52 -0.981975 25.982
v -52 -3.01802 25.982
v -52 -3.00256 40.0026
v -52 -0.989616 40.0104
v 80.0632 -0.989616 51.8626
v 80.9603 -1.01424 65.8878
v 80.9618 -3.01038 65.9124
v 80.0632 -3.01038 51.8626
v -51.0181 -3.01802 -3.01534
v -51.0181 -0.981975 -3.01534
v 75.0105 -0.989616 -4.98454
v 75.0105 -3.01038 -4.98454
v -48.9383 -3.01038 53.9877
v -48.0617 -3.01038 68.0123
v -48.0604 -0.967639 68.0342
v -48.9383 -0.989616 53.9877
v 75.0027 -0.997438 23.0156
v 75.0027 -3.00256 23.0156
v -51.0181 -3.01802 24.9847
v -51.0181 -0.981975 24.9847
v -52 -3.01038 12.0104
v -52 -0.989616 12.0104
v -52 -0.981975 -2.01802
v -52 -3.01802 -2.01802
v -49.0105 -3.01038 -59.0163
v -49.0105 -0.989616 -59.0163
v 78.0105 -0.989616 -61.1087
v 78.0325 -3.03236 -61.1091
v -48.0713 0 -44.0051
v -49.0617 -0.989616 -43.9877
v -48.0105 -0.989616 -43.0163
v -49.0105 -0.989616 -59.0163
v -49.9368 -1.01316 -57.9888
v -48.9477 0 -58.0276
v -48.9477 -4 -58.0276
v -49.9383 -3.01038 -58.0123
v -49.0105 -3.01038 -59.0163
v -48.0105 -3.01038 -43.0163
v -49.0604 -3.03236 -43.9658
v -48.0713 -4 -44.0051
v -47.9477 0 53.9724
v -48.0105 -0.989616 52.9837
v -48.9383 -0.989616 53.9877
v 80.0632 -0.989616 51.8626
v 79.0332 -0.96697 50.8909
v 79.0726 0 51.88
v -48.9383 -3.01038 53.9877
v -47.987 -2.98684 52.9833
v -47.9477 -4 53.9724
v 79.0726 -4 51.88
v 79.0105 -3.01038 50.8913
v 80.0632 -3.01038 51.8626
v 76 -0.989616 -32.0104
v 75.0027 -0.997438 -32.9844
v 75.0104 0 -31.9948
v 75.0104 -4 -31.9948
v 75.0105 -3.01038 -32.9845
v 76 -3.01038 -32.0104
v -52 -3.01038 -30.0104
v -51.0181 -3.01802 -31.0153
v -51.0104 -4 -30.0257
v -51.0104 0 -30.0257
v -51.0105 -0.989616 -31.0155
v -52 -0.989616 -30.0104
v 75.0181 -3.01802 -16.9847
v 75.0104 -4 -17.9743
v 76 -3.01802 -17.982
v -52 -3.00256 -15.9974
v -51.0104 -4 -16.0052
v -51.0027 -3.00256 -15.0156
v 76 -3.00256 23.9974
v 75.0104 -4 24.0052
v 75.0027 -3.00256 23.0156
v 75.0181 -3.01802 39.0153
v 75.0104 -4 38.0257
v 76 -3.01802 38.018
v -52 -3.00256 40.0026
v -51.0104 -4 39.9948
v -51.0027 -3.00256 40.9844
v -51.0181 -3.01802 24.9847
v -51.0104 -4 25.9743
v -52 -3.01802 25.982
v 75.0104 0 -17.9743
v 75.0105 -0.989616 -16.9845
v 76 -0.989616 -17.9896
v -52 -0.989616 -15.9896
v -51.0027 -0.997438 -15.0156
v -51.0104 0 -16.0052
v 80.9603 -1.01424 65.8878
v 79.9712 0 65.9274
v 50.9317 -0.699741 67.3841
v 80.9603 -1.01424 65.8878
v 80.0109 -1.06252 66.9161
v -47.0325 -0.99039 68.9841
v -48.0604 -0.967639 68.0342
v 75.0104 0 38.0257
v 75.0105 -0.989616 39.0155
v 76 -0.989616 38.0104
v -52 -0.989616 40.0104
v -51.0027 -0.997438 40.9844
v -51.0104 0 39.9948
v 75.0027 -0.997438 23.0156
v 75.0104 0 24.0052
v 76 -0.997438 23.9974
v -52 -0.981975 25.982
v -51.0104 0 25.9743
v -51.0181 -0.981975 24.9847
v 78.9477 0 -46.0974
v 79.0105 -0.989616 -45.1087
v 79.9383 -0.989616 -46.1127
v 79.9383 -3.01038 -46.1127
v 78.987 -2.98684 -45.1083
v 78.9477 -4 -46.0974
v 79.0604 -3.03236 -60.1592
v 78.0713 -4 -60.1199
v 78.0325 -3.03236 -61.1091
v -47.0713 -4 67.9951
v -47.0105 -3.01038 68.9839
v -48.0617 -3.01038 68.0123
v 80.9618 -3.01038 65.9124
v 80.0109 -2.93748 66.9161
v 50.9317 -3.30026 67.3841
v 80.9618 -3.01038 65.9124
v 50.9317 -3.30026 67.3841
v 79.9712 -4 65.9274
v 76 -3.01038 10.0104
v 75.0181 -3.01802 11.0153
v 75.0104 -4 10.0257
v 75.0104 0 10.0257
v 75.0105 -0.989616 11.0155
v 76 -0.989616 10.0104
v -51.0104 -4 11.9948
v -51.0105 -3.01038 12.9845
v -52 -3.01038 12.0104
v -52 -0.989616 12.0104
v -51.0027 -0.997438 12.9844
v -51.0104 0 11.9948
v 78.0713 0 -60.1199
v 79.0617 -0.989616 -60.1373
v 78.0105 -0.989616 -61.1087
v 75.0105 -3.01038 -4.98454
v 76 -3.00256 -4.00256
v 75.0104 -4 -3.9948
v 75.0104 0 -3.9948
v 76 -0.989616 -4.01038
v 75.0105 -0.989616 -4.98454
v -52 -0.981975 -2.01802
v -51.0104 0 -2.02573
v -51.0181 -0.981975 -3.01534
v -51.0181 -3.01802 -3.01534
v -51.0104 -4 -2.02573
v -52 -3.01802 -2.01802
v -55.9988 7.99884 -56.0001
v -55.9988 8 -55.9989
v 71.9989 8 -63.9988
v -55.9988 7.99884 -56.0001
v 71.9989 8 -63.9988
v 71.9988 7.99884 -63.9999
v -55.9999 7.99884 -55.9988
v -55.9988 7.99884 -56.0001
v -55.9988 0.001165 -56.0001
v -55.9999 0.001166 -55.9988
v -55.9988 8 -55.9989
v -55.9999 7.99884 -55.9988
v -48.0001 7.99884 71.9988
v -47.9989 8 71.9988
v -55.9988 0 -55.9989
v -55.9988 0.001165 -56.0001
v 71.9988 0.001165 -63.9999
v -55.9988 0 -55.9989
v 71.9988 0.001165 -63.9999
v 71.9989 0 -63.9988
v -55.5192 0 -48.5008
v -55.9988 0 -55.9989
v -48.9992 0 52.9992
v -55.5192 0 -48.5008
v -48.9992 0 52.9992
v -49.0008 0 53.0001
v -55.9999 0.001166 -55.9988
v -55.5192 0 -48.5008
v -48.0696 0 67.8993
v -55.9999 0.001166 -55.9988
v -48.0696 0 67.8993
v -48 0.001179 69
v -48 0.001179 69
v -48.0012 0 69
v -48.0008 0 71.9687
v -48 0.001203 71.9988
v -48.0012 0 69
v -48.0696 0 67.8993
v -49.0008 0 53.0001
v -49.0008 0 53.0001
v -48.9904 0 53.1673
v -48.9991 0 53.0009
v -48.9992 0 52.9992
v 79.9988 0 63.9987
v 79.9888 0 63.9999
v -48.9904 0 53.1673
v -47.9989 0 71.9988
v -48.0008 0 71.9687
v -47.9988 0.001165 71.9999
v -47.9989 0 71.9988
v 79.9888 0 63.9999
v 79.9988 0.001165 64.0001
v -48 0.001203 71.9988
v -47.9988 0.001165 71.9999
v -47.9988 7.99884 71.9999
v -48.0001 7.99884 71.9988
v -47.9989 8 71.9988
v -47.9988 7.99884 71.9999
v 79.9988 7.99884 64.0001
v 79.9988 8 63.9989
v 79.9999 0.001165 63.9988
v 79.9988 0 63.9987
v 71.9989 0 -63.9988
v 72.0001 0.001165 -63.9988
v 79.9988 0.001165 64.0001
v 79.9999 0.001165 63.9988
v 79.9999 7.99884 63.9988
v 79.9988 7.99884 64.0001
v 79.9988 8 63.9989
v 79.9999 7.99884 63.9988
v 72.0001 7.99884 -63.9988
v 79.9988 8 63.9989
v 72.0001 7.99884 -63.9988
v 71.9989 8 -63.9988
v 71.9988 7.99884 -63.9999
v 72.0001 7.99884 -63.9988
v 72.0001 0.001165 -63.9988
v 71.9988 0.001165 -63.9999
v -48 0.001203 71.9988
v -48.0001 7.99884 71.9988
v -55.9999 7.99884 -55.9988
v -55.9999 0.001166 -55.9988
v -48 0.001179 69
v -49.0008 0 53.0001
v -48.0696 0 67.8993
v -47.9988 0.001165 71.9999
v 79.9988 0.001165 64.0001
v 79.9988 7.99884 64.0001
v -47.9988 7.99884 71.9999
v 72.0001 0.001165 -63.9988
v 72.0001 7.99884 -63.9988
v 79.9999 7.99884 63.9988
v 79.9999 0.001165 63.9988
v 71.9988 7.99884 -63.9999
v 71.9988 0.001165 -63.9999
v -55.9988 0.001165 -56.0001
v -55.9988 7.99884 -56.0001
v 79.9988 8 63.9989
v 71.9989 8 -63.9988
v -55.9988 8 -55.9989
v -47.9989 8 71.9988
v -48.0008 0 71.9687
v -48.0012 0 69
v -48.9904 0 53.1673
v -55.9988 0 -55.9989
v 71.9989 0 -63.9988
v -55.9988 7.99884 -56.0001
v -55.9999 7.99884 -55.9988
v -55.9988 8 -55.9989
v -55.9988 0 -55.9989
v -55.9988 0.001165 -56.0001
v -48.0696 0 67.8993
v -48.9991 0 53.0009
v -48.9904 0 53.1673
v -49.0008 0 53.0001
v -48.9991 0 53.0009
v -49.0008 0 53.0001
v -48.9992 0 52.9992
v -47.9989 0 71.9988
v -47.9988 0.001165 71.9999
v -48 0.001203 71.9988
v -48.0008 0 71.9687
v -47.9989 8 71.9988
v -48.0001 7.99884 71.9988
v -47.9988 7.99884 71.9999
v 79.9988 0 63.9987
v 79.9999 0.001165 63.9988
v 79.9988 8 63.9989
v 79.9988 7.99884 64.0001
v 79.9999 7.99884 63.9988
v 71.9989 8 -63.9988
v 72.0001 7.99884 -63.9988
v 71.9988 7.99884 -63.9999
v 71.9988 0.001165 -63.9999
v 72.0001 0.001165 -63.9988
v 71.9989 0 -63.9988
v 72.6001 39.6 55.0062
v 72.5938 40 54.6063
v -54.6063 40 56.5938
v 72.6001 39.6 55.0062
v -54.6063 40 56.5938
v -54.6001 39.6 56.9938
v 72.9938 39.6 54.6001
v 72.6001 39.6 55.0062
v 72.6001 32.4 55.0062
v 72.9938 32.4 54.6001
v 72.5938 40 54.6063
v 72.9938 39.6 54.6001
v 71.0062 39.6 -72.6001
v 70.6063 40 -72.5938
v 72.5938 32 54.6063
v 72.6001 32.4 55.0062
v -54.6001 32.4 56.9938
v -54.6063 32 56.5938
v 72.9938 32.4 54.6001
v 72.5938 32 54.6063
v 70.6063 32 -72.5938
v 71.0062 32.4 -72.6001
v 70.6001 32.4 -72.9938
v 70.6063 32 -72.5938
v -56.5938 32 -70.6063
v -56.6001 32.4 -71.0062
v 71.0062 32.4 -72.6001
v 70.6001 32.4 -72.9938
v 70.6001 39.6 -72.9938
v 71.0062 39.6 -72.6001
v 70.6063 40 -72.5938
v 70.6001 39.6 -72.9938
v -56.6001 39.6 -71.0062
v -56.5938 40 -70.6063
v -56.5938 40 -70.6063
v -56.9938 39.6 -70.6001
v -55.0062 39.6 56.6001
v -54.6063 40 56.5938
v -56.9938 39.6 -70.6001
v -56.6001 39.6 -71.0062
v -56.6001 32.4 -71.0062
v -56.9938 32.4 -70.6001
v -56.9938 32.4 -70.6001
v -56.5938 32 -70.6063
v -54.6063 32 56.5938
v -55.0062 32.4 56.6001
v -54.6001 39.6 56.9938
v -55.0062 39.6 56.6001
v -55.0062 32.4 56.6001
v -54.6001 32.4 56.9938
v 72.9938 39.6 54.6001
v 72.9938 32.4 54.6001
v 71.0062 32.4 -72.6001
v 71.0062 39.6 -72.6001
v -56.6001 32.4 -71.0062
v -56.6001 39.6 -71.0062
v 70.6001 39.6 -72.9938
v 70.6001 32.4 -72.9938
v -55.0062 39.6 56.6001
v -56.9938 39.6 -70.6001
v -56.9938 32.4 -70.6001
v -55.0062 32.4 56.6001
v 72.6001 39.6 55.0062
v -54.6001 39.6 56.9938
v -54.6001 32.4 56.9938
v 72.6001 32.4 55.0062
v 72.5938 40 54.6063
v 70.6063 40 -72.5938
v -56.5938 40 -70.6063
v -54.6063 40 56.5938
v -56.5938 32 -70.6063
v 70.6063 32 -72.5938
v 72.5938 32 54.6063
v -54.6063 32 56.5938
v 72.6001 39.6 55.0062
v 72.9938 39.6 54.6001
v 72.5938 40 54.6063
v 72.5938 32 54.6063
v 72.9938 32.4 54.6001
v 72.6001 32.4 55.0062
v 70.6001 32.4 -72.9938
v 71.0062 32.4 -72.6001
v 70.6063 32 -72.5938
v 70.6063 40 -72.5938
v 71.0062 39.6 -72.6001
v 70.6001 39.6 -72.9938
v -56.5938 40 -70.6063
v -56.6001 39.6 -71.0062
v -56.9938 39.6 -70.6001
v -56.9938 32.4 -70.6001
v -56.6001 32.4 -71.0062
v -56.5938 32 -70.6063
v -54.6063 40 56.5938
v -55.0062 39.6 56.6001
v -54.6001 39.6 56.9938
v -54.6001 32.4 56.9938
v -55.0062 32.4 56.6001
v -54.6063 32 56.5938
v 68.5201 15.52 59.0075
v 68.5126 16 58.5276
v -58.5276 16 60.5126
v 68.5201 15.52 59.0075
v -58.5276 16 60.5126
v -58.5201 15.52 60.9925
v 68.9925 15.52 58.5201
v 68.5201 15.52 59.0075
v 68.5201 8.47995 59.0075
v 68.9925 8.47995 58.5201
v 68.5126 16 58.5276
v 68.9925 15.52 58.5201
v 67.0075 15.52 -68.5201
v 66.5276 16 -68.5126
v 68.5126 8 58.5276
v 68.5201 8.47995 59.0075
v -58.5201 8.47995 60.9925
v -58.5276 8 60.5126
v 68.9925 8.47995 58.5201
v 68.5126 8 58.5276
v 66.5276 8 -68.5126
v 67.0075 8.47995 -68.5201
v 66.5201 8.47995 -68.9925
v 66.5276 8 -68.5126
v -60.5126 8 -66.5276
v -60.5201 8.47995 -67.0075
v 67.0075 8.47995 -68.5201
v 66.5201 8.47995 -68.9925
v 66.5201 15.52 -68.9925
v 67.0075 15.52 -68.5201
v 66.5276 16 -68.5126
v 66.5201 15.52 -68.9925
v -60.5201 15.52 -67.0075
v -60.5126 16 -66.5276
v -58.5276 8 60.5126
v -59.0075 8.47995 60.5201
v -60.9925 8.47995 -66.5201
v -60.5126 8 -66.5276
v -59.0075 8.47995 60.5201
v -58.5201 8.47995 60.9925
v -58.5201 15.52 60.9925
v -59.0075 15.52 60.5201
v -59.0075 15.52 60.5201
v -58.5276 16 60.5126
v -60.5126 16 -66.5276
v -60.9925 15.52 -66.5201
v -60.9925 15.52 -66.5201
v -60.5201 15.52 -67.0075
v -60.5201 8.47995 -67.0075
v -60.9925 8.47995 -66.5201
v 68.9925 15.52 58.5201
v 68.9925 8.47995 58.5201
v 67.0075 8.47995 -68.5201
v 67.0075 15.52 -68.5201
v -58.5201 8.47995 60.9925
v 68.5201 8.47995 59.0075
v 68.5201 15.52 59.0075
v -58.5201 15.52 60.9925
v -60.5201 8.47995 -67.0075
v -60.5201 15.52 -67.0075
v 66.5201 15.52 -68.9925
v 66.5201 8.47995 -68.9925
v -60.9925 8.47995 -66.5201
v -59.0075 8.47995 60.5201
v -59.0075 15.52 60.5201
v -60.9925 15.52 -66.5201
v 68.5126 16 58.5276
v 66.5276 16 -68.5126
v -60.5126 16 -66.5276
v -58.5276 16 60.5126
v -60.5126 8 -66.5276
v 66.5276 8 -68.5126
v 68.5126 8 58.5276
v -58.5276 8 60.5126
v 68.5201 15.52 59.0075
v 68.9925 15.52 58.5201
v 68.5126 16 58.5276
v 68.5126 8 58.5276
v 68.9925 8.47995 58.5201
v 68.5201 8.47995 59.0075
v 66.5201 8.47995 -68.9925
v 67.0075 8.47995 -68.5201
v 66.5276 8 -68.5126
v 66.5276 16 -68.5126
v 67.0075 15.52 -68.5201
v 66.5201 15.52 -68.9925
v -58.5276 8 60.5126
v -58.5201 8.47995 60.9925
v -59.0075 8.47995 60.5201
v -59.0075 15.52 60.5201
v -58.5201 15.52 60.9925
v -58.5276 16 60.5126
v -60.5126 16 -66.5276
v -60.5201 15.52 -67.0075
v -60.9925 15.52 -66.5201
v -60.9925 8.47995 -66.5201
v -60.5201 8.47995 -67.0075
v -60.5126 8 -66.5276
v -48.4501 -12 -43.5951
v -48.4141 -12.586 -43.0097
v 79.4001 -12.5999 -45.1151
v -48.4501 -12 -43.5951
v 79.4001 -12.5999 -45.1151
v 79.3769 -12 -45.7008
v -49.0366 -12.586 -43.5849
v -48.4501 -12 -43.5951
v -49.3769 -12 -58.4242
v -49.9626 -12.5999 -58.4012
v -48.4141 -12.586 -43.0097
v -49.0366 -12.586 -43.5849
v -49.0357 -15.427 -43.5719
v -48.4141 -15.414 -43.0097
v -49.4141 -12.586 -59.0097
v -49.3769 -12 -58.4242
v 78.4501 -12 -60.5299
v 78.4271 -12.573 -61.1156
v -49.9626 -12.5999 -58.4012
v -49.4141 -12.586 -59.0097
v -49.4141 -15.414 -59.0097
v -49.9634 -15.414 -58.4151
v -49.3769 -16 -58.4242
v -49.4141 -15.414 -59.0097
v 78.4141 -15.414 -61.1153
v 78.4501 -16 -60.5299
v -49.9634 -15.414 -58.4151
v -49.3769 -16 -58.4242
v -48.4501 -16 -43.5951
v -49.0357 -15.427 -43.5719
v -48.4141 -15.414 -43.0097
v -48.4501 -16 -43.5951
v 79.3769 -16 -45.7008
v 79.4001 -15.4001 -45.1151
v 79.9626 -12.5999 -45.7238
v 79.4001 -12.5999 -45.1151
v 79.4001 -15.4001 -45.1151
v 79.9634 -15.414 -45.7099
v 79.3769 -12 -45.7008
v 79.9626 -12.5999 -45.7238
v 79.0357 -12.573 -60.5531
v 78.4501 -12 -60.5299
v 78.4271 -12.573 -61.1156
v 79.0357 -12.573 -60.5531
v 79.0366 -15.414 -60.5401
v 78.4141 -15.414 -61.1153
v 78.4501 -16 -60.5299
v 79.0366 -15.414 -60.5401
v 79.9634 -15.414 -45.7099
v 79.3769 -16 -45.7008
v -49.0366 -12.586 -43.5849
v -49.9626 -12.5999 -58.4012
v -49.9634 -15.414 -58.4151
v -49.0357 -15.427 -43.5719
v 79.3769 -12 -45.7008
v 78.4501 -12 -60.5299
v -49.3769 -12 -58.4242
v -48.4501 -12 -43.5951
v 78.4271 -12.573 -61.1156
v 78.4141 -15.414 -61.1153
v -49.4141 -15.414 -59.0097
v -49.4141 -12.586 -59.0097
v -48.4141 -15.414 -43.0097
v 79.4001 -15.4001 -45.1151
v 79.4001 -12.5999 -45.1151
v -48.4141 -12.586 -43.0097
v 79.9626 -12.5999 -45.7238
v 79.9634 -15.414 -45.7099
v 79.0366 -15.414 -60.5401
v 79.0357 -12.573 -60.5531
v -49.3769 -16 -58.4242
v 78.4501 -16 -60.5299
v 79.3769 -16 -45.7008
v -48.4501 -16 -43.5951
v -48.4501 -12 -43.5951
v -49.0366 -12.586 -43.5849
v -48.4141 -12.586 -43.0097
v -49.4141 -12.586 -59.0097
v -49.9626 -12.5999 -58.4012
v -49.3769 -12 -58.4242
v -49.3769 -16 -58.4242
v -49.9634 -15.414 -58.4151
v -49.4141 -15.414 -59.0097
v -48.4141 -15.414 -43.0097
v -49.0357 -15.427 -43.5719
v -48.4501 -16 -43.5951
v 79.9626 -12.5999 -45.7238
v 79.3769 -12 -45.7008
v 79.4001 -12.5999 -45.1151
v 78.4271 -12.573 -61.1156
v 78.4501 -12 -60.5299
v 79.0357 -12.573 -60.5531
v 78.4501 -16 -60.5299
v 78.4141 -15.414 -61.1153
v 79.0366 -15.414 -60.5401
v 79.9634 -15.414 -45.7099
v 79.4001 -15.4001 -45.1151
v 79.3769 -16 -45.7008
vt 0.96875 0.76259
vt 0.960938 0.763089
vt 0.960938 0.658787
vt 0.96875 0.76259
vt 0.960938 0.658787
vt 0.96875 0.658315
vt 0.960938 0.528695
vt 0.96875 0.528195
vt 0.96875 -0.427611
vt 0.961117 -0.427369
vt 0.960938 0.538575
vt 0.960938 0.528695
vt 0.914252 0.528442
vt 0.914062 0.538575
vt 0.960938 0.902791
vt 0.96875 0.903222
vt 0.96875 0.799412
vt 0.960938 0.798976
vt 0.961117 -0.427369
vt 0.960911 -0.4375
vt 0.914058 -0.4375
vt 0.914062 -0.427132
vt 0.90625 0.903266
vt 0.914062 0.902791
vt 0.914061 0.799344
vt 0.90625 0.799852
vt 0.914062 -0.427132
vt 0.90625 -0.427611
vt 0.90625 0.528195
vt 0.914252 0.528442
vt 0.914062 0.763089
vt 0.90625 0.76259
vt 0.90625 0.658314
vt 0.913885 0.658553
vt 0.96875 0.521355
vt 0.960938 0.520882
vt 0.960941 -0.43494
vt 0.96875 -0.434447
vt 0.960968 0.648438
vt 0.960938 0.658787
vt 0.913885 0.658553
vt 0.914272 0.648438
vt 0.914062 0.520882
vt 0.906258 0.521356
vt 0.906258 -0.434444
vt 0.914251 -0.434683
vt 0.960945 -0.444825
vt 0.960941 -0.43494
vt 0.914251 -0.434683
vt 0.914069 -0.444817
vt 0.960938 0.528695
vt 0.961117 -0.427369
vt 0.914062 -0.427132
vt 0.914252 0.528442
vt 0.960938 0.658787
vt 0.960938 0.763089
vt 0.914062 0.763089
vt 0.913885 0.658553
vt 0.914251 -0.434683
vt 0.960941 -0.43494
vt 0.960938 0.520882
vt 0.914062 0.520882
vt 0.960938 0.798976
vt 0.914061 0.799344
vt 0.914062 0.902791
vt 0.960938 0.902791
vt 1.42777 0.527546
vt 1.43428 0.423317
vt 0.478482 0.408957
vt 0.471965 0.513233
vt 0.478482 0.408958
vt 1.43429 0.42421
vt 1.42777 0.527611
vt 0.471965 0.513233
vt 0.96875 0.528195
vt 0.960938 0.528695
vt 0.960938 0.538575
vt 0.960911 -0.4375
vt 0.961117 -0.427369
vt 0.96875 -0.427611
vt 0.90625 -0.427611
vt 0.914062 -0.427132
vt 0.914058 -0.4375
vt 0.914062 0.538575
vt 0.914252 0.528442
vt 0.90625 0.528195
vt 0.96875 0.658315
vt 0.960938 0.658787
vt 0.960968 0.648438
vt 0.914272 0.648438
vt 0.913885 0.658553
vt 0.90625 0.658314
vt 0.96875 -0.434447
vt 0.960941 -0.43494
vt 0.960945 -0.444825
vt 0.914069 -0.444817
vt 0.914251 -0.434683
vt 0.906258 -0.434444
vt 1.57595 1.02064
vt 1.56477 1.02057
vt 1.55862 3.29164
vt 1.57595 1.02064
vt 1.55862 3.29164
vt 1.56979 3.29167
vt 1.57602 0.993733
vt 1.57604 0.985155
vt 1.73986 0.985598
vt 1.73983 0.994177
vt 1.56485 0.993702
vt 1.57602 0.993733
vt 1.56986 3.26481
vt 1.55869 3.26478
vt 1.75093 1.02108
vt 1.73976 1.02109
vt 1.7336 3.29212
vt 1.74477 3.29215
vt 1.73983 0.994177
vt 1.751 0.994207
vt 1.74485 3.26528
vt 1.73368 3.26525
vt 1.56487 0.984814
vt 1.57604 0.984845
vt 1.56988 3.25592
vt 1.55871 3.25589
vt 1.56984 3.27339
vt 1.56986 3.26481
vt 1.73368 3.26525
vt 1.73365 3.27383
vt 1.73986 0.985289
vt 1.75103 0.985319
vt 1.74487 3.25639
vt 1.7337 3.25636
vt 1.57592 1.0295
vt 1.56475 1.02946
vt 1.55859 3.30053
vt 1.56976 3.30056
vt 1.56979 3.29167
vt 1.56976 3.30025
vt 1.73358 3.30069
vt 1.7336 3.29212
vt 1.75091 1.02997
vt 1.73974 1.02994
vt 1.73358 3.301
vt 1.74475 3.30103
vt 1.56976 3.30056
vt 1.56974 3.30914
vt 1.73356 3.30958
vt 1.73358 3.301
vt 1.56986 3.26481
vt 1.57602 0.993733
vt 1.73983 0.994177
vt 1.73368 3.26525
vt 1.73976 1.02109
vt 1.57595 1.02064
vt 1.56979 3.29167
vt 1.7336 3.29212
vt 1.73974 1.02994
vt 1.57592 1.0295
vt 1.56976 3.30056
vt 1.73358 3.301
vt 1.56988 3.25592
vt 1.57604 0.984845
vt 1.73986 0.985289
vt 1.7337 3.25636
vt 1.49851 1.49388
vt 0.020275 1.48446
vt 0.02969 0.00622898
vt 1.50792 0.015644
vt 0.02969 0.00622898
vt 0.020275 1.48446
vt 1.49851 1.49388
vt 1.50792 0.015644
vt 1.57604 0.985155
vt 1.57602 0.993733
vt 1.56485 0.993702
vt 1.751 0.994207
vt 1.73983 0.994177
vt 1.73986 0.985598
vt 1.55869 3.26478
vt 1.56986 3.26481
vt 1.56984 3.27339
vt 1.73365 3.27383
vt 1.73368 3.26525
vt 1.74485 3.26528
vt 1.56976 3.30025
vt 1.56979 3.29167
vt 1.55862 3.29164
vt 1.74477 3.29215
vt 1.7336 3.29212
vt 1.73358 3.30069
vt 1.56974 3.30914
vt 1.56976 3.30056
vt 1.55859 3.30053
vt 1.74475 3.30103
vt 1.73358 3.301
vt 1.73356 3.30958
vt 0.96875 0.501562
vt 0.96875 0.523092
vt 0.920604 0.523092
vt 0.920604 0.501739
vt 0.90625 0.107984
vt 0.920603 0.107637
vt 0.920603 0.189239
vt 0.90625 0.189581
vt 0.920604 0.501739
vt 0.90625 0.501395
vt 0.90625 -0.439584
vt 0.920491 -0.439412
vt 0.920603 0.248262
vt 0.90625 0.24792
vt 0.90625 0.329517
vt 0.920719 0.32969
vt 0.920491 -0.439412
vt 0.920598 -0.460938
vt 0.96875 -0.460938
vt 0.96875 -0.439412
vt 0.96875 0.351216
vt 0.96875 0.32969
vt 0.920719 0.32969
vt 0.920603 0.351219
vt 0.920603 -0.439242
vt 0.90625 -0.438895
vt 0.90625 0.502084
vt 0.920603 0.501742
vt 0.920564 0.210938
vt 0.920603 0.189239
vt 0.96875 0.18941
vt 0.96875 0.210938
vt 0.96875 0.501562
vt 0.920604 0.501739
vt 0.920491 -0.439412
vt 0.96875 -0.439412
vt 0.920719 0.32969
vt 0.96875 0.32969
vt 0.96875 0.248091
vt 0.920603 0.248262
vt 0.920603 0.189239
vt 0.920603 0.107637
vt 0.96875 0.107811
vt 0.96875 0.18941
vt 0.920603 0.501742
vt 0.96875 0.501912
vt 0.96875 -0.439068
vt 0.920603 -0.439242
vt 0.498264 0.857983
vt 0.498264 0.939581
vt 1.43924 0.954517
vt 1.43924 0.87292
vt 0.90625 0.501395
vt 0.920604 0.501739
vt 0.920604 0.523092
vt 0.920598 -0.460938
vt 0.920491 -0.439412
vt 0.90625 -0.439584
vt 0.920603 0.351219
vt 0.920719 0.32969
vt 0.90625 0.329517
vt 0.90625 0.189581
vt 0.920603 0.189239
vt 0.920564 0.210938
vt 1.74732 2.35258
vt 1.73615 2.35255
vt 1.74225 0.101553
vt 1.74732 2.35258
vt 1.74225 0.101553
vt 1.75342 0.101583
vt 1.73237 3.74767
vt 1.74354 3.7477
vt 1.74964 1.49671
vt 1.73847 1.49668
vt 1.73235 3.75617
vt 1.73237 3.74767
vt 1.56856 3.74723
vt 1.56853 3.75572
vt 1.73644 2.24623
vt 1.74761 2.24626
vt 1.75371 -0.00471902
vt 1.74254 -0.00474906
vt 1.73847 1.49668
vt 1.73849 1.48819
vt 1.57468 1.48775
vt 1.57465 1.49624
vt 1.57233 2.3521
vt 1.56116 2.35207
vt 1.56727 0.101079
vt 1.57843 0.101109
vt 1.55738 3.7472
vt 1.56856 3.74723
vt 1.57465 1.49624
vt 1.56349 1.49621
vt 1.56145 2.24576
vt 1.57262 2.24579
vt 1.57872 -0.005193
vt 1.56755 -0.00522304
vt 1.74325 3.85401
vt 1.73208 3.85398
vt 1.73818 1.60299
vt 1.74935 1.60302
vt 1.74228 0.093065
vt 1.74225 0.101553
vt 1.57843 0.101109
vt 1.57846 0.09262
vt 1.56826 3.85354
vt 1.5571 3.85351
vt 1.5632 1.60252
vt 1.57437 1.60255
vt 1.73821 1.5945
vt 1.73818 1.60299
vt 1.57437 1.60255
vt 1.57439 1.59406
vt 1.56856 3.74723
vt 1.73237 3.74767
vt 1.73847 1.49668
vt 1.57465 1.49624
vt 1.57843 0.101109
vt 1.74225 0.101553
vt 1.73615 2.35255
vt 1.57233 2.3521
vt 1.73818 1.60299
vt 1.73208 3.85398
vt 1.56826 3.85354
vt 1.57437 1.60255
vt 1.73644 2.24623
vt 1.74254 -0.00474906
vt 1.57872 -0.005193
vt 1.57262 2.24579
vt 0.022646 1.48829
vt 0.025023 0.008582
vt 1.50474 0.010959
vt 1.50236 1.49067
vt 1.50474 0.010959
vt 0.025023 0.008582
vt 0.022646 1.48829
vt 1.50236 1.49067
vt 1.74354 3.7477
vt 1.73237 3.74767
vt 1.73235 3.75617
vt 1.73849 1.48819
vt 1.73847 1.49668
vt 1.74964 1.49671
vt 1.56853 3.75572
vt 1.56856 3.74723
vt 1.55738 3.7472
vt 1.56349 1.49621
vt 1.57465 1.49624
vt 1.57468 1.48775
vt 1.75342 0.101583
vt 1.74225 0.101553
vt 1.74228 0.093065
vt 1.57846 0.09262
vt 1.57843 0.101109
vt 1.56727 0.101079
vt 1.74935 1.60302
vt 1.73818 1.60299
vt 1.73821 1.5945
vt 1.57439 1.59406
vt 1.57437 1.60255
vt 1.5632 1.60252
vt 1.74168 0.998048
vt 1.7417 0.990899
vt 1.57416 0.990445
vt 1.57414 0.997594
vt 0.018479 1.48625
vt 0.013827 1.48623
vt 0.023253 0.006127
vt 0.027906 0.00615698
vt 1.74056 3.45335
vt 1.73591 3.45331
vt 1.74935 1.97325
vt 1.754 1.97329
vt 1.73551 3.27913
vt 1.73553 3.27201
vt 1.56798 3.27155
vt 1.56796 3.27868
vt 0.027906 0.00615698
vt 0.027936 0.00150502
vt 1.50803 0.010932
vt 1.508 0.015584
vt 1.74278 0.595845
vt 1.74276 0.602966
vt 1.57521 0.602512
vt 1.57523 0.59539
vt 1.508 0.015584
vt 1.51266 0.015614
vt 1.50323 1.49571
vt 1.49858 1.49568
vt 1.74266 0.638747
vt 1.74268 0.631598
vt 1.57514 0.631144
vt 1.57512 0.638293
vt 1.56905 2.87647
vt 1.55974 2.87645
vt 1.56591 0.602487
vt 1.57521 0.602512
vt 1.55867 3.27153
vt 1.56798 3.27155
vt 1.57414 0.997594
vt 1.56484 0.997569
vt 1.55965 2.9122
vt 1.56895 2.91223
vt 1.57512 0.638293
vt 1.56581 0.638268
vt 1.56493 0.961815
vt 1.57424 0.96184
vt 1.56808 3.23577
vt 1.55877 3.23575
vt 0.018479 1.48625
vt 0.027906 0.00615698
vt 1.508 0.015584
vt 1.49858 1.49568
vt 1.56798 3.27155
vt 1.73553 3.27201
vt 1.74168 0.998048
vt 1.57414 0.997594
vt 1.73649 2.91268
vt 1.74266 0.638747
vt 1.57512 0.638293
vt 1.56895 2.91223
vt 1.57521 0.602512
vt 1.74276 0.602966
vt 1.73659 2.87693
vt 1.56905 2.87647
vt 1.74178 0.962294
vt 1.73562 3.23623
vt 1.56808 3.23577
vt 1.57424 0.96184
vt 1.508 0.015584
vt 0.027906 0.00615698
vt 0.018479 1.48625
vt 1.49858 1.49568
vt 1.73587 3.45796
vt 1.73591 3.45331
vt 1.74056 3.45335
vt 0.027936 0.00150502
vt 0.027906 0.00615698
vt 0.023253 0.006127
vt 1.51266 0.015614
vt 1.508 0.015584
vt 1.50803 0.010932
vt 1.754 1.97329
vt 1.74935 1.97325
vt 1.74939 1.96859
vt 1.56796 3.27868
vt 1.56798 3.27155
vt 1.55867 3.27153
vt 1.56484 0.997569
vt 1.57414 0.997594
vt 1.57416 0.990445
vt 1.56581 0.638268
vt 1.57512 0.638293
vt 1.57514 0.631144
vt 1.57523 0.59539
vt 1.57521 0.602512
vt 1.56591 0.602487
vt 0.463727 1.37242
vt 0.460983 1.37225
vt 0.477493 0.369995
vt 0.463727 1.37242
vt 0.477493 0.369995
vt 0.480231 0.370114
vt 0.903503 0.911321
vt 0.90625 0.911445
vt 0.90625 0.791933
vt 0.903438 0.79187
vt 0.903506 0.914063
vt 0.903503 0.911321
vt 0.877686 0.911383
vt 0.877776 0.914063
vt 0.585983 1.38006
vt 0.583239 1.37989
vt 0.599755 0.377576
vt 0.602495 0.377688
vt 0.903438 0.79187
vt 0.903503 0.789189
vt 0.877747 0.789189
vt 0.877747 0.791804
vt 0.875 1.37993
vt 0.877747 1.38006
vt 0.877747 0.377259
vt 0.875 0.377141
vt 0.877747 0.791804
vt 0.875 0.791933
vt 0.875 0.911445
vt 0.877686 0.911383
vt 0.877747 1.37225
vt 0.875 1.37238
vt 0.875 0.370058
vt 0.87781 0.369997
vt 0.90344 0.367312
vt 0.90344 0.369997
vt 0.87781 0.369997
vt 0.877747 0.367309
vt 0.480231 0.370114
vt 0.480337 0.36737
vt 0.599861 0.374833
vt 0.599755 0.377576
vt 0.903561 0.3772
vt 0.903558 0.374511
vt 0.877747 0.374511
vt 0.877747 0.377259
vt 0.599754 0.377578
vt 0.599802 0.374829
vt 0.480276 0.367359
vt 0.480233 0.370108
vt 0.903503 0.911321
vt 0.903438 0.79187
vt 0.877747 0.791804
vt 0.877686 0.911383
vt 0.480231 0.370114
vt 0.599755 0.377576
vt 0.583239 1.37989
vt 0.463727 1.37242
vt 0.903503 1.38006
vt 0.903561 0.3772
vt 0.877747 0.377259
vt 0.877747 1.38006
vt 0.877747 1.37225
vt 0.87781 0.369997
vt 0.90344 0.369997
vt 0.903503 1.37225
vt 0.583239 1.37989
vt 0.599754 0.377578
vt 0.480233 0.370108
vt 0.463727 1.37242
vt 0.90344 1.02796
vt 0.877747 1.02802
vt 0.877747 0.90802
vt 0.903561 0.907962
vt 0.90625 0.911445
vt 0.903503 0.911321
vt 0.903506 0.914063
vt 0.903503 0.789189
vt 0.903438 0.79187
vt 0.90625 0.791933
vt 0.875 0.791933
vt 0.877747 0.791804
vt 0.877747 0.789189
vt 0.877776 0.914063
vt 0.877686 0.911383
vt 0.875 0.911445
vt 0.480337 0.36737
vt 0.480231 0.370114
vt 0.477493 0.369995
vt 0.602495 0.377688
vt 0.599755 0.377576
vt 0.599861 0.374833
vt 0.875 0.377141
vt 0.877747 0.377259
vt 0.877747 0.374511
vt 0.877747 0.367309
vt 0.87781 0.369997
vt 0.875 0.370058
vt 0.891882 0.028313
vt 0.891851 0.01579
vt 0.97314 0.015774
vt 0.891882 0.028313
vt 0.97314 0.015774
vt 0.973153 0.028023
vt 1.97331 0.094289
vt 1.97391 0.078299
vt 0.033802 0.047259
vt 0.033178 0.063234
vt 1.98924 0.094889
vt 1.97331 0.094289
vt 1.95952 0.314731
vt 1.97547 0.315361
vt 0.891454 1.59807
vt 0.891421 1.58553
vt 0.973393 1.58553
vt 0.973171 1.59807
vt 0.033178 0.063234
vt 0.017207 0.062598
vt 0.003426 0.283101
vt 0.019398 0.283727
vt 0.891418 1.98926
vt 0.891391 2.00171
vt 0.972897 2.00171
vt 0.973167 1.98898
vt 1.95889 0.330739
vt 1.95952 0.314731
vt 0.019398 0.283727
vt 0.01877 0.299698
vt 0.891882 1.5976
vt 0.891882 1.61012
vt 0.973167 1.61014
vt 0.973167 1.59791
vt 0.017185 0.062957
vt 0.033178 0.06323
vt 0.019398 0.283727
vt 0.003402 0.283486
vt 0.983058 1.58583
vt 0.973393 1.58553
vt 0.973153 0.028023
vt 0.983058 0.028616
vt 0.983058 1.81326
vt 0.973169 1.81272
vt 0.973167 1.98898
vt 0.983058 1.98953
vt 0.983058 0.040079
vt 0.973167 0.040666
vt 0.973167 1.59791
vt 0.983058 1.5973
vt 1.95952 0.314731
vt 1.97331 0.094289
vt 0.033178 0.063234
vt 0.019398 0.283727
vt 0.973393 1.58553
vt 0.891421 1.58553
vt 0.891882 0.028313
vt 0.973153 0.028023
vt 0.973169 1.81272
vt 0.891882 1.81367
vt 0.891418 1.98926
vt 0.973167 1.98898
vt 0.891418 0.040376
vt 0.891882 1.5976
vt 0.973167 1.59791
vt 0.973167 0.040666
vt 0.033178 0.06323
vt 1.97329 0.094281
vt 1.9595 0.314757
vt 0.019398 0.283727
vt 0.973167 1.58555
vt 0.973167 1.76256
vt 0.891882 1.76224
vt 0.891421 1.58526
vt 1.97391 0.078299
vt 1.97331 0.094289
vt 1.98924 0.094889
vt 0.017207 0.062598
vt 0.033178 0.063234
vt 0.033802 0.047259
vt 1.97547 0.315361
vt 1.95952 0.314731
vt 1.95889 0.330739
vt 0.01877 0.299698
vt 0.019398 0.283727
vt 0.003426 0.283101
vt 0.973171 1.59807
vt 0.973393 1.58553
vt 0.983058 1.58583
vt 0.983058 0.028616
vt 0.973153 0.028023
vt 0.97314 0.015774
vt 0.983058 1.98953
vt 0.973167 1.98898
vt 0.972897 2.00171
vt 0.983058 1.5973
vt 0.973167 1.59791
vt 0.973167 1.61014
vt 0.87841 0.409667
vt 0.875 0.409714
vt 0.875 1.40289
vt 0.87841 0.409667
vt 0.875 1.40289
vt 0.878384 1.40287
vt 0.878437 0.472187
vt 0.87841 0.468803
vt 0.90284 0.468803
vt 0.90284 0.47216
vt 0.875 0.472214
vt 0.878437 0.472187
vt 0.87841 0.59034
vt 0.875 0.590393
vt 1.0356 0.40966
vt 1.03901 0.40966
vt 1.02349 1.40287
vt 1.02008 1.40284
vt 0.90284 0.47216
vt 0.90625 0.472214
vt 0.90625 0.590393
vt 0.902866 0.590366
vt 0.875 0.409607
vt 0.87841 0.40966
vt 0.87841 1.40284
vt 0.875 1.40279
vt 0.878409 0.59375
vt 0.87841 0.59034
vt 0.902866 0.590366
vt 0.902828 0.59375
vt 0.91401 0.40966
vt 0.91742 0.40966
vt 0.901902 1.40284
vt 0.898492 1.40281
vt 0.902865 1.40625
vt 0.902866 1.40287
vt 0.878384 1.40287
vt 0.87841 1.40625
vt 1.02008 1.40284
vt 1.02006 1.40625
vt 0.901875 1.40625
vt 0.901902 1.40284
vt 0.902813 1.40281
vt 0.902813 1.4062
vt 0.87841 1.4062
vt 0.87841 1.40284
vt 0.875 0.473099
vt 0.87841 0.473153
vt 0.87841 0.354973
vt 0.875 0.35492
vt 0.87841 0.59034
vt 0.878437 0.472187
vt 0.90284 0.47216
vt 0.902866 0.590366
vt 1.0356 0.40966
vt 1.02008 1.40284
vt 0.901902 1.40284
vt 0.91742 0.40966
vt 0.90284 0.40966
vt 0.902813 1.40281
vt 0.87841 1.40284
vt 0.87841 0.40966
vt 0.90284 0.409667
vt 0.87841 0.409667
vt 0.878384 1.40287
vt 0.902866 1.40287
vt 0.87841 0.473153
vt 0.902813 0.473126
vt 0.902866 0.354947
vt 0.87841 0.354973
vt 0.901902 1.40285
vt 1.02008 1.40285
vt 1.0356 0.40966
vt 0.91742 0.40966
vt 0.87841 0.468803
vt 0.878437 0.472187
vt 0.875 0.472214
vt 0.90625 0.472214
vt 0.90284 0.47216
vt 0.90284 0.468803
vt 0.875 0.590393
vt 0.87841 0.59034
vt 0.878409 0.59375
vt 0.902828 0.59375
vt 0.902866 0.590366
vt 0.90625 0.590393
vt 1.02006 1.40625
vt 1.02008 1.40284
vt 1.02349 1.40287
vt 0.898492 1.40281
vt 0.901902 1.40284
vt 0.901875 1.40625
vt 0.875 1.40279
vt 0.87841 1.40284
vt 0.87841 1.4062
vt 0.87841 1.40625
vt 0.878384 1.40287
vt 0.875 1.40289
vt 1.46094 0.976563
vt 0.476563 0.960938
vt 0.476563 0.835938
vt 1.46094 0.851563
vt 1 1.37543
vt 0.992269 1.37508
vt 0.992269 0.38273
vt 1 0.383094
vt 0.992269 1.03134
vt 1 1.03169
vt 1 0.922142
vt 0.992085 0.921963
vt 0.99229 1.03906
vt 0.992269 1.03134
vt 0.97631 1.03152
vt 0.976548 1.03906
vt 0.461065 1.38289
vt 0.453341 1.3824
vt 0.469686 0.390074
vt 0.477412 0.390543
vt 0.992085 0.921963
vt 0.992269 0.914417
vt 0.976481 0.914417
vt 0.976481 0.921779
vt 0.453341 1.3824
vt 0.461065 1.38289
vt 0.477414 0.390372
vt 0.469687 0.390069
vt 0.976481 0.921779
vt 0.96875 0.922142
vt 0.96875 1.03169
vt 0.97631 1.03152
vt 0.976481 1.37508
vt 0.96875 1.37543
vt 0.96875 0.383094
vt 0.976665 0.382914
vt 0.578341 1.37459
vt 0.578222 1.38233
vt 0.468483 1.37547
vt 0.468788 1.36774
vt 0.992265 1.37506
vt 1 1.37472
vt 1 0.382372
vt 0.992446 0.382553
vt 0.992269 1.38245
vt 0.992265 1.37506
vt 0.976665 1.37482
vt 0.976485 1.38245
vt 0.594836 0.374519
vt 0.594698 0.382249
vt 0.485124 0.375409
vt 0.485434 0.367689
vt 0.992446 0.382553
vt 0.992271 0.375
vt 0.97649 0.375
vt 0.976481 0.38273
vt 0.578222 1.38233
vt 0.578341 1.37459
vt 0.468788 1.36774
vt 0.468654 1.37548
vt 0.96875 1.3747
vt 0.976665 1.37482
vt 0.976481 0.38273
vt 0.96875 0.382372
vt 0.594698 0.382256
vt 0.594835 0.374519
vt 0.485243 0.367669
vt 0.485124 0.375408
vt 0.250082 0.40625
vt 0.24996 0.413981
vt 0.140425 0.413981
vt 0.140544 0.40625
vt 0.992207 0.414061
vt 0.992266 0.406372
vt 0.97648 0.406372
vt 0.97648 0.413939
vt 1 0.414122
vt 0.992207 0.414061
vt 0.992269 1.39852
vt 1 1.39864
vt 0.249959 0.413979
vt 0.250082 0.40625
vt 0.140484 0.40625
vt 0.140424 0.413971
vt 0.97648 0.413939
vt 0.96875 0.414102
vt 0.96875 1.39864
vt 0.976422 1.39858
vt 0.234457 1.40625
vt 0.234576 1.39852
vt 0.125041 1.39852
vt 0.12498 1.40625
vt 0.976422 1.39858
vt 0.97648 1.40625
vt 0.992266 1.40625
vt 0.992269 1.39852
vt 1 0.140425
vt 0.992269 0.140544
vt 0.992269 0.250082
vt 1 0.24996
vt 0.976422 0.413921
vt 0.976425 0.40625
vt 0.99227 0.40625
vt 0.992269 0.41398
vt 0.140424 0.413971
vt 0.132693 0.413921
vt 0.11731 1.39846
vt 0.125041 1.39852
vt 0.976542 1.40613
vt 0.976542 1.39846
vt 0.992208 1.39846
vt 0.992269 1.40613
vt 0.976542 0.695292
vt 0.976542 0.687622
vt 0.992208 0.687622
vt 0.992208 0.695292
vt 0.812459 0.413979
vt 0.812521 0.40625
vt 0.702984 0.40625
vt 0.702924 0.413971
vt 0.820191 0.41404
vt 0.812459 0.413979
vt 0.797076 1.39852
vt 0.804808 1.39858
vt 0.976422 0.413921
vt 0.976425 0.40625
vt 0.99227 0.40625
vt 0.992269 0.41398
vt 0.702924 0.413971
vt 0.695193 0.413921
vt 0.67981 1.39846
vt 0.687541 1.39852
vt 0.976542 1.40613
vt 0.976542 1.39846
vt 0.992208 1.39846
vt 0.992269 1.40613
vt 0.687541 1.39852
vt 0.68748 1.40625
vt 0.797016 1.40625
vt 0.797076 1.39852
vt 0.976444 0.570313
vt 0.976422 0.577985
vt 0.992328 0.577985
vt 0.992336 0.570313
vt 0.992269 0.41398
vt 1 0.413861
vt 1 1.3984
vt 0.992208 1.39846
vt 0.992076 0.36708
vt 0.991699 0.374627
vt 0.977051 0.374627
vt 0.976481 0.367071
vt 0.473711 0.602253
vt 0.485124 0.375409
vt 0.468788 1.36774
vt 0.46873 0.904662
vt 0.991699 0.374627
vt 0.994531 0.6018
vt 0.989844 0.702759
vt 0.984375 0.585078
vt 0.992262 1.36744
vt 0.992436 1.375
vt 0.976484 1.375
vt 0.97648 1.36728
vt 0.994533 0.904455
vt 0.992262 1.36744
vt 0.978911 0.702915
vt 0.702924 0.413981
vt 0.703044 0.40625
vt 0.812521 0.40625
vt 0.81246 0.413981
vt 0.992269 0.41398
vt 1 0.413861
vt 1 1.3984
vt 0.992208 1.39846
vt 0.687419 1.40625
vt 0.687541 1.39852
vt 0.797076 1.39852
vt 0.797016 1.40625
vt 0.81246 0.413981
vt 0.820191 0.414042
vt 0.804808 1.39858
vt 0.797076 1.39852
vt 1 0.147194
vt 0.992269 0.147557
vt 0.992269 0.037989
vt 1 0.037643
vt 0.992269 0.375355
vt 0.992269 0.38273
vt 0.976665 0.382914
vt 0.976481 0.375355
vt 0.360255 0.375482
vt 0.360136 0.383221
vt 0.469687 0.390069
vt 0.469994 0.382341
vt 0.97631 0.037818
vt 0.976289 0.030273
vt 0.992202 0.030273
vt 0.992269 0.037989
vt 0.974217 0.601929
vt 0.977051 0.374627
vt 0.97648 1.36728
vt 0.968814 1.36759
vt 0.968813 0.374809
vt 0.974217 0.601929
vt 0.976481 0.586019
vt 0.96875 0.586138
vt 0.96875 0.476603
vt 0.976542 0.476542
vt 0.976422 0.413921
vt 0.976484 0.40625
vt 0.99227 0.40625
vt 0.992269 0.41398
vt 0.96875 0.413861
vt 0.976422 0.413921
vt 0.976481 1.39852
vt 0.96875 1.3984
vt 1 0.586138
vt 0.992269 0.586019
vt 0.992269 0.476481
vt 1 0.476603
vt 0.992269 0.41398
vt 1 0.413861
vt 1 1.3984
vt 0.992208 1.39846
vt 0.906292 1.39852
vt 0.906169 1.40625
vt 1.01577 1.40625
vt 1.01583 1.39853
vt 0.976481 1.40613
vt 0.976481 1.39852
vt 0.992208 1.39846
vt 0.992269 1.40613
vt 0.906169 1.40625
vt 0.906291 1.39852
vt 1.01583 1.39852
vt 1.01577 1.40625
vt 1.03894 0.41398
vt 1.03121 0.413981
vt 1.01583 1.39853
vt 1.02356 1.39858
vt 0.976542 0.476542
vt 0.976481 0.468871
vt 0.992269 0.468871
vt 0.992269 0.476481
vt 1.03121 0.413981
vt 1.03894 0.41398
vt 1.02356 1.39858
vt 1.01583 1.39852
vt 0.992324 1.40625
vt 0.992329 1.39856
vt 0.976421 1.39856
vt 0.976419 1.40625
vt 0.992269 1.03134
vt 0.992085 0.921963
vt 0.976481 0.921779
vt 0.97631 1.03152
vt 0.976665 1.37482
vt 0.992265 1.37506
vt 0.992446 0.382553
vt 0.976481 0.38273
vt 0.992207 0.414061
vt 0.97648 0.413939
vt 0.976422 1.39858
vt 0.992269 1.39852
vt 0.249959 0.413979
vt 0.140424 0.413971
vt 0.125041 1.39852
vt 0.234576 1.39852
vt 0.812459 0.413979
vt 0.702924 0.413971
vt 0.687541 1.39852
vt 0.797076 1.39852
vt 0.976542 1.39846
vt 0.976422 0.413921
vt 0.992269 0.41398
vt 0.992208 1.39846
vt 0.976542 0.250021
vt 0.992269 0.250082
vt 0.992269 0.140544
vt 0.976481 0.140544
vt 0.485124 0.375409
vt 0.594698 0.382249
vt 0.578341 1.37459
vt 0.468788 1.36774
vt 0.992269 0.41398
vt 0.992208 1.39846
vt 0.976542 1.39846
vt 0.976422 0.413921
vt 0.687541 1.39852
vt 0.702924 0.413981
vt 0.81246 0.413981
vt 0.797076 1.39852
vt 0.992269 0.38273
vt 0.992269 1.37508
vt 0.976481 1.37508
vt 0.976665 0.382914
vt 0.24996 0.413981
vt 0.234576 1.39852
vt 0.125041 1.39852
vt 0.140425 0.413981
vt 0.453341 1.3824
vt 0.469687 0.390069
vt 0.360136 0.383221
vt 0.34379 1.37555
vt 0.976422 0.804828
vt 0.976542 0.695292
vt 0.992208 0.695292
vt 0.992269 0.804769
vt 0.97648 1.36728
vt 0.976481 1.39852
vt 0.976422 0.413921
vt 0.992269 0.41398
vt 0.992208 1.39846
vt 0.97631 0.037818
vt 0.992269 0.037989
vt 0.992269 0.147557
vt 0.976481 0.147557
vt 0.360136 0.383226
vt 0.469686 0.390074
vt 0.453341 1.3824
vt 0.34379 1.37555
vt 0.976481 0.586019
vt 0.976542 0.476542
vt 0.992269 0.476481
vt 0.992269 0.586019
vt 1.03121 0.413981
vt 1.01583 1.39852
vt 0.906291 1.39852
vt 0.921674 0.413981
vt 0.578341 1.37459
vt 0.594698 0.382256
vt 0.485124 0.375408
vt 0.468788 1.36774
vt 0.976422 0.367328
vt 0.976481 0.257731
vt 0.992269 0.257731
vt 0.992269 0.367269
vt 0.906292 1.39852
vt 1.01583 1.39853
vt 1.03121 0.413981
vt 0.921674 0.413981
vt 0.992328 0.577985
vt 0.976422 0.577985
vt 0.976542 0.687521
vt 0.992269 0.687582
vt 0.992269 0.913007
vt 0.992076 1.02284
vt 0.976481 1.02303
vt 0.976481 0.913007
vt 0.976421 1.39856
vt 0.992329 1.39856
vt 0.992269 0.41398
vt 0.976481 0.41398
vt 0.976481 0.796779
vt 0.976481 0.906347
vt 0.99244 0.906518
vt 0.992269 0.796779
vt 0.992207 0.414061
vt 0.976543 0.414061
vt 0.976422 1.39858
vt 0.992328 1.39858
vt 0.976481 0.468832
vt 0.992269 0.468832
vt 0.992328 0.359235
vt 0.976422 0.359235
vt 0.976481 1.38287
vt 0.992265 1.38287
vt 0.992269 0.390543
vt 0.97631 0.390372
vt 1 1.03169
vt 0.992269 1.03134
vt 0.99229 1.03906
vt 0.992269 0.914417
vt 0.992085 0.921963
vt 1 0.922142
vt 0.96875 0.922142
vt 0.976481 0.921779
vt 0.976481 0.914417
vt 0.976548 1.03906
vt 0.97631 1.03152
vt 0.96875 1.03169
vt 1 1.37472
vt 0.992265 1.37506
vt 0.992269 1.38245
vt 0.992271 0.375
vt 0.992446 0.382553
vt 1 0.382372
vt 0.976485 1.38245
vt 0.976665 1.37482
vt 0.96875 1.3747
vt 0.96875 0.382372
vt 0.976481 0.38273
vt 0.97649 0.375
vt 0.992266 0.406372
vt 0.992207 0.414061
vt 1 0.414122
vt 0.96875 0.414102
vt 0.97648 0.413939
vt 0.97648 0.406372
vt 0.97648 1.40625
vt 0.976422 1.39858
vt 0.96875 1.39864
vt 1 1.39864
vt 0.992269 1.39852
vt 0.992266 1.40625
vt 0.132693 0.413921
vt 0.140424 0.413971
vt 0.140484 0.40625
vt 0.12498 1.40625
vt 0.125041 1.39852
vt 0.11731 1.39846
vt 0.812521 0.40625
vt 0.812459 0.413979
vt 0.820191 0.41404
vt 0.695193 0.413921
vt 0.702924 0.413971
vt 0.702984 0.40625
vt 0.68748 1.40625
vt 0.687541 1.39852
vt 0.67981 1.39846
vt 0.804808 1.39858
vt 0.797076 1.39852
vt 0.797016 1.40625
vt 1 0.413861
vt 0.992269 0.41398
vt 0.99227 0.40625
vt 0.992269 1.40613
vt 0.992208 1.39846
vt 1 1.3984
vt 0.485434 0.367689
vt 0.485124 0.375409
vt 0.473711 0.602253
vt 0.485434 0.367689
vt 0.47741 0.375115
vt 0.461064 1.36744
vt 0.468483 1.37547
vt 1 0.413861
vt 0.992269 0.41398
vt 0.99227 0.40625
vt 0.992269 1.40613
vt 0.992208 1.39846
vt 1 1.3984
vt 0.820191 0.414042
vt 0.81246 0.413981
vt 0.812521 0.40625
vt 0.797016 1.40625
vt 0.797076 1.39852
vt 0.804808 1.39858
vt 1 0.383094
vt 0.992269 0.38273
vt 0.992269 0.375355
vt 0.976481 0.375355
vt 0.976665 0.382914
vt 0.96875 0.383094
vt 0.469994 0.382341
vt 0.469687 0.390069
vt 0.477414 0.390372
vt 0.968814 1.36759
vt 0.97648 1.36728
vt 0.976484 1.375
vt 0.975435 0.510503
vt 0.977051 0.374627
vt 0.974217 0.601929
vt 0.975435 0.510503
vt 0.974217 0.601929
vt 0.968813 0.374809
vt 0.976484 0.40625
vt 0.976422 0.413921
vt 0.96875 0.413861
vt 1 0.413861
vt 0.992269 0.41398
vt 0.99227 0.40625
vt 0.96875 1.3984
vt 0.976481 1.39852
vt 0.976481 1.40613
vt 0.992269 1.40613
vt 0.992208 1.39846
vt 1 1.3984
vt 1 0.037643
vt 0.992269 0.037989
vt 0.992202 0.030273
vt 0.976481 0.468871
vt 0.976542 0.476542
vt 0.96875 0.476603
vt 1 0.476603
vt 0.992269 0.476481
vt 0.992269 0.468871
vt 1.01577 1.40625
vt 1.01583 1.39852
vt 1.02356 1.39858
vt 1.02356 1.39858
vt 1.01583 1.39853
vt 1.01577 1.40625
vt 1.74595 2.84657
vt 1.74598 2.84657
vt 1.75218 0.561152
vt 1.74595 2.84657
vt 1.75218 0.561152
vt 1.75215 0.561152
vt 1.74277 4.02241
vt 1.74276 4.02247
vt 1.55667 4.02197
vt 1.55667 4.0219
vt 1.74279 4.02241
vt 1.74277 4.02241
vt 1.74896 1.73698
vt 1.74899 1.73698
vt 1.55983 2.84607
vt 1.55985 2.84607
vt 1.56605 0.560647
vt 1.55983 2.84607
vt 1.56605 0.560647
vt 1.56602 0.5606
vt 1.55664 4.02197
vt 1.55678 3.97
vt 1.56191 2.07551
vt 1.55664 4.02197
vt 1.56191 2.07551
vt 1.56191 2.07551
vt 1.55667 4.0219
vt 1.557 3.88805
vt 1.56264 1.80947
vt 1.55667 4.0219
vt 1.56264 1.80947
vt 1.56272 1.78982
vt 1.56272 1.78982
vt 1.56269 1.78982
vt 1.56283 1.73702
vt 1.56286 1.73648
vt 1.56191 2.07551
vt 1.55664 4.02197
vt 1.56191 2.07551
vt 1.56191 2.07551
vt 1.56191 2.07551
vt 1.2921 0.00586301
vt 1.29208 0.00586301
vt 1.50683 1.49896
vt 1.50684 1.49884
vt 1.29404 0.00586301
vt 1.51343 0.006845
vt 1.51308 0.00683999
vt 1.56024 2.70322
vt 1.56021 2.70322
vt 1.56641 0.41793
vt 1.56643 0.417751
vt 1.56286 1.73648
vt 1.56286 1.73646
vt 1.74896 1.73696
vt 1.74896 1.73698
vt 1.74637 2.70373
vt 1.74634 2.70373
vt 1.75254 0.418256
vt 1.75256 0.418256
vt 1.56247 1.87932
vt 1.56245 1.87933
vt 1.55625 4.16475
vt 1.55628 4.16475
vt 1.56643 0.417751
vt 1.56643 0.417721
vt 1.75254 0.418225
vt 1.75254 0.418256
vt 1.7486 1.87983
vt 1.74857 1.87983
vt 1.74238 4.16525
vt 1.7486 1.87983
vt 1.74238 4.16525
vt 1.74241 4.1653
vt 1.74238 4.16532
vt 1.74238 4.16525
vt 1.55628 4.16475
vt 1.55628 4.16482
vt 1.56286 1.73648
vt 1.74896 1.73698
vt 1.74277 4.02241
vt 1.55667 4.0219
vt 1.56272 1.78982
vt 1.56191 2.07551
vt 1.55664 4.02197
vt 1.56024 2.70322
vt 1.56643 0.417751
vt 1.75254 0.418256
vt 1.74634 2.70373
vt 1.55628 4.16475
vt 1.74238 4.16525
vt 1.74857 1.87983
vt 1.56247 1.87932
vt 1.75215 0.561152
vt 1.56605 0.560647
vt 1.55985 2.84607
vt 1.74595 2.84657
vt 1.50683 1.49896
vt 0.014717 1.49236
vt 0.021318 0.000244975
vt 1.51343 0.006845
vt 1.51326 0.00682998
vt 1.47869 0.006679
vt 1.29404 0.00586301
vt 0.021318 0.000244975
vt 0.014717 1.49236
vt 1.74276 4.02247
vt 1.74277 4.02241
vt 1.74279 4.02241
vt 1.55664 4.02194
vt 1.55667 4.02197
vt 1.56264 1.80947
vt 1.55664 4.02197
vt 1.56191 2.07551
vt 1.56191 2.07551
vt 1.55664 4.02197
vt 1.56191 2.07551
vt 1.56191 2.07551
vt 1.56283 1.73648
vt 1.56286 1.73646
vt 1.56286 1.73648
vt 1.56283 1.73702
vt 1.74899 1.73698
vt 1.74896 1.73698
vt 1.74896 1.73696
vt 1.56641 0.417751
vt 1.56643 0.417721
vt 1.75256 0.418256
vt 1.75254 0.418256
vt 1.75254 0.418225
vt 1.74241 4.1653
vt 1.74238 4.16525
vt 1.74238 4.16532
vt 1.55628 4.16482
vt 1.55628 4.16475
vt 1.55625 4.16475
vt 1.7279 3.66069
vt 1.73677 3.66071
vt 1.74265 1.49253
vt 1.7279 3.66069
vt 1.74265 1.49253
vt 1.73378 1.49251
vt 1.73302 1.77338
vt 1.73303 1.76658
vt 1.57328 1.76615
vt 1.57326 1.77294
vt 1.74189 1.7734
vt 1.73302 1.77338
vt 1.72714 3.94158
vt 1.73601 3.9416
vt 1.55928 3.66023
vt 1.56815 3.66025
vt 1.57403 1.49208
vt 1.56516 1.49205
vt 1.57326 1.77294
vt 1.56439 1.77294
vt 1.55852 3.94112
vt 1.56739 3.94114
vt 1.56824 3.62616
vt 1.55937 3.62614
vt 1.56525 1.45794
vt 1.57412 1.45796
vt 1.56739 3.94114
vt 1.56737 3.94796
vt 1.72712 3.94839
vt 1.72714 3.94158
vt 1.73687 3.62662
vt 1.72799 3.6266
vt 1.73388 1.4584
vt 1.74274 1.45844
vt 1.73611 3.90751
vt 1.72723 3.90749
vt 1.73311 1.73931
vt 1.74198 1.73933
vt 1.73389 1.4516
vt 1.73388 1.4584
vt 1.57412 1.45796
vt 1.57414 1.45117
vt 1.56748 3.90705
vt 1.55861 3.90703
vt 1.56449 1.73885
vt 1.57336 1.73888
vt 1.73313 1.73249
vt 1.73311 1.73931
vt 1.57336 1.73888
vt 1.57338 1.73206
vt 1.73302 1.77338
vt 1.57326 1.77294
vt 1.56739 3.94114
vt 1.72714 3.94158
vt 1.57412 1.45796
vt 1.73388 1.4584
vt 1.72799 3.6266
vt 1.56824 3.62616
vt 1.73311 1.73931
vt 1.72723 3.90749
vt 1.56748 3.90705
vt 1.57336 1.73888
vt 1.7279 3.66069
vt 1.73378 1.49251
vt 1.57403 1.49208
vt 1.56815 3.66025
vt 0.027551 1.4884
vt 0.036806 0.035409
vt 1.48979 0.044663
vt 1.48054 1.49765
vt 1.50432 0.00731498
vt 0.022461 -0.002123
vt 0.013022 1.47974
vt 1.49488 1.48918
vt 1.73303 1.76658
vt 1.73302 1.77338
vt 1.74189 1.7734
vt 1.56439 1.77294
vt 1.57326 1.77294
vt 1.57328 1.76615
vt 1.56737 3.94796
vt 1.56739 3.94114
vt 1.55852 3.94112
vt 1.73601 3.9416
vt 1.72714 3.94158
vt 1.72712 3.94839
vt 1.74274 1.45844
vt 1.73388 1.4584
vt 1.73389 1.4516
vt 1.57414 1.45117
vt 1.57412 1.45796
vt 1.56525 1.45794
vt 1.74198 1.73933
vt 1.73311 1.73931
vt 1.73313 1.73249
vt 1.57338 1.73206
vt 1.57336 1.73888
vt 1.56449 1.73885
vt 1.73446 2.97596
vt 1.74563 2.97599
vt 1.75179 0.704912
vt 1.73446 2.97596
vt 1.75179 0.704912
vt 1.74062 0.704882
vt 1.7346 2.92747
vt 1.73457 2.9361
vt 1.57075 2.93565
vt 1.57078 2.92703
vt 1.74576 2.92754
vt 1.7346 2.92747
vt 1.74075 0.656448
vt 1.75192 0.656479
vt 1.55947 2.97548
vt 1.57064 2.97551
vt 1.5768 0.704438
vt 1.56563 0.704407
vt 1.57078 2.92703
vt 1.55961 2.92705
vt 1.56576 0.655974
vt 1.57693 0.656004
vt 1.57074 2.93976
vt 1.55957 2.93973
vt 1.56573 0.668702
vt 1.5769 0.668732
vt 1.57693 0.656004
vt 1.57695 0.647426
vt 1.74077 0.64787
vt 1.74075 0.656448
vt 1.74573 2.94023
vt 1.73456 2.9402
vt 1.74071 0.669176
vt 1.75188 0.669161
vt 1.55951 2.9628
vt 1.57068 2.96283
vt 1.57683 0.691755
vt 1.56567 0.691725
vt 1.57682 0.69586
vt 1.5768 0.704438
vt 1.74062 0.704882
vt 1.74064 0.696304
vt 1.7345 2.96327
vt 1.74567 2.9633
vt 1.75182 0.69223
vt 1.74065 0.692199
vt 1.74074 0.660553
vt 1.74071 0.669176
vt 1.5769 0.668732
vt 1.57692 0.660109
vt 1.7346 2.92747
vt 1.57078 2.92703
vt 1.57693 0.656004
vt 1.74075 0.656448
vt 1.5768 0.704438
vt 1.57064 2.97551
vt 1.73446 2.97596
vt 1.74062 0.704882
vt 1.5769 0.668732
vt 1.74071 0.669176
vt 1.73456 2.9402
vt 1.57074 2.93976
vt 1.57683 0.691755
vt 1.57068 2.96283
vt 1.7345 2.96327
vt 1.74065 0.692199
vt 0.029687 0.00580001
vt 1.50792 0.015215
vt 1.4985 1.49345
vt 0.020272 1.48403
vt 1.4985 1.49345
vt 1.50792 0.015215
vt 0.029687 0.00580001
vt 0.020272 1.48403
vt 1.73457 2.9361
vt 1.7346 2.92747
vt 1.74576 2.92754
vt 1.55961 2.92705
vt 1.57078 2.92703
vt 1.57075 2.93565
vt 1.57695 0.647426
vt 1.57693 0.656004
vt 1.56576 0.655974
vt 1.75192 0.656479
vt 1.74075 0.656448
vt 1.74077 0.64787
vt 1.56563 0.704407
vt 1.5768 0.704438
vt 1.57682 0.69586
vt 1.74064 0.696304
vt 1.74062 0.704882
vt 1.75179 0.704912
vt 1.75188 0.669161
vt 1.74071 0.669176
vt 1.74074 0.660553
vt 1.57692 0.660109
vt 1.5769 0.668732
vt 1.56573 0.668702
vt 0.340588 1.37851
vt 0.336013 1.37823
vt 0.352462 0.379691
vt 0.340588 1.37851
vt 0.352462 0.379691
vt 0.357038 0.379879
vt 0.901672 1.03449
vt 0.90625 1.0347
vt 0.90625 0.918847
vt 0.901563 0.918741
vt 0.90168 1.03906
vt 0.901672 1.03449
vt 0.879476 1.03459
vt 0.879623 1.03906
vt 0.461013 1.38604
vt 0.456439 1.38575
vt 0.472889 0.38712
vt 0.477465 0.387289
vt 0.901563 0.918741
vt 0.901672 0.914273
vt 0.879578 0.914273
vt 0.879578 0.918632
vt 0.875 1.38583
vt 0.879578 1.38604
vt 0.879577 0.387414
vt 0.875 0.387185
vt 0.879578 0.918632
vt 0.875 0.918847
vt 0.875 1.0347
vt 0.879476 1.03459
vt 0.879578 1.37823
vt 0.875 1.37844
vt 0.875 0.379793
vt 0.879687 0.379686
vt 0.901563 0.375215
vt 0.901563 0.379686
vt 0.879687 0.379686
vt 0.879578 0.37521
vt 0.357038 0.379879
vt 0.357217 0.3753
vt 0.47307 0.382541
vt 0.472889 0.38712
vt 0.901774 0.387293
vt 0.901775 0.382813
vt 0.879584 0.382813
vt 0.879577 0.387414
vt 0.875 0.034637
vt 0.879578 0.034842
vt 0.879578 0.150704
vt 0.875 0.150489
vt 0.901672 1.03449
vt 0.901563 0.918741
vt 0.879578 0.918632
vt 0.879476 1.03459
vt 0.357038 0.379879
vt 0.472889 0.38712
vt 0.456439 1.38575
vt 0.340588 1.37851
vt 0.901774 0.387293
vt 0.879577 0.387414
vt 0.879578 1.38604
vt 0.901672 1.38604
vt 0.879578 1.37823
vt 0.879687 0.379686
vt 0.901563 0.379686
vt 0.901672 1.37823
vt 0.901563 0.150595
vt 0.879578 0.150704
vt 0.879578 0.034842
vt 0.901774 0.034741
vt 0.456439 1.38575
vt 0.47289 0.387109
vt 0.357038 0.379868
vt 0.340588 1.37851
vt 0.90625 1.0347
vt 0.901672 1.03449
vt 0.90168 1.03906
vt 0.901672 0.914273
vt 0.901563 0.918741
vt 0.90625 0.918847
vt 0.875 0.918847
vt 0.879578 0.918632
vt 0.879578 0.914273
vt 0.879623 1.03906
vt 0.879476 1.03459
vt 0.875 1.0347
vt 0.357217 0.3753
vt 0.357038 0.379879
vt 0.352462 0.379691
vt 0.477465 0.387289
vt 0.472889 0.38712
vt 0.47307 0.382541
vt 0.875 0.387185
vt 0.879577 0.387414
vt 0.879584 0.382813
vt 0.879578 0.37521
vt 0.879687 0.379686
vt 0.875 0.379793
vn 0.044108 0.707115 0.705722
vn 0.044108 0.707115 0.705722
vn 0.044108 0.707115 0.705722
vn 0.044108 0.707107 0.70573
vn 0.044108 0.707107 0.70573
vn 0.044108 0.707107 0.70573
vn -0.702951 0.711155 0.010867
vn -0.702951 0.711155 0.010867
vn -0.702951 0.711155 0.010867
vn -0.702951 0.711155 0.010867
vn -0.683751 -0.001465 0.729714
vn -0.683751 -0.001465 0.729714
vn -0.683751 -0.001465 0.729714
vn -0.683751 -0.001465 0.729714
vn -0.044248 0.707096 -0.705732
vn -0.044248 0.707096 -0.705732
vn -0.044248 0.707096 -0.705732
vn -0.044248 0.707096 -0.705732
vn -0.730395 -0.00132 -0.683024
vn -0.730395 -0.00132 -0.683024
vn -0.730395 -0.00132 -0.683024
vn -0.730395 -0.00132 -0.683024
vn -0.044227 -0.707118 -0.705711
vn -0.044227 -0.707118 -0.705711
vn -0.044227 -0.707118 -0.705711
vn -0.044227 -0.707118 -0.705711
vn -0.711294 -0.702808 0.011
vn -0.711294 -0.702808 0.011
vn -0.711294 -0.702808 0.011
vn -0.711294 -0.702808 0.011
vn 0.043062 -0.711123 0.701748
vn 0.043062 -0.711123 0.701748
vn 0.043062 -0.711123 0.701748
vn 0.043062 -0.711123 0.701748
vn 0.706755 0.707371 -0.011126
vn 0.706755 0.707371 -0.011126
vn 0.706755 0.707371 -0.011126
vn 0.706755 0.707371 -0.011126
vn 0.737843 0.001309 0.674971
vn 0.737843 0.001309 0.674971
vn 0.737843 0.001309 0.674971
vn 0.737843 0.001309 0.674971
vn 0.711458 -0.702639 -0.011243
vn 0.711458 -0.702639 -0.011243
vn 0.711458 -0.702639 -0.011243
vn 0.711458 -0.702639 -0.011243
vn 0.683437 -0.000817 -0.730009
vn 0.683437 -0.000817 -0.730009
vn 0.683437 -0.000817 -0.730009
vn 0.683437 -0.000817 -0.730009
vn -0.999883 1e-06 0.015332
vn -0.999883 1e-06 0.015332
vn -0.999882 1e-06 0.015332
vn -0.999883 1e-06 0.015332
vn 0.062377 -0 0.998053
vn 0.062377 -0 0.998053
vn 0.062377 -0 0.998053
vn 0.062377 -0 0.998053
vn 0.999877 0.00049 -0.015706
vn 0.999877 0.00049 -0.015706
vn 0.999877 0.00049 -0.015706
vn 0.999877 0.00049 -0.015706
vn -0.062561 -3.1e-05 -0.998041
vn -0.062561 -3.1e-05 -0.998041
vn -0.062561 -3.1e-05 -0.998041
vn -0.062561 -3.1e-05 -0.998041
vn 0 -1 0
vn 0 -1 0
vn 0 -1 0
vn 0 -1 0
vn 0 1 0
vn 0 1 0
vn 0 1 0
vn 0 1 0
vn -0.549757 0.587054 0.594252
vn -0.549757 0.587054 0.594252
vn -0.549757 0.587054 0.594252
vn -0.586734 0.577672 -0.567485
vn -0.586734 0.577672 -0.567485
vn -0.586734 0.577672 -0.567485
vn -0.603735 -0.568901 -0.558441
vn -0.603735 -0.568901 -0.558441
vn -0.603735 -0.568901 -0.558441
vn -0.569118 -0.577669 0.585152
vn -0.569118 -0.577669 0.585152
vn -0.569118 -0.577669 0.585152
vn 0.603761 0.568994 0.558317
vn 0.603761 0.568994 0.558317
vn 0.603761 0.568994 0.558317
vn 0.611365 -0.577664 0.540866
vn 0.611365 -0.577664 0.540866
vn 0.611365 -0.577664 0.540866
vn 0.548997 0.587561 -0.594453
vn 0.548997 0.587561 -0.594453
vn 0.548997 0.587561 -0.594453
vn 0.569136 -0.577275 -0.585524
vn 0.569136 -0.577275 -0.585524
vn 0.569136 -0.577275 -0.585524
vn 0.707068 -0.707059 -0.011048
vn 0.707068 -0.707059 -0.011048
vn 0.707068 -0.707059 -0.011048
vn 0.707027 -0.7071 -0.011047
vn 0.707027 -0.7071 -0.011047
vn 0.707027 -0.7071 -0.011047
vn 0.718065 0 0.695976
vn 0.718065 0 0.695976
vn 0.718065 0 0.695976
vn 0.718065 0 0.695976
vn 0.011047 -0.707106 0.707021
vn 0.011047 -0.707106 0.707021
vn 0.011047 -0.707106 0.707021
vn 0.011047 -0.707106 0.707021
vn 0.707027 0.7071 -0.011047
vn 0.707027 0.7071 -0.011047
vn 0.707027 0.7071 -0.011047
vn 0.707027 0.7071 -0.011047
vn 0.011047 0.707107 0.707021
vn 0.011047 0.707107 0.707021
vn 0.011047 0.707107 0.707021
vn 0.011047 0.707107 0.707021
vn -0.707019 -0.707109 0.011047
vn -0.707019 -0.707109 0.011047
vn -0.707019 -0.707109 0.011047
vn -0.707019 -0.707109 0.011047
vn -0.695974 0 0.718067
vn -0.695974 0 0.718067
vn -0.695974 0 0.718067
vn -0.695974 0 0.718067
vn -0.707019 0.707109 0.011047
vn -0.707019 0.707109 0.011047
vn -0.707019 0.707109 0.011047
vn -0.707019 0.707109 0.011047
vn -0.011047 -0.707107 -0.707021
vn -0.011047 -0.707107 -0.707021
vn -0.011047 -0.707107 -0.707021
vn -0.011047 -0.707107 -0.707021
vn 0.695971 0 -0.71807
vn 0.695971 0 -0.71807
vn 0.695971 0 -0.71807
vn 0.695971 0 -0.71807
vn -0.011047 0.707107 -0.707021
vn -0.011047 0.707107 -0.707021
vn -0.011047 0.707107 -0.707021
vn -0.011047 0.707107 -0.707021
vn -0.718068 0 -0.695973
vn -0.718068 0 -0.695973
vn -0.718068 0 -0.695973
vn -0.718068 0 -0.695973
vn 0.015623 0 0.999878
vn 0.015623 0 0.999878
vn 0.015623 0 0.999878
vn 0.015623 0 0.999878
vn 0.999878 0 -0.015623
vn 0.999878 0 -0.015623
vn 0.999878 0 -0.015623
vn 0.999878 0 -0.015623
vn -0.015623 0 -0.999878
vn -0.015623 0 -0.999878
vn -0.015623 0 -0.999878
vn -0.015623 0 -0.999878
vn -0.999878 0 0.015623
vn -0.999878 0 0.015623
vn -0.999878 0 0.015623
vn -0.999878 0 0.015623
vn 0 1 0
vn 0 1 0
vn 0 1 0
vn 0 1 0
vn 0 -1 0
vn 0 -1 0
vn 0 -1 0
vn 0 -1 0
vn 0.586297 -0.577343 0.56827
vn 0.586297 -0.577343 0.56827
vn 0.586297 -0.577343 0.56827
vn 0.586297 0.577343 0.56827
vn 0.586297 0.577343 0.56827
vn 0.586297 0.577343 0.56827
vn -0.568261 -0.577344 0.586305
vn -0.568261 -0.577344 0.586305
vn -0.568261 -0.577344 0.586305
vn -0.56826 0.577343 0.586307
vn -0.56826 0.577343 0.586307
vn -0.56826 0.577343 0.586307
vn 0.568256 -0.577349 -0.586304
vn 0.568256 -0.577349 -0.586304
vn 0.568256 -0.577349 -0.586304
vn 0.568256 0.577348 -0.586306
vn 0.568256 0.577348 -0.586306
vn 0.568256 0.577348 -0.586306
vn -0.586296 -0.577351 -0.568264
vn -0.586296 -0.577351 -0.568264
vn -0.586296 -0.577351 -0.568263
vn -0.586296 0.577351 -0.568264
vn -0.586296 0.577351 -0.568264
vn -0.586296 0.577351 -0.568264
vn 0.712699 0.001706 0.701468
vn 0.712699 0.001706 0.701468
vn 0.712699 0.001706 0.701468
vn 0.712695 0.001707 0.701472
vn 0 -0.707106 0.707107
vn 0 -0.707106 0.707107
vn 0 -0.707106 0.707107
vn 0 -0.707106 0.707107
vn 0.705628 -0.708495 -0.011136
vn 0.705628 -0.708495 -0.011136
vn 0.705628 -0.708495 -0.011136
vn 0.705628 -0.708495 -0.011136
vn -0.000754 -0.705693 -0.708518
vn -0.000754 -0.705693 -0.708518
vn -0.000754 -0.705692 -0.708518
vn -0.000754 -0.705693 -0.708518
vn 0.700087 -0.000817 -0.714057
vn 0.700087 -0.000817 -0.714057
vn 0.700087 -0.000817 -0.714057
vn 0.700087 -0.000817 -0.714057
vn -0.711273 0.000856 -0.702915
vn -0.711273 0.000856 -0.702915
vn -0.711273 0.000856 -0.702915
vn -0.711273 0.000856 -0.702915
vn -0.707018 -0.707107 0.011222
vn -0.707018 -0.707107 0.011223
vn -0.707018 -0.707107 0.011222
vn -0.707018 -0.707107 0.011223
vn -0.701473 -0.00164 0.712695
vn -0.701473 -0.00164 0.712695
vn -0.701473 -0.00164 0.712695
vn -0.701473 -0.00164 0.712695
vn 0.999874 0 -0.015871
vn 0.999874 0 -0.015871
vn 0.999874 0 -0.015871
vn 0.999874 0 -0.015871
vn -0 0 -1
vn -0 0 -1
vn -0 0 -1
vn -0 0 -1
vn 0 0 1
vn 0 0 1
vn 0 0 1
vn 0 0 1
vn -0.999874 0 0.015871
vn -0.999874 0 0.015871
vn -0.999874 0 0.015871
vn -0.999874 0 0.015871
vn 0 -1 0
vn 0 -1 0
vn 0 -1 0
vn 0 -1 0
vn 0.580332 -0.580477 0.571192
vn 0.580332 -0.580477 0.571192
vn 0.580332 -0.580477 0.571192
vn 0.568187 -0.577386 -0.586334
vn 0.568187 -0.577386 -0.586334
vn 0.568187 -0.577386 -0.586334
vn -0.577241 -0.577386 -0.577424
vn -0.577241 -0.577386 -0.577424
vn -0.577241 -0.577386 -0.577424
vn -0.574225 -0.574368 0.58341
vn -0.574225 -0.574368 0.58341
vn -0.574225 -0.574368 0.583411
vn -0.706307 0.707131 -0.033108
vn -0.706307 0.707131 -0.033108
vn -0.706308 0.707131 -0.033108
vn -0.706329 0.707109 -0.033109
vn -0.706329 0.707109 -0.033109
vn -0.706329 0.707109 -0.033109
vn 0.033109 0.707107 -0.706331
vn 0.033109 0.707107 -0.706331
vn 0.033109 0.707107 -0.706331
vn 0.033109 0.707107 -0.706331
vn -0.673224 0 -0.739439
vn -0.673224 0 -0.739439
vn -0.673224 0 -0.739439
vn -0.673224 0 -0.739439
vn 0.706329 0.707109 0.033109
vn 0.706329 0.707109 0.033109
vn 0.706329 0.707109 0.033109
vn 0.706329 0.707109 0.033109
vn 0.739444 0 -0.673218
vn 0.739444 0 -0.673218
vn 0.739444 0 -0.673218
vn 0.739444 0 -0.673218
vn -0.706329 -0.707109 -0.033109
vn -0.706329 -0.707109 -0.033109
vn -0.706329 -0.707109 -0.033109
vn -0.706329 -0.707109 -0.033109
vn 0.033109 -0.707107 -0.706331
vn 0.033109 -0.707107 -0.706331
vn 0.033109 -0.707107 -0.706331
vn 0.033109 -0.707107 -0.706331
vn 0.706329 -0.707109 0.033109
vn 0.706329 -0.707109 0.033109
vn 0.706329 -0.707109 0.033109
vn 0.706329 -0.707109 0.033109
vn -0.033109 0.70711 0.706329
vn -0.033109 0.70711 0.706329
vn -0.033109 0.70711 0.706329
vn -0.033109 0.70711 0.706329
vn -0.739439 0 0.673224
vn -0.739439 0 0.673224
vn -0.739439 0 0.673224
vn -0.739439 0 0.673224
vn -0.033109 -0.707107 0.706331
vn -0.033109 -0.707107 0.706331
vn -0.033109 -0.707107 0.706331
vn -0.033109 -0.707107 0.706331
vn 0.673217 0 0.739445
vn 0.673217 0 0.739445
vn 0.673217 0 0.739445
vn 0.673217 0 0.739445
vn 0.046824 0 -0.998903
vn 0.046824 0 -0.998903
vn 0.046824 0 -0.998903
vn 0.046824 0 -0.998903
vn -0.998903 0 -0.046824
vn -0.998903 0 -0.046824
vn -0.998903 0 -0.046824
vn -0.998903 0 -0.046824
vn -0.046824 0 0.998903
vn -0.046824 0 0.998903
vn -0.046824 0 0.998903
vn -0.046824 0 0.998903
vn 0.998903 0 0.046824
vn 0.998903 0 0.046824
vn 0.998903 0 0.046824
vn 0.998903 0 0.046824
vn 0 1 0
vn 0 1 0
vn 0 1 0
vn 0 1 0
vn 0 -1 0
vn 0 -1 0
vn 0 -1 0
vn 0 -1 0
vn -0.549689 0.577344 -0.603752
vn -0.549689 0.577344 -0.603752
vn -0.549689 0.577344 -0.603751
vn 0.603751 0.57735 -0.549683
vn 0.603751 0.57735 -0.549683
vn 0.603751 0.57735 -0.549683
vn -0.549689 -0.577344 -0.603751
vn -0.549689 -0.577344 -0.603751
vn -0.549689 -0.577344 -0.603752
vn 0.603751 -0.57735 -0.549683
vn 0.603751 -0.57735 -0.549683
vn 0.603751 -0.57735 -0.549683
vn -0.603738 0.577359 0.549688
vn -0.603738 0.577359 0.549688
vn -0.603738 0.577359 0.549688
vn -0.603738 -0.577359 0.549688
vn -0.603738 -0.577359 0.549688
vn -0.603738 -0.577359 0.549688
vn 0.549664 0.577363 0.603756
vn 0.549664 0.577363 0.603756
vn 0.549664 0.577363 0.603756
vn 0.549664 -0.577363 0.603756
vn 0.549664 -0.577363 0.603756
vn 0.549664 -0.577363 0.603756
vn 0.718068 0 0.695973
vn 0.718068 0 0.695973
vn 0.718068 0 0.695973
vn 0.718068 0 0.695973
vn 0.707016 0.707112 -0.011047
vn 0.707016 0.707112 -0.011047
vn 0.707016 0.707112 -0.011047
vn 0.707016 0.707112 -0.011047
vn 0.011047 0.707109 0.707018
vn 0.011047 0.707109 0.707018
vn 0.011047 0.707109 0.707018
vn 0.011047 0.707109 0.707018
vn 0.695972 0 -0.718069
vn 0.695972 0 -0.718069
vn 0.695972 0 -0.718069
vn 0.695972 0 -0.718069
vn -0.011047 0.707109 -0.707018
vn -0.011047 0.707109 -0.707018
vn -0.011047 0.707109 -0.707018
vn -0.011047 0.707109 -0.707018
vn -0.718068 0 -0.695973
vn -0.718068 0 -0.695973
vn -0.718068 0 -0.695973
vn -0.718068 0 -0.695973
vn -0.707026 0.707101 0.011047
vn -0.707026 0.707102 0.011047
vn -0.707026 0.707101 0.011047
vn -0.707026 0.707102 0.011047
vn -0.695972 0 0.718069
vn -0.695972 0 0.718069
vn -0.695972 0 0.718069
vn -0.695972 0 0.718069
vn -0.011047 -0.707106 -0.707022
vn -0.011047 -0.707106 -0.707022
vn -0.011047 -0.707106 -0.707022
vn -0.011047 -0.707106 -0.707022
vn 0.707016 -0.707112 -0.011047
vn 0.707016 -0.707112 -0.011047
vn 0.707016 -0.707112 -0.011047
vn 0.707016 -0.707112 -0.011047
vn 0.011047 -0.707106 0.707022
vn 0.011047 -0.707106 0.707022
vn 0.011047 -0.707106 0.707022
vn 0.011047 -0.707106 0.707022
vn -0.707026 -0.707101 0.011047
vn -0.707026 -0.707101 0.011047
vn -0.707026 -0.707101 0.011047
vn -0.707026 -0.707101 0.011047
vn 0 1 0
vn 0 1 0
vn 0 1 0
vn 0 1 0
vn 0.999878 0 -0.015623
vn 0.999878 0 -0.015623
vn 0.999878 0 -0.015623
vn 0.999878 0 -0.015623
vn 0.015623 0 0.999878
vn 0.015623 0 0.999878
vn 0.015623 0 0.999878
vn 0.015623 0 0.999878
vn -0.015623 0 -0.999878
vn -0.015623 0 -0.999878
vn -0.015623 0 -0.999878
vn -0.015623 0 -0.999878
vn -0.999878 0 0.015623
vn -0.999878 0 0.015623
vn -0.999878 0 0.015623
vn -0.999878 0 0.015623
vn 0 -1 0
vn 0 -1 0
vn 0 -1 0
vn 0 -1 0
vn 0.586312 0.577349 0.568248
vn 0.586312 0.577349 0.568248
vn 0.586312 0.577349 0.568248
vn 0.568248 0.577363 -0.586298
vn 0.568249 0.577363 -0.586298
vn 0.568248 0.577363 -0.586298
vn -0.586303 0.577354 -0.568253
vn -0.586303 0.577354 -0.568253
vn -0.586303 0.577354 -0.568253
vn -0.568262 0.577349 0.586299
vn -0.568262 0.577349 0.586298
vn -0.568262 0.577349 0.586299
vn 0.568249 -0.577364 -0.586297
vn 0.568249 -0.577364 -0.586297
vn 0.568249 -0.577364 -0.586297
vn 0.586309 -0.577346 0.568254
vn 0.586309 -0.577346 0.568254
vn 0.586309 -0.577346 0.568254
vn -0.56826 -0.577353 0.586297
vn -0.56826 -0.577353 0.586296
vn -0.56826 -0.577353 0.586296
vn -0.586301 -0.577345 -0.568264
vn -0.586301 -0.577345 -0.568264
vn -0.586301 -0.577345 -0.568264
vn 0.011519 0.707113 0.707007
vn 0.011519 0.707113 0.707007
vn 0.011519 0.707113 0.707007
vn 0.011562 0.703084 0.711012
vn 0.011562 0.703084 0.711012
vn 0.011562 0.703084 0.711012
vn -0.709901 0.702914 0.044177
vn -0.709902 0.702914 0.044177
vn -0.709902 0.702914 0.044177
vn -0.709902 0.702914 0.044177
vn -0.674825 0.000826 0.737978
vn -0.674825 0.000826 0.737978
vn -0.674825 0.000826 0.737978
vn -0.674825 0.000826 0.737978
vn -0.011602 0.710872 -0.703225
vn -0.011602 0.710872 -0.703225
vn -0.011602 0.710872 -0.703225
vn -0.011602 0.710872 -0.703225
vn -0.738635 0.000913 -0.674105
vn -0.738635 0.000913 -0.674105
vn -0.738635 0.000913 -0.674105
vn -0.738635 0.000913 -0.674105
vn -0.011644 -0.707107 -0.707011
vn -0.011644 -0.707107 -0.707011
vn -0.011644 -0.707107 -0.707011
vn -0.011644 -0.707107 -0.707011
vn -0.701769 -0.711064 0.043678
vn -0.701769 -0.711064 0.043678
vn -0.701769 -0.711064 0.043678
vn -0.701769 -0.711064 0.043678
vn 0.011562 -0.703086 0.711011
vn 0.011562 -0.703086 0.711011
vn 0.011562 -0.703086 0.711011
vn 0.011562 -0.703086 0.711011
vn 0.729675 0.000887 0.683793
vn 0.729675 0.000887 0.683793
vn 0.729675 0.000887 0.683793
vn 0.729675 0.000887 0.683793
vn 0.706104 0.706843 -0.042312
vn 0.706104 0.706843 -0.042312
vn 0.706104 0.706843 -0.042312
vn 0.706104 0.706843 -0.042312
vn 0.679425 -0.001563 -0.733743
vn 0.679425 -0.001563 -0.733743
vn 0.679425 -0.001563 -0.733743
vn 0.679425 -0.001563 -0.733743
vn 0.705816 -0.70711 -0.042652
vn 0.705816 -0.70711 -0.042652
vn 0.705816 -0.70711 -0.042652
vn 0.705816 -0.70711 -0.042652
vn -0.998053 0 0.062378
vn -0.998053 0 0.062378
vn -0.998053 0 0.062378
vn -0.998053 0 0.062378
vn 0 1 0
vn 0 1 0
vn 0 1 0
vn 0 1 0
vn -0.016467 0 -0.999864
vn -0.016467 0 -0.999865
vn -0.016467 0 -0.999864
vn -0.016467 0 -0.999864
vn 0.016228 0 0.999868
vn 0.016228 0 0.999868
vn 0.016228 0 0.999868
vn 0.016228 0 0.999868
vn 0 -1 0
vn 0 -1 0
vn 0 -1 0
vn 0 -1 0
vn 0.998179 0 -0.060319
vn 0.998179 0 -0.060319
vn 0.998179 0 -0.060319
vn 0.998179 0 -0.060319
vn -0.55814 0.569068 0.603856
vn -0.55814 0.569068 0.603856
vn -0.55814 0.569068 0.603856
vn -0.612832 0.577648 -0.539222
vn -0.612832 0.577648 -0.539222
vn -0.612832 0.577648 -0.539222
vn -0.594705 -0.5868 -0.549537
vn -0.594705 -0.5868 -0.549537
vn -0.594705 -0.5868 -0.549537
vn -0.540842 -0.577666 0.611385
vn -0.540842 -0.577666 0.611385
vn -0.540842 -0.577666 0.611385
vn 0.603388 0.568859 0.558859
vn 0.603388 0.568859 0.558858
vn 0.603388 0.568859 0.558859
vn 0.550638 0.585799 -0.594674
vn 0.550638 0.585799 -0.594674
vn 0.550638 0.585798 -0.594674
vn 0.558501 -0.569454 -0.603157
vn 0.558501 -0.569454 -0.603157
vn 0.558501 -0.569454 -0.603157
vn 0.585783 -0.577632 0.568506
vn 0.585783 -0.577632 0.568506
vn 0.585783 -0.577632 0.568506
vn 0.678807 -0.004186 -0.734304
vn 0.678807 -0.004186 -0.734304
vn 0.678807 -0.004186 -0.734304
vn 0.679151 -0.004101 -0.733987
vn 0.679151 -0.004101 -0.733987
vn 0.679151 -0.004101 -0.733987
vn 0.707034 -0.707087 -0.011435
vn 0.707034 -0.707087 -0.011435
vn 0.707034 -0.707087 -0.011435
vn 0.707034 -0.707087 -0.011435
vn -0.043094 -0.70656 -0.70634
vn -0.043094 -0.70656 -0.70634
vn -0.043094 -0.70656 -0.70634
vn -0.043094 -0.70656 -0.70634
vn 0.730508 0.000914 0.682903
vn 0.730508 0.000914 0.682903
vn 0.730508 0.000914 0.682903
vn 0.730508 0.000914 0.682903
vn 0.042937 -0.706802 0.706107
vn 0.042937 -0.706802 0.706107
vn 0.042937 -0.706802 0.706107
vn 0.042937 -0.706802 0.706107
vn -0.734202 0.001897 -0.678929
vn -0.734202 0.001897 -0.678929
vn -0.734202 0.001897 -0.678929
vn -0.734202 0.001897 -0.678929
vn -0.707294 -0.706831 0.011217
vn -0.707294 -0.706831 0.011217
vn -0.707294 -0.706831 0.011217
vn -0.707294 -0.706831 0.011217
vn -0.678964 -0.002132 0.734168
vn -0.678965 -0.002132 0.734168
vn -0.678965 -0.002132 0.734168
vn -0.678965 -0.002132 0.734168
vn 0.044108 0.707107 0.70573
vn 0.044108 0.707107 0.70573
vn 0.044108 0.707107 0.70573
vn 0.044108 0.707107 0.70573
vn 0.703822 0.710289 -0.011164
vn 0.703822 0.710289 -0.011164
vn 0.703822 0.710289 -0.011164
vn 0.703822 0.710289 -0.011164
vn -0.044144 0.70714 -0.705695
vn -0.044144 0.707139 -0.705695
vn -0.044144 0.707139 -0.705695
vn -0.044144 0.707139 -0.705695
vn -0.707022 0.707105 0.011077
vn -0.707022 0.707105 0.011077
vn -0.707022 0.707105 0.011077
vn -0.707022 0.707105 0.011077
vn 0 -1 0
vn 0 -1 0
vn 0 -1 0
vn 0 -1 0
vn 0.999873 -0.001499 -0.015873
vn 0.999873 -0.001499 -0.015873
vn 0.999873 -0.001499 -0.015873
vn 0.999873 -0.001499 -0.015873
vn -0.06248 9.4e-05 -0.998046
vn -0.06248 9.4e-05 -0.998046
vn -0.06248 9.4e-05 -0.998046
vn -0.06248 9.4e-05 -0.998046
vn -0.999877 0 0.015665
vn -0.999877 0 0.015665
vn -0.999877 0 0.015665
vn -0.999877 0 0.015665
vn 0 1 0
vn 0 1 0
vn 0 1 0
vn 0 1 0
vn 0.062378 -0 0.998053
vn 0.062378 -0 0.998053
vn 0.062378 -0 0.998053
vn 0.062378 -0 0.998053
vn 0.558496 -0.568345 -0.604207
vn 0.558496 -0.568345 -0.604207
vn 0.558496 -0.568345 -0.604207
vn 0.594846 -0.586283 0.549937
vn 0.594846 -0.586283 0.549937
vn 0.594846 -0.586283 0.549937
vn -0.594751 -0.586374 -0.549942
vn -0.594751 -0.586374 -0.549942
vn -0.594751 -0.586374 -0.549942
vn -0.558645 -0.568353 0.604062
vn -0.558645 -0.568353 0.604061
vn -0.558645 -0.568353 0.604061
vn 0.586957 0.577662 0.567264
vn 0.586957 0.577662 0.567264
vn 0.586957 0.577662 0.567264
vn 0.551489 0.585269 -0.594407
vn 0.551489 0.585269 -0.594407
vn 0.551489 0.585269 -0.594407
vn -0.603757 0.568973 -0.558344
vn -0.603757 0.568973 -0.558344
vn -0.603757 0.568973 -0.558344
vn -0.549694 0.586981 0.594381
vn -0.549694 0.586982 0.594381
vn -0.549694 0.586981 0.594381
vn -0.011047 -0.707112 -0.707016
vn -0.011047 -0.707112 -0.707016
vn -0.011047 -0.707112 -0.707016
vn -0.011016 -0.708474 -0.705651
vn -0.011016 -0.708474 -0.705651
vn -0.011016 -0.708474 -0.705651
vn 0.702986 -0.000392 -0.711203
vn 0.702986 -0.000392 -0.711203
vn 0.702986 -0.000392 -0.711203
vn 0.702986 -0.000392 -0.711203
vn 0.708496 -0.705714 -8.1e-05
vn 0.708496 -0.705715 -8.1e-05
vn 0.708496 -0.705715 -8.1e-05
vn 0.708496 -0.705714 -8.1e-05
vn -0.011016 0.708472 -0.705653
vn -0.011016 0.708472 -0.705653
vn -0.011016 0.708472 -0.705653
vn -0.011016 0.708472 -0.705653
vn 0.705736 0.708475 -7.9e-05
vn 0.705736 0.708475 -7.9e-05
vn 0.705736 0.708475 -7.9e-05
vn 0.705736 0.708475 -7.9e-05
vn 0.011047 -0.707107 0.70702
vn 0.011047 -0.707107 0.70702
vn 0.011047 -0.707107 0.70702
vn 0.011047 -0.707107 0.70702
vn 0.711271 -0.000379 0.702918
vn 0.711271 -0.000379 0.702918
vn 0.711271 -0.000379 0.702918
vn 0.711271 -0.000379 0.702918
vn 0.011059 0.705712 0.708413
vn 0.011059 0.705712 0.708413
vn 0.011059 0.705712 0.708413
vn 0.011059 0.705712 0.708413
vn -0.713949 -0.000377 -0.700198
vn -0.713949 -0.000377 -0.700197
vn -0.713949 -0.000377 -0.700198
vn -0.713949 -0.000377 -0.700197
vn -0.707139 0.707075 0.000159
vn -0.707139 0.707075 0.000159
vn -0.707139 0.707075 0.000159
vn -0.707139 0.707075 0.000159
vn -0.701562 0.000788 0.712608
vn -0.701562 0.000788 0.712608
vn -0.701562 0.000788 0.712608
vn -0.701562 0.000788 0.712608
vn -0.707108 -0.707106 0
vn -0.707108 -0.707106 0
vn -0.707108 -0.707106 0
vn -0.707108 -0.707106 0
vn 1 -2e-06 0
vn 1 -2e-06 0
vn 1 -2e-06 0
vn 1 -2e-06 0
vn 0 1 0
vn 0 1 0
vn 0 1 0
vn 0 1 0
vn 0.015623 -0 0.999878
vn 0.015623 -0 0.999878
vn 0.015623 -0 0.999878
vn 0.015623 -0 0.999878
vn -0.015623 0 -0.999878
vn -0.015623 0 -0.999878
vn -0.015623 0 -0.999878
vn -0.015623 0 -0.999878
vn -1 0 0
vn -1 0 0
vn -1 0 0
vn -1 0 0
vn 0 -1 0
vn 0 -1 0
vn 0 -1 0
vn 0 -1 0
vn 0.577422 -0.577382 -0.577247
vn 0.577422 -0.577382 -0.577247
vn 0.577422 -0.577382 -0.577247
vn 0.571296 0.580408 -0.580299
vn 0.571296 0.580408 -0.580299
vn 0.571296 0.580408 -0.580299
vn 0.583323 -0.574394 0.574286
vn 0.583323 -0.574394 0.574286
vn 0.583323 -0.574394 0.574286
vn 0.577427 0.577369 0.577255
vn 0.577427 0.577369 0.577255
vn 0.577427 0.577369 0.577255
vn -0.580326 0.580348 -0.571329
vn -0.580326 0.580348 -0.571329
vn -0.580326 0.580348 -0.571329
vn -0.574308 0.574342 0.583354
vn -0.574308 0.574342 0.583354
vn -0.574308 0.574342 0.583354
vn -0.57129 -0.58043 0.580283
vn -0.57129 -0.58043 0.580283
vn -0.57129 -0.58043 0.580283
vn -0.586199 -0.577379 -0.568334
vn -0.586199 -0.577379 -0.568334
vn -0.586199 -0.577379 -0.568334
vn 0 1 0
vn 0 1 0
vn 0 1 0
vn 0 1 0
vn 0.011646 0.707107 0.70701
vn 0.011646 0.707107 0.707011
vn 0.011646 0.707107 0.707011
vn 0.011646 0.707107 0.707011
vn -0.709917 0.702924 0.043779
vn -0.709917 0.702924 0.043779
vn -0.709917 0.702924 0.043779
vn -0.709917 0.702924 0.043779
vn -0.674763 0.003755 0.738025
vn -0.674763 0.003755 0.738025
vn -0.674763 0.003755 0.738025
vn -0.674763 0.003755 0.738025
vn -0.011646 0.707107 -0.707011
vn -0.011646 0.707107 -0.707011
vn -0.011646 0.707107 -0.707011
vn -0.011646 0.707107 -0.707011
vn -0.738645 0.004212 -0.674081
vn -0.738645 0.004212 -0.674081
vn -0.738645 0.004212 -0.674081
vn -0.738645 0.004212 -0.674081
vn -0.011643 -0.711044 -0.703051
vn -0.011643 -0.711044 -0.703051
vn -0.011643 -0.711044 -0.703051
vn -0.011643 -0.711044 -0.703051
vn -0.701806 -0.711051 0.043306
vn -0.701806 -0.711051 0.043306
vn -0.701806 -0.711051 0.043306
vn -0.701806 -0.711051 0.043306
vn 0.01178 -0.702915 0.711176
vn 0.01178 -0.702915 0.711176
vn 0.01178 -0.702915 0.711176
vn 0.01178 -0.702915 0.711176
vn -0.701805 0.711052 0.043306
vn -0.701805 0.711052 0.043306
vn -0.701805 0.711052 0.043306
vn -0.701805 0.711052 0.043306
vn -0.011643 0.711165 -0.702929
vn -0.011643 0.711165 -0.702929
vn -0.011643 0.711165 -0.702929
vn -0.011643 0.711165 -0.702929
vn -0.730195 -0.004213 -0.683226
vn -0.730195 -0.004213 -0.683226
vn -0.730195 -0.004213 -0.683226
vn -0.730195 -0.004213 -0.683226
vn 0.710042 0.702733 -0.0448
vn 0.710042 0.702733 -0.0448
vn 0.710042 0.702733 -0.0448
vn 0.710042 0.702733 -0.0448
vn 0.682131 -0.003867 -0.73122
vn 0.682131 -0.003867 -0.73122
vn 0.682131 -0.003867 -0.73122
vn 0.682131 -0.003867 -0.73122
vn -0.705729 -0.707107 0.044108
vn -0.705729 -0.707107 0.044108
vn -0.705729 -0.707107 0.044108
vn -0.705729 -0.707107 0.044108
vn -0.01178 -0.702915 -0.711176
vn -0.01178 -0.702915 -0.711176
vn -0.01178 -0.702915 -0.711176
vn -0.01178 -0.702915 -0.711176
vn 0.705667 -0.707105 -0.045136
vn 0.705667 -0.707105 -0.045136
vn 0.705667 -0.707105 -0.045136
vn 0.705667 -0.707105 -0.045136
vn 0.707105 0.707108 0
vn 0.707105 0.707108 0
vn 0.707105 0.707108 0
vn 0.707105 0.707108 0
vn 0.700131 0.001378 -0.714013
vn 0.700131 0.001378 -0.714013
vn 0.700131 0.001378 -0.714013
vn 0.700131 0.001378 -0.714013
vn -0.011047 0.705711 -0.708414
vn -0.011047 0.705711 -0.708414
vn -0.011047 0.705711 -0.708414
vn -0.011047 0.705711 -0.708414
vn 0.705735 -0.708476 -0.000193
vn 0.705735 -0.708476 -0.000193
vn 0.705735 -0.708476 -0.000193
vn 0.705735 -0.708476 -0.000193
vn -0.011004 -0.708473 -0.705652
vn -0.011004 -0.708473 -0.705652
vn -0.011004 -0.708473 -0.705652
vn -0.011004 -0.708473 -0.705652
vn -0.708498 -0.705713 0.000197
vn -0.708498 -0.705713 0.000197
vn -0.708498 -0.705713 0.000197
vn -0.708498 -0.705713 0.000197
vn -0.71394 0.001326 -0.700205
vn -0.71394 0.001326 -0.700205
vn -0.71394 0.001326 -0.700205
vn -0.71394 0.001326 -0.700205
vn -0.707107 0.707107 0
vn -0.707107 0.707107 0
vn -0.707107 0.707107 0
vn -0.707107 0.707107 0
vn 0.712606 0.002644 0.70156
vn 0.712606 0.002644 0.70156
vn 0.712606 0.002644 0.70156
vn 0.712606 0.002644 0.70156
vn 0.011004 -0.707074 0.707053
vn 0.011004 -0.707074 0.707053
vn 0.011004 -0.707074 0.707053
vn 0.011004 -0.707074 0.707053
vn -0.70014 -0.001389 0.714004
vn -0.70014 -0.001389 0.714004
vn -0.70014 -0.001389 0.714004
vn -0.70014 -0.001389 0.714004
vn 0.701562 0 -0.712608
vn 0.701562 0 -0.712608
vn 0.701562 0 -0.712608
vn 0.701562 0 -0.712608
vn 0.707134 -0.70708 -0.00039
vn 0.707134 -0.70708 -0.00039
vn 0.707134 -0.70708 -0.00039
vn 0.707134 -0.70708 -0.00039
vn -0.011004 -0.707074 -0.707054
vn -0.011004 -0.707074 -0.707054
vn -0.011004 -0.707074 -0.707054
vn -0.011004 -0.707074 -0.707054
vn 0.712607 0.002644 0.701559
vn 0.712607 0.002644 0.701559
vn 0.712607 0.002644 0.701559
vn 0.712606 0.002644 0.701559
vn 0.011004 -0.707075 0.707053
vn 0.011004 -0.707075 0.707053
vn 0.011004 -0.707075 0.707053
vn 0.011004 -0.707075 0.707053
vn -0.700139 -0.001389 0.714005
vn -0.700139 -0.001389 0.714005
vn -0.700139 -0.001389 0.714005
vn -0.700139 -0.001389 0.714005
vn -0.707138 -0.707075 0.00039
vn -0.707138 -0.707075 0.00039
vn -0.707138 -0.707075 0.00039
vn -0.707138 -0.707075 0.00039
vn -0.71261 0 -0.701561
vn -0.71261 0 -0.701561
vn -0.71261 0 -0.701561
vn -0.71261 0 -0.701561
vn 0.011047 0.705711 0.708414
vn 0.011047 0.705711 0.708414
vn 0.011047 0.705711 0.708414
vn 0.011047 0.705711 0.708414
vn 0.730403 0.004629 0.683001
vn 0.730403 0.004629 0.683001
vn 0.730403 0.004629 0.683001
vn 0.730403 0.004629 0.683001
vn 0.009552 0.814521 0.580056
vn 0.041013 0.692589 0.720166
vn -0.002658 0.708902 0.705302
vn 0.009393 0.81462 0.579919
vn 0.0159 -0.000134 0.999874
vn 0.016055 -0.004149 0.999862
vn 0.016354 -0.002289 0.999864
vn 0.016054 1e-06 0.999871
vn -0.678736 -0.007438 0.734345
vn -0.678736 -0.007438 0.734345
vn -0.678736 -0.007438 0.734345
vn -0.678736 -0.007438 0.734345
vn 0.016393 -0.00092 0.999865
vn 0.016389 0.002466 0.999863
vn 0.016385 0.001565 0.999865
vn 0.708495 0.705716 -0.000197
vn 0.708495 0.705716 -0.000197
vn 0.708495 0.705716 -0.000197
vn 0.708495 0.705716 -0.000197
vn 0.011047 0.705711 0.708414
vn 0.011047 0.705711 0.708414
vn 0.011047 0.705711 0.708414
vn 0.011047 0.705711 0.708414
vn -0.705737 0.708474 0.000193
vn -0.705737 0.708474 0.000193
vn -0.705737 0.708474 0.000193
vn -0.705737 0.708474 0.000193
vn -0.011004 0.707074 -0.707053
vn -0.011004 0.707074 -0.707053
vn -0.011004 0.707074 -0.707053
vn -0.011004 0.707074 -0.707054
vn 0.705733 0.707104 -0.044108
vn 0.705733 0.707104 -0.044108
vn 0.705733 0.707104 -0.044108
vn 0.705733 0.707104 -0.044108
vn 0.730197 -0.004211 0.683223
vn 0.730197 -0.004211 0.683223
vn 0.730197 -0.004211 0.683223
vn 0.730197 -0.004211 0.683223
vn 0.701805 -0.711052 -0.043306
vn 0.701805 -0.711052 -0.043306
vn 0.701805 -0.711052 -0.043306
vn 0.701805 -0.711052 -0.043306
vn 0.678653 0.007425 -0.734422
vn 0.678653 0.007425 -0.734422
vn 0.678652 0.007425 -0.734422
vn 0.678653 0.007425 -0.734422
vn 0.016072 0.004035 0.999863
vn 0.0159 0.000134 0.999874
vn 0.009477 -0.766692 0.641945
vn 0.009477 -0.766692 0.641945
vn 0.038938 -0.690991 0.721814
vn 0.009557 -0.766501 0.642172
vn 0.708498 -0.705713 -0.000197
vn 0.708498 -0.705713 -0.000197
vn 0.708498 -0.705713 -0.000197
vn 0.708498 -0.705713 -0.000197
vn 0.71394 0.001325 0.700205
vn 0.71394 0.001325 0.700205
vn 0.71394 0.001325 0.700205
vn 0.71394 0.001325 0.700205
vn 0.011004 -0.708473 0.705652
vn 0.011004 -0.708473 0.705652
vn 0.011004 -0.708473 0.705652
vn 0.011004 -0.708473 0.705652
vn 0.707105 0.707109 0
vn 0.707105 0.707108 0
vn 0.707105 0.707108 0
vn 0.707105 0.707108 0
vn 0.011047 0.705711 0.708414
vn 0.011047 0.705711 0.708414
vn 0.011047 0.705711 0.708414
vn 0.011047 0.705711 0.708414
vn -0.705735 -0.708476 0.000193
vn -0.705735 -0.708476 0.000193
vn -0.705735 -0.708476 0.000193
vn -0.705735 -0.708476 0.000193
vn -0.700129 0.00138 0.714015
vn -0.700129 0.00138 0.714015
vn -0.700129 0.00138 0.714015
vn -0.700129 0.00138 0.714015
vn -0.705735 0.708476 0.000193
vn -0.705735 0.708476 0.000193
vn -0.705735 0.708476 0.000193
vn -0.705735 0.708476 0.000193
vn -0.011004 -0.708473 -0.705652
vn -0.011004 -0.708473 -0.705652
vn -0.011004 -0.708473 -0.705652
vn -0.011004 -0.708473 -0.705652
vn 0.70299 -0.001378 -0.711199
vn 0.70299 -0.001378 -0.711199
vn 0.70299 -0.001378 -0.711199
vn 0.70299 -0.001378 -0.711199
vn -0.011004 0.708473 -0.705652
vn -0.011004 0.708473 -0.705652
vn -0.011004 0.708473 -0.705652
vn -0.011004 0.708473 -0.705652
vn -0.71261 0 -0.701561
vn -0.71261 0 -0.701561
vn -0.71261 0 -0.701561
vn -0.71261 0 -0.701561
vn -0.998053 -3e-06 0.062378
vn -0.998053 -3e-06 0.062378
vn -0.998053 -3e-06 0.062378
vn -0.998053 -3e-06 0.062378
vn -0.016471 -1e-06 -0.999864
vn -0.016471 -1e-06 -0.999864
vn -0.016471 -1e-06 -0.999864
vn -0.016471 -1e-06 -0.999864
vn -0.015623 0 -0.999878
vn -0.015623 0 -0.999878
vn -0.015623 0 -0.999878
vn -0.015623 0 -0.999878
vn 0 -1 0
vn 0 -1 0
vn 0 -1 0
vn 0 -1 0
vn 0 -1 0
vn 0 -1 0
vn 0 -1 0
vn 0 -1 0
vn 0.015623 -0 0.999878
vn 0.015623 -0 0.999878
vn 0.015623 -0 0.999878
vn 0.015623 -0 0.999878
vn -1 0 0
vn -1 0 0
vn -1 0 0
vn -1 0 0
vn 0 1 0
vn 0 1 0
vn 0 1 0
vn 0 1 0
vn 0.015623 0 0.999878
vn 0.015623 0 0.999878
vn 0.015623 0 0.999878
vn 0.015623 0 0.999878
vn 0 1 0
vn 0 1 0
vn 0 1 0
vn 0 1 0
vn 0.016471 -1e-06 0.999864
vn 0.016471 -1e-06 0.999864
vn 0.016471 -1e-06 0.999864
vn 0.016471 -1e-06 0.999864
vn 0 1 0
vn 0 1 0
vn 0 1 0
vn 0 1 0
vn 0 -1 0
vn 0 -1 0
vn 0 -1 0
vn 0 -1 0
vn 1 -1e-06 0
vn 1 -1e-06 0
vn 1 -1e-06 0
vn 1 -1e-06 0
vn 0.016389 0.002505 0.999863
vn 0.015623 -0 0.999878
vn 0.015623 -0 0.999878
vn 0.015623 -0 0.999878
vn 0.015623 -0 0.999878
vn 0.998053 0 -0.062379
vn 0.998053 0 -0.062379
vn 0.998053 0 -0.062379
vn 0.998053 0 -0.062379
vn 0 1 0
vn 0 1 0
vn 0 1 0
vn 0 1 0
vn 1 0 0
vn 1 0 0
vn 1 0 0
vn 1 0 0
vn 0 1 0
vn 0 1 0
vn 0 1 0
vn 0 1 0
vn 0 -1 0
vn 0 -1 0
vn 0 -1 0
vn 0 -1 0
vn 1 -1e-06 0
vn 1 -1e-06 0
vn 1 -1e-06 0
vn 1 -1e-06 0
vn 0 -1 0
vn 0 -1 0
vn 0 -1 0
vn 0 -1 0
vn -1 -2e-06 0
vn -1 -2e-06 0
vn -1 -2e-06 0
vn -1 -2e-06 0
vn 0.997961 0 -0.063832
vn 0.997961 0 -0.063832
vn 0.997961 0 -0.063832
vn 0.997961 0 -0.063832
vn -0.015623 0 -0.999878
vn -0.015623 0 -0.999878
vn -0.015623 0 -0.999878
vn -0.015623 0 -0.999878
vn -0.998053 2e-06 0.062378
vn -0.998053 2e-06 0.062378
vn -0.998053 2e-06 0.062378
vn -0.998053 2e-06 0.062378
vn -0.015623 0 -0.999878
vn -0.015623 0 -0.999878
vn -0.015623 0 -0.999878
vn -0.015623 0 -0.999878
vn -1 0 0
vn -1 0 0
vn -1 0 0
vn -1 0 0
vn -0.016471 0 -0.999864
vn -0.016471 0 -0.999864
vn -0.016471 0 -0.999864
vn -0.016471 0 -0.999864
vn -0.55804 0.569117 0.603901
vn -0.558041 0.569117 0.603901
vn -0.558041 0.569117 0.603901
vn -0.612818 0.577656 -0.539228
vn -0.612818 0.577656 -0.539228
vn -0.612818 0.577656 -0.539228
vn -0.594699 -0.586804 -0.54954
vn -0.594699 -0.586804 -0.54954
vn -0.594699 -0.586804 -0.54954
vn -0.540844 -0.577657 0.611392
vn -0.540844 -0.577657 0.611392
vn -0.540844 -0.577657 0.611392
vn -0.594699 0.586805 -0.549539
vn -0.594699 0.586805 -0.549539
vn -0.594699 0.586805 -0.549539
vn 0.566812 0.577677 -0.587379
vn 0.566812 0.577677 -0.587379
vn 0.566812 0.577677 -0.587379
vn -0.585845 -0.577652 -0.568423
vn -0.585845 -0.577652 -0.568423
vn -0.585845 -0.577652 -0.568423
vn 0.557715 -0.568878 -0.604427
vn 0.557715 -0.568878 -0.604427
vn 0.557715 -0.568878 -0.604427
vn 0.568152 0.577388 -0.586367
vn 0.568152 0.577388 -0.586367
vn 0.568152 0.577388 -0.586367
vn 0.57129 -0.580426 -0.580288
vn 0.57129 -0.580426 -0.580288
vn 0.57129 -0.580426 -0.580288
vn -0.5862 -0.577381 -0.568332
vn -0.5862 -0.577381 -0.568332
vn -0.5862 -0.577381 -0.568332
vn -0.583318 0.574412 -0.574274
vn -0.583318 0.574412 -0.574274
vn -0.583318 0.574412 -0.574274
vn 0.580322 -0.580356 0.571325
vn 0.580323 -0.580356 0.571325
vn 0.580323 -0.580356 0.571325
vn -0.574307 -0.574346 0.58335
vn -0.574307 -0.574346 0.583351
vn -0.574307 -0.574346 0.583351
vn 0.574306 -0.57435 -0.583348
vn 0.574306 -0.57435 -0.583348
vn 0.574306 -0.57435 -0.583348
vn 0.580321 -0.580357 0.571326
vn 0.580321 -0.580357 0.571326
vn 0.580321 -0.580357 0.571326
vn -0.574309 -0.574345 0.583349
vn -0.574309 -0.574345 0.583349
vn -0.574309 -0.574345 0.583349
vn -0.580326 -0.580351 -0.571326
vn -0.580326 -0.580351 -0.571326
vn -0.580326 -0.580351 -0.571326
vn 0.583316 0.574415 0.574273
vn 0.583317 0.574415 0.574273
vn 0.583317 0.574415 0.574273
vn -0.56815 0.577388 0.586369
vn -0.56815 0.577388 0.586369
vn -0.56815 0.577388 0.586369
vn 0.043539 0.681451 0.730568
vn 0.041013 0.692589 0.720166
vn 0.009552 0.814521 0.580056
vn 0.043539 0.681451 0.730568
vn 0.043539 0.681451 0.730568
vn -0.002905 0.706525 0.707682
vn -0.002905 0.706525 0.707682
vn 0.583315 0.574416 0.574273
vn 0.583315 0.574416 0.574273
vn 0.583315 0.574416 0.574273
vn -0.568148 0.577389 0.58637
vn -0.568148 0.577389 0.58637
vn -0.568148 0.577389 0.58637
vn 0.574306 0.57435 -0.583348
vn 0.574306 0.57435 -0.583348
vn 0.574306 0.57435 -0.583348
vn -0.580326 0.580351 -0.571326
vn -0.580326 0.580351 -0.571326
vn -0.580326 0.580351 -0.571326
vn 0.594697 0.586807 0.549539
vn 0.594697 0.586807 0.549539
vn 0.594697 0.586807 0.549539
vn 0.585844 -0.577651 0.568424
vn 0.585844 -0.577651 0.568424
vn 0.585844 -0.577651 0.568424
vn 0.549847 -0.586183 -0.595028
vn 0.549847 -0.586183 -0.595028
vn 0.549847 -0.586183 -0.595028
vn -0.558116 -0.569082 0.603864
vn -0.558116 -0.569082 0.603864
vn -0.558116 -0.569082 0.603864
vn 0.042384 -0.681461 0.730626
vn 0.042384 -0.681461 0.730626
vn 0.009557 -0.766501 0.642172
vn 0.042384 -0.681461 0.730626
vn 0.009557 -0.766501 0.642172
vn 0.038938 -0.690991 0.721814
vn 0.586199 -0.57738 0.568333
vn 0.586199 -0.57738 0.568333
vn 0.586199 -0.57738 0.568333
vn 0.583317 0.574415 0.574272
vn 0.583317 0.574415 0.574272
vn 0.583317 0.574415 0.574272
vn -0.57129 -0.580428 0.580286
vn -0.57129 -0.580428 0.580286
vn -0.57129 -0.580428 0.580286
vn -0.56815 0.577388 0.586369
vn -0.56815 0.577388 0.586369
vn -0.56815 0.577388 0.586369
vn 0.558044 0.569117 -0.603898
vn 0.558044 0.569117 -0.603898
vn 0.558044 0.569117 -0.603898
vn 0.577425 -0.57738 -0.577246
vn 0.577425 -0.57738 -0.577246
vn 0.577425 -0.57738 -0.577246
vn 0.571292 0.580423 -0.580288
vn 0.571292 0.580423 -0.580288
vn 0.571293 0.580423 -0.580288
vn -0.580323 0.580355 -0.571326
vn -0.580323 0.580355 -0.571326
vn -0.580323 0.580355 -0.571326
vn -0.580323 -0.580355 -0.571326
vn -0.580323 -0.580355 -0.571326
vn -0.580323 -0.580355 -0.571326
vn -0.04345 0.717776 -0.694917
vn -0.04345 0.717776 -0.694917
vn -0 0 -0
vn -0.044112 0.70732 -0.705516
vn -0.044112 0.70732 -0.705515
vn -0.044112 0.70732 -0.705516
vn -0.749358 0 -0.662165
vn -0.749358 0 -0.662165
vn -0.749358 0 -0.662165
vn -0.749358 0 -0.662165
vn -0.704682 0.708155 0.044043
vn -0.704682 0.708155 0.044043
vn -0.704682 0.708155 0.044043
vn -0.704682 0.708155 0.044043
vn -0.044099 -0.707246 -0.705591
vn -0.044099 -0.707246 -0.705591
vn -0.044099 -0.707246 -0.705591
vn -0.044099 -0.707246 -0.705591
vn -0.044099 -0.707246 -0.705591
vn -0.044099 -0.707246 -0.705591
vn 0 -1 0
vn 0 -1 0
vn 0 -1 0
vn 0 -1 0
vn 0 -1 0
vn 0 -1 0
vn -0.707008 -0.705766 0.045106
vn -0.812675 -0.580391 0.052011
vn -0.812676 -0.580391 0.052011
vn -0.707008 -0.705766 0.045106
vn -0.812676 -0.580391 0.052011
vn -0.812676 -0.580391 0.052011
vn -0.762713 0.646695 0.007368
vn -0.762733 0.646672 0.007352
vn -0.771579 0.636134 4.7e-05
vn -0.771579 0.636134 4.7e-05
vn 0 1 0
vn 0 1 0
vn 0 0 0
vn 0 0 0
vn 0 1 0
vn 0 -1 0
vn 0 -1 0
vn 0 -1 0
vn 0 -1 0
vn 0 -1 0
vn 0 -1 0
vn 0 -1 0
vn 0.047452 -0.649074 0.759244
vn 0.047452 -0.649074 0.759244
vn 0.047452 -0.649075 0.759243
vn 0.047527 -0.649168 0.759159
vn -0.677999 -5e-06 0.735063
vn -0.677999 -5e-06 0.735063
vn -0.677999 -5e-06 0.735063
vn -0.677999 -5e-06 0.735063
vn 0.044098 0.707249 0.705588
vn 0.044098 0.707249 0.705588
vn 0.044098 0.707248 0.705588
vn 0.044098 0.707248 0.705588
vn 0.705771 -0.707066 -0.044111
vn 0.705771 -0.707066 -0.044111
vn 0.705771 -0.707066 -0.044111
vn 0.705771 -0.707066 -0.044111
vn 0.753102 0 0.657904
vn 0.753102 0 0.657904
vn 0.753102 0 0.657904
vn 0.753102 0 0.657904
vn 0.705834 0.707002 -0.044115
vn 0.705834 0.707002 -0.044115
vn 0.705834 0.707002 -0.044115
vn 0.705834 0.707002 -0.044115
vn 0.705834 0.707002 -0.044115
vn 0.705834 0.707002 -0.044115
vn 0.661883 0 -0.749607
vn 0.661883 0 -0.749607
vn 0.661883 0 -0.749607
vn 0.661883 0 -0.749607
vn -0.997984 -0.011696 0.062374
vn -0.997984 -0.011696 0.062374
vn -0.997984 -0.011696 0.062374
vn -0.997984 -0.011696 0.062374
vn -0.997984 -0.011696 0.062374
vn 0 -1 0
vn 0 -1 0
vn 0.062378 0 0.998053
vn 0.062378 0 0.998053
vn 0.062378 0 0.998053
vn 0.062378 0 0.998053
vn 0.998053 0 -0.062378
vn 0.998053 0 -0.062378
vn 0.998053 0 -0.062378
vn 0.998053 0 -0.062378
vn -0.062378 0 -0.998053
vn -0.062378 0 -0.998053
vn -0.062378 0 -0.998053
vn -0.062378 0 -0.998053
vn 0 1 0
vn 0 1 0
vn 0 1 0
vn 0 1 0
vn 0 1 0
vn 0 1 0
vn 0 1 0
vn 0 -1 0
vn 0 -1 0
vn -0.616143 0.571679 -0.541804
vn -0.616143 0.571679 -0.541804
vn -0.616143 0.571679 -0.541804
vn -0.707008 -0.705766 0.045106
vn -0.707008 -0.705766 0.045106
vn -0.714912 0.6978 0.044452
vn 0 -1 0
vn 0 -1 0
vn 0 -1 0
vn 0 -1 0
vn 0 -1 0
vn 0 -1 0
vn -0.733932 -0.675415 0.071821
vn -0.733932 -0.675415 0.071821
vn -0.733932 -0.675415 0.071821
vn -0.733932 -0.675415 0.071821
vn -0.534604 0.579154 0.615451
vn -0.534604 0.579154 0.615451
vn -0.534604 0.579154 0.615451
vn 0.139373 -0.753509 0.642494
vn 0.139373 -0.753509 0.642494
vn 0.618128 0.576341 0.534555
vn 0.618128 0.576341 0.534555
vn 0.618128 0.576341 0.534555
vn 0.53252 0.583236 -0.613399
vn 0.53252 0.583236 -0.613399
vn 0.53252 0.583236 -0.613399
vn 0.532754 -0.583492 -0.612952
vn 0.532754 -0.583492 -0.612952
vn 0.532754 -0.583492 -0.612952
vn 0.011048 0.707062 0.707065
vn 0.011048 0.707062 0.707065
vn 0.011048 0.707062 0.707065
vn 0.011047 0.707106 0.707022
vn 0.011047 0.707106 0.707022
vn 0.011047 0.707106 0.707022
vn 0.718068 0 0.695973
vn 0.718068 0 0.695973
vn 0.718068 0 0.695973
vn 0.718068 0 0.695973
vn 0.707016 0.707112 -0.011047
vn 0.707016 0.707112 -0.011047
vn 0.707016 0.707112 -0.011047
vn 0.707016 0.707112 -0.011047
vn 0.011047 -0.707106 0.707022
vn 0.011047 -0.707106 0.707022
vn 0.011047 -0.707106 0.707022
vn 0.011047 -0.707106 0.707022
vn 0.707016 -0.707112 -0.011047
vn 0.707016 -0.707112 -0.011047
vn 0.707016 -0.707112 -0.011047
vn 0.707016 -0.707112 -0.011047
vn -0.011047 -0.707106 -0.707022
vn -0.011047 -0.707106 -0.707022
vn -0.011047 -0.707106 -0.707022
vn -0.011047 -0.707106 -0.707022
vn 0.695976 0 -0.718065
vn 0.695976 0 -0.718065
vn 0.695976 0 -0.718065
vn 0.695976 0 -0.718065
vn -0.011047 0.707106 -0.707022
vn -0.011047 0.707106 -0.707022
vn -0.011047 0.707106 -0.707022
vn -0.011047 0.707106 -0.707022
vn -0.707019 0.707108 0.011047
vn -0.707019 0.707108 0.011047
vn -0.707019 0.707108 0.011047
vn -0.707019 0.707108 0.011047
vn -0.718068 0 -0.695973
vn -0.718068 0 -0.695973
vn -0.718068 0 -0.695973
vn -0.718068 0 -0.695973
vn -0.707019 -0.707108 0.011047
vn -0.707019 -0.707108 0.011047
vn -0.707019 -0.707108 0.011047
vn -0.707019 -0.707108 0.011047
vn -0.695972 0 0.718069
vn -0.695972 0 0.718069
vn -0.695972 0 0.718069
vn -0.695972 0 0.718069
vn 0.999878 0 -0.015623
vn 0.999878 0 -0.015623
vn 0.999878 0 -0.015623
vn 0.999878 0 -0.015623
vn -0.015623 0 -0.999878
vn -0.015623 0 -0.999878
vn -0.015623 0 -0.999878
vn -0.015623 0 -0.999878
vn -0.999878 0 0.015623
vn -0.999878 0 0.015623
vn -0.999878 0 0.015623
vn -0.999878 0 0.015623
vn 0.015623 0 0.999878
vn 0.015623 0 0.999878
vn 0.015623 0 0.999878
vn 0.015623 0 0.999878
vn 0 1 0
vn 0 1 0
vn 0 1 0
vn 0 1 0
vn 0 -1 0
vn 0 -1 0
vn 0 -1 0
vn 0 -1 0
vn 0.586309 0.577346 0.568254
vn 0.586309 0.577346 0.568254
vn 0.586309 0.577346 0.568254
vn 0.586309 -0.577346 0.568254
vn 0.586309 -0.577346 0.568254
vn 0.586309 -0.577346 0.568254
vn 0.568249 -0.577364 -0.586297
vn 0.568249 -0.577364 -0.586297
vn 0.568249 -0.577364 -0.586297
vn 0.568249 0.577364 -0.586297
vn 0.568249 0.577364 -0.586297
vn 0.568249 0.577364 -0.586297
vn -0.586303 0.577347 -0.56826
vn -0.586303 0.577347 -0.56826
vn -0.586303 0.577347 -0.56826
vn -0.586303 -0.577347 -0.56826
vn -0.586303 -0.577347 -0.56826
vn -0.586303 -0.577347 -0.56826
vn -0.568263 0.57735 0.586297
vn -0.568263 0.57735 0.586297
vn -0.568263 0.57735 0.586297
vn -0.568263 -0.57735 0.586297
vn -0.568263 -0.57735 0.586297
vn -0.568263 -0.57735 0.586297
vn 0.011048 0.707075 0.707052
vn 0.011048 0.707075 0.707052
vn 0.011048 0.707075 0.707052
vn 0.011047 0.707108 0.707019
vn 0.011047 0.707108 0.707019
vn 0.011047 0.707108 0.707019
vn 0.718068 0 0.695973
vn 0.718068 0 0.695973
vn 0.718068 0 0.695973
vn 0.718068 0 0.695973
vn 0.707021 0.707106 -0.011047
vn 0.707021 0.707106 -0.011047
vn 0.707021 0.707106 -0.011047
vn 0.707021 0.707106 -0.011047
vn 0.011047 -0.707108 0.707019
vn 0.011047 -0.707108 0.707019
vn 0.011047 -0.707108 0.707019
vn 0.011047 -0.707108 0.707019
vn 0.707021 -0.707106 -0.011047
vn 0.707021 -0.707106 -0.011047
vn 0.707021 -0.707106 -0.011047
vn 0.707021 -0.707106 -0.011047
vn -0.011047 -0.707107 -0.707021
vn -0.011047 -0.707107 -0.707021
vn -0.011047 -0.707107 -0.707021
vn -0.011047 -0.707107 -0.707021
vn 0.695971 0 -0.71807
vn 0.695971 0 -0.71807
vn 0.695971 0 -0.71807
vn 0.695971 0 -0.71807
vn -0.011047 0.707107 -0.707021
vn -0.011047 0.707107 -0.707021
vn -0.011047 0.707107 -0.707021
vn -0.011047 0.707107 -0.707021
vn -0.707019 -0.707109 0.011047
vn -0.707019 -0.707109 0.011047
vn -0.707019 -0.707109 0.011047
vn -0.707019 -0.707109 0.011047
vn -0.69597 0 0.718071
vn -0.69597 0 0.718071
vn -0.69597 0 0.718071
vn -0.69597 0 0.718071
vn -0.707019 0.707109 0.011047
vn -0.707019 0.707109 0.011047
vn -0.707019 0.707109 0.011047
vn -0.707019 0.707109 0.011047
vn -0.718074 0 -0.695966
vn -0.718074 0 -0.695966
vn -0.718074 0 -0.695966
vn -0.718074 0 -0.695966
vn 0.999878 0 -0.015623
vn 0.999878 0 -0.015623
vn 0.999878 0 -0.015623
vn 0.999878 0 -0.015623
vn 0.015623 0 0.999878
vn 0.015623 0 0.999878
vn 0.015623 0 0.999878
vn 0.015623 0 0.999878
vn -0.015623 0 -0.999878
vn -0.015623 0 -0.999878
vn -0.015623 0 -0.999878
vn -0.015623 0 -0.999878
vn -0.999878 0 0.015623
vn -0.999878 0 0.015623
vn -0.999878 0 0.015623
vn -0.999878 0 0.015623
vn 0 1 0
vn 0 1 0
vn 0 1 0
vn 0 1 0
vn 0 -1 0
vn 0 -1 0
vn 0 -1 0
vn 0 -1 0
vn 0.586299 0.57734 0.56827
vn 0.586299 0.57734 0.568271
vn 0.586299 0.57734 0.568271
vn 0.586299 -0.57734 0.568271
vn 0.586299 -0.57734 0.56827
vn 0.586299 -0.57734 0.568271
vn 0.568266 -0.57734 -0.586304
vn 0.568267 -0.57734 -0.586304
vn 0.568267 -0.57734 -0.586304
vn 0.568267 0.57734 -0.586303
vn 0.568267 0.57734 -0.586303
vn 0.568267 0.57734 -0.586303
vn -0.568258 -0.577351 0.586301
vn -0.568258 -0.577351 0.586301
vn -0.568258 -0.577351 0.586301
vn -0.568259 0.577351 0.5863
vn -0.568259 0.577351 0.5863
vn -0.568259 0.577351 0.5863
vn -0.586304 0.577345 -0.56826
vn -0.586304 0.577345 -0.56826
vn -0.586304 0.577345 -0.56826
vn -0.586304 -0.577345 -0.568261
vn -0.586304 -0.577345 -0.568261
vn -0.586304 -0.577345 -0.568261
vn 0.011724 0.707055 0.707062
vn 0.011724 0.707055 0.707062
vn 0.011724 0.707055 0.707062
vn 0.011753 0.702915 0.711177
vn 0.011753 0.702915 0.711177
vn 0.011753 0.702914 0.711177
vn -0.709902 0.702922 0.044038
vn -0.709902 0.702922 0.044038
vn -0.709902 0.702922 0.044038
vn -0.709902 0.702922 0.044038
vn -0.674755 0.001594 0.73804
vn -0.674755 0.001594 0.73804
vn -0.674755 0.001594 0.73804
vn -0.674755 0.001594 0.73804
vn -0.011617 0.711043 -0.703053
vn -0.011617 0.711043 -0.703053
vn -0.011617 0.711043 -0.703053
vn -0.011617 0.711043 -0.703053
vn -0.738633 0.001776 -0.674105
vn -0.738633 0.001776 -0.674105
vn -0.738633 0.001776 -0.674105
vn -0.738633 0.001776 -0.674105
vn -0.011647 -0.707106 -0.707012
vn -0.011647 -0.707106 -0.707012
vn -0.011647 -0.707106 -0.707012
vn -0.011647 -0.707106 -0.707012
vn -0.701792 -0.71105 0.04355
vn -0.701792 -0.71105 0.04355
vn -0.701792 -0.71105 0.04355
vn -0.701792 -0.71105 0.04355
vn 0.011753 -0.702914 0.711178
vn 0.011753 -0.702914 0.711178
vn 0.011753 -0.702914 0.711178
vn 0.011753 -0.702914 0.711178
vn 0.73028 0.001806 0.683146
vn 0.73028 0.001806 0.683146
vn 0.73028 0.001806 0.683146
vn 0.73028 0.001806 0.683146
vn 0.70604 0.706835 -0.043485
vn 0.70604 0.706835 -0.043485
vn 0.70604 0.706835 -0.043485
vn 0.70604 0.706835 -0.043485
vn 0.678667 -0.003163 -0.734439
vn 0.678667 -0.003163 -0.734439
vn 0.678667 -0.003163 -0.734439
vn 0.678667 -0.003163 -0.734439
vn 0.705734 -0.707102 -0.044109
vn 0.705734 -0.707102 -0.044109
vn 0.705734 -0.707102 -0.044109
vn 0.705734 -0.707102 -0.044109
vn -0.998053 1e-06 0.062378
vn -0.998053 1e-06 0.062378
vn -0.998053 1e-06 0.062378
vn -0.998053 1e-06 0.062378
vn 0 1 0
vn 0 1 0
vn 0 1 0
vn 0 1 0
vn -0.016471 0 -0.999864
vn -0.016471 0 -0.999864
vn -0.016471 0 -0.999864
vn -0.016471 0 -0.999864
vn 0.016471 0 0.999864
vn 0.016471 0 0.999864
vn 0.016471 0 0.999864
vn 0.016471 0 0.999864
vn 0.998053 -3e-06 -0.062378
vn 0.998053 -3e-06 -0.062378
vn 0.998053 -3e-06 -0.062378
vn 0.998053 -3e-06 -0.062378
vn 0 -1 0
vn 0 -1 0
vn 0 -1 0
vn 0 -1 0
vn -0.55804 0.569112 0.603907
vn -0.55804 0.569112 0.603906
vn -0.55804 0.569112 0.603907
vn -0.612826 0.577648 -0.539228
vn -0.612826 0.577648 -0.539228
vn -0.612826 0.577648 -0.539228
vn -0.594704 -0.586799 -0.549541
vn -0.594704 -0.586799 -0.549541
vn -0.594704 -0.586799 -0.549541
vn -0.540841 -0.577656 0.611396
vn -0.540841 -0.577656 0.611396
vn -0.540841 -0.577656 0.611396
vn 0.604205 0.56851 0.55833
vn 0.604205 0.56851 0.558331
vn 0.604205 0.56851 0.55833
vn 0.549836 0.586192 -0.595029
vn 0.549836 0.586192 -0.595029
vn 0.549836 0.586192 -0.595029
vn 0.55805 -0.569105 -0.603904
vn 0.55805 -0.569105 -0.603904
vn 0.55805 -0.569105 -0.603904
vn 0.585847 -0.577649 0.568424
vn 0.585847 -0.577649 0.568424
vn 0.585847 -0.577649 0.568424

g metalplaques_1:_108_6_6_0
usemtl metalplaques_1:textures_wood_vertex_vertex_woodplank01
f 1/1/1 2/2/2 3/3/3
f 4/4/4 5/5/5 6/6/6
f 7/7/7 8/8/8 9/9/9
f 7/7/7 9/9/9 10/10/10
f 11/11/11 12/12/12 13/13/13
f 11/11/11 13/13/13 14/14/14
f 15/15/15 16/16/16 17/17/17
f 15/15/15 17/17/17 18/18/18
f 19/19/19 20/20/20 21/21/21
f 19/19/19 21/21/21 22/22/22
f 23/23/23 24/24/24 25/25/25
f 23/23/23 25/25/25 26/26/26
f 27/27/27 28/28/28 29/29/29
f 27/27/27 29/29/29 30/30/30
f 31/31/31 32/32/32 33/33/33
f 31/31/31 33/33/33 34/34/34
f 35/35/35 36/36/36 37/37/37
f 35/35/35 37/37/37 38/38/38
f 39/39/39 40/40/40 41/41/41
f 39/39/39 41/41/41 42/42/42
f 43/43/43 44/44/44 45/45/45
f 43/43/43 45/45/45 46/46/46
f 47/47/47 48/48/48 49/49/49
f 47/47/47 49/49/49 50/50/50
f 51/51/51 52/52/52 53/53/53
f 51/51/51 53/53/53 54/54/54
f 55/55/55 56/56/56 57/57/57
f 55/55/55 57/57/57 58/58/58
f 59/59/59 60/60/60 61/61/61
f 59/59/59 61/61/61 62/62/62
f 63/63/63 64/64/64 65/65/65
f 63/63/63 65/65/65 66/66/66
f 67/67/67 68/68/68 69/69/69
f 67/67/67 69/69/69 70/70/70
f 71/71/71 72/72/72 73/73/73
f 71/71/71 73/73/73 74/74/74
f 75/75/75 76/76/76 77/77/77
f 78/78/78 79/79/79 80/80/80
f 81/81/81 82/82/82 83/83/83
f 84/84/84 85/85/85 86/86/86
f 87/87/87 88/88/88 89/89/89
f 90/90/90 91/91/91 92/92/92
f 93/93/93 94/94/94 95/95/95
f 96/96/96 97/97/97 98/98/98

g metalplaques_1:_105_3_3_1
usemtl metalplaques_1:textures_exwsw_vertex_vertex_eX_surf_metaldarkgrey
f 99/99/99 100/100/100 101/101/101
f 102/102/102 103/103/103 104/104/104
f 105/105/105 106/106/106 107/107/107
f 105/105/105 107/107/107 108/108/108
f 109/109/109 110/110/110 111/111/111
f 109/109/109 111/111/111 112/112/112
f 113/113/113 114/114/114 115/115/115
f 113/113/113 115/115/115 116/116/116
f 117/117/117 118/118/118 119/119/119
f 117/117/117 119/119/119 120/120/120
f 121/121/121 122/122/122 123/123/123
f 121/121/121 123/123/123 124/124/124
f 125/125/125 126/126/126 127/127/127
f 125/125/125 127/127/127 128/128/128
f 129/129/129 130/130/130 131/131/131
f 129/129/129 131/131/131 132/132/132
f 133/133/133 134/134/134 135/135/135
f 133/133/133 135/135/135 136/136/136
f 137/137/137 138/138/138 139/139/139
f 137/137/137 139/139/139 140/140/140
f 141/141/141 142/142/142 143/143/143
f 141/141/141 143/143/143 144/144/144
f 145/145/145 146/146/146 147/147/147
f 145/145/145 147/147/147 148/148/148
f 149/149/149 150/150/150 151/151/151
f 149/149/149 151/151/151 152/152/152
f 153/153/153 154/154/154 155/155/155
f 153/153/153 155/155/155 156/156/156
f 157/157/157 158/158/158 159/159/159
f 157/157/157 159/159/159 160/160/160
f 161/161/161 162/162/162 163/163/163
f 161/161/161 163/163/163 164/164/164
f 165/165/165 166/166/166 167/167/167
f 165/165/165 167/167/167 168/168/168
f 169/169/169 170/170/170 171/171/171
f 169/169/169 171/171/171 172/172/172
f 173/173/173 174/174/174 175/175/175
f 176/176/176 177/177/177 178/178/178
f 179/179/179 180/180/180 181/181/181
f 182/182/182 183/183/183 184/184/184
f 185/185/185 186/186/186 187/187/187
f 188/188/188 189/189/189 190/190/190
f 191/191/191 192/192/192 193/193/193
f 194/194/194 195/195/195 196/196/196

g metalplaques_1:_109_7_7_2
usemtl metalplaques_1:textures_wood_vertex_vertex_woodplank01
f 197/197/197 198/198/198 199/199/199
f 197/197/197 199/199/199 200/200/200
f 201/201/201 202/202/202 203/203/203
f 201/201/201 203/203/203 204/204/204
f 205/205/205 206/206/206 207/207/207
f 205/205/205 207/207/207 208/208/208
f 209/209/209 210/210/210 211/211/211
f 209/209/209 211/211/211 212/212/212
f 213/213/213 214/214/214 215/215/215
f 213/213/213 215/215/215 216/216/216
f 217/217/217 218/218/218 219/219/219
f 217/217/217 219/219/219 220/220/220
f 221/221/221 222/222/222 223/223/223
f 221/221/221 223/223/223 224/224/224
f 225/225/225 226/226/226 227/227/227
f 225/225/225 227/227/227 228/228/228
f 229/229/229 230/230/230 231/231/231
f 229/229/229 231/231/231 232/232/232
f 233/233/233 234/234/234 235/235/235
f 233/233/233 235/235/235 236/236/236
f 237/237/237 238/238/238 239/239/239
f 237/237/237 239/239/239 240/240/240
f 241/241/241 242/242/242 243/243/243
f 241/241/241 243/243/243 244/244/244
f 245/245/245 246/246/246 247/247/247
f 245/245/245 247/247/247 248/248/248
f 249/249/249 250/250/250 251/251/251
f 252/252/252 253/253/253 254/254/254
f 255/255/255 256/256/256 257/257/257
f 258/258/258 259/259/259 260/260/260

g metalplaques_1:_104_2_2_3
usemtl metalplaques_1:textures_exwsw_vertex_vertex_eX_surf_metaldarkgrey
f 261/261/261 262/262/262 263/263/263
f 264/264/264 265/265/265 266/266/266
f 267/267/267 268/268/268 269/269/269
f 267/267/267 269/269/269 270/270/270
f 271/271/271 272/272/272 273/273/273
f 271/271/271 273/273/273 274/274/274
f 275/275/275 276/276/276 277/277/277
f 275/275/275 277/277/277 278/278/278
f 279/279/279 280/280/280 281/281/281
f 279/279/279 281/281/281 282/282/282
f 283/283/283 284/284/284 285/285/285
f 283/283/283 285/285/285 286/286/286
f 287/287/287 288/288/288 289/289/289
f 287/287/287 289/289/289 290/290/290
f 291/291/291 292/292/292 293/293/293
f 291/291/291 293/293/293 294/294/294
f 295/295/295 296/296/296 297/297/297
f 295/295/295 297/297/297 298/298/298
f 299/299/299 300/300/300 301/301/301
f 299/299/299 301/301/301 302/302/302
f 303/303/303 304/304/304 305/305/305
f 303/303/303 305/305/305 306/306/306
f 307/307/307 308/308/308 309/309/309
f 307/307/307 309/309/309 310/310/310
f 311/311/311 312/312/312 313/313/313
f 311/311/311 313/313/313 314/314/314
f 315/315/315 316/316/316 317/317/317
f 315/315/315 317/317/317 318/318/318
f 319/319/319 320/320/320 321/321/321
f 319/319/319 321/321/321 322/322/322
f 323/323/323 324/324/324 325/325/325
f 323/323/323 325/325/325 326/326/326
f 327/327/327 328/328/328 329/329/329
f 327/327/327 329/329/329 330/330/330
f 331/331/331 332/332/332 333/333/333
f 331/331/331 333/333/333 334/334/334
f 335/335/335 336/336/336 337/337/337
f 338/338/338 339/339/339 340/340/340
f 341/341/341 342/342/342 343/343/343
f 344/344/344 345/345/345 346/346/346
f 347/347/347 348/348/348 349/349/349
f 350/350/350 351/351/351 352/352/352
f 353/353/353 354/354/354 355/355/355
f 356/356/356 357/357/357 358/358/358

g metalplaques_1:_102_0_0_4
usemtl metalplaques_1:textures_exwsw_vertex_vertex_eX_surf_metaldarkgrey
f 359/359/359 360/360/360 361/361/361
f 359/359/359 361/361/361 362/362/362
f 363/363/363 364/364/364 365/365/365
f 363/363/363 365/365/365 366/366/366
f 367/367/367 368/368/368 369/369/369
f 367/367/367 369/369/369 370/370/370
f 371/371/371 372/372/372 373/373/373
f 371/371/371 373/373/373 374/374/374
f 375/375/375 376/376/376 377/377/377
f 375/375/375 377/377/377 378/378/378
f 379/379/379 380/380/380 381/381/381
f 379/379/379 381/381/381 382/382/382
f 383/383/383 384/384/384 385/385/385
f 383/383/383 385/385/385 386/386/386
f 387/387/387 388/388/388 389/389/389
f 387/387/387 389/389/389 390/390/390
f 391/391/391 392/392/392 393/393/393
f 391/391/391 393/393/393 394/394/394
f 395/395/395 396/396/396 397/397/397
f 395/395/395 397/397/397 398/398/398
f 399/399/399 400/400/400 401/401/401
f 399/399/399 401/401/401 402/402/402
f 403/403/403 404/404/404 405/405/405
f 403/403/403 405/405/405 406/406/406
f 407/407/407 408/408/408 409/409/409
f 407/407/407 409/409/409 410/410/410
f 411/411/411 412/412/412 413/413/413
f 411/411/411 413/413/413 414/414/414
f 415/415/415 416/416/416 417/417/417
f 415/415/415 417/417/417 418/418/418
f 419/419/419 420/420/420 421/421/421
f 419/419/419 421/421/421 422/422/422
f 423/423/423 424/424/424 425/425/425
f 423/423/423 425/425/425 426/426/426
f 427/427/427 428/428/428 429/429/429
f 427/427/427 429/429/429 430/430/430
f 431/431/431 432/432/432 433/433/433
f 434/434/434 435/435/435 436/436/436
f 437/437/437 438/438/438 439/439/439
f 440/440/440 441/441/441 442/442/442
f 443/443/443 444/444/444 445/445/445
f 446/446/446 447/447/447 448/448/448
f 449/449/449 450/450/450 451/451/451
f 452/452/452 453/453/453 454/454/454

g metalplaques_1:polySurface7_11_11_5
usemtl metalplaques_1:textures_wood_vertex_vertex_woodplank01
f 455/455/455 456/456/456 457/457/457
f 458/458/458 459/459/459 460/460/460
f 461/461/461 462/462/462 463/463/463
f 461/461/461 463/463/463 464/464/464
f 465/465/465 466/466/466 467/467/467
f 465/465/465 467/467/467 468/468/468
f 469/469/469 470/470/470 471/471/471
f 469/469/469 471/471/471 472/472/472
f 473/473/473 474/474/474 475/475/475
f 473/473/473 475/475/475 476/476/476
f 477/477/477 478/478/478 479/479/479
f 477/477/477 479/479/479 480/480/480
f 481/481/481 482/482/482 483/483/483
f 481/481/481 483/483/483 484/484/484
f 485/485/485 486/486/486 487/487/487
f 485/485/485 487/487/487 488/488/488
f 489/489/489 490/490/490 491/491/491
f 489/489/489 491/491/491 492/492/492
f 493/493/493 494/494/494 495/495/495
f 493/493/493 495/495/495 496/496/496
f 497/497/497 498/498/498 499/499/499
f 497/497/497 499/499/499 500/500/500
f 501/501/501 502/502/502 503/503/503
f 501/501/501 503/503/503 504/504/504
f 505/505/505 506/506/506 507/507/507
f 505/505/505 507/507/507 508/508/508
f 509/509/509 510/510/510 511/511/511
f 509/509/509 511/511/511 512/512/512
f 513/513/513 514/514/514 515/515/515
f 513/513/513 515/515/515 516/516/516
f 517/517/517 518/518/518 519/519/519
f 517/517/517 519/519/519 520/520/520
f 521/521/521 522/522/522 523/523/523
f 521/521/521 523/523/523 524/524/524
f 525/525/525 526/526/526 527/527/527
f 525/525/525 527/527/527 528/528/528
f 529/529/529 530/530/530 531/531/531
f 532/532/532 533/533/533 534/534/534
f 535/535/535 536/536/536 537/537/537
f 538/538/538 539/539/539 540/540/540
f 541/541/541 542/542/542 543/543/543
f 544/544/544 545/545/545 546/546/546
f 547/547/547 548/548/548 549/549/549
f 550/550/550 551/551/551 552/552/552

g metalplaques_1:polySurface11_12_12_6
usemtl metalplaques_1:textures_wood_vertex_vertex_woodplank01
f 553/553/553 554/554/554 555/555/555
f 556/556/556 557/557/557 558/558/558
f 559/559/559 560/560/560 561/561/561
f 559/559/559 561/561/561 562/562/562
f 563/563/563 564/564/564 565/565/565
f 563/563/563 565/565/565 566/566/566
f 567/567/567 568/568/568 569/569/569
f 567/567/567 569/569/569 570/570/570
f 571/571/571 572/572/572 573/573/573
f 571/571/571 573/573/573 574/574/574
f 575/575/575 576/576/576 577/577/577
f 575/575/575 577/577/577 578/578/578
f 579/579/579 580/580/580 581/581/581
f 579/579/579 581/581/581 582/582/582
f 583/583/583 584/584/584 585/585/585
f 583/583/583 585/585/585 586/586/586
f 587/587/587 588/588/588 589/589/589
f 587/587/587 589/589/589 590/590/590
f 591/591/591 592/592/592 593/593/593
f 591/591/591 593/593/593 594/594/594
f 595/595/595 596/596/596 597/597/597
f 595/595/595 597/597/597 598/598/598
f 599/599/599 600/600/600 601/601/601
f 599/599/599 601/601/601 602/602/602
f 603/603/603 604/604/604 605/605/605
f 603/603/603 605/605/605 606/606/606
f 607/607/607 608/608/608 609/609/609
f 607/607/607 609/609/609 610/610/610
f 611/611/611 612/612/612 613/613/613
f 611/611/611 613/613/613 614/614/614
f 615/615/615 616/616/616 617/617/617
f 615/615/615 617/617/617 618/618/618
f 619/619/619 620/620/620 621/621/621
f 619/619/619 621/621/621 622/622/622
f 623/623/623 624/624/624 625/625/625
f 623/623/623 625/625/625 626/626/626
f 627/627/627 628/628/628 629/629/629
f 630/630/630 631/631/631 632/632/632
f 633/633/633 634/634/634 635/635/635
f 636/636/636 637/637/637 638/638/638
f 639/639/639 640/640/640 641/641/641
f 642/642/642 643/643/643 644/644/644
f 645/645/645 646/646/646 647/647/647
f 648/648/648 649/649/649 650/650/650

g metalplaques_1:_113_9_9_7
usemtl metalplaques_1:textures_wood_vertex_vertex_woodplank01
f 651/651/651 652/652/652 653/653/653
f 654/654/654 655/655/655 656/656/656
f 657/657/657 658/658/658 659/659/659
f 657/657/657 659/659/659 660/660/660
f 661/661/661 662/662/662 663/663/663
f 661/661/661 663/663/663 664/664/664
f 665/665/665 666/666/666 667/667/667
f 665/665/665 667/667/667 668/668/668
f 669/669/669 670/670/670 671/671/671
f 669/669/669 671/671/671 672/672/672
f 673/673/673 674/674/674 675/675/675
f 673/673/673 675/675/675 676/676/676
f 677/677/677 678/678/678 679/679/679
f 677/677/677 679/679/679 680/680/680
f 681/681/681 682/682/682 683/683/683
f 681/681/681 683/683/683 684/684/684
f 685/685/685 686/686/686 687/687/687
f 685/685/685 687/687/687 688/688/688
f 689/689/689 690/690/690 691/691/691
f 689/689/689 691/691/691 692/692/692
f 693/693/693 694/694/694 695/695/695
f 693/693/693 695/695/695 696/696/696
f 697/697/697 698/698/698 699/699/699
f 697/697/697 699/699/699 700/700/700
f 701/701/701 702/702/702 703/703/703
f 701/701/701 703/703/703 704/704/704
f 705/705/705 706/706/706 707/707/707
f 705/705/705 707/707/707 708/708/708
f 709/709/709 710/710/710 711/711/711
f 709/709/709 711/711/711 712/712/712
f 713/713/713 714/714/714 715/715/715
f 713/713/713 715/715/715 716/716/716
f 717/717/717 718/718/718 719/719/719
f 717/717/717 719/719/719 720/720/720
f 721/721/721 722/722/722 723/723/723
f 721/721/721 723/723/723 724/724/724
f 725/725/725 726/726/726 727/727/727
f 728/728/728 729/729/729 730/730/730
f 731/731/731 732/732/732 733/733/733
f 734/734/734 735/735/735 736/736/736
f 737/737/737 738/738/738 739/739/739
f 740/740/740 741/741/741 742/742/742
f 743/743/743 744/744/744 745/745/745
f 746/746/746 747/747/747 748/748/748

g metalplaques_1:_111_8_8_8
usemtl metalplaques_1:textures_wood_vertex_vertex_woodplank01
f 749/749/749 750/750/750 751/751/751
f 749/749/749 751/751/751 752/752/752
f 753/753/753 754/754/754 755/755/755
f 753/753/753 755/755/755 756/756/756
f 757/757/757 758/758/758 759/759/759
f 757/757/757 759/759/759 760/760/760
f 761/761/761 762/762/762 763/763/763
f 761/761/761 763/763/763 764/764/764
f 765/765/765 766/766/766 767/767/767
f 765/765/765 767/767/767 768/768/768
f 769/769/769 770/770/770 771/771/771
f 769/769/769 771/771/771 772/772/772
f 773/773/773 774/774/774 775/775/775
f 773/773/773 775/775/775 776/776/776
f 777/777/777 778/778/778 779/779/779
f 777/777/777 779/779/779 780/780/780
f 781/781/781 782/782/782 783/783/783
f 781/781/781 783/783/783 784/784/784
f 785/785/785 786/786/786 787/787/787
f 785/785/785 787/787/787 788/788/788
f 789/789/789 790/790/790 791/791/791
f 789/789/789 791/791/791 792/792/792
f 793/793/793 794/794/794 795/795/795
f 793/793/793 795/795/795 796/796/796
f 797/797/797 798/798/798 799/799/799
f 797/797/797 799/799/799 800/800/800
f 801/801/801 802/802/802 803/803/803
f 801/801/801 803/803/803 804/804/804
f 805/805/805 806/806/806 807/807/807
f 805/805/805 807/807/807 808/808/808
f 809/809/809 810/810/810 811/811/811
f 809/809/809 811/811/811 812/812/812
f 813/813/813 814/814/814 815/815/815
f 813/813/813 815/815/815 816/816/816
f 817/817/817 818/818/818 819/819/819
f 817/817/817 819/819/819 820/820/820
f 821/821/821 822/822/822 823/823/823
f 821/821/821 823/823/823 824/824/824
f 825/825/825 826/826/826 827/827/827
f 825/825/825 827/827/827 828/828/828
f 829/829/829 830/830/830 831/831/831
f 829/829/829 831/831/831 832/832/832
f 833/833/833 834/834/834 835/835/835
f 833/833/833 835/835/835 836/836/836
f 837/837/837 838/838/838 839/839/839
f 837/837/837 839/839/839 840/840/840
f 841/841/841 842/842/842 843/843/843
f 841/841/841 843/843/843 844/844/844
f 845/845/845 846/846/846 847/847/847
f 845/845/845 847/847/847 848/848/848
f 849/849/849 850/850/850 851/851/851
f 849/849/849 851/851/851 852/852/852
f 853/853/853 854/854/854 855/855/855
f 853/853/853 855/855/855 856/856/856
f 857/857/857 858/858/858 859/859/859
f 857/857/857 859/859/859 860/860/860
f 861/861/861 862/862/862 863/863/863
f 861/861/861 863/863/863 864/864/864
f 865/865/865 866/866/866 867/867/867
f 865/865/865 867/867/867 868/868/868
f 869/869/869 870/870/870 871/871/871
f 869/869/869 871/871/871 872/872/872
f 873/873/873 874/874/874 875/875/875
f 873/873/873 875/875/875 876/876/876
f 877/877/877 878/878/878 879/879/879
f 877/877/877 879/879/879 880/880/880
f 881/881/881 882/882/882 883/883/883
f 881/881/881 883/883/883 884/884/884
f 885/885/885 886/886/886 887/887/887
f 885/885/885 887/887/887 888/888/888
f 889/889/889 890/890/890 891/891/891
f 889/889/889 891/891/891 892/892/892
f 893/893/893 894/894/894 895/895/895
f 893/893/893 895/895/895 896/896/896
f 897/897/897 898/898/898 899/899/899
f 897/897/897 899/899/899 900/900/900
f 901/901/901 902/902/902 903/903/903
f 901/901/901 903/903/903 904/904/904
f 905/905/905 906/906/906 907/907/907
f 905/905/905 907/907/907 908/908/908
f 909/909/909 910/910/910 911/911/911
f 909/909/909 911/911/911 912/912/912
f 913/913/913 914/914/914 915/915/915
f 913/913/913 915/915/915 907/907/907
f 916/916/916 917/917/917 918/918/918
f 916/916/916 918/918/918 919/919/919
f 920/920/920 921/921/921 922/922/922
f 920/920/920 922/922/922 923/923/923
f 924/924/924 925/925/925 926/926/926
f 924/924/924 926/926/926 927/927/927
f 928/928/928 929/929/929 930/930/930
f 928/928/928 930/930/930 931/931/931
f 932/932/932 933/933/933 934/934/934
f 932/932/932 934/934/934 935/935/935
f 936/936/936 937/937/937 938/938/938
f 936/936/936 938/938/938 939/939/939
f 940/940/940 941/941/941 942/942/942
f 940/940/940 942/942/942 943/943/943
f 944/944/944 945/945/945 946/946/946
f 944/944/944 946/946/946 947/947/947
f 908/908/908 915/915/915 948/948/948
f 908/908/908 948/948/948 949/949/949
f 950/950/950 951/951/951 952/952/952
f 950/950/950 952/952/952 953/953/953
f 954/954/954 955/955/955 956/956/956
f 954/954/954 956/956/956 957/957/957
f 958/958/958 959/959/959 960/960/960
f 958/958/958 960/960/960 961/961/961
f 962/962/962 963/963/963 964/964/964
f 962/962/962 964/964/964 965/965/965
f 966/966/966 967/967/967 968/968/968
f 966/966/966 968/968/968 969/969/969
f 970/970/970 971/971/971 972/972/972
f 970/970/970 972/972/972 973/973/973
f 974/974/974 975/975/975 976/976/976
f 974/974/974 976/976/976 977/977/977
f 978/978/978 979/979/979 980/980/980
f 978/978/978 980/980/980 981/981/981
f 982/982/982 983/983/983 984/984/984
f 982/982/982 984/984/984 985/985/985
f 986/986/986 987/987/987 988/988/988
f 986/986/986 988/988/988 989/989/989
f 990/990/990 991/991/991 992/992/992
f 990/990/990 992/992/992 993/993/993
f 994/994/994 995/995/995 996/996/996
f 994/994/994 996/996/996 997/997/997
f 998/998/998 999/999/999 1000/1000/1000
f 998/998/998 1000/1000/1000 1001/1001/1001
f 1002/1002/1002 1003/1003/1003 1004/1004/1004
f 1002/1002/1002 1004/1004/1004 1005/1005/1005
f 1006/1006/1006 1007/1007/1007 1008/1008/1008
f 1006/1006/1006 1008/1008/1008 1009/1009/1009
f 1010/1010/1010 1011/1011/1011 1012/1012/1012
f 1010/1010/1010 1012/1012/1012 1013/1013/1013
f 1014/1014/1014 1015/1015/1015 1016/1016/1016
f 1014/1014/1014 1016/1016/1016 1017/1017/1017
f 1018/1018/1018 1019/1019/1019 1020/1020/1020
f 1018/1018/1018 1020/1020/1020 1021/1021/1021
f 1022/1022/1022 1023/1023/1023 1024/1024/1024
f 1022/1022/1022 1024/1024/1024 1025/1025/1025
f 1026/1026/1026 1027/1027/1027 1028/1028/1028
f 1026/1026/1026 1028/1028/1028 1029/1029/1029
f 1030/1030/1030 1031/1031/1031 1032/1032/1032
f 1030/1030/1030 1032/1032/1032 1033/1033/1033
f 1034/1034/1034 1035/1035/1035 1036/1036/1036
f 1034/1034/1034 1036/1036/1036 1037/1037/1037
f 1038/1038/1038 1039/1039/1039 1040/1040/1040
f 1038/1038/1038 1040/1040/1040 1041/1041/1041
f 1042/1042/1042 1043/1043/1043 1044/1044/1044
f 1042/1042/1042 1044/1044/1044 1045/1045/1045
f 1046/1046/1046 1047/1047/1047 1048/1048/1048
f 1046/1046/1046 1048/1048/1048 1049/1049/1049
f 1050/1050/1050 1051/1051/1051 1052/1052/1052
f 1050/1050/1050 1052/1052/1052 1053/1053/1053
f 1054/1054/1054 1055/1055/1055 1056/1056/1056
f 1054/1054/1054 1056/1056/1056 1057/1057/1057
f 907/907/907 906/906/906 913/913/913
f 915/915/915 914/914/914 1058/1058/1058
f 915/915/915 1058/1058/1058 948/948/948
f 949/949/949 905/905/905 908/908/908
f 1059/1059/1059 1060/1060/1060 1061/1061/1061
f 1059/1059/1059 1061/1061/1061 1062/1062/1062
f 1063/1063/1063 1064/1064/1064 1065/1065/1065
f 1063/1063/1063 1065/1065/1065 1066/1066/1066
f 1067/1067/1067 1068/1068/1068 1069/1069/1069
f 1067/1067/1067 1069/1069/1069 1070/1070/1070
f 1071/1071/1071 1072/1072/1072 1073/1073/1073
f 1071/1071/1071 1073/1073/1073 1074/1074/1074
f 1075/1075/1075 1076/1076/1076 1077/1077/1077
f 1075/1075/1075 1077/1077/1077 1078/1078/1078
f 1079/1079/1079 1080/1080/1080 1081/1081/1081
f 1079/1079/1079 1081/1081/1081 1082/1082/1082
f 1083/1083/1083 1084/1084/1084 1085/1085/1085
f 1083/1083/1083 1085/1085/1085 1086/1086/1086
f 1087/1087/1087 1088/1088/1088 1089/1089/1089
f 1087/1087/1087 1089/1089/1089 1090/1090/1090
f 1091/1091/1091 1092/1092/1092 1093/1093/1093
f 1091/1091/1091 1093/1093/1093 1094/1094/1094
f 1095/1095/1095 1096/1096/1096 1097/1097/1097
f 1095/1095/1095 1097/1097/1097 1098/1098/1098
f 1099/1099/1099 1100/1100/1100 1101/1101/1101
f 1099/1099/1099 1101/1101/1101 1102/1102/1102
f 1103/1103/1103 1104/1104/1104 1105/1105/1105
f 1103/1103/1103 1105/1105/1105 1106/1106/1106
f 1107/1107/1107 1108/1108/1108 1109/1109/1109
f 1107/1107/1107 1109/1109/1109 1110/1110/1110
f 1111/1111/1111 1112/1112/1112 1113/1113/1113
f 1111/1111/1111 1113/1113/1113 1114/1114/1114
f 1115/1115/1115 1116/1116/1116 1117/1117/1117
f 1115/1115/1115 1117/1117/1117 1118/1118/1118
f 1119/1119/1119 1120/1120/1120 1121/1121/1121
f 1122/1122/1122 1123/1123/1123 1124/1124/1124
f 1125/1125/1125 1126/1126/1126 1127/1127/1127
f 1128/1128/1128 1129/1129/1129 1130/1130/1130
f 1131/1131/1131 1132/1132/1132 1133/1133/1133
f 1134/1134/1134 1135/1135/1135 1136/1136/1136
f 1137/1137/1137 1138/1138/1138 1139/1139/1139
f 1140/1140/1140 1141/1141/1141 1142/1142/1142
f 1143/1143/1143 1144/1144/1144 1145/1145/1145
f 1146/1146/1146 1147/1147/1147 1148/1148/1148
f 1149/1149/1149 1150/1150/1150 1151/1151/1151
f 1152/1152/1152 1153/1153/1153 1154/1154/1154
f 1155/1155/1155 1156/1156/1156 1157/1157/1157
f 1158/1158/1158 1159/1159/1159 1160/1160/1160
f 1161/1161/1161 1162/1162/1162 1163/1163/1163
f 1164/1164/1164 1165/1165/1165 1166/1166/1166
f 1167/1167/1167 1168/1168/1168 1169/1169/1169
f 1170/1170/1170 1171/1171/1171 1172/1172/1172
f 1173/1173/1173 1174/1174/1174 1175/1175/1175
f 1176/1176/1176 1177/1177/1177 1178/1178/1178
f 1179/1179/1179 1180/1180/1180 1181/1181/1181
f 1182/1182/1182 901/901/901 1183/1183/1183
f 1184/1184/1184 904/904/904 903/903/903
f 1184/1184/1184 903/903/903 1185/1185/1185
f 1186/1186/1186 1187/1187/1187 1188/1188/1188
f 1189/1189/1189 1190/1190/1190 1191/1191/1191
f 1192/1192/1192 1193/1193/1193 1194/1194/1194
f 1195/1195/1195 1196/1196/1196 1197/1197/1197
f 1198/1198/1198 1199/1199/1199 1200/1200/1200
f 1201/1201/1201 1202/1202/1202 1203/1203/1203
f 1204/1204/1204 1205/1205/1205 1206/1206/1206
f 908/908/908 907/907/907 915/915/915
f 1207/1207/1207 1208/1208/1208 1209/1209/1209
f 1210/1210/1210 1211/1211/1211 1212/1212/1212
f 1213/1213/1213 1214/1214/1214 1215/1215/1215
f 1216/1216/1216 1217/1217/1217 1218/1218/1218
f 1219/1219/1219 1220/1220/1220 1221/1221/1221
f 1222/1222/1222 1223/1223/1223 1224/1224/1224
f 1225/1225/1225 1226/1226/1226 1227/1227/1227
f 1228/1228/1228 1229/1229/1229 1230/1230/1230
f 1231/1231/1231 1232/1232/1232 1233/1233/1233
f 1234/1234/1234 1235/1235/1235 1236/1236/1236
f 1237/1237/1237 1238/1238/1238 1239/1239/1239
f 1240/1240/1240 1241/1241/1241 1242/1242/1242

g metalplaques_1:_107_5_5_9
usemtl metalplaques_1:textures_exwsw_vertex_vertex_eX_surf_metaldarkgrey
f 1243/1243/1243 1244/1244/1244 1245/1245/1245
f 1246/1246/1246 1247/1247/1247 1248/1248/1248
f 1249/1249/1249 1250/1250/1250 1251/1251/1251
f 1249/1249/1249 1251/1251/1251 1252/1252/1252
f 1253/1253/1253 1254/1254/1254 1255/1255/1255
f 1253/1253/1253 1255/1255/1255 1256/1256/1256
f 1257/1257/1257 1258/1258/1258 1259/1259/1259
f 1260/1260/1260 1261/1261/1261 1262/1262/1262
f 1263/1263/1263 1264/1264/1264 1265/1265/1265
f 1266/1266/1266 1267/1267/1267 1268/1268/1268
f 1269/1269/1269 1270/1270/1270 1271/1271/1271
f 1272/1272/1272 1273/1273/1273 1274/1274/1274
f 1275/1275/1275 1276/1276/1276 1277/1277/1277
f 1275/1275/1275 1277/1277/1277 1278/1278/1278
f 1279/1279/1279 1280/1280/1280 1281/1281/1281
f 1279/1279/1279 1282/1282/1282 1283/1283/1283
f 1284/1284/1284 1285/1285/1285 1286/1286/1286
f 1284/1284/1284 1286/1286/1286 1287/1287/1287
f 1288/1288/1288 1284/1284/1284 1289/1289/1289
f 1288/1288/1288 1289/1289/1289 1290/1290/1290
f 1291/1291/1291 1292/1292/1292 1293/1293/1293
f 1291/1291/1291 1293/1293/1293 1294/1294/1294
f 1295/1295/1295 1296/1296/1296 1297/1297/1297
f 1295/1295/1295 1297/1297/1297 1298/1298/1298
f 1299/1299/1299 1300/1300/1300 1301/1301/1301
f 1299/1299/1299 1301/1301/1301 1302/1302/1302
f 1303/1303/1303 1304/1304/1304 1305/1305/1305
f 1303/1303/1303 1305/1305/1305 1306/1306/1306
f 1307/1307/1307 1308/1308/1308 1309/1309/1309
f 1307/1307/1307 1309/1309/1309 1310/1310/1310
f 1311/1311/1311 1312/1312/1312 1313/1313/1313
f 1314/1314/1314 1315/1315/1315 1316/1316/1316
f 1317/1317/1317 1318/1318/1318 1319/1319/1319
f 1317/1317/1317 1319/1319/1319 1320/1320/1320
f 1321/1321/1321 1322/1322/1322 1323/1323/1323
f 1323/1323/1323 1324/1324/1324 1325/1325/1325
f 1325/1325/1325 1321/1321/1321 1323/1323/1323
f 1326/1326/1326 1327/1327/1327 1263/1263/1263
f 1328/1328/1328 1329/1329/1329 1330/1330/1330
f 1328/1328/1328 1330/1330/1330 1331/1331/1331
f 1332/1332/1332 1333/1333/1333 1334/1334/1334
f 1332/1332/1332 1334/1334/1334 1335/1335/1335
f 1336/1336/1336 1337/1337/1337 1338/1338/1338
f 1336/1336/1336 1338/1338/1338 1339/1339/1339
f 1340/1340/1340 1341/1341/1341 1342/1342/1342
f 1340/1340/1340 1342/1342/1342 1343/1343/1343
f 1287/1287/1287 1289/1289/1289 1284/1284/1284
f 1344/1344/1344 1345/1345/1345 1346/1346/1346
f 1286/1286/1286 1285/1285/1285 1347/1347/1347
f 1286/1286/1286 1347/1347/1347 1348/1348/1348
f 1349/1349/1349 1350/1350/1350 1351/1351/1351
f 1352/1352/1352 1270/1270/1270 1269/1269/1269
f 1352/1352/1352 1269/1269/1269 1353/1353/1353
f 1275/1275/1275 1354/1354/1354 1276/1276/1276
f 1355/1355/1355 1356/1356/1356 1357/1357/1357
f 1358/1358/1358 1359/1359/1359 1360/1360/1360
f 1361/1361/1361 1362/1362/1362 1363/1363/1363
f 1361/1361/1361 1363/1363/1363 1364/1364/1364
f 1365/1365/1365 1366/1366/1366 1367/1367/1367
f 1368/1368/1368 1369/1369/1369 1294/1294/1294
f 1368/1368/1368 1294/1294/1294 1293/1293/1293
f 1370/1370/1370 1371/1371/1371 1372/1372/1372
f 1373/1373/1373 1374/1374/1374 1375/1375/1375
f 1376/1376/1376 1377/1377/1377 1378/1378/1378

g metalplaques_1:_103_1_1_10
usemtl metalplaques_1:textures_exwsw_vertex_vertex_eX_surf_metaldarkgrey
f 1379/1379/1379 1380/1380/1380 1381/1381/1381
f 1382/1382/1382 1383/1383/1383 1384/1384/1384
f 1385/1385/1385 1386/1386/1386 1387/1387/1387
f 1385/1385/1385 1387/1387/1387 1388/1388/1388
f 1389/1389/1389 1390/1390/1390 1391/1391/1391
f 1389/1389/1389 1391/1391/1391 1392/1392/1392
f 1393/1393/1393 1394/1394/1394 1395/1395/1395
f 1393/1393/1393 1395/1395/1395 1396/1396/1396
f 1397/1397/1397 1398/1398/1398 1399/1399/1399
f 1397/1397/1397 1399/1399/1399 1400/1400/1400
f 1401/1401/1401 1402/1402/1402 1403/1403/1403
f 1401/1401/1401 1403/1403/1403 1404/1404/1404
f 1405/1405/1405 1406/1406/1406 1407/1407/1407
f 1405/1405/1405 1407/1407/1407 1408/1408/1408
f 1409/1409/1409 1410/1410/1410 1411/1411/1411
f 1409/1409/1409 1411/1411/1411 1412/1412/1412
f 1413/1413/1413 1414/1414/1414 1415/1415/1415
f 1413/1413/1413 1415/1415/1415 1416/1416/1416
f 1417/1417/1417 1418/1418/1418 1419/1419/1419
f 1417/1417/1417 1419/1419/1419 1420/1420/1420
f 1421/1421/1421 1422/1422/1422 1423/1423/1423
f 1421/1421/1421 1423/1423/1423 1424/1424/1424
f 1425/1425/1425 1426/1426/1426 1427/1427/1427
f 1425/1425/1425 1427/1427/1427 1428/1428/1428
f 1429/1429/1429 1430/1430/1430 1431/1431/1431
f 1429/1429/1429 1431/1431/1431 1432/1432/1432
f 1433/1433/1433 1434/1434/1434 1435/1435/1435
f 1433/1433/1433 1435/1435/1435 1436/1436/1436
f 1437/1437/1437 1438/1438/1438 1439/1439/1439
f 1437/1437/1437 1439/1439/1439 1440/1440/1440
f 1441/1441/1441 1442/1442/1442 1443/1443/1443
f 1441/1441/1441 1443/1443/1443 1444/1444/1444
f 1445/1445/1445 1446/1446/1446 1447/1447/1447
f 1445/1445/1445 1447/1447/1447 1448/1448/1448
f 1449/1449/1449 1450/1450/1450 1451/1451/1451
f 1449/1449/1449 1451/1451/1451 1452/1452/1452
f 1453/1453/1453 1454/1454/1454 1455/1455/1455
f 1456/1456/1456 1457/1457/1457 1458/1458/1458
f 1459/1459/1459 1460/1460/1460 1461/1461/1461
f 1462/1462/1462 1463/1463/1463 1464/1464/1464
f 1465/1465/1465 1466/1466/1466 1467/1467/1467
f 1468/1468/1468 1469/1469/1469 1470/1470/1470
f 1471/1471/1471 1472/1472/1472 1473/1473/1473
f 1474/1474/1474 1475/1475/1475 1476/1476/1476

g metalplaques_1:_106_4_4_11
usemtl metalplaques_1:textures_exwsw_vertex_vertex_eX_surf_metaldarkgrey
f 1477/1477/1477 1478/1478/1478 1479/1479/1479
f 1480/1480/1480 1481/1481/1481 1482/1482/1482
f 1483/1483/1483 1484/1484/1484 1485/1485/1485
f 1483/1483/1483 1485/1485/1485 1486/1486/1486
f 1487/1487/1487 1488/1488/1488 1489/1489/1489
f 1487/1487/1487 1489/1489/1489 1490/1490/1490
f 1491/1491/1491 1492/1492/1492 1493/1493/1493
f 1491/1491/1491 1493/1493/1493 1494/1494/1494
f 1495/1495/1495 1496/1496/1496 1497/1497/1497
f 1495/1495/1495 1497/1497/1497 1498/1498/1498
f 1499/1499/1499 1500/1500/1500 1501/1501/1501
f 1499/1499/1499 1501/1501/1501 1502/1502/1502
f 1503/1503/1503 1504/1504/1504 1505/1505/1505
f 1503/1503/1503 1505/1505/1505 1506/1506/1506
f 1507/1507/1507 1508/1508/1508 1509/1509/1509
f 1507/1507/1507 1509/1509/1509 1510/1510/1510
f 1511/1511/1511 1512/1512/1512 1513/1513/1513
f 1511/1511/1511 1513/1513/1513 1514/1514/1514
f 1515/1515/1515 1516/1516/1516 1517/1517/1517
f 1515/1515/1515 1517/1517/1517 1518/1518/1518
f 1519/1519/1519 1520/1520/1520 1521/1521/1521
f 1519/1519/1519 1521/1521/1521 1522/1522/1522
f 1523/1523/1523 1524/1524/1524 1525/1525/1525
f 1523/1523/1523 1525/1525/1525 1526/1526/1526
f 1527/1527/1527 1528/1528/1528 1529/1529/1529
f 1527/1527/1527 1529/1529/1529 1530/1530/1530
f 1531/1531/1531 1532/1532/1532 1533/1533/1533
f 1531/1531/1531 1533/1533/1533 1534/1534/1534
f 1535/1535/1535 1536/1536/1536 1537/1537/1537
f 1535/1535/1535 1537/1537/1537 1538/1538/1538
f 1539/1539/1539 1540/1540/1540 1541/1541/1541
f 1539/1539/1539 1541/1541/1541 1542/1542/1542
f 1543/1543/1543 1544/1544/1544 1545/1545/1545
f 1543/1543/1543 1545/1545/1545 1546/1546/1546
f 1547/1547/1547 1548/1548/1548 1549/1549/1549
f 1547/1547/1547 1549/1549/1549 1550/1550/1550
f 1551/1551/1551 1552/1552/1552 1553/1553/1553
f 1554/1554/1554 1555/1555/1555 1556/1556/1556
f 1557/1557/1557 1558/1558/1558 1559/1559/1559
f 1560/1560/1560 1561/1561/1561 1562/1562/1562
f 1563/1563/1563 1564/1564/1564 1565/1565/1565
f 1566/1566/1566 1567/1567/1567 1568/1568/1568
f 1569/1569/1569 1570/1570/1570 1571/1571/1571
f 1572/1572/1572 1573/1573/1573 1574/1574/1574

g metalplaques_1:_114_10_10_12
usemtl metalplaques_1:textures_wood_vertex_vertex_woodplank01
f 1575/1575/1575 1576/1576/1576 1577/1577/1577
f 1578/1578/1578 1579/1579/1579 1580/1580/1580
f 1581/1581/1581 1582/1582/1582 1583/1583/1583
f 1581/1581/1581 1583/1583/1583 1584/1584/1584
f 1585/1585/1585 1586/1586/1586 1587/1587/1587
f 1585/1585/1585 1587/1587/1587 1588/1588/1588
f 1589/1589/1589 1590/1590/1590 1591/1591/1591
f 1589/1589/1589 1591/1591/1591 1592/1592/1592
f 1593/1593/1593 1594/1594/1594 1595/1595/1595
f 1593/1593/1593 1595/1595/1595 1596/1596/1596
f 1597/1597/1597 1598/1598/1598 1599/1599/1599
f 1597/1597/1597 1599/1599/1599 1600/1600/1600
f 1601/1601/1601 1602/1602/1602 1603/1603/1603
f 1601/1601/1601 1603/1603/1603 1604/1604/1604
f 1605/1605/1605 1606/1606/1606 1607/1607/1607
f 1605/1605/1605 1607/1607/1607 1608/1608/1608
f 1609/1609/1609 1610/1610/1610 1611/1611/1611
f 1609/1609/1609 1611/1611/1611 1612/1612/1612
f 1613/1613/1613 1614/1614/1614 1615/1615/1615
f 1613/1613/1613 1615/1615/1615 1616/1616/1616
f 1617/1617/1617 1618/1618/1618 1619/1619/1619
f 1617/1617/1617 1619/1619/1619 1620/1620/1620
f 1621/1621/1621 1622/1622/1622 1623/1623/1623
f 1621/1621/1621 1623/1623/1623 1624/1624/1624
f 1625/1625/1625 1626/1626/1626 1627/1627/1627
f 1625/1625/1625 1627/1627/1627 1628/1628/1628
f 1629/1629/1629 1630/1630/1630 1631/1631/1631
f 1629/1629/1629 1631/1631/1631 1632/1632/1632
f 1633/1633/1633 1634/1634/1634 1635/1635/1635
f 1633/1633/1633 1635/1635/1635 1636/1636/1636
f 1637/1637/1637 1638/1638/1638 1639/1639/1639
f 1637/1637/1637 1639/1639/1639 1640/1640/1640
f 1641/1641/1641 1642/1642/1642 1643/1643/1643
f 1641/1641/1641 1643/1643/1643 1644/1644/1644
f 1645/1645/1645 1646/1646/1646 1647/1647/1647
f 1645/1645/1645 1647/1647/1647 1648/1648/1648
f 1649/1649/1649 1650/1650/1650 1651/1651/1651
f 1652/1652/1652 1653/1653/1653 1654/1654/1654
f 1655/1655/1655 1656/1656/1656 1657/1657/1657
f 1658/1658/1658 1659/1659/1659 1660/1660/1660
f 1661/1661/1661 1662/1662/1662 1663/1663/1663
f 1664/1664/1664 1665/1665/1665 1666/1666/1666
f 1667/1667/1667 1668/1668/1668 1669/1669/1669
f 1670/1670/1670 1671/1671/1671 1672/1672/1672
