# Exported by Gskelview
mtllib portector_harness_cyllinder.mtl

v -19.6402 60.5659 23.3206
v -18.5586 60.5659 24.19
v -19.1229 58.9966 24.8914
v -20.2045 58.9966 24.022
v -18.5586 60.5659 24.19
v -19.6402 60.5659 23.3206
v -20.2045 62.1351 24.022
v -19.1229 62.1351 24.8914
v -21.3325 62.1351 25.4255
v -20.2509 62.1351 26.2949
v -21.8969 60.5659 26.127
v -20.8152 60.5659 26.9969
v -21.3325 58.9966 25.4255
v -20.2509 58.9966 26.2949
v -18.4284 60.5659 24.8747
v -18.8507 59.3833 25.4001
v -20.7596 59.3833 23.866
v -20.3368 60.5659 23.34
v -20.3368 60.5659 23.34
v -20.7596 61.7485 23.866
v -18.8507 61.7485 25.4001
v -18.4284 60.5659 24.8747
v -21.6047 61.7485 24.9168
v -19.6958 61.7485 26.4515
v -22.027 60.5659 25.4422
v -20.1186 60.5659 26.9769
v -21.6047 59.3833 24.9168
v -19.6958 59.3833 26.4515
v 13.3517 56.2712 -22.7528
v 12.8678 56.2712 -23.0298
v 13.383 56.889 -23.9289
v 13.8668 56.889 -23.6519
v 14.3048 56.2372 -22.1739
v 14.8059 56.821 -23.0487
v 12.3872 56.821 -24.4338
v 11.8861 56.2372 -23.559
v 19.5249 59.3822 -25.4522
v 20.7237 59.3822 -24.7654
v 10.8736 59.3822 -30.4073
v 12.0724 59.3822 -29.7204
v 12.9202 54.0761 -21.9962
v 13.8938 54.7312 -21.4384
v 12.4337 54.0761 -22.2749
v 11.4595 54.7312 -22.8327
v 25.8802 14.0367 5.12472
v 25.7663 14.0367 5.67067
v 26.7804 13.4194 5.88235
v 26.8949 13.4194 5.33696
v 25.5103 14.0707 6.75607
v 26.4969 13.4874 6.96181
v 27.0671 13.4874 4.23373
v 26.0805 14.0707 4.02745
v 29.9588 10.9259 12.06
v 30.2412 10.9259 10.7072
v 31.9973 10.9259 2.30107
v 32.2803 10.9259 0.94838
v 25.2576 15.5772 3.84656
v 25.0281 16.232 4.94492
v 24.9131 16.232 5.49409
v 24.6836 15.5772 6.59245
v 12.8678 14.0367 -23.0298
v 13.3517 14.0367 -22.7528
v 13.8668 13.4194 -23.6519
v 13.383 13.4194 -23.9289
v 14.3048 14.0707 -22.1739
v 14.8059 13.4874 -23.0487
v 12.3872 13.4874 -24.4338
v 11.8861 14.0707 -23.559
v 20.7237 10.9259 -24.7654
v 19.5249 10.9259 -25.4522
v 12.0724 10.9259 -29.7204
v 10.8736 10.9259 -30.4073
v 11.4595 15.5772 -22.8327
v 12.4337 16.232 -22.2749
v 12.9202 16.232 -21.9962
v 13.8938 15.5772 -21.4384
v 22.5122 69.0044 12.8964
v 17.426 69.0044 19.2225
v 17.8844 70.187 19.728
v 23.1046 70.187 13.2355
v 25.3947 69.0044 5.30833
v 26.0633 70.187 5.44765
v 25.7911 69.0044 -2.79922
v 26.4699 70.187 -2.8732
v 23.663 69.0044 -10.633
v 24.2856 70.187 -10.9127
v -19.2217 69.0044 17.4297
v -23.6664 69.0044 10.6376
v -24.289 70.187 10.9178
v -19.7277 70.187 17.8887
v -12.8956 69.0044 22.5165
v -13.2347 70.187 23.1089
v -5.3075 69.0044 25.399
v -5.44682 70.187 26.067
v 2.80005 69.0044 25.7954
v 2.87404 70.187 26.4742
v 10.6338 69.0044 23.6673
v 10.9136 70.187 24.2899
v 18.8019 70.187 20.7399
v 24.2894 70.187 13.9143
v 27.3998 70.187 5.72684
v 27.8274 70.187 -3.02063
v 25.5314 70.187 -11.4722
v -25.5348 70.187 11.4773
v -20.7391 70.187 18.8056
v -13.9135 70.187 24.2936
v -5.726 70.187 27.4041
v 3.02145 70.187 27.8317
v 11.473 70.187 25.5351
v 19.2603 69.0044 21.2454
v 24.8823 69.0044 14.2534
v 28.0677 69.0044 5.8667
v 28.5062 69.0044 -3.0946
v 26.154 69.0044 -11.7524
v -26.1574 69.0044 11.757
v -21.2445 69.0044 19.2646
v -14.2526 69.0044 24.886
v -5.86588 69.0044 28.072
v 3.09543 69.0044 28.5105
v 11.7533 69.0044 26.1583
v 18.8019 67.8224 20.7399
v 24.2894 67.8224 13.9143
v 27.3998 67.8224 5.72684
v 27.8274 67.8224 -3.02063
v 25.5314 67.8224 -11.4722
v -25.5348 67.8224 11.4773
v -20.7391 67.8224 18.8056
v -13.9135 67.8224 24.2936
v -5.726 67.8224 27.4041
v 3.02145 67.8224 27.8317
v 11.473 67.8224 25.5351
v 17.8844 67.8224 19.728
v 23.1046 67.8224 13.2355
v 26.0633 67.8224 5.44765
v 26.4699 67.8224 -2.8732
v 24.2856 67.8224 -10.9127
v -24.289 67.8224 10.9178
v -19.7277 67.8224 17.8887
v -13.2347 67.8224 23.1089
v -5.44682 67.8224 26.067
v 2.87404 67.8224 26.4742
v 10.9136 67.8224 24.2899
v 17.426 69.0044 19.2225
v 22.5122 69.0044 12.8964
v 25.3947 69.0044 5.30833
v 25.7911 69.0044 -2.79922
v 23.663 69.0044 -10.633
v -23.6664 69.0044 10.6376
v -19.2217 69.0044 17.4297
v -12.8956 69.0044 22.5165
v -5.3075 69.0044 25.399
v 2.80005 69.0044 25.7954
v 10.6338 69.0044 23.6673
v -26.7838 13.4194 -5.87723
v -25.7406 12.5274 -5.65961
v -25.8545 12.5274 -5.11366
v -26.8978 13.4194 -5.33183
v -30.2447 10.9259 -10.7021
v -29.2009 10.0339 -10.484
v -30.9575 10.0339 -2.07779
v -32.0008 10.9259 -2.29594
v -13.34 12.5274 22.732
v -12.989 12.9263 22.1185
v -12.5052 12.9263 22.3956
v -12.8562 12.5274 23.009
v -14.2791 12.5954 22.1283
v -13.9421 12.9603 21.5397
v -11.5235 12.9603 22.9248
v -11.8609 12.5954 23.5134
v -18.9981 10.0339 24.5323
v -20.1975 10.0339 23.8454
v -10.3468 10.0339 29.4868
v -11.5461 10.0339 28.8
v -13.785 14.6319 21.2281
v -12.8049 14.6319 21.7897
v -12.3145 14.6319 22.0705
v -11.3344 14.6319 22.6315
v 25.5103 14.0707 6.75607
v 24.7894 12.9603 6.60541
v 25.4536 12.5954 6.74419
v 26.4969 13.4874 6.96181
v 27.0671 13.4874 4.23373
v 26.0233 12.5954 4.01558
v 25.3591 12.9603 3.8768
v 26.0805 14.0707 4.02745
v 28.915 10.0339 11.8418
v 29.9588 10.9259 12.06
v 32.2803 10.9259 0.94838
v 31.2365 10.0339 0.730225
v 24.6836 15.5772 6.59245
v 24.9131 16.232 5.49409
v 24.6755 14.6319 5.44603
v 24.4443 14.6319 6.55196
v 25.0281 16.232 4.94492
v 24.791 14.6319 4.8936
v 25.2576 15.5772 3.84656
v 25.0221 14.6319 3.78769
v 25.2576 15.5772 3.84656
v 24.6836 15.5772 6.59245
v 25.7663 56.2712 5.67067
v 25.8802 56.2712 5.12472
v 26.8949 56.889 5.33696
v 26.7804 56.889 5.88235
v 25.5103 56.2372 6.75607
v 26.4969 56.821 6.96181
v 27.0671 56.821 4.23373
v 26.0805 56.2372 4.02745
v 30.2412 59.3822 10.7072
v 29.9588 59.3822 12.06
v 32.2803 59.3822 0.94838
v 31.9973 59.3822 2.30107
v 24.9131 54.0761 5.49409
v 24.6836 54.7312 6.59245
v 25.0281 54.0761 4.94492
v 25.2576 54.7312 3.84656
v 13.8668 56.889 -23.6519
v 13.383 56.889 -23.9289
v 12.8532 57.7805 -23.0039
v 13.3365 57.7805 -22.7269
v 18.9947 60.2743 -24.5272
v 19.5249 59.3822 -25.4522
v 12.0724 59.3822 -29.7204
v 11.5426 60.2743 -28.7954
v 22.5122 1.18256 12.8964
v 17.426 1.18256 19.2225
v 17.8844 2.36513 19.728
v 23.1046 2.36513 13.2355
v 25.3947 1.18256 5.30833
v 26.0633 2.36513 5.44765
v 25.7911 1.18256 -2.79922
v 26.4699 2.36513 -2.8732
v 23.663 1.18256 -10.633
v 24.2856 2.36513 -10.9127
v -19.2217 1.18256 17.4297
v -23.6664 1.18256 10.6376
v -24.289 2.36513 10.9178
v -19.7277 2.36513 17.8887
v -12.8956 1.18256 22.5165
v -13.2347 2.36513 23.1089
v -5.3075 1.18256 25.399
v -5.44682 2.36513 26.067
v 2.80005 1.18256 25.7954
v 2.87404 2.36513 26.4742
v 10.6338 1.18256 23.6673
v 10.9136 2.36513 24.2899
v 18.8019 2.36513 20.7399
v 24.2894 2.36513 13.9143
v 27.3998 2.36513 5.72684
v 27.8274 2.36513 -3.02063
v 25.5314 2.36513 -11.4722
v -25.5348 2.36513 11.4773
v -20.7391 2.36513 18.8056
v -13.9135 2.36513 24.2936
v -5.726 2.36513 27.4041
v 3.02145 2.36513 27.8317
v 11.473 2.36513 25.5351
v 19.2603 1.18256 21.2454
v 24.8823 1.18256 14.2534
v 28.0677 1.18256 5.8667
v 28.5062 1.18256 -3.0946
v 26.154 1.18256 -11.7524
v -26.1574 1.18256 11.757
v -21.2445 1.18256 19.2646
v -14.2526 1.18256 24.886
v -5.86588 1.18256 28.072
v 3.09543 1.18256 28.5105
v 11.7533 1.18256 26.1583
v 18.8019 0 20.7399
v 24.2894 0 13.9143
v 27.3998 0 5.72684
v 27.8274 0 -3.02063
v 25.5314 0 -11.4722
v -25.5348 0 11.4773
v -20.7391 0 18.8056
v -13.9135 0 24.2936
v -5.726 0 27.4041
v 3.02145 0 27.8317
v 11.473 0 25.5351
v 17.8844 0 19.728
v 23.1046 0 13.2355
v 26.0633 0 5.44765
v 26.4699 0 -2.8732
v 24.2856 0 -10.9127
v -24.289 0 10.9178
v -19.7277 0 17.8887
v -13.2347 0 23.1089
v -5.44682 0 26.067
v 2.87404 0 26.4742
v 10.9136 0 24.2899
v 17.426 1.18256 19.2225
v 22.5122 1.18256 12.8964
v 25.3947 1.18256 5.30833
v 25.7911 1.18256 -2.79922
v 23.663 1.18256 -10.633
v -23.6664 1.18256 10.6376
v -19.2217 1.18256 17.4297
v -12.8956 1.18256 22.5165
v -5.3075 1.18256 25.399
v 2.80005 1.18256 25.7954
v 10.6338 1.18256 23.6673
v 14.3048 14.0707 -22.1739
v 13.9386 12.9603 -21.5345
v 14.2761 12.5954 -22.1237
v 14.8059 13.4874 -23.0487
v 12.3872 13.4874 -24.4338
v 11.8575 12.5954 -23.5088
v 11.52 12.9603 -22.9196
v 11.8861 14.0707 -23.559
v 20.194 10.0339 -23.8403
v 20.7237 10.9259 -24.7654
v 10.8736 10.9259 -30.4073
v 10.3433 10.0339 -29.4817
v 13.8938 15.5772 -21.4384
v 12.9202 16.232 -21.9962
v 12.8014 14.6319 -21.7845
v 13.7815 14.6319 -21.2235
v 12.4337 16.232 -22.2749
v 12.3111 14.6319 -22.0654
v 11.4595 15.5772 -22.8327
v 11.331 14.6319 -22.627
v 11.4595 15.5772 -22.8327
v 13.8938 15.5772 -21.4384
v 30.4059 60.5659 2.18443
v 30.474 60.5659 0.798248
v 31.3731 58.9966 0.842529
v 31.3056 58.9966 2.22818
v 30.474 60.5659 0.798248
v 30.4059 60.5659 2.18443
v 31.3056 62.1351 2.22818
v 31.3731 62.1351 0.842529
v 33.1038 62.1351 2.31619
v 33.1718 62.1351 0.930023
v 34.0034 60.5659 2.36047
v 34.0709 60.5659 0.974289
v 33.1038 58.9966 2.31619
v 33.1718 58.9966 0.930023
v 30.9513 60.5659 0.290649
v 31.6247 59.3833 0.323593
v 31.5054 59.3833 2.76926
v 30.8315 60.5659 2.73631
v 30.8315 60.5659 2.73631
v 31.5054 61.7485 2.76926
v 31.6247 61.7485 0.323593
v 30.9513 60.5659 0.290649
v 32.8521 61.7485 2.83514
v 32.972 61.7485 0.389481
v 33.5261 60.5659 2.86807
v 33.6454 60.5659 0.422409
v 32.8521 59.3833 2.83514
v 32.972 59.3833 0.389481
v 28.2438 60.5659 11.474
v 28.7363 60.5659 10.177
v 29.5781 58.9966 10.4966
v 29.0851 58.9966 11.7937
v 28.7363 60.5659 10.177
v 28.2438 60.5659 11.474
v 29.0851 62.1351 11.7937
v 29.5781 62.1351 10.4966
v 30.7688 62.1351 12.4331
v 31.2613 62.1351 11.136
v 31.6101 60.5659 12.7533
v 32.1031 60.5659 11.4557
v 30.7688 58.9966 12.4331
v 31.2613 58.9966 11.136
v 29.3475 60.5659 9.84109
v 29.9777 59.3833 10.0809
v 29.1083 59.3833 12.3699
v 28.4776 60.5659 12.1307
v 28.4776 60.5659 12.1307
v 29.1083 61.7485 12.3699
v 29.9777 61.7485 10.0809
v 29.3475 60.5659 9.84109
v 30.3692 61.7485 12.8489
v 31.2386 61.7485 10.5598
v 30.9994 60.5659 13.0887
v 31.8688 60.5659 10.7991
v 30.3692 59.3833 12.8489
v 31.2386 59.3833 10.5598
v 11.4698 9.7423 -28.243
v 11.7894 11.3116 -29.0843
v 10.4924 11.3116 -29.5773
v 10.1727 9.7423 -28.7354
v 10.1727 9.7423 -28.7354
v 10.4924 8.17301 -29.5773
v 11.7894 8.17301 -29.0843
v 11.4698 9.7423 -28.243
v 11.1317 8.17301 -31.2605
v 12.4293 8.17301 -30.768
v 11.4514 9.7423 -32.1023
v 12.749 9.7423 -31.6098
v 11.1317 11.3116 -31.2605
v 12.4293 11.3116 -30.768
v 9.83734 9.7423 -29.3467
v 10.0766 10.9248 -29.9769
v 12.3661 10.9248 -29.1075
v 12.1264 9.7423 -28.4768
v 12.1264 9.7423 -28.4768
v 12.3661 8.55976 -29.1075
v 10.0766 8.55976 -29.9769
v 9.83734 9.7423 -29.3467
v 12.8451 8.55976 -30.3684
v 10.5555 8.55976 -31.2378
v 13.0844 9.7423 -30.9986
v 10.7953 9.7423 -31.868
v 12.8451 10.9248 -30.3684
v 10.5555 10.9248 -31.2378
v 23.1969 60.5659 -21.0329
v 28.5618 60.5659 -12.8346
v 29.185 61.7485 -13.1143
v 23.7029 61.7485 -21.4913
v 15.5613 60.5659 -27.1721
v 15.901 61.7485 -27.7645
v 6.40239 60.5659 -30.6514
v 6.54172 61.7485 -31.3199
v -3.38349 60.5659 -31.1298
v -3.45747 61.7485 -31.8086
v -12.8389 60.5659 -28.561
v -13.1186 61.7485 -29.1842
v -21.0372 60.5659 -23.1961
v -21.4956 61.7485 -23.7021
v -27.1764 60.5659 -15.5605
v -27.7688 61.7485 -15.9002
v -30.6556 60.5659 -6.40157
v -31.3236 61.7485 -6.54088
v -31.1341 60.5659 3.38432
v -31.8129 61.7485 3.4583
v -28.5653 60.5659 12.8392
v -29.1879 61.7485 13.1194
v 30.4302 61.7485 -13.6743
v 24.7143 61.7485 -22.4088
v 16.5792 61.7485 -28.9498
v 6.82089 61.7485 -32.6564
v -3.60489 61.7485 -33.1661
v -13.6781 61.7485 -30.4294
v -22.4131 61.7485 -24.7135
v -28.9536 61.7485 -16.5784
v -32.6607 61.7485 -6.8206
v -33.1704 61.7485 3.60571
v -30.4337 61.7485 13.6789
v 31.0529 60.5659 -13.954
v 25.2203 60.5659 -22.8672
v 16.9189 60.5659 -29.5422
v 6.96075 60.5659 -33.3249
v -3.67886 60.5659 -33.8449
v -13.9583 60.5659 -31.052
v -22.8716 60.5659 -25.2195
v -29.5459 60.5659 -16.9181
v -33.3286 60.5659 -6.95993
v -33.8492 60.5659 3.6797
v -31.0563 60.5659 13.9591
v 30.4302 59.3833 -13.6743
v 24.7143 59.3833 -22.4088
v 16.5792 59.3833 -28.9498
v 6.82089 59.3833 -32.6564
v -3.60489 59.3833 -33.1661
v -13.6781 59.3833 -30.4294
v -22.4131 59.3833 -24.7135
v -28.9536 59.3833 -16.5784
v -32.6607 59.3833 -6.8206
v -33.1704 59.3833 3.60571
v -30.4337 59.3833 13.6789
v 29.185 59.3833 -13.1143
v 23.7029 59.3833 -21.4913
v 15.901 59.3833 -27.7645
v 6.54172 59.3833 -31.3199
v -3.45747 59.3833 -31.8086
v -13.1186 59.3833 -29.1842
v -21.4956 59.3833 -23.7021
v -27.7688 59.3833 -15.9002
v -31.3236 59.3833 -6.54088
v -31.8129 59.3833 3.4583
v -29.1879 59.3833 13.1194
v 28.5618 60.5659 -12.8346
v 23.1969 60.5659 -21.0329
v 15.5613 60.5659 -27.1721
v 6.40239 60.5659 -30.6514
v -3.38349 60.5659 -31.1298
v -12.8389 60.5659 -28.561
v -21.0372 60.5659 -23.1961
v -27.1764 60.5659 -15.5605
v -30.6556 60.5659 -6.40157
v -31.1341 60.5659 3.38432
v -28.5653 60.5659 12.8392
v -13.9421 57.348 21.5397
v -14.3082 56.2372 22.179
v -14.8093 56.821 23.0533
v -14.2791 57.713 22.1283
v -12.3907 56.821 24.4389
v -11.8896 56.2372 23.5641
v -11.5235 57.348 22.9248
v -11.8609 57.713 23.5134
v -20.7272 59.3822 24.7705
v -20.1975 60.2743 23.8454
v -10.3468 60.2743 29.4868
v -10.8765 59.3822 30.4119
v -11.463 54.7312 22.8373
v -12.4366 54.0761 22.28
v -12.3145 55.6762 22.0705
v -11.3344 55.6762 22.6315
v -12.9237 54.0761 22.0008
v -12.8049 55.6762 21.7897
v -13.8973 54.7312 21.4435
v -13.785 55.6762 21.2281
v -13.8973 54.7312 21.4435
v -11.463 54.7312 22.8373
v -19.6402 9.7423 23.3206
v -20.2045 11.3116 24.022
v -19.1229 11.3116 24.8914
v -18.5586 9.7423 24.19
v -18.5586 9.7423 24.19
v -19.1229 8.17301 24.8914
v -20.2045 8.17301 24.022
v -19.6402 9.7423 23.3206
v -20.2509 8.17301 26.2949
v -21.3325 8.17301 25.4255
v -20.8152 9.7423 26.9969
v -21.8969 9.7423 26.127
v -20.2509 11.3116 26.2949
v -21.3325 11.3116 25.4255
v -18.4284 9.7423 24.8747
v -18.8507 10.9248 25.4001
v -20.7596 10.9248 23.866
v -20.3368 9.7423 23.34
v -20.3368 9.7423 23.34
v -20.7596 8.55976 23.866
v -18.8507 8.55976 25.4001
v -18.4284 9.7423 24.8747
v -21.6047 8.55976 24.9168
v -19.6958 8.55976 26.4515
v -22.027 9.7423 25.4422
v -20.1186 9.7423 26.9769
v -21.6047 10.9248 24.9168
v -19.6958 10.9248 26.4515
v 22.5754 40.4523 20.8819
v 22.098 40.2955 22.1158
v 23.8196 49.8932 24.8752
v 24.203 50.3486 23.7186
v 24.203 50.3486 23.7186
v 25.4131 50.5053 23.3854
v 23.8503 40.2956 20.5271
v 22.5754 40.4523 20.8819
v 22.9043 39.9787 23.0047
v 24.6566 49.5905 25.709
v 22.5678 29.8937 20.8738
v 23.8471 30.0568 20.5239
v 25.4007 19.8444 23.3746
v 24.1743 19.991 23.6932
v 24.1743 19.991 23.6932
v 23.8071 20.4566 24.8644
v 22.0948 30.0568 22.1126
v 22.5678 29.8937 20.8738
v 24.6722 20.7779 25.723
v 22.908 30.3859 23.0095
v 24.6603 30.3859 21.4209
v 26.2658 20.1657 24.2326
v 26.2501 50.2026 24.2186
v 24.656 39.9786 21.416
v 24.1943 30.5518 22.6677
v 25.904 20.6336 25.4098
v 25.877 49.7433 25.3861
v 24.1873 39.8186 22.6596
v 22.3427 57.1682 25.0901
v 22.8416 57.2362 23.8239
v 22.8416 57.2362 23.8239
v 24.0404 57.7957 23.563
v 23.0565 57.6364 26.1
v 24.0113 12.505 23.556
v 22.7736 12.9931 23.8001
v 22.7736 12.9931 23.8001
v 22.2984 13.0979 25.0702
v 23.0938 12.7902 26.1172
v 24.7764 12.1321 24.5744
v 24.0404 57.7957 23.563
v 24.757 58.2536 24.5739
v 24.3423 12.3289 25.8732
v 24.2769 58.1515 25.8494
v 23.0565 57.6364 26.1
v 17.4486 69.0044 19.2473
v 18.7776 69.0044 18.9525
v 19.6831 69.005 19.9515
v 19.2603 69.005 21.2454
v 17.9314 69.005 21.5402
v 17.0253 69.0044 20.5412
v 17.4486 69.0044 19.2473
v 18.7776 1.43906 18.9525
v 17.4486 1.5245 19.2473
v 19.6831 1.26807 19.9515
v 19.2603 1.18257 21.2454
v 17.9314 1.26807 21.5402
v 17.0253 1.43906 20.5412
v 17.4486 1.5245 19.2473
v -30.4094 60.5659 -2.17931
v -30.4774 60.5659 -0.793137
v -31.3765 58.9966 -0.837402
v -31.3085 58.9966 -2.22359
v -30.4774 60.5659 -0.793137
v -30.4094 60.5659 -2.17931
v -31.3085 62.1351 -2.22359
v -31.3765 62.1351 -0.837402
v -33.1072 62.1351 -2.31161
v -33.1753 62.1351 -0.92543
v -34.0069 60.5659 -2.35535
v -34.0744 60.5659 -0.969162
v -33.1072 58.9966 -2.31161
v -33.1753 58.9966 -0.92543
v -30.9548 60.5659 -0.285522
v -31.6282 59.3833 -0.318466
v -31.5083 59.3833 -2.76466
v -30.8349 60.5659 -2.73172
v -30.8349 60.5659 -2.73172
v -31.5083 61.7485 -2.76466
v -31.6282 61.7485 -0.318466
v -30.9548 60.5659 -0.285522
v -32.8556 61.7485 -2.83055
v -32.9755 61.7485 -0.384354
v -33.529 60.5659 -2.86348
v -33.6489 60.5659 -0.417282
v -32.8556 59.3833 -2.83055
v -32.9755 59.3833 -0.384354
v -13.8697 56.889 23.657
v -13.3864 56.889 23.934
v -12.8562 57.7805 23.009
v -13.34 57.7805 22.732
v -18.9981 60.2743 24.5323
v -19.5279 59.3822 25.4574
v -12.0759 59.3822 29.725
v -11.5461 60.2743 28.8
v 13.3365 12.5274 -22.7269
v 12.9855 12.9263 -22.1134
v 12.5017 12.9263 -22.3904
v 12.8532 12.5274 -23.0039
v 14.2761 12.5954 -22.1237
v 13.9386 12.9603 -21.5345
v 11.52 12.9603 -22.9196
v 11.8575 12.5954 -23.5088
v 18.9947 10.0339 -24.5272
v 20.194 10.0339 -23.8403
v 10.3433 10.0339 -29.4817
v 11.5426 10.0339 -28.7954
v 13.7815 14.6319 -21.2235
v 12.8014 14.6319 -21.7845
v 12.3111 14.6319 -22.0654
v 11.331 14.6319 -22.627
v 13.9386 57.348 -21.5345
v 14.3048 56.2372 -22.1739
v 14.8059 56.821 -23.0487
v 14.2761 57.713 -22.1237
v 12.3872 56.821 -24.4338
v 11.8861 56.2372 -23.559
v 11.52 57.348 -22.9196
v 11.8575 57.713 -23.5088
v 20.7237 59.3822 -24.7654
v 20.194 60.2743 -23.8403
v 10.3433 60.2743 -29.4817
v 10.8736 59.3822 -30.4073
v 11.4595 54.7312 -22.8327
v 12.4337 54.0761 -22.2749
v 12.3111 55.6762 -22.0654
v 11.331 55.6762 -22.627
v 12.9202 54.0761 -21.9962
v 12.8014 55.6762 -21.7845
v 13.8938 54.7312 -21.4384
v 13.7815 55.6762 -21.2235
v 13.8938 54.7312 -21.4384
v 11.4595 54.7312 -22.8327
v -12.8713 14.0367 23.0349
v -13.3551 14.0367 22.7579
v -13.8697 13.4194 23.657
v -13.3864 13.4194 23.934
v -14.3082 14.0707 22.179
v -14.8093 13.4874 23.0533
v -12.3907 13.4874 24.4389
v -11.8896 14.0707 23.5641
v -20.7272 10.9259 24.7705
v -19.5279 10.9259 25.4574
v -12.0759 10.9259 29.725
v -10.8765 10.9259 30.4119
v -11.463 15.5772 22.8373
v -12.4366 16.232 22.28
v -12.9237 16.232 22.0008
v -13.8973 15.5772 21.4435
v 27.173 60.5659 15.5656
v 21.0337 60.5659 23.2012
v 21.4922 61.7485 23.7072
v 27.7653 61.7485 15.9048
v 30.6522 60.5659 6.40669
v 31.3207 61.7485 6.54601
v 31.1306 60.5659 -3.37973
v 31.8094 61.7485 -3.45317
v 28.5618 60.5659 -12.8346
v 29.185 61.7485 -13.1143
v -23.2004 60.5659 21.038
v -28.5653 60.5659 12.8392
v -29.1879 61.7485 13.1194
v -23.7064 61.7485 21.4964
v -15.5648 60.5659 27.1773
v -15.9039 61.7485 27.7696
v -6.40587 60.5659 30.6565
v -6.54518 61.7485 31.3244
v 3.38055 60.5659 31.1349
v 3.45399 61.7485 31.8137
v 12.8354 60.5659 28.5661
v 13.1151 61.7485 29.1888
v 22.4096 61.7485 24.7186
v 28.9506 61.7485 16.5835
v 32.6572 61.7485 6.82519
v 33.167 61.7485 -3.60059
v 30.4302 61.7485 -13.6743
v -30.4337 61.7485 13.6789
v -24.7178 61.7485 22.4139
v -16.5827 61.7485 28.9544
v -6.82436 61.7485 32.6615
v 3.60142 61.7485 33.1713
v 13.6751 61.7485 30.4345
v 22.8681 60.5659 25.2246
v 29.543 60.5659 16.9227
v 33.3257 60.5659 6.96506
v 33.8457 60.5659 -3.67458
v 31.0529 60.5659 -13.954
v -31.0563 60.5659 13.9591
v -25.2238 60.5659 22.8724
v -16.9218 60.5659 29.5468
v -6.96423 60.5659 33.3295
v 3.6754 60.5659 33.85
v 13.9548 60.5659 31.0572
v 22.4096 59.3833 24.7186
v 28.9506 59.3833 16.5835
v 32.6572 59.3833 6.82519
v 33.167 59.3833 -3.60059
v 30.4302 59.3833 -13.6743
v -30.4337 59.3833 13.6789
v -24.7178 59.3833 22.4139
v -16.5827 59.3833 28.9544
v -6.82436 59.3833 32.6615
v 3.60142 59.3833 33.1713
v 13.6751 59.3833 30.4345
v 21.4922 59.3833 23.7072
v 27.7653 59.3833 15.9048
v 31.3207 59.3833 6.54601
v 31.8094 59.3833 -3.45317
v 29.185 59.3833 -13.1143
v -29.1879 59.3833 13.1194
v -23.7064 59.3833 21.4964
v -15.9039 59.3833 27.7696
v -6.54518 59.3833 31.3244
v 3.45399 59.3833 31.8137
v 13.1151 59.3833 29.1888
v 21.0337 60.5659 23.2012
v 27.173 60.5659 15.5656
v 30.6522 60.5659 6.40669
v 31.1306 60.5659 -3.37973
v 28.5618 60.5659 -12.8346
v -28.5653 60.5659 12.8392
v -23.2004 60.5659 21.038
v -15.5648 60.5659 27.1773
v -6.40587 60.5659 30.6565
v 3.38055 60.5659 31.1349
v 12.8354 60.5659 28.5661
v 30.4059 9.7423 2.18443
v 31.3056 11.3116 2.22818
v 31.3731 11.3116 0.842529
v 30.474 9.7423 0.798248
v 30.474 9.7423 0.798248
v 31.3731 8.17301 0.842529
v 31.3056 8.17301 2.22818
v 30.4059 9.7423 2.18443
v 33.1718 8.17301 0.930023
v 33.1038 8.17301 2.31619
v 34.0709 9.7423 0.974289
v 34.0034 9.7423 2.36047
v 33.1718 11.3116 0.930023
v 33.1038 11.3116 2.31619
v 30.9513 9.7423 0.290649
v 31.6247 10.9248 0.323593
v 31.5054 10.9248 2.76926
v 30.8315 9.7423 2.73631
v 30.8315 9.7423 2.73631
v 31.5054 8.55976 2.76926
v 31.6247 8.55976 0.323593
v 30.9513 9.7423 0.290649
v 32.8521 8.55976 2.83514
v 32.972 8.55976 0.389481
v 33.5261 9.7423 2.86807
v 33.6454 9.7423 0.422409
v 32.8521 10.9248 2.83514
v 32.972 10.9248 0.389481
v 13.3365 57.7805 -22.7269
v 12.8532 57.7805 -23.0039
v 12.5017 57.382 -22.3904
v 12.9855 57.382 -22.1134
v 13.9386 57.348 -21.5345
v 14.2761 57.713 -22.1237
v 11.52 57.348 -22.9196
v 11.8575 57.713 -23.5088
v 20.194 60.2743 -23.8403
v 18.9947 60.2743 -24.5272
v 11.5426 60.2743 -28.7954
v 10.3433 60.2743 -29.4817
v 11.331 55.6762 -22.627
v 12.3111 55.6762 -22.0654
v 12.8014 55.6762 -21.7845
v 13.7815 55.6762 -21.2235
v -28.2467 60.5659 -11.4689
v -28.7397 60.5659 -10.1718
v -29.5816 58.9966 -10.4915
v -29.0886 58.9966 -11.7892
v -28.7397 60.5659 -10.1718
v -28.2467 60.5659 -11.4689
v -29.0886 62.1351 -11.7892
v -29.5816 62.1351 -10.4915
v -30.7717 62.1351 -12.4285
v -31.2648 62.1351 -11.1309
v -31.6136 60.5659 -12.7482
v -32.1066 60.5659 -11.4506
v -30.7717 58.9966 -12.4285
v -31.2648 58.9966 -11.1309
v -29.3505 60.5659 -9.83652
v -29.9812 59.3833 -10.0757
v -29.1113 59.3833 -12.3653
v -28.4811 60.5659 -12.1256
v -28.4811 60.5659 -12.1256
v -29.1113 61.7485 -12.3653
v -29.9812 61.7485 -10.0757
v -29.3505 60.5659 -9.83652
v -30.3721 61.7485 -12.8443
v -31.2421 61.7485 -10.5547
v -31.0029 60.5659 -13.0835
v -31.8723 60.5659 -10.7945
v -30.3721 59.3833 -12.8443
v -31.2421 59.3833 -10.5547
v -28.2467 9.7423 -11.4689
v -29.0886 11.3116 -11.7892
v -29.5816 11.3116 -10.4915
v -28.7397 9.7423 -10.1718
v -28.7397 9.7423 -10.1718
v -29.5816 8.17301 -10.4915
v -29.0886 8.17301 -11.7892
v -28.2467 9.7423 -11.4689
v -31.2648 8.17301 -11.1309
v -30.7717 8.17301 -12.4285
v -32.1066 9.7423 -11.4506
v -31.6136 9.7423 -12.7482
v -31.2648 11.3116 -11.1309
v -30.7717 11.3116 -12.4285
v -29.3505 9.7423 -9.83652
v -29.9812 10.9248 -10.0757
v -29.1113 10.9248 -12.3653
v -28.4811 9.7423 -12.1256
v -28.4811 9.7423 -12.1256
v -29.1113 8.55976 -12.3653
v -29.9812 8.55976 -10.0757
v -29.3505 9.7423 -9.83652
v -30.3721 8.55976 -12.8443
v -31.2421 8.55976 -10.5547
v -31.0029 9.7423 -13.0835
v -31.8723 9.7423 -10.7945
v -30.3721 10.9248 -12.8443
v -31.2421 10.9248 -10.5547
v 19.6367 9.7423 -23.3154
v 20.201 11.3116 -24.0169
v 19.1194 11.3116 -24.8868
v 18.5551 9.7423 -24.1848
v 18.5551 9.7423 -24.1848
v 19.1194 8.17301 -24.8868
v 20.201 8.17301 -24.0169
v 19.6367 9.7423 -23.3154
v 20.248 8.17301 -26.2903
v 21.3291 8.17301 -25.4204
v 20.8118 9.7423 -26.9918
v 21.8934 9.7423 -26.1224
v 20.248 11.3116 -26.2903
v 21.3291 11.3116 -25.4204
v 18.425 9.7423 -24.8696
v 18.8478 10.9248 -25.3955
v 20.7561 10.9248 -23.8608
v 20.3333 9.7423 -23.3354
v 20.3333 9.7423 -23.3354
v 20.7561 8.55976 -23.8608
v 18.8478 8.55976 -25.3955
v 18.425 9.7423 -24.8696
v 21.6012 8.55976 -24.9117
v 19.6929 8.55976 -26.4464
v 22.0235 9.7423 -25.4377
v 20.1152 9.7423 -26.9718
v 21.6012 10.9248 -24.9117
v 19.6929 10.9248 -26.4464
v -13.8697 13.4194 23.657
v -13.34 12.5274 22.732
v -12.8562 12.5274 23.009
v -13.3864 13.4194 23.934
v -19.5279 10.9259 25.4574
v -18.9981 10.0339 24.5323
v -11.5461 10.0339 28.8
v -12.0759 10.9259 29.725
v -11.4732 60.5659 28.2475
v -10.1761 60.5659 28.7406
v -10.4958 58.9966 29.5824
v -11.7929 58.9966 29.0894
v -10.1761 60.5659 28.7406
v -11.4732 60.5659 28.2475
v -11.7929 62.1351 29.0894
v -10.4958 62.1351 29.5824
v -12.4323 62.1351 30.7726
v -11.1352 62.1351 31.2656
v -12.7525 60.5659 31.6144
v -11.4549 60.5659 32.1075
v -12.4323 58.9966 30.7726
v -11.1352 58.9966 31.2656
v -9.84081 60.5659 29.3513
v -10.08 59.3833 29.982
v -12.3691 59.3833 29.1121
v -12.1299 60.5659 28.4819
v -12.1299 60.5659 28.4819
v -12.3691 61.7485 29.1121
v -10.08 61.7485 29.982
v -9.84081 60.5659 29.3513
v -12.8481 61.7485 30.373
v -10.559 61.7485 31.2429
v -13.0878 60.5659 31.0037
v -10.7982 60.5659 31.8731
v -12.8481 59.3833 30.373
v -10.559 59.3833 31.2429
v 19.2182 1.18256 -17.4251
v 23.663 1.18256 -10.633
v 24.2856 2.36513 -10.9127
v 19.7242 2.36513 -17.8836
v 12.8921 1.18256 -22.5114
v 13.2312 2.36513 -23.1038
v 5.30403 1.18256 -25.3939
v 5.44336 2.36513 -26.0624
v -2.80353 1.18256 -25.7903
v -2.8775 2.36513 -26.469
v -10.6368 1.18256 -23.6621
v -10.917 2.36513 -24.2847
v -17.4294 1.18256 -19.2174
v -17.8879 2.36513 -19.7234
v -22.5157 1.18256 -12.8913
v -23.1081 2.36513 -13.231
v -25.3982 1.18256 -5.30321
v -26.0662 2.36513 -5.44252
v -25.7946 1.18256 2.80435
v -26.4733 2.36513 2.87833
v -23.6664 1.18256 10.6376
v -24.289 2.36513 10.9178
v 25.5314 2.36513 -11.4722
v 20.7356 2.36513 -18.801
v 13.91 2.36513 -24.2885
v 5.72253 2.36513 -27.3989
v -3.02492 2.36513 -27.8266
v -11.4765 2.36513 -25.5305
v -18.8048 2.36513 -20.7348
v -24.2928 2.36513 -13.9092
v -27.4032 2.36513 -5.72224
v -27.8309 2.36513 3.02574
v -25.5348 2.36513 11.4773
v 26.154 1.18256 -11.7524
v 21.2416 1.18256 -19.2595
v 14.2497 1.18256 -24.8815
v 5.86239 1.18256 -28.0674
v -3.09836 1.18256 -28.5054
v -11.7562 1.18256 -26.1532
v -19.2638 1.18256 -21.2408
v -24.8852 1.18256 -14.2488
v -28.0712 1.18256 -5.86157
v -28.5097 1.18256 3.0992
v -26.1574 1.18256 11.757
v 25.5314 0 -11.4722
v 20.7356 0 -18.801
v 13.91 0 -24.2885
v 5.72253 0 -27.3989
v -3.02492 0 -27.8266
v -11.4765 0 -25.5305
v -18.8048 0 -20.7348
v -24.2928 0 -13.9092
v -27.4032 0 -5.72224
v -27.8309 0 3.02574
v -25.5348 0 11.4773
v 24.2856 0 -10.9127
v 19.7242 0 -17.8836
v 13.2312 0 -23.1038
v 5.44336 0 -26.0624
v -2.8775 0 -26.469
v -10.917 0 -24.2847
v -17.8879 0 -19.7234
v -23.1081 0 -13.231
v -26.0662 0 -5.44252
v -26.4733 0 2.87833
v -24.289 0 10.9178
v 23.663 1.18256 -10.633
v 19.2182 1.18256 -17.4251
v 12.8921 1.18256 -22.5114
v 5.30403 1.18256 -25.3939
v -2.80353 1.18256 -25.7903
v -10.6368 1.18256 -23.6621
v -17.4294 1.18256 -19.2174
v -22.5157 1.18256 -12.8913
v -25.3982 1.18256 -5.30321
v -25.7946 1.18256 2.80435
v -23.6664 1.18256 10.6376
v 25.7371 57.7805 5.66419
v 25.851 57.7805 5.11879
v 25.1593 57.382 4.97407
v 25.0454 57.382 5.52
v 24.7894 57.348 6.60541
v 25.4536 57.713 6.74419
v 25.3591 57.348 3.8768
v 26.0233 57.713 4.01558
v 28.915 60.2743 11.8418
v 29.198 60.2743 10.4891
v 30.954 60.2743 2.08292
v 31.2365 60.2743 0.730225
v 25.0221 55.6762 3.78769
v 24.791 55.6762 4.8936
v 24.6755 55.6762 5.44603
v 24.4443 55.6762 6.55196
v 24.7894 57.348 6.60541
v 25.5103 56.2372 6.75607
v 26.4969 56.821 6.96181
v 25.4536 57.713 6.74419
v 27.0671 56.821 4.23373
v 26.0805 56.2372 4.02745
v 25.3591 57.348 3.8768
v 26.0233 57.713 4.01558
v 25.4536 57.713 6.74419
v 29.9588 59.3822 12.06
v 28.915 60.2743 11.8418
v 26.0233 57.713 4.01558
v 31.2365 60.2743 0.730225
v 32.2803 59.3822 0.94838
v 25.2576 54.7312 3.84656
v 25.0281 54.0761 4.94492
v 24.791 55.6762 4.8936
v 25.0221 55.6762 3.78769
v 24.9131 54.0761 5.49409
v 24.6755 55.6762 5.44603
v 24.6836 54.7312 6.59245
v 24.4443 55.6762 6.55196
v 24.6836 54.7312 6.59245
v 25.2576 54.7312 3.84656
v 27.173 9.7423 15.5656
v 21.0337 9.7423 23.2012
v 21.4922 10.9248 23.7072
v 27.7653 10.9248 15.9048
v 30.6522 9.7423 6.40669
v 31.3207 10.9248 6.54601
v 31.1306 9.7423 -3.37973
v 31.8094 10.9248 -3.45317
v 28.5618 9.7423 -12.8346
v 29.185 10.9248 -13.1143
v -23.2004 9.7423 21.038
v -28.5653 9.7423 12.8392
v -29.1879 10.9248 13.1194
v -23.7064 10.9248 21.4964
v -15.5648 9.7423 27.1773
v -15.9039 10.9248 27.7696
v -6.40587 9.7423 30.6565
v -6.54518 10.9248 31.3244
v 3.38055 9.7423 31.1349
v 3.45399 10.9248 31.8137
v 12.8354 9.7423 28.5661
v 13.1151 10.9248 29.1888
v 22.4096 10.9248 24.7186
v 28.9506 10.9248 16.5835
v 32.6572 10.9248 6.82519
v 33.167 10.9248 -3.60059
v 30.4302 10.9248 -13.6743
v -30.4337 10.9248 13.6789
v -24.7178 10.9248 22.4139
v -16.5827 10.9248 28.9544
v -6.82436 10.9248 32.6615
v 3.60142 10.9248 33.1713
v 13.6751 10.9248 30.4345
v 22.8681 9.7423 25.2246
v 29.543 9.7423 16.9227
v 33.3257 9.7423 6.96506
v 33.8457 9.7423 -3.67458
v 31.0529 9.7423 -13.954
v -31.0563 9.7423 13.9591
v -25.2238 9.7423 22.8724
v -16.9218 9.7423 29.5468
v -6.96423 9.7423 33.3295
v 3.6754 9.7423 33.85
v 13.9548 9.7423 31.0572
v 22.4096 8.55976 24.7186
v 28.9506 8.55976 16.5835
v 32.6572 8.55976 6.82519
v 33.167 8.55976 -3.60059
v 30.4302 8.55976 -13.6743
v -30.4337 8.55976 13.6789
v -24.7178 8.55976 22.4139
v -16.5827 8.55976 28.9544
v -6.82436 8.55976 32.6615
v 3.60142 8.55976 33.1713
v 13.6751 8.55976 30.4345
v 21.4922 8.55976 23.7072
v 27.7653 8.55976 15.9048
v 31.3207 8.55976 6.54601
v 31.8094 8.55976 -3.45317
v 29.185 8.55976 -13.1143
v -29.1879 8.55976 13.1194
v -23.7064 8.55976 21.4964
v -15.9039 8.55976 27.7696
v -6.54518 8.55976 31.3244
v 3.45399 8.55976 31.8137
v 13.1151 8.55976 29.1888
v 21.0337 9.7423 23.2012
v 27.173 9.7423 15.5656
v 30.6522 9.7423 6.40669
v 31.1306 9.7423 -3.37973
v 28.5618 9.7423 -12.8346
v -28.5653 9.7423 12.8392
v -23.2004 9.7423 21.038
v -15.5648 9.7423 27.1773
v -6.40587 9.7423 30.6565
v 3.38055 9.7423 31.1349
v 12.8354 9.7423 28.5661
v -0.625703 40.4523 -30.7431
v -1.66629 50.3486 -33.8433
v -2.78569 49.8932 -34.3244
v -1.86556 40.2955 -31.2054
v -1.66629 50.3486 -33.8433
v -0.625703 40.4523 -30.7431
v 0.48561 40.2956 -31.4608
v -0.613831 50.5053 -34.5269
v -2.85374 49.5905 -35.5038
v -1.99515 39.9787 -32.3983
v -0.624619 29.8937 -30.7318
v -1.66629 19.991 -33.8049
v -0.613831 19.8444 -34.5107
v 0.486144 30.0568 -31.4565
v -1.66629 19.991 -33.8049
v -0.624619 29.8937 -30.7318
v -1.86501 30.0568 -31.2011
v -2.78569 20.4566 -34.3082
v -1.99568 30.3859 -32.4047
v -2.85374 20.7779 -35.5248
v -0.681321 20.1657 -35.7274
v 0.355468 30.3859 -32.6601
v 0.356017 39.9786 -32.6537
v -0.681321 50.2026 -35.7063
v -1.80129 20.6336 -36.2382
v -0.885987 30.5518 -33.1391
v -0.884904 39.8186 -33.1289
v -1.80182 49.7433 -36.202
v -1.65764 57.7946 -33.6192
v -2.64908 57.2362 -32.8956
v -2.64908 57.2362 -32.8956
v -3.92726 57.1682 -33.3627
v -4.2086 57.6364 -34.5669
v -3.94185 13.0993 -33.3179
v -2.67609 12.9931 -32.8286
v -2.67609 12.9931 -32.8286
v -1.67168 12.505 -33.5922
v -4.19618 12.7902 -34.6068
v -1.67168 12.505 -33.5922
v -1.92548 12.1321 -34.8407
v -1.9379 58.2536 -34.8255
v -3.1853 12.3279 -35.3774
v -3.21069 58.1515 -35.3137
v -2.8073 69.0044 -25.8237
v -1.70462 69.0044 -26.6219
v -1.84988 69.005 -27.9627
v -3.09836 69.005 -28.5054
v -4.20158 69.005 -27.7073
v -4.05577 69.0044 -26.3664
v -2.8073 69.0044 -25.8237
v -2.8073 1.5245 -25.8237
v -1.70462 1.43906 -26.6219
v -1.84988 1.26807 -27.9627
v -3.09836 1.18257 -28.5054
v -4.20158 1.26807 -27.7073
v -4.05577 1.43906 -26.3664
v -2.8073 1.5245 -25.8237
v 11.4698 60.5659 -28.243
v 10.1727 60.5659 -28.7354
v 10.4924 58.9966 -29.5773
v 11.7894 58.9966 -29.0843
v 10.1727 60.5659 -28.7354
v 11.4698 60.5659 -28.243
v 11.7894 62.1351 -29.0843
v 10.4924 62.1351 -29.5773
v 12.4293 62.1351 -30.768
v 11.1317 62.1351 -31.2605
v 12.749 60.5659 -31.6098
v 11.4514 60.5659 -32.1023
v 12.4293 58.9966 -30.768
v 11.1317 58.9966 -31.2605
v 9.83734 60.5659 -29.3467
v 10.0766 59.3833 -29.9769
v 12.3661 59.3833 -29.1075
v 12.1264 60.5659 -28.4768
v 12.1264 60.5659 -28.4768
v 12.3661 61.7485 -29.1075
v 10.0766 61.7485 -29.9769
v 9.83734 60.5659 -29.3467
v 12.8451 61.7485 -30.3684
v 10.5555 61.7485 -31.2378
v 13.0844 60.5659 -30.9986
v 10.7953 60.5659 -31.868
v 12.8451 59.3833 -30.3684
v 10.5555 59.3833 -31.2378
v -14.3082 14.0707 22.179
v -13.9421 12.9603 21.5397
v -14.2791 12.5954 22.1283
v -14.8093 13.4874 23.0533
v -12.3907 13.4874 24.4389
v -11.8609 12.5954 23.5134
v -11.5235 12.9603 22.9248
v -11.8896 14.0707 23.5641
v -14.2791 12.5954 22.1283
v -20.1975 10.0339 23.8454
v -20.7272 10.9259 24.7705
v -10.8765 10.9259 30.4119
v -10.3468 10.0339 29.4868
v -11.8609 12.5954 23.5134
v -13.8973 15.5772 21.4435
v -12.9237 16.232 22.0008
v -12.8049 14.6319 21.7897
v -13.785 14.6319 21.2281
v -12.4366 16.232 22.28
v -12.3145 14.6319 22.0705
v -11.463 15.5772 22.8373
v -11.3344 14.6319 22.6315
v -11.463 15.5772 22.8373
v -13.8973 15.5772 21.4435
v 19.6367 60.5659 -23.3154
v 18.5551 60.5659 -24.1848
v 19.1194 58.9966 -24.8868
v 20.201 58.9966 -24.0169
v 18.5551 60.5659 -24.1848
v 19.6367 60.5659 -23.3154
v 20.201 62.1351 -24.0169
v 19.1194 62.1351 -24.8868
v 21.3291 62.1351 -25.4204
v 20.248 62.1351 -26.2903
v 21.8934 60.5659 -26.1224
v 20.8118 60.5659 -26.9918
v 21.3291 58.9966 -25.4204
v 20.248 58.9966 -26.2903
v 18.425 60.5659 -24.8696
v 18.8478 59.3833 -25.3955
v 20.7561 59.3833 -23.8608
v 20.3333 60.5659 -23.3354
v 20.3333 60.5659 -23.3354
v 20.7561 61.7485 -23.8608
v 18.8478 61.7485 -25.3955
v 18.425 60.5659 -24.8696
v 21.6012 61.7485 -24.9117
v 19.6929 61.7485 -26.4464
v 22.0235 60.5659 -25.4377
v 20.1152 60.5659 -26.9718
v 21.6012 59.3833 -24.9117
v 19.6929 59.3833 -26.4464
v -24.7923 57.348 -6.60028
v -25.5138 56.2372 -6.75095
v -26.5003 56.821 -6.95721
v -25.4565 57.713 -6.73908
v -27.07 56.821 -4.22861
v -26.084 56.2372 -4.02287
v -25.3626 57.348 -3.87221
v -26.0268 57.713 -4.01099
v -29.9617 59.3822 -12.0548
v -28.9185 60.2743 -11.8367
v -31.2399 60.2743 -0.725082
v -32.2832 59.3822 -0.943253
v -25.261 54.7312 -3.84143
v -25.0315 54.0761 -4.93979
v -24.7945 55.6762 -4.88849
v -25.0251 55.6762 -3.78256
v -24.9165 54.0761 -5.48897
v -24.6789 55.6762 -5.44144
v -24.687 54.7312 -6.58733
v -24.4478 55.6762 -6.54738
v -24.687 54.7312 -6.58733
v -25.261 54.7312 -3.84143
v 26.7804 56.889 5.88235
v 26.8949 56.889 5.33696
v 25.851 57.7805 5.11879
v 25.7371 57.7805 5.66419
v 29.198 60.2743 10.4891
v 30.2412 59.3822 10.7072
v 31.9973 59.3822 2.30107
v 30.954 60.2743 2.08292
v -26.7838 56.889 -5.87723
v -26.8978 56.889 -5.33183
v -25.8545 57.7805 -5.11366
v -25.7406 57.7805 -5.65961
v -29.2009 60.2743 -10.484
v -30.2447 59.3822 -10.7021
v -32.0008 59.3822 -2.29594
v -30.9575 60.2743 -2.07779
v 25.7371 12.5274 5.66419
v 25.0454 12.9263 5.52
v 25.1593 12.9263 4.97407
v 25.851 12.5274 5.11879
v 25.4536 12.5954 6.74419
v 24.7894 12.9603 6.60541
v 25.3591 12.9603 3.8768
v 26.0233 12.5954 4.01558
v 29.198 10.0339 10.4891
v 28.915 10.0339 11.8418
v 31.2365 10.0339 0.730225
v 30.954 10.0339 2.08292
v 24.4443 14.6319 6.55196
v 24.6755 14.6319 5.44603
v 24.791 14.6319 4.8936
v 25.0221 14.6319 3.78769
v -30.4094 9.7423 -2.17931
v -31.3085 11.3116 -2.22359
v -31.3765 11.3116 -0.837402
v -30.4774 9.7423 -0.793137
v -30.4774 9.7423 -0.793137
v -31.3765 8.17301 -0.837402
v -31.3085 8.17301 -2.22359
v -30.4094 9.7423 -2.17931
v -33.1753 8.17301 -0.92543
v -33.1072 8.17301 -2.31161
v -34.0744 9.7423 -0.969162
v -34.0069 9.7423 -2.35535
v -33.1753 11.3116 -0.92543
v -33.1072 11.3116 -2.31161
v -30.9548 9.7423 -0.285522
v -31.6282 10.9248 -0.318466
v -31.5083 10.9248 -2.76466
v -30.8349 9.7423 -2.73172
v -30.8349 9.7423 -2.73172
v -31.5083 8.55976 -2.76466
v -31.6282 8.55976 -0.318466
v -30.9548 9.7423 -0.285522
v -32.8556 8.55976 -2.83055
v -32.9755 8.55976 -0.384354
v -33.529 9.7423 -2.86348
v -33.6489 9.7423 -0.417282
v -32.8556 10.9248 -2.83055
v -32.9755 10.9248 -0.384354
v -25.7406 57.7805 -5.65961
v -25.8545 57.7805 -5.11366
v -25.1622 57.382 -4.96895
v -25.0483 57.382 -5.51489
v -24.7923 57.348 -6.60028
v -25.4565 57.713 -6.73908
v -25.3626 57.348 -3.87221
v -26.0268 57.713 -4.01099
v -28.9185 60.2743 -11.8367
v -29.2009 60.2743 -10.484
v -30.9575 60.2743 -2.07779
v -31.2399 60.2743 -0.725082
v -25.0251 55.6762 -3.78256
v -24.7945 55.6762 -4.88849
v -24.6789 55.6762 -5.44144
v -24.4478 55.6762 -6.54738
v -13.3551 56.2712 22.7579
v -12.8713 56.2712 23.0349
v -13.3864 56.889 23.934
v -13.8697 56.889 23.657
v -14.3082 56.2372 22.179
v -14.8093 56.821 23.0533
v -12.3907 56.821 24.4389
v -11.8896 56.2372 23.5641
v -19.5279 59.3822 25.4574
v -20.7272 59.3822 24.7705
v -10.8765 59.3822 30.4119
v -12.0759 59.3822 29.725
v -12.9237 54.0761 22.0008
v -13.8973 54.7312 21.4435
v -12.4366 54.0761 22.28
v -11.463 54.7312 22.8373
v 28.2438 9.7423 11.474
v 29.0851 11.3116 11.7937
v 29.5781 11.3116 10.4966
v 28.7363 9.7423 10.177
v 28.7363 9.7423 10.177
v 29.5781 8.17301 10.4966
v 29.0851 8.17301 11.7937
v 28.2438 9.7423 11.474
v 31.2613 8.17301 11.136
v 30.7688 8.17301 12.4331
v 32.1031 9.7423 11.4557
v 31.6101 9.7423 12.7533
v 31.2613 11.3116 11.136
v 30.7688 11.3116 12.4331
v 29.3475 9.7423 9.84109
v 29.9777 10.9248 10.0809
v 29.1083 10.9248 12.3699
v 28.4776 9.7423 12.1307
v 28.4776 9.7423 12.1307
v 29.1083 8.55976 12.3699
v 29.9777 8.55976 10.0809
v 29.3475 9.7423 9.84109
v 30.3692 8.55976 12.8489
v 31.2386 8.55976 10.5598
v 30.9994 9.7423 13.0887
v 31.8688 9.7423 10.7991
v 30.3692 10.9248 12.8489
v 31.2386 10.9248 10.5598
v 0.622237 40.4523 30.7477
v 1.66281 50.3486 33.8484
v 2.78224 49.8932 34.3296
v 1.86207 40.2955 31.2105
v 1.66281 50.3486 33.8484
v 0.622237 40.4523 30.7477
v -0.489091 40.2956 31.4659
v 0.610351 50.5053 34.5315
v 2.85028 49.5905 35.5089
v 1.99168 39.9787 32.4034
v 0.621154 29.8937 30.7369
v 1.66281 19.991 33.8101
v 0.610351 19.8444 34.5153
v -0.489625 30.0568 31.4611
v 1.66281 19.991 33.8101
v 0.621154 29.8937 30.7369
v 1.86153 30.0568 31.2057
v 2.78277 20.4566 34.3133
v 1.99222 30.3859 32.4093
v 2.85028 20.7779 35.53
v 0.677856 20.1657 35.7319
v -0.358933 30.3859 32.6647
v -0.359483 39.9786 32.6588
v 0.677856 50.2026 35.7114
v 1.79835 20.6336 36.2433
v 0.882522 30.5518 33.1443
v 0.881438 39.8186 33.1335
v 1.79835 49.7433 36.2071
v 1.65471 57.7946 33.6243
v 2.64561 57.2362 32.9002
v 2.64561 57.2362 32.9002
v 3.9238 57.1682 33.3678
v 4.20514 57.6364 34.572
v 3.93837 13.0993 33.3225
v 2.67316 12.9931 32.8332
v 2.67316 12.9931 32.8332
v 1.66876 12.505 33.5973
v 4.19325 12.7902 34.612
v 1.66876 12.505 33.5973
v 1.92256 12.1321 34.8458
v 1.93445 58.2536 34.8307
v 3.18184 12.3279 35.3825
v 3.20721 58.1515 35.3188
v 2.80383 69.0044 25.8289
v 1.70116 69.0044 26.627
v 1.84695 69.005 27.9678
v 3.09543 69.005 28.5105
v 4.19812 69.005 27.7124
v 4.05231 69.0044 26.3716
v 2.80383 69.0044 25.8289
v 2.80383 1.5245 25.8289
v 1.70116 1.43906 26.627
v 1.84695 1.26807 27.9678
v 3.09543 1.18257 28.5105
v 4.19812 1.26807 27.7124
v 4.05231 1.43906 26.3716
v 2.80383 1.5245 25.8289
v -13.34 57.7805 22.732
v -12.8562 57.7805 23.009
v -12.5052 57.382 22.3956
v -12.989 57.382 22.1185
v -13.9421 57.348 21.5397
v -14.2791 57.713 22.1283
v -11.5235 57.348 22.9248
v -11.8609 57.713 23.5134
v -20.1975 60.2743 23.8454
v -18.9981 60.2743 24.5323
v -11.5461 60.2743 28.8
v -10.3468 60.2743 29.4868
v -11.3344 55.6762 22.6315
v -12.3145 55.6762 22.0705
v -12.8049 55.6762 21.7897
v -13.785 55.6762 21.2281
v -25.5138 14.0707 -6.75095
v -24.7923 12.9603 -6.60028
v -25.4565 12.5954 -6.73908
v -26.5003 13.4874 -6.95721
v -27.07 13.4874 -4.22861
v -26.0268 12.5954 -4.01099
v -25.3626 12.9603 -3.87221
v -26.084 14.0707 -4.02287
v -28.9185 10.0339 -11.8367
v -29.9617 10.9259 -12.0548
v -32.2832 10.9259 -0.943253
v -31.2399 10.0339 -0.725082
v -24.687 15.5772 -6.58733
v -24.9165 16.232 -5.48897
v -24.6789 14.6319 -5.44144
v -24.4478 14.6319 -6.54738
v -25.0315 16.232 -4.93979
v -24.7945 14.6319 -4.88849
v -25.261 15.5772 -3.84143
v -25.0251 14.6319 -3.78256
v -25.261 15.5772 -3.84143
v -24.687 15.5772 -6.58733
v 23.1969 9.7423 -21.0329
v 28.5618 9.7423 -12.8346
v 29.185 10.9248 -13.1143
v 23.7029 10.9248 -21.4913
v 15.5613 9.7423 -27.1721
v 15.901 10.9248 -27.7645
v 6.40239 9.7423 -30.6514
v 6.54172 10.9248 -31.3199
v -3.38349 9.7423 -31.1298
v -3.45747 10.9248 -31.8086
v -12.8389 9.7423 -28.561
v -13.1186 10.9248 -29.1842
v -21.0372 9.7423 -23.1961
v -21.4956 10.9248 -23.7021
v -27.1764 9.7423 -15.5605
v -27.7688 10.9248 -15.9002
v -30.6556 9.7423 -6.40157
v -31.3236 10.9248 -6.54088
v -31.1341 9.7423 3.38432
v -31.8129 10.9248 3.4583
v -28.5653 9.7423 12.8392
v -29.1879 10.9248 13.1194
v 30.4302 10.9248 -13.6743
v 24.7143 10.9248 -22.4088
v 16.5792 10.9248 -28.9498
v 6.82089 10.9248 -32.6564
v -3.60489 10.9248 -33.1661
v -13.6781 10.9248 -30.4294
v -22.4131 10.9248 -24.7135
v -28.9536 10.9248 -16.5784
v -32.6607 10.9248 -6.8206
v -33.1704 10.9248 3.60571
v -30.4337 10.9248 13.6789
v 31.0529 9.7423 -13.954
v 25.2203 9.7423 -22.8672
v 16.9189 9.7423 -29.5422
v 6.96075 9.7423 -33.3249
v -3.67886 9.7423 -33.8449
v -13.9583 9.7423 -31.052
v -22.8716 9.7423 -25.2195
v -29.5459 9.7423 -16.9181
v -33.3286 9.7423 -6.95993
v -33.8492 9.7423 3.6797
v -31.0563 9.7423 13.9591
v 30.4302 8.55976 -13.6743
v 24.7143 8.55976 -22.4088
v 16.5792 8.55976 -28.9498
v 6.82089 8.55976 -32.6564
v -3.60489 8.55976 -33.1661
v -13.6781 8.55976 -30.4294
v -22.4131 8.55976 -24.7135
v -28.9536 8.55976 -16.5784
v -32.6607 8.55976 -6.8206
v -33.1704 8.55976 3.60571
v -30.4337 8.55976 13.6789
v 29.185 8.55976 -13.1143
v 23.7029 8.55976 -21.4913
v 15.901 8.55976 -27.7645
v 6.54172 8.55976 -31.3199
v -3.45747 8.55976 -31.8086
v -13.1186 8.55976 -29.1842
v -21.4956 8.55976 -23.7021
v -27.7688 8.55976 -15.9002
v -31.3236 8.55976 -6.54088
v -31.8129 8.55976 3.4583
v -29.1879 8.55976 13.1194
v 28.5618 9.7423 -12.8346
v 23.1969 9.7423 -21.0329
v 15.5613 9.7423 -27.1721
v 6.40239 9.7423 -30.6514
v -3.38349 9.7423 -31.1298
v -12.8389 9.7423 -28.561
v -21.0372 9.7423 -23.1961
v -27.1764 9.7423 -15.5605
v -30.6556 9.7423 -6.40157
v -31.1341 9.7423 3.38432
v -28.5653 9.7423 12.8392
v -25.7406 12.5274 -5.65961
v -25.0483 12.9263 -5.51489
v -25.1622 12.9263 -4.96895
v -25.8545 12.5274 -5.11366
v -25.4565 12.5954 -6.73908
v -24.7923 12.9603 -6.60028
v -25.3626 12.9603 -3.87221
v -26.0268 12.5954 -4.01099
v -29.2009 10.0339 -10.484
v -28.9185 10.0339 -11.8367
v -31.2399 10.0339 -0.725082
v -30.9575 10.0339 -2.07779
v -24.4478 14.6319 -6.54738
v -24.6789 14.6319 -5.44144
v -24.7945 14.6319 -4.88849
v -25.0251 14.6319 -3.78256
v 13.8668 13.4194 -23.6519
v 13.3365 12.5274 -22.7269
v 12.8532 12.5274 -23.0039
v 13.383 13.4194 -23.9289
v 19.5249 10.9259 -25.4522
v 18.9947 10.0339 -24.5272
v 11.5426 10.0339 -28.7954
v 12.0724 10.9259 -29.7204
v -25.8837 14.0367 -5.12015
v -25.7697 14.0367 -5.66556
v -26.7838 13.4194 -5.87723
v -26.8978 13.4194 -5.33183
v -25.5138 14.0707 -6.75095
v -26.5003 13.4874 -6.95721
v -27.07 13.4874 -4.22861
v -26.084 14.0707 -4.02287
v -29.9617 10.9259 -12.0548
v -30.2447 10.9259 -10.7021
v -32.0008 10.9259 -2.29594
v -32.2832 10.9259 -0.943253
v -25.261 15.5772 -3.84143
v -25.0315 16.232 -4.93979
v -24.9165 16.232 -5.48897
v -24.687 15.5772 -6.58733
v 26.7804 13.4194 5.88235
v 25.7371 12.5274 5.66419
v 25.851 12.5274 5.11879
v 26.8949 13.4194 5.33696
v 30.2412 10.9259 10.7072
v 29.198 10.0339 10.4891
v 30.954 10.0339 2.08292
v 31.9973 10.9259 2.30107
v 19.2182 69.0044 -17.4251
v 23.663 69.0044 -10.633
v 24.2856 70.187 -10.9127
v 19.7242 70.187 -17.8836
v 12.8921 69.0044 -22.5114
v 13.2312 70.187 -23.1038
v 5.30403 69.0044 -25.3939
v 5.44336 70.187 -26.0624
v -2.80353 69.0044 -25.7903
v -2.8775 70.187 -26.469
v -10.6368 69.0044 -23.6621
v -10.917 70.187 -24.2847
v -17.4294 69.0044 -19.2174
v -17.8879 70.187 -19.7234
v -22.5157 69.0044 -12.8913
v -23.1081 70.187 -13.231
v -25.3982 69.0044 -5.30321
v -26.0662 70.187 -5.44252
v -25.7946 69.0044 2.80435
v -26.4733 70.187 2.87833
v -23.6664 69.0044 10.6376
v -24.289 70.187 10.9178
v 25.5314 70.187 -11.4722
v 20.7356 70.187 -18.801
v 13.91 70.187 -24.2885
v 5.72253 70.187 -27.3989
v -3.02492 70.187 -27.8266
v -11.4765 70.187 -25.5305
v -18.8048 70.187 -20.7348
v -24.2928 70.187 -13.9092
v -27.4032 70.187 -5.72224
v -27.8309 70.187 3.02574
v -25.5348 70.187 11.4773
v 26.154 69.0044 -11.7524
v 21.2416 69.0044 -19.2595
v 14.2497 69.0044 -24.8815
v 5.86239 69.0044 -28.0674
v -3.09836 69.0044 -28.5054
v -11.7562 69.0044 -26.1532
v -19.2638 69.0044 -21.2408
v -24.8852 69.0044 -14.2488
v -28.0712 69.0044 -5.86157
v -28.5097 69.0044 3.0992
v -26.1574 69.0044 11.757
v 25.5314 67.8224 -11.4722
v 20.7356 67.8224 -18.801
v 13.91 67.8224 -24.2885
v 5.72253 67.8224 -27.3989
v -3.02492 67.8224 -27.8266
v -11.4765 67.8224 -25.5305
v -18.8048 67.8224 -20.7348
v -24.2928 67.8224 -13.9092
v -27.4032 67.8224 -5.72224
v -27.8309 67.8224 3.02574
v -25.5348 67.8224 11.4773
v 24.2856 67.8224 -10.9127
v 19.7242 67.8224 -17.8836
v 13.2312 67.8224 -23.1038
v 5.44336 67.8224 -26.0624
v -2.8775 67.8224 -26.469
v -10.917 67.8224 -24.2847
v -17.8879 67.8224 -19.7234
v -23.1081 67.8224 -13.231
v -26.0662 67.8224 -5.44252
v -26.4733 67.8224 2.87833
v -24.289 67.8224 10.9178
v 23.663 69.0044 -10.633
v 19.2182 69.0044 -17.4251
v 12.8921 69.0044 -22.5114
v 5.30403 69.0044 -25.3939
v -2.80353 69.0044 -25.7903
v -10.6368 69.0044 -23.6621
v -17.4294 69.0044 -19.2174
v -22.5157 69.0044 -12.8913
v -25.3982 69.0044 -5.30321
v -25.7946 69.0044 2.80435
v -23.6664 69.0044 10.6376
v -25.7697 56.2712 -5.66556
v -25.8837 56.2712 -5.12015
v -26.8978 56.889 -5.33183
v -26.7838 56.889 -5.87723
v -25.5138 56.2372 -6.75095
v -26.5003 56.821 -6.95721
v -27.07 56.821 -4.22861
v -26.084 56.2372 -4.02287
v -30.2447 59.3822 -10.7021
v -29.9617 59.3822 -12.0548
v -32.2832 59.3822 -0.943253
v -32.0008 59.3822 -2.29594
v -24.9165 54.0761 -5.48897
v -24.687 54.7312 -6.58733
v -25.0315 54.0761 -4.93979
v -25.261 54.7312 -3.84143
v -11.4732 9.7423 28.2475
v -11.7929 11.3116 29.0894
v -10.4958 11.3116 29.5824
v -10.1761 9.7423 28.7406
v -10.1761 9.7423 28.7406
v -10.4958 8.17301 29.5824
v -11.7929 8.17301 29.0894
v -11.4732 9.7423 28.2475
v -11.1352 8.17301 31.2656
v -12.4323 8.17301 30.7726
v -11.4549 9.7423 32.1075
v -12.7525 9.7423 31.6144
v -11.1352 11.3116 31.2656
v -12.4323 11.3116 30.7726
v -9.84081 9.7423 29.3513
v -10.08 10.9248 29.982
v -12.3691 10.9248 29.1121
v -12.1299 9.7423 28.4819
v -12.1299 9.7423 28.4819
v -12.3691 8.55976 29.1121
v -10.08 8.55976 29.982
v -9.84081 9.7423 29.3513
v -12.8481 8.55976 30.373
v -10.559 8.55976 31.2429
v -13.0878 9.7423 31.0037
v -10.7982 9.7423 31.8731
v -12.8481 10.9248 30.373
v -10.559 10.9248 31.2429
v -22.5789 40.4523 -20.8768
v -22.1015 40.2955 -22.1113
v -23.823 49.8932 -24.8701
v -24.2064 50.3486 -23.7134
v -24.2064 50.3486 -23.7134
v -25.416 50.5053 -23.3802
v -23.8533 40.2956 -20.5226
v -22.5789 40.4523 -20.8768
v -22.9072 39.9787 -23.0001
v -24.66 49.5905 -25.7039
v -22.5713 29.8937 -20.8687
v -23.8506 30.0568 -20.5188
v -25.4041 19.8444 -23.3694
v -24.1778 19.991 -23.688
v -24.1778 19.991 -23.688
v -23.8106 20.4566 -24.8593
v -22.0983 30.0568 -22.1075
v -22.5713 29.8937 -20.8687
v -24.6757 20.7779 -25.7179
v -22.9115 30.3859 -23.0044
v -24.6638 30.3859 -21.4157
v -26.2687 20.1657 -24.2281
v -26.253 50.2026 -24.214
v -24.6595 39.9786 -21.4114
v -24.1978 30.5518 -22.6626
v -25.9074 20.6336 -25.4047
v -25.8804 49.7433 -25.381
v -24.1908 39.8186 -22.6545
v -22.3461 57.1682 -25.085
v -22.8445 57.2362 -23.8193
v -22.8445 57.2362 -23.8193
v -24.0439 57.7957 -23.5579
v -23.0595 57.6364 -26.0954
v -24.0147 12.505 -23.5509
v -22.777 12.9931 -23.795
v -22.777 12.9931 -23.795
v -22.3018 13.0979 -25.0656
v -23.0973 12.7902 -26.1121
v -24.7799 12.1321 -24.5699
v -24.0439 57.7957 -23.5579
v -24.7605 58.2536 -24.5688
v -24.3452 12.3289 -25.8686
v -24.2804 58.1515 -25.8448
v -23.0595 57.6364 -26.0954
v -17.4516 69.0044 -19.2422
v -18.781 69.0044 -18.9474
v -19.6866 69.005 -19.9469
v -19.2638 69.005 -21.2408
v -17.9349 69.005 -21.5356
v -17.0287 69.0044 -20.5361
v -17.4516 69.0044 -19.2422
v -18.781 1.43906 -18.9474
v -17.4516 1.5245 -19.2422
v -19.6866 1.26807 -19.9469
v -19.2638 1.18257 -21.2408
v -17.9349 1.26807 -21.5356
v -17.0287 1.43906 -20.5361
v -17.4516 1.5245 -19.2422
vt 0.581482 0.34588
vt 0.581482 0.351913
vt 0.58856 0.351913
vt 0.58856 0.34588
vt 0.623793 0.351913
vt 0.623793 0.34588
vt 0.616716 0.34588
vt 0.616716 0.351913
vt 0.609702 0.34588
vt 0.609702 0.351913
vt 0.602638 0.34588
vt 0.602638 0.351913
vt 0.595574 0.34588
vt 0.595574 0.351913
vt 0.581482 0.354872
vt 0.58856 0.354872
vt 0.58856 0.342921
vt 0.581482 0.342921
vt 0.623793 0.342921
vt 0.616716 0.342921
vt 0.616716 0.354872
vt 0.623793 0.354872
vt 0.609702 0.342921
vt 0.609702 0.354872
vt 0.602638 0.342921
vt 0.602638 0.354872
vt 0.595574 0.342921
vt 0.595574 0.354872
vt 0.803859 0.594953
vt 0.806252 0.594954
vt 0.806246 0.589777
vt 0.803865 0.589778
vt 0.799071 0.595098
vt 0.799086 0.59012
vt 0.811025 0.590119
vt 0.81104 0.595098
vt 0.786726 0.568146
vt 0.780804 0.568128
vt 0.829307 0.568128
vt 0.823385 0.568146
vt 0.803855 0.605084
vt 0.79894 0.602484
vt 0.806256 0.605083
vt 0.811171 0.602483
vt 0.862661 0.609292
vt 0.865054 0.609292
vt 0.865048 0.604115
vt 0.862666 0.604116
vt 0.869842 0.609436
vt 0.869826 0.604457
vt 0.857887 0.604458
vt 0.857872 0.609436
vt 0.888107 0.582464
vt 0.882185 0.582483
vt 0.845526 0.582485
vt 0.839604 0.582467
vt 0.857741 0.616821
vt 0.862656 0.619421
vt 0.865057 0.619422
vt 0.869973 0.616822
vt 0.970788 0.620601
vt 0.973181 0.620601
vt 0.973176 0.615424
vt 0.970794 0.615425
vt 0.977969 0.620746
vt 0.977954 0.615767
vt 0.966015 0.615766
vt 0.965999 0.620744
vt 0.996239 0.593778
vt 0.990317 0.593795
vt 0.953658 0.593791
vt 0.947736 0.593772
vt 0.965867 0.628129
vt 0.970781 0.63073
vt 0.973183 0.630731
vt 0.978098 0.628132
vt 0.623171 0.038968
vt 0.586764 0.038968
vt 0.586764 0.04481
vt 0.623171 0.04481
vt 0.659578 0.038968
vt 0.659578 0.04481
vt 0.695986 0.038968
vt 0.695986 0.04481
vt 0.732393 0.038968
vt 0.732393 0.04481
vt 0.404738 0.038968
vt 0.368207 0.038968
vt 0.368208 0.04481
vt 0.404738 0.04481
vt 0.441138 0.038968
vt 0.441138 0.04481
vt 0.477542 0.038968
vt 0.477542 0.04481
vt 0.513949 0.038968
vt 0.513949 0.04481
vt 0.550356 0.038968
vt 0.550356 0.04481
vt 0.586764 0.050595
vt 0.623171 0.050595
vt 0.659578 0.050595
vt 0.695986 0.050595
vt 0.732393 0.050595
vt 0.368207 0.050595
vt 0.404738 0.050595
vt 0.441138 0.050595
vt 0.477542 0.050595
vt 0.513949 0.050595
vt 0.550356 0.050595
vt 0.586764 0.056512
vt 0.623171 0.056512
vt 0.659578 0.056512
vt 0.695986 0.056512
vt 0.732393 0.056512
vt 0.368208 0.056512
vt 0.404738 0.056512
vt 0.441138 0.056512
vt 0.477542 0.056512
vt 0.513949 0.056512
vt 0.550356 0.056512
vt 0.586764 0.062428
vt 0.623171 0.062428
vt 0.659578 0.062428
vt 0.695986 0.062428
vt 0.732393 0.062428
vt 0.368207 0.062428
vt 0.404738 0.062428
vt 0.441138 0.062428
vt 0.477542 0.062428
vt 0.513949 0.062428
vt 0.550356 0.062428
vt 0.586764 0.068214
vt 0.623171 0.068214
vt 0.659578 0.068214
vt 0.695986 0.068214
vt 0.732393 0.068214
vt 0.368207 0.068214
vt 0.404738 0.068214
vt 0.441138 0.068214
vt 0.477542 0.068214
vt 0.513949 0.068214
vt 0.550356 0.068214
vt 0.586764 0.074056
vt 0.623171 0.074056
vt 0.659578 0.074056
vt 0.695986 0.074056
vt 0.732393 0.074056
vt 0.368208 0.074056
vt 0.404738 0.074056
vt 0.441138 0.074056
vt 0.477542 0.074056
vt 0.513949 0.074056
vt 0.550356 0.074056
vt 0.738593 0.851725
vt 0.738592 0.857682
vt 0.74098 0.857682
vt 0.740981 0.851725
vt 0.712039 0.8442
vt 0.712038 0.850157
vt 0.767537 0.850167
vt 0.767538 0.84421
vt 0.862709 0.582168
vt 0.862708 0.585647
vt 0.865098 0.585647
vt 0.865096 0.582167
vt 0.857929 0.58252
vt 0.857929 0.58582
vt 0.869878 0.585818
vt 0.869876 0.582518
vt 0.845526 0.56057
vt 0.839604 0.560563
vt 0.888197 0.560558
vt 0.882274 0.560566
vt 0.857853 0.593137
vt 0.862694 0.593134
vt 0.865114 0.593133
vt 0.869955 0.593135
vt 0.882727 0.698733
vt 0.884574 0.693329
vt 0.881365 0.692554
vt 0.877915 0.69741
vt 0.909861 0.697415
vt 0.906412 0.692557
vt 0.903203 0.693332
vt 0.905049 0.698736
vt 0.854515 0.682705
vt 0.851065 0.687561
vt 0.936713 0.687574
vt 0.933265 0.682717
vt 0.887857 0.704062
vt 0.892684 0.706838
vt 0.892677 0.699902
vt 0.887836 0.69988
vt 0.895088 0.706838
vt 0.895098 0.699902
vt 0.899916 0.704064
vt 0.899939 0.699882
vt 0.899916 0.704064
vt 0.887857 0.704062
vt 0.919968 0.644443
vt 0.922361 0.644444
vt 0.922355 0.639266
vt 0.919973 0.639268
vt 0.91518 0.644589
vt 0.915194 0.639611
vt 0.927134 0.639608
vt 0.92715 0.644587
vt 0.902831 0.617639
vt 0.896909 0.617622
vt 0.945412 0.617614
vt 0.93949 0.617633
vt 0.919966 0.654574
vt 0.91505 0.651974
vt 0.922367 0.654573
vt 0.927282 0.651972
vt 0.472894 0.807472
vt 0.470506 0.807472
vt 0.470506 0.813429
vt 0.472895 0.813429
vt 0.499449 0.805906
vt 0.499449 0.799949
vt 0.44395 0.799955
vt 0.44395 0.805912
vt 0.111175 0.07413
vt 0.147583 0.07413
vt 0.147583 0.068288
vt 0.111175 0.068288
vt 0.074768 0.07413
vt 0.074768 0.068288
vt 0.03836 0.07413
vt 0.03836 0.068288
vt 0.001953 0.07413
vt 0.001953 0.068288
vt 0.329608 0.07413
vt 0.366139 0.07413
vt 0.366139 0.068288
vt 0.329609 0.068288
vt 0.293209 0.07413
vt 0.293209 0.068288
vt 0.256805 0.07413
vt 0.256805 0.068288
vt 0.220397 0.07413
vt 0.220397 0.068288
vt 0.18399 0.07413
vt 0.18399 0.068288
vt 0.147583 0.062502
vt 0.111175 0.062502
vt 0.074768 0.062502
vt 0.03836 0.062502
vt 0.001953 0.062502
vt 0.366139 0.062502
vt 0.329608 0.062502
vt 0.293209 0.062502
vt 0.256805 0.062502
vt 0.220397 0.062502
vt 0.18399 0.062502
vt 0.147583 0.056586
vt 0.111175 0.056586
vt 0.074768 0.056586
vt 0.03836 0.056586
vt 0.001953 0.056586
vt 0.366139 0.056586
vt 0.329609 0.056586
vt 0.293209 0.056586
vt 0.256805 0.056586
vt 0.220397 0.056586
vt 0.18399 0.056586
vt 0.147583 0.05067
vt 0.111175 0.05067
vt 0.074768 0.05067
vt 0.03836 0.05067
vt 0.001953 0.05067
vt 0.366139 0.05067
vt 0.329608 0.05067
vt 0.293209 0.05067
vt 0.256805 0.05067
vt 0.220397 0.05067
vt 0.18399 0.05067
vt 0.147583 0.044884
vt 0.111175 0.044884
vt 0.074768 0.044884
vt 0.038361 0.044884
vt 0.001953 0.044884
vt 0.366139 0.044884
vt 0.329608 0.044884
vt 0.293209 0.044884
vt 0.256805 0.044884
vt 0.220397 0.044884
vt 0.18399 0.044884
vt 0.147583 0.039042
vt 0.111175 0.039042
vt 0.074768 0.039042
vt 0.03836 0.039042
vt 0.001953 0.039042
vt 0.366139 0.039042
vt 0.329608 0.039042
vt 0.293209 0.039042
vt 0.256805 0.039042
vt 0.220397 0.039042
vt 0.18399 0.039042
vt 0.579758 0.664408
vt 0.581605 0.659004
vt 0.578396 0.658229
vt 0.574946 0.663085
vt 0.606892 0.663088
vt 0.603443 0.65823
vt 0.600233 0.659005
vt 0.60208 0.664409
vt 0.551545 0.648382
vt 0.548096 0.653238
vt 0.633744 0.653245
vt 0.630295 0.648388
vt 0.584889 0.669737
vt 0.589716 0.672512
vt 0.589708 0.665576
vt 0.584867 0.665554
vt 0.59212 0.672512
vt 0.592129 0.665576
vt 0.596948 0.669738
vt 0.59697 0.665555
vt 0.596948 0.669738
vt 0.584889 0.669737
vt 0.930794 0.804729
vt 0.930794 0.810761
vt 0.937872 0.810761
vt 0.937872 0.804729
vt 0.973105 0.810761
vt 0.973105 0.804729
vt 0.966028 0.804729
vt 0.966028 0.810761
vt 0.959014 0.804729
vt 0.959014 0.810761
vt 0.95195 0.804729
vt 0.95195 0.810761
vt 0.944886 0.804729
vt 0.944886 0.810761
vt 0.930794 0.813721
vt 0.937872 0.813721
vt 0.937872 0.80177
vt 0.930794 0.80177
vt 0.973105 0.80177
vt 0.966028 0.80177
vt 0.966028 0.813721
vt 0.973105 0.813721
vt 0.959014 0.80177
vt 0.959014 0.813721
vt 0.95195 0.80177
vt 0.95195 0.813721
vt 0.944886 0.80177
vt 0.944886 0.813721
vt 0.909865 0.336409
vt 0.909865 0.342441
vt 0.916943 0.342441
vt 0.916943 0.336409
vt 0.952176 0.342441
vt 0.952176 0.336409
vt 0.945099 0.336409
vt 0.945099 0.342441
vt 0.938085 0.336409
vt 0.938085 0.342441
vt 0.931021 0.336409
vt 0.931021 0.342441
vt 0.923957 0.336409
vt 0.923957 0.342441
vt 0.909865 0.3454
vt 0.916943 0.3454
vt 0.916943 0.333449
vt 0.909865 0.333449
vt 0.952176 0.333449
vt 0.945099 0.333449
vt 0.945099 0.3454
vt 0.952176 0.3454
vt 0.938085 0.333449
vt 0.938085 0.3454
vt 0.931021 0.333449
vt 0.931021 0.3454
vt 0.923957 0.333449
vt 0.923957 0.3454
vt 0.120051 0.33802
vt 0.127129 0.33802
vt 0.127129 0.331987
vt 0.120051 0.331987
vt 0.162363 0.331987
vt 0.155285 0.331987
vt 0.155285 0.33802
vt 0.162363 0.33802
vt 0.148271 0.331987
vt 0.148271 0.33802
vt 0.141207 0.331987
vt 0.141207 0.33802
vt 0.134143 0.331987
vt 0.134143 0.33802
vt 0.120051 0.329028
vt 0.127129 0.329028
vt 0.127129 0.340979
vt 0.120051 0.340979
vt 0.162363 0.340979
vt 0.155285 0.340979
vt 0.155285 0.329028
vt 0.162363 0.329028
vt 0.148271 0.340979
vt 0.148271 0.329028
vt 0.141207 0.340979
vt 0.141207 0.329028
vt 0.134143 0.340979
vt 0.134143 0.329028
vt 0.395026 0.270956
vt 0.438684 0.270956
vt 0.438684 0.265098
vt 0.395026 0.265098
vt 0.351368 0.270956
vt 0.351368 0.265098
vt 0.307709 0.270956
vt 0.307709 0.265098
vt 0.264051 0.270956
vt 0.264051 0.265098
vt 0.220393 0.270956
vt 0.220393 0.265098
vt 0.176734 0.270956
vt 0.176734 0.265098
vt 0.133076 0.270956
vt 0.133076 0.265098
vt 0.089417 0.270956
vt 0.089417 0.265098
vt 0.045764 0.270956
vt 0.045764 0.265098
vt 0.001953 0.270956
vt 0.001953 0.265098
vt 0.438684 0.259308
vt 0.395026 0.259308
vt 0.351368 0.259308
vt 0.307709 0.259308
vt 0.264051 0.259308
vt 0.220392 0.259308
vt 0.176734 0.259308
vt 0.133076 0.259308
vt 0.089417 0.259308
vt 0.045764 0.259308
vt 0.001953 0.259308
vt 0.438684 0.253449
vt 0.395026 0.253449
vt 0.351368 0.253449
vt 0.307709 0.253449
vt 0.264051 0.253449
vt 0.220392 0.253449
vt 0.176734 0.253449
vt 0.133076 0.253449
vt 0.089418 0.253449
vt 0.045764 0.253449
vt 0.001953 0.253449
vt 0.438684 0.247591
vt 0.395026 0.247591
vt 0.351368 0.247591
vt 0.307709 0.247591
vt 0.264051 0.247591
vt 0.220392 0.247591
vt 0.176734 0.247591
vt 0.133076 0.247591
vt 0.089417 0.247591
vt 0.045764 0.247591
vt 0.001953 0.247591
vt 0.438684 0.241801
vt 0.395026 0.241801
vt 0.351368 0.241801
vt 0.307709 0.241801
vt 0.264051 0.241801
vt 0.220392 0.241801
vt 0.176734 0.241801
vt 0.133076 0.241801
vt 0.089417 0.241801
vt 0.045764 0.241801
vt 0.001953 0.241801
vt 0.438684 0.235943
vt 0.395026 0.235943
vt 0.351368 0.235943
vt 0.307709 0.235943
vt 0.264051 0.235943
vt 0.220392 0.235943
vt 0.176734 0.235943
vt 0.133076 0.235943
vt 0.089417 0.235943
vt 0.045764 0.235943
vt 0.001953 0.235943
vt 0.873306 0.641066
vt 0.875152 0.64647
vt 0.879964 0.645148
vt 0.876515 0.640291
vt 0.848019 0.645149
vt 0.852831 0.646471
vt 0.854677 0.641066
vt 0.851467 0.640292
vt 0.906815 0.635302
vt 0.903366 0.630445
vt 0.824616 0.630448
vt 0.821167 0.635305
vt 0.857962 0.651799
vt 0.86279 0.654574
vt 0.862781 0.647638
vt 0.85794 0.647617
vt 0.865194 0.654574
vt 0.865202 0.647638
vt 0.870021 0.651799
vt 0.870043 0.647617
vt 0.870021 0.651799
vt 0.857962 0.651799
vt 0.985065 0.371585
vt 0.977987 0.371585
vt 0.977987 0.377618
vt 0.985065 0.377618
vt 0.942753 0.377618
vt 0.949831 0.377618
vt 0.949831 0.371585
vt 0.942753 0.371585
vt 0.956845 0.377618
vt 0.956845 0.371585
vt 0.963909 0.377618
vt 0.963909 0.371585
vt 0.970973 0.377618
vt 0.970973 0.371585
vt 0.985065 0.380577
vt 0.977987 0.380577
vt 0.977987 0.368626
vt 0.985065 0.368626
vt 0.942753 0.368626
vt 0.949831 0.368626
vt 0.949831 0.380577
vt 0.942753 0.380577
vt 0.956845 0.368626
vt 0.956845 0.380577
vt 0.963909 0.368626
vt 0.963909 0.380577
vt 0.970973 0.368626
vt 0.970973 0.380577
vt 0.810074 0.502914
vt 0.810074 0.497292
vt 0.765327 0.497292
vt 0.765327 0.502914
vt 0.765327 0.469517
vt 0.765327 0.475138
vt 0.810074 0.475138
vt 0.810073 0.469517
vt 0.810074 0.492064
vt 0.765327 0.492064
vt 0.852279 0.469517
vt 0.852279 0.475138
vt 0.897061 0.475138
vt 0.897061 0.469517
vt 0.897061 0.502914
vt 0.897061 0.497292
vt 0.852279 0.497292
vt 0.852279 0.502914
vt 0.897061 0.492064
vt 0.852279 0.492064
vt 0.852279 0.480365
vt 0.897061 0.480365
vt 0.765327 0.480365
vt 0.810073 0.480365
vt 0.852279 0.486232
vt 0.897061 0.486232
vt 0.765327 0.486232
vt 0.810074 0.486232
vt 0.732417 0.497292
vt 0.732417 0.502914
vt 0.732417 0.469517
vt 0.732417 0.475138
vt 0.732417 0.492064
vt 0.930072 0.475138
vt 0.930072 0.469517
vt 0.930072 0.502914
vt 0.930072 0.497292
vt 0.930072 0.492064
vt 0.930072 0.480365
vt 0.732417 0.475138
vt 0.732417 0.480365
vt 0.930072 0.486232
vt 0.732417 0.486232
vt 0.732417 0.492064
vt 0.67616 0.469517
vt 0.67616 0.475138
vt 0.67616 0.480365
vt 0.67616 0.486232
vt 0.67616 0.492064
vt 0.67616 0.497292
vt 0.67616 0.502914
vt 0.986327 0.475138
vt 0.986327 0.469517
vt 0.986327 0.480365
vt 0.986327 0.486232
vt 0.986327 0.492064
vt 0.986327 0.497292
vt 0.986327 0.502914
vt 0.93777 0.52666
vt 0.93777 0.532693
vt 0.944848 0.532693
vt 0.944848 0.52666
vt 0.980082 0.532693
vt 0.980082 0.52666
vt 0.973004 0.52666
vt 0.973004 0.532693
vt 0.96599 0.52666
vt 0.96599 0.532693
vt 0.958926 0.52666
vt 0.958926 0.532693
vt 0.951862 0.52666
vt 0.951862 0.532693
vt 0.93777 0.535652
vt 0.944848 0.535652
vt 0.944848 0.523701
vt 0.93777 0.523701
vt 0.980082 0.523701
vt 0.973004 0.523701
vt 0.973004 0.535652
vt 0.980082 0.535652
vt 0.96599 0.523701
vt 0.96599 0.535652
vt 0.958926 0.523701
vt 0.958926 0.535652
vt 0.951862 0.523701
vt 0.951862 0.535652
vt 0.894959 0.685611
vt 0.89257 0.685612
vt 0.89257 0.691569
vt 0.894959 0.691568
vt 0.921514 0.684046
vt 0.921513 0.678089
vt 0.866014 0.678094
vt 0.866015 0.684051
vt 0.954391 0.696984
vt 0.954389 0.700464
vt 0.956779 0.700464
vt 0.956778 0.696985
vt 0.949611 0.697335
vt 0.94961 0.700635
vt 0.961559 0.700637
vt 0.961558 0.697337
vt 0.937214 0.675382
vt 0.931292 0.675373
vt 0.979885 0.675382
vt 0.973963 0.675388
vt 0.949532 0.707952
vt 0.954373 0.707951
vt 0.956793 0.707951
vt 0.961634 0.707954
vt 0.484628 0.682227
vt 0.486475 0.687631
vt 0.491287 0.686309
vt 0.487837 0.681452
vt 0.459341 0.686312
vt 0.464153 0.687634
vt 0.465999 0.682229
vt 0.46279 0.681455
vt 0.518137 0.676461
vt 0.514687 0.671604
vt 0.435937 0.671612
vt 0.432489 0.67647
vt 0.469285 0.692962
vt 0.474113 0.695736
vt 0.474104 0.6888
vt 0.469263 0.688779
vt 0.476517 0.695736
vt 0.476524 0.6888
vt 0.481344 0.692961
vt 0.481365 0.688778
vt 0.481344 0.692961
vt 0.469285 0.692962
vt 0.862655 0.633132
vt 0.865048 0.633132
vt 0.865043 0.627955
vt 0.862662 0.627956
vt 0.869837 0.633278
vt 0.869822 0.628299
vt 0.857883 0.628298
vt 0.857867 0.633276
vt 0.888107 0.606309
vt 0.882185 0.606327
vt 0.845526 0.606322
vt 0.839604 0.606303
vt 0.857734 0.64066
vt 0.862649 0.643261
vt 0.86505 0.643262
vt 0.869966 0.640663
vt 0.513135 0.642098
vt 0.556793 0.642098
vt 0.556793 0.63624
vt 0.513135 0.63624
vt 0.469477 0.642098
vt 0.469477 0.63624
vt 0.425818 0.642098
vt 0.425818 0.63624
vt 0.38216 0.642098
vt 0.38216 0.63624
vt 0.77508 0.642098
vt 0.818891 0.642098
vt 0.818891 0.63624
vt 0.77508 0.63624
vt 0.731427 0.642098
vt 0.731427 0.63624
vt 0.687769 0.642098
vt 0.687769 0.63624
vt 0.64411 0.642098
vt 0.64411 0.63624
vt 0.600452 0.642098
vt 0.600452 0.63624
vt 0.556793 0.63045
vt 0.513135 0.63045
vt 0.469477 0.63045
vt 0.425818 0.63045
vt 0.38216 0.63045
vt 0.818891 0.63045
vt 0.77508 0.63045
vt 0.731427 0.63045
vt 0.687769 0.63045
vt 0.64411 0.63045
vt 0.600452 0.63045
vt 0.556793 0.624592
vt 0.513135 0.624592
vt 0.469477 0.624592
vt 0.425818 0.624592
vt 0.38216 0.624592
vt 0.818891 0.624592
vt 0.77508 0.624592
vt 0.731427 0.624592
vt 0.687769 0.624592
vt 0.64411 0.624592
vt 0.600452 0.624592
vt 0.556793 0.618733
vt 0.513135 0.618733
vt 0.469477 0.618733
vt 0.425818 0.618733
vt 0.38216 0.618733
vt 0.818891 0.618733
vt 0.77508 0.618733
vt 0.731427 0.618733
vt 0.687769 0.618733
vt 0.64411 0.618733
vt 0.600452 0.618733
vt 0.556793 0.612943
vt 0.513135 0.612943
vt 0.469477 0.612943
vt 0.425818 0.612943
vt 0.38216 0.612943
vt 0.818891 0.612943
vt 0.77508 0.612943
vt 0.731427 0.612943
vt 0.687769 0.612943
vt 0.64411 0.612943
vt 0.600452 0.612943
vt 0.556793 0.607085
vt 0.513135 0.607085
vt 0.469477 0.607085
vt 0.425818 0.607085
vt 0.38216 0.607085
vt 0.818891 0.607085
vt 0.77508 0.607085
vt 0.731427 0.607085
vt 0.687769 0.607085
vt 0.64411 0.607085
vt 0.600452 0.607085
vt 0.975597 0.914334
vt 0.968519 0.914334
vt 0.968519 0.920366
vt 0.975597 0.920366
vt 0.933286 0.920366
vt 0.940363 0.920366
vt 0.940363 0.914334
vt 0.933286 0.914334
vt 0.947377 0.920366
vt 0.947377 0.914334
vt 0.954441 0.920366
vt 0.954441 0.914334
vt 0.961505 0.920366
vt 0.961505 0.914334
vt 0.975597 0.923325
vt 0.968519 0.923325
vt 0.968519 0.911375
vt 0.975597 0.911375
vt 0.933286 0.911375
vt 0.940363 0.911375
vt 0.940363 0.923325
vt 0.933286 0.923325
vt 0.947377 0.911375
vt 0.947377 0.923325
vt 0.954441 0.911375
vt 0.954441 0.923325
vt 0.961505 0.911375
vt 0.961505 0.923325
vt 0.806296 0.56783
vt 0.803908 0.56783
vt 0.803908 0.57131
vt 0.806297 0.57131
vt 0.811077 0.571481
vt 0.811076 0.568181
vt 0.799128 0.571482
vt 0.799129 0.568182
vt 0.829397 0.546221
vt 0.823474 0.546229
vt 0.786726 0.546232
vt 0.780804 0.546225
vt 0.799052 0.578799
vt 0.803893 0.578797
vt 0.806313 0.578796
vt 0.811154 0.578798
vt 0.380167 0.331987
vt 0.380167 0.33802
vt 0.387245 0.33802
vt 0.387245 0.331987
vt 0.422478 0.33802
vt 0.422478 0.331987
vt 0.4154 0.331987
vt 0.4154 0.33802
vt 0.408386 0.331987
vt 0.408386 0.33802
vt 0.401322 0.331987
vt 0.401322 0.33802
vt 0.394258 0.331987
vt 0.394258 0.33802
vt 0.380167 0.340979
vt 0.387245 0.340979
vt 0.387245 0.329028
vt 0.380167 0.329028
vt 0.422478 0.329028
vt 0.4154 0.329028
vt 0.4154 0.340979
vt 0.422478 0.340979
vt 0.408386 0.329028
vt 0.408386 0.340979
vt 0.401322 0.329028
vt 0.401322 0.340979
vt 0.394258 0.329028
vt 0.394258 0.340979
vt 0.976593 0.900382
vt 0.969516 0.900382
vt 0.969516 0.906414
vt 0.976593 0.906414
vt 0.934282 0.906414
vt 0.94136 0.906414
vt 0.94136 0.900382
vt 0.934282 0.900382
vt 0.948374 0.906414
vt 0.948374 0.900382
vt 0.955438 0.906414
vt 0.955438 0.900382
vt 0.962502 0.906414
vt 0.962502 0.900382
vt 0.976594 0.909373
vt 0.969516 0.909373
vt 0.969516 0.897423
vt 0.976593 0.897423
vt 0.934282 0.897423
vt 0.94136 0.897423
vt 0.94136 0.909373
vt 0.934282 0.909373
vt 0.948374 0.897423
vt 0.948374 0.909373
vt 0.955438 0.897423
vt 0.955438 0.909373
vt 0.962502 0.897423
vt 0.962502 0.909373
vt 0.985065 0.357633
vt 0.977987 0.357633
vt 0.977987 0.363666
vt 0.985065 0.363666
vt 0.942753 0.363666
vt 0.949831 0.363666
vt 0.949831 0.357633
vt 0.942753 0.357634
vt 0.956845 0.363666
vt 0.956845 0.357634
vt 0.963909 0.363666
vt 0.963909 0.357634
vt 0.970973 0.363666
vt 0.970973 0.357634
vt 0.985065 0.366625
vt 0.977987 0.366625
vt 0.977987 0.354674
vt 0.985065 0.354674
vt 0.942753 0.354674
vt 0.949831 0.354674
vt 0.949831 0.366625
vt 0.942753 0.366625
vt 0.956845 0.354674
vt 0.956845 0.366625
vt 0.963909 0.354674
vt 0.963909 0.366625
vt 0.970973 0.354674
vt 0.970973 0.366625
vt 0.550233 0.348915
vt 0.550233 0.354872
vt 0.552622 0.354872
vt 0.552622 0.348915
vt 0.523679 0.341394
vt 0.523679 0.347351
vt 0.579177 0.347353
vt 0.579178 0.341396
vt 0.38216 0.647786
vt 0.38216 0.653819
vt 0.389238 0.653819
vt 0.389238 0.647786
vt 0.424471 0.653819
vt 0.424471 0.647786
vt 0.417393 0.647786
vt 0.417393 0.653819
vt 0.41038 0.647786
vt 0.41038 0.653819
vt 0.403316 0.647786
vt 0.403316 0.653819
vt 0.396252 0.647786
vt 0.396252 0.653819
vt 0.38216 0.656778
vt 0.389238 0.656778
vt 0.389238 0.644827
vt 0.38216 0.644827
vt 0.424471 0.644827
vt 0.417393 0.644827
vt 0.417393 0.656778
vt 0.424471 0.656778
vt 0.41038 0.644827
vt 0.41038 0.656778
vt 0.403316 0.644827
vt 0.403316 0.656778
vt 0.396252 0.644827
vt 0.396252 0.656778
vt 0.329731 0.037041
vt 0.366139 0.037041
vt 0.366139 0.031199
vt 0.329731 0.031199
vt 0.293324 0.037041
vt 0.293324 0.031199
vt 0.256917 0.037041
vt 0.256917 0.031199
vt 0.220509 0.037041
vt 0.220509 0.031199
vt 0.184102 0.037041
vt 0.184102 0.031199
vt 0.147695 0.037041
vt 0.147695 0.031199
vt 0.111287 0.037041
vt 0.111287 0.031199
vt 0.074883 0.037041
vt 0.074883 0.031199
vt 0.038484 0.037041
vt 0.038484 0.031199
vt 0.001953 0.037041
vt 0.001953 0.031199
vt 0.366139 0.025413
vt 0.329731 0.025413
vt 0.293324 0.025413
vt 0.256917 0.025413
vt 0.220509 0.025413
vt 0.184102 0.025413
vt 0.147695 0.025413
vt 0.111287 0.025413
vt 0.074883 0.025413
vt 0.038484 0.025413
vt 0.001953 0.025413
vt 0.366139 0.019497
vt 0.329731 0.019497
vt 0.293324 0.019497
vt 0.256917 0.019497
vt 0.220509 0.019497
vt 0.184102 0.019497
vt 0.147695 0.019497
vt 0.111287 0.019497
vt 0.074883 0.019497
vt 0.038484 0.019497
vt 0.001953 0.019497
vt 0.366139 0.013581
vt 0.329731 0.013581
vt 0.293324 0.013581
vt 0.256917 0.013581
vt 0.220509 0.013581
vt 0.184102 0.013581
vt 0.147695 0.013581
vt 0.111287 0.013581
vt 0.074883 0.013581
vt 0.038484 0.013581
vt 0.001953 0.013581
vt 0.366139 0.00779599
vt 0.329731 0.00779599
vt 0.293324 0.00779599
vt 0.256917 0.00779599
vt 0.220509 0.00779599
vt 0.184102 0.00779599
vt 0.147695 0.00779599
vt 0.111287 0.00779599
vt 0.074883 0.00779599
vt 0.038484 0.00779599
vt 0.001953 0.00779599
vt 0.366139 0.00195301
vt 0.329731 0.00195301
vt 0.293324 0.00195301
vt 0.256917 0.00195301
vt 0.220509 0.00195301
vt 0.184102 0.00195301
vt 0.147695 0.00195301
vt 0.111287 0.00195301
vt 0.074883 0.00195301
vt 0.038484 0.00195301
vt 0.001953 0.00195301
vt 0.922397 0.593478
vt 0.920009 0.593478
vt 0.920008 0.596957
vt 0.922397 0.596958
vt 0.927177 0.59713
vt 0.927176 0.59383
vt 0.915228 0.597129
vt 0.91523 0.593829
vt 0.945502 0.571873
vt 0.939579 0.57188
vt 0.902831 0.571876
vt 0.896909 0.571868
vt 0.915151 0.604446
vt 0.919992 0.604444
vt 0.922412 0.604444
vt 0.927253 0.604447
vt 0.481138 0.815194
vt 0.482984 0.820599
vt 0.487796 0.819278
vt 0.484347 0.81442
vt 0.45585 0.819272
vt 0.460662 0.820595
vt 0.462509 0.815191
vt 0.4593 0.814415
vt 0.484347 0.81442
vt 0.514649 0.809438
vt 0.511201 0.80458
vt 0.4593 0.814415
vt 0.432451 0.804566
vt 0.429001 0.809422
vt 0.465792 0.825925
vt 0.470619 0.8287
vt 0.470612 0.821764
vt 0.465771 0.821742
vt 0.473023 0.8287
vt 0.473033 0.821765
vt 0.477851 0.825927
vt 0.477874 0.821744
vt 0.477851 0.825927
vt 0.465792 0.825925
vt 0.132928 0.307971
vt 0.176587 0.307971
vt 0.176587 0.302113
vt 0.132928 0.302113
vt 0.08927 0.307971
vt 0.08927 0.302113
vt 0.045612 0.307971
vt 0.045612 0.302113
vt 0.001953 0.307971
vt 0.001953 0.302113
vt 0.394873 0.307971
vt 0.438685 0.307971
vt 0.438684 0.302113
vt 0.394873 0.302113
vt 0.35122 0.307971
vt 0.35122 0.302113
vt 0.307562 0.307971
vt 0.307562 0.302113
vt 0.263903 0.307971
vt 0.263903 0.302113
vt 0.220245 0.307971
vt 0.220245 0.302113
vt 0.176587 0.296323
vt 0.132929 0.296323
vt 0.08927 0.296323
vt 0.045612 0.296323
vt 0.001953 0.296323
vt 0.438684 0.296323
vt 0.394873 0.296323
vt 0.35122 0.296323
vt 0.307562 0.296323
vt 0.263903 0.296323
vt 0.220245 0.296323
vt 0.176587 0.290464
vt 0.132928 0.290464
vt 0.08927 0.290464
vt 0.045612 0.290464
vt 0.001953 0.290464
vt 0.438684 0.290464
vt 0.394873 0.290464
vt 0.35122 0.290464
vt 0.307562 0.290464
vt 0.263903 0.290464
vt 0.220245 0.290464
vt 0.176587 0.284606
vt 0.132929 0.284606
vt 0.08927 0.284606
vt 0.045612 0.284606
vt 0.001953 0.284606
vt 0.438685 0.284606
vt 0.394873 0.284606
vt 0.35122 0.284606
vt 0.307562 0.284606
vt 0.263903 0.284606
vt 0.220245 0.284606
vt 0.176587 0.278815
vt 0.132928 0.278815
vt 0.08927 0.278815
vt 0.045612 0.278816
vt 0.001953 0.278816
vt 0.438684 0.278815
vt 0.394873 0.278816
vt 0.35122 0.278815
vt 0.307562 0.278816
vt 0.263903 0.278815
vt 0.220245 0.278816
vt 0.176587 0.272957
vt 0.132928 0.272957
vt 0.08927 0.272957
vt 0.045612 0.272957
vt 0.001953 0.272957
vt 0.438684 0.272957
vt 0.394873 0.272957
vt 0.35122 0.272957
vt 0.307562 0.272957
vt 0.263903 0.272957
vt 0.220245 0.272957
vt 0.810073 0.434119
vt 0.765327 0.434119
vt 0.765327 0.43974
vt 0.810073 0.43974
vt 0.765327 0.467516
vt 0.810073 0.467516
vt 0.810073 0.461894
vt 0.765327 0.461894
vt 0.765327 0.444967
vt 0.810073 0.444967
vt 0.852278 0.467516
vt 0.897061 0.467516
vt 0.897061 0.461894
vt 0.852278 0.461894
vt 0.897061 0.434119
vt 0.852278 0.434119
vt 0.852278 0.43974
vt 0.897061 0.43974
vt 0.852278 0.444967
vt 0.897061 0.444967
vt 0.897061 0.456666
vt 0.852278 0.456666
vt 0.810073 0.456666
vt 0.765327 0.456666
vt 0.897061 0.450834
vt 0.852278 0.450834
vt 0.810073 0.450834
vt 0.765327 0.450834
vt 0.732417 0.461894
vt 0.732417 0.467516
vt 0.732417 0.434119
vt 0.732417 0.43974
vt 0.732417 0.444967
vt 0.930071 0.43974
vt 0.930071 0.434119
vt 0.930071 0.467516
vt 0.930071 0.461894
vt 0.930071 0.444967
vt 0.930071 0.461894
vt 0.930071 0.456666
vt 0.732417 0.456666
vt 0.930071 0.450834
vt 0.732417 0.450834
vt 0.67616 0.467516
vt 0.67616 0.461894
vt 0.67616 0.456666
vt 0.67616 0.450834
vt 0.67616 0.444967
vt 0.67616 0.43974
vt 0.67616 0.434119
vt 0.986326 0.467516
vt 0.986326 0.461894
vt 0.986326 0.456666
vt 0.986326 0.450834
vt 0.986326 0.444967
vt 0.986326 0.43974
vt 0.986326 0.434119
vt 0.378129 0.33802
vt 0.378129 0.331987
vt 0.371051 0.331987
vt 0.371051 0.33802
vt 0.335818 0.331987
vt 0.335818 0.33802
vt 0.342896 0.33802
vt 0.342896 0.331987
vt 0.349909 0.33802
vt 0.349909 0.331987
vt 0.356973 0.33802
vt 0.356973 0.331987
vt 0.364037 0.33802
vt 0.364037 0.331987
vt 0.378129 0.329028
vt 0.371051 0.329028
vt 0.371051 0.340979
vt 0.378129 0.340979
vt 0.335818 0.340979
vt 0.342896 0.340979
vt 0.342896 0.329028
vt 0.335818 0.329028
vt 0.349909 0.340979
vt 0.349909 0.329028
vt 0.356973 0.340979
vt 0.356973 0.329028
vt 0.364037 0.340979
vt 0.364037 0.329028
vt 0.944018 0.714163
vt 0.945866 0.708759
vt 0.942656 0.707984
vt 0.939206 0.71284
vt 0.971152 0.712845
vt 0.967704 0.707987
vt 0.964494 0.708762
vt 0.96634 0.714166
vt 0.942656 0.707984
vt 0.915806 0.698135
vt 0.912357 0.702991
vt 0.998005 0.703004
vt 0.994557 0.698147
vt 0.967704 0.707987
vt 0.949149 0.719492
vt 0.953976 0.722268
vt 0.953969 0.715332
vt 0.949127 0.71531
vt 0.95638 0.722268
vt 0.956389 0.715332
vt 0.961208 0.719494
vt 0.96123 0.715312
vt 0.961208 0.719494
vt 0.949149 0.719492
vt 0.499217 0.671571
vt 0.499217 0.665539
vt 0.492139 0.665539
vt 0.492139 0.671571
vt 0.456906 0.665539
vt 0.456906 0.671571
vt 0.463984 0.671571
vt 0.463984 0.665539
vt 0.470997 0.671571
vt 0.470997 0.665539
vt 0.478061 0.671571
vt 0.478061 0.665539
vt 0.485125 0.671571
vt 0.485125 0.665539
vt 0.499217 0.66258
vt 0.492139 0.66258
vt 0.492139 0.674531
vt 0.499217 0.674531
vt 0.456906 0.674531
vt 0.463984 0.674531
vt 0.463984 0.66258
vt 0.456906 0.66258
vt 0.470997 0.674531
vt 0.470997 0.66258
vt 0.478061 0.674531
vt 0.478061 0.66258
vt 0.485125 0.674531
vt 0.485125 0.66258
vt 0.964496 0.720569
vt 0.966343 0.725973
vt 0.971155 0.72465
vt 0.967705 0.719793
vt 0.939209 0.724655
vt 0.944021 0.725976
vt 0.945867 0.720572
vt 0.942658 0.719797
vt 0.998005 0.714801
vt 0.994555 0.709945
vt 0.915805 0.709956
vt 0.912357 0.714814
vt 0.949154 0.731304
vt 0.953982 0.734078
vt 0.953972 0.727142
vt 0.949131 0.727122
vt 0.956386 0.734077
vt 0.956393 0.727142
vt 0.961213 0.731302
vt 0.961234 0.72712
vt 0.961213 0.731302
vt 0.949154 0.731304
vt 0.784335 0.685932
vt 0.781946 0.685933
vt 0.781947 0.69189
vt 0.784336 0.691889
vt 0.81089 0.684367
vt 0.810889 0.67841
vt 0.755391 0.678416
vt 0.755391 0.684373
vt 0.581525 0.825235
vt 0.579137 0.825235
vt 0.579138 0.831192
vt 0.581526 0.831191
vt 0.60808 0.823667
vt 0.608079 0.81771
vt 0.55258 0.817719
vt 0.552581 0.823676
vt 0.970836 0.593479
vt 0.970834 0.596959
vt 0.973224 0.596959
vt 0.973223 0.59348
vt 0.966056 0.59383
vt 0.966055 0.59713
vt 0.978004 0.597132
vt 0.978003 0.593832
vt 0.953659 0.571877
vt 0.947736 0.571869
vt 0.996329 0.571876
vt 0.990407 0.571883
vt 0.965977 0.604447
vt 0.970818 0.604446
vt 0.973238 0.604446
vt 0.978079 0.604449
vt 0.118014 0.331987
vt 0.110936 0.331987
vt 0.110936 0.33802
vt 0.118014 0.33802
vt 0.075702 0.33802
vt 0.08278 0.33802
vt 0.08278 0.331987
vt 0.075702 0.331987
vt 0.089794 0.33802
vt 0.089794 0.331987
vt 0.096858 0.33802
vt 0.096858 0.331987
vt 0.103922 0.33802
vt 0.103922 0.331987
vt 0.118014 0.340979
vt 0.110936 0.340979
vt 0.110936 0.329028
vt 0.118014 0.329028
vt 0.075702 0.329028
vt 0.08278 0.329028
vt 0.08278 0.340979
vt 0.075702 0.340979
vt 0.089794 0.329028
vt 0.089794 0.340979
vt 0.096858 0.329028
vt 0.096858 0.340979
vt 0.103922 0.329028
vt 0.103922 0.340979
vt 0.922401 0.571513
vt 0.920013 0.571514
vt 0.920013 0.574993
vt 0.922402 0.574993
vt 0.927182 0.575165
vt 0.92718 0.571864
vt 0.915233 0.575166
vt 0.915234 0.571866
vt 0.945502 0.549905
vt 0.939579 0.549913
vt 0.902831 0.549916
vt 0.896909 0.549908
vt 0.915157 0.582483
vt 0.919998 0.58248
vt 0.922418 0.58248
vt 0.927259 0.582482
vt 0.945837 0.84251
vt 0.94823 0.842514
vt 0.948232 0.837337
vt 0.94585 0.837335
vt 0.941048 0.842648
vt 0.941071 0.83767
vt 0.95301 0.837687
vt 0.953018 0.842666
vt 0.928743 0.815678
vt 0.922821 0.815651
vt 0.971324 0.815722
vt 0.965402 0.815731
vt 0.945818 0.852641
vt 0.940907 0.850033
vt 0.948219 0.852644
vt 0.953138 0.850051
vt 0.424471 0.834228
vt 0.417393 0.834228
vt 0.417393 0.84026
vt 0.424471 0.84026
vt 0.38216 0.84026
vt 0.389238 0.84026
vt 0.389238 0.834228
vt 0.38216 0.834228
vt 0.396252 0.84026
vt 0.396252 0.834228
vt 0.403316 0.84026
vt 0.403316 0.834228
vt 0.41038 0.84026
vt 0.41038 0.834228
vt 0.424471 0.843219
vt 0.417393 0.843219
vt 0.417393 0.831269
vt 0.424471 0.831269
vt 0.38216 0.831269
vt 0.389238 0.831269
vt 0.389238 0.843219
vt 0.38216 0.843219
vt 0.396252 0.831269
vt 0.396252 0.843219
vt 0.403316 0.831269
vt 0.403316 0.843219
vt 0.41038 0.831269
vt 0.41038 0.843219
vt 0.862244 0.432118
vt 0.907027 0.432118
vt 0.907027 0.426496
vt 0.862244 0.426496
vt 0.907027 0.398721
vt 0.862244 0.398721
vt 0.862244 0.404342
vt 0.907027 0.404342
vt 0.907027 0.421268
vt 0.862244 0.421268
vt 0.820039 0.398721
vt 0.775293 0.398721
vt 0.775293 0.404342
vt 0.820039 0.404342
vt 0.775293 0.432118
vt 0.820039 0.432118
vt 0.820039 0.426496
vt 0.775293 0.426496
vt 0.820039 0.421268
vt 0.775293 0.421268
vt 0.775293 0.409569
vt 0.820039 0.409569
vt 0.862244 0.409569
vt 0.907027 0.409569
vt 0.775293 0.415436
vt 0.820039 0.415436
vt 0.862244 0.415436
vt 0.907027 0.415436
vt 0.940037 0.404342
vt 0.940037 0.398721
vt 0.940037 0.432118
vt 0.940037 0.426496
vt 0.940037 0.421268
vt 0.742383 0.426496
vt 0.742383 0.432118
vt 0.742383 0.398721
vt 0.742383 0.404342
vt 0.742383 0.421268
vt 0.742383 0.404342
vt 0.742383 0.409569
vt 0.940037 0.409569
vt 0.742383 0.415436
vt 0.940037 0.415436
vt 0.996292 0.398721
vt 0.996292 0.404342
vt 0.996292 0.409569
vt 0.996292 0.415436
vt 0.996292 0.421268
vt 0.996292 0.426496
vt 0.996292 0.432118
vt 0.686126 0.398721
vt 0.686126 0.404342
vt 0.686126 0.409569
vt 0.686126 0.415436
vt 0.686126 0.421268
vt 0.686126 0.426496
vt 0.686126 0.432118
vt 0.865094 0.560202
vt 0.862707 0.560202
vt 0.862706 0.563681
vt 0.865096 0.563681
vt 0.869875 0.563853
vt 0.869874 0.560553
vt 0.857927 0.563854
vt 0.857927 0.560553
vt 0.888197 0.538594
vt 0.882274 0.538602
vt 0.845526 0.538603
vt 0.839604 0.538595
vt 0.85785 0.57117
vt 0.862691 0.571168
vt 0.865111 0.571168
vt 0.869952 0.57117
vt 0.579758 0.676219
vt 0.581605 0.670815
vt 0.578396 0.67004
vt 0.574946 0.674896
vt 0.606892 0.674899
vt 0.603443 0.670042
vt 0.600233 0.670816
vt 0.60208 0.676221
vt 0.551545 0.660193
vt 0.548096 0.66505
vt 0.633744 0.665056
vt 0.630295 0.660199
vt 0.584889 0.681548
vt 0.589716 0.684323
vt 0.589709 0.677387
vt 0.584867 0.677366
vt 0.59212 0.684323
vt 0.592129 0.677388
vt 0.596948 0.681549
vt 0.59697 0.677367
vt 0.596948 0.681549
vt 0.584889 0.681548
vt 0.395026 0.111145
vt 0.438684 0.111145
vt 0.438684 0.105287
vt 0.395026 0.105287
vt 0.351368 0.111145
vt 0.351368 0.105287
vt 0.307709 0.111145
vt 0.307709 0.105287
vt 0.264051 0.111145
vt 0.264051 0.105287
vt 0.220392 0.111145
vt 0.220392 0.105287
vt 0.176734 0.111145
vt 0.176734 0.105287
vt 0.133076 0.111145
vt 0.133076 0.105287
vt 0.089417 0.111145
vt 0.089417 0.105287
vt 0.045764 0.111145
vt 0.045764 0.105287
vt 0.001953 0.111145
vt 0.001953 0.105287
vt 0.438684 0.099496
vt 0.395026 0.099496
vt 0.351368 0.099496
vt 0.307709 0.099496
vt 0.264051 0.099496
vt 0.220392 0.099496
vt 0.176734 0.099496
vt 0.133076 0.099496
vt 0.089417 0.099496
vt 0.045764 0.099496
vt 0.001953 0.099496
vt 0.438684 0.093638
vt 0.395026 0.093638
vt 0.351368 0.093638
vt 0.307709 0.093638
vt 0.264051 0.093638
vt 0.220392 0.093638
vt 0.176734 0.093638
vt 0.133076 0.093638
vt 0.089417 0.093638
vt 0.045764 0.093638
vt 0.001953 0.093638
vt 0.438684 0.087779
vt 0.395026 0.087779
vt 0.351368 0.087779
vt 0.307709 0.087779
vt 0.264051 0.087779
vt 0.220392 0.087779
vt 0.176734 0.087779
vt 0.133076 0.087779
vt 0.089417 0.087779
vt 0.045764 0.087779
vt 0.001953 0.087779
vt 0.438684 0.081989
vt 0.395026 0.081989
vt 0.351368 0.081989
vt 0.307709 0.081989
vt 0.264051 0.081989
vt 0.220392 0.081989
vt 0.176734 0.081989
vt 0.133076 0.081989
vt 0.089417 0.081989
vt 0.045764 0.081989
vt 0.001953 0.081989
vt 0.438684 0.076131
vt 0.395026 0.076131
vt 0.351368 0.076131
vt 0.307709 0.076131
vt 0.264051 0.076131
vt 0.220392 0.076131
vt 0.176734 0.076131
vt 0.133076 0.076131
vt 0.089417 0.076131
vt 0.045764 0.076131
vt 0.001953 0.076131
vt 0.970837 0.571516
vt 0.970836 0.574995
vt 0.973226 0.574996
vt 0.973225 0.571516
vt 0.966058 0.571867
vt 0.966056 0.575167
vt 0.978005 0.575168
vt 0.978004 0.571868
vt 0.953659 0.549915
vt 0.947736 0.549907
vt 0.996329 0.549911
vt 0.990407 0.549918
vt 0.965979 0.582484
vt 0.97082 0.582482
vt 0.97324 0.582482
vt 0.978081 0.582485
vt 0.567176 0.837281
vt 0.567175 0.843238
vt 0.569563 0.843238
vt 0.569564 0.837281
vt 0.540622 0.829757
vt 0.540621 0.835714
vt 0.59612 0.835723
vt 0.596121 0.829766
vt 0.970787 0.644443
vt 0.97318 0.644444
vt 0.973175 0.639267
vt 0.970793 0.639267
vt 0.977968 0.644589
vt 0.977954 0.63961
vt 0.966015 0.639609
vt 0.965998 0.644587
vt 0.996239 0.617621
vt 0.990317 0.617639
vt 0.953658 0.617633
vt 0.947736 0.617614
vt 0.965865 0.651971
vt 0.97078 0.654573
vt 0.973181 0.654574
vt 0.978097 0.651975
vt 0.906522 0.529695
vt 0.906521 0.535652
vt 0.90891 0.535652
vt 0.908911 0.529695
vt 0.879967 0.522174
vt 0.879967 0.528131
vt 0.935466 0.528134
vt 0.935466 0.522177
vt 0.477367 0.076057
vt 0.44096 0.076057
vt 0.44096 0.081899
vt 0.477367 0.081899
vt 0.513775 0.076057
vt 0.513775 0.081899
vt 0.550182 0.076057
vt 0.550182 0.081899
vt 0.58659 0.076057
vt 0.58659 0.081899
vt 0.622997 0.076057
vt 0.622997 0.081899
vt 0.659404 0.076057
vt 0.659404 0.081899
vt 0.695811 0.076057
vt 0.695812 0.081899
vt 0.732216 0.076057
vt 0.732216 0.081899
vt 0.768615 0.076057
vt 0.768615 0.081899
vt 0.805146 0.076057
vt 0.805146 0.081899
vt 0.44096 0.087684
vt 0.477367 0.087684
vt 0.513775 0.087684
vt 0.550182 0.087684
vt 0.58659 0.087684
vt 0.622997 0.087684
vt 0.659404 0.087684
vt 0.695812 0.087684
vt 0.732216 0.087684
vt 0.768615 0.087684
vt 0.805146 0.087684
vt 0.44096 0.093601
vt 0.477367 0.093601
vt 0.513775 0.093601
vt 0.550182 0.093601
vt 0.58659 0.093601
vt 0.622997 0.093601
vt 0.659404 0.093601
vt 0.695811 0.093601
vt 0.732216 0.093601
vt 0.768615 0.093601
vt 0.805146 0.093601
vt 0.44096 0.099517
vt 0.477367 0.099517
vt 0.513775 0.099517
vt 0.550182 0.099517
vt 0.58659 0.099517
vt 0.622997 0.099517
vt 0.659404 0.099517
vt 0.695811 0.099517
vt 0.732216 0.099517
vt 0.768615 0.099517
vt 0.805146 0.099517
vt 0.44096 0.105302
vt 0.477367 0.105302
vt 0.513775 0.105302
vt 0.550182 0.105302
vt 0.58659 0.105302
vt 0.622997 0.105302
vt 0.659404 0.105302
vt 0.695812 0.105302
vt 0.732216 0.105302
vt 0.768615 0.105302
vt 0.805146 0.105302
vt 0.44096 0.111145
vt 0.477367 0.111145
vt 0.513775 0.111145
vt 0.550182 0.111145
vt 0.58659 0.111145
vt 0.622997 0.111145
vt 0.659404 0.111145
vt 0.695812 0.111145
vt 0.732216 0.111145
vt 0.768615 0.111145
vt 0.805146 0.111145
vt 0.919967 0.620601
vt 0.92236 0.620601
vt 0.922354 0.615424
vt 0.919972 0.615425
vt 0.915179 0.620746
vt 0.915193 0.615768
vt 0.927132 0.615766
vt 0.927148 0.620745
vt 0.902831 0.593796
vt 0.896909 0.593778
vt 0.945412 0.593772
vt 0.93949 0.593791
vt 0.919964 0.630731
vt 0.915049 0.628131
vt 0.922365 0.63073
vt 0.92728 0.62813
vt 0.907827 0.336407
vt 0.90075 0.336407
vt 0.90075 0.34244
vt 0.907827 0.34244
vt 0.865516 0.34244
vt 0.872594 0.34244
vt 0.872594 0.336407
vt 0.865516 0.336407
vt 0.879608 0.34244
vt 0.879608 0.336407
vt 0.886672 0.34244
vt 0.886672 0.336407
vt 0.893736 0.34244
vt 0.893736 0.336407
vt 0.907827 0.345399
vt 0.90075 0.345399
vt 0.90075 0.333448
vt 0.907827 0.333448
vt 0.865516 0.333448
vt 0.872594 0.333448
vt 0.872594 0.345399
vt 0.865516 0.345399
vt 0.879608 0.333448
vt 0.879608 0.345399
vt 0.886672 0.333448
vt 0.886672 0.345399
vt 0.893736 0.333448
vt 0.893736 0.345399
vt 0.792633 0.89308
vt 0.792633 0.887457
vt 0.747887 0.887457
vt 0.747887 0.89308
vt 0.747887 0.859683
vt 0.747887 0.865304
vt 0.792633 0.865304
vt 0.792633 0.859683
vt 0.792633 0.882229
vt 0.747887 0.882229
vt 0.834838 0.859683
vt 0.834838 0.865304
vt 0.879621 0.865304
vt 0.879621 0.859683
vt 0.879621 0.89308
vt 0.879621 0.887457
vt 0.834838 0.887457
vt 0.834838 0.89308
vt 0.879621 0.882229
vt 0.834838 0.882229
vt 0.834838 0.87053
vt 0.879621 0.87053
vt 0.747887 0.87053
vt 0.792633 0.87053
vt 0.834838 0.876398
vt 0.879621 0.876398
vt 0.747887 0.876398
vt 0.792633 0.876398
vt 0.714976 0.887457
vt 0.714976 0.89308
vt 0.714976 0.859683
vt 0.714976 0.865304
vt 0.714976 0.882229
vt 0.912631 0.865304
vt 0.912631 0.859683
vt 0.912631 0.89308
vt 0.912631 0.887457
vt 0.912631 0.882229
vt 0.912631 0.87053
vt 0.714976 0.865304
vt 0.714976 0.87053
vt 0.912631 0.876398
vt 0.714976 0.876398
vt 0.714976 0.882229
vt 0.658719 0.859683
vt 0.658719 0.865304
vt 0.658719 0.87053
vt 0.658719 0.876398
vt 0.658719 0.882229
vt 0.658719 0.887457
vt 0.658719 0.89308
vt 0.968887 0.865304
vt 0.968887 0.859683
vt 0.968887 0.87053
vt 0.968887 0.876398
vt 0.968887 0.882229
vt 0.968887 0.887457
vt 0.968887 0.89308
vn 0.48067 0 -0.876902
vn 0.753238 -0 -0.657748
vn 0.446071 -0.851191 -0.276577
vn 0.174338 -0.851191 -0.495056
vn 0.753238 -0 -0.657748
vn 0.48067 0 -0.876902
vn 0.174338 0.851192 -0.495053
vn 0.446072 0.851192 -0.276573
vn -0.44607 0.851191 0.27658
vn -0.174342 0.851192 0.495052
vn -0.75323 -1e-06 0.657757
vn -0.480674 -2e-06 0.876899
vn -0.446074 -0.851188 0.27658
vn -0.17434 -0.851192 0.495053
vn 0.981907 0 -0.189362
vn 0.744067 -0.659691 0.105692
vn -0.262999 -0.659701 -0.704007
vn -0.025893 2e-06 -0.999665
vn -0.025893 2e-06 -0.999665
vn -0.263001 0.659707 -0.704001
vn 0.744065 0.659693 0.105697
vn 0.981907 0 -0.189362
vn -0.744044 0.659717 -0.105694
vn 0.262982 0.659704 0.704011
vn -0.981905 4e-06 0.189376
vn 0.025863 0 0.999665
vn -0.744058 -0.659702 -0.105695
vn 0.262986 -0.6597 0.704013
vn 0.441024 -0.594163 -0.672657
vn 0.357003 -0.594164 -0.720776
vn 0.964999 0.044543 -0.258445
vn -0.26541 0.044533 -0.963107
vn 0.890681 -0.42815 -0.152886
vn 0.472394 -0.855211 0.213207
vn -0.422946 -0.85521 -0.299554
vn -0.318857 -0.428133 -0.845596
vn -0.093856 -0.429589 -0.898134
vn 0.460125 -0.773429 0.435996
vn -0.608896 -0.773426 -0.176232
vn 0.822142 -0.429599 -0.373533
vn 0.366094 -0.86776 -0.336108
vn 0.655441 -0.75389 -0.045244
vn 0.104644 -0.86776 -0.485842
vn -0.292697 -0.753869 -0.588226
vn 0.79582 0.594163 0.116795
vn 0.77602 0.594161 0.211581
vn 0.833955 -0.044522 -0.550033
vn 0.543997 -0.044529 0.837905
vn 0.420636 0.428135 0.799854
vn -0.056797 0.85521 0.51516
vn 0.154196 0.855209 -0.494814
vn 0.705676 0.42814 -0.564551
vn -0.272469 0.77343 0.572334
vn 0.825168 0.429605 -0.366794
vn 0.609309 0.42959 0.66648
vn -0.02055 0.773427 -0.633552
vn 0.469 0.753872 -0.460126
vn 0.494406 0.867757 -0.050604
vn 0.432778 0.86776 0.244326
vn 0.245553 0.753874 0.609408
vn 0.357002 0.594163 -0.720777
vn 0.441026 0.594163 -0.672656
vn -0.265409 -0.044532 -0.963107
vn 0.964999 -0.044542 -0.258444
vn 0.890682 0.42815 -0.152881
vn 0.472395 0.855211 0.213208
vn -0.422941 0.855212 -0.299555
vn -0.318856 0.428133 -0.845596
vn 0.460125 0.773428 0.435997
vn -0.093852 0.429589 -0.898134
vn 0.822146 0.429593 -0.373531
vn -0.608892 0.773429 -0.176234
vn -0.29269 0.75387 -0.588228
vn 0.104646 0.867761 -0.48584
vn 0.366101 0.867758 -0.336104
vn 0.655446 0.753886 -0.045229
vn -0.867765 -0 -0.496974
vn -0.67172 0 -0.740805
vn -0.304507 0.891345 -0.335828
vn -0.393381 0.891344 -0.225292
vn -0.978867 -0 -0.204497
vn -0.443747 0.891344 -0.092704
vn -0.994151 -0 0.107998
vn -0.450673 0.891346 0.048959
vn -0.91212 -0 0.409923
vn -0.413485 0.891347 0.185827
vn 0.740806 0 -0.671719
vn 0.912121 -0 -0.409922
vn 0.41349 0.891344 -0.185829
vn 0.335826 0.891345 -0.304508
vn 0.496975 -0 -0.867765
vn 0.225289 0.891347 -0.393377
vn 0.204497 -0 -0.978867
vn 0.092704 0.891347 -0.443742
vn -0.107998 -0 -0.994151
vn -0.048958 0.891346 -0.450672
vn -0.409919 0 -0.912122
vn -0.185828 0.891344 -0.41349
vn 0.367252 0.837307 0.405023
vn 0.474438 0.837306 0.271713
vn 0.535183 0.837305 0.111807
vn 0.54354 0.837304 -0.059047
vn 0.498691 0.837304 -0.224119
vn -0.498693 0.837302 0.22412
vn -0.405028 0.837302 0.367257
vn -0.271715 0.837303 0.474442
vn -0.111807 0.837303 0.535184
vn 0.059046 0.837304 0.543539
vn 0.224118 0.837306 0.498688
vn 0.671721 0 0.740805
vn 0.867764 0 0.496977
vn 0.978867 0 0.204497
vn 0.994151 -0 -0.107997
vn 0.912121 0 -0.409922
vn -0.912121 -2e-06 0.409921
vn -0.740806 -0 0.671719
vn -0.496975 0 0.867765
vn -0.204499 0 0.978867
vn 0.108 0 0.994151
vn 0.409921 -0 0.912121
vn 0.367252 -0.837306 0.405024
vn 0.474439 -0.837305 0.271713
vn 0.535182 -0.837305 0.111807
vn 0.54354 -0.837304 -0.059047
vn 0.498691 -0.837304 -0.224119
vn -0.498691 -0.837304 0.22412
vn -0.405027 -0.837303 0.367256
vn -0.271715 -0.837304 0.47444
vn -0.111807 -0.837303 0.535185
vn 0.059046 -0.837303 0.543542
vn 0.224118 -0.837305 0.498689
vn -0.304508 -0.891345 -0.335827
vn -0.393382 -0.891344 -0.225291
vn -0.443747 -0.891344 -0.092704
vn -0.450673 -0.891345 0.048959
vn -0.413485 -0.891347 0.185827
vn 0.413489 -0.891344 -0.185828
vn 0.335825 -0.891346 -0.304507
vn 0.225289 -0.891347 -0.393377
vn 0.092704 -0.891347 -0.443742
vn -0.048958 -0.891346 -0.450672
vn -0.185828 -0.891344 -0.413489
vn -0.67172 0 -0.740805
vn -0.867765 -0 -0.496974
vn -0.978867 -0 -0.204497
vn -0.994151 -0 0.107998
vn -0.91212 -0 0.409923
vn 0.912121 -0 -0.409922
vn 0.740806 0 -0.671719
vn 0.496975 -0 -0.867765
vn 0.204497 -0 -0.978867
vn -0.107998 -0 -0.994151
vn -0.409919 0 -0.912122
vn -0.833957 -0.044524 0.55003
vn -0.180957 -0.850467 0.493923
vn 0.031923 -0.850469 -0.525056
vn -0.543994 -0.044528 -0.837907
vn -0.82517 0.4296 0.366795
vn -0.070575 -0.863678 0.499078
vn 0.135131 -0.863679 -0.48559
vn -0.609309 0.429587 -0.666481
vn 0.413826 -0.85047 0.324728
vn 0.440942 -0.459541 -0.770969
vn 0.441844 -0.459542 -0.770451
vn -0.489498 -0.850467 -0.192609
vn -0.184639 -0.404726 -0.895603
vn -0.146734 -0.362102 -0.920517
vn 0.868207 -0.362099 -0.339266
vn 0.865908 -0.404718 -0.293951
vn 0.45284 -0.86368 0.221342
vn -0.357591 0.214701 -0.908863
vn 0.96486 0.214702 -0.15149
vn -0.420069 -0.863677 -0.278577
vn -0.120428 -0.034168 -0.992134
vn 0.486249 -0.040235 -0.872893
vn 0.506835 -0.040235 -0.861104
vn 0.916663 -0.034165 -0.398198
vn 0.420636 0.428135 0.799854
vn -0.830126 -0.362099 0.423999
vn -0.794709 -0.404729 0.452362
vn -0.056797 0.85521 0.51516
vn 0.154196 0.855209 -0.494814
vn -0.547143 -0.404722 -0.73269
vn -0.590937 -0.362106 -0.720883
vn 0.705676 0.42814 -0.564551
vn -0.753879 0.214694 0.620945
vn -0.272469 0.77343 0.572334
vn -0.02055 0.773427 -0.633552
vn -0.442231 0.214702 -0.870824
vn 0.245553 0.753874 0.609408
vn 0.432778 0.86776 0.244326
vn -0.980433 -0.040237 -0.192698
vn -0.906369 -0.034167 0.421103
vn 0.494406 0.867757 -0.050604
vn -0.97558 -0.040238 -0.215926
vn 0.469 0.753872 -0.460126
vn -0.661967 -0.03417 -0.748754
vn 0.469 0.753872 -0.460126
vn 0.245553 0.753874 0.609408
vn 0.776018 -0.594165 0.211576
vn 0.79582 -0.594163 0.116795
vn 0.543998 0.04453 0.837904
vn 0.833955 0.044521 -0.550034
vn 0.420633 -0.428139 0.799853
vn -0.056797 -0.855211 0.515158
vn 0.154196 -0.855209 -0.494815
vn 0.705678 -0.428139 -0.564549
vn 0.825166 -0.429607 -0.366795
vn -0.272469 -0.773431 0.572333
vn -0.020549 -0.773427 -0.633553
vn 0.609309 -0.429593 0.666478
vn 0.432785 -0.867759 0.244319
vn 0.245563 -0.753878 0.609399
vn 0.494403 -0.867759 -0.050604
vn 0.46901 -0.753875 -0.460111
vn -0.26541 0.044533 -0.963107
vn 0.964999 0.044543 -0.258445
vn 0.489494 0.850469 0.192609
vn -0.41383 0.85047 -0.324724
vn -0.452843 0.863678 -0.221344
vn -0.093856 -0.429589 -0.898134
vn 0.822142 -0.429599 -0.373533
vn 0.420066 0.863678 0.278576
vn -0.867765 -0 -0.496975
vn -0.67172 0 -0.740805
vn -0.304507 0.891345 -0.335826
vn -0.393381 0.891345 -0.225291
vn -0.978867 0 -0.204497
vn -0.443747 0.891344 -0.092705
vn -0.994151 0 0.107998
vn -0.450673 0.891346 0.048959
vn -0.91212 0 0.409923
vn -0.413485 0.891347 0.185827
vn 0.740806 -0 -0.671719
vn 0.912121 -0 -0.409921
vn 0.41349 0.891344 -0.185829
vn 0.335826 0.891345 -0.304508
vn 0.496975 -0 -0.867765
vn 0.225289 0.891347 -0.393377
vn 0.204497 -0 -0.978867
vn 0.092704 0.891347 -0.443742
vn -0.107998 0 -0.994151
vn -0.048958 0.891346 -0.450672
vn -0.40992 0 -0.912122
vn -0.185828 0.891344 -0.413489
vn 0.367251 0.837306 0.405024
vn 0.474438 0.837306 0.271712
vn 0.535182 0.837305 0.111807
vn 0.54354 0.837304 -0.059047
vn 0.498691 0.837304 -0.224119
vn -0.498693 0.837302 0.224121
vn -0.405028 0.837303 0.367256
vn -0.271715 0.837303 0.474441
vn -0.111807 0.837303 0.535185
vn 0.059046 0.837304 0.54354
vn 0.224118 0.837306 0.498688
vn 0.67172 0 0.740805
vn 0.867764 0 0.496976
vn 0.978867 -0 0.204497
vn 0.994151 0 -0.107997
vn 0.912121 -0 -0.409922
vn -0.912121 -2e-06 0.409922
vn -0.740806 0 0.671719
vn -0.496975 0 0.867765
vn -0.204498 0 0.978867
vn 0.108 0 0.994151
vn 0.409921 0 0.912121
vn 0.367252 -0.837306 0.405024
vn 0.474438 -0.837305 0.271713
vn 0.535182 -0.837305 0.111807
vn 0.54354 -0.837304 -0.059047
vn 0.498691 -0.837304 -0.224119
vn -0.49869 -0.837304 0.22412
vn -0.405027 -0.837303 0.367255
vn -0.271715 -0.837303 0.474441
vn -0.111807 -0.837303 0.535185
vn 0.059046 -0.837304 0.54354
vn 0.224118 -0.837306 0.498688
vn -0.304507 -0.891345 -0.335827
vn -0.393382 -0.891344 -0.225292
vn -0.443747 -0.891344 -0.092705
vn -0.450673 -0.891345 0.048959
vn -0.413484 -0.891347 0.185827
vn 0.41349 -0.891344 -0.185828
vn 0.335825 -0.891346 -0.304507
vn 0.225289 -0.891347 -0.393377
vn 0.092704 -0.891347 -0.443742
vn -0.048958 -0.891346 -0.450673
vn -0.185828 -0.891344 -0.413489
vn -0.67172 0 -0.740805
vn -0.867765 -0 -0.496975
vn -0.978867 0 -0.204497
vn -0.994151 0 0.107998
vn -0.91212 0 0.409923
vn 0.912121 -0 -0.409921
vn 0.740806 -0 -0.671719
vn 0.496975 -0 -0.867765
vn 0.204497 -0 -0.978867
vn -0.107998 0 -0.994151
vn -0.40992 0 -0.912122
vn 0.890682 0.42815 -0.152881
vn 0.146733 -0.362098 0.920519
vn 0.184638 -0.404724 0.895604
vn 0.472395 0.855211 0.213208
vn -0.422941 0.855212 -0.299555
vn -0.865908 -0.404718 0.293951
vn -0.868205 -0.362107 0.339262
vn -0.318856 0.428133 -0.845596
vn 0.35759 0.2147 0.908864
vn 0.460125 0.773428 0.435997
vn -0.608892 0.773429 -0.176234
vn -0.964862 0.214694 0.151489
vn 0.655446 0.753886 -0.045229
vn 0.366101 0.867758 -0.336104
vn -0.486242 -0.040239 0.872897
vn 0.120416 -0.03417 0.992135
vn 0.104646 0.867761 -0.48584
vn -0.506833 -0.040237 0.861105
vn -0.29269 0.75387 -0.588228
vn -0.916659 -0.034169 0.398207
vn -0.29269 0.75387 -0.588228
vn 0.655446 0.753886 -0.045229
vn -0.991958 -1e-06 0.126565
vn -0.974873 -0 -0.22276
vn -0.485948 -0.851192 -0.198311
vn -0.502977 -0.851195 0.149941
vn -0.974873 -0 -0.22276
vn -0.991958 -1e-06 0.126565
vn -0.502975 0.851196 0.149938
vn -0.48595 0.851191 -0.198312
vn 0.485943 0.851195 0.198308
vn 0.502984 0.85119 -0.149942
vn 0.974873 0 0.222761
vn 0.991959 0 -0.126561
vn 0.485945 -0.851193 0.198312
vn 0.502985 -0.85119 -0.14994
vn -0.730358 0 -0.683064
vn -0.351841 -0.659698 -0.664083
vn -0.414962 -0.659711 0.626568
vn -0.793516 -1e-06 0.608549
vn -0.793516 -1e-06 0.608549
vn -0.414953 0.659716 0.626569
vn -0.351845 0.659699 -0.66408
vn -0.730358 0 -0.683064
vn 0.351852 0.659713 0.664062
vn 0.414971 0.659701 -0.626573
vn 0.730373 1e-06 0.683048
vn 0.793533 1e-06 -0.608527
vn 0.351847 -0.659711 0.664067
vn 0.414965 -0.659701 -0.626577
vn -0.982519 5e-06 -0.186162
vn -0.858321 5e-06 -0.513113
vn -0.400884 -0.851191 -0.338772
vn -0.524706 -0.851187 -0.012827
vn -0.858321 5e-06 -0.513113
vn -0.982519 5e-06 -0.186162
vn -0.524705 0.851187 -0.012831
vn -0.400876 0.851194 -0.338773
vn 0.400884 0.851191 0.338771
vn 0.524698 0.851192 0.012827
vn 0.858323 -2e-06 0.513109
vn 0.982518 -2e-06 0.186168
vn 0.400881 -0.851193 0.33877
vn 0.524694 -0.851194 0.012826
vn -0.483525 -6e-06 -0.875331
vn -0.129404 -0.659705 -0.7403
vn -0.588285 -0.659701 0.46767
vn -0.942742 -1e-06 0.333524
vn -0.942742 -1e-06 0.333524
vn -0.588286 0.659702 0.467668
vn -0.129407 0.659701 -0.740303
vn -0.483525 -6e-06 -0.875331
vn 0.129414 0.659706 0.740297
vn 0.588292 0.659697 -0.467667
vn 0.48355 -1e-06 0.875317
vn 0.942744 -1e-06 -0.333518
vn 0.129425 -0.659705 0.740296
vn 0.588291 -0.659699 -0.467665
vn -0.186165 -0 0.982518
vn -0.012831 0.851189 0.524703
vn -0.338775 0.851189 0.400885
vn -0.513114 -1e-06 0.858321
vn -0.513114 -1e-06 0.858321
vn -0.33877 -0.851192 0.400883
vn -0.012832 -0.85119 0.524701
vn -0.186165 -0 0.982518
vn 0.012824 -0.851191 -0.5247
vn 0.338771 -0.851191 -0.400885
vn 0.186153 1e-06 -0.982521
vn 0.513109 -0 -0.858323
vn 0.012822 0.85119 -0.524701
vn 0.338775 0.85119 -0.400884
vn -0.875321 -1e-06 0.483543
vn -0.740299 0.659703 0.129416
vn 0.467676 0.659719 0.588261
vn 0.333538 2e-06 0.942737
vn 0.333538 2e-06 0.942737
vn 0.467661 -0.659726 0.588265
vn -0.740296 -0.659708 0.129415
vn -0.875321 -1e-06 0.483543
vn 0.740293 -0.65971 -0.129419
vn -0.467676 -0.659705 -0.588276
vn 0.875324 -0 -0.483537
vn -0.33356 3e-06 -0.942729
vn 0.740295 0.659709 -0.129413
vn -0.467692 0.659696 -0.588273
vn -0.740805 -1e-06 0.67172
vn -0.912121 -0 0.409921
vn -0.414968 0.890518 0.186493
vn -0.33703 0.890517 0.305599
vn -0.496975 -1e-06 0.867765
vn -0.2261 0.890516 0.394791
vn -0.204496 -0 0.978867
vn -0.093036 0.890517 0.445336
vn 0.107998 0 0.994151
vn 0.049134 0.890517 0.45229
vn 0.409922 -2e-06 0.912121
vn 0.186493 0.890516 0.414971
vn 0.671719 -2e-06 0.740806
vn 0.305599 0.890516 0.337031
vn 0.867766 0 0.496974
vn 0.39479 0.890517 0.2261
vn 0.978867 -0 0.204498
vn 0.445337 0.890516 0.093036
vn 0.994151 -0 -0.107998
vn 0.452289 0.890517 -0.049134
vn 0.912121 -1e-06 -0.409921
vn 0.414967 0.890518 -0.186493
vn 0.497393 0.838231 -0.223537
vn 0.40397 0.838233 -0.366297
vn 0.271005 0.838234 -0.473202
vn 0.111514 0.838233 -0.533788
vn -0.058893 0.838233 -0.542122
vn -0.223535 0.838234 -0.49739
vn -0.366296 0.838233 -0.40397
vn -0.473203 0.838233 -0.271007
vn -0.533789 0.838232 -0.111515
vn -0.542121 0.838234 0.058893
vn -0.497387 0.838235 0.223534
vn 0.912121 -0 -0.409922
vn 0.740806 0 -0.671719
vn 0.496975 0 -0.867765
vn 0.204498 0 -0.978867
vn -0.107998 -0 -0.994151
vn -0.409922 -0 -0.912121
vn -0.67172 -1e-06 -0.740805
vn -0.867766 -0 -0.496974
vn -0.978867 -0 -0.204498
vn -0.994151 -0 0.107998
vn -0.912121 -0 0.409922
vn 0.497393 -0.838231 -0.223536
vn 0.40397 -0.838233 -0.366297
vn 0.271005 -0.838234 -0.473202
vn 0.111514 -0.838233 -0.533788
vn -0.058893 -0.838233 -0.542122
vn -0.223535 -0.838234 -0.497389
vn -0.366297 -0.838233 -0.40397
vn -0.473203 -0.838232 -0.271008
vn -0.533789 -0.838232 -0.111515
vn -0.542121 -0.838234 0.058893
vn -0.497387 -0.838236 0.223533
vn -0.414968 -0.890518 0.186493
vn -0.337029 -0.890517 0.305599
vn -0.226099 -0.890516 0.394792
vn -0.093036 -0.890516 0.445337
vn 0.049134 -0.890517 0.452289
vn 0.186493 -0.890518 0.414968
vn 0.305599 -0.890517 0.337028
vn 0.39479 -0.890517 0.2261
vn 0.445337 -0.890516 0.093037
vn 0.452289 -0.890517 -0.049133
vn 0.414967 -0.890518 -0.186493
vn -0.912121 -0 0.409921
vn -0.740805 -1e-06 0.67172
vn -0.496975 -1e-06 0.867765
vn -0.204496 -0 0.978867
vn 0.107998 0 0.994151
vn 0.409922 -2e-06 0.912121
vn 0.671719 -2e-06 0.740806
vn 0.867766 0 0.496974
vn 0.978867 -0 0.204498
vn 0.994151 -0 -0.107998
vn 0.912121 -1e-06 -0.409921
vn -0.146736 0.362101 -0.920517
vn -0.890688 -0.428138 0.152884
vn -0.472393 -0.855211 -0.213212
vn -0.184637 0.404728 -0.895603
vn 0.422946 -0.855209 0.299557
vn 0.318861 -0.428127 0.845598
vn 0.86821 0.362099 -0.339259
vn 0.865906 0.404721 -0.293952
vn -0.460122 -0.773427 -0.436003
vn -0.357587 -0.214701 -0.908865
vn 0.96486 -0.214701 -0.151491
vn 0.608892 -0.773429 0.176233
vn 0.292679 -0.753869 0.588235
vn -0.10464 -0.867765 0.485834
vn 0.506833 0.040235 -0.861105
vn 0.91667 0.034164 -0.398181
vn -0.366088 -0.867763 0.336105
vn 0.486248 0.040235 -0.872894
vn -0.655456 -0.753878 0.045233
vn -0.120425 0.034167 -0.992134
vn -0.655456 -0.753878 0.045233
vn 0.292679 -0.753869 0.588235
vn 0.48067 2e-06 -0.876902
vn 0.174337 0.851191 -0.495056
vn 0.446072 0.851191 -0.276575
vn 0.753238 2e-06 -0.657748
vn 0.753238 2e-06 -0.657748
vn 0.446071 -0.851191 -0.276576
vn 0.17434 -0.851191 -0.495056
vn 0.48067 2e-06 -0.876902
vn -0.174344 -0.851192 0.495052
vn -0.446071 -0.851189 0.276581
vn -0.480675 -1e-06 0.876899
vn -0.75323 -2e-06 0.657757
vn -0.174342 0.85119 0.495056
vn -0.446076 0.851187 0.276582
vn 0.981907 1e-06 -0.189362
vn 0.74407 0.659688 0.105694
vn -0.263002 0.659701 -0.704006
vn -0.02589 3e-06 -0.999665
vn -0.02589 3e-06 -0.999665
vn -0.262997 -0.659702 -0.704007
vn 0.744064 -0.659696 0.105692
vn 0.981907 1e-06 -0.189362
vn -0.744047 -0.659714 -0.105692
vn 0.262978 -0.659708 0.704008
vn -0.981904 -5e-06 0.189377
vn 0.025863 -2e-06 0.999665
vn -0.744057 0.659702 -0.105695
vn 0.262988 0.659698 0.704015
vn -0.670853 0.158158 -0.724529
vn -0.989765 0.061098 0.128965
vn -0.972267 -0.017525 0.233216
vn -0.661489 0.127522 -0.739033
vn -0.661489 0.127522 -0.739033
vn 0.344835 0.159215 -0.925062
vn 0.220717 0.114145 -0.968636
vn -0.670853 0.158158 -0.724529
vn -0.306598 -0.108578 0.945626
vn -0.200943 -0.167982 0.965093
vn -0.670627 -0.157019 -0.724986
vn 0.226146 -0.112937 -0.967524
vn 0.351237 -0.157885 -0.922879
vn -0.660261 -0.12391 -0.740744
vn -0.660261 -0.12391 -0.740744
vn -0.969055 0.021691 0.245892
vn -0.98915 -0.058584 0.134724
vn -0.670627 -0.157019 -0.724986
vn -0.212955 0.168362 0.962447
vn -0.31079 0.109323 0.944171
vn 0.968107 0.044422 -0.246569
vn 0.987652 -0.033662 -0.153004
vn 0.989845 0.032655 -0.138348
vn 0.969291 -0.044379 -0.241881
vn 0.690629 0.152071 0.707041
vn 0.700878 0.139935 0.69942
vn 0.699026 -0.137417 0.701769
vn 0.690634 -0.150473 0.707378
vn -0.933445 -0.278862 0.225646
vn -0.597097 -0.378724 -0.707137
vn -0.597097 -0.378724 -0.707137
vn 0.385995 -0.094157 -0.917683
vn -0.288454 0.097039 0.952564
vn 0.396488 0.087231 -0.913886
vn -0.592999 0.384936 -0.707231
vn -0.592999 0.384936 -0.707231
vn -0.929226 0.266352 0.256118
vn -0.285537 -0.10055 0.953079
vn 0.943467 -0.316799 -0.097508
vn 0.385995 -0.094157 -0.917683
vn 0.944982 0.316313 -0.083398
vn 0.568249 -0.351372 0.744064
vn 0.565835 0.360408 0.741577
vn -0.288454 0.097039 0.952564
vn -0.546925 -0.511332 -0.662882
vn 0.201024 -0.284475 -0.937371
vn 0.905681 0.299882 -0.299689
vn 0.503006 0.521059 0.689553
vn -0.500844 0.119359 0.857268
vn -0.915061 -0.402476 0.026026
vn -0.546925 -0.511332 -0.662882
vn 0.244909 0.267102 -0.932028
vn -0.543835 0.51621 -0.661642
vn 0.908111 -0.302128 -0.289918
vn 0.504302 -0.515938 0.692451
vn -0.470288 -0.136518 0.87189
vn -0.919286 0.383236 0.089686
vn -0.543835 0.51621 -0.661642
vn 0.991959 -1e-06 -0.12656
vn 0.974874 -1e-06 0.222759
vn 0.48595 -0.851191 0.198309
vn 0.50298 -0.851192 -0.149943
vn 0.974874 -1e-06 0.222759
vn 0.991959 -1e-06 -0.12656
vn 0.502976 0.851196 -0.149937
vn 0.485947 0.851193 0.198309
vn -0.485942 0.851195 -0.198311
vn -0.502982 0.851192 0.14994
vn -0.974872 -1e-06 -0.222766
vn -0.991958 -1e-06 0.126565
vn -0.485943 -0.851194 -0.198315
vn -0.502982 -0.851192 0.14994
vn 0.730363 0 0.683059
vn 0.351842 -0.659708 0.664072
vn 0.414964 -0.659698 -0.62658
vn 0.793523 3e-06 -0.608541
vn 0.793523 3e-06 -0.608541
vn 0.414966 0.659704 -0.626574
vn 0.351841 0.659711 0.66407
vn 0.730363 0 0.683059
vn -0.351838 0.6597 -0.664083
vn -0.41497 0.659709 0.626565
vn -0.73035 -5e-06 -0.683073
vn -0.793533 -2e-06 0.608527
vn -0.35184 -0.6597 -0.664081
vn -0.414962 -0.659709 0.62657
vn 0.265407 0.044536 0.963107
vn -0.964998 0.044534 0.258447
vn -0.489496 0.850467 -0.192611
vn 0.413828 0.850469 0.324728
vn 0.452841 0.86368 0.221342
vn 0.093853 -0.429588 0.898135
vn -0.822148 -0.429585 0.373536
vn -0.420066 0.863678 -0.278578
vn -0.413831 -0.850469 -0.324725
vn -0.440938 -0.459539 0.770972
vn -0.441843 -0.459546 0.77045
vn 0.489497 -0.850467 0.192609
vn 0.184638 -0.404724 0.895604
vn 0.146733 -0.362098 0.920519
vn -0.868205 -0.362107 0.339262
vn -0.865908 -0.404718 0.293951
vn -0.452845 -0.863677 -0.221343
vn 0.35759 0.2147 0.908864
vn -0.964862 0.214694 0.151489
vn 0.420068 -0.863677 0.278577
vn 0.120416 -0.03417 0.992135
vn -0.486242 -0.040239 0.872897
vn -0.506833 -0.040237 0.861105
vn -0.916659 -0.034169 0.398207
vn 0.146736 0.362099 0.920518
vn 0.890681 -0.42815 -0.152886
vn 0.472394 -0.855211 0.213207
vn 0.184641 0.404726 0.895603
vn -0.422946 -0.85521 -0.299554
vn -0.318857 -0.428133 -0.845596
vn -0.868205 0.362107 0.339261
vn -0.865905 0.404724 0.293952
vn 0.460125 -0.773429 0.435996
vn 0.357593 -0.214702 0.908862
vn -0.964862 -0.214691 0.151489
vn -0.608896 -0.773426 -0.176232
vn -0.292697 -0.753869 -0.588226
vn 0.104644 -0.86776 -0.485842
vn -0.506836 0.040239 0.861103
vn -0.916661 0.03417 0.398201
vn 0.366094 -0.86776 -0.336108
vn -0.486242 0.04024 0.872897
vn 0.655441 -0.75389 -0.045244
vn 0.120425 0.034169 0.992134
vn 0.655441 -0.75389 -0.045244
vn -0.292697 -0.753869 -0.588226
vn -0.357007 0.59416 0.720777
vn -0.441031 0.594157 0.672658
vn 0.265407 -0.044537 0.963107
vn -0.964999 -0.044536 0.258445
vn -0.890688 0.428137 0.152885
vn -0.472393 0.855211 -0.213212
vn 0.422943 0.855211 0.299556
vn 0.318857 0.428135 0.845595
vn -0.460123 0.773427 -0.436002
vn 0.093855 0.429588 0.898134
vn -0.822151 0.429582 0.373534
vn 0.608891 0.77343 0.176234
vn 0.292663 0.753876 0.588234
vn -0.104635 0.867765 0.485835
vn -0.366088 0.867762 0.336108
vn -0.655467 0.753868 0.045234
vn -0.867764 -0 -0.496976
vn -0.67172 -1e-06 -0.740805
vn -0.3056 0.890516 -0.337032
vn -0.394789 0.890517 -0.226098
vn -0.978867 -0 -0.204496
vn -0.445334 0.890518 -0.093036
vn -0.994151 0 0.107999
vn -0.452287 0.890518 0.049133
vn -0.912121 -0 0.409921
vn -0.414968 0.890518 0.186493
vn 0.740806 -1e-06 -0.671719
vn 0.912121 -1e-06 -0.409921
vn 0.414967 0.890518 -0.186493
vn 0.337029 0.890517 -0.3056
vn 0.496974 -0 -0.867766
vn 0.226099 0.890517 -0.394789
vn 0.204498 -0 -0.978867
vn 0.093035 0.890518 -0.445334
vn -0.107999 -1e-06 -0.994151
vn -0.049133 0.890517 -0.452289
vn -0.409921 -2e-06 -0.912121
vn -0.186494 0.890516 -0.414972
vn 0.366295 0.838234 0.40397
vn 0.473203 0.838233 0.271007
vn 0.533788 0.838233 0.111516
vn 0.542122 0.838233 -0.058893
vn 0.497393 0.838231 -0.223537
vn -0.497387 0.838235 0.223534
vn -0.403969 0.838234 0.366296
vn -0.271006 0.838234 0.473202
vn -0.111514 0.838234 0.533787
vn 0.058892 0.838235 0.542119
vn 0.223534 0.838235 0.497388
vn 0.671719 0 0.740806
vn 0.867764 0 0.496977
vn 0.978868 -0 0.204495
vn 0.994151 -0 -0.107998
vn 0.912121 -0 -0.409922
vn -0.912121 -0 0.409922
vn -0.740805 -0 0.67172
vn -0.496973 0 0.867766
vn -0.204499 0 0.978867
vn 0.107998 0 0.994151
vn 0.409922 1e-06 0.912121
vn 0.366296 -0.838234 0.40397
vn 0.473204 -0.838233 0.271006
vn 0.533789 -0.838233 0.111515
vn 0.542122 -0.838233 -0.058893
vn 0.497393 -0.838231 -0.223536
vn -0.497387 -0.838236 0.223533
vn -0.403969 -0.838235 0.366294
vn -0.271006 -0.838235 0.4732
vn -0.111514 -0.838234 0.533787
vn 0.058893 -0.838234 0.542121
vn 0.223535 -0.838235 0.497388
vn -0.305599 -0.890517 -0.337029
vn -0.39479 -0.890517 -0.226098
vn -0.445334 -0.890518 -0.093036
vn -0.452287 -0.890518 0.049134
vn -0.414968 -0.890518 0.186493
vn 0.414967 -0.890518 -0.186493
vn 0.33703 -0.890516 -0.3056
vn 0.226099 -0.890517 -0.394789
vn 0.093035 -0.890518 -0.445334
vn -0.049133 -0.890517 -0.45229
vn -0.186494 -0.890517 -0.41497
vn -0.67172 -1e-06 -0.740805
vn -0.867764 -0 -0.496976
vn -0.978867 -0 -0.204496
vn -0.994151 0 0.107999
vn -0.912121 -0 0.409921
vn 0.912121 -1e-06 -0.409921
vn 0.740806 -1e-06 -0.671719
vn 0.496974 -0 -0.867766
vn 0.204498 -0 -0.978867
vn -0.107999 -1e-06 -0.994151
vn -0.409921 -2e-06 -0.912121
vn -0.991958 1e-06 0.126564
vn -0.502977 0.851195 0.149941
vn -0.485948 0.851191 -0.198312
vn -0.974874 -0 -0.222759
vn -0.974874 -0 -0.222759
vn -0.485949 -0.851191 -0.19831
vn -0.502976 -0.851195 0.149939
vn -0.991958 1e-06 0.126564
vn 0.502982 -0.851192 -0.14994
vn 0.485942 -0.851195 0.19831
vn 0.991959 -1e-06 -0.12656
vn 0.974873 0 0.222762
vn 0.502984 0.85119 -0.14994
vn 0.485943 0.851194 0.198312
vn -0.730358 0 -0.683064
vn -0.351841 0.659697 -0.664084
vn -0.414961 0.659712 0.626569
vn -0.793518 2e-06 0.608546
vn -0.793518 2e-06 0.608546
vn -0.414957 -0.659717 0.626565
vn -0.351845 -0.6597 -0.664079
vn -0.730358 0 -0.683064
vn 0.351851 -0.659714 0.664062
vn 0.414966 -0.659703 -0.626574
vn 0.730371 1e-06 0.683051
vn 0.793531 -2e-06 -0.60853
vn 0.351843 0.659712 0.664069
vn 0.414965 0.6597 -0.626578
vn -0.41383 0.85047 -0.324724
vn 0.489494 0.850469 0.192609
vn -0.441842 0.459547 0.77045
vn -0.440936 0.45954 0.770972
vn 0.146736 0.362099 0.920518
vn 0.184641 0.404726 0.895603
vn -0.868205 0.362107 0.339261
vn -0.865905 0.404724 0.293952
vn 0.357593 -0.214702 0.908862
vn -0.452843 0.863678 -0.221344
vn 0.420066 0.863678 0.278576
vn -0.964862 -0.214691 0.151489
vn -0.916661 0.03417 0.398201
vn -0.506836 0.040239 0.861103
vn -0.486242 0.04024 0.872897
vn 0.120425 0.034169 0.992134
vn 0.982519 -2e-06 0.186162
vn 0.858324 -3e-06 0.513108
vn 0.400888 -0.851189 0.33877
vn 0.524698 -0.851192 0.012825
vn 0.858324 -3e-06 0.513108
vn 0.982519 -2e-06 0.186162
vn 0.524698 0.851192 0.012831
vn 0.400884 0.851191 0.338772
vn -0.400882 0.851194 -0.338766
vn -0.524693 0.851195 -0.012826
vn -0.858325 0 -0.513107
vn -0.982519 1e-06 -0.186163
vn -0.400888 -0.851189 -0.338771
vn -0.524699 -0.851191 -0.012827
vn 0.483557 -9e-06 0.875313
vn 0.129422 -0.659708 0.740294
vn 0.58828 -0.659704 -0.467672
vn 0.942736 -1e-06 -0.333539
vn 0.942736 -1e-06 -0.333539
vn 0.588273 0.659712 -0.46767
vn 0.129421 0.659703 0.740299
vn 0.483557 -9e-06 0.875313
vn -0.12942 0.659709 -0.740294
vn -0.588285 0.659701 0.467671
vn -0.483553 1e-06 -0.875315
vn -0.942738 3e-06 0.333534
vn -0.129422 -0.659703 -0.740298
vn -0.58828 -0.659702 0.467675
vn 0.982519 1e-06 0.186163
vn 0.524699 0.851191 0.012825
vn 0.400888 0.851189 0.338772
vn 0.858324 1e-06 0.513109
vn 0.858324 1e-06 0.513109
vn 0.400884 -0.851191 0.33877
vn 0.5247 -0.851191 0.012829
vn 0.982519 1e-06 0.186163
vn -0.524693 -0.851195 -0.012829
vn -0.400882 -0.851193 -0.338768
vn -0.982519 -0 -0.186164
vn -0.858325 -0 -0.513107
vn -0.524698 0.851192 -0.012826
vn -0.400887 0.85119 -0.33877
vn 0.483552 6e-06 0.875315
vn 0.129421 0.659708 0.740294
vn 0.58828 0.659706 -0.46767
vn 0.942738 -0 -0.333535
vn 0.942738 -0 -0.333535
vn 0.588273 -0.659712 -0.467669
vn 0.129416 -0.659703 0.7403
vn 0.483552 6e-06 0.875315
vn -0.12942 -0.659707 -0.740295
vn -0.588284 -0.6597 0.467672
vn -0.483553 -1e-06 -0.875315
vn -0.942739 -1e-06 0.333531
vn -0.129421 0.659704 -0.740298
vn -0.588279 0.659704 0.467673
vn -0.48067 1e-06 0.876901
vn -0.174336 0.851193 0.495053
vn -0.446069 0.851193 0.276573
vn -0.753235 2e-06 0.657751
vn -0.753235 2e-06 0.657751
vn -0.446069 -0.851193 0.276574
vn -0.174342 -0.851193 0.49505
vn -0.48067 1e-06 0.876901
vn 0.174333 -0.851195 -0.49505
vn 0.446065 -0.851193 -0.27658
vn 0.480667 -5e-06 -0.876903
vn 0.753229 -4e-06 -0.657759
vn 0.174335 0.851193 -0.495054
vn 0.446071 0.851189 -0.276582
vn -0.981905 2e-06 0.189372
vn -0.744062 0.659698 -0.105693
vn 0.263004 0.659706 0.704001
vn 0.025891 -0 0.999665
vn 0.025891 -0 0.999665
vn 0.262988 -0.659708 0.704004
vn -0.744062 -0.659698 -0.10569
vn -0.981905 2e-06 0.189372
vn 0.744048 -0.659713 0.105693
vn -0.262977 -0.659699 -0.704017
vn 0.981904 7e-06 -0.189379
vn -0.025868 0 -0.999665
vn 0.744045 0.659717 0.105689
vn -0.262987 0.659696 -0.704017
vn 0.265407 -0.044537 0.963107
vn 0.413826 -0.85047 0.324728
vn -0.489498 -0.850467 -0.192609
vn -0.964999 -0.044536 0.258445
vn 0.093855 0.429588 0.898134
vn 0.45284 -0.86368 0.221342
vn -0.420069 -0.863677 -0.278577
vn -0.822151 0.429582 0.373534
vn 0.186162 5e-06 -0.982519
vn 0.513109 6e-06 -0.858324
vn 0.338769 -0.85119 -0.400888
vn 0.012826 -0.851188 -0.524704
vn 0.513109 6e-06 -0.858324
vn 0.186162 5e-06 -0.982519
vn 0.012832 0.851189 -0.524703
vn 0.338771 0.851193 -0.40088
vn -0.338772 0.85119 0.400886
vn -0.012831 0.851191 0.524699
vn -0.513108 -2e-06 0.858324
vn -0.186166 -2e-06 0.982518
vn -0.338774 -0.851189 0.400886
vn -0.012824 -0.851192 0.524698
vn 0.875323 -2e-06 -0.483539
vn 0.740287 -0.659718 -0.12941
vn -0.46767 -0.659713 -0.588272
vn -0.33354 -3e-06 -0.942736
vn -0.33354 -3e-06 -0.942736
vn -0.467678 0.659711 -0.588267
vn 0.740287 0.659718 -0.12941
vn 0.875323 -2e-06 -0.483539
vn -0.740294 0.65971 0.129411
vn 0.467652 0.659718 0.588281
vn -0.875329 2e-06 0.483527
vn 0.333511 2e-06 0.942746
vn -0.740307 -0.659695 0.129414
vn 0.467657 -0.659719 0.588275
vn -0.740806 -0 0.671719
vn -0.91212 0 0.409923
vn -0.413485 0.891347 0.185827
vn -0.335824 0.891347 0.304505
vn -0.496976 -0 0.867764
vn -0.225291 0.891345 0.39338
vn -0.204497 0 0.978867
vn -0.092703 0.891345 0.443746
vn 0.107999 0 0.994151
vn 0.048958 0.891346 0.450672
vn 0.409921 -0 0.912121
vn 0.185827 0.891346 0.413486
vn 0.671719 -0 0.740806
vn 0.304506 0.891346 0.335824
vn 0.867765 0 0.496975
vn 0.39338 0.891345 0.225292
vn 0.978867 -0 0.204497
vn 0.443745 0.891345 0.092704
vn 0.994151 -0 -0.107997
vn 0.450673 0.891345 -0.048958
vn 0.912121 -0 -0.409921
vn 0.41349 0.891344 -0.185829
vn 0.498691 0.837304 -0.224119
vn 0.405025 0.837305 -0.367253
vn 0.271714 0.837305 -0.474438
vn 0.111807 0.837304 -0.535183
vn -0.059046 0.837304 -0.54354
vn -0.22412 0.837305 -0.49869
vn -0.367255 0.837304 -0.405026
vn -0.474442 0.837302 -0.271716
vn -0.535185 0.837303 -0.111806
vn -0.543539 0.837304 0.059047
vn -0.498693 0.837302 0.224121
vn 0.912121 -0 -0.409922
vn 0.740805 1e-06 -0.67172
vn 0.496976 1e-06 -0.867765
vn 0.204497 -0 -0.978867
vn -0.107999 -0 -0.994151
vn -0.409923 0 -0.91212
vn -0.671719 1e-06 -0.740806
vn -0.867764 1e-06 -0.496976
vn -0.978867 1e-06 -0.204498
vn -0.994151 -2e-06 0.107998
vn -0.912121 -2e-06 0.409922
vn 0.498691 -0.837304 -0.224119
vn 0.405026 -0.837305 -0.367254
vn 0.271714 -0.837305 -0.474439
vn 0.111807 -0.837305 -0.535182
vn -0.059046 -0.837304 -0.543539
vn -0.22412 -0.837304 -0.49869
vn -0.367255 -0.837304 -0.405026
vn -0.474442 -0.837303 -0.271715
vn -0.535183 -0.837304 -0.111806
vn -0.543537 -0.837306 0.059047
vn -0.49869 -0.837304 0.22412
vn -0.413484 -0.891347 0.185827
vn -0.335824 -0.891346 0.304506
vn -0.225292 -0.891345 0.39338
vn -0.092703 -0.891345 0.443745
vn 0.048958 -0.891346 0.450672
vn 0.185828 -0.891345 0.413487
vn 0.304507 -0.891346 0.335825
vn 0.39338 -0.891345 0.225292
vn 0.443744 -0.891346 0.092704
vn 0.450673 -0.891346 -0.048958
vn 0.41349 -0.891344 -0.185828
vn -0.91212 0 0.409923
vn -0.740806 -0 0.671719
vn -0.496976 -0 0.867764
vn -0.204497 0 0.978867
vn 0.107999 0 0.994151
vn 0.409921 -0 0.912121
vn 0.671719 -0 0.740806
vn 0.867765 0 0.496975
vn 0.978867 -0 0.204497
vn 0.994151 -0 -0.107997
vn 0.912121 -0 -0.409921
vn 0.180959 0.850467 -0.493923
vn -0.031922 0.850469 0.525056
vn -0.869281 0.459543 -0.18213
vn -0.869494 0.459541 -0.181112
vn -0.830127 0.362099 0.423997
vn -0.794709 0.404731 0.45236
vn -0.590941 0.362106 -0.72088
vn -0.54714 0.404726 -0.73269
vn -0.753878 -0.214697 0.620945
vn 0.07058 0.863676 -0.499081
vn -0.135133 0.863676 0.485595
vn -0.442229 -0.214701 -0.870826
vn -0.66197 0.034169 -0.748751
vn -0.975581 0.040239 -0.215924
vn -0.980433 0.040238 -0.192697
vn -0.906369 0.034166 0.421104
vn -0.830127 0.362099 0.423997
vn 0.420633 -0.428139 0.799853
vn -0.056797 -0.855211 0.515158
vn -0.794709 0.404731 0.45236
vn 0.154196 -0.855209 -0.494815
vn 0.705678 -0.428139 -0.564549
vn -0.590941 0.362106 -0.72088
vn -0.54714 0.404726 -0.73269
vn -0.794709 0.404731 0.45236
vn -0.272469 -0.773431 0.572333
vn -0.753878 -0.214697 0.620945
vn -0.54714 0.404726 -0.73269
vn -0.442229 -0.214701 -0.870826
vn -0.020549 -0.773427 -0.633553
vn 0.46901 -0.753875 -0.460111
vn 0.494403 -0.867759 -0.050604
vn -0.975581 0.040239 -0.215924
vn -0.66197 0.034169 -0.748751
vn 0.432785 -0.867759 0.244319
vn -0.980433 0.040238 -0.192697
vn 0.245563 -0.753878 0.609399
vn -0.906369 0.034166 0.421104
vn 0.245563 -0.753878 0.609399
vn 0.46901 -0.753875 -0.460111
vn -0.867764 -0 -0.496976
vn -0.671719 -1e-06 -0.740806
vn -0.3056 0.890516 -0.337031
vn -0.394789 0.890517 -0.226098
vn -0.978867 0 -0.204496
vn -0.445333 0.890518 -0.093036
vn -0.994151 -0 0.107999
vn -0.452287 0.890518 0.049133
vn -0.912121 -0 0.409921
vn -0.414968 0.890518 0.186493
vn 0.740806 -0 -0.671719
vn 0.912121 -0 -0.409922
vn 0.414967 0.890518 -0.186492
vn 0.337029 0.890517 -0.3056
vn 0.496974 0 -0.867766
vn 0.226099 0.890517 -0.394789
vn 0.204498 0 -0.978867
vn 0.093035 0.890518 -0.445334
vn -0.107998 -0 -0.994151
vn -0.049133 0.890517 -0.452289
vn -0.409921 -1e-06 -0.912121
vn -0.186494 0.890516 -0.414971
vn 0.366295 0.838234 0.40397
vn 0.473203 0.838233 0.271006
vn 0.533788 0.838233 0.111515
vn 0.542122 0.838234 -0.058893
vn 0.497393 0.838231 -0.223537
vn -0.497387 0.838236 0.223534
vn -0.403969 0.838235 0.366295
vn -0.271006 0.838234 0.473201
vn -0.111514 0.838234 0.533787
vn 0.058893 0.838235 0.542119
vn 0.223534 0.838235 0.497388
vn 0.671719 0 0.740806
vn 0.867764 0 0.496977
vn 0.978868 -0 0.204495
vn 0.994151 -0 -0.107998
vn 0.912121 -0 -0.409922
vn -0.912121 0 0.409921
vn -0.740805 0 0.67172
vn -0.496973 0 0.867766
vn -0.204499 0 0.978867
vn 0.107998 1e-06 0.994151
vn 0.409922 1e-06 0.912121
vn 0.366295 -0.838234 0.40397
vn 0.473204 -0.838233 0.271006
vn 0.533789 -0.838233 0.111515
vn 0.542122 -0.838234 -0.058893
vn 0.497393 -0.838231 -0.223536
vn -0.497387 -0.838236 0.223534
vn -0.403969 -0.838234 0.366295
vn -0.271006 -0.838234 0.473201
vn -0.111514 -0.838234 0.533786
vn 0.058892 -0.838235 0.54212
vn 0.223535 -0.838235 0.497388
vn -0.305599 -0.890517 -0.33703
vn -0.39479 -0.890517 -0.226098
vn -0.445334 -0.890518 -0.093036
vn -0.452287 -0.890518 0.049134
vn -0.414968 -0.890518 0.186493
vn 0.414967 -0.890518 -0.186493
vn 0.33703 -0.890517 -0.3056
vn 0.226099 -0.890517 -0.394789
vn 0.093035 -0.890518 -0.445334
vn -0.049133 -0.890517 -0.452289
vn -0.186494 -0.890517 -0.41497
vn -0.671719 -1e-06 -0.740806
vn -0.867764 -0 -0.496976
vn -0.978867 0 -0.204496
vn -0.994151 -0 0.107999
vn -0.912121 -0 0.409921
vn 0.912121 -0 -0.409922
vn 0.740806 -0 -0.671719
vn 0.496974 0 -0.867766
vn 0.204498 0 -0.978867
vn -0.107998 -0 -0.994151
vn -0.409921 -1e-06 -0.912121
vn 0.096402 0.158157 0.982697
vn 0.113502 0.127541 0.985318
vn -0.819916 -0.017523 0.572216
vn -0.753571 0.061098 0.654521
vn 0.113502 0.127541 0.985318
vn 0.096402 0.158157 0.982697
vn 0.870881 0.114145 0.478055
vn 0.920694 0.159224 0.356329
vn -0.855104 -0.16798 -0.49049
vn -0.910694 -0.108576 -0.398556
vn 0.096886 -0.157018 0.982832
vn 0.115497 -0.123912 0.985549
vn 0.923321 -0.157885 0.350073
vn 0.873656 -0.112938 0.473255
vn 0.115497 -0.123912 0.985549
vn 0.096886 -0.157018 0.982832
vn -0.757469 -0.058584 0.650238
vn -0.827248 0.021673 0.561419
vn -0.912389 0.109322 -0.394455
vn -0.861055 0.168341 -0.47984
vn 0.770123 -0.033662 -0.637007
vn 0.827136 0.044423 -0.560243
vn 0.824417 -0.04438 -0.56424
vn 0.760626 0.032646 -0.648369
vn -0.057693 0.139917 -0.988481
vn -0.070196 0.152071 -0.985874
vn -0.070439 -0.150472 -0.986102
vn -0.060667 -0.137417 -0.988654
vn 0.942518 -0.094092 0.320634
vn 0.132458 -0.37876 0.915967
vn 0.132458 -0.37876 0.915967
vn -0.788479 -0.278861 0.548213
vn -0.903837 0.097037 -0.416729
vn -0.808482 0.266301 0.524824
vn 0.135049 0.385002 0.912982
vn 0.135049 0.385002 0.912982
vn 0.946641 0.087231 0.310262
vn -0.902294 -0.100488 -0.419246
vn 0.946641 0.087231 0.310262
vn 0.699324 -0.316748 -0.640793
vn 0.689787 0.316294 -0.65127
vn -0.179154 -0.351487 -0.918891
vn -0.178875 0.360405 -0.915484
vn 0.132599 -0.511329 0.849094
vn 0.834431 -0.284472 0.472017
vn 0.825421 0.299873 -0.478285
vn -0.181691 0.521056 -0.83396
vn -0.973587 0.119355 -0.194635
vn -0.626998 -0.402475 0.666999
vn 0.132599 -0.511329 0.849094
vn 0.133697 0.516212 0.845961
vn 0.859569 0.267103 0.435657
vn 0.819726 -0.302125 -0.486591
vn -0.182999 -0.515939 -0.83685
vn -0.964242 -0.136503 -0.227168
vn -0.6774 0.383241 0.627898
vn 0.133697 0.516212 0.845961
vn -0.186166 -1e-06 0.982518
vn -0.513114 -0 0.85832
vn -0.338776 -0.851189 0.400885
vn -0.012831 -0.851188 0.524704
vn -0.513114 -0 0.85832
vn -0.186166 -1e-06 0.982518
vn -0.012833 0.851189 0.524702
vn -0.33877 0.851191 0.400884
vn 0.338771 0.851191 -0.400884
vn 0.012823 0.851191 -0.524699
vn 0.51311 1e-06 -0.858323
vn 0.186154 -0 -0.982521
vn 0.338775 -0.85119 -0.400883
vn 0.012823 -0.85119 -0.524701
vn -0.875322 1e-06 0.48354
vn -0.740302 -0.659701 0.129413
vn 0.467675 -0.659718 0.588262
vn 0.333535 -1e-06 0.942738
vn 0.333535 -1e-06 0.942738
vn 0.467662 0.659723 0.588267
vn -0.740297 0.659706 0.129415
vn -0.875322 1e-06 0.48354
vn 0.740295 0.659708 -0.129418
vn -0.467677 0.659704 -0.588276
vn 0.875325 2e-06 -0.483536
vn -0.333554 -1e-06 -0.942731
vn 0.740295 -0.659708 -0.129414
vn -0.467687 -0.659698 -0.588275
vn -0.890688 0.428137 0.152885
vn -0.146734 -0.362102 -0.920517
vn -0.184639 -0.404726 -0.895603
vn -0.472393 0.855211 -0.213212
vn 0.422943 0.855211 0.299556
vn 0.865908 -0.404718 -0.293951
vn 0.868207 -0.362099 -0.339266
vn 0.318857 0.428135 0.845595
vn -0.184639 -0.404726 -0.895603
vn -0.357591 0.214701 -0.908863
vn -0.460123 0.773427 -0.436002
vn 0.608891 0.77343 0.176234
vn 0.96486 0.214702 -0.15149
vn 0.865908 -0.404718 -0.293951
vn -0.655467 0.753868 0.045234
vn -0.366088 0.867762 0.336108
vn 0.486249 -0.040235 -0.872893
vn -0.120428 -0.034168 -0.992134
vn -0.104635 0.867765 0.485835
vn 0.506835 -0.040235 -0.861104
vn 0.292663 0.753876 0.588234
vn 0.916663 -0.034165 -0.398198
vn 0.292663 0.753876 0.588234
vn -0.655467 0.753868 0.045234
vn -0.480671 -2e-06 0.876901
vn -0.753235 -1e-06 0.657752
vn -0.446068 -0.851194 0.276572
vn -0.174336 -0.851194 0.495051
vn -0.753235 -1e-06 0.657752
vn -0.480671 -2e-06 0.876901
vn -0.174341 0.851194 0.495049
vn -0.446067 0.851194 0.276574
vn 0.446066 0.851193 -0.27658
vn 0.174334 0.851195 -0.49505
vn 0.753229 1e-06 -0.657758
vn 0.480668 3e-06 -0.876903
vn 0.446071 -0.851189 -0.276582
vn 0.174336 -0.851192 -0.495054
vn -0.981905 1e-06 0.189373
vn -0.744061 -0.659699 -0.105693
vn 0.263 -0.659707 0.704002
vn 0.025888 -2e-06 0.999665
vn 0.025888 -2e-06 0.999665
vn 0.262988 0.659707 0.704005
vn -0.744059 0.659702 -0.105688
vn -0.981905 1e-06 0.189373
vn 0.744051 0.65971 0.105694
vn -0.262974 0.659701 -0.704016
vn 0.981904 -1.2e-05 -0.189378
vn -0.025866 -2e-06 -0.999665
vn 0.744045 -0.659718 0.10569
vn -0.262984 -0.659698 -0.704016
vn 0.830123 0.362105 -0.423999
vn -0.420641 -0.428136 -0.799851
vn 0.056795 -0.855213 -0.515155
vn 0.794711 0.404728 -0.45236
vn -0.154193 -0.85521 0.494813
vn -0.705674 -0.428145 0.564549
vn 0.590945 0.362098 0.72088
vn 0.547138 0.404726 0.732692
vn 0.272472 -0.773432 -0.57233
vn 0.753881 -0.214697 -0.620942
vn 0.442232 -0.214697 0.870825
vn 0.020555 -0.773426 0.633553
vn -0.469002 -0.75388 0.46011
vn -0.494391 -0.867765 0.05062
vn 0.975578 0.040244 0.215934
vn 0.661968 0.034175 0.748753
vn -0.432793 -0.86776 -0.244299
vn 0.980432 0.040242 0.192701
vn -0.24558 -0.753871 -0.6094
vn 0.90637 0.034171 -0.4211
vn -0.24558 -0.753871 -0.6094
vn -0.469002 -0.75388 0.46011
vn 0.833955 0.044521 -0.550034
vn 0.543998 0.04453 0.837904
vn -0.031922 0.850469 0.525056
vn 0.180959 0.850467 -0.493923
vn 0.07058 0.863676 -0.499081
vn 0.825166 -0.429607 -0.366795
vn 0.609309 -0.429593 0.666478
vn -0.135133 0.863676 0.485595
vn -0.833958 0.044524 0.550029
vn -0.543991 0.044526 -0.837909
vn 0.031925 0.850468 -0.525057
vn -0.180958 0.850468 0.493921
vn -0.070578 0.86368 0.499075
vn -0.825169 -0.429601 0.366795
vn -0.609306 -0.42959 -0.666482
vn 0.135132 0.863679 -0.48559
vn 0.180957 -0.850468 -0.493922
vn -0.869495 -0.45954 -0.18111
vn -0.86928 -0.459544 -0.182133
vn -0.031924 -0.850468 0.525057
vn -0.794709 -0.404729 0.452362
vn -0.830126 -0.362099 0.423999
vn -0.590937 -0.362106 -0.720883
vn -0.547143 -0.404722 -0.73269
vn 0.070578 -0.863677 -0.49908
vn -0.753879 0.214694 0.620945
vn -0.442231 0.214702 -0.870824
vn -0.135135 -0.863676 0.485596
vn -0.906369 -0.034167 0.421103
vn -0.980433 -0.040237 -0.192698
vn -0.97558 -0.040238 -0.215926
vn -0.661967 -0.03417 -0.748754
vn 0.991959 1e-06 -0.12656
vn 0.50298 0.851192 -0.149943
vn 0.485949 0.851192 0.198309
vn 0.974874 1e-06 0.222758
vn 0.974874 1e-06 0.222758
vn 0.485947 -0.851193 0.198307
vn 0.502977 -0.851195 -0.149938
vn 0.991959 1e-06 -0.12656
vn -0.502981 -0.851192 0.149938
vn -0.485942 -0.851195 -0.198312
vn -0.991958 0 0.126564
vn -0.974872 0 -0.222765
vn -0.502982 0.851192 0.14994
vn -0.485943 0.851194 -0.198314
vn 0.730363 5e-06 0.68306
vn 0.351835 0.659712 0.664072
vn 0.414961 0.659702 -0.626578
vn 0.793522 5e-06 -0.608541
vn 0.793522 5e-06 -0.608541
vn 0.414968 -0.659703 -0.626573
vn 0.351842 -0.659713 0.664068
vn 0.730363 5e-06 0.68306
vn -0.351838 -0.659703 -0.664079
vn -0.414963 -0.659713 0.626566
vn -0.730352 3e-06 -0.683071
vn -0.793531 1e-06 0.60853
vn -0.351841 0.659702 -0.664079
vn -0.414961 0.659711 0.62657
vn -0.180958 0.850468 0.493921
vn 0.031925 0.850468 -0.525057
vn 0.86928 0.459541 0.18214
vn 0.869492 0.459545 0.181116
vn 0.830123 0.362105 -0.423999
vn 0.794711 0.404728 -0.45236
vn 0.590945 0.362098 0.72088
vn 0.547138 0.404726 0.732692
vn 0.753881 -0.214697 -0.620942
vn -0.070578 0.86368 0.499075
vn 0.135132 0.863679 -0.48559
vn 0.442232 -0.214697 0.870825
vn 0.661968 0.034175 0.748753
vn 0.975578 0.040244 0.215934
vn 0.980432 0.040242 0.192701
vn 0.90637 0.034171 -0.4211
vn -0.441028 -0.594158 0.672659
vn -0.357008 -0.594159 0.720778
vn -0.964998 0.044534 0.258447
vn 0.265407 0.044536 0.963107
vn -0.890688 -0.428138 0.152884
vn -0.472393 -0.855211 -0.213212
vn 0.422946 -0.855209 0.299557
vn 0.318861 -0.428127 0.845598
vn 0.093853 -0.429588 0.898135
vn -0.460122 -0.773427 -0.436003
vn 0.608892 -0.773429 0.176233
vn -0.822148 -0.429585 0.373536
vn -0.366088 -0.867763 0.336105
vn -0.655456 -0.753878 0.045233
vn -0.10464 -0.867765 0.485834
vn 0.292679 -0.753869 0.588235
vn -0.982519 -5e-06 -0.186163
vn -0.524706 0.851187 -0.012827
vn -0.400884 0.851191 -0.338772
vn -0.858322 -4e-06 -0.513112
vn -0.858322 -4e-06 -0.513112
vn -0.400877 -0.851194 -0.338771
vn -0.524705 -0.851188 -0.012832
vn -0.982519 -5e-06 -0.186163
vn 0.524697 -0.851192 0.012828
vn 0.400882 -0.851192 0.33877
vn 0.982518 -0 0.186167
vn 0.858323 -0 0.513109
vn 0.524695 0.851194 0.012826
vn 0.400881 0.851192 0.338772
vn -0.483526 3e-06 -0.87533
vn -0.129404 0.659704 -0.740301
vn -0.588285 0.659701 0.46767
vn -0.942743 -1e-06 0.333521
vn -0.942743 -1e-06 0.333521
vn -0.588286 -0.659703 0.467666
vn -0.129408 -0.659702 -0.740302
vn -0.483526 3e-06 -0.87533
vn 0.129412 -0.659709 0.740295
vn 0.588294 -0.659697 -0.467665
vn 0.483549 -2e-06 0.875317
vn 0.942744 -1e-06 -0.333518
vn 0.129424 0.659704 0.740298
vn 0.588292 0.659697 -0.467667
vn -0.096402 0.158157 -0.982697
vn -0.113497 0.12754 -0.985318
vn 0.819912 -0.017525 -0.572221
vn 0.753573 0.061097 -0.654519
vn -0.113497 0.12754 -0.985318
vn -0.096402 0.158157 -0.982697
vn -0.870881 0.114144 -0.478055
vn -0.920695 0.159222 -0.356326
vn 0.855103 -0.16798 0.490491
vn 0.910695 -0.108578 0.398555
vn -0.096889 -0.157018 -0.982832
vn -0.115495 -0.123912 -0.985549
vn -0.923322 -0.157886 -0.350069
vn -0.873655 -0.112938 -0.473256
vn -0.115495 -0.123912 -0.985549
vn -0.096889 -0.157018 -0.982832
vn 0.75747 -0.058584 -0.650237
vn 0.827247 0.021673 -0.56142
vn 0.91239 0.109323 0.394452
vn 0.861056 0.168343 0.479836
vn -0.770124 -0.033664 0.637006
vn -0.827135 0.044422 0.560244
vn -0.824417 -0.044381 0.56424
vn -0.760628 0.032645 0.648367
vn 0.057694 0.139917 0.988481
vn 0.070194 0.152071 0.985874
vn 0.070439 -0.150473 0.986102
vn 0.060675 -0.137417 0.988653
vn -0.942518 -0.094093 -0.320635
vn -0.132453 -0.37876 -0.915968
vn -0.132453 -0.37876 -0.915968
vn 0.788475 -0.278863 -0.548217
vn 0.903836 0.097038 0.416731
vn 0.808485 0.266301 -0.52482
vn -0.135049 0.385006 -0.91298
vn -0.135049 0.385006 -0.91298
vn -0.946642 0.08723 -0.310257
vn 0.902296 -0.100486 0.419242
vn -0.946642 0.08723 -0.310257
vn -0.699328 -0.316746 0.64079
vn -0.689787 0.316297 0.651268
vn 0.179152 -0.351486 0.918892
vn 0.178879 0.360408 0.915483
vn -0.132593 -0.51133 -0.849094
vn -0.834428 -0.284474 -0.472022
vn -0.82542 0.299878 0.478284
vn 0.181692 0.521058 0.833958
vn 0.973586 0.119355 0.19464
vn 0.626994 -0.402478 -0.667001
vn -0.132593 -0.51133 -0.849094
vn -0.133697 0.516216 -0.845959
vn -0.859572 0.267102 -0.435653
vn -0.819728 -0.302123 0.486588
vn 0.182996 -0.515937 0.836852
vn 0.964243 -0.1365 0.227165
vn 0.677404 0.383243 -0.627892
vn -0.133697 0.516216 -0.845959
vn 0.413828 0.850469 0.324728
vn -0.489496 0.850467 -0.192611
vn 0.441842 0.459541 -0.770453
vn 0.440944 0.459541 -0.770968
vn -0.146736 0.362101 -0.920517
vn -0.184637 0.404728 -0.895603
vn 0.86821 0.362099 -0.339259
vn 0.865906 0.404721 -0.293952
vn -0.357587 -0.214701 -0.908865
vn 0.452841 0.86368 0.221342
vn -0.420066 0.863678 -0.278578
vn 0.96486 -0.214701 -0.151491
vn 0.91667 0.034164 -0.398181
vn 0.506833 0.040235 -0.861105
vn 0.486248 0.040235 -0.872894
vn -0.120425 0.034167 -0.992134
vn -0.420645 0.428134 -0.799849
vn 0.830128 -0.362098 -0.423995
vn 0.794713 -0.404726 -0.452358
vn 0.056794 0.855212 -0.515157
vn -0.154196 0.855209 0.494814
vn 0.547138 -0.404727 0.732691
vn 0.590941 -0.362102 0.720882
vn -0.705677 0.428143 0.564547
vn 0.753881 0.214694 -0.620943
vn 0.27247 0.773431 -0.572333
vn 0.020551 0.773426 0.633553
vn 0.442229 0.214698 0.870826
vn -0.245585 0.753864 -0.609407
vn -0.432795 0.867757 -0.244306
vn 0.980432 -0.040242 0.192699
vn 0.906371 -0.034172 -0.421098
vn -0.494388 0.867766 0.050622
vn 0.975579 -0.040243 0.215933
vn -0.469 0.753878 0.460116
vn 0.661963 -0.034173 0.748757
vn -0.469 0.753878 0.460116
vn -0.245585 0.753864 -0.609407
vn -0.740805 -1e-06 0.67172
vn -0.912121 -0 0.409921
vn -0.414968 0.890518 0.186493
vn -0.337029 0.890517 0.305599
vn -0.496975 -1e-06 0.867765
vn -0.2261 0.890516 0.394791
vn -0.204497 -0 0.978867
vn -0.093036 0.890517 0.445336
vn 0.108 -0 0.994151
vn 0.049134 0.890517 0.452289
vn 0.409922 -2e-06 0.912121
vn 0.186494 0.890517 0.41497
vn 0.671719 -2e-06 0.740806
vn 0.305599 0.890517 0.337029
vn 0.867766 0 0.496973
vn 0.394789 0.890517 0.226099
vn 0.978867 -0 0.204498
vn 0.445337 0.890516 0.093036
vn 0.994151 0 -0.107998
vn 0.452289 0.890517 -0.049133
vn 0.912121 -0 -0.409922
vn 0.414967 0.890518 -0.186492
vn 0.497393 0.838231 -0.223537
vn 0.40397 0.838233 -0.366297
vn 0.271005 0.838234 -0.473201
vn 0.111514 0.838234 -0.533787
vn -0.058893 0.838233 -0.542122
vn -0.223534 0.838234 -0.49739
vn -0.366296 0.838234 -0.40397
vn -0.473203 0.838233 -0.271007
vn -0.533789 0.838233 -0.111515
vn -0.542121 0.838234 0.058893
vn -0.497387 0.838236 0.223534
vn 0.912121 -0 -0.409922
vn 0.740806 0 -0.671719
vn 0.496975 0 -0.867765
vn 0.204498 0 -0.978867
vn -0.107998 0 -0.994151
vn -0.409922 0 -0.912121
vn -0.67172 -0 -0.740805
vn -0.867766 -0 -0.496973
vn -0.978867 -0 -0.204498
vn -0.994151 -0 0.107998
vn -0.912121 0 0.409921
vn 0.497393 -0.838231 -0.223536
vn 0.40397 -0.838233 -0.366297
vn 0.271005 -0.838234 -0.473201
vn 0.111514 -0.838234 -0.533787
vn -0.058893 -0.838234 -0.542122
vn -0.223535 -0.838234 -0.497389
vn -0.366297 -0.838233 -0.40397
vn -0.473203 -0.838232 -0.271008
vn -0.533789 -0.838233 -0.111515
vn -0.542121 -0.838234 0.058893
vn -0.497387 -0.838236 0.223534
vn -0.414968 -0.890518 0.186493
vn -0.337029 -0.890517 0.305599
vn -0.2261 -0.890516 0.394791
vn -0.093036 -0.890517 0.445336
vn 0.049134 -0.890517 0.452289
vn 0.186493 -0.890517 0.414969
vn 0.305598 -0.890517 0.337029
vn 0.39479 -0.890517 0.226099
vn 0.445338 -0.890516 0.093036
vn 0.452289 -0.890517 -0.049133
vn 0.414967 -0.890518 -0.186493
vn -0.912121 -0 0.409921
vn -0.740805 -1e-06 0.67172
vn -0.496975 -1e-06 0.867765
vn -0.204497 -0 0.978867
vn 0.108 -0 0.994151
vn 0.409922 -2e-06 0.912121
vn 0.671719 -2e-06 0.740806
vn 0.867766 0 0.496973
vn 0.978867 -0 0.204498
vn 0.994151 0 -0.107998
vn 0.912121 -0 -0.409922
vn -0.180957 -0.850467 0.493923
vn 0.869496 -0.459539 0.181112
vn 0.86928 -0.459541 0.18214
vn 0.031923 -0.850469 -0.525056
vn 0.794713 -0.404726 -0.452358
vn 0.830128 -0.362098 -0.423995
vn 0.590941 -0.362102 0.720882
vn 0.547138 -0.404727 0.732691
vn -0.070575 -0.863678 0.499078
vn 0.753881 0.214694 -0.620943
vn 0.442229 0.214698 0.870826
vn 0.135131 -0.863679 -0.48559
vn 0.906371 -0.034172 -0.421098
vn 0.980432 -0.040242 0.192699
vn 0.975579 -0.040243 0.215933
vn 0.661963 -0.034173 0.748757
vn -0.265409 -0.044532 -0.963107
vn -0.413831 -0.850469 -0.324725
vn 0.489497 -0.850467 0.192609
vn 0.964999 -0.044542 -0.258444
vn -0.093852 0.429589 -0.898134
vn -0.452845 -0.863677 -0.221343
vn 0.420068 -0.863677 0.278577
vn 0.822146 0.429593 -0.373531
vn -0.79582 0.594163 -0.116796
vn -0.776022 0.594159 -0.211575
vn -0.833957 -0.044524 0.55003
vn -0.543994 -0.044528 -0.837907
vn -0.420645 0.428134 -0.799849
vn 0.056794 0.855212 -0.515157
vn -0.154196 0.855209 0.494814
vn -0.705677 0.428143 0.564547
vn 0.27247 0.773431 -0.572333
vn -0.82517 0.4296 0.366795
vn -0.609309 0.429587 -0.666481
vn 0.020551 0.773426 0.633553
vn -0.469 0.753878 0.460116
vn -0.494388 0.867766 0.050622
vn -0.432795 0.867757 -0.244306
vn -0.245585 0.753864 -0.609407
vn 0.833955 -0.044522 -0.550033
vn 0.180957 -0.850468 -0.493922
vn -0.031924 -0.850468 0.525057
vn 0.543997 -0.044529 0.837905
vn 0.825168 0.429605 -0.366794
vn 0.070578 -0.863677 -0.49908
vn -0.135135 -0.863676 0.485596
vn 0.609309 0.42959 0.66648
vn -0.740807 -0 0.671718
vn -0.91212 -0 0.409923
vn -0.413485 0.891347 0.185827
vn -0.335824 0.891347 0.304505
vn -0.496977 -0 0.867764
vn -0.225291 0.891346 0.393379
vn -0.204498 0 0.978867
vn -0.092704 0.891345 0.443746
vn 0.107998 -0 0.994151
vn 0.048958 0.891346 0.450673
vn 0.409921 0 0.912121
vn 0.185828 0.891345 0.413487
vn 0.67172 -0 0.740805
vn 0.304506 0.891346 0.335825
vn 0.867765 -0 0.496975
vn 0.39338 0.891345 0.225292
vn 0.978867 -0 0.204497
vn 0.443745 0.891345 0.092704
vn 0.994151 -0 -0.107998
vn 0.450674 0.891345 -0.048959
vn 0.912121 -0 -0.409922
vn 0.41349 0.891344 -0.185829
vn 0.498691 0.837304 -0.224119
vn 0.405025 0.837305 -0.367253
vn 0.271714 0.837305 -0.474439
vn 0.111807 0.837305 -0.535183
vn -0.059046 0.837304 -0.543539
vn -0.22412 0.837305 -0.498689
vn -0.367255 0.837304 -0.405025
vn -0.474442 0.837302 -0.271716
vn -0.535185 0.837303 -0.111807
vn -0.543539 0.837304 0.059047
vn -0.498693 0.837302 0.22412
vn 0.912121 0 -0.409922
vn 0.740805 1e-06 -0.67172
vn 0.496976 1e-06 -0.867764
vn 0.204498 -0 -0.978867
vn -0.107999 -0 -0.994151
vn -0.409923 0 -0.91212
vn -0.671719 0 -0.740806
vn -0.867764 1e-06 -0.496976
vn -0.978867 1e-06 -0.204498
vn -0.994151 -2e-06 0.107998
vn -0.912121 -2e-06 0.409921
vn 0.498691 -0.837304 -0.224119
vn 0.405026 -0.837305 -0.367253
vn 0.271715 -0.837305 -0.474438
vn 0.111807 -0.837305 -0.535182
vn -0.059046 -0.837304 -0.54354
vn -0.22412 -0.837304 -0.498691
vn -0.367256 -0.837304 -0.405025
vn -0.474442 -0.837303 -0.271716
vn -0.535184 -0.837304 -0.111807
vn -0.543537 -0.837306 0.059047
vn -0.498691 -0.837304 0.22412
vn -0.413485 -0.891347 0.185827
vn -0.335824 -0.891346 0.304507
vn -0.225292 -0.891345 0.39338
vn -0.092704 -0.891345 0.443745
vn 0.048958 -0.891346 0.450673
vn 0.185828 -0.891345 0.413487
vn 0.304507 -0.891346 0.335825
vn 0.393381 -0.891345 0.225291
vn 0.443745 -0.891346 0.092703
vn 0.450673 -0.891346 -0.048958
vn 0.413489 -0.891344 -0.185828
vn -0.91212 -0 0.409923
vn -0.740807 -0 0.671718
vn -0.496977 -0 0.867764
vn -0.204498 0 0.978867
vn 0.107998 -0 0.994151
vn 0.409921 0 0.912121
vn 0.67172 -0 0.740805
vn 0.867765 -0 0.496975
vn 0.978867 -0 0.204497
vn 0.994151 -0 -0.107998
vn 0.912121 -0 -0.409922
vn -0.776022 -0.594161 -0.211572
vn -0.79582 -0.594162 -0.116797
vn -0.543991 0.044526 -0.837909
vn -0.833958 0.044524 0.550029
vn -0.420641 -0.428136 -0.799851
vn 0.056795 -0.855213 -0.515155
vn -0.154193 -0.85521 0.494813
vn -0.705674 -0.428145 0.564549
vn -0.825169 -0.429601 0.366795
vn 0.272472 -0.773432 -0.57233
vn 0.020555 -0.773426 0.633553
vn -0.609306 -0.42959 -0.666482
vn -0.432793 -0.86776 -0.244299
vn -0.24558 -0.753871 -0.6094
vn -0.494391 -0.867765 0.05062
vn -0.469002 -0.75388 0.46011
vn 0.186163 -5e-06 -0.982519
vn 0.012826 0.851189 -0.524703
vn 0.338769 0.851191 -0.400886
vn 0.513109 -4e-06 -0.858324
vn 0.513109 -4e-06 -0.858324
vn 0.338772 -0.851192 -0.400882
vn 0.012833 -0.851187 -0.524705
vn 0.186163 -5e-06 -0.982519
vn -0.012831 -0.851191 0.524699
vn -0.338772 -0.85119 0.400886
vn -0.186167 -0 0.982518
vn -0.513108 -0 0.858324
vn -0.012825 0.851191 0.524699
vn -0.338773 0.851189 0.400887
vn 0.875324 5e-06 -0.483538
vn 0.74029 0.659716 -0.129406
vn -0.467671 0.65971 -0.588274
vn -0.333536 -0 -0.942737
vn -0.333536 -0 -0.942737
vn -0.467675 -0.659711 -0.588271
vn 0.740288 -0.659717 -0.12941
vn 0.875324 5e-06 -0.483538
vn -0.740294 -0.65971 0.129411
vn 0.467652 -0.659718 0.58828
vn -0.875329 -1e-06 0.483529
vn 0.333508 -0 0.942747
vn -0.740305 0.659697 0.129413
vn 0.467654 0.65972 0.588277
vn 0.670853 0.158157 0.724529
vn 0.989766 0.061098 -0.128962
vn 0.972268 -0.017524 -0.233213
vn 0.661489 0.127522 0.739033
vn 0.661489 0.127522 0.739033
vn -0.344834 0.159215 0.925062
vn -0.220719 0.114145 0.968635
vn 0.670853 0.158157 0.724529
vn 0.306602 -0.108577 -0.945625
vn 0.200951 -0.16798 -0.965091
vn 0.670633 -0.157017 0.72498
vn -0.226148 -0.112937 0.967524
vn -0.351236 -0.157884 0.922879
vn 0.660269 -0.123908 0.740737
vn 0.660269 -0.123908 0.740737
vn 0.969055 0.02169 -0.245892
vn 0.98915 -0.058585 -0.134725
vn 0.670633 -0.157017 0.72498
vn 0.212953 0.168362 -0.962448
vn 0.310786 0.109323 -0.944172
vn -0.968107 0.044423 0.246567
vn -0.987653 -0.033662 0.153
vn -0.989845 0.032655 0.138349
vn -0.96929 -0.044378 0.241882
vn -0.69063 0.152072 -0.707039
vn -0.700878 0.139936 -0.69942
vn -0.699026 -0.137417 -0.701769
vn -0.690637 -0.150472 -0.707375
vn 0.933445 -0.278862 -0.225646
vn 0.597096 -0.378726 0.707138
vn 0.597096 -0.378726 0.707138
vn -0.385994 -0.09416 0.917683
vn 0.28846 0.097038 -0.952562
vn -0.396492 0.087234 0.913884
vn 0.592995 0.384937 0.707234
vn 0.592995 0.384937 0.707234
vn 0.929226 0.266354 -0.256115
vn 0.285541 -0.100548 -0.953077
vn -0.943467 -0.316799 0.097506
vn -0.385994 -0.09416 0.917683
vn -0.944982 0.316314 0.083398
vn -0.568245 -0.351373 -0.744066
vn -0.565835 0.36041 -0.741576
vn 0.28846 0.097038 -0.952562
vn 0.546923 -0.511333 0.662883
vn -0.201021 -0.28448 0.93737
vn -0.905681 0.299884 0.299687
vn -0.50301 0.521061 -0.689548
vn 0.500846 0.119357 -0.857267
vn 0.915061 -0.402474 -0.026028
vn 0.546923 -0.511333 0.662883
vn -0.244916 0.267106 0.932025
vn 0.543827 0.516212 0.661647
vn -0.908112 -0.30213 0.289915
vn -0.504297 -0.515941 -0.692452
vn 0.470286 -0.136518 -0.871891
vn 0.919285 0.383239 -0.089683
vn 0.543827 0.516212 0.661647

g polySurface180_0
usemtl lowpoly_scifi_containers_pack1:Drum_S
f 1/1/1 2/2/2 3/3/3
f 1/1/1 3/3/3 4/4/4
f 5/5/5 6/6/6 7/7/7
f 5/5/5 7/7/7 8/8/8
f 8/8/8 7/7/7 9/9/9
f 8/8/8 9/9/9 10/10/10
f 10/10/10 9/9/9 11/11/11
f 10/10/10 11/11/11 12/12/12
f 12/12/12 11/11/11 13/13/13
f 12/12/12 13/13/13 14/14/14
f 14/14/14 13/13/13 4/4/4
f 14/14/14 4/4/4 3/3/3
f 15/15/15 16/16/16 3/3/3
f 15/15/15 3/3/3 2/2/2
f 17/17/17 18/18/18 1/1/1
f 17/17/17 1/1/1 4/4/4
f 19/19/19 20/20/20 7/7/7
f 19/19/19 7/7/7 6/6/6
f 21/21/21 22/22/22 5/5/5
f 21/21/21 5/5/5 8/8/8
f 20/20/20 23/23/23 9/9/9
f 20/20/20 9/9/9 7/7/7
f 24/24/24 21/21/21 8/8/8
f 24/24/24 8/8/8 10/10/10
f 23/23/23 25/25/25 11/11/11
f 23/23/23 11/11/11 9/9/9
f 26/26/26 24/24/24 10/10/10
f 26/26/26 10/10/10 12/12/12
f 25/25/25 27/27/27 13/13/13
f 25/25/25 13/13/13 11/11/11
f 28/28/28 26/26/26 12/12/12
f 28/28/28 12/12/12 14/14/14
f 27/27/27 17/17/17 4/4/4
f 27/27/27 4/4/4 13/13/13
f 16/16/16 28/28/28 14/14/14
f 16/16/16 14/14/14 3/3/3
f 29/29/29 30/30/30 31/31/31
f 29/29/29 31/31/31 32/32/32
f 33/33/33 29/29/29 32/32/32
f 33/33/33 32/32/32 34/34/34
f 35/35/35 31/31/31 30/30/30
f 35/35/35 30/30/30 36/36/36
f 34/34/34 32/32/32 37/37/37
f 34/34/34 37/37/37 38/38/38
f 31/31/31 35/35/35 39/39/39
f 31/31/31 39/39/39 40/40/40
f 41/41/41 29/29/29 33/33/33
f 41/41/41 33/33/33 42/42/42
f 41/41/41 43/43/43 30/30/30
f 41/41/41 30/30/30 29/29/29
f 36/36/36 30/30/30 43/43/43
f 36/36/36 43/43/43 44/44/44
f 45/45/45 46/46/46 47/47/47
f 45/45/45 47/47/47 48/48/48
f 46/46/46 49/49/49 50/50/50
f 46/46/46 50/50/50 47/47/47
f 51/51/51 52/52/52 45/45/45
f 51/51/51 45/45/45 48/48/48
f 50/50/50 53/53/53 54/54/54
f 50/50/50 54/54/54 47/47/47
f 48/48/48 55/55/55 56/56/56
f 48/48/48 56/56/56 51/51/51
f 45/45/45 52/52/52 57/57/57
f 45/45/45 57/57/57 58/58/58
f 59/59/59 46/46/46 45/45/45
f 59/59/59 45/45/45 58/58/58
f 59/59/59 60/60/60 49/49/49
f 59/59/59 49/49/49 46/46/46
f 61/61/61 62/62/62 63/63/63
f 61/61/61 63/63/63 64/64/64
f 62/62/62 65/65/65 66/66/66
f 62/62/62 66/66/66 63/63/63
f 67/67/67 68/68/68 61/61/61
f 67/67/67 61/61/61 64/64/64
f 66/66/66 69/69/69 70/70/70
f 66/66/66 70/70/70 63/63/63
f 64/64/64 71/71/71 72/72/72
f 64/64/64 72/72/72 67/67/67
f 61/61/61 68/68/68 73/73/73
f 61/61/61 73/73/73 74/74/74
f 75/75/75 62/62/62 61/61/61
f 75/75/75 61/61/61 74/74/74
f 75/75/75 76/76/76 65/65/65
f 75/75/75 65/65/65 62/62/62
f 77/77/77 78/78/78 79/79/79
f 77/77/77 79/79/79 80/80/80
f 81/81/81 77/77/77 80/80/80
f 81/81/81 80/80/80 82/82/82
f 83/83/83 81/81/81 82/82/82
f 83/83/83 82/82/82 84/84/84
f 85/85/85 83/83/83 84/84/84
f 85/85/85 84/84/84 86/86/86
f 87/87/87 88/88/88 89/89/89
f 87/87/87 89/89/89 90/90/90
f 91/91/91 87/87/87 90/90/90
f 91/91/91 90/90/90 92/92/92
f 93/93/93 91/91/91 92/92/92
f 93/93/93 92/92/92 94/94/94
f 95/95/95 93/93/93 94/94/94
f 95/95/95 94/94/94 96/96/96
f 97/97/97 95/95/95 96/96/96
f 97/97/97 96/96/96 98/98/98
f 78/78/78 97/97/97 98/98/98
f 78/78/78 98/98/98 79/79/79
f 80/80/80 79/79/79 99/99/99
f 80/80/80 99/99/99 100/100/100
f 82/82/82 80/80/80 100/100/100
f 82/82/82 100/100/100 101/101/101
f 84/84/84 82/82/82 101/101/101
f 84/84/84 101/101/101 102/102/102
f 86/86/86 84/84/84 102/102/102
f 86/86/86 102/102/102 103/103/103
f 90/90/90 89/89/89 104/104/104
f 90/90/90 104/104/104 105/105/105
f 92/92/92 90/90/90 105/105/105
f 92/92/92 105/105/105 106/106/106
f 94/94/94 92/92/92 106/106/106
f 94/94/94 106/106/106 107/107/107
f 96/96/96 94/94/94 107/107/107
f 96/96/96 107/107/107 108/108/108
f 98/98/98 96/96/96 108/108/108
f 98/98/98 108/108/108 109/109/109
f 79/79/79 98/98/98 109/109/109
f 79/79/79 109/109/109 99/99/99
f 100/100/100 99/99/99 110/110/110
f 100/100/100 110/110/110 111/111/111
f 101/101/101 100/100/100 111/111/111
f 101/101/101 111/111/111 112/112/112
f 102/102/102 101/101/101 112/112/112
f 102/102/102 112/112/112 113/113/113
f 103/103/103 102/102/102 113/113/113
f 103/103/103 113/113/113 114/114/114
f 105/105/105 104/104/104 115/115/115
f 105/105/105 115/115/115 116/116/116
f 106/106/106 105/105/105 116/116/116
f 106/106/106 116/116/116 117/117/117
f 107/107/107 106/106/106 117/117/117
f 107/107/107 117/117/117 118/118/118
f 108/108/108 107/107/107 118/118/118
f 108/108/108 118/118/118 119/119/119
f 109/109/109 108/108/108 119/119/119
f 109/109/109 119/119/119 120/120/120
f 99/99/99 109/109/109 120/120/120
f 99/99/99 120/120/120 110/110/110
f 111/111/111 110/110/110 121/121/121
f 111/111/111 121/121/121 122/122/122
f 112/112/112 111/111/111 122/122/122
f 112/112/112 122/122/122 123/123/123
f 113/113/113 112/112/112 123/123/123
f 113/113/113 123/123/123 124/124/124
f 114/114/114 113/113/113 124/124/124
f 114/114/114 124/124/124 125/125/125
f 116/116/116 115/115/115 126/126/126
f 116/116/116 126/126/126 127/127/127
f 117/117/117 116/116/116 127/127/127
f 117/117/117 127/127/127 128/128/128
f 118/118/118 117/117/117 128/128/128
f 118/118/118 128/128/128 129/129/129
f 119/119/119 118/118/118 129/129/129
f 119/119/119 129/129/129 130/130/130
f 120/120/120 119/119/119 130/130/130
f 120/120/120 130/130/130 131/131/131
f 110/110/110 120/120/120 131/131/131
f 110/110/110 131/131/131 121/121/121
f 122/122/122 121/121/121 132/132/132
f 122/122/122 132/132/132 133/133/133
f 123/123/123 122/122/122 133/133/133
f 123/123/123 133/133/133 134/134/134
f 124/124/124 123/123/123 134/134/134
f 124/124/124 134/134/134 135/135/135
f 125/125/125 124/124/124 135/135/135
f 125/125/125 135/135/135 136/136/136
f 127/127/127 126/126/126 137/137/137
f 127/127/127 137/137/137 138/138/138
f 128/128/128 127/127/127 138/138/138
f 128/128/128 138/138/138 139/139/139
f 129/129/129 128/128/128 139/139/139
f 129/129/129 139/139/139 140/140/140
f 130/130/130 129/129/129 140/140/140
f 130/130/130 140/140/140 141/141/141
f 131/131/131 130/130/130 141/141/141
f 131/131/131 141/141/141 142/142/142
f 121/121/121 131/131/131 142/142/142
f 121/121/121 142/142/142 132/132/132
f 133/133/133 132/132/132 143/143/143
f 133/133/133 143/143/143 144/144/144
f 134/134/134 133/133/133 144/144/144
f 134/134/134 144/144/144 145/145/145
f 135/135/135 134/134/134 145/145/145
f 135/135/135 145/145/145 146/146/146
f 136/136/136 135/135/135 146/146/146
f 136/136/136 146/146/146 147/147/147
f 138/138/138 137/137/137 148/148/148
f 138/138/138 148/148/148 149/149/149
f 139/139/139 138/138/138 149/149/149
f 139/139/139 149/149/149 150/150/150
f 140/140/140 139/139/139 150/150/150
f 140/140/140 150/150/150 151/151/151
f 141/141/141 140/140/140 151/151/151
f 141/141/141 151/151/151 152/152/152
f 142/142/142 141/141/141 152/152/152
f 142/142/142 152/152/152 153/153/153
f 132/132/132 142/142/142 153/153/153
f 132/132/132 153/153/153 143/143/143
f 154/154/154 155/155/155 156/156/156
f 154/154/154 156/156/156 157/157/157
f 154/154/154 158/158/158 159/159/159
f 154/154/154 159/159/159 155/155/155
f 156/156/156 160/160/160 161/161/161
f 156/156/156 161/161/161 157/157/157
f 162/162/162 163/163/163 164/164/164
f 162/162/162 164/164/164 165/165/165
f 162/162/162 166/166/166 167/167/167
f 162/162/162 167/167/167 163/163/163
f 164/164/164 168/168/168 169/169/169
f 164/164/164 169/169/169 165/165/165
f 162/162/162 170/170/170 171/171/171
f 162/162/162 171/171/171 166/166/166
f 169/169/169 172/172/172 173/173/173
f 169/169/169 173/173/173 165/165/165
f 163/163/163 167/167/167 174/174/174
f 163/163/163 174/174/174 175/175/175
f 164/164/164 163/163/163 175/175/175
f 164/164/164 175/175/175 176/176/176
f 177/177/177 168/168/168 164/164/164
f 177/177/177 164/164/164 176/176/176
f 178/178/178 179/179/179 180/180/180
f 178/178/178 180/180/180 181/181/181
f 182/182/182 183/183/183 184/184/184
f 182/182/182 184/184/184 185/185/185
f 180/180/180 186/186/186 187/187/187
f 180/180/180 187/187/187 181/181/181
f 182/182/182 188/188/188 189/189/189
f 182/182/182 189/189/189 183/183/183
f 190/190/190 191/191/191 192/192/192
f 190/190/190 192/192/192 193/193/193
f 191/191/191 194/194/194 195/195/195
f 191/191/191 195/195/195 192/192/192
f 194/194/194 196/196/196 197/197/197
f 194/194/194 197/197/197 195/195/195
f 185/185/185 184/184/184 197/197/197
f 185/185/185 197/197/197 198/198/198
f 199/199/199 193/193/193 179/179/179
f 199/199/199 179/179/179 178/178/178
f 200/200/200 201/201/201 202/202/202
f 200/200/200 202/202/202 203/203/203
f 204/204/204 200/200/200 203/203/203
f 204/204/204 203/203/203 205/205/205
f 206/206/206 202/202/202 201/201/201
f 206/206/206 201/201/201 207/207/207
f 205/205/205 203/203/203 208/208/208
f 205/205/205 208/208/208 209/209/209
f 202/202/202 206/206/206 210/210/210
f 202/202/202 210/210/210 211/211/211
f 212/212/212 200/200/200 204/204/204
f 212/212/212 204/204/204 213/213/213
f 212/212/212 214/214/214 201/201/201
f 212/212/212 201/201/201 200/200/200
f 207/207/207 201/201/201 214/214/214
f 207/207/207 214/214/214 215/215/215
f 216/216/216 217/217/217 218/218/218
f 216/216/216 218/218/218 219/219/219
f 216/216/216 219/219/219 220/220/220
f 216/216/216 220/220/220 221/221/221
f 218/218/218 217/217/217 222/222/222
f 218/218/218 222/222/222 223/223/223
f 224/224/224 225/225/225 226/226/226
f 224/224/224 226/226/226 227/227/227
f 228/228/228 224/224/224 227/227/227
f 228/228/228 227/227/227 229/229/229
f 230/230/230 228/228/228 229/229/229
f 230/230/230 229/229/229 231/231/231
f 232/232/232 230/230/230 231/231/231
f 232/232/232 231/231/231 233/233/233
f 234/234/234 235/235/235 236/236/236
f 234/234/234 236/236/236 237/237/237
f 238/238/238 234/234/234 237/237/237
f 238/238/238 237/237/237 239/239/239
f 240/240/240 238/238/238 239/239/239
f 240/240/240 239/239/239 241/241/241
f 242/242/242 240/240/240 241/241/241
f 242/242/242 241/241/241 243/243/243
f 244/244/244 242/242/242 243/243/243
f 244/244/244 243/243/243 245/245/245
f 225/225/225 244/244/244 245/245/245
f 225/225/225 245/245/245 226/226/226
f 227/227/227 226/226/226 246/246/246
f 227/227/227 246/246/246 247/247/247
f 229/229/229 227/227/227 247/247/247
f 229/229/229 247/247/247 248/248/248
f 231/231/231 229/229/229 248/248/248
f 231/231/231 248/248/248 249/249/249
f 233/233/233 231/231/231 249/249/249
f 233/233/233 249/249/249 250/250/250
f 237/237/237 236/236/236 251/251/251
f 237/237/237 251/251/251 252/252/252
f 239/239/239 237/237/237 252/252/252
f 239/239/239 252/252/252 253/253/253
f 241/241/241 239/239/239 253/253/253
f 241/241/241 253/253/253 254/254/254
f 243/243/243 241/241/241 254/254/254
f 243/243/243 254/254/254 255/255/255
f 245/245/245 243/243/243 255/255/255
f 245/245/245 255/255/255 256/256/256
f 226/226/226 245/245/245 256/256/256
f 226/226/226 256/256/256 246/246/246
f 247/247/247 246/246/246 257/257/257
f 247/247/247 257/257/257 258/258/258
f 248/248/248 247/247/247 258/258/258
f 248/248/248 258/258/258 259/259/259
f 249/249/249 248/248/248 259/259/259
f 249/249/249 259/259/259 260/260/260
f 250/250/250 249/249/249 260/260/260
f 250/250/250 260/260/260 261/261/261
f 252/252/252 251/251/251 262/262/262
f 252/252/252 262/262/262 263/263/263
f 253/253/253 252/252/252 263/263/263
f 253/253/253 263/263/263 264/264/264
f 254/254/254 253/253/253 264/264/264
f 254/254/254 264/264/264 265/265/265
f 255/255/255 254/254/254 265/265/265
f 255/255/255 265/265/265 266/266/266
f 256/256/256 255/255/255 266/266/266
f 256/256/256 266/266/266 267/267/267
f 246/246/246 256/256/256 267/267/267
f 246/246/246 267/267/267 257/257/257
f 258/258/258 257/257/257 268/268/268
f 258/258/258 268/268/268 269/269/269
f 259/259/259 258/258/258 269/269/269
f 259/259/259 269/269/269 270/270/270
f 260/260/260 259/259/259 270/270/270
f 260/260/260 270/270/270 271/271/271
f 261/261/261 260/260/260 271/271/271
f 261/261/261 271/271/271 272/272/272
f 263/263/263 262/262/262 273/273/273
f 263/263/263 273/273/273 274/274/274
f 264/264/264 263/263/263 274/274/274
f 264/264/264 274/274/274 275/275/275
f 265/265/265 264/264/264 275/275/275
f 265/265/265 275/275/275 276/276/276
f 266/266/266 265/265/265 276/276/276
f 266/266/266 276/276/276 277/277/277
f 267/267/267 266/266/266 277/277/277
f 267/267/267 277/277/277 278/278/278
f 257/257/257 267/267/267 278/278/278
f 257/257/257 278/278/278 268/268/268
f 269/269/269 268/268/268 279/279/279
f 269/269/269 279/279/279 280/280/280
f 270/270/270 269/269/269 280/280/280
f 270/270/270 280/280/280 281/281/281
f 271/271/271 270/270/270 281/281/281
f 271/271/271 281/281/281 282/282/282
f 272/272/272 271/271/271 282/282/282
f 272/272/272 282/282/282 283/283/283
f 274/274/274 273/273/273 284/284/284
f 274/274/274 284/284/284 285/285/285
f 275/275/275 274/274/274 285/285/285
f 275/275/275 285/285/285 286/286/286
f 276/276/276 275/275/275 286/286/286
f 276/276/276 286/286/286 287/287/287
f 277/277/277 276/276/276 287/287/287
f 277/277/277 287/287/287 288/288/288
f 278/278/278 277/277/277 288/288/288
f 278/278/278 288/288/288 289/289/289
f 268/268/268 278/278/278 289/289/289
f 268/268/268 289/289/289 279/279/279
f 280/280/280 279/279/279 290/290/290
f 280/280/280 290/290/290 291/291/291
f 281/281/281 280/280/280 291/291/291
f 281/281/281 291/291/291 292/292/292
f 282/282/282 281/281/281 292/292/292
f 282/282/282 292/292/292 293/293/293
f 283/283/283 282/282/282 293/293/293
f 283/283/283 293/293/293 294/294/294
f 285/285/285 284/284/284 295/295/295
f 285/285/285 295/295/295 296/296/296
f 286/286/286 285/285/285 296/296/296
f 286/286/286 296/296/296 297/297/297
f 287/287/287 286/286/286 297/297/297
f 287/287/287 297/297/297 298/298/298
f 288/288/288 287/287/287 298/298/298
f 288/288/288 298/298/298 299/299/299
f 289/289/289 288/288/288 299/299/299
f 289/289/289 299/299/299 300/300/300
f 279/279/279 289/289/289 300/300/300
f 279/279/279 300/300/300 290/290/290
f 301/301/301 302/302/302 303/303/303
f 301/301/301 303/303/303 304/304/304
f 305/305/305 306/306/306 307/307/307
f 305/305/305 307/307/307 308/308/308
f 303/303/303 309/309/309 310/310/310
f 303/303/303 310/310/310 304/304/304
f 305/305/305 311/311/311 312/312/312
f 305/305/305 312/312/312 306/306/306
f 313/313/313 314/314/314 315/315/315
f 313/313/313 315/315/315 316/316/316
f 314/314/314 317/317/317 318/318/318
f 314/314/314 318/318/318 315/315/315
f 317/317/317 319/319/319 320/320/320
f 317/317/317 320/320/320 318/318/318
f 308/308/308 307/307/307 320/320/320
f 308/308/308 320/320/320 321/321/321
f 322/322/322 316/316/316 302/302/302
f 322/322/322 302/302/302 301/301/301
f 323/323/323 324/324/324 325/325/325
f 323/323/323 325/325/325 326/326/326
f 327/327/327 328/328/328 329/329/329
f 327/327/327 329/329/329 330/330/330
f 330/330/330 329/329/329 331/331/331
f 330/330/330 331/331/331 332/332/332
f 332/332/332 331/331/331 333/333/333
f 332/332/332 333/333/333 334/334/334
f 334/334/334 333/333/333 335/335/335
f 334/334/334 335/335/335 336/336/336
f 336/336/336 335/335/335 326/326/326
f 336/336/336 326/326/326 325/325/325
f 337/337/337 338/338/338 325/325/325
f 337/337/337 325/325/325 324/324/324
f 339/339/339 340/340/340 323/323/323
f 339/339/339 323/323/323 326/326/326
f 341/341/341 342/342/342 329/329/329
f 341/341/341 329/329/329 328/328/328
f 343/343/343 344/344/344 327/327/327
f 343/343/343 327/327/327 330/330/330
f 342/342/342 345/345/345 331/331/331
f 342/342/342 331/331/331 329/329/329
f 346/346/346 343/343/343 330/330/330
f 346/346/346 330/330/330 332/332/332
f 345/345/345 347/347/347 333/333/333
f 345/345/345 333/333/333 331/331/331
f 348/348/348 346/346/346 332/332/332
f 348/348/348 332/332/332 334/334/334
f 347/347/347 349/349/349 335/335/335
f 347/347/347 335/335/335 333/333/333
f 350/350/350 348/348/348 334/334/334
f 350/350/350 334/334/334 336/336/336
f 349/349/349 339/339/339 326/326/326
f 349/349/349 326/326/326 335/335/335
f 338/338/338 350/350/350 336/336/336
f 338/338/338 336/336/336 325/325/325
f 351/351/351 352/352/352 353/353/353
f 351/351/351 353/353/353 354/354/354
f 355/355/355 356/356/356 357/357/357
f 355/355/355 357/357/357 358/358/358
f 358/358/358 357/357/357 359/359/359
f 358/358/358 359/359/359 360/360/360
f 360/360/360 359/359/359 361/361/361
f 360/360/360 361/361/361 362/362/362
f 362/362/362 361/361/361 363/363/363
f 362/362/362 363/363/363 364/364/364
f 364/364/364 363/363/363 354/354/354
f 364/364/364 354/354/354 353/353/353
f 365/365/365 366/366/366 353/353/353
f 365/365/365 353/353/353 352/352/352
f 367/367/367 368/368/368 351/351/351
f 367/367/367 351/351/351 354/354/354
f 369/369/369 370/370/370 357/357/357
f 369/369/369 357/357/357 356/356/356
f 371/371/371 372/372/372 355/355/355
f 371/371/371 355/355/355 358/358/358
f 370/370/370 373/373/373 359/359/359
f 370/370/370 359/359/359 357/357/357
f 374/374/374 371/371/371 358/358/358
f 374/374/374 358/358/358 360/360/360
f 373/373/373 375/375/375 361/361/361
f 373/373/373 361/361/361 359/359/359
f 376/376/376 374/374/374 360/360/360
f 376/376/376 360/360/360 362/362/362
f 375/375/375 377/377/377 363/363/363
f 375/375/375 363/363/363 361/361/361
f 378/378/378 376/376/376 362/362/362
f 378/378/378 362/362/362 364/364/364
f 377/377/377 367/367/367 354/354/354
f 377/377/377 354/354/354 363/363/363
f 366/366/366 378/378/378 364/364/364
f 366/366/366 364/364/364 353/353/353
f 379/379/379 380/380/380 381/381/381
f 379/379/379 381/381/381 382/382/382
f 383/383/383 384/384/384 385/385/385
f 383/383/383 385/385/385 386/386/386
f 384/384/384 387/387/387 388/388/388
f 384/384/384 388/388/388 385/385/385
f 387/387/387 389/389/389 390/390/390
f 387/387/387 390/390/390 388/388/388
f 389/389/389 391/391/391 392/392/392
f 389/389/389 392/392/392 390/390/390
f 391/391/391 381/381/381 380/380/380
f 391/391/391 380/380/380 392/392/392
f 393/393/393 382/382/382 381/381/381
f 393/393/393 381/381/381 394/394/394
f 395/395/395 380/380/380 379/379/379
f 395/395/395 379/379/379 396/396/396
f 397/397/397 386/386/386 385/385/385
f 397/397/397 385/385/385 398/398/398
f 399/399/399 384/384/384 383/383/383
f 399/399/399 383/383/383 400/400/400
f 398/398/398 385/385/385 388/388/388
f 398/398/398 388/388/388 401/401/401
f 402/402/402 387/387/387 384/384/384
f 402/402/402 384/384/384 399/399/399
f 401/401/401 388/388/388 390/390/390
f 401/401/401 390/390/390 403/403/403
f 404/404/404 389/389/389 387/387/387
f 404/404/404 387/387/387 402/402/402
f 403/403/403 390/390/390 392/392/392
f 403/403/403 392/392/392 405/405/405
f 406/406/406 391/391/391 389/389/389
f 406/406/406 389/389/389 404/404/404
f 405/405/405 392/392/392 380/380/380
f 405/405/405 380/380/380 395/395/395
f 394/394/394 381/381/381 391/391/391
f 394/394/394 391/391/391 406/406/406
f 407/407/407 408/408/408 409/409/409
f 407/407/407 409/409/409 410/410/410
f 411/411/411 407/407/407 410/410/410
f 411/411/411 410/410/410 412/412/412
f 413/413/413 411/411/411 412/412/412
f 413/413/413 412/412/412 414/414/414
f 415/415/415 413/413/413 414/414/414
f 415/415/415 414/414/414 416/416/416
f 417/417/417 415/415/415 416/416/416
f 417/417/417 416/416/416 418/418/418
f 419/419/419 417/417/417 418/418/418
f 419/419/419 418/418/418 420/420/420
f 421/421/421 419/419/419 420/420/420
f 421/421/421 420/420/420 422/422/422
f 423/423/423 421/421/421 422/422/422
f 423/423/423 422/422/422 424/424/424
f 425/425/425 423/423/423 424/424/424
f 425/425/425 424/424/424 426/426/426
f 427/427/427 425/425/425 426/426/426
f 427/427/427 426/426/426 428/428/428
f 410/410/410 409/409/409 429/429/429
f 410/410/410 429/429/429 430/430/430
f 412/412/412 410/410/410 430/430/430
f 412/412/412 430/430/430 431/431/431
f 414/414/414 412/412/412 431/431/431
f 414/414/414 431/431/431 432/432/432
f 416/416/416 414/414/414 432/432/432
f 416/416/416 432/432/432 433/433/433
f 418/418/418 416/416/416 433/433/433
f 418/418/418 433/433/433 434/434/434
f 420/420/420 418/418/418 434/434/434
f 420/420/420 434/434/434 435/435/435
f 422/422/422 420/420/420 435/435/435
f 422/422/422 435/435/435 436/436/436
f 424/424/424 422/422/422 436/436/436
f 424/424/424 436/436/436 437/437/437
f 426/426/426 424/424/424 437/437/437
f 426/426/426 437/437/437 438/438/438
f 428/428/428 426/426/426 438/438/438
f 428/428/428 438/438/438 439/439/439
f 430/430/430 429/429/429 440/440/440
f 430/430/430 440/440/440 441/441/441
f 431/431/431 430/430/430 441/441/441
f 431/431/431 441/441/441 442/442/442
f 432/432/432 431/431/431 442/442/442
f 432/432/432 442/442/442 443/443/443
f 433/433/433 432/432/432 443/443/443
f 433/433/433 443/443/443 444/444/444
f 434/434/434 433/433/433 444/444/444
f 434/434/434 444/444/444 445/445/445
f 435/435/435 434/434/434 445/445/445
f 435/435/435 445/445/445 446/446/446
f 436/436/436 435/435/435 446/446/446
f 436/436/436 446/446/446 447/447/447
f 437/437/437 436/436/436 447/447/447
f 437/437/437 447/447/447 448/448/448
f 438/438/438 437/437/437 448/448/448
f 438/438/438 448/448/448 449/449/449
f 439/439/439 438/438/438 449/449/449
f 439/439/439 449/449/449 450/450/450
f 441/441/441 440/440/440 451/451/451
f 441/441/441 451/451/451 452/452/452
f 442/442/442 441/441/441 452/452/452
f 442/442/442 452/452/452 453/453/453
f 443/443/443 442/442/442 453/453/453
f 443/443/443 453/453/453 454/454/454
f 444/444/444 443/443/443 454/454/454
f 444/444/444 454/454/454 455/455/455
f 445/445/445 444/444/444 455/455/455
f 445/445/445 455/455/455 456/456/456
f 446/446/446 445/445/445 456/456/456
f 446/446/446 456/456/456 457/457/457
f 447/447/447 446/446/446 457/457/457
f 447/447/447 457/457/457 458/458/458
f 448/448/448 447/447/447 458/458/458
f 448/448/448 458/458/458 459/459/459
f 449/449/449 448/448/448 459/459/459
f 449/449/449 459/459/459 460/460/460
f 450/450/450 449/449/449 460/460/460
f 450/450/450 460/460/460 461/461/461
f 452/452/452 451/451/451 462/462/462
f 452/452/452 462/462/462 463/463/463
f 453/453/453 452/452/452 463/463/463
f 453/453/453 463/463/463 464/464/464
f 454/454/454 453/453/453 464/464/464
f 454/454/454 464/464/464 465/465/465
f 455/455/455 454/454/454 465/465/465
f 455/455/455 465/465/465 466/466/466
f 456/456/456 455/455/455 466/466/466
f 456/456/456 466/466/466 467/467/467
f 457/457/457 456/456/456 467/467/467
f 457/457/457 467/467/467 468/468/468
f 458/458/458 457/457/457 468/468/468
f 458/458/458 468/468/468 469/469/469
f 459/459/459 458/458/458 469/469/469
f 459/459/459 469/469/469 470/470/470
f 460/460/460 459/459/459 470/470/470
f 460/460/460 470/470/470 471/471/471
f 461/461/461 460/460/460 471/471/471
f 461/461/461 471/471/471 472/472/472
f 463/463/463 462/462/462 473/473/473
f 463/463/463 473/473/473 474/474/474
f 464/464/464 463/463/463 474/474/474
f 464/464/464 474/474/474 475/475/475
f 465/465/465 464/464/464 475/475/475
f 465/465/465 475/475/475 476/476/476
f 466/466/466 465/465/465 476/476/476
f 466/466/466 476/476/476 477/477/477
f 467/467/467 466/466/466 477/477/477
f 467/467/467 477/477/477 478/478/478
f 468/468/468 467/467/467 478/478/478
f 468/468/468 478/478/478 479/479/479
f 469/469/469 468/468/468 479/479/479
f 469/469/469 479/479/479 480/480/480
f 470/470/470 469/469/469 480/480/480
f 470/470/470 480/480/480 481/481/481
f 471/471/471 470/470/470 481/481/481
f 471/471/471 481/481/481 482/482/482
f 472/472/472 471/471/471 482/482/482
f 472/472/472 482/482/482 483/483/483
f 484/484/484 485/485/485 486/486/486
f 484/484/484 486/486/486 487/487/487
f 488/488/488 489/489/489 490/490/490
f 488/488/488 490/490/490 491/491/491
f 487/487/487 486/486/486 492/492/492
f 487/487/487 492/492/492 493/493/493
f 488/488/488 491/491/491 494/494/494
f 488/488/488 494/494/494 495/495/495
f 496/496/496 497/497/497 498/498/498
f 496/496/496 498/498/498 499/499/499
f 497/497/497 500/500/500 501/501/501
f 497/497/497 501/501/501 498/498/498
f 500/500/500 502/502/502 503/503/503
f 500/500/500 503/503/503 501/501/501
f 504/504/504 485/485/485 484/484/484
f 504/504/504 484/484/484 503/503/503
f 490/490/490 489/489/489 505/505/505
f 490/490/490 505/505/505 499/499/499
f 506/506/506 507/507/507 508/508/508
f 506/506/506 508/508/508 509/509/509
f 510/510/510 511/511/511 512/512/512
f 510/510/510 512/512/512 513/513/513
f 511/511/511 514/514/514 515/515/515
f 511/511/511 515/515/515 512/512/512
f 514/514/514 516/516/516 517/517/517
f 514/514/514 517/517/517 515/515/515
f 516/516/516 518/518/518 519/519/519
f 516/516/516 519/519/519 517/517/517
f 518/518/518 508/508/508 507/507/507
f 518/518/518 507/507/507 519/519/519
f 520/520/520 509/509/509 508/508/508
f 520/520/520 508/508/508 521/521/521
f 522/522/522 507/507/507 506/506/506
f 522/522/522 506/506/506 523/523/523
f 524/524/524 513/513/513 512/512/512
f 524/524/524 512/512/512 525/525/525
f 526/526/526 511/511/511 510/510/510
f 526/526/526 510/510/510 527/527/527
f 525/525/525 512/512/512 515/515/515
f 525/525/525 515/515/515 528/528/528
f 529/529/529 514/514/514 511/511/511
f 529/529/529 511/511/511 526/526/526
f 528/528/528 515/515/515 517/517/517
f 528/528/528 517/517/517 530/530/530
f 531/531/531 516/516/516 514/514/514
f 531/531/531 514/514/514 529/529/529
f 530/530/530 517/517/517 519/519/519
f 530/530/530 519/519/519 532/532/532
f 533/533/533 518/518/518 516/516/516
f 533/533/533 516/516/516 531/531/531
f 532/532/532 519/519/519 507/507/507
f 532/532/532 507/507/507 522/522/522
f 521/521/521 508/508/508 518/518/518
f 521/521/521 518/518/518 533/533/533
f 534/534/534 535/535/535 536/536/536
f 534/534/534 536/536/536 537/537/537
f 538/538/538 539/539/539 540/540/540
f 538/538/538 540/540/540 541/541/541
f 535/535/535 542/542/542 543/543/543
f 535/535/535 543/543/543 536/536/536
f 544/544/544 545/545/545 546/546/546
f 544/544/544 546/546/546 547/547/547
f 548/548/548 549/549/549 550/550/550
f 548/548/548 550/550/550 551/551/551
f 549/549/549 552/552/552 553/553/553
f 549/549/549 553/553/553 550/550/550
f 545/545/545 554/554/554 555/555/555
f 545/545/545 555/555/555 546/546/546
f 539/539/539 556/556/556 557/557/557
f 539/539/539 557/557/557 540/540/540
f 554/554/554 558/558/558 559/559/559
f 554/554/554 559/559/559 555/555/555
f 556/556/556 560/560/560 561/561/561
f 556/556/556 561/561/561 557/557/557
f 558/558/558 553/553/553 552/552/552
f 558/558/558 552/552/552 559/559/559
f 560/560/560 543/543/543 542/542/542
f 560/560/560 542/542/542 561/561/561
f 551/551/551 550/550/550 535/535/535
f 551/551/551 535/535/535 534/534/534
f 541/541/541 540/540/540 545/545/545
f 541/541/541 545/545/545 544/544/544
f 540/540/540 557/557/557 554/554/554
f 540/540/540 554/554/554 545/545/545
f 557/557/557 561/561/561 558/558/558
f 557/557/557 558/558/558 554/554/554
f 561/561/561 542/542/542 553/553/553
f 561/561/561 553/553/553 558/558/558
f 542/542/542 535/535/535 550/550/550
f 542/542/542 550/550/550 553/553/553
f 562/562/562 563/563/563 537/537/537
f 562/562/562 537/537/537 536/536/536
f 564/564/564 565/565/565 539/539/539
f 564/564/564 539/539/539 538/538/538
f 566/566/566 562/562/562 536/536/536
f 566/566/566 536/536/536 543/543/543
f 567/567/567 568/568/568 547/547/547
f 567/567/567 547/547/547 546/546/546
f 569/569/569 570/570/570 549/549/549
f 569/569/569 549/549/549 548/548/548
f 570/570/570 571/571/571 552/552/552
f 570/570/570 552/552/552 549/549/549
f 572/572/572 567/567/567 546/546/546
f 572/572/572 546/546/546 555/555/555
f 573/573/573 574/574/574 556/556/556
f 573/573/573 556/556/556 539/539/539
f 575/575/575 572/572/572 555/555/555
f 575/575/575 555/555/555 559/559/559
f 574/574/574 576/576/576 560/560/560
f 574/574/574 560/560/560 556/556/556
f 571/571/571 575/575/575 559/559/559
f 571/571/571 559/559/559 552/552/552
f 576/576/576 577/577/577 543/543/543
f 576/576/576 543/543/543 560/560/560
f 578/578/578 579/579/579 565/565/565
f 578/578/578 565/565/565 564/564/564
f 579/579/579 580/580/580 574/574/574
f 579/579/579 574/574/574 565/565/565
f 580/580/580 581/581/581 576/576/576
f 580/580/580 576/576/576 574/574/574
f 581/581/581 582/582/582 577/577/577
f 581/581/581 577/577/577 576/576/576
f 582/582/582 583/583/583 562/562/562
f 582/582/582 562/562/562 566/566/566
f 583/583/583 584/584/584 563/563/563
f 583/583/583 563/563/563 562/562/562
f 567/567/567 585/585/585 586/586/586
f 567/567/567 586/586/586 568/568/568
f 572/572/572 587/587/587 585/585/585
f 572/572/572 585/585/585 567/567/567
f 575/575/575 588/588/588 587/587/587
f 575/575/575 587/587/587 572/572/572
f 571/571/571 589/589/589 588/588/588
f 571/571/571 588/588/588 575/575/575
f 570/570/570 590/590/590 589/589/589
f 570/570/570 589/589/589 571/571/571
f 569/569/569 591/591/591 590/590/590
f 569/569/569 590/590/590 570/570/570
f 592/592/592 593/593/593 594/594/594
f 592/592/592 594/594/594 595/595/595
f 596/596/596 597/597/597 598/598/598
f 596/596/596 598/598/598 599/599/599
f 599/599/599 598/598/598 600/600/600
f 599/599/599 600/600/600 601/601/601
f 601/601/601 600/600/600 602/602/602
f 601/601/601 602/602/602 603/603/603
f 603/603/603 602/602/602 604/604/604
f 603/603/603 604/604/604 605/605/605
f 605/605/605 604/604/604 595/595/595
f 605/605/605 595/595/595 594/594/594
f 606/606/606 607/607/607 594/594/594
f 606/606/606 594/594/594 593/593/593
f 608/608/608 609/609/609 592/592/592
f 608/608/608 592/592/592 595/595/595
f 610/610/610 611/611/611 598/598/598
f 610/610/610 598/598/598 597/597/597
f 612/612/612 613/613/613 596/596/596
f 612/612/612 596/596/596 599/599/599
f 611/611/611 614/614/614 600/600/600
f 611/611/611 600/600/600 598/598/598
f 615/615/615 612/612/612 599/599/599
f 615/615/615 599/599/599 601/601/601
f 614/614/614 616/616/616 602/602/602
f 614/614/614 602/602/602 600/600/600
f 617/617/617 615/615/615 601/601/601
f 617/617/617 601/601/601 603/603/603
f 616/616/616 618/618/618 604/604/604
f 616/616/616 604/604/604 602/602/602
f 619/619/619 617/617/617 603/603/603
f 619/619/619 603/603/603 605/605/605
f 618/618/618 608/608/608 595/595/595
f 618/618/618 595/595/595 604/604/604
f 607/607/607 619/619/619 605/605/605
f 607/607/607 605/605/605 594/594/594
f 620/620/620 621/621/621 622/622/622
f 620/620/620 622/622/622 623/623/623
f 620/620/620 623/623/623 624/624/624
f 620/620/620 624/624/624 625/625/625
f 622/622/622 621/621/621 626/626/626
f 622/622/622 626/626/626 627/627/627
f 628/628/628 629/629/629 630/630/630
f 628/628/628 630/630/630 631/631/631
f 628/628/628 632/632/632 633/633/633
f 628/628/628 633/633/633 629/629/629
f 630/630/630 634/634/634 635/635/635
f 630/630/630 635/635/635 631/631/631
f 628/628/628 636/636/636 637/637/637
f 628/628/628 637/637/637 632/632/632
f 635/635/635 638/638/638 639/639/639
f 635/635/635 639/639/639 631/631/631
f 629/629/629 633/633/633 640/640/640
f 629/629/629 640/640/640 641/641/641
f 630/630/630 629/629/629 641/641/641
f 630/630/630 641/641/641 642/642/642
f 643/643/643 634/634/634 630/630/630
f 643/643/643 630/630/630 642/642/642
f 644/644/644 645/645/645 646/646/646
f 644/644/644 646/646/646 647/647/647
f 648/648/648 649/649/649 650/650/650
f 648/648/648 650/650/650 651/651/651
f 647/647/647 646/646/646 652/652/652
f 647/647/647 652/652/652 653/653/653
f 648/648/648 651/651/651 654/654/654
f 648/648/648 654/654/654 655/655/655
f 656/656/656 657/657/657 658/658/658
f 656/656/656 658/658/658 659/659/659
f 657/657/657 660/660/660 661/661/661
f 657/657/657 661/661/661 658/658/658
f 660/660/660 662/662/662 663/663/663
f 660/660/660 663/663/663 661/661/661
f 664/664/664 645/645/645 644/644/644
f 664/664/664 644/644/644 663/663/663
f 650/650/650 649/649/649 665/665/665
f 650/650/650 665/665/665 659/659/659
f 666/666/666 667/667/667 668/668/668
f 666/666/666 668/668/668 669/669/669
f 667/667/667 670/670/670 671/671/671
f 667/667/667 671/671/671 668/668/668
f 672/672/672 673/673/673 666/666/666
f 672/672/672 666/666/666 669/669/669
f 671/671/671 674/674/674 675/675/675
f 671/671/671 675/675/675 668/668/668
f 669/669/669 676/676/676 677/677/677
f 669/669/669 677/677/677 672/672/672
f 666/666/666 673/673/673 678/678/678
f 666/666/666 678/678/678 679/679/679
f 680/680/680 667/667/667 666/666/666
f 680/680/680 666/666/666 679/679/679
f 680/680/680 681/681/681 670/670/670
f 680/680/680 670/670/670 667/667/667
f 682/682/682 683/683/683 684/684/684
f 682/682/682 684/684/684 685/685/685
f 686/686/686 682/682/682 685/685/685
f 686/686/686 685/685/685 687/687/687
f 688/688/688 686/686/686 687/687/687
f 688/688/688 687/687/687 689/689/689
f 690/690/690 688/688/688 689/689/689
f 690/690/690 689/689/689 691/691/691
f 692/692/692 693/693/693 694/694/694
f 692/692/692 694/694/694 695/695/695
f 696/696/696 692/692/692 695/695/695
f 696/696/696 695/695/695 697/697/697
f 698/698/698 696/696/696 697/697/697
f 698/698/698 697/697/697 699/699/699
f 700/700/700 698/698/698 699/699/699
f 700/700/700 699/699/699 701/701/701
f 702/702/702 700/700/700 701/701/701
f 702/702/702 701/701/701 703/703/703
f 683/683/683 702/702/702 703/703/703
f 683/683/683 703/703/703 684/684/684
f 685/685/685 684/684/684 704/704/704
f 685/685/685 704/704/704 705/705/705
f 687/687/687 685/685/685 705/705/705
f 687/687/687 705/705/705 706/706/706
f 689/689/689 687/687/687 706/706/706
f 689/689/689 706/706/706 707/707/707
f 691/691/691 689/689/689 707/707/707
f 691/691/691 707/707/707 708/708/708
f 695/695/695 694/694/694 709/709/709
f 695/695/695 709/709/709 710/710/710
f 697/697/697 695/695/695 710/710/710
f 697/697/697 710/710/710 711/711/711
f 699/699/699 697/697/697 711/711/711
f 699/699/699 711/711/711 712/712/712
f 701/701/701 699/699/699 712/712/712
f 701/701/701 712/712/712 713/713/713
f 703/703/703 701/701/701 713/713/713
f 703/703/703 713/713/713 714/714/714
f 684/684/684 703/703/703 714/714/714
f 684/684/684 714/714/714 704/704/704
f 705/705/705 704/704/704 715/715/715
f 705/705/705 715/715/715 716/716/716
f 706/706/706 705/705/705 716/716/716
f 706/706/706 716/716/716 717/717/717
f 707/707/707 706/706/706 717/717/717
f 707/707/707 717/717/717 718/718/718
f 708/708/708 707/707/707 718/718/718
f 708/708/708 718/718/718 719/719/719
f 710/710/710 709/709/709 720/720/720
f 710/710/710 720/720/720 721/721/721
f 711/711/711 710/710/710 721/721/721
f 711/711/711 721/721/721 722/722/722
f 712/712/712 711/711/711 722/722/722
f 712/712/712 722/722/722 723/723/723
f 713/713/713 712/712/712 723/723/723
f 713/713/713 723/723/723 724/724/724
f 714/714/714 713/713/713 724/724/724
f 714/714/714 724/724/724 725/725/725
f 704/704/704 714/714/714 725/725/725
f 704/704/704 725/725/725 715/715/715
f 716/716/716 715/715/715 726/726/726
f 716/716/716 726/726/726 727/727/727
f 717/717/717 716/716/716 727/727/727
f 717/717/717 727/727/727 728/728/728
f 718/718/718 717/717/717 728/728/728
f 718/718/718 728/728/728 729/729/729
f 719/719/719 718/718/718 729/729/729
f 719/719/719 729/729/729 730/730/730
f 721/721/721 720/720/720 731/731/731
f 721/721/721 731/731/731 732/732/732
f 722/722/722 721/721/721 732/732/732
f 722/722/722 732/732/732 733/733/733
f 723/723/723 722/722/722 733/733/733
f 723/723/723 733/733/733 734/734/734
f 724/724/724 723/723/723 734/734/734
f 724/724/724 734/734/734 735/735/735
f 725/725/725 724/724/724 735/735/735
f 725/725/725 735/735/735 736/736/736
f 715/715/715 725/725/725 736/736/736
f 715/715/715 736/736/736 726/726/726
f 727/727/727 726/726/726 737/737/737
f 727/727/727 737/737/737 738/738/738
f 728/728/728 727/727/727 738/738/738
f 728/728/728 738/738/738 739/739/739
f 729/729/729 728/728/728 739/739/739
f 729/729/729 739/739/739 740/740/740
f 730/730/730 729/729/729 740/740/740
f 730/730/730 740/740/740 741/741/741
f 732/732/732 731/731/731 742/742/742
f 732/732/732 742/742/742 743/743/743
f 733/733/733 732/732/732 743/743/743
f 733/733/733 743/743/743 744/744/744
f 734/734/734 733/733/733 744/744/744
f 734/734/734 744/744/744 745/745/745
f 735/735/735 734/734/734 745/745/745
f 735/735/735 745/745/745 746/746/746
f 736/736/736 735/735/735 746/746/746
f 736/736/736 746/746/746 747/747/747
f 726/726/726 736/736/736 747/747/747
f 726/726/726 747/747/747 737/737/737
f 738/738/738 737/737/737 748/748/748
f 738/738/738 748/748/748 749/749/749
f 739/739/739 738/738/738 749/749/749
f 739/739/739 749/749/749 750/750/750
f 740/740/740 739/739/739 750/750/750
f 740/740/740 750/750/750 751/751/751
f 741/741/741 740/740/740 751/751/751
f 741/741/741 751/751/751 752/752/752
f 743/743/743 742/742/742 753/753/753
f 743/743/743 753/753/753 754/754/754
f 744/744/744 743/743/743 754/754/754
f 744/744/744 754/754/754 755/755/755
f 745/745/745 744/744/744 755/755/755
f 745/745/745 755/755/755 756/756/756
f 746/746/746 745/745/745 756/756/756
f 746/746/746 756/756/756 757/757/757
f 747/747/747 746/746/746 757/757/757
f 747/747/747 757/757/757 758/758/758
f 737/737/737 747/747/747 758/758/758
f 737/737/737 758/758/758 748/748/748
f 759/759/759 760/760/760 761/761/761
f 759/759/759 761/761/761 762/762/762
f 763/763/763 764/764/764 765/765/765
f 763/763/763 765/765/765 766/766/766
f 764/764/764 767/767/767 768/768/768
f 764/764/764 768/768/768 765/765/765
f 767/767/767 769/769/769 770/770/770
f 767/767/767 770/770/770 768/768/768
f 769/769/769 771/771/771 772/772/772
f 769/769/769 772/772/772 770/770/770
f 771/771/771 761/761/761 760/760/760
f 771/771/771 760/760/760 772/772/772
f 773/773/773 762/762/762 761/761/761
f 773/773/773 761/761/761 774/774/774
f 775/775/775 760/760/760 759/759/759
f 775/775/775 759/759/759 776/776/776
f 777/777/777 766/766/766 765/765/765
f 777/777/777 765/765/765 778/778/778
f 779/779/779 764/764/764 763/763/763
f 779/779/779 763/763/763 780/780/780
f 778/778/778 765/765/765 768/768/768
f 778/778/778 768/768/768 781/781/781
f 782/782/782 767/767/767 764/764/764
f 782/782/782 764/764/764 779/779/779
f 781/781/781 768/768/768 770/770/770
f 781/781/781 770/770/770 783/783/783
f 784/784/784 769/769/769 767/767/767
f 784/784/784 767/767/767 782/782/782
f 783/783/783 770/770/770 772/772/772
f 783/783/783 772/772/772 785/785/785
f 786/786/786 771/771/771 769/769/769
f 786/786/786 769/769/769 784/784/784
f 785/785/785 772/772/772 760/760/760
f 785/785/785 760/760/760 775/775/775
f 774/774/774 761/761/761 771/771/771
f 774/774/774 771/771/771 786/786/786
f 787/787/787 788/788/788 789/789/789
f 787/787/787 789/789/789 790/790/790
f 787/787/787 790/790/790 791/791/791
f 787/787/787 791/791/791 792/792/792
f 793/793/793 789/789/789 788/788/788
f 793/793/793 788/788/788 794/794/794
f 787/787/787 792/792/792 795/795/795
f 787/787/787 795/795/795 796/796/796
f 794/794/794 788/788/788 797/797/797
f 794/794/794 797/797/797 798/798/798
f 799/799/799 800/800/800 789/789/789
f 799/799/799 789/789/789 793/793/793
f 790/790/790 789/789/789 800/800/800
f 790/790/790 800/800/800 801/801/801
f 791/791/791 790/790/790 801/801/801
f 791/791/791 801/801/801 802/802/802
f 803/803/803 804/804/804 805/805/805
f 803/803/803 805/805/805 806/806/806
f 807/807/807 808/808/808 809/809/809
f 807/807/807 809/809/809 810/810/810
f 810/810/810 809/809/809 811/811/811
f 810/810/810 811/811/811 812/812/812
f 812/812/812 811/811/811 813/813/813
f 812/812/812 813/813/813 814/814/814
f 814/814/814 813/813/813 815/815/815
f 814/814/814 815/815/815 816/816/816
f 816/816/816 815/815/815 806/806/806
f 816/816/816 806/806/806 805/805/805
f 817/817/817 818/818/818 805/805/805
f 817/817/817 805/805/805 804/804/804
f 819/819/819 820/820/820 803/803/803
f 819/819/819 803/803/803 806/806/806
f 821/821/821 822/822/822 809/809/809
f 821/821/821 809/809/809 808/808/808
f 823/823/823 824/824/824 807/807/807
f 823/823/823 807/807/807 810/810/810
f 822/822/822 825/825/825 811/811/811
f 822/822/822 811/811/811 809/809/809
f 826/826/826 823/823/823 810/810/810
f 826/826/826 810/810/810 812/812/812
f 825/825/825 827/827/827 813/813/813
f 825/825/825 813/813/813 811/811/811
f 828/828/828 826/826/826 812/812/812
f 828/828/828 812/812/812 814/814/814
f 827/827/827 829/829/829 815/815/815
f 827/827/827 815/815/815 813/813/813
f 830/830/830 828/828/828 814/814/814
f 830/830/830 814/814/814 816/816/816
f 829/829/829 819/819/819 806/806/806
f 829/829/829 806/806/806 815/815/815
f 818/818/818 830/830/830 816/816/816
f 818/818/818 816/816/816 805/805/805
f 831/831/831 832/832/832 833/833/833
f 831/831/831 833/833/833 834/834/834
f 835/835/835 836/836/836 837/837/837
f 835/835/835 837/837/837 838/838/838
f 836/836/836 839/839/839 840/840/840
f 836/836/836 840/840/840 837/837/837
f 839/839/839 841/841/841 842/842/842
f 839/839/839 842/842/842 840/840/840
f 841/841/841 843/843/843 844/844/844
f 841/841/841 844/844/844 842/842/842
f 843/843/843 833/833/833 832/832/832
f 843/843/843 832/832/832 844/844/844
f 845/845/845 834/834/834 833/833/833
f 845/845/845 833/833/833 846/846/846
f 847/847/847 832/832/832 831/831/831
f 847/847/847 831/831/831 848/848/848
f 849/849/849 838/838/838 837/837/837
f 849/849/849 837/837/837 850/850/850
f 851/851/851 836/836/836 835/835/835
f 851/851/851 835/835/835 852/852/852
f 850/850/850 837/837/837 840/840/840
f 850/850/850 840/840/840 853/853/853
f 854/854/854 839/839/839 836/836/836
f 854/854/854 836/836/836 851/851/851
f 853/853/853 840/840/840 842/842/842
f 853/853/853 842/842/842 855/855/855
f 856/856/856 841/841/841 839/839/839
f 856/856/856 839/839/839 854/854/854
f 855/855/855 842/842/842 844/844/844
f 855/855/855 844/844/844 857/857/857
f 858/858/858 843/843/843 841/841/841
f 858/858/858 841/841/841 856/856/856
f 857/857/857 844/844/844 832/832/832
f 857/857/857 832/832/832 847/847/847
f 846/846/846 833/833/833 843/843/843
f 846/846/846 843/843/843 858/858/858
f 859/859/859 860/860/860 861/861/861
f 859/859/859 861/861/861 862/862/862
f 863/863/863 864/864/864 865/865/865
f 863/863/863 865/865/865 866/866/866
f 864/864/864 867/867/867 868/868/868
f 864/864/864 868/868/868 865/865/865
f 867/867/867 869/869/869 870/870/870
f 867/867/867 870/870/870 868/868/868
f 869/869/869 871/871/871 872/872/872
f 869/869/869 872/872/872 870/870/870
f 871/871/871 861/861/861 860/860/860
f 871/871/871 860/860/860 872/872/872
f 873/873/873 862/862/862 861/861/861
f 873/873/873 861/861/861 874/874/874
f 875/875/875 860/860/860 859/859/859
f 875/875/875 859/859/859 876/876/876
f 877/877/877 866/866/866 865/865/865
f 877/877/877 865/865/865 878/878/878
f 879/879/879 864/864/864 863/863/863
f 879/879/879 863/863/863 880/880/880
f 878/878/878 865/865/865 868/868/868
f 878/878/878 868/868/868 881/881/881
f 882/882/882 867/867/867 864/864/864
f 882/882/882 864/864/864 879/879/879
f 881/881/881 868/868/868 870/870/870
f 881/881/881 870/870/870 883/883/883
f 884/884/884 869/869/869 867/867/867
f 884/884/884 867/867/867 882/882/882
f 883/883/883 870/870/870 872/872/872
f 883/883/883 872/872/872 885/885/885
f 886/886/886 871/871/871 869/869/869
f 886/886/886 869/869/869 884/884/884
f 885/885/885 872/872/872 860/860/860
f 885/885/885 860/860/860 875/875/875
f 874/874/874 861/861/861 871/871/871
f 874/874/874 871/871/871 886/886/886
f 887/887/887 888/888/888 889/889/889
f 887/887/887 889/889/889 890/890/890
f 887/887/887 891/891/891 892/892/892
f 887/887/887 892/892/892 888/888/888
f 889/889/889 893/893/893 894/894/894
f 889/889/889 894/894/894 890/890/890
f 895/895/895 896/896/896 897/897/897
f 895/895/895 897/897/897 898/898/898
f 899/899/899 900/900/900 901/901/901
f 899/899/899 901/901/901 902/902/902
f 902/902/902 901/901/901 903/903/903
f 902/902/902 903/903/903 904/904/904
f 904/904/904 903/903/903 905/905/905
f 904/904/904 905/905/905 906/906/906
f 906/906/906 905/905/905 907/907/907
f 906/906/906 907/907/907 908/908/908
f 908/908/908 907/907/907 898/898/898
f 908/908/908 898/898/898 897/897/897
f 909/909/909 910/910/910 897/897/897
f 909/909/909 897/897/897 896/896/896
f 911/911/911 912/912/912 895/895/895
f 911/911/911 895/895/895 898/898/898
f 913/913/913 914/914/914 901/901/901
f 913/913/913 901/901/901 900/900/900
f 915/915/915 916/916/916 899/899/899
f 915/915/915 899/899/899 902/902/902
f 914/914/914 917/917/917 903/903/903
f 914/914/914 903/903/903 901/901/901
f 918/918/918 915/915/915 902/902/902
f 918/918/918 902/902/902 904/904/904
f 917/917/917 919/919/919 905/905/905
f 917/917/917 905/905/905 903/903/903
f 920/920/920 918/918/918 904/904/904
f 920/920/920 904/904/904 906/906/906
f 919/919/919 921/921/921 907/907/907
f 919/919/919 907/907/907 905/905/905
f 922/922/922 920/920/920 906/906/906
f 922/922/922 906/906/906 908/908/908
f 921/921/921 911/911/911 898/898/898
f 921/921/921 898/898/898 907/907/907
f 910/910/910 922/922/922 908/908/908
f 910/910/910 908/908/908 897/897/897
f 923/923/923 924/924/924 925/925/925
f 923/923/923 925/925/925 926/926/926
f 927/927/927 923/923/923 926/926/926
f 927/927/927 926/926/926 928/928/928
f 929/929/929 927/927/927 928/928/928
f 929/929/929 928/928/928 930/930/930
f 931/931/931 929/929/929 930/930/930
f 931/931/931 930/930/930 932/932/932
f 933/933/933 931/931/931 932/932/932
f 933/933/933 932/932/932 934/934/934
f 935/935/935 933/933/933 934/934/934
f 935/935/935 934/934/934 936/936/936
f 937/937/937 935/935/935 936/936/936
f 937/937/937 936/936/936 938/938/938
f 939/939/939 937/937/937 938/938/938
f 939/939/939 938/938/938 940/940/940
f 941/941/941 939/939/939 940/940/940
f 941/941/941 940/940/940 942/942/942
f 943/943/943 941/941/941 942/942/942
f 943/943/943 942/942/942 944/944/944
f 926/926/926 925/925/925 945/945/945
f 926/926/926 945/945/945 946/946/946
f 928/928/928 926/926/926 946/946/946
f 928/928/928 946/946/946 947/947/947
f 930/930/930 928/928/928 947/947/947
f 930/930/930 947/947/947 948/948/948
f 932/932/932 930/930/930 948/948/948
f 932/932/932 948/948/948 949/949/949
f 934/934/934 932/932/932 949/949/949
f 934/934/934 949/949/949 950/950/950
f 936/936/936 934/934/934 950/950/950
f 936/936/936 950/950/950 951/951/951
f 938/938/938 936/936/936 951/951/951
f 938/938/938 951/951/951 952/952/952
f 940/940/940 938/938/938 952/952/952
f 940/940/940 952/952/952 953/953/953
f 942/942/942 940/940/940 953/953/953
f 942/942/942 953/953/953 954/954/954
f 944/944/944 942/942/942 954/954/954
f 944/944/944 954/954/954 955/955/955
f 946/946/946 945/945/945 956/956/956
f 946/946/946 956/956/956 957/957/957
f 947/947/947 946/946/946 957/957/957
f 947/947/947 957/957/957 958/958/958
f 948/948/948 947/947/947 958/958/958
f 948/948/948 958/958/958 959/959/959
f 949/949/949 948/948/948 959/959/959
f 949/949/949 959/959/959 960/960/960
f 950/950/950 949/949/949 960/960/960
f 950/950/950 960/960/960 961/961/961
f 951/951/951 950/950/950 961/961/961
f 951/951/951 961/961/961 962/962/962
f 952/952/952 951/951/951 962/962/962
f 952/952/952 962/962/962 963/963/963
f 953/953/953 952/952/952 963/963/963
f 953/953/953 963/963/963 964/964/964
f 954/954/954 953/953/953 964/964/964
f 954/954/954 964/964/964 965/965/965
f 955/955/955 954/954/954 965/965/965
f 955/955/955 965/965/965 966/966/966
f 957/957/957 956/956/956 967/967/967
f 957/957/957 967/967/967 968/968/968
f 958/958/958 957/957/957 968/968/968
f 958/958/958 968/968/968 969/969/969
f 959/959/959 958/958/958 969/969/969
f 959/959/959 969/969/969 970/970/970
f 960/960/960 959/959/959 970/970/970
f 960/960/960 970/970/970 971/971/971
f 961/961/961 960/960/960 971/971/971
f 961/961/961 971/971/971 972/972/972
f 962/962/962 961/961/961 972/972/972
f 962/962/962 972/972/972 973/973/973
f 963/963/963 962/962/962 973/973/973
f 963/963/963 973/973/973 974/974/974
f 964/964/964 963/963/963 974/974/974
f 964/964/964 974/974/974 975/975/975
f 965/965/965 964/964/964 975/975/975
f 965/965/965 975/975/975 976/976/976
f 966/966/966 965/965/965 976/976/976
f 966/966/966 976/976/976 977/977/977
f 968/968/968 967/967/967 978/978/978
f 968/968/968 978/978/978 979/979/979
f 969/969/969 968/968/968 979/979/979
f 969/969/969 979/979/979 980/980/980
f 970/970/970 969/969/969 980/980/980
f 970/970/970 980/980/980 981/981/981
f 971/971/971 970/970/970 981/981/981
f 971/971/971 981/981/981 982/982/982
f 972/972/972 971/971/971 982/982/982
f 972/972/972 982/982/982 983/983/983
f 973/973/973 972/972/972 983/983/983
f 973/973/973 983/983/983 984/984/984
f 974/974/974 973/973/973 984/984/984
f 974/974/974 984/984/984 985/985/985
f 975/975/975 974/974/974 985/985/985
f 975/975/975 985/985/985 986/986/986
f 976/976/976 975/975/975 986/986/986
f 976/976/976 986/986/986 987/987/987
f 977/977/977 976/976/976 987/987/987
f 977/977/977 987/987/987 988/988/988
f 979/979/979 978/978/978 989/989/989
f 979/979/979 989/989/989 990/990/990
f 980/980/980 979/979/979 990/990/990
f 980/980/980 990/990/990 991/991/991
f 981/981/981 980/980/980 991/991/991
f 981/981/981 991/991/991 992/992/992
f 982/982/982 981/981/981 992/992/992
f 982/982/982 992/992/992 993/993/993
f 983/983/983 982/982/982 993/993/993
f 983/983/983 993/993/993 994/994/994
f 984/984/984 983/983/983 994/994/994
f 984/984/984 994/994/994 995/995/995
f 985/985/985 984/984/984 995/995/995
f 985/985/985 995/995/995 996/996/996
f 986/986/986 985/985/985 996/996/996
f 986/986/986 996/996/996 997/997/997
f 987/987/987 986/986/986 997/997/997
f 987/987/987 997/997/997 998/998/998
f 988/988/988 987/987/987 998/998/998
f 988/988/988 998/998/998 999/999/999
f 1000/1000/1000 1001/1001/1001 1002/1002/1002
f 1000/1000/1000 1002/1002/1002 1003/1003/1003
f 1000/1000/1000 1003/1003/1003 1004/1004/1004
f 1000/1000/1000 1004/1004/1004 1005/1005/1005
f 1006/1006/1006 1002/1002/1002 1001/1001/1001
f 1006/1006/1006 1001/1001/1001 1007/1007/1007
f 1000/1000/1000 1005/1005/1005 1008/1008/1008
f 1000/1000/1000 1008/1008/1008 1009/1009/1009
f 1007/1007/1007 1001/1001/1001 1010/1010/1010
f 1007/1007/1007 1010/1010/1010 1011/1011/1011
f 1012/1012/1012 1013/1013/1013 1002/1002/1002
f 1012/1012/1012 1002/1002/1002 1006/1006/1006
f 1003/1003/1003 1002/1002/1002 1013/1013/1013
f 1003/1003/1003 1013/1013/1013 1014/1014/1014
f 1004/1004/1004 1003/1003/1003 1014/1014/1014
f 1004/1004/1004 1014/1014/1014 1015/1015/1015
f 1016/1016/1016 1017/1017/1017 1018/1018/1018
f 1016/1016/1016 1018/1018/1018 1019/1019/1019
f 1020/1020/1020 1021/1021/1021 1022/1022/1022
f 1020/1020/1020 1022/1022/1022 1023/1023/1023
f 1024/1024/1024 1018/1018/1018 1025/1025/1025
f 1024/1024/1024 1025/1025/1025 1026/1026/1026
f 1020/1020/1020 1027/1027/1027 1028/1028/1028
f 1020/1020/1020 1028/1028/1028 1029/1029/1029
f 1030/1030/1030 1031/1031/1031 1032/1032/1032
f 1030/1030/1030 1032/1032/1032 1033/1033/1033
f 1031/1031/1031 1034/1034/1034 1035/1035/1035
f 1031/1031/1031 1035/1035/1035 1032/1032/1032
f 1034/1034/1034 1036/1036/1036 1037/1037/1037
f 1034/1034/1034 1037/1037/1037 1035/1035/1035
f 1038/1038/1038 1017/1017/1017 1016/1016/1016
f 1038/1038/1038 1016/1016/1016 1037/1037/1037
f 1022/1022/1022 1021/1021/1021 1039/1039/1039
f 1022/1022/1022 1039/1039/1039 1033/1033/1033
f 1040/1040/1040 1041/1041/1041 1042/1042/1042
f 1040/1040/1040 1042/1042/1042 1043/1043/1043
f 1044/1044/1044 1040/1040/1040 1043/1043/1043
f 1044/1044/1044 1043/1043/1043 1045/1045/1045
f 1046/1046/1046 1044/1044/1044 1045/1045/1045
f 1046/1046/1046 1045/1045/1045 1047/1047/1047
f 1048/1048/1048 1046/1046/1046 1047/1047/1047
f 1048/1048/1048 1047/1047/1047 1049/1049/1049
f 1050/1050/1050 1051/1051/1051 1052/1052/1052
f 1050/1050/1050 1052/1052/1052 1053/1053/1053
f 1054/1054/1054 1050/1050/1050 1053/1053/1053
f 1054/1054/1054 1053/1053/1053 1055/1055/1055
f 1056/1056/1056 1054/1054/1054 1055/1055/1055
f 1056/1056/1056 1055/1055/1055 1057/1057/1057
f 1058/1058/1058 1056/1056/1056 1057/1057/1057
f 1058/1058/1058 1057/1057/1057 1059/1059/1059
f 1060/1060/1060 1058/1058/1058 1059/1059/1059
f 1060/1060/1060 1059/1059/1059 1061/1061/1061
f 1041/1041/1041 1060/1060/1060 1061/1061/1061
f 1041/1041/1041 1061/1061/1061 1042/1042/1042
f 1043/1043/1043 1042/1042/1042 1062/1062/1062
f 1043/1043/1043 1062/1062/1062 1063/1063/1063
f 1045/1045/1045 1043/1043/1043 1063/1063/1063
f 1045/1045/1045 1063/1063/1063 1064/1064/1064
f 1047/1047/1047 1045/1045/1045 1064/1064/1064
f 1047/1047/1047 1064/1064/1064 1065/1065/1065
f 1049/1049/1049 1047/1047/1047 1065/1065/1065
f 1049/1049/1049 1065/1065/1065 1066/1066/1066
f 1053/1053/1053 1052/1052/1052 1067/1067/1067
f 1053/1053/1053 1067/1067/1067 1068/1068/1068
f 1055/1055/1055 1053/1053/1053 1068/1068/1068
f 1055/1055/1055 1068/1068/1068 1069/1069/1069
f 1057/1057/1057 1055/1055/1055 1069/1069/1069
f 1057/1057/1057 1069/1069/1069 1070/1070/1070
f 1059/1059/1059 1057/1057/1057 1070/1070/1070
f 1059/1059/1059 1070/1070/1070 1071/1071/1071
f 1061/1061/1061 1059/1059/1059 1071/1071/1071
f 1061/1061/1061 1071/1071/1071 1072/1072/1072
f 1042/1042/1042 1061/1061/1061 1072/1072/1072
f 1042/1042/1042 1072/1072/1072 1062/1062/1062
f 1063/1063/1063 1062/1062/1062 1073/1073/1073
f 1063/1063/1063 1073/1073/1073 1074/1074/1074
f 1064/1064/1064 1063/1063/1063 1074/1074/1074
f 1064/1064/1064 1074/1074/1074 1075/1075/1075
f 1065/1065/1065 1064/1064/1064 1075/1075/1075
f 1065/1065/1065 1075/1075/1075 1076/1076/1076
f 1066/1066/1066 1065/1065/1065 1076/1076/1076
f 1066/1066/1066 1076/1076/1076 1077/1077/1077
f 1068/1068/1068 1067/1067/1067 1078/1078/1078
f 1068/1068/1068 1078/1078/1078 1079/1079/1079
f 1069/1069/1069 1068/1068/1068 1079/1079/1079
f 1069/1069/1069 1079/1079/1079 1080/1080/1080
f 1070/1070/1070 1069/1069/1069 1080/1080/1080
f 1070/1070/1070 1080/1080/1080 1081/1081/1081
f 1071/1071/1071 1070/1070/1070 1081/1081/1081
f 1071/1071/1071 1081/1081/1081 1082/1082/1082
f 1072/1072/1072 1071/1071/1071 1082/1082/1082
f 1072/1072/1072 1082/1082/1082 1083/1083/1083
f 1062/1062/1062 1072/1072/1072 1083/1083/1083
f 1062/1062/1062 1083/1083/1083 1073/1073/1073
f 1074/1074/1074 1073/1073/1073 1084/1084/1084
f 1074/1074/1074 1084/1084/1084 1085/1085/1085
f 1075/1075/1075 1074/1074/1074 1085/1085/1085
f 1075/1075/1075 1085/1085/1085 1086/1086/1086
f 1076/1076/1076 1075/1075/1075 1086/1086/1086
f 1076/1076/1076 1086/1086/1086 1087/1087/1087
f 1077/1077/1077 1076/1076/1076 1087/1087/1087
f 1077/1077/1077 1087/1087/1087 1088/1088/1088
f 1079/1079/1079 1078/1078/1078 1089/1089/1089
f 1079/1079/1079 1089/1089/1089 1090/1090/1090
f 1080/1080/1080 1079/1079/1079 1090/1090/1090
f 1080/1080/1080 1090/1090/1090 1091/1091/1091
f 1081/1081/1081 1080/1080/1080 1091/1091/1091
f 1081/1081/1081 1091/1091/1091 1092/1092/1092
f 1082/1082/1082 1081/1081/1081 1092/1092/1092
f 1082/1082/1082 1092/1092/1092 1093/1093/1093
f 1083/1083/1083 1082/1082/1082 1093/1093/1093
f 1083/1083/1083 1093/1093/1093 1094/1094/1094
f 1073/1073/1073 1083/1083/1083 1094/1094/1094
f 1073/1073/1073 1094/1094/1094 1084/1084/1084
f 1085/1085/1085 1084/1084/1084 1095/1095/1095
f 1085/1085/1085 1095/1095/1095 1096/1096/1096
f 1086/1086/1086 1085/1085/1085 1096/1096/1096
f 1086/1086/1086 1096/1096/1096 1097/1097/1097
f 1087/1087/1087 1086/1086/1086 1097/1097/1097
f 1087/1087/1087 1097/1097/1097 1098/1098/1098
f 1088/1088/1088 1087/1087/1087 1098/1098/1098
f 1088/1088/1088 1098/1098/1098 1099/1099/1099
f 1090/1090/1090 1089/1089/1089 1100/1100/1100
f 1090/1090/1090 1100/1100/1100 1101/1101/1101
f 1091/1091/1091 1090/1090/1090 1101/1101/1101
f 1091/1091/1091 1101/1101/1101 1102/1102/1102
f 1092/1092/1092 1091/1091/1091 1102/1102/1102
f 1092/1092/1092 1102/1102/1102 1103/1103/1103
f 1093/1093/1093 1092/1092/1092 1103/1103/1103
f 1093/1093/1093 1103/1103/1103 1104/1104/1104
f 1094/1094/1094 1093/1093/1093 1104/1104/1104
f 1094/1094/1094 1104/1104/1104 1105/1105/1105
f 1084/1084/1084 1094/1094/1094 1105/1105/1105
f 1084/1084/1084 1105/1105/1105 1095/1095/1095
f 1096/1096/1096 1095/1095/1095 1106/1106/1106
f 1096/1096/1096 1106/1106/1106 1107/1107/1107
f 1097/1097/1097 1096/1096/1096 1107/1107/1107
f 1097/1097/1097 1107/1107/1107 1108/1108/1108
f 1098/1098/1098 1097/1097/1097 1108/1108/1108
f 1098/1098/1098 1108/1108/1108 1109/1109/1109
f 1099/1099/1099 1098/1098/1098 1109/1109/1109
f 1099/1099/1099 1109/1109/1109 1110/1110/1110
f 1101/1101/1101 1100/1100/1100 1111/1111/1111
f 1101/1101/1101 1111/1111/1111 1112/1112/1112
f 1102/1102/1102 1101/1101/1101 1112/1112/1112
f 1102/1102/1102 1112/1112/1112 1113/1113/1113
f 1103/1103/1103 1102/1102/1102 1113/1113/1113
f 1103/1103/1103 1113/1113/1113 1114/1114/1114
f 1104/1104/1104 1103/1103/1103 1114/1114/1114
f 1104/1104/1104 1114/1114/1114 1115/1115/1115
f 1105/1105/1105 1104/1104/1104 1115/1115/1115
f 1105/1105/1105 1115/1115/1115 1116/1116/1116
f 1095/1095/1095 1105/1105/1105 1116/1116/1116
f 1095/1095/1095 1116/1116/1116 1106/1106/1106
f 1117/1117/1117 1118/1118/1118 1119/1119/1119
f 1117/1117/1117 1119/1119/1119 1120/1120/1120
f 1121/1121/1121 1122/1122/1122 1123/1123/1123
f 1121/1121/1121 1123/1123/1123 1124/1124/1124
f 1120/1120/1120 1119/1119/1119 1125/1125/1125
f 1120/1120/1120 1125/1125/1125 1126/1126/1126
f 1127/1127/1127 1128/1128/1128 1129/1129/1129
f 1127/1127/1127 1129/1129/1129 1130/1130/1130
f 1131/1131/1131 1132/1132/1132 1133/1133/1133
f 1131/1131/1131 1133/1133/1133 1134/1134/1134
f 1134/1134/1134 1133/1133/1133 1135/1135/1135
f 1134/1134/1134 1135/1135/1135 1136/1136/1136
f 1130/1130/1130 1129/1129/1129 1137/1137/1137
f 1130/1130/1130 1137/1137/1137 1138/1138/1138
f 1124/1124/1124 1123/1123/1123 1139/1139/1139
f 1124/1124/1124 1139/1139/1139 1140/1140/1140
f 1138/1138/1138 1137/1137/1137 1141/1141/1141
f 1138/1138/1138 1141/1141/1141 1142/1142/1142
f 1140/1140/1140 1139/1139/1139 1143/1143/1143
f 1140/1140/1140 1143/1143/1143 1144/1144/1144
f 1142/1142/1142 1141/1141/1141 1136/1136/1136
f 1142/1142/1142 1136/1136/1136 1135/1135/1135
f 1144/1144/1144 1143/1143/1143 1126/1126/1126
f 1144/1144/1144 1126/1126/1126 1125/1125/1125
f 1132/1132/1132 1117/1117/1117 1120/1120/1120
f 1132/1132/1132 1120/1120/1120 1133/1133/1133
f 1122/1122/1122 1127/1127/1127 1130/1130/1130
f 1122/1122/1122 1130/1130/1130 1123/1123/1123
f 1123/1123/1123 1130/1130/1130 1138/1138/1138
f 1123/1123/1123 1138/1138/1138 1139/1139/1139
f 1139/1139/1139 1138/1138/1138 1142/1142/1142
f 1139/1139/1139 1142/1142/1142 1143/1143/1143
f 1143/1143/1143 1142/1142/1142 1135/1135/1135
f 1143/1143/1143 1135/1135/1135 1126/1126/1126
f 1126/1126/1126 1135/1135/1135 1133/1133/1133
f 1126/1126/1126 1133/1133/1133 1120/1120/1120
f 1145/1145/1145 1146/1146/1146 1121/1121/1121
f 1145/1145/1145 1121/1121/1121 1124/1124/1124
f 1147/1147/1147 1148/1148/1148 1119/1119/1119
f 1147/1147/1147 1119/1119/1119 1118/1118/1118
f 1148/1148/1148 1149/1149/1149 1125/1125/1125
f 1148/1148/1148 1125/1125/1125 1119/1119/1119
f 1150/1150/1150 1151/1151/1151 1131/1131/1131
f 1150/1150/1150 1131/1131/1131 1134/1134/1134
f 1152/1152/1152 1153/1153/1153 1129/1129/1129
f 1152/1152/1152 1129/1129/1129 1128/1128/1128
f 1154/1154/1154 1150/1150/1150 1134/1134/1134
f 1154/1154/1154 1134/1134/1134 1136/1136/1136
f 1155/1155/1155 1156/1156/1156 1137/1137/1137
f 1155/1155/1155 1137/1137/1137 1129/1129/1129
f 1157/1157/1157 1145/1145/1145 1124/1124/1124
f 1157/1157/1157 1124/1124/1124 1140/1140/1140
f 1156/1156/1156 1158/1158/1158 1141/1141/1141
f 1156/1156/1156 1141/1141/1141 1137/1137/1137
f 1159/1159/1159 1157/1157/1157 1140/1140/1140
f 1159/1159/1159 1140/1140/1140 1144/1144/1144
f 1158/1158/1158 1154/1154/1154 1136/1136/1136
f 1158/1158/1158 1136/1136/1136 1141/1141/1141
f 1149/1149/1149 1159/1159/1159 1144/1144/1144
f 1149/1149/1149 1144/1144/1144 1125/1125/1125
f 1160/1160/1160 1146/1146/1146 1145/1145/1145
f 1160/1160/1160 1145/1145/1145 1161/1161/1161
f 1161/1161/1161 1145/1145/1145 1157/1157/1157
f 1161/1161/1161 1157/1157/1157 1162/1162/1162
f 1162/1162/1162 1157/1157/1157 1159/1159/1159
f 1162/1162/1162 1159/1159/1159 1163/1163/1163
f 1163/1163/1163 1159/1159/1159 1149/1149/1149
f 1163/1163/1163 1149/1149/1149 1164/1164/1164
f 1164/1164/1164 1149/1149/1149 1148/1148/1148
f 1164/1164/1164 1148/1148/1148 1165/1165/1165
f 1165/1165/1165 1148/1148/1148 1147/1147/1147
f 1165/1165/1165 1147/1147/1147 1166/1166/1166
f 1153/1153/1153 1152/1152/1152 1167/1167/1167
f 1153/1153/1153 1167/1167/1167 1168/1168/1168
f 1156/1156/1156 1153/1153/1153 1168/1168/1168
f 1156/1156/1156 1168/1168/1168 1169/1169/1169
f 1158/1158/1158 1156/1156/1156 1169/1169/1169
f 1158/1158/1158 1169/1169/1169 1170/1170/1170
f 1154/1154/1154 1158/1158/1158 1170/1170/1170
f 1154/1154/1154 1170/1170/1170 1171/1171/1171
f 1150/1150/1150 1154/1154/1154 1171/1171/1171
f 1150/1150/1150 1171/1171/1171 1172/1172/1172
f 1151/1151/1151 1150/1150/1150 1172/1172/1172
f 1151/1151/1151 1172/1172/1172 1173/1173/1173
f 1174/1174/1174 1175/1175/1175 1176/1176/1176
f 1174/1174/1174 1176/1176/1176 1177/1177/1177
f 1178/1178/1178 1179/1179/1179 1180/1180/1180
f 1178/1178/1178 1180/1180/1180 1181/1181/1181
f 1181/1181/1181 1180/1180/1180 1182/1182/1182
f 1181/1181/1181 1182/1182/1182 1183/1183/1183
f 1183/1183/1183 1182/1182/1182 1184/1184/1184
f 1183/1183/1183 1184/1184/1184 1185/1185/1185
f 1185/1185/1185 1184/1184/1184 1186/1186/1186
f 1185/1185/1185 1186/1186/1186 1187/1187/1187
f 1187/1187/1187 1186/1186/1186 1177/1177/1177
f 1187/1187/1187 1177/1177/1177 1176/1176/1176
f 1188/1188/1188 1189/1189/1189 1176/1176/1176
f 1188/1188/1188 1176/1176/1176 1175/1175/1175
f 1190/1190/1190 1191/1191/1191 1174/1174/1174
f 1190/1190/1190 1174/1174/1174 1177/1177/1177
f 1192/1192/1192 1193/1193/1193 1180/1180/1180
f 1192/1192/1192 1180/1180/1180 1179/1179/1179
f 1194/1194/1194 1195/1195/1195 1178/1178/1178
f 1194/1194/1194 1178/1178/1178 1181/1181/1181
f 1193/1193/1193 1196/1196/1196 1182/1182/1182
f 1193/1193/1193 1182/1182/1182 1180/1180/1180
f 1197/1197/1197 1194/1194/1194 1181/1181/1181
f 1197/1197/1197 1181/1181/1181 1183/1183/1183
f 1196/1196/1196 1198/1198/1198 1184/1184/1184
f 1196/1196/1196 1184/1184/1184 1182/1182/1182
f 1199/1199/1199 1197/1197/1197 1183/1183/1183
f 1199/1199/1199 1183/1183/1183 1185/1185/1185
f 1198/1198/1198 1200/1200/1200 1186/1186/1186
f 1198/1198/1198 1186/1186/1186 1184/1184/1184
f 1201/1201/1201 1199/1199/1199 1185/1185/1185
f 1201/1201/1201 1185/1185/1185 1187/1187/1187
f 1200/1200/1200 1190/1190/1190 1177/1177/1177
f 1200/1200/1200 1177/1177/1177 1186/1186/1186
f 1189/1189/1189 1201/1201/1201 1187/1187/1187
f 1189/1189/1189 1187/1187/1187 1176/1176/1176
f 1202/1202/1202 1203/1203/1203 1204/1204/1204
f 1202/1202/1202 1204/1204/1204 1205/1205/1205
f 1206/1206/1206 1207/1207/1207 1208/1208/1208
f 1206/1206/1206 1208/1208/1208 1209/1209/1209
f 1210/1210/1210 1211/1211/1211 1212/1212/1212
f 1210/1210/1210 1212/1212/1212 1205/1205/1205
f 1206/1206/1206 1213/1213/1213 1214/1214/1214
f 1206/1206/1206 1214/1214/1214 1215/1215/1215
f 1216/1216/1216 1217/1217/1217 1218/1218/1218
f 1216/1216/1216 1218/1218/1218 1219/1219/1219
f 1217/1217/1217 1220/1220/1220 1221/1221/1221
f 1217/1217/1217 1221/1221/1221 1218/1218/1218
f 1220/1220/1220 1222/1222/1222 1223/1223/1223
f 1220/1220/1220 1223/1223/1223 1221/1221/1221
f 1209/1209/1209 1208/1208/1208 1223/1223/1223
f 1209/1209/1209 1223/1223/1223 1224/1224/1224
f 1225/1225/1225 1219/1219/1219 1203/1203/1203
f 1225/1225/1225 1203/1203/1203 1202/1202/1202
f 1226/1226/1226 1227/1227/1227 1228/1228/1228
f 1226/1226/1226 1228/1228/1228 1229/1229/1229
f 1230/1230/1230 1231/1231/1231 1232/1232/1232
f 1230/1230/1230 1232/1232/1232 1233/1233/1233
f 1233/1233/1233 1232/1232/1232 1234/1234/1234
f 1233/1233/1233 1234/1234/1234 1235/1235/1235
f 1235/1235/1235 1234/1234/1234 1236/1236/1236
f 1235/1235/1235 1236/1236/1236 1237/1237/1237
f 1237/1237/1237 1236/1236/1236 1238/1238/1238
f 1237/1237/1237 1238/1238/1238 1239/1239/1239
f 1239/1239/1239 1238/1238/1238 1229/1229/1229
f 1239/1239/1239 1229/1229/1229 1228/1228/1228
f 1240/1240/1240 1241/1241/1241 1228/1228/1228
f 1240/1240/1240 1228/1228/1228 1227/1227/1227
f 1242/1242/1242 1243/1243/1243 1226/1226/1226
f 1242/1242/1242 1226/1226/1226 1229/1229/1229
f 1244/1244/1244 1245/1245/1245 1232/1232/1232
f 1244/1244/1244 1232/1232/1232 1231/1231/1231
f 1246/1246/1246 1247/1247/1247 1230/1230/1230
f 1246/1246/1246 1230/1230/1230 1233/1233/1233
f 1245/1245/1245 1248/1248/1248 1234/1234/1234
f 1245/1245/1245 1234/1234/1234 1232/1232/1232
f 1249/1249/1249 1246/1246/1246 1233/1233/1233
f 1249/1249/1249 1233/1233/1233 1235/1235/1235
f 1248/1248/1248 1250/1250/1250 1236/1236/1236
f 1248/1248/1248 1236/1236/1236 1234/1234/1234
f 1251/1251/1251 1249/1249/1249 1235/1235/1235
f 1251/1251/1251 1235/1235/1235 1237/1237/1237
f 1250/1250/1250 1252/1252/1252 1238/1238/1238
f 1250/1250/1250 1238/1238/1238 1236/1236/1236
f 1253/1253/1253 1251/1251/1251 1237/1237/1237
f 1253/1253/1253 1237/1237/1237 1239/1239/1239
f 1252/1252/1252 1242/1242/1242 1229/1229/1229
f 1252/1252/1252 1229/1229/1229 1238/1238/1238
f 1241/1241/1241 1253/1253/1253 1239/1239/1239
f 1241/1241/1241 1239/1239/1239 1228/1228/1228
f 1254/1254/1254 1255/1255/1255 1256/1256/1256
f 1254/1254/1254 1256/1256/1256 1257/1257/1257
f 1258/1258/1258 1259/1259/1259 1260/1260/1260
f 1258/1258/1258 1260/1260/1260 1261/1261/1261
f 1257/1257/1257 1256/1256/1256 1262/1262/1262
f 1257/1257/1257 1262/1262/1262 1263/1263/1263
f 1258/1258/1258 1261/1261/1261 1264/1264/1264
f 1258/1258/1258 1264/1264/1264 1265/1265/1265
f 1266/1266/1266 1267/1267/1267 1268/1268/1268
f 1266/1266/1266 1268/1268/1268 1269/1269/1269
f 1267/1267/1267 1270/1270/1270 1271/1271/1271
f 1267/1267/1267 1271/1271/1271 1268/1268/1268
f 1270/1270/1270 1272/1272/1272 1273/1273/1273
f 1270/1270/1270 1273/1273/1273 1271/1271/1271
f 1274/1274/1274 1255/1255/1255 1254/1254/1254
f 1274/1274/1274 1254/1254/1254 1273/1273/1273
f 1260/1260/1260 1259/1259/1259 1275/1275/1275
f 1260/1260/1260 1275/1275/1275 1269/1269/1269
f 1276/1276/1276 1277/1277/1277 1278/1278/1278
f 1276/1276/1276 1278/1278/1278 1279/1279/1279
f 1276/1276/1276 1279/1279/1279 1280/1280/1280
f 1276/1276/1276 1280/1280/1280 1281/1281/1281
f 1278/1278/1278 1277/1277/1277 1282/1282/1282
f 1278/1278/1278 1282/1282/1282 1283/1283/1283
f 1284/1284/1284 1285/1285/1285 1286/1286/1286
f 1284/1284/1284 1286/1286/1286 1287/1287/1287
f 1284/1284/1284 1287/1287/1287 1288/1288/1288
f 1284/1284/1284 1288/1288/1288 1289/1289/1289
f 1286/1286/1286 1285/1285/1285 1290/1290/1290
f 1286/1286/1286 1290/1290/1290 1291/1291/1291
f 1292/1292/1292 1293/1293/1293 1294/1294/1294
f 1292/1292/1292 1294/1294/1294 1295/1295/1295
f 1292/1292/1292 1296/1296/1296 1297/1297/1297
f 1292/1292/1292 1297/1297/1297 1293/1293/1293
f 1294/1294/1294 1298/1298/1298 1299/1299/1299
f 1294/1294/1294 1299/1299/1299 1295/1295/1295
f 1292/1292/1292 1300/1300/1300 1301/1301/1301
f 1292/1292/1292 1301/1301/1301 1296/1296/1296
f 1299/1299/1299 1302/1302/1302 1303/1303/1303
f 1299/1299/1299 1303/1303/1303 1295/1295/1295
f 1293/1293/1293 1297/1297/1297 1304/1304/1304
f 1293/1293/1293 1304/1304/1304 1305/1305/1305
f 1294/1294/1294 1293/1293/1293 1305/1305/1305
f 1294/1294/1294 1305/1305/1305 1306/1306/1306
f 1307/1307/1307 1298/1298/1298 1294/1294/1294
f 1307/1307/1307 1294/1294/1294 1306/1306/1306
f 1308/1308/1308 1309/1309/1309 1310/1310/1310
f 1308/1308/1308 1310/1310/1310 1311/1311/1311
f 1312/1312/1312 1313/1313/1313 1314/1314/1314
f 1312/1312/1312 1314/1314/1314 1315/1315/1315
f 1313/1313/1313 1316/1316/1316 1317/1317/1317
f 1313/1313/1313 1317/1317/1317 1314/1314/1314
f 1316/1316/1316 1318/1318/1318 1319/1319/1319
f 1316/1316/1316 1319/1319/1319 1317/1317/1317
f 1318/1318/1318 1320/1320/1320 1321/1321/1321
f 1318/1318/1318 1321/1321/1321 1319/1319/1319
f 1320/1320/1320 1310/1310/1310 1309/1309/1309
f 1320/1320/1320 1309/1309/1309 1321/1321/1321
f 1322/1322/1322 1311/1311/1311 1310/1310/1310
f 1322/1322/1322 1310/1310/1310 1323/1323/1323
f 1324/1324/1324 1309/1309/1309 1308/1308/1308
f 1324/1324/1324 1308/1308/1308 1325/1325/1325
f 1326/1326/1326 1315/1315/1315 1314/1314/1314
f 1326/1326/1326 1314/1314/1314 1327/1327/1327
f 1328/1328/1328 1313/1313/1313 1312/1312/1312
f 1328/1328/1328 1312/1312/1312 1329/1329/1329
f 1327/1327/1327 1314/1314/1314 1317/1317/1317
f 1327/1327/1327 1317/1317/1317 1330/1330/1330
f 1331/1331/1331 1316/1316/1316 1313/1313/1313
f 1331/1331/1331 1313/1313/1313 1328/1328/1328
f 1330/1330/1330 1317/1317/1317 1319/1319/1319
f 1330/1330/1330 1319/1319/1319 1332/1332/1332
f 1333/1333/1333 1318/1318/1318 1316/1316/1316
f 1333/1333/1333 1316/1316/1316 1331/1331/1331
f 1332/1332/1332 1319/1319/1319 1321/1321/1321
f 1332/1332/1332 1321/1321/1321 1334/1334/1334
f 1335/1335/1335 1320/1320/1320 1318/1318/1318
f 1335/1335/1335 1318/1318/1318 1333/1333/1333
f 1334/1334/1334 1321/1321/1321 1309/1309/1309
f 1334/1334/1334 1309/1309/1309 1324/1324/1324
f 1323/1323/1323 1310/1310/1310 1320/1320/1320
f 1323/1323/1323 1320/1320/1320 1335/1335/1335
f 1336/1336/1336 1337/1337/1337 1338/1338/1338
f 1336/1336/1336 1338/1338/1338 1339/1339/1339
f 1336/1336/1336 1339/1339/1339 1340/1340/1340
f 1336/1336/1336 1340/1340/1340 1341/1341/1341
f 1342/1342/1342 1338/1338/1338 1337/1337/1337
f 1342/1342/1342 1337/1337/1337 1343/1343/1343
f 1336/1336/1336 1341/1341/1341 1344/1344/1344
f 1336/1336/1336 1344/1344/1344 1345/1345/1345
f 1343/1343/1343 1337/1337/1337 1346/1346/1346
f 1343/1343/1343 1346/1346/1346 1347/1347/1347
f 1348/1348/1348 1349/1349/1349 1338/1338/1338
f 1348/1348/1348 1338/1338/1338 1342/1342/1342
f 1339/1339/1339 1338/1338/1338 1349/1349/1349
f 1339/1339/1339 1349/1349/1349 1350/1350/1350
f 1340/1340/1340 1339/1339/1339 1350/1350/1350
f 1340/1340/1340 1350/1350/1350 1351/1351/1351
f 1352/1352/1352 1353/1353/1353 1354/1354/1354
f 1352/1352/1352 1354/1354/1354 1355/1355/1355
f 1356/1356/1356 1352/1352/1352 1355/1355/1355
f 1356/1356/1356 1355/1355/1355 1357/1357/1357
f 1358/1358/1358 1354/1354/1354 1353/1353/1353
f 1358/1358/1358 1353/1353/1353 1359/1359/1359
f 1357/1357/1357 1355/1355/1355 1360/1360/1360
f 1357/1357/1357 1360/1360/1360 1361/1361/1361
f 1354/1354/1354 1358/1358/1358 1362/1362/1362
f 1354/1354/1354 1362/1362/1362 1363/1363/1363
f 1364/1364/1364 1352/1352/1352 1356/1356/1356
f 1364/1364/1364 1356/1356/1356 1365/1365/1365
f 1364/1364/1364 1366/1366/1366 1353/1353/1353
f 1364/1364/1364 1353/1353/1353 1352/1352/1352
f 1359/1359/1359 1353/1353/1353 1366/1366/1366
f 1359/1359/1359 1366/1366/1366 1367/1367/1367
f 1368/1368/1368 1369/1369/1369 1370/1370/1370
f 1368/1368/1368 1370/1370/1370 1371/1371/1371
f 1372/1372/1372 1373/1373/1373 1374/1374/1374
f 1372/1372/1372 1374/1374/1374 1375/1375/1375
f 1373/1373/1373 1376/1376/1376 1377/1377/1377
f 1373/1373/1373 1377/1377/1377 1374/1374/1374
f 1376/1376/1376 1378/1378/1378 1379/1379/1379
f 1376/1376/1376 1379/1379/1379 1377/1377/1377
f 1378/1378/1378 1380/1380/1380 1381/1381/1381
f 1378/1378/1378 1381/1381/1381 1379/1379/1379
f 1380/1380/1380 1370/1370/1370 1369/1369/1369
f 1380/1380/1380 1369/1369/1369 1381/1381/1381
f 1382/1382/1382 1371/1371/1371 1370/1370/1370
f 1382/1382/1382 1370/1370/1370 1383/1383/1383
f 1384/1384/1384 1369/1369/1369 1368/1368/1368
f 1384/1384/1384 1368/1368/1368 1385/1385/1385
f 1386/1386/1386 1375/1375/1375 1374/1374/1374
f 1386/1386/1386 1374/1374/1374 1387/1387/1387
f 1388/1388/1388 1373/1373/1373 1372/1372/1372
f 1388/1388/1388 1372/1372/1372 1389/1389/1389
f 1387/1387/1387 1374/1374/1374 1377/1377/1377
f 1387/1387/1387 1377/1377/1377 1390/1390/1390
f 1391/1391/1391 1376/1376/1376 1373/1373/1373
f 1391/1391/1391 1373/1373/1373 1388/1388/1388
f 1390/1390/1390 1377/1377/1377 1379/1379/1379
f 1390/1390/1390 1379/1379/1379 1392/1392/1392
f 1393/1393/1393 1378/1378/1378 1376/1376/1376
f 1393/1393/1393 1376/1376/1376 1391/1391/1391
f 1392/1392/1392 1379/1379/1379 1381/1381/1381
f 1392/1392/1392 1381/1381/1381 1394/1394/1394
f 1395/1395/1395 1380/1380/1380 1378/1378/1378
f 1395/1395/1395 1378/1378/1378 1393/1393/1393
f 1394/1394/1394 1381/1381/1381 1369/1369/1369
f 1394/1394/1394 1369/1369/1369 1384/1384/1384
f 1383/1383/1383 1370/1370/1370 1380/1380/1380
f 1383/1383/1383 1380/1380/1380 1395/1395/1395
f 1396/1396/1396 1397/1397/1397 1398/1398/1398
f 1396/1396/1396 1398/1398/1398 1399/1399/1399
f 1400/1400/1400 1401/1401/1401 1402/1402/1402
f 1400/1400/1400 1402/1402/1402 1403/1403/1403
f 1399/1399/1399 1398/1398/1398 1404/1404/1404
f 1399/1399/1399 1404/1404/1404 1405/1405/1405
f 1406/1406/1406 1407/1407/1407 1408/1408/1408
f 1406/1406/1406 1408/1408/1408 1409/1409/1409
f 1410/1410/1410 1411/1411/1411 1412/1412/1412
f 1410/1410/1410 1412/1412/1412 1413/1413/1413
f 1413/1413/1413 1412/1412/1412 1414/1414/1414
f 1413/1413/1413 1414/1414/1414 1415/1415/1415
f 1409/1409/1409 1408/1408/1408 1416/1416/1416
f 1409/1409/1409 1416/1416/1416 1417/1417/1417
f 1403/1403/1403 1402/1402/1402 1418/1418/1418
f 1403/1403/1403 1418/1418/1418 1419/1419/1419
f 1417/1417/1417 1416/1416/1416 1420/1420/1420
f 1417/1417/1417 1420/1420/1420 1421/1421/1421
f 1419/1419/1419 1418/1418/1418 1422/1422/1422
f 1419/1419/1419 1422/1422/1422 1423/1423/1423
f 1421/1421/1421 1420/1420/1420 1415/1415/1415
f 1421/1421/1421 1415/1415/1415 1414/1414/1414
f 1423/1423/1423 1422/1422/1422 1405/1405/1405
f 1423/1423/1423 1405/1405/1405 1404/1404/1404
f 1411/1411/1411 1396/1396/1396 1399/1399/1399
f 1411/1411/1411 1399/1399/1399 1412/1412/1412
f 1401/1401/1401 1406/1406/1406 1409/1409/1409
f 1401/1401/1401 1409/1409/1409 1402/1402/1402
f 1402/1402/1402 1409/1409/1409 1417/1417/1417
f 1402/1402/1402 1417/1417/1417 1418/1418/1418
f 1418/1418/1418 1417/1417/1417 1421/1421/1421
f 1418/1418/1418 1421/1421/1421 1422/1422/1422
f 1422/1422/1422 1421/1421/1421 1414/1414/1414
f 1422/1422/1422 1414/1414/1414 1405/1405/1405
f 1405/1405/1405 1414/1414/1414 1412/1412/1412
f 1405/1405/1405 1412/1412/1412 1399/1399/1399
f 1424/1424/1424 1425/1425/1425 1400/1400/1400
f 1424/1424/1424 1400/1400/1400 1403/1403/1403
f 1426/1426/1426 1427/1427/1427 1398/1398/1398
f 1426/1426/1426 1398/1398/1398 1397/1397/1397
f 1427/1427/1427 1428/1428/1428 1404/1404/1404
f 1427/1427/1427 1404/1404/1404 1398/1398/1398
f 1429/1429/1429 1430/1430/1430 1410/1410/1410
f 1429/1429/1429 1410/1410/1410 1413/1413/1413
f 1431/1431/1431 1432/1432/1432 1408/1408/1408
f 1431/1431/1431 1408/1408/1408 1407/1407/1407
f 1433/1433/1433 1429/1429/1429 1413/1413/1413
f 1433/1433/1433 1413/1413/1413 1415/1415/1415
f 1434/1434/1434 1435/1435/1435 1416/1416/1416
f 1434/1434/1434 1416/1416/1416 1408/1408/1408
f 1436/1436/1436 1424/1424/1424 1403/1403/1403
f 1436/1436/1436 1403/1403/1403 1419/1419/1419
f 1435/1435/1435 1437/1437/1437 1420/1420/1420
f 1435/1435/1435 1420/1420/1420 1416/1416/1416
f 1438/1438/1438 1436/1436/1436 1419/1419/1419
f 1438/1438/1438 1419/1419/1419 1423/1423/1423
f 1437/1437/1437 1433/1433/1433 1415/1415/1415
f 1437/1437/1437 1415/1415/1415 1420/1420/1420
f 1428/1428/1428 1438/1438/1438 1423/1423/1423
f 1428/1428/1428 1423/1423/1423 1404/1404/1404
f 1439/1439/1439 1425/1425/1425 1424/1424/1424
f 1439/1439/1439 1424/1424/1424 1440/1440/1440
f 1440/1440/1440 1424/1424/1424 1436/1436/1436
f 1440/1440/1440 1436/1436/1436 1441/1441/1441
f 1441/1441/1441 1436/1436/1436 1438/1438/1438
f 1441/1441/1441 1438/1438/1438 1442/1442/1442
f 1442/1442/1442 1438/1438/1438 1428/1428/1428
f 1442/1442/1442 1428/1428/1428 1443/1443/1443
f 1443/1443/1443 1428/1428/1428 1427/1427/1427
f 1443/1443/1443 1427/1427/1427 1444/1444/1444
f 1444/1444/1444 1427/1427/1427 1426/1426/1426
f 1444/1444/1444 1426/1426/1426 1445/1445/1445
f 1432/1432/1432 1431/1431/1431 1446/1446/1446
f 1432/1432/1432 1446/1446/1446 1447/1447/1447
f 1435/1435/1435 1432/1432/1432 1447/1447/1447
f 1435/1435/1435 1447/1447/1447 1448/1448/1448
f 1437/1437/1437 1435/1435/1435 1448/1448/1448
f 1437/1437/1437 1448/1448/1448 1449/1449/1449
f 1433/1433/1433 1437/1437/1437 1449/1449/1449
f 1433/1433/1433 1449/1449/1449 1450/1450/1450
f 1429/1429/1429 1433/1433/1433 1450/1450/1450
f 1429/1429/1429 1450/1450/1450 1451/1451/1451
f 1430/1430/1430 1429/1429/1429 1451/1451/1451
f 1430/1430/1430 1451/1451/1451 1452/1452/1452
f 1453/1453/1453 1454/1454/1454 1455/1455/1455
f 1453/1453/1453 1455/1455/1455 1456/1456/1456
f 1453/1453/1453 1456/1456/1456 1457/1457/1457
f 1453/1453/1453 1457/1457/1457 1458/1458/1458
f 1459/1459/1459 1455/1455/1455 1454/1454/1454
f 1459/1459/1459 1454/1454/1454 1460/1460/1460
f 1453/1453/1453 1458/1458/1458 1461/1461/1461
f 1453/1453/1453 1461/1461/1461 1462/1462/1462
f 1460/1460/1460 1454/1454/1454 1463/1463/1463
f 1460/1460/1460 1463/1463/1463 1464/1464/1464
f 1465/1465/1465 1466/1466/1466 1455/1455/1455
f 1465/1465/1465 1455/1455/1455 1459/1459/1459
f 1456/1456/1456 1455/1455/1455 1466/1466/1466
f 1456/1456/1456 1466/1466/1466 1467/1467/1467
f 1457/1457/1457 1456/1456/1456 1467/1467/1467
f 1457/1457/1457 1467/1467/1467 1468/1468/1468
f 1469/1469/1469 1470/1470/1470 1471/1471/1471
f 1469/1469/1469 1471/1471/1471 1472/1472/1472
f 1473/1473/1473 1474/1474/1474 1475/1475/1475
f 1473/1473/1473 1475/1475/1475 1476/1476/1476
f 1471/1471/1471 1477/1477/1477 1478/1478/1478
f 1471/1471/1471 1478/1478/1478 1472/1472/1472
f 1473/1473/1473 1479/1479/1479 1480/1480/1480
f 1473/1473/1473 1480/1480/1480 1474/1474/1474
f 1481/1481/1481 1482/1482/1482 1483/1483/1483
f 1481/1481/1481 1483/1483/1483 1484/1484/1484
f 1482/1482/1482 1485/1485/1485 1486/1486/1486
f 1482/1482/1482 1486/1486/1486 1483/1483/1483
f 1485/1485/1485 1487/1487/1487 1488/1488/1488
f 1485/1485/1485 1488/1488/1488 1486/1486/1486
f 1476/1476/1476 1475/1475/1475 1488/1488/1488
f 1476/1476/1476 1488/1488/1488 1489/1489/1489
f 1490/1490/1490 1484/1484/1484 1470/1470/1470
f 1490/1490/1490 1470/1470/1470 1469/1469/1469
f 1491/1491/1491 1492/1492/1492 1493/1493/1493
f 1491/1491/1491 1493/1493/1493 1494/1494/1494
f 1495/1495/1495 1491/1491/1491 1494/1494/1494
f 1495/1495/1495 1494/1494/1494 1496/1496/1496
f 1497/1497/1497 1495/1495/1495 1496/1496/1496
f 1497/1497/1497 1496/1496/1496 1498/1498/1498
f 1499/1499/1499 1497/1497/1497 1498/1498/1498
f 1499/1499/1499 1498/1498/1498 1500/1500/1500
f 1501/1501/1501 1499/1499/1499 1500/1500/1500
f 1501/1501/1501 1500/1500/1500 1502/1502/1502
f 1503/1503/1503 1501/1501/1501 1502/1502/1502
f 1503/1503/1503 1502/1502/1502 1504/1504/1504
f 1505/1505/1505 1503/1503/1503 1504/1504/1504
f 1505/1505/1505 1504/1504/1504 1506/1506/1506
f 1507/1507/1507 1505/1505/1505 1506/1506/1506
f 1507/1507/1507 1506/1506/1506 1508/1508/1508
f 1509/1509/1509 1507/1507/1507 1508/1508/1508
f 1509/1509/1509 1508/1508/1508 1510/1510/1510
f 1511/1511/1511 1509/1509/1509 1510/1510/1510
f 1511/1511/1511 1510/1510/1510 1512/1512/1512
f 1494/1494/1494 1493/1493/1493 1513/1513/1513
f 1494/1494/1494 1513/1513/1513 1514/1514/1514
f 1496/1496/1496 1494/1494/1494 1514/1514/1514
f 1496/1496/1496 1514/1514/1514 1515/1515/1515
f 1498/1498/1498 1496/1496/1496 1515/1515/1515
f 1498/1498/1498 1515/1515/1515 1516/1516/1516
f 1500/1500/1500 1498/1498/1498 1516/1516/1516
f 1500/1500/1500 1516/1516/1516 1517/1517/1517
f 1502/1502/1502 1500/1500/1500 1517/1517/1517
f 1502/1502/1502 1517/1517/1517 1518/1518/1518
f 1504/1504/1504 1502/1502/1502 1518/1518/1518
f 1504/1504/1504 1518/1518/1518 1519/1519/1519
f 1506/1506/1506 1504/1504/1504 1519/1519/1519
f 1506/1506/1506 1519/1519/1519 1520/1520/1520
f 1508/1508/1508 1506/1506/1506 1520/1520/1520
f 1508/1508/1508 1520/1520/1520 1521/1521/1521
f 1510/1510/1510 1508/1508/1508 1521/1521/1521
f 1510/1510/1510 1521/1521/1521 1522/1522/1522
f 1512/1512/1512 1510/1510/1510 1522/1522/1522
f 1512/1512/1512 1522/1522/1522 1523/1523/1523
f 1514/1514/1514 1513/1513/1513 1524/1524/1524
f 1514/1514/1514 1524/1524/1524 1525/1525/1525
f 1515/1515/1515 1514/1514/1514 1525/1525/1525
f 1515/1515/1515 1525/1525/1525 1526/1526/1526
f 1516/1516/1516 1515/1515/1515 1526/1526/1526
f 1516/1516/1516 1526/1526/1526 1527/1527/1527
f 1517/1517/1517 1516/1516/1516 1527/1527/1527
f 1517/1517/1517 1527/1527/1527 1528/1528/1528
f 1518/1518/1518 1517/1517/1517 1528/1528/1528
f 1518/1518/1518 1528/1528/1528 1529/1529/1529
f 1519/1519/1519 1518/1518/1518 1529/1529/1529
f 1519/1519/1519 1529/1529/1529 1530/1530/1530
f 1520/1520/1520 1519/1519/1519 1530/1530/1530
f 1520/1520/1520 1530/1530/1530 1531/1531/1531
f 1521/1521/1521 1520/1520/1520 1531/1531/1531
f 1521/1521/1521 1531/1531/1531 1532/1532/1532
f 1522/1522/1522 1521/1521/1521 1532/1532/1532
f 1522/1522/1522 1532/1532/1532 1533/1533/1533
f 1523/1523/1523 1522/1522/1522 1533/1533/1533
f 1523/1523/1523 1533/1533/1533 1534/1534/1534
f 1525/1525/1525 1524/1524/1524 1535/1535/1535
f 1525/1525/1525 1535/1535/1535 1536/1536/1536
f 1526/1526/1526 1525/1525/1525 1536/1536/1536
f 1526/1526/1526 1536/1536/1536 1537/1537/1537
f 1527/1527/1527 1526/1526/1526 1537/1537/1537
f 1527/1527/1527 1537/1537/1537 1538/1538/1538
f 1528/1528/1528 1527/1527/1527 1538/1538/1538
f 1528/1528/1528 1538/1538/1538 1539/1539/1539
f 1529/1529/1529 1528/1528/1528 1539/1539/1539
f 1529/1529/1529 1539/1539/1539 1540/1540/1540
f 1530/1530/1530 1529/1529/1529 1540/1540/1540
f 1530/1530/1530 1540/1540/1540 1541/1541/1541
f 1531/1531/1531 1530/1530/1530 1541/1541/1541
f 1531/1531/1531 1541/1541/1541 1542/1542/1542
f 1532/1532/1532 1531/1531/1531 1542/1542/1542
f 1532/1532/1532 1542/1542/1542 1543/1543/1543
f 1533/1533/1533 1532/1532/1532 1543/1543/1543
f 1533/1533/1533 1543/1543/1543 1544/1544/1544
f 1534/1534/1534 1533/1533/1533 1544/1544/1544
f 1534/1534/1534 1544/1544/1544 1545/1545/1545
f 1536/1536/1536 1535/1535/1535 1546/1546/1546
f 1536/1536/1536 1546/1546/1546 1547/1547/1547
f 1537/1537/1537 1536/1536/1536 1547/1547/1547
f 1537/1537/1537 1547/1547/1547 1548/1548/1548
f 1538/1538/1538 1537/1537/1537 1548/1548/1548
f 1538/1538/1538 1548/1548/1548 1549/1549/1549
f 1539/1539/1539 1538/1538/1538 1549/1549/1549
f 1539/1539/1539 1549/1549/1549 1550/1550/1550
f 1540/1540/1540 1539/1539/1539 1550/1550/1550
f 1540/1540/1540 1550/1550/1550 1551/1551/1551
f 1541/1541/1541 1540/1540/1540 1551/1551/1551
f 1541/1541/1541 1551/1551/1551 1552/1552/1552
f 1542/1542/1542 1541/1541/1541 1552/1552/1552
f 1542/1542/1542 1552/1552/1552 1553/1553/1553
f 1543/1543/1543 1542/1542/1542 1553/1553/1553
f 1543/1543/1543 1553/1553/1553 1554/1554/1554
f 1544/1544/1544 1543/1543/1543 1554/1554/1554
f 1544/1544/1544 1554/1554/1554 1555/1555/1555
f 1545/1545/1545 1544/1544/1544 1555/1555/1555
f 1545/1545/1545 1555/1555/1555 1556/1556/1556
f 1547/1547/1547 1546/1546/1546 1557/1557/1557
f 1547/1547/1547 1557/1557/1557 1558/1558/1558
f 1548/1548/1548 1547/1547/1547 1558/1558/1558
f 1548/1548/1548 1558/1558/1558 1559/1559/1559
f 1549/1549/1549 1548/1548/1548 1559/1559/1559
f 1549/1549/1549 1559/1559/1559 1560/1560/1560
f 1550/1550/1550 1549/1549/1549 1560/1560/1560
f 1550/1550/1550 1560/1560/1560 1561/1561/1561
f 1551/1551/1551 1550/1550/1550 1561/1561/1561
f 1551/1551/1551 1561/1561/1561 1562/1562/1562
f 1552/1552/1552 1551/1551/1551 1562/1562/1562
f 1552/1552/1552 1562/1562/1562 1563/1563/1563
f 1553/1553/1553 1552/1552/1552 1563/1563/1563
f 1553/1553/1553 1563/1563/1563 1564/1564/1564
f 1554/1554/1554 1553/1553/1553 1564/1564/1564
f 1554/1554/1554 1564/1564/1564 1565/1565/1565
f 1555/1555/1555 1554/1554/1554 1565/1565/1565
f 1555/1555/1555 1565/1565/1565 1566/1566/1566
f 1556/1556/1556 1555/1555/1555 1566/1566/1566
f 1556/1556/1556 1566/1566/1566 1567/1567/1567
f 1568/1568/1568 1569/1569/1569 1570/1570/1570
f 1568/1568/1568 1570/1570/1570 1571/1571/1571
f 1568/1568/1568 1572/1572/1572 1573/1573/1573
f 1568/1568/1568 1573/1573/1573 1569/1569/1569
f 1570/1570/1570 1574/1574/1574 1575/1575/1575
f 1570/1570/1570 1575/1575/1575 1571/1571/1571
f 1568/1568/1568 1576/1576/1576 1577/1577/1577
f 1568/1568/1568 1577/1577/1577 1572/1572/1572
f 1575/1575/1575 1578/1578/1578 1579/1579/1579
f 1575/1575/1575 1579/1579/1579 1571/1571/1571
f 1569/1569/1569 1573/1573/1573 1580/1580/1580
f 1569/1569/1569 1580/1580/1580 1581/1581/1581
f 1570/1570/1570 1569/1569/1569 1581/1581/1581
f 1570/1570/1570 1581/1581/1581 1582/1582/1582
f 1583/1583/1583 1574/1574/1574 1570/1570/1570
f 1583/1583/1583 1570/1570/1570 1582/1582/1582
f 1584/1584/1584 1585/1585/1585 1586/1586/1586
f 1584/1584/1584 1586/1586/1586 1587/1587/1587
f 1584/1584/1584 1588/1588/1588 1589/1589/1589
f 1584/1584/1584 1589/1589/1589 1585/1585/1585
f 1586/1586/1586 1590/1590/1590 1591/1591/1591
f 1586/1586/1586 1591/1591/1591 1587/1587/1587
f 1592/1592/1592 1593/1593/1593 1594/1594/1594
f 1592/1592/1592 1594/1594/1594 1595/1595/1595
f 1593/1593/1593 1596/1596/1596 1597/1597/1597
f 1593/1593/1593 1597/1597/1597 1594/1594/1594
f 1598/1598/1598 1599/1599/1599 1592/1592/1592
f 1598/1598/1598 1592/1592/1592 1595/1595/1595
f 1597/1597/1597 1600/1600/1600 1601/1601/1601
f 1597/1597/1597 1601/1601/1601 1594/1594/1594
f 1595/1595/1595 1602/1602/1602 1603/1603/1603
f 1595/1595/1595 1603/1603/1603 1598/1598/1598
f 1592/1592/1592 1599/1599/1599 1604/1604/1604
f 1592/1592/1592 1604/1604/1604 1605/1605/1605
f 1606/1606/1606 1593/1593/1593 1592/1592/1592
f 1606/1606/1606 1592/1592/1592 1605/1605/1605
f 1606/1606/1606 1607/1607/1607 1596/1596/1596
f 1606/1606/1606 1596/1596/1596 1593/1593/1593
f 1608/1608/1608 1609/1609/1609 1610/1610/1610
f 1608/1608/1608 1610/1610/1610 1611/1611/1611
f 1608/1608/1608 1612/1612/1612 1613/1613/1613
f 1608/1608/1608 1613/1613/1613 1609/1609/1609
f 1610/1610/1610 1614/1614/1614 1615/1615/1615
f 1610/1610/1610 1615/1615/1615 1611/1611/1611
f 1616/1616/1616 1617/1617/1617 1618/1618/1618
f 1616/1616/1616 1618/1618/1618 1619/1619/1619
f 1620/1620/1620 1616/1616/1616 1619/1619/1619
f 1620/1620/1620 1619/1619/1619 1621/1621/1621
f 1622/1622/1622 1620/1620/1620 1621/1621/1621
f 1622/1622/1622 1621/1621/1621 1623/1623/1623
f 1624/1624/1624 1622/1622/1622 1623/1623/1623
f 1624/1624/1624 1623/1623/1623 1625/1625/1625
f 1626/1626/1626 1624/1624/1624 1625/1625/1625
f 1626/1626/1626 1625/1625/1625 1627/1627/1627
f 1628/1628/1628 1626/1626/1626 1627/1627/1627
f 1628/1628/1628 1627/1627/1627 1629/1629/1629
f 1630/1630/1630 1628/1628/1628 1629/1629/1629
f 1630/1630/1630 1629/1629/1629 1631/1631/1631
f 1632/1632/1632 1630/1630/1630 1631/1631/1631
f 1632/1632/1632 1631/1631/1631 1633/1633/1633
f 1634/1634/1634 1632/1632/1632 1633/1633/1633
f 1634/1634/1634 1633/1633/1633 1635/1635/1635
f 1636/1636/1636 1634/1634/1634 1635/1635/1635
f 1636/1636/1636 1635/1635/1635 1637/1637/1637
f 1619/1619/1619 1618/1618/1618 1638/1638/1638
f 1619/1619/1619 1638/1638/1638 1639/1639/1639
f 1621/1621/1621 1619/1619/1619 1639/1639/1639
f 1621/1621/1621 1639/1639/1639 1640/1640/1640
f 1623/1623/1623 1621/1621/1621 1640/1640/1640
f 1623/1623/1623 1640/1640/1640 1641/1641/1641
f 1625/1625/1625 1623/1623/1623 1641/1641/1641
f 1625/1625/1625 1641/1641/1641 1642/1642/1642
f 1627/1627/1627 1625/1625/1625 1642/1642/1642
f 1627/1627/1627 1642/1642/1642 1643/1643/1643
f 1629/1629/1629 1627/1627/1627 1643/1643/1643
f 1629/1629/1629 1643/1643/1643 1644/1644/1644
f 1631/1631/1631 1629/1629/1629 1644/1644/1644
f 1631/1631/1631 1644/1644/1644 1645/1645/1645
f 1633/1633/1633 1631/1631/1631 1645/1645/1645
f 1633/1633/1633 1645/1645/1645 1646/1646/1646
f 1635/1635/1635 1633/1633/1633 1646/1646/1646
f 1635/1635/1635 1646/1646/1646 1647/1647/1647
f 1637/1637/1637 1635/1635/1635 1647/1647/1647
f 1637/1637/1637 1647/1647/1647 1648/1648/1648
f 1639/1639/1639 1638/1638/1638 1649/1649/1649
f 1639/1639/1639 1649/1649/1649 1650/1650/1650
f 1640/1640/1640 1639/1639/1639 1650/1650/1650
f 1640/1640/1640 1650/1650/1650 1651/1651/1651
f 1641/1641/1641 1640/1640/1640 1651/1651/1651
f 1641/1641/1641 1651/1651/1651 1652/1652/1652
f 1642/1642/1642 1641/1641/1641 1652/1652/1652
f 1642/1642/1642 1652/1652/1652 1653/1653/1653
f 1643/1643/1643 1642/1642/1642 1653/1653/1653
f 1643/1643/1643 1653/1653/1653 1654/1654/1654
f 1644/1644/1644 1643/1643/1643 1654/1654/1654
f 1644/1644/1644 1654/1654/1654 1655/1655/1655
f 1645/1645/1645 1644/1644/1644 1655/1655/1655
f 1645/1645/1645 1655/1655/1655 1656/1656/1656
f 1646/1646/1646 1645/1645/1645 1656/1656/1656
f 1646/1646/1646 1656/1656/1656 1657/1657/1657
f 1647/1647/1647 1646/1646/1646 1657/1657/1657
f 1647/1647/1647 1657/1657/1657 1658/1658/1658
f 1648/1648/1648 1647/1647/1647 1658/1658/1658
f 1648/1648/1648 1658/1658/1658 1659/1659/1659
f 1650/1650/1650 1649/1649/1649 1660/1660/1660
f 1650/1650/1650 1660/1660/1660 1661/1661/1661
f 1651/1651/1651 1650/1650/1650 1661/1661/1661
f 1651/1651/1651 1661/1661/1661 1662/1662/1662
f 1652/1652/1652 1651/1651/1651 1662/1662/1662
f 1652/1652/1652 1662/1662/1662 1663/1663/1663
f 1653/1653/1653 1652/1652/1652 1663/1663/1663
f 1653/1653/1653 1663/1663/1663 1664/1664/1664
f 1654/1654/1654 1653/1653/1653 1664/1664/1664
f 1654/1654/1654 1664/1664/1664 1665/1665/1665
f 1655/1655/1655 1654/1654/1654 1665/1665/1665
f 1655/1655/1655 1665/1665/1665 1666/1666/1666
f 1656/1656/1656 1655/1655/1655 1666/1666/1666
f 1656/1656/1656 1666/1666/1666 1667/1667/1667
f 1657/1657/1657 1656/1656/1656 1667/1667/1667
f 1657/1657/1657 1667/1667/1667 1668/1668/1668
f 1658/1658/1658 1657/1657/1657 1668/1668/1668
f 1658/1658/1658 1668/1668/1668 1669/1669/1669
f 1659/1659/1659 1658/1658/1658 1669/1669/1669
f 1659/1659/1659 1669/1669/1669 1670/1670/1670
f 1661/1661/1661 1660/1660/1660 1671/1671/1671
f 1661/1661/1661 1671/1671/1671 1672/1672/1672
f 1662/1662/1662 1661/1661/1661 1672/1672/1672
f 1662/1662/1662 1672/1672/1672 1673/1673/1673
f 1663/1663/1663 1662/1662/1662 1673/1673/1673
f 1663/1663/1663 1673/1673/1673 1674/1674/1674
f 1664/1664/1664 1663/1663/1663 1674/1674/1674
f 1664/1664/1664 1674/1674/1674 1675/1675/1675
f 1665/1665/1665 1664/1664/1664 1675/1675/1675
f 1665/1665/1665 1675/1675/1675 1676/1676/1676
f 1666/1666/1666 1665/1665/1665 1676/1676/1676
f 1666/1666/1666 1676/1676/1676 1677/1677/1677
f 1667/1667/1667 1666/1666/1666 1677/1677/1677
f 1667/1667/1667 1677/1677/1677 1678/1678/1678
f 1668/1668/1668 1667/1667/1667 1678/1678/1678
f 1668/1668/1668 1678/1678/1678 1679/1679/1679
f 1669/1669/1669 1668/1668/1668 1679/1679/1679
f 1669/1669/1669 1679/1679/1679 1680/1680/1680
f 1670/1670/1670 1669/1669/1669 1680/1680/1680
f 1670/1670/1670 1680/1680/1680 1681/1681/1681
f 1672/1672/1672 1671/1671/1671 1682/1682/1682
f 1672/1672/1672 1682/1682/1682 1683/1683/1683
f 1673/1673/1673 1672/1672/1672 1683/1683/1683
f 1673/1673/1673 1683/1683/1683 1684/1684/1684
f 1674/1674/1674 1673/1673/1673 1684/1684/1684
f 1674/1674/1674 1684/1684/1684 1685/1685/1685
f 1675/1675/1675 1674/1674/1674 1685/1685/1685
f 1675/1675/1675 1685/1685/1685 1686/1686/1686
f 1676/1676/1676 1675/1675/1675 1686/1686/1686
f 1676/1676/1676 1686/1686/1686 1687/1687/1687
f 1677/1677/1677 1676/1676/1676 1687/1687/1687
f 1677/1677/1677 1687/1687/1687 1688/1688/1688
f 1678/1678/1678 1677/1677/1677 1688/1688/1688
f 1678/1678/1678 1688/1688/1688 1689/1689/1689
f 1679/1679/1679 1678/1678/1678 1689/1689/1689
f 1679/1679/1679 1689/1689/1689 1690/1690/1690
f 1680/1680/1680 1679/1679/1679 1690/1690/1690
f 1680/1680/1680 1690/1690/1690 1691/1691/1691
f 1681/1681/1681 1680/1680/1680 1691/1691/1691
f 1681/1681/1681 1691/1691/1691 1692/1692/1692
f 1693/1693/1693 1694/1694/1694 1695/1695/1695
f 1693/1693/1693 1695/1695/1695 1696/1696/1696
f 1697/1697/1697 1693/1693/1693 1696/1696/1696
f 1697/1697/1697 1696/1696/1696 1698/1698/1698
f 1699/1699/1699 1695/1695/1695 1694/1694/1694
f 1699/1699/1699 1694/1694/1694 1700/1700/1700
f 1698/1698/1698 1696/1696/1696 1701/1701/1701
f 1698/1698/1698 1701/1701/1701 1702/1702/1702
f 1695/1695/1695 1699/1699/1699 1703/1703/1703
f 1695/1695/1695 1703/1703/1703 1704/1704/1704
f 1705/1705/1705 1693/1693/1693 1697/1697/1697
f 1705/1705/1705 1697/1697/1697 1706/1706/1706
f 1705/1705/1705 1707/1707/1707 1694/1694/1694
f 1705/1705/1705 1694/1694/1694 1693/1693/1693
f 1700/1700/1700 1694/1694/1694 1707/1707/1707
f 1700/1700/1700 1707/1707/1707 1708/1708/1708
f 1709/1709/1709 1710/1710/1710 1711/1711/1711
f 1709/1709/1709 1711/1711/1711 1712/1712/1712
f 1713/1713/1713 1714/1714/1714 1715/1715/1715
f 1713/1713/1713 1715/1715/1715 1716/1716/1716
f 1714/1714/1714 1717/1717/1717 1718/1718/1718
f 1714/1714/1714 1718/1718/1718 1715/1715/1715
f 1717/1717/1717 1719/1719/1719 1720/1720/1720
f 1717/1717/1717 1720/1720/1720 1718/1718/1718
f 1719/1719/1719 1721/1721/1721 1722/1722/1722
f 1719/1719/1719 1722/1722/1722 1720/1720/1720
f 1721/1721/1721 1711/1711/1711 1710/1710/1710
f 1721/1721/1721 1710/1710/1710 1722/1722/1722
f 1723/1723/1723 1712/1712/1712 1711/1711/1711
f 1723/1723/1723 1711/1711/1711 1724/1724/1724
f 1725/1725/1725 1710/1710/1710 1709/1709/1709
f 1725/1725/1725 1709/1709/1709 1726/1726/1726
f 1727/1727/1727 1716/1716/1716 1715/1715/1715
f 1727/1727/1727 1715/1715/1715 1728/1728/1728
f 1729/1729/1729 1714/1714/1714 1713/1713/1713
f 1729/1729/1729 1713/1713/1713 1730/1730/1730
f 1728/1728/1728 1715/1715/1715 1718/1718/1718
f 1728/1728/1728 1718/1718/1718 1731/1731/1731
f 1732/1732/1732 1717/1717/1717 1714/1714/1714
f 1732/1732/1732 1714/1714/1714 1729/1729/1729
f 1731/1731/1731 1718/1718/1718 1720/1720/1720
f 1731/1731/1731 1720/1720/1720 1733/1733/1733
f 1734/1734/1734 1719/1719/1719 1717/1717/1717
f 1734/1734/1734 1717/1717/1717 1732/1732/1732
f 1733/1733/1733 1720/1720/1720 1722/1722/1722
f 1733/1733/1733 1722/1722/1722 1735/1735/1735
f 1736/1736/1736 1721/1721/1721 1719/1719/1719
f 1736/1736/1736 1719/1719/1719 1734/1734/1734
f 1735/1735/1735 1722/1722/1722 1710/1710/1710
f 1735/1735/1735 1710/1710/1710 1725/1725/1725
f 1724/1724/1724 1711/1711/1711 1721/1721/1721
f 1724/1724/1724 1721/1721/1721 1736/1736/1736
f 1737/1737/1737 1738/1738/1738 1739/1739/1739
f 1737/1737/1737 1739/1739/1739 1740/1740/1740
f 1741/1741/1741 1742/1742/1742 1743/1743/1743
f 1741/1741/1741 1743/1743/1743 1744/1744/1744
f 1738/1738/1738 1745/1745/1745 1746/1746/1746
f 1738/1738/1738 1746/1746/1746 1739/1739/1739
f 1747/1747/1747 1748/1748/1748 1749/1749/1749
f 1747/1747/1747 1749/1749/1749 1750/1750/1750
f 1751/1751/1751 1752/1752/1752 1753/1753/1753
f 1751/1751/1751 1753/1753/1753 1754/1754/1754
f 1752/1752/1752 1755/1755/1755 1756/1756/1756
f 1752/1752/1752 1756/1756/1756 1753/1753/1753
f 1748/1748/1748 1757/1757/1757 1758/1758/1758
f 1748/1748/1748 1758/1758/1758 1749/1749/1749
f 1742/1742/1742 1759/1759/1759 1760/1760/1760
f 1742/1742/1742 1760/1760/1760 1743/1743/1743
f 1757/1757/1757 1761/1761/1761 1762/1762/1762
f 1757/1757/1757 1762/1762/1762 1758/1758/1758
f 1759/1759/1759 1763/1763/1763 1764/1764/1764
f 1759/1759/1759 1764/1764/1764 1760/1760/1760
f 1761/1761/1761 1756/1756/1756 1755/1755/1755
f 1761/1761/1761 1755/1755/1755 1762/1762/1762
f 1763/1763/1763 1746/1746/1746 1745/1745/1745
f 1763/1763/1763 1745/1745/1745 1764/1764/1764
f 1754/1754/1754 1753/1753/1753 1738/1738/1738
f 1754/1754/1754 1738/1738/1738 1737/1737/1737
f 1744/1744/1744 1743/1743/1743 1748/1748/1748
f 1744/1744/1744 1748/1748/1748 1747/1747/1747
f 1743/1743/1743 1760/1760/1760 1757/1757/1757
f 1743/1743/1743 1757/1757/1757 1748/1748/1748
f 1760/1760/1760 1764/1764/1764 1761/1761/1761
f 1760/1760/1760 1761/1761/1761 1757/1757/1757
f 1764/1764/1764 1745/1745/1745 1756/1756/1756
f 1764/1764/1764 1756/1756/1756 1761/1761/1761
f 1745/1745/1745 1738/1738/1738 1753/1753/1753
f 1745/1745/1745 1753/1753/1753 1756/1756/1756
f 1765/1765/1765 1766/1766/1766 1740/1740/1740
f 1765/1765/1765 1740/1740/1740 1739/1739/1739
f 1767/1767/1767 1768/1768/1768 1742/1742/1742
f 1767/1767/1767 1742/1742/1742 1741/1741/1741
f 1769/1769/1769 1765/1765/1765 1739/1739/1739
f 1769/1769/1769 1739/1739/1739 1746/1746/1746
f 1770/1770/1770 1771/1771/1771 1750/1750/1750
f 1770/1770/1770 1750/1750/1750 1749/1749/1749
f 1772/1772/1772 1773/1773/1773 1752/1752/1752
f 1772/1772/1772 1752/1752/1752 1751/1751/1751
f 1773/1773/1773 1774/1774/1774 1755/1755/1755
f 1773/1773/1773 1755/1755/1755 1752/1752/1752
f 1775/1775/1775 1770/1770/1770 1749/1749/1749
f 1775/1775/1775 1749/1749/1749 1758/1758/1758
f 1776/1776/1776 1777/1777/1777 1759/1759/1759
f 1776/1776/1776 1759/1759/1759 1742/1742/1742
f 1778/1778/1778 1775/1775/1775 1758/1758/1758
f 1778/1778/1778 1758/1758/1758 1762/1762/1762
f 1777/1777/1777 1779/1779/1779 1763/1763/1763
f 1777/1777/1777 1763/1763/1763 1759/1759/1759
f 1774/1774/1774 1778/1778/1778 1762/1762/1762
f 1774/1774/1774 1762/1762/1762 1755/1755/1755
f 1779/1779/1779 1780/1780/1780 1746/1746/1746
f 1779/1779/1779 1746/1746/1746 1763/1763/1763
f 1781/1781/1781 1782/1782/1782 1768/1768/1768
f 1781/1781/1781 1768/1768/1768 1767/1767/1767
f 1782/1782/1782 1783/1783/1783 1777/1777/1777
f 1782/1782/1782 1777/1777/1777 1768/1768/1768
f 1783/1783/1783 1784/1784/1784 1779/1779/1779
f 1783/1783/1783 1779/1779/1779 1777/1777/1777
f 1784/1784/1784 1785/1785/1785 1780/1780/1780
f 1784/1784/1784 1780/1780/1780 1779/1779/1779
f 1785/1785/1785 1786/1786/1786 1765/1765/1765
f 1785/1785/1785 1765/1765/1765 1769/1769/1769
f 1786/1786/1786 1787/1787/1787 1766/1766/1766
f 1786/1786/1786 1766/1766/1766 1765/1765/1765
f 1770/1770/1770 1788/1788/1788 1789/1789/1789
f 1770/1770/1770 1789/1789/1789 1771/1771/1771
f 1775/1775/1775 1790/1790/1790 1788/1788/1788
f 1775/1775/1775 1788/1788/1788 1770/1770/1770
f 1778/1778/1778 1791/1791/1791 1790/1790/1790
f 1778/1778/1778 1790/1790/1790 1775/1775/1775
f 1774/1774/1774 1792/1792/1792 1791/1791/1791
f 1774/1774/1774 1791/1791/1791 1778/1778/1778
f 1773/1773/1773 1793/1793/1793 1792/1792/1792
f 1773/1773/1773 1792/1792/1792 1774/1774/1774
f 1772/1772/1772 1794/1794/1794 1793/1793/1793
f 1772/1772/1772 1793/1793/1793 1773/1773/1773
