# Exported by Gskelview
mtllib tube_bundle.mtl

v 42.75 -7.25 -128
v 46.5 -5.5 -128
v 48 -16 -128
v 44 -16 -128
v 42.75 -24.75 -128
v 48 -16 -128
v 46.5 -26.5 -128
v 42 2 -128
v 42 -34 -128
v 39 -1 -128
v 39 -31 -128
v 32.75 2.75 -128
v 32.75 -34.75 -128
v 34.5 -38.5 -128
v 24 -40 -128
v 34.5 6.5 -128
v 24 8 -128
v 24 4 -128
v 24 -36 -128
v 15.25 -34.75 -128
v 15.25 2.75 -128
v 24 8 -128
v 13.5 6.5 -128
v 24 -40 -128
v 13.5 -38.5 -128
v 6 2 -128
v 9 -1 -128
v 6 -34 -128
v 5.25 -7.25 -128
v 1.5 -5.5 -128
v 0 -16 -128
v 5.25 -7.25 -128
v 4 -16 -128
v 9 -31 -128
v 5.25 -24.75 -128
v 1.5 -26.5 -128
v 0 -16 -128
v 0 -16 -128
v 4 -16 -128
v 48 -16 128
v 46.5 -5.5 128
v 42.75 -7.25 128
v 44 -16 128
v 42 2 128
v 42.75 -24.75 128
v 48 -16 128
v 44 -16 128
v 46.5 -26.5 128
v 48 -16 128
v 42 -34 128
v 39 -1 128
v 39 -31 128
v 32.75 -34.75 128
v 34.5 -38.5 128
v 24 -40 128
v 24 -36 128
v 15.25 -34.75 128
v 24 -40 128
v 13.5 -38.5 128
v 6 -34 128
v 9 -31 128
v 5.25 -24.75 128
v 1.5 -26.5 128
v 0 -16 128
v 4 -16 128
v 5.25 -7.25 128
v 0 -16 128
v 1.5 -5.5 128
v 6 2 128
v 9 -1 128
v 15.25 2.75 128
v 13.5 6.5 128
v 24 8 128
v 24 4 128
v 32.75 2.75 128
v 34.5 6.5 128
v 24 8 128
v 17.75 35.1012 -128
v 23 26.3512 -128
v 19 26.3512 -128
v 21.5 36.8512 -128
v 17.75 17.6012 -128
v 21.5 15.8512 -128
v 17 44.3512 -128
v 17 8.35119 -128
v 14 41.3512 -128
v 14 11.3512 -128
v 7.75 45.1012 -128
v 7.75 7.60119 -128
v 9.5 3.85119 -128
v -1 2.35119 -128
v 9.5 48.8512 -128
v -1 50.3512 -128
v -1 6.35119 -128
v -9.75 7.60119 -128
v -1 2.35119 -128
v -11.5 3.85119 -128
v -19 8.35119 -128
v -1 46.3512 -128
v -9.75 45.1012 -128
v -1 50.3512 -128
v -11.5 48.8512 -128
v -19 44.3512 -128
v -16 41.3512 -128
v -16 11.3512 -128
v -19.75 17.6012 -128
v -19.75 35.1012 -128
v -23.5 36.8512 -128
v -23.5 15.8512 -128
v -25 26.3512 -128
v -19.75 35.1012 -128
v -21 26.3512 -128
v -25 26.3512 -128
v -25 26.3512 -128
v -21 26.3512 -128
v 23 26.3512 128
v 21.5 36.8512 128
v 17.75 35.1012 128
v 19 26.3512 128
v 17 44.3512 128
v 17.75 17.6012 128
v 23 26.3512 128
v 19 26.3512 128
v 21.5 15.8512 128
v 23 26.3512 128
v 17 8.35119 128
v 14 41.3512 128
v 14 11.3512 128
v 7.75 7.60119 128
v 9.5 3.85119 128
v -1 2.35119 128
v -1 6.35119 128
v -9.75 7.60119 128
v -1 2.35119 128
v -11.5 3.85119 128
v -19 8.35119 128
v -16 11.3512 128
v -19.75 17.6012 128
v -23.5 15.8512 128
v -25 26.3512 128
v -21 26.3512 128
v -19.75 35.1012 128
v -23.5 36.8512 128
v -25 26.3512 128
v -19 44.3512 128
v -16 41.3512 128
v -9.75 45.1012 128
v -11.5 48.8512 128
v -1 50.3512 128
v -1 46.3512 128
v 7.75 45.1012 128
v 9.5 48.8512 128
v -1 50.3512 128
v -7.25 -7.25 -128
v -2 -16 -128
v -6 -16 -128
v -3.5 -5.5 -128
v -7.25 -24.75 -128
v -3.5 -26.5 -128
v -8 2 -128
v -8 -34 -128
v -11 -1 -128
v -11 -31 -128
v -17.25 2.75 -128
v -17.25 -34.75 -128
v -15.5 -38.5 -128
v -26 -40 -128
v -15.5 6.5 -128
v -26 8 -128
v -26 -36 -128
v -34.75 -34.75 -128
v -26 -40 -128
v -36.5 -38.5 -128
v -44 -34 -128
v -26 4 -128
v -34.75 2.75 -128
v -26 8 -128
v -36.5 6.5 -128
v -44 2 -128
v -41 -1 -128
v -41 -31 -128
v -44.75 -24.75 -128
v -44.75 -7.25 -128
v -48.5 -5.5 -128
v -48.5 -26.5 -128
v -50 -16 -128
v -44.75 -7.25 -128
v -46 -16 -128
v -50 -16 -128
v -50 -16 -128
v -46 -16 -128
v -2 -16 128
v -3.5 -5.5 128
v -7.25 -7.25 128
v -6 -16 128
v -8 2 128
v -7.25 -24.75 128
v -2 -16 128
v -6 -16 128
v -3.5 -26.5 128
v -2 -16 128
v -8 -34 128
v -11 -1 128
v -11 -31 128
v -17.25 -34.75 128
v -15.5 -38.5 128
v -26 -40 128
v -26 -36 128
v -34.75 -34.75 128
v -26 -40 128
v -36.5 -38.5 128
v -44 -34 128
v -41 -31 128
v -44.75 -24.75 128
v -48.5 -26.5 128
v -50 -16 128
v -46 -16 128
v -44.75 -7.25 128
v -48.5 -5.5 128
v -50 -16 128
v -44 2 128
v -41 -1 128
v -34.75 2.75 128
v -36.5 6.5 128
v -26 8 128
v -26 4 128
v -17.25 2.75 128
v -15.5 6.5 128
v -26 8 128
v -23.5 36.8512 -128
v -23.5 36.8512 -124
v -19 44.3512 -124
v -19 44.3512 -128
v -25 26.3512 -124
v -25 26.3512 -128
v -23.5 15.8512 -128
v -23.5 15.8512 -124
v -25 26.3512 -124
v -25 26.3512 -128
v -19 8.35119 -124
v -19 8.35119 -128
v -1 50.3512 -124
v 9.5 48.8512 -124
v 9.5 48.8512 -128
v -1 50.3512 -128
v 17 44.3512 -124
v 17 44.3512 -128
v -11.5 48.8512 -128
v -11.5 48.8512 -124
v -19 44.3512 -124
v -19 44.3512 -128
v 23 26.3512 -124
v 23 26.3512 -128
v 21.5 36.8512 -128
v 21.5 36.8512 -124
v 21.5 15.8512 -128
v 21.5 15.8512 -124
v 17 44.3512 -124
v 17 44.3512 -128
v 17 8.35119 -124
v 17 8.35119 -128
v 9.5 3.85119 -128
v 9.5 3.85119 -124
v -1 2.35119 -124
v -1 2.35119 -128
v 17 8.35119 -124
v 17 8.35119 -128
v -11.5 3.85119 -124
v -11.5 3.85119 -128
v -19 8.35119 -124
v -19 8.35119 -128
v 19 26.3512 -118
v 23 26.3512 -124
v 21.5 36.8512 -124
v 17.75 35.1012 -118
v 21.5 15.8512 -124
v 17.75 17.6012 -118
v 14 41.3512 -118
v 17 44.3512 -124
v 14 11.3512 -118
v 17 8.35119 -124
v 9.5 3.85119 -124
v 7.75 7.60119 -118
v -1 6.35119 -118
v -1 2.35119 -124
v -11.5 3.85119 -124
v -9.75 7.60119 -118
v -16 11.3512 -118
v -19 8.35119 -124
v -23.5 15.8512 -124
v -19.75 17.6012 -118
v -21 26.3512 -118
v -25 26.3512 -124
v 9.5 48.8512 -124
v 7.75 45.1012 -118
v -1 46.3512 -118
v -1 50.3512 -124
v -11.5 48.8512 -124
v -9.75 45.1012 -118
v -16 41.3512 -118
v -19 44.3512 -124
v -23.5 36.8512 -124
v -19.75 35.1012 -118
v -21 26.3512 -118
v -25 26.3512 -124
v 19 26.3512 118
v 17.75 35.1012 118
v 21.5 36.8512 124
v 23 26.3512 124
v 14 41.3512 118
v 17 44.3512 124
v 19 26.3512 118
v 23 26.3512 124
v 21.5 15.8512 124
v 17.75 17.6012 118
v 14 11.3512 118
v 17 8.35119 124
v 9.5 48.8512 124
v 7.75 45.1012 118
v 9.5 3.85119 124
v 7.75 7.60119 118
v -1 6.35119 118
v -1 2.35119 124
v -11.5 3.85119 124
v -9.75 7.60119 118
v -16 11.3512 118
v -19 8.35119 124
v -23.5 15.8512 124
v -19.75 17.6012 118
v -21 26.3512 118
v -25 26.3512 124
v -23.5 36.8512 124
v -19.75 35.1012 118
v -16 41.3512 118
v -19 44.3512 124
v -11.5 48.8512 124
v -9.75 45.1012 118
v -1 46.3512 118
v -1 50.3512 124
v 19 26.3512 118
v 19 26.3512 -118
v 17.75 35.1012 -118
v 17.75 35.1012 118
v 17.75 17.6012 -118
v 17.75 17.6012 118
v 14 41.3512 118
v 14 41.3512 -118
v 14 11.3512 118
v 14 11.3512 -118
v -1 46.3512 118
v 7.75 45.1012 118
v 7.75 45.1012 -118
v -1 46.3512 -118
v 14 41.3512 118
v 14 41.3512 -118
v -9.75 45.1012 -118
v -9.75 45.1012 118
v -16 41.3512 118
v -16 41.3512 -118
v -19.75 35.1012 -118
v -19.75 35.1012 118
v -16 41.3512 118
v -16 41.3512 -118
v -21 26.3512 118
v -21 26.3512 -118
v -21 26.3512 118
v -21 26.3512 -118
v -19.75 17.6012 -118
v -19.75 17.6012 118
v -16 11.3512 118
v -16 11.3512 -118
v 7.75 7.60119 -118
v 7.75 7.60119 118
v -1 6.35119 118
v -1 6.35119 -118
v 14 11.3512 118
v 14 11.3512 -118
v -9.75 7.60119 -118
v -9.75 7.60119 118
v -16 11.3512 118
v -16 11.3512 -118
v -19 44.3512 124
v -23.5 36.8512 124
v -23.5 36.8512 128
v -19 44.3512 128
v -25 26.3512 124
v -25 26.3512 128
v -23.5 15.8512 124
v -23.5 15.8512 128
v -19 8.35119 124
v -19 8.35119 128
v 9.5 48.8512 128
v 9.5 48.8512 124
v -1 50.3512 124
v -1 50.3512 128
v 17 44.3512 124
v 17 44.3512 128
v -11.5 48.8512 128
v -11.5 48.8512 124
v -19 44.3512 124
v -19 44.3512 128
v 23 26.3512 124
v 21.5 36.8512 124
v 21.5 36.8512 128
v 23 26.3512 128
v 17 44.3512 124
v 17 44.3512 128
v 23 26.3512 124
v 23 26.3512 128
v 21.5 15.8512 128
v 21.5 15.8512 124
v 17 8.35119 124
v 17 8.35119 128
v -1 2.35119 124
v 9.5 3.85119 124
v 9.5 3.85119 128
v -1 2.35119 128
v 17 8.35119 124
v 17 8.35119 128
v -11.5 3.85119 128
v -11.5 3.85119 124
v -19 8.35119 124
v -19 8.35119 128
v -16 33.3512 118
v -16 33.3512 -118
v -13 38.3512 -118
v -13 38.3512 118
v -17 26.3512 -118
v -17 26.3512 118
v -13 14.3512 -118
v -16 19.3512 -118
v -16 19.3512 118
v -13 14.3512 118
v -17 26.3512 -118
v -17 26.3512 118
v 6 11.3512 118
v 6 11.3512 -118
v -1 10.3512 -118
v -1 10.3512 118
v 11 14.3512 -118
v 11 14.3512 118
v -8 11.3512 118
v -8 11.3512 -118
v -13 14.3512 -118
v -13 14.3512 118
v 14 33.3512 118
v 14 33.3512 -118
v 15 26.3512 -118
v 15 26.3512 118
v 11 38.3512 -118
v 11 38.3512 118
v 14 19.3512 118
v 14 19.3512 -118
v 11 14.3512 -118
v 11 14.3512 118
v -1 42.3512 -118
v 6 41.3512 -118
v 6 41.3512 118
v -1 42.3512 118
v 11 38.3512 -118
v 11 38.3512 118
v -8 41.3512 118
v -8 41.3512 -118
v -13 38.3512 -118
v -13 38.3512 118
v 14 33.3512 -118
v 17.75 35.1012 -124
v 19 26.3512 -124
v 15 26.3512 -118
v 14 19.3512 -118
v 17.75 17.6012 -124
v 14 41.3512 -124
v 11 38.3512 -118
v 14 11.3512 -124
v 11 14.3512 -118
v 6 41.3512 -118
v 7.75 45.1012 -124
v 6 11.3512 -118
v 7.75 7.60119 -124
v -1 6.35119 -124
v -1 10.3512 -118
v -8 11.3512 -118
v -9.75 7.60119 -124
v -16 11.3512 -124
v -13 14.3512 -118
v -1 46.3512 -124
v -1 42.3512 -118
v -8 41.3512 -118
v -9.75 45.1012 -124
v -16 41.3512 -124
v -13 38.3512 -118
v -16 33.3512 -118
v -19.75 35.1012 -124
v -16 19.3512 -118
v -19.75 17.6012 -124
v -21 26.3512 -124
v -17 26.3512 -118
v -21 26.3512 -124
v -17 26.3512 -118
v 14 33.3512 118
v 17.75 35.1012 124
v 14 41.3512 124
v 11 38.3512 118
v 19 26.3512 124
v 15 26.3512 118
v 6 41.3512 118
v 7.75 45.1012 124
v -1 46.3512 124
v -1 42.3512 118
v -8 41.3512 118
v -9.75 45.1012 124
v -16 41.3512 124
v -13 38.3512 118
v -16 33.3512 118
v -19.75 35.1012 124
v -21 26.3512 124
v -17 26.3512 118
v -16 19.3512 118
v -19.75 17.6012 124
v -16 11.3512 124
v -13 14.3512 118
v -8 11.3512 118
v -9.75 7.60119 124
v -1 6.35119 124
v -1 10.3512 118
v 6 11.3512 118
v 7.75 7.60119 124
v 14 11.3512 124
v 11 14.3512 118
v 14 19.3512 118
v 17.75 17.6012 124
v 19 26.3512 124
v 15 26.3512 118
v -19.75 35.1012 124
v -19.75 35.1012 128
v -21 26.3512 128
v -21 26.3512 124
v -16 41.3512 128
v -16 41.3512 124
v -19.75 17.6012 124
v -19.75 17.6012 128
v -16 11.3512 128
v -16 11.3512 124
v 7.75 45.1012 124
v 7.75 45.1012 128
v -1 46.3512 128
v -1 46.3512 124
v 14 41.3512 128
v 14 41.3512 124
v -9.75 45.1012 128
v -9.75 45.1012 124
v -16 41.3512 128
v -16 41.3512 124
v 19 26.3512 128
v 17.75 35.1012 128
v 17.75 35.1012 124
v 19 26.3512 124
v 14 41.3512 128
v 14 41.3512 124
v 19 26.3512 128
v 19 26.3512 124
v 17.75 17.6012 124
v 17.75 17.6012 128
v 14 11.3512 128
v 14 11.3512 124
v -1 6.35119 128
v 7.75 7.60119 128
v 7.75 7.60119 124
v -1 6.35119 124
v 14 11.3512 128
v 14 11.3512 124
v -9.75 7.60119 124
v -9.75 7.60119 128
v -16 11.3512 128
v -16 11.3512 124
v 19 26.3512 -128
v 19 26.3512 -124
v 17.75 35.1012 -124
v 17.75 35.1012 -128
v 14 41.3512 -128
v 14 41.3512 -124
v 17.75 17.6012 -124
v 17.75 17.6012 -128
v 14 11.3512 -128
v 14 11.3512 -124
v -1 46.3512 -128
v 7.75 45.1012 -128
v 7.75 45.1012 -124
v -1 46.3512 -124
v 14 41.3512 -128
v 14 41.3512 -124
v -9.75 45.1012 -124
v -9.75 45.1012 -128
v -16 41.3512 -128
v -16 41.3512 -124
v -19.75 35.1012 -124
v -19.75 35.1012 -128
v -16 41.3512 -128
v -16 41.3512 -124
v -21 26.3512 -128
v -21 26.3512 -124
v -21 26.3512 -128
v -21 26.3512 -124
v -19.75 17.6012 -124
v -19.75 17.6012 -128
v -16 11.3512 -128
v -16 11.3512 -124
v 7.75 7.60119 -124
v 7.75 7.60119 -128
v -1 6.35119 -128
v -1 6.35119 -124
v 14 11.3512 -128
v 14 11.3512 -124
v -9.75 7.60119 -124
v -9.75 7.60119 -128
v -16 11.3512 -128
v -16 11.3512 -124
v -6 -16 -128
v -6 -16 -124
v -7.25 -7.25 -124
v -7.25 -7.25 -128
v -11 -1 -128
v -11 -1 -124
v -7.25 -24.75 -124
v -7.25 -24.75 -128
v -11 -31 -128
v -11 -31 -124
v -26 4 -128
v -17.25 2.75 -128
v -17.25 2.75 -124
v -26 4 -124
v -11 -1 -128
v -11 -1 -124
v -34.75 2.75 -124
v -34.75 2.75 -128
v -41 -1 -128
v -41 -1 -124
v -44.75 -7.25 -124
v -44.75 -7.25 -128
v -41 -1 -128
v -41 -1 -124
v -46 -16 -128
v -46 -16 -124
v -41 -31 -128
v -44.75 -24.75 -128
v -44.75 -24.75 -124
v -41 -31 -124
v -46 -16 -128
v -46 -16 -124
v -17.25 -34.75 -124
v -17.25 -34.75 -128
v -26 -36 -128
v -26 -36 -124
v -11 -31 -128
v -11 -31 -124
v -34.75 -34.75 -128
v -34.75 -34.75 -124
v -41 -31 -128
v -41 -31 -124
v 44 -16 -128
v 44 -16 -124
v 42.75 -7.25 -124
v 42.75 -7.25 -128
v 42.75 -24.75 -124
v 42.75 -24.75 -128
v 39 -1 -128
v 39 -1 -124
v 39 -31 -128
v 39 -31 -124
v 24 4 -128
v 32.75 2.75 -128
v 32.75 2.75 -124
v 24 4 -124
v 39 -1 -128
v 39 -1 -124
v 15.25 2.75 -124
v 15.25 2.75 -128
v 9 -1 -128
v 9 -1 -124
v 5.25 -7.25 -124
v 5.25 -7.25 -128
v 9 -1 -128
v 9 -1 -124
v 4 -16 -128
v 4 -16 -124
v 4 -16 -128
v 4 -16 -124
v 5.25 -24.75 -124
v 5.25 -24.75 -128
v 9 -31 -128
v 9 -31 -124
v 32.75 -34.75 -124
v 32.75 -34.75 -128
v 24 -36 -128
v 24 -36 -124
v 39 -31 -128
v 39 -31 -124
v 15.25 -34.75 -124
v 15.25 -34.75 -128
v 9 -31 -128
v 9 -31 -124
v 32.75 2.75 124
v 32.75 2.75 128
v 24 4 128
v 24 4 124
v 39 -1 128
v 39 -1 124
v 15.25 2.75 128
v 15.25 2.75 124
v 9 -1 128
v 9 -1 124
v 5.25 -7.25 124
v 5.25 -7.25 128
v 4 -16 128
v 4 -16 124
v 9 -1 128
v 9 -1 124
v 5.25 -24.75 124
v 5.25 -24.75 128
v 9 -31 128
v 9 -31 124
v 44 -16 128
v 42.75 -7.25 128
v 42.75 -7.25 124
v 44 -16 124
v 39 -1 128
v 39 -1 124
v 44 -16 128
v 44 -16 124
v 42.75 -24.75 124
v 42.75 -24.75 128
v 39 -31 128
v 39 -31 124
v 24 -36 128
v 32.75 -34.75 128
v 32.75 -34.75 124
v 24 -36 124
v 39 -31 128
v 39 -31 124
v 15.25 -34.75 124
v 15.25 -34.75 128
v 9 -31 128
v 9 -31 124
v -17.25 2.75 124
v -17.25 2.75 128
v -26 4 128
v -26 4 124
v -11 -1 128
v -11 -1 124
v -34.75 2.75 124
v -34.75 2.75 128
v -41 -1 128
v -41 -1 124
v -41 -1 128
v -44.75 -7.25 128
v -44.75 -7.25 124
v -41 -1 124
v -46 -16 128
v -46 -16 124
v -44.75 -24.75 128
v -44.75 -24.75 124
v -41 -31 128
v -41 -31 124
v -6 -16 128
v -7.25 -7.25 128
v -7.25 -7.25 124
v -6 -16 124
v -11 -1 128
v -11 -1 124
v -6 -16 128
v -6 -16 124
v -7.25 -24.75 124
v -7.25 -24.75 128
v -11 -31 128
v -11 -31 124
v -26 -36 128
v -17.25 -34.75 128
v -17.25 -34.75 124
v -26 -36 124
v -11 -31 128
v -11 -31 124
v -34.75 -34.75 124
v -34.75 -34.75 128
v -41 -31 128
v -41 -31 124
v -15.5 6.5 128
v -15.5 6.5 124
v -26 8 124
v -26 8 128
v -8 2 124
v -8 2 128
v -36.5 6.5 128
v -36.5 6.5 124
v -44 2 124
v -44 2 128
v -44 2 124
v -48.5 -5.5 124
v -48.5 -5.5 128
v -44 2 128
v -50 -16 124
v -50 -16 128
v -48.5 -26.5 124
v -48.5 -26.5 128
v -44 -34 124
v -44 -34 128
v -26 -40 124
v -15.5 -38.5 124
v -15.5 -38.5 128
v -26 -40 128
v -8 -34 124
v -8 -34 128
v -36.5 -38.5 128
v -36.5 -38.5 124
v -44 -34 124
v -44 -34 128
v -2 -16 124
v -3.5 -5.5 124
v -3.5 -5.5 128
v -2 -16 128
v -2 -16 124
v -2 -16 128
v -3.5 -26.5 128
v -3.5 -26.5 124
v -8 2 124
v -8 2 128
v -8 -34 128
v -8 -34 124
v -6 -16 -118
v -2 -16 -124
v -3.5 -5.5 -124
v -7.25 -7.25 -118
v -3.5 -26.5 -124
v -7.25 -24.75 -118
v -11 -1 -118
v -8 2 -124
v -11 -31 -118
v -8 -34 -124
v -15.5 -38.5 -124
v -17.25 -34.75 -118
v -26 -36 -118
v -26 -40 -124
v -36.5 -38.5 -124
v -34.75 -34.75 -118
v -41 -31 -118
v -44 -34 -124
v -48.5 -26.5 -124
v -44.75 -24.75 -118
v -46 -16 -118
v -50 -16 -124
v -15.5 6.5 -124
v -17.25 2.75 -118
v -26 4 -118
v -26 8 -124
v -36.5 6.5 -124
v -34.75 2.75 -118
v -41 -1 -118
v -44 2 -124
v -48.5 -5.5 -124
v -44.75 -7.25 -118
v -46 -16 -118
v -50 -16 -124
v -6 -16 118
v -7.25 -7.25 118
v -3.5 -5.5 124
v -2 -16 124
v -11 -1 118
v -8 2 124
v -6 -16 118
v -2 -16 124
v -3.5 -26.5 124
v -7.25 -24.75 118
v -11 -31 118
v -8 -34 124
v -15.5 6.5 124
v -17.25 2.75 118
v -15.5 -38.5 124
v -17.25 -34.75 118
v -26 -36 118
v -26 -40 124
v -36.5 -38.5 124
v -34.75 -34.75 118
v -41 -31 118
v -44 -34 124
v -48.5 -26.5 124
v -44.75 -24.75 118
v -46 -16 118
v -50 -16 124
v -48.5 -5.5 124
v -44.75 -7.25 118
v -41 -1 118
v -44 2 124
v -36.5 6.5 124
v -34.75 2.75 118
v -26 4 118
v -26 8 124
v -26 4 118
v -17.25 2.75 118
v -17.25 2.75 -118
v -26 4 -118
v -11 -1 118
v -11 -1 -118
v -34.75 2.75 -118
v -34.75 2.75 118
v -41 -1 118
v -41 -1 -118
v -44.75 -7.25 -118
v -44.75 -7.25 118
v -41 -1 118
v -41 -1 -118
v -46 -16 118
v -46 -16 -118
v -41 -31 118
v -44.75 -24.75 118
v -44.75 -24.75 -118
v -41 -31 -118
v -46 -16 118
v -46 -16 -118
v -17.25 -34.75 -118
v -17.25 -34.75 118
v -26 -36 118
v -26 -36 -118
v -11 -31 118
v -11 -31 -118
v -34.75 -34.75 -118
v -34.75 -34.75 118
v -41 -31 118
v -41 -31 -118
v -7.25 -7.25 -118
v -7.25 -7.25 118
v -6 -16 118
v -6 -16 -118
v -7.25 -24.75 -118
v -7.25 -24.75 118
v -11 -1 118
v -11 -1 -118
v -11 -31 118
v -11 -31 -118
v -3.5 -5.5 -128
v -3.5 -5.5 -124
v -2 -16 -124
v -2 -16 -128
v -3.5 -26.5 -128
v -3.5 -26.5 -124
v -8 2 -124
v -8 2 -128
v -8 -34 -124
v -8 -34 -128
v -15.5 -38.5 -128
v -15.5 -38.5 -124
v -26 -40 -124
v -26 -40 -128
v -8 -34 -124
v -8 -34 -128
v -36.5 -38.5 -128
v -36.5 -38.5 -124
v -44 -34 -124
v -44 -34 -128
v -26 8 -124
v -15.5 6.5 -124
v -15.5 6.5 -128
v -26 8 -128
v -8 2 -124
v -8 2 -128
v -36.5 6.5 -128
v -36.5 6.5 -124
v -44 2 -124
v -44 2 -128
v -48.5 -5.5 -128
v -48.5 -5.5 -124
v -44 2 -124
v -44 2 -128
v -50 -16 -124
v -50 -16 -128
v -50 -16 -124
v -50 -16 -128
v -48.5 -26.5 -128
v -48.5 -26.5 -124
v -44 -34 -124
v -44 -34 -128
v 44 -16 124
v 42.75 -7.25 124
v 39 -9 118
v 40 -16 118
v 39 -1 124
v 36 -4 118
v 44 -16 124
v 40 -16 118
v 39 -23 118
v 42.75 -24.75 124
v 39 -31 124
v 36 -28 118
v 31 -1 118
v 32.75 2.75 124
v 31 -31 118
v 32.75 -34.75 124
v 24 -36 124
v 24 -32 118
v 17 -31 118
v 15.25 -34.75 124
v 9 -31 124
v 12 -28 118
v 24 4 124
v 24 0 118
v 9 -23 118
v 5.25 -24.75 124
v 4 -16 124
v 8 -16 118
v 17 -1 118
v 15.25 2.75 124
v 9 -1 124
v 12 -4 118
v 9 -9 118
v 5.25 -7.25 124
v 24 0 -118
v 31 -1 -118
v 31 -1 118
v 24 0 118
v 36 -4 -118
v 36 -4 118
v 17 -1 118
v 17 -1 -118
v 12 -4 -118
v 12 -4 118
v 9 -9 118
v 9 -9 -118
v 12 -4 -118
v 12 -4 118
v 8 -16 -118
v 8 -16 118
v 8 -16 -118
v 8 -16 118
v 9 -23 118
v 9 -23 -118
v 12 -28 -118
v 12 -28 118
v 31 -31 118
v 31 -31 -118
v 24 -32 -118
v 24 -32 118
v 36 -28 -118
v 36 -28 118
v 17 -31 -118
v 17 -31 118
v 12 -28 -118
v 12 -28 118
v 39 -9 118
v 39 -9 -118
v 40 -16 -118
v 40 -16 118
v 39 -23 118
v 39 -23 -118
v 36 -4 -118
v 36 -4 118
v 36 -28 -118
v 36 -28 118
v 39 -1 -124
v 42.75 -7.25 -124
v 39 -9 -118
v 36 -4 -118
v 44 -16 -124
v 40 -16 -118
v 31 -1 -118
v 32.75 2.75 -124
v 24 4 -124
v 24 0 -118
v 39 -23 -118
v 42.75 -24.75 -124
v 39 -31 -124
v 36 -28 -118
v 31 -31 -118
v 32.75 -34.75 -124
v 24 -36 -124
v 24 -32 -118
v 17 -31 -118
v 15.25 -34.75 -124
v 9 -31 -124
v 12 -28 -118
v 9 -23 -118
v 5.25 -24.75 -124
v 4 -16 -124
v 8 -16 -118
v 17 -1 -118
v 15.25 2.75 -124
v 9 -1 -124
v 12 -4 -118
v 9 -9 -118
v 5.25 -7.25 -124
v 4 -16 -124
v 8 -16 -118
v -11 -1 -124
v -7.25 -7.25 -124
v -11 -9 -118
v -14 -4 -118
v -6 -16 -124
v -10 -16 -118
v -19 -1 -118
v -17.25 2.75 -124
v -26 0 -118
v -26 4 -124
v -11 -23 -118
v -7.25 -24.75 -124
v -11 -31 -124
v -14 -28 -118
v -19 -31 -118
v -17.25 -34.75 -124
v -26 -36 -124
v -26 -32 -118
v -33 -31 -118
v -34.75 -34.75 -124
v -41 -31 -124
v -38 -28 -118
v -41 -23 -118
v -44.75 -24.75 -124
v -46 -16 -124
v -42 -16 -118
v -33 -1 -118
v -34.75 2.75 -124
v -41 -1 -124
v -38 -4 -118
v -41 -9 -118
v -44.75 -7.25 -124
v -46 -16 -124
v -42 -16 -118
v -10 -16 -118
v -10 -16 118
v -11 -9 118
v -11 -9 -118
v -14 -4 -118
v -14 -4 118
v -11 -23 118
v -11 -23 -118
v -14 -28 -118
v -14 -28 118
v -26 0 -118
v -19 -1 -118
v -19 -1 118
v -26 0 118
v -14 -4 -118
v -14 -4 118
v -33 -1 118
v -33 -1 -118
v -38 -4 -118
v -38 -4 118
v -41 -9 118
v -41 -9 -118
v -38 -4 -118
v -38 -4 118
v -42 -16 -118
v -42 -16 118
v -42 -16 -118
v -42 -16 118
v -41 -23 118
v -41 -23 -118
v -38 -28 -118
v -38 -28 118
v -19 -31 118
v -19 -31 -118
v -26 -32 -118
v -26 -32 118
v -14 -28 -118
v -14 -28 118
v -33 -31 118
v -33 -31 -118
v -38 -28 -118
v -38 -28 118
v -6 -16 124
v -7.25 -7.25 124
v -11 -9 118
v -10 -16 118
v -11 -1 124
v -14 -4 118
v -6 -16 124
v -10 -16 118
v -11 -23 118
v -7.25 -24.75 124
v -11 -31 124
v -14 -28 118
v -19 -1 118
v -17.25 2.75 124
v -19 -31 118
v -17.25 -34.75 124
v -26 -36 124
v -26 -32 118
v -26 4 124
v -26 0 118
v -33 -31 118
v -34.75 -34.75 124
v -33 -1 118
v -34.75 2.75 124
v -41 -1 124
v -38 -4 118
v -41 -9 118
v -44.75 -7.25 124
v -41 -31 124
v -38 -28 118
v -46 -16 124
v -42 -16 118
v -41 -23 118
v -44.75 -24.75 124
v 24 8 -124
v 34.5 6.5 -124
v 34.5 6.5 -128
v 24 8 -128
v 42 2 -124
v 42 2 -128
v 13.5 6.5 -128
v 13.5 6.5 -124
v 6 2 -124
v 6 2 -128
v 1.5 -5.5 -128
v 1.5 -5.5 -124
v 6 2 -124
v 6 2 -128
v 0 -16 -124
v 0 -16 -128
v 0 -16 -124
v 0 -16 -128
v 1.5 -26.5 -128
v 1.5 -26.5 -124
v 6 -34 -124
v 6 -34 -128
v 34.5 6.5 128
v 34.5 6.5 124
v 24 8 124
v 24 8 128
v 42 2 124
v 42 2 128
v 13.5 6.5 128
v 13.5 6.5 124
v 6 2 124
v 6 2 128
v 48 -16 124
v 46.5 -5.5 124
v 46.5 -5.5 128
v 48 -16 128
v 48 -16 124
v 48 -16 128
v 46.5 -26.5 128
v 46.5 -26.5 124
v 42 2 124
v 42 2 128
v 42 -34 124
v 42 -34 128
v 1.5 -5.5 128
v 1.5 -5.5 124
v 0 -16 124
v 0 -16 128
v 6 2 124
v 6 2 128
v 1.5 -26.5 128
v 1.5 -26.5 124
v 6 -34 124
v 6 -34 128
v 24 -40 124
v 34.5 -38.5 124
v 34.5 -38.5 128
v 24 -40 128
v 42 -34 124
v 42 -34 128
v 13.5 -38.5 128
v 13.5 -38.5 124
v 6 -34 124
v 6 -34 128
v 44 -16 118
v 42.75 -7.25 118
v 46.5 -5.5 124
v 48 -16 124
v 39 -1 118
v 42 2 124
v 44 -16 118
v 48 -16 124
v 46.5 -26.5 124
v 42.75 -24.75 118
v 39 -31 118
v 42 -34 124
v 34.5 6.5 124
v 32.75 2.75 118
v 34.5 -38.5 124
v 32.75 -34.75 118
v 24 -36 118
v 24 -40 124
v 13.5 -38.5 124
v 15.25 -34.75 118
v 9 -31 118
v 6 -34 124
v 1.5 -26.5 124
v 5.25 -24.75 118
v 4 -16 118
v 0 -16 124
v 1.5 -5.5 124
v 5.25 -7.25 118
v 9 -1 118
v 6 2 124
v 13.5 6.5 124
v 15.25 2.75 118
v 24 4 118
v 24 8 124
v 44 -16 118
v 44 -16 -118
v 42.75 -7.25 -118
v 42.75 -7.25 118
v 42.75 -24.75 -118
v 42.75 -24.75 118
v 39 -1 118
v 39 -1 -118
v 39 -31 118
v 39 -31 -118
v 24 4 118
v 32.75 2.75 118
v 32.75 2.75 -118
v 24 4 -118
v 39 -1 118
v 39 -1 -118
v 15.25 2.75 -118
v 15.25 2.75 118
v 9 -1 118
v 9 -1 -118
v 5.25 -7.25 -118
v 5.25 -7.25 118
v 9 -1 118
v 9 -1 -118
v 4 -16 118
v 4 -16 -118
v 9 -31 118
v 5.25 -24.75 118
v 5.25 -24.75 -118
v 9 -31 -118
v 4 -16 118
v 4 -16 -118
v 32.75 -34.75 -118
v 32.75 -34.75 118
v 24 -36 118
v 24 -36 -118
v 39 -31 118
v 39 -31 -118
v 15.25 -34.75 -118
v 15.25 -34.75 118
v 9 -31 118
v 9 -31 -118
v 44 -16 -118
v 48 -16 -124
v 46.5 -5.5 -124
v 42.75 -7.25 -118
v 46.5 -26.5 -124
v 42.75 -24.75 -118
v 39 -1 -118
v 42 2 -124
v 39 -31 -118
v 42 -34 -124
v 34.5 -38.5 -124
v 32.75 -34.75 -118
v 24 -36 -118
v 24 -40 -124
v 13.5 -38.5 -124
v 15.25 -34.75 -118
v 9 -31 -118
v 6 -34 -124
v 1.5 -26.5 -124
v 5.25 -24.75 -118
v 4 -16 -118
v 0 -16 -124
v 34.5 6.5 -124
v 32.75 2.75 -118
v 24 4 -118
v 24 8 -124
v 13.5 6.5 -124
v 15.25 2.75 -118
v 9 -1 -118
v 6 2 -124
v 1.5 -5.5 -124
v 5.25 -7.25 -118
v 4 -16 -118
v 0 -16 -124
v 48 -16 -124
v 48 -16 -128
v 46.5 -5.5 -128
v 46.5 -5.5 -124
v 42 2 -124
v 42 2 -128
v 46.5 -26.5 -128
v 46.5 -26.5 -124
v 42 -34 -124
v 42 -34 -128
v 34.5 -38.5 -128
v 34.5 -38.5 -124
v 24 -40 -124
v 24 -40 -128
v 42 -34 -124
v 42 -34 -128
v 13.5 -38.5 -128
v 13.5 -38.5 -124
v 6 -34 -124
v 6 -34 -128
v -46 -7.64881 -68
v -16 42.3512 -68
v -16 42.3512 -72
v -46 -7.64881 -72
v -46 -7.64881 -72
v -47 -16.6488 -72
v -47 -16.6488 -68
v -46 -7.64881 -68
v -47 -40.6488 -68
v -47 -16.6488 -68
v -47 -16.6488 -72
v -47 -40.6488 -72
v -10 45.3512 -72
v -16 42.3512 -72
v -16 42.3512 -68
v -10 45.3512 -68
v -10 45.3512 -68
v -1 47.3512 -68
v -1 47.3512 -72
v -10 45.3512 -72
v -1 47.3512 -68
v 8 45.3512 -68
v 8 45.3512 -72
v -1 47.3512 -72
v 14 42.3512 -72
v 8 45.3512 -72
v 8 45.3512 -68
v 14 42.3512 -68
v 14 42.3512 -68
v 44 -7.64881 -68
v 44 -7.64881 -72
v 14 42.3512 -72
v 44 -7.64881 -68
v 45 -16.6488 -68
v 45 -16.6488 -72
v 44 -7.64881 -72
v 45 -40.6488 -68
v 45 -40.6488 -72
v 45 -16.6488 -72
v 45 -16.6488 -68
v 8 45.3512 -72
v 8 44.3512 -72
v -1 45.3512 -72
v -1 47.3512 -72
v -10 44.3512 -72
v -10 45.3512 -72
v -16 41.3512 -72
v -16 42.3512 -72
v -46 -7.64881 -72
v -45 -8.64881 -72
v -47 -16.6488 -72
v -46 -16.6488 -72
v -47 -40.6488 -72
v -46 -40.6488 -72
v 45 -16.6488 -72
v 44 -16.6488 -72
v 43 -8.64881 -72
v 44 -7.64881 -72
v 44 -40.6488 -72
v 45 -40.6488 -72
v 14 41.3512 -72
v 14 42.3512 -72
v 8 44.3512 -72
v 8 45.3512 -72
v 45 -16.6488 -68
v 44 -7.64881 -68
v 43 -8.64881 -68
v 44 -16.6488 -68
v 44 -40.6488 -68
v 45 -40.6488 -68
v 14 41.3512 -68
v 14 42.3512 -68
v 8 44.3512 -68
v 8 45.3512 -68
v 8 44.3512 -68
v 8 45.3512 -68
v -1 45.3512 -68
v -1 47.3512 -68
v -10 44.3512 -68
v -10 45.3512 -68
v -16 41.3512 -68
v -16 42.3512 -68
v -46 -7.64881 -68
v -45 -8.64881 -68
v -47 -16.6488 -68
v -46 -16.6488 -68
v -47 -40.6488 -68
v -46 -40.6488 -68
v 14 41.3512 -72
v 43 -8.64881 -72
v 14 41.3512 -68
v 43 -8.64881 -68
v -10 44.3512 -72
v -1 45.3512 -72
v -10 44.3512 -68
v -1 45.3512 -68
v 43 -8.64881 -72
v 44 -16.6488 -72
v 43 -8.64881 -68
v 44 -16.6488 -68
v 44 -16.6488 -72
v 44 -40.6488 -72
v 44 -40.6488 -68
v 44 -16.6488 -68
v -46 -16.6488 -72
v -46 -16.6488 -68
v -46 -40.6488 -68
v -46 -40.6488 -72
v -10 44.3512 -72
v -10 44.3512 -68
v -16 41.3512 -68
v -16 41.3512 -72
v -45 -8.64881 -72
v -45 -8.64881 -68
v -46 -16.6488 -68
v -46 -16.6488 -72
v 14 41.3512 -72
v 14 41.3512 -68
v 8 44.3512 -68
v 8 44.3512 -72
v -1 45.3512 -72
v 8 44.3512 -72
v -1 45.3512 -68
v 8 44.3512 -68
v -16 41.3512 -72
v -16 41.3512 -68
v -45 -8.64881 -68
v -45 -8.64881 -72
v 14 41.3512 1.20119
v 43 -8.64881 1.20119
v 14 41.3512 5.20119
v 43 -8.64881 5.20119
v -10 44.3512 1.20119
v -1 45.3512 1.20119
v -10 44.3512 5.20119
v -1 45.3512 5.20119
v 43 -8.64881 1.20119
v 44 -16.6488 1.20119
v 43 -8.64881 5.20119
v 44 -16.6488 5.20119
v 44 -16.6488 1.20119
v 44 -40.6488 1.20119
v 44 -40.6488 5.20119
v 44 -16.6488 5.20119
v -46 -16.6488 1.20119
v -46 -16.6488 5.20119
v -46 -40.6488 5.20119
v -46 -40.6488 1.20119
v -10 44.3512 1.20119
v -10 44.3512 5.20119
v -16 41.3512 5.20119
v -16 41.3512 1.20119
v -45 -8.64881 1.20119
v -45 -8.64881 5.20119
v -46 -16.6488 5.20119
v -46 -16.6488 1.20119
v 14 41.3512 1.20119
v 14 41.3512 5.20119
v 8 44.3512 5.20119
v 8 44.3512 1.20119
v -1 45.3512 1.20119
v 8 44.3512 1.20119
v -1 45.3512 5.20119
v 8 44.3512 5.20119
v -16 41.3512 1.20119
v -16 41.3512 5.20119
v -45 -8.64881 5.20119
v -45 -8.64881 1.20119
v 8 45.3512 1.20119
v 8 44.3512 1.20119
v -1 45.3512 1.20119
v -1 47.3512 1.20119
v -10 44.3512 1.20119
v -10 45.3512 1.20119
v -16 41.3512 1.20119
v -16 42.3512 1.20119
v -46 -7.64881 1.20119
v -45 -8.64881 1.20119
v -47 -16.6488 1.20119
v -46 -16.6488 1.20119
v -47 -40.6488 1.20119
v -46 -40.6488 1.20119
v 45 -16.6488 1.20119
v 44 -16.6488 1.20119
v 43 -8.64881 1.20119
v 44 -7.64881 1.20119
v 44 -40.6488 1.20119
v 45 -40.6488 1.20119
v 14 41.3512 1.20119
v 14 42.3512 1.20119
v 8 44.3512 1.20119
v 8 45.3512 1.20119
v 45 -16.6488 5.20119
v 44 -7.64881 5.20119
v 43 -8.64881 5.20119
v 44 -16.6488 5.20119
v 44 -40.6488 5.20119
v 45 -40.6488 5.20119
v 14 41.3512 5.20119
v 14 42.3512 5.20119
v 8 44.3512 5.20119
v 8 45.3512 5.20119
v 8 44.3512 5.20119
v 8 45.3512 5.20119
v -1 45.3512 5.20119
v -1 47.3512 5.20119
v -10 44.3512 5.20119
v -10 45.3512 5.20119
v -16 41.3512 5.20119
v -16 42.3512 5.20119
v -46 -7.64881 5.20119
v -45 -8.64881 5.20119
v -47 -16.6488 5.20119
v -46 -16.6488 5.20119
v -47 -40.6488 5.20119
v -46 -40.6488 5.20119
v -46 -7.64881 5.20119
v -16 42.3512 5.20119
v -16 42.3512 1.20119
v -46 -7.64881 1.20119
v -46 -7.64881 1.20119
v -47 -16.6488 1.20119
v -47 -16.6488 5.20119
v -46 -7.64881 5.20119
v -47 -40.6488 5.20119
v -47 -16.6488 5.20119
v -47 -16.6488 1.20119
v -47 -40.6488 1.20119
v -10 45.3512 1.20119
v -16 42.3512 1.20119
v -16 42.3512 5.20119
v -10 45.3512 5.20119
v -10 45.3512 5.20119
v -1 47.3512 5.20119
v -1 47.3512 1.20119
v -10 45.3512 1.20119
v -1 47.3512 5.20119
v 8 45.3512 5.20119
v 8 45.3512 1.20119
v -1 47.3512 1.20119
v 14 42.3512 1.20119
v 8 45.3512 1.20119
v 8 45.3512 5.20119
v 14 42.3512 5.20119
v 14 42.3512 5.20119
v 44 -7.64881 5.20119
v 44 -7.64881 1.20119
v 14 42.3512 1.20119
v 44 -7.64881 5.20119
v 45 -16.6488 5.20119
v 45 -16.6488 1.20119
v 44 -7.64881 1.20119
v 45 -40.6488 5.20119
v 45 -40.6488 1.20119
v 45 -16.6488 1.20119
v 45 -16.6488 5.20119
v 14 41.3512 65.4015
v 43 -8.64881 65.4015
v 14 41.3512 69.4015
v 43 -8.64881 69.4015
v -10 44.3512 65.4015
v -1 45.3512 65.4015
v -10 44.3512 69.4015
v -1 45.3512 69.4015
v 43 -8.64881 65.4015
v 44 -16.6488 65.4015
v 43 -8.64881 69.4015
v 44 -16.6488 69.4015
v 44 -16.6488 65.4015
v 44 -40.6488 65.4015
v 44 -40.6488 69.4015
v 44 -16.6488 69.4015
v -46 -16.6488 65.4015
v -46 -16.6488 69.4015
v -46 -40.6488 69.4015
v -46 -40.6488 65.4015
v -10 44.3512 65.4015
v -10 44.3512 69.4015
v -16 41.3512 69.4015
v -16 41.3512 65.4015
v -45 -8.64881 65.4015
v -45 -8.64881 69.4015
v -46 -16.6488 69.4015
v -46 -16.6488 65.4015
v 14 41.3512 65.4015
v 14 41.3512 69.4015
v 8 44.3512 69.4015
v 8 44.3512 65.4015
v -1 45.3512 65.4015
v 8 44.3512 65.4015
v -1 45.3512 69.4015
v 8 44.3512 69.4015
v -16 41.3512 65.4015
v -16 41.3512 69.4015
v -45 -8.64881 69.4015
v -45 -8.64881 65.4015
v 8 45.3512 65.4015
v 8 44.3512 65.4015
v -1 45.3512 65.4015
v -1 47.3512 65.4015
v -10 44.3512 65.4015
v -10 45.3512 65.4015
v -16 41.3512 65.4015
v -16 42.3512 65.4015
v -46 -7.64881 65.4015
v -45 -8.64881 65.4015
v -47 -16.6488 65.4015
v -46 -16.6488 65.4015
v -47 -40.6488 65.4015
v -46 -40.6488 65.4015
v 45 -16.6488 65.4015
v 44 -16.6488 65.4015
v 43 -8.64881 65.4015
v 44 -7.64881 65.4015
v 44 -40.6488 65.4015
v 45 -40.6488 65.4015
v 14 41.3512 65.4015
v 14 42.3512 65.4015
v 8 44.3512 65.4015
v 8 45.3512 65.4015
v 45 -16.6488 69.4015
v 44 -7.64881 69.4015
v 43 -8.64881 69.4015
v 44 -16.6488 69.4015
v 44 -40.6488 69.4015
v 45 -40.6488 69.4015
v 14 41.3512 69.4015
v 14 42.3512 69.4015
v 8 44.3512 69.4015
v 8 45.3512 69.4015
v 8 44.3512 69.4015
v 8 45.3512 69.4015
v -1 45.3512 69.4015
v -1 47.3512 69.4015
v -10 44.3512 69.4015
v -10 45.3512 69.4015
v -16 41.3512 69.4015
v -16 42.3512 69.4015
v -46 -7.64881 69.4015
v -45 -8.64881 69.4015
v -47 -16.6488 69.4015
v -46 -16.6488 69.4015
v -47 -40.6488 69.4015
v -46 -40.6488 69.4015
v -46 -7.64881 69.4015
v -16 42.3512 69.4015
v -16 42.3512 65.4015
v -46 -7.64881 65.4015
v -46 -7.64881 65.4015
v -47 -16.6488 65.4015
v -47 -16.6488 69.4015
v -46 -7.64881 69.4015
v -47 -40.6488 69.4015
v -47 -16.6488 69.4015
v -47 -16.6488 65.4015
v -47 -40.6488 65.4015
v -10 45.3512 65.4015
v -16 42.3512 65.4015
v -16 42.3512 69.4015
v -10 45.3512 69.4015
v -10 45.3512 69.4015
v -1 47.3512 69.4015
v -1 47.3512 65.4015
v -10 45.3512 65.4015
v -1 47.3512 69.4015
v 8 45.3512 69.4015
v 8 45.3512 65.4015
v -1 47.3512 65.4015
v 14 42.3512 65.4015
v 8 45.3512 65.4015
v 8 45.3512 69.4015
v 14 42.3512 69.4015
v 14 42.3512 69.4015
v 44 -7.64881 69.4015
v 44 -7.64881 65.4015
v 14 42.3512 65.4015
v 44 -7.64881 69.4015
v 45 -16.6488 69.4015
v 45 -16.6488 65.4015
v 44 -7.64881 65.4015
v 45 -40.6488 69.4015
v 45 -40.6488 65.4015
v 45 -16.6488 65.4015
v 45 -16.6488 69.4015
v -49.0001 -40 127
v 47.0001 -40 127
v 47.0001 -40 -127
v -49.0001 -40 -127
v -50 -44 128
v 48 -44 128
v 48 -40.9999 128
v -50 -40.9999 128
v -50 -44 128
v -50 -40.9999 128
v -50 -40.9999 -128
v -50 -44 -128
v 48 -40.9999 -128
v 48 -40.9999 128
v 48 -44 128
v 48 -44 -128
v -50 -44 -128
v -50 -40.9999 -128
v 48 -40.9999 -128
v 48 -44 -128
v 47.7071 -40.2929 127.707
v 47.7071 -40.2929 -127.707
v 47.7071 -40.2929 127.707
v 47.7071 -40.2929 -127.707
v 47.7071 -40.2929 -127.707
v -49.7071 -40.2929 -127.707
v 47.7071 -40.2929 -127.707
v -49.7071 -40.2929 -127.707
v 47.7071 -40.2929 127.707
v -49.7071 -40.2929 127.707
v 47.7071 -40.2929 127.707
v -49.7071 -40.2929 127.707
v -49.7071 -40.2929 127.707
v -49.7071 -40.2929 -127.707
v -49.7071 -40.2929 127.707
v -49.7071 -40.2929 -127.707
vt 0.055556 0.833333
vt 0 0.833333
vt 0 0.666667
vt 0.055556 0.666667
vt 0.055556 0.5
vt 0 0.666667
vt 0 0.5
vt 0 1
vt 0 0.333333
vt 0.055556 1
vt 0.055556 0.333333
vt 0.055556 1.16667
vt 0.055556 0.166667
vt 0 0.166667
vt 0 0
vt 0 1.16667
vt 0 1.33333
vt 0.055556 1.33333
vt 0.055556 0
vt 0.055556 -0.166667
vt 0.055556 1.5
vt 0 1.33333
vt 0 1.5
vt 0 0
vt 0 -0.166667
vt 0 1.66667
vt 0.055556 1.66667
vt 0 -0.333333
vt 0.055556 1.83333
vt 0 1.83333
vt 0 2
vt 0.055556 1.83333
vt 0.055556 2
vt 0.055556 -0.333333
vt 0.055556 -0.5
vt 0 -0.5
vt 0 -0.666667
vt 0 -0.666667
vt 0.055556 -0.666667
vt 0 2
vt 0 1.83333
vt 0.055556 1.83333
vt 0.055556 2
vt 0 1.66667
vt 0.055556 -0.5
vt 0 -0.666667
vt 0.055556 -0.666667
vt 0 -0.5
vt 0 -0.666667
vt 0 -0.333333
vt 0.055556 1.66667
vt 0.055556 -0.333333
vt 0.055556 -0.166667
vt 0 -0.166667
vt 0 0
vt 0.055556 0
vt 0.055556 0.166667
vt 0 0
vt 0 0.166667
vt 0 0.333333
vt 0.055556 0.333333
vt 0.055556 0.5
vt 0 0.5
vt 0 0.666667
vt 0.055556 0.666667
vt 0.055556 0.833333
vt 0 0.666667
vt 0 0.833333
vt 0 1
vt 0.055556 1
vt 0.055556 1.16667
vt 0 1.16667
vt 0 1.33333
vt 0.055556 1.33333
vt 0.055556 1.5
vt 0 1.5
vt 0 1.33333
vt 0.055556 0.833333
vt 0 0.666667
vt 0.055556 0.666667
vt 0 0.833333
vt 0.055556 0.5
vt 0 0.5
vt 0 1
vt 0 0.333333
vt 0.055556 1
vt 0.055556 0.333333
vt 0.055556 1.16667
vt 0.055556 0.166667
vt 0 0.166667
vt 0 0
vt 0 1.16667
vt 0 1.33333
vt 0.055556 0
vt 0.055556 -0.166667
vt 0 0
vt 0 -0.166667
vt 0 -0.333333
vt 0.055556 1.33333
vt 0.055556 1.5
vt 0 1.33333
vt 0 1.5
vt 0 1.66667
vt 0.055556 1.66667
vt 0.055556 -0.333333
vt 0.055556 -0.5
vt 0.055556 1.83333
vt 0 1.83333
vt 0 -0.5
vt 0 2
vt 0.055556 1.83333
vt 0.055556 2
vt 0 -0.666667
vt 0 -0.666667
vt 0.055556 -0.666667
vt 0 2
vt 0 1.83333
vt 0.055556 1.83333
vt 0.055556 2
vt 0 1.66667
vt 0.055556 -0.5
vt 0 -0.666667
vt 0.055556 -0.666667
vt 0 -0.5
vt 0 -0.666667
vt 0 -0.333333
vt 0.055556 1.66667
vt 0.055556 -0.333333
vt 0.055556 -0.166667
vt 0 -0.166667
vt 0 0
vt 0.055556 0
vt 0.055556 0.166667
vt 0 0
vt 0 0.166667
vt 0 0.333333
vt 0.055556 0.333333
vt 0.055556 0.5
vt 0 0.5
vt 0 0.666667
vt 0.055556 0.666667
vt 0.055556 0.833333
vt 0 0.833333
vt 0 0.666667
vt 0 1
vt 0.055556 1
vt 0.055556 1.16667
vt 0 1.16667
vt 0 1.33333
vt 0.055556 1.33333
vt 0.055556 1.5
vt 0 1.5
vt 0 1.33333
vt 0.055556 0.833333
vt 0 0.666667
vt 0.055556 0.666667
vt 0 0.833333
vt 0.055556 0.5
vt 0 0.5
vt 0 1
vt 0 0.333333
vt 0.055556 1
vt 0.055556 0.333333
vt 0.055556 1.16667
vt 0.055556 0.166667
vt 0 0.166667
vt 0 0
vt 0 1.16667
vt 0 1.33333
vt 0.055556 0
vt 0.055556 -0.166667
vt 0 0
vt 0 -0.166667
vt 0 -0.333333
vt 0.055556 1.33333
vt 0.055556 1.5
vt 0 1.33333
vt 0 1.5
vt 0 1.66667
vt 0.055556 1.66667
vt 0.055556 -0.333333
vt 0.055556 -0.5
vt 0.055556 1.83333
vt 0 1.83333
vt 0 -0.5
vt 0 2
vt 0.055556 1.83333
vt 0.055556 2
vt 0 -0.666667
vt 0 -0.666667
vt 0.055556 -0.666667
vt 0 2
vt 0 1.83333
vt 0.055556 1.83333
vt 0.055556 2
vt 0 1.66667
vt 0.055556 -0.5
vt 0 -0.666667
vt 0.055556 -0.666667
vt 0 -0.5
vt 0 -0.666667
vt 0 -0.333333
vt 0.055556 1.66667
vt 0.055556 -0.333333
vt 0.055556 -0.166667
vt 0 -0.166667
vt 0 0
vt 0.055556 0
vt 0.055556 0.166667
vt 0 0
vt 0 0.166667
vt 0 0.333333
vt 0.055556 0.333333
vt 0.055556 0.5
vt 0 0.5
vt 0 0.666667
vt 0.055556 0.666667
vt 0.055556 0.833333
vt 0 0.833333
vt 0 0.666667
vt 0 1
vt 0.055556 1
vt 0.055556 1.16667
vt 0 1.16667
vt 0 1.33333
vt 0.055556 1.33333
vt 0.055556 1.5
vt 0 1.5
vt 0 1.33333
vt -4.33333 0.222222
vt -4.33333 0
vt -3.66667 0
vt -3.66667 0.222222
vt -5 0
vt -5 0.222222
vt 5 0.222222
vt 5 0
vt 5.66667 0
vt 5.66667 0.222222
vt 4.33333 0
vt 4.33333 0.222222
vt 0.666667 0
vt 1.33333 0
vt 1.33333 0.222222
vt 0.666667 0.222222
vt 2 0
vt 2 0.222222
vt 0 0.222222
vt 0 0
vt -0.666667 0
vt -0.666667 0.222222
vt 0.333333 0
vt 0.333333 0.222222
vt -0.333333 0.222222
vt -0.333333 0
vt 1 0.222222
vt 1 0
vt -1 0
vt -1 0.222222
vt 1.66667 0
vt 1.66667 0.222222
vt -0.666667 0.222222
vt -0.666667 0
vt 0 0
vt 0 0.222222
vt -1.33333 0
vt -1.33333 0.222222
vt 0.666667 0
vt 0.666667 0.222222
vt 1.33333 0
vt 1.33333 0.222222
vt 0.333333 0
vt 0.333333 0.31427
vt -0.333333 0.31427
vt -0.333333 0
vt 1 0.31427
vt 1 0
vt -1 0
vt -1 0.31427
vt 1.66667 0
vt 1.66667 0.31427
vt 2.33333 0.31427
vt 2.33333 0
vt 3 0
vt 3 0.31427
vt 3.66667 0.31427
vt 3.66667 0
vt 4.33333 0
vt 4.33333 0.31427
vt 5 0.31427
vt 5 0
vt 5.66667 0
vt 5.66667 0.31427
vt -1.66667 0.31427
vt -1.66667 0
vt -2.33333 0
vt -2.33333 0.31427
vt -3 0.31427
vt -3 0
vt -3.66667 0
vt -3.66667 0.31427
vt -4.33333 0.31427
vt -4.33333 0
vt -5 0
vt -5 0.31427
vt -5 0
vt -4.33333 0
vt -4.33333 0.31427
vt -5 0.31427
vt -3.66667 0
vt -3.66667 0.31427
vt 5.66667 0
vt 5.66667 0.31427
vt 5 0.31427
vt 5 0
vt 4.33333 0
vt 4.33333 0.31427
vt -3 0.31427
vt -3 0
vt 3.66667 0.31427
vt 3.66667 0
vt 3 0
vt 3 0.31427
vt 2.33333 0.31427
vt 2.33333 0
vt 1.66667 0
vt 1.66667 0.31427
vt 1 0.31427
vt 1 0
vt 0.333333 0
vt 0.333333 0.31427
vt -0.333333 0.31427
vt -0.333333 0
vt -1 0
vt -1 0.31427
vt -1.66667 0.31427
vt -1.66667 0
vt -2.33333 0
vt -2.33333 0.31427
vt -3 0.777778
vt 3.55556 0.777778
vt 3.55556 1.05556
vt -3 1.05555
vt 3.55556 0.5
vt -3 0.5
vt -3 1.33333
vt 3.55556 1.33333
vt -3 0.222222
vt 3.55556 0.222222
vt -3 0.888889
vt -3 0.611111
vt 3.55556 0.611111
vt 3.55556 0.888889
vt -3 0.333333
vt 3.55556 0.333333
vt 3.55556 1.16667
vt -3 1.16667
vt -3 1.44444
vt 3.55556 1.44444
vt 3.55556 2.72222
vt -3 2.72222
vt -3 2.44444
vt 3.55556 2.44444
vt -3 3
vt 3.55556 3
vt -3 -1.44445
vt 3.55556 -1.44445
vt 3.55556 -1.16667
vt -3 -1.16667
vt -3 -0.888889
vt 3.55556 -0.888889
vt 3.55556 0.944444
vt -3 0.944444
vt -3 0.666667
vt 3.55556 0.666667
vt -3 1.22222
vt 3.55556 1.22222
vt 3.55556 0.388889
vt -3 0.388889
vt -3 0.111111
vt 3.55556 0.111111
vt -1 0
vt -0.333333 0
vt -0.333333 0.222222
vt -1 0.222222
vt 0.333333 0
vt 0.333333 0.222222
vt 1 0
vt 1 0.222222
vt 1.66667 0
vt 1.66667 0.222222
vt 0 0.222222
vt 0 0
vt 0.666667 0
vt 0.666667 0.222222
vt -0.666667 0
vt -0.666667 0.222222
vt 1.33333 0.222222
vt 1.33333 0
vt 2 0
vt 2 0.222222
vt -5 0
vt -4.33333 0
vt -4.33333 0.222222
vt -5 0.222222
vt -3.66667 0
vt -3.66667 0.222222
vt 5.66667 0
vt 5.66667 0.222222
vt 5 0.222222
vt 5 0
vt 4.33333 0
vt 4.33333 0.222222
vt 0 0
vt 0.666667 0
vt 0.666667 0.222222
vt 0 0.222222
vt 1.33333 0
vt 1.33333 0.222222
vt -0.666667 0.222222
vt -0.666667 0
vt -1.33333 0
vt -1.33333 0.222222
vt -1 4.44444
vt 2.11111 4.44444
vt 2.11111 3.88889
vt -1 3.88889
vt 2.11111 5
vt -1 5
vt 2.11111 -2.77778
vt 2.11111 -3.33333
vt -1 -3.33333
vt -1 -2.77778
vt 2.11111 -3.88889
vt -1 -3.88889
vt -1 0.888888
vt 2.11111 0.888889
vt 2.11111 0.333333
vt -1 0.333333
vt 2.11111 1.44445
vt -1 1.44444
vt -1 -0.222222
vt 2.11111 -0.222222
vt 2.11111 -0.777778
vt -1 -0.777778
vt -1 1.11111
vt 2.11111 1.11111
vt 2.11111 0.555556
vt -1 0.555555
vt 2.11111 1.66667
vt -1 1.66667
vt -1 0
vt 2.11111 0
vt 2.11111 -0.555555
vt -1 -0.555556
vt 2.11111 0.777778
vt 2.11111 0.222222
vt -1 0.222222
vt -1 0.777778
vt 2.11111 -0.333333
vt -1 -0.333333
vt -1 1.33333
vt 2.11111 1.33333
vt 2.11111 1.88889
vt -1 1.88889
vt 0 1.33333
vt 0.31427 1.33333
vt 0.31427 0.666667
vt 0 0.666667
vt 0 0
vt 0.31427 0
vt 0.31427 2
vt 0 2
vt 0.31427 -0.666667
vt 0 -0.666667
vt 0 2.66667
vt 0.31427 2.66667
vt 0 -1.33333
vt 0.31427 -1.33333
vt 0.31427 -2
vt 0 -2
vt 0 -2.66667
vt 0.31427 -2.66667
vt 0.31427 -3.33333
vt 0 -3.33333
vt 0.31427 3.33333
vt 0 3.33333
vt 0 4
vt 0.31427 4
vt 0.31427 4.66667
vt 0 4.66667
vt 0 5.33333
vt 0.31427 5.33333
vt 0 -4
vt 0.31427 -4
vt 0.31427 6
vt 0 6
vt 0.31427 -4.66667
vt 0 -4.66667
vt 0 5.33333
vt 0.31427 5.33333
vt 0.31427 4.66667
vt 0 4.66667
vt 0.31427 6
vt 0 6
vt 0 4
vt 0.31427 4
vt 0.31427 3.33333
vt 0 3.33333
vt 0 2.66667
vt 0.31427 2.66667
vt 0.31427 2
vt 0 2
vt 0 1.33333
vt 0.31427 1.33333
vt 0.31427 0.666667
vt 0 0.666667
vt 0 0
vt 0.31427 0
vt 0.31427 -0.666667
vt 0 -0.666667
vt 0 -1.33333
vt 0.31427 -1.33333
vt 0.31427 -2
vt 0 -2
vt 0 -2.66667
vt 0.31427 -2.66667
vt 0.31427 -3.33333
vt 0 -3.33333
vt 0 -4
vt 0.31427 -4
vt 0.31427 -4.66667
vt 0 -4.66667
vt -0.333333 0
vt -0.333333 0.222222
vt 0.333333 0.222222
vt 0.333333 0
vt -1 0.222222
vt -1 0
vt 1 0
vt 1 0.222222
vt 1.66667 0.222222
vt 1.66667 0
vt 0 0
vt 0 0.222222
vt 0.666667 0.222222
vt 0.666667 0
vt -0.666667 0.222222
vt -0.666667 0
vt 1.33333 0.222222
vt 1.33333 0
vt 2 0.222222
vt 2 0
vt -5 0.222222
vt -4.33333 0.222222
vt -4.33333 0
vt -5 0
vt -3.66667 0.222222
vt -3.66667 0
vt 5.66667 0.222222
vt 5.66667 0
vt 5 0
vt 5 0.222222
vt 4.33333 0.222222
vt 4.33333 0
vt 0 0.222222
vt 0.666667 0.222222
vt 0.666667 0
vt 0 0
vt 1.33333 0.222222
vt 1.33333 0
vt -0.666667 0
vt -0.666667 0.222222
vt -1.33333 0.222222
vt -1.33333 0
vt 0.333333 0.222222
vt 0.333333 0
vt -0.333333 0
vt -0.333333 0.222222
vt -1 0.222222
vt -1 0
vt 1 0
vt 1 0.222222
vt 1.66667 0.222222
vt 1.66667 0
vt 0.666667 0.222222
vt 1.33333 0.222222
vt 1.33333 0
vt 0.666667 0
vt 2 0.222222
vt 2 0
vt 0 0
vt 0 0.222222
vt -0.666667 0.222222
vt -0.666667 0
vt -4.33333 0
vt -4.33333 0.222222
vt -3.66667 0.222222
vt -3.66667 0
vt -5 0.222222
vt -5 0
vt 5.66667 0.222222
vt 5.66667 0
vt 5 0
vt 5 0.222222
vt 4.33333 0.222222
vt 4.33333 0
vt -0.666667 0
vt -0.666667 0.222222
vt 0 0.222222
vt 0 0
vt -1.33333 0.222222
vt -1.33333 0
vt 0.666667 0
vt 0.666667 0.222222
vt 1.33333 0.222222
vt 1.33333 0
vt 0.333333 0.222222
vt 0.333333 0
vt -0.333333 0
vt -0.333333 0.222222
vt -1 0.222222
vt -1 0
vt 1 0
vt 1 0.222222
vt 1.66667 0.222222
vt 1.66667 0
vt 0.666667 0.222222
vt 1.33333 0.222222
vt 1.33333 0
vt 0.666667 0
vt 2 0.222222
vt 2 0
vt 0 0
vt 0 0.222222
vt -0.666667 0.222222
vt -0.666667 0
vt -4.33333 0
vt -4.33333 0.222222
vt -3.66667 0.222222
vt -3.66667 0
vt -5 0.222222
vt -5 0
vt 4.33333 0.222222
vt 5 0.222222
vt 5 0
vt 4.33333 0
vt 5.66667 0.222222
vt 5.66667 0
vt -0.666667 0
vt -0.666667 0.222222
vt 0 0.222222
vt 0 0
vt -1.33333 0.222222
vt -1.33333 0
vt 0.666667 0.222222
vt 0.666667 0
vt 1.33333 0.222222
vt 1.33333 0
vt 0.333333 0.222222
vt 0.333333 0
vt -0.333333 0
vt -0.333333 0.222222
vt 1 0
vt 1 0.222222
vt -1 0.222222
vt -1 0
vt 1.66667 0.222222
vt 1.66667 0
vt 0.666667 0.222222
vt 1.33333 0.222222
vt 1.33333 0
vt 0.666667 0
vt 2 0.222222
vt 2 0
vt 0 0
vt 0 0.222222
vt -0.666667 0.222222
vt -0.666667 0
vt -4.33333 0
vt -4.33333 0.222222
vt -3.66667 0.222222
vt -3.66667 0
vt -5 0.222222
vt -5 0
vt 5.66667 0.222222
vt 5.66667 0
vt 5 0
vt 5 0.222222
vt 4.33333 0.222222
vt 4.33333 0
vt -0.666667 0
vt -0.666667 0.222222
vt 0 0.222222
vt 0 0
vt -1.33333 0.222222
vt -1.33333 0
vt 0.666667 0
vt 0.666667 0.222222
vt 1.33333 0.222222
vt 1.33333 0
vt 0 0
vt 0 0.222222
vt 0.666667 0.222222
vt 0.666667 0
vt -0.666667 0.222222
vt -0.666667 0
vt 1.33333 0.222222
vt 1.33333 0
vt 2 0.222222
vt 2 0
vt -0.333333 0
vt -0.333333 0.222222
vt 0.333333 0.222222
vt 0.333333 0
vt -1 0.222222
vt -1 0
vt 1 0
vt 1 0.222222
vt 1.66667 0.222222
vt 1.66667 0
vt -5 0.222222
vt -4.33333 0.222222
vt -4.33333 0
vt -5 0
vt -3.66667 0.222222
vt -3.66667 0
vt 5.66667 0.222222
vt 5.66667 0
vt 5 0
vt 5 0.222222
vt 4.33333 0.222222
vt 4.33333 0
vt 0 0.222222
vt 0.666667 0.222222
vt 0.666667 0
vt 0 0
vt 1.33333 0.222222
vt 1.33333 0
vt -0.666667 0
vt -0.666667 0.222222
vt -1.33333 0.222222
vt -1.33333 0
vt 0 0
vt 0 0.222222
vt 0.666667 0.222222
vt 0.666667 0
vt -0.666667 0.222222
vt -0.666667 0
vt 1.33333 0
vt 1.33333 0.222222
vt 2 0.222222
vt 2 0
vt -1 0.222222
vt -0.333333 0.222222
vt -0.333333 0
vt -1 0
vt 0.333333 0.222222
vt 0.333333 0
vt 1 0.222222
vt 1 0
vt 1.66667 0.222222
vt 1.66667 0
vt -5 0.222222
vt -4.33333 0.222222
vt -4.33333 0
vt -5 0
vt -3.66667 0.222222
vt -3.66667 0
vt 5.66667 0.222222
vt 5.66667 0
vt 5 0
vt 5 0.222222
vt 4.33333 0.222222
vt 4.33333 0
vt 0 0.222222
vt 0.666667 0.222222
vt 0.666667 0
vt 0 0
vt 1.33333 0.222222
vt 1.33333 0
vt -0.666667 0
vt -0.666667 0.222222
vt -1.33333 0.222222
vt -1.33333 0
vt 0 0.222222
vt 0 0
vt 0.666667 0
vt 0.666667 0.222222
vt -0.666667 0
vt -0.666667 0.222222
vt 1.33333 0.222222
vt 1.33333 0
vt 2 0
vt 2 0.222222
vt -1 0
vt -0.333333 0
vt -0.333333 0.222222
vt -1 0.222222
vt 0.333333 0
vt 0.333333 0.222222
vt 1 0
vt 1 0.222222
vt 1.66667 0
vt 1.66667 0.222222
vt 0 0
vt 0.666667 0
vt 0.666667 0.222222
vt 0 0.222222
vt 1.33333 0
vt 1.33333 0.222222
vt -0.666667 0.222222
vt -0.666667 0
vt -1.33333 0
vt -1.33333 0.222222
vt -5 0
vt -4.33333 0
vt -4.33333 0.222222
vt -5 0.222222
vt 5.66667 0
vt 5.66667 0.222222
vt 5 0.222222
vt 5 0
vt -3.66667 0
vt -3.66667 0.222222
vt 4.33333 0.222222
vt 4.33333 0
vt 0.333333 0
vt 0.333333 0.31427
vt -0.333333 0.31427
vt -0.333333 0
vt 1 0.31427
vt 1 0
vt -1 0
vt -1 0.31427
vt 1.66667 0
vt 1.66667 0.31427
vt 2.33333 0.31427
vt 2.33333 0
vt 3 0
vt 3 0.31427
vt 3.66667 0.31427
vt 3.66667 0
vt 4.33333 0
vt 4.33333 0.31427
vt 5 0.31427
vt 5 0
vt 5.66667 0
vt 5.66667 0.31427
vt -1.66667 0.31427
vt -1.66667 0
vt -2.33333 0
vt -2.33333 0.31427
vt -3 0.31427
vt -3 0
vt -3.66667 0
vt -3.66667 0.31427
vt -4.33333 0.31427
vt -4.33333 0
vt -5 0
vt -5 0.31427
vt -5 0
vt -4.33333 0
vt -4.33333 0.31427
vt -5 0.31427
vt -3.66667 0
vt -3.66667 0.31427
vt 5.66667 0
vt 5.66667 0.31427
vt 5 0.31427
vt 5 0
vt 4.33333 0
vt 4.33333 0.31427
vt -3 0.31427
vt -3 0
vt 3.66667 0.31427
vt 3.66667 0
vt 3 0
vt 3 0.31427
vt 2.33333 0.31427
vt 2.33333 0
vt 1.66667 0
vt 1.66667 0.31427
vt 1 0.31427
vt 1 0
vt 0.333333 0
vt 0.333333 0.31427
vt -0.333333 0.31427
vt -0.333333 0
vt -1 0
vt -1 0.31427
vt -1.66667 0.31427
vt -1.66667 0
vt -2.33333 0
vt -2.33333 0.31427
vt -3 0.888889
vt -3 0.611111
vt 3.55556 0.611111
vt 3.55556 0.888889
vt -3 0.333333
vt 3.55556 0.333333
vt 3.55556 1.16667
vt -3 1.16667
vt -3 1.44444
vt 3.55556 1.44444
vt 3.55556 2.72222
vt -3 2.72222
vt -3 2.44444
vt 3.55556 2.44444
vt -3 3
vt 3.55556 3
vt -3 -0.888889
vt -3 -1.16667
vt 3.55556 -1.16667
vt 3.55556 -0.888889
vt -3 -1.44445
vt 3.55556 -1.44445
vt 3.55556 0.944444
vt -3 0.944444
vt -3 0.666667
vt 3.55556 0.666667
vt -3 1.22222
vt 3.55556 1.22222
vt 3.55556 0.388889
vt -3 0.388889
vt -3 0.111111
vt 3.55556 0.111111
vt 3.55556 1.05556
vt -3 1.05555
vt -3 0.777778
vt 3.55556 0.777778
vt 3.55556 0.5
vt -3 0.5
vt -3 1.33333
vt 3.55556 1.33333
vt -3 0.222222
vt 3.55556 0.222222
vt -0.333333 0.222222
vt -0.333333 0
vt 0.333333 0
vt 0.333333 0.222222
vt 1 0.222222
vt 1 0
vt -1 0
vt -1 0.222222
vt 1.66667 0
vt 1.66667 0.222222
vt -0.666667 0.222222
vt -0.666667 0
vt 0 0
vt 0 0.222222
vt -1.33333 0
vt -1.33333 0.222222
vt 0.666667 0.222222
vt 0.666667 0
vt 1.33333 0
vt 1.33333 0.222222
vt 0.666667 0
vt 1.33333 0
vt 1.33333 0.222222
vt 0.666667 0.222222
vt 2 0
vt 2 0.222222
vt 0 0.222222
vt 0 0
vt -0.666667 0
vt -0.666667 0.222222
vt -4.33333 0.222222
vt -4.33333 0
vt -3.66667 0
vt -3.66667 0.222222
vt -5 0
vt -5 0.222222
vt 5.66667 0
vt 5.66667 0.222222
vt 5 0.222222
vt 5 0
vt 4.33333 0
vt 4.33333 0.222222
vt 0.31427 6
vt 0.31427 5.33333
vt 0 5.33333
vt 0 6
vt 0.31427 4.66667
vt 0 4.66667
vt 0.31427 -4.66667
vt 0 -4.66667
vt 0 -4
vt 0.31427 -4
vt 0.31427 -3.33333
vt 0 -3.33333
vt 0 4
vt 0.31427 4
vt 0 -2.66667
vt 0.31427 -2.66667
vt 0.31427 -2
vt 0 -2
vt 0 -1.33333
vt 0.31427 -1.33333
vt 0.31427 -0.666667
vt 0 -0.666667
vt 0.31427 3.33333
vt 0 3.33333
vt 0 0
vt 0.31427 0
vt 0.31427 0.666667
vt 0 0.666667
vt 0 2.66667
vt 0.31427 2.66667
vt 0.31427 2
vt 0 2
vt 0 1.33333
vt 0.31427 1.33333
vt 2.11111 0.777778
vt 2.11111 0.222222
vt -1 0.222222
vt -1 0.777778
vt 2.11111 -0.333333
vt -1 -0.333333
vt -1 1.33333
vt 2.11111 1.33333
vt 2.11111 1.88889
vt -1 1.88889
vt -1 4.44444
vt 2.11111 4.44444
vt 2.11111 3.88889
vt -1 3.88889
vt 2.11111 5
vt -1 5
vt 2.11111 -3.88889
vt -1 -3.88889
vt -1 -3.33333
vt 2.11111 -3.33333
vt 2.11111 -2.77778
vt -1 -2.77778
vt -1 0.888888
vt 2.11111 0.888889
vt 2.11111 0.333333
vt -1 0.333333
vt 2.11111 1.44445
vt -1 1.44444
vt 2.11111 -0.222222
vt -1 -0.222222
vt 2.11111 -0.777778
vt -1 -0.777778
vt -1 1.11111
vt 2.11111 1.11111
vt 2.11111 0.555556
vt -1 0.555555
vt -1 0
vt 2.11111 0
vt 2.11111 1.66667
vt -1 1.66667
vt 2.11111 -0.555555
vt -1 -0.555556
vt 0.31427 2
vt 0.31427 1.33333
vt 0 1.33333
vt 0 2
vt 0.31427 0.666667
vt 0 0.666667
vt 0 2.66667
vt 0.31427 2.66667
vt 0.31427 3.33333
vt 0 3.33333
vt 0 0
vt 0.31427 0
vt 0.31427 -0.666667
vt 0 -0.666667
vt 0 -1.33333
vt 0.31427 -1.33333
vt 0.31427 -2
vt 0 -2
vt 0 -2.66667
vt 0.31427 -2.66667
vt 0.31427 -3.33333
vt 0 -3.33333
vt 0 -4
vt 0.31427 -4
vt 0.31427 -4.66667
vt 0 -4.66667
vt 0 4
vt 0.31427 4
vt 0.31427 4.66667
vt 0 4.66667
vt 0 5.33333
vt 0.31427 5.33333
vt 0.31427 6
vt 0 6
vt 0.31427 2
vt 0.31427 1.33333
vt 0 1.33333
vt 0 2
vt 0.31427 0.666667
vt 0 0.666667
vt 0 2.66667
vt 0.31427 2.66667
vt 0 3.33333
vt 0.31427 3.33333
vt 0 0
vt 0.31427 0
vt 0.31427 -0.666667
vt 0 -0.666667
vt 0 -1.33333
vt 0.31427 -1.33333
vt 0.31427 -2
vt 0 -2
vt 0 -2.66667
vt 0.31427 -2.66667
vt 0.31427 -3.33333
vt 0 -3.33333
vt 0 -4
vt 0.31427 -4
vt 0.31427 -4.66667
vt 0 -4.66667
vt 0 4
vt 0.31427 4
vt 0.31427 4.66667
vt 0 4.66667
vt 0 5.33333
vt 0.31427 5.33333
vt 0.31427 6
vt 0 6
vt 2.11111 0.555556
vt -1 0.555555
vt -1 1.11111
vt 2.11111 1.11111
vt 2.11111 1.66667
vt -1 1.66667
vt -1 0
vt 2.11111 0
vt 2.11111 -0.555555
vt -1 -0.555556
vt 2.11111 0.777778
vt 2.11111 0.222222
vt -1 0.222222
vt -1 0.777778
vt 2.11111 -0.333333
vt -1 -0.333333
vt -1 1.33333
vt 2.11111 1.33333
vt 2.11111 1.88889
vt -1 1.88889
vt -1 4.44444
vt 2.11111 4.44444
vt 2.11111 3.88889
vt -1 3.88889
vt 2.11111 5
vt -1 5
vt 2.11111 -3.88889
vt -1 -3.88889
vt -1 -3.33333
vt 2.11111 -3.33333
vt 2.11111 -2.77778
vt -1 -2.77778
vt -1 0.888888
vt 2.11111 0.888889
vt 2.11111 0.333333
vt -1 0.333333
vt 2.11111 1.44445
vt -1 1.44444
vt -1 -0.222222
vt 2.11111 -0.222222
vt 2.11111 -0.777778
vt -1 -0.777778
vt 0.31427 6
vt 0.31427 5.33333
vt 0 5.33333
vt 0 6
vt 0.31427 4.66667
vt 0 4.66667
vt 0.31427 -4.66667
vt 0 -4.66667
vt 0 -4
vt 0.31427 -4
vt 0.31427 -3.33333
vt 0 -3.33333
vt 0 4
vt 0.31427 4
vt 0 -2.66667
vt 0.31427 -2.66667
vt 0.31427 -2
vt 0 -2
vt 0.31427 3.33333
vt 0 3.33333
vt 0 -1.33333
vt 0.31427 -1.33333
vt 0 2.66667
vt 0.31427 2.66667
vt 0.31427 2
vt 0 2
vt 0 1.33333
vt 0.31427 1.33333
vt 0.31427 -0.666667
vt 0 -0.666667
vt 0.31427 0.666667
vt 0 0.666667
vt 0 0
vt 0.31427 0
vt 0.666667 0
vt 1.33333 0
vt 1.33333 0.222222
vt 0.666667 0.222222
vt 2 0
vt 2 0.222222
vt 0 0.222222
vt 0 0
vt -0.666667 0
vt -0.666667 0.222222
vt -4.33333 0.222222
vt -4.33333 0
vt -3.66667 0
vt -3.66667 0.222222
vt -5 0
vt -5 0.222222
vt 5.66667 0
vt 5.66667 0.222222
vt 5 0.222222
vt 5 0
vt 4.33333 0
vt 4.33333 0.222222
vt 0 0.222222
vt 0 0
vt 0.666667 0
vt 0.666667 0.222222
vt -0.666667 0
vt -0.666667 0.222222
vt 1.33333 0.222222
vt 1.33333 0
vt 2 0
vt 2 0.222222
vt -5 0
vt -4.33333 0
vt -4.33333 0.222222
vt -5 0.222222
vt 5.66667 0
vt 5.66667 0.222222
vt 5 0.222222
vt 5 0
vt -3.66667 0
vt -3.66667 0.222222
vt 4.33333 0
vt 4.33333 0.222222
vt -0.333333 0.222222
vt -0.333333 0
vt 0.333333 0
vt 0.333333 0.222222
vt -1 0
vt -1 0.222222
vt 1 0.222222
vt 1 0
vt 1.66667 0
vt 1.66667 0.222222
vt 0 0
vt 0.666667 0
vt 0.666667 0.222222
vt 0 0.222222
vt 1.33333 0
vt 1.33333 0.222222
vt -0.666667 0.222222
vt -0.666667 0
vt -1.33333 0
vt -1.33333 0.222222
vt -5 0
vt -4.33333 0
vt -4.33333 0.31427
vt -5 0.31427
vt -3.66667 0
vt -3.66667 0.31427
vt 5.66667 0
vt 5.66667 0.31427
vt 5 0.31427
vt 5 0
vt 4.33333 0
vt 4.33333 0.31427
vt -3 0.31427
vt -3 0
vt 3.66667 0.31427
vt 3.66667 0
vt 3 0
vt 3 0.31427
vt 2.33333 0.31427
vt 2.33333 0
vt 1.66667 0
vt 1.66667 0.31427
vt 1 0.31427
vt 1 0
vt 0.333333 0
vt 0.333333 0.31427
vt -0.333333 0.31427
vt -0.333333 0
vt -1 0
vt -1 0.31427
vt -1.66667 0.31427
vt -1.66667 0
vt -2.33333 0
vt -2.33333 0.31427
vt -3 0.777778
vt 3.55556 0.777778
vt 3.55556 1.05556
vt -3 1.05555
vt 3.55556 0.5
vt -3 0.5
vt -3 1.33333
vt 3.55556 1.33333
vt -3 0.222222
vt 3.55556 0.222222
vt -3 0.888889
vt -3 0.611111
vt 3.55556 0.611111
vt 3.55556 0.888889
vt -3 0.333333
vt 3.55556 0.333333
vt 3.55556 1.16667
vt -3 1.16667
vt -3 1.44444
vt 3.55556 1.44444
vt 3.55556 2.72222
vt -3 2.72222
vt -3 2.44444
vt 3.55556 2.44444
vt -3 3
vt 3.55556 3
vt -3 -0.888889
vt -3 -1.16667
vt 3.55556 -1.16667
vt 3.55556 -0.888889
vt -3 -1.44445
vt 3.55556 -1.44445
vt 3.55556 0.944444
vt -3 0.944444
vt -3 0.666667
vt 3.55556 0.666667
vt -3 1.22222
vt 3.55556 1.22222
vt 3.55556 0.388889
vt -3 0.388889
vt -3 0.111111
vt 3.55556 0.111111
vt 0.333333 0
vt 0.333333 0.31427
vt -0.333333 0.31427
vt -0.333333 0
vt 1 0.31427
vt 1 0
vt -1 0
vt -1 0.31427
vt 1.66667 0
vt 1.66667 0.31427
vt 2.33333 0.31427
vt 2.33333 0
vt 3 0
vt 3 0.31427
vt 3.66667 0.31427
vt 3.66667 0
vt 4.33333 0
vt 4.33333 0.31427
vt 5 0.31427
vt 5 0
vt 5.66667 0
vt 5.66667 0.31427
vt -1.66667 0.31427
vt -1.66667 0
vt -2.33333 0
vt -2.33333 0.31427
vt -3 0.31427
vt -3 0
vt -3.66667 0
vt -3.66667 0.31427
vt -4.33333 0.31427
vt -4.33333 0
vt -5 0
vt -5 0.31427
vt 0.333333 0
vt 0.333333 0.222222
vt -0.333333 0.222222
vt -0.333333 0
vt -1 0
vt -1 0.222222
vt 1 0.222222
vt 1 0
vt 1.66667 0
vt 1.66667 0.222222
vt -0.666667 0.222222
vt -0.666667 0
vt 0 0
vt 0 0.222222
vt -1.33333 0
vt -1.33333 0.222222
vt 0.666667 0.222222
vt 0.666667 0
vt 1.33333 0
vt 1.33333 0.222222
vt 0 -2.875
vt 0 3.375
vt 1 3.375
vt 1 -2.875
vt 1 1.125
vt 1 0
vt 0 0
vt 0 1.125
vt 0 -1
vt 0 2
vt 1 2
vt 1 -1
vt 1 0.25
vt 1 1
vt 0 1
vt 0 0.25
vt 0 1.25
vt 0 0.125
vt 1 0.125
vt 1 1.25
vt 0 1.125
vt 0 0
vt 1 0
vt 1 1.125
vt 1 0.25
vt 1 1
vt 0 1
vt 0 0.25
vt 0 3.375
vt 0 -2.875
vt 1 -2.875
vt 1 3.375
vt 0 1.125
vt 0 0
vt 1 0
vt 1 1.125
vt 0 -1
vt 1 -1
vt 1 2
vt 0 2
vt 0.8125 0.546875
vt 0.8125 0.539063
vt 0.742188 0.546875
vt 0.742188 0.5625
vt 0.671875 0.539063
vt 0.671875 0.546875
vt 0.625 0.515625
vt 0.625 0.523438
vt 0.390625 0.132813
vt 0.398438 0.125
vt 0.382813 0.0625
vt 0.390625 0.0625
vt 0.382813 -0.125
vt 0.390625 -0.125
vt 0.382813 0.0625
vt 0.390625 0.0625
vt 0.398438 0.125
vt 0.390625 0.132813
vt 0.390625 -0.125
vt 0.382813 -0.125
vt 0.625 0.515625
vt 0.625 0.523438
vt 0.671875 0.539063
vt 0.671875 0.546875
vt 0.382813 0.0625
vt 0.390625 0.132813
vt 0.398438 0.125
vt 0.390625 0.0625
vt 0.390625 -0.125
vt 0.382813 -0.125
vt 0.625 0.515625
vt 0.625 0.523438
vt 0.671875 0.539063
vt 0.671875 0.546875
vt 0.8125 0.539063
vt 0.8125 0.546875
vt 0.742188 0.546875
vt 0.742188 0.5625
vt 0.671875 0.539063
vt 0.671875 0.546875
vt 0.625 0.515625
vt 0.625 0.523438
vt 0.390625 0.132813
vt 0.398438 0.125
vt 0.382813 0.0625
vt 0.390625 0.0625
vt 0.382813 -0.125
vt 0.390625 -0.125
vt 1 3.25
vt 1 -3
vt 0 3.25
vt 0 -3
vt -0.5 1
vt 1.75 1
vt -0.5 0.5
vt 1.75 0.5
vt 1 1
vt 1 0
vt 0 1
vt 0 0
vt 1 2
vt 1 -1
vt 0 -1
vt 0 2
vt 1 2
vt 0 2
vt 0 -1
vt 1 -1
vt 1.5 1
vt 1.5 0.5
vt 0 0.5
vt 0 1
vt 1 1
vt 0 1
vt 0 0
vt 1 0
vt 1.5 1
vt 1.5 0.5
vt 0 0.5
vt 0 1
vt -0.25 1
vt 2 1
vt -0.25 0.5
vt 2 0.5
vt 1 3.25
vt 0 3.25
vt 0 -3
vt 1 -3
vt 1 3.25
vt 1 -3
vt 0 3.25
vt 0 -3
vt -0.5 1
vt 1.75 1
vt -0.5 0.5
vt 1.75 0.5
vt 1 1
vt 1 0
vt 0 1
vt 0 0
vt 1 2
vt 1 -1
vt 0 -1
vt 0 2
vt 1 2
vt 0 2
vt 0 -1
vt 1 -1
vt 1.5 1
vt 1.5 0.5
vt 0 0.5
vt 0 1
vt 1 1
vt 0 1
vt 0 0
vt 1 0
vt 1.5 1
vt 1.5 0.5
vt 0 0.5
vt 0 1
vt -0.25 1
vt 2 1
vt -0.25 0.5
vt 2 0.5
vt 1 3.25
vt 0 3.25
vt 0 -3
vt 1 -3
vt 0.8125 0.546875
vt 0.8125 0.539063
vt 0.742188 0.546875
vt 0.742188 0.5625
vt 0.671875 0.539063
vt 0.671875 0.546875
vt 0.625 0.515625
vt 0.625 0.523438
vt 0.390625 0.132813
vt 0.398438 0.125
vt 0.382813 0.0625
vt 0.390625 0.0625
vt 0.382813 -0.125
vt 0.390625 -0.125
vt 0.382813 0.0625
vt 0.390625 0.0625
vt 0.398438 0.125
vt 0.390625 0.132813
vt 0.390625 -0.125
vt 0.382813 -0.125
vt 0.625 0.515625
vt 0.625 0.523438
vt 0.671875 0.539063
vt 0.671875 0.546875
vt 0.382813 0.0625
vt 0.390625 0.132813
vt 0.398438 0.125
vt 0.390625 0.0625
vt 0.390625 -0.125
vt 0.382813 -0.125
vt 0.625 0.515625
vt 0.625 0.523438
vt 0.671875 0.539063
vt 0.671875 0.546875
vt 0.8125 0.539063
vt 0.8125 0.546875
vt 0.742188 0.546875
vt 0.742188 0.5625
vt 0.671875 0.539063
vt 0.671875 0.546875
vt 0.625 0.515625
vt 0.625 0.523438
vt 0.390625 0.132813
vt 0.398438 0.125
vt 0.382813 0.0625
vt 0.390625 0.0625
vt 0.382813 -0.125
vt 0.390625 -0.125
vt 0 -2.875
vt 0 3.375
vt 1 3.375
vt 1 -2.875
vt 1 1.125
vt 1 0
vt 0 0
vt 0 1.125
vt 0 -1
vt 0 2
vt 1 2
vt 1 -1
vt 1 0.25
vt 1 1
vt 0 1
vt 0 0.25
vt 0 1.25
vt 0 0.125
vt 1 0.125
vt 1 1.25
vt 0 1.125
vt 0 0
vt 1 0
vt 1 1.125
vt 1 0.25
vt 1 1
vt 0 1
vt 0 0.25
vt 0 3.375
vt 0 -2.875
vt 1 -2.875
vt 1 3.375
vt 0 1.125
vt 0 0
vt 1 0
vt 1 1.125
vt 0 -1
vt 1 -1
vt 1 2
vt 0 2
vt 1 3.25
vt 1 -3
vt 0 3.25
vt 0 -3
vt -0.5 1
vt 1.75 1
vt -0.5 0.5
vt 1.75 0.5
vt 1 1
vt 1 0
vt 0 1
vt 0 0
vt 1 2
vt 1 -1
vt 0 -1
vt 0 2
vt 1 2
vt 0 2
vt 0 -1
vt 1 -1
vt 1.5 1
vt 1.5 0.5
vt 0 0.5
vt 0 1
vt 1 1
vt 0 1
vt 0 0
vt 1 0
vt 1.5 1
vt 1.5 0.5
vt 0 0.5
vt 0 1
vt -0.25 1
vt 2 1
vt -0.25 0.5
vt 2 0.5
vt 1 3.25
vt 0 3.25
vt 0 -3
vt 1 -3
vt 0.8125 0.546875
vt 0.8125 0.539063
vt 0.742188 0.546875
vt 0.742188 0.5625
vt 0.671875 0.539063
vt 0.671875 0.546875
vt 0.625 0.515625
vt 0.625 0.523438
vt 0.390625 0.132813
vt 0.398438 0.125
vt 0.382813 0.0625
vt 0.390625 0.0625
vt 0.382813 -0.125
vt 0.390625 -0.125
vt 0.382813 0.0625
vt 0.390625 0.0625
vt 0.398438 0.125
vt 0.390625 0.132813
vt 0.390625 -0.125
vt 0.382813 -0.125
vt 0.625 0.515625
vt 0.625 0.523438
vt 0.671875 0.539063
vt 0.671875 0.546875
vt 0.382813 0.0625
vt 0.390625 0.132813
vt 0.398438 0.125
vt 0.390625 0.0625
vt 0.390625 -0.125
vt 0.382813 -0.125
vt 0.625 0.515625
vt 0.625 0.523438
vt 0.671875 0.539063
vt 0.671875 0.546875
vt 0.8125 0.539063
vt 0.8125 0.546875
vt 0.742188 0.546875
vt 0.742188 0.5625
vt 0.671875 0.539063
vt 0.671875 0.546875
vt 0.625 0.515625
vt 0.625 0.523438
vt 0.390625 0.132813
vt 0.398438 0.125
vt 0.382813 0.0625
vt 0.390625 0.0625
vt 0.382813 -0.125
vt 0.390625 -0.125
vt 0 -2.875
vt 0 3.375
vt 1 3.375
vt 1 -2.875
vt 1 1.125
vt 1 0
vt 0 0
vt 0 1.125
vt 0 -1
vt 0 2
vt 1 2
vt 1 -1
vt 1 0.25
vt 1 1
vt 0 1
vt 0 0.25
vt 0 1.25
vt 0 0.125
vt 1 0.125
vt 1 1.25
vt 0 1.125
vt 0 0
vt 1 0
vt 1 1.125
vt 1 0.25
vt 1 1
vt 0 1
vt 0 0.25
vt 0 3.375
vt 0 -2.875
vt 1 -2.875
vt 1 3.375
vt 0 1.125
vt 0 0
vt 1 0
vt 1 1.125
vt 0 -1
vt 1 -1
vt 1 2
vt 0 2
vt 0.010203 0.00781202
vt 0.989797 0.00781202
vt 0.989797 1.99219
vt 0.010203 1.99219
vt 0.359375 0.84375
vt 1.125 0.84375
vt 1.125 0.867188
vt 0.359375 0.867188
vt -0.125 0.84375
vt -0.125 0.867188
vt 1.875 0.867188
vt 1.875 0.84375
vt 1.875 0.867188
vt -0.125 0.867188
vt -0.125 0.84375
vt 1.875 0.84375
vt 0.359375 0.84375
vt 0.359375 0.867188
vt 1.125 0.867188
vt 1.125 0.84375
vt 1 0
vt 1 2
vt -0.125 0.875
vt 1.875 0.875
vt 1 2
vt 0 2
vt 1.125 0.875
vt 0.359375 0.875
vt 1.125 0.875
vt 0.359375 0.875
vt 1 0
vt 0 0
vt -0.125 0.875
vt 1.875 0.875
vt 0 0
vt 0 2
vn 0 0 -1
vn 0 0 -1
vn 0 0 -1
vn 0 0 -1
vn 0 0 -1
vn 0 0 -1
vn 0 0 -1
vn 0 0 -1
vn 0 0 -1
vn 0 0 -1
vn 0 0 -1
vn 0 0 -1
vn 0 0 -1
vn 0 0 -1
vn 0 0 -1
vn 0 0 -1
vn 0 0 -1
vn 0 0 -1
vn 0 0 -1
vn 0 0 -1
vn 0 0 -1
vn 0 0 -1
vn 0 0 -1
vn 0 0 -1
vn 0 0 -1
vn 0 0 -1
vn 0 0 -1
vn 0 0 -1
vn 0 0 -1
vn 0 0 -1
vn 0 0 -1
vn 0 0 -1
vn 0 0 -1
vn 0 0 -1
vn 0 0 -1
vn 0 0 -1
vn 0 0 -1
vn 0 0 -1
vn 0 0 -1
vn 0 0 1
vn 0 0 1
vn 0 0 1
vn 0 0 1
vn 0 0 1
vn 0 0 1
vn 0 0 1
vn 0 0 1
vn 0 0 1
vn 0 0 1
vn 0 0 1
vn 0 0 1
vn 0 0 1
vn 0 0 1
vn 0 0 1
vn 0 0 1
vn 0 0 1
vn 0 0 1
vn 0 0 1
vn 0 0 1
vn 0 0 1
vn 0 0 1
vn 0 0 1
vn 0 0 1
vn 0 0 1
vn 0 0 1
vn 0 0 1
vn 0 0 1
vn 0 0 1
vn 0 0 1
vn 0 0 1
vn 0 0 1
vn 0 0 1
vn 0 0 1
vn 0 0 1
vn 0 0 1
vn 0 0 1
vn 0 0 1
vn 0 0 -1
vn 0 0 -1
vn 0 0 -1
vn 0 0 -1
vn 0 0 -1
vn 0 0 -1
vn 0 0 -1
vn 0 0 -1
vn 0 0 -1
vn 0 0 -1
vn 0 0 -1
vn 0 0 -1
vn 0 0 -1
vn 0 0 -1
vn 0 0 -1
vn 0 0 -1
vn 0 0 -1
vn 0 0 -1
vn 0 0 -1
vn 0 0 -1
vn 0 0 -1
vn 0 0 -1
vn 0 0 -1
vn 0 0 -1
vn 0 0 -1
vn 0 0 -1
vn 0 0 -1
vn 0 0 -1
vn 0 0 -1
vn 0 0 -1
vn 0 0 -1
vn 0 0 -1
vn 0 0 -1
vn 0 0 -1
vn 0 0 -1
vn 0 0 -1
vn 0 0 -1
vn 0 0 -1
vn 0 0 1
vn 0 0 1
vn 0 0 1
vn 0 0 1
vn 0 0 1
vn 0 0 1
vn 0 0 1
vn 0 0 1
vn 0 0 1
vn 0 0 1
vn 0 0 1
vn 0 0 1
vn 0 0 1
vn 0 0 1
vn 0 0 1
vn 0 0 1
vn 0 0 1
vn 0 0 1
vn 0 0 1
vn 0 0 1
vn 0 0 1
vn 0 0 1
vn 0 0 1
vn 0 0 1
vn 0 0 1
vn 0 0 1
vn 0 0 1
vn 0 0 1
vn 0 0 1
vn 0 0 1
vn 0 0 1
vn 0 0 1
vn 0 0 1
vn 0 0 1
vn 0 0 1
vn 0 0 1
vn 0 0 1
vn 0 0 1
vn 0 0 -1
vn 0 0 -1
vn 0 0 -1
vn 0 0 -1
vn 0 0 -1
vn 0 0 -1
vn 0 0 -1
vn 0 0 -1
vn 0 0 -1
vn 0 0 -1
vn 0 0 -1
vn 0 0 -1
vn 0 0 -1
vn 0 0 -1
vn 0 0 -1
vn 0 0 -1
vn 0 0 -1
vn 0 0 -1
vn 0 0 -1
vn 0 0 -1
vn 0 0 -1
vn 0 0 -1
vn 0 0 -1
vn 0 0 -1
vn 0 0 -1
vn 0 0 -1
vn 0 0 -1
vn 0 0 -1
vn 0 0 -1
vn 0 0 -1
vn 0 0 -1
vn 0 0 -1
vn 0 0 -1
vn 0 0 -1
vn 0 0 -1
vn 0 0 -1
vn 0 0 -1
vn 0 0 -1
vn 0 0 1
vn 0 0 1
vn 0 0 1
vn 0 0 1
vn 0 0 1
vn 0 0 1
vn 0 0 1
vn 0 0 1
vn 0 0 1
vn 0 0 1
vn 0 0 1
vn 0 0 1
vn 0 0 1
vn 0 0 1
vn 0 0 1
vn 0 0 1
vn 0 0 1
vn 0 0 1
vn 0 0 1
vn 0 0 1
vn 0 0 1
vn 0 0 1
vn 0 0 1
vn 0 0 1
vn 0 0 1
vn 0 0 1
vn 0 0 1
vn 0 0 1
vn 0 0 1
vn 0 0 1
vn 0 0 1
vn 0 0 1
vn 0 0 1
vn 0 0 1
vn 0 0 1
vn 0 0 1
vn 0 0 1
vn 0 0 1
vn -0.942368 0.334579 0
vn -0.89996 0.318963 0.297213
vn -0.67355 0.673549 0.304405
vn -0.707107 0.707107 0
vn -0.956957 0 0.290231
vn -1 0 0
vn -0.942368 -0.334579 0
vn -0.89996 -0.318963 0.297213
vn -0.956957 0 0.290231
vn -1 0 0
vn -0.673549 -0.67355 0.304405
vn -0.707107 -0.707107 0
vn 0 0.956957 0.290231
vn 0.318963 0.89996 0.297213
vn 0.334579 0.942368 0
vn 0 1 0
vn 0.673549 0.67355 0.304405
vn 0.707107 0.707107 0
vn -0.334579 0.942368 0
vn -0.318963 0.89996 0.297213
vn -0.67355 0.673549 0.304405
vn -0.707107 0.707107 0
vn 0.956957 0 0.290231
vn 1 0 0
vn 0.942368 0.334579 0
vn 0.89996 0.318963 0.297213
vn 0.942368 -0.334579 0
vn 0.89996 -0.318963 0.297213
vn 0.673549 0.67355 0.304405
vn 0.707107 0.707107 0
vn 0.67355 -0.673549 0.304405
vn 0.707107 -0.707107 0
vn 0.334579 -0.942368 0
vn 0.318963 -0.89996 0.297213
vn 0 -0.956957 0.290231
vn 0 -1 0
vn 0.67355 -0.673549 0.304405
vn 0.707107 -0.707107 0
vn -0.318963 -0.89996 0.297213
vn -0.334579 -0.942368 0
vn -0.673549 -0.67355 0.304405
vn -0.707107 -0.707107 0
vn 0.956957 0 0.290231
vn 0.956957 0 0.290231
vn 0.89996 0.318963 0.297213
vn 0.89996 0.318963 0.297213
vn 0.89996 -0.318963 0.297213
vn 0.89996 -0.318963 0.297213
vn 0.673549 0.673549 0.304405
vn 0.673549 0.67355 0.304405
vn 0.673549 -0.673549 0.304405
vn 0.67355 -0.673549 0.304405
vn 0.318963 -0.89996 0.297213
vn 0.318963 -0.89996 0.297213
vn 0 -0.956957 0.290231
vn 0 -0.956957 0.290231
vn -0.318963 -0.89996 0.297213
vn -0.318963 -0.89996 0.297213
vn -0.673549 -0.673549 0.304405
vn -0.673549 -0.67355 0.304405
vn -0.89996 -0.318963 0.297213
vn -0.89996 -0.318963 0.297213
vn -0.956957 0 0.290231
vn -0.956957 0 0.290231
vn 0.318963 0.89996 0.297213
vn 0.318963 0.89996 0.297213
vn 0 0.956957 0.290231
vn 0 0.956957 0.290231
vn -0.318963 0.89996 0.297213
vn -0.318963 0.89996 0.297213
vn -0.673549 0.673549 0.304405
vn -0.67355 0.673549 0.304405
vn -0.89996 0.318963 0.297213
vn -0.89996 0.318963 0.297213
vn -0.956957 0 0.290231
vn -0.956957 0 0.290231
vn 0.956957 0 -0.290231
vn 0.89996 0.318963 -0.297213
vn 0.89996 0.318963 -0.297213
vn 0.956957 0 -0.290231
vn 0.673549 0.673549 -0.304405
vn 0.673549 0.673549 -0.304405
vn 0.956957 0 -0.290231
vn 0.956957 0 -0.290231
vn 0.89996 -0.318963 -0.297213
vn 0.89996 -0.318963 -0.297213
vn 0.673549 -0.673549 -0.304405
vn 0.673549 -0.673549 -0.304405
vn 0.318963 0.89996 -0.297213
vn 0.318963 0.89996 -0.297213
vn 0.318963 -0.89996 -0.297213
vn 0.318963 -0.89996 -0.297213
vn 0 -0.956957 -0.290231
vn 0 -0.956957 -0.290231
vn -0.318963 -0.89996 -0.297213
vn -0.318963 -0.89996 -0.297213
vn -0.673549 -0.673549 -0.304405
vn -0.673549 -0.673549 -0.304405
vn -0.89996 -0.318963 -0.297213
vn -0.89996 -0.318963 -0.297213
vn -0.956957 0 -0.290231
vn -0.956957 0 -0.290231
vn -0.89996 0.318963 -0.297213
vn -0.89996 0.318963 -0.297213
vn -0.673549 0.673549 -0.304405
vn -0.673549 0.673549 -0.304405
vn -0.318963 0.89996 -0.297213
vn -0.318963 0.89996 -0.297213
vn 0 0.956957 -0.290231
vn 0 0.956957 -0.290231
vn 0.956957 0 -0.290231
vn 0.956957 0 0.290231
vn 0.89996 0.318963 0.297213
vn 0.89996 0.318963 -0.297213
vn 0.89996 -0.318963 0.297213
vn 0.89996 -0.318963 -0.297213
vn 0.673549 0.673549 -0.304405
vn 0.673549 0.673549 0.304405
vn 0.673549 -0.673549 -0.304405
vn 0.673549 -0.673549 0.304405
vn 0 0.956957 -0.290231
vn 0.318963 0.89996 -0.297213
vn 0.318963 0.89996 0.297213
vn 0 0.956957 0.290231
vn 0.673549 0.673549 -0.304405
vn 0.673549 0.673549 0.304405
vn -0.318963 0.89996 0.297213
vn -0.318963 0.89996 -0.297213
vn -0.673549 0.673549 -0.304405
vn -0.673549 0.673549 0.304405
vn -0.89996 0.318963 0.297213
vn -0.89996 0.318963 -0.297213
vn -0.673549 0.673549 -0.304405
vn -0.673549 0.673549 0.304405
vn -0.956957 0 -0.290231
vn -0.956957 0 0.290231
vn -0.956957 0 -0.290231
vn -0.956957 0 0.290231
vn -0.89996 -0.318963 0.297213
vn -0.89996 -0.318963 -0.297213
vn -0.673549 -0.673549 -0.304405
vn -0.673549 -0.673549 0.304405
vn 0.318963 -0.89996 0.297213
vn 0.318963 -0.89996 -0.297213
vn 0 -0.956957 -0.290231
vn 0 -0.956957 0.290231
vn 0.673549 -0.673549 -0.304405
vn 0.673549 -0.673549 0.304405
vn -0.318963 -0.89996 0.297213
vn -0.318963 -0.89996 -0.297213
vn -0.673549 -0.673549 -0.304405
vn -0.673549 -0.673549 0.304405
vn -0.673549 0.673549 -0.304405
vn -0.89996 0.318963 -0.297213
vn -0.942368 0.334579 0
vn -0.707107 0.707107 0
vn -0.956957 0 -0.290231
vn -1 0 0
vn -0.89996 -0.318963 -0.297213
vn -0.942368 -0.334579 0
vn -0.673549 -0.673549 -0.304405
vn -0.707107 -0.707107 0
vn 0.334579 0.942368 0
vn 0.318963 0.89996 -0.297213
vn 0 0.956957 -0.290231
vn 0 1 0
vn 0.673549 0.673549 -0.304405
vn 0.707107 0.707107 0
vn -0.334579 0.942368 0
vn -0.318963 0.89996 -0.297213
vn -0.673549 0.673549 -0.304405
vn -0.707107 0.707107 0
vn 0.956957 0 -0.290231
vn 0.89996 0.318963 -0.297213
vn 0.942368 0.334579 0
vn 1 0 0
vn 0.673549 0.673549 -0.304405
vn 0.707107 0.707107 0
vn 0.956957 0 -0.290231
vn 1 0 0
vn 0.942368 -0.334579 0
vn 0.89996 -0.318963 -0.297213
vn 0.673549 -0.673549 -0.304405
vn 0.707107 -0.707107 0
vn 0 -0.956957 -0.290231
vn 0.318963 -0.89996 -0.297213
vn 0.334579 -0.942368 0
vn 0 -1 0
vn 0.673549 -0.673549 -0.304405
vn 0.707107 -0.707107 0
vn -0.334579 -0.942368 0
vn -0.318963 -0.89996 -0.297213
vn -0.673549 -0.673549 -0.304405
vn -0.707107 -0.707107 0
vn 0.942368 -0.334579 0
vn 0.942368 -0.334579 0
vn 0.707107 -0.707107 0
vn 0.707107 -0.707107 0
vn 1 0 0
vn 1 0 0
vn 0.707107 0.707107 0
vn 0.942368 0.334579 0
vn 0.942368 0.334579 0
vn 0.707107 0.707107 0
vn 1 0 0
vn 1 0 0
vn -0.334579 0.942368 0
vn -0.334579 0.942368 0
vn 0 1 0
vn 0 1 0
vn -0.707107 0.707107 0
vn -0.707107 0.707107 0
vn 0.334579 0.942368 0
vn 0.334579 0.942368 0
vn 0.707107 0.707107 0
vn 0.707107 0.707107 0
vn -0.942368 -0.334579 0
vn -0.942368 -0.334579 0
vn -1 0 0
vn -1 0 0
vn -0.707107 -0.707107 0
vn -0.707107 -0.707107 0
vn -0.942368 0.334579 0
vn -0.942368 0.334579 0
vn -0.707107 0.707107 0
vn -0.707107 0.707107 0
vn 0 -1 0
vn -0.334579 -0.942368 0
vn -0.334579 -0.942368 0
vn 0 -1 0
vn -0.707107 -0.707107 0
vn -0.707107 -0.707107 0
vn 0.334579 -0.942368 0
vn 0.334579 -0.942368 0
vn 0.707107 -0.707107 0
vn 0.707107 -0.707107 0
vn -0.777254 -0.274892 -0.56596
vn -0.777254 -0.274892 -0.56596
vn -0.83205 0 -0.5547
vn -0.83205 0 -0.5547
vn -0.777254 0.274892 -0.56596
vn -0.777254 0.274892 -0.56596
vn -0.57735 -0.57735 -0.57735
vn -0.57735 -0.57735 -0.57735
vn -0.57735 0.57735 -0.57735
vn -0.57735 0.57735 -0.57735
vn -0.274892 -0.777254 -0.56596
vn -0.274892 -0.777254 -0.56596
vn -0.274892 0.777254 -0.56596
vn -0.274892 0.777254 -0.56596
vn 0 0.83205 -0.5547
vn 0 0.83205 -0.5547
vn 0.274892 0.777254 -0.56596
vn 0.274892 0.777254 -0.56596
vn 0.57735 0.57735 -0.57735
vn 0.57735 0.57735 -0.57735
vn 0 -0.83205 -0.5547
vn 0 -0.83205 -0.5547
vn 0.274892 -0.777254 -0.56596
vn 0.274892 -0.777254 -0.56596
vn 0.57735 -0.57735 -0.57735
vn 0.57735 -0.57735 -0.57735
vn 0.777254 -0.274892 -0.56596
vn 0.777254 -0.274892 -0.56596
vn 0.777254 0.274892 -0.56596
vn 0.777254 0.274892 -0.56596
vn 0.83205 0 -0.5547
vn 0.83205 0 -0.5547
vn 0.83205 0 -0.5547
vn 0.83205 0 -0.5547
vn -0.777254 -0.274892 0.56596
vn -0.777254 -0.274892 0.56596
vn -0.57735 -0.57735 0.57735
vn -0.57735 -0.57735 0.57735
vn -0.83205 0 0.5547
vn -0.83205 0 0.5547
vn -0.274892 -0.777254 0.56596
vn -0.274892 -0.777254 0.56596
vn 0 -0.83205 0.5547
vn 0 -0.83205 0.5547
vn 0.274892 -0.777254 0.56596
vn 0.274892 -0.777254 0.56596
vn 0.57735 -0.57735 0.57735
vn 0.57735 -0.57735 0.57735
vn 0.777254 -0.274892 0.56596
vn 0.777254 -0.274892 0.56596
vn 0.83205 0 0.5547
vn 0.83205 0 0.5547
vn 0.777254 0.274892 0.56596
vn 0.777254 0.274892 0.56596
vn 0.57735 0.57735 0.57735
vn 0.57735 0.57735 0.57735
vn 0.274892 0.777254 0.56596
vn 0.274892 0.777254 0.56596
vn 0 0.83205 0.5547
vn 0 0.83205 0.5547
vn -0.274892 0.777254 0.56596
vn -0.274892 0.777254 0.56596
vn -0.57735 0.57735 0.57735
vn -0.57735 0.57735 0.57735
vn -0.777254 0.274892 0.56596
vn -0.777254 0.274892 0.56596
vn -0.83205 0 0.5547
vn -0.83205 0 0.5547
vn 0.942368 -0.334579 0
vn 0.942368 -0.334579 0
vn 1 0 0
vn 1 0 0
vn 0.707107 -0.707107 0
vn 0.707107 -0.707107 0
vn 0.942368 0.334579 0
vn 0.942368 0.334579 0
vn 0.707107 0.707107 0
vn 0.707107 0.707107 0
vn -0.334579 -0.942368 0
vn -0.334579 -0.942368 0
vn 0 -1 0
vn 0 -1 0
vn -0.707107 -0.707107 0
vn -0.707107 -0.707107 0
vn 0.334579 -0.942368 0
vn 0.334579 -0.942368 0
vn 0.707107 -0.707107 0
vn 0.707107 -0.707107 0
vn -1 0 0
vn -0.942368 -0.334579 0
vn -0.942368 -0.334579 0
vn -1 0 0
vn -0.707107 -0.707107 0
vn -0.707107 -0.707107 0
vn -1 0 0
vn -1 0 0
vn -0.942368 0.334579 0
vn -0.942368 0.334579 0
vn -0.707107 0.707107 0
vn -0.707107 0.707107 0
vn 0 1 0
vn -0.334579 0.942368 0
vn -0.334579 0.942368 0
vn 0 1 0
vn -0.707107 0.707107 0
vn -0.707107 0.707107 0
vn 0.334579 0.942368 0
vn 0.334579 0.942368 0
vn 0.707107 0.707107 0
vn 0.707107 0.707107 0
vn -1 0 0
vn -1 0 0
vn -0.942368 -0.334579 0
vn -0.942368 -0.334579 0
vn -0.707107 -0.707107 0
vn -0.707107 -0.707107 0
vn -0.942368 0.334579 0
vn -0.942368 0.334579 0
vn -0.707107 0.707107 0
vn -0.707107 0.707107 0
vn 0 -1 0
vn -0.334579 -0.942368 0
vn -0.334579 -0.942368 0
vn 0 -1 0
vn -0.707107 -0.707107 0
vn -0.707107 -0.707107 0
vn 0.334579 -0.942368 0
vn 0.334579 -0.942368 0
vn 0.707107 -0.707107 0
vn 0.707107 -0.707107 0
vn 0.942368 -0.334579 0
vn 0.942368 -0.334579 0
vn 0.707107 -0.707107 0
vn 0.707107 -0.707107 0
vn 1 0 0
vn 1 0 0
vn 1 0 0
vn 1 0 0
vn 0.942368 0.334579 0
vn 0.942368 0.334579 0
vn 0.707107 0.707107 0
vn 0.707107 0.707107 0
vn -0.334579 0.942368 0
vn -0.334579 0.942368 0
vn 0 1 0
vn 0 1 0
vn -0.707107 0.707107 0
vn -0.707107 0.707107 0
vn 0.334579 0.942368 0
vn 0.334579 0.942368 0
vn 0.707107 0.707107 0
vn 0.707107 0.707107 0
vn -1 0 0
vn -1 0 0
vn -0.942368 -0.334579 0
vn -0.942368 -0.334579 0
vn -0.707107 -0.707107 0
vn -0.707107 -0.707107 0
vn -0.942368 0.334579 0
vn -0.942368 0.334579 0
vn -0.707107 0.707107 0
vn -0.707107 0.707107 0
vn 0 -1 0
vn -0.334579 -0.942368 0
vn -0.334579 -0.942368 0
vn 0 -1 0
vn -0.707107 -0.707107 0
vn -0.707107 -0.707107 0
vn 0.334579 -0.942368 0
vn 0.334579 -0.942368 0
vn 0.707107 -0.707107 0
vn 0.707107 -0.707107 0
vn 0.942368 -0.334579 0
vn 0.942368 -0.334579 0
vn 0.707107 -0.707107 0
vn 0.707107 -0.707107 0
vn 1 0 0
vn 1 0 0
vn 0.707107 0.707107 0
vn 0.942368 0.334579 0
vn 0.942368 0.334579 0
vn 0.707107 0.707107 0
vn 1 0 0
vn 1 0 0
vn -0.334579 0.942368 0
vn -0.334579 0.942368 0
vn 0 1 0
vn 0 1 0
vn -0.707107 0.707107 0
vn -0.707107 0.707107 0
vn 0.334579 0.942368 0
vn 0.334579 0.942368 0
vn 0.707107 0.707107 0
vn 0.707107 0.707107 0
vn -1 0 0
vn -1 0 0
vn -0.942368 -0.334579 0
vn -0.942368 -0.334579 0
vn -0.942368 0.334579 0
vn -0.942368 0.334579 0
vn -0.707107 -0.707107 0
vn -0.707107 -0.707107 0
vn -0.707107 0.707107 0
vn -0.707107 0.707107 0
vn 0 -1 0
vn -0.334579 -0.942368 0
vn -0.334579 -0.942368 0
vn 0 -1 0
vn -0.707107 -0.707107 0
vn -0.707107 -0.707107 0
vn 0.334579 -0.942368 0
vn 0.334579 -0.942368 0
vn 0.707107 -0.707107 0
vn 0.707107 -0.707107 0
vn 0.942368 -0.334579 0
vn 0.942368 -0.334579 0
vn 0.707107 -0.707107 0
vn 0.707107 -0.707107 0
vn 1 0 0
vn 1 0 0
vn 1 0 0
vn 1 0 0
vn 0.942368 0.334579 0
vn 0.942368 0.334579 0
vn 0.707107 0.707107 0
vn 0.707107 0.707107 0
vn -0.334579 0.942368 0
vn -0.334579 0.942368 0
vn 0 1 0
vn 0 1 0
vn -0.707107 0.707107 0
vn -0.707107 0.707107 0
vn 0.334579 0.942368 0
vn 0.334579 0.942368 0
vn 0.707107 0.707107 0
vn 0.707107 0.707107 0
vn -0.334579 -0.942368 0
vn -0.334579 -0.942368 0
vn 0 -1 0
vn 0 -1 0
vn -0.707107 -0.707107 0
vn -0.707107 -0.707107 0
vn 0.334579 -0.942368 0
vn 0.334579 -0.942368 0
vn 0.707107 -0.707107 0
vn 0.707107 -0.707107 0
vn 0.942368 -0.334579 0
vn 0.942368 -0.334579 0
vn 1 0 0
vn 1 0 0
vn 0.707107 -0.707107 0
vn 0.707107 -0.707107 0
vn 0.942368 0.334579 0
vn 0.942368 0.334579 0
vn 0.707107 0.707107 0
vn 0.707107 0.707107 0
vn -1 0 0
vn -0.942368 -0.334579 0
vn -0.942368 -0.334579 0
vn -1 0 0
vn -0.707107 -0.707107 0
vn -0.707107 -0.707107 0
vn -1 0 0
vn -1 0 0
vn -0.942368 0.334579 0
vn -0.942368 0.334579 0
vn -0.707107 0.707107 0
vn -0.707107 0.707107 0
vn 0 1 0
vn -0.334579 0.942368 0
vn -0.334579 0.942368 0
vn 0 1 0
vn -0.707107 0.707107 0
vn -0.707107 0.707107 0
vn 0.334579 0.942368 0
vn 0.334579 0.942368 0
vn 0.707107 0.707107 0
vn 0.707107 0.707107 0
vn -0.334579 -0.942368 0
vn -0.334579 -0.942368 0
vn 0 -1 0
vn 0 -1 0
vn -0.707107 -0.707107 0
vn -0.707107 -0.707107 0
vn 0.334579 -0.942368 0
vn 0.334579 -0.942368 0
vn 0.707107 -0.707107 0
vn 0.707107 -0.707107 0
vn 0.707107 -0.707107 0
vn 0.942368 -0.334579 0
vn 0.942368 -0.334579 0
vn 0.707107 -0.707107 0
vn 1 0 0
vn 1 0 0
vn 0.942368 0.334579 0
vn 0.942368 0.334579 0
vn 0.707107 0.707107 0
vn 0.707107 0.707107 0
vn -1 0 0
vn -0.942368 -0.334579 0
vn -0.942368 -0.334579 0
vn -1 0 0
vn -0.707107 -0.707107 0
vn -0.707107 -0.707107 0
vn -1 0 0
vn -1 0 0
vn -0.942368 0.334579 0
vn -0.942368 0.334579 0
vn -0.707107 0.707107 0
vn -0.707107 0.707107 0
vn 0 1 0
vn -0.334579 0.942368 0
vn -0.334579 0.942368 0
vn 0 1 0
vn -0.707107 0.707107 0
vn -0.707107 0.707107 0
vn 0.334579 0.942368 0
vn 0.334579 0.942368 0
vn 0.707107 0.707107 0
vn 0.707107 0.707107 0
vn 0.334579 0.942368 0
vn 0.318963 0.89996 -0.297213
vn 0 0.956957 -0.290231
vn 0 1 0
vn 0.673549 0.67355 -0.304405
vn 0.707107 0.707107 0
vn -0.334579 0.942368 0
vn -0.318963 0.89996 -0.297213
vn -0.67355 0.673549 -0.304405
vn -0.707107 0.707107 0
vn -0.67355 0.673549 -0.304405
vn -0.89996 0.318963 -0.297213
vn -0.942368 0.334579 0
vn -0.707107 0.707107 0
vn -0.956957 0 -0.290231
vn -1 0 0
vn -0.89996 -0.318963 -0.297213
vn -0.942368 -0.334579 0
vn -0.673549 -0.67355 -0.304405
vn -0.707107 -0.707107 0
vn 0 -0.956957 -0.290231
vn 0.318963 -0.89996 -0.297213
vn 0.334579 -0.942368 0
vn 0 -1 0
vn 0.67355 -0.673549 -0.304405
vn 0.707107 -0.707107 0
vn -0.334579 -0.942368 0
vn -0.318963 -0.89996 -0.297213
vn -0.673549 -0.67355 -0.304405
vn -0.707107 -0.707107 0
vn 0.956957 0 -0.290231
vn 0.89996 0.318963 -0.297213
vn 0.942368 0.334579 0
vn 1 0 0
vn 0.956957 0 -0.290231
vn 1 0 0
vn 0.942368 -0.334579 0
vn 0.89996 -0.318963 -0.297213
vn 0.673549 0.67355 -0.304405
vn 0.707107 0.707107 0
vn 0.707107 -0.707107 0
vn 0.67355 -0.673549 -0.304405
vn 0.956957 0 0.290231
vn 0.956957 0 0.290231
vn 0.89996 0.318963 0.297213
vn 0.89996 0.318963 0.297213
vn 0.89996 -0.318963 0.297213
vn 0.89996 -0.318963 0.297213
vn 0.673549 0.67355 0.304405
vn 0.673549 0.673549 0.304405
vn 0.673549 -0.67355 0.304405
vn 0.673549 -0.673549 0.304405
vn 0.318963 -0.89996 0.297213
vn 0.318963 -0.89996 0.297213
vn 0 -0.956957 0.290231
vn 0 -0.956957 0.290231
vn -0.318963 -0.89996 0.297213
vn -0.318963 -0.89996 0.297213
vn -0.67355 -0.673549 0.304405
vn -0.673549 -0.673549 0.304405
vn -0.89996 -0.318963 0.297213
vn -0.89996 -0.318963 0.297213
vn -0.956957 0 0.290231
vn -0.956957 0 0.290231
vn 0.318963 0.89996 0.297213
vn 0.318963 0.89996 0.297213
vn 0 0.956957 0.290231
vn 0 0.956957 0.290231
vn -0.318963 0.89996 0.297213
vn -0.318963 0.89996 0.297213
vn -0.673549 0.67355 0.304405
vn -0.673549 0.673549 0.304405
vn -0.89996 0.318963 0.297213
vn -0.89996 0.318963 0.297213
vn -0.956957 0 0.290231
vn -0.956957 0 0.290231
vn 0.956957 0 -0.290231
vn 0.89996 0.318963 -0.297213
vn 0.89996 0.318963 -0.297213
vn 0.956957 0 -0.290231
vn 0.673549 0.67355 -0.304405
vn 0.673549 0.67355 -0.304405
vn 0.956957 0 -0.290231
vn 0.956957 0 -0.290231
vn 0.89996 -0.318963 -0.297213
vn 0.89996 -0.318963 -0.297213
vn 0.673549 -0.67355 -0.304405
vn 0.67355 -0.673549 -0.304405
vn 0.318963 0.89996 -0.297213
vn 0.318963 0.89996 -0.297213
vn 0.318963 -0.89996 -0.297213
vn 0.318963 -0.89996 -0.297213
vn 0 -0.956957 -0.290231
vn 0 -0.956957 -0.290231
vn -0.318963 -0.89996 -0.297213
vn -0.318963 -0.89996 -0.297213
vn -0.67355 -0.673549 -0.304405
vn -0.673549 -0.67355 -0.304405
vn -0.89996 -0.318963 -0.297213
vn -0.89996 -0.318963 -0.297213
vn -0.956957 0 -0.290231
vn -0.956957 0 -0.290231
vn -0.89996 0.318963 -0.297213
vn -0.89996 0.318963 -0.297213
vn -0.673549 0.67355 -0.304405
vn -0.67355 0.673549 -0.304405
vn -0.318963 0.89996 -0.297213
vn -0.318963 0.89996 -0.297213
vn 0 0.956957 -0.290231
vn 0 0.956957 -0.290231
vn 0 0.956957 -0.290231
vn 0.318963 0.89996 -0.297213
vn 0.318963 0.89996 0.297213
vn 0 0.956957 0.290231
vn 0.673549 0.67355 -0.304405
vn 0.673549 0.67355 0.304405
vn -0.318963 0.89996 0.297213
vn -0.318963 0.89996 -0.297213
vn -0.673549 0.67355 -0.304405
vn -0.673549 0.67355 0.304405
vn -0.89996 0.318963 0.297213
vn -0.89996 0.318963 -0.297213
vn -0.673549 0.67355 -0.304405
vn -0.673549 0.67355 0.304405
vn -0.956957 0 -0.290231
vn -0.956957 0 0.290231
vn -0.67355 -0.673549 -0.304405
vn -0.89996 -0.318963 -0.297213
vn -0.89996 -0.318963 0.297213
vn -0.67355 -0.673549 0.304405
vn -0.956957 0 -0.290231
vn -0.956957 0 0.290231
vn 0.318963 -0.89996 0.297213
vn 0.318963 -0.89996 -0.297213
vn 0 -0.956957 -0.290231
vn 0 -0.956957 0.290231
vn 0.673549 -0.67355 -0.304405
vn 0.673549 -0.67355 0.304405
vn -0.318963 -0.89996 0.297213
vn -0.318963 -0.89996 -0.297213
vn -0.67355 -0.673549 -0.304405
vn -0.67355 -0.673549 0.304405
vn 0.89996 0.318963 0.297213
vn 0.89996 0.318963 -0.297213
vn 0.956957 0 -0.290231
vn 0.956957 0 0.290231
vn 0.89996 -0.318963 0.297213
vn 0.89996 -0.318963 -0.297213
vn 0.673549 0.67355 -0.304405
vn 0.673549 0.67355 0.304405
vn 0.673549 -0.67355 -0.304405
vn 0.673549 -0.67355 0.304405
vn 0.942368 0.334579 0
vn 0.89996 0.318963 0.297213
vn 0.956957 0 0.290231
vn 1 0 0
vn 0.942368 -0.334579 0
vn 0.89996 -0.318963 0.297213
vn 0.673549 0.673549 0.304405
vn 0.707107 0.707107 0
vn 0.673549 -0.673549 0.304405
vn 0.707107 -0.707107 0
vn 0.334579 -0.942368 0
vn 0.318963 -0.89996 0.297213
vn 0 -0.956957 0.290231
vn 0 -1 0
vn 0.673549 -0.673549 0.304405
vn 0.707107 -0.707107 0
vn -0.334579 -0.942368 0
vn -0.318963 -0.89996 0.297213
vn -0.673549 -0.673549 0.304405
vn -0.707107 -0.707107 0
vn 0 0.956957 0.290231
vn 0.318963 0.89996 0.297213
vn 0.334579 0.942368 0
vn 0 1 0
vn 0.673549 0.673549 0.304405
vn 0.707107 0.707107 0
vn -0.334579 0.942368 0
vn -0.318963 0.89996 0.297213
vn -0.673549 0.673549 0.304405
vn -0.707107 0.707107 0
vn -0.942368 0.334579 0
vn -0.89996 0.318963 0.297213
vn -0.673549 0.673549 0.304405
vn -0.707107 0.707107 0
vn -0.956957 0 0.290231
vn -1 0 0
vn -0.956957 0 0.290231
vn -1 0 0
vn -0.942368 -0.334579 0
vn -0.89996 -0.318963 0.297213
vn -0.673549 -0.673549 0.304405
vn -0.707107 -0.707107 0
vn -0.83205 0 0.5547
vn -0.777254 -0.274892 0.56596
vn -0.777254 -0.274892 0.56596
vn -0.83205 0 0.5547
vn -0.57735 -0.57735 0.57735
vn -0.57735 -0.57735 0.57735
vn -0.83205 0 0.5547
vn -0.83205 0 0.5547
vn -0.777254 0.274892 0.56596
vn -0.777254 0.274892 0.56596
vn -0.57735 0.57735 0.57735
vn -0.57735 0.57735 0.57735
vn -0.274892 -0.777254 0.56596
vn -0.274892 -0.777254 0.56596
vn -0.274892 0.777254 0.56596
vn -0.274892 0.777254 0.56596
vn 0 0.83205 0.5547
vn 0 0.83205 0.5547
vn 0.274892 0.777254 0.56596
vn 0.274892 0.777254 0.56596
vn 0.57735 0.57735 0.57735
vn 0.57735 0.57735 0.57735
vn 0 -0.83205 0.5547
vn 0 -0.83205 0.5547
vn 0.777254 0.274892 0.56596
vn 0.777254 0.274892 0.56596
vn 0.83205 0 0.5547
vn 0.83205 0 0.5547
vn 0.274892 -0.777254 0.56596
vn 0.274892 -0.777254 0.56596
vn 0.57735 -0.57735 0.57735
vn 0.57735 -0.57735 0.57735
vn 0.777254 -0.274892 0.56596
vn 0.777254 -0.274892 0.56596
vn 0 -1 0
vn -0.334579 -0.942368 0
vn -0.334579 -0.942368 0
vn 0 -1 0
vn -0.707107 -0.707107 0
vn -0.707107 -0.707107 0
vn 0.334579 -0.942368 0
vn 0.334579 -0.942368 0
vn 0.707107 -0.707107 0
vn 0.707107 -0.707107 0
vn 0.942368 -0.334579 0
vn 0.942368 -0.334579 0
vn 0.707107 -0.707107 0
vn 0.707107 -0.707107 0
vn 1 0 0
vn 1 0 0
vn 1 0 0
vn 1 0 0
vn 0.942368 0.334579 0
vn 0.942368 0.334579 0
vn 0.707107 0.707107 0
vn 0.707107 0.707107 0
vn -0.334579 0.942368 0
vn -0.334579 0.942368 0
vn 0 1 0
vn 0 1 0
vn -0.707107 0.707107 0
vn -0.707107 0.707107 0
vn 0.334579 0.942368 0
vn 0.334579 0.942368 0
vn 0.707107 0.707107 0
vn 0.707107 0.707107 0
vn -0.942368 -0.334579 0
vn -0.942368 -0.334579 0
vn -1 0 0
vn -1 0 0
vn -0.942368 0.334579 0
vn -0.942368 0.334579 0
vn -0.707107 -0.707107 0
vn -0.707107 -0.707107 0
vn -0.707107 0.707107 0
vn -0.707107 0.707107 0
vn -0.57735 -0.57735 -0.57735
vn -0.777254 -0.274892 -0.56596
vn -0.777254 -0.274892 -0.56596
vn -0.57735 -0.57735 -0.57735
vn -0.83205 0 -0.5547
vn -0.83205 0 -0.5547
vn -0.274892 -0.777254 -0.56596
vn -0.274892 -0.777254 -0.56596
vn 0 -0.83205 -0.5547
vn 0 -0.83205 -0.5547
vn -0.777254 0.274892 -0.56596
vn -0.777254 0.274892 -0.56596
vn -0.57735 0.57735 -0.57735
vn -0.57735 0.57735 -0.57735
vn -0.274892 0.777254 -0.56596
vn -0.274892 0.777254 -0.56596
vn 0 0.83205 -0.5547
vn 0 0.83205 -0.5547
vn 0.274892 0.777254 -0.56596
vn 0.274892 0.777254 -0.56596
vn 0.57735 0.57735 -0.57735
vn 0.57735 0.57735 -0.57735
vn 0.777254 0.274892 -0.56596
vn 0.777254 0.274892 -0.56596
vn 0.83205 0 -0.5547
vn 0.83205 0 -0.5547
vn 0.274892 -0.777254 -0.56596
vn 0.274892 -0.777254 -0.56596
vn 0.57735 -0.57735 -0.57735
vn 0.57735 -0.57735 -0.57735
vn 0.777254 -0.274892 -0.56596
vn 0.777254 -0.274892 -0.56596
vn 0.83205 0 -0.5547
vn 0.83205 0 -0.5547
vn -0.57735 -0.57735 -0.57735
vn -0.777254 -0.274892 -0.56596
vn -0.777254 -0.274892 -0.56596
vn -0.57735 -0.57735 -0.57735
vn -0.83205 0 -0.5547
vn -0.83205 0 -0.5547
vn -0.274892 -0.777254 -0.56596
vn -0.274892 -0.777254 -0.56596
vn 0 -0.83205 -0.5547
vn 0 -0.83205 -0.5547
vn -0.777254 0.274892 -0.56596
vn -0.777254 0.274892 -0.56596
vn -0.57735 0.57735 -0.57735
vn -0.57735 0.57735 -0.57735
vn -0.274892 0.777254 -0.56596
vn -0.274892 0.777254 -0.56596
vn 0 0.83205 -0.5547
vn 0 0.83205 -0.5547
vn 0.274892 0.777254 -0.56596
vn 0.274892 0.777254 -0.56596
vn 0.57735 0.57735 -0.57735
vn 0.57735 0.57735 -0.57735
vn 0.777254 0.274892 -0.56596
vn 0.777254 0.274892 -0.56596
vn 0.83205 0 -0.5547
vn 0.83205 0 -0.5547
vn 0.274892 -0.777254 -0.56596
vn 0.274892 -0.777254 -0.56596
vn 0.57735 -0.57735 -0.57735
vn 0.57735 -0.57735 -0.57735
vn 0.777254 -0.274892 -0.56596
vn 0.777254 -0.274892 -0.56596
vn 0.83205 0 -0.5547
vn 0.83205 0 -0.5547
vn -1 0 0
vn -1 0 0
vn -0.942368 -0.334579 0
vn -0.942368 -0.334579 0
vn -0.707107 -0.707107 0
vn -0.707107 -0.707107 0
vn -0.942368 0.334579 0
vn -0.942368 0.334579 0
vn -0.707107 0.707107 0
vn -0.707107 0.707107 0
vn 0 -1 0
vn -0.334579 -0.942368 0
vn -0.334579 -0.942368 0
vn 0 -1 0
vn -0.707107 -0.707107 0
vn -0.707107 -0.707107 0
vn 0.334579 -0.942368 0
vn 0.334579 -0.942368 0
vn 0.707107 -0.707107 0
vn 0.707107 -0.707107 0
vn 0.942368 -0.334579 0
vn 0.942368 -0.334579 0
vn 0.707107 -0.707107 0
vn 0.707107 -0.707107 0
vn 1 0 0
vn 1 0 0
vn 1 0 0
vn 1 0 0
vn 0.942368 0.334579 0
vn 0.942368 0.334579 0
vn 0.707107 0.707107 0
vn 0.707107 0.707107 0
vn -0.334579 0.942368 0
vn -0.334579 0.942368 0
vn 0 1 0
vn 0 1 0
vn -0.707107 0.707107 0
vn -0.707107 0.707107 0
vn 0.334579 0.942368 0
vn 0.334579 0.942368 0
vn 0.707107 0.707107 0
vn 0.707107 0.707107 0
vn -0.83205 0 0.5547
vn -0.777254 -0.274892 0.56596
vn -0.777254 -0.274892 0.56596
vn -0.83205 0 0.5547
vn -0.57735 -0.57735 0.57735
vn -0.57735 -0.57735 0.57735
vn -0.83205 0 0.5547
vn -0.83205 0 0.5547
vn -0.777254 0.274892 0.56596
vn -0.777254 0.274892 0.56596
vn -0.57735 0.57735 0.57735
vn -0.57735 0.57735 0.57735
vn -0.274892 -0.777254 0.56596
vn -0.274892 -0.777254 0.56596
vn -0.274892 0.777254 0.56596
vn -0.274892 0.777254 0.56596
vn 0 0.83205 0.5547
vn 0 0.83205 0.5547
vn 0 -0.83205 0.5547
vn 0 -0.83205 0.5547
vn 0.274892 0.777254 0.56596
vn 0.274892 0.777254 0.56596
vn 0.274892 -0.777254 0.56596
vn 0.274892 -0.777254 0.56596
vn 0.57735 -0.57735 0.57735
vn 0.57735 -0.57735 0.57735
vn 0.777254 -0.274892 0.56596
vn 0.777254 -0.274892 0.56596
vn 0.57735 0.57735 0.57735
vn 0.57735 0.57735 0.57735
vn 0.83205 0 0.5547
vn 0.83205 0 0.5547
vn 0.777254 0.274892 0.56596
vn 0.777254 0.274892 0.56596
vn 0 0.956957 0.290231
vn 0.318963 0.89996 0.297213
vn 0.334579 0.942368 0
vn 0 1 0
vn 0.673549 0.673549 0.304405
vn 0.707107 0.707107 0
vn -0.334579 0.942368 0
vn -0.318963 0.89996 0.297213
vn -0.673549 0.67355 0.304405
vn -0.707107 0.707107 0
vn -0.942368 0.334579 0
vn -0.89996 0.318963 0.297213
vn -0.673549 0.67355 0.304405
vn -0.707107 0.707107 0
vn -0.956957 0 0.290231
vn -1 0 0
vn -0.956957 0 0.290231
vn -1 0 0
vn -0.942368 -0.334579 0
vn -0.89996 -0.318963 0.297213
vn -0.673549 -0.673549 0.304405
vn -0.707107 -0.707107 0
vn 0.334579 0.942368 0
vn 0.318963 0.89996 -0.297213
vn 0 0.956957 -0.290231
vn 0 1 0
vn 0.673549 0.67355 -0.304405
vn 0.707107 0.707107 0
vn -0.334579 0.942368 0
vn -0.318963 0.89996 -0.297213
vn -0.67355 0.673549 -0.304405
vn -0.707107 0.707107 0
vn 0.956957 0 -0.290231
vn 0.89996 0.318963 -0.297213
vn 0.942368 0.334579 0
vn 1 0 0
vn 0.956957 0 -0.290231
vn 1 0 0
vn 0.942368 -0.334579 0
vn 0.89996 -0.318963 -0.297213
vn 0.673549 0.67355 -0.304405
vn 0.707107 0.707107 0
vn 0.67355 -0.673549 -0.304405
vn 0.707107 -0.707107 0
vn -0.942368 0.334579 0
vn -0.89996 0.318963 -0.297213
vn -0.956957 0 -0.290231
vn -1 0 0
vn -0.67355 0.673549 -0.304405
vn -0.707107 0.707107 0
vn -0.942368 -0.334579 0
vn -0.89996 -0.318963 -0.297213
vn -0.673549 -0.67355 -0.304405
vn -0.707107 -0.707107 0
vn 0 -0.956957 -0.290231
vn 0.318963 -0.89996 -0.297213
vn 0.334579 -0.942368 0
vn 0 -1 0
vn 0.67355 -0.673549 -0.304405
vn 0.707107 -0.707107 0
vn -0.334579 -0.942368 0
vn -0.318963 -0.89996 -0.297213
vn -0.673549 -0.67355 -0.304405
vn -0.707107 -0.707107 0
vn 0.956957 0 -0.290231
vn 0.89996 0.318963 -0.297213
vn 0.89996 0.318963 -0.297213
vn 0.956957 0 -0.290231
vn 0.67355 0.673549 -0.304405
vn 0.673549 0.67355 -0.304405
vn 0.956957 0 -0.290231
vn 0.956957 0 -0.290231
vn 0.89996 -0.318963 -0.297213
vn 0.89996 -0.318963 -0.297213
vn 0.67355 -0.673549 -0.304405
vn 0.67355 -0.673549 -0.304405
vn 0.318963 0.89996 -0.297213
vn 0.318963 0.89996 -0.297213
vn 0.318963 -0.89996 -0.297213
vn 0.318963 -0.89996 -0.297213
vn 0 -0.956957 -0.290231
vn 0 -0.956957 -0.290231
vn -0.318963 -0.89996 -0.297213
vn -0.318963 -0.89996 -0.297213
vn -0.67355 -0.673549 -0.304405
vn -0.673549 -0.67355 -0.304405
vn -0.89996 -0.318963 -0.297213
vn -0.89996 -0.318963 -0.297213
vn -0.956957 0 -0.290231
vn -0.956957 0 -0.290231
vn -0.89996 0.318963 -0.297213
vn -0.89996 0.318963 -0.297213
vn -0.673549 0.67355 -0.304405
vn -0.67355 0.673549 -0.304405
vn -0.318963 0.89996 -0.297213
vn -0.318963 0.89996 -0.297213
vn 0 0.956957 -0.290231
vn 0 0.956957 -0.290231
vn 0.956957 0 -0.290231
vn 0.956957 0 0.290231
vn 0.89996 0.318963 0.297213
vn 0.89996 0.318963 -0.297213
vn 0.89996 -0.318963 0.297213
vn 0.89996 -0.318963 -0.297213
vn 0.67355 0.673549 -0.304405
vn 0.673549 0.67355 0.304405
vn 0.67355 -0.673549 -0.304405
vn 0.67355 -0.673549 0.304405
vn 0 0.956957 -0.290231
vn 0.318963 0.89996 -0.297213
vn 0.318963 0.89996 0.297213
vn 0 0.956957 0.290231
vn 0.67355 0.673549 -0.304405
vn 0.673549 0.67355 0.304405
vn -0.318963 0.89996 0.297213
vn -0.318963 0.89996 -0.297213
vn -0.673549 0.67355 -0.304405
vn -0.67355 0.673549 0.304405
vn -0.89996 0.318963 0.297213
vn -0.89996 0.318963 -0.297213
vn -0.673549 0.67355 -0.304405
vn -0.67355 0.673549 0.304405
vn -0.956957 0 -0.290231
vn -0.956957 0 0.290231
vn -0.67355 -0.673549 -0.304405
vn -0.89996 -0.318963 -0.297213
vn -0.89996 -0.318963 0.297213
vn -0.673549 -0.67355 0.304405
vn -0.956957 0 -0.290231
vn -0.956957 0 0.290231
vn 0.318963 -0.89996 0.297213
vn 0.318963 -0.89996 -0.297213
vn 0 -0.956957 -0.290231
vn 0 -0.956957 0.290231
vn 0.67355 -0.673549 -0.304405
vn 0.67355 -0.673549 0.304405
vn -0.318963 -0.89996 0.297213
vn -0.318963 -0.89996 -0.297213
vn -0.67355 -0.673549 -0.304405
vn -0.673549 -0.67355 0.304405
vn 0.956957 0 0.290231
vn 0.956957 0 0.290231
vn 0.89996 0.318963 0.297213
vn 0.89996 0.318963 0.297213
vn 0.89996 -0.318963 0.297213
vn 0.89996 -0.318963 0.297213
vn 0.673549 0.67355 0.304405
vn 0.673549 0.673549 0.304405
vn 0.67355 -0.673549 0.304405
vn 0.673549 -0.673549 0.304405
vn 0.318963 -0.89996 0.297213
vn 0.318963 -0.89996 0.297213
vn 0 -0.956957 0.290231
vn 0 -0.956957 0.290231
vn -0.318963 -0.89996 0.297213
vn -0.318963 -0.89996 0.297213
vn -0.673549 -0.67355 0.304405
vn -0.673549 -0.673549 0.304405
vn -0.89996 -0.318963 0.297213
vn -0.89996 -0.318963 0.297213
vn -0.956957 0 0.290231
vn -0.956957 0 0.290231
vn 0.318963 0.89996 0.297213
vn 0.318963 0.89996 0.297213
vn 0 0.956957 0.290231
vn 0 0.956957 0.290231
vn -0.318963 0.89996 0.297213
vn -0.318963 0.89996 0.297213
vn -0.67355 0.673549 0.304405
vn -0.673549 0.67355 0.304405
vn -0.89996 0.318963 0.297213
vn -0.89996 0.318963 0.297213
vn -0.956957 0 0.290231
vn -0.956957 0 0.290231
vn 0.956957 0 0.290231
vn 1 0 0
vn 0.942368 0.334579 0
vn 0.89996 0.318963 0.297213
vn 0.673549 0.673549 0.304405
vn 0.707107 0.707107 0
vn 0.942368 -0.334579 0
vn 0.89996 -0.318963 0.297213
vn 0.673549 -0.673549 0.304405
vn 0.707107 -0.707107 0
vn 0.334579 -0.942368 0
vn 0.318963 -0.89996 0.297213
vn 0 -0.956957 0.290231
vn 0 -1 0
vn 0.673549 -0.673549 0.304405
vn 0.707107 -0.707107 0
vn -0.334579 -0.942368 0
vn -0.318963 -0.89996 0.297213
vn -0.673549 -0.673549 0.304405
vn -0.707107 -0.707107 0
vn -0.947479 0.319819 0
vn -0.67945 0.733722 0
vn -0.67945 0.733722 0
vn -0.947479 0.319819 0
vn -0.947479 0.319819 0
vn -0.99847 0.0553 0
vn -0.99847 0.0553 0
vn -0.947479 0.319819 0
vn -1 0 0
vn -0.99847 0.0553 0
vn -0.99847 0.0553 0
vn -1 0 0
vn -0.334579 0.942368 0
vn -0.67945 0.733722 0
vn -0.67945 0.733722 0
vn -0.334579 0.942368 0
vn -0.334579 0.942368 0
vn 0 1 0
vn 0 1 0
vn -0.334579 0.942368 0
vn 0 1 0
vn 0.334579 0.942368 0
vn 0.334579 0.942368 0
vn 0 1 0
vn 0.67945 0.733722 0
vn 0.334579 0.942368 0
vn 0.334579 0.942368 0
vn 0.67945 0.733722 0
vn 0.67945 0.733722 0
vn 0.947479 0.319819 0
vn 0.947479 0.319819 0
vn 0.67945 0.733722 0
vn 0.947479 0.319819 0
vn 0.99847 0.0553 0
vn 0.99847 0.0553 0
vn 0.947479 0.319819 0
vn 1 0 0
vn 1 0 0
vn 0.99847 0.0553 0
vn 0.99847 0.0553 0
vn 0 0 -1
vn 0 0 -1
vn 0 0 -1
vn 0 0 -1
vn 0 0 -1
vn 0 0 -1
vn 0 0 -1
vn 0 0 -1
vn 0 0 -1
vn 0 0 -1
vn 0 0 -1
vn 0 0 -1
vn 0 0 -1
vn 0 0 -1
vn 0 0 -1
vn 0 0 -1
vn 0 0 -1
vn 0 0 -1
vn 0 0 -1
vn 0 0 -1
vn 0 0 -1
vn 0 0 -1
vn 0 0 -1
vn 0 0 -1
vn 0 0 1
vn 0 0 1
vn 0 0 1
vn 0 0 1
vn 0 0 1
vn 0 0 1
vn 0 0 1
vn 0 0 1
vn 0 0 1
vn 0 0 1
vn 0 0 1
vn 0 0 1
vn 0 0 1
vn 0 0 1
vn 0 0 1
vn 0 0 1
vn 0 0 1
vn 0 0 1
vn 0 0 1
vn 0 0 1
vn 0 0 1
vn 0 0 1
vn 0 0 1
vn 0 0 1
vn -0.865031 -0.501718 0
vn -0.865031 -0.501718 0
vn -0.865031 -0.501718 0
vn -0.865031 -0.501718 0
vn 0.110432 -0.993884 0
vn 0.110432 -0.993884 0
vn 0.110432 -0.993884 0
vn 0.110432 -0.993884 0
vn -0.992278 -0.124035 0
vn -0.992278 -0.124035 0
vn -0.992278 -0.124035 0
vn -0.992278 -0.124035 0
vn -1 0 0
vn -1 0 0
vn -1 0 0
vn -1 0 0
vn 1 0 0
vn 1 0 0
vn 1 0 0
vn 1 0 0
vn 0.447214 -0.894427 0
vn 0.447214 -0.894427 0
vn 0.447214 -0.894427 0
vn 0.447214 -0.894427 0
vn 0.992278 -0.124035 0
vn 0.992278 -0.124035 0
vn 0.992278 -0.124035 0
vn 0.992278 -0.124035 0
vn -0.447214 -0.894427 0
vn -0.447214 -0.894427 0
vn -0.447214 -0.894427 0
vn -0.447214 -0.894427 0
vn -0.110432 -0.993884 0
vn -0.110432 -0.993884 0
vn -0.110432 -0.993884 0
vn -0.110432 -0.993884 0
vn 0.865031 -0.501718 0
vn 0.865031 -0.501718 0
vn 0.865031 -0.501718 0
vn 0.865031 -0.501718 0
vn -0.865031 -0.501718 0
vn -0.865031 -0.501718 0
vn -0.865031 -0.501718 0
vn -0.865031 -0.501718 0
vn 0.110432 -0.993884 0
vn 0.110432 -0.993884 0
vn 0.110432 -0.993884 0
vn 0.110432 -0.993884 0
vn -0.992278 -0.124035 0
vn -0.992278 -0.124035 0
vn -0.992278 -0.124035 0
vn -0.992278 -0.124035 0
vn -1 0 0
vn -1 0 0
vn -1 0 0
vn -1 0 0
vn 1 0 0
vn 1 0 0
vn 1 0 0
vn 1 0 0
vn 0.447214 -0.894427 0
vn 0.447214 -0.894427 0
vn 0.447214 -0.894427 0
vn 0.447214 -0.894427 0
vn 0.992278 -0.124035 0
vn 0.992278 -0.124035 0
vn 0.992278 -0.124035 0
vn 0.992278 -0.124035 0
vn -0.447214 -0.894427 0
vn -0.447214 -0.894427 0
vn -0.447214 -0.894427 0
vn -0.447214 -0.894427 0
vn -0.110432 -0.993884 0
vn -0.110432 -0.993884 0
vn -0.110432 -0.993884 0
vn -0.110432 -0.993884 0
vn 0.865031 -0.501718 0
vn 0.865031 -0.501718 0
vn 0.865031 -0.501718 0
vn 0.865031 -0.501718 0
vn 0 0 -1
vn 0 0 -1
vn 0 0 -1
vn 0 0 -1
vn 0 0 -1
vn 0 0 -1
vn 0 0 -1
vn 0 0 -1
vn 0 0 -1
vn 0 0 -1
vn 0 0 -1
vn 0 0 -1
vn 0 0 -1
vn 0 0 -1
vn 0 0 -1
vn 0 0 -1
vn 0 0 -1
vn 0 0 -1
vn 0 0 -1
vn 0 0 -1
vn 0 0 -1
vn 0 0 -1
vn 0 0 -1
vn 0 0 -1
vn 0 0 1
vn 0 0 1
vn 0 0 1
vn 0 0 1
vn 0 0 1
vn 0 0 1
vn 0 0 1
vn 0 0 1
vn 0 0 1
vn 0 0 1
vn 0 0 1
vn 0 0 1
vn 0 0 1
vn 0 0 1
vn 0 0 1
vn 0 0 1
vn 0 0 1
vn 0 0 1
vn 0 0 1
vn 0 0 1
vn 0 0 1
vn 0 0 1
vn 0 0 1
vn 0 0 1
vn -0.947479 0.319819 0
vn -0.67945 0.733722 0
vn -0.67945 0.733722 0
vn -0.947479 0.319819 0
vn -0.947479 0.319819 0
vn -0.99847 0.0553 0
vn -0.99847 0.0553 0
vn -0.947479 0.319819 0
vn -1 0 0
vn -0.99847 0.0553 0
vn -0.99847 0.0553 0
vn -1 0 0
vn -0.334579 0.942368 0
vn -0.67945 0.733722 0
vn -0.67945 0.733722 0
vn -0.334579 0.942368 0
vn -0.334579 0.942368 0
vn 0 1 0
vn 0 1 0
vn -0.334579 0.942368 0
vn 0 1 0
vn 0.334579 0.942368 0
vn 0.334579 0.942368 0
vn 0 1 0
vn 0.67945 0.733722 0
vn 0.334579 0.942368 0
vn 0.334579 0.942368 0
vn 0.67945 0.733722 0
vn 0.67945 0.733722 0
vn 0.947479 0.319819 0
vn 0.947479 0.319819 0
vn 0.67945 0.733722 0
vn 0.947479 0.319819 0
vn 0.99847 0.0553 0
vn 0.99847 0.0553 0
vn 0.947479 0.319819 0
vn 1 0 0
vn 1 0 0
vn 0.99847 0.0553 0
vn 0.99847 0.0553 0
vn -0.865031 -0.501718 0
vn -0.865031 -0.501718 0
vn -0.865031 -0.501718 0
vn -0.865031 -0.501718 0
vn 0.110432 -0.993884 0
vn 0.110432 -0.993884 0
vn 0.110432 -0.993884 0
vn 0.110432 -0.993884 0
vn -0.992278 -0.124035 0
vn -0.992278 -0.124035 0
vn -0.992278 -0.124035 0
vn -0.992278 -0.124035 0
vn -1 0 0
vn -1 0 0
vn -1 0 0
vn -1 0 0
vn 1 0 0
vn 1 0 0
vn 1 0 0
vn 1 0 0
vn 0.447214 -0.894427 0
vn 0.447214 -0.894427 0
vn 0.447214 -0.894427 0
vn 0.447214 -0.894427 0
vn 0.992278 -0.124035 0
vn 0.992278 -0.124035 0
vn 0.992278 -0.124035 0
vn 0.992278 -0.124035 0
vn -0.447214 -0.894427 0
vn -0.447214 -0.894427 0
vn -0.447214 -0.894427 0
vn -0.447214 -0.894427 0
vn -0.110432 -0.993884 0
vn -0.110432 -0.993884 0
vn -0.110432 -0.993884 0
vn -0.110432 -0.993884 0
vn 0.865031 -0.501718 0
vn 0.865031 -0.501718 0
vn 0.865031 -0.501718 0
vn 0.865031 -0.501718 0
vn 0 0 -1
vn 0 0 -1
vn 0 0 -1
vn 0 0 -1
vn 0 0 -1
vn 0 0 -1
vn 0 0 -1
vn 0 0 -1
vn 0 0 -1
vn 0 0 -1
vn 0 0 -1
vn 0 0 -1
vn 0 0 -1
vn 0 0 -1
vn 0 0 -1
vn 0 0 -1
vn 0 0 -1
vn 0 0 -1
vn 0 0 -1
vn 0 0 -1
vn 0 0 -1
vn 0 0 -1
vn 0 0 -1
vn 0 0 -1
vn 0 0 1
vn 0 0 1
vn 0 0 1
vn 0 0 1
vn 0 0 1
vn 0 0 1
vn 0 0 1
vn 0 0 1
vn 0 0 1
vn 0 0 1
vn 0 0 1
vn 0 0 1
vn 0 0 1
vn 0 0 1
vn 0 0 1
vn 0 0 1
vn 0 0 1
vn 0 0 1
vn 0 0 1
vn 0 0 1
vn 0 0 1
vn 0 0 1
vn 0 0 1
vn 0 0 1
vn -0.947479 0.319819 0
vn -0.67945 0.733722 0
vn -0.67945 0.733722 0
vn -0.947479 0.319819 0
vn -0.947479 0.319819 0
vn -0.99847 0.0553 0
vn -0.99847 0.0553 0
vn -0.947479 0.319819 0
vn -1 0 0
vn -0.99847 0.0553 0
vn -0.99847 0.0553 0
vn -1 0 0
vn -0.334579 0.942368 0
vn -0.67945 0.733722 0
vn -0.67945 0.733722 0
vn -0.334579 0.942368 0
vn -0.334579 0.942368 0
vn 0 1 0
vn 0 1 0
vn -0.334579 0.942368 0
vn 0 1 0
vn 0.334579 0.942368 0
vn 0.334579 0.942368 0
vn 0 1 0
vn 0.67945 0.733722 0
vn 0.334579 0.942368 0
vn 0.334579 0.942368 0
vn 0.67945 0.733722 0
vn 0.67945 0.733722 0
vn 0.947479 0.319819 0
vn 0.947479 0.319819 0
vn 0.67945 0.733722 0
vn 0.947479 0.319819 0
vn 0.99847 0.0553 0
vn 0.99847 0.0553 0
vn 0.947479 0.319819 0
vn 1 0 0
vn 1 0 0
vn 0.99847 0.0553 0
vn 0.99847 0.0553 0
vn -0.004445 0.999989 0.001688
vn 0.004445 0.999989 0.001688
vn 0.004445 0.999989 -0.001688
vn -0.004445 0.999989 -0.001688
vn 0 0 1
vn 0 0 1
vn 0 0.063146 0.998004
vn 0 0.063146 0.998004
vn -1 0 0
vn -0.997998 0.063245 0
vn -0.997998 0.063245 0
vn -1 0 0
vn 0.997998 0.063246 0
vn 0.997998 0.063246 0
vn 1 0 0
vn 1 0 0
vn 0 0 -1
vn 0 0.063146 -0.998004
vn 0 0.063146 -0.998004
vn 0 0 -1
vn 0.382684 0.923879 0
vn 0.382684 0.923879 0
vn 0.923879 0.382685 0
vn 0.923879 0.382685 0
vn 0 0.923879 -0.382685
vn 0 0.923879 -0.382685
vn 0 0.382683 -0.92388
vn 0 0.382683 -0.92388
vn 0 0.382683 0.92388
vn 0 0.382683 0.92388
vn 0 0.923879 0.382685
vn 0 0.923879 0.382685
vn -0.923881 0.382681 0
vn -0.923881 0.382681 0
vn -0.382684 0.923879 0
vn -0.382684 0.923879 0

g tube_bundle:_4_0
usemtl tube_bundle:textures_plastic_pvc_grey
f 1/1/1 2/2/2 3/3/3
f 1/1/1 3/3/3 4/4/4
f 3/3/3 5/5/5 4/4/4
f 6/6/6 7/7/7 5/5/5
f 1/1/1 8/8/8 2/2/2
f 5/5/5 7/7/7 9/9/9
f 1/1/1 10/10/10 8/8/8
f 5/5/5 9/9/9 11/11/11
f 8/8/8 10/10/10 12/12/12
f 9/9/9 13/13/13 11/11/11
f 9/9/9 14/14/14 13/13/13
f 13/13/13 14/14/14 15/15/15
f 8/8/8 12/12/12 16/16/16
f 12/12/12 17/17/17 16/16/16
f 12/12/12 18/18/18 17/17/17
f 13/13/13 15/15/15 19/19/19
f 15/15/15 20/20/20 19/19/19
f 17/17/17 18/18/18 21/21/21
f 22/22/22 21/21/21 23/23/23
f 24/24/24 25/25/25 20/20/20
f 21/21/21 26/26/26 23/23/23
f 21/21/21 27/27/27 26/26/26
f 20/20/20 25/25/25 28/28/28
f 26/26/26 27/27/27 29/29/29
f 26/26/26 29/29/29 30/30/30
f 29/29/29 31/31/31 30/30/30
f 32/32/32 33/33/33 31/31/31
f 20/20/20 28/28/28 34/34/34
f 28/28/28 35/35/35 34/34/34
f 28/28/28 36/36/36 35/35/35
f 35/35/35 36/36/36 37/37/37
f 35/35/35 38/38/38 39/39/39

g tube_bundle:_7_1
usemtl tube_bundle:textures_plastic_pvc_grey
f 40/40/40 41/41/41 42/42/42
f 40/40/40 42/42/42 43/43/43
f 42/42/42 41/41/41 44/44/44
f 45/45/45 46/46/46 47/47/47
f 45/45/45 48/48/48 49/49/49
f 45/45/45 50/50/50 48/48/48
f 42/42/42 44/44/44 51/51/51
f 45/45/45 52/52/52 50/50/50
f 50/50/50 52/52/52 53/53/53
f 50/50/50 53/53/53 54/54/54
f 53/53/53 55/55/55 54/54/54
f 53/53/53 56/56/56 55/55/55
f 55/55/55 56/56/56 57/57/57
f 58/58/58 57/57/57 59/59/59
f 57/57/57 60/60/60 59/59/59
f 57/57/57 61/61/61 60/60/60
f 60/60/60 61/61/61 62/62/62
f 60/60/60 62/62/62 63/63/63
f 62/62/62 64/64/64 63/63/63
f 62/62/62 65/65/65 64/64/64
f 64/64/64 65/65/65 66/66/66
f 67/67/67 66/66/66 68/68/68
f 69/69/69 68/68/68 66/66/66
f 69/69/69 66/66/66 70/70/70
f 71/71/71 69/69/69 70/70/70
f 71/71/71 72/72/72 69/69/69
f 73/73/73 72/72/72 71/71/71
f 73/73/73 71/71/71 74/74/74
f 75/75/75 73/73/73 74/74/74
f 75/75/75 76/76/76 77/77/77
f 44/44/44 76/76/76 75/75/75
f 44/44/44 75/75/75 51/51/51

g tube_bundle:_28_2
usemtl tube_bundle:textures_plastic_pvc_grey
f 78/78/78 79/79/79 80/80/80
f 78/78/78 81/81/81 79/79/79
f 80/80/80 79/79/79 82/82/82
f 79/79/79 83/83/83 82/82/82
f 78/78/78 84/84/84 81/81/81
f 82/82/82 83/83/83 85/85/85
f 78/78/78 86/86/86 84/84/84
f 82/82/82 85/85/85 87/87/87
f 84/84/84 86/86/86 88/88/88
f 85/85/85 89/89/89 87/87/87
f 85/85/85 90/90/90 89/89/89
f 89/89/89 90/90/90 91/91/91
f 84/84/84 88/88/88 92/92/92
f 88/88/88 93/93/93 92/92/92
f 89/89/89 91/91/91 94/94/94
f 91/91/91 95/95/95 94/94/94
f 96/96/96 97/97/97 95/95/95
f 95/95/95 97/97/97 98/98/98
f 88/88/88 99/99/99 93/93/93
f 93/93/93 99/99/99 100/100/100
f 101/101/101 100/100/100 102/102/102
f 100/100/100 103/103/103 102/102/102
f 100/100/100 104/104/104 103/103/103
f 95/95/95 98/98/98 105/105/105
f 98/98/98 106/106/106 105/105/105
f 103/103/103 104/104/104 107/107/107
f 103/103/103 107/107/107 108/108/108
f 98/98/98 109/109/109 106/106/106
f 107/107/107 110/110/110 108/108/108
f 111/111/111 112/112/112 110/110/110
f 106/106/106 109/109/109 113/113/113
f 106/106/106 114/114/114 115/115/115

g tube_bundle:_32_3
usemtl tube_bundle:textures_plastic_pvc_grey
f 116/116/116 117/117/117 118/118/118
f 116/116/116 118/118/118 119/119/119
f 118/118/118 117/117/117 120/120/120
f 121/121/121 122/122/122 123/123/123
f 121/121/121 124/124/124 125/125/125
f 121/121/121 126/126/126 124/124/124
f 118/118/118 120/120/120 127/127/127
f 121/121/121 128/128/128 126/126/126
f 126/126/126 128/128/128 129/129/129
f 126/126/126 129/129/129 130/130/130
f 129/129/129 131/131/131 130/130/130
f 129/129/129 132/132/132 131/131/131
f 131/131/131 132/132/132 133/133/133
f 134/134/134 133/133/133 135/135/135
f 133/133/133 136/136/136 135/135/135
f 133/133/133 137/137/137 136/136/136
f 136/136/136 137/137/137 138/138/138
f 136/136/136 138/138/138 139/139/139
f 140/140/140 139/139/139 138/138/138
f 140/140/140 138/138/138 141/141/141
f 142/142/142 140/140/140 141/141/141
f 142/142/142 143/143/143 144/144/144
f 145/145/145 143/143/143 142/142/142
f 145/145/145 142/142/142 146/146/146
f 147/147/147 145/145/145 146/146/146
f 147/147/147 148/148/148 145/145/145
f 149/149/149 148/148/148 147/147/147
f 149/149/149 147/147/147 150/150/150
f 151/151/151 149/149/149 150/150/150
f 151/151/151 152/152/152 153/153/153
f 120/120/120 152/152/152 151/151/151
f 120/120/120 151/151/151 127/127/127

g tube_bundle:_58_4
usemtl tube_bundle:textures_plastic_pvc_grey
f 154/154/154 155/155/155 156/156/156
f 154/154/154 157/157/157 155/155/155
f 156/156/156 155/155/155 158/158/158
f 155/155/155 159/159/159 158/158/158
f 154/154/154 160/160/160 157/157/157
f 158/158/158 159/159/159 161/161/161
f 154/154/154 162/162/162 160/160/160
f 158/158/158 161/161/161 163/163/163
f 160/160/160 162/162/162 164/164/164
f 161/161/161 165/165/165 163/163/163
f 161/161/161 166/166/166 165/165/165
f 165/165/165 166/166/166 167/167/167
f 160/160/160 164/164/164 168/168/168
f 164/164/164 169/169/169 168/168/168
f 165/165/165 167/167/167 170/170/170
f 167/167/167 171/171/171 170/170/170
f 172/172/172 173/173/173 171/171/171
f 171/171/171 173/173/173 174/174/174
f 164/164/164 175/175/175 169/169/169
f 169/169/169 175/175/175 176/176/176
f 177/177/177 176/176/176 178/178/178
f 176/176/176 179/179/179 178/178/178
f 176/176/176 180/180/180 179/179/179
f 171/171/171 174/174/174 181/181/181
f 174/174/174 182/182/182 181/181/181
f 179/179/179 180/180/180 183/183/183
f 179/179/179 183/183/183 184/184/184
f 174/174/174 185/185/185 182/182/182
f 183/183/183 186/186/186 184/184/184
f 187/187/187 188/188/188 186/186/186
f 182/182/182 185/185/185 189/189/189
f 182/182/182 190/190/190 191/191/191

g tube_bundle:_62_5
usemtl tube_bundle:textures_plastic_pvc_grey
f 192/192/192 193/193/193 194/194/194
f 192/192/192 194/194/194 195/195/195
f 194/194/194 193/193/193 196/196/196
f 197/197/197 198/198/198 199/199/199
f 197/197/197 200/200/200 201/201/201
f 197/197/197 202/202/202 200/200/200
f 194/194/194 196/196/196 203/203/203
f 197/197/197 204/204/204 202/202/202
f 202/202/202 204/204/204 205/205/205
f 202/202/202 205/205/205 206/206/206
f 205/205/205 207/207/207 206/206/206
f 205/205/205 208/208/208 207/207/207
f 207/207/207 208/208/208 209/209/209
f 210/210/210 209/209/209 211/211/211
f 209/209/209 212/212/212 211/211/211
f 209/209/209 213/213/213 212/212/212
f 212/212/212 213/213/213 214/214/214
f 212/212/212 214/214/214 215/215/215
f 216/216/216 215/215/215 214/214/214
f 216/216/216 214/214/214 217/217/217
f 218/218/218 216/216/216 217/217/217
f 218/218/218 219/219/219 220/220/220
f 221/221/221 219/219/219 218/218/218
f 221/221/221 218/218/218 222/222/222
f 223/223/223 221/221/221 222/222/222
f 223/223/223 224/224/224 221/221/221
f 225/225/225 224/224/224 223/223/223
f 225/225/225 223/223/223 226/226/226
f 227/227/227 225/225/225 226/226/226
f 227/227/227 228/228/228 229/229/229
f 196/196/196 228/228/228 227/227/227
f 196/196/196 227/227/227 203/203/203

g tube_bundle:_167_6
usemtl tube_bundle:textures_plastic_pvc_grey
f 230/230/230 231/231/231 232/232/232
f 230/230/230 232/232/232 233/233/233
f 234/234/234 231/231/231 230/230/230
f 234/234/234 230/230/230 235/235/235
f 236/236/236 237/237/237 238/238/238
f 236/236/236 238/238/238 239/239/239
f 240/240/240 237/237/237 236/236/236
f 240/240/240 236/236/236 241/241/241
f 242/242/242 243/243/243 244/244/244
f 242/242/242 244/244/244 245/245/245
f 244/244/244 243/243/243 246/246/246
f 244/244/244 246/246/246 247/247/247
f 248/248/248 249/249/249 242/242/242
f 248/248/248 242/242/242 245/245/245
f 250/250/250 249/249/249 248/248/248
f 250/250/250 248/248/248 251/251/251
f 252/252/252 253/253/253 254/254/254
f 252/252/252 254/254/254 255/255/255
f 256/256/256 253/253/253 252/252/252
f 256/256/256 252/252/252 257/257/257
f 258/258/258 255/255/255 254/254/254
f 258/258/258 254/254/254 259/259/259
f 260/260/260 261/261/261 256/256/256
f 260/260/260 256/256/256 257/257/257
f 262/262/262 263/263/263 264/264/264
f 262/262/262 264/264/264 265/265/265
f 266/266/266 263/263/263 262/262/262
f 266/266/266 262/262/262 267/267/267
f 264/264/264 268/268/268 269/269/269
f 264/264/264 269/269/269 265/265/265
f 269/269/269 268/268/268 270/270/270
f 269/269/269 270/270/270 271/271/271
f 272/272/272 273/273/273 274/274/274
f 272/272/272 274/274/274 275/275/275
f 276/276/276 273/273/273 272/272/272
f 276/276/276 272/272/272 277/277/277
f 278/278/278 275/275/275 274/274/274
f 278/278/278 274/274/274 279/279/279
f 276/276/276 277/277/277 280/280/280
f 276/276/276 280/280/280 281/281/281
f 282/282/282 281/281/281 280/280/280
f 282/282/282 280/280/280 283/283/283
f 282/282/282 283/283/283 284/284/284
f 282/282/282 284/284/284 285/285/285
f 286/286/286 285/285/285 284/284/284
f 286/286/286 284/284/284 287/287/287
f 286/286/286 287/287/287 288/288/288
f 286/286/286 288/288/288 289/289/289
f 290/290/290 289/289/289 288/288/288
f 290/290/290 288/288/288 291/291/291
f 290/290/290 291/291/291 292/292/292
f 290/290/290 292/292/292 293/293/293
f 278/278/278 279/279/279 294/294/294
f 278/278/278 294/294/294 295/295/295
f 296/296/296 295/295/295 294/294/294
f 296/296/296 294/294/294 297/297/297
f 296/296/296 297/297/297 298/298/298
f 296/296/296 298/298/298 299/299/299
f 300/300/300 299/299/299 298/298/298
f 300/300/300 298/298/298 301/301/301
f 300/300/300 301/301/301 302/302/302
f 300/300/300 302/302/302 303/303/303
f 304/304/304 303/303/303 302/302/302
f 304/304/304 302/302/302 305/305/305
f 306/306/306 307/307/307 308/308/308
f 306/306/306 308/308/308 309/309/309
f 308/308/308 307/307/307 310/310/310
f 308/308/308 310/310/310 311/311/311
f 312/312/312 313/313/313 314/314/314
f 312/312/312 314/314/314 315/315/315
f 316/316/316 315/315/315 314/314/314
f 316/316/316 314/314/314 317/317/317
f 318/318/318 311/311/311 310/310/310
f 318/318/318 310/310/310 319/319/319
f 316/316/316 317/317/317 320/320/320
f 316/316/316 320/320/320 321/321/321
f 322/322/322 321/321/321 320/320/320
f 322/322/322 320/320/320 323/323/323
f 322/322/322 323/323/323 324/324/324
f 322/322/322 324/324/324 325/325/325
f 326/326/326 325/325/325 324/324/324
f 326/326/326 324/324/324 327/327/327
f 326/326/326 327/327/327 328/328/328
f 326/326/326 328/328/328 329/329/329
f 330/330/330 329/329/329 328/328/328
f 330/330/330 328/328/328 331/331/331
f 330/330/330 331/331/331 332/332/332
f 330/330/330 332/332/332 333/333/333
f 334/334/334 333/333/333 332/332/332
f 334/334/334 332/332/332 335/335/335
f 334/334/334 335/335/335 336/336/336
f 334/334/334 336/336/336 337/337/337
f 338/338/338 337/337/337 336/336/336
f 338/338/338 336/336/336 339/339/339
f 338/338/338 339/339/339 318/318/318
f 338/338/338 318/318/318 319/319/319
f 340/340/340 341/341/341 342/342/342
f 340/340/340 342/342/342 343/343/343
f 344/344/344 341/341/341 340/340/340
f 344/344/344 340/340/340 345/345/345
f 346/346/346 343/343/343 342/342/342
f 346/346/346 342/342/342 347/347/347
f 344/344/344 345/345/345 348/348/348
f 344/344/344 348/348/348 349/349/349
f 350/350/350 351/351/351 352/352/352
f 350/350/350 352/352/352 353/353/353
f 352/352/352 351/351/351 354/354/354
f 352/352/352 354/354/354 355/355/355
f 350/350/350 353/353/353 356/356/356
f 350/350/350 356/356/356 357/357/357
f 358/358/358 357/357/357 356/356/356
f 358/358/358 356/356/356 359/359/359
f 360/360/360 361/361/361 362/362/362
f 360/360/360 362/362/362 363/363/363
f 364/364/364 361/361/361 360/360/360
f 364/364/364 360/360/360 365/365/365
f 366/366/366 367/367/367 368/368/368
f 366/366/366 368/368/368 369/369/369
f 370/370/370 369/369/369 368/368/368
f 370/370/370 368/368/368 371/371/371
f 372/372/372 373/373/373 374/374/374
f 372/372/372 374/374/374 375/375/375
f 376/376/376 373/373/373 372/372/372
f 376/376/376 372/372/372 377/377/377
f 378/378/378 375/375/375 374/374/374
f 378/378/378 374/374/374 379/379/379
f 378/378/378 379/379/379 380/380/380
f 378/378/378 380/380/380 381/381/381
f 382/382/382 383/383/383 384/384/384
f 382/382/382 384/384/384 385/385/385
f 384/384/384 383/383/383 386/386/386
f 384/384/384 386/386/386 387/387/387
f 386/386/386 388/388/388 389/389/389
f 386/386/386 389/389/389 387/387/387
f 389/389/389 388/388/388 390/390/390
f 389/389/389 390/390/390 391/391/391
f 392/392/392 393/393/393 394/394/394
f 392/392/392 394/394/394 395/395/395
f 396/396/396 393/393/393 392/392/392
f 396/396/396 392/392/392 397/397/397
f 398/398/398 395/395/395 394/394/394
f 398/398/398 394/394/394 399/399/399
f 398/398/398 399/399/399 400/400/400
f 398/398/398 400/400/400 401/401/401
f 402/402/402 403/403/403 404/404/404
f 402/402/402 404/404/404 405/405/405
f 404/404/404 403/403/403 406/406/406
f 404/404/404 406/406/406 407/407/407
f 408/408/408 409/409/409 410/410/410
f 408/408/408 410/410/410 411/411/411
f 412/412/412 411/411/411 410/410/410
f 412/412/412 410/410/410 413/413/413
f 414/414/414 415/415/415 416/416/416
f 414/414/414 416/416/416 417/417/417
f 416/416/416 415/415/415 418/418/418
f 416/416/416 418/418/418 419/419/419
f 414/414/414 417/417/417 420/420/420
f 414/414/414 420/420/420 421/421/421
f 422/422/422 421/421/421 420/420/420
f 422/422/422 420/420/420 423/423/423

g tube_bundle:_169_7
usemtl tube_bundle:textures_plastic_pvc_grey
f 424/424/424 425/425/425 426/426/426
f 424/424/424 426/426/426 427/427/427
f 428/428/428 425/425/425 424/424/424
f 428/428/428 424/424/424 429/429/429
f 430/430/430 431/431/431 432/432/432
f 430/430/430 432/432/432 433/433/433
f 432/432/432 431/431/431 434/434/434
f 432/432/432 434/434/434 435/435/435
f 436/436/436 437/437/437 438/438/438
f 436/436/436 438/438/438 439/439/439
f 440/440/440 437/437/437 436/436/436
f 440/440/440 436/436/436 441/441/441
f 442/442/442 439/439/439 438/438/438
f 442/442/442 438/438/438 443/443/443
f 442/442/442 443/443/443 444/444/444
f 442/442/442 444/444/444 445/445/445
f 446/446/446 447/447/447 448/448/448
f 446/446/446 448/448/448 449/449/449
f 450/450/450 447/447/447 446/446/446
f 450/450/450 446/446/446 451/451/451
f 452/452/452 449/449/449 448/448/448
f 452/452/452 448/448/448 453/453/453
f 452/452/452 453/453/453 454/454/454
f 452/452/452 454/454/454 455/455/455
f 456/456/456 457/457/457 458/458/458
f 456/456/456 458/458/458 459/459/459
f 458/458/458 457/457/457 460/460/460
f 458/458/458 460/460/460 461/461/461
f 456/456/456 459/459/459 462/462/462
f 456/456/456 462/462/462 463/463/463
f 464/464/464 463/463/463 462/462/462
f 464/464/464 462/462/462 465/465/465
f 466/466/466 467/467/467 468/468/468
f 466/466/466 468/468/468 469/469/469
f 470/470/470 469/469/469 468/468/468
f 470/470/470 468/468/468 471/471/471
f 472/472/472 467/467/467 466/466/466
f 472/472/472 466/466/466 473/473/473
f 470/470/470 471/471/471 474/474/474
f 470/470/470 474/474/474 475/475/475
f 472/472/472 473/473/473 476/476/476
f 472/472/472 476/476/476 477/477/477
f 478/478/478 475/475/475 474/474/474
f 478/478/478 474/474/474 479/479/479
f 478/478/478 479/479/479 480/480/480
f 478/478/478 480/480/480 481/481/481
f 482/482/482 481/481/481 480/480/480
f 482/482/482 480/480/480 483/483/483
f 482/482/482 483/483/483 484/484/484
f 482/482/482 484/484/484 485/485/485
f 486/486/486 477/477/477 476/476/476
f 486/486/486 476/476/476 487/487/487
f 486/486/486 487/487/487 488/488/488
f 486/486/486 488/488/488 489/489/489
f 490/490/490 489/489/489 488/488/488
f 490/490/490 488/488/488 491/491/491
f 490/490/490 491/491/491 492/492/492
f 490/490/490 492/492/492 493/493/493
f 494/494/494 485/485/485 484/484/484
f 494/494/494 484/484/484 495/495/495
f 496/496/496 493/493/493 492/492/492
f 496/496/496 492/492/492 497/497/497
f 494/494/494 495/495/495 498/498/498
f 494/494/494 498/498/498 499/499/499
f 500/500/500 501/501/501 502/502/502
f 500/500/500 502/502/502 503/503/503
f 504/504/504 501/501/501 500/500/500
f 504/504/504 500/500/500 505/505/505
f 506/506/506 503/503/503 502/502/502
f 506/506/506 502/502/502 507/507/507
f 506/506/506 507/507/507 508/508/508
f 506/506/506 508/508/508 509/509/509
f 510/510/510 509/509/509 508/508/508
f 510/510/510 508/508/508 511/511/511
f 510/510/510 511/511/511 512/512/512
f 510/510/510 512/512/512 513/513/513
f 514/514/514 513/513/513 512/512/512
f 514/514/514 512/512/512 515/515/515
f 514/514/514 515/515/515 516/516/516
f 514/514/514 516/516/516 517/517/517
f 518/518/518 517/517/517 516/516/516
f 518/518/518 516/516/516 519/519/519
f 518/518/518 519/519/519 520/520/520
f 518/518/518 520/520/520 521/521/521
f 522/522/522 521/521/521 520/520/520
f 522/522/522 520/520/520 523/523/523
f 522/522/522 523/523/523 524/524/524
f 522/522/522 524/524/524 525/525/525
f 526/526/526 525/525/525 524/524/524
f 526/526/526 524/524/524 527/527/527
f 526/526/526 527/527/527 528/528/528
f 526/526/526 528/528/528 529/529/529
f 530/530/530 529/529/529 528/528/528
f 530/530/530 528/528/528 531/531/531
f 530/530/530 531/531/531 532/532/532
f 530/530/530 532/532/532 533/533/533

g tube_bundle:_170_8
usemtl tube_bundle:textures_plastic_pvc_grey
f 534/534/534 535/535/535 536/536/536
f 534/534/534 536/536/536 537/537/537
f 538/538/538 535/535/535 534/534/534
f 538/538/538 534/534/534 539/539/539
f 540/540/540 537/537/537 536/536/536
f 540/540/540 536/536/536 541/541/541
f 540/540/540 541/541/541 542/542/542
f 540/540/540 542/542/542 543/543/543
f 544/544/544 545/545/545 546/546/546
f 544/544/544 546/546/546 547/547/547
f 548/548/548 545/545/545 544/544/544
f 548/548/548 544/544/544 549/549/549
f 546/546/546 550/550/550 551/551/551
f 546/546/546 551/551/551 547/547/547
f 551/551/551 550/550/550 552/552/552
f 551/551/551 552/552/552 553/553/553
f 554/554/554 555/555/555 556/556/556
f 554/554/554 556/556/556 557/557/557
f 556/556/556 555/555/555 558/558/558
f 556/556/556 558/558/558 559/559/559
f 560/560/560 561/561/561 562/562/562
f 560/560/560 562/562/562 563/563/563
f 564/564/564 563/563/563 562/562/562
f 564/564/564 562/562/562 565/565/565
f 566/566/566 567/567/567 568/568/568
f 566/566/566 568/568/568 569/569/569
f 568/568/568 567/567/567 570/570/570
f 568/568/568 570/570/570 571/571/571
f 572/572/572 573/573/573 566/566/566
f 572/572/572 566/566/566 569/569/569
f 574/574/574 573/573/573 572/572/572
f 574/574/574 572/572/572 575/575/575

g tube_bundle:_171_9
usemtl tube_bundle:textures_plastic_pvc_grey
f 576/576/576 577/577/577 578/578/578
f 576/576/576 578/578/578 579/579/579
f 580/580/580 579/579/579 578/578/578
f 580/580/580 578/578/578 581/581/581
f 582/582/582 577/577/577 576/576/576
f 582/582/582 576/576/576 583/583/583
f 582/582/582 583/583/583 584/584/584
f 582/582/582 584/584/584 585/585/585
f 586/586/586 587/587/587 588/588/588
f 586/586/586 588/588/588 589/589/589
f 588/588/588 587/587/587 590/590/590
f 588/588/588 590/590/590 591/591/591
f 592/592/592 593/593/593 586/586/586
f 592/592/592 586/586/586 589/589/589
f 594/594/594 593/593/593 592/592/592
f 594/594/594 592/592/592 595/595/595
f 596/596/596 597/597/597 598/598/598
f 596/596/596 598/598/598 599/599/599
f 600/600/600 597/597/597 596/596/596
f 600/600/600 596/596/596 601/601/601
f 602/602/602 603/603/603 604/604/604
f 602/602/602 604/604/604 605/605/605
f 606/606/606 605/605/605 604/604/604
f 606/606/606 604/604/604 607/607/607
f 608/608/608 609/609/609 610/610/610
f 608/608/608 610/610/610 611/611/611
f 612/612/612 609/609/609 608/608/608
f 612/612/612 608/608/608 613/613/613
f 614/614/614 611/611/611 610/610/610
f 614/614/614 610/610/610 615/615/615
f 614/614/614 615/615/615 616/616/616
f 614/614/614 616/616/616 617/617/617

g tube_bundle:_175_10
usemtl tube_bundle:textures_plastic_pvc_grey
f 618/618/618 619/619/619 620/620/620
f 618/618/618 620/620/620 621/621/621
f 622/622/622 621/621/621 620/620/620
f 622/622/622 620/620/620 623/623/623
f 624/624/624 619/619/619 618/618/618
f 624/624/624 618/618/618 625/625/625
f 624/624/624 625/625/625 626/626/626
f 624/624/624 626/626/626 627/627/627
f 628/628/628 629/629/629 630/630/630
f 628/628/628 630/630/630 631/631/631
f 630/630/630 629/629/629 632/632/632
f 630/630/630 632/632/632 633/633/633
f 628/628/628 631/631/631 634/634/634
f 628/628/628 634/634/634 635/635/635
f 636/636/636 635/635/635 634/634/634
f 636/636/636 634/634/634 637/637/637
f 638/638/638 639/639/639 640/640/640
f 638/638/638 640/640/640 641/641/641
f 642/642/642 639/639/639 638/638/638
f 642/642/642 638/638/638 643/643/643
f 644/644/644 645/645/645 646/646/646
f 644/644/644 646/646/646 647/647/647
f 646/646/646 645/645/645 648/648/648
f 646/646/646 648/648/648 649/649/649
f 650/650/650 651/651/651 652/652/652
f 650/650/650 652/652/652 653/653/653
f 654/654/654 651/651/651 650/650/650
f 654/654/654 650/650/650 655/655/655
f 652/652/652 656/656/656 657/657/657
f 652/652/652 657/657/657 653/653/653
f 657/657/657 656/656/656 658/658/658
f 657/657/657 658/658/658 659/659/659

g tube_bundle:_178_11
usemtl tube_bundle:textures_plastic_pvc_grey
f 660/660/660 661/661/661 662/662/662
f 660/660/660 662/662/662 663/663/663
f 664/664/664 661/661/661 660/660/660
f 664/664/664 660/660/660 665/665/665
f 666/666/666 663/663/663 662/662/662
f 666/666/666 662/662/662 667/667/667
f 664/664/664 665/665/665 668/668/668
f 664/664/664 668/668/668 669/669/669
f 670/670/670 671/671/671 672/672/672
f 670/670/670 672/672/672 673/673/673
f 672/672/672 671/671/671 674/674/674
f 672/672/672 674/674/674 675/675/675
f 670/670/670 673/673/673 676/676/676
f 670/670/670 676/676/676 677/677/677
f 678/678/678 677/677/677 676/676/676
f 678/678/678 676/676/676 679/679/679
f 680/680/680 681/681/681 682/682/682
f 680/680/680 682/682/682 683/683/683
f 684/684/684 681/681/681 680/680/680
f 684/684/684 680/680/680 685/685/685
f 686/686/686 687/687/687 688/688/688
f 686/686/686 688/688/688 689/689/689
f 690/690/690 689/689/689 688/688/688
f 690/690/690 688/688/688 691/691/691
f 692/692/692 693/693/693 694/694/694
f 692/692/692 694/694/694 695/695/695
f 696/696/696 693/693/693 692/692/692
f 696/696/696 692/692/692 697/697/697
f 698/698/698 695/695/695 694/694/694
f 698/698/698 694/694/694 699/699/699
f 698/698/698 699/699/699 700/700/700
f 698/698/698 700/700/700 701/701/701

g tube_bundle:_181_12
usemtl tube_bundle:textures_plastic_pvc_grey
f 702/702/702 703/703/703 704/704/704
f 702/702/702 704/704/704 705/705/705
f 706/706/706 703/703/703 702/702/702
f 706/706/706 702/702/702 707/707/707
f 704/704/704 708/708/708 709/709/709
f 704/704/704 709/709/709 705/705/705
f 709/709/709 708/708/708 710/710/710
f 709/709/709 710/710/710 711/711/711
f 712/712/712 713/713/713 714/714/714
f 712/712/712 714/714/714 715/715/715
f 716/716/716 713/713/713 712/712/712
f 716/716/716 712/712/712 717/717/717
f 718/718/718 715/715/715 714/714/714
f 718/718/718 714/714/714 719/719/719
f 718/718/718 719/719/719 720/720/720
f 718/718/718 720/720/720 721/721/721
f 722/722/722 723/723/723 724/724/724
f 722/722/722 724/724/724 725/725/725
f 724/724/724 723/723/723 726/726/726
f 724/724/724 726/726/726 727/727/727
f 728/728/728 729/729/729 730/730/730
f 728/728/728 730/730/730 731/731/731
f 732/732/732 731/731/731 730/730/730
f 732/732/732 730/730/730 733/733/733
f 734/734/734 735/735/735 736/736/736
f 734/734/734 736/736/736 737/737/737
f 736/736/736 735/735/735 738/738/738
f 736/736/736 738/738/738 739/739/739
f 734/734/734 737/737/737 740/740/740
f 734/734/734 740/740/740 741/741/741
f 742/742/742 741/741/741 740/740/740
f 742/742/742 740/740/740 743/743/743

g tube_bundle:_182_13
usemtl tube_bundle:textures_plastic_pvc_grey
f 744/744/744 745/745/745 746/746/746
f 744/744/744 746/746/746 747/747/747
f 748/748/748 745/745/745 744/744/744
f 748/748/748 744/744/744 749/749/749
f 750/750/750 747/747/747 746/746/746
f 750/750/750 746/746/746 751/751/751
f 750/750/750 751/751/751 752/752/752
f 750/750/750 752/752/752 753/753/753
f 754/754/754 755/755/755 756/756/756
f 754/754/754 756/756/756 757/757/757
f 756/756/756 755/755/755 758/758/758
f 756/756/756 758/758/758 759/759/759
f 758/758/758 760/760/760 761/761/761
f 758/758/758 761/761/761 759/759/759
f 761/761/761 760/760/760 762/762/762
f 761/761/761 762/762/762 763/763/763
f 764/764/764 765/765/765 766/766/766
f 764/764/764 766/766/766 767/767/767
f 766/766/766 765/765/765 768/768/768
f 766/766/766 768/768/768 769/769/769
f 770/770/770 771/771/771 772/772/772
f 770/770/770 772/772/772 773/773/773
f 774/774/774 773/773/773 772/772/772
f 774/774/774 772/772/772 775/775/775
f 776/776/776 777/777/777 778/778/778
f 776/776/776 778/778/778 779/779/779
f 778/778/778 777/777/777 780/780/780
f 778/778/778 780/780/780 781/781/781
f 776/776/776 779/779/779 782/782/782
f 776/776/776 782/782/782 783/783/783
f 784/784/784 783/783/783 782/782/782
f 784/784/784 782/782/782 785/785/785

g tube_bundle:_187_14
usemtl tube_bundle:textures_plastic_pvc_grey
f 786/786/786 787/787/787 788/788/788
f 786/786/786 788/788/788 789/789/789
f 790/790/790 787/787/787 786/786/786
f 790/790/790 786/786/786 791/791/791
f 792/792/792 789/789/789 788/788/788
f 792/792/792 788/788/788 793/793/793
f 792/792/792 793/793/793 794/794/794
f 792/792/792 794/794/794 795/795/795
f 796/796/796 797/797/797 798/798/798
f 796/796/796 798/798/798 799/799/799
f 798/798/798 797/797/797 800/800/800
f 798/798/798 800/800/800 801/801/801
f 800/800/800 802/802/802 803/803/803
f 800/800/800 803/803/803 801/801/801
f 803/803/803 802/802/802 804/804/804
f 803/803/803 804/804/804 805/805/805
f 806/806/806 807/807/807 808/808/808
f 806/806/806 808/808/808 809/809/809
f 808/808/808 807/807/807 810/810/810
f 808/808/808 810/810/810 811/811/811
f 806/806/806 809/809/809 812/812/812
f 806/806/806 812/812/812 813/813/813
f 814/814/814 813/813/813 812/812/812
f 814/814/814 812/812/812 815/815/815
f 816/816/816 817/817/817 818/818/818
f 816/816/816 818/818/818 819/819/819
f 820/820/820 821/821/821 822/822/822
f 820/820/820 822/822/822 823/823/823
f 818/818/818 817/817/817 824/824/824
f 818/818/818 824/824/824 825/825/825
f 822/822/822 826/826/826 827/827/827
f 822/822/822 827/827/827 823/823/823
f 828/828/828 829/829/829 830/830/830
f 828/828/828 830/830/830 831/831/831
f 832/832/832 829/829/829 828/828/828
f 832/832/832 828/828/828 833/833/833
f 834/834/834 831/831/831 830/830/830
f 834/834/834 830/830/830 835/835/835
f 832/832/832 833/833/833 836/836/836
f 832/832/832 836/836/836 837/837/837
f 838/838/838 837/837/837 836/836/836
f 838/838/838 836/836/836 839/839/839
f 838/838/838 839/839/839 840/840/840
f 838/838/838 840/840/840 841/841/841
f 842/842/842 841/841/841 840/840/840
f 842/842/842 840/840/840 843/843/843
f 842/842/842 843/843/843 844/844/844
f 842/842/842 844/844/844 845/845/845
f 846/846/846 845/845/845 844/844/844
f 846/846/846 844/844/844 847/847/847
f 846/846/846 847/847/847 848/848/848
f 846/846/846 848/848/848 849/849/849
f 834/834/834 835/835/835 850/850/850
f 834/834/834 850/850/850 851/851/851
f 852/852/852 851/851/851 850/850/850
f 852/852/852 850/850/850 853/853/853
f 852/852/852 853/853/853 854/854/854
f 852/852/852 854/854/854 855/855/855
f 856/856/856 855/855/855 854/854/854
f 856/856/856 854/854/854 857/857/857
f 856/856/856 857/857/857 858/858/858
f 856/856/856 858/858/858 859/859/859
f 860/860/860 859/859/859 858/858/858
f 860/860/860 858/858/858 861/861/861
f 862/862/862 863/863/863 864/864/864
f 862/862/862 864/864/864 865/865/865
f 864/864/864 863/863/863 866/866/866
f 864/864/864 866/866/866 867/867/867
f 868/868/868 869/869/869 870/870/870
f 868/868/868 870/870/870 871/871/871
f 872/872/872 871/871/871 870/870/870
f 872/872/872 870/870/870 873/873/873
f 874/874/874 867/867/867 866/866/866
f 874/874/874 866/866/866 875/875/875
f 872/872/872 873/873/873 876/876/876
f 872/872/872 876/876/876 877/877/877
f 878/878/878 877/877/877 876/876/876
f 878/878/878 876/876/876 879/879/879
f 878/878/878 879/879/879 880/880/880
f 878/878/878 880/880/880 881/881/881
f 882/882/882 881/881/881 880/880/880
f 882/882/882 880/880/880 883/883/883
f 882/882/882 883/883/883 884/884/884
f 882/882/882 884/884/884 885/885/885
f 886/886/886 885/885/885 884/884/884
f 886/886/886 884/884/884 887/887/887
f 886/886/886 887/887/887 888/888/888
f 886/886/886 888/888/888 889/889/889
f 890/890/890 889/889/889 888/888/888
f 890/890/890 888/888/888 891/891/891
f 890/890/890 891/891/891 892/892/892
f 890/890/890 892/892/892 893/893/893
f 894/894/894 893/893/893 892/892/892
f 894/894/894 892/892/892 895/895/895
f 894/894/894 895/895/895 874/874/874
f 894/894/894 874/874/874 875/875/875
f 896/896/896 897/897/897 898/898/898
f 896/896/896 898/898/898 899/899/899
f 898/898/898 897/897/897 900/900/900
f 898/898/898 900/900/900 901/901/901
f 896/896/896 899/899/899 902/902/902
f 896/896/896 902/902/902 903/903/903
f 904/904/904 903/903/903 902/902/902
f 904/904/904 902/902/902 905/905/905
f 906/906/906 907/907/907 908/908/908
f 906/906/906 908/908/908 909/909/909
f 910/910/910 907/907/907 906/906/906
f 910/910/910 906/906/906 911/911/911
f 912/912/912 913/913/913 914/914/914
f 912/912/912 914/914/914 915/915/915
f 914/914/914 913/913/913 916/916/916
f 914/914/914 916/916/916 917/917/917
f 918/918/918 919/919/919 920/920/920
f 918/918/918 920/920/920 921/921/921
f 922/922/922 919/919/919 918/918/918
f 922/922/922 918/918/918 923/923/923
f 924/924/924 921/921/921 920/920/920
f 924/924/924 920/920/920 925/925/925
f 924/924/924 925/925/925 926/926/926
f 924/924/924 926/926/926 927/927/927
f 928/928/928 929/929/929 930/930/930
f 928/928/928 930/930/930 931/931/931
f 932/932/932 931/931/931 930/930/930
f 932/932/932 930/930/930 933/933/933
f 934/934/934 929/929/929 928/928/928
f 934/934/934 928/928/928 935/935/935
f 932/932/932 933/933/933 936/936/936
f 932/932/932 936/936/936 937/937/937
f 938/938/938 939/939/939 940/940/940
f 938/938/938 940/940/940 941/941/941
f 942/942/942 941/941/941 940/940/940
f 942/942/942 940/940/940 943/943/943
f 944/944/944 939/939/939 938/938/938
f 944/944/944 938/938/938 945/945/945
f 942/942/942 943/943/943 946/946/946
f 942/942/942 946/946/946 947/947/947
f 948/948/948 949/949/949 950/950/950
f 948/948/948 950/950/950 951/951/951
f 952/952/952 949/949/949 948/948/948
f 952/952/952 948/948/948 953/953/953
f 954/954/954 951/951/951 950/950/950
f 954/954/954 950/950/950 955/955/955
f 954/954/954 955/955/955 956/956/956
f 954/954/954 956/956/956 957/957/957
f 958/958/958 959/959/959 960/960/960
f 958/958/958 960/960/960 961/961/961
f 960/960/960 959/959/959 962/962/962
f 960/960/960 962/962/962 963/963/963
f 958/958/958 961/961/961 964/964/964
f 958/958/958 964/964/964 965/965/965
f 966/966/966 965/965/965 964/964/964
f 966/966/966 964/964/964 967/967/967
f 968/968/968 969/969/969 970/970/970
f 968/968/968 970/970/970 971/971/971
f 972/972/972 969/969/969 968/968/968
f 972/972/972 968/968/968 973/973/973
f 974/974/974 975/975/975 976/976/976
f 974/974/974 976/976/976 977/977/977
f 978/978/978 977/977/977 976/976/976
f 978/978/978 976/976/976 979/979/979

g tube_bundle:_188_15
usemtl tube_bundle:textures_plastic_pvc_grey
f 980/980/980 981/981/981 982/982/982
f 980/980/980 982/982/982 983/983/983
f 982/982/982 981/981/981 984/984/984
f 982/982/982 984/984/984 985/985/985
f 986/986/986 987/987/987 988/988/988
f 986/986/986 988/988/988 989/989/989
f 990/990/990 989/989/989 988/988/988
f 990/990/990 988/988/988 991/991/991
f 992/992/992 985/985/985 984/984/984
f 992/992/992 984/984/984 993/993/993
f 990/990/990 991/991/991 994/994/994
f 990/990/990 994/994/994 995/995/995
f 996/996/996 995/995/995 994/994/994
f 996/996/996 994/994/994 997/997/997
f 996/996/996 997/997/997 998/998/998
f 996/996/996 998/998/998 999/999/999
f 1000/1000/1000 999/999/999 998/998/998
f 1000/1000/1000 998/998/998 1001/1001/1001
f 992/992/992 993/993/993 1002/1002/1002
f 992/992/992 1002/1002/1002 1003/1003/1003
f 1000/1000/1000 1001/1001/1001 1004/1004/1004
f 1000/1000/1000 1004/1004/1004 1005/1005/1005
f 1006/1006/1006 1005/1005/1005 1004/1004/1004
f 1006/1006/1006 1004/1004/1004 1007/1007/1007
f 1008/1008/1008 1003/1003/1003 1002/1002/1002
f 1008/1008/1008 1002/1002/1002 1009/1009/1009
f 1008/1008/1008 1009/1009/1009 1010/1010/1010
f 1008/1008/1008 1010/1010/1010 1011/1011/1011
f 1012/1012/1012 1011/1011/1011 1010/1010/1010
f 1012/1012/1012 1010/1010/1010 1013/1013/1013
f 1012/1012/1012 1013/1013/1013 1006/1006/1006
f 1012/1012/1012 1006/1006/1006 1007/1007/1007
f 1014/1014/1014 1015/1015/1015 1016/1016/1016
f 1014/1014/1014 1016/1016/1016 1017/1017/1017
f 1016/1016/1016 1015/1015/1015 1018/1018/1018
f 1016/1016/1016 1018/1018/1018 1019/1019/1019
f 1020/1020/1020 1021/1021/1021 1014/1014/1014
f 1020/1020/1020 1014/1014/1014 1017/1017/1017
f 1022/1022/1022 1021/1021/1021 1020/1020/1020
f 1022/1022/1022 1020/1020/1020 1023/1023/1023
f 1024/1024/1024 1025/1025/1025 1026/1026/1026
f 1024/1024/1024 1026/1026/1026 1027/1027/1027
f 1028/1028/1028 1025/1025/1025 1024/1024/1024
f 1028/1028/1028 1024/1024/1024 1029/1029/1029
f 1030/1030/1030 1031/1031/1031 1032/1032/1032
f 1030/1030/1030 1032/1032/1032 1033/1033/1033
f 1034/1034/1034 1033/1033/1033 1032/1032/1032
f 1034/1034/1034 1032/1032/1032 1035/1035/1035
f 1036/1036/1036 1037/1037/1037 1038/1038/1038
f 1036/1036/1036 1038/1038/1038 1039/1039/1039
f 1040/1040/1040 1037/1037/1037 1036/1036/1036
f 1040/1040/1040 1036/1036/1036 1041/1041/1041
f 1038/1038/1038 1042/1042/1042 1043/1043/1043
f 1038/1038/1038 1043/1043/1043 1039/1039/1039
f 1043/1043/1043 1042/1042/1042 1044/1044/1044
f 1043/1043/1043 1044/1044/1044 1045/1045/1045
f 1046/1046/1046 1047/1047/1047 1048/1048/1048
f 1046/1046/1046 1048/1048/1048 1049/1049/1049
f 1050/1050/1050 1049/1049/1049 1048/1048/1048
f 1050/1050/1050 1048/1048/1048 1051/1051/1051
f 1052/1052/1052 1047/1047/1047 1046/1046/1046
f 1052/1052/1052 1046/1046/1046 1053/1053/1053
f 1050/1050/1050 1051/1051/1051 1054/1054/1054
f 1050/1050/1050 1054/1054/1054 1055/1055/1055
f 1056/1056/1056 1057/1057/1057 1058/1058/1058
f 1056/1056/1056 1058/1058/1058 1059/1059/1059
f 1058/1058/1058 1057/1057/1057 1060/1060/1060
f 1058/1058/1058 1060/1060/1060 1061/1061/1061
f 1056/1056/1056 1059/1059/1059 1062/1062/1062
f 1056/1056/1056 1062/1062/1062 1063/1063/1063
f 1064/1064/1064 1063/1063/1063 1062/1062/1062
f 1064/1064/1064 1062/1062/1062 1065/1065/1065
f 1066/1066/1066 1061/1061/1061 1060/1060/1060
f 1066/1066/1066 1060/1060/1060 1067/1067/1067
f 1066/1066/1066 1067/1067/1067 1068/1068/1068
f 1066/1066/1066 1068/1068/1068 1069/1069/1069
f 1070/1070/1070 1069/1069/1069 1068/1068/1068
f 1070/1070/1070 1068/1068/1068 1071/1071/1071
f 1070/1070/1070 1071/1071/1071 1072/1072/1072
f 1070/1070/1070 1072/1072/1072 1073/1073/1073
f 1074/1074/1074 1073/1073/1073 1072/1072/1072
f 1074/1074/1074 1072/1072/1072 1075/1075/1075
f 1074/1074/1074 1075/1075/1075 1076/1076/1076
f 1074/1074/1074 1076/1076/1076 1077/1077/1077
f 1078/1078/1078 1077/1077/1077 1076/1076/1076
f 1078/1078/1078 1076/1076/1076 1079/1079/1079
f 1078/1078/1078 1079/1079/1079 1080/1080/1080
f 1078/1078/1078 1080/1080/1080 1081/1081/1081
f 1064/1064/1064 1065/1065/1065 1082/1082/1082
f 1064/1064/1064 1082/1082/1082 1083/1083/1083
f 1084/1084/1084 1083/1083/1083 1082/1082/1082
f 1084/1084/1084 1082/1082/1082 1085/1085/1085
f 1084/1084/1084 1085/1085/1085 1086/1086/1086
f 1084/1084/1084 1086/1086/1086 1087/1087/1087
f 1088/1088/1088 1087/1087/1087 1086/1086/1086
f 1088/1088/1088 1086/1086/1086 1089/1089/1089

g tube_bundle:_189_16
usemtl tube_bundle:textures_plastic_pvc_grey
f 1090/1090/1090 1091/1091/1091 1092/1092/1092
f 1090/1090/1090 1092/1092/1092 1093/1093/1093
f 1092/1092/1092 1091/1091/1091 1094/1094/1094
f 1092/1092/1092 1094/1094/1094 1095/1095/1095
f 1090/1090/1090 1093/1093/1093 1096/1096/1096
f 1090/1090/1090 1096/1096/1096 1097/1097/1097
f 1096/1096/1096 1098/1098/1098 1099/1099/1099
f 1096/1096/1096 1099/1099/1099 1097/1097/1097
f 1100/1100/1100 1095/1095/1095 1094/1094/1094
f 1100/1100/1100 1094/1094/1094 1101/1101/1101
f 1100/1100/1100 1101/1101/1101 1102/1102/1102
f 1100/1100/1100 1102/1102/1102 1103/1103/1103
f 1104/1104/1104 1103/1103/1103 1102/1102/1102
f 1104/1104/1104 1102/1102/1102 1105/1105/1105
f 1104/1104/1104 1105/1105/1105 1106/1106/1106
f 1104/1104/1104 1106/1106/1106 1107/1107/1107
f 1108/1108/1108 1107/1107/1107 1106/1106/1106
f 1108/1108/1108 1106/1106/1106 1109/1109/1109
f 1108/1108/1108 1109/1109/1109 1110/1110/1110
f 1108/1108/1108 1110/1110/1110 1111/1111/1111
f 1112/1112/1112 1111/1111/1111 1110/1110/1110
f 1112/1112/1112 1110/1110/1110 1113/1113/1113
f 1112/1112/1112 1113/1113/1113 1114/1114/1114
f 1112/1112/1112 1114/1114/1114 1115/1115/1115
f 1099/1099/1099 1098/1098/1098 1116/1116/1116
f 1099/1099/1099 1116/1116/1116 1117/1117/1117
f 1118/1118/1118 1117/1117/1117 1116/1116/1116
f 1118/1118/1118 1116/1116/1116 1119/1119/1119
f 1118/1118/1118 1119/1119/1119 1120/1120/1120
f 1118/1118/1118 1120/1120/1120 1121/1121/1121
f 1122/1122/1122 1121/1121/1121 1120/1120/1120
f 1122/1122/1122 1120/1120/1120 1123/1123/1123
f 1124/1124/1124 1125/1125/1125 1126/1126/1126
f 1124/1124/1124 1126/1126/1126 1127/1127/1127
f 1128/1128/1128 1127/1127/1127 1126/1126/1126
f 1128/1128/1128 1126/1126/1126 1129/1129/1129
f 1130/1130/1130 1125/1125/1125 1124/1124/1124
f 1130/1130/1130 1124/1124/1124 1131/1131/1131
f 1130/1130/1130 1131/1131/1131 1132/1132/1132
f 1130/1130/1130 1132/1132/1132 1133/1133/1133
f 1134/1134/1134 1135/1135/1135 1136/1136/1136
f 1134/1134/1134 1136/1136/1136 1137/1137/1137
f 1136/1136/1136 1135/1135/1135 1138/1138/1138
f 1136/1136/1136 1138/1138/1138 1139/1139/1139
f 1134/1134/1134 1137/1137/1137 1140/1140/1140
f 1134/1134/1134 1140/1140/1140 1141/1141/1141
f 1142/1142/1142 1141/1141/1141 1140/1140/1140
f 1142/1142/1142 1140/1140/1140 1143/1143/1143
f 1144/1144/1144 1145/1145/1145 1146/1146/1146
f 1144/1144/1144 1146/1146/1146 1147/1147/1147
f 1148/1148/1148 1145/1145/1145 1144/1144/1144
f 1148/1148/1148 1144/1144/1144 1149/1149/1149
f 1150/1150/1150 1151/1151/1151 1152/1152/1152
f 1150/1150/1150 1152/1152/1152 1153/1153/1153
f 1154/1154/1154 1153/1153/1153 1152/1152/1152
f 1154/1154/1154 1152/1152/1152 1155/1155/1155
f 1156/1156/1156 1157/1157/1157 1158/1158/1158
f 1156/1156/1156 1158/1158/1158 1159/1159/1159
f 1160/1160/1160 1157/1157/1157 1156/1156/1156
f 1160/1160/1160 1156/1156/1156 1161/1161/1161
f 1162/1162/1162 1159/1159/1159 1158/1158/1158
f 1162/1162/1162 1158/1158/1158 1163/1163/1163
f 1162/1162/1162 1163/1163/1163 1164/1164/1164
f 1162/1162/1162 1164/1164/1164 1165/1165/1165
f 1166/1166/1166 1167/1167/1167 1168/1168/1168
f 1166/1166/1166 1168/1168/1168 1169/1169/1169
f 1168/1168/1168 1167/1167/1167 1170/1170/1170
f 1168/1168/1168 1170/1170/1170 1171/1171/1171
f 1172/1172/1172 1173/1173/1173 1174/1174/1174
f 1172/1172/1172 1174/1174/1174 1175/1175/1175
f 1176/1176/1176 1175/1175/1175 1174/1174/1174
f 1176/1176/1176 1174/1174/1174 1177/1177/1177
f 1178/1178/1178 1171/1171/1171 1170/1170/1170
f 1178/1178/1178 1170/1170/1170 1179/1179/1179
f 1176/1176/1176 1177/1177/1177 1180/1180/1180
f 1176/1176/1176 1180/1180/1180 1181/1181/1181
f 1182/1182/1182 1181/1181/1181 1180/1180/1180
f 1182/1182/1182 1180/1180/1180 1183/1183/1183
f 1178/1178/1178 1179/1179/1179 1184/1184/1184
f 1178/1178/1178 1184/1184/1184 1185/1185/1185
f 1182/1182/1182 1183/1183/1183 1186/1186/1186
f 1182/1182/1182 1186/1186/1186 1187/1187/1187
f 1188/1188/1188 1185/1185/1185 1184/1184/1184
f 1188/1188/1188 1184/1184/1184 1189/1189/1189
f 1188/1188/1188 1189/1189/1189 1190/1190/1190
f 1188/1188/1188 1190/1190/1190 1191/1191/1191
f 1192/1192/1192 1191/1191/1191 1190/1190/1190
f 1192/1192/1192 1190/1190/1190 1193/1193/1193
f 1194/1194/1194 1187/1187/1187 1186/1186/1186
f 1194/1194/1194 1186/1186/1186 1195/1195/1195
f 1192/1192/1192 1193/1193/1193 1196/1196/1196
f 1192/1192/1192 1196/1196/1196 1197/1197/1197
f 1194/1194/1194 1195/1195/1195 1198/1198/1198
f 1194/1194/1194 1198/1198/1198 1199/1199/1199
f 1198/1198/1198 1197/1197/1197 1196/1196/1196
f 1198/1198/1198 1196/1196/1196 1199/1199/1199

g tube_bundle:_190_17
usemtl tube_bundle:textures_plastic_pvc_grey
f 1200/1200/1200 1201/1201/1201 1202/1202/1202
f 1200/1200/1200 1202/1202/1202 1203/1203/1203
f 1202/1202/1202 1201/1201/1201 1204/1204/1204
f 1202/1202/1202 1204/1204/1204 1205/1205/1205
f 1206/1206/1206 1207/1207/1207 1200/1200/1200
f 1206/1206/1206 1200/1200/1200 1203/1203/1203
f 1208/1208/1208 1207/1207/1207 1206/1206/1206
f 1208/1208/1208 1206/1206/1206 1209/1209/1209
f 1210/1210/1210 1211/1211/1211 1212/1212/1212
f 1210/1210/1210 1212/1212/1212 1213/1213/1213
f 1214/1214/1214 1211/1211/1211 1210/1210/1210
f 1214/1214/1214 1210/1210/1210 1215/1215/1215
f 1216/1216/1216 1217/1217/1217 1218/1218/1218
f 1216/1216/1216 1218/1218/1218 1219/1219/1219
f 1220/1220/1220 1219/1219/1219 1218/1218/1218
f 1220/1220/1220 1218/1218/1218 1221/1221/1221
f 1222/1222/1222 1223/1223/1223 1224/1224/1224
f 1222/1222/1222 1224/1224/1224 1225/1225/1225
f 1226/1226/1226 1223/1223/1223 1222/1222/1222
f 1226/1226/1226 1222/1222/1222 1227/1227/1227
f 1228/1228/1228 1225/1225/1225 1224/1224/1224
f 1228/1228/1228 1224/1224/1224 1229/1229/1229
f 1228/1228/1228 1229/1229/1229 1230/1230/1230
f 1228/1228/1228 1230/1230/1230 1231/1231/1231
f 1232/1232/1232 1233/1233/1233 1234/1234/1234
f 1232/1232/1232 1234/1234/1234 1235/1235/1235
f 1236/1236/1236 1237/1237/1237 1238/1238/1238
f 1236/1236/1236 1238/1238/1238 1239/1239/1239
f 1234/1234/1234 1233/1233/1233 1240/1240/1240
f 1234/1234/1234 1240/1240/1240 1241/1241/1241
f 1242/1242/1242 1239/1239/1239 1238/1238/1238
f 1242/1242/1242 1238/1238/1238 1243/1243/1243
f 1244/1244/1244 1245/1245/1245 1246/1246/1246
f 1244/1244/1244 1246/1246/1246 1247/1247/1247
f 1248/1248/1248 1245/1245/1245 1244/1244/1244
f 1248/1248/1248 1244/1244/1244 1249/1249/1249
f 1250/1250/1250 1247/1247/1247 1246/1246/1246
f 1250/1250/1250 1246/1246/1246 1251/1251/1251
f 1250/1250/1250 1251/1251/1251 1252/1252/1252
f 1250/1250/1250 1252/1252/1252 1253/1253/1253
f 1254/1254/1254 1255/1255/1255 1256/1256/1256
f 1254/1254/1254 1256/1256/1256 1257/1257/1257
f 1256/1256/1256 1255/1255/1255 1258/1258/1258
f 1256/1256/1256 1258/1258/1258 1259/1259/1259
f 1254/1254/1254 1257/1257/1257 1260/1260/1260
f 1254/1254/1254 1260/1260/1260 1261/1261/1261
f 1262/1262/1262 1261/1261/1261 1260/1260/1260
f 1262/1262/1262 1260/1260/1260 1263/1263/1263
f 1264/1264/1264 1265/1265/1265 1266/1266/1266
f 1264/1264/1264 1266/1266/1266 1267/1267/1267
f 1266/1266/1266 1265/1265/1265 1268/1268/1268
f 1266/1266/1266 1268/1268/1268 1269/1269/1269
f 1270/1270/1270 1271/1271/1271 1272/1272/1272
f 1270/1270/1270 1272/1272/1272 1273/1273/1273
f 1274/1274/1274 1273/1273/1273 1272/1272/1272
f 1274/1274/1274 1272/1272/1272 1275/1275/1275
f 1276/1276/1276 1269/1269/1269 1268/1268/1268
f 1276/1276/1276 1268/1268/1268 1277/1277/1277
f 1274/1274/1274 1275/1275/1275 1278/1278/1278
f 1274/1274/1274 1278/1278/1278 1279/1279/1279
f 1280/1280/1280 1279/1279/1279 1278/1278/1278
f 1280/1280/1280 1278/1278/1278 1281/1281/1281
f 1280/1280/1280 1281/1281/1281 1282/1282/1282
f 1280/1280/1280 1282/1282/1282 1283/1283/1283
f 1284/1284/1284 1283/1283/1283 1282/1282/1282
f 1284/1284/1284 1282/1282/1282 1285/1285/1285
f 1284/1284/1284 1285/1285/1285 1286/1286/1286
f 1284/1284/1284 1286/1286/1286 1287/1287/1287
f 1288/1288/1288 1287/1287/1287 1286/1286/1286
f 1288/1288/1288 1286/1286/1286 1289/1289/1289
f 1288/1288/1288 1289/1289/1289 1290/1290/1290
f 1288/1288/1288 1290/1290/1290 1291/1291/1291
f 1292/1292/1292 1291/1291/1291 1290/1290/1290
f 1292/1292/1292 1290/1290/1290 1293/1293/1293
f 1292/1292/1292 1293/1293/1293 1294/1294/1294
f 1292/1292/1292 1294/1294/1294 1295/1295/1295
f 1296/1296/1296 1295/1295/1295 1294/1294/1294
f 1296/1296/1296 1294/1294/1294 1297/1297/1297
f 1296/1296/1296 1297/1297/1297 1276/1276/1276
f 1296/1296/1296 1276/1276/1276 1277/1277/1277
f 1298/1298/1298 1299/1299/1299 1300/1300/1300
f 1298/1298/1298 1300/1300/1300 1301/1301/1301
f 1302/1302/1302 1299/1299/1299 1298/1298/1298
f 1302/1302/1302 1298/1298/1298 1303/1303/1303
f 1304/1304/1304 1301/1301/1301 1300/1300/1300
f 1304/1304/1304 1300/1300/1300 1305/1305/1305
f 1302/1302/1302 1303/1303/1303 1306/1306/1306
f 1302/1302/1302 1306/1306/1306 1307/1307/1307
f 1308/1308/1308 1309/1309/1309 1310/1310/1310
f 1308/1308/1308 1310/1310/1310 1311/1311/1311
f 1310/1310/1310 1309/1309/1309 1312/1312/1312
f 1310/1310/1310 1312/1312/1312 1313/1313/1313
f 1314/1314/1314 1315/1315/1315 1308/1308/1308
f 1314/1314/1314 1308/1308/1308 1311/1311/1311
f 1316/1316/1316 1315/1315/1315 1314/1314/1314
f 1316/1316/1316 1314/1314/1314 1317/1317/1317
f 1318/1318/1318 1319/1319/1319 1320/1320/1320
f 1318/1318/1318 1320/1320/1320 1321/1321/1321
f 1322/1322/1322 1319/1319/1319 1318/1318/1318
f 1322/1322/1322 1318/1318/1318 1323/1323/1323
f 1324/1324/1324 1325/1325/1325 1326/1326/1326
f 1324/1324/1324 1326/1326/1326 1327/1327/1327
f 1326/1326/1326 1325/1325/1325 1328/1328/1328
f 1326/1326/1326 1328/1328/1328 1329/1329/1329
f 1330/1330/1330 1331/1331/1331 1332/1332/1332
f 1330/1330/1330 1332/1332/1332 1333/1333/1333
f 1334/1334/1334 1331/1331/1331 1330/1330/1330
f 1334/1334/1334 1330/1330/1330 1335/1335/1335
f 1336/1336/1336 1333/1333/1333 1332/1332/1332
f 1336/1336/1336 1332/1332/1332 1337/1337/1337
f 1336/1336/1336 1337/1337/1337 1338/1338/1338
f 1336/1336/1336 1338/1338/1338 1339/1339/1339
f 1340/1340/1340 1341/1341/1341 1342/1342/1342
f 1340/1340/1340 1342/1342/1342 1343/1343/1343
f 1344/1344/1344 1341/1341/1341 1340/1340/1340
f 1344/1344/1344 1340/1340/1340 1345/1345/1345
f 1346/1346/1346 1343/1343/1343 1342/1342/1342
f 1346/1346/1346 1342/1342/1342 1347/1347/1347
f 1344/1344/1344 1345/1345/1345 1348/1348/1348
f 1344/1344/1344 1348/1348/1348 1349/1349/1349
f 1350/1350/1350 1349/1349/1349 1348/1348/1348
f 1350/1350/1350 1348/1348/1348 1351/1351/1351
f 1350/1350/1350 1351/1351/1351 1352/1352/1352
f 1350/1350/1350 1352/1352/1352 1353/1353/1353
f 1354/1354/1354 1353/1353/1353 1352/1352/1352
f 1354/1354/1354 1352/1352/1352 1355/1355/1355
f 1354/1354/1354 1355/1355/1355 1356/1356/1356
f 1354/1354/1354 1356/1356/1356 1357/1357/1357
f 1358/1358/1358 1357/1357/1357 1356/1356/1356
f 1358/1358/1358 1356/1356/1356 1359/1359/1359
f 1358/1358/1358 1359/1359/1359 1360/1360/1360
f 1358/1358/1358 1360/1360/1360 1361/1361/1361
f 1346/1346/1346 1347/1347/1347 1362/1362/1362
f 1346/1346/1346 1362/1362/1362 1363/1363/1363
f 1364/1364/1364 1363/1363/1363 1362/1362/1362
f 1364/1364/1364 1362/1362/1362 1365/1365/1365
f 1364/1364/1364 1365/1365/1365 1366/1366/1366
f 1364/1364/1364 1366/1366/1366 1367/1367/1367
f 1368/1368/1368 1367/1367/1367 1366/1366/1366
f 1368/1368/1368 1366/1366/1366 1369/1369/1369
f 1368/1368/1368 1369/1369/1369 1370/1370/1370
f 1368/1368/1368 1370/1370/1370 1371/1371/1371
f 1372/1372/1372 1371/1371/1371 1370/1370/1370
f 1372/1372/1372 1370/1370/1370 1373/1373/1373
f 1374/1374/1374 1375/1375/1375 1376/1376/1376
f 1374/1374/1374 1376/1376/1376 1377/1377/1377
f 1378/1378/1378 1377/1377/1377 1376/1376/1376
f 1378/1378/1378 1376/1376/1376 1379/1379/1379
f 1380/1380/1380 1375/1375/1375 1374/1374/1374
f 1380/1380/1380 1374/1374/1374 1381/1381/1381
f 1380/1380/1380 1381/1381/1381 1382/1382/1382
f 1380/1380/1380 1382/1382/1382 1383/1383/1383
f 1384/1384/1384 1385/1385/1385 1386/1386/1386
f 1384/1384/1384 1386/1386/1386 1387/1387/1387
f 1388/1388/1388 1385/1385/1385 1384/1384/1384
f 1388/1388/1388 1384/1384/1384 1389/1389/1389
f 1390/1390/1390 1387/1387/1387 1386/1386/1386
f 1390/1390/1390 1386/1386/1386 1391/1391/1391
f 1390/1390/1390 1391/1391/1391 1392/1392/1392
f 1390/1390/1390 1392/1392/1392 1393/1393/1393

g polySurface20_18
usemtl tube_bundle:textures_exwsw_eX_metalSupp01_blue
f 1394/1394/1394 1395/1395/1395 1396/1396/1396
f 1394/1394/1394 1396/1396/1396 1397/1397/1397
f 1398/1398/1398 1399/1399/1399 1400/1400/1400
f 1398/1398/1398 1400/1400/1400 1401/1401/1401
f 1402/1402/1402 1403/1403/1403 1404/1404/1404
f 1402/1402/1402 1404/1404/1404 1405/1405/1405
f 1406/1406/1406 1407/1407/1407 1408/1408/1408
f 1406/1406/1406 1408/1408/1408 1409/1409/1409
f 1410/1410/1410 1411/1411/1411 1412/1412/1412
f 1410/1410/1410 1412/1412/1412 1413/1413/1413
f 1414/1414/1414 1415/1415/1415 1416/1416/1416
f 1414/1414/1414 1416/1416/1416 1417/1417/1417
f 1418/1418/1418 1419/1419/1419 1420/1420/1420
f 1418/1418/1418 1420/1420/1420 1421/1421/1421
f 1422/1422/1422 1423/1423/1423 1424/1424/1424
f 1422/1422/1422 1424/1424/1424 1425/1425/1425
f 1426/1426/1426 1427/1427/1427 1428/1428/1428
f 1426/1426/1426 1428/1428/1428 1429/1429/1429
f 1430/1430/1430 1431/1431/1431 1432/1432/1432
f 1430/1430/1430 1432/1432/1432 1433/1433/1433

g polySurface12_19
usemtl tube_bundle:textures_exwsw_eX_surf_metallightgrey
f 1434/1434/1434 1435/1435/1435 1436/1436/1436
f 1434/1434/1434 1436/1436/1436 1437/1437/1437
f 1436/1436/1436 1438/1438/1438 1437/1437/1437
f 1437/1437/1437 1438/1438/1438 1439/1439/1439
f 1438/1438/1438 1440/1440/1440 1439/1439/1439
f 1439/1439/1439 1440/1440/1440 1441/1441/1441
f 1440/1440/1440 1442/1442/1442 1441/1441/1441
f 1440/1440/1440 1443/1443/1443 1442/1442/1442
f 1442/1442/1442 1443/1443/1443 1444/1444/1444
f 1443/1443/1443 1445/1445/1445 1444/1444/1444
f 1444/1444/1444 1445/1445/1445 1446/1446/1446
f 1445/1445/1445 1447/1447/1447 1446/1446/1446
f 1448/1448/1448 1449/1449/1449 1450/1450/1450
f 1448/1448/1448 1450/1450/1450 1451/1451/1451
f 1448/1448/1448 1452/1452/1452 1449/1449/1449
f 1448/1448/1448 1453/1453/1453 1452/1452/1452
f 1450/1450/1450 1454/1454/1454 1451/1451/1451
f 1451/1451/1451 1454/1454/1454 1455/1455/1455
f 1454/1454/1454 1456/1456/1456 1455/1455/1455
f 1455/1455/1455 1456/1456/1456 1457/1457/1457

g polySurface23_20
usemtl tube_bundle:textures_exwsw_eX_surf_metallightgrey
f 1458/1458/1458 1459/1459/1459 1460/1460/1460
f 1458/1458/1458 1460/1460/1460 1461/1461/1461
f 1462/1462/1462 1458/1458/1458 1461/1461/1461
f 1463/1463/1463 1458/1458/1458 1462/1462/1462
f 1460/1460/1460 1459/1459/1459 1464/1464/1464
f 1459/1459/1459 1465/1465/1465 1464/1464/1464
f 1464/1464/1464 1465/1465/1465 1466/1466/1466
f 1465/1465/1465 1467/1467/1467 1466/1466/1466
f 1468/1468/1468 1469/1469/1469 1470/1470/1470
f 1470/1470/1470 1469/1469/1469 1471/1471/1471
f 1470/1470/1470 1471/1471/1471 1472/1472/1472
f 1471/1471/1471 1473/1473/1473 1472/1472/1472
f 1472/1472/1472 1473/1473/1473 1474/1474/1474
f 1473/1473/1473 1475/1475/1475 1474/1474/1474
f 1474/1474/1474 1475/1475/1475 1476/1476/1476
f 1474/1474/1474 1476/1476/1476 1477/1477/1477
f 1476/1476/1476 1478/1478/1478 1477/1477/1477
f 1477/1477/1477 1478/1478/1478 1479/1479/1479
f 1478/1478/1478 1480/1480/1480 1479/1479/1479
f 1479/1479/1479 1480/1480/1480 1481/1481/1481

g polySurface4_21
usemtl tube_bundle:textures_exwsw_eX_metalSupp01_blue
f 1482/1482/1482 1483/1483/1483 1484/1484/1484
f 1483/1483/1483 1485/1485/1485 1484/1484/1484
f 1486/1486/1486 1487/1487/1487 1488/1488/1488
f 1487/1487/1487 1489/1489/1489 1488/1488/1488
f 1490/1490/1490 1491/1491/1491 1492/1492/1492
f 1491/1491/1491 1493/1493/1493 1492/1492/1492
f 1494/1494/1494 1495/1495/1495 1496/1496/1496
f 1497/1497/1497 1494/1494/1494 1496/1496/1496
f 1498/1498/1498 1499/1499/1499 1500/1500/1500
f 1501/1501/1501 1498/1498/1498 1500/1500/1500
f 1502/1502/1502 1503/1503/1503 1504/1504/1504
f 1505/1505/1505 1502/1502/1502 1504/1504/1504
f 1506/1506/1506 1507/1507/1507 1508/1508/1508
f 1509/1509/1509 1506/1506/1506 1508/1508/1508
f 1510/1510/1510 1511/1511/1511 1512/1512/1512
f 1513/1513/1513 1510/1510/1510 1512/1512/1512
f 1514/1514/1514 1515/1515/1515 1516/1516/1516
f 1515/1515/1515 1517/1517/1517 1516/1516/1516
f 1518/1518/1518 1519/1519/1519 1520/1520/1520
f 1521/1521/1521 1518/1518/1518 1520/1520/1520

g polySurface79_22
usemtl tube_bundle:textures_exwsw_eX_metalSupp01_blue
f 1522/1522/1522 1523/1523/1523 1524/1524/1524
f 1523/1523/1523 1525/1525/1525 1524/1524/1524
f 1526/1526/1526 1527/1527/1527 1528/1528/1528
f 1527/1527/1527 1529/1529/1529 1528/1528/1528
f 1530/1530/1530 1531/1531/1531 1532/1532/1532
f 1531/1531/1531 1533/1533/1533 1532/1532/1532
f 1534/1534/1534 1535/1535/1535 1536/1536/1536
f 1537/1537/1537 1534/1534/1534 1536/1536/1536
f 1538/1538/1538 1539/1539/1539 1540/1540/1540
f 1541/1541/1541 1538/1538/1538 1540/1540/1540
f 1542/1542/1542 1543/1543/1543 1544/1544/1544
f 1545/1545/1545 1542/1542/1542 1544/1544/1544
f 1546/1546/1546 1547/1547/1547 1548/1548/1548
f 1549/1549/1549 1546/1546/1546 1548/1548/1548
f 1550/1550/1550 1551/1551/1551 1552/1552/1552
f 1553/1553/1553 1550/1550/1550 1552/1552/1552
f 1554/1554/1554 1555/1555/1555 1556/1556/1556
f 1555/1555/1555 1557/1557/1557 1556/1556/1556
f 1558/1558/1558 1559/1559/1559 1560/1560/1560
f 1561/1561/1561 1558/1558/1558 1560/1560/1560

g polySurface80_23
usemtl tube_bundle:textures_exwsw_eX_surf_metallightgrey
f 1562/1562/1562 1563/1563/1563 1564/1564/1564
f 1562/1562/1562 1564/1564/1564 1565/1565/1565
f 1564/1564/1564 1566/1566/1566 1565/1565/1565
f 1565/1565/1565 1566/1566/1566 1567/1567/1567
f 1566/1566/1566 1568/1568/1568 1567/1567/1567
f 1567/1567/1567 1568/1568/1568 1569/1569/1569
f 1568/1568/1568 1570/1570/1570 1569/1569/1569
f 1568/1568/1568 1571/1571/1571 1570/1570/1570
f 1570/1570/1570 1571/1571/1571 1572/1572/1572
f 1571/1571/1571 1573/1573/1573 1572/1572/1572
f 1572/1572/1572 1573/1573/1573 1574/1574/1574
f 1573/1573/1573 1575/1575/1575 1574/1574/1574
f 1576/1576/1576 1577/1577/1577 1578/1578/1578
f 1576/1576/1576 1578/1578/1578 1579/1579/1579
f 1576/1576/1576 1580/1580/1580 1577/1577/1577
f 1576/1576/1576 1581/1581/1581 1580/1580/1580
f 1578/1578/1578 1582/1582/1582 1579/1579/1579
f 1579/1579/1579 1582/1582/1582 1583/1583/1583
f 1582/1582/1582 1584/1584/1584 1583/1583/1583
f 1583/1583/1583 1584/1584/1584 1585/1585/1585

g polySurface81_24
usemtl tube_bundle:textures_exwsw_eX_surf_metallightgrey
f 1586/1586/1586 1587/1587/1587 1588/1588/1588
f 1586/1586/1586 1588/1588/1588 1589/1589/1589
f 1590/1590/1590 1586/1586/1586 1589/1589/1589
f 1591/1591/1591 1586/1586/1586 1590/1590/1590
f 1588/1588/1588 1587/1587/1587 1592/1592/1592
f 1587/1587/1587 1593/1593/1593 1592/1592/1592
f 1592/1592/1592 1593/1593/1593 1594/1594/1594
f 1593/1593/1593 1595/1595/1595 1594/1594/1594
f 1596/1596/1596 1597/1597/1597 1598/1598/1598
f 1598/1598/1598 1597/1597/1597 1599/1599/1599
f 1598/1598/1598 1599/1599/1599 1600/1600/1600
f 1599/1599/1599 1601/1601/1601 1600/1600/1600
f 1600/1600/1600 1601/1601/1601 1602/1602/1602
f 1601/1601/1601 1603/1603/1603 1602/1602/1602
f 1602/1602/1602 1603/1603/1603 1604/1604/1604
f 1602/1602/1602 1604/1604/1604 1605/1605/1605
f 1604/1604/1604 1606/1606/1606 1605/1605/1605
f 1605/1605/1605 1606/1606/1606 1607/1607/1607
f 1606/1606/1606 1608/1608/1608 1607/1607/1607
f 1607/1607/1607 1608/1608/1608 1609/1609/1609

g polySurface82_25
usemtl tube_bundle:textures_exwsw_eX_metalSupp01_blue
f 1610/1610/1610 1611/1611/1611 1612/1612/1612
f 1610/1610/1610 1612/1612/1612 1613/1613/1613
f 1614/1614/1614 1615/1615/1615 1616/1616/1616
f 1614/1614/1614 1616/1616/1616 1617/1617/1617
f 1618/1618/1618 1619/1619/1619 1620/1620/1620
f 1618/1618/1618 1620/1620/1620 1621/1621/1621
f 1622/1622/1622 1623/1623/1623 1624/1624/1624
f 1622/1622/1622 1624/1624/1624 1625/1625/1625
f 1626/1626/1626 1627/1627/1627 1628/1628/1628
f 1626/1626/1626 1628/1628/1628 1629/1629/1629
f 1630/1630/1630 1631/1631/1631 1632/1632/1632
f 1630/1630/1630 1632/1632/1632 1633/1633/1633
f 1634/1634/1634 1635/1635/1635 1636/1636/1636
f 1634/1634/1634 1636/1636/1636 1637/1637/1637
f 1638/1638/1638 1639/1639/1639 1640/1640/1640
f 1638/1638/1638 1640/1640/1640 1641/1641/1641
f 1642/1642/1642 1643/1643/1643 1644/1644/1644
f 1642/1642/1642 1644/1644/1644 1645/1645/1645
f 1646/1646/1646 1647/1647/1647 1648/1648/1648
f 1646/1646/1646 1648/1648/1648 1649/1649/1649

g polySurface83_26
usemtl tube_bundle:textures_exwsw_eX_metalSupp01_blue
f 1650/1650/1650 1651/1651/1651 1652/1652/1652
f 1651/1651/1651 1653/1653/1653 1652/1652/1652
f 1654/1654/1654 1655/1655/1655 1656/1656/1656
f 1655/1655/1655 1657/1657/1657 1656/1656/1656
f 1658/1658/1658 1659/1659/1659 1660/1660/1660
f 1659/1659/1659 1661/1661/1661 1660/1660/1660
f 1662/1662/1662 1663/1663/1663 1664/1664/1664
f 1665/1665/1665 1662/1662/1662 1664/1664/1664
f 1666/1666/1666 1667/1667/1667 1668/1668/1668
f 1669/1669/1669 1666/1666/1666 1668/1668/1668
f 1670/1670/1670 1671/1671/1671 1672/1672/1672
f 1673/1673/1673 1670/1670/1670 1672/1672/1672
f 1674/1674/1674 1675/1675/1675 1676/1676/1676
f 1677/1677/1677 1674/1674/1674 1676/1676/1676
f 1678/1678/1678 1679/1679/1679 1680/1680/1680
f 1681/1681/1681 1678/1678/1678 1680/1680/1680
f 1682/1682/1682 1683/1683/1683 1684/1684/1684
f 1683/1683/1683 1685/1685/1685 1684/1684/1684
f 1686/1686/1686 1687/1687/1687 1688/1688/1688
f 1689/1689/1689 1686/1686/1686 1688/1688/1688

g polySurface84_27
usemtl tube_bundle:textures_exwsw_eX_surf_metallightgrey
f 1690/1690/1690 1691/1691/1691 1692/1692/1692
f 1690/1690/1690 1692/1692/1692 1693/1693/1693
f 1692/1692/1692 1694/1694/1694 1693/1693/1693
f 1693/1693/1693 1694/1694/1694 1695/1695/1695
f 1694/1694/1694 1696/1696/1696 1695/1695/1695
f 1695/1695/1695 1696/1696/1696 1697/1697/1697
f 1696/1696/1696 1698/1698/1698 1697/1697/1697
f 1696/1696/1696 1699/1699/1699 1698/1698/1698
f 1698/1698/1698 1699/1699/1699 1700/1700/1700
f 1699/1699/1699 1701/1701/1701 1700/1700/1700
f 1700/1700/1700 1701/1701/1701 1702/1702/1702
f 1701/1701/1701 1703/1703/1703 1702/1702/1702
f 1704/1704/1704 1705/1705/1705 1706/1706/1706
f 1704/1704/1704 1706/1706/1706 1707/1707/1707
f 1704/1704/1704 1708/1708/1708 1705/1705/1705
f 1704/1704/1704 1709/1709/1709 1708/1708/1708
f 1706/1706/1706 1710/1710/1710 1707/1707/1707
f 1707/1707/1707 1710/1710/1710 1711/1711/1711
f 1710/1710/1710 1712/1712/1712 1711/1711/1711
f 1711/1711/1711 1712/1712/1712 1713/1713/1713

g polySurface85_28
usemtl tube_bundle:textures_exwsw_eX_surf_metallightgrey
f 1714/1714/1714 1715/1715/1715 1716/1716/1716
f 1714/1714/1714 1716/1716/1716 1717/1717/1717
f 1718/1718/1718 1714/1714/1714 1717/1717/1717
f 1719/1719/1719 1714/1714/1714 1718/1718/1718
f 1716/1716/1716 1715/1715/1715 1720/1720/1720
f 1715/1715/1715 1721/1721/1721 1720/1720/1720
f 1720/1720/1720 1721/1721/1721 1722/1722/1722
f 1721/1721/1721 1723/1723/1723 1722/1722/1722
f 1724/1724/1724 1725/1725/1725 1726/1726/1726
f 1726/1726/1726 1725/1725/1725 1727/1727/1727
f 1726/1726/1726 1727/1727/1727 1728/1728/1728
f 1727/1727/1727 1729/1729/1729 1728/1728/1728
f 1728/1728/1728 1729/1729/1729 1730/1730/1730
f 1729/1729/1729 1731/1731/1731 1730/1730/1730
f 1730/1730/1730 1731/1731/1731 1732/1732/1732
f 1730/1730/1730 1732/1732/1732 1733/1733/1733
f 1732/1732/1732 1734/1734/1734 1733/1733/1733
f 1733/1733/1733 1734/1734/1734 1735/1735/1735
f 1734/1734/1734 1736/1736/1736 1735/1735/1735
f 1735/1735/1735 1736/1736/1736 1737/1737/1737

g polySurface86_29
usemtl tube_bundle:textures_exwsw_eX_metalSupp01_blue
f 1738/1738/1738 1739/1739/1739 1740/1740/1740
f 1738/1738/1738 1740/1740/1740 1741/1741/1741
f 1742/1742/1742 1743/1743/1743 1744/1744/1744
f 1742/1742/1742 1744/1744/1744 1745/1745/1745
f 1746/1746/1746 1747/1747/1747 1748/1748/1748
f 1746/1746/1746 1748/1748/1748 1749/1749/1749
f 1750/1750/1750 1751/1751/1751 1752/1752/1752
f 1750/1750/1750 1752/1752/1752 1753/1753/1753
f 1754/1754/1754 1755/1755/1755 1756/1756/1756
f 1754/1754/1754 1756/1756/1756 1757/1757/1757
f 1758/1758/1758 1759/1759/1759 1760/1760/1760
f 1758/1758/1758 1760/1760/1760 1761/1761/1761
f 1762/1762/1762 1763/1763/1763 1764/1764/1764
f 1762/1762/1762 1764/1764/1764 1765/1765/1765
f 1766/1766/1766 1767/1767/1767 1768/1768/1768
f 1766/1766/1766 1768/1768/1768 1769/1769/1769
f 1770/1770/1770 1771/1771/1771 1772/1772/1772
f 1770/1770/1770 1772/1772/1772 1773/1773/1773
f 1774/1774/1774 1775/1775/1775 1776/1776/1776
f 1774/1774/1774 1776/1776/1776 1777/1777/1777

g tube_bundle:_195_30
usemtl tube_bundle:textures_exwsw_eX_surf_metaldarkgrey
f 1778/1778/1778 1779/1779/1779 1780/1780/1780
f 1778/1778/1778 1780/1780/1780 1781/1781/1781
f 1782/1782/1782 1783/1783/1783 1784/1784/1784
f 1782/1782/1782 1784/1784/1784 1785/1785/1785
f 1786/1786/1786 1787/1787/1787 1788/1788/1788
f 1786/1786/1786 1788/1788/1788 1789/1789/1789
f 1790/1790/1790 1791/1791/1791 1792/1792/1792
f 1790/1790/1790 1792/1792/1792 1793/1793/1793
f 1794/1794/1794 1795/1795/1795 1796/1796/1796
f 1794/1794/1794 1796/1796/1796 1797/1797/1797
f 1779/1779/1779 1798/1798/1798 1799/1799/1799
f 1779/1779/1779 1799/1799/1799 1780/1780/1780
f 1800/1800/1800 1791/1791/1791 1790/1790/1790
f 1800/1800/1800 1790/1790/1790 1801/1801/1801
f 1780/1780/1780 1802/1802/1802 1803/1803/1803
f 1780/1780/1780 1803/1803/1803 1781/1781/1781
f 1804/1804/1804 1796/1796/1796 1795/1795/1795
f 1804/1804/1804 1795/1795/1795 1805/1805/1805
f 1784/1784/1784 1806/1806/1806 1807/1807/1807
f 1784/1784/1784 1807/1807/1807 1785/1785/1785
f 1808/1808/1808 1779/1779/1779 1778/1778/1778
f 1808/1808/1808 1778/1778/1778 1809/1809/1809
f 1787/1787/1787 1810/1810/1810 1811/1811/1811
f 1787/1787/1787 1811/1811/1811 1788/1788/1788
f 1812/1812/1812 1778/1778/1778 1781/1781/1781
f 1812/1812/1812 1781/1781/1781 1813/1813/1813
