# This file uses centimeters as units for non-parametric coordinates.

mtllib window_shutters.mtl
g default
v -0.238264 41.767632 -0.731427
v -0.238013 -41.804123 -0.731414
v -0.238013 -41.804123 -4.788917
v -0.238264 41.767632 -4.788930
v -19.945251 41.637386 -0.731427
v -19.945251 -41.934372 -0.731414
v -10.262764 -41.934372 -0.731414
v -10.262764 41.637386 -0.731427
v 0.103736 41.767632 -0.731427
v 0.103736 -41.804123 -0.731414
v 9.786487 -41.804123 -0.731414
v 9.786487 41.767632 -0.731427
v 29.835487 41.767632 -0.731427
v 29.835487 -41.543865 -0.731414
v 29.835487 -41.543865 -4.788917
v 29.835487 41.767632 -4.788930
v 3.115237 41.799377 0.636071
v 3.115237 -42.357124 0.636083
v 3.115237 -42.357124 -1.412647
v 3.115237 41.799629 -1.412660
v -19.945251 41.637386 -4.788930
v -19.945251 -41.934372 -4.788917
v -19.945251 -41.934372 -0.731414
v -19.945251 41.637386 -0.731427
v -40.336262 41.507126 -0.731427
v -40.336262 -42.064621 -0.731414
v -40.336262 -42.064621 -4.788917
v -40.336262 41.507126 -4.788930
v -29.970015 41.637386 -0.731427
v -29.969751 -41.934372 -0.731414
v -20.287264 -41.934372 -0.731414
v -20.287264 41.637386 -0.731427
v 19.941246 41.767632 -0.731427
v 19.941246 -41.804123 -0.731414
v 19.941246 -41.804123 -4.788917
v 19.940996 41.767632 -4.788930
v 10.258495 41.767632 -0.731427
v 10.258495 -41.804123 -0.731414
v 19.941246 -41.804123 -0.731414
v 19.941246 41.767632 -0.731427
v 39.859985 41.767632 -0.731427
v 39.859985 -41.804123 -0.731414
v 39.859985 -41.804123 -4.788917
v 39.859985 41.767632 -4.788930
v -3.484011 41.799629 -1.412660
v -3.484011 -42.277874 -1.412647
v -3.484011 -42.357124 0.636083
v -3.484011 41.799377 0.636071
v 9.786487 41.767632 -0.731427
v 9.786487 -41.804123 -0.731414
v 9.786487 -41.804123 -4.788917
v 9.786487 41.767632 -4.788930
v 30.177235 41.767632 -0.731427
v 30.177486 -41.804123 -0.731414
v 39.859985 -41.804123 -0.731414
v 39.859985 41.767632 -0.731427
v -50.019012 41.507126 -0.731427
v -50.019012 -42.064621 -0.731414
v -40.336262 -42.064621 -0.731414
v -40.336262 41.507126 -0.731427
v -9.920764 41.767632 -4.788930
v -9.920764 -41.804123 -4.788917
v -9.920764 -41.804123 -0.731414
v -9.920764 41.767632 -0.731427
v 20.152737 41.767632 -4.788930
v 20.152737 -41.543865 -4.788917
v 20.152737 -41.543865 -0.731414
v 20.152737 41.767632 -0.731427
v 20.152737 41.767632 -0.731427
v 20.152737 -41.543865 -0.731414
v 29.835487 -41.543865 -0.731414
v 29.835487 41.767632 -0.731427
v 49.806488 41.507126 -0.731427
v 49.806488 -42.064621 -0.731414
v 49.806488 -42.064621 -4.788917
v 49.806488 41.507126 -4.788930
v -9.920764 41.767632 -0.731427
v -9.920764 -41.804123 -0.731414
v -0.238013 -41.804123 -0.731414
v -0.238264 41.767632 -0.731427
v -29.970015 41.637386 -4.788930
v -29.969751 -41.934372 -4.788917
v -29.969751 -41.934372 -0.731414
v -29.970015 41.637386 -0.731427
v 0.103736 41.767632 -4.788930
v 0.103736 -41.804123 -4.788917
v 0.103736 -41.804123 -0.731414
v 0.103736 41.767632 -0.731427
v -3.484011 41.799377 0.636071
v -3.484011 -42.357124 0.636083
v 3.115237 -42.357124 0.636083
v 3.115237 41.799377 0.636071
v -20.287264 41.637386 -0.731427
v -20.287264 -41.934372 -0.731414
v -20.287264 -41.934372 -4.788917
v -20.287264 41.637386 -4.788930
v -50.019012 41.507126 -4.788930
v -50.019012 -41.985870 -4.788917
v -50.019012 -42.064621 -0.731414
v -50.019012 41.507126 -0.731427
v 30.177235 41.767632 -4.788930
v 30.177486 -41.804123 -4.788917
v 30.177486 -41.804123 -0.731414
v 30.177235 41.767632 -0.731427
v -39.994514 41.637386 -4.788930
v -39.994514 -41.934372 -4.788917
v -39.994514 -41.934372 -0.731414
v -39.994514 41.637386 -0.731427
v -39.994514 41.637386 -0.731427
v -39.994514 -41.934372 -0.731414
v -30.311764 -41.934372 -0.731414
v -30.311764 41.637386 -0.731427
v -30.311764 41.637386 -0.731427
v -30.311764 -41.934372 -0.731414
v -30.311764 -41.934372 -4.788917
v -30.311764 41.637386 -4.788930
v 40.123737 41.507126 -4.788930
v 40.123737 -41.985870 -4.788917
v 40.123737 -42.064621 -0.731414
v 40.123737 41.507126 -0.731427
v 10.258495 41.767632 -4.788930
v 10.258495 -41.804123 -4.788917
v 10.258495 -41.804123 -0.731414
v 10.258495 41.767632 -0.731427
v 40.123737 41.507126 -0.731427
v 40.123737 -42.064621 -0.731414
v 49.806488 -42.064621 -0.731414
v 49.806488 41.507126 -0.731427
v -10.262764 41.637386 -0.731427
v -10.262764 -41.934372 -0.731414
v -10.262764 -41.934372 -4.788917
v -10.262764 41.637386 -4.788930
v 49.806488 41.507126 -4.788930
v 40.123737 41.507126 -4.788930
v 40.123737 41.507126 -0.731427
v 49.806488 41.507126 -0.731427
v 39.859985 41.767632 -4.788930
v 30.177235 41.767632 -4.788930
v 30.177235 41.767632 -0.731427
v 39.859985 41.767632 -0.731427
v 29.835487 41.767632 -4.788930
v 20.152737 41.767632 -4.788930
v 20.152737 41.767632 -0.731427
v 29.835487 41.767632 -0.731427
v 19.940996 41.767632 -4.788930
v 10.258495 41.767632 -4.788930
v 10.258495 41.767632 -0.731427
v 19.941246 41.767632 -0.731427
v 9.786487 41.767632 -4.788930
v 0.103736 41.767632 -4.788930
v 0.103736 41.767632 -0.731427
v 9.786487 41.767632 -0.731427
v -0.238264 41.767632 -4.788930
v -9.920764 41.767632 -4.788930
v -9.920764 41.767632 -0.731427
v -0.238264 41.767632 -0.731427
v -10.262764 41.637386 -4.788930
v -19.945251 41.637386 -4.788930
v -19.945251 41.637386 -0.731427
v -10.262764 41.637386 -0.731427
v -20.287264 41.637386 -4.788930
v -29.970015 41.637386 -4.788930
v -29.970015 41.637386 -0.731427
v -20.287264 41.637386 -0.731427
v -30.311764 41.637386 -4.788930
v -39.994514 41.637386 -4.788930
v -39.994514 41.637386 -0.731427
v -30.311764 41.637386 -0.731427
v -40.336262 41.507126 -4.788930
v -50.019012 41.507126 -4.788930
v -50.019012 41.507126 -0.731427
v -40.336262 41.507126 -0.731427
v -40.336262 -42.064621 -4.788917
v -40.336262 -42.064621 -0.731414
v -50.019012 -42.064621 -0.731414
v -50.019012 -41.985870 -4.788917
v -39.994514 -41.934372 -4.788917
v -30.311764 -41.934372 -4.788917
v -30.311764 -41.934372 -0.731414
v -39.994514 -41.934372 -0.731414
v -29.969751 -41.934372 -4.788917
v -20.287264 -41.934372 -4.788917
v -20.287264 -41.934372 -0.731414
v -29.969751 -41.934372 -0.731414
v -19.945251 -41.934372 -4.788917
v -10.262764 -41.934372 -4.788917
v -10.262764 -41.934372 -0.731414
v -19.945251 -41.934372 -0.731414
v -9.920764 -41.804123 -4.788917
v -0.238013 -41.804123 -4.788917
v -0.238013 -41.804123 -0.731414
v -9.920764 -41.804123 -0.731414
v 0.103736 -41.804123 -4.788917
v 9.786487 -41.804123 -4.788917
v 9.786487 -41.804123 -0.731414
v 0.103736 -41.804123 -0.731414
v 10.258495 -41.804123 -4.788917
v 19.941246 -41.804123 -4.788917
v 19.941246 -41.804123 -0.731414
v 10.258495 -41.804123 -0.731414
v 20.152737 -41.543865 -4.788917
v 29.835487 -41.543865 -4.788917
v 29.835487 -41.543865 -0.731414
v 20.152737 -41.543865 -0.731414
v 30.177486 -41.804123 -4.788917
v 39.859985 -41.804123 -4.788917
v 39.859985 -41.804123 -0.731414
v 30.177486 -41.804123 -0.731414
v 49.806488 -42.064621 -4.788917
v 49.806488 -42.064621 -0.731414
v 40.123737 -42.064621 -0.731414
v 40.123737 -41.985870 -4.788917
v 3.115237 -42.357124 -1.412647
v 3.115237 -42.357124 0.636083
v -3.484011 -42.357124 0.636083
v -3.484011 -42.277874 -1.412647
v 3.115237 41.799629 -1.412660
v -3.484011 41.799629 -1.412660
v -3.484011 41.799377 0.636071
v 3.115237 41.799377 0.636071
vt 0.341393 0.219715
vt 0.341393 0.076633
vt 0.348096 0.076633
vt 0.348096 0.219715
vt 0.274234 0.220598
vt 0.274234 0.076744
vt 0.284663 0.076744
vt 0.284663 0.220598
vt 0.234590 0.216713
vt 0.234590 0.075527
vt 0.241199 0.075527
vt 0.241199 0.216713
vt 0.365994 0.219074
vt 0.365994 0.075596
vt 0.374799 0.075596
vt 0.374799 0.219074
vt 0.377899 0.219074
vt 0.377899 0.075596
vt 0.386704 0.075596
vt 0.386704 0.219074
vt 0.390675 0.218146
vt 0.390675 0.076523
vt 0.399480 0.076523
vt 0.399480 0.218146
vt 0.403081 0.218146
vt 0.403081 0.077693
vt 0.411886 0.077693
vt 0.411886 0.218146
vt 0.241997 0.216713
vt 0.241997 0.075660
vt 0.248607 0.075527
vt 0.248607 0.216713
vt 0.414986 0.218146
vt 0.414986 0.077693
vt 0.423791 0.077693
vt 0.423792 0.218146
vt 0.353925 0.218181
vt 0.353925 0.077154
vt 0.362730 0.077154
vt 0.362730 0.218181
vt 0.262355 0.218485
vt 0.262355 0.076480
vt 0.272785 0.076480
vt 0.272785 0.218485
vt 0.485198 0.217356
vt 0.485198 0.078463
vt 0.494003 0.078463
vt 0.494003 0.217356
vt 0.454188 0.217339
vt 0.454188 0.077881
vt 0.464618 0.077881
vt 0.464618 0.217339
vt 0.439959 0.217339
vt 0.439959 0.077881
vt 0.450389 0.077881
vt 0.450389 0.217339
vt 0.426569 0.217339
vt 0.426569 0.077881
vt 0.436999 0.077881
vt 0.436999 0.217339
vt 0.469241 0.215774
vt 0.469241 0.079259
vt 0.479670 0.079045
vt 0.479670 0.215774
vt 0.297866 0.219605
vt 0.297867 0.079151
vt 0.308296 0.079151
vt 0.308296 0.219605
vt 0.250269 0.217876
vt 0.250269 0.077052
vt 0.260698 0.077052
vt 0.260698 0.217876
vt 0.330911 0.220022
vt 0.330911 0.077718
vt 0.338851 0.077718
vt 0.338851 0.220022
vt 0.320718 0.220022
vt 0.320718 0.077920
vt 0.328658 0.077718
vt 0.328658 0.220022
vt 0.310524 0.220022
vt 0.310525 0.077718
vt 0.318465 0.077718
vt 0.318465 0.220022
vt 0.286219 0.218642
vt 0.286219 0.078188
vt 0.296649 0.078188
vt 0.296649 0.218642
vt 0.832766 0.844089
vt 0.884363 0.843920
vt 0.884434 0.865542
vt 0.832836 0.865710
vt 0.832856 0.871845
vt 0.884454 0.871677
vt 0.884524 0.893298
vt 0.832927 0.893467
vt 0.835369 0.899594
vt 0.886966 0.899426
vt 0.887037 0.921047
vt 0.835440 0.921216
vt 0.835461 0.927351
vt 0.887057 0.927183
vt 0.887128 0.948804
vt 0.835531 0.948973
vt 0.835552 0.955108
vt 0.887149 0.954939
vt 0.887220 0.976561
vt 0.835622 0.976730
vt 0.894893 0.517815
vt 0.946487 0.517321
vt 0.946694 0.538941
vt 0.895100 0.539435
vt 0.896000 0.488569
vt 0.947594 0.488075
vt 0.947801 0.509695
vt 0.896207 0.510189
vt 0.830943 0.817103
vt 0.882540 0.816934
vt 0.882611 0.838556
vt 0.831014 0.838724
vt 0.830847 0.787674
vt 0.882444 0.787505
vt 0.882515 0.809127
vt 0.830918 0.809295
vt 0.830750 0.758440
vt 0.882347 0.758271
vt 0.882418 0.779892
vt 0.830821 0.780061
vt 0.830725 0.750827
vt 0.830655 0.729206
vt 0.882252 0.729037
vt 0.882323 0.750658
vt 0.879805 0.721432
vt 0.828208 0.721601
vt 0.828137 0.699979
vt 0.879735 0.699811
vt 0.947521 0.480462
vt 0.895927 0.480956
vt 0.895720 0.459336
vt 0.947314 0.458842
vt 0.947241 0.451229
vt 0.895647 0.451723
vt 0.895440 0.430103
vt 0.947034 0.429609
vt 0.948095 0.685106
vt 0.896500 0.685600
vt 0.896293 0.663979
vt 0.947888 0.663485
vt 0.947815 0.655873
vt 0.896220 0.656367
vt 0.896013 0.634747
vt 0.947608 0.634252
vt 0.947535 0.626640
vt 0.895940 0.627134
vt 0.895733 0.605514
vt 0.947328 0.605020
vt 0.947255 0.597407
vt 0.895660 0.597901
vt 0.895453 0.576281
vt 0.947048 0.575787
vt 0.946961 0.421996
vt 0.895367 0.422490
vt 0.895160 0.400870
vt 0.946754 0.400376
vt 0.895380 0.568668
vt 0.895173 0.547048
vt 0.946768 0.546554
vt 0.946975 0.568174
vt 0.884387 0.792791
vt 0.895305 0.792791
vt 0.895305 0.827957
vt 0.884387 0.827957
vt 0.912845 0.792791
vt 0.912845 0.827957
vt 0.901928 0.827957
vt 0.901928 0.792791
vt 0.168848 0.991133
vt 0.168848 0.601686
vt 0.188467 0.601686
vt 0.188467 0.991133
vt 0.382347 0.988234
vt 0.382347 0.590543
vt 0.413880 0.590543
vt 0.413880 0.988234
vt 0.106439 0.984508
vt 0.106440 0.528472
vt 0.163419 0.528472
vt 0.163419 0.984508
vt 0.451531 0.981310
vt 0.451531 0.514567
vt 0.507669 0.514567
vt 0.507669 0.981310
vt 0.565036 0.990651
vt 0.565036 0.546127
vt 0.596366 0.546127
vt 0.596366 0.990651
vt 0.004501 0.997671
vt 0.004501 0.603037
vt 0.042367 0.603037
vt 0.042367 0.997671
vt 0.656982 0.992238
vt 0.656982 0.561299
vt 0.699138 0.561299
vt 0.699138 0.992238
vt 0.212324 0.993457
vt 0.212324 0.601897
vt 0.258700 0.601897
vt 0.258699 0.993457
vt 0.118703 0.966102
vt 0.118703 0.636804
vt 0.144806 0.636804
vt 0.144806 0.966102
vt 0.296414 0.817604
vt 0.296414 0.476781
vt 0.324001 0.476781
vt 0.324001 0.817604
vt 0.604017 0.993457
vt 0.604017 0.521981
vt 0.649384 0.521981
vt 0.649384 0.993457
vn 1.000000 0.000000 0.000000
vn 1.000000 0.000000 0.000000
vn 1.000000 0.000000 0.000000
vn 1.000000 0.000000 0.000000
vn 1.000000 0.000000 0.000000
vn 1.000000 0.000000 0.000000
vn 0.000000 0.000000 1.000000
vn 0.000000 0.000000 1.000000
vn 0.000000 0.000000 1.000000
vn 0.000000 0.000000 1.000000
vn 0.000000 0.000000 1.000000
vn 0.000000 0.000000 1.000000
vn 0.000000 0.000000 1.000000
vn 0.000000 0.000000 1.000000
vn 1.000000 0.000000 0.000000
vn 1.000000 0.000000 0.000000
vn 1.000000 0.000000 0.000000
vn 1.000000 0.000000 0.000000
vn 1.000000 0.000000 0.000000
vn 1.000000 0.000000 0.000000
vn 1.000000 0.000000 0.000000
vn 1.000000 0.000000 0.000000
vn 1.000000 0.000000 0.000000
vn 1.000000 0.000000 0.000000
vn 1.000000 0.000000 0.000000
vn 1.000000 0.000000 0.000000
vn -1.000000 0.000000 0.000000
vn -1.000000 0.000000 0.000000
vn -1.000000 0.000000 0.000000
vn -1.000000 0.000000 0.000000
vn -1.000000 0.000000 0.000000
vn -1.000000 0.000000 0.000000
vn 1.000000 0.000000 0.000000
vn 1.000000 0.000000 0.000000
vn 1.000000 0.000000 0.000000
vn 1.000000 0.000000 0.000000
vn 1.000000 0.000000 0.000000
vn 1.000000 0.000000 0.000000
vn 0.000000 0.000000 1.000000
vn 0.000000 0.000000 1.000000
vn 0.000000 0.000000 1.000000
vn 0.000000 0.000000 1.000000
vn 1.000000 0.000000 -0.000100
vn 1.000000 0.000000 0.000000
vn 1.000000 0.000000 0.000000
vn 1.000000 0.000000 -0.000100
vn 1.000000 0.000000 0.000000
vn 1.000000 0.000000 -0.000100
vn 0.000000 0.000000 1.000000
vn 0.000000 0.000000 1.000000
vn 0.000000 0.000000 1.000000
vn 0.000000 0.000000 1.000000
vn 1.000000 0.000000 0.000000
vn 1.000000 0.000000 0.000000
vn 1.000000 0.000000 0.000000
vn 1.000000 0.000000 0.000000
vn 1.000000 0.000000 0.000000
vn 1.000000 0.000000 0.000000
vn -1.000000 0.000000 0.000000
vn -1.000000 0.000000 0.000000
vn -1.000000 0.000000 0.000000
vn -1.000000 0.000000 0.000000
vn -1.000000 0.000000 0.000000
vn -1.000000 0.000000 0.000000
vn 1.000000 0.000000 0.000000
vn 1.000000 0.000000 0.000000
vn 1.000000 0.000000 0.000000
vn 1.000000 0.000000 0.000000
vn 1.000000 0.000000 0.000000
vn 1.000000 0.000000 0.000000
vn 0.000000 0.000000 1.000000
vn 0.000000 0.000000 1.000000
vn 0.000000 0.000000 1.000000
vn 0.000000 0.000000 1.000000
vn 0.000000 0.000000 1.000000
vn 0.000000 0.000000 1.000000
vn 0.000000 0.000000 1.000000
vn 0.000000 0.000000 1.000000
vn -1.000000 0.000000 0.000000
vn -1.000000 0.000000 0.000000
vn -1.000000 0.000000 0.000000
vn -1.000000 0.000000 0.000000
vn -1.000000 0.000000 0.000000
vn -1.000000 0.000000 0.000000
vn -1.000000 0.000000 0.000000
vn -1.000000 0.000000 0.000000
vn -1.000000 0.000000 0.000000
vn -1.000000 0.000000 0.000000
vn -1.000000 0.000000 0.000000
vn -1.000000 0.000000 0.000000
vn 0.000000 0.000000 1.000000
vn 0.000000 0.000000 1.000000
vn 0.000000 0.000000 1.000000
vn 0.000000 0.000000 1.000000
vn 1.000000 0.000000 0.000000
vn 1.000000 0.000000 0.000000
vn 1.000000 0.000000 0.000000
vn 1.000000 0.000000 0.000000
vn 1.000000 0.000000 0.000000
vn 1.000000 0.000000 0.000000
vn 0.000000 0.000000 1.000000
vn 0.000000 0.000000 1.000000
vn 0.000000 0.000000 1.000000
vn 0.000000 0.000000 1.000000
vn -1.000000 0.000000 0.000000
vn -1.000000 0.000000 0.000000
vn -1.000000 0.000000 0.000000
vn -1.000000 0.000000 0.000000
vn -1.000000 0.000000 0.000000
vn -1.000000 0.000000 0.000000
vn -1.000000 0.000000 0.000000
vn -1.000000 0.000000 0.000000
vn -1.000000 0.000000 0.000000
vn -1.000000 0.000000 0.000000
vn -1.000000 0.000000 0.000000
vn -1.000000 0.000000 0.000000
vn 0.000000 0.000000 1.000000
vn 0.000000 0.000000 1.000000
vn 0.000000 0.000000 1.000000
vn 0.000000 0.000000 1.000000
vn 1.000000 0.000000 0.000000
vn 1.000000 0.000000 0.000000
vn 1.000000 0.000000 0.000000
vn 1.000000 0.000000 0.000000
vn 1.000000 0.000000 0.000000
vn 1.000000 0.000000 0.000000
vn -1.000000 0.000000 0.000000
vn -1.000000 0.000000 0.000000
vn -1.000000 0.000000 0.000000
vn -1.000000 0.000000 0.000000
vn -1.000000 0.000000 0.000000
vn -1.000000 0.000000 0.000000
vn -1.000000 0.000000 0.000000
vn -1.000000 0.000000 0.000000
vn -1.000000 0.000000 0.000000
vn -1.000000 0.000000 0.000000
vn -1.000000 0.000000 0.000000
vn -1.000000 0.000000 0.000000
vn -1.000000 0.000000 0.000000
vn -1.000000 0.000000 0.000000
vn -1.000000 0.000000 0.000000
vn -1.000000 0.000000 0.000000
vn -1.000000 0.000000 0.000000
vn -1.000000 0.000000 0.000000
vn 0.000000 0.000000 1.000000
vn 0.000000 0.000000 1.000000
vn 0.000000 0.000000 1.000000
vn 0.000000 0.000000 1.000000
vn 1.000000 0.000000 0.000000
vn 1.000000 0.000000 0.000000
vn 1.000000 0.000000 0.000000
vn 1.000000 0.000000 0.000000
vn 1.000000 0.000000 0.000000
vn 1.000000 0.000000 0.000000
vn -1.000000 0.000000 0.000000
vn -1.000000 0.000000 0.000000
vn -1.000000 0.000000 0.000000
vn -1.000000 0.000000 0.000000
vn -1.000000 0.000000 0.000000
vn -1.000000 0.000000 0.000000
vn -1.000000 0.000000 0.000000
vn -1.000000 0.000000 0.000000
vn -1.000000 0.000000 0.000000
vn -1.000000 0.000000 0.000000
vn -1.000000 0.000000 0.000000
vn -1.000000 0.000000 0.000000
vn 0.000000 0.000000 1.000000
vn 0.000000 0.000000 1.000000
vn 0.000000 0.000000 1.000000
vn 0.000000 0.000000 1.000000
vn 1.000000 0.000000 0.000000
vn 1.000000 0.000000 0.000000
vn 1.000000 0.000000 0.000000
vn 1.000000 0.000000 0.000000
vn 1.000000 0.000000 0.000000
vn 1.000000 0.000000 0.000000
vn 0.000000 1.000000 0.000000
vn 0.000000 1.000000 0.000000
vn 0.000000 1.000000 0.000000
vn 0.000000 1.000000 0.000000
vn 0.000000 1.000000 0.000000
vn 0.000000 1.000000 0.000000
vn 0.000000 1.000000 0.000000
vn 0.000000 1.000000 0.000000
vn 0.000000 1.000000 0.000000
vn 0.000000 1.000000 0.000000
vn 0.000000 1.000000 0.000000
vn 0.000000 1.000000 0.000000
vn 0.000000 1.000000 0.000000
vn 0.000000 1.000000 0.000000
vn 0.000000 1.000000 0.000000
vn 0.000000 1.000000 0.000000
vn 0.000000 1.000000 0.000000
vn 0.000000 1.000000 0.000000
vn 0.000000 1.000000 0.000000
vn 0.000000 1.000000 0.000000
vn 0.000000 1.000000 0.000000
vn 0.000000 1.000000 0.000000
vn 0.000000 1.000000 0.000000
vn 0.000000 1.000000 0.000000
vn 0.000000 1.000000 0.000000
vn 0.000000 1.000000 0.000000
vn 0.000000 1.000000 0.000000
vn 0.000000 1.000000 0.000000
vn 0.000000 1.000000 0.000000
vn 0.000000 1.000000 0.000000
vn 0.000000 1.000000 0.000000
vn 0.000000 1.000000 0.000000
vn 0.000000 1.000000 0.000000
vn 0.000000 1.000000 0.000000
vn 0.000000 1.000000 0.000000
vn 0.000000 1.000000 0.000000
vn 0.000000 1.000000 0.000000
vn 0.000000 1.000000 0.000000
vn 0.000000 1.000000 0.000000
vn 0.000000 1.000000 0.000000
vn -0.004900 -0.999928 -0.011000
vn -0.004900 -0.999928 -0.011000
vn -0.004900 -0.999926 -0.011100
vn -0.004900 -0.999926 -0.011100
vn 0.000000 -1.000000 0.000000
vn 0.000000 -1.000000 0.000000
vn 0.000000 -1.000000 0.000000
vn 0.000000 -1.000000 0.000000
vn 0.000000 -1.000000 0.000000
vn 0.000000 -1.000000 0.000000
vn 0.000000 -1.000000 0.000000
vn 0.000000 -1.000000 0.000000
vn 0.000000 -1.000000 0.000000
vn 0.000000 -1.000000 0.000000
vn 0.000000 -1.000000 0.000000
vn 0.000000 -1.000000 0.000000
vn 0.000000 -1.000000 0.000000
vn 0.000000 -1.000000 0.000000
vn 0.000000 -1.000000 0.000000
vn 0.000000 -1.000000 0.000000
vn 0.000000 -1.000000 0.000000
vn 0.000000 -1.000000 0.000000
vn 0.000000 -1.000000 0.000000
vn 0.000000 -1.000000 0.000000
vn 0.000000 -1.000000 0.000000
vn 0.000000 -1.000000 0.000000
vn 0.000000 -1.000000 0.000000
vn 0.000000 -1.000000 0.000000
vn 0.000000 -1.000000 0.000000
vn 0.000000 -1.000000 0.000000
vn 0.000000 -1.000000 0.000000
vn 0.000000 -1.000000 0.000000
vn 0.000000 -1.000000 0.000000
vn 0.000000 -1.000000 0.000000
vn 0.000000 -1.000000 0.000000
vn 0.000000 -1.000000 0.000000
vn -0.004900 -0.999928 -0.011000
vn -0.004900 -0.999928 -0.011000
vn -0.004900 -0.999928 -0.011000
vn -0.004900 -0.999928 -0.011000
vn -0.007300 -0.999729 -0.022101
vn -0.007300 -0.999729 -0.022101
vn -0.007300 -0.999731 -0.022001
vn -0.007300 -0.999729 -0.022101
vn 0.000000 1.000000 0.000100
vn 0.000000 1.000000 0.000100
vn 0.000000 1.000000 0.000100
vn 0.000000 1.000000 0.000100
s off
g polySurface3441
usemtl old_wooden_window_front_only:Bois_001
f 1/1/1 2/2/2 3/3/3
f 1/1/4 3/3/5 4/4/6
f 5/177/7 6/178/8 7/179/9 8/180/10
f 9/181/11 10/182/12 11/183/13 12/184/14
f 13/5/15 14/6/16 15/7/17
f 13/5/18 15/7/19 16/8/20
f 17/9/21 18/10/22 19/11/23
f 17/9/24 19/11/25 20/12/26
f 21/13/27 22/14/28 23/15/29
f 21/13/30 23/15/31 24/16/32
f 25/17/33 26/18/34 27/19/35
f 25/17/36 27/19/37 28/20/38
f 29/185/39 30/186/40 31/187/41 32/188/42
f 33/21/43 34/22/44 35/23/45
f 33/21/46 35/23/47 36/24/48
f 37/189/49 38/190/50 39/191/51 40/192/52
f 41/25/53 42/26/54 43/27/55
f 41/25/56 43/27/57 44/28/58
f 45/29/59 46/30/60 47/31/61
f 45/29/62 47/31/63 48/32/64
f 49/33/65 50/34/66 51/35/67
f 49/33/68 51/35/69 52/36/70
f 53/193/71 54/194/72 55/195/73 56/196/74
f 57/197/75 58/198/76 59/199/77 60/200/78
f 61/37/79 62/38/80 63/39/81
f 61/37/82 63/39/83 64/40/84
f 65/41/85 66/42/86 67/43/87
f 65/41/88 67/43/89 68/44/90
f 69/201/91 70/202/92 71/203/93 72/204/94
f 73/45/95 74/46/96 75/47/97
f 73/45/98 75/47/99 76/48/100
f 77/205/101 78/206/102 79/207/103 80/208/104
f 81/49/105 82/50/106 83/51/107
f 81/49/108 83/51/109 84/52/110
f 85/53/111 86/54/112 87/55/113
f 85/53/114 87/55/115 88/56/116
f 89/209/117 90/210/118 91/211/119 92/212/120
f 93/57/121 94/58/122 95/59/123
f 93/57/124 95/59/125 96/60/126
f 97/61/127 98/62/128 99/63/129
f 97/61/130 99/63/131 100/64/132
f 101/65/133 102/66/134 103/67/135
f 101/65/136 103/67/137 104/68/138
f 105/69/139 106/70/140 107/71/141
f 105/69/142 107/71/143 108/72/144
f 109/213/145 110/214/146 111/215/147 112/216/148
f 113/73/149 114/74/150 115/75/151
f 113/73/152 115/75/153 116/76/154
f 117/77/155 118/78/156 119/79/157
f 117/77/158 119/79/159 120/80/160
f 121/81/161 122/82/162 123/83/163
f 121/81/164 123/83/165 124/84/166
f 125/217/167 126/218/168 127/219/169 128/220/170
f 129/85/171 130/86/172 131/87/173
f 129/85/174 131/87/175 132/88/176
f 133/89/177 134/90/178 135/91/179 136/92/180
f 137/93/181 138/94/182 139/95/183 140/96/184
f 141/97/185 142/98/186 143/99/187 144/100/188
f 145/101/189 146/102/190 147/103/191 148/104/192
f 149/105/193 150/106/194 151/107/195 152/108/196
f 153/109/197 154/110/198 155/111/199 156/112/200
f 157/113/201 158/114/202 159/115/203 160/116/204
f 161/117/205 162/118/206 163/119/207 164/120/208
f 165/121/209 166/122/210 167/123/211 168/124/212
f 169/125/213 170/126/214 171/127/215 172/128/216
f 173/129/217 174/130/218 175/131/219 176/132/220
f 177/133/221 178/134/222 179/135/223 180/136/224
f 181/137/225 182/138/226 183/139/227 184/140/228
f 185/141/229 186/142/230 187/143/231 188/144/232
f 189/145/233 190/146/234 191/147/235 192/148/236
f 193/149/237 194/150/238 195/151/239 196/152/240
f 197/153/241 198/154/242 199/155/243 200/156/244
f 201/157/245 202/158/246 203/159/247 204/160/248
f 205/161/249 206/162/250 207/163/251 208/164/252
f 209/165/253 210/166/254 211/167/255 212/168/256
f 213/169/257 214/170/258 215/171/259 216/172/260
f 217/173/261 218/174/262 219/175/263 220/176/264
g default
v 43.324974 30.469631 0.599592
v 43.270973 30.455626 0.282591
v 43.210491 30.786629 0.282591
v 43.270973 30.786634 0.613587
v 50.754738 29.393875 -2.549178
v 50.240734 29.393875 -2.435667
v 50.281742 27.811886 -2.405912
v 50.774982 27.652884 -2.504427
v 8.435473 30.161379 0.907820
v 8.435473 30.474125 1.109570
v 35.467724 31.108883 1.135080
v 35.467724 31.431124 0.927084
v 17.854734 30.786629 0.282591
v 17.795225 30.786634 0.608080
v 17.742226 31.098377 0.594323
v 17.795225 31.112135 0.282591
v 35.145473 29.934130 0.282591
v 35.467724 29.875124 0.282591
v 35.467724 29.934130 -0.039679
v 35.159233 29.986382 -0.025923
v 43.512989 31.420624 0.552838
v 43.829990 31.608879 0.599592
v 43.876720 31.420624 0.916570
v 43.606239 31.327381 0.823086
v 26.114986 30.293882 0.775331
v 26.029728 30.208874 0.528830
v 25.858232 30.497885 0.571578
v 26.029728 30.540382 0.860327
v 9.211729 30.487383 -0.016672
v 9.262477 30.474125 0.282591
v 9.319731 30.786629 0.282591
v 9.262477 30.786634 -0.030167
v 50.754738 25.217129 -1.687914
v 50.240734 25.767624 -1.687914
v 50.281742 25.912130 -1.361662
v 50.774982 25.434124 -1.328927
v 26.607731 30.786629 -0.570924
v 26.607725 31.088377 -0.515921
v 44.780972 30.516375 -0.351412
v 44.968987 30.469631 -0.034410
v 45.022724 30.786634 -0.048430
v 44.808983 30.786634 -0.379664
v 7.924973 30.276131 0.793093
v 8.180223 30.188131 0.881069
v 8.136223 30.010378 0.581830
v 7.836973 30.188131 0.537842
v 26.607731 29.933134 0.282591
v 16.933973 31.647886 -0.042922
v 16.933973 31.707390 0.282591
v 26.909468 29.988386 0.282591
v 27.211237 30.183123 0.282591
v 26.607725 31.088377 1.080840
v 26.607725 31.390133 0.886076
v 45.022724 30.786634 0.613587
v 44.808983 30.786634 0.944584
v 44.780972 31.057131 0.916570
v 44.968987 31.103634 0.599592
v 43.270973 31.117878 0.282591
v 43.484974 31.448879 0.282591
v 16.608473 30.786634 1.143830
v 16.282724 30.786634 0.933569
v 51.268482 27.580631 -0.826675
v 50.774982 27.652884 -0.871426
v 50.754738 29.393875 -0.826675
v 51.268482 29.393875 -0.775177
v 26.853989 31.364632 -0.295169
v 27.100466 31.279385 -0.210173
v 27.185486 31.364632 0.036090
v 26.896475 31.536125 -0.006420
v 16.933973 30.786629 1.203340
v 34.823227 31.431124 0.282591
v 35.145473 31.639374 0.282591
v 44.146999 29.850374 0.282591
v 35.145473 30.786634 -0.569922
v 35.467724 30.786629 -0.628931
v 17.259474 29.925383 0.282591
v 17.584974 30.135633 0.282591
v 17.557224 30.163383 0.016826
v 17.245481 29.978382 -0.029165
v 52.165489 32.558132 -2.340419
v 52.255489 30.975878 -2.405912
v 52.390984 31.134880 -2.046926
v 52.255489 32.875885 -2.014167
v 8.435473 31.613874 -0.030167
v 8.435473 31.670876 0.282591
v 34.667469 31.095135 0.591081
v 34.615231 31.108883 0.282591
v 34.850742 31.403875 0.545590
v 43.829990 30.469631 -0.539429
v 44.146992 30.455626 -0.593431
v 44.146999 30.786629 -0.653917
v 43.815968 30.786634 -0.593431
v 36.112240 30.786634 -0.361926
v 36.320236 30.786634 -0.039680
v 7.659231 31.085884 0.581830
v 7.608484 31.099379 0.282591
v 7.810234 31.411877 0.282591
v 7.836973 31.385374 0.537842
v 51.761986 27.652884 -0.871426
v 51.782490 29.393875 -0.826675
v 26.853989 30.208874 0.860327
v 27.100466 30.293882 0.775331
v 27.185486 30.208874 0.528830
v 26.896475 30.037380 0.571578
v 26.607725 30.183123 0.886076
v 26.361225 30.208874 0.860327
v 26.318739 30.497885 1.031822
v 26.607725 30.484879 1.080840
v 35.467724 30.142124 -0.361926
v 7.608484 30.786634 -0.030167
v 7.810234 30.786634 -0.342662
v 7.836973 31.041885 -0.315911
v 7.659231 31.085884 -0.016672
v 8.435473 29.902620 0.282591
v 44.780972 31.057131 -0.351412
v 44.968987 31.103634 -0.034411
v 44.780972 31.420624 0.012319
v 44.687492 31.327381 -0.258166
v 36.379223 30.786629 0.282591
v 36.320236 30.786634 0.604837
v 16.933973 29.925383 -0.042922
v 17.199728 30.163383 -0.340921
v 16.933973 30.135633 -0.368411
v 16.310474 31.410133 0.016826
v 16.622231 31.595135 -0.029165
v 16.608473 31.647886 0.282591
v 16.282724 31.437870 0.282591
v 8.136223 31.562878 0.581830
v 8.180223 31.385374 0.881069
v 7.924973 31.297125 0.793093
v 35.467724 30.786629 1.194089
v 8.136223 30.487383 1.058834
v 7.836973 30.531384 0.881069
v 7.810234 30.786634 0.907820
v 8.122978 30.786634 1.109570
v 17.245481 31.595135 0.594323
v 17.557224 31.410133 0.548332
v 17.465481 31.318380 0.814073
v 17.199728 31.410133 0.905841
v 16.933973 29.925383 0.608080
v 17.245481 29.978382 0.594323
v 16.933973 29.865881 0.282591
v 27.211237 30.786634 0.886076
v 26.909468 30.786634 1.080840
v 44.463970 30.469631 -0.539429
v 44.477985 30.786634 -0.593431
v 43.829990 30.469631 1.104587
v 43.512989 30.516375 0.916570
v 43.484974 30.786634 0.944584
v 43.815968 30.786634 1.158326
v 26.896475 30.037380 -0.006420
v 26.607725 29.988386 -0.019175
v 17.245481 31.098377 1.091092
v 16.933973 31.112135 1.143830
v 16.933973 31.437870 0.933569
v 43.484974 30.124630 0.282591
v 43.815968 29.910873 0.282591
v 43.829990 29.964626 -0.034410
v 43.512989 30.152882 0.012320
v 27.461222 30.786629 0.282591
v 7.836973 31.385374 0.027340
v 50.084736 29.393875 -2.061922
v 50.146225 27.652884 -2.046925
v 7.659231 30.487383 0.581830
v 7.608484 30.474125 0.282591
v 7.551228 30.786629 0.282591
v 7.608484 30.786634 0.595086
v 34.667469 31.095135 -0.025923
v 34.850742 31.403875 0.019329
v 35.467724 31.108883 -0.569922
v 35.159233 31.095135 -0.517661
v 36.112240 30.786634 0.927084
v 52.296474 33.020378 -1.687915
v 51.782490 33.570873 -1.687915
v 51.761986 33.353626 -2.046927
v 16.013226 30.786629 0.282591
v 34.850742 31.049883 -0.334413
v 34.941483 31.312885 -0.243671
v 8.435473 31.099379 1.109569
v 8.136223 31.085884 1.058834
v 8.435473 31.411877 0.907820
v 26.909468 30.786634 -0.515921
v 26.896475 31.075632 -0.466663
v 17.795225 30.461134 0.282591
v 34.823227 30.786634 -0.361926
v 43.876720 30.152882 -0.351412
v 43.606239 30.246128 -0.258166
v 34.615231 30.786634 0.604837
v 34.556225 30.786629 0.282591
v 50.774982 31.134880 -2.504427
v 50.281742 30.975878 -2.405912
v 50.084736 31.207132 -1.687915
v 50.240734 33.020378 -1.687915
v 50.281742 32.875885 -1.361663
v 50.146225 31.134880 -1.328928
v 8.122978 29.959629 0.282591
v 35.730721 30.169630 -0.334413
v 35.776234 30.478132 -0.517661
v 35.467724 30.464373 -0.569922
v 26.318739 31.075632 1.031821
v 26.029728 31.033134 0.860327
v 26.114986 31.279385 0.775330
v 26.361225 31.364632 0.860327
v 17.742226 31.098377 -0.029165
v 17.584974 31.437870 0.282591
v 17.557224 31.410133 0.016826
v 8.734724 31.085884 -0.493676
v 9.033976 31.041885 -0.315911
v 8.945975 31.297125 -0.227911
v 8.690724 31.385374 -0.315911
v 50.774982 31.134880 -0.871427
v 51.268482 31.207132 -0.826675
v 27.356979 31.075632 -0.006420
v 27.405973 31.088377 0.282591
v 27.211237 31.390133 0.282591
v 26.318739 31.536125 0.571578
v 26.607725 31.585131 0.584333
v 43.815968 31.662630 0.282591
v 44.146999 30.786629 1.218837
v 44.146992 31.117878 1.158326
v 35.730721 31.403875 -0.334413
v 35.993984 31.312885 -0.243671
v 36.084724 31.403875 0.019329
v 35.776234 31.586874 -0.025923
v 29.709217 32.544125 -0.266416
v 52.324726 32.544125 -0.266416
v 52.324730 32.544125 0.446837
v 29.709217 32.544125 0.446837
v 7.093726 32.544125 -0.266416
v 7.093726 32.544125 0.446837
v 7.093726 32.544125 -0.979430
v 29.709217 32.544125 -0.979430
v 52.245110 32.551128 -1.007552
v 34.667469 30.478132 0.591081
v 34.615231 30.464373 0.282591
v 7.659231 30.487383 -0.016672
v 8.435473 29.959629 -0.030167
v 17.465481 30.255127 -0.248916
v 16.072474 30.786634 -0.042922
v 9.033976 31.385374 0.027340
v 8.734724 31.562878 -0.016672
v 26.305983 30.786634 1.080840
v 26.004219 30.786634 0.886076
v 45.083237 30.786629 0.282591
v 35.145473 30.786634 1.135080
v 34.823227 30.786634 0.927084
v 25.809242 31.088377 0.282591
v 26.004219 31.390133 0.282591
v 34.850742 30.523634 -0.334413
v 35.159233 30.478132 -0.517661
v 43.324974 30.469631 -0.034410
v 43.270973 30.786634 -0.048430
v 51.716972 32.875885 -2.405912
v 25.809242 30.786634 0.584333
v 25.754230 30.786629 0.282591
v 25.858232 31.075632 0.571578
v 50.084736 27.580631 -1.687914
v 50.013733 29.393875 -1.687915
v 50.084736 29.393875 -1.314170
v 50.146225 27.652884 -1.328928
v 8.747981 30.786634 -0.544412
v 9.060726 30.786634 -0.342662
v 35.467724 29.934130 0.604838
v 35.776234 29.986382 0.591081
v 35.789993 29.934130 0.282591
v 9.262477 31.099379 0.282591
v 9.211729 31.085884 0.581830
v 9.033976 31.385374 0.537842
v 9.060726 31.411877 0.282591
v 35.159233 31.095135 1.082819
v 34.850742 31.049883 0.899570
v 34.941483 31.312885 0.808828
v 35.204483 31.403875 0.899570
v 51.761986 31.134880 -0.871427
v 43.829990 31.103634 1.104587
v 43.512989 31.057131 0.916570
v 36.112240 30.142124 0.282591
v 36.084724 30.169630 0.545590
v 36.267975 30.478132 0.591081
v 36.320236 30.464373 0.282591
v 8.435473 30.786629 -0.601680
v 25.809242 30.786634 -0.019176
v 26.004219 30.786634 -0.320918
v 26.029728 31.033134 -0.295169
v 25.858232 31.075632 -0.006420
v 9.211729 31.085884 -0.016672
v 16.072474 31.112135 0.282591
v 16.125473 31.098377 -0.029165
v 8.435473 29.959629 0.595086
v 35.204483 31.403875 -0.334413
v 35.467724 31.431124 -0.361926
v 35.467724 31.639374 -0.039680
v 35.159233 31.586874 -0.025923
v 44.463970 30.469631 1.104587
v 44.146992 30.455626 1.158326
v 44.477985 30.786634 1.158326
v 16.622231 31.098377 1.091092
v 8.690724 30.188131 -0.315911
v 8.945975 30.276131 -0.227911
v 9.033976 30.531384 -0.315911
v 8.734724 30.487383 -0.493676
v 27.211237 30.786634 -0.320918
v 16.933973 30.135633 0.933569
v 17.199728 30.163383 0.905841
v 26.896475 30.497885 1.031822
v 27.185486 30.540382 0.860327
v 26.607731 31.640129 0.282591
v 7.810234 30.161379 0.282591
v 44.146992 31.662630 0.613587
v 44.146992 31.448879 0.944584
v 35.204483 30.169630 0.899571
v 35.467724 30.142124 0.927084
v 35.159233 29.986382 0.591081
v 8.435473 30.786629 1.166838
v 36.267975 31.095135 -0.025923
v 36.320236 31.108883 0.282591
v 36.112240 31.431124 0.282591
v 44.146992 30.124630 -0.379664
v 17.557224 31.052626 0.905841
v 51.761986 27.652884 -2.504427
v 51.268482 27.580631 -2.549178
v 51.268482 25.767624 -2.435666
v 51.716972 25.912130 -2.405912
v 44.146992 31.117878 -0.593431
v 43.829990 31.103634 -0.539429
v 7.924973 30.276131 -0.227911
v 8.180223 30.188131 -0.315911
v 8.136223 30.487383 -0.493676
v 7.836973 30.531384 -0.315911
v 44.463970 29.964626 -0.034410
v 44.780972 30.152882 0.012320
v 44.687492 30.246128 -0.258166
v 44.417240 30.152882 -0.351412
v 27.185486 30.208874 0.036090
v 27.405973 30.484879 0.282591
v 27.356979 30.497885 -0.006420
v 16.072474 30.786634 0.608080
v 16.125473 31.098377 0.594323
v 17.465481 30.255127 0.814074
v 17.245481 30.475128 1.091092
v 17.557224 30.520880 0.905841
v 8.122978 30.786634 -0.544412
v 8.136223 31.085884 -0.493676
v 26.004219 30.183123 0.282591
v 25.809242 30.484879 0.282591
v 16.933973 30.461134 1.143830
v 16.622231 30.475128 1.091092
v 44.146992 29.910873 -0.048429
v 44.146992 30.124630 0.944584
v 43.876720 30.152882 0.916570
v 27.185486 31.033134 -0.295169
v 36.084724 31.049883 -0.334413
v 52.523472 29.393875 -1.687915
v 52.452469 27.580631 -1.687914
v 52.390984 27.652884 -1.328928
v 52.452469 29.393875 -1.314170
v 35.159233 31.586874 0.591081
v 44.463970 29.964626 0.599592
v 44.780972 30.152882 0.552838
v 44.808983 30.124630 0.282591
v 44.477985 29.910873 0.282591
v 26.607725 31.390133 -0.320918
v 26.607725 31.585131 -0.019176
v 16.282724 30.786634 -0.368411
v 16.608473 30.786634 -0.578672
v 16.622231 31.098377 -0.525910
v 16.310474 31.052626 -0.340921
v 26.896475 31.075632 1.031821
v 26.853989 31.364632 0.860327
v 9.262477 30.786634 0.595086
v 44.968987 30.469631 0.599592
v 44.780972 30.516375 0.916570
v 51.268482 33.020378 -0.940163
v 50.820232 32.875885 -0.969918
v 50.774982 33.353626 -1.328928
v 51.268482 33.570873 -1.314170
v 50.371719 26.229881 -1.035673
v 50.820232 25.912130 -0.969916
v 50.754738 33.570873 -1.687915
v 51.268482 33.821129 -1.687915
v 35.776234 29.986382 -0.025923
v 8.747981 30.786634 1.109570
v 8.734724 31.085884 1.058834
v 8.747981 31.613874 0.282591
v 8.734724 31.562878 0.581830
v 8.435473 31.613874 0.595086
v 35.204483 30.169630 -0.334413
v 16.125473 30.475128 0.594323
v 16.072474 30.461134 0.282591
v 52.296474 29.393875 -2.435667
v 52.452469 29.393875 -2.061922
v 34.850742 30.169630 0.545590
v 34.823227 30.142124 0.282591
v 9.060726 30.161379 0.282591
v 9.033976 30.188131 0.537842
v 9.211729 30.487383 0.581830
v 50.371719 32.558132 -1.035673
v 52.296474 25.767624 -1.687914
v 51.782490 25.217129 -1.687914
v 51.761986 25.434124 -1.328927
v 52.255489 25.912130 -1.361662
v 16.933973 30.786629 -0.638158
v 17.259474 30.786634 -0.578672
v 17.245481 31.098377 -0.525910
v 16.933973 31.112135 -0.578672
v 26.029728 30.208874 0.036090
v 26.114986 30.293882 -0.210173
v 26.029728 30.540382 -0.295169
v 25.858232 30.497885 -0.006420
v 44.417240 30.152882 0.916570
v 44.687492 30.246128 0.823086
v 16.282724 30.135633 0.282591
v 35.467724 31.639374 0.604837
v 51.268482 25.217129 -1.314169
v 51.268482 25.767624 -0.940162
v 51.716972 25.912130 -0.969916
v 35.789993 30.786634 1.135080
v 35.776234 31.095135 1.082819
v 36.084724 31.049883 0.899570
v 27.405973 30.786634 0.584333
v 16.622231 30.475128 -0.525910
v 16.933973 30.461134 -0.578672
v 8.136223 30.010378 -0.016672
v 16.402229 31.318380 -0.248916
v 16.667973 31.410133 -0.340921
v 36.084724 30.523634 -0.334413
v 35.789993 30.786634 -0.569922
v 16.310474 31.052626 0.905841
v 52.390984 27.652884 -2.046925
v 26.318739 31.536125 -0.006420
v 26.305983 31.585131 0.282591
v 27.405973 30.786634 -0.019176
v 16.402229 30.255127 0.814074
v 16.310474 30.163383 0.548332
v 16.310474 30.520880 0.905841
v 27.356979 30.497885 0.571578
v 44.146992 31.448879 -0.379665
v 43.876720 31.420624 -0.351412
v 26.361225 30.208874 -0.295169
v 26.607725 30.183123 -0.320918
v 26.607725 30.484879 -0.515921
v 26.318739 30.497885 -0.466663
v 50.281742 27.811886 -0.969917
v 43.829990 29.964626 0.599592
v 44.146992 29.910873 0.613587
v 16.402229 30.255127 -0.248916
v 16.667973 30.163383 -0.340921
v 16.310474 30.520880 -0.340921
v 44.463970 31.103634 -0.539429
v 29.709217 30.750381 -0.979430
v 4.381478 30.750381 -0.979430
v 29.709217 28.956627 -0.979430
v 7.093726 28.956627 -0.979430
v 52.324730 28.956627 -0.979430
v 52.324726 30.750381 -0.979430
v 17.557224 30.520880 -0.340921
v 17.245481 30.475128 -0.525910
v 26.318739 30.037380 0.571578
v 26.607725 29.988386 0.584334
v 26.305983 29.988386 0.282591
v 17.584974 30.786634 -0.368411
v 17.795225 30.786634 -0.042922
v 17.557224 30.163383 0.548332
v 17.742226 30.475128 0.594323
v 44.477985 31.662630 0.282591
v 44.808983 31.448879 0.282591
v 16.608473 29.925383 0.282591
v 16.622231 29.978382 -0.029165
v 16.310474 30.163383 0.016826
v 52.255489 32.875885 -1.361663
v 51.761986 33.353626 -1.328928
v 44.146999 31.723137 0.282591
v 44.463970 31.608879 0.599592
v 26.607731 30.786629 1.136082
v 52.255489 27.811886 -2.405912
v 8.690724 31.385374 0.881069
v 43.512989 30.516375 -0.351412
v 43.484974 30.786634 -0.379664
v 51.268482 33.570873 -2.061924
v 16.933973 31.437870 -0.368411
v 52.165489 26.229881 -1.035673
v 52.255489 27.811886 -0.969917
v 35.776234 30.478132 1.082819
v 35.467724 30.464373 1.135080
v 27.185486 31.033134 0.860327
v 27.100466 31.279385 0.775330
v 26.909468 31.585131 0.282591
v 27.185486 31.364632 0.528829
v 26.896475 31.536125 0.571578
v 17.742226 30.475128 -0.029165
v 44.146992 31.662630 -0.048430
v 43.829990 31.608879 -0.034411
v 26.029728 31.364632 0.528829
v 43.512989 31.057131 -0.351412
v 43.324974 31.103634 -0.034411
v 9.060726 30.786634 0.907820
v 35.776234 31.095135 -0.517661
v 8.435473 31.099379 -0.544412
v 8.435473 31.411877 -0.342662
v 36.084724 30.169630 0.019329
v 7.836973 30.188131 0.027340
v 34.941483 30.260384 0.808828
v 34.850742 30.523634 0.899570
v 44.417240 31.420624 -0.351412
v 26.853989 30.208874 -0.295169
v 35.789993 31.639374 0.282591
v 16.933973 31.647886 0.608080
v 50.240734 29.393875 -0.940162
v 50.281742 30.975878 -0.969917
v 51.268482 33.020378 -2.435667
v 51.268482 31.207132 -2.549178
v 51.761986 31.134880 -2.504427
v 26.318739 31.075632 -0.466663
v 26.361225 31.364632 -0.295169
v 51.268482 24.966885 -1.687914
v 16.667973 30.163383 0.905841
v 45.022724 31.117878 0.282591
v 52.452469 31.207132 -1.687915
v 50.820232 25.912130 -2.405912
v 35.467724 31.698128 0.282591
v 35.776234 31.586874 0.591081
v 44.463970 31.103634 1.104587
v 44.417240 31.420624 0.916570
v 50.281742 25.912130 -2.014166
v 27.356979 31.075632 0.571578
v 17.557224 31.052626 -0.340921
v 17.465481 31.318380 -0.248916
v 17.259474 31.647886 0.282591
v 27.100466 30.293882 -0.210173
v 27.185486 30.540382 -0.295169
v 26.896475 30.497885 -0.466663
v 7.836973 31.041885 0.881069
v 35.159233 30.478132 1.082819
v 8.435473 30.161379 -0.342662
v 26.029728 31.364632 0.036090
v 35.730721 30.169630 0.899571
v 35.730721 31.403875 0.899570
v 50.774982 33.353626 -2.046927
v 50.820232 32.875885 -2.405912
v 9.033976 31.041885 0.881069
v 26.318739 30.037380 -0.006420
v 26.305983 30.786634 -0.515921
v 17.584974 30.786634 0.933569
v 8.122978 31.613874 0.282591
v 50.774982 25.434124 -2.046925
v 17.259474 30.786634 1.143830
v 8.136223 31.562878 -0.016672
v 8.734724 30.487383 1.058834
v 43.512989 31.420624 0.012319
v 26.114986 31.279385 -0.210173
v 16.667973 31.410133 0.905841
v 8.435473 30.474125 -0.544412
v 35.993984 30.260384 -0.243670
v 35.993984 30.260384 0.808828
v 36.084724 30.523634 0.899570
v 50.146225 31.134880 -2.046926
v 50.281742 32.875885 -2.014167
v 8.690724 30.188131 0.881069
v 8.945975 30.276131 0.793093
v 8.734724 30.010378 0.581830
v 44.687492 31.327381 0.823086
v 44.780972 31.420624 0.552838
v 17.245481 31.595135 -0.029165
v 34.850742 30.169630 0.019329
v 34.941483 30.260384 -0.243670
v 34.667469 30.478132 -0.025923
v 51.268482 29.393875 -2.600676
v 52.255489 30.975878 -0.969917
v 51.716972 32.875885 -0.969918
v 43.324974 31.103634 0.599592
v 16.310474 31.410133 0.548332
v 16.622231 31.595135 0.594323
v 16.402229 31.318380 0.814073
v 8.945975 31.297125 0.793093
v 45.022724 30.455626 0.282591
v 52.390984 31.134880 -1.328928
v 52.296474 29.393875 -0.940162
v 7.093726 30.750381 -0.266416
v 7.093726 28.956627 -0.266415
v 8.747981 29.959629 0.282591
v 35.993984 31.312885 0.808828
v 50.371719 32.558132 -2.340419
v 50.371719 26.229881 -2.340418
v 51.782490 29.393875 -2.549178
v 8.180223 31.385374 -0.315911
v 34.615231 30.786634 -0.039680
v 43.606239 31.327381 -0.258166
v 51.761986 25.434124 -2.046925
v 51.268482 25.217129 -2.061921
v 16.125473 30.475128 -0.029165
v 16.622231 29.978382 0.594323
v 8.734724 30.010378 -0.016672
v 9.033976 30.188131 0.027340
v 44.463970 31.608879 -0.034411
v 17.199728 31.410133 -0.340921
v 29.709217 30.750381 0.446837
v 52.324726 30.750381 0.446837
v 29.709217 28.956627 0.446838
v 52.324730 28.956627 0.446838
v 7.093726 28.956627 0.446838
v 4.381478 30.750381 0.446837
v 52.165489 26.229881 -2.340418
v 52.255489 25.912130 -2.014166
v 29.709217 28.956627 -0.266415
v 52.324726 28.956627 -0.266415
v 36.267975 30.478132 -0.025923
v 36.267975 31.095135 0.591081
v 7.924973 31.297125 -0.227911
v 43.512989 30.152882 0.552838
v 43.606239 30.246128 0.823086
v 36.084724 31.403875 0.545590
v 9.033976 30.531384 0.881069
v 52.324726 30.750381 -0.266416
v 35.467724 -30.436882 1.194102
v 35.467724 -30.114613 1.135094
v 43.512989 -30.166626 -0.351399
v 43.829990 -30.119873 -0.539416
v 43.876720 -29.803122 -0.351399
v 43.606239 -29.896368 -0.258153
v 50.084736 -32.878876 -1.687901
v 50.013733 -31.065868 -1.687901
v 50.084736 -31.065868 -1.314156
v 50.146225 -32.806622 -1.328913
v 16.933973 -31.088123 0.933582
v 16.933973 -30.762375 1.143844
v 27.405973 -30.738617 0.282604
v 27.356979 -30.725872 0.571591
v 27.405973 -30.436874 0.584347
v 27.461222 -30.436882 0.282604
v 8.435473 -31.062130 0.907833
v 8.180223 -31.035625 0.881083
v 8.136223 -30.736374 1.058847
v 8.435473 -30.749619 1.109583
v 52.296474 -31.065868 -2.435654
v 51.782490 -31.065868 -2.549165
v 51.761986 -32.806622 -2.504414
v 52.255489 -32.647873 -2.405899
v 8.435473 -31.264128 0.595100
v 8.136223 -31.213367 0.581843
v 25.809242 -30.436874 0.584347
v 25.754230 -30.436882 0.282604
v 35.467724 -29.525383 0.282604
v 26.909468 -31.235371 0.282604
v 27.211237 -31.040373 0.282604
v 27.185486 -31.014872 0.036103
v 26.896475 -31.186367 -0.006407
v 35.776234 -31.237125 0.591094
v 36.084724 -31.054115 0.545604
v 36.112240 -31.081364 0.282604
v 35.789993 -31.289625 0.282604
v 7.836973 -30.692123 -0.315898
v 8.136223 -30.736374 -0.493663
v 8.122978 -30.436874 -0.544398
v 7.810234 -30.436874 -0.342649
v 43.512989 -29.803122 0.012333
v 43.829990 -29.614866 -0.034397
v 43.815968 -29.561127 0.282604
v 43.484974 -29.774870 0.282604
v 9.033976 -31.035625 0.027353
v 9.060726 -31.062130 0.282604
v 9.262477 -30.749619 0.282604
v 9.211729 -30.736374 -0.016659
v 34.823227 -31.081364 0.282604
v 34.615231 -30.759123 0.282604
v 16.282724 -30.436874 -0.368398
v 16.608473 -30.436874 -0.578659
v 44.780972 -30.707371 -0.351398
v 44.968987 -30.753876 -0.034397
v 45.022724 -30.436874 -0.048416
v 44.808983 -30.436874 -0.379651
v 26.305983 -29.638624 0.282604
v 26.607731 -29.583372 0.282604
v 26.607725 -29.638624 0.584347
v 26.318739 -29.687618 0.571591
v 44.146992 -31.312868 0.613601
v 44.146999 -31.373375 0.282604
v 26.896475 -30.148125 1.031834
v 26.607725 -30.135118 1.080853
v 26.607725 -29.833376 0.886089
v 26.853989 -29.859125 0.860340
v 16.933973 -31.298372 -0.042909
v 16.933973 -31.088123 -0.368398
v 16.013226 -30.436882 0.282604
v 16.072474 -30.436874 -0.042909
v 16.125473 -30.125368 -0.029152
v 16.072474 -30.111372 0.282604
v 36.267975 -30.745375 0.591094
v 36.320236 -30.759123 0.282604
v 27.211237 -30.436874 -0.320905
v 27.405973 -30.436874 -0.019162
v 27.356979 -30.148125 -0.006407
v 27.185486 -30.190622 -0.295156
v 7.810234 -29.811619 0.282604
v 8.122978 -29.609867 0.282604
v 43.876720 -31.070877 0.916583
v 44.146992 -31.099119 0.944597
v 43.829990 -31.259119 0.599606
v 17.259474 -29.575623 0.282604
v 17.584974 -29.785872 0.282604
v 26.853989 -31.014872 0.860340
v 26.607725 -31.040373 0.886089
v 26.607725 -30.738617 1.080853
v 26.896475 -30.725872 1.031834
v 16.622231 -30.125368 -0.525897
v 16.310474 -30.171120 -0.340908
v 26.607731 -30.436882 1.136095
v 35.467724 -30.436882 -0.628918
v 35.467724 -30.114613 -0.569909
v 44.146992 -30.768124 1.158339
v 43.829990 -30.753876 1.104600
v 43.815968 -30.436874 1.158339
v 44.146999 -30.436882 1.218850
v 17.795225 -30.111372 0.282604
v 16.072474 -30.762375 0.282604
v 26.305983 -30.436874 -0.515907
v 26.607731 -30.436882 -0.570910
v 26.607725 -30.135118 -0.515907
v 26.318739 -30.148125 -0.466650
v 52.255489 -29.483616 -0.969904
v 51.761986 -29.324865 -0.871414
v 51.716972 -27.583874 -0.969904
v 52.165489 -27.901627 -1.035660
v 26.909468 -29.638624 0.282604
v 7.659231 -30.137623 0.581843
v 7.608484 -30.124363 0.282604
v 7.836973 -29.838371 0.537855
v 16.933973 -31.298372 0.608093
v 43.512989 -30.707371 0.916583
v 43.324974 -30.753876 0.599606
v 43.270973 -30.436874 0.613601
v 43.484974 -30.436874 0.944597
v 29.709217 -28.540623 -0.266403
v 52.324726 -28.540623 -0.266403
v 52.324730 -28.540625 0.446850
v 29.709217 -28.540623 0.446850
v 7.093726 -28.540625 -0.266403
v 7.093726 -28.540625 0.446850
v 7.093726 -28.540625 -0.979417
v 29.709217 -28.540623 -0.979417
v 52.324730 -28.540625 -0.979417
v 52.255489 -29.483616 -2.405899
v 51.761986 -29.324865 -2.504414
v 26.305983 -30.436874 1.080853
v 26.318739 -30.148125 1.031834
v 44.968987 -30.119873 0.599606
v 44.780972 -30.166626 0.916583
v 44.687492 -29.896368 0.823099
v 44.780972 -29.803122 0.552852
v 35.204483 -31.054115 0.899584
v 35.467724 -31.081364 0.927097
v 35.467724 -31.289625 0.604851
v 35.159233 -31.237125 0.591094
v 51.268482 -35.242619 -1.314155
v 50.774982 -35.025372 -1.328913
v 50.820232 -34.547615 -0.969902
v 51.268482 -34.692120 -0.940148
v 51.782490 -26.888870 -1.687902
v 51.268482 -26.638615 -1.687902
v 51.268482 -26.888870 -2.061909
v 51.761986 -27.106117 -2.046913
v 35.145473 -29.584370 0.282604
v 43.210491 -30.436882 0.282604
v 43.270973 -30.436874 -0.048416
v 43.324974 -30.119873 -0.034397
v 43.270973 -30.105865 0.282604
v 8.734724 -31.213367 0.581843
v 8.747981 -31.264128 0.282604
v 8.435473 -31.321114 0.282604
v 36.379223 -30.436882 0.282604
v 7.836973 -30.181622 -0.315898
v 8.136223 -30.137623 -0.493663
v 8.180223 -29.838371 -0.315898
v 7.924973 -29.926373 -0.227898
v 7.608484 -30.749619 0.282604
v 7.551228 -30.436882 0.282604
v 44.146992 -30.768124 -0.593417
v 44.146999 -30.436882 -0.653904
v 16.310474 -29.813623 0.548346
v 16.622231 -29.628622 0.594336
v 16.667973 -29.813623 0.905854
v 16.402229 -29.905369 0.814087
v 51.268482 -31.065868 -2.600663
v 50.754738 -31.065868 -2.549165
v 50.774982 -32.806622 -2.504414
v 51.268482 -32.878876 -2.549165
v 50.146225 -32.806622 -2.046912
v 50.084736 -31.065868 -2.061909
v 16.933973 -30.436882 1.203353
v 26.361225 -31.014872 0.860340
v 26.114986 -30.929625 0.775344
v 26.029728 -30.683374 0.860340
v 26.318739 -30.725872 1.031834
v 43.484974 -31.099119 0.282604
v 43.512989 -31.070877 0.012333
v 43.324974 -30.753876 -0.034397
v 43.270973 -30.768124 0.282604
v 34.823227 -30.436874 0.927097
v 34.615231 -30.436874 0.604851
v 8.435473 -30.436882 -0.601666
v 8.747981 -30.436874 -0.544398
v 8.734724 -30.137623 -0.493663
v 8.435473 -30.124363 -0.544399
v 26.004219 -29.833376 0.282604
v 26.029728 -29.859125 0.528843
v 35.776234 -31.237125 -0.025909
v 36.084724 -31.054115 0.019342
v 35.993984 -30.963125 -0.243657
v 35.730721 -31.054115 -0.334399
v 50.281742 -34.547615 -1.361648
v 50.281742 -32.647873 -0.969904
v 50.371719 -34.229874 -1.035658
v 16.667973 -31.060373 0.905854
v 16.622231 -31.245375 0.594337
v 36.267975 -30.745375 -0.025909
v 50.240734 -31.065868 -2.435654
v 50.281742 -32.647873 -2.405899
v 43.484974 -30.436874 -0.379651
v 27.100466 -30.929625 -0.210159
v 26.853989 -31.014872 -0.295155
v 9.060726 -30.436874 0.907833
v 8.747981 -30.436874 1.109583
v 8.734724 -30.137623 1.058847
v 9.033976 -30.181622 0.881082
v 35.789993 -30.436874 1.135094
v 35.776234 -30.128372 1.082832
v 16.933973 -30.111372 1.143844
v 16.933973 -29.785872 0.933582
v 27.185486 -31.014872 0.528843
v 16.622231 -30.748617 -0.525897
v 16.933973 -30.762375 -0.578659
v 16.933973 -30.436882 -0.638144
v 35.467724 -29.584370 0.604850
v 35.467724 -29.792370 0.927097
v 9.033976 -31.035625 0.537855
v 9.211729 -30.736374 0.581843
v 17.465481 -30.968618 -0.248902
v 17.557224 -31.060373 0.016839
v 17.742226 -30.748617 -0.029152
v 17.557224 -30.702866 -0.340908
v 8.734724 -29.660618 0.581843
v 9.033976 -29.838371 0.537855
v 8.945975 -29.926373 0.793106
v 8.690724 -29.838371 0.881082
v 7.810234 -30.436874 0.907833
v 7.608484 -30.436874 0.595099
v 35.159233 -30.745375 1.082832
v 34.850742 -30.700123 0.899584
v 35.145473 -30.436874 1.135094
v 34.850742 -31.054115 0.019342
v 35.159233 -31.237125 -0.025909
v 35.204483 -31.054115 -0.334399
v 34.941483 -30.963125 -0.243657
v 50.820232 -27.583874 -2.405899
v 50.371719 -27.901627 -2.340406
v 50.281742 -29.483616 -2.405899
v 50.774982 -29.324865 -2.504414
v 44.146992 -31.099119 -0.379651
v 44.417240 -31.070877 -0.351398
v 44.463970 -30.753876 -0.539415
v 16.282724 -31.088123 0.282604
v 16.608473 -31.298372 0.282604
v 16.622231 -31.245375 -0.029152
v 16.310474 -31.060373 0.016839
v 50.240734 -31.065868 -0.940149
v 34.823227 -30.436874 -0.361913
v 35.145473 -30.436874 -0.569909
v 17.245481 -31.245375 0.594337
v 17.259474 -31.298372 0.282604
v 16.933973 -31.357628 0.282604
v 16.608473 -30.436874 1.143844
v 16.282724 -30.436874 0.933582
v 35.467724 -31.081364 -0.361913
v 35.467724 -30.759123 -0.569909
v 7.659231 -30.137623 -0.016659
v 7.836973 -29.838371 0.027353
v 43.829990 -29.614866 0.599606
v 43.512989 -29.803122 0.552852
v 35.789993 -29.584370 0.282604
v 35.776234 -29.636621 0.591094
v 26.029728 -30.190622 0.860340
v 26.114986 -29.944122 0.775344
v 26.361225 -29.859125 0.860340
v 51.268482 -31.065868 -0.775164
v 50.754738 -31.065868 -0.826662
v 50.774982 -29.324865 -0.871414
v 51.268482 -29.252625 -0.826662
v 7.810234 -31.062130 0.282604
v 35.730721 -29.819870 0.899584
v 17.199728 -31.060373 -0.340908
v 17.245481 -30.748617 -0.525897
v 34.850742 -31.054115 0.545604
v 34.667469 -30.745375 0.591094
v 52.324726 -30.334366 -0.266402
v 52.324726 -30.334366 -0.979417
v 52.324726 -32.127869 -0.266402
v 52.324730 -32.127869 -0.979417
v 52.324730 -32.127869 0.446851
v 52.324726 -30.334366 0.446851
v 9.319731 -30.436882 0.282604
v 9.262477 -30.436874 0.595099
v 9.211729 -30.137623 0.581843
v 9.262477 -30.124363 0.282604
v 44.477985 -31.312868 0.282604
v 16.072474 -30.436874 0.608093
v 16.125473 -30.125368 0.594336
v 27.211237 -29.833376 0.282604
v 27.185486 -29.859125 0.528843
v 26.896475 -29.687618 0.571591
v 27.405973 -30.135118 0.282604
v 27.356979 -30.148125 0.571591
v 35.467724 -31.289625 -0.039666
v 52.390984 -32.806622 -1.328913
v 52.255489 -34.547615 -1.361648
v 52.165489 -34.229874 -1.035658
v 52.255489 -32.647873 -0.969904
v 17.199728 -31.060373 0.905854
v 8.136223 -29.660618 -0.016659
v 16.622231 -30.748617 1.091105
v 45.083237 -30.436882 0.282604
v 36.320236 -30.436874 -0.039666
v 26.029728 -31.014872 0.528843
v 26.004219 -31.040373 0.282604
v 25.809242 -30.738617 0.282604
v 25.858232 -30.725872 0.571591
v 36.320236 -30.114613 0.282604
v 50.820232 -34.547615 -2.405897
v 51.268482 -34.692120 -2.435652
v 17.245481 -31.245375 -0.029152
v 26.004219 -30.436874 0.886089
v 16.402229 -30.968618 0.814087
v 16.310474 -30.702866 0.905854
v 34.667469 -30.128372 -0.025909
v 34.850742 -30.173874 -0.334399
v 34.941483 -29.910625 -0.243657
v 34.850742 -29.819870 0.019342
v 43.606239 -30.977621 0.823099
v 43.512989 -31.070877 0.552852
v 44.146999 -29.500612 0.282604
v 26.318739 -29.687618 -0.006407
v 26.607725 -29.638624 -0.019162
v 26.607725 -29.833376 -0.320905
v 36.112240 -29.792370 0.282604
v 17.854734 -30.436882 0.282604
v 17.795225 -30.436874 0.608093
v 36.267975 -30.128372 0.591094
v 36.084724 -29.819870 0.545603
v 35.730721 -31.054115 0.899584
v 35.993984 -30.963125 0.808842
v 9.060726 -29.811619 0.282604
v 17.795225 -30.436874 -0.042909
v 8.435473 -30.124363 1.109583
v 8.136223 -30.137623 1.058847
v 8.180223 -29.838371 0.881082
v 8.435473 -29.811619 0.907833
v 26.607731 -31.290377 0.282604
v 51.716972 -34.547615 -2.405897
v 52.165489 -34.229874 -2.340404
v 16.667973 -31.060373 -0.340908
v 16.402229 -30.968618 -0.248902
v 44.146992 -30.105865 -0.593417
v 44.463970 -30.119873 -0.539416
v 44.417240 -29.803122 -0.351399
v 44.146992 -29.774870 -0.379651
v 44.146992 -29.561127 0.613600
v 44.146992 -29.774870 0.944597
v 43.876720 -29.803122 0.916583
v 25.809242 -30.135118 0.282604
v 9.033976 -30.181622 -0.315898
v 8.945975 -29.926373 -0.227898
v 8.690724 -29.838371 -0.315898
v 35.467724 -30.759123 1.135094
v 35.776234 -30.745375 1.082832
v 16.933973 -29.785872 -0.368398
v 16.933973 -29.575623 -0.042909
v 44.463970 -30.753876 1.104600
v 44.477985 -30.436874 1.158339
v 26.909468 -30.436874 -0.515907
v 50.774982 -32.806622 -0.871413
v 17.795225 -30.762375 0.282604
v 17.742226 -30.748617 0.594337
v 43.512989 -30.166626 0.916583
v 43.324974 -30.119873 0.599606
v 43.606239 -29.896368 0.823099
v 51.268482 -29.252625 -2.549165
v 27.185486 -30.683374 -0.295156
v 27.356979 -30.725872 -0.006407
v 17.584974 -30.436874 0.933582
v 17.259474 -30.436874 1.143844
v 9.033976 -29.838371 0.027353
v 8.734724 -29.660618 -0.016659
v 35.159233 -30.128372 -0.517648
v 44.463970 -31.259119 0.599606
v 44.780972 -31.070877 0.552852
v 44.808983 -31.099119 0.282604
v 26.607725 -31.235371 0.584347
v 26.896475 -31.186367 0.571591
v 50.754738 -26.888870 -1.687902
v 50.240734 -27.439367 -1.687902
v 50.281742 -27.583874 -2.014154
v 50.774982 -27.106117 -2.046913
v 34.667469 -30.745375 -0.025909
v 34.615231 -30.436874 -0.039666
v 34.556225 -30.436882 0.282604
v 44.687492 -30.977621 -0.258153
v 44.780972 -31.070877 0.012333
v 7.836973 -30.181622 0.881082
v 7.924973 -29.926373 0.793106
v 16.933973 -29.516121 0.282604
v 16.933973 -29.575623 0.608093
v 17.259474 -30.436874 -0.578659
v 44.687492 -30.977621 0.823099
v 44.417240 -31.070877 0.916583
v 44.780972 -30.707371 0.916583
v 50.774982 -35.025372 -2.046911
v 50.281742 -34.547615 -2.014152
v 50.240734 -34.692120 -1.687900
v 50.754738 -35.242619 -1.687900
v 8.435473 -30.436882 1.166851
v 8.122978 -30.436874 1.109583
v 25.809242 -30.436874 -0.019162
v 8.435473 -31.264128 -0.030153
v 8.734724 -31.213367 -0.016659
v 8.690724 -31.035625 -0.315898
v 8.435473 -31.062130 -0.342648
v 51.761986 -27.106117 -1.328915
v 51.268482 -26.888870 -1.314157
v 34.850742 -30.173874 0.899584
v 34.667469 -30.128372 0.591094
v 34.850742 -29.819870 0.545603
v 34.941483 -29.910625 0.808841
v 51.716972 -34.547615 -0.969902
v 51.268482 -32.878876 -0.826661
v 51.761986 -32.806622 -0.871413
v 8.734724 -30.736374 -0.493663
v 9.033976 -30.692123 -0.315898
v 9.060726 -30.436874 -0.342649
v 16.125473 -30.748617 0.594337
v 27.185486 -30.683374 0.860340
v 26.909468 -30.436874 1.080853
v 27.211237 -30.436874 0.886089
v 35.467724 -31.348366 0.282604
v 35.145473 -31.289625 0.282604
v 7.093726 -30.334366 -0.266402
v 4.381478 -30.334366 0.446851
v 17.557224 -30.171120 -0.340908
v 17.742226 -30.125368 -0.029152
v 17.557224 -29.813623 0.016839
v 17.465481 -29.905369 -0.248902
v 7.924973 -30.947378 -0.227898
v 8.180223 -31.035625 -0.315898
v 34.823227 -29.792370 0.282604
v 51.782490 -31.065868 -0.826662
v 16.310474 -30.702866 -0.340908
v 17.557224 -31.060373 0.548346
v 17.584974 -31.088123 0.282604
v 8.136223 -31.213367 -0.016659
v 8.122978 -31.264128 0.282604
v 44.477985 -30.436874 -0.593417
v 44.146992 -31.312868 -0.048416
v 35.467724 -29.584370 -0.039666
v 35.776234 -29.636621 -0.025910
v 52.452469 -32.878876 -1.687901
v 52.296474 -34.692120 -1.687900
v 44.968987 -30.753876 0.599606
v 26.318739 -31.186367 0.571591
v 44.146992 -30.105865 1.158339
v 36.084724 -30.700123 -0.334399
v 36.112240 -30.436874 -0.361913
v 8.435473 -29.811619 -0.342649
v 16.622231 -30.125368 1.091105
v 26.029728 -31.014872 0.036103
v 26.318739 -31.186367 -0.006407
v 26.361225 -31.014872 -0.295155
v 26.114986 -30.929625 -0.210159
v 16.402229 -29.905369 -0.248902
v 16.310474 -29.813623 0.016839
v 50.146225 -29.324865 -2.046913
v 50.084736 -29.252625 -1.687902
v 17.245481 -30.125368 -0.525897
v 16.933973 -30.111372 -0.578659
v 52.296474 -27.439367 -1.687902
v 52.255489 -27.583874 -2.014154
v 7.836973 -30.692123 0.881083
v 7.659231 -30.736374 0.581843
v 17.465481 -30.968618 0.814087
v 17.557224 -30.702866 0.905854
v 43.606239 -30.977621 -0.258153
v 43.876720 -31.070877 -0.351398
v 43.829990 -30.753876 -0.539415
v 43.512989 -30.707371 -0.351398
v 50.281742 -29.483616 -0.969904
v 50.371719 -27.901627 -1.035660
v 50.820232 -27.583874 -0.969904
v 25.858232 -30.148125 0.571591
v 35.159233 -29.636621 0.591094
v 8.945975 -30.947378 -0.227898
v 44.780972 -30.166626 -0.351399
v 7.608484 -30.436874 -0.030153
v 35.159233 -30.128372 1.082832
v 17.245481 -29.628622 0.594336
v 35.776234 -30.745375 -0.517648
v 16.310474 -30.171120 0.905854
v 26.607725 -31.235371 -0.019162
v 26.607725 -31.040373 -0.320905
v 8.435473 -29.552858 0.282604
v 8.747981 -29.609867 0.282604
v 8.435473 -29.609867 0.595099
v 51.716972 -27.583874 -2.405899
v 52.165489 -27.901627 -2.340406
v 50.146225 -29.324865 -1.328915
v 44.463970 -30.119873 1.104600
v 44.417240 -29.803122 0.916583
v 52.452469 -31.065868 -2.061909
v 52.390984 -29.324865 -2.046913
v 26.607725 -30.738617 -0.515907
v 44.687492 -29.896368 -0.258153
v 45.022724 -30.436874 0.613601
v 44.808983 -30.436874 0.944597
v 26.318739 -30.725872 -0.466650
v 51.782490 -35.242619 -1.687900
v 51.268482 -35.492874 -1.687900
v 51.761986 -35.025372 -1.328913
v 35.789993 -30.436874 -0.569909
v 52.255489 -34.547615 -2.014152
v 52.390984 -32.806622 -2.046912
v 16.310474 -31.060373 0.548346
v 43.815968 -31.312868 0.282604
v 43.829990 -31.259119 -0.034397
v 25.858232 -30.725872 -0.006407
v 26.029728 -30.683374 -0.295156
v 26.004219 -30.436874 -0.320905
v 36.084724 -30.700123 0.899584
v 36.112240 -30.436874 0.927097
v 8.690724 -31.035625 0.881083
v 8.945975 -30.947378 0.793106
v 45.022724 -30.768124 0.282604
v 27.185486 -30.190622 0.860340
v 16.282724 -29.785872 0.282604
v 16.608473 -29.575623 0.282604
v 26.029728 -29.859125 0.036103
v 8.435473 -30.749619 -0.544398
v 35.159233 -30.745375 -0.517648
v 8.136223 -29.660618 0.581843
v 44.968987 -30.119873 -0.034397
v 45.022724 -30.105865 0.282604
v 44.808983 -29.774870 0.282604
v 44.780972 -29.803122 0.012333
v 17.245481 -30.748617 1.091105
v 43.829990 -30.119873 1.104600
v 35.204483 -29.819870 -0.334399
v 35.467724 -29.792370 -0.361913
v 35.159233 -29.636621 -0.025910
v 44.463970 -29.614866 -0.034397
v 26.305983 -31.235371 0.282604
v 36.084724 -30.173874 0.899584
v 35.993984 -29.910625 0.808841
v 52.452469 -31.065868 -1.314156
v 52.296474 -31.065868 -0.940149
v 44.463970 -31.259119 -0.034397
v 44.463970 -29.614866 0.599606
v 27.100466 -30.929625 0.775344
v 26.896475 -29.687618 -0.006407
v 9.262477 -30.436874 -0.030153
v 17.557224 -30.171120 0.905854
v 17.742226 -30.125368 0.594336
v 35.776234 -30.128372 -0.517648
v 36.320236 -30.436874 0.604851
v 7.924973 -30.947378 0.793106
v 7.836973 -31.035625 0.537855
v 34.615231 -30.114613 0.282604
v 16.125473 -30.748617 -0.029152
v 26.896475 -30.725872 -0.466650
v 44.477985 -29.561127 0.282604
v 7.093726 -32.127869 -0.979417
v 4.381478 -30.334366 -0.979417
v 7.093726 -32.127869 -0.266402
v 50.371719 -34.229874 -2.340404
v 8.435473 -29.609867 -0.030154
v 9.211729 -30.137623 -0.016659
v 26.896475 -30.148125 -0.466650
v 26.853989 -29.859125 -0.295156
v 17.557224 -29.813623 0.548346
v 8.734724 -30.736374 1.058847
v 9.033976 -30.692123 0.881083
v 51.268482 -27.439367 -2.435654
v 7.836973 -31.035625 0.027353
v 7.659231 -30.736374 -0.016659
v 36.084724 -30.173874 -0.334399
v 36.267975 -30.128372 -0.025909
v 36.084724 -29.819870 0.019342
v 35.993984 -29.910625 -0.243657
v 52.452469 -29.252625 -1.687902
v 52.523472 -31.065868 -1.687901
v 52.390984 -29.324865 -1.328915
v 51.268482 -27.439367 -0.940150
v 17.584974 -30.436874 -0.368398
v 35.204483 -29.819870 0.899584
v 43.815968 -30.436874 -0.593417
v 27.185486 -29.859125 0.036103
v 27.100466 -29.944122 -0.210159
v 44.146992 -29.561127 -0.048416
v 17.245481 -29.628622 -0.029152
v 17.199728 -29.813623 -0.340908
v 27.100466 -29.944122 0.775344
v 50.281742 -27.583874 -1.361650
v 51.761986 -35.025372 -2.046911
v 51.268482 -35.242619 -2.061907
v 7.093726 -32.127869 0.446851
v 17.465481 -29.905369 0.814087
v 17.199728 -29.813623 0.905854
v 25.858232 -30.148125 -0.006407
v 26.029728 -30.190622 -0.295156
v 26.114986 -29.944122 -0.210159
v 16.667973 -29.813623 -0.340908
v 16.622231 -29.628622 -0.029152
v 34.941483 -30.963125 0.808842
v 35.730721 -29.819870 -0.334399
v 34.850742 -30.700123 -0.334399
v 17.245481 -30.125368 1.091105
v 26.361225 -29.859125 -0.295156
v 50.774982 -27.106117 -1.328915
v 29.709217 -30.334366 -0.979417
v 29.709217 -32.127869 -0.979417
v 29.709217 -32.127869 -0.266402
v 29.709217 -32.127869 0.446851
v 52.255489 -27.583874 -1.361650
v 29.709217 -30.334366 0.446851
vt 0.228782 0.941496
vt 0.229759 0.948042
vt 0.222893 0.948759
vt 0.222175 0.941892
vt 0.092911 0.748999
vt 0.120211 0.748999
vt 0.120211 0.689502
vt 0.089908 0.689502
vt 0.089908 0.748999
vt 0.062608 0.748999
vt 0.285079 0.231009
vt 0.291832 0.230306
vt 0.292220 0.236803
vt 0.285783 0.237762
vt 0.284241 0.384923
vt 0.284940 0.391608
vt 0.278254 0.392306
vt 0.277871 0.385877
vt 0.297876 0.061711
vt 0.291199 0.061423
vt 0.289548 0.054947
vt 0.295361 0.056305
vt 0.295379 0.682493
vt 0.290450 0.684791
vt 0.290710 0.678702
vt 0.296608 0.677195
vt 0.290097 0.476704
vt 0.283860 0.476328
vt 0.284540 0.469846
vt 0.291028 0.470525
vt 0.453544 0.689502
vt 0.453544 0.717749
vt 0.426244 0.717749
vt 0.183820 0.748999
vt 0.211120 0.720752
vt 0.211120 0.748999
vt 0.215907 0.933850
vt 0.215625 0.927172
vt 0.222171 0.928150
vt 0.221453 0.935021
vt 0.272840 0.531209
vt 0.271570 0.525723
vt 0.277681 0.527286
vt 0.277943 0.533589
vt 0.223605 0.914416
vt 0.224322 0.907550
vt 0.229873 0.908717
vt 0.230151 0.915394
vt 0.231024 0.299128
vt 0.220710 0.297739
vt 0.219887 0.261429
vt 0.230607 0.261306
vt 0.295541 0.654655
vt 0.293244 0.659584
vt 0.287951 0.660814
vt 0.289459 0.654911
vt 0.285778 0.170223
vt 0.286482 0.163470
vt 0.291936 0.164620
vt 0.292216 0.171187
vt 0.514151 0.689502
vt 0.486851 0.748999
vt 0.514151 0.748999
vt 0.212382 0.501808
vt 0.217944 0.472012
vt 0.219310 0.508307
vt 0.290671 0.304316
vt 0.284242 0.304700
vt 0.283543 0.298015
vt 0.289058 0.298010
vt 0.292548 0.019645
vt 0.285997 0.020624
vt 0.285276 0.013763
vt 0.292150 0.013043
vt 0.277681 0.449452
vt 0.283860 0.450383
vt 0.283180 0.456865
vt 0.277943 0.455760
vt 0.241295 0.297510
vt 0.241322 0.261190
vt 0.296608 0.702240
vt 0.295379 0.707537
vt 0.290450 0.709835
vt 0.290710 0.703747
vt 0.282801 0.610726
vt 0.277739 0.609667
vt 0.277495 0.603568
vt 0.283468 0.604452
vt 0.291028 0.444575
vt 0.297510 0.445254
vt 0.296400 0.450491
vt 0.290097 0.450753
vt 0.227125 0.935021
vt 0.228777 0.928546
vt 0.235454 0.928263
vt 0.232934 0.933672
vt 0.291828 0.177679
vt 0.298584 0.172811
vt 0.298580 0.178383
vt 0.280914 0.163469
vt 0.279286 0.157101
vt 0.285783 0.156712
vt 0.286488 0.163470
vt 0.280546 0.534699
vt 0.278983 0.540811
vt 0.272679 0.541073
vt 0.275059 0.535970
vt 0.291383 0.501333
vt 0.291133 0.507654
vt 0.285893 0.508758
vt 0.285199 0.502250
vt 0.290873 0.142823
vt 0.289245 0.136455
vt 0.294956 0.137784
vt 0.297434 0.143098
vt 0.278322 0.176272
vt 0.279281 0.169839
vt 0.285075 0.176976
vt 0.279396 0.021013
vt 0.272737 0.020711
vt 0.271570 0.015168
vt 0.278416 0.014472
vt 0.228774 0.983474
vt 0.227132 0.989971
vt 0.221463 0.989965
vt 0.222164 0.983074
vt 0.284089 0.698383
vt 0.284743 0.704642
vt 0.278720 0.704999
vt 0.277829 0.699037
vt 0.279274 0.115791
vt 0.278313 0.122218
vt 0.271570 0.121540
vt 0.272719 0.116090
vt 0.271570 0.039783
vt 0.278437 0.040495
vt 0.278046 0.047102
vt 0.271570 0.045451
vt 0.288533 0.456870
vt 0.574757 0.627002
vt 0.574757 0.686499
vt 0.547457 0.686499
vt 0.544454 0.748999
vt 0.544454 0.689502
vt 0.517154 0.748999
vt 0.278983 0.437036
vt 0.285219 0.437412
vt 0.284540 0.443895
vt 0.278057 0.443216
vt 0.277871 0.305654
vt 0.278141 0.299151
vt 0.291603 0.258603
vt 0.284911 0.257912
vt 0.285612 0.251222
vt 0.291988 0.252170
vt 0.226171 0.511192
vt 0.226387 0.522672
vt 0.218815 0.518282
vt 0.285397 0.710903
vt 0.271570 0.307261
vt 0.272882 0.301608
vt 0.278035 0.496444
vt 0.278967 0.502628
vt 0.272674 0.502381
vt 0.271570 0.497140
vt 0.284113 0.573186
vt 0.284753 0.579441
vt 0.278725 0.579784
vt 0.277847 0.573825
vt 0.298311 0.259284
vt 0.298311 0.253762
vt 0.278334 0.053779
vt 0.272923 0.051263
vt 0.291625 0.310686
vt 0.284940 0.311385
vt 0.755574 0.376001
vt 0.728274 0.376001
vt 0.728274 0.435498
vt 0.819183 0.435498
vt 0.846483 0.376001
vt 0.819183 0.376001
vt 0.726272 0.502002
vt 0.698972 0.561499
vt 0.726272 0.561499
vt 0.695969 0.561499
vt 0.695969 0.502002
vt 0.668669 0.561499
vt 0.283551 0.271265
vt 0.278157 0.270125
vt 0.277858 0.263639
vt 0.284222 0.264593
vt 0.278729 0.591581
vt 0.272623 0.591856
vt 0.274908 0.586935
vt 0.280209 0.585687
vt 0.279286 0.238151
vt 0.286488 0.244520
vt 0.280914 0.244519
vt 0.278962 0.411108
vt 0.272679 0.411362
vt 0.275066 0.406251
vt 0.280542 0.404978
vt 0.219899 0.225117
vt 0.230179 0.223491
vt 0.290711 0.617881
vt 0.284743 0.616991
vt 0.285397 0.610731
vt 0.290455 0.611794
vt 0.278720 0.641673
vt 0.277829 0.647641
vt 0.271570 0.646987
vt 0.272638 0.641929
vt 0.299039 0.067258
vt 0.292172 0.067969
vt 0.297169 0.371661
vt 0.294716 0.376925
vt 0.289063 0.378238
vt 0.290671 0.371936
vt 0.194282 0.528286
vt 0.194282 1.000000
vt 0.179405 1.000000
vt 0.179405 0.528286
vt 0.849486 0.247998
vt 0.849486 0.001001
vt 0.876786 0.001001
vt 0.880790 0.498999
vt 0.908090 0.252002
vt 0.908090 0.498999
vt 0.608063 0.842749
vt 0.847484 0.842749
vt 0.847484 0.814502
vt 0.241423 0.877002
vt 0.002002 0.905249
vt 0.241423 0.905249
vt 0.209154 0.528286
vt 0.209154 1.000000
vt 0.292008 0.317116
vt 0.285639 0.318070
vt 0.291398 0.438338
vt 0.297250 0.167098
vt 0.296400 0.554266
vt 0.294020 0.559369
vt 0.288533 0.560640
vt 0.290097 0.554528
vt 0.297176 0.264680
vt 0.290658 0.264970
vt 0.230156 0.954648
vt 0.223610 0.955626
vt 0.209242 0.014721
vt 0.219420 0.004645
vt 0.220432 0.014626
vt 0.211159 0.021353
vt 0.290349 0.672685
vt 0.284089 0.673339
vt 0.283436 0.667079
vt 0.289458 0.666717
vt 0.877787 0.752002
vt 0.877787 0.873999
vt 0.850487 0.873999
vt 0.816180 0.376001
vt 0.788880 0.435498
vt 0.788880 0.376001
vt 0.278035 0.417290
vt 0.271570 0.416601
vt 0.291625 0.390909
vt 0.292008 0.397339
vt 0.285639 0.398293
vt 0.285220 0.463358
vt 0.278983 0.462987
vt 0.280546 0.456870
vt 0.285899 0.456875
vt 0.279192 0.345177
vt 0.280813 0.351497
vt 0.275169 0.350191
vt 0.272705 0.344923
vt 0.240484 0.224887
vt 0.215621 0.982104
vt 0.215914 0.988803
vt 0.210515 0.986295
vt 0.209158 0.980471
vt 0.283543 0.298010
vt 0.278146 0.296870
vt 0.277871 0.290371
vt 0.284241 0.291325
vt 0.277829 0.673992
vt 0.271570 0.674646
vt 0.271570 0.669477
vt 0.277468 0.667970
vt 0.297510 0.465852
vt 0.291398 0.464288
vt 0.291136 0.457980
vt 0.296239 0.460366
vt 0.284377 0.210746
vt 0.290875 0.211130
vt 0.289251 0.217499
vt 0.283678 0.217504
vt 0.278057 0.521049
vt 0.284540 0.521729
vt 0.283860 0.528211
vt 0.298310 0.360744
vt 0.298310 0.366265
vt 0.291625 0.365566
vt 0.292009 0.359136
vt 0.230144 0.970322
vt 0.229746 0.976922
vt 0.222875 0.976200
vt 0.223594 0.969340
vt 0.285063 0.122913
vt 0.284365 0.129672
vt 0.277931 0.128721
vt 0.277955 0.429816
vt 0.272860 0.427433
vt 0.271576 0.421953
vt 0.277669 0.423524
vt 0.271570 0.175568
vt 0.272719 0.170114
vt 0.293249 0.609489
vt 0.287963 0.610720
vt 0.289481 0.604803
vt 0.295549 0.604550
vt 0.297169 0.384809
vt 0.298310 0.390210
vt 0.290671 0.384539
vt 0.292009 0.278909
vt 0.285638 0.277955
vt 0.286337 0.271270
vt 0.291739 0.272406
vt 0.292281 0.026301
vt 0.286732 0.027473
vt 0.298584 0.235180
vt 0.297255 0.240891
vt 0.291941 0.243369
vt 0.847484 0.939502
vt 0.847484 0.967749
vt 0.729275 0.967749
vt 0.635363 0.689502
vt 0.608063 0.748999
vt 0.635363 0.748999
vt 0.284567 0.006885
vt 0.291180 0.006492
vt 0.294041 0.429640
vt 0.288545 0.430919
vt 0.290085 0.424818
vt 0.296408 0.424540
vt 0.291199 0.048465
vt 0.297876 0.048178
vt 0.295355 0.053588
vt 0.289548 0.054942
vt 0.287950 0.635770
vt 0.282781 0.635770
vt 0.283435 0.629510
vt 0.289459 0.629867
vt 0.278323 0.203294
vt 0.285076 0.203993
vt 0.277939 0.209791
vt 0.297260 0.113075
vt 0.298585 0.118776
vt 0.292204 0.117134
vt 0.291939 0.110589
vt 0.286331 0.244524
vt 0.291736 0.245655
vt 0.271570 0.520369
vt 0.297512 0.419304
vt 0.291001 0.418642
vt 0.291378 0.412401
vt 0.297512 0.413950
vt 0.236626 0.947325
vt 0.236626 0.952993
vt 0.291819 0.123621
vt 0.290861 0.130064
vt 0.236627 0.977661
vt 0.235459 0.983210
vt 0.296609 0.619389
vt 0.295379 0.614096
vt 0.298310 0.286037
vt 0.291625 0.285338
vt 0.298310 0.280516
vt 0.224748 0.435564
vt 0.224037 0.397750
vt 0.231552 0.399116
vt 0.232542 0.435418
vt 0.280821 0.351498
vt 0.279209 0.357799
vt 0.272711 0.358068
vt 0.275164 0.352809
vt 0.292562 0.035312
vt 0.299039 0.036964
vt 0.299039 0.042631
vt 0.292171 0.041919
vt 0.296609 0.649602
vt 0.290349 0.648948
vt 0.283677 0.082421
vt 0.284397 0.089199
vt 0.277955 0.090151
vt 0.278216 0.083567
vt 0.290716 0.592816
vt 0.284758 0.591931
vt 0.285381 0.585683
vt 0.290433 0.586740
vt 0.278057 0.469166
vt 0.216998 0.914020
vt 0.218655 0.907545
vt 0.229745 0.185682
vt 0.220426 0.188803
vt 0.219334 0.178877
vt 0.229577 0.174230
vt 0.544454 0.783252
vt 0.544454 0.811499
vt 0.517154 0.811499
vt 0.221178 0.344051
vt 0.212613 0.327525
vt 0.222048 0.334042
vt 0.287159 0.796214
vt 0.287159 0.806512
vt 0.279687 0.807158
vt 0.279367 0.796447
vt 0.279209 0.398677
vt 0.272711 0.398401
vt 0.271570 0.393005
vt 0.283847 0.489284
vt 0.284518 0.495762
vt 0.277672 0.490212
vt 0.284540 0.547669
vt 0.283860 0.554152
vt 0.277681 0.553227
vt 0.278057 0.546990
vt 0.271570 0.387485
vt 0.284940 0.284640
vt 0.279276 0.196861
vt 0.285774 0.197239
vt 0.210395 0.468837
vt 0.209154 0.435857
vt 0.216948 0.435711
vt 0.289058 0.378238
vt 0.283543 0.378238
vt 0.283180 0.482816
vt 0.277943 0.481706
vt 0.277682 0.475403
vt 0.297510 0.471205
vt 0.211139 0.195539
vt 0.209154 0.188959
vt 0.223326 0.359941
vt 0.223110 0.348461
vt 0.230682 0.352845
vt 0.230186 0.362827
vt 0.285104 0.095958
vt 0.285800 0.102705
vt 0.279297 0.103081
vt 0.278346 0.096653
vt 0.280228 0.685859
vt 0.274935 0.684629
vt 0.272637 0.679699
vt 0.278720 0.679955
vt 0.292275 0.028635
vt 0.297680 0.031156
vt 0.278255 0.364168
vt 0.271569 0.363470
vt 0.241764 0.343821
vt 0.231523 0.348461
vt 0.231434 0.336950
vt 0.240751 0.333834
vt 0.283549 0.324755
vt 0.284226 0.331420
vt 0.277860 0.332377
vt 0.278149 0.325897
vt 0.290885 0.088808
vt 0.291851 0.095251
vt 0.291028 0.522409
vt 0.290097 0.528587
vt 0.275203 0.162140
vt 0.272719 0.156826
vt 0.271576 0.262018
vt 0.271570 0.256504
vt 0.278232 0.257213
vt 0.271570 0.202595
vt 0.271574 0.208174
vt 0.216578 0.399398
vt 0.290711 0.642926
vt 0.284089 0.648295
vt 0.284743 0.642035
vt 0.275189 0.191824
vt 0.280900 0.190491
vt 0.272715 0.197141
vt 0.277729 0.634703
vt 0.272799 0.632405
vt 0.271570 0.627107
vt 0.277468 0.628614
vt 0.283874 -0.000000
vt 0.289544 0.000000
vt 0.297169 0.304587
vt 0.294716 0.299327
vt 0.295549 0.566809
vt 0.296613 0.571871
vt 0.290369 0.572535
vt 0.289477 0.566562
vt 0.210375 0.294545
vt 0.279409 0.033949
vt 0.286016 0.034340
vt 0.285304 0.041207
vt 0.294951 0.083743
vt 0.297435 0.089068
vt 0.289248 0.082421
vt 0.272623 0.579504
vt 0.271570 0.574452
vt 0.271570 0.009493
vt 0.278027 0.007860
vt 0.002002 0.373999
vt 0.120211 0.373999
vt 0.120211 0.127002
vt 0.002002 0.123999
vt 0.241423 0.123999
vt 0.241423 0.002002
vt 0.608063 0.248999
vt 0.726272 0.248999
vt 0.726272 0.002002
vt 0.365638 0.623999
vt 0.605060 0.502002
vt 0.605060 0.623999
vt 0.074828 0.999987
vt 0.037414 0.999988
vt 0.037414 0.528279
vt 0.074828 0.528279
vt 0.000000 0.999988
vt 0.000000 0.528280
vt 0.298580 0.100100
vt 0.297242 0.105802
vt 0.291934 0.108287
vt 0.292228 0.101738
vt 0.289458 0.691761
vt 0.290349 0.697729
vt 0.283435 0.692123
vt 0.289245 0.217505
vt 0.294956 0.218833
vt 0.297434 0.224148
vt 0.290873 0.223873
vt 0.297006 0.248104
vt 0.283666 0.190486
vt 0.284371 0.183728
vt 0.290868 0.184117
vt 0.289240 0.190485
vt 0.232918 0.508051
vt 0.233788 0.518001
vt 0.283180 0.534699
vt 0.285304 0.068681
vt 0.278437 0.069393
vt 0.278046 0.062786
vt 0.284592 0.061814
vt 0.544454 0.627002
vt 0.544454 0.686499
vt 0.517154 0.686499
vt 0.271570 0.491790
vt 0.229873 0.961326
vt 0.224328 0.962498
vt 0.279047 0.785731
vt 0.271570 0.796680
vt 0.271575 0.786382
vt 0.250025 0.327108
vt 0.251540 0.294086
vt 0.290660 0.331045
vt 0.291607 0.337410
vt 0.284917 0.338100
vt 0.296602 0.594327
vt 0.295355 0.589042
vt 0.286483 0.109437
vt 0.283435 0.654554
vt 0.282781 0.660814
vt 0.277729 0.659747
vt 0.277468 0.653658
vt 0.251942 0.333740
vt 0.271570 0.226844
vt 0.277938 0.225221
vt 0.278326 0.231713
vt 0.271574 0.232417
vt 0.292274 0.081253
vt 0.286728 0.082421
vt 0.286016 0.075549
vt 0.292562 0.074576
vt 0.282782 0.660819
vt 0.287945 0.660814
vt 0.218655 0.962498
vt 0.217003 0.956022
vt 0.279188 0.250839
vt 0.272711 0.251100
vt 0.275171 0.245834
vt 0.280819 0.244520
vt 0.291733 0.323615
vt 0.286337 0.324755
vt 0.286337 0.404978
vt 0.280816 0.404978
vt 0.288533 0.534699
vt 0.296400 0.528325
vt 0.294020 0.533428
vt 0.296998 0.321162
vt 0.298309 0.315504
vt 0.272934 0.003676
vt 0.278331 0.001167
vt 0.272637 0.704744
vt 0.271570 0.699691
vt 0.283542 0.378238
vt 0.284241 0.371553
vt 0.280907 0.109443
vt 0.275202 0.110784
vt 0.209154 0.261558
vt 0.209638 0.228555
vt 0.302029 0.873999
vt 0.274729 0.873999
vt 0.302029 0.814502
vt 0.758577 0.497998
vt 0.758577 0.438501
vt 0.785877 0.438501
vt 0.277490 0.567797
vt 0.271570 0.569280
vt 0.279687 0.828585
vt 0.279367 0.817869
vt 0.287159 0.817636
vt 0.287159 0.827934
vt 0.297439 0.129808
vt 0.294969 0.135134
vt 0.289252 0.136454
vt 0.222888 0.921283
vt 0.229760 0.922001
vt 0.297512 0.494434
vt 0.297511 0.499790
vt 0.291006 0.495091
vt 0.225459 0.473378
vt 0.726272 0.686499
vt 0.698972 0.686499
vt 0.726272 0.627002
vt 0.695969 0.627002
vt 0.695969 0.686499
vt 0.668669 0.686499
vt 0.298310 0.309988
vt 0.283881 0.054947
vt 0.280228 0.710903
vt 0.284592 0.048075
vt 0.284940 0.364867
vt 0.277871 0.370598
vt 0.216991 0.968952
vt 0.216007 0.975491
vt 0.209154 0.974800
vt 0.210326 0.969258
vt 0.278236 0.338802
vt 0.271570 0.339518
vt 0.726272 0.689502
vt 0.698972 0.748999
vt 0.726272 0.748999
vt 0.695969 0.748999
vt 0.695969 0.689502
vt 0.668669 0.748999
vt 0.275059 0.432195
vt 0.280546 0.430924
vt 0.272679 0.437299
vt 0.277829 0.622596
vt 0.271569 0.621943
vt 0.272638 0.616885
vt 0.278720 0.616629
vt 0.272799 0.657449
vt 0.271570 0.652151
vt 0.272719 0.237876
vt 0.275203 0.243190
vt 0.297434 0.183842
vt 0.285079 0.149960
vt 0.284375 0.143207
vt 0.291832 0.149256
vt 0.290374 0.598837
vt 0.296613 0.599495
vt 0.299042 0.017975
vt 0.299037 0.012310
vt 0.296602 0.577033
vt 0.295358 0.582321
vt 0.290433 0.584620
vt 0.290712 0.578549
vt 0.271570 0.447889
vt 0.272840 0.453375
vt 0.280909 0.163471
vt 0.291992 0.343845
vt 0.291730 0.350361
vt 0.286331 0.351497
vt 0.285617 0.344792
vt 0.277723 0.661882
vt 0.283880 0.054947
vt 0.285397 0.685859
vt 0.284743 0.679599
vt 0.297175 0.331341
vt 0.298311 0.336735
vt 0.271570 0.546310
vt 0.271570 0.368985
vt 0.543453 0.751001
vt 0.516153 0.751001
vt 0.516153 0.779248
vt 0.241423 0.689502
vt 0.214123 0.717749
vt 0.241423 0.717749
vt 0.296400 0.476442
vt 0.271570 0.468486
vt 0.272679 0.463250
vt 0.756575 0.002002
vt 0.756575 0.061499
vt 0.729275 0.061499
vt 0.847484 0.061499
vt 0.847484 0.002002
vt 0.820184 0.061499
vt 0.277468 0.693014
vt 0.271570 0.694521
vt 0.283463 0.566920
vt 0.285219 0.541187
vt 0.485849 0.779248
vt 0.485849 0.751001
vt 0.513149 0.751001
vt 0.576759 0.782251
vt 0.576759 0.810498
vt 0.604059 0.782251
vt 0.291136 0.535809
vt 0.291398 0.542112
vt 0.285899 0.534699
vt 0.290088 0.488917
vt 0.283672 0.217504
vt 0.284375 0.224257
vt 0.278326 0.150663
vt 0.299038 0.072925
vt 0.295379 0.639140
vt 0.296609 0.644433
vt 0.290455 0.636838
vt 0.277739 0.561694
vt 0.272805 0.563981
vt 0.271574 0.127122
vt 0.283843 0.424449
vt 0.284512 0.417970
vt 0.275164 0.403666
vt 0.294732 0.326084
vt 0.289067 0.324761
vt 0.817181 0.064502
vt 0.817181 0.123999
vt 0.789881 0.123999
vt 0.967695 0.376001
vt 0.940395 0.497998
vt 0.940395 0.376001
vt 0.272679 0.515132
vt 0.275059 0.510029
vt 0.280546 0.508758
vt 0.278983 0.514870
vt 0.277723 0.686926
vt 0.272799 0.689229
vt 0.277853 0.597546
vt 0.271570 0.596914
vt 0.286473 0.190486
vt 0.235277 0.911242
vt 0.236626 0.917050
vt 0.277938 0.144171
vt 0.278218 0.137605
vt 0.283672 0.136454
vt 0.278218 0.218654
vt 0.280816 0.324755
vt 0.275163 0.323443
vt 0.272710 0.318178
vt 0.279209 0.318453
vt 0.291028 0.548349
vt 0.227126 0.935021
vt 0.221458 0.935026
vt 0.759578 0.311499
vt 0.786878 0.311499
vt 0.786878 0.252002
vt 0.938393 0.752002
vt 0.911093 0.873999
vt 0.938393 0.873999
vt 0.280542 0.508758
vt 0.275065 0.507493
vt 0.278141 0.379379
vt 0.281060 0.027473
vt 0.286728 0.027473
vt 0.755574 0.438501
vt 0.728274 0.438501
vt 0.728274 0.497998
vt 0.240422 0.938501
vt 0.122213 0.966748
vt 0.122213 0.938501
vt 0.250803 0.228096
vt 0.239129 0.188594
vt 0.248551 0.195122
vt 0.296609 0.697075
vt 0.281067 0.027467
vt 0.291739 0.352639
vt 0.285638 0.358182
vt 0.286337 0.351497
vt 0.272901 0.267669
vt 0.216021 0.949477
vt 0.215630 0.942870
vt 0.280902 0.109432
vt 0.291941 0.162320
vt 0.292221 0.155753
vt 0.298584 0.154130
vt 0.297255 0.159841
vt 0.277953 0.483926
vt 0.272856 0.486312
vt 0.546456 0.810498
vt 0.546456 0.782251
vt 0.573756 0.782251
vt 0.456547 0.686499
vt 0.483847 0.658252
vt 0.483847 0.686499
vt 0.278224 0.216358
vt 0.216021 0.920566
vt 0.232917 0.471731
vt 0.240342 0.435271
vt 0.240342 0.468274
vt 0.453544 0.814502
vt 0.453544 0.873999
vt 0.426244 0.873999
vt 0.846483 0.438501
vt 0.819183 0.497998
vt 0.819183 0.438501
vt 0.271569 0.738258
vt 0.209154 0.764801
vt 0.240360 0.717524
vt 0.271570 0.785731
vt 0.286442 0.748316
vt 0.286442 0.785731
vt 0.271570 0.334006
vt 0.272897 0.328357
vt 0.272882 0.381832
vt 0.284089 0.623250
vt 0.290349 0.623904
vt 0.294736 0.269939
vt 0.289074 0.271261
vt 0.483847 0.720752
vt 0.483847 0.748999
vt 0.456547 0.748999
vt 0.286544 0.807356
vt 0.576759 0.779248
vt 0.576759 0.751001
vt 0.604059 0.751001
vt 0.546456 0.779248
vt 0.573756 0.751001
vt 0.546456 0.751001
vt 0.283677 0.136454
vt 0.296609 0.624558
vt 0.236627 0.971997
vt 0.296998 0.355091
vt 0.285194 0.411478
vt 0.029302 0.627002
vt 0.002002 0.686499
vt 0.029302 0.686499
vt 0.120211 0.686499
vt 0.120211 0.627002
vt 0.092911 0.686499
vt 0.285899 0.430924
vt 0.291136 0.432034
vt 0.271570 0.064437
vt 0.272928 0.058630
vt 0.278334 0.056109
vt 0.271570 0.288759
vt 0.271570 0.283243
vt 0.278255 0.283941
vt 0.283180 0.560640
vt 0.277943 0.559530
vt 0.002002 0.998999
vt 0.120211 0.998999
vt 0.120211 0.970752
vt 0.209154 0.696884
vt 0.574757 0.373999
vt 0.547457 0.373999
vt 0.574757 0.314502
vt 0.786878 0.189502
vt 0.759578 0.248999
vt 0.786878 0.248999
vt 0.285892 0.404982
vt 0.291133 0.406082
vt 0.296609 0.672031
vt 0.235282 0.966199
vt 0.229872 0.963666
vt 0.297510 0.439901
vt 0.293243 0.634540
vt 0.295541 0.629611
vt 0.212847 0.961149
vt 0.210326 0.955739
vt 0.302029 0.627002
vt 0.302029 0.655249
vt 0.274729 0.655249
vt 0.272190 0.828381
vt 0.285219 0.515246
vt 0.291927 0.191632
vt 0.292212 0.198199
vt 0.282782 0.685863
vt 0.278213 0.189336
vt 0.277933 0.182769
vt 0.272840 0.557150
vt 0.271570 0.551664
vt 0.278220 0.135308
vt 0.272911 0.132843
vt 0.291398 0.516171
vt 0.297510 0.517735
vt 0.297510 0.523088
vt 0.153517 0.717749
vt 0.180817 0.717749
vt 0.180817 0.689502
vt 0.150514 0.720752
vt 0.123214 0.748999
vt 0.150514 0.748999
vt 0.029302 0.752002
vt 0.002002 0.811499
vt 0.029302 0.811499
vt 0.788880 0.438501
vt 0.788880 0.497998
vt 0.816180 0.438501
vt 0.298310 0.395726
vt 0.285899 0.508758
vt 0.291136 0.509868
vt 0.294951 0.189156
vt 0.285397 0.635775
vt 0.280233 0.635770
vt 0.285768 0.116166
vt 0.294020 0.481546
vt 0.288533 0.482816
vt 0.281060 0.082416
vt 0.279409 0.075939
vt 0.298586 0.124346
vt 0.285381 0.585683
vt 0.280209 0.585673
vt 0.293252 0.561874
vt 0.287963 0.560640
vt 0.224323 0.962498
vt 0.758577 0.501001
vt 0.785877 0.501001
vt 0.758577 0.560498
vt 0.786878 0.064502
vt 0.786878 0.123999
vt 0.759578 0.123999
vt 0.283188 0.482816
vt 0.283189 0.430924
vt 0.210326 0.914303
vt 0.212846 0.908899
vt 0.272715 0.102786
vt 0.271570 0.097335
vt 0.280233 0.610726
vt 0.112241 0.471709
vt 0.074828 0.471710
vt 0.074828 0.000001
vt 0.112241 0.000001
vt 0.149655 0.471708
vt 0.149655 -0.000000
vt 0.149655 0.943416
vt 0.112241 0.999988
vt 0.002002 0.623999
vt 0.120211 0.623999
vt 0.120211 0.377002
vt 0.209154 0.402854
vt 0.209900 0.369837
vt 0.216579 0.363083
vt 0.574757 0.689502
vt 0.574757 0.748999
vt 0.547457 0.748999
vt 0.638366 0.686499
vt 0.665666 0.627002
vt 0.665666 0.686499
vt 0.755574 0.501001
vt 0.728274 0.501001
vt 0.728274 0.560498
vt 0.998999 0.002002
vt 0.998999 0.123999
vt 0.971699 0.123999
vt 0.271574 0.151367
vt 0.271570 0.145795
vt 0.271570 0.070104
vt 0.879789 0.497998
vt 0.879789 0.251001
vt 0.907089 0.251001
vt 0.850487 0.248999
vt 0.877787 0.002002
vt 0.877787 0.248999
vt 0.164528 1.000000
vt 0.164528 0.528285
vt 0.179405 0.528285
vt 0.179405 1.000000
vt 0.149656 1.000000
vt 0.149656 0.528285
vt 0.877787 0.502002
vt 0.877787 0.748999
vt 0.850487 0.748999
vt 0.001001 0.904248
vt 0.240422 0.876001
vt 0.001001 0.876001
vt 0.209155 0.925516
vt 0.209154 0.919848
vt 0.291734 0.403837
vt 0.218653 0.962498
vt 0.282801 0.560640
vt 0.239101 0.402291
vt 0.284120 0.598188
vt 0.278255 0.312083
vt 0.241423 0.939502
vt 0.241423 0.967749
vt 0.123214 0.967749
vt 0.756575 0.439502
vt 0.729275 0.498999
vt 0.756575 0.498999
vt 0.239591 0.501297
vt 0.274935 0.637005
vt 0.289064 0.298010
vt 0.290671 0.291708
vt 0.279209 0.277571
vt 0.271570 0.181146
vt 0.252030 0.261080
vt 0.295540 0.666973
vt 0.296239 0.538189
vt 0.297510 0.543676
vt 0.286483 0.109437
vt 0.297700 0.023775
vt 0.298584 0.148552
vt 0.294716 0.296698
vt 0.297169 0.291433
vt 0.297685 0.078737
vt 0.272799 0.664184
vt 0.296997 0.274863
vt 0.274911 0.584427
vt 0.210503 0.931330
vt 0.819183 0.560498
vt 0.819183 0.501001
vt 0.846483 0.501001
vt 0.941396 0.998999
vt 0.968696 0.877002
vt 0.968696 0.998999
vt 0.235455 0.941779
vt 0.291829 0.204691
vt 0.275183 0.108093
vt 0.215908 0.936193
vt 0.209155 0.944526
vt 0.210504 0.938718
vt 0.236626 0.922718
vt 0.209154 0.950194
vt 0.296239 0.434414
vt 0.516153 0.872998
vt 0.516153 0.844751
vt 0.543453 0.844751
vt 0.150514 0.686499
vt 0.150514 0.658252
vt 0.123214 0.686499
vt 0.297510 0.549029
vt 0.485849 0.872998
vt 0.485849 0.844751
vt 0.513149 0.844751
vt 0.244426 0.717749
vt 0.271726 0.689502
vt 0.271726 0.717749
vt 0.271570 0.442535
vt 0.232935 0.936375
vt 0.272904 0.221132
vt 0.940395 0.501001
vt 0.967695 0.501001
vt 0.940395 0.622998
vt 0.756575 0.502002
vt 0.729275 0.561499
vt 0.756575 0.561499
vt 0.278146 0.377097
vt 0.294020 0.455594
vt 0.275253 0.081062
vt 0.272732 0.075651
vt 0.297875 0.006756
vt 0.295366 0.001343
vt 0.295540 0.692017
vt 0.123214 0.655249
vt 0.150514 0.655249
vt 0.150514 0.627002
vt 0.544454 0.752002
vt 0.517154 0.780249
vt 0.544454 0.780249
vt 0.272904 0.140082
vt 0.280822 0.271265
vt 0.274935 0.709673
vt 0.296239 0.512248
vt 0.272711 0.277841
vt 0.275163 0.272582
vt 0.574757 0.252002
vt 0.574757 0.311499
vt 0.547457 0.311499
vt 0.513149 0.313501
vt 0.485849 0.372998
vt 0.485849 0.313501
vt 0.486851 0.686499
vt 0.514151 0.686499
vt 0.514151 0.627002
vt 0.605060 0.627002
vt 0.577760 0.686499
vt 0.605060 0.686499
vt 0.294037 0.484103
vt 0.296407 0.489200
vt 0.288543 0.482821
vt 0.239919 0.178648
vt 0.250320 0.188500
vt 0.296246 0.505284
vt 0.998999 0.127002
vt 0.971699 0.186499
vt 0.998999 0.186499
vt 0.335335 0.873999
vt 0.362635 0.814502
vt 0.362635 0.873999
vt 0.272882 0.294416
vt 0.296247 0.408459
vt 0.235277 0.958806
vt 0.297441 0.210849
vt 0.294962 0.216165
vt 0.215709 0.353127
vt 0.275059 0.458146
vt 0.332332 0.689502
vt 0.332332 0.717749
vt 0.305032 0.717749
vt 0.543453 0.813501
vt 0.516153 0.841748
vt 0.516153 0.813501
vt 0.294716 0.379550
vt 0.271570 0.312782
vt 0.271569 0.832717
vt 0.240364 0.812077
vt 0.271569 0.764801
vt 0.847484 0.658252
vt 0.729275 0.686499
vt 0.847484 0.686499
vt 0.275198 0.164800
vt 0.847484 0.439502
vt 0.820184 0.498999
vt 0.847484 0.498999
vt 0.816180 0.501001
vt 0.788880 0.560498
vt 0.788880 0.501001
vt 0.237109 0.369325
vt 0.758577 0.563501
vt 0.785877 0.563501
vt 0.758577 0.622998
vt 0.726272 0.564502
vt 0.726272 0.623999
vt 0.698972 0.623999
vt 0.298584 0.229602
vt 0.275248 0.028831
vt 0.272732 0.034237
vt 0.286544 0.785934
vt 0.293244 0.662049
vt 0.293244 0.687093
vt 0.287945 0.685858
vt 0.638366 0.561499
vt 0.665666 0.561499
vt 0.665666 0.502002
vt 0.728274 0.622998
vt 0.755574 0.563501
vt 0.728274 0.563501
vt 0.819183 0.622998
vt 0.819183 0.563501
vt 0.846483 0.563501
vt 0.759578 0.061499
vt 0.786878 0.002002
vt 0.786878 0.061499
vt 0.272802 0.607382
vt 0.271570 0.602080
vt 0.212851 0.963864
vt 0.272899 0.186857
vt 0.275268 0.026108
vt 0.274935 0.611960
vt 0.232946 0.988631
vt 0.298582 0.205390
vt 0.272840 0.479326
vt 0.271570 0.473840
vt 0.485849 0.841748
vt 0.485849 0.813501
vt 0.513149 0.813501
vt 0.544454 0.842749
vt 0.544454 0.814502
vt 0.517154 0.842749
vt 0.297244 0.194106
vt 0.298582 0.199817
vt 0.305032 0.686499
vt 0.332332 0.686499
vt 0.332332 0.658252
vt 0.212633 0.153338
vt 0.221265 0.169818
vt 0.210864 0.159961
vt 0.272908 0.213884
vt 0.577760 0.311499
vt 0.605060 0.311499
vt 0.605060 0.252002
vt 0.756575 0.377002
vt 0.729275 0.436499
vt 0.756575 0.436499
vt 0.272882 0.374643
vt 0.298586 0.094529
vt 0.224026 0.870131
vt 0.224026 0.907545
vt 0.209154 0.907545
vt 0.209154 0.870131
vt 0.224026 0.832717
vt 0.209154 0.832717
vt 0.238903 0.832717
vt 0.238903 0.870131
vt 0.238903 0.907545
vt 0.298311 0.342258
vt 0.297004 0.347919
vt 0.271570 0.091754
vt 0.296998 0.401384
vt 0.272893 0.086034
vt 0.604059 0.844751
vt 0.576759 0.844751
vt 0.576759 0.872998
vt 0.362635 0.689502
vt 0.335335 0.717749
vt 0.362635 0.717749
vt 0.271570 0.748316
vt 0.271570 0.710903
vt 0.286447 0.710903
vt 0.209154 0.791344
vt 0.938393 0.877002
vt 0.938393 0.998999
vt 0.911093 0.998999
vt 0.608063 0.686499
vt 0.635363 0.627002
vt 0.635363 0.686499
vt 0.192176 0.879102
vt 0.191308 0.884985
vt 0.185430 0.885852
vt 0.187161 0.880832
vt 0.908090 0.752002
vt 0.908090 0.873999
vt 0.880790 0.873999
vt 0.305032 0.873999
vt 0.332332 0.814502
vt 0.332332 0.873999
vt 0.391313 0.040659
vt 0.391512 0.035295
vt 0.396873 0.035020
vt 0.396913 0.040620
vt 0.397098 0.349265
vt 0.392364 0.349795
vt 0.391525 0.346502
vt 0.397071 0.345521
vt 0.759578 0.186499
vt 0.786878 0.186499
vt 0.786878 0.127002
vt 0.756575 0.127002
vt 0.729275 0.186499
vt 0.756575 0.186499
vt 0.368404 0.372400
vt 0.368934 0.377134
vt 0.363130 0.377174
vt 0.362845 0.371623
vt 0.389914 0.548148
vt 0.389889 0.544529
vt 0.394460 0.544024
vt 0.395271 0.547201
vt 0.382465 0.269544
vt 0.383285 0.266142
vt 0.388169 0.266613
vt 0.388196 0.270478
vt 0.393050 0.310093
vt 0.392205 0.306800
vt 0.397757 0.305820
vt 0.397783 0.309564
vt 0.371577 0.544064
vt 0.370685 0.540577
vt 0.376561 0.539538
vt 0.376589 0.543505
vt 0.364759 0.123587
vt 0.364234 0.118854
vt 0.370034 0.118813
vt 0.370319 0.124365
vt 0.348500 0.259062
vt 0.342624 0.259967
vt 0.342842 0.254082
vt 0.348989 0.254038
vt 0.398278 0.046294
vt 0.398318 0.051894
vt 0.392718 0.051933
vt 0.392917 0.046568
vt 0.245848 0.944658
vt 0.244938 0.939299
vt 0.248553 0.939299
vt 0.249031 0.943870
vt 0.370013 0.073815
vt 0.363972 0.073858
vt 0.364186 0.068075
vt 0.369970 0.067774
vt 0.350525 0.661579
vt 0.350997 0.656695
vt 0.356720 0.655810
vt 0.356506 0.661537
vt 0.116371 0.975766
vt 0.116371 0.970166
vt 0.121730 0.969929
vt 0.120941 0.975288
vt 0.349853 0.103244
vt 0.350408 0.108256
vt 0.344266 0.108300
vt 0.343965 0.102418
vt 0.235162 0.943870
vt 0.235640 0.939299
vt 0.239255 0.939299
vt 0.238345 0.944658
vt 0.382077 0.356671
vt 0.382049 0.352769
vt 0.387837 0.353707
vt 0.387012 0.357146
vt 0.360019 0.691340
vt 0.360242 0.685455
vt 0.366123 0.685153
vt 0.366166 0.691297
vt 0.398358 0.057577
vt 0.398398 0.063177
vt 0.392798 0.063216
vt 0.393001 0.057851
vt 0.239218 0.545952
vt 0.242100 0.536773
vt 0.274404 0.535710
vt 0.268566 0.544075
vt 0.362706 0.364540
vt 0.362913 0.358984
vt 0.368717 0.358943
vt 0.368254 0.363684
vt 0.349793 0.094760
vt 0.343917 0.095664
vt 0.344135 0.089779
vt 0.350278 0.089736
vt 0.161498 0.421707
vt 0.161498 0.841423
vt 0.148261 0.841423
vt 0.148261 0.421707
vt 0.846483 0.782251
vt 0.607062 0.782251
vt 0.607062 0.810498
vt 0.847484 0.783252
vt 0.608063 0.811499
vt 0.847484 0.811499
vt 0.908090 0.002002
vt 0.908090 0.248999
vt 0.880790 0.248999
vt 0.907089 0.001001
vt 0.879789 0.247998
vt 0.879789 0.001001
vt 0.174731 0.421707
vt 0.174731 0.841423
vt 0.150514 0.811499
vt 0.123214 0.811499
vt 0.150514 0.752002
vt 0.241423 0.752002
vt 0.214123 0.811499
vt 0.241423 0.811499
vt 0.392881 0.074499
vt 0.392842 0.068899
vt 0.398202 0.069098
vt 0.398481 0.074460
vt 0.173868 0.884974
vt 0.173000 0.879092
vt 0.178016 0.880827
vt 0.179747 0.885842
vt 0.356131 0.668063
vt 0.356676 0.672944
vt 0.350696 0.672986
vt 0.350400 0.667263
vt 0.339542 0.490467
vt 0.330386 0.490806
vt 0.331179 0.484137
vt 0.339494 0.483526
vt 0.211120 0.689502
vt 0.211120 0.717749
vt 0.183820 0.717749
vt 0.244426 0.655249
vt 0.271726 0.627002
vt 0.271726 0.655249
vt 0.367084 0.579354
vt 0.360941 0.579397
vt 0.361160 0.573512
vt 0.367041 0.573211
vt 0.379979 0.651096
vt 0.385534 0.651303
vt 0.385820 0.656855
vt 0.380020 0.656896
vt 0.360759 0.188175
vt 0.359982 0.193734
vt 0.354434 0.194590
vt 0.356034 0.189841
vt 0.207252 0.896540
vt 0.201466 0.895687
vt 0.200617 0.889905
vt 0.205549 0.891608
vt 0.365638 0.811499
vt 0.392938 0.811499
vt 0.392938 0.752002
vt 0.968696 0.127002
vt 0.968696 0.248999
vt 0.941396 0.248999
vt 0.211120 0.752002
vt 0.211120 0.811499
vt 0.183820 0.811499
vt 0.180817 0.873999
vt 0.180817 0.814502
vt 0.153517 0.873999
vt 0.013980 0.950206
vt 0.018550 0.951788
vt 0.020132 0.956358
vt 0.014769 0.955569
vt 0.342508 0.247330
vt 0.342997 0.242310
vt 0.348874 0.241401
vt 0.348651 0.247286
vt 0.380217 0.638457
vt 0.386017 0.638416
vt 0.385810 0.643971
vt 0.380258 0.644256
vt 0.165586 0.884058
vt 0.160567 0.885789
vt 0.161434 0.879906
vt 0.167317 0.879038
vt 0.389882 0.557446
vt 0.389856 0.553832
vt 0.395225 0.554704
vt 0.394455 0.557892
vt 0.343118 0.303293
vt 0.342255 0.299903
vt 0.347123 0.298180
vt 0.348819 0.299857
vt 0.362635 0.752002
vt 0.362635 0.811499
vt 0.335335 0.811499
vt 0.305032 0.811499
vt 0.332332 0.752002
vt 0.332332 0.811499
vt 0.359409 0.473168
vt 0.359959 0.478101
vt 0.353918 0.478144
vt 0.353622 0.472360
vt 0.350537 0.683557
vt 0.349996 0.678675
vt 0.355977 0.678633
vt 0.356272 0.684356
vt 0.032305 0.686499
vt 0.059605 0.686499
vt 0.059605 0.627002
vt 0.756575 0.189502
vt 0.756575 0.248999
vt 0.729275 0.248999
vt 0.348559 0.234649
vt 0.342412 0.234692
vt 0.342901 0.229673
vt 0.348778 0.228764
vt 0.361203 0.678694
vt 0.360392 0.675516
vt 0.364951 0.673902
vt 0.366539 0.675473
vt 0.391667 0.359228
vt 0.391641 0.355484
vt 0.397201 0.356386
vt 0.396408 0.359691
vt 0.378739 0.265564
vt 0.372758 0.265606
vt 0.372716 0.259625
vt 0.378443 0.259840
vt 0.105324 0.969953
vt 0.109894 0.970426
vt 0.110688 0.975790
vt 0.105324 0.975553
vt 0.369628 0.055394
vt 0.369924 0.061178
vt 0.363883 0.061220
vt 0.363840 0.055180
vt 0.364203 0.111770
vt 0.364662 0.107029
vt 0.370210 0.106174
vt 0.370003 0.111729
vt 0.103024 0.944689
vt 0.101322 0.939757
vt 0.107107 0.940611
vt 0.107956 0.946397
vt 0.360027 0.200234
vt 0.360867 0.203527
vt 0.356141 0.205193
vt 0.354497 0.203572
vt 0.382388 0.258716
vt 0.383204 0.255310
vt 0.388093 0.255786
vt 0.388120 0.259646
vt 0.349387 0.285851
vt 0.348588 0.291582
vt 0.342869 0.292462
vt 0.344518 0.287570
vt 0.360765 0.667604
vt 0.360460 0.661723
vt 0.366607 0.661680
vt 0.366650 0.667823
vt 0.729275 0.623999
vt 0.756575 0.623999
vt 0.756575 0.564502
vt 0.847484 0.314502
vt 0.820184 0.373999
vt 0.847484 0.373999
vt 0.370753 0.550278
vt 0.375765 0.549718
vt 0.376656 0.553202
vt 0.370781 0.554245
vt 0.389061 0.526550
vt 0.389088 0.530452
vt 0.383296 0.529509
vt 0.384125 0.526070
vt 0.817181 0.252002
vt 0.817181 0.311499
vt 0.789881 0.311499
vt 0.759578 0.373999
vt 0.786878 0.314502
vt 0.786878 0.373999
vt 0.362426 0.042552
vt 0.368209 0.042766
vt 0.368509 0.048550
vt 0.362469 0.048592
vt 0.362847 0.351901
vt 0.362562 0.346349
vt 0.368121 0.347126
vt 0.368651 0.351860
vt 0.370849 0.563895
vt 0.370821 0.559928
vt 0.376711 0.560884
vt 0.375868 0.564384
vt 0.372798 0.271289
vt 0.378779 0.271247
vt 0.378564 0.276974
vt 0.372840 0.277269
vt 0.003537 0.950994
vt 0.006719 0.950206
vt 0.008297 0.954780
vt 0.006719 0.956358
vt 0.235859 0.069344
vt 0.235791 0.059810
vt 0.268104 0.059958
vt 0.269509 0.069107
vt 0.355887 0.690042
vt 0.356182 0.695766
vt 0.350451 0.694962
vt 0.349906 0.690085
vt 0.382017 0.342447
vt 0.386945 0.341902
vt 0.387819 0.345329
vt 0.382045 0.346349
vt 0.366594 0.706257
vt 0.366053 0.701380
vt 0.372034 0.701338
vt 0.372329 0.707061
vt 0.273758 0.723850
vt 0.307047 0.723616
vt 0.307140 0.736848
vt 0.273852 0.737083
vt 0.240474 0.724085
vt 0.240567 0.737317
vt 0.240381 0.710848
vt 0.273665 0.710614
vt 0.306954 0.710379
vt 0.380227 0.631618
vt 0.380186 0.625819
vt 0.385742 0.626026
vt 0.386027 0.631578
vt 0.362379 0.035955
vt 0.362337 0.029914
vt 0.368377 0.029872
vt 0.368158 0.035659
vt 0.395288 0.563570
vt 0.395313 0.567184
vt 0.390747 0.567694
vt 0.389931 0.564517
vt 0.160554 0.970153
vt 0.165917 0.969911
vt 0.165123 0.975275
vt 0.160554 0.975753
vt 0.236898 0.906415
vt 0.231172 0.906670
vt 0.232017 0.900945
vt 0.236898 0.900434
vt 0.271193 0.498178
vt 0.238887 0.499014
vt 0.244742 0.492922
vt 0.274092 0.491495
vt 0.359948 0.483785
vt 0.359468 0.488720
vt 0.353693 0.489610
vt 0.353908 0.483827
vt 0.359045 0.212490
vt 0.360711 0.217215
vt 0.355152 0.216438
vt 0.354296 0.210890
vt 0.389008 0.519106
vt 0.384075 0.519655
vt 0.383202 0.516223
vt 0.388981 0.515204
vt 0.378646 0.288637
vt 0.372922 0.288933
vt 0.372880 0.282952
vt 0.378861 0.282910
vt 0.095071 0.970431
vt 0.099641 0.969957
vt 0.099641 0.975557
vt 0.094278 0.975794
vt 0.786878 0.498999
vt 0.759578 0.498999
vt 0.786878 0.439502
vt 0.756575 0.064502
vt 0.756575 0.123999
vt 0.729275 0.123999
vt 0.113959 0.940611
vt 0.117393 0.939757
vt 0.119095 0.944689
vt 0.117393 0.946397
vt 0.225387 0.939299
vt 0.229001 0.939299
vt 0.229479 0.943869
vt 0.226296 0.944658
vt 0.213255 0.889945
vt 0.218187 0.891648
vt 0.219890 0.896580
vt 0.214104 0.895731
vt 0.341543 0.557029
vt 0.340658 0.551310
vt 0.345556 0.552960
vt 0.347274 0.557828
vt 0.149868 0.934360
vt 0.148137 0.929344
vt 0.154020 0.930212
vt 0.154883 0.936095
vt 0.398287 0.080381
vt 0.398561 0.085743
vt 0.392961 0.085782
vt 0.392922 0.080182
vt 0.359723 0.228460
vt 0.354175 0.229315
vt 0.355775 0.224567
vt 0.360500 0.222900
vt 0.391737 0.369152
vt 0.391711 0.365408
vt 0.397271 0.366310
vt 0.396478 0.369615
vt 0.219764 0.900689
vt 0.225489 0.900434
vt 0.224645 0.906160
vt 0.219764 0.906670
vt 0.340569 0.538668
vt 0.345467 0.540318
vt 0.347185 0.545191
vt 0.341454 0.544387
vt 0.362815 0.339263
vt 0.362530 0.333711
vt 0.368089 0.334488
vt 0.368619 0.339222
vt 0.397473 0.379532
vt 0.391912 0.378629
vt 0.392706 0.375325
vt 0.397446 0.375788
vt 0.789881 0.248999
vt 0.817181 0.248999
vt 0.817181 0.189502
vt 0.302029 0.752002
vt 0.274729 0.811499
vt 0.302029 0.811499
vt 0.131426 0.946447
vt 0.125640 0.945594
vt 0.124791 0.939808
vt 0.129723 0.941515
vt 0.370893 0.570102
vt 0.376782 0.571063
vt 0.375940 0.574558
vt 0.370921 0.574069
vt 0.350189 0.077099
vt 0.349970 0.082983
vt 0.343828 0.083027
vt 0.344312 0.078007
vt 0.353343 0.235005
vt 0.358920 0.238264
vt 0.357298 0.239909
vt 0.352549 0.238309
vt 0.388748 0.248809
vt 0.383863 0.248333
vt 0.383836 0.244473
vt 0.389568 0.245402
vt 0.360845 0.654965
vt 0.360539 0.649085
vt 0.366686 0.649041
vt 0.366730 0.655184
vt 0.277491 0.449183
vt 0.280373 0.440009
vt 0.309727 0.439041
vt 0.309794 0.448580
vt 0.372084 0.031182
vt 0.372299 0.025395
vt 0.378082 0.025099
vt 0.378125 0.031139
vt 0.135708 0.936112
vt 0.136575 0.930230
vt 0.142454 0.929362
vt 0.140723 0.934377
vt 0.577760 0.373999
vt 0.605060 0.373999
vt 0.605060 0.314502
vt 0.244426 0.998999
vt 0.362635 0.970752
vt 0.362635 0.998999
vt 0.241423 0.814502
vt 0.241423 0.873999
vt 0.214123 0.873999
vt 0.211120 0.873999
vt 0.211120 0.814502
vt 0.183820 0.873999
vt 0.084020 0.975321
vt 0.083231 0.969962
vt 0.088594 0.970199
vt 0.088594 0.975799
vt 0.358998 0.245581
vt 0.357398 0.250329
vt 0.352673 0.251996
vt 0.353450 0.246436
vt 0.384038 0.237499
vt 0.384011 0.233639
vt 0.389743 0.234568
vt 0.388923 0.237975
vt 0.370813 0.583772
vt 0.371656 0.580272
vt 0.376675 0.580761
vt 0.376703 0.584728
vt 0.377951 0.042609
vt 0.372167 0.042906
vt 0.372124 0.036865
vt 0.378165 0.036822
vt 0.398601 0.091426
vt 0.398402 0.096786
vt 0.393041 0.097065
vt 0.393001 0.091465
vt 0.359623 0.501033
vt 0.353582 0.501076
vt 0.354058 0.496140
vt 0.359837 0.495250
vt 0.425243 0.716748
vt 0.425243 0.688501
vt 0.452543 0.688501
vt 0.486851 0.811499
vt 0.514151 0.783252
vt 0.514151 0.811499
vt 0.378985 0.300554
vt 0.373258 0.300339
vt 0.372962 0.294616
vt 0.378943 0.294574
vt 0.125009 0.934380
vt 0.123278 0.929360
vt 0.129161 0.930227
vt 0.130024 0.936110
vt 0.352817 0.264048
vt 0.353594 0.258489
vt 0.359142 0.257634
vt 0.357543 0.262382
vt 0.063409 0.941467
vt 0.065144 0.939736
vt 0.068633 0.945619
vt 0.065144 0.946482
vt 0.514151 0.752002
vt 0.514151 0.780249
vt 0.486851 0.780249
vt 0.546456 0.844751
vt 0.546456 0.872998
vt 0.573756 0.844751
vt 0.368352 0.321032
vt 0.368641 0.326584
vt 0.363082 0.325806
vt 0.362552 0.321073
vt 0.338178 0.350553
vt 0.329021 0.350892
vt 0.328972 0.343956
vt 0.338511 0.343888
vt 0.340526 0.532600
vt 0.341330 0.526869
vt 0.347050 0.525984
vt 0.345400 0.530882
vt 0.240049 0.283325
vt 0.237308 0.275020
vt 0.270959 0.274783
vt 0.272365 0.283932
vt 0.391625 0.319086
vt 0.392423 0.315781
vt 0.397163 0.316244
vt 0.397190 0.319989
vt 0.373829 0.054363
vt 0.373533 0.048579
vt 0.379573 0.048537
vt 0.379616 0.054577
vt 0.390811 0.577470
vt 0.390000 0.574292
vt 0.395356 0.573345
vt 0.395382 0.576959
vt 0.378104 0.306499
vt 0.378400 0.312222
vt 0.372420 0.312264
vt 0.372377 0.306284
vt 0.275509 0.205509
vt 0.308798 0.205274
vt 0.308891 0.218511
vt 0.290438 0.671178
vt 0.290673 0.704467
vt 0.240104 0.671532
vt 0.137429 0.946449
vt 0.138278 0.940663
vt 0.144064 0.939810
vt 0.142361 0.944742
vt 0.380138 0.618981
vt 0.380097 0.613182
vt 0.385897 0.613141
vt 0.385690 0.618696
vt 0.355683 0.099589
vt 0.354033 0.097967
vt 0.359564 0.094629
vt 0.360408 0.097922
vt 0.117595 0.929309
vt 0.115864 0.934325
vt 0.110849 0.936060
vt 0.111712 0.930177
vt 0.276415 0.143753
vt 0.275010 0.134604
vt 0.308656 0.134366
vt 0.308723 0.143906
vt 0.383999 0.508823
vt 0.383126 0.505396
vt 0.388904 0.504376
vt 0.388932 0.508278
vt 0.383258 0.497012
vt 0.384087 0.493573
vt 0.389023 0.494053
vt 0.389050 0.497955
vt 0.368695 0.308392
vt 0.368483 0.313947
vt 0.362684 0.313988
vt 0.363147 0.309247
vt 0.121564 0.985268
vt 0.115765 0.985268
vt 0.115765 0.979463
vt 0.121318 0.979714
vt 0.367128 0.560573
vt 0.367171 0.566715
vt 0.361286 0.566497
vt 0.360985 0.560616
vt 0.353393 0.385540
vt 0.352843 0.380612
vt 0.358889 0.380569
vt 0.359185 0.386353
vt 0.372278 0.317949
vt 0.378005 0.318164
vt 0.378301 0.323887
vt 0.372320 0.323929
vt 0.003423 0.961637
vt 0.007993 0.960055
vt 0.007204 0.965419
vt 0.001845 0.966207
vt 0.270909 0.267694
vt 0.237258 0.267931
vt 0.239897 0.261858
vt 0.272203 0.261022
vt 0.378341 0.329570
vt 0.378383 0.335551
vt 0.372402 0.335593
vt 0.372618 0.329866
vt 0.098419 0.936029
vt 0.100150 0.931014
vt 0.105165 0.929279
vt 0.104302 0.935161
vt 0.379656 0.060261
vt 0.379699 0.066301
vt 0.373911 0.066082
vt 0.373615 0.060303
vt 0.019428 0.964630
vt 0.017846 0.966207
vt 0.014664 0.960848
vt 0.017846 0.960055
vt 0.209195 0.906003
vt 0.208355 0.900278
vt 0.214081 0.900533
vt 0.214081 0.906513
vt 0.391992 0.386196
vt 0.397539 0.385215
vt 0.397565 0.388959
vt 0.392832 0.389489
vt 0.373745 0.078068
vt 0.373702 0.072027
vt 0.379485 0.072242
vt 0.379786 0.078025
vt 0.027073 0.961710
vt 0.031648 0.960128
vt 0.030855 0.965491
vt 0.025496 0.966280
vt 0.044281 0.960118
vt 0.043492 0.965481
vt 0.038133 0.966270
vt 0.039711 0.961700
vt 0.360896 0.547978
vt 0.367039 0.547935
vt 0.367082 0.554078
vt 0.361198 0.553860
vt 0.150916 0.945578
vt 0.150067 0.939792
vt 0.154999 0.941499
vt 0.156701 0.946431
vt 0.392123 0.399418
vt 0.392096 0.395674
vt 0.396830 0.395144
vt 0.397670 0.398437
vt 0.398712 0.108309
vt 0.393112 0.108348
vt 0.393072 0.102748
vt 0.398438 0.102952
vt 0.372373 0.347257
vt 0.372588 0.341531
vt 0.378311 0.341235
vt 0.378353 0.347215
vt 0.483847 0.752002
vt 0.483847 0.811499
vt 0.456547 0.811499
vt 0.941396 0.498999
vt 0.968696 0.377002
vt 0.968696 0.498999
vt 0.373785 0.083751
vt 0.379825 0.083708
vt 0.379607 0.089491
vt 0.373827 0.089792
vt 0.298744 0.533453
vt 0.308960 0.533381
vt 0.304975 0.540073
vt 0.296105 0.539527
vt 0.368810 0.300485
vt 0.363262 0.301346
vt 0.363469 0.295786
vt 0.369273 0.295745
vt 0.225893 0.890102
vt 0.230824 0.891805
vt 0.232527 0.896737
vt 0.226746 0.895888
vt 0.076046 0.941462
vt 0.077777 0.939731
vt 0.081266 0.945614
vt 0.077777 0.946478
vt 0.241611 0.467462
vt 0.238601 0.458329
vt 0.267971 0.459792
vt 0.273927 0.468074
vt 0.393164 0.119631
vt 0.393124 0.114032
vt 0.398485 0.114231
vt 0.398764 0.119592
vt 0.072189 0.975803
vt 0.072189 0.970203
vt 0.077548 0.969966
vt 0.076759 0.975325
vt 0.378353 0.352899
vt 0.378395 0.358879
vt 0.372414 0.358921
vt 0.372629 0.353194
vt 0.353823 0.274661
vt 0.352983 0.271368
vt 0.357709 0.269697
vt 0.359353 0.271323
vt 0.359918 0.506714
vt 0.359703 0.512502
vt 0.353663 0.512544
vt 0.354138 0.507604
vt 0.370554 0.594946
vt 0.370526 0.590979
vt 0.375537 0.590419
vt 0.376430 0.593903
vt 0.061142 0.975803
vt 0.061931 0.970444
vt 0.066506 0.969966
vt 0.066506 0.975566
vt 0.384218 0.227176
vt 0.384190 0.223316
vt 0.389068 0.222771
vt 0.389936 0.226166
vt 0.202672 0.906473
vt 0.197791 0.905963
vt 0.196946 0.900237
vt 0.202672 0.900493
vt 0.373859 0.095475
vt 0.379900 0.095432
vt 0.379681 0.101219
vt 0.373902 0.101515
vt 0.325859 0.513496
vt 0.330756 0.515150
vt 0.332475 0.520019
vt 0.326744 0.519219
vt 0.382080 0.335516
vt 0.382053 0.331614
vt 0.386981 0.331065
vt 0.387854 0.334497
vt 0.055459 0.975804
vt 0.050096 0.975567
vt 0.050096 0.969967
vt 0.054670 0.970445
vt 0.380008 0.600544
vt 0.385807 0.600504
vt 0.385601 0.606059
vt 0.380049 0.606344
vt 0.211120 0.658252
vt 0.183820 0.686499
vt 0.211120 0.686499
vt 0.604059 0.813501
vt 0.576759 0.841748
vt 0.576759 0.813501
vt 0.817181 0.502002
vt 0.789881 0.561499
vt 0.817181 0.561499
vt 0.456547 0.873999
vt 0.483847 0.814502
vt 0.483847 0.873999
vt 0.039837 0.975326
vt 0.039049 0.969967
vt 0.044412 0.970204
vt 0.044412 0.975804
vt 0.362425 0.711183
vt 0.356637 0.710374
vt 0.355743 0.704595
vt 0.360687 0.706263
vt 0.376335 0.604078
vt 0.370460 0.605117
vt 0.370432 0.601150
vt 0.375443 0.600595
vt 0.817181 0.314502
vt 0.817181 0.373999
vt 0.789881 0.373999
vt 0.423241 0.811499
vt 0.423241 0.752002
vt 0.395941 0.811499
vt 0.092736 0.930141
vt 0.089247 0.936024
vt 0.087516 0.934289
vt 0.089247 0.929273
vt 0.349889 0.070346
vt 0.343747 0.070389
vt 0.344231 0.065370
vt 0.350108 0.064461
vt 0.483847 0.689502
vt 0.483847 0.717749
vt 0.456547 0.717749
vt 0.296458 0.520832
vt 0.309399 0.526796
vt 0.300537 0.527466
vt 0.398549 0.125514
vt 0.398824 0.130875
vt 0.393224 0.130915
vt 0.393184 0.125315
vt 0.338649 0.363444
vt 0.329110 0.363511
vt 0.329061 0.356575
vt 0.338222 0.356784
vt 0.379955 0.107156
vt 0.379998 0.113197
vt 0.373957 0.113240
vt 0.374171 0.107452
vt 0.273813 0.451826
vt 0.244445 0.450818
vt 0.238505 0.444805
vt 0.270820 0.445185
vt 0.360850 0.541484
vt 0.360807 0.535341
vt 0.366950 0.535298
vt 0.366731 0.541182
vt 0.353556 0.397008
vt 0.353007 0.392080
vt 0.359052 0.392038
vt 0.359348 0.397821
vt 0.360718 0.522703
vt 0.366861 0.522660
vt 0.366904 0.528803
vt 0.361019 0.528585
vt 0.028002 0.975814
vt 0.028791 0.970455
vt 0.033365 0.969977
vt 0.033365 0.975577
vt 0.389839 0.212438
vt 0.389867 0.216303
vt 0.384134 0.215369
vt 0.384950 0.211967
vt 0.384905 0.205506
vt 0.384041 0.202111
vt 0.389760 0.201101
vt 0.389787 0.204961
vt 0.353046 0.280350
vt 0.357795 0.281949
vt 0.359461 0.286675
vt 0.353902 0.285897
vt 0.344537 0.221172
vt 0.343977 0.216160
vt 0.350120 0.216117
vt 0.350426 0.221998
vt 0.353982 0.297329
vt 0.353142 0.294035
vt 0.357868 0.292369
vt 0.359513 0.293991
vt 0.016960 0.975577
vt 0.016960 0.969977
vt 0.021530 0.970455
vt 0.022319 0.975814
vt 0.390880 0.587245
vt 0.390068 0.584067
vt 0.395426 0.583120
vt 0.395451 0.586735
vt 0.369184 0.283112
vt 0.368721 0.287853
vt 0.363173 0.288708
vt 0.363380 0.283153
vt 0.847484 0.908252
vt 0.847484 0.936499
vt 0.729275 0.936499
vt 0.423241 0.814502
vt 0.395941 0.873999
vt 0.423241 0.873999
vt 0.357029 0.523985
vt 0.350989 0.524028
vt 0.350693 0.518249
vt 0.356480 0.519057
vt 0.075954 0.935166
vt 0.075086 0.929283
vt 0.080102 0.931014
vt 0.081833 0.936034
vt 0.392166 0.405598
vt 0.396900 0.405068
vt 0.397740 0.408361
vt 0.392193 0.409342
vt 0.384896 0.190303
vt 0.389785 0.190779
vt 0.389812 0.194639
vt 0.384080 0.193709
vt 0.191263 0.906318
vt 0.185538 0.906062
vt 0.185538 0.900082
vt 0.190423 0.900593
vt 0.392259 0.418769
vt 0.392233 0.415025
vt 0.397793 0.415928
vt 0.397000 0.419232
vt 0.338935 0.388686
vt 0.329401 0.388753
vt 0.329730 0.382089
vt 0.338886 0.381750
vt 0.050771 0.961700
vt 0.052349 0.960118
vt 0.055531 0.965481
vt 0.052349 0.966270
vt 0.342332 0.057761
vt 0.342551 0.051877
vt 0.348694 0.051833
vt 0.348205 0.056853
vt 0.337966 0.246634
vt 0.328816 0.247306
vt 0.330444 0.241245
vt 0.338759 0.239966
vt 0.369825 0.516145
vt 0.363682 0.516188
vt 0.363639 0.510045
vt 0.369524 0.510264
vt 0.392303 0.424949
vt 0.397863 0.425851
vt 0.397070 0.429156
vt 0.392329 0.428693
vt 0.341247 0.698694
vt 0.339532 0.697003
vt 0.345293 0.693524
vt 0.346167 0.696956
vt 0.353154 0.409334
vt 0.353634 0.404399
vt 0.359414 0.403504
vt 0.359199 0.409291
vt 0.368883 0.276030
vt 0.363084 0.276071
vt 0.363547 0.271331
vt 0.369095 0.270475
vt 0.088684 0.940594
vt 0.092173 0.939727
vt 0.093908 0.944742
vt 0.092173 0.946473
vt 0.179015 0.905611
vt 0.174129 0.906122
vt 0.174129 0.900141
vt 0.179854 0.899886
vt 0.163560 0.905601
vt 0.162721 0.899876
vt 0.168446 0.900131
vt 0.168446 0.906112
vt 0.069403 0.936038
vt 0.064387 0.934308
vt 0.062652 0.929288
vt 0.068536 0.930155
vt 0.383236 0.486648
vt 0.383208 0.482746
vt 0.389000 0.483689
vt 0.388171 0.487129
vt 0.398818 0.136559
vt 0.398857 0.142158
vt 0.393257 0.142198
vt 0.393456 0.136833
vt 0.344197 0.506454
vt 0.343312 0.500735
vt 0.348209 0.502385
vt 0.349928 0.507258
vt 0.309977 0.474477
vt 0.277674 0.474979
vt 0.280573 0.468296
vt 0.309928 0.467537
vt 0.374274 0.124702
vt 0.373978 0.118923
vt 0.380018 0.118880
vt 0.380061 0.124921
vt 0.370531 0.615291
vt 0.370503 0.611325
vt 0.375515 0.610765
vt 0.376407 0.614252
vt 0.128648 0.979714
vt 0.134202 0.979468
vt 0.134202 0.985272
vt 0.128402 0.985272
vt 0.376486 0.625420
vt 0.370596 0.624464
vt 0.371439 0.620968
vt 0.376458 0.621453
vt 0.384045 0.183336
vt 0.384018 0.179476
vt 0.389750 0.180406
vt 0.388930 0.183812
vt 0.061603 0.960117
vt 0.066174 0.961699
vt 0.067751 0.966269
vt 0.062392 0.965480
vt 0.149507 0.969929
vt 0.154870 0.970171
vt 0.154870 0.975771
vt 0.150300 0.975293
vt 0.348344 0.039198
vt 0.348646 0.045079
vt 0.342757 0.044253
vt 0.342202 0.039242
vt 0.080393 0.966265
vt 0.075819 0.964687
vt 0.074241 0.960113
vt 0.079605 0.960906
vt 0.398896 0.147842
vt 0.398697 0.153202
vt 0.393335 0.153481
vt 0.393295 0.147881
vt 0.272072 0.242410
vt 0.239758 0.242029
vt 0.237033 0.235994
vt 0.270684 0.235757
vt 0.344453 0.682702
vt 0.346169 0.684393
vt 0.340412 0.687867
vt 0.339534 0.684440
vt 0.360801 0.642328
vt 0.360496 0.636447
vt 0.366643 0.636403
vt 0.366686 0.642546
vt 0.141286 0.985022
vt 0.141040 0.979468
vt 0.146844 0.979468
vt 0.146844 0.985273
vt 0.397949 0.434833
vt 0.397976 0.438577
vt 0.393242 0.439107
vt 0.392402 0.435814
vt 0.356855 0.535451
vt 0.350814 0.535494
vt 0.351294 0.530558
vt 0.357069 0.529668
vt 0.372543 0.364604
vt 0.378524 0.364561
vt 0.378309 0.370288
vt 0.372585 0.370584
vt 0.383981 0.471913
vt 0.388921 0.472389
vt 0.388948 0.476291
vt 0.383156 0.475352
vt 0.357276 0.302989
vt 0.358921 0.304615
vt 0.353390 0.307953
vt 0.352551 0.304660
vt 0.342398 0.031233
vt 0.342096 0.025352
vt 0.347981 0.026178
vt 0.348540 0.031190
vt 0.389978 0.596117
vt 0.390749 0.592929
vt 0.395322 0.593370
vt 0.395348 0.596989
vt 0.059605 0.873999
vt 0.032305 0.873999
vt 0.059605 0.814502
vt 0.635363 0.564502
vt 0.635363 0.623999
vt 0.608063 0.623999
vt 0.151312 0.950129
vt 0.157037 0.950384
vt 0.157037 0.956364
vt 0.152156 0.955854
vt 0.368428 0.262574
vt 0.362881 0.263435
vt 0.363092 0.257875
vt 0.368891 0.257834
vt 0.180817 0.752002
vt 0.153517 0.811499
vt 0.180817 0.811499
vt 0.062608 0.873999
vt 0.089908 0.814502
vt 0.089908 0.873999
vt 0.353272 0.420802
vt 0.353752 0.415867
vt 0.359532 0.414972
vt 0.359317 0.420760
vt 0.093030 0.960108
vt 0.091448 0.964682
vt 0.086879 0.966260
vt 0.087667 0.960896
vt 0.369693 0.497365
vt 0.369736 0.503507
vt 0.363852 0.503289
vt 0.363550 0.497408
vt 0.290393 0.664749
vt 0.239824 0.631820
vt 0.290158 0.631465
vt 0.275776 0.243345
vt 0.309154 0.256342
vt 0.275869 0.256577
vt 0.544454 0.845752
vt 0.544454 0.873999
vt 0.517154 0.873999
vt 0.546456 0.813501
vt 0.546456 0.841748
vt 0.573756 0.813501
vt 0.368782 0.250755
vt 0.362983 0.250796
vt 0.362693 0.245244
vt 0.368252 0.246021
vt 0.275291 0.174582
vt 0.276568 0.165415
vt 0.308870 0.164811
vt 0.308938 0.174345
vt 0.219703 0.939299
vt 0.218789 0.944658
vt 0.215606 0.943870
vt 0.216084 0.939299
vt 0.366835 0.623764
vt 0.366612 0.629649
vt 0.360731 0.629950
vt 0.360688 0.623808
vt 0.372777 0.382247
vt 0.372734 0.376267
vt 0.378462 0.376482
vt 0.378757 0.382205
vt 0.353613 0.432269
vt 0.353312 0.426486
vt 0.359104 0.427298
vt 0.359653 0.432226
vt 0.355757 0.110204
vt 0.354108 0.108583
vt 0.359639 0.105245
vt 0.360483 0.108538
vt 0.356895 0.541134
vt 0.357191 0.546914
vt 0.351399 0.546105
vt 0.350854 0.541177
vt 0.369796 0.484726
vt 0.369839 0.490869
vt 0.363955 0.490650
vt 0.363653 0.484769
vt 0.358729 0.042685
vt 0.352587 0.042728
vt 0.352285 0.036847
vt 0.358174 0.037674
vt 0.244426 0.873999
vt 0.271726 0.873999
vt 0.271726 0.814502
vt 0.729275 0.748999
vt 0.847484 0.720752
vt 0.847484 0.748999
vt 0.374057 0.136688
vt 0.374271 0.130901
vt 0.380055 0.130605
vt 0.380097 0.136645
vt 0.011276 0.975505
vt 0.005918 0.975741
vt 0.006706 0.970383
vt 0.011276 0.969905
vt 0.364142 0.099132
vt 0.364600 0.094392
vt 0.370148 0.093536
vt 0.369942 0.099091
vt 0.139903 0.956127
vt 0.139903 0.950146
vt 0.144784 0.950657
vt 0.145629 0.956382
vt 0.389543 0.605896
vt 0.390309 0.602708
vt 0.394887 0.603154
vt 0.394913 0.606772
vt 0.361634 0.938501
vt 0.243425 0.938501
vt 0.243425 0.966748
vt 0.239778 0.625387
vt 0.289878 0.591743
vt 0.290113 0.625032
vt 0.343270 0.494667
vt 0.344074 0.488936
vt 0.349793 0.488056
vt 0.348143 0.492948
vt 0.306601 0.032539
vt 0.272951 0.032776
vt 0.272902 0.025840
vt 0.305214 0.025886
vt 0.236877 0.213771
vt 0.238153 0.204603
vt 0.271804 0.204366
vt 0.269181 0.212708
vt 0.357272 0.558378
vt 0.351231 0.558420
vt 0.350935 0.552641
vt 0.356727 0.553450
vt 0.349896 0.475417
vt 0.349092 0.481148
vt 0.343372 0.482028
vt 0.345022 0.477136
vt 0.366542 0.611388
vt 0.366848 0.617269
vt 0.360700 0.617313
vt 0.360657 0.611169
vt 0.099516 0.960103
vt 0.104875 0.960892
vt 0.105664 0.966256
vt 0.101094 0.964678
vt 0.375600 0.631109
vt 0.376492 0.634597
vt 0.370616 0.635636
vt 0.370588 0.631669
vt 0.393413 0.164764
vt 0.393373 0.159164
vt 0.398973 0.159125
vt 0.398770 0.164485
vt 0.384888 0.173008
vt 0.384024 0.169614
vt 0.389742 0.168604
vt 0.389770 0.172464
vt 0.847484 0.127002
vt 0.820184 0.186499
vt 0.847484 0.186499
vt 0.786878 0.436499
vt 0.786878 0.377002
vt 0.759578 0.436499
vt 0.006420 0.984798
vt 0.001845 0.985276
vt 0.001845 0.979676
vt 0.007209 0.979439
vt 0.380136 0.142328
vt 0.379921 0.148111
vt 0.374138 0.148412
vt 0.374095 0.142371
vt 0.786878 0.623999
vt 0.759578 0.623999
vt 0.786878 0.564502
vt 0.786878 0.502002
vt 0.786878 0.561499
vt 0.759578 0.561499
vt 0.051745 0.930155
vt 0.055238 0.929288
vt 0.056969 0.934308
vt 0.055238 0.936038
vt 0.389697 0.162142
vt 0.383965 0.161212
vt 0.384781 0.157806
vt 0.389669 0.158282
vt 0.397233 0.449003
vt 0.392493 0.448540
vt 0.392466 0.444796
vt 0.398026 0.445698
vt 0.371242 0.641315
vt 0.376262 0.641804
vt 0.376290 0.645771
vt 0.370400 0.644810
vt 0.381973 0.320272
vt 0.387761 0.321210
vt 0.386936 0.324649
vt 0.382001 0.324174
vt 0.116914 0.960866
vt 0.113731 0.966230
vt 0.112154 0.964652
vt 0.113731 0.960078
vt 0.374433 0.154349
vt 0.380216 0.154052
vt 0.380259 0.160093
vt 0.374218 0.160136
vt 0.153677 0.985272
vt 0.153923 0.979719
vt 0.159482 0.979468
vt 0.159482 0.985272
vt 0.389618 0.150799
vt 0.384737 0.151344
vt 0.383873 0.147950
vt 0.389591 0.146939
vt 0.356660 0.569002
vt 0.350881 0.569892
vt 0.351095 0.564105
vt 0.357136 0.564062
vt 0.360611 0.604675
vt 0.360834 0.598791
vt 0.366715 0.598489
vt 0.366759 0.604632
vt 0.354185 0.122268
vt 0.355790 0.117520
vt 0.360515 0.115854
vt 0.359733 0.121413
vt 0.353430 0.443739
vt 0.353649 0.437952
vt 0.359690 0.437910
vt 0.359210 0.442845
vt 0.352432 0.313643
vt 0.357991 0.314420
vt 0.358847 0.319968
vt 0.354099 0.318369
vt 0.029302 0.814502
vt 0.002002 0.873999
vt 0.029302 0.873999
vt 0.120211 0.873999
vt 0.120211 0.814502
vt 0.092911 0.873999
vt 0.378570 0.388145
vt 0.378865 0.393868
vt 0.372885 0.393910
vt 0.372842 0.387930
vt 0.122986 0.960080
vt 0.128350 0.960868
vt 0.129138 0.966232
vt 0.124564 0.964654
vt 0.817181 0.127002
vt 0.789881 0.186499
vt 0.817181 0.186499
vt 0.453544 0.811499
vt 0.453544 0.752002
vt 0.426244 0.811499
vt 0.363876 0.472390
vt 0.369757 0.472088
vt 0.369801 0.478231
vt 0.363657 0.478274
vt 0.391513 0.329011
vt 0.392311 0.325706
vt 0.397052 0.326169
vt 0.397078 0.329913
vt 0.134220 0.956382
vt 0.128495 0.956127
vt 0.128495 0.950146
vt 0.133380 0.950657
vt 0.117086 0.956380
vt 0.117926 0.950655
vt 0.122811 0.950145
vt 0.122811 0.956125
vt 0.358820 0.332022
vt 0.353261 0.331245
vt 0.352405 0.325697
vt 0.357154 0.327297
vt 0.369825 0.233373
vt 0.370355 0.238106
vt 0.364556 0.238147
vt 0.364266 0.232595
vt 0.455546 0.685498
vt 0.455546 0.657251
vt 0.482846 0.657251
vt 0.338372 0.375792
vt 0.329166 0.369194
vt 0.338705 0.369127
vt 0.388029 0.461048
vt 0.388907 0.464475
vt 0.383129 0.465499
vt 0.383101 0.461597
vt 0.169339 0.896179
vt 0.164407 0.894471
vt 0.162704 0.889540
vt 0.168490 0.890393
vt 0.135624 0.960080
vt 0.140983 0.960868
vt 0.141776 0.966232
vt 0.137201 0.964654
vt 0.399053 0.170408
vt 0.399093 0.176007
vt 0.393727 0.175804
vt 0.393453 0.170447
vt 0.371296 0.655976
vt 0.370408 0.652493
vt 0.376284 0.651454
vt 0.376312 0.655421
vt 0.398097 0.455622
vt 0.397303 0.458927
vt 0.392562 0.458464
vt 0.392536 0.454720
vt 0.382109 0.313851
vt 0.382081 0.309949
vt 0.387010 0.309404
vt 0.387883 0.312831
vt 0.356589 0.580472
vt 0.350814 0.581362
vt 0.351028 0.575575
vt 0.357069 0.575532
vt 0.376194 0.662622
vt 0.375352 0.666122
vt 0.370332 0.665633
vt 0.370304 0.661667
vt 0.289598 0.552030
vt 0.289833 0.585315
vt 0.239498 0.585670
vt 0.362635 0.939502
vt 0.244426 0.967749
vt 0.362635 0.967749
vt 0.310070 0.487649
vt 0.280707 0.487304
vt 0.277714 0.480662
vt 0.310021 0.480713
vt 0.383795 0.136658
vt 0.388672 0.136113
vt 0.389541 0.139508
vt 0.383822 0.140518
vt 0.383768 0.126285
vt 0.389486 0.125275
vt 0.389514 0.129135
vt 0.384632 0.129680
vt 0.383735 0.118854
vt 0.383708 0.114994
vt 0.388585 0.114449
vt 0.389454 0.117844
vt 0.358811 0.054251
vt 0.352922 0.053430
vt 0.352367 0.048413
vt 0.358510 0.048370
vt 0.383902 0.454661
vt 0.383028 0.451229
vt 0.388807 0.450210
vt 0.388834 0.454112
vt 0.305348 0.044894
vt 0.273040 0.045400
vt 0.272991 0.038459
vt 0.306641 0.038222
vt 0.399057 0.181691
vt 0.399096 0.187291
vt 0.393732 0.187088
vt 0.393457 0.181731
vt 0.105677 0.950350
vt 0.111403 0.950094
vt 0.110563 0.955820
vt 0.105677 0.956330
vt 0.358803 0.337706
vt 0.358025 0.343265
vt 0.352478 0.344121
vt 0.354078 0.339372
vt 0.350546 0.203476
vt 0.350057 0.208495
vt 0.344181 0.209404
vt 0.344399 0.203519
vt 0.148261 0.960080
vt 0.152836 0.961662
vt 0.154414 0.966232
vt 0.149055 0.965443
vt 0.345397 0.671863
vt 0.346275 0.675291
vt 0.341355 0.677028
vt 0.339640 0.675337
vt 0.369753 0.465593
vt 0.363610 0.465637
vt 0.363829 0.459752
vt 0.369710 0.459450
vt 0.161688 0.960851
vt 0.167047 0.960062
vt 0.165469 0.964637
vt 0.160899 0.966214
vt 0.376122 0.675767
vt 0.371110 0.676322
vt 0.370218 0.672839
vt 0.376094 0.671800
vt 0.346648 0.659523
vt 0.344980 0.664467
vt 0.340060 0.666205
vt 0.340868 0.660413
vt 0.354220 0.134322
vt 0.355824 0.129574
vt 0.360549 0.127907
vt 0.359767 0.133466
vt 0.094268 0.950170
vt 0.099994 0.950426
vt 0.099994 0.956406
vt 0.095108 0.955896
vt 0.382969 0.442856
vt 0.383794 0.439413
vt 0.388734 0.439892
vt 0.388761 0.443794
vt 0.271726 0.752002
vt 0.244426 0.811499
vt 0.271726 0.811499
vt 0.847484 0.623999
vt 0.847484 0.564502
vt 0.820184 0.623999
vt 0.206308 0.939299
vt 0.209923 0.939299
vt 0.209013 0.944658
vt 0.205831 0.943869
vt 0.388537 0.103617
vt 0.389405 0.107007
vt 0.383686 0.108022
vt 0.383659 0.104157
vt 0.356451 0.587855
vt 0.356996 0.592788
vt 0.350955 0.592830
vt 0.350659 0.587047
vt 0.370314 0.686498
vt 0.370286 0.682532
vt 0.375298 0.681976
vt 0.376190 0.685459
vt 0.390407 0.616584
vt 0.389596 0.613407
vt 0.394953 0.612456
vt 0.394979 0.616074
vt 0.380299 0.165776
vt 0.380084 0.171559
vt 0.374301 0.171859
vt 0.374258 0.165819
vt 0.372962 0.399593
vt 0.378943 0.399551
vt 0.378728 0.405278
vt 0.373004 0.405574
vt 0.385799 0.696040
vt 0.385771 0.692073
vt 0.391661 0.693033
vt 0.390818 0.696529
vt 0.196050 0.939143
vt 0.199669 0.939143
vt 0.200147 0.943713
vt 0.196964 0.944501
vt 0.166315 0.979450
vt 0.171869 0.979696
vt 0.172115 0.985254
vt 0.166315 0.985254
vt 0.378810 0.416942
vt 0.373087 0.417238
vt 0.373044 0.411257
vt 0.379025 0.411215
vt 0.355929 0.144731
vt 0.354258 0.140005
vt 0.359817 0.140783
vt 0.360678 0.146330
vt 0.345011 0.467695
vt 0.343287 0.462821
vt 0.349023 0.463625
vt 0.349903 0.469344
vt 0.356870 0.598472
vt 0.356656 0.604259
vt 0.350615 0.604302
vt 0.351095 0.599361
vt 0.338796 0.503093
vt 0.330477 0.503704
vt 0.330428 0.496763
vt 0.339584 0.496424
vt 0.247300 0.926100
vt 0.243333 0.926100
vt 0.242809 0.921085
vt 0.246303 0.920217
vt 0.236584 0.172248
vt 0.239207 0.163911
vt 0.271511 0.162843
vt 0.270235 0.172011
vt 0.398899 0.198339
vt 0.393537 0.198614
vt 0.393498 0.193014
vt 0.399098 0.192974
vt 0.394228 0.622241
vt 0.395044 0.625418
vt 0.389688 0.626366
vt 0.389662 0.622747
vt 0.174330 0.910608
vt 0.179689 0.909819
vt 0.178111 0.914394
vt 0.173537 0.915972
vt 0.353538 0.455208
vt 0.353757 0.449420
vt 0.359798 0.449378
vt 0.359318 0.454314
vt 0.370517 0.225467
vt 0.364958 0.224685
vt 0.364428 0.219951
vt 0.370227 0.219911
vt 0.379149 0.428859
vt 0.373169 0.428901
vt 0.373384 0.423174
vt 0.379107 0.422879
vt 0.373208 0.434584
vt 0.378935 0.434799
vt 0.379231 0.440523
vt 0.373250 0.440565
vt 0.393423 0.464638
vt 0.398163 0.465101
vt 0.398189 0.468845
vt 0.392629 0.467942
vt 0.574757 0.783252
vt 0.574757 0.811499
vt 0.547457 0.811499
vt 0.547457 0.873999
vt 0.574757 0.845752
vt 0.574757 0.873999
vt 0.238022 0.376251
vt 0.243860 0.367886
vt 0.273208 0.366009
vt 0.270326 0.375183
vt 0.383618 0.097190
vt 0.383591 0.093325
vt 0.388473 0.092784
vt 0.389337 0.096175
vt 0.398211 0.477827
vt 0.392664 0.478808
vt 0.392637 0.475064
vt 0.397371 0.474534
vt 0.190935 0.915374
vt 0.187752 0.916167
vt 0.186174 0.911593
vt 0.187752 0.910015
vt 0.729275 0.373999
vt 0.756575 0.373999
vt 0.756575 0.314502
vt 0.847484 0.377002
vt 0.820184 0.436499
vt 0.847484 0.436499
vt 0.816180 0.563501
vt 0.788880 0.622998
vt 0.788880 0.563501
vt 0.817181 0.498999
vt 0.817181 0.439502
vt 0.789881 0.498999
vt 0.189889 0.939143
vt 0.190367 0.943713
vt 0.187184 0.944501
vt 0.186270 0.939143
vt 0.360688 0.592037
vt 0.360911 0.586152
vt 0.366792 0.585850
vt 0.366835 0.591993
vt 0.348971 0.451628
vt 0.349840 0.455022
vt 0.344966 0.456741
vt 0.343270 0.455069
vt 0.039315 0.936039
vt 0.040183 0.930156
vt 0.046061 0.929289
vt 0.044331 0.934305
vt 0.385978 0.588110
vt 0.386263 0.593662
vt 0.380464 0.593703
vt 0.380423 0.587904
vt 0.605060 0.752002
vt 0.605060 0.780249
vt 0.577760 0.780249
vt 0.574757 0.752002
vt 0.547457 0.780249
vt 0.574757 0.780249
vt 0.340949 0.648420
vt 0.346759 0.651812
vt 0.345068 0.653531
vt 0.340124 0.651859
vt 0.364630 0.212871
vt 0.364837 0.207315
vt 0.370641 0.207274
vt 0.370178 0.212015
vt 0.345087 0.640996
vt 0.340168 0.642733
vt 0.340981 0.636942
vt 0.346756 0.636052
vt 0.309070 0.345161
vt 0.276758 0.345115
vt 0.276709 0.338174
vt 0.306077 0.338519
vt 0.349702 0.439310
vt 0.348898 0.445041
vt 0.343178 0.445921
vt 0.344828 0.441028
vt 0.082860 0.956411
vt 0.082860 0.950430
vt 0.088585 0.950175
vt 0.087740 0.955900
vt 0.373314 0.446248
vt 0.379042 0.446463
vt 0.379337 0.452186
vt 0.373357 0.452228
vt 0.389750 0.635231
vt 0.390516 0.632043
vt 0.395094 0.632489
vt 0.395120 0.636103
vt 0.395105 0.642260
vt 0.395131 0.645879
vt 0.389761 0.645007
vt 0.390527 0.641819
vt 0.370552 0.194637
vt 0.370346 0.200192
vt 0.364542 0.200233
vt 0.365005 0.195493
vt 0.184753 0.935249
vt 0.179199 0.934999
vt 0.178953 0.929445
vt 0.184753 0.929445
vt 0.374266 0.177543
vt 0.380307 0.177501
vt 0.380349 0.183541
vt 0.374562 0.183322
vt 0.197006 0.911753
vt 0.198584 0.910171
vt 0.201767 0.915534
vt 0.198584 0.916323
vt 0.237810 0.155991
vt 0.236405 0.146842
vt 0.268721 0.147454
vt 0.271461 0.155754
vt 0.363521 0.452999
vt 0.363478 0.446857
vt 0.369363 0.447075
vt 0.369664 0.452956
vt 0.380393 0.195265
vt 0.374606 0.195051
vt 0.374310 0.189267
vt 0.380351 0.189225
vt 0.343046 0.426719
vt 0.347944 0.428369
vt 0.349662 0.433237
vt 0.343931 0.432438
vt 0.350710 0.190837
vt 0.350491 0.196721
vt 0.344344 0.196765
vt 0.344833 0.191745
vt 0.393519 0.209897
vt 0.393480 0.204297
vt 0.399080 0.204258
vt 0.398876 0.209623
vt 0.370600 0.187553
vt 0.364796 0.187594
vt 0.364511 0.182042
vt 0.370071 0.182819
vt 0.384382 0.086352
vt 0.383518 0.082957
vt 0.389236 0.081947
vt 0.389264 0.085807
vt 0.383462 0.075015
vt 0.383435 0.071155
vt 0.389167 0.072084
vt 0.388346 0.075491
vt 0.033632 0.934314
vt 0.031901 0.936049
vt 0.028408 0.930166
vt 0.031901 0.929299
vt 0.014664 0.985111
vt 0.014664 0.979511
vt 0.019233 0.979989
vt 0.020022 0.985348
vt 0.364547 0.085675
vt 0.364022 0.080942
vt 0.369822 0.080901
vt 0.370107 0.086452
vt 0.388474 0.301995
vt 0.382700 0.303014
vt 0.382672 0.299112
vt 0.387601 0.298563
vt 0.379378 0.457869
vt 0.379420 0.463850
vt 0.373439 0.463892
vt 0.373654 0.458165
vt 0.392733 0.488732
vt 0.392707 0.484988
vt 0.397441 0.484458
vt 0.398280 0.487751
vt 0.350454 0.178201
vt 0.350756 0.184082
vt 0.344866 0.183256
vt 0.344307 0.178244
vt 0.343848 0.420641
vt 0.342979 0.417246
vt 0.347853 0.415527
vt 0.349549 0.417199
vt 0.214123 0.748999
vt 0.241423 0.748999
vt 0.241423 0.720752
vt 0.337357 0.271938
vt 0.329830 0.266545
vt 0.338984 0.265872
vt 0.032660 0.985348
vt 0.028090 0.984870
vt 0.027301 0.979511
vt 0.032660 0.979748
vt 0.360716 0.152014
vt 0.359112 0.156762
vt 0.354386 0.158429
vt 0.355168 0.152869
vt 0.213991 0.916363
vt 0.208627 0.915574
vt 0.207839 0.910211
vt 0.212409 0.911789
vt 0.370304 0.174917
vt 0.364500 0.174958
vt 0.364963 0.170217
vt 0.370511 0.169361
vt 0.605060 0.814502
vt 0.605060 0.842749
vt 0.577760 0.842749
vt 0.574757 0.842749
vt 0.574757 0.814502
vt 0.547457 0.842749
vt 0.605060 0.377002
vt 0.605060 0.498999
vt 0.365638 0.498999
vt 0.605060 0.002002
vt 0.605060 0.248999
vt 0.486851 0.248999
vt 0.123214 0.498999
vt 0.241423 0.498999
vt 0.241423 0.252002
vt 0.123214 0.248999
vt 0.362635 0.127002
vt 0.362635 0.248999
vt 0.068420 0.891759
vt 0.035135 0.891759
vt 0.035135 0.472043
vt 0.068420 0.472043
vt 0.001845 0.891759
vt 0.001845 0.472043
vt 0.387556 0.292147
vt 0.382620 0.291668
vt 0.382593 0.287765
vt 0.388381 0.288703
vt 0.276870 0.360991
vt 0.276802 0.351453
vt 0.309110 0.350844
vt 0.306228 0.360024
vt 0.342890 0.409815
vt 0.344544 0.404918
vt 0.349413 0.403199
vt 0.348614 0.408930
vt 0.380509 0.575265
vt 0.386309 0.575224
vt 0.386350 0.581023
vt 0.380794 0.580817
vt 0.344452 0.395482
vt 0.342729 0.390613
vt 0.348464 0.391412
vt 0.349345 0.397131
vt 0.071451 0.956415
vt 0.072291 0.950690
vt 0.077176 0.950180
vt 0.077176 0.956160
vt 0.045298 0.985338
vt 0.040727 0.984860
vt 0.039939 0.979501
vt 0.045298 0.979738
vt 0.191590 0.929641
vt 0.197144 0.929887
vt 0.197390 0.935445
vt 0.191590 0.935445
vt 0.344816 0.170618
vt 0.344257 0.165606
vt 0.350400 0.165563
vt 0.350705 0.171444
vt 0.369508 0.434176
vt 0.369289 0.440061
vt 0.363408 0.440362
vt 0.363365 0.434220
vt 0.193991 0.421707
vt 0.193991 0.001992
vt 0.207228 0.001992
vt 0.207228 0.421707
vt 0.193991 0.841423
vt 0.207228 0.841423
vt 0.180758 0.841423
vt 0.180758 0.421707
vt 0.849486 0.747998
vt 0.849486 0.501001
vt 0.876786 0.501001
vt 0.268660 0.138917
vt 0.236355 0.139752
vt 0.237649 0.133080
vt 0.271300 0.132843
vt 0.394869 0.655179
vt 0.390297 0.655689
vt 0.389486 0.652512
vt 0.394843 0.651565
vt 0.354396 0.170483
vt 0.356000 0.165734
vt 0.360726 0.164068
vt 0.359944 0.169627
vt 0.374295 0.200992
vt 0.380336 0.200949
vt 0.380378 0.206990
vt 0.374591 0.206775
vt 0.271257 0.126869
vt 0.237607 0.127106
vt 0.236219 0.120453
vt 0.268533 0.120833
vt 0.399159 0.215541
vt 0.398960 0.220901
vt 0.393598 0.221180
vt 0.393559 0.215581
vt 0.356068 0.180892
vt 0.354397 0.176166
vt 0.359957 0.176943
vt 0.360817 0.182491
vt 0.388638 0.429529
vt 0.387808 0.432968
vt 0.382873 0.432488
vt 0.382845 0.428586
vt 0.233636 0.920217
vt 0.237126 0.921080
vt 0.236606 0.926100
vt 0.232639 0.926100
vt 0.243691 0.343848
vt 0.237735 0.335566
vt 0.270051 0.336174
vt 0.273062 0.345312
vt 0.350691 0.158806
vt 0.344802 0.157985
vt 0.344242 0.152968
vt 0.350389 0.152925
vt 0.394755 0.662250
vt 0.393989 0.665439
vt 0.389411 0.664993
vt 0.389385 0.661379
vt 0.399238 0.226824
vt 0.399278 0.232424
vt 0.393917 0.232221
vt 0.393638 0.226864
vt 0.204474 0.930043
vt 0.210028 0.929797
vt 0.210028 0.935602
vt 0.204228 0.935602
vt 0.276977 0.376214
vt 0.276910 0.366675
vt 0.306279 0.367229
vt 0.309290 0.376361
vt 0.342604 0.384541
vt 0.344258 0.379648
vt 0.349127 0.377930
vt 0.348327 0.383661
vt 0.968696 0.623999
vt 0.941396 0.623999
vt 0.968696 0.502002
vt 0.029302 0.689502
vt 0.002002 0.748999
vt 0.029302 0.748999
vt 0.153517 0.748999
vt 0.180817 0.748999
vt 0.180817 0.720752
vt 0.180817 0.627002
vt 0.153517 0.655249
vt 0.180817 0.655249
vt 0.222665 0.935601
vt 0.217112 0.935356
vt 0.216866 0.929797
vt 0.222665 0.929797
vt 0.389104 0.063683
vt 0.383385 0.064694
vt 0.383358 0.060834
vt 0.388235 0.060289
vt 0.065768 0.956419
vt 0.060887 0.955909
vt 0.060042 0.950184
vt 0.065768 0.950439
vt 0.393570 0.498650
vt 0.392730 0.495357
vt 0.398277 0.494376
vt 0.398303 0.498120
vt 0.356991 0.615726
vt 0.351200 0.614917
vt 0.350655 0.609985
vt 0.356696 0.609942
vt 0.374420 0.218756
vt 0.374377 0.212716
vt 0.380160 0.212930
vt 0.380460 0.218714
vt 0.373479 0.475556
vt 0.373437 0.469575
vt 0.379164 0.469790
vt 0.379460 0.475514
vt 0.389461 0.672068
vt 0.394817 0.671117
vt 0.394843 0.674735
vt 0.390272 0.675245
vt 0.398158 0.504793
vt 0.398185 0.508542
vt 0.392625 0.507639
vt 0.393418 0.504335
vt 0.226432 0.926100
vt 0.222465 0.926100
vt 0.223462 0.920217
vt 0.226956 0.921084
vt 0.393505 0.243748
vt 0.393704 0.238383
vt 0.399066 0.238109
vt 0.399105 0.243709
vt 0.235057 0.935356
vt 0.229503 0.935602
vt 0.229503 0.929798
vt 0.235303 0.929798
vt 0.343231 0.366814
vt 0.348980 0.370174
vt 0.347308 0.371870
vt 0.342410 0.370220
vt 0.336872 0.297845
vt 0.328557 0.299124
vt 0.329346 0.292455
vt 0.338500 0.291783
vt 0.356973 0.621409
vt 0.356498 0.626345
vt 0.350718 0.627235
vt 0.350932 0.621452
vt 0.322275 0.529558
vt 0.313114 0.529349
vt 0.313065 0.522408
vt 0.321392 0.522902
vt 0.242141 0.935602
vt 0.242141 0.929798
vt 0.247694 0.930048
vt 0.247940 0.935602
vt 0.015978 0.936049
vt 0.017709 0.931029
vt 0.022724 0.929299
vt 0.021861 0.935182
vt 0.344197 0.146214
vt 0.344686 0.141195
vt 0.350563 0.140286
vt 0.350340 0.146171
vt 0.341827 0.630084
vt 0.340112 0.628388
vt 0.345874 0.624914
vt 0.346747 0.628342
vt 0.380462 0.568427
vt 0.380421 0.562628
vt 0.385976 0.562834
vt 0.386261 0.568386
vt 0.010295 0.929310
vt 0.009427 0.935193
vt 0.003544 0.936060
vt 0.005279 0.931040
vt 0.226624 0.910367
vt 0.225047 0.914942
vt 0.220476 0.916519
vt 0.221266 0.911156
vt 0.817181 0.377002
vt 0.817181 0.436499
vt 0.789881 0.436499
vt 0.847484 0.877002
vt 0.729275 0.905249
vt 0.847484 0.905249
vt 0.138460 0.970171
vt 0.143824 0.969929
vt 0.143035 0.975293
vt 0.138460 0.975771
vt 0.383302 0.052892
vt 0.384117 0.049485
vt 0.389007 0.049961
vt 0.389034 0.053821
vt 0.340329 0.619262
vt 0.341138 0.613470
vt 0.346917 0.612580
vt 0.345249 0.617524
vt 0.847484 0.311499
vt 0.820184 0.311499
vt 0.847484 0.252002
vt 0.756575 0.252002
vt 0.756575 0.311499
vt 0.729275 0.311499
vt 0.127413 0.969929
vt 0.132777 0.970171
vt 0.132777 0.975771
vt 0.128202 0.975293
vt 0.309027 0.186965
vt 0.275380 0.187202
vt 0.276674 0.180530
vt 0.308978 0.180028
vt 0.401134 0.688861
vt 0.401175 0.694661
vt 0.395619 0.694454
vt 0.395329 0.688902
vt 0.387601 0.038628
vt 0.387628 0.042488
vt 0.382751 0.043033
vt 0.381883 0.039638
vt 0.007070 0.945640
vt 0.003576 0.946508
vt 0.001845 0.941493
vt 0.003576 0.939758
vt 0.380291 0.230439
vt 0.374250 0.230482
vt 0.374207 0.224441
vt 0.379995 0.224660
vt 0.309309 0.514158
vt 0.300447 0.514828
vt 0.296369 0.508194
vt 0.306585 0.508122
vt 0.374081 0.242208
vt 0.374039 0.236167
vt 0.380080 0.236124
vt 0.379861 0.241907
vt 0.370251 0.156725
vt 0.370536 0.162277
vt 0.364977 0.161500
vt 0.364447 0.156766
vt 0.385669 0.682132
vt 0.379865 0.682173
vt 0.379824 0.676373
vt 0.385379 0.676580
vt 0.392701 0.518505
vt 0.392675 0.514756
vt 0.397409 0.514231
vt 0.398249 0.517523
vt 0.176968 0.988952
vt 0.180587 0.988952
vt 0.179673 0.994311
vt 0.176490 0.993522
vt 0.048633 0.950185
vt 0.053519 0.950690
vt 0.054359 0.956420
vt 0.048633 0.956165
vt 0.410167 0.684881
vt 0.404797 0.684009
vt 0.405563 0.680821
vt 0.410141 0.681267
vt 0.324085 0.502024
vt 0.313869 0.502096
vt 0.317854 0.495405
vt 0.326724 0.495950
vt 0.514151 0.845752
vt 0.514151 0.873999
vt 0.486851 0.873999
vt 0.274729 0.686499
vt 0.302029 0.658252
vt 0.302029 0.686499
vt 0.342330 0.361072
vt 0.343134 0.355341
vt 0.348853 0.354456
vt 0.347204 0.359354
vt 0.019608 0.946508
vt 0.014593 0.944773
vt 0.012858 0.939758
vt 0.018741 0.940625
vt 0.378306 0.248117
vt 0.378602 0.253900
vt 0.372561 0.253943
vt 0.372519 0.247902
vt 0.373561 0.487219
vt 0.373519 0.481239
vt 0.379500 0.481197
vt 0.379285 0.486924
vt 0.353815 0.065853
vt 0.354034 0.059968
vt 0.360176 0.059925
vt 0.359687 0.064944
vt 0.937392 0.751001
vt 0.910092 0.751001
vt 0.910092 0.872998
vt 0.059605 0.752002
vt 0.032305 0.811499
vt 0.059605 0.811499
vt 0.175342 0.896189
vt 0.177045 0.891257
vt 0.181977 0.889550
vt 0.181128 0.895335
vt 0.729275 0.655249
vt 0.847484 0.655249
vt 0.847484 0.627002
vt 0.820184 0.561499
vt 0.847484 0.502002
vt 0.847484 0.561499
vt 0.392411 0.339871
vt 0.391567 0.336578
vt 0.397118 0.335597
vt 0.397145 0.339341
vt 0.382776 0.418738
vt 0.388554 0.417718
vt 0.388581 0.421620
vt 0.383649 0.422165
vt 0.382723 0.411339
vt 0.382696 0.407438
vt 0.387624 0.406888
vt 0.388502 0.410315
vt 0.057151 0.984860
vt 0.052576 0.985338
vt 0.052576 0.979738
vt 0.057940 0.979501
vt 0.025496 0.946497
vt 0.027226 0.941477
vt 0.032242 0.939746
vt 0.031379 0.945630
vt 0.373593 0.498883
vt 0.373808 0.493156
vt 0.379531 0.492861
vt 0.379574 0.498841
vt 0.280815 0.502698
vt 0.277804 0.493560
vt 0.310112 0.493713
vt 0.310180 0.503251
vt 0.386172 0.555749
vt 0.380372 0.555790
vt 0.380331 0.549990
vt 0.385887 0.550197
vt 0.183820 0.655249
vt 0.211120 0.655249
vt 0.211120 0.627002
vt 0.453544 0.627002
vt 0.426244 0.655249
vt 0.453544 0.655249
vt 0.398696 0.254759
vt 0.393334 0.255033
vt 0.393294 0.249433
vt 0.398895 0.249394
vt 0.037224 0.956165
vt 0.037224 0.950185
vt 0.042105 0.950695
vt 0.042950 0.956420
vt 0.065214 0.979500
vt 0.069789 0.979974
vt 0.070578 0.985337
vt 0.065214 0.985101
vt 0.577760 0.873999
vt 0.605060 0.873999
vt 0.605060 0.845752
vt 0.150514 0.689502
vt 0.123214 0.717749
vt 0.150514 0.717749
vt 0.356517 0.632877
vt 0.356814 0.638657
vt 0.351026 0.637848
vt 0.350477 0.632920
vt 0.381799 0.027836
vt 0.387532 0.028766
vt 0.386711 0.032173
vt 0.381826 0.031696
vt 0.363276 0.421582
vt 0.369420 0.421539
vt 0.369463 0.427682
vt 0.363578 0.427463
vt 0.382640 0.399528
vt 0.383465 0.396089
vt 0.388405 0.396565
vt 0.388433 0.400467
vt 0.286923 0.529323
vt 0.278053 0.528778
vt 0.286872 0.522053
vt 0.292777 0.523232
vt 0.083215 0.985337
vt 0.077852 0.985100
vt 0.077852 0.979500
vt 0.082426 0.979978
vt 0.215779 0.920217
vt 0.216781 0.926100
vt 0.212814 0.926100
vt 0.212290 0.921084
vt 0.383387 0.389670
vt 0.382509 0.386242
vt 0.388288 0.385218
vt 0.388315 0.389120
vt 0.202640 0.920061
vt 0.206607 0.920061
vt 0.205609 0.925944
vt 0.202120 0.925076
vt 0.380341 0.537352
vt 0.386140 0.537311
vt 0.386181 0.543111
vt 0.380626 0.542904
vt 0.349957 0.128519
vt 0.350516 0.133531
vt 0.344369 0.133575
vt 0.344068 0.127694
vt 0.397465 0.266287
vt 0.392100 0.266089
vt 0.391825 0.260727
vt 0.397426 0.260687
vt 0.397326 0.272208
vt 0.397600 0.277570
vt 0.392000 0.277609
vt 0.391961 0.272009
vt 0.370449 0.149640
vt 0.364890 0.148858
vt 0.364360 0.144124
vt 0.370164 0.144083
vt 0.353842 0.466675
vt 0.353541 0.460891
vt 0.359333 0.461704
vt 0.359882 0.466633
vt 0.397479 0.524154
vt 0.398318 0.527447
vt 0.392772 0.528428
vt 0.392745 0.524680
vt 0.356849 0.650126
vt 0.351062 0.649317
vt 0.350512 0.644385
vt 0.356553 0.644342
vt 0.354157 0.077418
vt 0.353855 0.071536
vt 0.359740 0.072362
vt 0.360299 0.077374
vt 0.192912 0.894677
vt 0.187980 0.896385
vt 0.188829 0.890599
vt 0.194614 0.889745
vt 0.385455 0.663942
vt 0.385745 0.669493
vt 0.379941 0.669534
vt 0.379900 0.663735
vt 0.313737 0.483404
vt 0.322600 0.482734
vt 0.326678 0.489368
vt 0.316462 0.489440
vt 0.343930 0.348423
vt 0.342229 0.346751
vt 0.347935 0.343310
vt 0.348799 0.346705
vt 0.241423 0.658252
vt 0.241423 0.686499
vt 0.214123 0.686499
vt 0.270725 0.688501
vt 0.243425 0.716748
vt 0.243425 0.688501
vt 0.379169 0.504783
vt 0.379464 0.510506
vt 0.373484 0.510548
vt 0.373441 0.504568
vt 0.388185 0.374386
vt 0.388213 0.378288
vt 0.383284 0.378838
vt 0.382407 0.375410
vt 0.369330 0.408902
vt 0.369111 0.414786
vt 0.363230 0.415088
vt 0.363187 0.408945
vt 0.343837 0.337591
vt 0.342137 0.335919
vt 0.347842 0.332478
vt 0.348706 0.335873
vt 0.336839 0.568151
vt 0.328516 0.567657
vt 0.327629 0.561001
vt 0.336790 0.561210
vt 0.405632 0.690597
vt 0.410210 0.691042
vt 0.410235 0.694661
vt 0.404866 0.693785
vt 0.150514 0.814502
vt 0.150514 0.873999
vt 0.123214 0.873999
vt 0.365638 0.873999
vt 0.392938 0.814502
vt 0.392938 0.873999
vt 0.346074 0.605734
vt 0.340299 0.606624
vt 0.341967 0.601680
vt 0.346887 0.599943
vt 0.379289 0.521916
vt 0.373566 0.522212
vt 0.373524 0.516231
vt 0.379504 0.516189
vt 0.350478 0.120894
vt 0.344331 0.120937
vt 0.344029 0.115056
vt 0.349919 0.115882
vt 0.396935 0.025935
vt 0.396119 0.029342
vt 0.391230 0.028866
vt 0.391203 0.025006
vt 0.370322 0.131449
vt 0.369859 0.136189
vt 0.364312 0.137045
vt 0.364523 0.131490
vt 0.038133 0.946487
vt 0.039001 0.940604
vt 0.044880 0.939737
vt 0.043149 0.944757
vt 0.353374 0.355352
vt 0.352518 0.349804
vt 0.357267 0.351403
vt 0.358933 0.356129
vt 0.025816 0.956430
vt 0.025816 0.950450
vt 0.031541 0.950194
vt 0.030697 0.955920
vt 0.272845 0.314621
vt 0.240531 0.314241
vt 0.237538 0.307600
vt 0.266906 0.308613
vt 0.397680 0.288853
vt 0.392080 0.288893
vt 0.392279 0.283532
vt 0.397640 0.283253
vt 0.382544 0.280836
vt 0.382517 0.276934
vt 0.388305 0.277872
vt 0.387480 0.281316
vt 0.239266 0.910367
vt 0.238473 0.915731
vt 0.233114 0.916520
vt 0.234691 0.911950
vt 0.346995 0.321651
vt 0.348691 0.323328
vt 0.342990 0.326765
vt 0.342121 0.323374
vt 0.363104 0.402451
vt 0.363061 0.396308
vt 0.369204 0.396264
vt 0.368985 0.402149
vt 0.363208 0.383929
vt 0.369089 0.383627
vt 0.369132 0.389770
vt 0.362989 0.389813
vt 0.095848 0.985096
vt 0.090489 0.985333
vt 0.091278 0.979974
vt 0.095848 0.979496
vt 0.392394 0.299933
vt 0.392120 0.294576
vt 0.397720 0.294536
vt 0.397759 0.300136
vt 0.346963 0.587304
vt 0.345295 0.592248
vt 0.340375 0.593985
vt 0.341188 0.588194
vt 0.514151 0.814502
vt 0.514151 0.842749
vt 0.486851 0.842749
vt 0.605060 0.811499
vt 0.605060 0.783252
vt 0.577760 0.811499
vt 0.388031 0.367972
vt 0.382239 0.367034
vt 0.383063 0.363590
vt 0.388004 0.364070
vt 0.847484 0.189502
vt 0.847484 0.248999
vt 0.820184 0.248999
vt 0.486851 0.373999
vt 0.514151 0.314502
vt 0.514151 0.373999
vt 0.342181 0.315938
vt 0.343835 0.311045
vt 0.348704 0.309327
vt 0.347905 0.315058
vt 0.191945 0.920883
vt 0.195434 0.920020
vt 0.196437 0.925903
vt 0.192469 0.925903
vt 0.344430 0.274933
vt 0.349298 0.273214
vt 0.348499 0.278945
vt 0.342780 0.279825
vt 0.340434 0.574713
vt 0.346226 0.575521
vt 0.347116 0.581300
vt 0.342172 0.579633
vt 0.181775 0.924880
vt 0.182295 0.919865
vt 0.186262 0.919865
vt 0.185264 0.925748
vt 0.274684 0.088460
vt 0.274617 0.078920
vt 0.308268 0.078683
vt 0.306992 0.087851
vt 0.107526 0.472043
vt 0.140816 0.472043
vt 0.140816 0.891759
vt 0.107526 0.891759
vt 0.074241 0.472043
vt 0.074241 0.891759
vt 0.074241 0.052328
vt 0.107526 0.001992
vt 0.364637 0.622998
vt 0.364637 0.501001
vt 0.604059 0.501001
vt 0.172602 0.919669
vt 0.176092 0.920532
vt 0.175567 0.925552
vt 0.171600 0.925552
vt 0.103916 0.979965
vt 0.108491 0.979491
vt 0.108491 0.985092
vt 0.103127 0.985328
vt 0.376619 0.533854
vt 0.370638 0.533897
vt 0.370596 0.527916
vt 0.376323 0.528131
vt 0.359034 0.368182
vt 0.353475 0.367405
vt 0.352619 0.361857
vt 0.357368 0.363457
vt 0.377554 0.699284
vt 0.382113 0.697674
vt 0.381362 0.703038
vt 0.376004 0.703865
vt 0.149513 0.688501
vt 0.122213 0.688501
vt 0.122213 0.716748
vt 0.332332 0.720752
vt 0.305032 0.748999
vt 0.332332 0.748999
vt 0.392835 0.537410
vt 0.393628 0.534106
vt 0.398369 0.534564
vt 0.398395 0.538313
vt 0.341389 0.568702
vt 0.340516 0.565270
vt 0.345436 0.563532
vt 0.347150 0.565224
vt 0.309116 0.199589
vt 0.276808 0.199538
vt 0.275420 0.192885
vt 0.309067 0.192648
vt 0.057521 0.939736
vt 0.056654 0.945619
vt 0.050771 0.946486
vt 0.052502 0.941466
vt 0.360331 0.083057
vt 0.359847 0.088076
vt 0.353970 0.088985
vt 0.354188 0.083101
vn -0.967599 -0.162800 0.193000
vn -0.969050 0.187490 -0.160592
vn -0.887819 -0.385908 -0.250705
vn -0.967599 -0.162800 0.193000
vn -0.876850 0.244286 0.414076
vn -0.969050 0.187490 -0.160592
vn -0.662903 0.030000 -0.748104
vn -0.586186 -0.691783 -0.421690
vn -0.837896 0.452598 -0.305099
vn -0.662903 0.030000 -0.748104
vn -0.199894 -0.689879 -0.695779
vn -0.586186 -0.691783 -0.421690
vn 0.969036 0.058002 -0.240009
vn 0.967964 0.183493 0.171394
vn 0.873289 -0.241397 0.423195
vn 0.969036 0.058002 -0.240009
vn 0.862181 0.451890 -0.228995
vn 0.967964 0.183493 0.171394
vn -0.406287 -0.879871 -0.246492
vn -0.247001 -0.880504 -0.404602
vn -0.133994 -0.969059 -0.207291
vn -0.406287 -0.879871 -0.246492
vn -0.177106 -0.967535 -0.180306
vn -0.247001 -0.880504 -0.404602
vn -0.593794 0.594594 0.542095
vn -0.518109 0.541209 0.662311
vn -0.178697 0.967485 0.178997
vn -0.593794 0.594594 0.542095
vn -0.480772 0.480672 0.733357
vn -0.518109 0.541209 0.662311
vn -0.648775 -0.648675 0.397885
vn -0.967791 -0.191098 0.163898
vn -0.706826 -0.707026 0.022601
vn -0.648775 -0.648675 0.397885
vn -0.663968 -0.517275 0.539974
vn -0.967791 -0.191098 0.163898
vn 0.967941 -0.170107 -0.184808
vn 0.969063 -0.045998 -0.242491
vn 0.868823 -0.434712 0.237006
vn 0.967941 -0.170107 -0.184808
vn 0.888111 0.250903 -0.385105
vn 0.969063 -0.045998 -0.242491
vn -0.059502 -0.998228 -0.000200
vn -0.369284 -0.927960 0.050198
vn -0.344308 -0.938822 0.008100
vn -0.059502 -0.998228 -0.000200
vn -0.058599 -0.997385 0.042299
vn -0.369284 -0.927960 0.050198
vn 0.663204 -0.517703 -0.540503
vn 0.850736 0.210909 -0.481420
vn 0.968089 -0.172598 -0.181698
vn 0.663204 -0.517703 -0.540503
vn 0.586900 0.229000 -0.776600
vn 0.850736 0.210909 -0.481420
vn -0.648810 -0.648810 0.397606
vn -0.176705 -0.968126 0.177505
vn -0.517611 -0.663514 0.540211
vn -0.648810 -0.648810 0.397606
vn -0.706826 -0.707026 0.022601
vn -0.176705 -0.968126 0.177505
vn 0.854826 -0.218407 0.470714
vn 0.663329 0.517522 0.540523
vn 0.728924 0.257008 0.634521
vn 0.854826 -0.218407 0.470714
vn 0.967869 0.189494 0.165295
vn 0.663329 0.517522 0.540523
vn -0.009299 -0.716956 0.697057
vn -0.662905 -0.029900 0.748106
vn -0.209599 -0.693198 0.689598
vn -0.009299 -0.716956 0.697057
vn 0.560403 -0.005000 0.828205
vn -0.662905 -0.029900 0.748106
vn 0.517703 0.540503 -0.663204
vn 0.594262 0.594062 -0.542165
vn 0.480217 0.480817 -0.733626
vn 0.517703 0.540503 -0.663204
vn 0.191702 0.967210 -0.166602
vn 0.594262 0.594062 -0.542165
vn 0.404315 -0.880634 0.247009
vn 0.707223 -0.706623 -0.022801
vn 0.680995 -0.680895 0.269498
vn 0.404315 -0.880634 0.247009
vn 0.185210 -0.967952 -0.169609
vn 0.707223 -0.706623 -0.022801
vn 0.384600 0.880699 -0.276500
vn 0.799299 0.590099 -0.113600
vn 0.586186 0.691783 -0.421690
vn 0.384600 0.880699 -0.276500
vn 0.367508 0.929120 -0.040901
vn 0.799299 0.590099 -0.113600
vn -0.967478 0.183796 0.173796
vn -0.679976 0.681876 0.269590
vn -0.866168 0.441484 0.234191
vn -0.967478 0.183796 0.173796
vn -0.594394 0.593994 0.542095
vn -0.679976 0.681876 0.269590
vn -0.179505 -0.175205 -0.968029
vn -0.022500 0.246002 -0.969008
vn 0.240586 -0.425176 -0.872550
vn -0.179505 -0.175205 -0.968029
vn -0.442804 0.233402 -0.865707
vn -0.022500 0.246002 -0.969008
vn -0.967235 0.190607 0.167706
vn -0.680494 0.681394 0.269498
vn -0.882588 0.399295 0.248197
vn -0.967235 0.190607 0.167706
vn -0.594333 0.593933 0.542230
vn -0.680494 0.681394 0.269498
vn 0.199990 -0.689866 0.695765
vn 0.560403 -0.005000 0.828205
vn -0.009299 -0.716956 0.697057
vn 0.199990 -0.689866 0.695765
vn 0.662907 0.029800 0.748108
vn 0.560403 -0.005000 0.828205
vn 0.517884 -0.540483 0.663079
vn 0.594165 -0.594065 0.542268
vn 0.480730 -0.480730 0.733346
vn 0.517884 -0.540483 0.663079
vn 0.191297 -0.967187 0.167198
vn 0.594165 -0.594065 0.542268
vn -0.049002 -0.866238 0.497222
vn -0.167997 -0.190097 0.967285
vn -0.517303 -0.664004 0.539903
vn -0.049002 -0.866238 0.497222
vn -0.242493 -0.419689 0.874676
vn -0.167997 -0.190097 0.967285
vn -0.889587 -0.251496 -0.381294
vn -0.663515 0.517712 -0.540113
vn -0.852905 0.108801 -0.510603
vn -0.889587 -0.251496 -0.381294
vn -0.968027 0.180105 -0.174605
vn -0.663515 0.517712 -0.540113
vn 0.539895 0.517196 -0.664094
vn 0.593794 0.594594 -0.542095
vn 0.967574 0.180495 -0.176695
vn 0.539895 0.517196 -0.664094
vn 0.480906 0.480306 -0.733509
vn 0.593794 0.594594 -0.542095
vn -0.238105 -0.869919 -0.431910
vn 0.517316 -0.663821 -0.540117
vn 0.185210 -0.967952 -0.169609
vn -0.238105 -0.869919 -0.431910
vn -0.156403 -0.530210 -0.833316
vn 0.517316 -0.663821 -0.540117
vn -0.708125 0.705725 -0.022601
vn -0.503789 0.842082 0.192596
vn -0.180498 0.968188 -0.173298
vn -0.708125 0.705725 -0.022601
vn -0.681513 0.680413 0.269405
vn -0.503789 0.842082 0.192596
vn -0.594333 0.593933 0.542230
vn -0.517189 0.539789 0.664186
vn -0.178805 0.967427 0.179205
vn -0.594333 0.593933 0.542230
vn -0.480283 0.480983 0.733474
vn -0.517189 0.539789 0.664186
vn -0.179697 -0.177997 0.967484
vn -0.765184 -0.237795 0.598287
vn -0.663388 -0.517690 0.540290
vn -0.179697 -0.177997 0.967484
vn -0.436889 -0.236094 0.867979
vn -0.765184 -0.237795 0.598287
vn 0.190106 0.967832 0.164805
vn 0.648810 0.648810 0.397606
vn 0.707676 0.706176 0.022599
vn 0.190106 0.967832 0.164805
vn 0.517897 0.662896 0.540697
vn 0.648810 0.648810 0.397606
vn 0.241707 -0.873727 0.422113
vn 0.404315 -0.880634 0.247009
vn 0.185905 -0.967324 0.172404
vn 0.241707 -0.873727 0.422113
vn 0.177901 -0.969006 -0.171401
vn 0.404315 -0.880634 0.247009
vn 0.182996 -0.175196 -0.967377
vn 0.586900 0.229000 -0.776600
vn 0.663204 -0.517703 -0.540503
vn 0.182996 -0.175196 -0.967377
vn 0.446775 -0.231587 -0.864152
vn 0.586900 0.229000 -0.776600
vn -0.185193 -0.172393 0.967463
vn -0.862211 -0.072701 0.501306
vn -0.663911 -0.517209 0.540109
vn -0.185193 -0.172393 0.967463
vn -0.456107 -0.226903 0.860512
vn -0.862211 -0.072701 0.501306
vn -0.169400 -0.969100 0.179300
vn 0.188208 -0.967843 -0.166907
vn 0.429688 -0.870776 0.238993
vn -0.169400 -0.969100 0.179300
vn -0.238909 -0.870834 -0.429617
vn 0.188208 -0.967843 -0.166907
vn 0.178707 0.178707 0.967537
vn -0.136999 0.520996 0.842493
vn 0.237792 0.432985 0.869470
vn 0.178707 0.178707 0.967537
vn 0.517897 0.662896 0.540697
vn -0.136999 0.520996 0.842493
vn -0.681594 -0.680294 -0.269498
vn -0.172598 -0.967387 -0.185398
vn -0.424708 -0.872717 -0.240805
vn -0.681594 -0.680294 -0.269498
vn -0.593994 -0.594394 -0.542095
vn -0.172598 -0.967387 -0.185398
vn -0.882588 0.399295 0.248197
vn -0.708022 0.705822 -0.022801
vn -0.968027 0.180105 -0.174605
vn -0.882588 0.399295 0.248197
vn -0.680494 0.681394 0.269498
vn -0.708022 0.705822 -0.022801
vn -0.586186 -0.691783 -0.421690
vn -0.987019 0.009800 0.160303
vn -0.837896 0.452598 -0.305099
vn -0.586186 -0.691783 -0.421690
vn -0.799308 -0.590106 -0.113501
vn -0.987019 0.009800 0.160303
vn -0.968057 -0.177192 0.177392
vn -0.969031 0.183806 -0.164905
vn -0.867645 -0.437772 -0.235685
vn -0.968057 -0.177192 0.177392
vn -0.868135 0.236209 0.436517
vn -0.969031 0.183806 -0.164905
vn -0.866168 0.441484 0.234191
vn -0.707924 0.705924 -0.022701
vn -0.968102 0.179800 -0.174500
vn -0.866168 0.441484 0.234191
vn -0.679976 0.681876 0.269590
vn -0.707924 0.705924 -0.022701
vn -0.401177 0.247786 -0.881850
vn -0.241190 0.423983 -0.872964
vn 0.186794 -0.161295 -0.969068
vn -0.401177 0.247786 -0.881850
vn -0.173699 0.183799 -0.967495
vn -0.241190 0.423983 -0.872964
vn 0.344308 0.938822 0.008100
vn 0.058903 0.997350 -0.042702
vn 0.059502 0.998228 -0.000200
vn 0.344308 0.938822 0.008100
vn 0.367508 0.929120 -0.040901
vn 0.058903 0.997350 -0.042702
vn 0.191297 -0.967187 0.167198
vn 0.680995 -0.680895 0.269498
vn 0.594165 -0.594065 0.542268
vn 0.191297 -0.967187 0.167198
vn 0.429688 -0.870776 0.238993
vn 0.680995 -0.680895 0.269498
vn -0.968102 0.179800 -0.174500
vn -0.648610 0.649010 -0.397606
vn -0.663296 0.517697 -0.540397
vn -0.968102 0.179800 -0.174500
vn -0.707924 0.705924 -0.022701
vn -0.648610 0.649010 -0.397606
vn 0.248797 0.396696 0.883591
vn -0.517189 0.539789 0.664186
vn -0.155998 0.200998 0.967091
vn 0.248797 0.396696 0.883591
vn 0.107402 0.853317 0.510210
vn -0.517189 0.539789 0.664186
vn 0.145905 -0.199207 -0.969035
vn 0.184602 0.170502 -0.967911
vn 0.397410 -0.248607 -0.883323
vn 0.145905 -0.199207 -0.969035
vn -0.238992 0.429087 -0.871073
vn 0.184602 0.170502 -0.967911
vn -0.653495 0.262398 -0.709994
vn -0.173699 0.183799 -0.967495
vn -0.401177 0.247786 -0.881850
vn -0.653495 0.262398 -0.709994
vn -0.663296 0.517697 -0.540397
vn -0.173699 0.183799 -0.967495
vn -0.593994 -0.594394 -0.542095
vn -0.517611 -0.540211 -0.663514
vn -0.172598 -0.967387 -0.185398
vn -0.593994 -0.594394 -0.542095
vn -0.480772 -0.480672 -0.733357
vn -0.517611 -0.540211 -0.663514
vn -0.881072 0.247292 0.403187
vn -0.866168 0.441484 0.234191
vn -0.969078 0.191596 0.155496
vn -0.881072 0.247292 0.403187
vn -0.967478 0.183796 0.173796
vn -0.866168 0.441484 0.234191
vn -0.209599 0.693098 -0.689698
vn -0.837896 0.452598 -0.305099
vn -0.526997 0.756795 -0.386698
vn -0.209599 0.693098 -0.689698
vn -0.662903 0.030000 -0.748104
vn -0.837896 0.452598 -0.305099
vn -0.793485 0.608589 -0.001000
vn -0.367508 0.929120 0.040901
vn -0.344308 0.938822 -0.008100
vn -0.793485 0.608589 -0.001000
vn -0.799308 0.590106 0.113501
vn -0.367508 0.929120 0.040901
vn -0.257889 -0.636973 -0.726470
vn 0.178794 -0.178994 -0.967468
vn 0.517583 -0.663478 -0.540282
vn -0.257889 -0.636973 -0.726470
vn 0.245801 -0.409002 -0.878805
vn 0.178794 -0.178994 -0.967468
vn -0.177502 0.176802 0.968109
vn -0.480571 0.480571 0.733555
vn -0.540803 0.517903 0.662804
vn -0.177502 0.176802 0.968109
vn -0.517903 0.540803 0.662804
vn -0.480571 0.480571 0.733555
vn 0.967466 0.180394 -0.177394
vn 0.681095 0.680795 -0.269498
vn 0.862181 0.451890 -0.228995
vn 0.967466 0.180394 -0.177394
vn 0.594097 0.594197 -0.542198
vn 0.681095 0.680795 -0.269498
vn 0.167794 0.187294 -0.967867
vn 0.480983 0.480283 -0.733474
vn 0.540369 0.517770 -0.663262
vn 0.167794 0.187294 -0.967867
vn 0.517217 0.539718 -0.664222
vn 0.480983 0.480283 -0.733474
vn 0.560403 -0.005000 0.828205
vn -0.200004 0.689914 0.695714
vn -0.662905 -0.029900 0.748106
vn 0.560403 -0.005000 0.828205
vn 0.009199 0.716956 0.697057
vn -0.200004 0.689914 0.695714
vn 0.967476 0.183995 -0.173596
vn 0.680012 0.681912 -0.269405
vn 0.861456 0.453677 -0.228188
vn 0.967476 0.183995 -0.173596
vn 0.594262 0.594062 -0.542165
vn 0.680012 0.681912 -0.269405
vn -0.181796 0.967477 0.175896
vn -0.033999 0.867778 0.495787
vn -0.232189 0.864660 0.445479
vn -0.181796 0.967477 0.175896
vn -0.517903 0.540803 0.662804
vn -0.033999 0.867778 0.495787
vn -0.681594 0.680294 0.269498
vn -0.178697 0.967485 0.178997
vn -0.426504 0.872008 0.240202
vn -0.681594 0.680294 0.269498
vn -0.593794 0.594594 0.542095
vn -0.178697 0.967485 0.178997
vn 0.517301 0.540401 -0.663601
vn 0.594397 0.593897 -0.542197
vn 0.480306 0.480906 -0.733509
vn 0.517301 0.540401 -0.663601
vn 0.182406 0.967433 -0.175506
vn 0.594397 0.593897 -0.542197
vn 0.000000 1.000000 0.000000
vn -0.333311 0.666622 0.666722
vn 0.999834 -0.000100 -0.018201
vn 0.000000 1.000000 0.000000
vn 0.000000 1.000000 -0.000300
vn -0.333311 0.666622 0.666722
vn -0.885973 0.340990 -0.314290
vn 0.000000 1.000000 -0.000300
vn 0.000000 1.000000 0.000000
vn -0.885973 0.340990 -0.314290
vn -0.993033 -0.002800 0.117804
vn 0.000000 1.000000 -0.000300
vn -0.842899 0.091700 -0.530200
vn 0.000000 1.000000 0.000000
vn -0.138699 0.990290 -0.009400
vn -0.842899 0.091700 -0.530200
vn -0.885973 0.340990 -0.314290
vn 0.000000 1.000000 0.000000
vn -0.138699 0.990290 -0.009400
vn 0.999834 -0.000100 -0.018201
vn 1.000000 0.000000 0.000000
vn -0.138699 0.990290 -0.009400
vn 0.000000 1.000000 0.000000
vn 0.999834 -0.000100 -0.018201
vn -0.968074 -0.176495 0.177995
vn -0.969078 0.191596 0.155496
vn -0.879942 -0.406120 -0.246512
vn -0.968074 -0.176495 0.177995
vn -0.881072 0.247292 0.403187
vn -0.969078 0.191596 0.155496
vn -0.867645 -0.437772 -0.235685
vn -0.889587 -0.251496 -0.381294
vn -0.967401 -0.173800 -0.184200
vn -0.867645 -0.437772 -0.235685
vn -0.969031 0.183806 -0.164905
vn -0.889587 -0.251496 -0.381294
vn 0.185210 -0.967952 -0.169609
vn 0.648929 -0.648929 -0.397218
vn 0.707223 -0.706623 -0.022801
vn 0.185210 -0.967952 -0.169609
vn 0.517316 -0.663821 -0.540117
vn 0.648929 -0.648929 -0.397218
vn 0.517217 0.539718 -0.664222
vn 0.594397 0.593897 -0.542197
vn 0.480983 0.480283 -0.733474
vn 0.517217 0.539718 -0.664222
vn 0.170693 0.967263 -0.187793
vn 0.594397 0.593897 -0.542197
vn -0.540582 -0.517783 -0.663078
vn -0.401177 0.247786 -0.881850
vn -0.179694 -0.174794 -0.968069
vn -0.540582 -0.517783 -0.663078
vn -0.653495 0.262398 -0.709994
vn -0.401177 0.247786 -0.881850
vn -0.887819 -0.385908 -0.250705
vn -0.871930 -0.240108 -0.426715
vn -0.967243 -0.169907 -0.188608
vn -0.887819 -0.385908 -0.250705
vn -0.969050 0.187490 -0.160592
vn -0.871930 -0.240108 -0.426715
vn 0.367508 0.929120 -0.040901
vn 0.097902 0.949216 -0.299005
vn 0.058903 0.997350 -0.042702
vn 0.367508 0.929120 -0.040901
vn 0.384600 0.880699 -0.276500
vn 0.097902 0.949216 -0.299005
vn -0.863024 0.230106 0.449712
vn -0.859988 0.457494 0.226097
vn -0.969132 0.136804 0.205107
vn -0.863024 0.230106 0.449712
vn -0.967479 0.181296 0.176396
vn -0.859988 0.457494 0.226097
vn -0.793527 -0.608521 0.004100
vn -0.987002 -0.009900 -0.160400
vn -0.900284 -0.189497 -0.391893
vn -0.793527 -0.608521 0.004100
vn -0.795973 -0.593880 0.117196
vn -0.987002 -0.009900 -0.160400
vn 0.429698 -0.238899 -0.870797
vn 0.540369 0.517770 -0.663262
vn 0.863608 -0.065401 -0.499904
vn 0.429698 -0.238899 -0.870797
vn 0.167794 0.187294 -0.967867
vn 0.540369 0.517770 -0.663262
vn 0.244891 -0.877666 0.411984
vn 0.417288 -0.875575 0.243393
vn 0.178994 -0.967468 0.178794
vn 0.244891 -0.877666 0.411984
vn -0.133994 -0.969059 -0.207291
vn 0.417288 -0.875575 0.243393
vn 0.882284 0.400093 -0.247995
vn 0.707924 0.705924 0.022701
vn 0.967692 0.191598 0.163899
vn 0.882284 0.400093 -0.247995
vn 0.680594 0.681294 -0.269498
vn 0.707924 0.705924 0.022701
vn -0.174697 0.179697 0.968086
vn -0.481018 0.480318 0.733428
vn -0.540326 0.517725 0.663332
vn -0.174697 0.179697 0.968086
vn -0.517202 0.540002 0.664003
vn -0.481018 0.480318 0.733428
vn 0.662907 0.029800 0.748108
vn 0.009199 0.716956 0.697057
vn 0.560403 -0.005000 0.828205
vn 0.662907 0.029800 0.748108
vn 0.209504 0.693212 0.689612
vn 0.009199 0.716956 0.697057
vn -0.167104 0.187605 0.967926
vn -0.480772 0.480672 0.733357
vn -0.540701 0.517501 0.663201
vn -0.167104 0.187605 0.967926
vn -0.518109 0.541209 0.662311
vn -0.480772 0.480672 0.733357
vn 0.680967 -0.680967 0.269387
vn 0.967464 -0.180893 0.176893
vn 0.594100 -0.594100 0.542300
vn 0.680967 -0.680967 0.269387
vn 0.875499 -0.417500 0.243300
vn 0.967464 -0.180893 0.176893
vn -0.866226 -0.234107 -0.441413
vn -0.663822 0.517417 -0.540018
vn -0.869085 0.016400 -0.494391
vn -0.866226 -0.234107 -0.441413
vn -0.967943 0.186089 -0.168690
vn -0.663822 0.517417 -0.540018
vn 0.540369 0.517770 -0.663262
vn 0.594397 0.593897 -0.542197
vn 0.967455 0.182492 -0.175292
vn 0.540369 0.517770 -0.663262
vn 0.480983 0.480283 -0.733474
vn 0.594397 0.593897 -0.542197
vn -0.845932 0.493918 0.201108
vn -0.708125 0.705725 -0.022601
vn -0.968121 0.179304 -0.174904
vn -0.845932 0.493918 0.201108
vn -0.681513 0.680413 0.269405
vn -0.708125 0.705725 -0.022601
vn -0.176705 -0.968126 0.177505
vn -0.060502 -0.969131 -0.239008
vn 0.217794 -0.854776 0.471087
vn -0.176705 -0.968126 0.177505
vn -0.471793 -0.854488 -0.217397
vn -0.060502 -0.969131 -0.239008
vn -0.517611 0.663514 -0.540211
vn 0.235811 0.867839 -0.437320
vn -0.119798 0.849086 -0.514491
vn -0.517611 0.663514 -0.540211
vn -0.176698 0.968091 -0.177698
vn 0.235811 0.867839 -0.437320
vn 0.181601 -0.172601 0.968106
vn 0.019899 0.245992 0.969068
vn -0.236409 -0.436016 0.868332
vn 0.181601 -0.172601 0.968106
vn 0.469801 0.218900 0.855202
vn 0.019899 0.245992 0.969068
vn -0.128698 0.210497 0.969086
vn -0.176994 0.176994 0.968167
vn -0.458780 -0.225490 0.859462
vn -0.128698 0.210497 0.969086
vn 0.237792 0.432985 0.869470
vn -0.176994 0.176994 0.968167
vn 0.517518 -0.663824 -0.539919
vn 0.663971 -0.517478 -0.539777
vn 0.648810 -0.648810 -0.397606
vn 0.517518 -0.663824 -0.539919
vn 0.178497 -0.179197 -0.967485
vn 0.663971 -0.517478 -0.539777
vn -0.231797 -0.590293 0.773191
vn 0.185905 -0.967324 0.172404
vn 0.517404 -0.539805 0.664006
vn -0.231797 -0.590293 0.773191
vn 0.241707 -0.873727 0.422113
vn 0.185905 -0.967324 0.172404
vn 0.480730 -0.480730 0.733346
vn 0.176606 -0.178106 0.968033
vn 0.517884 -0.540483 0.663079
vn 0.480730 -0.480730 0.733346
vn 0.540511 -0.517811 0.663114
vn 0.176606 -0.178106 0.968033
vn -0.456107 -0.226903 0.860512
vn -0.540701 0.517501 0.663201
vn -0.862211 -0.072701 0.501306
vn -0.456107 -0.226903 0.860512
vn -0.167104 0.187605 0.967926
vn -0.540701 0.517501 0.663201
vn -0.517570 -0.663662 0.540069
vn 0.244891 -0.877666 0.411984
vn -0.215211 -0.791641 0.571829
vn -0.517570 -0.663662 0.540069
vn -0.180393 -0.968065 0.174094
vn 0.244891 -0.877666 0.411984
vn 0.967485 0.184697 -0.172797
vn 0.680194 0.681694 -0.269498
vn 0.871664 0.427382 -0.239890
vn 0.967485 0.184697 -0.172797
vn 0.594397 0.593897 -0.542197
vn 0.680194 0.681694 -0.269498
vn -0.517611 -0.540211 -0.663514
vn 0.240586 -0.425176 -0.872550
vn -0.159395 -0.531583 -0.831873
vn -0.517611 -0.540211 -0.663514
vn -0.179505 -0.175205 -0.968029
vn 0.240586 -0.425176 -0.872550
vn 0.967964 0.183493 0.171394
vn 0.648810 0.648810 0.397606
vn 0.663206 0.517804 0.540405
vn 0.967964 0.183493 0.171394
vn 0.707676 0.706176 0.022599
vn 0.648810 0.648810 0.397606
vn 0.209489 -0.693164 -0.689665
vn 0.011700 -0.955180 -0.295794
vn 0.000600 -0.716986 -0.697087
vn 0.209489 -0.693164 -0.689665
vn 0.112601 -0.947206 -0.300202
vn 0.011700 -0.955180 -0.295794
vn -0.442804 0.233402 -0.865707
vn -0.242390 0.419983 -0.874564
vn -0.022500 0.246002 -0.969008
vn -0.442804 0.233402 -0.865707
vn -0.169897 0.188397 -0.967286
vn -0.242390 0.419983 -0.874564
vn -0.480807 -0.480707 -0.733311
vn -0.176992 -0.177592 -0.968057
vn -0.517684 -0.540183 -0.663480
vn -0.480807 -0.480707 -0.733311
vn -0.540211 -0.517611 -0.663514
vn -0.176992 -0.177592 -0.968057
vn 0.177098 -0.968092 -0.177298
vn 0.648926 -0.648626 -0.397716
vn 0.705677 -0.708177 -0.022499
vn 0.177098 -0.968092 -0.177298
vn 0.517583 -0.663478 -0.540282
vn 0.648926 -0.648626 -0.397716
vn 0.706923 -0.706923 -0.022801
vn 0.872566 -0.425084 0.240691
vn 0.680995 -0.680895 0.269498
vn 0.706923 -0.706923 -0.022801
vn 0.967843 -0.188208 -0.166907
vn 0.872566 -0.425084 0.240691
vn -0.858220 0.223205 0.462211
vn -0.845932 0.493918 0.201108
vn -0.968999 0.175400 -0.174000
vn -0.858220 0.223205 0.462211
vn -0.967363 0.185993 0.172093
vn -0.845932 0.493918 0.201108
vn 0.480784 -0.480784 0.733276
vn 0.177102 -0.177202 0.968109
vn 0.517404 -0.539805 0.664006
vn 0.480784 -0.480784 0.733276
vn 0.539911 -0.517411 0.663914
vn 0.177102 -0.177202 0.968109
vn -0.173699 0.183799 -0.967495
vn -0.119798 0.849086 -0.514491
vn -0.241190 0.423983 -0.872964
vn -0.173699 0.183799 -0.967495
vn -0.517611 0.663514 -0.540211
vn -0.119798 0.849086 -0.514491
vn -0.517611 -0.663514 0.540211
vn 0.217794 -0.854776 0.471087
vn -0.186493 -0.548080 0.815370
vn -0.517611 -0.663514 0.540211
vn -0.176705 -0.968126 0.177505
vn 0.217794 -0.854776 0.471087
vn -0.852905 0.108801 -0.510603
vn -0.165202 0.193402 -0.967111
vn -0.432704 0.237802 -0.869608
vn -0.852905 0.108801 -0.510603
vn -0.663515 0.517712 -0.540113
vn -0.165202 0.193402 -0.967111
vn -0.681594 -0.680294 -0.269498
vn -0.967243 -0.169907 -0.188608
vn -0.593994 -0.594394 -0.542095
vn -0.681594 -0.680294 -0.269498
vn -0.887819 -0.385908 -0.250705
vn -0.967243 -0.169907 -0.188608
vn -0.252295 -0.373692 0.892581
vn -0.458780 -0.225490 0.859462
vn -0.176002 -0.181502 0.967512
vn -0.252295 -0.373692 0.892581
vn -0.128698 0.210497 0.969086
vn -0.458780 -0.225490 0.859462
vn 0.125898 -0.516492 0.846986
vn -0.185193 -0.172393 0.967463
vn -0.517295 -0.663693 0.540294
vn 0.125898 -0.516492 0.846986
vn -0.236409 -0.436016 0.868332
vn -0.185193 -0.172393 0.967463
vn 0.540298 0.517798 -0.663297
vn 0.594262 0.594062 -0.542165
vn 0.967476 0.183995 -0.173596
vn 0.540298 0.517798 -0.663297
vn 0.480217 0.480817 -0.733626
vn 0.594262 0.594062 -0.542165
vn 0.769926 0.234408 -0.593520
vn 0.967485 0.184697 -0.172797
vn 0.879979 0.246594 -0.405990
vn 0.769926 0.234408 -0.593520
vn 0.540433 0.517731 -0.663240
vn 0.967485 0.184697 -0.172797
vn 0.900308 0.257102 -0.351203
vn 0.799251 -0.590164 0.113593
vn 0.793479 -0.608584 -0.004100
vn 0.900308 0.257102 -0.351203
vn 0.987003 0.009800 -0.160401
vn 0.799251 -0.590164 0.113593
vn -0.594394 0.593994 0.542095
vn -0.517202 0.540002 0.664003
vn -0.174401 0.967406 0.183601
vn -0.594394 0.593994 0.542095
vn -0.481018 0.480318 0.733428
vn -0.517202 0.540002 0.664003
vn 0.179797 -0.967484 0.177897
vn 0.681013 -0.680913 0.269405
vn 0.593962 -0.594362 0.542165
vn 0.179797 -0.967484 0.177897
vn 0.423911 -0.873022 0.241106
vn 0.681013 -0.680913 0.269405
vn -0.038500 0.867409 -0.496105
vn 0.191702 0.967210 -0.166602
vn 0.517703 0.540503 -0.663204
vn -0.038500 0.867409 -0.496105
vn 0.232810 0.865038 -0.444420
vn 0.191702 0.967210 -0.166602
vn -0.773548 0.231514 -0.589936
vn -0.181304 0.175604 -0.967622
vn -0.463571 0.222586 -0.857646
vn -0.773548 0.231514 -0.589936
vn -0.663729 0.517323 -0.540223
vn -0.181304 0.175604 -0.967622
vn 0.189403 0.168603 0.967316
vn -0.033999 0.867778 0.495787
vn 0.228208 0.453716 0.861431
vn 0.189403 0.168603 0.967316
vn 0.517310 0.663912 0.540010
vn -0.033999 0.867778 0.495787
vn 0.969063 -0.045998 -0.242491
vn 0.967692 0.191598 0.163899
vn 0.879103 -0.245901 0.408302
vn 0.969063 -0.045998 -0.242491
vn 0.882284 0.400093 -0.247995
vn 0.967692 0.191598 0.163899
vn 0.967465 -0.172594 0.184993
vn 0.728924 0.257008 0.634521
vn 0.540523 -0.517522 0.663329
vn 0.967465 -0.172594 0.184993
vn 0.854826 -0.218407 0.470714
vn 0.728924 0.257008 0.634521
vn 0.011800 0.955179 0.295794
vn -0.058897 0.997355 0.042598
vn -0.097905 0.949245 0.298914
vn 0.011800 0.955179 0.295794
vn -0.000400 0.999079 0.042899
vn -0.058897 0.997355 0.042598
vn -0.058599 -0.997385 0.042299
vn -0.266910 -0.944135 0.193307
vn -0.369284 -0.927960 0.050198
vn -0.058599 -0.997385 0.042299
vn -0.112601 -0.947206 0.300202
vn -0.266910 -0.944135 0.193307
vn -0.000400 0.999079 0.042899
vn -0.059601 0.998222 0.000200
vn -0.058897 0.997355 0.042598
vn -0.000400 0.999079 0.042899
vn 0.029200 0.998907 -0.036500
vn -0.059601 0.998222 0.000200
vn -0.247001 -0.880504 -0.404602
vn 0.517583 -0.663478 -0.540282
vn 0.173796 -0.968080 -0.180596
vn -0.247001 -0.880504 -0.404602
vn -0.257889 -0.636973 -0.726470
vn 0.517583 -0.663478 -0.540282
vn 0.434091 0.237195 0.869082
vn 0.248797 0.396696 0.883591
vn -0.172695 0.176295 0.969070
vn 0.434091 0.237195 0.869082
vn 0.169198 0.188998 0.967291
vn 0.248797 0.396696 0.883591
vn -0.126705 0.969041 -0.211909
vn 0.177306 0.968034 0.177406
vn 0.456296 0.860492 -0.226598
vn -0.126705 0.969041 -0.211909
vn -0.229206 0.862323 0.451512
vn 0.177306 0.968034 0.177406
vn -0.177106 -0.967535 -0.180306
vn -0.257889 -0.636973 -0.726470
vn -0.247001 -0.880504 -0.404602
vn -0.177106 -0.967535 -0.180306
vn -0.517690 -0.540290 -0.663388
vn -0.257889 -0.636973 -0.726470
vn 0.879979 0.246594 -0.405990
vn 0.871664 0.427382 -0.239890
vn 0.969061 0.085897 -0.231391
vn 0.879979 0.246594 -0.405990
vn 0.967485 0.184697 -0.172797
vn 0.871664 0.427382 -0.239890
vn -0.967778 -0.189696 0.165596
vn -0.968999 0.175400 -0.174000
vn -0.865890 -0.442395 -0.233497
vn -0.967778 -0.189696 0.165596
vn -0.858220 0.223205 0.462211
vn -0.968999 0.175400 -0.174000
vn 0.586186 0.691783 -0.421690
vn 0.987020 -0.009700 0.160303
vn 0.837871 -0.452584 -0.305189
vn 0.586186 0.691783 -0.421690
vn 0.799299 0.590099 -0.113600
vn 0.987020 -0.009700 0.160303
vn -0.707278 -0.706578 0.022499
vn -0.406287 -0.879871 -0.246492
vn -0.180393 -0.968065 0.174094
vn -0.707278 -0.706578 0.022499
vn -0.681031 -0.680931 -0.269312
vn -0.406287 -0.879871 -0.246492
vn 0.680985 -0.680985 0.269294
vn 0.967485 -0.178597 0.179097
vn 0.594006 -0.594006 0.542506
vn 0.680985 -0.680985 0.269294
vn 0.868823 -0.434712 0.237006
vn 0.967485 -0.178597 0.179097
vn 0.863608 -0.065401 -0.499904
vn 0.967455 0.182492 -0.175292
vn 0.888111 0.250903 -0.385105
vn 0.863608 -0.065401 -0.499904
vn 0.540369 0.517770 -0.663262
vn 0.967455 0.182492 -0.175292
vn -0.097905 0.949245 0.298914
vn -0.367508 0.929120 0.040901
vn -0.384815 0.880633 0.276410
vn -0.097905 0.949245 0.298914
vn -0.058897 0.997355 0.042598
vn -0.367508 0.929120 0.040901
vn 0.344308 -0.938822 -0.008100
vn 0.058903 -0.997350 0.042702
vn 0.059601 -0.998222 0.000200
vn 0.344308 -0.938822 -0.008100
vn 0.367508 -0.929120 0.040901
vn 0.058903 -0.997350 0.042702
vn -0.177893 -0.171093 -0.969062
vn 0.184495 0.169695 -0.968073
vn 0.419209 -0.242805 -0.874820
vn -0.177893 -0.171093 -0.969062
vn -0.215200 0.475300 -0.853100
vn 0.184495 0.169695 -0.968073
vn -0.594097 -0.594197 -0.542198
vn -0.540389 -0.517589 -0.663386
vn -0.480817 -0.480217 -0.733626
vn -0.594097 -0.594197 -0.542198
vn -0.966996 -0.195499 -0.163399
vn -0.540389 -0.517589 -0.663386
vn 0.517903 -0.540803 0.662804
vn 0.593962 -0.594362 0.542165
vn 0.481084 -0.480484 0.733276
vn 0.517903 -0.540803 0.662804
vn 0.179797 -0.967484 0.177897
vn 0.593962 -0.594362 0.542165
vn -0.174401 0.967406 0.183601
vn 0.047701 0.866318 0.497210
vn -0.237687 0.869553 0.432877
vn -0.174401 0.967406 0.183601
vn -0.517202 0.540002 0.664003
vn 0.047701 0.866318 0.497210
vn 0.058903 -0.997350 0.042702
vn -0.011800 -0.955179 0.295794
vn 0.000400 -0.999079 0.042899
vn 0.058903 -0.997350 0.042702
vn 0.098001 -0.949207 0.299002
vn -0.011800 -0.955179 0.295794
vn 0.663284 0.264194 0.700183
vn 0.175398 0.182198 0.967491
vn 0.405288 0.246693 0.880275
vn 0.663284 0.264194 0.700183
vn 0.663514 0.517611 0.540211
vn 0.175398 0.182198 0.967491
vn -0.170601 -0.183501 -0.968103
vn -0.177893 -0.171093 -0.969062
vn 0.237593 -0.433687 -0.869175
vn -0.170601 -0.183501 -0.968103
vn -0.463571 0.222586 -0.857646
vn -0.177893 -0.171093 -0.969062
vn -0.471793 -0.854488 -0.217397
vn -0.239400 -0.871299 -0.428399
vn -0.060502 -0.969131 -0.239008
vn -0.471793 -0.854488 -0.217397
vn -0.171104 -0.967324 -0.187105
vn -0.239400 -0.871299 -0.428399
vn -0.648929 0.648929 -0.397218
vn -0.180498 0.968188 -0.173298
vn -0.517602 0.663203 -0.540602
vn -0.648929 0.648929 -0.397218
vn -0.708125 0.705725 -0.022601
vn -0.180498 0.968188 -0.173298
vn 0.178794 -0.178994 -0.967468
vn 0.769926 0.234408 -0.593520
vn 0.663478 -0.517583 -0.540282
vn 0.178794 -0.178994 -0.967468
vn 0.414785 -0.244091 -0.876569
vn 0.769926 0.234408 -0.593520
vn -0.868884 0.020500 0.494591
vn -0.967363 0.185993 0.172093
vn -0.858220 0.223205 0.462211
vn -0.868884 0.020500 0.494591
vn -0.540282 0.517583 0.663478
vn -0.967363 0.185993 0.172093
vn -0.868135 0.236209 0.436517
vn -0.882588 0.399295 0.248197
vn -0.969031 0.183806 -0.164905
vn -0.868135 0.236209 0.436517
vn -0.967235 0.190607 0.167706
vn -0.882588 0.399295 0.248197
vn 0.987020 -0.009700 0.160303
vn 0.793479 -0.608584 -0.004100
vn 0.795973 -0.593880 -0.117196
vn 0.987020 -0.009700 0.160303
vn 0.900308 0.257102 -0.351203
vn 0.793479 -0.608584 -0.004100
vn -0.133994 -0.969059 -0.207291
vn 0.173796 -0.968080 -0.180596
vn 0.417288 -0.875575 0.243393
vn -0.133994 -0.969059 -0.207291
vn -0.247001 -0.880504 -0.404602
vn 0.173796 -0.968080 -0.180596
vn -0.190000 0.967803 -0.165100
vn -0.149903 0.969118 0.195804
vn 0.232810 0.865038 -0.444420
vn -0.190000 0.967803 -0.165100
vn -0.473107 0.853912 0.216803
vn -0.149903 0.969118 0.195804
vn -0.648810 -0.648810 0.397606
vn -0.967778 -0.189696 0.165596
vn -0.707674 -0.706174 0.022699
vn -0.648810 -0.648810 0.397606
vn -0.663388 -0.517690 0.540290
vn -0.967778 -0.189696 0.165596
vn -0.473107 0.853912 0.216803
vn -0.232189 0.864660 0.445479
vn -0.149903 0.969118 0.195804
vn -0.473107 0.853912 0.216803
vn -0.181796 0.967477 0.175896
vn -0.232189 0.864660 0.445479
vn 0.594165 -0.594065 0.542268
vn 0.540511 -0.517811 0.663114
vn 0.480730 -0.480730 0.733346
vn 0.594165 -0.594065 0.542268
vn 0.966998 -0.194900 0.164100
vn 0.540511 -0.517811 0.663114
vn -0.169897 0.188397 -0.967286
vn 0.255900 0.632000 -0.731500
vn -0.242390 0.419983 -0.874564
vn -0.169897 0.188397 -0.967286
vn -0.517202 0.664003 -0.540002
vn 0.255900 0.632000 -0.731500
vn -0.540326 0.517725 0.663332
vn -0.594394 0.593994 0.542095
vn -0.967478 0.183796 0.173796
vn -0.540326 0.517725 0.663332
vn -0.481018 0.480318 0.733428
vn -0.594394 0.593994 0.542095
vn -0.517792 -0.540191 -0.663389
vn 0.242804 -0.418806 -0.875013
vn -0.201706 -0.559916 -0.803623
vn -0.517792 -0.540191 -0.663389
vn -0.169098 -0.185998 -0.967890
vn 0.242804 -0.418806 -0.875013
vn -0.112601 -0.947206 0.300202
vn -0.526904 -0.756806 0.386803
vn -0.266910 -0.944135 0.193307
vn -0.112601 -0.947206 0.300202
vn -0.209599 -0.693198 0.689598
vn -0.526904 -0.756806 0.386803
vn -0.178698 -0.968090 0.175698
vn -0.213695 -0.969076 -0.123397
vn 0.240400 -0.872200 0.426000
vn -0.178698 -0.968090 0.175698
vn -0.424708 -0.872717 -0.240805
vn -0.213695 -0.969076 -0.123397
vn -0.480819 -0.480819 -0.733230
vn -0.170601 -0.183501 -0.968103
vn -0.517589 -0.540389 -0.663386
vn -0.480819 -0.480819 -0.733230
vn -0.540610 -0.517709 -0.663112
vn -0.170601 -0.183501 -0.968103
vn -0.238992 0.429087 -0.871073
vn 0.517703 0.540503 -0.663204
vn 0.184602 0.170502 -0.967911
vn -0.238992 0.429087 -0.871073
vn -0.038500 0.867409 -0.496105
vn 0.517703 0.540503 -0.663204
vn 0.446775 -0.231587 -0.864152
vn 0.539895 0.517196 -0.664094
vn 0.586900 0.229000 -0.776600
vn 0.446775 -0.231587 -0.864152
vn 0.167901 0.187502 -0.967808
vn 0.539895 0.517196 -0.664094
vn 0.000000 0.000000 -1.000000
vn -0.842899 0.091700 -0.530200
vn -0.138699 0.990290 -0.009400
vn 0.000000 0.000000 -1.000000
vn -0.461928 0.055903 -0.885154
vn -0.842899 0.091700 -0.530200
vn -0.363910 -0.928724 -0.071002
vn -0.461928 0.055903 -0.885154
vn 0.000000 0.000000 -1.000000
vn -0.363910 -0.928724 -0.071002
vn -0.993033 0.002800 -0.117804
vn -0.461928 0.055903 -0.885154
vn -0.333311 -0.666622 -0.666722
vn 0.000000 0.000000 -1.000000
vn 0.999717 0.023800 0.000000
vn -0.333311 -0.666622 -0.666722
vn -0.363910 -0.928724 -0.071002
vn 0.000000 0.000000 -1.000000
vn 0.999717 0.023800 0.000000
vn -0.138699 0.990290 -0.009400
vn 1.000000 0.000000 0.000000
vn 0.999717 0.023800 0.000000
vn 0.000000 0.000000 -1.000000
vn -0.138699 0.990290 -0.009400
vn 0.517316 -0.663821 -0.540117
vn 0.663912 -0.517310 -0.540010
vn 0.648929 -0.648929 -0.397218
vn 0.517316 -0.663821 -0.540117
vn 0.178396 -0.178796 -0.967578
vn 0.663912 -0.517310 -0.540010
vn -0.184497 -0.967984 0.170197
vn -0.169400 -0.969100 0.179300
vn 0.235989 -0.867861 0.437180
vn -0.184497 -0.967984 0.170197
vn -0.449493 -0.863087 -0.230297
vn -0.169400 -0.969100 0.179300
vn 0.594100 -0.594100 0.542300
vn 0.539911 -0.517411 0.663914
vn 0.480784 -0.480784 0.733276
vn 0.594100 -0.594100 0.542300
vn 0.967241 -0.188708 0.169807
vn 0.539911 -0.517411 0.663914
vn -0.663296 0.517697 -0.540397
vn -0.517611 0.663514 -0.540211
vn -0.173699 0.183799 -0.967495
vn -0.663296 0.517697 -0.540397
vn -0.648610 0.649010 -0.397606
vn -0.517611 0.663514 -0.540211
vn -0.681313 -0.680613 -0.269405
vn -0.184104 -0.967418 -0.173803
vn -0.454312 -0.861223 -0.227806
vn -0.681313 -0.680613 -0.269405
vn -0.594133 -0.594133 -0.542230
vn -0.184104 -0.967418 -0.173803
vn 0.369286 0.927965 0.050098
vn 0.059502 0.998228 -0.000200
vn 0.058599 0.997385 0.042299
vn 0.369286 0.927965 0.050098
vn 0.344308 0.938822 0.008100
vn 0.059502 0.998228 -0.000200
vn -0.706826 -0.707026 0.022601
vn -0.471793 -0.854488 -0.217397
vn -0.176705 -0.968126 0.177505
vn -0.706826 -0.707026 0.022601
vn -0.680985 -0.680985 -0.269294
vn -0.471793 -0.854488 -0.217397
vn -0.243897 0.969088 -0.037200
vn 0.177105 0.968126 0.177105
vn 0.421819 0.873840 -0.241811
vn -0.243897 0.969088 -0.037200
vn -0.240004 0.871816 0.427008
vn 0.177105 0.968126 0.177105
vn 0.837871 -0.452584 -0.305189
vn 0.795973 -0.593880 -0.117196
vn 0.526997 -0.756795 -0.386698
vn 0.837871 -0.452584 -0.305189
vn 0.987020 -0.009700 0.160303
vn 0.795973 -0.593880 -0.117196
vn 0.169198 0.188998 0.967291
vn 0.107402 0.853317 0.510210
vn 0.248797 0.396696 0.883591
vn 0.169198 0.188998 0.967291
vn 0.517690 0.663388 0.540290
vn 0.107402 0.853317 0.510210
vn -0.967243 -0.169907 -0.188608
vn -0.848608 0.121401 -0.514905
vn -0.540002 -0.517202 -0.664003
vn -0.967243 -0.169907 -0.188608
vn -0.871930 -0.240108 -0.426715
vn -0.848608 0.121401 -0.514905
vn 0.240400 -0.872200 0.426000
vn 0.423911 -0.873022 0.241106
vn 0.179797 -0.967484 0.177897
vn 0.240400 -0.872200 0.426000
vn -0.213695 -0.969076 -0.123397
vn 0.423911 -0.873022 0.241106
vn 0.059502 0.998228 -0.000200
vn 0.000400 0.999079 -0.042899
vn 0.029200 0.998907 -0.036500
vn 0.059502 0.998228 -0.000200
vn 0.058903 0.997350 -0.042702
vn 0.000400 0.999079 -0.042899
vn -0.180393 -0.968065 0.174094
vn -0.133994 -0.969059 -0.207291
vn 0.244891 -0.877666 0.411984
vn -0.180393 -0.968065 0.174094
vn -0.406287 -0.879871 -0.246492
vn -0.133994 -0.969059 -0.207291
vn 0.384781 -0.880656 0.276386
vn 0.199990 -0.689866 0.695765
vn 0.098001 -0.949207 0.299002
vn 0.384781 -0.880656 0.276386
vn 0.586186 -0.691783 0.421690
vn 0.199990 -0.689866 0.695765
vn 0.176895 -0.177595 0.968074
vn 0.035199 0.244291 0.969063
vn -0.245301 -0.410802 0.878105
vn 0.176895 -0.177595 0.968074
vn 0.405288 0.246693 0.880275
vn 0.035199 0.244291 0.969063
vn 0.663970 0.517377 0.539876
vn 0.517310 0.663912 0.540010
vn 0.189403 0.168603 0.967316
vn 0.663970 0.517377 0.539876
vn 0.648717 0.648717 0.397910
vn 0.517310 0.663912 0.540010
vn 0.178396 -0.178796 -0.967578
vn 0.531032 0.158210 -0.832451
vn 0.663912 -0.517310 -0.540010
vn 0.178396 -0.178796 -0.967578
vn 0.419209 -0.242805 -0.874820
vn 0.531032 0.158210 -0.832451
vn 0.418714 0.875028 -0.242908
vn 0.706978 0.706878 0.022499
vn 0.680012 0.681912 -0.269405
vn 0.418714 0.875028 -0.242908
vn 0.192493 0.967667 0.162994
vn 0.706978 0.706878 0.022499
vn -0.663388 -0.517690 0.540290
vn -0.858220 0.223205 0.462211
vn -0.967778 -0.189696 0.165596
vn -0.663388 -0.517690 0.540290
vn -0.868884 0.020500 0.494591
vn -0.858220 0.223205 0.462211
vn 0.367508 -0.929120 0.040901
vn 0.098001 -0.949207 0.299002
vn 0.058903 -0.997350 0.042702
vn 0.367508 -0.929120 0.040901
vn 0.384781 -0.880656 0.276386
vn 0.098001 -0.949207 0.299002
vn 0.663912 -0.517310 -0.540010
vn 0.873650 0.241614 -0.422324
vn 0.967872 -0.186095 -0.169095
vn 0.663912 -0.517310 -0.540010
vn 0.531032 0.158210 -0.832451
vn 0.873650 0.241614 -0.422324
vn -0.517202 0.664003 -0.540002
vn 0.231101 0.863803 -0.447702
vn 0.255900 0.632000 -0.731500
vn -0.517202 0.664003 -0.540002
vn -0.176698 0.968091 -0.177698
vn 0.231101 0.863803 -0.447702
vn -0.967479 0.181296 0.176396
vn -0.680923 0.680923 0.269609
vn -0.859988 0.457494 0.226097
vn -0.967479 0.181296 0.176396
vn -0.594291 0.594191 0.541992
vn -0.680923 0.680923 0.269609
vn -0.871930 -0.240108 -0.426715
vn -0.663821 0.517316 -0.540117
vn -0.848608 0.121401 -0.514905
vn -0.871930 -0.240108 -0.426715
vn -0.967914 0.186503 -0.168402
vn -0.663821 0.517316 -0.540117
vn 0.171203 0.183403 -0.968015
vn 0.480306 0.480906 -0.733509
vn 0.540433 0.517731 -0.663240
vn 0.171203 0.183403 -0.968015
vn 0.517301 0.540401 -0.663601
vn 0.480306 0.480906 -0.733509
vn -0.707278 -0.706578 0.022499
vn -0.879942 -0.406120 -0.246512
vn -0.681031 -0.680931 -0.269312
vn -0.707278 -0.706578 0.022499
vn -0.968074 -0.176495 0.177995
vn -0.879942 -0.406120 -0.246512
vn 0.417288 -0.875575 0.243393
vn 0.706976 -0.706876 -0.022599
vn 0.680967 -0.680967 0.269387
vn 0.417288 -0.875575 0.243393
vn 0.173796 -0.968080 -0.180596
vn 0.706976 -0.706876 -0.022599
vn -0.594003 -0.594103 -0.542403
vn -0.517684 -0.540183 -0.663480
vn -0.171104 -0.967324 -0.187105
vn -0.594003 -0.594103 -0.542403
vn -0.480807 -0.480707 -0.733311
vn -0.517684 -0.540183 -0.663480
vn -0.648884 -0.648684 0.397690
vn -0.968074 -0.176495 0.177995
vn -0.707278 -0.706578 0.022499
vn -0.648884 -0.648684 0.397690
vn -0.663260 -0.517669 0.540467
vn -0.968074 -0.176495 0.177995
vn 0.167901 0.187502 -0.967808
vn 0.480906 0.480306 -0.733509
vn 0.539895 0.517196 -0.664094
vn 0.167901 0.187502 -0.967808
vn 0.517798 0.540298 -0.663297
vn 0.480906 0.480306 -0.733509
vn -0.238909 -0.870834 -0.429617
vn 0.517196 -0.664094 -0.539895
vn 0.188208 -0.967843 -0.166907
vn -0.238909 -0.870834 -0.429617
vn -0.201706 -0.559916 -0.803623
vn 0.517196 -0.664094 -0.539895
vn 0.182406 0.967433 -0.175506
vn 0.680194 0.681694 -0.269498
vn 0.594397 0.593897 -0.542197
vn 0.182406 0.967433 -0.175506
vn 0.427100 0.871799 -0.239900
vn 0.680194 0.681694 -0.269498
vn 0.663206 0.517804 0.540405
vn 0.517897 0.662896 0.540697
vn 0.178707 0.178707 0.967537
vn 0.663206 0.517804 0.540405
vn 0.648810 0.648810 0.397606
vn 0.517897 0.662896 0.540697
vn -0.662905 -0.029900 0.748106
vn -0.586186 0.691783 0.421690
vn -0.837871 -0.452584 0.305189
vn -0.662905 -0.029900 0.748106
vn -0.200004 0.689914 0.695714
vn -0.586186 0.691783 0.421690
vn 0.245801 -0.409002 -0.878805
vn 0.414785 -0.244091 -0.876569
vn 0.178794 -0.178994 -0.967468
vn 0.245801 -0.409002 -0.878805
vn 0.186794 -0.161295 -0.969068
vn 0.414785 -0.244091 -0.876569
vn 0.097902 0.949216 -0.299005
vn -0.009099 0.716957 -0.697058
vn -0.011900 0.955178 -0.295793
vn 0.097902 0.949216 -0.299005
vn 0.199894 0.689879 -0.695779
vn -0.009099 0.716957 -0.697058
vn -0.181997 0.176197 -0.967384
vn -0.038500 0.867409 -0.496105
vn -0.238992 0.429087 -0.871073
vn -0.181997 0.176197 -0.967384
vn -0.517282 0.663877 -0.540081
vn -0.038500 0.867409 -0.496105
vn 0.059601 -0.998222 0.000200
vn 0.000400 -0.999079 0.042899
vn 0.016400 -0.998906 -0.043800
vn 0.059601 -0.998222 0.000200
vn 0.058903 -0.997350 0.042702
vn 0.000400 -0.999079 0.042899
vn -0.517804 -0.663206 0.540405
vn -0.663388 -0.517690 0.540290
vn -0.648810 -0.648810 0.397606
vn -0.517804 -0.663206 0.540405
vn -0.176002 -0.181502 0.967512
vn -0.663388 -0.517690 0.540290
vn 0.850736 0.210909 -0.481420
vn 0.869158 0.433779 -0.237488
vn 0.969095 0.243699 0.038300
vn 0.850736 0.210909 -0.481420
vn 0.967574 0.180495 -0.176695
vn 0.869158 0.433779 -0.237488
vn -0.186493 -0.548080 0.815370
vn -0.179697 -0.177997 0.967484
vn -0.517611 -0.663514 0.540211
vn -0.186493 -0.548080 0.815370
vn -0.237802 -0.432704 0.869608
vn -0.179697 -0.177997 0.967484
vn 0.799299 0.590099 -0.113600
vn 0.900308 0.257102 -0.351203
vn 0.987020 -0.009700 0.160303
vn 0.799299 0.590099 -0.113600
vn 0.793479 0.608584 0.004100
vn 0.900308 0.257102 -0.351203
vn 0.000600 -0.716986 -0.697087
vn -0.098004 -0.949235 -0.298911
vn -0.199894 -0.689879 -0.695779
vn 0.000600 -0.716986 -0.697087
vn 0.011700 -0.955180 -0.295794
vn -0.098004 -0.949235 -0.298911
vn -0.966996 -0.195499 -0.163399
vn -0.869085 0.016400 -0.494391
vn -0.540389 -0.517589 -0.663386
vn -0.966996 -0.195499 -0.163399
vn -0.866226 -0.234107 -0.441413
vn -0.869085 0.016400 -0.494391
vn -0.663591 0.264196 0.699891
vn -0.967478 0.183796 0.173796
vn -0.881072 0.247292 0.403187
vn -0.663591 0.264196 0.699891
vn -0.540326 0.517725 0.663332
vn -0.967478 0.183796 0.173796
vn -0.178697 0.967485 0.178997
vn -0.256896 0.634491 0.728989
vn -0.240004 0.871816 0.427008
vn -0.178697 0.967485 0.178997
vn -0.518109 0.541209 0.662311
vn -0.256896 0.634491 0.728989
vn 0.429688 -0.870776 0.238993
vn 0.706923 -0.706923 -0.022801
vn 0.680995 -0.680895 0.269498
vn 0.429688 -0.870776 0.238993
vn 0.188208 -0.967843 -0.166907
vn 0.706923 -0.706923 -0.022801
vn -0.680985 -0.680985 -0.269294
vn -0.171104 -0.967324 -0.187105
vn -0.471793 -0.854488 -0.217397
vn -0.680985 -0.680985 -0.269294
vn -0.594003 -0.594103 -0.542403
vn -0.171104 -0.967324 -0.187105
vn -0.213695 -0.969076 -0.123397
vn 0.177098 -0.968092 -0.177298
vn 0.423911 -0.873022 0.241106
vn -0.213695 -0.969076 -0.123397
vn -0.230805 -0.863619 -0.448210
vn 0.177098 -0.968092 -0.177298
vn -0.236892 0.969068 -0.069198
vn 0.177292 0.968057 0.177292
vn 0.427100 0.871799 -0.239900
vn -0.236892 0.969068 -0.069198
vn -0.237687 0.869553 0.432877
vn 0.177292 0.968057 0.177292
vn 0.164596 0.193595 0.967176
vn -0.256896 0.634491 0.728989
vn 0.240213 0.426623 0.871947
vn 0.164596 0.193595 0.967176
vn 0.517008 0.664311 0.539809
vn -0.256896 0.634491 0.728989
vn 0.236304 0.436507 0.868114
vn -0.517202 0.540002 0.664003
vn -0.174697 0.179697 0.968086
vn 0.236304 0.436507 0.868114
vn 0.047701 0.866318 0.497210
vn -0.517202 0.540002 0.664003
vn -0.367510 -0.929124 -0.040801
vn -0.793527 -0.608521 0.004100
vn -0.799308 -0.590106 -0.113501
vn -0.367510 -0.929124 -0.040801
vn -0.344308 -0.938822 0.008100
vn -0.793527 -0.608521 0.004100
vn -0.648810 -0.648810 0.397606
vn -0.968057 -0.177192 0.177392
vn -0.706826 -0.707026 0.022601
vn -0.648810 -0.648810 0.397606
vn -0.663388 -0.517690 0.540290
vn -0.968057 -0.177192 0.177392
vn 0.869312 -0.237603 0.433406
vn 0.663970 0.517377 0.539876
vn 0.858282 0.090198 0.505189
vn 0.869312 -0.237603 0.433406
vn 0.968016 0.183303 0.171303
vn 0.663970 0.517377 0.539876
vn 0.192493 0.967667 0.162994
vn 0.648717 0.648717 0.397910
vn 0.706978 0.706878 0.022499
vn 0.192493 0.967667 0.162994
vn 0.517310 0.663912 0.540010
vn 0.648717 0.648717 0.397910
vn 0.540495 0.517596 -0.663294
vn 0.594097 0.594197 -0.542198
vn 0.967466 0.180394 -0.177394
vn 0.540495 0.517596 -0.663294
vn 0.480819 0.480819 -0.733230
vn 0.594097 0.594197 -0.542198
vn -0.184104 -0.967418 -0.173803
vn -0.156403 -0.530210 -0.833316
vn -0.238105 -0.869919 -0.431910
vn -0.184104 -0.967418 -0.173803
vn -0.517589 -0.540389 -0.663386
vn -0.156403 -0.530210 -0.833316
vn 0.233612 0.969049 0.079804
vn 0.190106 0.967832 0.164805
vn 0.454014 0.861327 -0.228007
vn 0.233612 0.969049 0.079804
vn -0.218797 0.855287 0.469693
vn 0.190106 0.967832 0.164805
vn 0.540511 -0.517811 0.663114
vn 0.418300 0.243000 0.875201
vn 0.176606 -0.178106 0.968033
vn 0.540511 -0.517811 0.663114
vn 0.858282 0.090198 0.505189
vn 0.418300 0.243000 0.875201
vn -0.540002 -0.517202 -0.664003
vn -0.442804 0.233402 -0.865707
vn -0.179505 -0.175205 -0.968029
vn -0.540002 -0.517202 -0.664003
vn -0.848608 0.121401 -0.514905
vn -0.442804 0.233402 -0.865707
vn 0.517196 -0.664094 -0.539895
vn 0.664094 -0.517196 -0.539895
vn 0.648726 -0.648826 -0.397716
vn 0.517196 -0.664094 -0.539895
vn 0.179909 -0.178509 -0.967351
vn 0.664094 -0.517196 -0.539895
vn -0.241190 0.423983 -0.872964
vn 0.517301 0.540401 -0.663601
vn 0.171203 0.183403 -0.968015
vn -0.241190 0.423983 -0.872964
vn -0.119798 0.849086 -0.514491
vn 0.517301 0.540401 -0.663601
vn -0.540397 0.517697 0.663296
vn -0.594333 0.593933 0.542230
vn -0.967235 0.190607 0.167706
vn -0.540397 0.517697 0.663296
vn -0.480283 0.480983 0.733474
vn -0.594333 0.593933 0.542230
vn 0.185905 -0.967324 0.172404
vn 0.680995 -0.680895 0.269498
vn 0.594100 -0.594100 0.542300
vn 0.185905 -0.967324 0.172404
vn 0.404315 -0.880634 0.247009
vn 0.680995 -0.680895 0.269498
vn -0.175599 -0.181999 0.967492
vn -0.663591 0.264196 0.699891
vn -0.663260 -0.517669 0.540467
vn -0.175599 -0.181999 0.967492
vn -0.407117 -0.246311 0.879538
vn -0.663591 0.264196 0.699891
vn -0.011800 -0.955179 0.295794
vn -0.209599 -0.693198 0.689598
vn -0.112601 -0.947206 0.300202
vn -0.011800 -0.955179 0.295794
vn -0.009299 -0.716956 0.697057
vn -0.209599 -0.693198 0.689598
vn -0.859988 0.457494 0.226097
vn -0.706775 0.707075 -0.022699
vn -0.967943 0.186089 -0.168690
vn -0.859988 0.457494 0.226097
vn -0.680923 0.680923 0.269609
vn -0.706775 0.707075 -0.022699
vn -0.172598 -0.967387 -0.185398
vn -0.159395 -0.531583 -0.831873
vn -0.230805 -0.863619 -0.448210
vn -0.172598 -0.967387 -0.185398
vn -0.517611 -0.540211 -0.663514
vn -0.159395 -0.531583 -0.831873
vn -0.706826 -0.707026 0.022601
vn -0.866389 -0.440994 -0.234297
vn -0.681912 -0.680012 -0.269405
vn -0.706826 -0.707026 0.022601
vn -0.967791 -0.191098 0.163898
vn -0.866389 -0.440994 -0.234297
vn 0.517617 -0.540318 0.663422
vn -0.245301 -0.410802 0.878105
vn -0.215211 -0.791641 0.571829
vn 0.517617 -0.540318 0.663422
vn 0.176895 -0.177595 0.968074
vn -0.245301 -0.410802 0.878105
vn -0.178805 0.967427 0.179205
vn 0.107402 0.853317 0.510210
vn -0.229206 0.862323 0.451512
vn -0.178805 0.967427 0.179205
vn -0.517189 0.539789 0.664186
vn 0.107402 0.853317 0.510210
vn 0.969095 0.243699 0.038300
vn 0.967869 0.189494 0.165295
vn 0.854826 -0.218407 0.470714
vn 0.969095 0.243699 0.038300
vn 0.869158 0.433779 -0.237488
vn 0.967869 0.189494 0.165295
vn -0.237687 0.869553 0.432877
vn 0.517703 0.663204 0.540503
vn 0.177292 0.968057 0.177292
vn -0.237687 0.869553 0.432877
vn 0.047701 0.866318 0.497210
vn 0.517703 0.663204 0.540503
vn 0.000400 0.999079 -0.042899
vn -0.112499 0.947189 -0.300296
vn -0.058499 0.997391 -0.042300
vn 0.000400 0.999079 -0.042899
vn -0.011900 0.955178 -0.295793
vn -0.112499 0.947189 -0.300296
vn 0.240213 0.426623 0.871947
vn -0.518109 0.541209 0.662311
vn -0.167104 0.187605 0.967926
vn 0.240213 0.426623 0.871947
vn -0.256896 0.634491 0.728989
vn -0.518109 0.541209 0.662311
vn 0.663971 -0.517478 -0.539777
vn 0.888111 0.250903 -0.385105
vn 0.967941 -0.170107 -0.184808
vn 0.663971 -0.517478 -0.539777
vn 0.863608 -0.065401 -0.499904
vn 0.888111 0.250903 -0.385105
vn 0.879103 -0.245901 0.408302
vn 0.663296 0.517697 0.540397
vn 0.663676 0.264290 0.699775
vn 0.879103 -0.245901 0.408302
vn 0.967692 0.191598 0.163899
vn 0.663296 0.517697 0.540397
vn -0.799308 -0.590106 -0.113501
vn -0.900284 -0.189497 -0.391893
vn -0.987019 0.009800 0.160303
vn -0.799308 -0.590106 -0.113501
vn -0.793527 -0.608521 0.004100
vn -0.900284 -0.189497 -0.391893
vn -0.184295 -0.967473 -0.173295
vn -0.201706 -0.559916 -0.803623
vn -0.238909 -0.870834 -0.429617
vn -0.184295 -0.967473 -0.173295
vn -0.517792 -0.540191 -0.663389
vn -0.201706 -0.559916 -0.803623
vn -0.438504 0.235202 -0.867407
vn -0.238992 0.429087 -0.871073
vn 0.145905 -0.199207 -0.969035
vn -0.438504 0.235202 -0.867407
vn -0.181997 0.176197 -0.967384
vn -0.238992 0.429087 -0.871073
vn -0.457088 0.860178 0.226194
vn -0.229206 0.862323 0.451512
vn -0.126705 0.969041 -0.211909
vn -0.457088 0.860178 0.226194
vn -0.178805 0.967427 0.179205
vn -0.229206 0.862323 0.451512
vn -0.407117 -0.246311 0.879538
vn -0.540326 0.517725 0.663332
vn -0.663591 0.264196 0.699891
vn -0.407117 -0.246311 0.879538
vn -0.174697 0.179697 0.968086
vn -0.540326 0.517725 0.663332
vn -0.058903 -0.997350 -0.042702
vn -0.344308 -0.938822 0.008100
vn -0.367510 -0.929124 -0.040801
vn -0.058903 -0.997350 -0.042702
vn -0.059502 -0.998228 -0.000200
vn -0.344308 -0.938822 0.008100
vn -0.708022 0.705822 -0.022801
vn -0.457088 0.860178 0.226194
vn -0.166804 0.967822 -0.188404
vn -0.708022 0.705822 -0.022801
vn -0.680494 0.681394 0.269498
vn -0.457088 0.860178 0.226194
vn 0.242804 -0.418806 -0.875013
vn 0.397410 -0.248607 -0.883323
vn 0.179909 -0.178509 -0.967351
vn 0.242804 -0.418806 -0.875013
vn 0.145905 -0.199207 -0.969035
vn 0.397410 -0.248607 -0.883323
vn 0.175909 -0.178709 0.968049
vn -0.172695 0.176295 0.969070
vn -0.237802 -0.432704 0.869608
vn 0.175909 -0.178709 0.968049
vn 0.434091 0.237195 0.869082
vn -0.172695 0.176295 0.969070
vn 0.680995 -0.680895 0.269498
vn 0.967241 -0.188708 0.169807
vn 0.594100 -0.594100 0.542300
vn 0.680995 -0.680895 0.269498
vn 0.880217 -0.405408 0.246705
vn 0.967241 -0.188708 0.169807
vn -0.180498 0.968188 -0.173298
vn 0.233612 0.969049 0.079804
vn 0.204799 0.847498 -0.489699
vn -0.180498 0.968188 -0.173298
vn -0.503789 0.842082 0.192596
vn 0.233612 0.969049 0.079804
vn -0.200004 0.689914 0.695714
vn -0.384815 0.880633 0.276410
vn -0.586186 0.691783 0.421690
vn -0.200004 0.689914 0.695714
vn -0.097905 0.949245 0.298914
vn -0.384815 0.880633 0.276410
vn -0.705327 0.708528 -0.022401
vn -0.426504 0.872008 0.240202
vn -0.176698 0.968091 -0.177698
vn -0.705327 0.708528 -0.022401
vn -0.681594 0.680294 0.269498
vn -0.426504 0.872008 0.240202
vn -0.648391 0.648991 -0.397994
vn -0.190000 0.967803 -0.165100
vn -0.517282 0.663877 -0.540081
vn -0.648391 0.648991 -0.397994
vn -0.706775 0.707075 -0.022699
vn -0.190000 0.967803 -0.165100
vn -0.663822 0.517417 -0.540018
vn -0.517282 0.663877 -0.540081
vn -0.181997 0.176197 -0.967384
vn -0.663822 0.517417 -0.540018
vn -0.648391 0.648991 -0.397994
vn -0.517282 0.663877 -0.540081
vn -0.426504 0.872008 0.240202
vn -0.240004 0.871816 0.427008
vn -0.243897 0.969088 -0.037200
vn -0.426504 0.872008 0.240202
vn -0.178697 0.967485 0.178997
vn -0.240004 0.871816 0.427008
vn 0.237792 0.432985 0.869470
vn -0.517503 0.540203 0.663604
vn -0.176994 0.176994 0.968167
vn 0.237792 0.432985 0.869470
vn -0.136999 0.520996 0.842493
vn -0.517503 0.540203 0.663604
vn 0.236493 -0.435887 -0.868374
vn 0.429698 -0.238899 -0.870797
vn 0.178497 -0.179197 -0.967485
vn 0.236493 -0.435887 -0.868374
vn 0.052302 0.241309 -0.969038
vn 0.429698 -0.238899 -0.870797
vn 0.240586 -0.425176 -0.872550
vn 0.446775 -0.231587 -0.864152
vn 0.182996 -0.175196 -0.967377
vn 0.240586 -0.425176 -0.872550
vn -0.022500 0.246002 -0.969008
vn 0.446775 -0.231587 -0.864152
vn 0.173796 -0.968080 -0.180596
vn 0.648717 -0.648717 -0.397910
vn 0.706976 -0.706876 -0.022599
vn 0.173796 -0.968080 -0.180596
vn 0.517583 -0.663478 -0.540282
vn 0.648717 -0.648717 -0.397910
vn 0.480784 -0.480784 0.733276
vn 0.176895 -0.177595 0.968074
vn 0.517617 -0.540318 0.663422
vn 0.480784 -0.480784 0.733276
vn 0.540318 -0.517617 0.663422
vn 0.176895 -0.177595 0.968074
vn -0.795973 0.593880 -0.117196
vn -0.344308 0.938822 -0.008100
vn -0.369284 0.927960 -0.050198
vn -0.795973 0.593880 -0.117196
vn -0.793485 0.608589 -0.001000
vn -0.344308 0.938822 -0.008100
vn 0.517690 -0.540290 0.663388
vn 0.594006 -0.594006 0.542506
vn 0.480730 -0.480730 0.733346
vn 0.517690 -0.540290 0.663388
vn 0.178697 -0.967485 0.178997
vn 0.594006 -0.594006 0.542506
vn -0.594097 -0.594197 -0.542198
vn -0.517792 -0.540191 -0.663389
vn -0.184295 -0.967473 -0.173295
vn -0.594097 -0.594197 -0.542198
vn -0.480817 -0.480217 -0.733626
vn -0.517792 -0.540191 -0.663389
vn -0.460501 -0.224500 0.858801
vn -0.540803 0.517903 0.662804
vn -0.866279 0.047599 0.497288
vn -0.460501 -0.224500 0.858801
vn -0.177502 0.176802 0.968109
vn -0.540803 0.517903 0.662804
vn -0.707674 -0.706174 0.022699
vn -0.865890 -0.442395 -0.233497
vn -0.681313 -0.680613 -0.269405
vn -0.707674 -0.706174 0.022699
vn -0.967778 -0.189696 0.165596
vn -0.865890 -0.442395 -0.233497
vn 0.967869 0.189494 0.165295
vn 0.649068 0.648568 0.397580
vn 0.663329 0.517522 0.540523
vn 0.967869 0.189494 0.165295
vn 0.704219 0.709619 0.022701
vn 0.649068 0.648568 0.397580
vn -0.424708 -0.872717 -0.240805
vn -0.230805 -0.863619 -0.448210
vn -0.213695 -0.969076 -0.123397
vn -0.424708 -0.872717 -0.240805
vn -0.172598 -0.967387 -0.185398
vn -0.230805 -0.863619 -0.448210
vn 0.185997 0.967485 -0.171397
vn 0.681095 0.680795 -0.269498
vn 0.594097 0.594197 -0.542198
vn 0.185997 0.967485 -0.171397
vn 0.454014 0.861327 -0.228007
vn 0.681095 0.680795 -0.269498
vn 0.707223 -0.706623 -0.022801
vn 0.880217 -0.405408 0.246705
vn 0.680995 -0.680895 0.269498
vn 0.707223 -0.706623 -0.022801
vn 0.967872 -0.186095 -0.169095
vn 0.880217 -0.405408 0.246705
vn -0.594100 -0.594100 -0.542300
vn -0.540582 -0.517783 -0.663078
vn -0.480672 -0.480772 -0.733357
vn -0.594100 -0.594100 -0.542300
vn -0.967495 -0.181499 -0.176099
vn -0.540582 -0.517783 -0.663078
vn -0.166804 0.967822 -0.188404
vn -0.126705 0.969041 -0.211909
vn 0.245290 0.878164 -0.410683
vn -0.166804 0.967822 -0.188404
vn -0.457088 0.860178 0.226194
vn -0.126705 0.969041 -0.211909
vn -0.663911 -0.517209 0.540109
vn -0.876850 0.244286 0.414076
vn -0.967599 -0.162800 0.193000
vn -0.663911 -0.517209 0.540109
vn -0.862211 -0.072701 0.501306
vn -0.876850 0.244286 0.414076
vn -0.209599 -0.693198 0.689598
vn -0.837871 -0.452584 0.305189
vn -0.526904 -0.756806 0.386803
vn -0.209599 -0.693198 0.689598
vn -0.662905 -0.029900 0.748106
vn -0.837871 -0.452584 0.305189
vn -0.011900 0.955178 -0.295793
vn -0.209599 0.693098 -0.689698
vn -0.112499 0.947189 -0.300296
vn -0.011900 0.955178 -0.295793
vn -0.009099 0.716957 -0.697058
vn -0.209599 0.693098 -0.689698
vn -0.681912 -0.680012 -0.269405
vn -0.966996 -0.195499 -0.163399
vn -0.594097 -0.594197 -0.542198
vn -0.681912 -0.680012 -0.269405
vn -0.866389 -0.440994 -0.234297
vn -0.966996 -0.195499 -0.163399
vn -0.155998 0.200998 0.967091
vn -0.480283 0.480983 0.733474
vn -0.540397 0.517697 0.663296
vn -0.155998 0.200998 0.967091
vn -0.517189 0.539789 0.664186
vn -0.480283 0.480983 0.733474
vn -0.681031 -0.680931 -0.269312
vn -0.177106 -0.967535 -0.180306
vn -0.406287 -0.879871 -0.246492
vn -0.681031 -0.680931 -0.269312
vn -0.594100 -0.594100 -0.542300
vn -0.177106 -0.967535 -0.180306
vn -0.022500 0.246002 -0.969008
vn 0.167901 0.187502 -0.967808
vn 0.446775 -0.231587 -0.864152
vn -0.022500 0.246002 -0.969008
vn -0.242390 0.419983 -0.874564
vn 0.167901 0.187502 -0.967808
vn -0.517295 -0.663693 0.540294
vn 0.240400 -0.872200 0.426000
vn 0.125898 -0.516492 0.846986
vn -0.517295 -0.663693 0.540294
vn -0.178698 -0.968090 0.175698
vn 0.240400 -0.872200 0.426000
vn 0.967872 -0.186095 -0.169095
vn 0.969036 0.058002 -0.240009
vn 0.880217 -0.405408 0.246705
vn 0.967872 -0.186095 -0.169095
vn 0.873650 0.241614 -0.422324
vn 0.969036 0.058002 -0.240009
vn -0.680494 0.681394 0.269498
vn -0.178805 0.967427 0.179205
vn -0.457088 0.860178 0.226194
vn -0.680494 0.681394 0.269498
vn -0.594333 0.593933 0.542230
vn -0.178805 0.967427 0.179205
vn -0.009099 0.716957 -0.697058
vn -0.662903 0.030000 -0.748104
vn -0.209599 0.693098 -0.689698
vn -0.009099 0.716957 -0.697058
vn 0.560404 0.004700 -0.828206
vn -0.662903 0.030000 -0.748104
vn 0.526997 0.756795 0.386698
vn 0.112597 0.947178 0.300293
vn 0.209504 0.693212 0.689612
vn 0.526997 0.756795 0.386698
vn 0.267003 0.944110 0.193302
vn 0.112597 0.947178 0.300293
vn -0.049002 -0.866238 0.497222
vn 0.191297 -0.967187 0.167198
vn 0.517884 -0.540483 0.663079
vn -0.049002 -0.866238 0.497222
vn 0.235989 -0.867861 0.437180
vn 0.191297 -0.967187 0.167198
vn -0.159395 -0.531583 -0.831873
vn 0.182996 -0.175196 -0.967377
vn 0.517583 -0.663478 -0.540282
vn -0.159395 -0.531583 -0.831873
vn 0.240586 -0.425176 -0.872550
vn 0.182996 -0.175196 -0.967377
vn -0.707924 0.705924 -0.022701
vn -0.436598 0.868097 0.236199
vn -0.176698 0.968091 -0.177698
vn -0.707924 0.705924 -0.022701
vn -0.679976 0.681876 0.269590
vn -0.436598 0.868097 0.236199
vn 0.517583 -0.663478 -0.540282
vn 0.663478 -0.517583 -0.540282
vn 0.648717 -0.648717 -0.397910
vn 0.517583 -0.663478 -0.540282
vn 0.178794 -0.178994 -0.967468
vn 0.663478 -0.517583 -0.540282
vn -0.876850 0.244286 0.414076
vn -0.884712 0.393805 0.249403
vn -0.969050 0.187490 -0.160592
vn -0.876850 0.244286 0.414076
vn -0.967231 0.189206 0.169306
vn -0.884712 0.393805 0.249403
vn 0.419209 -0.242805 -0.874820
vn 0.540495 0.517596 -0.663294
vn 0.531032 0.158210 -0.832451
vn 0.419209 -0.242805 -0.874820
vn 0.184495 0.169695 -0.968073
vn 0.540495 0.517596 -0.663294
vn -0.176698 0.968091 -0.177698
vn -0.243897 0.969088 -0.037200
vn 0.231101 0.863803 -0.447702
vn -0.176698 0.968091 -0.177698
vn -0.426504 0.872008 0.240202
vn -0.243897 0.969088 -0.037200
vn 0.862181 0.451890 -0.228995
vn 0.707676 0.706176 0.022599
vn 0.967964 0.183493 0.171394
vn 0.862181 0.451890 -0.228995
vn 0.681095 0.680795 -0.269498
vn 0.707676 0.706176 0.022599
vn -0.176698 0.968091 -0.177698
vn -0.236892 0.969068 -0.069198
vn 0.235811 0.867839 -0.437320
vn -0.176698 0.968091 -0.177698
vn -0.436598 0.868097 0.236199
vn -0.236892 0.969068 -0.069198
vn 0.209504 0.693212 0.689612
vn 0.011800 0.955179 0.295794
vn 0.009199 0.716956 0.697057
vn 0.209504 0.693212 0.689612
vn 0.112597 0.947178 0.300293
vn 0.011800 0.955179 0.295794
vn -0.594100 0.594100 0.542300
vn -0.517503 0.540203 0.663604
vn -0.188899 0.967397 0.168700
vn -0.594100 0.594100 0.542300
vn -0.480919 0.480719 0.733230
vn -0.517503 0.540203 0.663604
vn 0.663296 0.517697 0.540397
vn 0.517690 0.663388 0.540290
vn 0.169198 0.188998 0.967291
vn 0.663296 0.517697 0.540397
vn 0.648584 0.648984 0.397690
vn 0.517690 0.663388 0.540290
vn 0.029200 0.998907 -0.036500
vn -0.058499 0.997391 -0.042300
vn -0.059601 0.998222 0.000200
vn 0.029200 0.998907 -0.036500
vn 0.000400 0.999079 -0.042899
vn -0.058499 0.997391 -0.042300
vn -0.967363 0.185993 0.172093
vn -0.681513 0.680413 0.269405
vn -0.845932 0.493918 0.201108
vn -0.967363 0.185993 0.172093
vn -0.594100 0.594100 0.542300
vn -0.681513 0.680413 0.269405
vn 0.968089 -0.172598 -0.181698
vn 0.969095 0.243699 0.038300
vn 0.870598 -0.430099 0.238900
vn 0.968089 -0.172598 -0.181698
vn 0.850736 0.210909 -0.481420
vn 0.969095 0.243699 0.038300
vn 0.795973 0.593880 0.117196
vn 0.837735 0.452819 0.305213
vn 0.987003 0.009800 -0.160401
vn 0.795973 0.593880 0.117196
vn 0.526997 0.756795 0.386698
vn 0.837735 0.452819 0.305213
vn -0.232189 0.864660 0.445479
vn 0.517310 0.663912 0.540010
vn 0.192493 0.967667 0.162994
vn -0.232189 0.864660 0.445479
vn -0.033999 0.867778 0.495787
vn 0.517310 0.663912 0.540010
vn -0.969132 0.136804 0.205107
vn -0.967943 0.186089 -0.168690
vn -0.866226 -0.234107 -0.441413
vn -0.969132 0.136804 0.205107
vn -0.859988 0.457494 0.226097
vn -0.967943 0.186089 -0.168690
vn 0.237593 -0.433687 -0.869175
vn 0.419209 -0.242805 -0.874820
vn 0.178396 -0.178796 -0.967578
vn 0.237593 -0.433687 -0.869175
vn -0.177893 -0.171093 -0.969062
vn 0.419209 -0.242805 -0.874820
vn -0.795973 -0.593880 0.117196
vn -0.837871 -0.452584 0.305189
vn -0.987002 -0.009900 -0.160400
vn -0.795973 -0.593880 0.117196
vn -0.526904 -0.756806 0.386803
vn -0.837871 -0.452584 0.305189
vn -0.993033 0.002800 -0.117804
vn -1.000000 0.000100 0.000100
vn -0.461928 0.055903 -0.885154
vn -0.993033 0.002800 -0.117804
vn -0.885893 -0.341097 0.314398
vn -1.000000 0.000100 0.000100
vn 0.663514 0.517611 0.540211
vn 0.517703 0.663204 0.540503
vn 0.175398 0.182198 0.967491
vn 0.663514 0.517611 0.540211
vn 0.648684 0.648884 0.397690
vn 0.517703 0.663204 0.540503
vn -0.594100 -0.594100 -0.542300
vn -0.517690 -0.540290 -0.663388
vn -0.177106 -0.967535 -0.180306
vn -0.594100 -0.594100 -0.542300
vn -0.480672 -0.480772 -0.733357
vn -0.517690 -0.540290 -0.663388
vn 0.967843 -0.188208 -0.166907
vn 0.969047 -0.111405 -0.220311
vn 0.872566 -0.425084 0.240691
vn 0.967843 -0.188208 -0.166907
vn 0.871607 0.239702 -0.427603
vn 0.969047 -0.111405 -0.220311
vn -0.480672 -0.480772 -0.733357
vn -0.179694 -0.174794 -0.968069
vn -0.517690 -0.540290 -0.663388
vn -0.480672 -0.480772 -0.733357
vn -0.540582 -0.517783 -0.663078
vn -0.179694 -0.174794 -0.968069
vn -0.176992 -0.177592 -0.968057
vn 0.052302 0.241309 -0.969038
vn 0.236493 -0.435887 -0.868374
vn -0.176992 -0.177592 -0.968057
vn -0.432704 0.237802 -0.869608
vn 0.052302 0.241309 -0.969038
vn 0.019899 0.245992 0.969068
vn -0.167104 0.187605 0.967926
vn -0.456107 -0.226903 0.860512
vn 0.019899 0.245992 0.969068
vn 0.240213 0.426623 0.871947
vn -0.167104 0.187605 0.967926
vn 0.531032 0.158210 -0.832451
vn 0.967466 0.180394 -0.177394
vn 0.873650 0.241614 -0.422324
vn 0.531032 0.158210 -0.832451
vn 0.540495 0.517596 -0.663294
vn 0.967466 0.180394 -0.177394
vn 0.016400 -0.998906 -0.043800
vn -0.058599 -0.997385 0.042299
vn -0.059502 -0.998228 -0.000200
vn 0.016400 -0.998906 -0.043800
vn 0.000400 -0.999079 0.042899
vn -0.058599 -0.997385 0.042299
vn -0.058499 0.997391 -0.042300
vn -0.267008 0.944128 -0.193206
vn -0.369284 0.927960 -0.050198
vn -0.058499 0.997391 -0.042300
vn -0.112499 0.947189 -0.300296
vn -0.267008 0.944128 -0.193206
vn -0.176002 -0.181502 0.967512
vn -0.868884 0.020500 0.494591
vn -0.663388 -0.517690 0.540290
vn -0.176002 -0.181502 0.967512
vn -0.458780 -0.225490 0.859462
vn -0.868884 0.020500 0.494591
vn 0.570327 0.213310 -0.793238
vn 0.967476 0.183995 -0.173596
vn 0.871607 0.239702 -0.427603
vn 0.570327 0.213310 -0.793238
vn 0.540298 0.517798 -0.663297
vn 0.967476 0.183995 -0.173596
vn -0.179694 -0.174794 -0.968069
vn 0.186794 -0.161295 -0.969068
vn 0.245801 -0.409002 -0.878805
vn -0.179694 -0.174794 -0.968069
vn -0.401177 0.247786 -0.881850
vn 0.186794 -0.161295 -0.969068
vn 0.517903 -0.540803 0.662804
vn -0.236409 -0.436016 0.868332
vn 0.125898 -0.516492 0.846986
vn 0.517903 -0.540803 0.662804
vn 0.181601 -0.172601 0.968106
vn -0.236409 -0.436016 0.868332
vn -0.648610 0.649010 -0.397606
vn -0.176698 0.968091 -0.177698
vn -0.517611 0.663514 -0.540211
vn -0.648610 0.649010 -0.397606
vn -0.707924 0.705924 -0.022701
vn -0.176698 0.968091 -0.177698
vn 0.052302 0.241309 -0.969038
vn 0.167794 0.187294 -0.967867
vn 0.429698 -0.238899 -0.870797
vn 0.052302 0.241309 -0.969038
vn -0.248300 0.399201 -0.882602
vn 0.167794 0.187294 -0.967867
vn -0.384600 -0.880699 -0.276500
vn -0.799308 -0.590106 -0.113501
vn -0.586186 -0.691783 -0.421690
vn -0.384600 -0.880699 -0.276500
vn -0.367510 -0.929124 -0.040801
vn -0.799308 -0.590106 -0.113501
vn -0.680985 -0.680985 -0.269294
vn -0.967401 -0.173800 -0.184200
vn -0.594003 -0.594103 -0.542403
vn -0.680985 -0.680985 -0.269294
vn -0.867645 -0.437772 -0.235685
vn -0.967401 -0.173800 -0.184200
vn -0.436889 -0.236094 0.867979
vn -0.540397 0.517697 0.663296
vn -0.765184 -0.237795 0.598287
vn -0.436889 -0.236094 0.867979
vn -0.155998 0.200998 0.967091
vn -0.540397 0.517697 0.663296
vn 0.177105 0.968126 0.177105
vn 0.649068 0.648568 0.397580
vn 0.704219 0.709619 0.022701
vn 0.177105 0.968126 0.177105
vn 0.517008 0.664311 0.539809
vn 0.649068 0.648568 0.397580
vn 0.967464 -0.180893 0.176893
vn 0.663284 0.264194 0.700183
vn 0.540318 -0.517617 0.663422
vn 0.967464 -0.180893 0.176893
vn 0.875028 -0.242908 0.418714
vn 0.663284 0.264194 0.700183
vn 0.456296 0.860492 -0.226598
vn 0.707924 0.705924 0.022701
vn 0.680594 0.681294 -0.269498
vn 0.456296 0.860492 -0.226598
vn 0.177306 0.968034 0.177406
vn 0.707924 0.705924 0.022701
vn 0.469801 0.218900 0.855202
vn 0.240213 0.426623 0.871947
vn 0.019899 0.245992 0.969068
vn 0.469801 0.218900 0.855202
vn 0.164596 0.193595 0.967176
vn 0.240213 0.426623 0.871947
vn -0.461928 0.055903 -0.885154
vn -0.885973 0.340990 -0.314290
vn -0.842899 0.091700 -0.530200
vn -0.461928 0.055903 -0.885154
vn -1.000000 0.000100 0.000100
vn -0.885973 0.340990 -0.314290
vn 0.966998 -0.194900 0.164100
vn 0.858282 0.090198 0.505189
vn 0.540511 -0.517811 0.663114
vn 0.966998 -0.194900 0.164100
vn 0.869312 -0.237603 0.433406
vn 0.858282 0.090198 0.505189
vn 0.880217 -0.405408 0.246705
vn 0.873289 -0.241397 0.423195
vn 0.967241 -0.188708 0.169807
vn 0.880217 -0.405408 0.246705
vn 0.969036 0.058002 -0.240009
vn 0.873289 -0.241397 0.423195
vn 0.586186 0.691783 -0.421690
vn 0.662905 -0.029900 -0.748106
vn 0.199894 0.689879 -0.695779
vn 0.586186 0.691783 -0.421690
vn 0.837871 -0.452584 -0.305189
vn 0.662905 -0.029900 -0.748106
vn -0.165202 0.193402 -0.967111
vn -0.106904 0.853434 -0.510120
vn -0.248300 0.399201 -0.882602
vn -0.165202 0.193402 -0.967111
vn -0.517598 0.663698 -0.539998
vn -0.106904 0.853434 -0.510120
vn -0.969050 0.187490 -0.160592
vn -0.967914 0.186503 -0.168402
vn -0.871930 -0.240108 -0.426715
vn -0.969050 0.187490 -0.160592
vn -0.884712 0.393805 0.249403
vn -0.967914 0.186503 -0.168402
vn -0.663968 -0.517275 0.539974
vn -0.863024 0.230106 0.449712
vn -0.967791 -0.191098 0.163898
vn -0.663968 -0.517275 0.539974
vn -0.866279 0.047599 0.497288
vn -0.863024 0.230106 0.449712
vn 0.481084 -0.480484 0.733276
vn 0.181601 -0.172601 0.968106
vn 0.517903 -0.540803 0.662804
vn 0.481084 -0.480484 0.733276
vn 0.540523 -0.517522 0.663329
vn 0.181601 -0.172601 0.968106
vn 0.170693 0.967263 -0.187793
vn 0.680594 0.681294 -0.269498
vn 0.594397 0.593897 -0.542197
vn 0.170693 0.967263 -0.187793
vn 0.456296 0.860492 -0.226598
vn 0.680594 0.681294 -0.269498
vn -0.967401 -0.173800 -0.184200
vn -0.852905 0.108801 -0.510603
vn -0.540211 -0.517611 -0.663514
vn -0.967401 -0.173800 -0.184200
vn -0.889587 -0.251496 -0.381294
vn -0.852905 0.108801 -0.510603
vn 0.648726 -0.648826 -0.397716
vn 0.967843 -0.188208 -0.166907
vn 0.706923 -0.706923 -0.022801
vn 0.648726 -0.648826 -0.397716
vn 0.664094 -0.517196 -0.539895
vn 0.967843 -0.188208 -0.166907
vn 0.873650 0.241614 -0.422324
vn 0.862181 0.451890 -0.228995
vn 0.969036 0.058002 -0.240009
vn 0.873650 0.241614 -0.422324
vn 0.967466 0.180394 -0.177394
vn 0.862181 0.451890 -0.228995
vn -0.967914 0.186503 -0.168402
vn -0.648610 0.649010 -0.397606
vn -0.663821 0.517316 -0.540117
vn -0.967914 0.186503 -0.168402
vn -0.705327 0.708528 -0.022401
vn -0.648610 0.649010 -0.397606
vn 0.058599 -0.997385 -0.042299
vn 0.016400 -0.998906 -0.043800
vn -0.005300 -0.999070 -0.042799
vn 0.058599 -0.997385 -0.042299
vn 0.059601 -0.998222 0.000200
vn 0.016400 -0.998906 -0.043800
vn 0.217794 -0.854776 0.471087
vn 0.478202 -0.852004 0.213101
vn 0.178697 -0.967485 0.178997
vn 0.217794 -0.854776 0.471087
vn -0.060502 -0.969131 -0.239008
vn 0.478202 -0.852004 0.213101
vn -0.681313 -0.680613 -0.269405
vn -0.967438 -0.181407 -0.176507
vn -0.594133 -0.594133 -0.542230
vn -0.681313 -0.680613 -0.269405
vn -0.865890 -0.442395 -0.233497
vn -0.967438 -0.181407 -0.176507
vn -0.681912 -0.680012 -0.269405
vn -0.184295 -0.967473 -0.173295
vn -0.449493 -0.863087 -0.230297
vn -0.681912 -0.680012 -0.269405
vn -0.594097 -0.594197 -0.542198
vn -0.184295 -0.967473 -0.173295
vn 0.009199 0.716956 0.697057
vn -0.097905 0.949245 0.298914
vn -0.200004 0.689914 0.695714
vn 0.009199 0.716956 0.697057
vn 0.011800 0.955179 0.295794
vn -0.097905 0.949245 0.298914
vn -0.707674 -0.706174 0.022699
vn -0.454312 -0.861223 -0.227806
vn -0.182898 -0.967987 0.171898
vn -0.707674 -0.706174 0.022699
vn -0.681313 -0.680613 -0.269405
vn -0.454312 -0.861223 -0.227806
vn -0.172695 0.176295 0.969070
vn -0.155998 0.200998 0.967091
vn -0.436889 -0.236094 0.867979
vn -0.172695 0.176295 0.969070
vn 0.248797 0.396696 0.883591
vn -0.155998 0.200998 0.967091
vn 0.177306 0.968034 0.177406
vn 0.648584 0.648984 0.397690
vn 0.707924 0.705924 0.022701
vn 0.177306 0.968034 0.177406
vn 0.517690 0.663388 0.540290
vn 0.648584 0.648984 0.397690
vn 0.517884 -0.540483 0.663079
vn -0.242493 -0.419689 0.874676
vn -0.049002 -0.866238 0.497222
vn 0.517884 -0.540483 0.663079
vn 0.176606 -0.178106 0.968033
vn -0.242493 -0.419689 0.874676
vn -0.176994 0.176994 0.968167
vn -0.480919 0.480719 0.733230
vn -0.540282 0.517583 0.663478
vn -0.176994 0.176994 0.968167
vn -0.517503 0.540203 0.663604
vn -0.480919 0.480719 0.733230
vn -0.449493 -0.863087 -0.230297
vn -0.238909 -0.870834 -0.429617
vn -0.169400 -0.969100 0.179300
vn -0.449493 -0.863087 -0.230297
vn -0.184295 -0.967473 -0.173295
vn -0.238909 -0.870834 -0.429617
vn -0.230805 -0.863619 -0.448210
vn 0.517583 -0.663478 -0.540282
vn 0.177098 -0.968092 -0.177298
vn -0.230805 -0.863619 -0.448210
vn -0.159395 -0.531583 -0.831873
vn 0.517583 -0.663478 -0.540282
vn -0.454312 -0.861223 -0.227806
vn -0.238105 -0.869919 -0.431910
vn 0.177901 -0.969006 -0.171401
vn -0.454312 -0.861223 -0.227806
vn -0.184104 -0.967418 -0.173803
vn -0.238105 -0.869919 -0.431910
vn -0.239400 -0.871299 -0.428399
vn 0.517518 -0.663824 -0.539919
vn 0.168797 -0.967981 -0.185796
vn -0.239400 -0.871299 -0.428399
vn 0.098599 -0.855994 -0.507496
vn 0.517518 -0.663824 -0.539919
vn -0.436598 0.868097 0.236199
vn -0.237687 0.869553 0.432877
vn -0.236892 0.969068 -0.069198
vn -0.436598 0.868097 0.236199
vn -0.174401 0.967406 0.183601
vn -0.237687 0.869553 0.432877
vn 0.058903 0.997350 -0.042702
vn -0.011900 0.955178 -0.295793
vn 0.000400 0.999079 -0.042899
vn 0.058903 0.997350 -0.042702
vn 0.097902 0.949216 -0.299005
vn -0.011900 0.955178 -0.295793
vn -0.799308 0.590106 0.113501
vn -0.384815 0.880633 0.276410
vn -0.367508 0.929120 0.040901
vn -0.799308 0.590106 0.113501
vn -0.586186 0.691783 0.421690
vn -0.384815 0.880633 0.276410
vn -0.237802 -0.432704 0.869608
vn -0.436889 -0.236094 0.867979
vn -0.179697 -0.177997 0.967484
vn -0.237802 -0.432704 0.869608
vn -0.172695 0.176295 0.969070
vn -0.436889 -0.236094 0.867979
vn 0.793479 0.608584 0.004100
vn 0.987003 0.009800 -0.160401
vn 0.900308 0.257102 -0.351203
vn 0.793479 0.608584 0.004100
vn 0.795973 0.593880 0.117196
vn 0.987003 0.009800 -0.160401
vn -0.215211 -0.791641 0.571829
vn 0.178994 -0.967468 0.178794
vn 0.517617 -0.540318 0.663422
vn -0.215211 -0.791641 0.571829
vn 0.244891 -0.877666 0.411984
vn 0.178994 -0.967468 0.178794
vn 0.478202 -0.852004 0.213101
vn 0.706476 -0.707376 -0.022599
vn 0.680985 -0.680985 0.269294
vn 0.478202 -0.852004 0.213101
vn 0.168797 -0.967981 -0.185796
vn 0.706476 -0.707376 -0.022599
vn -0.594133 -0.594133 -0.542230
vn -0.517589 -0.540389 -0.663386
vn -0.184104 -0.967418 -0.173803
vn -0.594133 -0.594133 -0.542230
vn -0.480819 -0.480819 -0.733230
vn -0.517589 -0.540389 -0.663386
vn -0.680923 0.680923 0.269609
vn -0.181796 0.967477 0.175896
vn -0.473107 0.853912 0.216803
vn -0.680923 0.680923 0.269609
vn -0.594291 0.594191 0.541992
vn -0.181796 0.967477 0.175896
vn 0.401687 0.247592 0.881672
vn 0.237792 0.432985 0.869470
vn -0.128698 0.210497 0.969086
vn 0.401687 0.247592 0.881672
vn 0.178707 0.178707 0.967537
vn 0.237792 0.432985 0.869470
vn 0.648810 -0.648810 -0.397606
vn 0.967941 -0.170107 -0.184808
vn 0.706476 -0.707376 -0.022599
vn 0.648810 -0.648810 -0.397606
vn 0.663971 -0.517478 -0.539777
vn 0.967941 -0.170107 -0.184808
vn 0.255900 0.632000 -0.731500
vn 0.175109 0.967447 -0.182709
vn 0.517798 0.540298 -0.663297
vn 0.255900 0.632000 -0.731500
vn 0.231101 0.863803 -0.447702
vn 0.175109 0.967447 -0.182709
vn -0.231797 -0.590293 0.773191
vn -0.176002 -0.181502 0.967512
vn -0.517804 -0.663206 0.540405
vn -0.231797 -0.590293 0.773191
vn -0.252295 -0.373692 0.892581
vn -0.176002 -0.181502 0.967512
vn 0.397410 -0.248607 -0.883323
vn 0.540298 0.517798 -0.663297
vn 0.570327 0.213310 -0.793238
vn 0.397410 -0.248607 -0.883323
vn 0.184602 0.170502 -0.967911
vn 0.540298 0.517798 -0.663297
vn -0.480817 -0.480217 -0.733626
vn -0.169098 -0.185998 -0.967890
vn -0.517792 -0.540191 -0.663389
vn -0.480817 -0.480217 -0.733626
vn -0.540389 -0.517589 -0.663386
vn -0.169098 -0.185998 -0.967890
vn 0.175398 0.182198 0.967491
vn 0.047701 0.866318 0.497210
vn 0.236304 0.436507 0.868114
vn 0.175398 0.182198 0.967491
vn 0.517703 0.663204 0.540503
vn 0.047701 0.866318 0.497210
vn 0.540523 -0.517522 0.663329
vn 0.469801 0.218900 0.855202
vn 0.181601 -0.172601 0.968106
vn 0.540523 -0.517522 0.663329
vn 0.728924 0.257008 0.634521
vn 0.469801 0.218900 0.855202
vn 0.098001 -0.949207 0.299002
vn -0.009299 -0.716956 0.697057
vn -0.011800 -0.955179 0.295794
vn 0.098001 -0.949207 0.299002
vn 0.199990 -0.689866 0.695765
vn -0.009299 -0.716956 0.697057
vn 0.384600 0.880699 -0.276500
vn 0.199894 0.689879 -0.695779
vn 0.097902 0.949216 -0.299005
vn 0.384600 0.880699 -0.276500
vn 0.586186 0.691783 -0.421690
vn 0.199894 0.689879 -0.695779
vn -0.706775 0.707075 -0.022699
vn -0.473107 0.853912 0.216803
vn -0.190000 0.967803 -0.165100
vn -0.706775 0.707075 -0.022699
vn -0.680923 0.680923 0.269609
vn -0.473107 0.853912 0.216803
vn 0.663676 0.264290 0.699775
vn 0.169198 0.188998 0.967291
vn 0.434091 0.237195 0.869082
vn 0.663676 0.264290 0.699775
vn 0.663296 0.517697 0.540397
vn 0.169198 0.188998 0.967291
vn 0.098599 -0.855994 -0.507496
vn 0.178497 -0.179197 -0.967485
vn 0.517518 -0.663824 -0.539919
vn 0.098599 -0.855994 -0.507496
vn 0.236493 -0.435887 -0.868374
vn 0.178497 -0.179197 -0.967485
vn 0.593962 -0.594362 0.542165
vn 0.540523 -0.517522 0.663329
vn 0.481084 -0.480484 0.733276
vn 0.593962 -0.594362 0.542165
vn 0.967465 -0.172594 0.184993
vn 0.540523 -0.517522 0.663329
vn -0.215200 0.475300 -0.853100
vn 0.517817 0.540618 -0.663022
vn 0.184495 0.169695 -0.968073
vn -0.215200 0.475300 -0.853100
vn -0.094801 0.506505 -0.857009
vn 0.517817 0.540618 -0.663022
vn -0.517690 -0.540290 -0.663388
vn 0.245801 -0.409002 -0.878805
vn -0.257889 -0.636973 -0.726470
vn -0.517690 -0.540290 -0.663388
vn -0.179694 -0.174794 -0.968069
vn 0.245801 -0.409002 -0.878805
vn 0.861456 0.453677 -0.228188
vn 0.706978 0.706878 0.022499
vn 0.968016 0.183303 0.171303
vn 0.861456 0.453677 -0.228188
vn 0.680012 0.681912 -0.269405
vn 0.706978 0.706878 0.022499
vn -0.540610 -0.517709 -0.663112
vn -0.463571 0.222586 -0.857646
vn -0.170601 -0.183501 -0.968103
vn -0.540610 -0.517709 -0.663112
vn -0.773548 0.231514 -0.589936
vn -0.463571 0.222586 -0.857646
vn -0.969031 0.183806 -0.164905
vn -0.968027 0.180105 -0.174605
vn -0.889587 -0.251496 -0.381294
vn -0.969031 0.183806 -0.164905
vn -0.882588 0.399295 0.248197
vn -0.968027 0.180105 -0.174605
vn 0.000000 0.000000 1.000000
vn -0.333311 0.666622 0.666722
vn 0.000000 1.000000 -0.000300
vn 0.000000 0.000000 1.000000
vn 0.999717 -0.023800 0.000000
vn -0.333311 0.666622 0.666722
vn -0.000100 -1.000000 -0.000300
vn 0.999717 -0.023800 0.000000
vn 0.000000 0.000000 1.000000
vn -0.000100 -1.000000 -0.000300
vn 1.000000 0.000000 -0.000100
vn 0.999717 -0.023800 0.000000
vn -0.842834 -0.091604 0.530321
vn 0.000000 0.000000 1.000000
vn -0.461925 -0.056003 0.885149
vn -0.842834 -0.091604 0.530321
vn -0.000100 -1.000000 -0.000300
vn 0.000000 0.000000 1.000000
vn -0.461925 -0.056003 0.885149
vn 0.000000 1.000000 -0.000300
vn -0.993033 -0.002800 0.117804
vn -0.461925 -0.056003 0.885149
vn 0.000000 0.000000 1.000000
vn 0.000000 1.000000 -0.000300
vn 0.526997 -0.756795 -0.386698
vn 0.369320 -0.927951 -0.050103
vn 0.267008 -0.944128 -0.193206
vn 0.526997 -0.756795 -0.386698
vn 0.795973 -0.593880 -0.117196
vn 0.369320 -0.927951 -0.050103
vn 0.204799 0.847498 -0.489699
vn 0.454014 0.861327 -0.228007
vn 0.185997 0.967485 -0.171397
vn 0.204799 0.847498 -0.489699
vn 0.233612 0.969049 0.079804
vn 0.454014 0.861327 -0.228007
vn 0.875499 -0.417500 0.243300
vn 0.875028 -0.242908 0.418714
vn 0.967464 -0.180893 0.176893
vn 0.875499 -0.417500 0.243300
vn 0.969061 0.085897 -0.231391
vn 0.875028 -0.242908 0.418714
vn -0.526997 0.756795 -0.386698
vn -0.369284 0.927960 -0.050198
vn -0.267008 0.944128 -0.193206
vn -0.526997 0.756795 -0.386698
vn -0.795973 0.593880 -0.117196
vn -0.369284 0.927960 -0.050198
vn -0.171104 -0.967324 -0.187105
vn 0.098599 -0.855994 -0.507496
vn -0.239400 -0.871299 -0.428399
vn -0.171104 -0.967324 -0.187105
vn -0.517684 -0.540183 -0.663480
vn 0.098599 -0.855994 -0.507496
vn 0.560404 0.004700 -0.828206
vn -0.199894 -0.689879 -0.695779
vn -0.662903 0.030000 -0.748104
vn 0.560404 0.004700 -0.828206
vn 0.000600 -0.716986 -0.697087
vn -0.199894 -0.689879 -0.695779
vn -0.094801 0.506505 -0.857009
vn 0.185997 0.967485 -0.171397
vn 0.517817 0.540618 -0.663022
vn -0.094801 0.506505 -0.857009
vn 0.204799 0.847498 -0.489699
vn 0.185997 0.967485 -0.171397
vn 0.421819 0.873840 -0.241811
vn 0.704219 0.709619 0.022701
vn 0.680795 0.681095 -0.269498
vn 0.421819 0.873840 -0.241811
vn 0.177105 0.968126 0.177105
vn 0.704219 0.709619 0.022701
vn 0.000000 -1.000000 0.000000
vn -0.842834 -0.091604 0.530321
vn -0.885893 -0.341097 0.314398
vn 0.000000 -1.000000 0.000000
vn -0.000100 -1.000000 -0.000300
vn -0.842834 -0.091604 0.530321
vn 0.999838 0.000100 0.018001
vn -0.000100 -1.000000 -0.000300
vn 0.000000 -1.000000 0.000000
vn 0.999838 0.000100 0.018001
vn 1.000000 0.000000 -0.000100
vn -0.000100 -1.000000 -0.000300
vn -0.333311 -0.666622 -0.666722
vn 0.000000 -1.000000 0.000000
vn -0.363910 -0.928724 -0.071002
vn -0.333311 -0.666622 -0.666722
vn 0.999838 0.000100 0.018001
vn 0.000000 -1.000000 0.000000
vn -0.363910 -0.928724 -0.071002
vn -0.885893 -0.341097 0.314398
vn -0.993033 0.002800 -0.117804
vn -0.363910 -0.928724 -0.071002
vn 0.000000 -1.000000 0.000000
vn -0.885893 -0.341097 0.314398
vn -0.681031 -0.680931 -0.269312
vn -0.967495 -0.181499 -0.176099
vn -0.594100 -0.594100 -0.542300
vn -0.681031 -0.680931 -0.269312
vn -0.879942 -0.406120 -0.246512
vn -0.967495 -0.181499 -0.176099
vn -0.706826 -0.707026 0.022601
vn -0.867645 -0.437772 -0.235685
vn -0.680985 -0.680985 -0.269294
vn -0.706826 -0.707026 0.022601
vn -0.968057 -0.177192 0.177392
vn -0.867645 -0.437772 -0.235685
vn 0.705677 -0.708177 -0.022499
vn 0.870598 -0.430099 0.238900
vn 0.681013 -0.680913 0.269405
vn 0.705677 -0.708177 -0.022499
vn 0.968089 -0.172598 -0.181698
vn 0.870598 -0.430099 0.238900
vn 0.680995 -0.680895 0.269498
vn 0.966998 -0.194900 0.164100
vn 0.594165 -0.594065 0.542268
vn 0.680995 -0.680895 0.269498
vn 0.872566 -0.425084 0.240691
vn 0.966998 -0.194900 0.164100
vn -0.463571 0.222586 -0.857646
vn -0.215200 0.475300 -0.853100
vn -0.177893 -0.171093 -0.969062
vn -0.463571 0.222586 -0.857646
vn -0.181304 0.175604 -0.967622
vn -0.215200 0.475300 -0.853100
vn 0.178994 -0.967468 0.178794
vn 0.680967 -0.680967 0.269387
vn 0.594100 -0.594100 0.542300
vn 0.178994 -0.967468 0.178794
vn 0.417288 -0.875575 0.243393
vn 0.680967 -0.680967 0.269387
vn 0.728924 0.257008 0.634521
vn 0.164596 0.193595 0.967176
vn 0.469801 0.218900 0.855202
vn 0.728924 0.257008 0.634521
vn 0.663329 0.517522 0.540523
vn 0.164596 0.193595 0.967176
vn -0.869085 0.016400 -0.494391
vn -0.181997 0.176197 -0.967384
vn -0.438504 0.235202 -0.867407
vn -0.869085 0.016400 -0.494391
vn -0.663822 0.517417 -0.540018
vn -0.181997 0.176197 -0.967384
vn 0.987003 0.009800 -0.160401
vn 0.586186 -0.691783 0.421690
vn 0.799251 -0.590164 0.113593
vn 0.987003 0.009800 -0.160401
vn 0.837735 0.452819 0.305213
vn 0.586186 -0.691783 0.421690
vn 0.238003 0.066101 0.969013
vn -0.177502 0.176802 0.968109
vn -0.460501 -0.224500 0.858801
vn 0.238003 0.066101 0.969013
vn 0.228208 0.453716 0.861431
vn -0.177502 0.176802 0.968109
vn -0.969078 0.191596 0.155496
vn -0.968102 0.179800 -0.174500
vn -0.879502 -0.246301 -0.407201
vn -0.969078 0.191596 0.155496
vn -0.866168 0.441484 0.234191
vn -0.968102 0.179800 -0.174500
vn 0.662905 -0.029900 -0.748106
vn 0.000600 -0.716986 -0.697087
vn 0.560404 0.004700 -0.828206
vn 0.662905 -0.029900 -0.748106
vn 0.209489 -0.693164 -0.689665
vn 0.000600 -0.716986 -0.697087
vn 0.369286 0.927965 0.050098
vn 0.526997 0.756795 0.386698
vn 0.795973 0.593880 0.117196
vn 0.369286 0.927965 0.050098
vn 0.267003 0.944110 0.193302
vn 0.526997 0.756795 0.386698
vn -0.594291 0.594191 0.541992
vn -0.517903 0.540803 0.662804
vn -0.181796 0.967477 0.175896
vn -0.594291 0.594191 0.541992
vn -0.480571 0.480571 0.733555
vn -0.517903 0.540803 0.662804
vn 0.706976 -0.706876 -0.022599
vn 0.875499 -0.417500 0.243300
vn 0.680967 -0.680967 0.269387
vn 0.706976 -0.706876 -0.022599
vn 0.968087 -0.174898 -0.179498
vn 0.875499 -0.417500 0.243300
vn 0.969061 0.085897 -0.231391
vn 0.968037 0.182907 0.171607
vn 0.875028 -0.242908 0.418714
vn 0.969061 0.085897 -0.231391
vn 0.871664 0.427382 -0.239890
vn 0.968037 0.182907 0.171607
vn -0.517804 -0.663206 0.540405
vn 0.241707 -0.873727 0.422113
vn -0.231797 -0.590293 0.773191
vn -0.517804 -0.663206 0.540405
vn -0.182898 -0.967987 0.171898
vn 0.241707 -0.873727 0.422113
vn 0.586186 -0.691783 0.421690
vn 0.662907 0.029800 0.748108
vn 0.199990 -0.689866 0.695765
vn 0.586186 -0.691783 0.421690
vn 0.837735 0.452819 0.305213
vn 0.662907 0.029800 0.748108
vn -0.866279 0.047599 0.497288
vn -0.967479 0.181296 0.176396
vn -0.863024 0.230106 0.449712
vn -0.866279 0.047599 0.497288
vn -0.540803 0.517903 0.662804
vn -0.967479 0.181296 0.176396
vn -0.648668 0.648968 -0.397580
vn -0.166804 0.967822 -0.188404
vn -0.517598 0.663698 -0.539998
vn -0.648668 0.648968 -0.397580
vn -0.708022 0.705822 -0.022801
vn -0.166804 0.967822 -0.188404
vn -0.169098 -0.185998 -0.967890
vn 0.145905 -0.199207 -0.969035
vn 0.242804 -0.418806 -0.875013
vn -0.169098 -0.185998 -0.967890
vn -0.438504 0.235202 -0.867407
vn 0.145905 -0.199207 -0.969035
vn -0.240004 0.871816 0.427008
vn 0.517008 0.664311 0.539809
vn 0.177105 0.968126 0.177105
vn -0.240004 0.871816 0.427008
vn -0.256896 0.634491 0.728989
vn 0.517008 0.664311 0.539809
vn 0.590695 0.232098 0.772794
vn 0.178707 0.178707 0.967537
vn 0.401687 0.247592 0.881672
vn 0.590695 0.232098 0.772794
vn 0.663206 0.517804 0.540405
vn 0.178707 0.178707 0.967537
vn 0.868823 -0.434712 0.237006
vn 0.879103 -0.245901 0.408302
vn 0.967485 -0.178597 0.179097
vn 0.868823 -0.434712 0.237006
vn 0.969063 -0.045998 -0.242491
vn 0.879103 -0.245901 0.408302
vn -0.480772 -0.480672 -0.733357
vn -0.179505 -0.175205 -0.968029
vn -0.517611 -0.540211 -0.663514
vn -0.480772 -0.480672 -0.733357
vn -0.540002 -0.517202 -0.664003
vn -0.179505 -0.175205 -0.968029
vn -0.188899 0.967397 0.168700
vn -0.136999 0.520996 0.842493
vn -0.218797 0.855287 0.469693
vn -0.188899 0.967397 0.168700
vn -0.517503 0.540203 0.663604
vn -0.136999 0.520996 0.842493
vn 0.191702 0.967210 -0.166602
vn 0.680012 0.681912 -0.269405
vn 0.594262 0.594062 -0.542165
vn 0.191702 0.967210 -0.166602
vn 0.418714 0.875028 -0.242908
vn 0.680012 0.681912 -0.269405
vn 0.648717 -0.648717 -0.397910
vn 0.968087 -0.174898 -0.179498
vn 0.706976 -0.706876 -0.022599
vn 0.648717 -0.648717 -0.397910
vn 0.663478 -0.517583 -0.540282
vn 0.968087 -0.174898 -0.179498
vn -0.648610 0.649010 -0.397606
vn -0.176698 0.968091 -0.177698
vn -0.517202 0.664003 -0.540002
vn -0.648610 0.649010 -0.397606
vn -0.705327 0.708528 -0.022401
vn -0.176698 0.968091 -0.177698
vn -0.967943 0.186089 -0.168690
vn -0.648391 0.648991 -0.397994
vn -0.663822 0.517417 -0.540018
vn -0.967943 0.186089 -0.168690
vn -0.706775 0.707075 -0.022699
vn -0.648391 0.648991 -0.397994
vn 0.540433 0.517731 -0.663240
vn 0.594397 0.593897 -0.542197
vn 0.967485 0.184697 -0.172797
vn 0.540433 0.517731 -0.663240
vn 0.480306 0.480906 -0.733509
vn 0.594397 0.593897 -0.542197
vn 0.184602 0.170502 -0.967911
vn 0.480217 0.480817 -0.733626
vn 0.540298 0.517798 -0.663297
vn 0.184602 0.170502 -0.967911
vn 0.517703 0.540503 -0.663204
vn 0.480217 0.480817 -0.733626
vn 0.648926 -0.648626 -0.397716
vn 0.968089 -0.172598 -0.181698
vn 0.705677 -0.708177 -0.022499
vn 0.648926 -0.648626 -0.397716
vn 0.663204 -0.517703 -0.540503
vn 0.968089 -0.172598 -0.181698
vn 0.177102 -0.177202 0.968109
vn -0.128698 0.210497 0.969086
vn -0.252295 -0.373692 0.892581
vn 0.177102 -0.177202 0.968109
vn 0.401687 0.247592 0.881672
vn -0.128698 0.210497 0.969086
vn -0.186493 -0.548080 0.815370
vn 0.178697 -0.967485 0.178997
vn 0.517690 -0.540290 0.663388
vn -0.186493 -0.548080 0.815370
vn 0.217794 -0.854776 0.471087
vn 0.178697 -0.967485 0.178997
vn -0.987019 0.009800 0.160303
vn -0.793485 0.608589 -0.001000
vn -0.795973 0.593880 -0.117196
vn -0.987019 0.009800 0.160303
vn -0.900284 -0.189497 -0.391893
vn -0.793485 0.608589 -0.001000
vn -0.706828 -0.707028 0.022501
vn -0.887819 -0.385908 -0.250705
vn -0.681594 -0.680294 -0.269498
vn -0.706828 -0.707028 0.022501
vn -0.967599 -0.162800 0.193000
vn -0.887819 -0.385908 -0.250705
vn 0.967455 0.182492 -0.175292
vn 0.680594 0.681294 -0.269498
vn 0.882284 0.400093 -0.247995
vn 0.967455 0.182492 -0.175292
vn 0.594397 0.593897 -0.542197
vn 0.680594 0.681294 -0.269498
vn -0.248300 0.399201 -0.882602
vn 0.517217 0.539718 -0.664222
vn 0.167794 0.187294 -0.967867
vn -0.248300 0.399201 -0.882602
vn -0.106904 0.853434 -0.510120
vn 0.517217 0.539718 -0.664222
vn -0.865890 -0.442395 -0.233497
vn -0.851066 -0.211492 -0.480581
vn -0.967438 -0.181407 -0.176507
vn -0.865890 -0.442395 -0.233497
vn -0.968999 0.175400 -0.174000
vn -0.851066 -0.211492 -0.480581
vn 0.663478 -0.517583 -0.540282
vn 0.879979 0.246594 -0.405990
vn 0.968087 -0.174898 -0.179498
vn 0.663478 -0.517583 -0.540282
vn 0.769926 0.234408 -0.593520
vn 0.879979 0.246594 -0.405990
vn 0.184495 0.169695 -0.968073
vn 0.480819 0.480819 -0.733230
vn 0.540495 0.517596 -0.663294
vn 0.184495 0.169695 -0.968073
vn 0.517817 0.540618 -0.663022
vn 0.480819 0.480819 -0.733230
vn 0.872566 -0.425084 0.240691
vn 0.869312 -0.237603 0.433406
vn 0.966998 -0.194900 0.164100
vn 0.872566 -0.425084 0.240691
vn 0.969047 -0.111405 -0.220311
vn 0.869312 -0.237603 0.433406
vn -0.540701 0.517501 0.663201
vn -0.593794 0.594594 0.542095
vn -0.967231 0.189206 0.169306
vn -0.540701 0.517501 0.663201
vn -0.480772 0.480672 0.733357
vn -0.593794 0.594594 0.542095
vn -0.236409 -0.436016 0.868332
vn -0.456107 -0.226903 0.860512
vn -0.185193 -0.172393 0.967463
vn -0.236409 -0.436016 0.868332
vn 0.019899 0.245992 0.969068
vn -0.456107 -0.226903 0.860512
vn -0.540211 -0.517611 -0.663514
vn -0.432704 0.237802 -0.869608
vn -0.176992 -0.177592 -0.968057
vn -0.540211 -0.517611 -0.663514
vn -0.852905 0.108801 -0.510603
vn -0.432704 0.237802 -0.869608
vn 0.967574 0.180495 -0.176695
vn 0.680795 0.681095 -0.269498
vn 0.869158 0.433779 -0.237488
vn 0.967574 0.180495 -0.176695
vn 0.593794 0.594594 -0.542095
vn 0.680795 0.681095 -0.269498
vn -0.967231 0.189206 0.169306
vn -0.681594 0.680294 0.269498
vn -0.884712 0.393805 0.249403
vn -0.967231 0.189206 0.169306
vn -0.593794 0.594594 0.542095
vn -0.681594 0.680294 0.269498
vn -0.879942 -0.406120 -0.246512
vn -0.879502 -0.246301 -0.407201
vn -0.967495 -0.181499 -0.176099
vn -0.879942 -0.406120 -0.246512
vn -0.969078 0.191596 0.155496
vn -0.879502 -0.246301 -0.407201
vn 0.837735 0.452819 0.305213
vn 0.209504 0.693212 0.689612
vn 0.662907 0.029800 0.748108
vn 0.837735 0.452819 0.305213
vn 0.526997 0.756795 0.386698
vn 0.209504 0.693212 0.689612
vn 0.176606 -0.178106 0.968033
vn 0.238003 0.066101 0.969013
vn -0.242493 -0.419689 0.874676
vn 0.176606 -0.178106 0.968033
vn 0.418300 0.243000 0.875201
vn 0.238003 0.066101 0.969013
vn -0.594003 -0.594103 -0.542403
vn -0.540211 -0.517611 -0.663514
vn -0.480807 -0.480707 -0.733311
vn -0.594003 -0.594103 -0.542403
vn -0.967401 -0.173800 -0.184200
vn -0.540211 -0.517611 -0.663514
vn -0.098004 -0.949235 -0.298911
vn -0.367510 -0.929124 -0.040801
vn -0.384600 -0.880699 -0.276500
vn -0.098004 -0.949235 -0.298911
vn -0.058903 -0.997350 -0.042702
vn -0.367510 -0.929124 -0.040801
vn -0.517598 0.663698 -0.539998
vn 0.245290 0.878164 -0.410683
vn -0.106904 0.853434 -0.510120
vn -0.517598 0.663698 -0.539998
vn -0.166804 0.967822 -0.188404
vn 0.245290 0.878164 -0.410683
vn -0.218797 0.855287 0.469693
vn 0.517897 0.662896 0.540697
vn 0.190106 0.967832 0.164805
vn -0.218797 0.855287 0.469693
vn -0.136999 0.520996 0.842493
vn 0.517897 0.662896 0.540697
vn 0.228208 0.453716 0.861431
vn -0.517903 0.540803 0.662804
vn -0.177502 0.176802 0.968109
vn 0.228208 0.453716 0.861431
vn -0.033999 0.867778 0.495787
vn -0.517903 0.540803 0.662804
vn -0.005300 -0.999070 -0.042799
vn -0.059502 -0.998228 -0.000200
vn -0.058903 -0.997350 -0.042702
vn -0.005300 -0.999070 -0.042799
vn 0.016400 -0.998906 -0.043800
vn -0.059502 -0.998228 -0.000200
vn -0.663388 -0.517690 0.540290
vn -0.868135 0.236209 0.436517
vn -0.968057 -0.177192 0.177392
vn -0.663388 -0.517690 0.540290
vn -0.765184 -0.237795 0.598287
vn -0.868135 0.236209 0.436517
vn -0.648794 -0.648894 0.397496
vn -0.967599 -0.162800 0.193000
vn -0.706828 -0.707028 0.022501
vn -0.648794 -0.648894 0.397496
vn -0.663911 -0.517209 0.540109
vn -0.967599 -0.162800 0.193000
vn 0.125898 -0.516492 0.846986
vn 0.179797 -0.967484 0.177897
vn 0.517903 -0.540803 0.662804
vn 0.125898 -0.516492 0.846986
vn 0.240400 -0.872200 0.426000
vn 0.179797 -0.967484 0.177897
vn 0.793479 -0.608584 -0.004100
vn 0.367508 -0.929120 0.040901
vn 0.344308 -0.938822 -0.008100
vn 0.793479 -0.608584 -0.004100
vn 0.799251 -0.590164 0.113593
vn 0.367508 -0.929120 0.040901
vn 0.648929 -0.648929 -0.397218
vn 0.967872 -0.186095 -0.169095
vn 0.707223 -0.706623 -0.022801
vn 0.648929 -0.648929 -0.397218
vn 0.663912 -0.517310 -0.540010
vn 0.967872 -0.186095 -0.169095
vn 0.199894 0.689879 -0.695779
vn 0.560404 0.004700 -0.828206
vn -0.009099 0.716957 -0.697058
vn 0.199894 0.689879 -0.695779
vn 0.662905 -0.029900 -0.748106
vn 0.560404 0.004700 -0.828206
vn 0.888111 0.250903 -0.385105
vn 0.882284 0.400093 -0.247995
vn 0.969063 -0.045998 -0.242491
vn 0.888111 0.250903 -0.385105
vn 0.967455 0.182492 -0.175292
vn 0.882284 0.400093 -0.247995
vn -0.432704 0.237802 -0.869608
vn -0.248300 0.399201 -0.882602
vn 0.052302 0.241309 -0.969038
vn -0.432704 0.237802 -0.869608
vn -0.165202 0.193402 -0.967111
vn -0.248300 0.399201 -0.882602
vn 0.427100 0.871799 -0.239900
vn 0.707726 0.706126 0.022601
vn 0.680194 0.681694 -0.269498
vn 0.427100 0.871799 -0.239900
vn 0.177292 0.968057 0.177292
vn 0.707726 0.706126 0.022601
vn -0.681513 0.680413 0.269405
vn -0.188899 0.967397 0.168700
vn -0.503789 0.842082 0.192596
vn -0.681513 0.680413 0.269405
vn -0.594100 0.594100 0.542300
vn -0.188899 0.967397 0.168700
vn -0.866389 -0.440994 -0.234297
vn -0.866226 -0.234107 -0.441413
vn -0.966996 -0.195499 -0.163399
vn -0.866389 -0.440994 -0.234297
vn -0.969132 0.136804 0.205107
vn -0.866226 -0.234107 -0.441413
vn 0.681013 -0.680913 0.269405
vn 0.967465 -0.172594 0.184993
vn 0.593962 -0.594362 0.542165
vn 0.681013 -0.680913 0.269405
vn 0.870598 -0.430099 0.238900
vn 0.967465 -0.172594 0.184993
vn -0.663260 -0.517669 0.540467
vn -0.881072 0.247292 0.403187
vn -0.968074 -0.176495 0.177995
vn -0.663260 -0.517669 0.540467
vn -0.663591 0.264196 0.699891
vn -0.881072 0.247292 0.403187
vn -0.968027 0.180105 -0.174605
vn -0.648668 0.648968 -0.397580
vn -0.663515 0.517712 -0.540113
vn -0.968027 0.180105 -0.174605
vn -0.708022 0.705822 -0.022801
vn -0.648668 0.648968 -0.397580
vn -0.182898 -0.967987 0.171898
vn 0.177901 -0.969006 -0.171401
vn 0.241707 -0.873727 0.422113
vn -0.182898 -0.967987 0.171898
vn -0.454312 -0.861223 -0.227806
vn 0.177901 -0.969006 -0.171401
vn -0.517282 0.663877 -0.540081
vn 0.232810 0.865038 -0.444420
vn -0.038500 0.867409 -0.496105
vn -0.517282 0.663877 -0.540081
vn -0.190000 0.967803 -0.165100
vn 0.232810 0.865038 -0.444420
vn 0.517798 0.540298 -0.663297
vn 0.593794 0.594594 -0.542095
vn 0.480906 0.480306 -0.733509
vn 0.517798 0.540298 -0.663297
vn 0.175109 0.967447 -0.182709
vn 0.593794 0.594594 -0.542095
vn -0.663821 0.517316 -0.540117
vn -0.517202 0.664003 -0.540002
vn -0.169897 0.188397 -0.967286
vn -0.663821 0.517316 -0.540117
vn -0.648610 0.649010 -0.397606
vn -0.517202 0.664003 -0.540002
vn -0.517303 -0.664004 0.539903
vn 0.235989 -0.867861 0.437180
vn -0.049002 -0.866238 0.497222
vn -0.517303 -0.664004 0.539903
vn -0.184497 -0.967984 0.170197
vn 0.235989 -0.867861 0.437180
vn 0.112601 -0.947206 -0.300202
vn -0.005300 -0.999070 -0.042799
vn 0.011700 -0.955180 -0.295794
vn 0.112601 -0.947206 -0.300202
vn 0.058599 -0.997385 -0.042299
vn -0.005300 -0.999070 -0.042799
vn 0.858282 0.090198 0.505189
vn 0.189403 0.168603 0.967316
vn 0.418300 0.243000 0.875201
vn 0.858282 0.090198 0.505189
vn 0.663970 0.517377 0.539876
vn 0.189403 0.168603 0.967316
vn -0.229206 0.862323 0.451512
vn 0.517690 0.663388 0.540290
vn 0.177306 0.968034 0.177406
vn -0.229206 0.862323 0.451512
vn 0.107402 0.853317 0.510210
vn 0.517690 0.663388 0.540290
vn 0.517817 0.540618 -0.663022
vn 0.594097 0.594197 -0.542198
vn 0.480819 0.480819 -0.733230
vn 0.517817 0.540618 -0.663022
vn 0.185997 0.967485 -0.171397
vn 0.594097 0.594197 -0.542198
vn 0.969047 -0.111405 -0.220311
vn 0.968016 0.183303 0.171303
vn 0.869312 -0.237603 0.433406
vn 0.969047 -0.111405 -0.220311
vn 0.861456 0.453677 -0.228188
vn 0.968016 0.183303 0.171303
vn 0.231101 0.863803 -0.447702
vn 0.421819 0.873840 -0.241811
vn 0.175109 0.967447 -0.182709
vn 0.231101 0.863803 -0.447702
vn -0.243897 0.969088 -0.037200
vn 0.421819 0.873840 -0.241811
vn 0.871664 0.427382 -0.239890
vn 0.707726 0.706126 0.022601
vn 0.968037 0.182907 0.171607
vn 0.871664 0.427382 -0.239890
vn 0.680194 0.681694 -0.269498
vn 0.707726 0.706126 0.022601
vn 0.188208 -0.967843 -0.166907
vn 0.648726 -0.648826 -0.397716
vn 0.706923 -0.706923 -0.022801
vn 0.188208 -0.967843 -0.166907
vn 0.517196 -0.664094 -0.539895
vn 0.648726 -0.648826 -0.397716
vn 0.586900 0.229000 -0.776600
vn 0.967574 0.180495 -0.176695
vn 0.850736 0.210909 -0.481420
vn 0.586900 0.229000 -0.776600
vn 0.539895 0.517196 -0.664094
vn 0.967574 0.180495 -0.176695
vn 0.968087 -0.174898 -0.179498
vn 0.969061 0.085897 -0.231391
vn 0.875499 -0.417500 0.243300
vn 0.968087 -0.174898 -0.179498
vn 0.879979 0.246594 -0.405990
vn 0.969061 0.085897 -0.231391
vn 0.168797 -0.967981 -0.185796
vn 0.648810 -0.648810 -0.397606
vn 0.706476 -0.707376 -0.022599
vn 0.168797 -0.967981 -0.185796
vn 0.517518 -0.663824 -0.539919
vn 0.648810 -0.648810 -0.397606
vn 0.968037 0.182907 0.171607
vn 0.648684 0.648884 0.397690
vn 0.663514 0.517611 0.540211
vn 0.968037 0.182907 0.171607
vn 0.707726 0.706126 0.022601
vn 0.648684 0.648884 0.397690
vn -0.837896 0.452598 -0.305099
vn -0.795973 0.593880 -0.117196
vn -0.526997 0.756795 -0.386698
vn -0.837896 0.452598 -0.305099
vn -0.987019 0.009800 0.160303
vn -0.795973 0.593880 -0.117196
vn -0.112499 0.947189 -0.300296
vn -0.526997 0.756795 -0.386698
vn -0.267008 0.944128 -0.193206
vn -0.112499 0.947189 -0.300296
vn -0.209599 0.693098 -0.689698
vn -0.526997 0.756795 -0.386698
vn 0.480730 -0.480730 0.733346
vn 0.175909 -0.178709 0.968049
vn 0.517690 -0.540290 0.663388
vn 0.480730 -0.480730 0.733346
vn 0.540290 -0.517690 0.663388
vn 0.175909 -0.178709 0.968049
vn 0.178697 -0.967485 0.178997
vn 0.680985 -0.680985 0.269294
vn 0.594006 -0.594006 0.542506
vn 0.178697 -0.967485 0.178997
vn 0.478202 -0.852004 0.213101
vn 0.680985 -0.680985 0.269294
vn 0.871607 0.239702 -0.427603
vn 0.861456 0.453677 -0.228188
vn 0.969047 -0.111405 -0.220311
vn 0.871607 0.239702 -0.427603
vn 0.967476 0.183995 -0.173596
vn 0.861456 0.453677 -0.228188
vn 0.267003 0.944110 0.193302
vn 0.058599 0.997385 0.042299
vn 0.112597 0.947178 0.300293
vn 0.267003 0.944110 0.193302
vn 0.369286 0.927965 0.050098
vn 0.058599 0.997385 0.042299
vn -0.517611 -0.663514 0.540211
vn -0.663388 -0.517690 0.540290
vn -0.648810 -0.648810 0.397606
vn -0.517611 -0.663514 0.540211
vn -0.179697 -0.177997 0.967484
vn -0.663388 -0.517690 0.540290
vn -0.968999 0.175400 -0.174000
vn -0.968121 0.179304 -0.174904
vn -0.851066 -0.211492 -0.480581
vn -0.968999 0.175400 -0.174000
vn -0.845932 0.493918 0.201108
vn -0.968121 0.179304 -0.174904
vn -0.900284 -0.189497 -0.391893
vn -0.799308 0.590106 0.113501
vn -0.793485 0.608589 -0.001000
vn -0.900284 -0.189497 -0.391893
vn -0.987002 -0.009900 -0.160400
vn -0.799308 0.590106 0.113501
vn 0.594100 -0.594100 0.542300
vn 0.540318 -0.517617 0.663422
vn 0.480784 -0.480784 0.733276
vn 0.594100 -0.594100 0.542300
vn 0.967464 -0.180893 0.176893
vn 0.540318 -0.517617 0.663422
vn -0.663515 0.517712 -0.540113
vn -0.517598 0.663698 -0.539998
vn -0.165202 0.193402 -0.967111
vn -0.663515 0.517712 -0.540113
vn -0.648668 0.648968 -0.397580
vn -0.517598 0.663698 -0.539998
vn 0.540318 -0.517617 0.663422
vn 0.405288 0.246693 0.880275
vn 0.176895 -0.177595 0.968074
vn 0.540318 -0.517617 0.663422
vn 0.663284 0.264194 0.700183
vn 0.405288 0.246693 0.880275
vn -0.593994 -0.594394 -0.542095
vn -0.540002 -0.517202 -0.664003
vn -0.480772 -0.480672 -0.733357
vn -0.593994 -0.594394 -0.542095
vn -0.967243 -0.169907 -0.188608
vn -0.540002 -0.517202 -0.664003
vn -0.968121 0.179304 -0.174904
vn -0.648929 0.648929 -0.397218
vn -0.663729 0.517323 -0.540223
vn -0.968121 0.179304 -0.174904
vn -0.708125 0.705725 -0.022601
vn -0.648929 0.648929 -0.397218
vn 0.369320 -0.927951 -0.050103
vn 0.059601 -0.998222 0.000200
vn 0.058599 -0.997385 -0.042299
vn 0.369320 -0.927951 -0.050103
vn 0.344308 -0.938822 -0.008100
vn 0.059601 -0.998222 0.000200
vn 0.967692 0.191598 0.163899
vn 0.648584 0.648984 0.397690
vn 0.663296 0.517697 0.540397
vn 0.967692 0.191598 0.163899
vn 0.707924 0.705924 0.022701
vn 0.648584 0.648984 0.397690
vn -0.059601 0.998222 0.000200
vn -0.369284 0.927960 -0.050198
vn -0.344308 0.938822 -0.008100
vn -0.059601 0.998222 0.000200
vn -0.058499 0.997391 -0.042300
vn -0.369284 0.927960 -0.050198
vn 0.175109 0.967447 -0.182709
vn 0.680795 0.681095 -0.269498
vn 0.593794 0.594594 -0.542095
vn 0.175109 0.967447 -0.182709
vn 0.421819 0.873840 -0.241811
vn 0.680795 0.681095 -0.269498
vn -0.862211 -0.072701 0.501306
vn -0.967231 0.189206 0.169306
vn -0.876850 0.244286 0.414076
vn -0.862211 -0.072701 0.501306
vn -0.540701 0.517501 0.663201
vn -0.967231 0.189206 0.169306
vn 0.344308 0.938822 0.008100
vn 0.795973 0.593880 0.117196
vn 0.793479 0.608584 0.004100
vn 0.344308 0.938822 0.008100
vn 0.369286 0.927965 0.050098
vn 0.795973 0.593880 0.117196
vn -0.648884 -0.648684 0.397690
vn -0.180393 -0.968065 0.174094
vn -0.517570 -0.663662 0.540069
vn -0.648884 -0.648684 0.397690
vn -0.707278 -0.706578 0.022499
vn -0.180393 -0.968065 0.174094
vn -0.060502 -0.969131 -0.239008
vn 0.168797 -0.967981 -0.185796
vn 0.478202 -0.852004 0.213101
vn -0.060502 -0.969131 -0.239008
vn -0.239400 -0.871299 -0.428399
vn 0.168797 -0.967981 -0.185796
vn 0.539911 -0.517411 0.663914
vn 0.401687 0.247592 0.881672
vn 0.177102 -0.177202 0.968109
vn 0.539911 -0.517411 0.663914
vn 0.590695 0.232098 0.772794
vn 0.401687 0.247592 0.881672
vn 0.869158 0.433779 -0.237488
vn 0.704219 0.709619 0.022701
vn 0.967869 0.189494 0.165295
vn 0.869158 0.433779 -0.237488
vn 0.680795 0.681095 -0.269498
vn 0.704219 0.709619 0.022701
vn -0.967495 -0.181499 -0.176099
vn -0.653495 0.262398 -0.709994
vn -0.540582 -0.517783 -0.663078
vn -0.967495 -0.181499 -0.176099
vn -0.879502 -0.246301 -0.407201
vn -0.653495 0.262398 -0.709994
vn -0.885893 -0.341097 0.314398
vn -0.461925 -0.056003 0.885149
vn -1.000000 0.000100 0.000100
vn -0.885893 -0.341097 0.314398
vn -0.842834 -0.091604 0.530321
vn -0.461925 -0.056003 0.885149
vn -0.879502 -0.246301 -0.407201
vn -0.663296 0.517697 -0.540397
vn -0.653495 0.262398 -0.709994
vn -0.879502 -0.246301 -0.407201
vn -0.968102 0.179800 -0.174500
vn -0.663296 0.517697 -0.540397
vn 0.540290 -0.517690 0.663388
vn 0.434091 0.237195 0.869082
vn 0.175909 -0.178709 0.968049
vn 0.540290 -0.517690 0.663388
vn 0.663676 0.264290 0.699775
vn 0.434091 0.237195 0.869082
vn 0.517404 -0.539805 0.664006
vn 0.594100 -0.594100 0.542300
vn 0.480784 -0.480784 0.733276
vn 0.517404 -0.539805 0.664006
vn 0.185905 -0.967324 0.172404
vn 0.594100 -0.594100 0.542300
vn 0.186794 -0.161295 -0.969068
vn 0.171203 0.183403 -0.968015
vn 0.414785 -0.244091 -0.876569
vn 0.186794 -0.161295 -0.969068
vn -0.241190 0.423983 -0.872964
vn 0.171203 0.183403 -0.968015
vn -0.119798 0.849086 -0.514491
vn 0.182406 0.967433 -0.175506
vn 0.517301 0.540401 -0.663601
vn -0.119798 0.849086 -0.514491
vn 0.235811 0.867839 -0.437320
vn 0.182406 0.967433 -0.175506
vn -0.987002 -0.009900 -0.160400
vn -0.586186 0.691783 0.421690
vn -0.799308 0.590106 0.113501
vn -0.987002 -0.009900 -0.160400
vn -0.837871 -0.452584 0.305189
vn -0.586186 0.691783 0.421690
vn -0.679976 0.681876 0.269590
vn -0.174401 0.967406 0.183601
vn -0.436598 0.868097 0.236199
vn -0.679976 0.681876 0.269590
vn -0.594394 0.593994 0.542095
vn -0.174401 0.967406 0.183601
vn 0.799251 -0.590164 0.113593
vn 0.384781 -0.880656 0.276386
vn 0.367508 -0.929120 0.040901
vn 0.799251 -0.590164 0.113593
vn 0.586186 -0.691783 0.421690
vn 0.384781 -0.880656 0.276386
vn -0.503789 0.842082 0.192596
vn -0.218797 0.855287 0.469693
vn 0.233612 0.969049 0.079804
vn -0.503789 0.842082 0.192596
vn -0.188899 0.967397 0.168700
vn -0.218797 0.855287 0.469693
vn -0.199894 -0.689879 -0.695779
vn -0.384600 -0.880699 -0.276500
vn -0.586186 -0.691783 -0.421690
vn -0.199894 -0.689879 -0.695779
vn -0.098004 -0.949235 -0.298911
vn -0.384600 -0.880699 -0.276500
vn -0.848608 0.121401 -0.514905
vn -0.169897 0.188397 -0.967286
vn -0.442804 0.233402 -0.865707
vn -0.848608 0.121401 -0.514905
vn -0.663821 0.517316 -0.540117
vn -0.169897 0.188397 -0.967286
vn 0.967241 -0.188708 0.169807
vn 0.590695 0.232098 0.772794
vn 0.539911 -0.517411 0.663914
vn 0.967241 -0.188708 0.169807
vn 0.873289 -0.241397 0.423195
vn 0.590695 0.232098 0.772794
vn -0.648794 -0.648894 0.397496
vn -0.178698 -0.968090 0.175698
vn -0.517295 -0.663693 0.540294
vn -0.648794 -0.648894 0.397496
vn -0.706828 -0.707028 0.022501
vn -0.178698 -0.968090 0.175698
vn 0.706476 -0.707376 -0.022599
vn 0.868823 -0.434712 0.237006
vn 0.680985 -0.680985 0.269294
vn 0.706476 -0.707376 -0.022599
vn 0.967941 -0.170107 -0.184808
vn 0.868823 -0.434712 0.237006
vn 0.058599 0.997385 0.042299
vn 0.029200 0.998907 -0.036500
vn -0.000400 0.999079 0.042899
vn 0.058599 0.997385 0.042299
vn 0.059502 0.998228 -0.000200
vn 0.029200 0.998907 -0.036500
vn -0.540803 0.517903 0.662804
vn -0.594291 0.594191 0.541992
vn -0.967479 0.181296 0.176396
vn -0.540803 0.517903 0.662804
vn -0.480571 0.480571 0.733555
vn -0.594291 0.594191 0.541992
vn 0.177901 -0.969006 -0.171401
vn 0.185210 -0.967952 -0.169609
vn 0.404315 -0.880634 0.247009
vn 0.177901 -0.969006 -0.171401
vn -0.238105 -0.869919 -0.431910
vn 0.185210 -0.967952 -0.169609
vn 0.454014 0.861327 -0.228007
vn 0.707676 0.706176 0.022599
vn 0.681095 0.680795 -0.269498
vn 0.454014 0.861327 -0.228007
vn 0.190106 0.967832 0.164805
vn 0.707676 0.706176 0.022599
vn -0.648775 -0.648675 0.397885
vn -0.184497 -0.967984 0.170197
vn -0.517303 -0.664004 0.539903
vn -0.648775 -0.648675 0.397885
vn -0.706826 -0.707026 0.022601
vn -0.184497 -0.967984 0.170197
vn -0.458780 -0.225490 0.859462
vn -0.540282 0.517583 0.663478
vn -0.868884 0.020500 0.494591
vn -0.458780 -0.225490 0.859462
vn -0.176994 0.176994 0.968167
vn -0.540282 0.517583 0.663478
vn 0.418300 0.243000 0.875201
vn 0.228208 0.453716 0.861431
vn 0.238003 0.066101 0.969013
vn 0.418300 0.243000 0.875201
vn 0.189403 0.168603 0.967316
vn 0.228208 0.453716 0.861431
vn 0.245290 0.878164 -0.410683
vn 0.456296 0.860492 -0.226598
vn 0.170693 0.967263 -0.187793
vn 0.245290 0.878164 -0.410683
vn -0.126705 0.969041 -0.211909
vn 0.456296 0.860492 -0.226598
vn 0.526997 -0.756795 -0.386698
vn 0.112601 -0.947206 -0.300202
vn 0.209489 -0.693164 -0.689665
vn 0.526997 -0.756795 -0.386698
vn 0.267008 -0.944128 -0.193206
vn 0.112601 -0.947206 -0.300202
vn 0.517404 -0.539805 0.664006
vn -0.252295 -0.373692 0.892581
vn -0.231797 -0.590293 0.773191
vn 0.517404 -0.539805 0.664006
vn 0.177102 -0.177202 0.968109
vn -0.252295 -0.373692 0.892581
vn 0.035199 0.244291 0.969063
vn -0.174697 0.179697 0.968086
vn -0.407117 -0.246311 0.879538
vn 0.035199 0.244291 0.969063
vn 0.236304 0.436507 0.868114
vn -0.174697 0.179697 0.968086
vn -0.369284 -0.927960 0.050198
vn -0.526904 -0.756806 0.386803
vn -0.795973 -0.593880 0.117196
vn -0.369284 -0.927960 0.050198
vn -0.266910 -0.944135 0.193307
vn -0.526904 -0.756806 0.386803
vn -0.517303 -0.664004 0.539903
vn -0.663968 -0.517275 0.539974
vn -0.648775 -0.648675 0.397885
vn -0.517303 -0.664004 0.539903
vn -0.167997 -0.190097 0.967285
vn -0.663968 -0.517275 0.539974
vn 0.178497 -0.179197 -0.967485
vn 0.863608 -0.065401 -0.499904
vn 0.663971 -0.517478 -0.539777
vn 0.178497 -0.179197 -0.967485
vn 0.429698 -0.238899 -0.870797
vn 0.863608 -0.065401 -0.499904
vn 0.235811 0.867839 -0.437320
vn 0.427100 0.871799 -0.239900
vn 0.182406 0.967433 -0.175506
vn 0.235811 0.867839 -0.437320
vn -0.236892 0.969068 -0.069198
vn 0.427100 0.871799 -0.239900
vn 0.663329 0.517522 0.540523
vn 0.517008 0.664311 0.539809
vn 0.164596 0.193595 0.967176
vn 0.663329 0.517522 0.540523
vn 0.649068 0.648568 0.397580
vn 0.517008 0.664311 0.539809
vn -0.517602 0.663203 -0.540602
vn 0.204799 0.847498 -0.489699
vn -0.094801 0.506505 -0.857009
vn -0.517602 0.663203 -0.540602
vn -0.180498 0.968188 -0.173298
vn 0.204799 0.847498 -0.489699
vn -0.648810 -0.648810 0.397606
vn -0.182898 -0.967987 0.171898
vn -0.517804 -0.663206 0.540405
vn -0.648810 -0.648810 0.397606
vn -0.707674 -0.706174 0.022699
vn -0.182898 -0.967987 0.171898
vn 0.517583 -0.663478 -0.540282
vn 0.663204 -0.517703 -0.540503
vn 0.648926 -0.648626 -0.397716
vn 0.517583 -0.663478 -0.540282
vn 0.182996 -0.175196 -0.967377
vn 0.663204 -0.517703 -0.540503
vn 0.000400 -0.999079 0.042899
vn -0.112601 -0.947206 0.300202
vn -0.058599 -0.997385 0.042299
vn 0.000400 -0.999079 0.042899
vn -0.011800 -0.955179 0.295794
vn -0.112601 -0.947206 0.300202
vn 0.968016 0.183303 0.171303
vn 0.648717 0.648717 0.397910
vn 0.663970 0.517377 0.539876
vn 0.968016 0.183303 0.171303
vn 0.706978 0.706878 0.022499
vn 0.648717 0.648717 0.397910
vn -0.201706 -0.559916 -0.803623
vn 0.179909 -0.178509 -0.967351
vn 0.517196 -0.664094 -0.539895
vn -0.201706 -0.559916 -0.803623
vn 0.242804 -0.418806 -0.875013
vn 0.179909 -0.178509 -0.967351
vn -0.765184 -0.237795 0.598287
vn -0.967235 0.190607 0.167706
vn -0.868135 0.236209 0.436517
vn -0.765184 -0.237795 0.598287
vn -0.540397 0.517697 0.663296
vn -0.967235 0.190607 0.167706
vn -0.245301 -0.410802 0.878105
vn -0.407117 -0.246311 0.879538
vn -0.175599 -0.181999 0.967492
vn -0.245301 -0.410802 0.878105
vn 0.035199 0.244291 0.969063
vn -0.407117 -0.246311 0.879538
vn -0.884712 0.393805 0.249403
vn -0.705327 0.708528 -0.022401
vn -0.967914 0.186503 -0.168402
vn -0.884712 0.393805 0.249403
vn -0.681594 0.680294 0.269498
vn -0.705327 0.708528 -0.022401
vn -0.106904 0.853434 -0.510120
vn 0.170693 0.967263 -0.187793
vn 0.517217 0.539718 -0.664222
vn -0.106904 0.853434 -0.510120
vn 0.245290 0.878164 -0.410683
vn 0.170693 0.967263 -0.187793
vn 0.232810 0.865038 -0.444420
vn 0.418714 0.875028 -0.242908
vn 0.191702 0.967210 -0.166602
vn 0.232810 0.865038 -0.444420
vn -0.149903 0.969118 0.195804
vn 0.418714 0.875028 -0.242908
vn -0.517295 -0.663693 0.540294
vn -0.663911 -0.517209 0.540109
vn -0.648794 -0.648894 0.397496
vn -0.517295 -0.663693 0.540294
vn -0.185193 -0.172393 0.967463
vn -0.663911 -0.517209 0.540109
vn -0.167997 -0.190097 0.967285
vn -0.866279 0.047599 0.497288
vn -0.663968 -0.517275 0.539974
vn -0.167997 -0.190097 0.967285
vn -0.460501 -0.224500 0.858801
vn -0.866279 0.047599 0.497288
vn -0.851066 -0.211492 -0.480581
vn -0.663729 0.517323 -0.540223
vn -0.773548 0.231514 -0.589936
vn -0.851066 -0.211492 -0.480581
vn -0.968121 0.179304 -0.174904
vn -0.663729 0.517323 -0.540223
vn -0.517684 -0.540183 -0.663480
vn 0.236493 -0.435887 -0.868374
vn 0.098599 -0.855994 -0.507496
vn -0.517684 -0.540183 -0.663480
vn -0.176992 -0.177592 -0.968057
vn 0.236493 -0.435887 -0.868374
vn 0.367508 0.929120 -0.040901
vn 0.793479 0.608584 0.004100
vn 0.799299 0.590099 -0.113600
vn 0.367508 0.929120 -0.040901
vn 0.344308 0.938822 0.008100
vn 0.793479 0.608584 0.004100
vn 0.594006 -0.594006 0.542506
vn 0.540290 -0.517690 0.663388
vn 0.480730 -0.480730 0.733346
vn 0.594006 -0.594006 0.542506
vn 0.967485 -0.178597 0.179097
vn 0.540290 -0.517690 0.663388
vn -0.058897 0.997355 0.042598
vn -0.344308 0.938822 -0.008100
vn -0.367508 0.929120 0.040901
vn -0.058897 0.997355 0.042598
vn -0.059601 0.998222 0.000200
vn -0.344308 0.938822 -0.008100
vn -0.967791 -0.191098 0.163898
vn -0.969132 0.136804 0.205107
vn -0.866389 -0.440994 -0.234297
vn -0.967791 -0.191098 0.163898
vn -0.863024 0.230106 0.449712
vn -0.969132 0.136804 0.205107
vn 0.423911 -0.873022 0.241106
vn 0.705677 -0.708177 -0.022499
vn 0.681013 -0.680913 0.269405
vn 0.423911 -0.873022 0.241106
vn 0.177098 -0.968092 -0.177298
vn 0.705677 -0.708177 -0.022499
vn -0.540389 -0.517589 -0.663386
vn -0.438504 0.235202 -0.867407
vn -0.169098 -0.185998 -0.967890
vn -0.540389 -0.517589 -0.663386
vn -0.869085 0.016400 -0.494391
vn -0.438504 0.235202 -0.867407
vn -0.594133 -0.594133 -0.542230
vn -0.540610 -0.517709 -0.663112
vn -0.480819 -0.480819 -0.733230
vn -0.594133 -0.594133 -0.542230
vn -0.967438 -0.181407 -0.176507
vn -0.540610 -0.517709 -0.663112
vn -0.706826 -0.707026 0.022601
vn -0.449493 -0.863087 -0.230297
vn -0.184497 -0.967984 0.170197
vn -0.706826 -0.707026 0.022601
vn -0.681912 -0.680012 -0.269405
vn -0.449493 -0.863087 -0.230297
vn 0.870598 -0.430099 0.238900
vn 0.854826 -0.218407 0.470714
vn 0.967465 -0.172594 0.184993
vn 0.870598 -0.430099 0.238900
vn 0.969095 0.243699 0.038300
vn 0.854826 -0.218407 0.470714
vn 0.267008 -0.944128 -0.193206
vn 0.058599 -0.997385 -0.042299
vn 0.112601 -0.947206 -0.300202
vn 0.267008 -0.944128 -0.193206
vn 0.369320 -0.927951 -0.050103
vn 0.058599 -0.997385 -0.042299
vn 0.664094 -0.517196 -0.539895
vn 0.871607 0.239702 -0.427603
vn 0.967843 -0.188208 -0.166907
vn 0.664094 -0.517196 -0.539895
vn 0.570327 0.213310 -0.793238
vn 0.871607 0.239702 -0.427603
vn 0.873289 -0.241397 0.423195
vn 0.663206 0.517804 0.540405
vn 0.590695 0.232098 0.772794
vn 0.873289 -0.241397 0.423195
vn 0.967964 0.183493 0.171394
vn 0.663206 0.517804 0.540405
vn -0.540282 0.517583 0.663478
vn -0.594100 0.594100 0.542300
vn -0.967363 0.185993 0.172093
vn -0.540282 0.517583 0.663478
vn -0.480919 0.480719 0.733230
vn -0.594100 0.594100 0.542300
vn 0.837871 -0.452584 -0.305189
vn 0.209489 -0.693164 -0.689665
vn 0.662905 -0.029900 -0.748106
vn 0.837871 -0.452584 -0.305189
vn 0.526997 -0.756795 -0.386698
vn 0.209489 -0.693164 -0.689665
vn 0.177292 0.968057 0.177292
vn 0.648684 0.648884 0.397690
vn 0.707726 0.706126 0.022601
vn 0.177292 0.968057 0.177292
vn 0.517703 0.663204 0.540503
vn 0.648684 0.648884 0.397690
vn -0.156403 -0.530210 -0.833316
vn 0.178396 -0.178796 -0.967578
vn 0.517316 -0.663821 -0.540117
vn -0.156403 -0.530210 -0.833316
vn 0.237593 -0.433687 -0.869175
vn 0.178396 -0.178796 -0.967578
vn 1.000000 0.000000 0.000000
vn 1.000000 0.000000 0.000000
vn 0.999834 -0.000100 -0.018201
vn 1.000000 0.000000 0.000000
vn 0.999717 0.023800 0.000000
vn 1.000000 0.000000 0.000000
vn 0.999838 0.000100 0.018001
vn 0.999717 0.023800 0.000000
vn 1.000000 0.000000 0.000000
vn 0.999838 0.000100 0.018001
vn -0.333311 -0.666622 -0.666722
vn 0.999717 0.023800 0.000000
vn 1.000000 0.000000 -0.000100
vn 1.000000 0.000000 0.000000
vn 0.999717 -0.023800 0.000000
vn 1.000000 0.000000 -0.000100
vn 0.999838 0.000100 0.018001
vn 1.000000 0.000000 0.000000
vn 0.999717 -0.023800 0.000000
vn 0.999834 -0.000100 -0.018201
vn -0.333311 0.666622 0.666722
vn 0.999717 -0.023800 0.000000
vn 1.000000 0.000000 0.000000
vn 0.999834 -0.000100 -0.018201
vn 0.179909 -0.178509 -0.967351
vn 0.570327 0.213310 -0.793238
vn 0.664094 -0.517196 -0.539895
vn 0.179909 -0.178509 -0.967351
vn 0.397410 -0.248607 -0.883323
vn 0.570327 0.213310 -0.793238
vn -0.517570 -0.663662 0.540069
vn -0.663260 -0.517669 0.540467
vn -0.648884 -0.648684 0.397690
vn -0.517570 -0.663662 0.540069
vn -0.175599 -0.181999 0.967492
vn -0.663260 -0.517669 0.540467
vn 0.414785 -0.244091 -0.876569
vn 0.540433 0.517731 -0.663240
vn 0.769926 0.234408 -0.593520
vn 0.414785 -0.244091 -0.876569
vn 0.171203 0.183403 -0.968015
vn 0.540433 0.517731 -0.663240
vn 0.405288 0.246693 0.880275
vn 0.236304 0.436507 0.868114
vn 0.035199 0.244291 0.969063
vn 0.405288 0.246693 0.880275
vn 0.175398 0.182198 0.967491
vn 0.236304 0.436507 0.868114
vn 0.112597 0.947178 0.300293
vn -0.000400 0.999079 0.042899
vn 0.011800 0.955179 0.295794
vn 0.112597 0.947178 0.300293
vn 0.058599 0.997385 0.042299
vn -0.000400 0.999079 0.042899
vn -0.149903 0.969118 0.195804
vn 0.192493 0.967667 0.162994
vn 0.418714 0.875028 -0.242908
vn -0.149903 0.969118 0.195804
vn -0.232189 0.864660 0.445479
vn 0.192493 0.967667 0.162994
vn -0.242390 0.419983 -0.874564
vn 0.517798 0.540298 -0.663297
vn 0.167901 0.187502 -0.967808
vn -0.242390 0.419983 -0.874564
vn 0.255900 0.632000 -0.731500
vn 0.517798 0.540298 -0.663297
vn -0.242493 -0.419689 0.874676
vn -0.460501 -0.224500 0.858801
vn -0.167997 -0.190097 0.967285
vn -0.242493 -0.419689 0.874676
vn 0.238003 0.066101 0.969013
vn -0.460501 -0.224500 0.858801
vn 0.875028 -0.242908 0.418714
vn 0.663514 0.517611 0.540211
vn 0.663284 0.264194 0.700183
vn 0.875028 -0.242908 0.418714
vn 0.968037 0.182907 0.171607
vn 0.663514 0.517611 0.540211
vn -0.181304 0.175604 -0.967622
vn -0.094801 0.506505 -0.857009
vn -0.215200 0.475300 -0.853100
vn -0.181304 0.175604 -0.967622
vn -0.517602 0.663203 -0.540602
vn -0.094801 0.506505 -0.857009
vn 0.517617 -0.540318 0.663422
vn 0.594100 -0.594100 0.542300
vn 0.480784 -0.480784 0.733276
vn 0.517617 -0.540318 0.663422
vn 0.178994 -0.967468 0.178794
vn 0.594100 -0.594100 0.542300
vn 0.795973 -0.593880 -0.117196
vn 0.344308 -0.938822 -0.008100
vn 0.369320 -0.927951 -0.050103
vn 0.795973 -0.593880 -0.117196
vn 0.793479 -0.608584 -0.004100
vn 0.344308 -0.938822 -0.008100
vn -0.967438 -0.181407 -0.176507
vn -0.773548 0.231514 -0.589936
vn -0.540610 -0.517709 -0.663112
vn -0.967438 -0.181407 -0.176507
vn -0.851066 -0.211492 -0.480581
vn -0.773548 0.231514 -0.589936
vn 0.517690 -0.540290 0.663388
vn -0.237802 -0.432704 0.869608
vn -0.186493 -0.548080 0.815370
vn 0.517690 -0.540290 0.663388
vn 0.175909 -0.178709 0.968049
vn -0.237802 -0.432704 0.869608
vn -0.663729 0.517323 -0.540223
vn -0.517602 0.663203 -0.540602
vn -0.181304 0.175604 -0.967622
vn -0.663729 0.517323 -0.540223
vn -0.648929 0.648929 -0.397218
vn -0.517602 0.663203 -0.540602
vn -0.706828 -0.707028 0.022501
vn -0.424708 -0.872717 -0.240805
vn -0.178698 -0.968090 0.175698
vn -0.706828 -0.707028 0.022501
vn -0.681594 -0.680294 -0.269498
vn -0.424708 -0.872717 -0.240805
vn 0.011700 -0.955180 -0.295794
vn -0.058903 -0.997350 -0.042702
vn -0.098004 -0.949235 -0.298911
vn 0.011700 -0.955180 -0.295794
vn -0.005300 -0.999070 -0.042799
vn -0.058903 -0.997350 -0.042702
vn 0.235989 -0.867861 0.437180
vn 0.429688 -0.870776 0.238993
vn 0.191297 -0.967187 0.167198
vn 0.235989 -0.867861 0.437180
vn -0.169400 -0.969100 0.179300
vn 0.429688 -0.870776 0.238993
vn -0.517589 -0.540389 -0.663386
vn 0.237593 -0.433687 -0.869175
vn -0.156403 -0.530210 -0.833316
vn -0.517589 -0.540389 -0.663386
vn -0.170601 -0.183501 -0.968103
vn 0.237593 -0.433687 -0.869175
vn -1.000000 0.000100 0.000100
vn -0.993033 -0.002800 0.117804
vn -0.885973 0.340990 -0.314290
vn -1.000000 0.000100 0.000100
vn -0.461925 -0.056003 0.885149
vn -0.993033 -0.002800 0.117804
vn 0.967485 -0.178597 0.179097
vn 0.663676 0.264290 0.699775
vn 0.540290 -0.517690 0.663388
vn 0.967485 -0.178597 0.179097
vn 0.879103 -0.245901 0.408302
vn 0.663676 0.264290 0.699775
vn -0.215211 -0.791641 0.571829
vn -0.175599 -0.181999 0.967492
vn -0.517570 -0.663662 0.540069
vn -0.215211 -0.791641 0.571829
vn -0.245301 -0.410802 0.878105
vn -0.175599 -0.181999 0.967492
vn -0.344308 -0.938822 0.008100
vn -0.795973 -0.593880 0.117196
vn -0.793527 -0.608521 0.004100
vn -0.344308 -0.938822 0.008100
vn -0.369284 -0.927960 0.050198
vn -0.795973 -0.593880 0.117196
vn -0.663696 0.517497 -0.540097
vn -0.517690 0.663388 -0.540290
vn -0.188494 0.169894 -0.967267
vn -0.663696 0.517497 -0.540097
vn -0.649003 0.648803 -0.397302
vn -0.517690 0.663388 -0.540290
vn -0.793479 -0.608584 0.004100
vn -0.987035 -0.009800 -0.160206
vn -0.900392 0.064999 -0.430196
vn -0.793479 -0.608584 0.004100
vn -0.796020 -0.593815 0.117203
vn -0.987035 -0.009800 -0.160206
vn 0.857234 -0.464418 0.222409
vn 0.870094 -0.238398 0.431397
vn 0.967536 -0.177907 0.179507
vn 0.857234 -0.464418 0.222409
vn 0.968998 0.223600 0.105100
vn 0.870094 -0.238398 0.431397
vn -0.079097 -0.860964 0.502479
vn -0.179903 -0.177603 0.967518
vn -0.517792 -0.663389 0.540191
vn -0.079097 -0.860964 0.502479
vn -0.245101 -0.412202 0.877505
vn -0.179903 -0.177603 0.967518
vn 0.837883 -0.452491 -0.305294
vn 0.209408 -0.693127 -0.689727
vn 0.662903 -0.030000 -0.748104
vn 0.837883 -0.452491 -0.305294
vn 0.526924 -0.756734 -0.386917
vn 0.209408 -0.693127 -0.689727
vn -0.517792 -0.663389 0.540191
vn 0.227391 -0.860767 0.455383
vn -0.079097 -0.860964 0.502479
vn -0.517792 -0.663389 0.540191
vn -0.176594 -0.968166 0.177394
vn 0.227391 -0.860767 0.455383
vn 0.424487 -0.872773 0.240993
vn 0.706526 -0.707326 -0.022601
vn 0.679803 -0.682003 0.269701
vn 0.424487 -0.872773 0.240993
vn 0.188800 -0.967901 -0.165900
vn 0.706526 -0.707326 -0.022601
vn 0.178891 -0.967450 0.178991
vn 0.679904 -0.681904 0.269701
vn 0.594300 -0.593900 0.542300
vn 0.178891 -0.967450 0.178991
vn 0.434912 -0.868723 0.237006
vn 0.679904 -0.681904 0.269701
vn -0.540377 -0.517878 -0.663171
vn -0.430300 0.238900 -0.870499
vn -0.178498 -0.175898 -0.968090
vn -0.540377 -0.517878 -0.663171
vn -0.864728 0.059402 -0.498716
vn -0.430300 0.238900 -0.870499
vn -0.707084 0.706784 -0.022100
vn -0.426109 0.872118 0.240505
vn -0.177208 0.968143 -0.176908
vn -0.707084 0.706784 -0.022100
vn -0.681722 0.680122 0.269609
vn -0.426109 0.872118 0.240505
vn 0.707028 -0.706828 -0.022501
vn 0.875999 -0.416100 0.243900
vn 0.680422 -0.681422 0.269609
vn 0.707028 -0.706828 -0.022501
vn 0.967934 -0.168506 -0.186307
vn 0.875999 -0.416100 0.243900
vn 0.663114 -0.517811 -0.540511
vn 0.847404 0.204701 -0.489902
vn 0.967958 -0.187892 -0.166593
vn 0.663114 -0.517811 -0.540511
vn 0.494104 0.012900 -0.869307
vn 0.847404 0.204701 -0.489902
vn -0.451780 0.862161 0.229290
vn -0.242102 0.874008 0.421304
vn 0.000000 0.968991 0.247098
vn -0.451780 0.862161 0.229290
vn -0.178907 0.967537 0.178507
vn -0.242102 0.874008 0.421304
vn 0.176002 0.181502 0.967512
vn -0.254009 0.736426 0.627022
vn 0.251006 0.385709 0.887820
vn 0.176002 0.181502 0.967512
vn 0.517398 0.664097 0.539698
vn -0.254009 0.736426 0.627022
vn -0.969020 -0.186604 0.161803
vn -0.967891 0.188498 -0.166298
vn -0.856474 -0.220793 -0.466586
vn -0.969020 -0.186604 0.161803
vn -0.862779 0.450289 0.229894
vn -0.967891 0.188498 -0.166298
vn 0.679904 -0.681904 0.269701
vn 0.967573 -0.180895 0.176295
vn 0.594300 -0.593900 0.542300
vn 0.679904 -0.681904 0.269701
vn 0.867976 -0.436788 0.236293
vn 0.967573 -0.180895 0.176295
vn 0.508410 0.102302 -0.855017
vn 0.967231 0.191506 -0.166705
vn 0.867875 0.236293 -0.436988
vn 0.508410 0.102302 -0.855017
vn 0.540306 0.517906 -0.663207
vn 0.967231 0.191506 -0.166705
vn -0.517189 -0.664186 0.539789
vn 0.238597 -0.870189 0.431095
vn 0.265604 -0.682009 0.681409
vn -0.517189 -0.664186 0.539789
vn -0.178604 -0.968124 0.175604
vn 0.238597 -0.870189 0.431095
vn 0.517897 -0.540696 0.662896
vn -0.235810 -0.437719 0.867638
vn -0.093202 -0.857418 0.506111
vn 0.517897 -0.540696 0.662896
vn 0.184207 -0.170207 0.968038
vn -0.235810 -0.437719 0.867638
vn -0.864915 -0.058401 -0.498509
vn -0.172696 0.184296 -0.967580
vn -0.483027 0.210012 -0.850047
vn -0.864915 -0.058401 -0.498509
vn -0.663788 0.517491 -0.539990
vn -0.172696 0.184296 -0.967580
vn -0.238806 -0.430911 0.870223
vn -0.461409 -0.224104 0.858417
vn -0.171905 -0.185305 0.967528
vn -0.238806 -0.430911 0.870223
vn -0.047101 -0.242408 0.969030
vn -0.461409 -0.224104 0.858417
vn -0.442193 0.233896 -0.865886
vn -0.245310 0.410517 -0.878236
vn 0.166303 0.182604 -0.969020
vn -0.442193 0.233896 -0.865886
vn -0.171903 0.186403 -0.967318
vn -0.245310 0.410517 -0.878236
vn 0.527016 0.756723 0.386812
vn 0.112502 0.947217 0.300205
vn 0.209504 0.693112 0.689712
vn 0.527016 0.756723 0.386812
vn 0.267003 0.944110 0.193302
vn 0.112502 0.947217 0.300205
vn -0.967537 0.179407 0.178007
vn -0.680995 0.680895 0.269498
vn -0.871602 0.427501 0.239901
vn -0.967537 0.179407 0.178007
vn -0.594006 0.594006 0.542506
vn -0.680995 0.680895 0.269498
vn -0.663877 -0.517282 0.540081
vn -0.877600 0.245100 0.412000
vn -0.967829 -0.188106 0.167105
vn -0.663877 -0.517282 0.540081
vn -0.844977 -0.131096 0.518486
vn -0.877600 0.245100 0.412000
vn 0.000000 1.000000 0.000000
vn -0.333311 0.666622 0.666722
vn 0.999836 0.000100 -0.018101
vn 0.000000 1.000000 0.000000
vn 0.037100 0.999311 0.000600
vn -0.333311 0.666622 0.666722
vn -0.885970 0.341089 -0.314190
vn 0.037100 0.999311 0.000600
vn 0.000000 1.000000 0.000000
vn -0.885970 0.341089 -0.314190
vn -0.993021 -0.002900 0.117902
vn 0.037100 0.999311 0.000600
vn -0.842899 0.091700 -0.530200
vn 0.000000 1.000000 0.000000
vn 0.590791 0.774789 -0.225097
vn -0.842899 0.091700 -0.530200
vn -0.885970 0.341089 -0.314190
vn 0.000000 1.000000 0.000000
vn 0.590791 0.774789 -0.225097
vn 0.999836 0.000100 -0.018101
vn 1.000000 0.000000 0.000000
vn 0.590791 0.774789 -0.225097
vn 0.000000 1.000000 0.000000
vn 0.999836 0.000100 -0.018101
vn 0.586308 0.691609 -0.421806
vn 0.662903 -0.030000 -0.748104
vn 0.199894 0.689879 -0.695779
vn 0.586308 0.691609 -0.421806
vn 0.837883 -0.452491 -0.305294
vn 0.662903 -0.030000 -0.748104
vn 0.085899 0.231697 0.968988
vn -0.168897 0.185697 0.967983
vn -0.439221 -0.235211 0.867041
vn 0.085899 0.231697 0.968988
vn 0.251006 0.385709 0.887820
vn -0.168897 0.185697 0.967983
vn 0.968144 0.172908 0.181108
vn 0.648994 0.648694 0.397496
vn 0.663330 0.517624 0.540425
vn 0.968144 0.172908 0.181108
vn 0.705778 0.708078 0.022399
vn 0.648994 0.648694 0.397496
vn -0.517820 -0.663425 0.540120
vn 0.236104 -0.867816 0.437208
vn -0.114900 -0.850904 0.512602
vn -0.517820 -0.663425 0.540120
vn -0.179501 -0.968103 0.174801
vn 0.236104 -0.867816 0.437208
vn 0.000300 -0.999079 0.042899
vn -0.112601 -0.947206 0.300202
vn -0.058599 -0.997385 0.042299
vn 0.000300 -0.999079 0.042899
vn -0.011799 -0.955151 0.295885
vn -0.112601 -0.947206 0.300202
vn 0.059401 0.998219 -0.005500
vn 0.000400 0.999075 -0.042999
vn 0.025500 0.998910 -0.039100
vn 0.059401 0.998219 -0.005500
vn 0.059003 0.997344 -0.042702
vn 0.000400 0.999075 -0.042999
vn -0.969049 -0.227311 -0.096305
vn -0.968080 0.173696 -0.180696
vn -0.880777 -0.247194 -0.403890
vn -0.969049 -0.227311 -0.096305
vn -0.896879 0.362491 0.253394
vn -0.968080 0.173696 -0.180696
vn 0.227391 -0.860767 0.455383
vn 0.435586 -0.868471 0.236692
vn 0.178304 -0.967519 0.179204
vn 0.227391 -0.860767 0.455383
vn 0.140405 -0.969037 -0.203108
vn 0.435586 -0.868471 0.236692
vn -0.663699 0.517699 -0.539899
vn -0.517693 0.663791 -0.539793
vn -0.175301 0.182202 -0.967508
vn -0.663699 0.517699 -0.539899
vn -0.648852 0.648852 -0.397471
vn -0.517693 0.663791 -0.539793
vn -0.594003 0.594103 0.542403
vn -0.517484 0.539883 0.663880
vn -0.182791 0.967453 0.174992
vn -0.594003 0.594103 0.542403
vn -0.480695 0.480695 0.733392
vn -0.517484 0.539883 0.663880
vn 0.560397 0.006800 -0.828196
vn -0.200004 -0.689813 -0.695813
vn -0.662901 0.030100 -0.748101
vn 0.560397 0.006800 -0.828196
vn 0.009200 -0.716908 -0.697107
vn -0.200004 -0.689813 -0.695813
vn -0.799261 -0.590171 -0.113494
vn -0.900392 0.064999 -0.430196
vn -0.987035 0.009800 0.160206
vn -0.799261 -0.590171 -0.113494
vn -0.793479 -0.608584 0.004100
vn -0.900392 0.064999 -0.430196
vn -0.517518 -0.663824 0.539919
vn -0.663822 -0.517417 0.540018
vn -0.649326 -0.648226 0.397716
vn -0.517518 -0.663824 0.539919
vn -0.176999 -0.180099 0.967593
vn -0.663822 -0.517417 0.540018
vn -0.680904 -0.680904 -0.269702
vn -0.967450 -0.182309 -0.175509
vn -0.593697 -0.594597 -0.542197
vn -0.680904 -0.680904 -0.269702
vn -0.899267 -0.356387 -0.253591
vn -0.967450 -0.182309 -0.175509
vn -0.241701 0.051100 -0.969004
vn 0.177198 0.177198 -0.968092
vn 0.425414 -0.240608 -0.872428
vn -0.241701 0.051100 -0.969004
vn -0.239401 0.429001 -0.871002
vn 0.177198 0.177198 -0.968092
vn -0.649003 0.648803 -0.397302
vn -0.177208 0.968143 -0.176908
vn -0.517690 0.663388 -0.540290
vn -0.649003 0.648803 -0.397302
vn -0.707084 0.706784 -0.022100
vn -0.177208 0.968143 -0.176908
vn -0.681704 0.680104 0.269701
vn -0.178907 0.967537 0.178507
vn -0.451780 0.862161 0.229290
vn -0.681704 0.680104 0.269701
vn -0.594000 0.594200 0.542300
vn -0.178907 0.967537 0.178507
vn 0.173900 -0.968099 -0.180400
vn 0.648710 -0.648910 -0.397606
vn 0.707328 -0.706528 -0.022501
vn 0.173900 -0.968099 -0.180400
vn 0.517725 -0.663332 -0.540326
vn 0.648710 -0.648910 -0.397606
vn -0.369316 -0.927941 0.050302
vn -0.527016 -0.756723 0.386812
vn -0.796020 -0.593815 0.117203
vn -0.369316 -0.927941 0.050302
vn -0.267101 -0.944103 0.193201
vn -0.527016 -0.756723 0.386812
vn -0.517871 -0.663263 0.540270
vn 0.225405 -0.859521 0.458711
vn -0.227409 -0.778631 0.584823
vn -0.517871 -0.663263 0.540270
vn -0.181904 -0.968120 0.172204
vn 0.225405 -0.859521 0.458711
vn 0.707328 -0.706528 -0.022501
vn 0.867976 -0.436788 0.236293
vn 0.679904 -0.681904 0.269701
vn 0.707328 -0.706528 -0.022501
vn 0.968136 -0.179707 -0.174407
vn 0.867976 -0.436788 0.236293
vn -0.662901 0.030100 -0.748101
vn -0.586267 -0.691661 -0.421776
vn -0.837921 0.452411 -0.305308
vn -0.662901 0.030100 -0.748101
vn -0.200004 -0.689813 -0.695813
vn -0.586267 -0.691661 -0.421776
vn -0.880777 -0.247194 -0.403890
vn -0.663696 0.517497 -0.540097
vn -0.863428 -0.066902 -0.500016
vn -0.880777 -0.247194 -0.403890
vn -0.968080 0.173696 -0.180696
vn -0.663696 0.517497 -0.540097
vn 0.188800 -0.967901 -0.165900
vn 0.648701 -0.648801 -0.397800
vn 0.706526 -0.707326 -0.022601
vn 0.188800 -0.967901 -0.165900
vn 0.517383 -0.663878 -0.539982
vn 0.648701 -0.648801 -0.397800
vn 0.868113 -0.032400 0.495308
vn 0.177403 0.180103 0.967518
vn 0.432510 0.238106 0.869621
vn 0.868113 -0.032400 0.495308
vn 0.663425 0.517820 0.540120
vn 0.177403 0.180103 0.967518
vn 0.397604 0.248703 0.883209
vn 0.245907 0.409112 0.878725
vn -0.044801 0.242904 0.969015
vn 0.397604 0.248703 0.883209
vn 0.176803 0.180703 0.967516
vn 0.245907 0.409112 0.878725
vn 0.679803 -0.682003 0.269701
vn 0.967536 -0.177907 0.179507
vn 0.594200 -0.594000 0.542300
vn 0.679803 -0.682003 0.269701
vn 0.857234 -0.464418 0.222409
vn 0.967536 -0.177907 0.179507
vn -0.175292 -0.178192 -0.968256
vn 0.126895 0.211692 -0.969064
vn 0.204494 -0.490385 -0.847175
vn -0.175292 -0.178192 -0.968256
vn -0.483027 0.210012 -0.850047
vn 0.126895 0.211692 -0.969064
vn 0.680422 -0.681422 0.269609
vn 0.967494 -0.181699 0.175899
vn 0.594139 -0.593939 0.542435
vn 0.680422 -0.681422 0.269609
vn 0.875999 -0.416100 0.243900
vn 0.967494 -0.181699 0.175899
vn 0.648971 -0.648971 -0.397082
vn 0.968100 -0.180100 -0.174200
vn 0.705675 -0.708175 -0.022599
vn 0.648971 -0.648971 -0.397082
vn 0.663604 -0.517503 -0.540203
vn 0.968100 -0.180100 -0.174200
vn 0.176797 0.968184 0.177097
vn 0.648794 0.648894 0.397496
vn 0.705977 0.707877 0.022499
vn 0.176797 0.968184 0.177097
vn 0.517820 0.663425 0.540120
vn 0.648794 0.648894 0.397496
vn -0.171698 -0.185698 0.967490
vn -0.794190 -0.212797 0.569193
vn -0.663297 -0.517798 0.540298
vn -0.171698 -0.185698 0.967490
vn -0.406895 -0.246497 0.879589
vn -0.794190 -0.212797 0.569193
vn -0.594300 -0.593900 -0.542300
vn -0.517417 -0.540018 -0.663822
vn -0.179400 -0.967502 -0.178200
vn -0.594300 -0.593900 -0.542300
vn -0.480194 -0.480894 -0.733591
vn -0.517417 -0.540018 -0.663822
vn -0.967829 -0.188106 0.167105
vn -0.969049 -0.227311 -0.096305
vn -0.899267 -0.356387 -0.253591
vn -0.967829 -0.188106 0.167105
vn -0.877600 0.245100 0.412000
vn -0.969049 -0.227311 -0.096305
vn -0.112601 0.947206 -0.300202
vn -0.527016 0.756723 -0.386812
vn -0.267008 0.944128 -0.193206
vn -0.112601 0.947206 -0.300202
vn -0.209504 0.693112 -0.689712
vn -0.527016 0.756723 -0.386812
vn -0.250307 -0.619018 -0.744421
vn 0.169198 -0.188998 -0.967291
vn 0.517404 -0.664006 -0.539805
vn -0.250307 -0.619018 -0.744421
vn 0.237593 -0.433487 -0.869275
vn 0.169198 -0.188998 -0.967291
vn -0.680776 -0.681076 -0.269591
vn -0.179900 -0.967501 -0.177700
vn -0.488070 -0.848149 -0.205988
vn -0.680776 -0.681076 -0.269591
vn -0.594168 -0.593968 -0.542371
vn -0.179900 -0.967501 -0.177700
vn -0.796020 -0.593815 0.117203
vn -0.837722 -0.452712 0.305408
vn -0.987035 -0.009800 -0.160206
vn -0.796020 -0.593815 0.117203
vn -0.527016 -0.756723 0.386812
vn -0.837722 -0.452712 0.305408
vn 0.225405 -0.859521 0.458711
vn 0.440903 -0.866407 0.234402
vn 0.186195 -0.967377 0.171796
vn 0.225405 -0.859521 0.458711
vn -0.178010 -0.969055 0.171010
vn 0.440903 -0.866407 0.234402
vn -0.871602 0.427501 0.239901
vn -0.707079 0.706779 -0.022399
vn -0.967983 0.170097 -0.184597
vn -0.871602 0.427501 0.239901
vn -0.680995 0.680895 0.269498
vn -0.707079 0.706779 -0.022399
vn -0.681722 0.680122 0.269609
vn -0.181000 0.967498 0.176600
vn -0.426109 0.872118 0.240505
vn -0.681722 0.680122 0.269609
vn -0.593900 0.594300 0.542300
vn -0.181000 0.967498 0.176600
vn 0.167303 0.969017 -0.181703
vn 0.177102 0.968109 0.177202
vn 0.409989 0.878376 -0.245693
vn 0.167303 0.969017 -0.181703
vn -0.243796 0.875984 0.416192
vn 0.177102 0.968109 0.177202
vn -0.168897 0.185697 0.967983
vn -0.480394 0.480694 0.733591
vn -0.540668 0.517970 0.662861
vn -0.168897 0.185697 0.967983
vn -0.518026 0.540527 0.662933
vn -0.480394 0.480694 0.733591
vn 0.560392 -0.008100 0.828188
vn -0.200004 0.689813 0.695813
vn -0.662905 -0.029900 0.748106
vn 0.560392 -0.008100 0.828188
vn 0.009200 0.716908 0.697107
vn -0.200004 0.689813 0.695813
vn -0.243796 0.875984 0.416192
vn 0.517684 0.663480 0.540183
vn 0.177102 0.968109 0.177202
vn -0.243796 0.875984 0.416192
vn -0.262499 0.652798 0.710598
vn 0.517684 0.663480 0.540183
vn -0.085601 -0.859507 -0.503904
vn 0.179808 -0.177008 -0.967645
vn 0.517491 -0.663788 -0.539990
vn -0.085601 -0.859507 -0.503904
vn 0.204494 -0.490385 -0.847175
vn 0.179808 -0.177008 -0.967645
vn -0.707029 -0.706829 0.022401
vn -0.876488 -0.414894 -0.244197
vn -0.680022 -0.681822 -0.269609
vn -0.707029 -0.706829 0.022401
vn -0.968085 -0.182097 0.172197
vn -0.876488 -0.414894 -0.244197
vn 1.000000 0.000000 0.000000
vn 1.000000 0.000000 0.000000
vn 0.999836 0.000100 -0.018101
vn 1.000000 0.000000 0.000000
vn 0.999712 0.024000 -0.000200
vn 1.000000 0.000000 0.000000
vn 0.999825 -0.000100 0.018700
vn 0.999712 0.024000 -0.000200
vn 1.000000 0.000000 0.000000
vn 0.999825 -0.000100 0.018700
vn -0.333311 -0.666722 -0.666622
vn 0.999712 0.024000 -0.000200
vn 1.000000 0.000000 0.000000
vn 1.000000 0.000000 0.000000
vn 0.999719 -0.023700 0.000200
vn 1.000000 0.000000 0.000000
vn 0.999825 -0.000100 0.018700
vn 1.000000 0.000000 0.000000
vn 0.999719 -0.023700 0.000200
vn 0.999836 0.000100 -0.018101
vn -0.333311 0.666622 0.666722
vn 0.999719 -0.023700 0.000200
vn 1.000000 0.000000 0.000000
vn 0.999836 0.000100 -0.018101
vn 0.969014 -0.147002 -0.198503
vn 0.968092 0.177198 0.177198
vn 0.870776 -0.238993 0.429688
vn 0.969014 -0.147002 -0.198503
vn 0.868526 0.435413 -0.236807
vn 0.968092 0.177198 0.177198
vn -0.859204 0.225001 0.459502
vn -0.862779 0.450289 0.229894
vn -0.969020 -0.186604 0.161803
vn -0.859204 0.225001 0.459502
vn -0.967289 0.188198 0.170098
vn -0.862779 0.450289 0.229894
vn 0.413890 0.876879 -0.244494
vn 0.707429 0.706429 0.022401
vn 0.680795 0.681095 -0.269498
vn 0.413890 0.876879 -0.244494
vn 0.190996 0.967777 0.164096
vn 0.707429 0.706429 0.022401
vn 0.875665 0.416983 -0.243590
vn 0.707429 0.706429 0.022401
vn 0.967737 0.191107 0.164206
vn 0.875665 0.416983 -0.243590
vn 0.680795 0.681095 -0.269498
vn 0.707429 0.706429 0.022401
vn -0.236797 -0.868488 -0.435494
vn 0.517725 -0.663332 -0.540326
vn 0.173900 -0.968099 -0.180400
vn -0.236797 -0.868488 -0.435494
vn 0.038800 -0.867399 -0.496099
vn 0.517725 -0.663332 -0.540326
vn 0.799215 -0.590211 0.113602
vn 0.384804 -0.880609 0.276503
vn 0.367595 -0.929086 0.040899
vn 0.799215 -0.590211 0.113602
vn 0.586202 -0.691702 0.421801
vn 0.384804 -0.880609 0.276503
vn -0.227409 -0.778631 0.584823
vn 0.186195 -0.967377 0.171796
vn 0.517678 -0.540077 0.663571
vn -0.227409 -0.778631 0.584823
vn 0.225405 -0.859521 0.458711
vn 0.186195 -0.967377 0.171796
vn -0.648852 0.648852 -0.397471
vn -0.169709 0.968049 -0.184609
vn -0.517693 0.663791 -0.539793
vn -0.648852 0.648852 -0.397471
vn -0.707079 0.706779 -0.022399
vn -0.169709 0.968049 -0.184609
vn -0.227409 -0.778631 0.584823
vn -0.178299 -0.178799 0.967595
vn -0.517871 -0.663263 0.540270
vn -0.227409 -0.778631 0.584823
vn -0.237802 -0.433104 0.869408
vn -0.178299 -0.178799 0.967595
vn 0.968136 -0.179707 -0.174407
vn 0.969008 0.231202 -0.087001
vn 0.867976 -0.436788 0.236293
vn 0.968136 -0.179707 -0.174407
vn 0.876709 0.244403 -0.414304
vn 0.969008 0.231202 -0.087001
vn -0.706929 -0.706929 0.022401
vn -0.870537 -0.430218 -0.238910
vn -0.680904 -0.680904 -0.269702
vn -0.706929 -0.706929 0.022401
vn -0.968130 -0.182606 0.171405
vn -0.870537 -0.430218 -0.238910
vn 0.009200 -0.716908 -0.697107
vn -0.097997 -0.949274 -0.298792
vn -0.200004 -0.689813 -0.695813
vn 0.009200 -0.716908 -0.697107
vn 0.011700 -0.955180 -0.295794
vn -0.097997 -0.949274 -0.298792
vn 0.185504 -0.968019 -0.168903
vn 0.648971 -0.648971 -0.397082
vn 0.705675 -0.708175 -0.022599
vn 0.185504 -0.968019 -0.168903
vn 0.517491 -0.663788 -0.539990
vn 0.648971 -0.648971 -0.397082
vn -0.439221 -0.235211 0.867041
vn -0.540668 0.517970 0.662861
vn -0.863608 -0.065401 0.499904
vn -0.439221 -0.235211 0.867041
vn -0.168897 0.185697 0.967983
vn -0.540668 0.517970 0.662861
vn -0.517871 -0.663263 0.540270
vn -0.663263 -0.517871 0.540270
vn -0.648794 -0.648894 0.397496
vn -0.517871 -0.663263 0.540270
vn -0.178299 -0.178799 0.967595
vn -0.663263 -0.517871 0.540270
vn -0.968120 0.174704 -0.179504
vn -0.648710 0.648910 -0.397606
vn -0.663206 0.517804 -0.540405
vn -0.968120 0.174704 -0.179504
vn -0.706578 0.707278 -0.022499
vn -0.648710 0.648910 -0.397606
vn -0.648987 -0.648887 0.397192
vn -0.967829 -0.188106 0.167105
vn -0.705578 -0.708278 0.022399
vn -0.648987 -0.648887 0.397192
vn -0.663877 -0.517282 0.540081
vn -0.967829 -0.188106 0.167105
vn -0.181002 0.968111 -0.173202
vn 0.000000 0.968991 0.247098
vn 0.237310 0.868837 -0.434518
vn -0.181002 0.968111 -0.173202
vn -0.451780 0.862161 0.229290
vn 0.000000 0.968991 0.247098
vn -0.967983 0.170097 -0.184597
vn -0.648852 0.648852 -0.397471
vn -0.663699 0.517699 -0.539899
vn -0.967983 0.170097 -0.184597
vn -0.707079 0.706779 -0.022399
vn -0.648852 0.648852 -0.397471
vn -0.864728 0.059402 -0.498716
vn -0.175301 0.182202 -0.967508
vn -0.430300 0.238900 -0.870499
vn -0.864728 0.059402 -0.498716
vn -0.663699 0.517699 -0.539899
vn -0.175301 0.182202 -0.967508
vn 0.882474 0.399488 -0.248293
vn 0.706881 0.706981 0.022299
vn 0.968109 0.177102 0.177202
vn 0.882474 0.399488 -0.248293
vn 0.681013 0.680913 -0.269405
vn 0.706881 0.706981 0.022299
vn 0.517396 -0.540196 0.663695
vn 0.594300 -0.593900 0.542300
vn 0.480306 -0.480906 0.733509
vn 0.517396 -0.540196 0.663695
vn 0.178891 -0.967450 0.178991
vn 0.594300 -0.593900 0.542300
vn 0.868526 0.435413 -0.236807
vn 0.705977 0.707877 0.022499
vn 0.968092 0.177198 0.177198
vn 0.868526 0.435413 -0.236807
vn 0.680995 0.680895 -0.269498
vn 0.705977 0.707877 0.022499
vn 0.239484 0.428872 0.871043
vn -0.517906 0.540306 0.663207
vn -0.175498 0.178898 0.968089
vn 0.239484 0.428872 0.871043
vn -0.139699 0.841492 0.521895
vn -0.517906 0.540306 0.663207
vn 0.526924 -0.756734 -0.386917
vn 0.112403 -0.947228 -0.300209
vn 0.209408 -0.693127 -0.689727
vn 0.526924 -0.756734 -0.386917
vn 0.266915 -0.944153 -0.193211
vn 0.112403 -0.947228 -0.300209
vn -0.594168 -0.593968 -0.542371
vn -0.517918 -0.540519 -0.663023
vn -0.179900 -0.967501 -0.177700
vn -0.594168 -0.593968 -0.542371
vn -0.480695 -0.480695 -0.733392
vn -0.517918 -0.540519 -0.663023
vn -0.238398 0.431397 -0.870094
vn 0.517740 0.540042 -0.663551
vn 0.180205 0.174505 -0.968026
vn -0.238398 0.431397 -0.870094
vn 0.156993 0.530276 -0.833163
vn 0.517740 0.540042 -0.663551
vn -0.181000 0.967498 0.176600
vn -0.145891 0.524769 0.838650
vn -0.240806 0.872521 0.425110
vn -0.181000 0.967498 0.176600
vn -0.518010 0.540811 0.662713
vn -0.145891 0.524769 0.838650
vn 0.177198 0.177198 -0.968092
vn 0.480695 0.480695 -0.733392
vn 0.540120 0.517820 -0.663425
vn 0.177198 0.177198 -0.968092
vn 0.517792 0.540191 -0.663389
vn 0.480695 0.480695 -0.733392
vn 0.517396 -0.540196 0.663695
vn -0.242497 -0.420494 0.874288
vn -0.114900 -0.850904 0.512602
vn 0.517396 -0.540196 0.663695
vn 0.170995 -0.183295 0.968072
vn -0.242497 -0.420494 0.874288
vn 0.166292 -0.188191 0.967952
vn -0.047101 -0.242408 0.969030
vn -0.238806 -0.430911 0.870223
vn 0.166292 -0.188191 0.967952
vn 0.447002 0.231701 0.864004
vn -0.047101 -0.242408 0.969030
vn -0.209504 -0.693112 0.689712
vn -0.837722 -0.452712 0.305408
vn -0.527016 -0.756723 0.386812
vn -0.209504 -0.693112 0.689712
vn -0.662905 -0.029900 0.748106
vn -0.837722 -0.452712 0.305408
vn 0.862387 -0.451193 0.229596
vn 0.875575 -0.243393 0.417288
vn 0.967279 -0.189596 0.168596
vn 0.862387 -0.451193 0.229596
vn 0.968986 0.233497 -0.080899
vn 0.875575 -0.243393 0.417288
vn -0.540602 0.517602 0.663203
vn -0.593900 0.594300 0.542300
vn -0.967384 0.173897 0.184197
vn -0.540602 0.517602 0.663203
vn -0.480807 0.480707 0.733311
vn -0.593900 0.594300 0.542300
vn -0.009200 0.716908 -0.697107
vn -0.662901 0.030100 -0.748101
vn -0.209504 0.693112 -0.689712
vn -0.009200 0.716908 -0.697107
vn 0.560397 0.006800 -0.828196
vn -0.662901 0.030100 -0.748101
vn -0.586267 -0.691661 -0.421776
vn -0.987035 0.009800 0.160206
vn -0.837921 0.452411 -0.305308
vn -0.586267 -0.691661 -0.421776
vn -0.799261 -0.590171 -0.113494
vn -0.987035 0.009800 0.160206
vn 0.664042 -0.517432 -0.539734
vn 0.867875 0.236293 -0.436988
vn 0.968136 -0.179807 -0.174306
vn 0.664042 -0.517432 -0.539734
vn 0.508410 0.102302 -0.855017
vn 0.867875 0.236293 -0.436988
vn 0.517792 0.540191 -0.663389
vn 0.593974 0.593974 -0.542576
vn 0.480695 0.480695 -0.733392
vn 0.517792 0.540191 -0.663389
vn 0.171298 0.967387 -0.186598
vn 0.593974 0.593974 -0.542576
vn -0.651204 -0.262102 -0.712205
vn -0.175201 0.182301 -0.967507
vn -0.409906 0.245703 -0.878412
vn -0.651204 -0.262102 -0.712205
vn -0.663206 0.517804 -0.540405
vn -0.175201 0.182301 -0.967507
vn 0.180103 -0.967518 0.177403
vn 0.680923 -0.680923 0.269609
vn 0.593765 -0.594465 0.542268
vn 0.180103 -0.967518 0.177403
vn 0.421505 -0.873910 0.242103
vn 0.680923 -0.680923 0.269609
vn 0.968100 -0.180100 -0.174200
vn 0.968986 0.233497 -0.080899
vn 0.862387 -0.451193 0.229596
vn 0.968100 -0.180100 -0.174200
vn 0.868111 0.236503 -0.436406
vn 0.968986 0.233497 -0.080899
vn 0.224211 -0.858543 0.461123
vn 0.424487 -0.872773 0.240993
vn 0.189400 -0.967299 0.168700
vn 0.224211 -0.858543 0.461123
vn -0.222193 -0.969070 0.107397
vn 0.424487 -0.872773 0.240993
vn -0.856474 -0.220793 -0.466586
vn -0.663788 0.517491 -0.539990
vn -0.864915 -0.058401 -0.498509
vn -0.856474 -0.220793 -0.466586
vn -0.967891 0.188498 -0.166298
vn -0.663788 0.517491 -0.539990
vn -0.059402 0.998234 0.000200
vn -0.369284 0.927960 -0.050198
vn -0.344396 0.938790 -0.008000
vn -0.059402 0.998234 0.000200
vn -0.058599 0.997385 -0.042299
vn -0.369284 0.927960 -0.050198
vn -0.876488 -0.414894 -0.244197
vn -0.882310 -0.248203 -0.399905
vn -0.967581 -0.182396 -0.174697
vn -0.876488 -0.414894 -0.244197
vn -0.969031 0.243808 -0.039201
vn -0.882310 -0.248203 -0.399905
vn 0.648920 -0.648820 -0.397412
vn 0.967958 -0.187892 -0.166593
vn 0.704626 -0.709226 -0.022401
vn 0.648920 -0.648820 -0.397412
vn 0.663114 -0.517811 -0.540511
vn 0.967958 -0.187892 -0.166593
vn -0.540085 0.517785 0.663481
vn -0.594006 0.594006 0.542506
vn -0.967537 0.179407 0.178007
vn -0.540085 0.517785 0.663481
vn -0.480606 0.480606 0.733509
vn -0.594006 0.594006 0.542506
vn 0.480906 -0.480306 0.733509
vn 0.166292 -0.188191 0.967952
vn 0.518232 -0.540933 0.662441
vn 0.480906 -0.480306 0.733509
vn 0.540397 -0.517697 0.663296
vn 0.166292 -0.188191 0.967952
vn -0.059003 -0.997344 -0.042702
vn -0.344396 -0.938790 0.008100
vn -0.367507 -0.929117 -0.041001
vn -0.059003 -0.997344 -0.042702
vn -0.059502 -0.998228 -0.000200
vn -0.344396 -0.938790 0.008100
vn -0.242102 -0.874008 -0.421304
vn 0.517665 -0.663755 -0.539863
vn 0.169695 -0.968073 -0.184495
vn -0.242102 -0.874008 -0.421304
vn 0.075800 -0.861598 -0.501899
vn 0.517665 -0.663755 -0.539863
vn 0.058599 0.997385 0.042299
vn 0.025500 0.998910 -0.039100
vn -0.005300 0.999061 0.042998
vn 0.058599 0.997385 0.042299
vn 0.059401 0.998219 -0.005500
vn 0.025500 0.998910 -0.039100
vn -0.540191 0.517792 0.663389
vn -0.593971 0.594071 0.542474
vn -0.967520 0.178904 0.178604
vn -0.540191 0.517792 0.663389
vn -0.480672 0.480772 0.733357
vn -0.593971 0.594071 0.542474
vn 0.097895 -0.949254 0.298886
vn -0.009099 -0.716957 0.697058
vn -0.011799 -0.955151 0.295885
vn 0.097895 -0.949254 0.298886
vn 0.199908 -0.689827 0.695827
vn -0.009099 -0.716957 0.697058
vn 0.178100 -0.179500 -0.967502
vn 0.846926 -0.126204 -0.516516
vn 0.663389 -0.517792 -0.540191
vn 0.178100 -0.179500 -0.967502
vn 0.425414 -0.240608 -0.872428
vn 0.846926 -0.126204 -0.516516
vn -0.968099 -0.182400 0.171800
vn -0.969020 -0.186604 0.161803
vn -0.849407 -0.484804 -0.208502
vn -0.968099 -0.182400 0.171800
vn -0.859204 0.225001 0.459502
vn -0.969020 -0.186604 0.161803
vn 0.540420 -0.518019 0.663025
vn 0.423716 0.241409 0.873033
vn 0.184207 -0.170207 0.968038
vn 0.540420 -0.518019 0.663025
vn 0.744821 -0.250107 0.618618
vn 0.423716 0.241409 0.873033
vn -0.179501 -0.968103 0.174801
vn 0.173303 -0.969015 0.176003
vn 0.236104 -0.867816 0.437208
vn -0.179501 -0.968103 0.174801
vn -0.431305 -0.870111 -0.238503
vn 0.173303 -0.969015 0.176003
vn -1.000000 0.000000 0.000100
vn -0.993021 -0.002900 0.117902
vn -0.885970 0.341089 -0.314190
vn -1.000000 0.000000 0.000100
vn -0.461925 -0.056003 0.885149
vn -0.993021 -0.002900 0.117902
vn 0.540191 0.517792 -0.663389
vn 0.594103 0.594003 -0.542403
vn 0.967457 0.182292 -0.175492
vn 0.540191 0.517792 -0.663389
vn 0.480807 0.480707 -0.733311
vn 0.594103 0.594003 -0.542403
vn -0.871311 0.239703 0.428205
vn -0.871602 0.427501 0.239901
vn -0.969009 -0.060101 -0.239602
vn -0.871311 0.239703 0.428205
vn -0.967537 0.179407 0.178007
vn -0.871602 0.427501 0.239901
vn -0.480318 -0.481018 -0.733428
vn -0.178498 -0.175898 -0.968090
vn -0.517684 -0.540183 -0.663480
vn -0.480318 -0.481018 -0.733428
vn -0.540377 -0.517878 -0.663171
vn -0.178498 -0.175898 -0.968090
vn 0.517404 -0.664006 -0.539805
vn 0.663114 -0.517811 -0.540511
vn 0.648920 -0.648820 -0.397412
vn 0.517404 -0.664006 -0.539805
vn 0.169198 -0.188998 -0.967291
vn 0.663114 -0.517811 -0.540511
vn 0.199908 -0.689827 0.695827
vn 0.560392 -0.008100 0.828188
vn -0.009099 -0.716957 0.697058
vn 0.199908 -0.689827 0.695827
vn 0.662905 0.029900 0.748106
vn 0.560392 -0.008100 0.828188
vn -0.540590 -0.517890 -0.662987
vn -0.483027 0.210012 -0.850047
vn -0.175292 -0.178192 -0.968256
vn -0.540590 -0.517890 -0.662987
vn -0.864915 -0.058401 -0.498509
vn -0.483027 0.210012 -0.850047
vn 0.186195 -0.967377 0.171796
vn 0.680404 -0.681404 0.269702
vn 0.594103 -0.594003 0.542403
vn 0.186195 -0.967377 0.171796
vn 0.440903 -0.866407 0.234402
vn 0.680404 -0.681404 0.269702
vn -0.172808 -0.967443 -0.184908
vn 0.075800 -0.861598 -0.501899
vn -0.242102 -0.874008 -0.421304
vn -0.172808 -0.967443 -0.184908
vn -0.517684 -0.540183 -0.663480
vn 0.075800 -0.861598 -0.501899
vn -0.448199 -0.863599 -0.230900
vn -0.242102 -0.874008 -0.421304
vn 0.140405 -0.969037 -0.203108
vn -0.448199 -0.863599 -0.230900
vn -0.172808 -0.967443 -0.184908
vn -0.242102 -0.874008 -0.421304
vn -0.147298 -0.198398 -0.968990
vn 0.180205 0.174505 -0.968026
vn 0.441484 -0.234191 -0.866168
vn -0.147298 -0.198398 -0.968990
vn -0.238398 0.431397 -0.870094
vn 0.180205 0.174505 -0.968026
vn 0.705675 -0.708175 -0.022599
vn 0.862387 -0.451193 0.229596
vn 0.680404 -0.681404 0.269702
vn 0.705675 -0.708175 -0.022599
vn 0.968100 -0.180100 -0.174200
vn 0.862387 -0.451193 0.229596
vn 0.243704 0.875813 -0.416606
vn 0.409989 0.878376 -0.245693
vn 0.180506 0.967534 -0.176906
vn 0.243704 0.875813 -0.416606
vn 0.167303 0.969017 -0.181703
vn 0.409989 0.878376 -0.245693
vn 0.648701 -0.648801 -0.397800
vn 0.968136 -0.179807 -0.174306
vn 0.706526 -0.707326 -0.022601
vn 0.648701 -0.648801 -0.397800
vn 0.664042 -0.517432 -0.539734
vn 0.968136 -0.179807 -0.174306
vn 0.793485 -0.608589 -0.001000
vn 0.367595 -0.929086 0.040899
vn 0.344396 -0.938790 -0.008100
vn 0.793485 -0.608589 -0.001000
vn 0.799215 -0.590211 0.113602
vn 0.367595 -0.929086 0.040899
vn -0.409906 0.245703 -0.878412
vn -0.244793 0.413088 -0.877174
vn -0.025700 0.245701 -0.969005
vn -0.409906 0.245703 -0.878412
vn -0.175201 0.182301 -0.967507
vn -0.244793 0.413088 -0.877174
vn 0.593765 -0.594465 0.542268
vn 0.540397 -0.517697 0.663296
vn 0.480906 -0.480306 0.733509
vn 0.593765 -0.594465 0.542268
vn 0.967213 -0.193403 0.164602
vn 0.540397 -0.517697 0.663296
vn -0.178010 -0.969055 0.171010
vn 0.185504 -0.968019 -0.168903
vn 0.440903 -0.866407 0.234402
vn -0.178010 -0.969055 0.171010
vn -0.216004 -0.853615 -0.474008
vn 0.185504 -0.968019 -0.168903
vn -0.649326 -0.648226 0.397716
vn -0.182591 -0.968153 0.171292
vn -0.517518 -0.663824 0.539919
vn -0.649326 -0.648226 0.397716
vn -0.706929 -0.706929 0.022401
vn -0.182591 -0.968153 0.171292
vn 0.663389 -0.517792 -0.540191
vn 0.876709 0.244403 -0.414304
vn 0.968136 -0.179707 -0.174407
vn 0.663389 -0.517792 -0.540191
vn 0.788142 -0.218884 -0.575258
vn 0.876709 0.244403 -0.414304
vn -0.175301 0.182202 -0.967508
vn -0.119094 0.849558 -0.513875
vn -0.239401 0.429001 -0.871002
vn -0.175301 0.182202 -0.967508
vn -0.517693 0.663791 -0.539793
vn -0.119094 0.849558 -0.513875
vn 0.152997 0.193596 0.969078
vn -0.171906 0.182107 0.968135
vn -0.439511 -0.235106 0.866923
vn 0.152997 0.193596 0.969078
vn 0.251198 0.384496 0.888292
vn -0.171906 0.182107 0.968135
vn -0.649326 -0.648226 0.397716
vn -0.968130 -0.182606 0.171405
vn -0.706929 -0.706929 0.022401
vn -0.649326 -0.648226 0.397716
vn -0.663822 -0.517417 0.540018
vn -0.968130 -0.182606 0.171405
vn -0.594097 -0.594197 -0.542198
vn -0.517884 -0.540483 -0.663079
vn -0.182008 -0.967543 -0.175308
vn -0.594097 -0.594197 -0.542198
vn -0.480428 -0.480428 -0.733743
vn -0.517884 -0.540483 -0.663079
vn -0.426109 0.872118 0.240505
vn -0.240806 0.872521 0.425110
vn -0.246791 0.969065 -0.002800
vn -0.426109 0.872118 0.240505
vn -0.181000 0.967498 0.176600
vn -0.240806 0.872521 0.425110
vn -0.967891 0.188498 -0.166298
vn -0.648971 0.648971 -0.397082
vn -0.663788 0.517491 -0.539990
vn -0.967891 0.188498 -0.166298
vn -0.707476 0.706376 -0.022599
vn -0.648971 0.648971 -0.397082
vn -0.433789 -0.237394 0.869178
vn -0.540085 0.517785 0.663481
vn -0.570789 -0.214496 0.792585
vn -0.433789 -0.237394 0.869178
vn -0.175498 0.178898 0.968089
vn -0.540085 0.517785 0.663481
vn 0.867875 0.236293 -0.436988
vn 0.875665 0.416983 -0.243590
vn 0.968998 0.223600 0.105100
vn 0.867875 0.236293 -0.436988
vn 0.967231 0.191506 -0.166705
vn 0.875665 0.416983 -0.243590
vn -0.242497 -0.420494 0.874288
vn -0.406895 -0.246497 0.879589
vn -0.171698 -0.185698 0.967490
vn -0.242497 -0.420494 0.874288
vn -0.044801 0.242904 0.969015
vn -0.406895 -0.246497 0.879589
vn -0.795973 0.593880 -0.117196
vn -0.344396 0.938790 -0.008000
vn -0.369284 0.927960 -0.050198
vn -0.795973 0.593880 -0.117196
vn -0.793479 0.608584 -0.004100
vn -0.344396 0.938790 -0.008000
vn 0.126895 0.211692 -0.969064
vn 0.176900 0.176900 -0.968201
vn 0.415096 -0.244198 -0.876392
vn 0.126895 0.211692 -0.969064
vn -0.245100 0.412000 -0.877600
vn 0.176900 0.176900 -0.968201
vn 0.344396 0.938790 0.008000
vn 0.059003 0.997344 -0.042702
vn 0.059401 0.998219 -0.005500
vn 0.344396 0.938790 0.008000
vn 0.367595 0.929086 -0.040899
vn 0.059003 0.997344 -0.042702
vn -0.663115 -0.517912 0.540412
vn -0.871311 0.239703 0.428205
vn -0.968083 -0.182297 0.171997
vn -0.663115 -0.517912 0.540412
vn -0.570789 -0.214496 0.792585
vn -0.871311 0.239703 0.428205
vn 0.594103 -0.594003 0.542403
vn 0.539813 -0.517512 0.663915
vn 0.480695 -0.480695 0.733392
vn 0.594103 -0.594003 0.542403
vn 0.967279 -0.189596 0.168596
vn 0.539813 -0.517512 0.663915
vn -0.480517 -0.480517 -0.733626
vn -0.169904 -0.185104 -0.967920
vn -0.517991 -0.540491 -0.662989
vn -0.480517 -0.480517 -0.733626
vn -0.540018 -0.517417 -0.663822
vn -0.169904 -0.185104 -0.967920
vn -0.200004 0.689813 0.695813
vn -0.384804 0.880609 0.276503
vn -0.586202 0.691702 0.421801
vn -0.200004 0.689813 0.695813
vn -0.097905 0.949245 0.298914
vn -0.384804 0.880609 0.276503
vn 0.968998 0.223600 0.105100
vn 0.967737 0.191107 0.164206
vn 0.870094 -0.238398 0.431397
vn 0.968998 0.223600 0.105100
vn 0.875665 0.416983 -0.243590
vn 0.967737 0.191107 0.164206
vn -0.863608 -0.065401 0.499904
vn -0.967331 0.188606 0.169405
vn -0.866467 0.234591 0.440683
vn -0.863608 -0.065401 0.499904
vn -0.540668 0.517970 0.662861
vn -0.967331 0.188606 0.169405
vn -0.415003 0.876407 0.244302
vn -0.243796 0.875984 0.416192
vn 0.167303 0.969017 -0.181703
vn -0.415003 0.876407 0.244302
vn -0.176106 0.967530 0.181306
vn -0.243796 0.875984 0.416192
vn 0.169695 -0.968073 -0.184495
vn 0.648617 -0.648817 -0.397910
vn 0.707028 -0.706828 -0.022501
vn 0.169695 -0.968073 -0.184495
vn 0.517665 -0.663755 -0.539863
vn 0.648617 -0.648817 -0.397910
vn -0.179900 -0.967501 -0.177700
vn -0.085601 -0.859507 -0.503904
vn -0.216004 -0.853615 -0.474008
vn -0.179900 -0.967501 -0.177700
vn -0.517918 -0.540519 -0.663023
vn -0.085601 -0.859507 -0.503904
vn 0.441484 -0.234191 -0.866168
vn 0.539876 0.517377 -0.663970
vn 0.494104 0.012900 -0.869307
vn 0.441484 -0.234191 -0.866168
vn 0.180205 0.174505 -0.968026
vn 0.539876 0.517377 -0.663970
vn 0.967536 -0.177907 0.179507
vn 0.744821 -0.250107 0.618618
vn 0.540420 -0.518019 0.663025
vn 0.967536 -0.177907 0.179507
vn 0.870094 -0.238398 0.431397
vn 0.744821 -0.250107 0.618618
vn -0.406895 -0.246497 0.879589
vn -0.540191 0.517792 0.663389
vn -0.794190 -0.212797 0.569193
vn -0.406895 -0.246497 0.879589
vn -0.179700 0.174600 0.968102
vn -0.540191 0.517792 0.663389
vn -0.114900 -0.850904 0.512602
vn 0.178891 -0.967450 0.178991
vn 0.517396 -0.540196 0.663695
vn -0.114900 -0.850904 0.512602
vn 0.236104 -0.867816 0.437208
vn 0.178891 -0.967450 0.178991
vn 0.214500 0.968999 -0.122600
vn 0.188899 0.967796 0.166399
vn 0.404508 0.880518 -0.247105
vn 0.214500 0.968999 -0.122600
vn -0.245301 0.878105 0.410802
vn 0.188899 0.967796 0.166399
vn 0.517725 -0.663332 -0.540326
vn 0.663389 -0.517792 -0.540191
vn 0.648710 -0.648910 -0.397606
vn 0.517725 -0.663332 -0.540326
vn 0.175408 -0.181908 -0.967544
vn 0.663389 -0.517792 -0.540191
vn -0.439511 -0.235106 0.866923
vn -0.540006 0.517706 0.663607
vn -0.794025 -0.212807 0.569418
vn -0.439511 -0.235106 0.866923
vn -0.171906 0.182107 0.968135
vn -0.540006 0.517706 0.663607
vn -0.182008 -0.967543 -0.175308
vn -0.151305 -0.836026 -0.527416
vn -0.240390 -0.872162 -0.426082
vn -0.182008 -0.967543 -0.175308
vn -0.517884 -0.540483 -0.663079
vn -0.151305 -0.836026 -0.527416
vn 0.062900 0.969103 -0.238501
vn 0.176797 0.968184 0.177097
vn 0.473586 0.853776 -0.216294
vn 0.062900 0.969103 -0.238501
vn -0.216196 0.853686 0.473792
vn 0.176797 0.968184 0.177097
vn 0.367595 0.929086 -0.040899
vn 0.097905 0.949245 -0.298914
vn 0.059003 0.997344 -0.042702
vn 0.367595 0.929086 -0.040899
vn 0.384719 0.880643 -0.276513
vn 0.097905 0.949245 -0.298914
vn -0.987035 -0.009800 -0.160206
vn -0.586202 0.691702 0.421801
vn -0.799261 0.590171 0.113494
vn -0.987035 -0.009800 -0.160206
vn -0.837722 -0.452712 0.305408
vn -0.586202 0.691702 0.421801
vn -0.663822 -0.517417 0.540018
vn -0.866467 0.234591 0.440683
vn -0.968130 -0.182606 0.171405
vn -0.663822 -0.517417 0.540018
vn -0.863608 -0.065401 0.499904
vn -0.866467 0.234591 0.440683
vn -0.540006 0.517706 0.663607
vn -0.594003 0.594103 0.542403
vn -0.967289 0.188198 0.170098
vn -0.540006 0.517706 0.663607
vn -0.480695 0.480695 0.733392
vn -0.594003 0.594103 0.542403
vn 0.184404 0.172904 0.967522
vn -0.145891 0.524769 0.838650
vn 0.233801 0.442601 0.865703
vn 0.184404 0.172904 0.967522
vn 0.517497 0.663696 0.540097
vn -0.145891 0.524769 0.838650
vn 0.586308 0.691609 -0.421806
vn 0.987052 -0.009701 0.160108
vn 0.837883 -0.452491 -0.305294
vn 0.586308 0.691609 -0.421806
vn 0.799215 0.590211 -0.113602
vn 0.987052 -0.009701 0.160108
vn 0.180205 0.174505 -0.968026
vn 0.480306 0.480906 -0.733509
vn 0.539876 0.517377 -0.663970
vn 0.180205 0.174505 -0.968026
vn 0.517740 0.540042 -0.663551
vn 0.480306 0.480906 -0.733509
vn 0.861326 -0.228407 0.453814
vn 0.663330 0.517624 0.540425
vn 0.621107 -0.251403 0.742309
vn 0.861326 -0.228407 0.453814
vn 0.968144 0.172908 0.181108
vn 0.663330 0.517624 0.540425
vn -0.059502 -0.998228 -0.000200
vn -0.369316 -0.927941 0.050302
vn -0.344396 -0.938790 0.008100
vn -0.059502 -0.998228 -0.000200
vn -0.058599 -0.997385 0.042299
vn -0.369316 -0.927941 0.050302
vn -0.177595 -0.176895 -0.968074
vn 0.166303 0.182604 -0.969020
vn 0.229989 -0.450279 -0.862759
vn -0.177595 -0.176895 -0.968074
vn -0.442193 0.233896 -0.865886
vn 0.166303 0.182604 -0.969020
vn 0.059401 -0.998219 0.005600
vn 0.000300 -0.999079 0.042899
vn 0.011800 -0.998908 -0.045200
vn 0.059401 -0.998219 0.005600
vn 0.059003 -0.997344 0.042702
vn 0.000300 -0.999079 0.042899
vn -0.488070 -0.848149 -0.205988
vn -0.216004 -0.853615 -0.474008
vn -0.178010 -0.969055 0.171010
vn -0.488070 -0.848149 -0.205988
vn -0.179900 -0.967501 -0.177700
vn -0.216004 -0.853615 -0.474008
vn 0.526924 -0.756734 -0.386917
vn 0.369196 -0.927989 -0.050299
vn 0.266915 -0.944153 -0.193211
vn 0.526924 -0.756734 -0.386917
vn 0.795936 -0.593927 -0.117205
vn 0.369196 -0.927989 -0.050299
vn 0.447002 0.231701 0.864004
vn 0.233801 0.442601 0.865703
vn -0.047101 -0.242408 0.969030
vn 0.447002 0.231701 0.864004
vn 0.184404 0.172904 0.967522
vn 0.233801 0.442601 0.865703
vn -0.706926 -0.706926 0.022601
vn -0.849407 -0.484804 -0.208502
vn -0.680776 -0.681076 -0.269591
vn -0.706926 -0.706926 0.022601
vn -0.968099 -0.182400 0.171800
vn -0.849407 -0.484804 -0.208502
vn -0.422505 -0.873511 -0.241803
vn -0.232113 -0.864450 -0.445926
vn -0.240988 -0.969052 -0.053497
vn -0.422505 -0.873511 -0.241803
vn -0.171204 -0.967422 -0.186504
vn -0.232113 -0.864450 -0.445926
vn -0.967491 -0.185598 -0.171798
vn -0.786264 -0.220590 -0.577173
vn -0.540412 -0.517912 -0.663115
vn -0.967491 -0.185598 -0.171798
vn -0.874294 -0.242298 -0.420597
vn -0.786264 -0.220590 -0.577173
vn -0.680022 -0.681822 -0.269609
vn -0.179400 -0.967502 -0.178200
vn -0.431305 -0.870111 -0.238503
vn -0.680022 -0.681822 -0.269609
vn -0.594300 -0.593900 -0.542300
vn -0.179400 -0.967502 -0.178200
vn 0.540120 -0.517820 0.663425
vn 0.397604 0.248703 0.883209
vn 0.170995 -0.183295 0.968072
vn 0.540120 -0.517820 0.663425
vn 0.670006 -0.265102 0.693406
vn 0.397604 0.248703 0.883209
vn 0.517684 -0.540183 0.663480
vn 0.594139 -0.593939 0.542435
vn 0.480283 -0.480983 0.733474
vn 0.517684 -0.540183 0.663480
vn 0.178304 -0.967519 0.179204
vn 0.594139 -0.593939 0.542435
vn 0.704626 -0.709226 -0.022401
vn 0.850911 -0.480806 0.211603
vn 0.680923 -0.680923 0.269609
vn 0.704626 -0.709226 -0.022401
vn 0.967958 -0.187892 -0.166593
vn 0.850911 -0.480806 0.211603
vn -0.175498 0.178898 0.968089
vn -0.480606 0.480606 0.733509
vn -0.540085 0.517785 0.663481
vn -0.175498 0.178898 0.968089
vn -0.517906 0.540306 0.663207
vn -0.480606 0.480606 0.733509
vn 0.870094 -0.238398 0.431397
vn 0.664062 0.517370 0.539769
vn 0.744821 -0.250107 0.618618
vn 0.870094 -0.238398 0.431397
vn 0.967737 0.191107 0.164206
vn 0.664062 0.517370 0.539769
vn -0.706528 0.707328 -0.022501
vn -0.451780 0.862161 0.229290
vn -0.181002 0.968111 -0.173202
vn -0.706528 0.707328 -0.022501
vn -0.681704 0.680104 0.269701
vn -0.451780 0.862161 0.229290
vn -0.079097 -0.860964 0.502479
vn 0.178304 -0.967519 0.179204
vn 0.517684 -0.540183 0.663480
vn -0.079097 -0.860964 0.502479
vn 0.227391 -0.860767 0.455383
vn 0.178304 -0.967519 0.179204
vn 0.662903 -0.030000 -0.748104
vn 0.009200 -0.716908 -0.697107
vn 0.560397 0.006800 -0.828196
vn 0.662903 -0.030000 -0.748104
vn 0.209408 -0.693127 -0.689727
vn 0.009200 -0.716908 -0.697107
vn -0.794025 -0.212807 0.569418
vn -0.967289 0.188198 0.170098
vn -0.859204 0.225001 0.459502
vn -0.794025 -0.212807 0.569418
vn -0.540006 0.517706 0.663607
vn -0.967289 0.188198 0.170098
vn -0.968080 0.173696 -0.180696
vn -0.649003 0.648803 -0.397302
vn -0.663696 0.517497 -0.540097
vn -0.968080 0.173696 -0.180696
vn -0.707084 0.706784 -0.022100
vn -0.649003 0.648803 -0.397302
vn 0.075800 -0.861598 -0.501899
vn 0.178100 -0.179500 -0.967502
vn 0.517665 -0.663755 -0.539863
vn 0.075800 -0.861598 -0.501899
vn 0.245103 -0.412404 -0.877409
vn 0.178100 -0.179500 -0.967502
vn -0.517417 -0.540018 -0.663822
vn 0.240495 -0.426391 -0.871982
vn 0.038800 -0.867399 -0.496099
vn -0.517417 -0.540018 -0.663822
vn -0.174604 -0.179604 -0.968120
vn 0.240495 -0.426391 -0.871982
vn -0.179400 -0.967502 -0.178200
vn 0.038800 -0.867399 -0.496099
vn -0.236797 -0.868488 -0.435494
vn -0.179400 -0.967502 -0.178200
vn -0.517417 -0.540018 -0.663822
vn 0.038800 -0.867399 -0.496099
vn -0.680995 0.680895 0.269498
vn -0.179304 0.967519 0.178204
vn -0.475711 0.852920 0.215005
vn -0.680995 0.680895 0.269498
vn -0.594006 0.594006 0.542506
vn -0.179304 0.967519 0.178204
vn 0.011800 -0.998908 -0.045200
vn -0.058599 -0.997385 0.042299
vn -0.059502 -0.998228 -0.000200
vn 0.011800 -0.998908 -0.045200
vn 0.000300 -0.999079 0.042899
vn -0.058599 -0.997385 0.042299
vn -0.480428 -0.480428 -0.733743
vn -0.177595 -0.176895 -0.968074
vn -0.517884 -0.540483 -0.663079
vn -0.480428 -0.480428 -0.733743
vn -0.540412 -0.517912 -0.663115
vn -0.177595 -0.176895 -0.968074
vn 0.967229 0.165905 -0.192206
vn 0.681023 0.680823 -0.269609
vn 0.869525 0.432812 -0.237907
vn 0.967229 0.165905 -0.192206
vn 0.593933 0.594333 -0.542230
vn 0.681023 0.680823 -0.269609
vn -0.058599 -0.997385 0.042299
vn -0.267101 -0.944103 0.193201
vn -0.369316 -0.927941 0.050302
vn -0.058599 -0.997385 0.042299
vn -0.112601 -0.947206 0.300202
vn -0.267101 -0.944103 0.193201
vn 0.847404 0.204701 -0.489902
vn 0.869525 0.432812 -0.237907
vn 0.969038 -0.198308 -0.147106
vn 0.847404 0.204701 -0.489902
vn 0.967229 0.165905 -0.192206
vn 0.869525 0.432812 -0.237907
vn -0.239401 0.429001 -0.871002
vn 0.517792 0.540191 -0.663389
vn 0.177198 0.177198 -0.968092
vn -0.239401 0.429001 -0.871002
vn -0.119094 0.849558 -0.513875
vn 0.517792 0.540191 -0.663389
vn 0.480695 -0.480695 0.733392
vn 0.184193 -0.170093 0.968061
vn 0.517678 -0.540077 0.663571
vn 0.480695 -0.480695 0.733392
vn 0.539813 -0.517512 0.663915
vn 0.184193 -0.170093 0.968061
vn 0.680404 -0.681404 0.269702
vn 0.967279 -0.189596 0.168596
vn 0.594103 -0.594003 0.542403
vn 0.680404 -0.681404 0.269702
vn 0.862387 -0.451193 0.229596
vn 0.967279 -0.189596 0.168596
vn -0.890274 -0.251793 -0.379489
vn -0.663699 0.517699 -0.539899
vn -0.864728 0.059402 -0.498716
vn -0.890274 -0.251793 -0.379489
vn -0.967983 0.170097 -0.184597
vn -0.663699 0.517699 -0.539899
vn -0.181205 0.172905 0.968126
vn -0.480807 0.480707 0.733311
vn -0.540602 0.517602 0.663203
vn -0.181205 0.172905 0.968126
vn -0.518010 0.540811 0.662713
vn -0.480807 0.480707 0.733311
vn -0.517671 0.663663 -0.539970
vn 0.243704 0.875813 -0.416606
vn -0.205804 0.800415 -0.563011
vn -0.517671 0.663663 -0.539970
vn -0.177208 0.968143 -0.176908
vn 0.243704 0.875813 -0.416606
vn -0.663297 -0.517798 0.540298
vn -0.878507 0.245702 0.409703
vn -0.968085 -0.182097 0.172197
vn -0.663297 -0.517798 0.540298
vn -0.794190 -0.212797 0.569193
vn -0.878507 0.245702 0.409703
vn 0.517740 0.540042 -0.663551
vn 0.593933 0.594333 -0.542230
vn 0.480306 0.480906 -0.733509
vn 0.517740 0.540042 -0.663551
vn 0.171003 0.967419 -0.186704
vn 0.593933 0.594333 -0.542230
vn -0.681376 0.680476 0.269591
vn -0.182791 0.967453 0.174992
vn -0.455719 0.860637 0.227210
vn -0.681376 0.680476 0.269591
vn -0.594003 0.594103 0.542403
vn -0.182791 0.967453 0.174992
vn -0.451700 -0.862200 -0.229300
vn -0.240390 -0.872162 -0.426082
vn -0.222193 -0.969070 0.107397
vn -0.451700 -0.862200 -0.229300
vn -0.182008 -0.967543 -0.175308
vn -0.240390 -0.872162 -0.426082
vn 0.968109 0.177102 0.177202
vn 0.648810 0.648810 0.397606
vn 0.663515 0.517712 0.540113
vn 0.968109 0.177102 0.177202
vn 0.706881 0.706981 0.022299
vn 0.648810 0.648810 0.397606
vn 0.987035 0.009800 -0.160206
vn 0.586202 -0.691702 0.421801
vn 0.799215 -0.590211 0.113602
vn 0.987035 0.009800 -0.160206
vn 0.837752 0.452674 0.305382
vn 0.586202 -0.691702 0.421801
vn 0.184193 -0.170093 0.968061
vn 0.152997 0.193596 0.969078
vn -0.237802 -0.433104 0.869408
vn 0.184193 -0.170093 0.968061
vn 0.400479 0.248187 0.882054
vn 0.152997 0.193596 0.969078
vn 0.421505 -0.873910 0.242103
vn 0.704626 -0.709226 -0.022401
vn 0.680923 -0.680923 0.269609
vn 0.421505 -0.873910 0.242103
vn 0.176908 -0.968143 -0.177208
vn 0.704626 -0.709226 -0.022401
vn -0.968083 -0.182297 0.171997
vn -0.969009 -0.060101 -0.239602
vn -0.875083 -0.418492 -0.243095
vn -0.968083 -0.182297 0.171997
vn -0.871311 0.239703 0.428205
vn -0.969009 -0.060101 -0.239602
vn 0.233801 0.442601 0.865703
vn -0.518010 0.540811 0.662713
vn -0.181205 0.172905 0.968126
vn 0.233801 0.442601 0.865703
vn -0.145891 0.524769 0.838650
vn -0.518010 0.540811 0.662713
vn -0.681023 0.680823 0.269609
vn -0.176106 0.967530 0.181306
vn -0.415003 0.876407 0.244302
vn -0.681023 0.680823 0.269609
vn -0.593971 0.594071 0.542474
vn -0.176106 0.967530 0.181306
vn -0.594097 -0.594197 -0.542198
vn -0.540412 -0.517912 -0.663115
vn -0.480428 -0.480428 -0.733743
vn -0.594097 -0.594197 -0.542198
vn -0.967491 -0.185598 -0.171798
vn -0.540412 -0.517912 -0.663115
vn -0.967331 0.188606 0.169405
vn -0.681704 0.680104 0.269701
vn -0.873624 0.422212 0.241907
vn -0.967331 0.188606 0.169405
vn -0.594000 0.594200 0.542300
vn -0.681704 0.680104 0.269701
vn -0.240806 0.872521 0.425110
vn 0.517497 0.663696 0.540097
vn 0.178308 0.968142 0.175808
vn -0.240806 0.872521 0.425110
vn -0.145891 0.524769 0.838650
vn 0.517497 0.663696 0.540097
vn 0.517897 -0.540696 0.662896
vn 0.594200 -0.594000 0.542300
vn 0.480217 -0.480817 0.733626
vn 0.517897 -0.540696 0.662896
vn 0.189400 -0.967299 0.168700
vn 0.594200 -0.594000 0.542300
vn 0.237310 0.868837 -0.434518
vn 0.413890 0.876879 -0.244494
vn 0.190694 0.967272 -0.167395
vn 0.237310 0.868837 -0.434518
vn 0.000000 0.968991 0.247098
vn 0.413890 0.876879 -0.244494
vn 0.795936 -0.593927 -0.117205
vn 0.344396 -0.938790 -0.008100
vn 0.369196 -0.927989 -0.050299
vn 0.795936 -0.593927 -0.117205
vn 0.793485 -0.608589 -0.001000
vn 0.344396 -0.938790 -0.008100
vn -0.648794 -0.648894 0.397496
vn -0.181904 -0.968120 0.172204
vn -0.517871 -0.663263 0.540270
vn -0.648794 -0.648894 0.397496
vn -0.706926 -0.706926 0.022601
vn -0.181904 -0.968120 0.172204
vn 0.967958 -0.187892 -0.166593
vn 0.969038 -0.198308 -0.147106
vn 0.850911 -0.480806 0.211603
vn 0.967958 -0.187892 -0.166593
vn 0.847404 0.204701 -0.489902
vn 0.969038 -0.198308 -0.147106
vn 0.967934 -0.168506 -0.186307
vn 0.969014 -0.147002 -0.198503
vn 0.875999 -0.416100 0.243900
vn 0.967934 -0.168506 -0.186307
vn 0.891058 0.252188 -0.377382
vn 0.969014 -0.147002 -0.198503
vn 0.473586 0.853776 -0.216294
vn 0.705977 0.707877 0.022499
vn 0.680995 0.680895 -0.269498
vn 0.473586 0.853776 -0.216294
vn 0.176797 0.968184 0.177097
vn 0.705977 0.707877 0.022499
vn 0.875575 -0.243393 0.417288
vn 0.663391 0.517893 0.540092
vn 0.520704 -0.136801 0.842706
vn 0.875575 -0.243393 0.417288
vn 0.967806 0.188401 0.166901
vn 0.663391 0.517893 0.540092
vn -0.025700 0.245701 -0.969005
vn 0.177198 0.177198 -0.968092
vn 0.401406 -0.247904 -0.881713
vn -0.025700 0.245701 -0.969005
vn -0.244793 0.413088 -0.877174
vn 0.177198 0.177198 -0.968092
vn -0.517918 -0.540519 -0.663023
vn 0.204494 -0.490385 -0.847175
vn -0.085601 -0.859507 -0.503904
vn -0.517918 -0.540519 -0.663023
vn -0.175292 -0.178192 -0.968256
vn 0.204494 -0.490385 -0.847175
vn -0.648701 -0.648801 0.397800
vn -0.176594 -0.968166 0.177394
vn -0.517792 -0.663389 0.540191
vn -0.648701 -0.648801 0.397800
vn -0.707079 -0.706779 0.022399
vn -0.176594 -0.968166 0.177394
vn 0.869525 0.432812 -0.237907
vn 0.705778 0.708078 0.022399
vn 0.968144 0.172908 0.181108
vn 0.869525 0.432812 -0.237907
vn 0.681023 0.680823 -0.269609
vn 0.705778 0.708078 0.022399
vn 0.189400 -0.967299 0.168700
vn 0.679803 -0.682003 0.269701
vn 0.594200 -0.594000 0.542300
vn 0.189400 -0.967299 0.168700
vn 0.424487 -0.872773 0.240993
vn 0.679803 -0.682003 0.269701
vn 0.384719 0.880643 -0.276513
vn 0.199894 0.689879 -0.695779
vn 0.097905 0.949245 -0.298914
vn 0.384719 0.880643 -0.276513
vn 0.586308 0.691609 -0.421806
vn 0.199894 0.689879 -0.695779
vn -0.967520 0.178904 0.178604
vn -0.681023 0.680823 0.269609
vn -0.877725 0.411612 0.245307
vn -0.967520 0.178904 0.178604
vn -0.593971 0.594071 0.542474
vn -0.681023 0.680823 0.269609
vn 0.663389 -0.517792 -0.540191
vn 0.891058 0.252188 -0.377382
vn 0.967934 -0.168506 -0.186307
vn 0.663389 -0.517792 -0.540191
vn 0.846926 -0.126204 -0.516516
vn 0.891058 0.252188 -0.377382
vn -0.900392 0.064999 -0.430196
vn -0.799261 0.590171 0.113494
vn -0.793479 0.608584 -0.004100
vn -0.900392 0.064999 -0.430196
vn -0.987035 -0.009800 -0.160206
vn -0.799261 0.590171 0.113494
vn -0.680776 -0.681076 -0.269591
vn -0.967519 -0.179704 -0.177803
vn -0.594168 -0.593968 -0.542371
vn -0.680776 -0.681076 -0.269591
vn -0.849407 -0.484804 -0.208502
vn -0.967519 -0.179704 -0.177803
vn 0.517383 -0.663878 -0.539982
vn 0.664042 -0.517432 -0.539734
vn 0.648701 -0.648801 -0.397800
vn 0.517383 -0.663878 -0.539982
vn 0.185905 -0.172404 -0.967324
vn 0.664042 -0.517432 -0.539734
vn -0.246791 0.969065 -0.002800
vn 0.178308 0.968142 0.175808
vn 0.430592 0.870384 -0.238795
vn -0.246791 0.969065 -0.002800
vn -0.240806 0.872521 0.425110
vn 0.178308 0.968142 0.175808
vn -0.993021 0.002900 -0.117902
vn -1.000000 0.000000 0.000100
vn -0.462004 0.056001 -0.885108
vn -0.993021 0.002900 -0.117902
vn -0.885919 -0.341207 0.314207
vn -1.000000 0.000000 0.000100
vn -0.097997 -0.949274 -0.298792
vn -0.367507 -0.929117 -0.041001
vn -0.384804 -0.880609 -0.276503
vn -0.097997 -0.949274 -0.298792
vn -0.059003 -0.997344 -0.042702
vn -0.367507 -0.929117 -0.041001
vn 0.846926 -0.126204 -0.516516
vn 0.967342 0.170007 -0.188008
vn 0.891058 0.252188 -0.377382
vn 0.846926 -0.126204 -0.516516
vn 0.540120 0.517820 -0.663425
vn 0.967342 0.170007 -0.188008
vn -0.009099 -0.716957 0.697058
vn -0.662905 -0.029900 0.748106
vn -0.209504 -0.693112 0.689712
vn -0.009099 -0.716957 0.697058
vn 0.560392 -0.008100 0.828188
vn -0.662905 -0.029900 0.748106
vn -0.245310 0.410517 -0.878236
vn 0.517785 0.540085 -0.663481
vn 0.177403 0.177403 -0.968017
vn -0.245310 0.410517 -0.878236
vn 0.082402 0.503214 -0.860224
vn 0.517785 0.540085 -0.663481
vn 0.237593 -0.433487 -0.869275
vn 0.441484 -0.234191 -0.866168
vn 0.169198 -0.188998 -0.967291
vn 0.237593 -0.433487 -0.869275
vn -0.147298 -0.198398 -0.968990
vn 0.441484 -0.234191 -0.866168
vn 0.969008 0.231202 -0.087001
vn 0.968109 0.177102 0.177202
vn 0.878580 -0.245794 0.409491
vn 0.969008 0.231202 -0.087001
vn 0.882474 0.399488 -0.248293
vn 0.968109 0.177102 0.177202
vn 0.881713 0.401406 -0.247904
vn 0.707276 0.706576 0.022599
vn 0.967806 0.188401 0.166901
vn 0.881713 0.401406 -0.247904
vn 0.680823 0.681023 -0.269609
vn 0.707276 0.706576 0.022599
vn 0.480283 -0.480983 0.733474
vn 0.179401 -0.174901 0.968104
vn 0.517684 -0.540183 0.663480
vn 0.480283 -0.480983 0.733474
vn 0.540412 -0.517912 0.663115
vn 0.179401 -0.174901 0.968104
vn -0.216004 -0.853615 -0.474008
vn 0.517491 -0.663788 -0.539990
vn 0.185504 -0.968019 -0.168903
vn -0.216004 -0.853615 -0.474008
vn -0.085601 -0.859507 -0.503904
vn 0.517491 -0.663788 -0.539990
vn -0.240988 -0.969052 -0.053497
vn 0.176908 -0.968143 -0.177208
vn 0.421505 -0.873910 0.242103
vn -0.240988 -0.969052 -0.053497
vn -0.232113 -0.864450 -0.445926
vn 0.176908 -0.968143 -0.177208
vn -0.844977 -0.131096 0.518486
vn -0.967384 0.173897 0.184197
vn -0.877600 0.245100 0.412000
vn -0.844977 -0.131096 0.518486
vn -0.540602 0.517602 0.663203
vn -0.967384 0.173897 0.184197
vn -0.011699 0.955152 -0.295885
vn -0.209504 0.693112 -0.689712
vn -0.112601 0.947206 -0.300202
vn -0.011699 0.955152 -0.295885
vn -0.009200 0.716908 -0.697107
vn -0.209504 0.693112 -0.689712
vn -0.237802 -0.433104 0.869408
vn -0.439511 -0.235106 0.866923
vn -0.178299 -0.178799 0.967595
vn -0.237802 -0.433104 0.869408
vn 0.152997 0.193596 0.969078
vn -0.439511 -0.235106 0.866923
vn -0.240390 -0.872162 -0.426082
vn 0.517383 -0.663878 -0.539982
vn 0.188800 -0.967901 -0.165900
vn -0.240390 -0.872162 -0.426082
vn -0.151305 -0.836026 -0.527416
vn 0.517383 -0.663878 -0.539982
vn -0.680923 -0.680923 -0.269609
vn -0.967408 -0.171501 -0.186302
vn -0.594103 -0.594003 -0.542403
vn -0.680923 -0.680923 -0.269609
vn -0.875083 -0.418492 -0.243095
vn -0.967408 -0.171501 -0.186302
vn 0.878580 -0.245794 0.409491
vn 0.663515 0.517712 0.540113
vn 0.670006 -0.265102 0.693406
vn 0.878580 -0.245794 0.409491
vn 0.968109 0.177102 0.177202
vn 0.663515 0.517712 0.540113
vn 0.185905 -0.172404 -0.967324
vn 0.508410 0.102302 -0.855017
vn 0.664042 -0.517432 -0.539734
vn 0.185905 -0.172404 -0.967324
vn 0.421195 -0.241997 -0.874089
vn 0.508410 0.102302 -0.855017
vn -0.462004 0.056001 -0.885108
vn -0.885970 0.341089 -0.314190
vn -0.842899 0.091700 -0.530200
vn -0.462004 0.056001 -0.885108
vn -1.000000 0.000000 0.000100
vn -0.885970 0.341089 -0.314190
vn 0.540405 0.517804 -0.663206
vn 0.594006 0.594006 -0.542506
vn 0.967537 0.179207 -0.178207
vn 0.540405 0.517804 -0.663206
vn 0.480606 0.480606 -0.733509
vn 0.594006 0.594006 -0.542506
vn 0.793479 0.608584 0.004100
vn 0.987035 0.009800 -0.160206
vn 0.900323 0.078902 -0.428011
vn 0.793479 0.608584 0.004100
vn 0.795973 0.593880 0.117196
vn 0.987035 0.009800 -0.160206
vn 0.209504 0.693112 0.689712
vn 0.011700 0.955180 0.295794
vn 0.009200 0.716908 0.697107
vn 0.209504 0.693112 0.689712
vn 0.112502 0.947217 0.300205
vn 0.011700 0.955180 0.295794
vn 0.548898 -0.187899 -0.814497
vn 0.967457 0.182292 -0.175492
vn 0.868111 0.236503 -0.436406
vn 0.548898 -0.187899 -0.814497
vn 0.540191 0.517792 -0.663389
vn 0.967457 0.182292 -0.175492
vn -0.593971 0.594071 0.542474
vn -0.517813 0.540014 0.663517
vn -0.176106 0.967530 0.181306
vn -0.593971 0.594071 0.542474
vn -0.480672 0.480772 0.733357
vn -0.517813 0.540014 0.663517
vn -0.169904 -0.185104 -0.967920
vn -0.147298 -0.198398 -0.968990
vn 0.237593 -0.433487 -0.869275
vn -0.169904 -0.185104 -0.967920
vn -0.450099 0.230199 -0.862798
vn -0.147298 -0.198398 -0.968990
vn 0.540306 0.517906 -0.663207
vn 0.594006 0.594006 -0.542506
vn 0.967231 0.191506 -0.166705
vn 0.540306 0.517906 -0.663207
vn 0.480505 0.480405 -0.733707
vn 0.594006 0.594006 -0.542506
vn -0.705578 -0.708278 0.022399
vn -0.422505 -0.873511 -0.241803
vn -0.178604 -0.968124 0.175604
vn -0.705578 -0.708278 0.022399
vn -0.680904 -0.680904 -0.269702
vn -0.422505 -0.873511 -0.241803
vn 0.423716 0.241409 0.873033
vn 0.251006 0.385709 0.887820
vn 0.085899 0.231697 0.968988
vn 0.423716 0.241409 0.873033
vn 0.176002 0.181502 0.967512
vn 0.251006 0.385709 0.887820
vn -0.706578 0.707278 -0.022499
vn -0.415003 0.876407 0.244302
vn -0.177208 0.968143 -0.176908
vn -0.706578 0.707278 -0.022499
vn -0.681023 0.680823 0.269609
vn -0.415003 0.876407 0.244302
vn -0.367507 -0.929117 -0.041001
vn -0.793479 -0.608584 0.004100
vn -0.799261 -0.590171 -0.113494
vn -0.367507 -0.929117 -0.041001
vn -0.344396 -0.938790 0.008100
vn -0.793479 -0.608584 0.004100
vn -0.517518 -0.663824 0.539919
vn 0.224211 -0.858543 0.461123
vn -0.093202 -0.857418 0.506111
vn -0.517518 -0.663824 0.539919
vn -0.182591 -0.968153 0.171292
vn 0.224211 -0.858543 0.461123
vn 0.236199 0.867795 -0.437198
vn 0.404508 0.880518 -0.247105
vn 0.182492 0.967455 -0.175292
vn 0.236199 0.867795 -0.437198
vn 0.214500 0.968999 -0.122600
vn 0.404508 0.880518 -0.247105
vn -0.200004 -0.689813 -0.695813
vn -0.384804 -0.880609 -0.276503
vn -0.586267 -0.691661 -0.421776
vn -0.200004 -0.689813 -0.695813
vn -0.097997 -0.949274 -0.298792
vn -0.384804 -0.880609 -0.276503
vn 0.176908 -0.968143 -0.177208
vn 0.648920 -0.648820 -0.397412
vn 0.704626 -0.709226 -0.022401
vn 0.176908 -0.968143 -0.177208
vn 0.517404 -0.664006 -0.539805
vn 0.648920 -0.648820 -0.397412
vn 0.245907 0.409112 0.878725
vn -0.517813 0.540014 0.663517
vn -0.179700 0.174600 0.968102
vn 0.245907 0.409112 0.878725
vn -0.262499 0.652798 0.710598
vn -0.517813 0.540014 0.663517
vn 0.517684 -0.540183 0.663480
vn -0.245101 -0.412202 0.877505
vn -0.079097 -0.860964 0.502479
vn 0.517684 -0.540183 0.663480
vn 0.179401 -0.174901 0.968104
vn -0.245101 -0.412202 0.877505
vn -0.517991 -0.540491 -0.662989
vn 0.237593 -0.433487 -0.869275
vn -0.250307 -0.619018 -0.744421
vn -0.517991 -0.540491 -0.662989
vn -0.169904 -0.185104 -0.967920
vn 0.237593 -0.433487 -0.869275
vn -0.245100 0.412000 -0.877600
vn 0.517792 0.540191 -0.663389
vn 0.176900 0.176900 -0.968201
vn -0.245100 0.412000 -0.877600
vn -0.188204 0.549211 -0.814216
vn 0.517792 0.540191 -0.663389
vn 0.177403 0.177403 -0.968017
vn 0.480505 0.480405 -0.733707
vn 0.540306 0.517906 -0.663207
vn 0.177403 0.177403 -0.968017
vn 0.517785 0.540085 -0.663481
vn 0.480505 0.480405 -0.733707
vn -0.181904 -0.968120 0.172204
vn -0.178010 -0.969055 0.171010
vn 0.225405 -0.859521 0.458711
vn -0.181904 -0.968120 0.172204
vn -0.488070 -0.848149 -0.205988
vn -0.178010 -0.969055 0.171010
vn -0.875083 -0.418492 -0.243095
vn -0.890274 -0.251793 -0.379489
vn -0.967408 -0.171501 -0.186302
vn -0.875083 -0.418492 -0.243095
vn -0.969009 -0.060101 -0.239602
vn -0.890274 -0.251793 -0.379489
vn -0.114900 -0.850904 0.512602
vn -0.171698 -0.185698 0.967490
vn -0.517820 -0.663425 0.540120
vn -0.114900 -0.850904 0.512602
vn -0.242497 -0.420494 0.874288
vn -0.171698 -0.185698 0.967490
vn 0.663604 -0.517503 -0.540203
vn 0.868111 0.236503 -0.436406
vn 0.968100 -0.180100 -0.174200
vn 0.663604 -0.517503 -0.540203
vn 0.548898 -0.187899 -0.814497
vn 0.868111 0.236503 -0.436406
vn 0.850911 -0.480806 0.211603
vn 0.861326 -0.228407 0.453814
vn 0.967213 -0.193403 0.164602
vn 0.850911 -0.480806 0.211603
vn 0.969038 -0.198308 -0.147106
vn 0.861326 -0.228407 0.453814
vn 0.594139 -0.593939 0.542435
vn 0.540412 -0.517912 0.663115
vn 0.480283 -0.480983 0.733474
vn 0.594139 -0.593939 0.542435
vn 0.967494 -0.181699 0.175899
vn 0.540412 -0.517912 0.663115
vn -0.967289 0.188198 0.170098
vn -0.681376 0.680476 0.269591
vn -0.862779 0.450289 0.229894
vn -0.967289 0.188198 0.170098
vn -0.594003 0.594103 0.542403
vn -0.681376 0.680476 0.269591
vn -0.594006 0.594006 0.542506
vn -0.517906 0.540306 0.663207
vn -0.179304 0.967519 0.178204
vn -0.594006 0.594006 0.542506
vn -0.480606 0.480606 0.733509
vn -0.517906 0.540306 0.663207
vn 0.384719 0.880643 -0.276513
vn 0.799215 0.590211 -0.113602
vn 0.586308 0.691609 -0.421806
vn 0.384719 0.880643 -0.276513
vn 0.367595 0.929086 -0.040899
vn 0.799215 0.590211 -0.113602
vn -0.174604 -0.179604 -0.968120
vn -0.025700 0.245701 -0.969005
vn 0.240495 -0.426391 -0.871982
vn -0.174604 -0.179604 -0.968120
vn -0.409906 0.245703 -0.878412
vn -0.025700 0.245701 -0.969005
vn 0.664062 0.517370 0.539769
vn 0.517398 0.664097 0.539698
vn 0.176002 0.181502 0.967512
vn 0.664062 0.517370 0.539769
vn 0.648894 0.648794 0.397496
vn 0.517398 0.664097 0.539698
vn -0.793479 0.608584 -0.004100
vn -0.367595 0.929086 0.040899
vn -0.344396 0.938790 -0.008000
vn -0.793479 0.608584 -0.004100
vn -0.799261 0.590171 0.113494
vn -0.367595 0.929086 0.040899
vn -0.178604 -0.968124 0.175604
vn -0.240988 -0.969052 -0.053497
vn 0.238597 -0.870189 0.431095
vn -0.178604 -0.968124 0.175604
vn -0.422505 -0.873511 -0.241803
vn -0.240988 -0.969052 -0.053497
vn -0.179903 -0.177603 0.967518
vn -0.570789 -0.214496 0.792585
vn -0.663115 -0.517912 0.540412
vn -0.179903 -0.177603 0.967518
vn -0.433789 -0.237394 0.869178
vn -0.570789 -0.214496 0.792585
vn -0.176106 0.967530 0.181306
vn -0.262499 0.652798 0.710598
vn -0.243796 0.875984 0.416192
vn -0.176106 0.967530 0.181306
vn -0.517813 0.540014 0.663517
vn -0.262499 0.652798 0.710598
vn 0.967573 -0.180895 0.176295
vn 0.670006 -0.265102 0.693406
vn 0.540120 -0.517820 0.663425
vn 0.967573 -0.180895 0.176295
vn 0.878580 -0.245794 0.409491
vn 0.670006 -0.265102 0.693406
vn 0.663425 0.517820 0.540120
vn 0.517820 0.663425 0.540120
vn 0.177403 0.180103 0.967518
vn 0.663425 0.517820 0.540120
vn 0.648794 0.648894 0.397496
vn 0.517820 0.663425 0.540120
vn -0.517693 0.663791 -0.539793
vn 0.240993 0.872773 -0.424487
vn -0.119094 0.849558 -0.513875
vn -0.517693 0.663791 -0.539793
vn -0.169709 0.968049 -0.184609
vn 0.240993 0.872773 -0.424487
vn 0.058599 -0.997385 -0.042299
vn 0.011800 -0.998908 -0.045200
vn -0.005300 -0.999065 -0.042899
vn 0.058599 -0.997385 -0.042299
vn 0.059401 -0.998219 0.005600
vn 0.011800 -0.998908 -0.045200
vn -0.706926 -0.706926 0.022601
vn -0.488070 -0.848149 -0.205988
vn -0.181904 -0.968120 0.172204
vn -0.706926 -0.706926 0.022601
vn -0.680776 -0.681076 -0.269591
vn -0.488070 -0.848149 -0.205988
vn 0.517792 0.540191 -0.663389
vn 0.594103 0.594003 -0.542403
vn 0.480807 0.480707 -0.733311
vn 0.517792 0.540191 -0.663389
vn 0.182492 0.967455 -0.175292
vn 0.594103 0.594003 -0.542403
vn -0.540668 0.517970 0.662861
vn -0.594000 0.594200 0.542300
vn -0.967331 0.188606 0.169405
vn -0.540668 0.517970 0.662861
vn -0.480394 0.480694 0.733591
vn -0.594000 0.594200 0.542300
vn -0.222193 -0.969070 0.107397
vn 0.188800 -0.967901 -0.165900
vn 0.424487 -0.872773 0.240993
vn -0.222193 -0.969070 0.107397
vn -0.240390 -0.872162 -0.426082
vn 0.188800 -0.967901 -0.165900
vn 0.540397 -0.517697 0.663296
vn 0.447002 0.231701 0.864004
vn 0.166292 -0.188191 0.967952
vn 0.540397 -0.517697 0.663296
vn 0.621107 -0.251403 0.742309
vn 0.447002 0.231701 0.864004
vn 0.171298 0.967387 -0.186598
vn 0.680995 0.680895 -0.269498
vn 0.593974 0.593974 -0.542576
vn 0.171298 0.967387 -0.186598
vn 0.473586 0.853776 -0.216294
vn 0.680995 0.680895 -0.269498
vn 0.415096 -0.244198 -0.876392
vn 0.540191 0.517792 -0.663389
vn 0.548898 -0.187899 -0.814497
vn 0.415096 -0.244198 -0.876392
vn 0.176900 0.176900 -0.968201
vn 0.540191 0.517792 -0.663389
vn -0.663263 -0.517871 0.540270
vn -0.859204 0.225001 0.459502
vn -0.968099 -0.182400 0.171800
vn -0.663263 -0.517871 0.540270
vn -0.794025 -0.212807 0.569418
vn -0.859204 0.225001 0.459502
vn 0.171003 0.967419 -0.186704
vn 0.681023 0.680823 -0.269609
vn 0.593933 0.594333 -0.542230
vn 0.171003 0.967419 -0.186704
vn 0.430592 0.870384 -0.238795
vn 0.681023 0.680823 -0.269609
vn -0.885919 -0.341207 0.314207
vn -0.461925 -0.056003 0.885149
vn -1.000000 0.000000 0.000100
vn -0.885919 -0.341207 0.314207
vn -0.842899 -0.091700 0.530200
vn -0.461925 -0.056003 0.885149
vn 0.837883 -0.452491 -0.305294
vn 0.795936 -0.593927 -0.117205
vn 0.526924 -0.756734 -0.386917
vn 0.837883 -0.452491 -0.305294
vn 0.987052 -0.009701 0.160108
vn 0.795936 -0.593927 -0.117205
vn 0.038800 -0.867399 -0.496099
vn 0.175408 -0.181908 -0.967544
vn 0.517725 -0.663332 -0.540326
vn 0.038800 -0.867399 -0.496099
vn 0.240495 -0.426391 -0.871982
vn 0.175408 -0.181908 -0.967544
vn -0.175201 0.182301 -0.967507
vn -0.205804 0.800415 -0.563011
vn -0.244793 0.413088 -0.877174
vn -0.175201 0.182301 -0.967507
vn -0.517671 0.663663 -0.539970
vn -0.205804 0.800415 -0.563011
vn 0.401406 -0.247904 -0.881713
vn 0.540405 0.517804 -0.663206
vn 0.788142 -0.218884 -0.575258
vn 0.401406 -0.247904 -0.881713
vn 0.177198 0.177198 -0.968092
vn 0.540405 0.517804 -0.663206
vn 0.967213 -0.193403 0.164602
vn 0.621107 -0.251403 0.742309
vn 0.540397 -0.517697 0.663296
vn 0.967213 -0.193403 0.164602
vn 0.861326 -0.228407 0.453814
vn 0.621107 -0.251403 0.742309
vn 0.539813 -0.517512 0.663915
vn 0.400479 0.248187 0.882054
vn 0.184193 -0.170093 0.968061
vn 0.539813 -0.517512 0.663915
vn 0.520704 -0.136801 0.842706
vn 0.400479 0.248187 0.882054
vn 0.799215 0.590211 -0.113602
vn 0.900323 0.078902 -0.428011
vn 0.987052 -0.009701 0.160108
vn 0.799215 0.590211 -0.113602
vn 0.793479 0.608584 0.004100
vn 0.900323 0.078902 -0.428011
vn 0.000000 0.968991 0.247098
vn 0.190996 0.967777 0.164096
vn 0.413890 0.876879 -0.244494
vn 0.000000 0.968991 0.247098
vn -0.242102 0.874008 0.421304
vn 0.190996 0.967777 0.164096
vn -0.877725 0.411612 0.245307
vn -0.706578 0.707278 -0.022499
vn -0.968120 0.174704 -0.179504
vn -0.877725 0.411612 0.245307
vn -0.681023 0.680823 0.269609
vn -0.706578 0.707278 -0.022499
vn -0.594103 -0.594003 -0.542403
vn -0.517684 -0.540183 -0.663480
vn -0.172808 -0.967443 -0.184908
vn -0.594103 -0.594003 -0.542403
vn -0.480318 -0.481018 -0.733428
vn -0.517684 -0.540183 -0.663480
vn 0.156993 0.530276 -0.833163
vn 0.171003 0.967419 -0.186704
vn 0.517740 0.540042 -0.663551
vn 0.156993 0.530276 -0.833163
vn 0.229904 0.862715 -0.450408
vn 0.171003 0.967419 -0.186704
vn 0.594200 -0.594000 0.542300
vn 0.540420 -0.518019 0.663025
vn 0.480217 -0.480817 0.733626
vn 0.594200 -0.594000 0.542300
vn 0.967536 -0.177907 0.179507
vn 0.540420 -0.518019 0.663025
vn 0.188899 0.967796 0.166399
vn 0.648794 0.648894 0.397496
vn 0.707276 0.706576 0.022599
vn 0.188899 0.967796 0.166399
vn 0.517820 0.663425 0.540120
vn 0.648794 0.648894 0.397496
vn -0.047101 -0.242408 0.969030
vn -0.181205 0.172905 0.968126
vn -0.461409 -0.224104 0.858417
vn -0.047101 -0.242408 0.969030
vn 0.233801 0.442601 0.865703
vn -0.181205 0.172905 0.968126
vn -0.967977 0.187795 -0.166596
vn -0.648801 0.648701 -0.397800
vn -0.663914 0.517411 -0.539911
vn -0.967977 0.187795 -0.166596
vn -0.706528 0.707328 -0.022501
vn -0.648801 0.648701 -0.397800
vn 0.265604 -0.682009 0.681409
vn -0.171905 -0.185305 0.967528
vn -0.517189 -0.664186 0.539789
vn 0.265604 -0.682009 0.681409
vn -0.238806 -0.430911 0.870223
vn -0.171905 -0.185305 0.967528
vn 0.517491 -0.663788 -0.539990
vn 0.663604 -0.517503 -0.540203
vn 0.648971 -0.648971 -0.397082
vn 0.517491 -0.663788 -0.539990
vn 0.179808 -0.177008 -0.967645
vn 0.663604 -0.517503 -0.540203
vn -0.594103 -0.594003 -0.542403
vn -0.540377 -0.517878 -0.663171
vn -0.480318 -0.481018 -0.733428
vn -0.594103 -0.594003 -0.542403
vn -0.967408 -0.171501 -0.186302
vn -0.540377 -0.517878 -0.663171
vn 0.967537 0.179207 -0.178207
vn 0.681013 0.680913 -0.269405
vn 0.882474 0.399488 -0.248293
vn 0.967537 0.179207 -0.178207
vn 0.594006 0.594006 -0.542506
vn 0.681013 0.680913 -0.269405
vn -0.178299 -0.178799 0.967595
vn -0.794025 -0.212807 0.569418
vn -0.663263 -0.517871 0.540270
vn -0.178299 -0.178799 0.967595
vn -0.439511 -0.235106 0.866923
vn -0.794025 -0.212807 0.569418
vn -0.384804 -0.880609 -0.276503
vn -0.799261 -0.590171 -0.113494
vn -0.586267 -0.691661 -0.421776
vn -0.384804 -0.880609 -0.276503
vn -0.367507 -0.929117 -0.041001
vn -0.799261 -0.590171 -0.113494
vn 0.744821 -0.250107 0.618618
vn 0.176002 0.181502 0.967512
vn 0.423716 0.241409 0.873033
vn 0.744821 -0.250107 0.618618
vn 0.664062 0.517370 0.539769
vn 0.176002 0.181502 0.967512
vn -0.707029 -0.706829 0.022401
vn -0.431305 -0.870111 -0.238503
vn -0.179501 -0.968103 0.174801
vn -0.707029 -0.706829 0.022401
vn -0.680022 -0.681822 -0.269609
vn -0.431305 -0.870111 -0.238503
vn -0.517497 0.663696 -0.540097
vn 0.236199 0.867795 -0.437198
vn -0.188204 0.549211 -0.814216
vn -0.517497 0.663696 -0.540097
vn -0.179597 0.968086 -0.174797
vn 0.236199 0.867795 -0.437198
vn -0.461409 -0.224104 0.858417
vn -0.540602 0.517602 0.663203
vn -0.844977 -0.131096 0.518486
vn -0.461409 -0.224104 0.858417
vn -0.181205 0.172905 0.968126
vn -0.540602 0.517602 0.663203
vn -0.540412 -0.517912 -0.663115
vn -0.442193 0.233896 -0.865886
vn -0.177595 -0.176895 -0.968074
vn -0.540412 -0.517912 -0.663115
vn -0.786264 -0.220590 -0.577173
vn -0.442193 0.233896 -0.865886
vn 0.204494 -0.490385 -0.847175
vn 0.415096 -0.244198 -0.876392
vn 0.179808 -0.177008 -0.967645
vn 0.204494 -0.490385 -0.847175
vn 0.126895 0.211692 -0.969064
vn 0.415096 -0.244198 -0.876392
vn 0.173303 -0.969015 0.176003
vn 0.173900 -0.968099 -0.180400
vn 0.434912 -0.868723 0.237006
vn 0.173303 -0.969015 0.176003
vn -0.236797 -0.868488 -0.435494
vn 0.173900 -0.968099 -0.180400
vn -0.863428 -0.066902 -0.500016
vn -0.188494 0.169894 -0.967267
vn -0.450099 0.230199 -0.862798
vn -0.863428 -0.066902 -0.500016
vn -0.663696 0.517497 -0.540097
vn -0.188494 0.169894 -0.967267
vn 0.421195 -0.241997 -0.874089
vn 0.540306 0.517906 -0.663207
vn 0.508410 0.102302 -0.855017
vn 0.421195 -0.241997 -0.874089
vn 0.177403 0.177403 -0.968017
vn 0.540306 0.517906 -0.663207
vn -0.245101 -0.412202 0.877505
vn -0.433789 -0.237394 0.869178
vn -0.179903 -0.177603 0.967518
vn -0.245101 -0.412202 0.877505
vn -0.076401 -0.234903 0.969012
vn -0.433789 -0.237394 0.869178
vn -0.968085 -0.182097 0.172197
vn -0.969031 0.243808 -0.039201
vn -0.876488 -0.414894 -0.244197
vn -0.968085 -0.182097 0.172197
vn -0.878507 0.245702 0.409703
vn -0.969031 0.243808 -0.039201
vn 0.648617 -0.648817 -0.397910
vn 0.967934 -0.168506 -0.186307
vn 0.707028 -0.706828 -0.022501
vn 0.648617 -0.648817 -0.397910
vn 0.663389 -0.517792 -0.540191
vn 0.967934 -0.168506 -0.186307
vn -0.648878 -0.648878 0.397386
vn -0.968085 -0.182097 0.172197
vn -0.707029 -0.706829 0.022401
vn -0.648878 -0.648878 0.397386
vn -0.663297 -0.517798 0.540298
vn -0.968085 -0.182097 0.172197
vn -0.182791 0.967453 0.174992
vn -0.177101 0.541702 0.821702
vn -0.245301 0.878105 0.410802
vn -0.182791 0.967453 0.174992
vn -0.517484 0.539883 0.663880
vn -0.177101 0.541702 0.821702
vn 0.112502 0.947217 0.300205
vn -0.005300 0.999061 0.042998
vn 0.011700 0.955180 0.295794
vn 0.112502 0.947217 0.300205
vn 0.058599 0.997385 0.042299
vn -0.005300 0.999061 0.042998
vn 0.430592 0.870384 -0.238795
vn 0.705778 0.708078 0.022399
vn 0.681023 0.680823 -0.269609
vn 0.430592 0.870384 -0.238795
vn 0.178308 0.968142 0.175808
vn 0.705778 0.708078 0.022399
vn -0.011799 -0.955151 0.295885
vn -0.209504 -0.693112 0.689712
vn -0.112601 -0.947206 0.300202
vn -0.011799 -0.955151 0.295885
vn -0.009099 -0.716957 0.697058
vn -0.209504 -0.693112 0.689712
vn -0.968130 -0.182606 0.171405
vn -0.969064 -0.226992 0.096896
vn -0.870537 -0.430218 -0.238910
vn -0.968130 -0.182606 0.171405
vn -0.866467 0.234591 0.440683
vn -0.969064 -0.226992 0.096896
vn -0.706929 -0.706929 0.022401
vn -0.451700 -0.862200 -0.229300
vn -0.182591 -0.968153 0.171292
vn -0.706929 -0.706929 0.022401
vn -0.680904 -0.680904 -0.269702
vn -0.451700 -0.862200 -0.229300
vn 0.967737 0.191107 0.164206
vn 0.648894 0.648794 0.397496
vn 0.664062 0.517370 0.539769
vn 0.967737 0.191107 0.164206
vn 0.707429 0.706429 0.022401
vn 0.648894 0.648794 0.397496
vn 0.967457 0.182292 -0.175492
vn 0.680823 0.681023 -0.269609
vn 0.881713 0.401406 -0.247904
vn 0.967457 0.182292 -0.175492
vn 0.594103 0.594003 -0.542403
vn 0.680823 0.681023 -0.269609
vn -0.967408 -0.171501 -0.186302
vn -0.864728 0.059402 -0.498716
vn -0.540377 -0.517878 -0.663171
vn -0.967408 -0.171501 -0.186302
vn -0.890274 -0.251793 -0.379489
vn -0.864728 0.059402 -0.498716
vn -0.969031 0.243808 -0.039201
vn -0.968120 0.174704 -0.179504
vn -0.882310 -0.248203 -0.399905
vn -0.969031 0.243808 -0.039201
vn -0.877725 0.411612 0.245307
vn -0.968120 0.174704 -0.179504
vn 0.236104 -0.867816 0.437208
vn 0.434912 -0.868723 0.237006
vn 0.178891 -0.967450 0.178991
vn 0.236104 -0.867816 0.437208
vn 0.173303 -0.969015 0.176003
vn 0.434912 -0.868723 0.237006
vn -0.517684 -0.540183 -0.663480
vn 0.245103 -0.412404 -0.877409
vn 0.075800 -0.861598 -0.501899
vn -0.517684 -0.540183 -0.663480
vn -0.178498 -0.175898 -0.968090
vn 0.245103 -0.412404 -0.877409
vn 0.025500 0.998910 -0.039100
vn -0.058599 0.997385 -0.042299
vn -0.059402 0.998234 0.000200
vn 0.025500 0.998910 -0.039100
vn 0.000400 0.999075 -0.042999
vn -0.058599 0.997385 -0.042299
vn -0.112601 -0.947206 0.300202
vn -0.527016 -0.756723 0.386812
vn -0.267101 -0.944103 0.193201
vn -0.112601 -0.947206 0.300202
vn -0.209504 -0.693112 0.689712
vn -0.527016 -0.756723 0.386812
vn 0.434912 -0.868723 0.237006
vn 0.707328 -0.706528 -0.022501
vn 0.679904 -0.681904 0.269701
vn 0.434912 -0.868723 0.237006
vn 0.173900 -0.968099 -0.180400
vn 0.707328 -0.706528 -0.022501
vn 0.177403 0.180103 0.967518
vn -0.139699 0.841492 0.521895
vn 0.239484 0.428872 0.871043
vn 0.177403 0.180103 0.967518
vn 0.517820 0.663425 0.540120
vn -0.139699 0.841492 0.521895
vn 0.190996 0.967777 0.164096
vn 0.648894 0.648794 0.397496
vn 0.707429 0.706429 0.022401
vn 0.190996 0.967777 0.164096
vn 0.517398 0.664097 0.539698
vn 0.648894 0.648794 0.397496
vn -0.209504 0.693112 -0.689712
vn -0.837921 0.452411 -0.305308
vn -0.527016 0.756723 -0.386812
vn -0.209504 0.693112 -0.689712
vn -0.662901 0.030100 -0.748101
vn -0.837921 0.452411 -0.305308
vn -0.799261 0.590171 0.113494
vn -0.384804 0.880609 0.276503
vn -0.367595 0.929086 0.040899
vn -0.799261 0.590171 0.113494
vn -0.586202 0.691702 0.421801
vn -0.384804 0.880609 0.276503
vn -0.151305 -0.836026 -0.527416
vn 0.185905 -0.172404 -0.967324
vn 0.517383 -0.663878 -0.539982
vn -0.151305 -0.836026 -0.527416
vn 0.229989 -0.450279 -0.862759
vn 0.185905 -0.172404 -0.967324
vn -0.899267 -0.356387 -0.253591
vn -0.880777 -0.247194 -0.403890
vn -0.967450 -0.182309 -0.175509
vn -0.899267 -0.356387 -0.253591
vn -0.969049 -0.227311 -0.096305
vn -0.880777 -0.247194 -0.403890
vn 0.177102 0.968109 0.177202
vn 0.648810 0.648810 0.397606
vn 0.706881 0.706981 0.022299
vn 0.177102 0.968109 0.177202
vn 0.517684 0.663480 0.540183
vn 0.648810 0.648810 0.397606
vn 0.663330 0.517624 0.540425
vn 0.517497 0.663696 0.540097
vn 0.184404 0.172904 0.967522
vn 0.663330 0.517624 0.540425
vn 0.648994 0.648694 0.397496
vn 0.517497 0.663696 0.540097
vn -0.176594 -0.968166 0.177394
vn 0.140405 -0.969037 -0.203108
vn 0.227391 -0.860767 0.455383
vn -0.176594 -0.968166 0.177394
vn -0.448199 -0.863599 -0.230900
vn 0.140405 -0.969037 -0.203108
vn -0.058599 0.997385 -0.042299
vn -0.267008 0.944128 -0.193206
vn -0.369284 0.927960 -0.050198
vn -0.058599 0.997385 -0.042299
vn -0.112601 0.947206 -0.300202
vn -0.267008 0.944128 -0.193206
vn 0.176900 0.176900 -0.968201
vn 0.480807 0.480707 -0.733311
vn 0.540191 0.517792 -0.663389
vn 0.176900 0.176900 -0.968201
vn 0.517792 0.540191 -0.663389
vn 0.480807 0.480707 -0.733311
vn 0.967342 0.170007 -0.188008
vn 0.680995 0.680895 -0.269498
vn 0.868526 0.435413 -0.236807
vn 0.967342 0.170007 -0.188008
vn 0.593974 0.593974 -0.542576
vn 0.680995 0.680895 -0.269498
vn -0.648794 -0.648894 0.397496
vn -0.968099 -0.182400 0.171800
vn -0.706926 -0.706926 0.022601
vn -0.648794 -0.648894 0.397496
vn -0.663263 -0.517871 0.540270
vn -0.968099 -0.182400 0.171800
vn 0.795973 0.593880 0.117196
vn 0.837752 0.452674 0.305382
vn 0.987035 0.009800 -0.160206
vn 0.795973 0.593880 0.117196
vn 0.527016 0.756723 0.386812
vn 0.837752 0.452674 0.305382
vn -0.663206 0.517804 -0.540405
vn -0.517671 0.663663 -0.539970
vn -0.175201 0.182301 -0.967507
vn -0.663206 0.517804 -0.540405
vn -0.648710 0.648910 -0.397606
vn -0.517671 0.663663 -0.539970
vn -0.794190 -0.212797 0.569193
vn -0.967520 0.178904 0.178604
vn -0.878507 0.245702 0.409703
vn -0.794190 -0.212797 0.569193
vn -0.540191 0.517792 0.663389
vn -0.967520 0.178904 0.178604
vn 0.240495 -0.426391 -0.871982
vn 0.401406 -0.247904 -0.881713
vn 0.175408 -0.181908 -0.967544
vn 0.240495 -0.426391 -0.871982
vn -0.025700 0.245701 -0.969005
vn 0.401406 -0.247904 -0.881713
vn -0.176999 -0.180099 0.967593
vn -0.863608 -0.065401 0.499904
vn -0.663822 -0.517417 0.540018
vn -0.176999 -0.180099 0.967593
vn -0.439221 -0.235211 0.867041
vn -0.863608 -0.065401 0.499904
vn -0.680904 -0.680904 -0.269702
vn -0.182008 -0.967543 -0.175308
vn -0.451700 -0.862200 -0.229300
vn -0.680904 -0.680904 -0.269702
vn -0.594097 -0.594197 -0.542198
vn -0.182008 -0.967543 -0.175308
vn -0.179304 0.967519 0.178204
vn -0.139699 0.841492 0.521895
vn -0.216196 0.853686 0.473792
vn -0.179304 0.967519 0.178204
vn -0.517906 0.540306 0.663207
vn -0.139699 0.841492 0.521895
vn 0.240993 0.872773 -0.424487
vn 0.473586 0.853776 -0.216294
vn 0.171298 0.967387 -0.186598
vn 0.240993 0.872773 -0.424487
vn 0.062900 0.969103 -0.238501
vn 0.473586 0.853776 -0.216294
vn -0.483027 0.210012 -0.850047
vn -0.245100 0.412000 -0.877600
vn 0.126895 0.211692 -0.969064
vn -0.483027 0.210012 -0.850047
vn -0.172696 0.184296 -0.967580
vn -0.245100 0.412000 -0.877600
vn 0.480217 -0.480817 0.733626
vn 0.184207 -0.170207 0.968038
vn 0.517897 -0.540696 0.662896
vn 0.480217 -0.480817 0.733626
vn 0.540420 -0.518019 0.663025
vn 0.184207 -0.170207 0.968038
vn 0.009200 0.716908 0.697107
vn -0.097905 0.949245 0.298914
vn -0.200004 0.689813 0.695813
vn 0.009200 0.716908 0.697107
vn 0.011700 0.955180 0.295794
vn -0.097905 0.949245 0.298914
vn 0.969038 -0.198308 -0.147106
vn 0.968144 0.172908 0.181108
vn 0.861326 -0.228407 0.453814
vn 0.969038 -0.198308 -0.147106
vn 0.869525 0.432812 -0.237907
vn 0.968144 0.172908 0.181108
vn -0.849407 -0.484804 -0.208502
vn -0.856474 -0.220793 -0.466586
vn -0.967519 -0.179704 -0.177803
vn -0.849407 -0.484804 -0.208502
vn -0.969020 -0.186604 0.161803
vn -0.856474 -0.220793 -0.466586
vn 0.517770 0.540369 -0.663262
vn 0.594006 0.594006 -0.542506
vn 0.480606 0.480606 -0.733509
vn 0.517770 0.540369 -0.663262
vn 0.180506 0.967534 -0.176906
vn 0.594006 0.594006 -0.542506
vn -0.171204 -0.967422 -0.186504
vn -0.250307 -0.619018 -0.744421
vn -0.232113 -0.864450 -0.445926
vn -0.171204 -0.967422 -0.186504
vn -0.517991 -0.540491 -0.662989
vn -0.250307 -0.619018 -0.744421
vn -0.866467 0.234591 0.440683
vn -0.873624 0.422212 0.241907
vn -0.969064 -0.226992 0.096896
vn -0.866467 0.234591 0.440683
vn -0.967331 0.188606 0.169405
vn -0.873624 0.422212 0.241907
vn -0.570789 -0.214496 0.792585
vn -0.967537 0.179407 0.178007
vn -0.871311 0.239703 0.428205
vn -0.570789 -0.214496 0.792585
vn -0.540085 0.517785 0.663481
vn -0.967537 0.179407 0.178007
vn -0.540377 -0.517878 -0.663171
vn -0.409906 0.245703 -0.878412
vn -0.174604 -0.179604 -0.968120
vn -0.540377 -0.517878 -0.663171
vn -0.651204 -0.262102 -0.712205
vn -0.409906 0.245703 -0.878412
vn 0.670006 -0.265102 0.693406
vn 0.176803 0.180703 0.967516
vn 0.397604 0.248703 0.883209
vn 0.670006 -0.265102 0.693406
vn 0.663515 0.517712 0.540113
vn 0.176803 0.180703 0.967516
vn -0.648987 -0.648887 0.397192
vn -0.178604 -0.968124 0.175604
vn -0.517189 -0.664186 0.539789
vn -0.648987 -0.648887 0.397192
vn -0.705578 -0.708278 0.022399
vn -0.178604 -0.968124 0.175604
vn -0.874294 -0.242298 -0.420597
vn -0.663914 0.517411 -0.539911
vn -0.786264 -0.220590 -0.577173
vn -0.874294 -0.242298 -0.420597
vn -0.967977 0.187795 -0.166596
vn -0.663914 0.517411 -0.539911
vn -0.707079 -0.706779 0.022399
vn -0.875083 -0.418492 -0.243095
vn -0.680923 -0.680923 -0.269609
vn -0.707079 -0.706779 0.022399
vn -0.968083 -0.182297 0.171997
vn -0.875083 -0.418492 -0.243095
vn 0.175505 0.181905 0.967527
vn -0.177101 0.541702 0.821702
vn 0.251198 0.384496 0.888292
vn 0.175505 0.181905 0.967527
vn 0.517820 0.663425 0.540120
vn -0.177101 0.541702 0.821702
vn -0.431305 -0.870111 -0.238503
vn -0.236797 -0.868488 -0.435494
vn 0.173303 -0.969015 0.176003
vn -0.431305 -0.870111 -0.238503
vn -0.179400 -0.967502 -0.178200
vn -0.236797 -0.868488 -0.435494
vn 0.425414 -0.240608 -0.872428
vn 0.540120 0.517820 -0.663425
vn 0.846926 -0.126204 -0.516516
vn 0.425414 -0.240608 -0.872428
vn 0.177198 0.177198 -0.968092
vn 0.540120 0.517820 -0.663425
vn -0.232113 -0.864450 -0.445926
vn 0.517404 -0.664006 -0.539805
vn 0.176908 -0.968143 -0.177208
vn -0.232113 -0.864450 -0.445926
vn -0.250307 -0.619018 -0.744421
vn 0.517404 -0.664006 -0.539805
vn -0.179700 0.174600 0.968102
vn -0.480672 0.480772 0.733357
vn -0.540191 0.517792 0.663389
vn -0.179700 0.174600 0.968102
vn -0.517813 0.540014 0.663517
vn -0.480672 0.480772 0.733357
vn 0.266915 -0.944153 -0.193211
vn 0.058599 -0.997385 -0.042299
vn 0.112403 -0.947228 -0.300209
vn 0.266915 -0.944153 -0.193211
vn 0.369196 -0.927989 -0.050299
vn 0.058599 -0.997385 -0.042299
vn -0.093202 -0.857418 0.506111
vn 0.189400 -0.967299 0.168700
vn 0.517897 -0.540696 0.662896
vn -0.093202 -0.857418 0.506111
vn 0.224211 -0.858543 0.461123
vn 0.189400 -0.967299 0.168700
vn 0.517665 -0.663755 -0.539863
vn 0.663389 -0.517792 -0.540191
vn 0.648617 -0.648817 -0.397910
vn 0.517665 -0.663755 -0.539863
vn 0.178100 -0.179500 -0.967502
vn 0.663389 -0.517792 -0.540191
vn -0.663914 0.517411 -0.539911
vn -0.517478 0.663971 -0.539777
vn -0.171903 0.186403 -0.967318
vn -0.663914 0.517411 -0.539911
vn -0.648801 0.648701 -0.397800
vn -0.517478 0.663971 -0.539777
vn 0.870776 -0.238993 0.429688
vn 0.663425 0.517820 0.540120
vn 0.868113 -0.032400 0.495308
vn 0.870776 -0.238993 0.429688
vn 0.968092 0.177198 0.177198
vn 0.663425 0.517820 0.540120
vn -0.097905 0.949245 0.298914
vn -0.367595 0.929086 0.040899
vn -0.384804 0.880609 0.276503
vn -0.097905 0.949245 0.298914
vn -0.059003 0.997344 0.042702
vn -0.367595 0.929086 0.040899
vn 0.000000 0.000000 -1.000000
vn -0.842899 0.091700 -0.530200
vn 0.590791 0.774789 -0.225097
vn 0.000000 0.000000 -1.000000
vn -0.462004 0.056001 -0.885108
vn -0.842899 0.091700 -0.530200
vn -0.223588 -0.974348 -0.025599
vn -0.462004 0.056001 -0.885108
vn 0.000000 0.000000 -1.000000
vn -0.223588 -0.974348 -0.025599
vn -0.993021 0.002900 -0.117902
vn -0.462004 0.056001 -0.885108
vn -0.333311 -0.666722 -0.666622
vn 0.000000 0.000000 -1.000000
vn 0.999712 0.024000 -0.000200
vn -0.333311 -0.666722 -0.666622
vn -0.223588 -0.974348 -0.025599
vn 0.000000 0.000000 -1.000000
vn 0.999712 0.024000 -0.000200
vn 0.590791 0.774789 -0.225097
vn 1.000000 0.000000 0.000000
vn 0.999712 0.024000 -0.000200
vn 0.000000 0.000000 -1.000000
vn 0.590791 0.774789 -0.225097
vn 0.517678 -0.540077 0.663571
vn -0.237802 -0.433104 0.869408
vn -0.227409 -0.778631 0.584823
vn 0.517678 -0.540077 0.663571
vn 0.184193 -0.170093 0.968061
vn -0.237802 -0.433104 0.869408
vn 0.837752 0.452674 0.305382
vn 0.209504 0.693112 0.689712
vn 0.662905 0.029900 0.748106
vn 0.837752 0.452674 0.305382
vn 0.527016 0.756723 0.386812
vn 0.209504 0.693112 0.689712
vn 0.594300 -0.593900 0.542300
vn 0.540120 -0.517820 0.663425
vn 0.480306 -0.480906 0.733509
vn 0.594300 -0.593900 0.542300
vn 0.967573 -0.180895 0.176295
vn 0.540120 -0.517820 0.663425
vn -0.475711 0.852920 0.215005
vn -0.216196 0.853686 0.473792
vn 0.062900 0.969103 -0.238501
vn -0.475711 0.852920 0.215005
vn -0.179304 0.967519 0.178204
vn -0.216196 0.853686 0.473792
vn 0.648710 -0.648910 -0.397606
vn 0.968136 -0.179707 -0.174407
vn 0.707328 -0.706528 -0.022501
vn 0.648710 -0.648910 -0.397606
vn 0.663389 -0.517792 -0.540191
vn 0.968136 -0.179707 -0.174407
vn -0.967581 -0.182396 -0.174697
vn -0.651204 -0.262102 -0.712205
vn -0.540377 -0.517878 -0.663171
vn -0.967581 -0.182396 -0.174697
vn -0.882310 -0.248203 -0.399905
vn -0.651204 -0.262102 -0.712205
vn 0.082402 0.503214 -0.860224
vn 0.190694 0.967272 -0.167395
vn 0.517785 0.540085 -0.663481
vn 0.082402 0.503214 -0.860224
vn 0.237310 0.868837 -0.434518
vn 0.190694 0.967272 -0.167395
vn 0.875999 -0.416100 0.243900
vn 0.870776 -0.238993 0.429688
vn 0.967494 -0.181699 0.175899
vn 0.875999 -0.416100 0.243900
vn 0.969014 -0.147002 -0.198503
vn 0.870776 -0.238993 0.429688
vn -0.705578 -0.708278 0.022399
vn -0.899267 -0.356387 -0.253591
vn -0.680904 -0.680904 -0.269702
vn -0.705578 -0.708278 0.022399
vn -0.967829 -0.188106 0.167105
vn -0.899267 -0.356387 -0.253591
vn 0.238597 -0.870189 0.431095
vn 0.421505 -0.873910 0.242103
vn 0.180103 -0.967518 0.177403
vn 0.238597 -0.870189 0.431095
vn -0.240988 -0.969052 -0.053497
vn 0.421505 -0.873910 0.242103
vn 0.000000 -1.000000 0.000000
vn -0.842899 -0.091700 0.530200
vn -0.885919 -0.341207 0.314207
vn 0.000000 -1.000000 0.000000
vn -0.707189 -0.499892 0.499992
vn -0.842899 -0.091700 0.530200
vn 0.999825 -0.000100 0.018700
vn -0.707189 -0.499892 0.499992
vn 0.000000 -1.000000 0.000000
vn 0.999825 -0.000100 0.018700
vn 1.000000 0.000000 0.000000
vn -0.707189 -0.499892 0.499992
vn -0.333311 -0.666722 -0.666622
vn 0.000000 -1.000000 0.000000
vn -0.223588 -0.974348 -0.025599
vn -0.333311 -0.666722 -0.666622
vn 0.999825 -0.000100 0.018700
vn 0.000000 -1.000000 0.000000
vn -0.223588 -0.974348 -0.025599
vn -0.885919 -0.341207 0.314207
vn -0.993021 0.002900 -0.117902
vn -0.223588 -0.974348 -0.025599
vn 0.000000 -1.000000 0.000000
vn -0.885919 -0.341207 0.314207
vn 0.367595 0.929086 -0.040899
vn 0.793479 0.608584 0.004100
vn 0.799215 0.590211 -0.113602
vn 0.367595 0.929086 -0.040899
vn 0.344396 0.938790 0.008000
vn 0.793479 0.608584 0.004100
vn -0.093202 -0.857418 0.506111
vn -0.176999 -0.180099 0.967593
vn -0.517518 -0.663824 0.539919
vn -0.093202 -0.857418 0.506111
vn -0.235810 -0.437719 0.867638
vn -0.176999 -0.180099 0.967593
vn -0.517792 -0.663389 0.540191
vn -0.663115 -0.517912 0.540412
vn -0.648701 -0.648801 0.397800
vn -0.517792 -0.663389 0.540191
vn -0.179903 -0.177603 0.967518
vn -0.663115 -0.517912 0.540412
vn -0.455719 0.860637 0.227210
vn -0.245301 0.878105 0.410802
vn 0.214500 0.968999 -0.122600
vn -0.455719 0.860637 0.227210
vn -0.182791 0.967453 0.174992
vn -0.245301 0.878105 0.410802
vn 0.344396 0.938790 0.008000
vn 0.795973 0.593880 0.117196
vn 0.793479 0.608584 0.004100
vn 0.344396 0.938790 0.008000
vn 0.369316 0.927941 0.050302
vn 0.795973 0.593880 0.117196
vn 0.229989 -0.450279 -0.862759
vn 0.421195 -0.241997 -0.874089
vn 0.185905 -0.172404 -0.967324
vn 0.229989 -0.450279 -0.862759
vn 0.166303 0.182604 -0.969020
vn 0.421195 -0.241997 -0.874089
vn -0.648701 -0.648801 0.397800
vn -0.968083 -0.182297 0.171997
vn -0.707079 -0.706779 0.022399
vn -0.648701 -0.648801 0.397800
vn -0.663115 -0.517912 0.540412
vn -0.968083 -0.182297 0.171997
vn 0.182492 0.967455 -0.175292
vn 0.680823 0.681023 -0.269609
vn 0.594103 0.594003 -0.542403
vn 0.182492 0.967455 -0.175292
vn 0.404508 0.880518 -0.247105
vn 0.680823 0.681023 -0.269609
vn -0.171905 -0.185305 0.967528
vn -0.844977 -0.131096 0.518486
vn -0.663877 -0.517282 0.540081
vn -0.171905 -0.185305 0.967528
vn -0.461409 -0.224104 0.858417
vn -0.844977 -0.131096 0.518486
vn 0.384804 -0.880609 0.276503
vn 0.199908 -0.689827 0.695827
vn 0.097895 -0.949254 0.298886
vn 0.384804 -0.880609 0.276503
vn 0.586202 -0.691702 0.421801
vn 0.199908 -0.689827 0.695827
vn -0.967450 -0.182309 -0.175509
vn -0.863428 -0.066902 -0.500016
vn -0.540018 -0.517417 -0.663822
vn -0.967450 -0.182309 -0.175509
vn -0.880777 -0.247194 -0.403890
vn -0.863428 -0.066902 -0.500016
vn 0.190694 0.967272 -0.167395
vn 0.680795 0.681095 -0.269498
vn 0.594006 0.594006 -0.542506
vn 0.190694 0.967272 -0.167395
vn 0.413890 0.876879 -0.244494
vn 0.680795 0.681095 -0.269498
vn 0.166303 0.182604 -0.969020
vn 0.177403 0.177403 -0.968017
vn 0.421195 -0.241997 -0.874089
vn 0.166303 0.182604 -0.969020
vn -0.245310 0.410517 -0.878236
vn 0.177403 0.177403 -0.968017
vn 0.179401 -0.174901 0.968104
vn -0.076401 -0.234903 0.969012
vn -0.245101 -0.412202 0.877505
vn 0.179401 -0.174901 0.968104
vn 0.432510 0.238106 0.869621
vn -0.076401 -0.234903 0.969012
vn -0.662905 -0.029900 0.748106
vn -0.586202 0.691702 0.421801
vn -0.837722 -0.452712 0.305408
vn -0.662905 -0.029900 0.748106
vn -0.200004 0.689813 0.695813
vn -0.586202 0.691702 0.421801
vn -0.594300 -0.593900 -0.542300
vn -0.540377 -0.517878 -0.663171
vn -0.480194 -0.480894 -0.733591
vn -0.594300 -0.593900 -0.542300
vn -0.967581 -0.182396 -0.174697
vn -0.540377 -0.517878 -0.663171
vn 0.199894 0.689879 -0.695779
vn 0.560397 0.006800 -0.828196
vn -0.009200 0.716908 -0.697107
vn 0.199894 0.689879 -0.695779
vn 0.662903 -0.030000 -0.748104
vn 0.560397 0.006800 -0.828196
vn 0.112403 -0.947228 -0.300209
vn -0.005300 -0.999065 -0.042899
vn 0.011700 -0.955180 -0.295794
vn 0.112403 -0.947228 -0.300209
vn 0.058599 -0.997385 -0.042299
vn -0.005300 -0.999065 -0.042899
vn 0.245103 -0.412404 -0.877409
vn 0.425414 -0.240608 -0.872428
vn 0.178100 -0.179500 -0.967502
vn 0.245103 -0.412404 -0.877409
vn -0.241701 0.051100 -0.969004
vn 0.425414 -0.240608 -0.872428
vn 0.176803 0.180703 0.967516
vn -0.262499 0.652798 0.710598
vn 0.245907 0.409112 0.878725
vn 0.176803 0.180703 0.967516
vn 0.517684 0.663480 0.540183
vn -0.262499 0.652798 0.710598
vn -0.205804 0.800415 -0.563011
vn 0.180506 0.967534 -0.176906
vn 0.517770 0.540369 -0.663262
vn -0.205804 0.800415 -0.563011
vn 0.243704 0.875813 -0.416606
vn 0.180506 0.967534 -0.176906
vn -0.707079 0.706779 -0.022399
vn -0.475711 0.852920 0.215005
vn -0.169709 0.968049 -0.184609
vn -0.707079 0.706779 -0.022399
vn -0.680995 0.680895 0.269498
vn -0.475711 0.852920 0.215005
vn -0.967519 -0.179704 -0.177803
vn -0.864915 -0.058401 -0.498509
vn -0.540590 -0.517890 -0.662987
vn -0.967519 -0.179704 -0.177803
vn -0.856474 -0.220793 -0.466586
vn -0.864915 -0.058401 -0.498509
vn 0.968986 0.233497 -0.080899
vn 0.967806 0.188401 0.166901
vn 0.875575 -0.243393 0.417288
vn 0.968986 0.233497 -0.080899
vn 0.881713 0.401406 -0.247904
vn 0.967806 0.188401 0.166901
vn -0.044801 0.242904 0.969015
vn -0.179700 0.174600 0.968102
vn -0.406895 -0.246497 0.879589
vn -0.044801 0.242904 0.969015
vn 0.245907 0.409112 0.878725
vn -0.179700 0.174600 0.968102
vn -0.171903 0.186403 -0.967318
vn 0.082402 0.503214 -0.860224
vn -0.245310 0.410517 -0.878236
vn -0.171903 0.186403 -0.967318
vn -0.517478 0.663971 -0.539777
vn 0.082402 0.503214 -0.860224
vn -0.680923 -0.680923 -0.269609
vn -0.172808 -0.967443 -0.184908
vn -0.448199 -0.863599 -0.230900
vn -0.680923 -0.680923 -0.269609
vn -0.594103 -0.594003 -0.542403
vn -0.172808 -0.967443 -0.184908
vn -0.680904 -0.680904 -0.269702
vn -0.171204 -0.967422 -0.186504
vn -0.422505 -0.873511 -0.241803
vn -0.680904 -0.680904 -0.269702
vn -0.593697 -0.594597 -0.542197
vn -0.171204 -0.967422 -0.186504
vn -0.235810 -0.437719 0.867638
vn -0.439221 -0.235211 0.867041
vn -0.176999 -0.180099 0.967593
vn -0.235810 -0.437719 0.867638
vn 0.085899 0.231697 0.968988
vn -0.439221 -0.235211 0.867041
vn -0.178498 -0.175898 -0.968090
vn -0.241701 0.051100 -0.969004
vn 0.245103 -0.412404 -0.877409
vn -0.178498 -0.175898 -0.968090
vn -0.430300 0.238900 -0.870499
vn -0.241701 0.051100 -0.969004
vn 0.177198 0.177198 -0.968092
vn 0.480606 0.480606 -0.733509
vn 0.540405 0.517804 -0.663206
vn 0.177198 0.177198 -0.968092
vn 0.517770 0.540369 -0.663262
vn 0.480606 0.480606 -0.733509
vn 0.267003 0.944110 0.193302
vn 0.058599 0.997385 0.042299
vn 0.112502 0.947217 0.300205
vn 0.267003 0.944110 0.193302
vn 0.369316 0.927941 0.050302
vn 0.058599 0.997385 0.042299
vn -0.188204 0.549211 -0.814216
vn 0.182492 0.967455 -0.175292
vn 0.517792 0.540191 -0.663389
vn -0.188204 0.549211 -0.814216
vn 0.236199 0.867795 -0.437198
vn 0.182492 0.967455 -0.175292
vn 0.059003 -0.997344 0.042702
vn -0.011799 -0.955151 0.295885
vn 0.000300 -0.999079 0.042899
vn 0.059003 -0.997344 0.042702
vn 0.097895 -0.949254 0.298886
vn -0.011799 -0.955151 0.295885
vn -0.969009 -0.060101 -0.239602
vn -0.967983 0.170097 -0.184597
vn -0.890274 -0.251793 -0.379489
vn -0.969009 -0.060101 -0.239602
vn -0.871602 0.427501 0.239901
vn -0.967983 0.170097 -0.184597
vn -0.593697 -0.594597 -0.542197
vn -0.540018 -0.517417 -0.663822
vn -0.480517 -0.480517 -0.733626
vn -0.593697 -0.594597 -0.542197
vn -0.967450 -0.182309 -0.175509
vn -0.540018 -0.517417 -0.663822
vn 0.680923 -0.680923 0.269609
vn 0.967213 -0.193403 0.164602
vn 0.593765 -0.594465 0.542268
vn 0.680923 -0.680923 0.269609
vn 0.850911 -0.480806 0.211603
vn 0.967213 -0.193403 0.164602
vn -0.480695 -0.480695 -0.733392
vn -0.175292 -0.178192 -0.968256
vn -0.517918 -0.540519 -0.663023
vn -0.480695 -0.480695 -0.733392
vn -0.540590 -0.517890 -0.662987
vn -0.175292 -0.178192 -0.968256
vn -0.076401 -0.234903 0.969012
vn -0.175498 0.178898 0.968089
vn -0.433789 -0.237394 0.869178
vn -0.076401 -0.234903 0.969012
vn 0.239484 0.428872 0.871043
vn -0.175498 0.178898 0.968089
vn -0.593900 0.594300 0.542300
vn -0.518010 0.540811 0.662713
vn -0.181000 0.967498 0.176600
vn -0.593900 0.594300 0.542300
vn -0.480807 0.480707 0.733311
vn -0.518010 0.540811 0.662713
vn 0.517785 0.540085 -0.663481
vn 0.594006 0.594006 -0.542506
vn 0.480505 0.480405 -0.733707
vn 0.517785 0.540085 -0.663481
vn 0.190694 0.967272 -0.167395
vn 0.594006 0.594006 -0.542506
vn -0.987035 0.009800 0.160206
vn -0.793479 0.608584 -0.004100
vn -0.795973 0.593880 -0.117196
vn -0.987035 0.009800 0.160206
vn -0.900392 0.064999 -0.430196
vn -0.793479 0.608584 -0.004100
vn -0.873624 0.422212 0.241907
vn -0.706528 0.707328 -0.022501
vn -0.967977 0.187795 -0.166596
vn -0.873624 0.422212 0.241907
vn -0.681704 0.680104 0.269701
vn -0.706528 0.707328 -0.022501
vn 0.175408 -0.181908 -0.967544
vn 0.788142 -0.218884 -0.575258
vn 0.663389 -0.517792 -0.540191
vn 0.175408 -0.181908 -0.967544
vn 0.401406 -0.247904 -0.881713
vn 0.788142 -0.218884 -0.575258
vn 0.663391 0.517893 0.540092
vn 0.517820 0.663425 0.540120
vn 0.175505 0.181905 0.967527
vn 0.663391 0.517893 0.540092
vn 0.648794 0.648894 0.397496
vn 0.517820 0.663425 0.540120
vn 0.097905 0.949245 -0.298914
vn -0.009200 0.716908 -0.697107
vn -0.011699 0.955152 -0.295885
vn 0.097905 0.949245 -0.298914
vn 0.199894 0.689879 -0.695779
vn -0.009200 0.716908 -0.697107
vn 0.967231 0.191506 -0.166705
vn 0.680795 0.681095 -0.269498
vn 0.875665 0.416983 -0.243590
vn 0.967231 0.191506 -0.166705
vn 0.594006 0.594006 -0.542506
vn 0.680795 0.681095 -0.269498
vn 0.900323 0.078902 -0.428011
vn 0.799215 -0.590211 0.113602
vn 0.793485 -0.608589 -0.001000
vn 0.900323 0.078902 -0.428011
vn 0.987035 0.009800 -0.160206
vn 0.799215 -0.590211 0.113602
vn 0.140405 -0.969037 -0.203108
vn 0.169695 -0.968073 -0.184495
vn 0.435586 -0.868471 0.236692
vn 0.140405 -0.969037 -0.203108
vn -0.242102 -0.874008 -0.421304
vn 0.169695 -0.968073 -0.184495
vn 0.409989 0.878376 -0.245693
vn 0.706881 0.706981 0.022299
vn 0.681013 0.680913 -0.269405
vn 0.409989 0.878376 -0.245693
vn 0.177102 0.968109 0.177202
vn 0.706881 0.706981 0.022299
vn 0.178308 0.968142 0.175808
vn 0.648994 0.648694 0.397496
vn 0.705778 0.708078 0.022399
vn 0.178308 0.968142 0.175808
vn 0.517497 0.663696 0.540097
vn 0.648994 0.648694 0.397496
vn 0.868111 0.236503 -0.436406
vn 0.881713 0.401406 -0.247904
vn 0.968986 0.233497 -0.080899
vn 0.868111 0.236503 -0.436406
vn 0.967457 0.182292 -0.175492
vn 0.881713 0.401406 -0.247904
vn 0.369196 -0.927989 -0.050299
vn 0.059401 -0.998219 0.005600
vn 0.058599 -0.997385 -0.042299
vn 0.369196 -0.927989 -0.050299
vn 0.344396 -0.938790 -0.008100
vn 0.059401 -0.998219 0.005600
vn 0.400479 0.248187 0.882054
vn 0.251198 0.384496 0.888292
vn 0.152997 0.193596 0.969078
vn 0.400479 0.248187 0.882054
vn 0.175505 0.181905 0.967527
vn 0.251198 0.384496 0.888292
vn -0.216196 0.853686 0.473792
vn 0.517820 0.663425 0.540120
vn 0.176797 0.968184 0.177097
vn -0.216196 0.853686 0.473792
vn -0.139699 0.841492 0.521895
vn 0.517820 0.663425 0.540120
vn 0.891058 0.252188 -0.377382
vn 0.868526 0.435413 -0.236807
vn 0.969014 -0.147002 -0.198503
vn 0.891058 0.252188 -0.377382
vn 0.967342 0.170007 -0.188008
vn 0.868526 0.435413 -0.236807
vn 0.435586 -0.868471 0.236692
vn 0.707028 -0.706828 -0.022501
vn 0.680422 -0.681422 0.269609
vn 0.435586 -0.868471 0.236692
vn 0.169695 -0.968073 -0.184495
vn 0.707028 -0.706828 -0.022501
vn -0.786264 -0.220590 -0.577173
vn -0.171903 0.186403 -0.967318
vn -0.442193 0.233896 -0.865886
vn -0.786264 -0.220590 -0.577173
vn -0.663914 0.517411 -0.539911
vn -0.171903 0.186403 -0.967318
vn -0.680022 -0.681822 -0.269609
vn -0.967581 -0.182396 -0.174697
vn -0.594300 -0.593900 -0.542300
vn -0.680022 -0.681822 -0.269609
vn -0.876488 -0.414894 -0.244197
vn -0.967581 -0.182396 -0.174697
vn 0.251006 0.385709 0.887820
vn -0.518026 0.540527 0.662933
vn -0.168897 0.185697 0.967983
vn 0.251006 0.385709 0.887820
vn -0.254009 0.736426 0.627022
vn -0.518026 0.540527 0.662933
vn 0.344396 -0.938790 -0.008100
vn 0.059003 -0.997344 0.042702
vn 0.059401 -0.998219 0.005600
vn 0.344396 -0.938790 -0.008100
vn 0.367595 -0.929086 0.040899
vn 0.059003 -0.997344 0.042702
vn -0.005300 0.999061 0.042998
vn -0.059402 0.998234 0.000200
vn -0.059003 0.997344 0.042702
vn -0.005300 0.999061 0.042998
vn 0.025500 0.998910 -0.039100
vn -0.059402 0.998234 0.000200
vn 0.663515 0.517712 0.540113
vn 0.517684 0.663480 0.540183
vn 0.176803 0.180703 0.967516
vn 0.663515 0.517712 0.540113
vn 0.648810 0.648810 0.397606
vn 0.517684 0.663480 0.540183
vn 0.518232 -0.540933 0.662441
vn 0.593765 -0.594465 0.542268
vn 0.480906 -0.480306 0.733509
vn 0.518232 -0.540933 0.662441
vn 0.180103 -0.967518 0.177403
vn 0.593765 -0.594465 0.542268
vn -0.179597 0.968086 -0.174797
vn 0.214500 0.968999 -0.122600
vn 0.236199 0.867795 -0.437198
vn -0.179597 0.968086 -0.174797
vn -0.455719 0.860637 0.227210
vn 0.214500 0.968999 -0.122600
vn -0.878507 0.245702 0.409703
vn -0.877725 0.411612 0.245307
vn -0.969031 0.243808 -0.039201
vn -0.878507 0.245702 0.409703
vn -0.967520 0.178904 0.178604
vn -0.877725 0.411612 0.245307
vn -0.967384 0.173897 0.184197
vn -0.681722 0.680122 0.269609
vn -0.896879 0.362491 0.253394
vn -0.967384 0.173897 0.184197
vn -0.593900 0.594300 0.542300
vn -0.681722 0.680122 0.269609
vn 0.209408 -0.693127 -0.689727
vn 0.011700 -0.955180 -0.295794
vn 0.009200 -0.716908 -0.697107
vn 0.209408 -0.693127 -0.689727
vn 0.112403 -0.947228 -0.300209
vn 0.011700 -0.955180 -0.295794
vn -0.594168 -0.593968 -0.542371
vn -0.540590 -0.517890 -0.662987
vn -0.480695 -0.480695 -0.733392
vn -0.594168 -0.593968 -0.542371
vn -0.967519 -0.179704 -0.177803
vn -0.540590 -0.517890 -0.662987
vn -0.344396 -0.938790 0.008100
vn -0.796020 -0.593815 0.117203
vn -0.793479 -0.608584 0.004100
vn -0.344396 -0.938790 0.008100
vn -0.369316 -0.927941 0.050302
vn -0.796020 -0.593815 0.117203
vn 0.540412 -0.517912 0.663115
vn 0.432510 0.238106 0.869621
vn 0.179401 -0.174901 0.968104
vn 0.540412 -0.517912 0.663115
vn 0.868113 -0.032400 0.495308
vn 0.432510 0.238106 0.869621
vn -0.172696 0.184296 -0.967580
vn -0.188204 0.549211 -0.814216
vn -0.245100 0.412000 -0.877600
vn -0.172696 0.184296 -0.967580
vn -0.517497 0.663696 -0.540097
vn -0.188204 0.549211 -0.814216
vn 0.440903 -0.866407 0.234402
vn 0.705675 -0.708175 -0.022599
vn 0.680404 -0.681404 0.269702
vn 0.440903 -0.866407 0.234402
vn 0.185504 -0.968019 -0.168903
vn 0.705675 -0.708175 -0.022599
vn -0.517478 0.663971 -0.539777
vn 0.237310 0.868837 -0.434518
vn 0.082402 0.503214 -0.860224
vn -0.517478 0.663971 -0.539777
vn -0.181002 0.968111 -0.173202
vn 0.237310 0.868837 -0.434518
vn -0.517189 -0.664186 0.539789
vn -0.663877 -0.517282 0.540081
vn -0.648987 -0.648887 0.397192
vn -0.517189 -0.664186 0.539789
vn -0.171905 -0.185305 0.967528
vn -0.663877 -0.517282 0.540081
vn 0.867976 -0.436788 0.236293
vn 0.878580 -0.245794 0.409491
vn 0.967573 -0.180895 0.176295
vn 0.867976 -0.436788 0.236293
vn 0.969008 0.231202 -0.087001
vn 0.878580 -0.245794 0.409491
vn 0.586202 -0.691702 0.421801
vn 0.662905 0.029900 0.748106
vn 0.199908 -0.689827 0.695827
vn 0.586202 -0.691702 0.421801
vn 0.837752 0.452674 0.305382
vn 0.662905 0.029900 0.748106
vn 0.432510 0.238106 0.869621
vn 0.239484 0.428872 0.871043
vn -0.076401 -0.234903 0.969012
vn 0.432510 0.238106 0.869621
vn 0.177403 0.180103 0.967518
vn 0.239484 0.428872 0.871043
vn 0.000400 0.999075 -0.042999
vn -0.112601 0.947206 -0.300202
vn -0.058599 0.997385 -0.042299
vn 0.000400 0.999075 -0.042999
vn -0.011699 0.955152 -0.295885
vn -0.112601 0.947206 -0.300202
vn 0.968136 -0.179807 -0.174306
vn 0.968998 0.223600 0.105100
vn 0.857234 -0.464418 0.222409
vn 0.968136 -0.179807 -0.174306
vn 0.867875 0.236293 -0.436988
vn 0.968998 0.223600 0.105100
vn -0.882310 -0.248203 -0.399905
vn -0.663206 0.517804 -0.540405
vn -0.651204 -0.262102 -0.712205
vn -0.882310 -0.248203 -0.399905
vn -0.968120 0.174704 -0.179504
vn -0.663206 0.517804 -0.540405
vn -0.680904 -0.680904 -0.269702
vn -0.967491 -0.185598 -0.171798
vn -0.594097 -0.594197 -0.542198
vn -0.680904 -0.680904 -0.269702
vn -0.870537 -0.430218 -0.238910
vn -0.967491 -0.185598 -0.171798
vn 0.011700 -0.955180 -0.295794
vn -0.059003 -0.997344 -0.042702
vn -0.097997 -0.949274 -0.298792
vn 0.011700 -0.955180 -0.295794
vn -0.005300 -0.999065 -0.042899
vn -0.059003 -0.997344 -0.042702
vn -0.245301 0.878105 0.410802
vn 0.517820 0.663425 0.540120
vn 0.188899 0.967796 0.166399
vn -0.245301 0.878105 0.410802
vn -0.177101 0.541702 0.821702
vn 0.517820 0.663425 0.540120
vn -0.244793 0.413088 -0.877174
vn 0.517770 0.540369 -0.663262
vn 0.177198 0.177198 -0.968092
vn -0.244793 0.413088 -0.877174
vn -0.205804 0.800415 -0.563011
vn 0.517770 0.540369 -0.663262
vn -0.450099 0.230199 -0.862798
vn -0.238398 0.431397 -0.870094
vn -0.147298 -0.198398 -0.968990
vn -0.450099 0.230199 -0.862798
vn -0.188494 0.169894 -0.967267
vn -0.238398 0.431397 -0.870094
vn 0.179808 -0.177008 -0.967645
vn 0.548898 -0.187899 -0.814497
vn 0.663604 -0.517503 -0.540203
vn 0.179808 -0.177008 -0.967645
vn 0.415096 -0.244198 -0.876392
vn 0.548898 -0.187899 -0.814497
vn 0.367595 -0.929086 0.040899
vn 0.097895 -0.949254 0.298886
vn 0.059003 -0.997344 0.042702
vn 0.367595 -0.929086 0.040899
vn 0.384804 -0.880609 0.276503
vn 0.097895 -0.949254 0.298886
vn -0.178907 0.967537 0.178507
vn -0.254009 0.736426 0.627022
vn -0.242102 0.874008 0.421304
vn -0.178907 0.967537 0.178507
vn -0.518026 0.540527 0.662933
vn -0.254009 0.736426 0.627022
vn -0.188494 0.169894 -0.967267
vn 0.156993 0.530276 -0.833163
vn -0.238398 0.431397 -0.870094
vn -0.188494 0.169894 -0.967267
vn -0.517690 0.663388 -0.540290
vn 0.156993 0.530276 -0.833163
vn -0.707476 0.706376 -0.022599
vn -0.455719 0.860637 0.227210
vn -0.179597 0.968086 -0.174797
vn -0.707476 0.706376 -0.022599
vn -0.681376 0.680476 0.269591
vn -0.455719 0.860637 0.227210
vn 0.621107 -0.251403 0.742309
vn 0.184404 0.172904 0.967522
vn 0.447002 0.231701 0.864004
vn 0.621107 -0.251403 0.742309
vn 0.663330 0.517624 0.540425
vn 0.184404 0.172904 0.967522
vn -0.430300 0.238900 -0.870499
vn -0.239401 0.429001 -0.871002
vn -0.241701 0.051100 -0.969004
vn -0.430300 0.238900 -0.870499
vn -0.175301 0.182202 -0.967508
vn -0.239401 0.429001 -0.871002
vn -0.517690 0.663388 -0.540290
vn 0.229904 0.862715 -0.450408
vn 0.156993 0.530276 -0.833163
vn -0.517690 0.663388 -0.540290
vn -0.177208 0.968143 -0.176908
vn 0.229904 0.862715 -0.450408
vn -0.870537 -0.430218 -0.238910
vn -0.874294 -0.242298 -0.420597
vn -0.967491 -0.185598 -0.171798
vn -0.870537 -0.430218 -0.238910
vn -0.969064 -0.226992 0.096896
vn -0.874294 -0.242298 -0.420597
vn -0.182591 -0.968153 0.171292
vn -0.222193 -0.969070 0.107397
vn 0.224211 -0.858543 0.461123
vn -0.182591 -0.968153 0.171292
vn -0.451700 -0.862200 -0.229300
vn -0.222193 -0.969070 0.107397
vn 0.967494 -0.181699 0.175899
vn 0.868113 -0.032400 0.495308
vn 0.540412 -0.517912 0.663115
vn 0.967494 -0.181699 0.175899
vn 0.870776 -0.238993 0.429688
vn 0.868113 -0.032400 0.495308
vn -0.862779 0.450289 0.229894
vn -0.707476 0.706376 -0.022599
vn -0.967891 0.188498 -0.166298
vn -0.862779 0.450289 0.229894
vn -0.681376 0.680476 0.269591
vn -0.707476 0.706376 -0.022599
vn -0.707079 -0.706779 0.022399
vn -0.448199 -0.863599 -0.230900
vn -0.176594 -0.968166 0.177394
vn -0.707079 -0.706779 0.022399
vn -0.680923 -0.680923 -0.269609
vn -0.448199 -0.863599 -0.230900
vn 0.967279 -0.189596 0.168596
vn 0.520704 -0.136801 0.842706
vn 0.539813 -0.517512 0.663915
vn 0.967279 -0.189596 0.168596
vn 0.875575 -0.243393 0.417288
vn 0.520704 -0.136801 0.842706
vn -0.896879 0.362491 0.253394
vn -0.707084 0.706784 -0.022100
vn -0.968080 0.173696 -0.180696
vn -0.896879 0.362491 0.253394
vn -0.681722 0.680122 0.269609
vn -0.707084 0.706784 -0.022100
vn -0.648971 0.648971 -0.397082
vn -0.179597 0.968086 -0.174797
vn -0.517497 0.663696 -0.540097
vn -0.648971 0.648971 -0.397082
vn -0.707476 0.706376 -0.022599
vn -0.179597 0.968086 -0.174797
vn -0.169709 0.968049 -0.184609
vn 0.062900 0.969103 -0.238501
vn 0.240993 0.872773 -0.424487
vn -0.169709 0.968049 -0.184609
vn -0.475711 0.852920 0.215005
vn 0.062900 0.969103 -0.238501
vn 0.369316 0.927941 0.050302
vn 0.059401 0.998219 -0.005500
vn 0.058599 0.997385 0.042299
vn 0.369316 0.927941 0.050302
vn 0.344396 0.938790 0.008000
vn 0.059401 0.998219 -0.005500
vn 0.480306 -0.480906 0.733509
vn 0.170995 -0.183295 0.968072
vn 0.517396 -0.540196 0.663695
vn 0.480306 -0.480906 0.733509
vn 0.540120 -0.517820 0.663425
vn 0.170995 -0.183295 0.968072
vn -0.005300 -0.999065 -0.042899
vn -0.059502 -0.998228 -0.000200
vn -0.059003 -0.997344 -0.042702
vn -0.005300 -0.999065 -0.042899
vn 0.011800 -0.998908 -0.045200
vn -0.059502 -0.998228 -0.000200
vn -0.177208 0.968143 -0.176908
vn 0.167303 0.969017 -0.181703
vn 0.243704 0.875813 -0.416606
vn -0.177208 0.968143 -0.176908
vn -0.415003 0.876407 0.244302
vn 0.167303 0.969017 -0.181703
vn 0.404508 0.880518 -0.247105
vn 0.707276 0.706576 0.022599
vn 0.680823 0.681023 -0.269609
vn 0.404508 0.880518 -0.247105
vn 0.188899 0.967796 0.166399
vn 0.707276 0.706576 0.022599
vn 0.229904 0.862715 -0.450408
vn 0.430592 0.870384 -0.238795
vn 0.171003 0.967419 -0.186704
vn 0.229904 0.862715 -0.450408
vn -0.246791 0.969065 -0.002800
vn 0.430592 0.870384 -0.238795
vn -0.480194 -0.480894 -0.733591
vn -0.174604 -0.179604 -0.968120
vn -0.517417 -0.540018 -0.663822
vn -0.480194 -0.480894 -0.733591
vn -0.540377 -0.517878 -0.663171
vn -0.174604 -0.179604 -0.968120
vn 0.011700 0.955180 0.295794
vn -0.059003 0.997344 0.042702
vn -0.097905 0.949245 0.298914
vn 0.011700 0.955180 0.295794
vn -0.005300 0.999061 0.042998
vn -0.059003 0.997344 0.042702
vn -0.517884 -0.540483 -0.663079
vn 0.229989 -0.450279 -0.862759
vn -0.151305 -0.836026 -0.527416
vn -0.517884 -0.540483 -0.663079
vn -0.177595 -0.176895 -0.968074
vn 0.229989 -0.450279 -0.862759
vn -0.527016 0.756723 -0.386812
vn -0.369284 0.927960 -0.050198
vn -0.267008 0.944128 -0.193206
vn -0.527016 0.756723 -0.386812
vn -0.795973 0.593880 -0.117196
vn -0.369284 0.927960 -0.050198
vn 0.967806 0.188401 0.166901
vn 0.648794 0.648894 0.397496
vn 0.663391 0.517893 0.540092
vn 0.967806 0.188401 0.166901
vn 0.707276 0.706576 0.022599
vn 0.648794 0.648894 0.397496
vn 0.170995 -0.183295 0.968072
vn -0.044801 0.242904 0.969015
vn -0.242497 -0.420494 0.874288
vn 0.170995 -0.183295 0.968072
vn 0.397604 0.248703 0.883209
vn -0.044801 0.242904 0.969015
vn 0.494104 0.012900 -0.869307
vn 0.967229 0.165905 -0.192206
vn 0.847404 0.204701 -0.489902
vn 0.494104 0.012900 -0.869307
vn 0.539876 0.517377 -0.663970
vn 0.967229 0.165905 -0.192206
vn 0.180506 0.967534 -0.176906
vn 0.681013 0.680913 -0.269405
vn 0.594006 0.594006 -0.542506
vn 0.180506 0.967534 -0.176906
vn 0.409989 0.878376 -0.245693
vn 0.681013 0.680913 -0.269405
vn -0.119094 0.849558 -0.513875
vn 0.171298 0.967387 -0.186598
vn 0.517792 0.540191 -0.663389
vn -0.119094 0.849558 -0.513875
vn 0.240993 0.872773 -0.424487
vn 0.171298 0.967387 -0.186598
vn 0.539876 0.517377 -0.663970
vn 0.593933 0.594333 -0.542230
vn 0.967229 0.165905 -0.192206
vn 0.539876 0.517377 -0.663970
vn 0.480306 0.480906 -0.733509
vn 0.593933 0.594333 -0.542230
vn 0.968092 0.177198 0.177198
vn 0.648794 0.648894 0.397496
vn 0.663425 0.517820 0.540120
vn 0.968092 0.177198 0.177198
vn 0.705977 0.707877 0.022499
vn 0.648794 0.648894 0.397496
vn 0.788142 -0.218884 -0.575258
vn 0.967537 0.179207 -0.178207
vn 0.876709 0.244403 -0.414304
vn 0.788142 -0.218884 -0.575258
vn 0.540405 0.517804 -0.663206
vn 0.967537 0.179207 -0.178207
vn 0.369316 0.927941 0.050302
vn 0.527016 0.756723 0.386812
vn 0.795973 0.593880 0.117196
vn 0.369316 0.927941 0.050302
vn 0.267003 0.944110 0.193302
vn 0.527016 0.756723 0.386812
vn -0.969064 -0.226992 0.096896
vn -0.967977 0.187795 -0.166596
vn -0.874294 -0.242298 -0.420597
vn -0.969064 -0.226992 0.096896
vn -0.873624 0.422212 0.241907
vn -0.967977 0.187795 -0.166596
vn 0.520704 -0.136801 0.842706
vn 0.175505 0.181905 0.967527
vn 0.400479 0.248187 0.882054
vn 0.520704 -0.136801 0.842706
vn 0.663391 0.517893 0.540092
vn 0.175505 0.181905 0.967527
vn -0.594000 0.594200 0.542300
vn -0.518026 0.540527 0.662933
vn -0.178907 0.967537 0.178507
vn -0.594000 0.594200 0.542300
vn -0.480394 0.480694 0.733591
vn -0.518026 0.540527 0.662933
vn -0.648878 -0.648878 0.397386
vn -0.179501 -0.968103 0.174801
vn -0.517820 -0.663425 0.540120
vn -0.648878 -0.648878 0.397386
vn -0.707029 -0.706829 0.022401
vn -0.179501 -0.968103 0.174801
vn -0.877600 0.245100 0.412000
vn -0.896879 0.362491 0.253394
vn -0.969049 -0.227311 -0.096305
vn -0.877600 0.245100 0.412000
vn -0.967384 0.173897 0.184197
vn -0.896879 0.362491 0.253394
vn -0.177208 0.968143 -0.176908
vn -0.246791 0.969065 -0.002800
vn 0.229904 0.862715 -0.450408
vn -0.177208 0.968143 -0.176908
vn -0.426109 0.872118 0.240505
vn -0.246791 0.969065 -0.002800
vn -0.242102 0.874008 0.421304
vn 0.517398 0.664097 0.539698
vn 0.190996 0.967777 0.164096
vn -0.242102 0.874008 0.421304
vn -0.254009 0.736426 0.627022
vn 0.517398 0.664097 0.539698
vn 0.184207 -0.170207 0.968038
vn 0.085899 0.231697 0.968988
vn -0.235810 -0.437719 0.867638
vn 0.184207 -0.170207 0.968038
vn 0.423716 0.241409 0.873033
vn 0.085899 0.231697 0.968988
vn 0.517678 -0.540077 0.663571
vn 0.594103 -0.594003 0.542403
vn 0.480695 -0.480695 0.733392
vn 0.517678 -0.540077 0.663571
vn 0.186195 -0.967377 0.171796
vn 0.594103 -0.594003 0.542403
vn -0.059003 0.997344 0.042702
vn -0.344396 0.938790 -0.008000
vn -0.367595 0.929086 0.040899
vn -0.059003 0.997344 0.042702
vn -0.059402 0.998234 0.000200
vn -0.344396 0.938790 -0.008000
vn 0.251198 0.384496 0.888292
vn -0.517484 0.539883 0.663880
vn -0.171906 0.182107 0.968135
vn 0.251198 0.384496 0.888292
vn -0.177101 0.541702 0.821702
vn -0.517484 0.539883 0.663880
vn -0.837921 0.452411 -0.305308
vn -0.795973 0.593880 -0.117196
vn -0.527016 0.756723 -0.386812
vn -0.837921 0.452411 -0.305308
vn -0.987035 0.009800 0.160206
vn -0.795973 0.593880 -0.117196
vn -0.517820 -0.663425 0.540120
vn -0.663297 -0.517798 0.540298
vn -0.648878 -0.648878 0.397386
vn -0.517820 -0.663425 0.540120
vn -0.171698 -0.185698 0.967490
vn -0.663297 -0.517798 0.540298
vn -0.540018 -0.517417 -0.663822
vn -0.450099 0.230199 -0.862798
vn -0.169904 -0.185104 -0.967920
vn -0.540018 -0.517417 -0.663822
vn -0.863428 -0.066902 -0.500016
vn -0.450099 0.230199 -0.862798
vn -0.648710 0.648910 -0.397606
vn -0.177208 0.968143 -0.176908
vn -0.517671 0.663663 -0.539970
vn -0.648710 0.648910 -0.397606
vn -0.706578 0.707278 -0.022499
vn -0.177208 0.968143 -0.176908
vn -0.663788 0.517491 -0.539990
vn -0.517497 0.663696 -0.540097
vn -0.172696 0.184296 -0.967580
vn -0.663788 0.517491 -0.539990
vn -0.648971 0.648971 -0.397082
vn -0.517497 0.663696 -0.540097
vn 0.518232 -0.540933 0.662441
vn -0.238806 -0.430911 0.870223
vn 0.265604 -0.682009 0.681409
vn 0.518232 -0.540933 0.662441
vn 0.166292 -0.188191 0.967952
vn -0.238806 -0.430911 0.870223
vn 0.662905 0.029900 0.748106
vn 0.009200 0.716908 0.697107
vn 0.560392 -0.008100 0.828188
vn 0.662905 0.029900 0.748106
vn 0.209504 0.693112 0.689712
vn 0.009200 0.716908 0.697107
vn 0.000000 0.000000 1.000000
vn -0.333311 0.666622 0.666722
vn 0.037100 0.999311 0.000600
vn 0.000000 0.000000 1.000000
vn 0.999719 -0.023700 0.000200
vn -0.333311 0.666622 0.666722
vn -0.707189 -0.499892 0.499992
vn 0.999719 -0.023700 0.000200
vn 0.000000 0.000000 1.000000
vn -0.707189 -0.499892 0.499992
vn 1.000000 0.000000 0.000000
vn 0.999719 -0.023700 0.000200
vn -0.842899 -0.091700 0.530200
vn 0.000000 0.000000 1.000000
vn -0.461925 -0.056003 0.885149
vn -0.842899 -0.091700 0.530200
vn -0.707189 -0.499892 0.499992
vn 0.000000 0.000000 1.000000
vn -0.461925 -0.056003 0.885149
vn 0.037100 0.999311 0.000600
vn -0.993021 -0.002900 0.117902
vn -0.461925 -0.056003 0.885149
vn 0.000000 0.000000 1.000000
vn 0.037100 0.999311 0.000600
vn 0.169198 -0.188998 -0.967291
vn 0.494104 0.012900 -0.869307
vn 0.663114 -0.517811 -0.540511
vn 0.169198 -0.188998 -0.967291
vn 0.441484 -0.234191 -0.866168
vn 0.494104 0.012900 -0.869307
vn 0.706526 -0.707326 -0.022601
vn 0.857234 -0.464418 0.222409
vn 0.679803 -0.682003 0.269701
vn 0.706526 -0.707326 -0.022601
vn 0.968136 -0.179807 -0.174306
vn 0.857234 -0.464418 0.222409
vn 0.876709 0.244403 -0.414304
vn 0.882474 0.399488 -0.248293
vn 0.969008 0.231202 -0.087001
vn 0.876709 0.244403 -0.414304
vn 0.967537 0.179207 -0.178207
vn 0.882474 0.399488 -0.248293
vn 0.540120 0.517820 -0.663425
vn 0.593974 0.593974 -0.542576
vn 0.967342 0.170007 -0.188008
vn 0.540120 0.517820 -0.663425
vn 0.480695 0.480695 -0.733392
vn 0.593974 0.593974 -0.542576
vn -0.648801 0.648701 -0.397800
vn -0.181002 0.968111 -0.173202
vn -0.517478 0.663971 -0.539777
vn -0.648801 0.648701 -0.397800
vn -0.706528 0.707328 -0.022501
vn -0.181002 0.968111 -0.173202
vn 0.059003 0.997344 -0.042702
vn -0.011699 0.955152 -0.295885
vn 0.000400 0.999075 -0.042999
vn 0.059003 0.997344 -0.042702
vn 0.097905 0.949245 -0.298914
vn -0.011699 0.955152 -0.295885
vn 0.178304 -0.967519 0.179204
vn 0.680422 -0.681422 0.269609
vn 0.594139 -0.593939 0.542435
vn 0.178304 -0.967519 0.179204
vn 0.435586 -0.868471 0.236692
vn 0.680422 -0.681422 0.269609
vn -0.171906 0.182107 0.968135
vn -0.480695 0.480695 0.733392
vn -0.540006 0.517706 0.663607
vn -0.171906 0.182107 0.968135
vn -0.517484 0.539883 0.663880
vn -0.480695 0.480695 0.733392
vn 0.987052 -0.009701 0.160108
vn 0.793485 -0.608589 -0.001000
vn 0.795936 -0.593927 -0.117205
vn 0.987052 -0.009701 0.160108
vn 0.900323 0.078902 -0.428011
vn 0.793485 -0.608589 -0.001000
vn -0.593697 -0.594597 -0.542197
vn -0.517991 -0.540491 -0.662989
vn -0.171204 -0.967422 -0.186504
vn -0.593697 -0.594597 -0.542197
vn -0.480517 -0.480517 -0.733626
vn -0.517991 -0.540491 -0.662989
vn 0.265604 -0.682009 0.681409
vn 0.180103 -0.967518 0.177403
vn 0.518232 -0.540933 0.662441
vn 0.265604 -0.682009 0.681409
vn 0.238597 -0.870189 0.431095
vn 0.180103 -0.967518 0.177403
s off
g Mesh
usemtl fromBlender:Noir_001
f 221/221/265 223/223/266 222/222/267
f 221/221/268 224/224/269 223/223/270
f 225/225/271 227/227/272 226/226/273
f 225/228/274 228/230/275 227/229/276
f 233/231/277 235/233/278 234/232/279
f 233/231/280 236/234/281 235/233/282
f 237/235/283 239/237/284 238/236/285
f 237/235/286 240/238/287 239/237/288
f 241/239/289 243/241/290 242/240/291
f 241/239/292 244/242/293 243/241/294
f 245/243/295 247/245/296 246/244/297
f 245/243/298 248/246/299 247/245/300
f 249/247/301 251/249/302 250/248/303
f 249/247/304 252/250/305 251/249/306
f 253/251/307 255/253/308 254/252/309
f 253/254/310 256/256/311 255/255/312
f 259/257/313 261/259/314 260/258/315
f 259/257/316 262/260/317 261/259/318
f 263/261/319 265/263/320 264/262/321
f 263/261/322 266/264/323 265/263/324
f 274/265/325 276/267/326 275/266/327
f 274/265/328 277/268/329 276/267/330
f 282/269/331 284/271/332 283/270/333
f 282/269/334 285/272/335 284/271/336
f 286/273/337 288/275/338 287/274/339
f 286/273/340 289/276/341 288/275/342
f 296/277/343 298/279/344 297/278/345
f 296/277/346 299/280/347 298/279/348
f 300/281/349 302/283/350 301/282/351
f 300/284/352 303/286/353 302/285/354
f 306/287/355 291/289/356 307/288/357
f 306/287/358 308/290/359 291/289/360
f 309/291/361 311/293/362 310/292/363
f 309/291/364 312/294/365 311/293/366
f 315/295/367 317/297/368 316/296/369
f 315/295/370 318/298/371 317/297/372
f 319/299/373 285/272/374 282/269/375
f 319/299/376 320/300/377 285/272/378
f 321/301/379 323/303/380 322/302/381
f 321/301/382 324/304/383 323/303/384
f 325/305/385 327/307/386 326/306/387
f 325/305/388 328/308/389 327/307/390
f 330/309/391 332/311/392 331/310/393
f 330/309/394 333/312/395 332/311/396
f 335/313/397 337/315/398 336/314/399
f 335/313/400 338/316/401 337/315/402
f 341/317/403 342/318/404 299/280/405
f 341/317/406 343/319/407 342/318/408
f 344/320/409 346/322/410 345/321/411
f 344/320/412 347/323/413 346/322/414
f 318/324/415 349/326/416 348/325/417
f 318/324/418 350/327/419 349/326/420
f 352/328/421 354/330/422 353/329/423
f 352/328/424 355/331/425 354/330/426
f 356/332/427 358/334/428 357/333/429
f 356/332/430 359/335/431 358/334/432
f 360/336/433 296/277/434 361/337/435
f 360/336/436 362/338/437 296/277/438
f 365/339/439 262/341/440 259/340/441
f 365/339/442 366/342/443 262/341/444
f 367/343/445 369/345/446 368/344/447
f 367/343/448 370/346/449 369/345/450
f 267/347/451 371/349/452 270/348/453
f 267/347/454 372/350/455 371/349/456
f 373/351/457 375/353/458 374/352/459
f 373/351/460 359/354/461 375/353/462
f 376/355/463 378/357/464 377/356/465
f 376/355/466 379/358/467 378/357/468
f 316/296/469 381/359/470 333/312/471
f 316/296/472 317/297/473 381/359/474
f 227/360/475 382/362/476 226/361/477
f 227/363/478 383/365/479 382/364/480
f 384/366/481 386/368/482 385/367/483
f 384/366/484 387/369/485 386/368/486
f 307/288/487 389/371/488 388/370/489
f 307/288/490 291/289/491 389/371/492
f 294/372/493 390/374/494 295/373/495
f 294/372/496 391/375/497 390/374/498
f 393/376/499 395/378/500 394/377/501
f 393/376/502 303/286/503 395/378/504
f 324/304/505 271/379/506 323/303/507
f 324/304/508 270/348/509 271/379/510
f 388/370/511 398/381/512 397/380/513
f 388/370/514 389/371/515 398/381/516
f 399/382/517 349/384/518 400/383/519
f 399/382/520 401/385/521 349/384/522
f 257/386/523 403/388/524 402/387/525
f 257/386/526 258/389/527 403/388/528
f 405/390/529 391/375/530 294/372/531
f 405/390/532 397/391/533 391/375/534
f 379/358/535 406/392/536 378/357/537
f 379/358/538 407/393/539 406/392/540
f 408/394/541 307/288/542 409/395/543
f 408/394/544 306/287/545 307/288/546
f 410/396/547 226/398/548 411/397/549
f 410/399/550 225/401/551 226/400/552
f 412/402/553 414/404/554 413/403/555
f 412/405/556 415/407/557 414/406/558
f 329/408/559 418/410/560 417/409/561
f 329/408/562 419/411/563 418/410/564
f 420/412/565 422/414/566 421/413/567
f 420/412/568 423/415/569 422/414/570
f 424/416/571 425/417/572 236/234/573
f 424/416/574 426/418/575 425/417/576
f 427/419/577 429/421/578 428/420/579
f 427/419/580 430/422/581 429/421/582
f 285/272/583 431/423/584 284/271/585
f 285/272/586 432/424/587 431/423/588
f 433/425/589 435/427/590 434/426/591
f 433/425/592 288/428/593 435/427/594
f 436/429/595 273/431/596 437/430/597
f 436/429/598 423/432/599 273/431/600
f 279/433/601 242/240/602 438/434/603
f 279/433/604 241/239/605 242/240/606
f 441/435/607 443/437/608 442/436/609
f 441/435/610 444/438/611 443/437/612
f 445/439/613 447/441/614 446/440/615
f 445/439/616 448/442/617 447/441/618
f 449/443/619 448/445/620 445/444/621
f 449/446/622 450/448/623 448/447/624
f 451/449/625 445/451/626 452/450/627
f 451/452/628 449/454/629 445/453/630
f 452/455/631 446/440/632 453/456/633
f 452/455/634 445/439/635 446/440/636
f 454/457/637 409/395/638 455/458/639
f 454/457/640 408/394/641 409/395/642
f 385/367/643 330/309/644 456/459/645
f 385/367/646 386/368/647 330/309/648
f 299/280/649 458/460/650 298/279/651
f 299/280/652 342/318/653 458/460/654
f 430/461/655 460/463/656 429/462/657
f 430/461/658 461/464/659 460/463/660
f 469/465/661 294/372/662 470/466/663
f 469/465/664 405/390/665 294/372/666
f 222/222/667 472/468/668 471/467/669
f 222/222/670 223/223/671 472/468/672
f 303/469/673 473/471/674 395/470/675
f 303/469/676 300/472/677 473/471/678
f 474/473/679 467/475/680 475/474/681
f 474/473/682 476/476/683 467/475/684
f 477/477/685 479/479/686 478/478/687
f 477/480/688 480/482/689 479/481/690
f 481/483/691 428/420/692 482/484/693
f 481/483/694 427/419/695 428/420/696
f 483/485/697 485/487/698 484/486/699
f 483/485/700 238/236/701 485/487/702
f 486/488/703 488/490/704 487/489/705
f 486/488/706 489/491/707 488/490/708
f 490/492/709 492/494/710 491/493/711
f 490/492/712 493/495/713 492/494/714
f 320/300/715 432/424/716 285/272/717
f 320/300/718 494/496/719 432/424/720
f 495/497/721 244/499/722 496/498/723
f 495/497/724 243/500/725 244/499/726
f 497/501/727 499/503/728 498/502/729
f 497/501/730 500/504/731 499/503/732
f 502/505/733 504/507/734 503/506/735
f 502/505/736 505/508/737 504/507/738
f 428/509/739 460/511/740 506/510/741
f 428/509/742 429/512/743 460/511/744
f 507/513/745 344/515/746 508/514/747
f 507/513/748 347/516/749 344/515/750
f 265/263/751 334/518/752 509/517/753
f 265/263/754 416/519/755 334/518/756
f 510/520/757 512/522/758 511/521/759
f 510/520/760 513/523/761 512/522/762
f 514/524/763 439/526/764 515/525/765
f 514/524/766 516/527/767 439/526/768
f 290/528/769 517/530/770 280/529/771
f 290/528/772 374/352/773 517/530/774
f 518/531/775 520/533/776 519/532/777
f 518/531/778 521/534/779 520/533/780
f 523/535/781 361/337/782 524/536/783
f 523/535/784 360/336/785 361/337/786
f 322/537/787 525/539/788 321/538/789
f 322/537/790 526/540/791 525/539/792
f 370/346/793 496/498/794 369/345/795
f 370/346/796 495/497/797 496/498/798
f 531/541/799 483/485/800 532/542/801
f 531/541/802 533/543/803 483/485/804
f 535/544/805 537/546/806 536/545/807
f 535/544/808 443/547/809 537/546/810
f 406/548/811 310/292/812 538/549/813
f 406/548/814 309/291/815 310/292/816
f 235/233/817 358/551/818 539/550/819
f 235/233/820 357/552/821 358/551/822
f 540/553/823 542/555/824 541/554/825
f 540/556/826 543/558/827 542/557/828
f 312/294/829 544/559/830 311/293/831
f 312/294/832 545/560/833 544/559/834
f 546/561/835 548/563/836 547/562/837
f 546/561/838 549/564/839 548/563/840
f 550/565/841 552/567/842 551/566/843
f 550/565/844 553/568/845 552/567/846
f 554/569/847 555/571/848 271/570/849
f 554/569/850 556/572/851 555/571/852
f 557/573/853 507/513/854 396/574/855
f 557/573/856 558/575/857 507/513/858
f 559/576/859 560/578/860 524/577/861
f 559/576/862 561/579/863 560/578/864
f 391/375/865 511/580/866 390/374/867
f 391/375/868 510/581/869 511/580/870
f 264/262/871 509/517/872 229/582/873
f 264/262/874 265/263/875 509/517/876
f 331/583/877 563/585/878 562/584/879
f 331/583/880 332/586/881 563/585/882
f 376/587/883 471/467/884 379/588/885
f 376/587/886 222/222/887 471/467/888
f 566/589/889 280/529/890 567/590/891
f 566/589/892 290/528/893 280/529/894
f 569/591/895 367/343/896 570/592/897
f 569/591/898 515/525/899 367/343/900
f 571/593/901 288/428/902 433/425/903
f 571/593/904 287/594/905 288/428/906
f 313/595/907 535/544/908 314/596/909
f 313/595/910 572/597/911 535/544/912
f 573/598/913 575/600/914 574/599/915
f 573/598/916 576/601/917 575/600/918
f 308/602/919 493/604/920 577/603/921
f 308/602/922 492/605/923 493/604/924
f 578/606/925 580/608/926 579/607/927
f 578/606/928 581/609/929 580/608/930
f 582/610/931 289/276/932 286/273/933
f 582/610/934 583/611/935 289/276/936
f 584/612/937 586/614/938 585/613/939
f 584/612/940 587/615/941 586/614/942
f 588/616/943 273/618/944 272/617/945
f 588/616/946 589/619/947 273/618/948
f 251/249/949 487/489/950 590/620/951
f 251/249/952 486/488/953 487/489/954
f 591/621/955 275/266/956 592/622/957
f 591/621/958 274/265/959 275/266/960
f 593/623/961 595/625/962 594/624/963
f 593/623/964 596/626/965 595/625/966
f 256/627/967 597/629/968 255/628/969
f 256/630/970 598/632/971 597/631/972
f 596/633/973 599/635/974 595/634/975
f 596/633/976 600/636/977 599/635/978
f 239/237/979 417/638/980 601/637/981
f 239/237/982 329/639/983 417/638/984
f 602/640/985 399/382/986 534/641/987
f 602/640/988 603/642/989 399/382/990
f 305/643/991 605/645/992 604/644/993
f 305/643/994 606/646/995 605/645/996
f 240/238/997 329/639/998 239/237/999
f 240/238/1000 607/647/1001 329/639/1002
f 314/596/1003 536/545/1004 339/648/1005
f 314/596/1006 535/544/1007 536/545/1008
f 608/649/1009 396/574/1010 609/650/1011
f 608/649/1012 557/573/1013 396/574/1014
f 301/651/1015 611/653/1016 610/652/1017
f 301/651/1018 302/285/1019 611/653/1020
f 612/654/1021 237/235/1022 533/543/1023
f 612/654/1024 613/655/1025 237/235/1026
f 614/656/1027 616/658/1028 615/657/1029
f 614/656/1030 250/248/1031 616/658/1032
f 482/659/1033 506/510/1034 252/250/1035
f 482/659/1036 428/509/1037 506/510/1038
f 594/624/1039 414/661/1040 617/660/1041
f 594/624/1042 595/625/1043 414/661/1044
f 618/662/1045 620/664/1046 619/663/1047
f 618/662/1048 621/665/1049 620/664/1050
f 622/666/1051 624/668/1052 623/667/1053
f 622/666/1054 625/669/1055 624/668/1056
f 626/670/1057 628/672/1058 627/671/1059
f 626/670/1060 629/673/1061 628/672/1062
f 630/674/1063 579/607/1064 631/675/1065
f 630/674/1066 578/606/1067 579/607/1068
f 577/603/1069 232/677/1070 633/676/1071
f 577/603/1072 493/604/1073 232/677/1074
f 620/678/1075 635/680/1076 634/679/1077
f 620/678/1078 636/681/1079 635/680/1080
f 392/682/1081 638/684/1082 637/683/1083
f 392/682/1084 639/685/1085 638/684/1086
f 641/686/1087 622/666/1088 642/687/1089
f 641/686/1090 585/613/1091 622/666/1092
f 416/519/1093 457/688/1094 334/518/1095
f 416/519/1096 643/689/1097 457/688/1098
f 644/690/1099 345/321/1100 645/691/1101
f 644/690/1102 344/320/1103 345/321/1104
f 418/410/1105 313/693/1106 646/692/1107
f 418/410/1108 647/694/1109 313/693/1110
f 281/695/1111 558/575/1112 557/573/1113
f 281/695/1114 648/696/1115 558/575/1116
f 387/369/1117 316/296/1118 386/368/1119
f 387/369/1120 315/295/1121 316/296/1122
f 611/653/1123 574/599/1124 649/697/1125
f 611/653/1126 573/598/1127 574/599/1128
f 238/236/1129 601/637/1130 485/487/1131
f 238/236/1132 239/237/1133 601/637/1134
f 650/698/1135 527/699/1136 583/611/1137
f 650/698/1138 651/700/1139 527/699/1140
f 653/701/1141 608/649/1142 654/702/1143
f 653/701/1144 655/703/1145 608/649/1146
f 651/700/1147 437/430/1148 527/699/1149
f 651/700/1150 436/429/1151 437/430/1152
f 323/704/1153 526/706/1154 322/705/1155
f 323/704/1156 656/707/1157 526/706/1158
f 545/560/1159 657/708/1160 544/559/1161
f 545/560/1162 658/709/1163 657/708/1164
f 491/710/1165 308/290/1166 306/287/1167
f 491/710/1168 492/711/1169 308/290/1170
f 659/712/1171 661/714/1172 660/713/1173
f 659/712/1174 662/715/1175 661/714/1176
f 598/632/1177 663/716/1178 597/631/1179
f 598/632/1180 283/270/1181 663/716/1182
f 664/717/1183 293/719/1184 665/718/1185
f 664/717/1186 377/356/1187 293/719/1188
f 666/720/1189 641/686/1190 667/721/1191
f 666/720/1192 668/722/1193 641/686/1194
f 258/389/1195 286/723/1196 403/388/1197
f 258/389/1198 582/724/1199 286/723/1200
f 366/342/1201 335/725/1202 262/341/1203
f 366/342/1204 669/726/1205 335/725/1206
f 670/727/1207 451/729/1208 452/728/1209
f 670/730/1210 671/732/1211 451/731/1212
f 672/733/1213 671/735/1214 670/734/1215
f 672/736/1216 673/738/1217 671/737/1218
f 674/739/1219 670/741/1220 675/740/1221
f 674/739/1222 672/742/1223 670/741/1224
f 675/740/1225 452/744/1226 453/743/1227
f 675/740/1228 670/741/1229 452/744/1230
f 342/745/1231 676/747/1232 458/746/1233
f 342/745/1234 677/748/1235 676/747/1236
f 678/749/1237 267/347/1238 679/750/1239
f 678/749/1240 680/751/1241 267/347/1242
f 683/752/1243 561/754/1244 559/753/1245
f 683/752/1246 684/755/1247 561/754/1248
f 397/391/1249 510/581/1250 391/375/1251
f 397/391/1252 398/756/1253 510/581/1254
f 632/757/1255 688/759/1256 687/758/1257
f 632/757/1258 689/760/1259 688/759/1260
f 690/761/1261 394/377/1262 691/762/1263
f 690/761/1264 393/376/1265 394/377/1266
f 266/264/1267 416/519/1268 265/263/1269
f 266/264/1270 528/763/1271 416/519/1272
f 692/764/1273 693/766/1274 685/765/1275
f 692/764/1276 529/767/1277 693/766/1278
f 610/768/1279 649/770/1280 695/769/1281
f 610/652/1282 611/653/1283 649/697/1284
f 603/642/1285 401/385/1286 399/382/1287
f 603/642/1288 696/771/1289 401/385/1290
f 471/467/1291 698/773/1292 697/772/1293
f 471/467/1294 472/468/1295 698/773/1296
f 665/718/1297 581/609/1298 578/606/1299
f 665/718/1300 293/719/1301 581/609/1302
f 394/774/1303 699/775/1304 600/636/1305
f 394/774/1306 395/776/1307 699/775/1308
f 533/543/1309 238/236/1310 483/485/1311
f 533/543/1312 237/235/1313 238/236/1314
f 701/777/1315 319/299/1316 636/681/1317
f 701/777/1318 702/778/1319 319/299/1320
f 703/779/1321 351/781/1322 704/780/1323
f 703/779/1324 637/683/1325 351/781/1326
f 705/782/1327 589/619/1328 588/616/1329
f 705/782/1330 706/783/1331 589/619/1332
f 677/748/1333 681/784/1334 676/747/1335
f 677/748/1336 623/667/1337 681/784/1338
f 707/785/1339 708/787/1340 435/786/1341
f 707/785/1342 709/788/1343 708/787/1344
f 655/703/1345 557/573/1346 608/649/1347
f 655/703/1348 281/695/1349 557/573/1350
f 621/789/1351 636/681/1352 620/678/1353
f 621/789/1354 701/777/1355 636/681/1356
f 676/790/1357 682/792/1358 710/791/1359
f 676/790/1360 681/793/1361 682/792/1362
f 658/794/1363 711/796/1364 657/795/1365
f 658/794/1366 712/797/1367 711/796/1368
f 476/476/1369 468/798/1370 467/475/1371
f 476/476/1372 713/799/1373 468/798/1374
f 472/468/1375 714/800/1376 698/773/1377
f 472/468/1378 715/801/1379 714/800/1380
f 717/802/1381 442/804/1382 572/803/1383
f 717/802/1384 441/805/1385 442/804/1386
f 612/806/1387 455/458/1388 613/807/1389
f 612/806/1390 454/457/1391 455/458/1392
f 485/487/1393 720/809/1394 497/808/1395
f 485/487/1396 601/637/1397 720/809/1398
f 721/810/1399 547/811/1400 643/689/1401
f 721/810/1402 546/812/1403 547/811/1404
f 722/813/1405 454/457/1406 612/806/1407
f 722/813/1408 723/814/1409 454/457/1410
f 669/726/1411 338/815/1412 335/725/1413
f 669/726/1414 724/816/1415 338/815/1416
f 372/350/1417 725/817/1418 371/349/1419
f 372/350/1420 660/818/1421 725/817/1422
f 444/438/1423 537/819/1424 443/437/1425
f 444/438/1426 726/820/1427 537/819/1428
f 539/821/1429 359/354/1430 373/351/1431
f 539/821/1432 358/822/1433 359/354/1434
f 284/271/1435 729/824/1436 728/823/1437
f 284/271/1438 431/423/1439 729/824/1440
f 419/411/1441 647/694/1442 418/410/1443
f 419/411/1444 295/373/1445 647/694/1446
f 473/825/1447 731/827/1448 730/826/1449
f 473/828/1450 732/830/1451 731/829/1452
f 733/831/1453 582/724/1454 258/389/1455
f 733/831/1456 734/832/1457 582/724/1458
f 619/833/1459 634/835/1460 735/834/1461
f 619/833/1462 620/836/1463 634/835/1464
f 736/837/1465 655/839/1466 653/838/1467
f 736/837/1468 567/590/1469 655/839/1470
f 261/259/1471 737/841/1472 464/840/1473
f 261/259/1474 336/314/1475 737/841/1476
f 229/842/1477 352/328/1478 264/843/1479
f 229/842/1480 230/844/1481 352/328/1482
f 302/285/1483 573/598/1484 611/653/1485
f 302/285/1486 738/845/1487 573/598/1488
f 541/846/1489 739/848/1490 228/847/1491
f 541/849/1492 542/851/1493 739/850/1494
f 629/673/1495 503/506/1496 628/672/1497
f 629/673/1498 502/505/1499 503/506/1500
f 466/852/1501 306/287/1502 408/394/1503
f 466/852/1504 491/710/1505 306/287/1506
f 242/240/1507 530/853/1508 529/767/1509
f 242/240/1510 243/241/1511 530/853/1512
f 270/348/1513 554/854/1514 271/379/1515
f 270/348/1516 371/349/1517 554/854/1518
f 528/763/1519 643/689/1520 416/519/1521
f 528/763/1522 721/810/1523 643/689/1524
f 293/719/1525 550/565/1526 581/609/1527
f 293/719/1528 568/855/1529 550/565/1530
f 740/856/1531 741/857/1532 726/820/1533
f 740/856/1534 633/676/1535 741/857/1536
f 742/858/1537 530/860/1538 440/859/1539
f 742/858/1540 743/861/1541 530/860/1542
f 231/862/1543 493/495/1544 490/492/1545
f 231/862/1546 232/863/1547 493/495/1548
f 744/864/1549 477/866/1550 383/865/1551
f 744/867/1552 254/869/1553 477/868/1554
f 263/870/1555 384/366/1556 266/871/1557
f 263/870/1558 353/872/1559 384/366/1560
f 640/873/1561 705/875/1562 363/874/1563
f 640/873/1564 745/876/1565 705/875/1566
f 709/788/1567 706/877/1568 708/787/1569
f 709/788/1570 589/878/1571 706/877/1572
f 746/879/1573 426/418/1574 424/416/1575
f 746/879/1576 747/880/1577 426/418/1578
f 688/759/1579 343/319/1580 341/317/1581
f 688/759/1582 667/881/1583 343/319/1584
f 269/882/1585 356/332/1586 748/883/1587
f 269/882/1588 727/884/1589 356/332/1590
f 526/540/1591 364/885/1592 525/539/1593
f 526/540/1594 363/886/1595 364/885/1596
f 697/887/1597 312/294/1598 309/291/1599
f 697/887/1600 698/888/1601 312/294/1602
f 725/889/1603 750/891/1604 749/890/1605
f 725/889/1606 751/892/1607 750/891/1608
f 390/374/1609 441/805/1610 717/802/1611
f 390/374/1612 511/580/1613 441/805/1614
f 752/893/1615 318/298/1616 315/295/1617
f 752/893/1618 350/894/1619 318/298/1620
f 361/337/1621 297/278/1622 683/895/1623
f 361/337/1624 296/277/1625 297/278/1626
f 753/896/1627 466/898/1628 723/897/1629
f 753/896/1630 465/899/1631 466/898/1632
f 635/680/1633 283/270/1634 598/632/1635
f 635/680/1636 282/269/1637 283/270/1638
f 467/475/1639 755/900/1640 505/508/1641
f 467/475/1642 468/798/1643 755/900/1644
f 378/357/1645 538/901/1646 568/855/1647
f 378/357/1648 406/392/1649 538/901/1650
f 246/244/1651 565/903/1652 564/902/1653
f 246/244/1654 247/245/1655 565/903/1656
f 756/904/1657 704/780/1658 532/905/1659
f 756/904/1660 703/779/1661 704/780/1662
f 348/325/1663 401/906/1664 606/646/1665
f 348/325/1666 349/326/1667 401/906/1668
f 464/840/1669 277/268/1670 274/265/1671
f 464/840/1672 737/841/1673 277/268/1674
f 633/676/1675 757/907/1676 741/857/1677
f 633/676/1678 232/677/1679 757/907/1680
f 699/908/1681 759/910/1682 758/909/1683
f 699/911/1684 730/913/1685 759/912/1686
f 440/859/1687 243/500/1688 495/497/1689
f 440/859/1690 530/860/1691 243/500/1692
f 520/914/1693 252/250/1694 249/247/1695
f 520/914/1696 482/659/1697 252/250/1698
f 590/620/1699 760/916/1700 716/915/1701
f 590/620/1702 487/489/1703 760/916/1704
f 383/917/1705 478/919/1706 382/918/1707
f 383/920/1708 477/922/1709 478/921/1710
f 761/923/1711 660/818/1712 372/350/1713
f 761/923/1714 659/924/1715 660/818/1716
f 762/925/1717 258/389/1718 257/386/1719
f 762/925/1720 733/831/1721 258/389/1722
f 764/926/1723 606/646/1724 305/643/1725
f 764/926/1726 348/325/1727 606/646/1728
f 465/899/1729 491/493/1730 466/898/1731
f 465/899/1732 490/492/1733 491/493/1734
f 765/927/1735 254/929/1736 744/928/1737
f 765/930/1738 253/932/1739 254/931/1740
f 381/933/1741 764/926/1742 767/934/1743
f 381/933/1744 317/935/1745 764/926/1746
f 661/714/1747 402/387/1748 751/892/1749
f 661/714/1750 257/386/1751 402/387/1752
f 768/936/1753 534/641/1754 230/844/1755
f 768/936/1756 602/640/1757 534/641/1758
f 297/937/1759 684/755/1760 683/752/1761
f 297/937/1762 404/938/1763 684/755/1764
f 345/321/1765 269/882/1766 268/939/1767
f 345/321/1768 346/322/1769 269/882/1770
f 431/423/1771 617/660/1772 729/824/1773
f 431/423/1774 594/624/1775 617/660/1776
f 769/940/1777 438/434/1778 712/797/1779
f 769/940/1780 279/433/1781 438/434/1782
f 770/941/1783 650/698/1784 734/942/1785
f 770/941/1786 755/943/1787 650/698/1788
f 504/944/1789 734/832/1790 733/831/1791
f 504/944/1792 770/945/1793 734/832/1794
f 438/434/1795 529/767/1796 692/764/1797
f 438/434/1798 242/240/1799 529/767/1800
f 374/352/1801 771/946/1802 517/530/1803
f 374/352/1804 375/353/1805 771/946/1806
f 772/947/1807 481/483/1808 521/534/1809
f 772/947/1810 501/948/1811 481/483/1812
f 310/292/1813 366/342/1814 365/339/1815
f 310/292/1816 311/293/1817 366/342/1818
f 601/637/1819 773/949/1820 720/809/1821
f 601/637/1822 417/638/1823 773/949/1824
f 774/950/1825 703/779/1826 756/904/1827
f 774/950/1828 775/951/1829 703/779/1830
f 776/952/1831 413/954/1832 777/953/1833
f 776/955/1834 412/957/1835 413/956/1836
f 778/958/1837 615/960/1838 779/959/1839
f 778/958/1840 780/961/1841 615/960/1842
f 626/962/1843 659/924/1844 761/923/1845
f 626/962/1846 627/963/1847 659/924/1848
f 462/964/1849 421/413/1850 463/965/1851
f 462/964/1852 420/412/1853 421/413/1854
f 654/702/1855 609/650/1856 632/966/1857
f 654/702/1858 608/649/1859 609/650/1860
f 277/268/1861 781/967/1862 276/267/1863
f 277/268/1864 782/968/1865 781/967/1866
f 377/356/1867 568/855/1868 293/719/1869
f 377/356/1870 378/357/1871 568/855/1872
f 783/969/1873 425/971/1874 426/970/1875
f 783/969/1876 748/883/1877 425/971/1878
f 298/972/1879 404/938/1880 297/937/1881
f 298/972/1882 710/791/1883 404/938/1884
f 784/973/1885 469/975/1886 785/974/1887
f 784/973/1888 786/976/1889 469/975/1890
f 767/934/1891 305/643/1892 304/977/1893
f 767/934/1894 764/926/1895 305/643/1896
f 368/978/1897 224/224/1898 221/221/1899
f 368/978/1900 369/979/1901 224/224/1902
f 283/270/1903 728/823/1904 663/716/1905
f 283/270/1906 284/271/1907 728/823/1908
f 730/980/1909 410/982/1910 759/981/1911
f 730/983/1912 731/985/1913 410/984/1914
f 564/902/1915 629/673/1916 626/670/1917
f 564/902/1918 565/903/1919 629/673/1920
f 400/383/1921 350/987/1922 752/986/1923
f 400/383/1924 349/384/1925 350/987/1926
f 613/655/1927 240/238/1928 237/235/1929
f 613/655/1930 784/988/1931 240/238/1932
f 311/293/1933 669/726/1934 366/342/1935
f 311/293/1936 544/559/1937 669/726/1938
f 570/989/1939 665/718/1940 569/990/1941
f 570/989/1942 664/717/1943 665/718/1944
f 710/791/1945 233/231/1946 404/938/1947
f 710/791/1948 682/792/1949 233/231/1950
f 317/935/1951 348/325/1952 764/926/1953
f 317/935/1954 318/324/1955 348/325/1956
f 731/991/1957 225/993/1958 410/992/1959
f 731/994/1960 787/996/1961 225/995/1962
f 788/997/1963 789/998/1964 494/496/1965
f 788/997/1966 453/999/1967 789/998/1968
f 325/1000/1969 324/304/1970 321/301/1971
f 325/1000/1972 679/750/1973 324/304/1974
f 538/549/1975 365/339/1976 553/1001/1977
f 538/549/1978 310/292/1979 365/339/1980
f 389/1002/1981 292/1003/1982 513/523/1983
f 389/1002/1984 291/1004/1985 292/1003/1986
f 417/409/1987 646/692/1988 773/1005/1989
f 417/409/1990 418/410/1991 646/692/1992
f 224/224/1993 278/1006/1994 223/223/1995
f 224/224/1996 790/1007/1997 278/1006/1998
f 623/667/1999 746/1008/2000 681/784/2001
f 623/667/2002 624/668/2003 746/1008/2004
f 712/797/2005 692/764/2006 711/796/2007
f 712/797/2008 438/434/2009 692/764/2010
f 236/234/2011 357/552/2012 235/233/2013
f 236/234/2014 425/417/2015 357/552/2016
f 513/523/2017 740/856/2018 512/522/2019
f 513/523/2020 292/1003/2021 740/856/2022
f 494/496/2023 593/623/2024 432/424/2025
f 494/496/2026 789/998/2027 593/623/2028
f 791/1009/2029 771/1011/2030 792/1010/2031
f 791/1009/2032 793/1012/2033 771/1011/2034
f 760/1013/2035 696/771/2036 603/642/2037
f 760/1013/2038 794/1014/2039 696/771/2040
f 600/1015/2041 758/1017/2042 599/1016/2043
f 600/1018/2044 699/1020/2045 758/1019/2046
f 558/575/2047 347/516/2048 507/513/2049
f 558/575/2050 791/1021/2051 347/516/2052
f 260/258/2053 464/840/2054 795/1022/2055
f 260/258/2056 261/259/2057 464/840/2058
f 796/1023/2059 797/1024/2060 576/601/2061
f 796/1023/2062 788/1025/2063 797/1024/2064
f 437/430/2065 589/878/2066 709/788/2067
f 437/430/2068 273/431/2069 589/878/2070
f 475/474/2071 505/508/2072 502/505/2073
f 475/474/2074 467/475/2075 505/508/2076
f 642/687/2077 623/667/2078 677/748/2079
f 642/687/2080 622/666/2081 623/667/2082
f 480/1026/2083 728/1028/2084 479/1027/2085
f 480/1029/2086 663/1031/2087 728/1030/2088
f 673/1032/2089 798/1034/2090 671/1033/2091
f 673/1035/2092 799/1037/2093 798/1036/2094
f 639/685/2095 757/1038/2096 638/684/2097
f 639/685/2098 801/1039/2099 757/1038/2100
f 784/988/2101 607/647/2102 240/238/2103
f 784/988/2104 785/1040/2105 607/647/2106
f 556/572/2107 380/1041/2108 555/571/2109
f 556/572/2110 652/1042/2111 380/1041/2112
f 785/1043/2113 470/466/2114 607/1044/2115
f 785/1043/2116 469/465/2117 470/466/2118
f 548/563/2119 501/948/2120 772/947/2121
f 548/563/2122 562/584/2123 501/948/2124
f 439/526/2125 495/497/2126 370/346/2127
f 439/526/2128 440/859/2129 495/497/2130
f 681/793/2131 424/416/2132 682/792/2133
f 681/793/2134 746/879/2135 424/416/2136
f 735/1045/2137 256/1047/2138 253/1046/2139
f 735/834/2140 634/835/2141 256/1048/2142
f 758/1049/2143 802/1051/2144 777/1050/2145
f 758/1052/2146 759/1054/2147 802/1053/2148
f 567/590/2149 281/1055/2150 655/839/2151
f 567/590/2152 280/529/2153 281/1055/2154
f 522/1056/2155 433/425/2156 652/1042/2157
f 522/1056/2158 571/593/2159 433/425/2160
f 470/466/2161 295/373/2162 419/411/2163
f 470/466/2164 294/372/2165 295/373/2166
f 630/1057/2167 515/525/2168 569/591/2169
f 630/1057/2170 514/524/2171 515/525/2172
f 398/1058/2173 513/523/2174 510/520/2175
f 398/1058/2176 389/1002/2177 513/523/2178
f 501/948/2179 427/419/2180 481/483/2181
f 501/948/2182 718/1059/2183 427/419/2184
f 803/1060/2185 383/1062/2186 227/1061/2187
f 803/1063/2188 744/1065/2189 383/1064/2190
f 528/1066/2191 456/459/2192 721/1067/2193
f 528/1066/2194 385/367/2195 456/459/2196
f 355/331/2197 752/986/2198 354/330/2199
f 355/331/2200 400/383/2201 752/986/2202
f 693/766/2203 781/1069/2204 782/1068/2205
f 693/766/2206 743/1070/2207 781/1069/2208
f 499/503/2209 392/1072/2210 775/1071/2211
f 499/503/2212 340/1073/2213 392/1072/2214
f 604/644/2215 488/1075/2216 489/1074/2217
f 604/644/2218 605/645/2219 488/1075/2220
f 516/527/2221 440/859/2222 439/526/2223
f 516/527/2224 742/858/2225 440/859/2226
f 671/1076/2227 449/1078/2228 451/1077/2229
f 671/1033/2230 798/1034/2231 449/1079/2232
f 656/707/2233 363/874/2234 526/706/2235
f 656/707/2236 640/873/2237 363/874/2238
f 404/938/2239 234/232/2240 684/755/2241
f 404/938/2242 233/231/2243 234/232/2244
f 301/1080/2245 804/1082/2246 732/1081/2247
f 301/1083/2248 610/1085/2249 804/1084/2250
f 563/585/2251 719/1086/2252 718/1059/2253
f 563/585/2254 805/1087/2255 719/1086/2256
f 223/223/2257 715/801/2258 472/468/2259
f 223/223/2260 278/1006/2261 715/801/2262
f 248/246/2263 474/473/2264 247/245/2265
f 248/246/2266 463/1088/2267 474/473/2268
f 631/1089/2269 514/524/2270 630/1057/2271
f 631/1089/2272 592/1090/2273 514/524/2274
f 461/464/2275 489/1074/2276 460/463/2277
f 461/464/2278 604/644/2279 489/1074/2280
f 456/459/2281 331/310/2282 549/1091/2283
f 456/459/2284 330/309/2285 331/310/2286
f 749/1092/2287 556/572/2288 554/569/2289
f 749/1092/2290 750/1093/2291 556/572/2292
f 682/792/2293 236/234/2294 233/231/2295
f 682/792/2296 424/416/2297 236/234/2298
f 715/801/2299 807/1094/2300 714/800/2301
f 715/801/2302 769/1095/2303 807/1094/2304
f 808/1096/2305 735/1098/2306 809/1097/2307
f 808/1099/2308 619/833/2309 735/834/2310
f 509/517/2311 800/1100/2312 780/961/2313
f 509/517/2314 334/518/2315 800/1100/2316
f 632/966/2317 810/1102/2318 689/1101/2319
f 632/966/2320 609/650/2321 810/1102/2322
f 564/1103/2323 761/923/2324 680/751/2325
f 564/1103/2326 626/962/2327 761/923/2328
f 432/424/2329 594/624/2330 431/423/2331
f 432/424/2332 593/623/2333 594/624/2334
f 654/1104/2335 687/758/2336 811/1105/2337
f 654/1104/2338 632/757/2339 687/758/2340
f 534/641/2341 400/383/2342 355/331/2343
f 534/641/2344 399/382/2345 400/383/2346
f 605/645/2347 794/1106/2348 488/1075/2349
f 605/645/2350 696/1107/2351 794/1106/2352
f 321/538/2353 328/308/2354 325/305/2355
f 321/538/2356 525/539/2357 328/308/2358
f 517/530/2359 793/1109/2360 648/1108/2361
f 517/530/2362 771/946/2363 793/1109/2364
f 680/751/2365 372/350/2366 267/347/2367
f 680/751/2368 761/923/2369 372/350/2370
f 568/855/2371 553/568/2372 550/565/2373
f 568/855/2374 538/901/2375 553/568/2376
f 687/758/2377 341/317/2378 362/338/2379
f 687/758/2380 688/759/2381 341/317/2382
f 457/688/2383 518/1111/2384 812/1110/2385
f 457/688/2386 754/1112/2387 518/1111/2388
f 292/1003/2389 633/676/2390 740/856/2391
f 292/1003/2392 577/603/2393 633/676/2394
f 395/1113/2395 730/1115/2396 699/1114/2397
f 395/1116/2398 473/1118/2399 730/1117/2400
f 415/1119/2401 617/1121/2402 414/1120/2403
f 415/1122/2404 729/1124/2405 617/1123/2406
f 230/844/2407 355/331/2408 352/328/2409
f 230/844/2410 534/641/2411 355/331/2412
f 738/845/2413 576/601/2414 573/598/2415
f 738/845/2416 796/1023/2417 576/601/2418
f 532/542/2419 484/486/2420 756/1125/2421
f 532/542/2422 483/485/2423 484/486/2424
f 800/1100/2425 813/1127/2426 614/1126/2427
f 800/1100/2428 812/1110/2429 813/1127/2430
f 689/760/2431 667/881/2432 688/759/2433
f 689/760/2434 666/1128/2435 667/881/2436
f 468/1129/2437 436/429/2438 651/700/2439
f 468/1129/2440 713/1130/2441 436/429/2442
f 766/1131/2443 374/352/2444 290/528/2445
f 766/1131/2446 373/351/2447 374/352/2448
f 519/1132/2449 249/247/2450 813/1133/2451
f 519/1132/2452 520/914/2453 249/247/2454
f 657/795/2455 814/1135/2456 724/1134/2457
f 657/795/2458 711/796/2459 814/1135/2460
f 523/1136/2461 567/590/2462 736/837/2463
f 523/1136/2464 566/589/2465 567/590/2466
f 402/387/2467 571/1138/2468 522/1137/2469
f 402/387/2470 403/388/2471 571/1138/2472
f 627/1139/2473 662/715/2474 659/712/2475
f 627/1139/2476 628/1140/2477 662/715/2478
f 638/684/2479 232/863/2480 231/862/2481
f 638/684/2482 757/1038/2483 232/863/2484
f 592/1090/2485 516/527/2486 514/524/2487
f 592/1090/2488 275/1141/2489 516/527/2490
f 636/681/2491 282/269/2492 635/680/2493
f 636/681/2494 319/299/2495 282/269/2496
f 300/1142/2497 732/1144/2498 473/1143/2499
f 300/1145/2500 301/1147/2501 732/1146/2502
f 755/943/2503 651/700/2504 650/698/2505
f 755/943/2506 468/1129/2507 651/700/2508
f 716/1148/2509 603/642/2510 602/640/2511
f 716/1148/2512 760/1013/2513 603/642/2514
f 754/1149/2515 521/534/2516 518/531/2517
f 754/1149/2518 772/947/2519 521/534/2520
f 579/1150/2521 592/622/2522 631/1151/2523
f 579/1150/2524 591/621/2525 592/622/2526
f 625/669/2527 815/1152/2528 624/668/2529
f 625/669/2530 700/1153/2531 815/1152/2532
f 607/1044/2533 419/411/2534 329/408/2535
f 607/1044/2536 470/466/2537 419/411/2538
f 434/426/2539 708/1154/2540 745/876/2541
f 434/426/2542 435/427/2543 708/1154/2544
f 668/722/2545 585/613/2546 641/686/2547
f 668/722/2548 584/612/2549 585/613/2550
f 386/368/2551 333/312/2552 330/309/2553
f 386/368/2554 316/296/2555 333/312/2556
f 816/1155/2557 447/1157/2558 448/1156/2559
f 816/1155/2560 817/1158/2561 447/1157/2562
f 818/1159/2563 817/1158/2564 816/1155/2565
f 818/1159/2566 819/1160/2567 817/1158/2568
f 820/1161/2569 816/1155/2570 821/1162/2571
f 820/1161/2572 818/1159/2573 816/1155/2574
f 821/1163/2575 448/1165/2576 450/1164/2577
f 821/1162/2578 816/1155/2579 448/1156/2580
f 695/1166/2581 823/1168/2582 822/1167/2583
f 695/1166/2584 649/697/2585 823/1168/2586
f 268/939/2587 748/883/2588 783/969/2589
f 268/939/2590 269/882/2591 748/883/2592
f 500/504/2593 340/1073/2594 499/503/2595
f 500/504/2596 339/648/2597 340/1073/2598
f 411/1169/2599 777/1171/2600 802/1170/2601
f 411/1172/2602 776/1174/2603 777/1173/2604
f 643/689/2605 754/1112/2606 457/688/2607
f 643/689/2608 547/811/2609 754/1112/2610
f 787/1175/2611 228/1177/2612 225/1176/2613
f 787/1178/2614 541/1180/2615 228/1179/2616
f 700/1181/2617 783/969/2618 815/1182/2619
f 700/1181/2620 268/939/2621 783/969/2622
f 685/765/2623 782/1068/2624 686/1183/2625
f 685/765/2626 693/766/2627 782/1068/2628
f 824/1184/2629 820/1186/2630 799/1185/2631
f 824/1187/2632 818/1189/2633 820/1188/2634
f 825/1190/2635 818/1192/2636 824/1191/2637
f 825/1190/2638 819/1193/2639 818/1192/2640
f 674/1194/2641 824/1191/2642 672/1195/2643
f 674/1194/2644 825/1190/2645 824/1191/2646
f 672/1196/2647 799/1198/2648 673/1197/2649
f 672/1199/2650 824/1201/2651 799/1200/2652
f 613/807/2653 786/976/2654 784/973/2655
f 613/807/2656 455/458/2657 786/976/2658
f 266/871/2659 385/367/2660 528/1066/2661
f 266/871/2662 384/366/2663 385/367/2664
f 551/1202/2665 795/1022/2666 580/1203/2667
f 551/1202/2668 260/258/2669 795/1022/2670
f 271/570/2671 656/707/2672 323/704/2673
f 271/570/2674 555/571/2675 656/707/2676
f 585/613/2677 625/669/2678 622/666/2679
f 585/613/2680 586/614/2681 625/669/2682
f 484/486/2683 497/808/2684 498/1204/2685
f 484/486/2686 485/487/2687 497/808/2688
f 275/1141/2689 742/858/2690 516/527/2691
f 275/1141/2692 276/1205/2693 742/858/2694
f 503/1206/2695 733/831/2696 762/925/2697
f 503/1206/2698 504/944/2699 733/831/2700
f 576/601/2701 702/1207/2702 575/600/2703
f 576/601/2704 797/1024/2705 702/1207/2706
f 694/1208/2707 420/412/2708 462/964/2709
f 694/1208/2710 272/617/2711 420/412/2712
f 409/395/2713 388/370/2714 806/1209/2715
f 409/395/2716 307/288/2717 388/370/2718
f 804/1210/2719 541/1212/2720 787/1211/2721
f 804/1213/2722 540/1215/2723 541/1214/2724
f 690/761/2725 788/1025/2726 796/1023/2727
f 690/761/2728 453/1216/2729 788/1025/2730
f 713/1130/2731 423/432/2732 436/429/2733
f 713/1130/2734 422/1217/2735 423/432/2736
f 720/1218/2737 500/504/2738 497/501/2739
f 720/1218/2740 826/1219/2741 500/504/2742
f 339/648/2743 827/1220/2744 340/1073/2745
f 339/648/2746 536/545/2747 827/1220/2748
f 736/1221/2749 360/336/2750 523/535/2751
f 736/1221/2752 811/1105/2753 360/336/2754
f 702/778/2755 320/300/2756 319/299/2757
f 702/778/2758 797/1222/2759 320/300/2760
f 463/1088/2761 476/476/2762 474/473/2763
f 463/1088/2764 421/1223/2765 476/476/2766
f 828/1224/2767 767/934/2768 805/1225/2769
f 828/1224/2770 381/933/2771 767/934/2772
f 662/715/2773 257/386/2774 661/714/2775
f 662/715/2776 762/925/2777 257/386/2778
f 529/767/2779 743/1070/2780 693/766/2781
f 529/767/2782 530/853/2783 743/1070/2784
f 763/1226/2785 373/351/2786 766/1131/2787
f 763/1226/2788 539/821/2789 373/351/2790
f 250/248/2791 590/620/2792 616/658/2793
f 250/248/2794 251/249/2795 590/620/2796
f 407/1227/2797 309/291/2798 406/548/2799
f 407/1227/2800 697/887/2801 309/291/2802
f 792/1010/2803 375/1228/2804 727/884/2805
f 792/1010/2806 771/1011/2807 375/1228/2808
f 289/276/2809 435/786/2810 288/275/2811
f 289/276/2812 707/785/2813 435/786/2814
f 773/1229/2815 826/1219/2816 720/1218/2817
f 773/1229/2818 646/1230/2819 826/1219/2820
f 807/1231/2821 712/797/2822 658/794/2823
f 807/1231/2824 769/940/2825 712/797/2826
f 505/508/2827 770/1232/2828 504/507/2829
f 505/508/2830 755/900/2831 770/1232/2832
f 572/597/2833 443/547/2834 535/544/2835
f 572/597/2836 442/1233/2837 443/547/2838
f 403/388/2839 287/1234/2840 571/1138/2841
f 403/388/2842 286/723/2843 287/1234/2844
f 552/1235/2845 260/258/2846 551/1202/2847
f 552/1235/2848 259/257/2849 260/258/2850
f 560/578/2851 290/528/2852 566/589/2853
f 560/578/2854 766/1131/2855 290/528/2856
f 229/582/2857 780/961/2858 778/958/2859
f 229/582/2860 509/517/2861 780/961/2862
f 382/1236/2863 412/1238/2864 776/1237/2865
f 382/1239/2866 478/1241/2867 412/1240/2868
f 829/1242/2869 222/222/2870 376/587/2871
f 829/1242/2872 221/221/2873 222/222/2874
f 506/510/2875 489/491/2876 486/488/2877
f 506/510/2878 460/511/2879 489/491/2880
f 718/1059/2881 430/422/2882 427/419/2883
f 718/1059/2884 719/1086/2885 430/422/2886
f 609/650/2887 459/1243/2888 810/1102/2889
f 609/650/2890 396/574/2891 459/1243/2892
f 646/1230/2893 314/596/2894 826/1219/2895
f 646/1230/2896 313/595/2897 314/596/2898
f 624/668/2899 747/1244/2900 746/1008/2901
f 624/668/2902 815/1152/2903 747/1244/2904
f 555/571/2905 640/873/2906 656/707/2907
f 555/571/2908 380/1041/2909 640/873/2910
f 496/1245/2911 241/1246/2912 790/1007/2913
f 496/1245/2914 244/1247/2915 241/1246/2916
f 515/525/2917 370/346/2918 367/343/2919
f 515/525/2920 439/526/2921 370/346/2922
f 549/564/2923 562/584/2924 548/563/2925
f 549/564/2926 331/583/2927 562/584/2928
f 336/314/2929 686/1248/2930 737/841/2931
f 336/314/2932 337/315/2933 686/1248/2934
f 790/1007/2935 279/1249/2936 278/1006/2937
f 790/1007/2938 241/1246/2939 279/1249/2940
f 455/458/2941 806/1209/2942 786/976/2943
f 455/458/2944 409/395/2945 806/1209/2946
f 797/1222/2947 494/496/2948 320/300/2949
f 797/1222/2950 788/997/2951 494/496/2952
f 525/539/2953 694/1208/2954 328/308/2955
f 525/539/2956 364/885/2957 694/1208/2958
f 721/1067/2959 549/1091/2960 546/1250/2961
f 721/1067/2962 456/459/2963 549/1091/2964
f 739/1251/2965 744/1253/2966 803/1252/2967
f 739/1254/2968 765/1256/2969 744/1255/2970
f 805/1225/2971 304/977/2972 719/1257/2973
f 805/1225/2974 767/934/2975 304/977/2976
f 727/884/2977 359/335/2978 356/332/2979
f 727/884/2980 375/1228/2981 359/335/2982
f 272/617/2983 423/415/2984 420/412/2985
f 272/617/2986 273/618/2987 423/415/2988
f 809/1258/2989 253/1260/2990 765/1259/2991
f 809/1261/2992 735/1263/2993 253/1262/2994
f 353/872/2995 387/369/2996 384/366/2997
f 353/872/2998 354/1264/2999 387/369/3000
f 830/1265/3001 221/221/3002 829/1242/3003
f 830/1265/3004 368/978/3005 221/221/3006
f 569/990/3007 578/606/3008 630/674/3009
f 569/990/3010 665/718/3011 578/606/3012
f 574/599/3013 621/665/3014 618/662/3015
f 574/599/3016 575/600/3017 621/665/3018
f 458/1266/3019 710/791/3020 298/972/3021
f 458/1266/3022 676/790/3023 710/791/3024
f 732/1267/3025 787/1269/3026 731/1268/3027
f 732/1270/3028 804/1272/3029 787/1271/3030
f 252/250/3031 486/488/3032 251/249/3033
f 252/250/3034 506/510/3035 486/488/3036
f 562/584/3037 718/1059/3038 501/948/3039
f 562/584/3040 563/585/3041 718/1059/3042
f 726/820/3043 831/1273/3044 537/819/3045
f 726/820/3046 741/857/3047 831/1273/3048
f 347/323/3049 792/1010/3050 346/322/3051
f 347/323/3052 791/1009/3053 792/1010/3054
f 565/903/3055 502/505/3056 629/673/3057
f 565/903/3058 475/474/3059 502/505/3060
f 580/1203/3061 591/621/3062 579/1150/3063
f 580/1203/3064 795/1022/3065 591/621/3066
f 723/814/3067 408/394/3068 454/457/3069
f 723/814/3070 466/852/3071 408/394/3072
f 333/312/3073 828/1274/3074 332/311/3075
f 333/312/3076 381/359/3077 828/1274/3078
f 811/1105/3079 362/338/3080 360/336/3081
f 811/1105/3082 687/758/3083 362/338/3084
f 734/942/3085 583/611/3086 582/610/3087
f 734/942/3088 650/698/3089 583/611/3090
f 724/1134/3091 337/1276/3092 338/1275/3093
f 724/1134/3094 814/1135/3095 337/1276/3096
f 714/1277/3097 658/709/3098 545/560/3099
f 714/1277/3100 807/1278/3101 658/709/3102
f 326/1279/3103 679/750/3104 325/1000/3105
f 326/1279/3106 678/749/3107 679/750/3108
f 543/1280/3109 809/1282/3110 542/1281/3111
f 543/1283/3112 808/1285/3113 809/1284/3114
f 363/886/3115 588/616/3116 364/885/3117
f 363/886/3118 705/782/3119 588/616/3120
f 606/646/3121 696/1107/3122 605/645/3123
f 606/646/3124 401/906/3125 696/1107/3126
f 815/1182/3127 426/970/3128 747/1286/3129
f 815/1182/3130 783/969/3131 426/970/3132
f 380/1041/3133 745/876/3134 640/873/3135
f 380/1041/3136 434/426/3137 745/876/3138
f 711/796/3139 685/765/3140 814/1135/3141
f 711/796/3142 692/764/3143 685/765/3144
f 536/545/3145 831/1287/3146 827/1220/3147
f 536/545/3148 537/546/3149 831/1287/3150
f 371/349/3151 749/1288/3152 554/854/3153
f 371/349/3154 725/817/3155 749/1288/3156
f 262/260/3157 336/314/3158 261/259/3159
f 262/260/3160 335/313/3161 336/314/3162
f 826/1219/3163 339/648/3164 500/504/3165
f 826/1219/3166 314/596/3167 339/648/3168
f 812/1110/3169 519/1289/3170 813/1127/3171
f 812/1110/3172 518/1111/3173 519/1289/3174
f 827/1220/3175 801/1291/3176 639/1290/3177
f 827/1220/3178 831/1287/3179 801/1291/3180
f 226/1292/3181 776/1294/3182 411/1293/3183
f 226/1295/3184 382/1297/3185 776/1296/3186
f 759/1298/3187 411/1300/3188 802/1299/3189
f 759/1301/3190 410/1303/3191 411/1302/3192
f 779/1304/3193 768/936/3194 778/1305/3195
f 779/1304/3196 832/1306/3197 768/936/3198
f 780/961/3199 614/1126/3200 615/960/3201
f 780/961/3202 800/1100/3203 614/1126/3204
f 652/1042/3205 434/426/3206 380/1041/3207
f 652/1042/3208 433/425/3209 434/426/3210
f 453/999/3211 691/1307/3212 789/998/3213
f 453/999/3214 690/1308/3215 691/1307/3216
f 264/843/3217 353/329/3218 263/1309/3219
f 264/843/3220 352/328/3221 353/329/3222
f 396/574/3223 508/514/3224 459/1243/3225
f 396/574/3226 507/513/3227 508/514/3228
f 478/1310/3229 415/1312/3230 412/1311/3231
f 478/1313/3232 479/1315/3233 415/1314/3234
f 498/502/3235 775/1071/3236 774/1316/3237
f 498/502/3238 499/503/3239 775/1071/3240
f 332/586/3241 805/1087/3242 563/585/3243
f 332/586/3244 828/1317/3245 805/1087/3246
f 775/951/3247 637/683/3248 703/779/3249
f 775/951/3250 392/682/3251 637/683/3252
f 379/588/3253 697/772/3254 407/1318/3255
f 379/588/3256 471/467/3257 697/772/3258
f 508/514/3259 644/1320/3260 587/1319/3261
f 508/514/3262 344/515/3263 644/1320/3264
f 823/1168/3265 619/663/3266 808/1321/3267
f 823/1168/3268 618/662/3269 619/663/3270
f 487/489/3271 794/1322/3272 760/916/3273
f 487/489/3274 488/490/3275 794/1322/3276
f 599/1323/3277 777/1325/3278 413/1324/3279
f 599/1326/3280 758/1328/3281 777/1327/3282
f 814/1135/3283 686/1183/3284 337/1276/3285
f 814/1135/3286 685/765/3287 686/1183/3288
f 369/979/3289 790/1007/3290 224/224/3291
f 369/979/3292 496/1245/3293 790/1007/3294
f 393/376/3295 796/1023/3296 738/845/3297
f 393/376/3298 690/761/3299 796/1023/3300
f 722/1329/3301 533/543/3302 531/541/3303
f 722/1329/3304 612/654/3305 533/543/3306
f 334/518/3307 812/1110/3308 800/1100/3309
f 334/518/3310 457/688/3311 812/1110/3312
f 561/579/3313 766/1131/3314 560/578/3315
f 561/579/3316 763/1226/3317 766/1131/3318
f 737/841/3319 782/968/3320 277/268/3321
f 737/841/3322 686/1248/3323 782/968/3324
f 786/976/3325 405/1330/3326 469/975/3327
f 786/976/3328 806/1209/3329 405/1330/3330
f 799/1331/3331 821/1333/3332 798/1332/3333
f 799/1334/3334 820/1336/3335 821/1335/3336
f 806/1209/3337 397/380/3338 405/1330/3339
f 806/1209/3340 388/370/3341 397/380/3342
f 832/1306/3343 602/640/3344 768/936/3345
f 832/1306/3346 716/1148/3347 602/640/3348
f 524/536/3349 683/895/3350 559/1337/3351
f 524/536/3352 361/337/3353 683/895/3354
f 295/373/3355 717/802/3356 647/694/3357
f 295/373/3358 390/374/3359 717/802/3360
f 511/521/3361 444/438/3362 441/435/3363
f 511/521/3364 512/522/3365 444/438/3366
f 479/1338/3367 729/1340/3368 415/1339/3369
f 479/1341/3370 728/1343/3371 729/1342/3372
f 291/1004/3373 577/603/3374 292/1003/3375
f 291/1004/3376 308/602/3377 577/603/3378
f 575/600/3379 701/1344/3380 621/665/3381
f 575/600/3382 702/1207/3383 701/1344/3384
f 346/322/3385 727/884/3386 269/882/3387
f 346/322/3388 792/1010/3389 727/884/3390
f 228/1345/3391 803/1347/3392 227/1346/3393
f 228/1348/3394 739/1350/3395 803/1349/3396
f 698/888/3397 545/560/3398 312/294/3399
f 698/888/3400 714/1277/3401 545/560/3402
f 684/755/3403 763/1351/3404 561/754/3405
f 684/755/3406 234/232/3407 763/1351/3408
f 830/1352/3409 664/717/3410 570/989/3411
f 830/1352/3412 829/1353/3413 664/717/3414
f 813/1133/3415 250/248/3416 614/656/3417
f 813/1133/3418 249/247/3419 250/248/3420
f 691/1354/3421 600/636/3422 596/633/3423
f 691/1354/3424 394/774/3425 600/636/3426
f 421/1223/3427 713/799/3428 476/476/3429
f 421/1223/3430 422/1355/3431 713/799/3432
f 362/338/3433 299/280/3434 296/277/3435
f 362/338/3436 341/317/3437 299/280/3438
f 748/883/3439 357/333/3440 425/971/3441
f 748/883/3442 356/332/3443 357/333/3444
f 245/1356/3445 678/749/3446 326/1279/3447
f 245/1356/3448 246/1357/3449 678/749/3450
f 280/529/3451 648/1108/3452 281/1055/3453
f 280/529/3454 517/530/3455 648/1108/3456
f 364/885/3457 272/617/3458 694/1208/3459
f 364/885/3460 588/616/3461 272/617/3462
f 304/977/3463 604/644/3464 461/464/3465
f 304/977/3466 305/643/3467 604/644/3468
f 695/1358/3469 543/1360/3470 540/1359/3471
f 695/1361/3472 822/1363/3473 543/1362/3474
f 524/577/3475 566/589/3476 523/1136/3477
f 524/577/3478 560/578/3479 566/589/3480
f 351/781/3481 490/492/3482 465/899/3483
f 351/781/3484 231/862/3485 490/492/3486
f 255/1364/3487 663/1366/3488 480/1365/3489
f 255/1367/3490 597/1369/3491 663/1368/3492
f 326/306/3493 248/1371/3494 245/1370/3495
f 326/306/3496 327/307/3497 248/1371/3498
f 521/534/3499 482/484/3500 520/533/3501
f 521/534/3502 481/483/3503 482/484/3504
f 512/522/3505 726/820/3506 444/438/3507
f 512/522/3508 740/856/3509 726/820/3510
f 276/1205/3511 743/861/3512 742/858/3513
f 276/1205/3514 781/1372/3515 743/861/3516
f 645/691/3517 268/939/3518 700/1181/3519
f 645/691/3520 345/321/3521 268/939/3522
f 653/1373/3523 811/1105/3524 736/1221/3525
f 653/1373/3526 654/1104/3527 811/1105/3528
f 553/1001/3529 259/340/3530 552/1374/3531
f 553/1001/3532 365/339/3533 259/340/3534
f 634/679/3535 598/632/3536 256/630/3537
f 634/679/3538 635/680/3539 598/632/3540
f 745/876/3541 706/1375/3542 705/875/3543
f 745/876/3544 708/1154/3545 706/1375/3546
f 660/713/3547 751/892/3548 725/889/3549
f 660/713/3550 661/714/3551 751/892/3552
f 354/1264/3553 315/295/3554 387/369/3555
f 354/1264/3556 752/893/3557 315/295/3558
f 704/780/3559 465/899/3560 753/896/3561
f 704/780/3562 351/781/3563 465/899/3564
f 278/1006/3565 769/1095/3566 715/801/3567
f 278/1006/3568 279/1249/3569 769/1095/3570
f 719/1257/3571 461/464/3572 430/461/3573
f 719/1257/3574 304/977/3575 461/464/3576
f 583/611/3577 707/785/3578 289/276/3579
f 583/611/3580 527/699/3581 707/785/3582
f 570/592/3583 368/344/3584 830/1376/3585
f 570/592/3586 367/343/3587 368/344/3588
f 327/307/3589 463/965/3590 248/1371/3591
f 327/307/3592 462/964/3593 463/965/3594
f 459/1243/3595 587/1319/3596 584/1377/3597
f 459/1243/3598 508/514/3599 587/1319/3600
f 547/562/3601 772/947/3602 754/1149/3603
f 547/562/3604 548/563/3605 772/947/3606
f 303/286/3607 738/845/3608 302/285/3609
f 303/286/3610 393/376/3611 738/845/3612
f 615/657/3613 832/1379/3614 779/1378/3615
f 615/657/3616 616/658/3617 832/1379/3618
f 595/1380/3619 413/1382/3620 414/1381/3621
f 595/1383/3622 599/1385/3623 413/1384/3624
f 247/245/3625 475/474/3626 565/903/3627
f 247/245/3628 474/473/3629 475/474/3630
f 581/609/3631 551/566/3632 580/608/3633
f 581/609/3634 550/565/3635 551/566/3636
f 628/1140/3637 762/925/3638 662/715/3639
f 628/1140/3640 503/1206/3641 762/925/3642
f 689/1101/3643 668/1387/3644 666/1386/3645
f 689/1101/3646 810/1102/3647 668/1387/3648
f 246/1357/3649 680/751/3650 678/749/3651
f 246/1357/3652 564/1103/3653 680/751/3654
f 795/1022/3655 274/265/3656 591/621/3657
f 795/1022/3658 464/840/3659 274/265/3660
f 822/1388/3661 808/1390/3662 543/1389/3663
f 822/1391/3664 823/1393/3665 808/1392/3666
f 750/1093/3667 652/1042/3668 556/572/3669
f 750/1093/3670 522/1056/3671 652/1042/3672
f 234/232/3673 539/550/3674 763/1351/3675
f 234/232/3676 235/233/3677 539/550/3678
f 648/696/3679 791/1021/3680 558/575/3681
f 648/696/3682 793/1394/3683 791/1021/3684
f 610/1395/3685 540/1397/3686 804/1396/3687
f 610/1398/3688 695/1400/3689 540/1399/3690
f 741/857/3691 801/1401/3692 831/1273/3693
f 741/857/3694 757/907/3695 801/1401/3696
f 343/1402/3697 677/748/3698 342/745/3699
f 343/1402/3700 642/687/3701 677/748/3702
f 833/1403/3703 453/1405/3704 446/1404/3705
f 833/1403/3706 675/1406/3707 453/1405/3708
f 825/1407/3709 675/1406/3710 833/1403/3711
f 825/1407/3712 674/1408/3713 675/1406/3714
f 819/1409/3715 833/1403/3716 817/1410/3717
f 819/1409/3718 825/1407/3719 833/1403/3720
f 817/1410/3721 446/1404/3722 447/1411/3723
f 817/1410/3724 833/1403/3725 446/1404/3726
f 751/892/3727 522/1137/3728 750/891/3729
f 751/892/3730 402/387/3731 522/1137/3732
f 531/1412/3733 723/897/3734 722/1413/3735
f 531/1412/3736 753/896/3737 723/897/3738
f 647/694/3739 572/803/3740 313/693/3741
f 647/694/3742 717/802/3743 572/803/3744
f 637/683/3745 231/862/3746 351/781/3747
f 637/683/3748 638/684/3749 231/862/3750
f 789/998/3751 596/626/3752 593/623/3753
f 789/998/3754 691/1307/3755 596/626/3756
f 527/699/3757 709/788/3758 707/785/3759
f 527/699/3760 437/430/3761 709/788/3762
f 544/559/3763 724/816/3764 669/726/3765
f 544/559/3766 657/708/3767 724/816/3768
f 328/308/3769 462/964/3770 327/307/3771
f 328/308/3772 694/1208/3773 462/964/3774
f 340/1073/3775 639/1290/3776 392/1072/3777
f 340/1073/3778 827/1220/3779 639/1290/3780
f 586/614/3781 700/1153/3782 625/669/3783
f 586/614/3784 645/1414/3785 700/1153/3786
f 756/1125/3787 498/1204/3788 774/1415/3789
f 756/1125/3790 484/486/3791 498/1204/3792
f 649/697/3793 618/662/3794 823/1168/3795
f 649/697/3796 574/599/3797 618/662/3798
f 810/1102/3799 584/1377/3800 668/1387/3801
f 810/1102/3802 459/1243/3803 584/1377/3804
f 778/1305/3805 230/844/3806 229/842/3807
f 778/1305/3808 768/936/3809 230/844/3810
f 587/615/3811 645/1414/3812 586/614/3813
f 587/615/3814 644/1416/3815 645/1414/3816
f 829/1353/3817 377/356/3818 664/717/3819
f 829/1353/3820 376/355/3821 377/356/3822
f 542/1417/3823 765/1419/3824 739/1418/3825
f 542/1420/3826 809/1422/3827 765/1421/3828
f 679/750/3829 270/348/3830 324/304/3831
f 679/750/3832 267/347/3833 270/348/3834
f 667/721/3835 642/687/3836 343/1402/3837
f 667/721/3838 641/686/3839 642/687/3840
f 798/1423/3841 450/1425/3842 449/1424/3843
f 798/1332/3844 821/1333/3845 450/1426/3846
f 616/658/3847 716/915/3848 832/1379/3849
f 616/658/3850 590/620/3851 716/915/3852
f 532/905/3853 753/896/3854 531/1412/3855
f 532/905/3856 704/780/3857 753/896/3858
f 254/1427/3859 480/1429/3860 477/1428/3861
f 254/1430/3862 255/1432/3863 480/1431/3864
f 836/1433/3865 838/1435/3866 837/1434/3867
f 836/1433/3868 839/1436/3869 838/1435/3870
f 840/1437/3871 842/1439/3872 841/1438/3873
f 840/1440/3874 843/1442/3875 842/1441/3876
f 846/1443/3877 848/1445/3878 847/1444/3879
f 846/1443/3880 849/1446/3881 848/1445/3882
f 850/1447/3883 852/1449/3884 851/1448/3885
f 850/1447/3886 853/1450/3887 852/1449/3888
f 854/1451/3889 856/1453/3890 855/1452/3891
f 854/1454/3892 857/1456/3893 856/1455/3894
f 851/1457/3895 858/1459/3896 850/1458/3897
f 851/1457/3898 859/1460/3899 858/1459/3900
f 863/1461/3901 865/1463/3902 864/1462/3903
f 863/1461/3904 866/1464/3905 865/1463/3906
f 867/1465/3907 869/1467/3908 868/1466/3909
f 867/1465/3910 870/1468/3911 869/1467/3912
f 871/1469/3913 873/1471/3914 872/1470/3915
f 871/1469/3916 874/1472/3917 873/1471/3918
f 875/1473/3919 877/1475/3920 876/1474/3921
f 875/1473/3922 878/1476/3923 877/1475/3924
f 879/1477/3925 881/1479/3926 880/1478/3927
f 879/1477/3928 882/1480/3929 881/1479/3930
f 887/1481/3931 889/1483/3932 888/1482/3933
f 887/1481/3934 890/1484/3935 889/1483/3936
f 891/1485/3937 893/1487/3938 892/1486/3939
f 891/1485/3940 894/1488/3941 893/1487/3942
f 897/1489/3943 899/1491/3944 898/1490/3945
f 897/1489/3946 900/1492/3947 899/1491/3948
f 903/1493/3949 905/1495/3950 904/1494/3951
f 903/1493/3952 906/1496/3953 905/1495/3954
f 869/1497/3955 907/1499/3956 868/1498/3957
f 869/1497/3958 908/1500/3959 907/1499/3960
f 909/1501/3961 911/1503/3962 910/1502/3963
f 909/1501/3964 912/1504/3965 911/1503/3966
f 915/1505/3967 895/1507/3968 916/1506/3969
f 915/1505/3970 917/1508/3971 895/1507/3972
f 920/1509/3973 922/1511/3974 921/1510/3975
f 920/1509/3976 923/1512/3977 922/1511/3978
f 885/1513/3979 924/1515/3980 886/1514/3981
f 885/1513/3982 925/1516/3983 924/1515/3984
f 929/1517/3985 931/1519/3986 930/1518/3987
f 929/1517/3988 932/1520/3989 931/1519/3990
f 935/1521/3991 937/1523/3992 936/1522/3993
f 935/1521/3994 938/1524/3995 937/1523/3996
f 939/1525/3997 941/1527/3998 940/1526/3999
f 939/1525/4000 942/1528/4001 941/1527/4002
f 944/1529/4003 913/1531/4004 945/1530/4005
f 944/1529/4006 946/1532/4007 913/1531/4008
f 948/1533/4009 950/1535/4010 949/1534/4011
f 948/1533/4012 951/1536/4013 950/1535/4014
f 952/1537/4015 954/1539/4016 953/1538/4017
f 952/1537/4018 955/1540/4019 954/1539/4020
f 956/1541/4021 955/1543/4022 952/1542/4023
f 956/1544/4024 957/1546/4025 955/1545/4026
f 958/1547/4027 952/1549/4028 959/1548/4029
f 958/1550/4030 956/1552/4031 952/1551/4032
f 959/1553/4033 953/1538/4034 960/1554/4035
f 959/1553/4036 952/1537/4037 953/1538/4038
f 961/1555/4039 855/1557/4040 962/1556/4041
f 961/1558/4042 854/1560/4043 855/1559/4044
f 926/1561/4045 964/1563/4046 963/1562/4047
f 926/1561/4048 898/1564/4049 964/1563/4050
f 965/1565/4051 967/1567/4052 966/1566/4053
f 965/1565/4054 968/1568/4055 967/1567/4056
f 969/1569/4057 971/1571/4058 970/1570/4059
f 969/1569/4060 972/1572/4061 971/1571/4062
f 973/1573/4063 975/1575/4064 974/1574/4065
f 973/1573/4066 976/1576/4067 975/1575/4068
f 977/1577/4069 979/1579/4070 978/1578/4071
f 977/1580/4072 980/1582/4073 979/1581/4074
f 982/1583/4075 984/1585/4076 983/1584/4077
f 982/1583/4078 985/1586/4079 984/1585/4080
f 858/1587/4081 987/1589/4082 986/1588/4083
f 858/1587/4084 988/1590/4085 987/1589/4086
f 990/1591/4087 992/1593/4088 991/1592/4089
f 990/1591/4090 993/1594/4091 992/1593/4092
f 998/1595/4093 1000/1597/4094 999/1596/4095
f 998/1595/4096 1001/1598/4097 1000/1597/4098
f 1002/1599/4099 1004/1601/4100 1003/1600/4101
f 1002/1602/4102 1005/1604/4103 1004/1603/4104
f 1006/1605/4105 841/1607/4106 1007/1606/4107
f 1006/1608/4108 840/1610/4109 841/1609/4110
f 1009/1611/4111 1011/1613/4112 1010/1612/4113
f 1009/1611/4114 1012/1614/4115 1011/1613/4116
f 1013/1615/4117 1015/1617/4118 1014/1616/4119
f 1013/1615/4120 1016/1618/4121 1015/1617/4122
f 1019/1619/4123 1021/1621/4124 1020/1620/4125
f 1019/1619/4126 1022/1622/4127 1021/1621/4128
f 839/1623/4129 876/1625/4130 838/1624/4131
f 839/1623/4132 875/1626/4133 876/1625/4134
f 1023/1627/4135 894/1629/4136 891/1628/4137
f 1023/1627/4138 1024/1630/4139 894/1629/4140
f 1025/1631/4141 1027/1633/4142 1026/1632/4143
f 1025/1631/4144 1028/1634/4145 1027/1633/4146
f 1029/1635/4147 1030/1637/4148 843/1636/4149
f 1029/1638/4150 1031/1640/4151 1030/1639/4152
f 1032/1641/4153 947/1643/4154 844/1642/4155
f 1032/1641/4156 1033/1644/4157 947/1643/4158
f 1026/1645/4159 908/1647/4160 869/1646/4161
f 1026/1645/4162 1034/1648/4163 908/1647/4164
f 1003/1649/4165 1036/1651/4166 1035/1650/4167
f 1003/1652/4168 1004/1654/4169 1036/1653/4170
f 983/1655/4171 836/1657/4172 1037/1656/4173
f 983/1655/4174 984/1658/4175 836/1657/4176
f 866/1659/4177 1038/1661/4178 865/1660/4179
f 866/1659/4180 1039/1662/4181 1038/1661/4182
f 1040/1663/4183 1042/1665/4184 1041/1664/4185
f 1040/1663/4186 1043/1666/4187 1042/1665/4188
f 1044/1667/4189 835/1669/4190 834/1668/4191
f 1044/1667/4192 1045/1670/4193 835/1669/4194
f 864/1671/4195 847/1673/4196 1048/1672/4197
f 864/1671/4198 846/1674/4199 847/1673/4200
f 1049/1675/4201 1051/1677/4202 1050/1676/4203
f 1049/1675/4204 886/1678/4205 1051/1677/4206
f 880/1679/4207 1055/1681/4208 1054/1680/4209
f 880/1679/4210 881/1682/4211 1055/1681/4212
f 1056/1683/4213 1058/1685/4214 1057/1684/4215
f 1056/1683/4216 1059/1686/4217 1058/1685/4218
f 1060/1687/4219 1062/1689/4220 1061/1688/4221
f 1060/1687/4222 1063/1690/4223 1062/1689/4224
f 1066/1691/4225 1017/1693/4226 1067/1692/4227
f 1066/1691/4228 1068/1694/4229 1017/1693/4230
f 1069/1695/4231 1071/1697/4232 1070/1696/4233
f 1069/1695/4234 1072/1698/4235 1071/1697/4236
f 949/1699/4237 982/1701/4238 1016/1700/4239
f 949/1699/4240 950/1702/4241 982/1701/4242
f 1073/1703/4243 1075/1705/4244 1074/1704/4245
f 1073/1706/4246 1076/1708/4247 1075/1707/4248
f 1077/1709/4249 1079/1711/4250 1078/1710/4251
f 1077/1709/4252 996/1712/4253 1079/1711/4254
f 1080/1713/4255 1082/1715/4256 1081/1714/4257
f 1080/1713/4258 1083/1716/4259 1082/1715/4260
f 843/1717/4261 1084/1719/4262 842/1718/4263
f 843/1720/4264 1030/1722/4265 1084/1721/4266
f 947/1723/4267 1088/1725/4268 1087/1724/4269
f 947/1723/4270 1089/1726/4271 1088/1725/4272
f 945/1727/4273 1095/1729/4274 1094/1728/4275
f 945/1727/4276 913/1730/4277 1095/1729/4278
f 878/1731/4279 1096/1733/4280 877/1732/4281
f 878/1731/4282 1097/1734/4283 1096/1733/4284
f 862/1735/4285 1099/1737/4286 1098/1736/4287
f 862/1735/4288 1052/1738/4289 1099/1737/4290
f 964/1739/4291 1101/1741/4292 1100/1740/4293
f 964/1739/4294 1102/1742/4295 1101/1741/4296
f 1103/1743/4297 1105/1745/4298 1104/1744/4299
f 1103/1743/4300 1106/1746/4301 1105/1745/4302
f 1052/1747/4303 1108/1749/4304 1099/1748/4305
f 1052/1747/4306 1053/1750/4307 1108/1749/4308
f 902/1751/4309 1110/1753/4310 1109/1752/4311
f 902/1751/4312 1050/1754/4313 1110/1753/4314
f 1111/1755/4315 884/1757/4316 883/1756/4317
f 1111/1755/4318 1112/1758/4319 884/1757/4320
f 1113/1759/4321 960/1761/4322 953/1760/4323
f 1113/1759/4324 1114/1762/4325 960/1761/4326
f 1115/1763/4327 1114/1762/4328 1113/1759/4329
f 1115/1763/4330 1116/1764/4331 1114/1762/4332
f 1117/1765/4333 1113/1759/4334 1118/1766/4335
f 1117/1765/4336 1115/1763/4337 1113/1759/4338
f 1118/1766/4339 953/1760/4340 954/1767/4341
f 1118/1766/4342 1113/1759/4343 953/1760/4344
f 1119/1768/4345 1121/1770/4346 1120/1769/4347
f 1119/1768/4348 1122/1771/4349 1121/1770/4350
f 1124/1772/4351 906/1774/4352 903/1773/4353
f 1124/1772/4354 1125/1775/4355 906/1774/4356
f 943/1776/4357 1127/1778/4358 1126/1777/4359
f 943/1776/4360 1128/1779/4361 1127/1778/4362
f 1129/1780/4363 1127/1782/4364 1130/1781/4365
f 1129/1780/4366 1126/1783/4367 1127/1782/4368
f 1131/1784/4369 1028/1786/4370 1025/1785/4371
f 1131/1784/4372 1092/1787/4373 1028/1786/4374
f 1132/1788/4375 1134/1790/4376 1133/1789/4377
f 1132/1788/4378 1135/1791/4379 1134/1790/4380
f 844/1792/4381 1087/1794/4382 1136/1793/4383
f 844/1792/4384 947/1795/4385 1087/1794/4386
f 993/1796/4387 1137/1798/4388 992/1797/4389
f 993/1796/4390 1095/1799/4391 1137/1798/4392
f 844/1800/4393 1138/1802/4394 1032/1801/4395
f 844/1800/4396 845/1803/4397 1138/1802/4398
f 1034/1804/4399 989/1806/4400 908/1805/4401
f 1034/1804/4402 1140/1807/4403 989/1806/4404
f 1141/1808/4405 1143/1810/4406 1142/1809/4407
f 1141/1808/4408 1144/1811/4409 1143/1810/4410
f 1005/1812/4411 1146/1814/4412 1004/1813/4413
f 1005/1815/4414 1147/1817/4415 1146/1816/4416
f 1148/1818/4417 1056/1820/4418 1057/1819/4419
f 1148/1818/4420 1109/1821/4421 1056/1820/4422
f 963/1822/4423 1100/1824/4424 1149/1823/4425
f 963/1822/4426 964/1825/4427 1100/1824/4428
f 1032/1826/4429 1151/1828/4430 1150/1827/4431
f 1032/1826/4432 1138/1829/4433 1151/1828/4434
f 1152/1830/4435 1154/1832/4436 1153/1831/4437
f 1152/1830/4438 1155/1833/4439 1154/1832/4440
f 1156/1834/4441 949/1836/4442 1157/1835/4443
f 1156/1834/4444 948/1837/4445 949/1836/4446
f 1159/1838/4447 892/1840/4448 1160/1839/4449
f 1159/1838/4450 891/1841/4451 892/1840/4452
f 1094/1842/4453 993/1844/4454 990/1843/4455
f 1094/1842/4456 1095/1845/4457 993/1844/4458
f 874/1846/4459 991/1848/4460 873/1847/4461
f 874/1846/4462 990/1849/4463 991/1848/4464
f 1145/1850/4465 1166/1852/4466 1165/1851/4467
f 1145/1850/4468 1162/1853/4469 1166/1852/4470
f 1167/1854/4471 868/1856/4472 1168/1855/4473
f 1167/1854/4474 867/1857/4475 868/1856/4476
f 1122/1858/4477 1061/1860/4478 1121/1859/4479
f 1122/1858/4480 1169/1861/4481 1061/1860/4482
f 1171/1862/4483 1173/1864/4484 1172/1863/4485
f 1171/1862/4486 1174/1865/4487 1173/1864/4488
f 857/1866/4489 1176/1868/4490 856/1867/4491
f 857/1869/4492 1177/1871/4493 1176/1870/4494
f 1083/1872/4495 1178/1874/4496 1082/1873/4497
f 1083/1872/4498 1179/1875/4499 1178/1874/4500
f 1180/1876/4501 1182/1878/4502 1181/1877/4503
f 1180/1876/4504 1183/1879/4505 1182/1878/4506
f 1096/1880/4507 1185/1882/4508 1184/1881/4509
f 1096/1880/4510 1186/1883/4511 1185/1882/4512
f 1021/1884/4513 1189/1886/4514 1188/1885/4515
f 1021/1884/4516 1190/1887/4517 1189/1886/4518
f 1167/1888/4519 1191/1890/4520 970/1889/4521
f 1167/1888/4522 1192/1891/4523 1191/1890/4524
f 1195/1892/4525 932/1894/4526 929/1893/4527
f 1195/1892/4528 1196/1895/4529 932/1894/4530
f 1198/1896/4531 1084/1898/4532 1030/1897/4533
f 1198/1896/4534 1104/1899/4535 1084/1898/4536
f 1199/1900/4537 1164/1902/4538 1200/1901/4539
f 1199/1900/4540 1163/1903/4541 1164/1902/4542
f 1201/1904/4543 1097/1906/4544 1202/1905/4545
f 1201/1904/4546 1203/1907/4547 1097/1906/4548
f 1204/1908/4549 1003/1910/4550 1076/1909/4551
f 1204/1911/4552 1002/1913/4553 1003/1912/4554
f 1036/1914/4555 1007/1916/4556 1035/1915/4557
f 1036/1917/4558 1006/1919/4559 1007/1918/4560
f 1205/1920/4561 910/1922/4562 1206/1921/4563
f 1205/1920/4564 909/1923/4565 910/1922/4566
f 1190/1924/4567 1209/1926/4568 1189/1925/4569
f 1190/1924/4570 1210/1927/4571 1209/1926/4572
f 1085/1928/4573 1211/1930/4574 1086/1929/4575
f 1085/1928/4576 1153/1931/4577 1211/1930/4578
f 1212/1932/4579 1214/1934/4580 1213/1933/4581
f 1212/1932/4582 1123/1935/4583 1214/1934/4584
f 1058/1936/4585 1163/1938/4586 1199/1937/4587
f 1058/1936/4588 1170/1939/4589 1163/1938/4590
f 1215/1940/4591 863/1942/4592 1216/1941/4593
f 1215/1940/4594 1175/1943/4595 863/1942/4596
f 904/1944/4597 925/1946/4598 885/1945/4599
f 904/1944/4600 905/1947/4601 925/1946/4602
f 1217/1948/4603 1219/1950/4604 1218/1949/4605
f 1217/1951/4606 1220/1953/4607 1219/1952/4608
f 884/1954/4609 1222/1956/4610 1221/1955/4611
f 884/1954/4612 1223/1957/4613 1222/1956/4614
f 1224/1958/4615 888/1960/4616 1225/1959/4617
f 1224/1958/4618 887/1961/4619 888/1960/4620
f 1226/1962/4621 946/1964/4622 944/1963/4623
f 1226/1962/4624 1227/1965/4625 946/1964/4626
f 1231/1966/4627 1195/1968/4628 1232/1967/4629
f 1231/1966/4630 1233/1969/4631 1195/1968/4632
f 1234/1970/4633 1236/1972/4634 1235/1971/4635
f 1234/1973/4636 1237/1975/4637 1236/1974/4638
f 1241/1976/4639 1243/1978/4640 1242/1977/4641
f 1241/1976/4642 1244/1979/4643 1243/1978/4644
f 1245/1980/4645 978/1982/4646 1246/1981/4647
f 1245/1980/4648 977/1983/4649 978/1982/4650
f 1247/1984/4651 1249/1986/4652 1248/1985/4653
f 1247/1984/4654 1250/1987/4655 1249/1986/4656
f 1251/1988/4657 1252/1990/4658 976/1989/4659
f 1251/1988/4660 1253/1991/4661 1252/1990/4662
f 1254/1992/4663 1256/1994/4664 1255/1993/4665
f 1254/1992/4666 1020/1995/4667 1256/1994/4668
f 1257/1996/4669 903/1998/4670 934/1997/4671
f 1257/1996/4672 1124/1999/4673 903/1998/4674
f 1258/2000/4675 1259/2002/4676 923/2001/4677
f 1258/2000/4678 1260/2003/4679 1259/2002/4680
f 972/2004/4681 1261/2006/4682 971/2005/4683
f 972/2004/4684 1262/2007/4685 1261/2006/4686
f 1263/2008/4687 957/2010/4688 956/2009/4689
f 1263/2011/4690 1264/2013/4691 957/2012/4692
f 1265/2014/4693 1267/2016/4694 1266/2015/4695
f 1265/2014/4696 1268/2017/4697 1267/2016/4698
f 1065/2018/4699 945/2020/4700 995/2019/4701
f 1065/2018/4702 944/2021/4703 945/2020/4704
f 1269/2022/4705 872/2024/4706 1270/2023/4707
f 1269/2022/4708 871/2025/4709 872/2024/4710
f 1078/2026/4711 887/2028/4712 1224/2027/4713
f 1078/2026/4714 1079/2029/4715 887/2028/4716
f 1253/2030/4717 1103/2032/4718 1252/2031/4719
f 1253/2030/4720 1272/2033/4721 1103/2032/4722
f 1273/2034/4723 886/2036/4724 1049/2035/4725
f 1273/2034/4726 885/2037/4727 886/2036/4728
f 1087/2038/4729 1275/2040/4730 1274/2039/4731
f 1087/2038/4732 1088/2041/4733 1275/2040/4734
f 1276/2042/4735 1244/2044/4736 1241/2043/4737
f 1276/2042/4738 1270/2045/4739 1244/2044/4740
f 1277/2046/4741 1241/2048/4742 988/2047/4743
f 1277/2046/4744 1276/2049/4745 1241/2048/4746
f 997/2050/4747 1181/2052/4748 1278/2051/4749
f 997/2050/4750 1180/2053/4751 1181/2052/4752
f 1057/2054/4753 1199/2056/4754 1275/2055/4755
f 1057/2054/4756 1058/2057/4757 1199/2056/4758
f 1280/2058/4759 1098/2060/4760 1281/2059/4761
f 1280/2058/4762 862/2061/4763 1098/2060/4764
f 1038/2062/4765 1206/2064/4766 865/2063/4767
f 1038/2062/4768 1205/2065/4769 1206/2064/4770
f 1282/2066/4771 1133/2068/4772 1283/2067/4773
f 1282/2066/4774 1132/2069/4775 1133/2068/4776
f 1086/2070/4777 928/2072/4778 927/2071/4779
f 1086/2070/4780 1211/2073/4781 928/2072/4782
f 1213/2074/4783 1233/2076/4784 1231/2075/4785
f 1213/2074/4786 1284/2077/4787 1233/2076/4788
f 1089/2078/4789 1148/2080/4790 1088/2079/4791
f 1089/2078/4792 901/2081/4793 1148/2080/4794
f 1010/2082/4795 1285/2084/4796 1009/2083/4797
f 1010/2082/4798 1141/2085/4799 1285/2084/4800
f 1287/2086/4801 1140/2088/4802 1034/2087/4803
f 1287/2086/4804 1288/2089/4805 1140/2088/4806
f 991/2090/4807 1289/2092/4808 1022/2091/4809
f 991/2090/4810 992/2093/4811 1289/2092/4812
f 1008/2094/4813 1290/2096/4814 1090/2095/4815
f 1008/2094/4816 1046/2097/4817 1290/2096/4818
f 1010/2098/4819 1144/2100/4820 1141/2099/4821
f 1010/2098/4822 1011/2101/4823 1144/2100/4824
f 1291/2102/4825 1293/2104/4826 1292/2103/4827
f 1291/2102/4828 1294/2105/4829 1293/2104/4830
f 877/2106/4831 1184/2108/4832 1158/2107/4833
f 877/2106/4834 1096/2109/4835 1184/2108/4836
f 905/2110/4837 1295/2112/4838 925/2111/4839
f 905/2110/4840 1296/2113/4841 1295/2112/4842
f 1239/2114/4843 1226/2116/4844 1064/2115/4845
f 1239/2114/4846 1172/2117/4847 1226/2116/4848
f 910/2118/4849 1129/2120/4850 849/2119/4851
f 910/2118/4852 911/2121/4853 1129/2120/4854
f 1191/2122/4855 1068/2124/4856 1066/2123/4857
f 1191/2122/4858 834/2125/4859 1068/2124/4860
f 1297/2126/4861 1218/2128/4862 1219/2127/4863
f 1297/2129/4864 1298/2131/4865 1218/2130/4866
f 1051/2132/4867 1299/2134/4868 1230/2133/4869
f 1051/2132/4870 1300/2135/4871 1299/2134/4872
f 1301/2136/4873 980/2138/4874 977/2137/4875
f 1301/2136/4876 1302/2139/4877 980/2138/4878
f 1303/2140/4879 1065/2142/4880 1304/2141/4881
f 1303/2140/4882 1064/2143/4883 1065/2142/4884
f 1274/2144/4885 1306/2146/4886 1305/2145/4887
f 1274/2144/4888 1200/2147/4889 1306/2146/4890
f 1307/2148/4891 1309/2150/4892 1308/2149/4893
f 1307/2148/4894 1310/2151/4895 1309/2150/4896
f 1105/2152/4897 1312/2154/4898 1311/2153/4899
f 1105/2152/4900 1313/2155/4901 1312/2154/4902
f 849/2156/4903 1130/2158/4904 848/2157/4905
f 849/2156/4906 1129/2159/4907 1130/2158/4908
f 1149/2160/4909 1314/2162/4910 860/2161/4911
f 1149/2160/4912 1100/2163/4913 1314/2162/4914
f 981/2164/4915 1052/2166/4916 862/2165/4917
f 981/2164/4918 1315/2167/4919 1052/2166/4920
f 1242/2168/4921 1316/2170/4922 879/2169/4923
f 1242/2168/4924 1243/2171/4925 1316/2170/4926
f 1082/2172/4927 902/2174/4928 901/2173/4929
f 1082/2172/4930 1178/2175/4931 902/2174/4932
f 1278/2176/4933 1317/2178/4934 890/2177/4935
f 1278/2176/4936 1181/2179/4937 1317/2178/4938
f 847/2180/4939 1260/2182/4940 1258/2181/4941
f 847/2180/4942 848/2183/4943 1260/2182/4944
f 1068/2184/4945 1247/2186/4946 1017/2185/4947
f 1068/2184/4948 1319/2187/4949 1247/2186/4950
f 970/2188/4951 867/2190/4952 1167/2189/4953
f 970/2188/4954 971/2191/4955 867/2190/4956
f 1228/2192/4957 1320/2194/4958 918/2193/4959
f 1228/2192/4960 1229/2195/4961 1320/2194/4962
f 1028/2196/4963 1287/2198/4964 1027/2197/4965
f 1028/2196/4966 1321/2199/4967 1287/2198/4968
f 1090/2200/4969 1322/2202/4970 1091/2201/4971
f 1090/2200/4972 1290/2203/4973 1322/2202/4974
f 1292/2204/4975 1324/2206/4976 1323/2205/4977
f 1292/2204/4978 1293/2207/4979 1324/2206/4980
f 1325/2208/4981 1060/2210/4982 1326/2209/4983
f 1325/2208/4984 1327/2211/4985 1060/2210/4986
f 1302/2212/4987 1328/2214/4988 980/2213/4989
f 1302/2215/4990 1329/2217/4991 1328/2216/4992
f 842/2218/4993 1311/2220/4994 1330/2219/4995
f 842/2221/4996 1084/2223/4997 1311/2222/4998
f 1011/2224/4999 860/2226/5000 1144/2225/5001
f 1011/2224/5002 1149/2227/5003 860/2226/5004
f 1322/2228/5005 998/2230/5006 1125/2229/5007
f 1322/2228/5008 1001/2231/5009 998/2230/5010
f 1331/2232/5011 1185/2234/5012 1286/2233/5013
f 1331/2232/5014 1332/2235/5015 1185/2234/5016
f 961/2236/5017 1333/2238/5018 854/2237/5019
f 961/2239/5020 1334/2241/5021 1333/2240/5022
f 1181/2242/5023 1336/2244/5024 1317/2243/5025
f 1181/2242/5026 1182/2245/5027 1336/2244/5028
f 1337/2246/5029 966/2248/5030 1338/2247/5031
f 1337/2246/5032 965/2249/5033 966/2248/5034
f 1237/2250/5035 1029/2252/5036 1236/2251/5037
f 1237/2253/5038 974/2255/5039 1029/2254/5040
f 1339/2256/5041 936/2258/5042 1335/2257/5043
f 1339/2256/5044 935/2259/5045 936/2258/5046
f 1340/2260/5047 973/2262/5048 1341/2261/5049
f 1340/2260/5050 1342/2263/5051 973/2262/5052
f 1081/2264/5053 901/2266/5054 1089/2265/5055
f 1081/2264/5056 1082/2267/5057 901/2266/5058
f 857/2268/5059 1344/2270/5060 1177/2269/5061
f 857/2268/5062 1345/2271/5063 1344/2270/5064
f 1196/2272/5065 1286/2274/5066 932/2273/5067
f 1196/2272/5068 1331/2275/5069 1286/2274/5070
f 1346/2276/5071 934/2278/5072 1080/2277/5073
f 1346/2276/5074 1257/2279/5075 934/2278/5076
f 1347/2280/5077 1279/2282/5078 896/2281/5079
f 1347/2280/5080 1348/2283/5081 1279/2282/5082
f 1349/2284/5083 1351/2286/5084 1350/2285/5085
f 1349/2284/5086 1240/2287/5087 1351/2286/5088
f 883/2288/5089 1070/2290/5090 1262/2289/5091
f 883/2288/5092 1069/2291/5093 1070/2290/5094
f 1352/2292/5095 1044/2294/5096 1192/2293/5097
f 1352/2292/5098 1353/2295/5099 1044/2294/5100
f 1354/2296/5101 1054/2298/5102 1355/2297/5103
f 1354/2296/5104 986/2299/5105 1054/2298/5106
f 1225/2300/5107 1356/2302/5108 1214/2301/5109
f 1225/2300/5110 888/2303/5111 1356/2302/5112
f 1172/2304/5113 1227/2306/5114 1226/2305/5115
f 1172/2304/5116 1173/2307/5117 1227/2306/5118
f 848/2308/5119 1357/2310/5120 1260/2309/5121
f 848/2308/5122 1130/2311/5123 1357/2310/5124
f 1360/2312/5125 891/2314/5126 1159/2313/5127
f 1360/2312/5128 1023/2315/5129 891/2314/5130
f 850/2316/5131 986/2318/5132 1354/2317/5133
f 850/2316/5134 858/2319/5135 986/2318/5136
f 855/2320/5137 1005/2322/5138 1002/2321/5139
f 855/2323/5140 856/2325/5141 1005/2324/5142
f 1091/2326/5143 1125/2328/5144 1124/2327/5145
f 1091/2326/5146 1322/2329/5147 1125/2328/5148
f 984/2330/5149 839/2332/5150 836/2331/5151
f 984/2330/5152 875/2333/5153 839/2332/5154
f 1244/2334/5155 1254/2336/5156 1243/2335/5157
f 1244/2334/5158 1361/2337/5159 1254/2336/5160
f 1071/2338/5161 1093/2340/5162 1092/2339/5163
f 1071/2338/5164 1362/2341/5165 1093/2340/5166
f 1070/2342/5167 1092/2344/5168 1131/2343/5169
f 1070/2342/5170 1071/2345/5171 1092/2344/5172
f 913/2346/5173 1363/2348/5174 914/2347/5175
f 913/2346/5176 946/2349/5177 1363/2348/5178
f 1341/2350/5179 974/2352/5180 1237/2351/5181
f 1341/2350/5182 973/2353/5183 974/2352/5184
f 1294/2354/5185 1339/2356/5186 1293/2355/5187
f 1294/2354/5188 1350/2357/5189 1339/2356/5190
f 1364/2358/5191 1366/2360/5192 1365/2359/5193
f 1364/2358/5194 1367/2361/5195 1366/2360/5196
f 974/2362/5197 1031/2364/5198 1029/2363/5199
f 974/2362/5200 975/2365/5201 1031/2364/5202
f 889/2366/5203 1365/2368/5204 1139/2367/5205
f 889/2366/5206 1364/2369/5207 1365/2368/5208
f 1022/2370/5209 1190/2372/5210 1021/2371/5211
f 1022/2370/5212 1289/2373/5213 1190/2372/5214
f 1305/2374/5215 1368/2376/5216 1136/2375/5217
f 1305/2374/5218 1306/2377/5219 1368/2376/5220
f 1275/2378/5221 1200/2380/5222 1274/2379/5223
f 1275/2378/5224 1199/2381/5225 1200/2380/5226
f 1318/2382/5227 990/2384/5228 874/2383/5229
f 1318/2382/5230 1094/2385/5231 990/2384/5232
f 1369/2386/5233 1203/2388/5234 1201/2387/5235
f 1369/2386/5236 1186/2389/5237 1203/2388/5238
f 1370/2390/5239 1280/2392/5240 1371/2391/5241
f 1370/2390/5242 1372/2393/5243 1280/2392/5244
f 1067/2394/5245 1018/2396/5246 1112/2395/5247
f 1067/2394/5248 1017/2397/5249 1018/2396/5250
f 1182/2398/5251 1367/2400/5252 1336/2399/5253
f 1182/2398/5254 1373/2401/5255 1367/2400/5256
f 1358/2402/5257 999/2404/5258 1359/2403/5259
f 1358/2402/5260 998/2405/5261 999/2404/5262
f 1374/2406/5263 1323/2408/5264 1175/2407/5265
f 1374/2406/5266 1292/2409/5267 1323/2408/5268
f 1165/2410/5269 1376/2412/5270 1375/2411/5271
f 1165/2410/5272 1166/2413/5273 1376/2412/5274
f 1377/2414/5275 1135/2416/5276 1132/2415/5277
f 1377/2414/5278 1378/2417/5279 1135/2416/5280
f 1368/2418/5281 1008/2420/5282 845/2419/5283
f 1368/2418/5284 1208/2421/5285 1008/2420/5286
f 1123/2422/5287 1225/2424/5288 1214/2423/5289
f 1123/2422/5290 1379/2425/5291 1225/2424/5292
f 1304/2426/5293 995/2428/5294 994/2427/5295
f 1304/2426/5296 1065/2429/5297 995/2428/5298
f 1286/2430/5299 1186/2432/5300 1369/2431/5301
f 1286/2430/5302 1185/2433/5303 1186/2432/5304
f 1271/2434/5305 1315/2436/5306 981/2435/5307
f 1271/2434/5308 1249/2437/5309 1315/2436/5310
f 1291/2438/5311 1350/2440/5312 1294/2439/5313
f 1291/2438/5314 1349/2441/5315 1350/2440/5316
f 1314/2442/5317 1023/2444/5318 1187/2443/5319
f 1314/2442/5320 1024/2445/5321 1023/2444/5322
f 1184/2446/5323 1332/2448/5324 1380/2447/5325
f 1184/2446/5326 1185/2449/5327 1332/2448/5328
f 920/2450/5329 1048/2452/5330 1381/2451/5331
f 920/2450/5332 1216/2453/5333 1048/2452/5334
f 1160/2454/5335 943/2456/5336 1382/2455/5337
f 1160/2454/5338 892/2457/5339 943/2456/5340
f 1345/2458/5341 1283/2460/5342 1344/2459/5343
f 1345/2458/5344 1282/2461/5345 1283/2460/5346
f 1150/2462/5347 1033/2464/5348 1032/2463/5349
f 1150/2462/5350 1346/2465/5351 1033/2464/5352
f 888/2466/5353 1139/2468/5354 1356/2467/5355
f 888/2466/5356 889/2469/5357 1139/2468/5358
f 882/2470/5359 1119/2472/5360 881/2471/5361
f 882/2470/5362 1383/2473/5363 1119/2472/5364
f 1326/2474/5365 1061/2476/5366 1169/2475/5367
f 1326/2474/5368 1060/2477/5369 1061/2476/5370
f 1164/2478/5371 1384/2480/5372 1207/2479/5373
f 1164/2478/5374 1385/2481/5375 1384/2480/5376
f 927/2482/5377 1386/2484/5378 1343/2483/5379
f 927/2482/5380 928/2485/5381 1386/2484/5382
f 1178/2486/5383 1050/2488/5384 902/2487/5385
f 1178/2486/5386 1049/2489/5387 1050/2488/5388
f 1388/2490/5389 859/2492/5390 851/2491/5391
f 1388/2490/5392 1389/2493/5393 859/2492/5394
f 1365/2494/5395 968/2496/5396 965/2495/5397
f 1365/2494/5398 1366/2497/5399 968/2496/5400
f 1216/2498/5401 864/2500/5402 1048/2499/5403
f 1216/2498/5404 863/2501/5405 864/2500/5406
f 1329/2502/5407 962/2504/5408 1328/2503/5409
f 1329/2505/5410 961/2507/5411 962/2506/5412
f 1248/2508/5413 1271/2510/5414 1390/2509/5415
f 1248/2508/5416 1249/2511/5417 1271/2510/5418
f 1255/2512/5419 1383/2514/5420 882/2513/5421
f 1255/2512/5422 1256/2515/5423 1383/2514/5424
f 841/2516/5425 1330/2518/5426 1298/2517/5427
f 841/2519/5428 842/2521/5429 1330/2520/5430
f 1080/2522/5431 1391/2524/5432 1083/2523/5433
f 1080/2522/5434 934/2525/5435 1391/2524/5436
f 1039/2526/5437 1205/2528/5438 1038/2527/5439
f 1039/2526/5440 1392/2529/5441 1205/2528/5442
f 1158/2530/5443 1380/2532/5444 1393/2531/5445
f 1158/2530/5446 1184/2533/5447 1380/2532/5448
f 1394/2534/5449 1263/2536/5450 1395/2535/5451
f 1394/2537/5452 1396/2539/5453 1263/2538/5454
f 1146/2540/5455 1235/2542/5456 1397/2541/5457
f 1146/2543/5458 1234/2545/5459 1235/2544/5460
f 1256/2546/5461 1399/2548/5462 1383/2547/5463
f 1256/2546/5464 1188/2549/5465 1399/2548/5466
f 1252/2550/5467 1104/2552/5468 1198/2551/5469
f 1252/2550/5470 1103/2553/5471 1104/2552/5472
f 937/2554/5473 1401/2556/5474 1400/2555/5475
f 937/2554/5476 1161/2557/5477 1401/2556/5478
f 996/2558/5479 1278/2560/5480 1079/2559/5481
f 996/2558/5482 997/2561/5483 1278/2560/5484
f 989/2562/5485 1165/2564/5486 1387/2563/5487
f 989/2562/5488 1145/2565/5489 1165/2564/5490
f 933/2566/5491 1402/2568/5492 1385/2567/5493
f 933/2566/5494 919/2569/5495 1402/2568/5496
f 1355/2570/5497 1403/2572/5498 1354/2571/5499
f 1355/2570/5500 1404/2573/5501 1403/2572/5502
f 901/2574/5503 1109/2576/5504 1148/2575/5505
f 901/2574/5506 902/2577/5507 1109/2576/5508
f 896/2578/5509 1379/2580/5510 1123/2579/5511
f 896/2578/5512 1279/2581/5513 1379/2580/5514
f 951/2582/5515 1202/2584/5516 950/2583/5517
f 951/2582/5518 1201/2585/5519 1202/2584/5520
f 1405/2586/5521 1076/2588/5522 1073/2587/5523
f 1405/2589/5524 1204/2591/5525 1076/2590/5526
f 845/2592/5527 1090/2594/5528 1138/2593/5529
f 845/2592/5530 1008/2595/5531 1090/2594/5532
f 1323/2596/5533 1039/2598/5534 866/2597/5535
f 1323/2596/5536 1324/2599/5537 1039/2598/5538
f 1107/2600/5539 1407/2602/5540 1406/2601/5541
f 1107/2600/5542 994/2603/5543 1407/2602/5544
f 1387/2604/5545 1375/2606/5546 1353/2605/5547
f 1387/2604/5548 1165/2607/5549 1375/2606/5550
f 1392/2608/5551 909/2610/5552 1205/2609/5553
f 1392/2608/5554 1197/2611/5555 909/2610/5556
f 1395/2612/5557 956/2614/5558 958/2613/5559
f 1395/2615/5560 1263/2617/5561 956/2616/5562
f 1408/2618/5563 1410/2620/5564 1409/2619/5565
f 1408/2618/5566 1411/2621/5567 1410/2620/5568
f 1412/2622/5569 1377/2624/5570 1413/2623/5571
f 1412/2622/5572 1414/2625/5573 1377/2624/5574
f 940/2626/5575 1415/2628/5576 1106/2627/5577
f 940/2626/5578 941/2629/5579 1415/2628/5580
f 1416/2630/5581 1266/2632/5582 1170/2631/5583
f 1416/2630/5584 1265/2633/5585 1266/2632/5586
f 1249/2634/5587 1417/2636/5588 1315/2635/5589
f 1249/2634/5590 1250/2637/5591 1417/2636/5592
f 1309/2638/5593 997/2640/5594 996/2639/5595
f 1309/2638/5596 1418/2641/5597 997/2640/5598
f 912/2642/5599 1419/2644/5600 911/2643/5601
f 912/2642/5602 1420/2645/5603 1419/2644/5604
f 1157/2646/5605 1347/2648/5606 917/2647/5607
f 1157/2646/5608 1013/2649/5609 1347/2648/5610
f 1259/2650/5611 898/2652/5612 926/2651/5613
f 1259/2650/5614 897/2653/5615 898/2652/5616
f 1155/2654/5617 981/2656/5618 1372/2655/5619
f 1155/2654/5620 1271/2657/5621 981/2656/5622
f 1235/2658/5623 840/2660/5624 1006/2659/5625
f 1235/2661/5626 1236/2663/5627 840/2662/5628
f 1009/2664/5629 1215/2666/5630 921/2665/5631
f 1009/2664/5632 1285/2667/5633 1215/2666/5634
f 1194/2668/5635 918/2670/5636 1422/2669/5637
f 1194/2668/5638 1228/2671/5639 918/2670/5640
f 1004/2672/5641 1397/2674/5642 1036/2673/5643
f 1004/2675/5644 1146/2677/5645 1397/2676/5646
f 1379/2678/5647 1224/2680/5648 1225/2679/5649
f 1379/2678/5650 1078/2681/5651 1224/2680/5652
f 835/2682/5653 1417/2684/5654 1319/2683/5655
f 835/2682/5656 1053/2685/5657 1417/2684/5658
f 1354/2686/5659 853/2688/5660 850/2687/5661
f 1354/2686/5662 1403/2689/5663 853/2688/5664
f 1308/2690/5665 996/2692/5666 1077/2691/5667
f 1308/2690/5668 1309/2693/5669 996/2692/5670
f 1300/2694/5671 1423/2696/5672 1299/2695/5673
f 1300/2694/5674 1193/2697/5675 1423/2696/5676
f 1400/2698/5677 1420/2700/5678 912/2699/5679
f 1400/2698/5680 1401/2701/5681 1420/2700/5682
f 1033/2702/5683 1089/2704/5684 947/2703/5685
f 1033/2702/5686 1081/2705/5687 1089/2704/5688
f 994/2706/5689 1318/2708/5690 1407/2707/5691
f 994/2706/5692 995/2709/5693 1318/2708/5694
f 970/2710/5695 1066/2712/5696 969/2711/5697
f 970/2710/5698 1191/2713/5699 1066/2712/5700
f 1059/2714/5701 1170/2716/5702 1058/2715/5703
f 1059/2714/5704 1416/2717/5705 1170/2716/5706
f 1356/2718/5707 1337/2720/5708 1284/2719/5709
f 1356/2718/5710 1139/2721/5711 1337/2720/5712
f 1054/2722/5713 1404/2724/5714 1355/2723/5715
f 1054/2722/5716 1055/2725/5717 1404/2724/5718
f 1125/2726/5719 1358/2728/5720 906/2727/5721
f 1125/2726/5722 998/2729/5723 1358/2728/5724
f 946/2730/5725 1173/2732/5726 1363/2731/5727
f 946/2730/5728 1227/2733/5729 1173/2732/5730
f 1329/2734/5731 1334/2736/5732 961/2735/5733
f 1329/2737/5734 1302/2739/5735 1334/2738/5736
f 1362/2740/5737 927/2742/5738 1093/2741/5739
f 1362/2740/5740 1086/2743/5741 927/2742/5742
f 1357/2744/5743 900/2746/5744 897/2745/5745
f 1357/2744/5746 1424/2747/5747 900/2746/5748
f 1298/2748/5749 1425/2750/5750 1218/2749/5751
f 1298/2751/5752 1330/2753/5753 1425/2752/5754
f 917/2754/5755 896/2756/5756 895/2755/5757
f 917/2754/5758 1347/2757/5759 896/2756/5760
f 852/2758/5761 1064/2760/5762 1303/2759/5763
f 852/2758/5764 1239/2761/5765 1064/2760/5766
f 1315/2762/5767 1053/2764/5768 1052/2763/5769
f 1315/2762/5770 1417/2765/5771 1053/2764/5772
f 907/2766/5773 1353/2768/5774 1352/2767/5775
f 907/2766/5776 1387/2769/5777 1353/2768/5778
f 1043/2770/5779 1063/2772/5780 1042/2771/5781
f 1043/2770/5782 1062/2773/5783 1063/2772/5784
f 992/2774/5785 1398/2776/5786 1289/2775/5787
f 992/2774/5788 1137/2777/5789 1398/2776/5790
f 1426/2778/5791 1341/2780/5792 1427/2779/5793
f 1426/2781/5794 1340/2783/5795 1341/2782/5796
f 1346/2784/5797 1081/2786/5798 1033/2785/5799
f 1346/2784/5800 1080/2787/5801 1081/2786/5802
f 1423/2788/5803 1267/2790/5804 1268/2789/5805
f 1423/2788/5806 1422/2791/5807 1267/2790/5808
f 1100/2792/5809 1024/2794/5810 1314/2793/5811
f 1100/2792/5812 1101/2795/5813 1024/2794/5814
f 1175/2796/5815 866/2798/5816 863/2797/5817
f 1175/2796/5818 1323/2799/5819 866/2798/5820
f 1233/2800/5821 1196/2802/5822 1195/2801/5823
f 1233/2800/5824 1338/2803/5825 1196/2802/5826
f 1210/2804/5827 1169/2806/5828 1209/2805/5829
f 1210/2804/5830 1326/2807/5831 1169/2806/5832
f 1230/2808/5833 1265/2810/5834 1416/2809/5835
f 1230/2808/5836 1299/2811/5837 1265/2810/5838
f 1151/2812/5839 1124/2814/5840 1257/2813/5841
f 1151/2812/5842 1091/2815/5843 1124/2814/5844
f 1373/2816/5845 1366/2818/5846 1367/2817/5847
f 1373/2816/5848 1393/2819/5849 1366/2818/5850
f 1396/2820/5851 1264/2822/5852 1263/2821/5853
f 1396/2823/5854 1428/2825/5855 1264/2824/5856
f 854/2826/5857 1345/2828/5858 857/2827/5859
f 854/2826/5860 1333/2829/5861 1345/2828/5862
f 1092/2830/5863 1321/2832/5864 1028/2831/5865
f 1092/2830/5866 1093/2833/5867 1321/2832/5868
f 1211/2834/5869 1371/2836/5870 928/2835/5871
f 1211/2834/5872 1370/2837/5873 1371/2836/5874
f 1343/2838/5875 1408/2840/5876 1288/2839/5877
f 1343/2838/5878 1386/2841/5879 1408/2840/5880
f 1284/2842/5881 1338/2844/5882 1233/2843/5883
f 1284/2842/5884 1337/2845/5885 1338/2844/5886
f 1306/2846/5887 1208/2848/5888 1368/2847/5889
f 1306/2846/5890 1207/2849/5891 1208/2848/5892
f 1334/2850/5893 1413/2852/5894 1333/2851/5895
f 1334/2850/5896 1412/2853/5897 1413/2852/5898
f 892/2854/5899 1128/2856/5900 943/2855/5901
f 892/2854/5902 893/2857/5903 1128/2856/5904
f 1390/2858/5905 1155/2860/5906 1152/2859/5907
f 1390/2858/5908 1271/2861/5909 1155/2860/5910
f 1406/2862/5911 1270/2864/5912 1276/2863/5913
f 1406/2862/5914 1269/2865/5915 1270/2864/5916
f 1183/2866/5917 1373/2868/5918 1182/2867/5919
f 1183/2866/5920 1421/2869/5921 1373/2868/5922
f 1048/2870/5923 1258/2872/5924 1381/2871/5925
f 1048/2870/5926 847/2873/5927 1258/2872/5928
f 1320/2874/5929 1429/2876/5930 1402/2875/5931
f 1320/2874/5932 1430/2877/5933 1429/2876/5934
f 932/2878/5935 1369/2880/5936 931/2879/5937
f 932/2878/5938 1286/2881/5939 1369/2880/5940
f 1431/2882/5941 1433/2884/5942 1432/2883/5943
f 1431/2882/5944 1360/2885/5945 1433/2884/5946
f 916/2886/5947 930/2888/5948 915/2887/5949
f 916/2886/5950 929/2889/5951 930/2888/5952
f 1109/2890/5953 1059/2892/5954 1056/2891/5955
f 1109/2890/5956 1110/2893/5957 1059/2892/5958
f 1406/2894/5959 871/2896/5960 1269/2895/5961
f 1406/2894/5962 1407/2897/5963 871/2896/5964
f 1409/2898/5965 1162/2900/5966 1145/2899/5967
f 1409/2898/5968 1410/2901/5969 1162/2900/5970
f 1138/2902/5971 1091/2904/5972 1151/2903/5973
f 1138/2902/5974 1090/2905/5975 1091/2904/5976
f 1397/2906/5977 1006/2908/5978 1036/2907/5979
f 1397/2909/5980 1235/2911/5981 1006/2910/5982
f 1260/2912/5983 897/2914/5984 1259/2913/5985
f 1260/2912/5986 1357/2915/5987 897/2914/5988
f 1111/2916/5989 1262/2918/5990 972/2917/5991
f 1111/2916/5992 883/2919/5993 1262/2918/5994
f 1434/2920/5995 1194/2922/5996 1193/2921/5997
f 1434/2920/5998 1435/2923/5999 1194/2922/6000
f 931/2924/6001 1201/2926/6002 951/2925/6003
f 931/2924/6004 1369/2927/6005 1201/2926/6006
f 1350/2928/6007 935/2930/6008 1339/2929/6009
f 1350/2928/6010 1351/2931/6011 935/2930/6012
f 1050/2932/6013 1230/2934/6014 1110/2933/6015
f 1050/2932/6016 1051/2935/6017 1230/2934/6018
f 1261/2936/6019 1025/2938/6020 870/2937/6021
f 1261/2936/6022 1131/2939/6023 1025/2938/6024
f 1037/2940/6025 837/2942/6026 1418/2941/6027
f 1037/2940/6028 836/2943/6029 837/2942/6030
f 1197/2944/6031 912/2946/6032 909/2945/6033
f 1197/2944/6034 1400/2947/6035 912/2946/6036
f 853/2948/6037 1239/2950/6038 852/2949/6039
f 853/2948/6040 1238/2951/6041 1239/2950/6042
f 1112/2952/6043 1223/2954/6044 884/2953/6045
f 1112/2952/6046 1018/2955/6047 1223/2954/6048
f 1316/2956/6049 882/2958/6050 879/2957/6051
f 1316/2956/6052 1255/2959/6053 882/2958/6054
f 1436/2960/6055 1112/2962/6056 1111/2961/6057
f 1436/2960/6058 1067/2963/6059 1112/2962/6060
f 999/2964/6061 1047/2966/6062 1229/2965/6063
f 999/2964/6064 1000/2967/6065 1047/2966/6066
f 941/2968/6067 1246/2970/6068 1415/2969/6069
f 941/2968/6070 1245/2971/6071 1246/2970/6072
f 1393/2972/6073 968/2974/6074 1366/2973/6075
f 1393/2972/6076 1380/2975/6077 968/2974/6078
f 976/2976/6079 1198/2978/6080 975/2977/6081
f 976/2976/6082 1252/2979/6083 1198/2978/6084
f 1144/2980/6085 861/2982/6086 1143/2981/6087
f 1144/2980/6088 860/2983/6089 861/2982/6090
f 1141/2984/6091 1374/2986/6092 1285/2985/6093
f 1141/2984/6094 1142/2987/6095 1374/2986/6096
f 1130/2988/6097 1424/2990/6098 1357/2989/6099
f 1130/2988/6100 1127/2991/6101 1424/2990/6102
f 1266/2992/6103 919/2994/6104 933/2993/6105
f 1266/2992/6106 1267/2995/6107 919/2994/6108
f 1407/2996/6109 874/2998/6110 871/2997/6111
f 1407/2996/6112 1318/2999/6113 874/2998/6114
f 1223/3000/6115 1152/3002/6116 1222/3001/6117
f 1223/3000/6118 1390/3003/6119 1152/3002/6120
f 971/3004/6121 870/3006/6122 867/3005/6123
f 971/3004/6124 1261/3007/6125 870/3006/6126
f 1270/3008/6127 1361/3010/6128 1244/3009/6129
f 1270/3008/6130 872/3011/6131 1361/3010/6132
f 978/3012/6133 1220/3014/6134 1217/3013/6135
f 978/3015/6136 979/3017/6137 1220/3016/6138
f 975/3018/6139 1030/3020/6140 1031/3019/6141
f 975/3018/6142 1198/3021/6143 1030/3020/6144
f 870/3022/6145 1026/3024/6146 869/3023/6147
f 870/3022/6148 1025/3025/6149 1026/3024/6150
f 1042/3026/6151 1174/3028/6152 1171/3027/6153
f 1042/3026/6154 1063/3029/6155 1174/3028/6156
f 1128/3030/6157 1424/3032/6158 1127/3031/6159
f 1128/3030/6160 900/3033/6161 1424/3032/6162
f 1076/3034/6163 1035/3036/6164 1075/3035/6165
f 1076/3037/6166 1003/3039/6167 1035/3038/6168
f 1330/3040/6169 1312/3042/6170 1425/3041/6171
f 1330/3043/6172 1311/3045/6173 1312/3044/6174
f 1324/3046/6175 1392/3048/6176 1039/3047/6177
f 1324/3046/6178 1335/3049/6179 1392/3048/6180
f 1016/3050/6181 983/3052/6182 1015/3051/6183
f 1016/3050/6184 982/3053/6185 983/3052/6186
f 1099/3054/6187 1376/3056/6188 1166/3055/6189
f 1099/3054/6190 1108/3057/6191 1376/3056/6192
f 966/3058/6193 1332/3060/6194 1331/3059/6195
f 966/3058/6196 967/3061/6197 1332/3060/6198
f 859/3062/6199 988/3064/6200 858/3063/6201
f 859/3062/6202 1277/3065/6203 988/3064/6204
f 1220/3066/6205 1074/3068/6206 1219/3067/6207
f 1220/3069/6208 1073/3071/6209 1074/3070/6210
f 1299/3072/6211 1268/3074/6212 1265/3073/6213
f 1299/3072/6214 1423/3075/6215 1268/3074/6216
f 1399/3076/6217 1169/3078/6218 1122/3077/6219
f 1399/3076/6220 1209/3079/6221 1169/3078/6222
f 1150/3080/6223 1257/3082/6224 1346/3081/6225
f 1150/3080/6226 1151/3083/6227 1257/3082/6228
f 1414/3084/6229 1378/3086/6230 1377/3085/6231
f 1414/3084/6232 939/3087/6233 1378/3086/6234
f 1153/3088/6235 1370/3090/6236 1211/3089/6237
f 1153/3088/6238 1154/3091/6239 1370/3090/6240
f 1017/3092/6241 1248/3094/6242 1018/3093/6243
f 1017/3092/6244 1247/3095/6245 1248/3094/6246
f 1093/3096/6247 1343/3098/6248 1321/3097/6249
f 1093/3096/6250 927/3099/6251 1343/3098/6252
f 1012/3100/6253 1149/3102/6254 1011/3101/6255
f 1012/3100/6256 963/3103/6257 1149/3102/6258
f 1142/3104/6259 1292/3106/6260 1374/3105/6261
f 1142/3104/6262 1291/3107/6263 1292/3106/6264
f 1363/3108/6265 1174/3110/6266 1327/3109/6267
f 1363/3108/6268 1173/3111/6269 1174/3110/6270
f 1398/3112/6271 1326/3114/6272 1210/3113/6273
f 1398/3112/6274 1325/3115/6275 1326/3114/6276
f 886/3116/6277 1300/3118/6278 1051/3117/6279
f 886/3116/6280 924/3119/6281 1300/3118/6282
f 1381/3120/6283 923/3122/6284 920/3121/6285
f 1381/3120/6286 1258/3123/6287 923/3122/6288
f 1106/3124/6289 1313/3126/6290 1105/3125/6291
f 1106/3124/6292 1415/3127/6293 1313/3126/6294
f 1139/3128/6295 965/3130/6296 1337/3129/6297
f 1139/3128/6298 1365/3131/6299 965/3130/6300
f 934/3132/6301 904/3134/6302 1391/3133/6303
f 934/3132/6304 903/3135/6305 904/3134/6306
f 1437/3136/6307 1410/3138/6308 1411/3137/6309
f 1437/3136/6310 1281/3139/6311 1410/3138/6312
f 1348/3140/6313 1077/3142/6314 1279/3141/6315
f 1348/3140/6316 1308/3143/6317 1077/3142/6318
f 860/3144/6319 1187/3146/6320 861/3145/6321
f 860/3144/6322 1314/3147/6323 1187/3146/6324
f 1064/3148/6325 944/3150/6326 1065/3149/6327
f 1064/3148/6328 1226/3151/6329 944/3150/6330
f 1438/3152/6331 1086/3154/6332 1362/3153/6333
f 1438/3152/6334 1085/3155/6335 1086/3154/6336
f 1353/3156/6337 1045/3158/6338 1044/3157/6339
f 1353/3156/6340 1375/3159/6341 1045/3158/6342
f 1156/3160/6343 917/3162/6344 915/3161/6345
f 1156/3160/6346 1157/3163/6347 917/3162/6348
f 1240/3164/6349 1432/3166/6350 1351/3165/6351
f 1240/3164/6352 1431/3167/6353 1432/3166/6354
f 1389/3168/6355 994/3170/6356 1107/3169/6357
f 1389/3168/6358 1304/3171/6359 994/3170/6360
f 1439/3172/6361 1047/3174/6362 1046/3173/6363
f 1439/3172/6364 1430/3175/6365 1047/3174/6366
f 1262/3176/6367 1131/3178/6368 1261/3177/6369
f 1262/3176/6370 1070/3179/6371 1131/3178/6372
f 1020/3180/6373 1188/3182/6374 1256/3181/6375
f 1020/3180/6376 1021/3183/6377 1188/3182/6378
f 1279/3184/6379 1078/3186/6380 1379/3185/6381
f 1279/3184/6382 1077/3187/6383 1078/3186/6384
f 1319/3188/6385 1250/3190/6386 1247/3189/6387
f 1319/3188/6388 1417/3191/6389 1250/3190/6390
f 1177/3192/6391 1426/3194/6392 1176/3193/6393
f 1177/3195/6394 1344/3197/6395 1426/3196/6396
f 921/3198/6397 1216/3200/6398 920/3199/6399
f 921/3198/6400 1215/3201/6401 1216/3200/6402
f 1243/3202/6403 1255/3204/6404 1316/3203/6405
f 1243/3202/6406 1254/3205/6407 1255/3204/6408
f 1432/3206/6409 1440/3208/6410 938/3207/6411
f 1432/3206/6412 1433/3209/6413 1440/3208/6414
f 1120/3210/6415 1043/3212/6416 1040/3211/6417
f 1120/3210/6418 1121/3213/6419 1043/3212/6420
f 1313/3214/6421 1425/3216/6422 1312/3215/6423
f 1313/3217/6424 1441/3219/6425 1425/3218/6426
f 1442/3220/6427 958/3222/6428 959/3221/6429
f 1442/3223/6430 1395/3225/6431 958/3224/6432
f 1443/3226/6433 1395/3228/6434 1442/3227/6435
f 1443/3229/6436 1394/3231/6437 1395/3230/6438
f 1116/3232/6439 1442/3234/6440 1114/3233/6441
f 1116/3232/6442 1443/3235/6443 1442/3234/6444
f 1114/3233/6445 959/3237/6446 960/3236/6447
f 1114/3233/6448 1442/3234/6449 959/3237/6450
f 1136/3238/6451 845/3240/6452 844/3239/6453
f 1136/3238/6454 1368/3241/6455 845/3240/6456
f 1378/3242/6457 940/3244/6458 1272/3243/6459
f 1378/3242/6460 939/3245/6461 940/3244/6462
f 868/3246/6463 1352/3248/6464 1168/3247/6465
f 868/3246/6466 907/3249/6467 1352/3248/6468
f 914/3250/6469 1327/3252/6470 1325/3251/6471
f 914/3250/6472 1363/3253/6473 1327/3252/6474
f 1027/3254/6475 1034/3256/6476 1026/3255/6477
f 1027/3254/6478 1287/3257/6479 1034/3256/6480
f 1221/3258/6481 1085/3260/6482 1438/3259/6483
f 1221/3258/6484 1222/3261/6485 1085/3260/6486
f 1161/3262/6487 1382/3264/6488 1401/3263/6489
f 1161/3262/6490 1160/3265/6491 1382/3264/6492
f 881/3266/6493 1120/3268/6494 1055/3267/6495
f 881/3266/6496 1119/3269/6497 1120/3268/6498
f 1157/3270/6499 1016/3272/6500 1013/3271/6501
f 1157/3270/6502 949/3273/6503 1016/3272/6504
f 895/3274/6505 1123/3276/6506 1212/3275/6507
f 895/3274/6508 896/3277/6509 1123/3276/6510
f 1444/3278/6511 1428/3280/6512 1396/3279/6513
f 1444/3278/6514 1445/3281/6515 1428/3280/6516
f 1115/3282/6517 1445/3281/6518 1444/3278/6519
f 1115/3282/6520 1117/3283/6521 1445/3281/6522
f 1116/3284/6523 1444/3278/6524 1443/3285/6525
f 1116/3284/6526 1115/3282/6527 1444/3278/6528
f 1443/3286/6529 1396/3288/6530 1394/3287/6531
f 1443/3285/6532 1444/3278/6533 1396/3279/6534
f 1302/3289/6535 1412/3291/6536 1334/3290/6537
f 1302/3289/6538 1301/3292/6539 1412/3291/6540
f 921/3293/6541 1012/3295/6542 1009/3294/6543
f 921/3293/6544 922/3296/6545 1012/3295/6546
f 851/3297/6547 1303/3299/6548 1388/3298/6549
f 851/3297/6550 852/3300/6551 1303/3299/6552
f 1359/3301/6553 1229/3303/6554 1228/3302/6555
f 1359/3301/6556 999/3304/6557 1229/3303/6558
f 1301/3305/6559 1414/3307/6560 1412/3306/6561
f 1301/3305/6562 1446/3308/6563 1414/3307/6564
f 1335/3309/6565 1197/3311/6566 1392/3310/6567
f 1335/3309/6568 936/3312/6569 1197/3311/6570
f 1388/3313/6571 1304/3315/6572 1389/3314/6573
f 1388/3313/6574 1303/3316/6575 1304/3315/6576
f 1422/3317/6577 919/3319/6578 1267/3318/6579
f 1422/3317/6580 918/3320/6581 919/3319/6582
f 930/3321/6583 951/3323/6584 948/3322/6585
f 930/3321/6586 931/3324/6587 951/3323/6588
f 1134/3325/6589 1253/3327/6590 1251/3326/6591
f 1134/3325/6592 1135/3328/6593 1253/3327/6594
f 1015/3329/6595 1037/3331/6596 1310/3330/6597
f 1015/3329/6598 983/3332/6599 1037/3331/6600
f 1382/3333/6601 1126/3335/6602 1419/3334/6603
f 1382/3333/6604 943/3336/6605 1126/3335/6606
f 936/3337/6607 1400/3339/6608 1197/3338/6609
f 936/3337/6610 937/3340/6611 1400/3339/6612
f 1403/3341/6613 1238/3343/6614 853/3342/6615
f 1403/3341/6616 1041/3344/6617 1238/3343/6618
f 1104/3345/6619 1311/3347/6620 1084/3346/6621
f 1104/3345/6622 1105/3348/6623 1311/3347/6624
f 1069/3349/6625 1438/3351/6626 1072/3350/6627
f 1069/3349/6628 1221/3352/6629 1438/3351/6630
f 962/3353/6631 1002/3355/6632 1204/3354/6633
f 962/3356/6634 855/3358/6635 1002/3357/6636
f 1176/3359/6637 1427/3361/6638 1147/3360/6639
f 1176/3362/6640 1426/3364/6641 1427/3363/6642
f 1361/3365/6643 1020/3367/6644 1254/3366/6645
f 1361/3365/6646 1019/3368/6647 1020/3367/6648
f 1045/3369/6649 1053/3371/6650 835/3370/6651
f 1045/3369/6652 1108/3372/6653 1053/3371/6654
f 1371/3373/6655 1281/3375/6656 1437/3374/6657
f 1371/3373/6658 1280/3376/6659 1281/3375/6660
f 1095/3377/6661 914/3379/6662 1137/3378/6663
f 1095/3377/6664 913/3380/6665 914/3379/6666
f 1391/3381/6667 885/3383/6668 1273/3382/6669
f 1391/3381/6670 904/3384/6671 885/3383/6672
f 1163/3385/6673 1385/3387/6674 1164/3386/6675
f 1163/3385/6676 933/3388/6677 1385/3387/6678
f 834/3389/6679 1319/3391/6680 1068/3390/6681
f 834/3389/6682 835/3392/6683 1319/3391/6684
f 938/3393/6685 1161/3395/6686 937/3394/6687
f 938/3393/6688 1440/3396/6689 1161/3395/6690
f 1107/3397/6691 1276/3399/6692 1277/3398/6693
f 1107/3397/6694 1406/3400/6695 1276/3399/6696
f 1013/3401/6697 1348/3403/6698 1347/3402/6699
f 1013/3401/6700 1014/3404/6701 1348/3403/6702
f 922/3405/6703 963/3407/6704 1012/3406/6705
f 922/3405/6706 926/3408/6707 963/3407/6708
f 872/3409/6709 1019/3411/6710 1361/3410/6711
f 872/3409/6712 873/3412/6713 1019/3411/6714
f 1386/3413/6715 1411/3415/6716 1408/3414/6717
f 1386/3413/6718 1437/3416/6719 1411/3415/6720
f 942/3417/6721 1245/3419/6722 941/3418/6723
f 942/3417/6724 1446/3420/6725 1245/3419/6726
f 1193/3421/6727 1422/3423/6728 1423/3422/6729
f 1193/3421/6730 1194/3424/6731 1422/3423/6732
f 1342/3425/6733 976/3427/6734 973/3426/6735
f 1342/3425/6736 1251/3428/6737 976/3427/6738
f 995/3429/6739 1094/3431/6740 1318/3430/6741
f 995/3429/6742 945/3432/6743 1094/3431/6744
f 1014/3433/6745 1310/3435/6746 1307/3434/6747
f 1014/3433/6748 1015/3436/6749 1310/3435/6750
f 1214/3437/6751 1284/3439/6752 1213/3438/6753
f 1214/3437/6754 1356/3440/6755 1284/3439/6756
f 1179/3441/6757 1049/3443/6758 1178/3442/6759
f 1179/3441/6760 1273/3444/6761 1049/3443/6762
f 1238/3445/6763 1172/3447/6764 1239/3446/6765
f 1238/3445/6766 1171/3448/6767 1172/3447/6768
f 1097/3449/6769 1186/3451/6770 1096/3450/6771
f 1097/3449/6772 1203/3452/6773 1186/3451/6774
f 1401/3453/6775 1419/3455/6776 1420/3454/6777
f 1401/3453/6778 1382/3456/6779 1419/3455/6780
f 1007/3457/6781 1298/3459/6782 1297/3458/6783
f 1007/3460/6784 841/3462/6785 1298/3461/6786
f 1187/3463/6787 1360/3465/6788 1431/3464/6789
f 1187/3463/6790 1023/3466/6791 1360/3465/6792
f 1321/3467/6793 1288/3469/6794 1287/3468/6795
f 1321/3467/6796 1343/3470/6797 1288/3469/6798
f 1384/3471/6799 1430/3473/6800 1439/3472/6801
f 1384/3471/6802 1429/3474/6803 1430/3473/6804
f 1328/3475/6805 1204/3477/6806 1405/3476/6807
f 1328/3478/6808 962/3480/6809 1204/3479/6810
f 911/3481/6811 1126/3483/6812 1129/3482/6813
f 911/3481/6814 1419/3484/6815 1126/3483/6816
f 1413/3485/6817 1132/3487/6818 1282/3486/6819
f 1413/3485/6820 1377/3488/6821 1132/3487/6822
f 988/3489/6823 1242/3491/6824 987/3490/6825
f 988/3489/6826 1241/3492/6827 1242/3491/6828
f 1098/3493/6829 1166/3495/6830 1162/3494/6831
f 1098/3493/6832 1099/3496/6833 1166/3495/6834
f 1380/3497/6835 967/3499/6836 968/3498/6837
f 1380/3497/6838 1332/3500/6839 967/3499/6840
f 1170/3501/6841 933/3503/6842 1163/3502/6843
f 1170/3501/6844 1266/3504/6845 933/3503/6846
f 1344/3505/6847 1340/3507/6848 1426/3506/6849
f 1344/3505/6850 1283/3508/6851 1340/3507/6852
f 1208/3509/6853 1046/3511/6854 1008/3510/6855
f 1208/3509/6856 1439/3512/6857 1046/3511/6858
f 1327/3513/6859 1063/3515/6860 1060/3514/6861
f 1327/3513/6862 1174/3516/6863 1063/3515/6864
f 1383/3517/6865 1122/3519/6866 1119/3518/6867
f 1383/3517/6868 1399/3520/6869 1122/3519/6870
f 987/3521/6871 879/3523/6872 880/3522/6873
f 987/3521/6874 1242/3524/6875 879/3523/6876
f 1351/3525/6877 938/3527/6878 935/3526/6879
f 1351/3525/6880 1432/3528/6881 938/3527/6882
f 883/3529/6883 1221/3531/6884 1069/3530/6885
f 883/3529/6886 884/3532/6887 1221/3531/6888
f 898/3533/6889 1102/3535/6890 964/3534/6891
f 898/3533/6892 899/3536/6893 1102/3535/6894
f 1283/3537/6895 1342/3539/6896 1340/3538/6897
f 1283/3537/6898 1133/3540/6899 1342/3539/6900
f 1246/3541/6901 1217/3543/6902 1441/3542/6903
f 1246/3544/6904 978/3546/6905 1217/3545/6906
f 1375/3547/6907 1108/3549/6908 1045/3548/6909
f 1375/3547/6910 1376/3550/6911 1108/3549/6912
f 1232/3551/6913 1213/3553/6914 1231/3552/6915
f 1232/3551/6916 1212/3554/6917 1213/3553/6918
f 1435/3555/6919 1228/3557/6920 1194/3556/6921
f 1435/3555/6922 1359/3558/6923 1228/3557/6924
f 1018/3559/6925 1390/3561/6926 1223/3560/6927
f 1018/3559/6928 1248/3562/6929 1390/3561/6930
f 1202/3563/6931 878/3565/6932 985/3564/6933
f 1202/3563/6934 1097/3566/6935 878/3565/6936
f 856/3567/6937 1147/3569/6938 1005/3568/6939
f 856/3570/6940 1176/3572/6941 1147/3571/6942
f 1083/3573/6943 1273/3575/6944 1179/3574/6945
f 1083/3573/6946 1391/3576/6947 1273/3575/6948
f 1236/3577/6949 843/3579/6950 840/3578/6951
f 1236/3580/6952 1029/3582/6953 843/3581/6954
f 1404/3583/6955 1041/3585/6956 1403/3584/6957
f 1404/3583/6958 1040/3586/6959 1041/3585/6960
f 924/3587/6961 1193/3589/6962 1300/3588/6963
f 924/3587/6964 1434/3590/6965 1193/3589/6966
f 1088/3591/6967 1057/3593/6968 1275/3592/6969
f 1088/3591/6970 1148/3594/6971 1057/3593/6972
f 1440/3595/6973 1160/3597/6974 1161/3596/6975
f 1440/3595/6976 1159/3598/6977 1160/3597/6978
f 915/3599/6979 948/3601/6980 1156/3600/6981
f 915/3599/6982 930/3602/6983 948/3601/6984
f 908/3603/6985 1387/3605/6986 907/3604/6987
f 908/3603/6988 989/3606/6989 1387/3605/6990
f 1135/3607/6991 1272/3609/6992 1253/3608/6993
f 1135/3607/6994 1378/3610/6995 1272/3609/6996
f 1041/3611/6997 1171/3613/6998 1238/3612/6999
f 1041/3611/7000 1042/3614/7001 1171/3613/7002
f 979/3615/7003 1073/3617/7004 1220/3616/7005
f 979/3618/7006 1405/3620/7007 1073/3619/7008
f 1206/3621/7009 849/3623/7010 846/3622/7011
f 1206/3621/7012 910/3624/7013 849/3623/7014
f 1222/3625/7015 1153/3627/7016 1085/3626/7017
f 1222/3625/7018 1152/3628/7019 1153/3627/7020
f 1142/3629/7021 1349/3631/7022 1291/3630/7023
f 1142/3629/7024 1143/3632/7025 1349/3631/7026
f 1147/3633/7027 1234/3635/7028 1146/3634/7029
f 1147/3636/7030 1427/3638/7031 1234/3637/7032
f 1229/3639/7033 1430/3641/7034 1320/3640/7035
f 1229/3639/7036 1047/3642/7037 1430/3641/7038
f 928/3643/7039 1437/3645/7040 1386/3644/7041
f 928/3643/7042 1371/3646/7043 1437/3645/7044
f 1418/3647/7045 1180/3649/7046 997/3648/7047
f 1418/3647/7048 837/3650/7049 1180/3649/7050
f 1110/3651/7051 1416/3653/7052 1059/3652/7053
f 1110/3651/7054 1230/3654/7055 1416/3653/7056
f 1133/3655/7057 1251/3657/7058 1342/3656/7059
f 1133/3655/7060 1134/3658/7061 1251/3657/7062
f 894/3659/7063 899/3661/7064 893/3660/7065
f 894/3659/7066 1102/3662/7067 899/3661/7068
f 837/3663/7069 1183/3665/7070 1180/3664/7071
f 837/3663/7072 838/3666/7073 1183/3665/7074
f 1296/3667/7075 1359/3669/7076 1435/3668/7077
f 1296/3667/7078 1358/3670/7079 1359/3669/7080
f 1338/3671/7081 1331/3673/7082 1196/3672/7083
f 1338/3671/7084 966/3674/7085 1331/3673/7086
f 873/3675/7087 1022/3677/7088 1019/3676/7089
f 873/3675/7090 991/3678/7091 1022/3677/7092
f 838/3679/7093 1421/3681/7094 1183/3680/7095
f 838/3679/7096 876/3682/7097 1421/3681/7098
f 1143/3683/7099 1240/3685/7100 1349/3684/7101
f 1143/3683/7102 861/3686/7103 1240/3685/7104
f 1285/3687/7105 1175/3689/7106 1215/3688/7107
f 1285/3687/7108 1374/3690/7109 1175/3689/7110
f 1055/3691/7111 1040/3693/7112 1404/3692/7113
f 1055/3691/7114 1120/3694/7115 1040/3693/7116
f 906/3695/7117 1296/3697/7118 905/3696/7119
f 906/3695/7120 1358/3698/7121 1296/3697/7122
f 1389/3699/7123 1277/3701/7124 859/3700/7125
f 1389/3699/7126 1107/3702/7127 1277/3701/7128
f 1200/3703/7129 1207/3705/7130 1306/3704/7131
f 1200/3703/7132 1164/3706/7133 1207/3705/7134
f 985/3707/7135 875/3709/7136 984/3708/7137
f 985/3707/7138 878/3710/7139 875/3709/7140
f 1295/3711/7141 1435/3713/7142 1434/3712/7143
f 1295/3711/7144 1296/3714/7145 1435/3713/7146
f 1137/3715/7147 1325/3717/7148 1398/3716/7149
f 1137/3715/7150 914/3718/7151 1325/3717/7152
f 1446/3719/7153 977/3721/7154 1245/3720/7155
f 1446/3719/7156 1301/3722/7157 977/3721/7158
f 1168/3723/7159 1192/3725/7160 1167/3724/7161
f 1168/3723/7162 1352/3726/7163 1192/3725/7164
f 1427/3727/7165 1237/3729/7166 1234/3728/7167
f 1427/3730/7168 1341/3732/7169 1237/3731/7170
f 1372/3733/7171 862/3735/7172 1280/3734/7173
f 1372/3733/7174 981/3736/7175 862/3735/7176
f 918/3737/7177 1402/3739/7178 919/3738/7179
f 918/3737/7180 1320/3740/7181 1402/3739/7182
f 1421/3741/7183 1393/3743/7184 1373/3742/7185
f 1421/3741/7186 1158/3744/7187 1393/3743/7188
f 1072/3745/7189 1362/3747/7190 1071/3746/7191
f 1072/3745/7192 1438/3748/7193 1362/3747/7194
f 1415/3749/7195 1441/3751/7196 1313/3750/7197
f 1415/3749/7198 1246/3752/7199 1441/3751/7200
f 1293/3753/7201 1335/3755/7202 1324/3754/7203
f 1293/3753/7204 1339/3756/7205 1335/3755/7206
f 1075/3757/7207 1219/3759/7208 1074/3758/7209
f 1075/3760/7210 1297/3762/7211 1219/3761/7212
f 1385/3763/7213 1429/3765/7214 1384/3764/7215
f 1385/3763/7216 1402/3766/7217 1429/3765/7218
f 1192/3767/7219 834/3769/7220 1191/3768/7221
f 1192/3767/7222 1044/3770/7223 834/3769/7224
f 890/3771/7225 1364/3773/7226 889/3772/7227
f 890/3771/7228 1317/3774/7229 1364/3773/7230
f 1281/3775/7231 1162/3777/7232 1410/3776/7233
f 1281/3775/7234 1098/3778/7235 1162/3777/7236
f 1289/3779/7237 1210/3781/7238 1190/3780/7239
f 1289/3779/7240 1398/3782/7241 1210/3781/7242
f 1317/3783/7243 1367/3785/7244 1364/3784/7245
f 1317/3783/7246 1336/3786/7247 1367/3785/7248
f 1121/3787/7249 1062/3789/7250 1043/3788/7251
f 1121/3787/7252 1061/3790/7253 1062/3789/7254
f 1288/3791/7255 1409/3793/7256 1140/3792/7257
f 1288/3791/7258 1408/3794/7259 1409/3793/7260
f 1446/3795/7261 939/3797/7262 1414/3796/7263
f 1446/3795/7264 942/3798/7265 939/3797/7266
f 861/3799/7267 1431/3801/7268 1240/3800/7269
f 861/3799/7270 1187/3802/7271 1431/3801/7272
f 1207/3803/7273 1439/3805/7274 1208/3804/7275
f 1207/3803/7276 1384/3806/7277 1439/3805/7278
f 1024/3807/7279 1102/3809/7280 894/3808/7281
f 1024/3807/7282 1101/3810/7283 1102/3809/7284
f 1436/3811/7285 972/3813/7286 969/3812/7287
f 1436/3811/7288 1111/3814/7289 972/3813/7290
f 950/3815/7291 985/3817/7292 982/3816/7293
f 950/3815/7294 1202/3818/7295 985/3817/7296
f 876/3819/7297 1158/3821/7298 1421/3820/7299
f 876/3819/7300 877/3822/7301 1158/3821/7302
f 893/3823/7303 900/3825/7304 1128/3824/7305
f 893/3823/7306 899/3826/7307 900/3825/7308
f 923/3827/7309 926/3829/7310 922/3828/7311
f 923/3827/7312 1259/3830/7313 926/3829/7314
f 1136/3831/7315 1274/3833/7316 1305/3832/7317
f 1136/3831/7318 1087/3834/7319 1274/3833/7320
f 1441/3835/7321 1218/3837/7322 1425/3836/7323
f 1441/3838/7324 1217/3840/7325 1218/3839/7326
f 1046/3841/7327 1000/3843/7328 1290/3842/7329
f 1046/3841/7330 1047/3844/7331 1000/3843/7332
f 1035/3845/7333 1297/3847/7334 1075/3846/7335
f 1035/3848/7336 1007/3850/7337 1297/3849/7338
f 969/3851/7339 1067/3853/7340 1436/3852/7341
f 969/3851/7342 1066/3854/7343 1067/3853/7344
f 1310/3855/7345 1418/3857/7346 1309/3856/7347
f 1310/3855/7348 1037/3858/7349 1418/3857/7350
f 1154/3859/7351 1372/3861/7352 1370/3860/7353
f 1154/3859/7354 1155/3862/7355 1372/3861/7356
f 925/3863/7357 1434/3865/7358 924/3864/7359
f 925/3863/7360 1295/3866/7361 1434/3865/7362
f 1232/3867/7363 929/3869/7364 916/3868/7365
f 1232/3867/7366 1195/3870/7367 929/3869/7368
f 1272/3871/7369 1106/3873/7370 1103/3872/7371
f 1272/3871/7372 940/3874/7373 1106/3873/7374
f 1447/3875/7375 954/3877/7376 955/3876/7377
f 1447/3875/7378 1118/3878/7379 954/3877/7380
f 1445/3879/7381 1118/3878/7382 1447/3875/7383
f 1445/3879/7384 1117/3880/7385 1118/3878/7386
f 1428/3881/7387 1447/3875/7388 1264/3882/7389
f 1428/3881/7390 1445/3879/7391 1447/3875/7392
f 1264/3883/7393 955/3885/7394 957/3884/7395
f 1264/3882/7396 1447/3875/7397 955/3876/7398
f 1079/3886/7399 890/3888/7400 887/3887/7401
f 1079/3886/7402 1278/3889/7403 890/3888/7404
f 865/3890/7405 846/3892/7406 864/3891/7407
f 865/3890/7408 1206/3893/7409 846/3892/7410
f 1140/3894/7411 1145/3896/7412 989/3895/7413
f 1140/3894/7414 1409/3897/7415 1145/3896/7416
f 1188/3898/7417 1209/3900/7418 1399/3899/7419
f 1188/3898/7420 1189/3901/7421 1209/3900/7422
f 1433/3902/7423 1159/3904/7424 1440/3903/7425
f 1433/3902/7426 1360/3905/7427 1159/3904/7428
f 980/3906/7429 1405/3908/7430 979/3907/7431
f 980/3909/7432 1328/3911/7433 1405/3910/7434
f 986/3912/7435 880/3914/7436 1054/3913/7437
f 986/3912/7438 987/3915/7439 880/3914/7440
f 1290/3916/7441 1001/3918/7442 1322/3917/7443
f 1290/3916/7444 1000/3919/7445 1001/3918/7446
f 1333/3920/7447 1282/3922/7448 1345/3921/7449
f 1333/3920/7450 1413/3923/7451 1282/3922/7452
f 1014/3924/7453 1308/3926/7454 1348/3925/7455
f 1014/3924/7456 1307/3927/7457 1308/3926/7458
f 916/3928/7459 1212/3930/7460 1232/3929/7461
f 916/3928/7462 895/3931/7463 1212/3930/7464
g default
v -43.426003 30.469631 0.599592
v -43.372002 30.455626 0.282591
v -43.311520 30.786629 0.282591
v -43.372002 30.786634 0.613587
v -50.855766 29.393875 -2.549178
v -50.341763 29.393875 -2.435667
v -50.382771 27.811886 -2.405912
v -50.876011 27.652884 -2.504427
v -8.536506 30.161379 0.907820
v -8.536506 30.474125 1.109570
v -35.568752 31.108883 1.135080
v -35.568752 31.431124 0.927084
v -17.955767 30.786629 0.282591
v -17.896257 30.786634 0.608080
v -17.843258 31.098377 0.594323
v -17.896257 31.112135 0.282591
v -35.246502 29.934130 0.282591
v -35.568752 29.875124 0.282591
v -35.568752 29.934130 -0.039679
v -35.260262 29.986382 -0.025923
v -43.614017 31.420624 0.552838
v -43.931019 31.608879 0.599592
v -43.977749 31.420624 0.916570
v -43.707268 31.327381 0.823086
v -26.216019 30.293882 0.775331
v -26.130760 30.208874 0.528830
v -25.959265 30.497885 0.571578
v -26.130760 30.540382 0.860327
v -9.312761 30.487383 -0.016672
v -9.363509 30.474125 0.282591
v -9.420763 30.786629 0.282591
v -9.363509 30.786634 -0.030167
v -50.855766 25.217129 -1.687914
v -50.341763 25.767624 -1.687914
v -50.382771 25.912130 -1.361662
v -50.876011 25.434124 -1.328927
v -26.708763 30.786629 -0.570924
v -26.708757 31.088377 -0.515921
v -44.882000 30.516375 -0.351412
v -45.070015 30.469631 -0.034410
v -45.123753 30.786634 -0.048430
v -44.910011 30.786634 -0.379664
v -8.026004 30.276131 0.793093
v -8.281255 30.188131 0.881069
v -8.237255 30.010378 0.581830
v -7.938004 30.188131 0.537842
v -26.708763 29.933134 0.282591
v -17.035006 31.647886 -0.042922
v -17.035006 31.707390 0.282591
v -27.010500 29.988386 0.282591
v -27.312269 30.183123 0.282591
v -26.708757 31.088377 1.080840
v -26.708757 31.390133 0.886076
v -45.123753 30.786634 0.613587
v -44.910011 30.786634 0.944584
v -44.882000 31.057131 0.916570
v -45.070015 31.103634 0.599592
v -43.372002 31.117878 0.282591
v -43.586002 31.448879 0.282591
v -16.709505 30.786634 1.143830
v -16.383757 30.786634 0.933569
v -51.369511 27.580631 -0.826675
v -50.876011 27.652884 -0.871426
v -50.855766 29.393875 -0.826675
v -51.369511 29.393875 -0.775177
v -26.955021 31.364632 -0.295169
v -27.201498 31.279385 -0.210173
v -27.286518 31.364632 0.036090
v -26.997507 31.536125 -0.006420
v -17.035006 30.786629 1.203340
v -34.924255 31.431124 0.282591
v -35.246502 31.639374 0.282591
v -44.248028 29.850374 0.282591
v -35.246502 30.786634 -0.569922
v -35.568752 30.786629 -0.628931
v -17.360506 29.925383 0.282591
v -17.686007 30.135633 0.282591
v -17.658257 30.163383 0.016826
v -17.346514 29.978382 -0.029165
v -52.266518 32.558132 -2.340419
v -52.356518 30.975878 -2.405912
v -52.492012 31.134880 -2.046926
v -52.356518 32.875885 -2.014167
v -8.536506 31.613874 -0.030167
v -8.536506 31.670876 0.282591
v -34.768497 31.095135 0.591081
v -34.716259 31.108883 0.282591
v -34.951771 31.403875 0.545590
v -43.931019 30.469631 -0.539429
v -44.248020 30.455626 -0.593431
v -44.248028 30.786629 -0.653917
v -43.916996 30.786634 -0.593431
v -36.213268 30.786634 -0.361926
v -36.421265 30.786634 -0.039680
v -7.760262 31.085884 0.581830
v -7.709515 31.099379 0.282591
v -7.911265 31.411877 0.282591
v -7.938004 31.385374 0.537842
v -51.863014 27.652884 -0.871426
v -51.883518 29.393875 -0.826675
v -26.955021 30.208874 0.860327
v -27.201498 30.293882 0.775331
v -27.286518 30.208874 0.528830
v -26.997507 30.037380 0.571578
v -26.708757 30.183123 0.886076
v -26.462257 30.208874 0.860327
v -26.419771 30.497885 1.031822
v -26.708757 30.484879 1.080840
v -35.568752 30.142124 -0.361926
v -7.709515 30.786634 -0.030167
v -7.911265 30.786634 -0.342662
v -7.938004 31.041885 -0.315911
v -7.760262 31.085884 -0.016672
v -8.536506 29.902620 0.282591
v -44.882000 31.057131 -0.351412
v -45.070015 31.103634 -0.034411
v -44.882000 31.420624 0.012319
v -44.788521 31.327381 -0.258166
v -36.480251 30.786629 0.282591
v -36.421265 30.786634 0.604837
v -17.035006 29.925383 -0.042922
v -17.300760 30.163383 -0.340921
v -17.035006 30.135633 -0.368411
v -16.411507 31.410133 0.016826
v -16.723263 31.595135 -0.029165
v -16.709505 31.647886 0.282591
v -16.383757 31.437870 0.282591
v -8.237255 31.562878 0.581830
v -8.281255 31.385374 0.881069
v -8.026004 31.297125 0.793093
v -35.568752 30.786629 1.194089
v -8.237255 30.487383 1.058834
v -7.938004 30.531384 0.881069
v -7.911265 30.786634 0.907820
v -8.224010 30.786634 1.109570
v -17.346514 31.595135 0.594323
v -17.658257 31.410133 0.548332
v -17.566513 31.318380 0.814073
v -17.300760 31.410133 0.905841
v -17.035006 29.925383 0.608080
v -17.346514 29.978382 0.594323
v -17.035006 29.865881 0.282591
v -27.312269 30.786634 0.886076
v -27.010500 30.786634 1.080840
v -44.564999 30.469631 -0.539429
v -44.579014 30.786634 -0.593431
v -43.931019 30.469631 1.104587
v -43.614017 30.516375 0.916570
v -43.586002 30.786634 0.944584
v -43.916996 30.786634 1.158326
v -26.997507 30.037380 -0.006420
v -26.708757 29.988386 -0.019175
v -17.346514 31.098377 1.091092
v -17.035006 31.112135 1.143830
v -17.035006 31.437870 0.933569
v -43.586002 30.124630 0.282591
v -43.916996 29.910873 0.282591
v -43.931019 29.964626 -0.034410
v -43.614017 30.152882 0.012320
v -27.562254 30.786629 0.282591
v -7.938004 31.385374 0.027340
v -50.185764 29.393875 -2.061922
v -50.247253 27.652884 -2.046925
v -7.760262 30.487383 0.581830
v -7.709515 30.474125 0.282591
v -7.652259 30.786629 0.282591
v -7.709515 30.786634 0.595086
v -34.768497 31.095135 -0.025923
v -34.951771 31.403875 0.019329
v -35.568752 31.108883 -0.569922
v -35.260262 31.095135 -0.517661
v -36.213268 30.786634 0.927084
v -52.397503 33.020378 -1.687915
v -51.883518 33.570873 -1.687915
v -51.863014 33.353626 -2.046927
v -16.114258 30.786629 0.282591
v -34.951771 31.049883 -0.334413
v -35.042511 31.312885 -0.243671
v -8.536506 31.099379 1.109569
v -8.237255 31.085884 1.058834
v -8.536506 31.411877 0.907820
v -27.010500 30.786634 -0.515921
v -26.997507 31.075632 -0.466663
v -17.896257 30.461134 0.282591
v -34.924255 30.786634 -0.361926
v -43.977749 30.152882 -0.351412
v -43.707268 30.246128 -0.258166
v -34.716259 30.786634 0.604837
v -34.657253 30.786629 0.282591
v -50.876011 31.134880 -2.504427
v -50.382771 30.975878 -2.405912
v -50.185764 31.207132 -1.687915
v -50.341763 33.020378 -1.687915
v -50.382771 32.875885 -1.361663
v -50.247253 31.134880 -1.328928
v -8.224010 29.959629 0.282591
v -35.831749 30.169630 -0.334413
v -35.877262 30.478132 -0.517661
v -35.568752 30.464373 -0.569922
v -26.419771 31.075632 1.031821
v -26.130760 31.033134 0.860327
v -26.216019 31.279385 0.775330
v -26.462257 31.364632 0.860327
v -17.843258 31.098377 -0.029165
v -17.686007 31.437870 0.282591
v -17.658257 31.410133 0.016826
v -8.835756 31.085884 -0.493676
v -9.135008 31.041885 -0.315911
v -9.047008 31.297125 -0.227911
v -8.791757 31.385374 -0.315911
v -50.876011 31.134880 -0.871427
v -51.369511 31.207132 -0.826675
v -27.458012 31.075632 -0.006420
v -27.507006 31.088377 0.282591
v -27.312269 31.390133 0.282591
v -26.419771 31.536125 0.571578
v -26.708757 31.585131 0.584333
v -43.916996 31.662630 0.282591
v -44.248028 30.786629 1.218837
v -44.248020 31.117878 1.158326
v -35.831749 31.403875 -0.334413
v -36.095013 31.312885 -0.243671
v -36.185753 31.403875 0.019329
v -35.877262 31.586874 -0.025923
v -29.810249 32.544125 -0.266416
v -52.425755 32.544125 -0.266416
v -52.425758 32.544125 0.446837
v -29.810249 32.544125 0.446837
v -7.194757 32.544125 -0.266416
v -7.194757 32.544125 0.446837
v -7.194757 32.544125 -0.979430
v -29.810249 32.544125 -0.979430
v -52.346138 32.551128 -1.007552
v -34.768497 30.478132 0.591081
v -34.716259 30.464373 0.282591
v -7.760262 30.487383 -0.016672
v -8.536506 29.959629 -0.030167
v -17.566513 30.255127 -0.248916
v -16.173506 30.786634 -0.042922
v -9.135008 31.385374 0.027340
v -8.835756 31.562878 -0.016672
v -26.407015 30.786634 1.080840
v -26.105251 30.786634 0.886076
v -45.184265 30.786629 0.282591
v -35.246502 30.786634 1.135080
v -34.924255 30.786634 0.927084
v -25.910275 31.088377 0.282591
v -26.105251 31.390133 0.282591
v -34.951771 30.523634 -0.334413
v -35.260262 30.478132 -0.517661
v -43.426003 30.469631 -0.034410
v -43.372002 30.786634 -0.048430
v -51.818001 32.875885 -2.405912
v -25.910275 30.786634 0.584333
v -25.855263 30.786629 0.282591
v -25.959265 31.075632 0.571578
v -50.185764 27.580631 -1.687914
v -50.114761 29.393875 -1.687915
v -50.185764 29.393875 -1.314170
v -50.247253 27.652884 -1.328928
v -8.849013 30.786634 -0.544412
v -9.161758 30.786634 -0.342662
v -35.568752 29.934130 0.604838
v -35.877262 29.986382 0.591081
v -35.891022 29.934130 0.282591
v -9.363509 31.099379 0.282591
v -9.312761 31.085884 0.581830
v -9.135008 31.385374 0.537842
v -9.161758 31.411877 0.282591
v -35.260262 31.095135 1.082819
v -34.951771 31.049883 0.899570
v -35.042511 31.312885 0.808828
v -35.305511 31.403875 0.899570
v -51.863014 31.134880 -0.871427
v -43.931019 31.103634 1.104587
v -43.614017 31.057131 0.916570
v -36.213268 30.142124 0.282591
v -36.185753 30.169630 0.545590
v -36.369003 30.478132 0.591081
v -36.421265 30.464373 0.282591
v -8.536506 30.786629 -0.601680
v -25.910275 30.786634 -0.019176
v -26.105251 30.786634 -0.320918
v -26.130760 31.033134 -0.295169
v -25.959265 31.075632 -0.006420
v -9.312761 31.085884 -0.016672
v -16.173506 31.112135 0.282591
v -16.226505 31.098377 -0.029165
v -8.536506 29.959629 0.595086
v -35.305511 31.403875 -0.334413
v -35.568752 31.431124 -0.361926
v -35.568752 31.639374 -0.039680
v -35.260262 31.586874 -0.025923
v -44.564999 30.469631 1.104587
v -44.248020 30.455626 1.158326
v -44.579014 30.786634 1.158326
v -16.723263 31.098377 1.091092
v -8.791757 30.188131 -0.315911
v -9.047008 30.276131 -0.227911
v -9.135008 30.531384 -0.315911
v -8.835756 30.487383 -0.493676
v -27.312269 30.786634 -0.320918
v -17.035006 30.135633 0.933569
v -17.300760 30.163383 0.905841
v -26.997507 30.497885 1.031822
v -27.286518 30.540382 0.860327
v -26.708763 31.640129 0.282591
v -7.911265 30.161379 0.282591
v -44.248020 31.662630 0.613587
v -44.248020 31.448879 0.944584
v -35.305511 30.169630 0.899571
v -35.568752 30.142124 0.927084
v -35.260262 29.986382 0.591081
v -8.536506 30.786629 1.166838
v -36.369003 31.095135 -0.025923
v -36.421265 31.108883 0.282591
v -36.213268 31.431124 0.282591
v -44.248020 30.124630 -0.379664
v -17.658257 31.052626 0.905841
v -51.863014 27.652884 -2.504427
v -51.369511 27.580631 -2.549178
v -51.369511 25.767624 -2.435666
v -51.818001 25.912130 -2.405912
v -44.248020 31.117878 -0.593431
v -43.931019 31.103634 -0.539429
v -8.026004 30.276131 -0.227911
v -8.281255 30.188131 -0.315911
v -8.237255 30.487383 -0.493676
v -7.938004 30.531384 -0.315911
v -44.564999 29.964626 -0.034410
v -44.882000 30.152882 0.012320
v -44.788521 30.246128 -0.258166
v -44.518269 30.152882 -0.351412
v -27.286518 30.208874 0.036090
v -27.507006 30.484879 0.282591
v -27.458012 30.497885 -0.006420
v -16.173506 30.786634 0.608080
v -16.226505 31.098377 0.594323
v -17.566513 30.255127 0.814074
v -17.346514 30.475128 1.091092
v -17.658257 30.520880 0.905841
v -8.224010 30.786634 -0.544412
v -8.237255 31.085884 -0.493676
v -26.105251 30.183123 0.282591
v -25.910275 30.484879 0.282591
v -17.035006 30.461134 1.143830
v -16.723263 30.475128 1.091092
v -44.248020 29.910873 -0.048429
v -44.248020 30.124630 0.944584
v -43.977749 30.152882 0.916570
v -27.286518 31.033134 -0.295169
v -36.185753 31.049883 -0.334413
v -52.624500 29.393875 -1.687915
v -52.553497 27.580631 -1.687914
v -52.492012 27.652884 -1.328928
v -52.553497 29.393875 -1.314170
v -35.260262 31.586874 0.591081
v -44.564999 29.964626 0.599592
v -44.882000 30.152882 0.552838
v -44.910011 30.124630 0.282591
v -44.579014 29.910873 0.282591
v -26.708757 31.390133 -0.320918
v -26.708757 31.585131 -0.019176
v -16.383757 30.786634 -0.368411
v -16.709505 30.786634 -0.578672
v -16.723263 31.098377 -0.525910
v -16.411507 31.052626 -0.340921
v -26.997507 31.075632 1.031821
v -26.955021 31.364632 0.860327
v -9.363509 30.786634 0.595086
v -45.070015 30.469631 0.599592
v -44.882000 30.516375 0.916570
v -51.369511 33.020378 -0.940163
v -50.921261 32.875885 -0.969918
v -50.876011 33.353626 -1.328928
v -51.369511 33.570873 -1.314170
v -50.472748 26.229881 -1.035673
v -50.921261 25.912130 -0.969916
v -50.855766 33.570873 -1.687915
v -51.369511 33.821129 -1.687915
v -35.877262 29.986382 -0.025923
v -8.849013 30.786634 1.109570
v -8.835756 31.085884 1.058834
v -8.849013 31.613874 0.282591
v -8.835756 31.562878 0.581830
v -8.536506 31.613874 0.595086
v -35.305511 30.169630 -0.334413
v -16.226505 30.475128 0.594323
v -16.173506 30.461134 0.282591
v -52.397503 29.393875 -2.435667
v -52.553497 29.393875 -2.061922
v -34.951771 30.169630 0.545590
v -34.924255 30.142124 0.282591
v -9.161758 30.161379 0.282591
v -9.135008 30.188131 0.537842
v -9.312761 30.487383 0.581830
v -50.472748 32.558132 -1.035673
v -52.397503 25.767624 -1.687914
v -51.883518 25.217129 -1.687914
v -51.863014 25.434124 -1.328927
v -52.356518 25.912130 -1.361662
v -17.035006 30.786629 -0.638158
v -17.360506 30.786634 -0.578672
v -17.346514 31.098377 -0.525910
v -17.035006 31.112135 -0.578672
v -26.130760 30.208874 0.036090
v -26.216019 30.293882 -0.210173
v -26.130760 30.540382 -0.295169
v -25.959265 30.497885 -0.006420
v -44.518269 30.152882 0.916570
v -44.788521 30.246128 0.823086
v -16.383757 30.135633 0.282591
v -35.568752 31.639374 0.604837
v -51.369511 25.217129 -1.314169
v -51.369511 25.767624 -0.940162
v -51.818001 25.912130 -0.969916
v -35.891022 30.786634 1.135080
v -35.877262 31.095135 1.082819
v -36.185753 31.049883 0.899570
v -27.507006 30.786634 0.584333
v -16.723263 30.475128 -0.525910
v -17.035006 30.461134 -0.578672
v -8.237255 30.010378 -0.016672
v -16.503262 31.318380 -0.248916
v -16.769005 31.410133 -0.340921
v -36.185753 30.523634 -0.334413
v -35.891022 30.786634 -0.569922
v -16.411507 31.052626 0.905841
v -52.492012 27.652884 -2.046925
v -26.419771 31.536125 -0.006420
v -26.407015 31.585131 0.282591
v -27.507006 30.786634 -0.019176
v -16.503262 30.255127 0.814074
v -16.411507 30.163383 0.548332
v -16.411507 30.520880 0.905841
v -27.458012 30.497885 0.571578
v -44.248020 31.448879 -0.379665
v -43.977749 31.420624 -0.351412
v -26.462257 30.208874 -0.295169
v -26.708757 30.183123 -0.320918
v -26.708757 30.484879 -0.515921
v -26.419771 30.497885 -0.466663
v -50.382771 27.811886 -0.969917
v -43.931019 29.964626 0.599592
v -44.248020 29.910873 0.613587
v -16.503262 30.255127 -0.248916
v -16.769005 30.163383 -0.340921
v -16.411507 30.520880 -0.340921
v -44.564999 31.103634 -0.539429
v -29.810249 30.750381 -0.979430
v -4.482509 30.750381 -0.979430
v -29.810249 28.956627 -0.979430
v -7.194757 28.956627 -0.979430
v -52.425758 28.956627 -0.979430
v -52.425755 30.750381 -0.979430
v -17.658257 30.520880 -0.340921
v -17.346514 30.475128 -0.525910
v -26.419771 30.037380 0.571578
v -26.708757 29.988386 0.584334
v -26.407015 29.988386 0.282591
v -17.686007 30.786634 -0.368411
v -17.896257 30.786634 -0.042922
v -17.658257 30.163383 0.548332
v -17.843258 30.475128 0.594323
v -44.579014 31.662630 0.282591
v -44.910011 31.448879 0.282591
v -16.709505 29.925383 0.282591
v -16.723263 29.978382 -0.029165
v -16.411507 30.163383 0.016826
v -52.356518 32.875885 -1.361663
v -51.863014 33.353626 -1.328928
v -44.248028 31.723137 0.282591
v -44.564999 31.608879 0.599592
v -26.708763 30.786629 1.136082
v -52.356518 27.811886 -2.405912
v -8.791757 31.385374 0.881069
v -43.614017 30.516375 -0.351412
v -43.586002 30.786634 -0.379664
v -51.369511 33.570873 -2.061924
v -17.035006 31.437870 -0.368411
v -52.266518 26.229881 -1.035673
v -52.356518 27.811886 -0.969917
v -35.877262 30.478132 1.082819
v -35.568752 30.464373 1.135080
v -27.286518 31.033134 0.860327
v -27.201498 31.279385 0.775330
v -27.010500 31.585131 0.282591
v -27.286518 31.364632 0.528829
v -26.997507 31.536125 0.571578
v -17.843258 30.475128 -0.029165
v -44.248020 31.662630 -0.048430
v -43.931019 31.608879 -0.034411
v -26.130760 31.364632 0.528829
v -43.614017 31.057131 -0.351412
v -43.426003 31.103634 -0.034411
v -9.161758 30.786634 0.907820
v -35.877262 31.095135 -0.517661
v -8.536506 31.099379 -0.544412
v -8.536506 31.411877 -0.342662
v -36.185753 30.169630 0.019329
v -7.938004 30.188131 0.027340
v -35.042511 30.260384 0.808828
v -34.951771 30.523634 0.899570
v -44.518269 31.420624 -0.351412
v -26.955021 30.208874 -0.295169
v -35.891022 31.639374 0.282591
v -17.035006 31.647886 0.608080
v -50.341763 29.393875 -0.940162
v -50.382771 30.975878 -0.969917
v -51.369511 33.020378 -2.435667
v -51.369511 31.207132 -2.549178
v -51.863014 31.134880 -2.504427
v -26.419771 31.075632 -0.466663
v -26.462257 31.364632 -0.295169
v -51.369511 24.966885 -1.687914
v -16.769005 30.163383 0.905841
v -45.123753 31.117878 0.282591
v -52.553497 31.207132 -1.687915
v -50.921261 25.912130 -2.405912
v -35.568752 31.698128 0.282591
v -35.877262 31.586874 0.591081
v -44.564999 31.103634 1.104587
v -44.518269 31.420624 0.916570
v -50.382771 25.912130 -2.014166
v -27.458012 31.075632 0.571578
v -17.658257 31.052626 -0.340921
v -17.566513 31.318380 -0.248916
v -17.360506 31.647886 0.282591
v -27.201498 30.293882 -0.210173
v -27.286518 30.540382 -0.295169
v -26.997507 30.497885 -0.466663
v -7.938004 31.041885 0.881069
v -35.260262 30.478132 1.082819
v -8.536506 30.161379 -0.342662
v -26.130760 31.364632 0.036090
v -35.831749 30.169630 0.899571
v -35.831749 31.403875 0.899570
v -50.876011 33.353626 -2.046927
v -50.921261 32.875885 -2.405912
v -9.135008 31.041885 0.881069
v -26.419771 30.037380 -0.006420
v -26.407015 30.786634 -0.515921
v -17.686007 30.786634 0.933569
v -8.224010 31.613874 0.282591
v -50.876011 25.434124 -2.046925
v -17.360506 30.786634 1.143830
v -8.237255 31.562878 -0.016672
v -8.835756 30.487383 1.058834
v -43.614017 31.420624 0.012319
v -26.216019 31.279385 -0.210173
v -16.769005 31.410133 0.905841
v -8.536506 30.474125 -0.544412
v -36.095013 30.260384 -0.243670
v -36.095013 30.260384 0.808828
v -36.185753 30.523634 0.899570
v -50.247253 31.134880 -2.046926
v -50.382771 32.875885 -2.014167
v -8.791757 30.188131 0.881069
v -9.047008 30.276131 0.793093
v -8.835756 30.010378 0.581830
v -44.788521 31.327381 0.823086
v -44.882000 31.420624 0.552838
v -17.346514 31.595135 -0.029165
v -34.951771 30.169630 0.019329
v -35.042511 30.260384 -0.243670
v -34.768497 30.478132 -0.025923
v -51.369511 29.393875 -2.600676
v -52.356518 30.975878 -0.969917
v -51.818001 32.875885 -0.969918
v -43.426003 31.103634 0.599592
v -16.411507 31.410133 0.548332
v -16.723263 31.595135 0.594323
v -16.503262 31.318380 0.814073
v -9.047008 31.297125 0.793093
v -45.123753 30.455626 0.282591
v -52.492012 31.134880 -1.328928
v -52.397503 29.393875 -0.940162
v -7.194757 30.750381 -0.266416
v -7.194757 28.956627 -0.266415
v -8.849013 29.959629 0.282591
v -36.095013 31.312885 0.808828
v -50.472748 32.558132 -2.340419
v -50.472748 26.229881 -2.340418
v -51.883518 29.393875 -2.549178
v -8.281255 31.385374 -0.315911
v -34.716259 30.786634 -0.039680
v -43.707268 31.327381 -0.258166
v -51.863014 25.434124 -2.046925
v -51.369511 25.217129 -2.061921
v -16.226505 30.475128 -0.029165
v -16.723263 29.978382 0.594323
v -8.835756 30.010378 -0.016672
v -9.135008 30.188131 0.027340
v -44.564999 31.608879 -0.034411
v -17.300760 31.410133 -0.340921
v -29.810249 30.750381 0.446837
v -52.425755 30.750381 0.446837
v -29.810249 28.956627 0.446838
v -52.425758 28.956627 0.446838
v -7.194757 28.956627 0.446838
v -4.482509 30.750381 0.446837
v -52.266518 26.229881 -2.340418
v -52.356518 25.912130 -2.014166
v -29.810249 28.956627 -0.266415
v -52.425755 28.956627 -0.266415
v -36.369003 30.478132 -0.025923
v -36.369003 31.095135 0.591081
v -8.026004 31.297125 -0.227911
v -43.614017 30.152882 0.552838
v -43.707268 30.246128 0.823086
v -36.185753 31.403875 0.545590
v -9.135008 30.531384 0.881069
v -52.425755 30.750381 -0.266416
v -35.568752 -30.436882 1.194102
v -35.568752 -30.114613 1.135094
v -43.614017 -30.166626 -0.351399
v -43.931019 -30.119873 -0.539416
v -43.977749 -29.803122 -0.351399
v -43.707268 -29.896368 -0.258153
v -50.185764 -32.878876 -1.687901
v -50.114761 -31.065868 -1.687901
v -50.185764 -31.065868 -1.314156
v -50.247253 -32.806622 -1.328913
v -17.035006 -31.088123 0.933582
v -17.035006 -30.762375 1.143844
v -27.507006 -30.738617 0.282604
v -27.458012 -30.725872 0.571591
v -27.507006 -30.436874 0.584347
v -27.562254 -30.436882 0.282604
v -8.536506 -31.062130 0.907833
v -8.281255 -31.035625 0.881083
v -8.237255 -30.736374 1.058847
v -8.536506 -30.749619 1.109583
v -52.397503 -31.065868 -2.435654
v -51.883518 -31.065868 -2.549165
v -51.863014 -32.806622 -2.504414
v -52.356518 -32.647873 -2.405899
v -8.536506 -31.264128 0.595100
v -8.237255 -31.213367 0.581843
v -25.910275 -30.436874 0.584347
v -25.855263 -30.436882 0.282604
v -35.568752 -29.525383 0.282604
v -27.010500 -31.235371 0.282604
v -27.312269 -31.040373 0.282604
v -27.286518 -31.014872 0.036103
v -26.997507 -31.186367 -0.006407
v -35.877262 -31.237125 0.591094
v -36.185753 -31.054115 0.545604
v -36.213268 -31.081364 0.282604
v -35.891022 -31.289625 0.282604
v -7.938004 -30.692123 -0.315898
v -8.237255 -30.736374 -0.493663
v -8.224010 -30.436874 -0.544398
v -7.911265 -30.436874 -0.342649
v -43.614017 -29.803122 0.012333
v -43.931019 -29.614866 -0.034397
v -43.916996 -29.561127 0.282604
v -43.586002 -29.774870 0.282604
v -9.135008 -31.035625 0.027353
v -9.161758 -31.062130 0.282604
v -9.363509 -30.749619 0.282604
v -9.312761 -30.736374 -0.016659
v -34.924255 -31.081364 0.282604
v -34.716259 -30.759123 0.282604
v -16.383757 -30.436874 -0.368398
v -16.709505 -30.436874 -0.578659
v -44.882000 -30.707371 -0.351398
v -45.070015 -30.753876 -0.034397
v -45.123753 -30.436874 -0.048416
v -44.910011 -30.436874 -0.379651
v -26.407015 -29.638624 0.282604
v -26.708763 -29.583372 0.282604
v -26.708757 -29.638624 0.584347
v -26.419771 -29.687618 0.571591
v -44.248020 -31.312868 0.613601
v -44.248028 -31.373375 0.282604
v -26.997507 -30.148125 1.031834
v -26.708757 -30.135118 1.080853
v -26.708757 -29.833376 0.886089
v -26.955021 -29.859125 0.860340
v -17.035006 -31.298372 -0.042909
v -17.035006 -31.088123 -0.368398
v -16.114258 -30.436882 0.282604
v -16.173506 -30.436874 -0.042909
v -16.226505 -30.125368 -0.029152
v -16.173506 -30.111372 0.282604
v -36.369003 -30.745375 0.591094
v -36.421265 -30.759123 0.282604
v -27.312269 -30.436874 -0.320905
v -27.507006 -30.436874 -0.019162
v -27.458012 -30.148125 -0.006407
v -27.286518 -30.190622 -0.295156
v -7.911265 -29.811619 0.282604
v -8.224010 -29.609867 0.282604
v -43.977749 -31.070877 0.916583
v -44.248020 -31.099119 0.944597
v -43.931019 -31.259119 0.599606
v -17.360506 -29.575623 0.282604
v -17.686007 -29.785872 0.282604
v -26.955021 -31.014872 0.860340
v -26.708757 -31.040373 0.886089
v -26.708757 -30.738617 1.080853
v -26.997507 -30.725872 1.031834
v -16.723263 -30.125368 -0.525897
v -16.411507 -30.171120 -0.340908
v -26.708763 -30.436882 1.136095
v -35.568752 -30.436882 -0.628918
v -35.568752 -30.114613 -0.569909
v -44.248020 -30.768124 1.158339
v -43.931019 -30.753876 1.104600
v -43.916996 -30.436874 1.158339
v -44.248028 -30.436882 1.218850
v -17.896257 -30.111372 0.282604
v -16.173506 -30.762375 0.282604
v -26.407015 -30.436874 -0.515907
v -26.708763 -30.436882 -0.570910
v -26.708757 -30.135118 -0.515907
v -26.419771 -30.148125 -0.466650
v -52.356518 -29.483616 -0.969904
v -51.863014 -29.324865 -0.871414
v -51.818001 -27.583874 -0.969904
v -52.266518 -27.901627 -1.035660
v -27.010500 -29.638624 0.282604
v -7.760262 -30.137623 0.581843
v -7.709515 -30.124363 0.282604
v -7.938004 -29.838371 0.537855
v -17.035006 -31.298372 0.608093
v -43.614017 -30.707371 0.916583
v -43.426003 -30.753876 0.599606
v -43.372002 -30.436874 0.613601
v -43.586002 -30.436874 0.944597
v -29.810249 -28.540623 -0.266403
v -52.425755 -28.540623 -0.266403
v -52.425758 -28.540625 0.446850
v -29.810249 -28.540623 0.446850
v -7.194757 -28.540625 -0.266403
v -7.194757 -28.540625 0.446850
v -7.194757 -28.540625 -0.979417
v -29.810249 -28.540623 -0.979417
v -52.425758 -28.540625 -0.979417
v -52.356518 -29.483616 -2.405899
v -51.863014 -29.324865 -2.504414
v -26.407015 -30.436874 1.080853
v -26.419771 -30.148125 1.031834
v -45.070015 -30.119873 0.599606
v -44.882000 -30.166626 0.916583
v -44.788521 -29.896368 0.823099
v -44.882000 -29.803122 0.552852
v -35.305511 -31.054115 0.899584
v -35.568752 -31.081364 0.927097
v -35.568752 -31.289625 0.604851
v -35.260262 -31.237125 0.591094
v -51.369511 -35.242619 -1.314155
v -50.876011 -35.025372 -1.328913
v -50.921261 -34.547615 -0.969902
v -51.369511 -34.692120 -0.940148
v -51.883518 -26.888870 -1.687902
v -51.369511 -26.638615 -1.687902
v -51.369511 -26.888870 -2.061909
v -51.863014 -27.106117 -2.046913
v -35.246502 -29.584370 0.282604
v -43.311520 -30.436882 0.282604
v -43.372002 -30.436874 -0.048416
v -43.426003 -30.119873 -0.034397
v -43.372002 -30.105865 0.282604
v -8.835756 -31.213367 0.581843
v -8.849013 -31.264128 0.282604
v -8.536506 -31.321114 0.282604
v -36.480251 -30.436882 0.282604
v -7.938004 -30.181622 -0.315898
v -8.237255 -30.137623 -0.493663
v -8.281255 -29.838371 -0.315898
v -8.026004 -29.926373 -0.227898
v -7.709515 -30.749619 0.282604
v -7.652259 -30.436882 0.282604
v -44.248020 -30.768124 -0.593417
v -44.248028 -30.436882 -0.653904
v -16.411507 -29.813623 0.548346
v -16.723263 -29.628622 0.594336
v -16.769005 -29.813623 0.905854
v -16.503262 -29.905369 0.814087
v -51.369511 -31.065868 -2.600663
v -50.855766 -31.065868 -2.549165
v -50.876011 -32.806622 -2.504414
v -51.369511 -32.878876 -2.549165
v -50.247253 -32.806622 -2.046912
v -50.185764 -31.065868 -2.061909
v -17.035006 -30.436882 1.203353
v -26.462257 -31.014872 0.860340
v -26.216019 -30.929625 0.775344
v -26.130760 -30.683374 0.860340
v -26.419771 -30.725872 1.031834
v -43.586002 -31.099119 0.282604
v -43.614017 -31.070877 0.012333
v -43.426003 -30.753876 -0.034397
v -43.372002 -30.768124 0.282604
v -34.924255 -30.436874 0.927097
v -34.716259 -30.436874 0.604851
v -8.536506 -30.436882 -0.601666
v -8.849013 -30.436874 -0.544398
v -8.835756 -30.137623 -0.493663
v -8.536506 -30.124363 -0.544399
v -26.105251 -29.833376 0.282604
v -26.130760 -29.859125 0.528843
v -35.877262 -31.237125 -0.025909
v -36.185753 -31.054115 0.019342
v -36.095013 -30.963125 -0.243657
v -35.831749 -31.054115 -0.334399
v -50.382771 -34.547615 -1.361648
v -50.382771 -32.647873 -0.969904
v -50.472748 -34.229874 -1.035658
v -16.769005 -31.060373 0.905854
v -16.723263 -31.245375 0.594337
v -36.369003 -30.745375 -0.025909
v -50.341763 -31.065868 -2.435654
v -50.382771 -32.647873 -2.405899
v -43.586002 -30.436874 -0.379651
v -27.201498 -30.929625 -0.210159
v -26.955021 -31.014872 -0.295155
v -9.161758 -30.436874 0.907833
v -8.849013 -30.436874 1.109583
v -8.835756 -30.137623 1.058847
v -9.135008 -30.181622 0.881082
v -35.891022 -30.436874 1.135094
v -35.877262 -30.128372 1.082832
v -17.035006 -30.111372 1.143844
v -17.035006 -29.785872 0.933582
v -27.286518 -31.014872 0.528843
v -16.723263 -30.748617 -0.525897
v -17.035006 -30.762375 -0.578659
v -17.035006 -30.436882 -0.638144
v -35.568752 -29.584370 0.604850
v -35.568752 -29.792370 0.927097
v -9.135008 -31.035625 0.537855
v -9.312761 -30.736374 0.581843
v -17.566513 -30.968618 -0.248902
v -17.658257 -31.060373 0.016839
v -17.843258 -30.748617 -0.029152
v -17.658257 -30.702866 -0.340908
v -8.835756 -29.660618 0.581843
v -9.135008 -29.838371 0.537855
v -9.047008 -29.926373 0.793106
v -8.791757 -29.838371 0.881082
v -7.911265 -30.436874 0.907833
v -7.709515 -30.436874 0.595099
v -35.260262 -30.745375 1.082832
v -34.951771 -30.700123 0.899584
v -35.246502 -30.436874 1.135094
v -34.951771 -31.054115 0.019342
v -35.260262 -31.237125 -0.025909
v -35.305511 -31.054115 -0.334399
v -35.042511 -30.963125 -0.243657
v -50.921261 -27.583874 -2.405899
v -50.472748 -27.901627 -2.340406
v -50.382771 -29.483616 -2.405899
v -50.876011 -29.324865 -2.504414
v -44.248020 -31.099119 -0.379651
v -44.518269 -31.070877 -0.351398
v -44.564999 -30.753876 -0.539415
v -16.383757 -31.088123 0.282604
v -16.709505 -31.298372 0.282604
v -16.723263 -31.245375 -0.029152
v -16.411507 -31.060373 0.016839
v -50.341763 -31.065868 -0.940149
v -34.924255 -30.436874 -0.361913
v -35.246502 -30.436874 -0.569909
v -17.346514 -31.245375 0.594337
v -17.360506 -31.298372 0.282604
v -17.035006 -31.357628 0.282604
v -16.709505 -30.436874 1.143844
v -16.383757 -30.436874 0.933582
v -35.568752 -31.081364 -0.361913
v -35.568752 -30.759123 -0.569909
v -7.760262 -30.137623 -0.016659
v -7.938004 -29.838371 0.027353
v -43.931019 -29.614866 0.599606
v -43.614017 -29.803122 0.552852
v -35.891022 -29.584370 0.282604
v -35.877262 -29.636621 0.591094
v -26.130760 -30.190622 0.860340
v -26.216019 -29.944122 0.775344
v -26.462257 -29.859125 0.860340
v -51.369511 -31.065868 -0.775164
v -50.855766 -31.065868 -0.826662
v -50.876011 -29.324865 -0.871414
v -51.369511 -29.252625 -0.826662
v -7.911265 -31.062130 0.282604
v -35.831749 -29.819870 0.899584
v -17.300760 -31.060373 -0.340908
v -17.346514 -30.748617 -0.525897
v -34.951771 -31.054115 0.545604
v -34.768497 -30.745375 0.591094
v -52.425755 -30.334366 -0.266402
v -52.425755 -30.334366 -0.979417
v -52.425755 -32.127869 -0.266402
v -52.425758 -32.127869 -0.979417
v -52.425758 -32.127869 0.446851
v -52.425755 -30.334366 0.446851
v -9.420763 -30.436882 0.282604
v -9.363509 -30.436874 0.595099
v -9.312761 -30.137623 0.581843
v -9.363509 -30.124363 0.282604
v -44.579014 -31.312868 0.282604
v -16.173506 -30.436874 0.608093
v -16.226505 -30.125368 0.594336
v -27.312269 -29.833376 0.282604
v -27.286518 -29.859125 0.528843
v -26.997507 -29.687618 0.571591
v -27.507006 -30.135118 0.282604
v -27.458012 -30.148125 0.571591
v -35.568752 -31.289625 -0.039666
v -52.492012 -32.806622 -1.328913
v -52.356518 -34.547615 -1.361648
v -52.266518 -34.229874 -1.035658
v -52.356518 -32.647873 -0.969904
v -17.300760 -31.060373 0.905854
v -8.237255 -29.660618 -0.016659
v -16.723263 -30.748617 1.091105
v -45.184265 -30.436882 0.282604
v -36.421265 -30.436874 -0.039666
v -26.130760 -31.014872 0.528843
v -26.105251 -31.040373 0.282604
v -25.910275 -30.738617 0.282604
v -25.959265 -30.725872 0.571591
v -36.421265 -30.114613 0.282604
v -50.921261 -34.547615 -2.405897
v -51.369511 -34.692120 -2.435652
v -17.346514 -31.245375 -0.029152
v -26.105251 -30.436874 0.886089
v -16.503262 -30.968618 0.814087
v -16.411507 -30.702866 0.905854
v -34.768497 -30.128372 -0.025909
v -34.951771 -30.173874 -0.334399
v -35.042511 -29.910625 -0.243657
v -34.951771 -29.819870 0.019342
v -43.707268 -30.977621 0.823099
v -43.614017 -31.070877 0.552852
v -44.248028 -29.500612 0.282604
v -26.419771 -29.687618 -0.006407
v -26.708757 -29.638624 -0.019162
v -26.708757 -29.833376 -0.320905
v -36.213268 -29.792370 0.282604
v -17.955767 -30.436882 0.282604
v -17.896257 -30.436874 0.608093
v -36.369003 -30.128372 0.591094
v -36.185753 -29.819870 0.545603
v -35.831749 -31.054115 0.899584
v -36.095013 -30.963125 0.808842
v -9.161758 -29.811619 0.282604
v -17.896257 -30.436874 -0.042909
v -8.536506 -30.124363 1.109583
v -8.237255 -30.137623 1.058847
v -8.281255 -29.838371 0.881082
v -8.536506 -29.811619 0.907833
v -26.708763 -31.290377 0.282604
v -51.818001 -34.547615 -2.405897
v -52.266518 -34.229874 -2.340404
v -16.769005 -31.060373 -0.340908
v -16.503262 -30.968618 -0.248902
v -44.248020 -30.105865 -0.593417
v -44.564999 -30.119873 -0.539416
v -44.518269 -29.803122 -0.351399
v -44.248020 -29.774870 -0.379651
v -44.248020 -29.561127 0.613600
v -44.248020 -29.774870 0.944597
v -43.977749 -29.803122 0.916583
v -25.910275 -30.135118 0.282604
v -9.135008 -30.181622 -0.315898
v -9.047008 -29.926373 -0.227898
v -8.791757 -29.838371 -0.315898
v -35.568752 -30.759123 1.135094
v -35.877262 -30.745375 1.082832
v -17.035006 -29.785872 -0.368398
v -17.035006 -29.575623 -0.042909
v -44.564999 -30.753876 1.104600
v -44.579014 -30.436874 1.158339
v -27.010500 -30.436874 -0.515907
v -50.876011 -32.806622 -0.871413
v -17.896257 -30.762375 0.282604
v -17.843258 -30.748617 0.594337
v -43.614017 -30.166626 0.916583
v -43.426003 -30.119873 0.599606
v -43.707268 -29.896368 0.823099
v -51.369511 -29.252625 -2.549165
v -27.286518 -30.683374 -0.295156
v -27.458012 -30.725872 -0.006407
v -17.686007 -30.436874 0.933582
v -17.360506 -30.436874 1.143844
v -9.135008 -29.838371 0.027353
v -8.835756 -29.660618 -0.016659
v -35.260262 -30.128372 -0.517648
v -44.564999 -31.259119 0.599606
v -44.882000 -31.070877 0.552852
v -44.910011 -31.099119 0.282604
v -26.708757 -31.235371 0.584347
v -26.997507 -31.186367 0.571591
v -50.855766 -26.888870 -1.687902
v -50.341763 -27.439367 -1.687902
v -50.382771 -27.583874 -2.014154
v -50.876011 -27.106117 -2.046913
v -34.768497 -30.745375 -0.025909
v -34.716259 -30.436874 -0.039666
v -34.657253 -30.436882 0.282604
v -44.788521 -30.977621 -0.258153
v -44.882000 -31.070877 0.012333
v -7.938004 -30.181622 0.881082
v -8.026004 -29.926373 0.793106
v -17.035006 -29.516121 0.282604
v -17.035006 -29.575623 0.608093
v -17.360506 -30.436874 -0.578659
v -44.788521 -30.977621 0.823099
v -44.518269 -31.070877 0.916583
v -44.882000 -30.707371 0.916583
v -50.876011 -35.025372 -2.046911
v -50.382771 -34.547615 -2.014152
v -50.341763 -34.692120 -1.687900
v -50.855766 -35.242619 -1.687900
v -8.536506 -30.436882 1.166851
v -8.224010 -30.436874 1.109583
v -25.910275 -30.436874 -0.019162
v -8.536506 -31.264128 -0.030153
v -8.835756 -31.213367 -0.016659
v -8.791757 -31.035625 -0.315898
v -8.536506 -31.062130 -0.342648
v -51.863014 -27.106117 -1.328915
v -51.369511 -26.888870 -1.314157
v -34.951771 -30.173874 0.899584
v -34.768497 -30.128372 0.591094
v -34.951771 -29.819870 0.545603
v -35.042511 -29.910625 0.808841
v -51.818001 -34.547615 -0.969902
v -51.369511 -32.878876 -0.826661
v -51.863014 -32.806622 -0.871413
v -8.835756 -30.736374 -0.493663
v -9.135008 -30.692123 -0.315898
v -9.161758 -30.436874 -0.342649
v -16.226505 -30.748617 0.594337
v -27.286518 -30.683374 0.860340
v -27.010500 -30.436874 1.080853
v -27.312269 -30.436874 0.886089
v -35.568752 -31.348366 0.282604
v -35.246502 -31.289625 0.282604
v -7.194757 -30.334366 -0.266402
v -4.482509 -30.334366 0.446851
v -17.658257 -30.171120 -0.340908
v -17.843258 -30.125368 -0.029152
v -17.658257 -29.813623 0.016839
v -17.566513 -29.905369 -0.248902
v -8.026004 -30.947378 -0.227898
v -8.281255 -31.035625 -0.315898
v -34.924255 -29.792370 0.282604
v -51.883518 -31.065868 -0.826662
v -16.411507 -30.702866 -0.340908
v -17.658257 -31.060373 0.548346
v -17.686007 -31.088123 0.282604
v -8.237255 -31.213367 -0.016659
v -8.224010 -31.264128 0.282604
v -44.579014 -30.436874 -0.593417
v -44.248020 -31.312868 -0.048416
v -35.568752 -29.584370 -0.039666
v -35.877262 -29.636621 -0.025910
v -52.553497 -32.878876 -1.687901
v -52.397503 -34.692120 -1.687900
v -45.070015 -30.753876 0.599606
v -26.419771 -31.186367 0.571591
v -44.248020 -30.105865 1.158339
v -36.185753 -30.700123 -0.334399
v -36.213268 -30.436874 -0.361913
v -8.536506 -29.811619 -0.342649
v -16.723263 -30.125368 1.091105
v -26.130760 -31.014872 0.036103
v -26.419771 -31.186367 -0.006407
v -26.462257 -31.014872 -0.295155
v -26.216019 -30.929625 -0.210159
v -16.503262 -29.905369 -0.248902
v -16.411507 -29.813623 0.016839
v -50.247253 -29.324865 -2.046913
v -50.185764 -29.252625 -1.687902
v -17.346514 -30.125368 -0.525897
v -17.035006 -30.111372 -0.578659
v -52.397503 -27.439367 -1.687902
v -52.356518 -27.583874 -2.014154
v -7.938004 -30.692123 0.881083
v -7.760262 -30.736374 0.581843
v -17.566513 -30.968618 0.814087
v -17.658257 -30.702866 0.905854
v -43.707268 -30.977621 -0.258153
v -43.977749 -31.070877 -0.351398
v -43.931019 -30.753876 -0.539415
v -43.614017 -30.707371 -0.351398
v -50.382771 -29.483616 -0.969904
v -50.472748 -27.901627 -1.035660
v -50.921261 -27.583874 -0.969904
v -25.959265 -30.148125 0.571591
v -35.260262 -29.636621 0.591094
v -9.047008 -30.947378 -0.227898
v -44.882000 -30.166626 -0.351399
v -7.709515 -30.436874 -0.030153
v -35.260262 -30.128372 1.082832
v -17.346514 -29.628622 0.594336
v -35.877262 -30.745375 -0.517648
v -16.411507 -30.171120 0.905854
v -26.708757 -31.235371 -0.019162
v -26.708757 -31.040373 -0.320905
v -8.536506 -29.552858 0.282604
v -8.849013 -29.609867 0.282604
v -8.536506 -29.609867 0.595099
v -51.818001 -27.583874 -2.405899
v -52.266518 -27.901627 -2.340406
v -50.247253 -29.324865 -1.328915
v -44.564999 -30.119873 1.104600
v -44.518269 -29.803122 0.916583
v -52.553497 -31.065868 -2.061909
v -52.492012 -29.324865 -2.046913
v -26.708757 -30.738617 -0.515907
v -44.788521 -29.896368 -0.258153
v -45.123753 -30.436874 0.613601
v -44.910011 -30.436874 0.944597
v -26.419771 -30.725872 -0.466650
v -51.883518 -35.242619 -1.687900
v -51.369511 -35.492874 -1.687900
v -51.863014 -35.025372 -1.328913
v -35.891022 -30.436874 -0.569909
v -52.356518 -34.547615 -2.014152
v -52.492012 -32.806622 -2.046912
v -16.411507 -31.060373 0.548346
v -43.916996 -31.312868 0.282604
v -43.931019 -31.259119 -0.034397
v -25.959265 -30.725872 -0.006407
v -26.130760 -30.683374 -0.295156
v -26.105251 -30.436874 -0.320905
v -36.185753 -30.700123 0.899584
v -36.213268 -30.436874 0.927097
v -8.791757 -31.035625 0.881083
v -9.047008 -30.947378 0.793106
v -45.123753 -30.768124 0.282604
v -27.286518 -30.190622 0.860340
v -16.383757 -29.785872 0.282604
v -16.709505 -29.575623 0.282604
v -26.130760 -29.859125 0.036103
v -8.536506 -30.749619 -0.544398
v -35.260262 -30.745375 -0.517648
v -8.237255 -29.660618 0.581843
v -45.070015 -30.119873 -0.034397
v -45.123753 -30.105865 0.282604
v -44.910011 -29.774870 0.282604
v -44.882000 -29.803122 0.012333
v -17.346514 -30.748617 1.091105
v -43.931019 -30.119873 1.104600
v -35.305511 -29.819870 -0.334399
v -35.568752 -29.792370 -0.361913
v -35.260262 -29.636621 -0.025910
v -44.564999 -29.614866 -0.034397
v -26.407015 -31.235371 0.282604
v -36.185753 -30.173874 0.899584
v -36.095013 -29.910625 0.808841
v -52.553497 -31.065868 -1.314156
v -52.397503 -31.065868 -0.940149
v -44.564999 -31.259119 -0.034397
v -44.564999 -29.614866 0.599606
v -27.201498 -30.929625 0.775344
v -26.997507 -29.687618 -0.006407
v -9.363509 -30.436874 -0.030153
v -17.658257 -30.171120 0.905854
v -17.843258 -30.125368 0.594336
v -35.877262 -30.128372 -0.517648
v -36.421265 -30.436874 0.604851
v -8.026004 -30.947378 0.793106
v -7.938004 -31.035625 0.537855
v -34.716259 -30.114613 0.282604
v -16.226505 -30.748617 -0.029152
v -26.997507 -30.725872 -0.466650
v -44.579014 -29.561127 0.282604
v -7.194757 -32.127869 -0.979417
v -4.482509 -30.334366 -0.979417
v -7.194757 -32.127869 -0.266402
v -50.472748 -34.229874 -2.340404
v -8.536506 -29.609867 -0.030154
v -9.312761 -30.137623 -0.016659
v -26.997507 -30.148125 -0.466650
v -26.955021 -29.859125 -0.295156
v -17.658257 -29.813623 0.548346
v -8.835756 -30.736374 1.058847
v -9.135008 -30.692123 0.881083
v -51.369511 -27.439367 -2.435654
v -7.938004 -31.035625 0.027353
v -7.760262 -30.736374 -0.016659
v -36.185753 -30.173874 -0.334399
v -36.369003 -30.128372 -0.025909
v -36.185753 -29.819870 0.019342
v -36.095013 -29.910625 -0.243657
v -52.553497 -29.252625 -1.687902
v -52.624500 -31.065868 -1.687901
v -52.492012 -29.324865 -1.328915
v -51.369511 -27.439367 -0.940150
v -17.686007 -30.436874 -0.368398
v -35.305511 -29.819870 0.899584
v -43.916996 -30.436874 -0.593417
v -27.286518 -29.859125 0.036103
v -27.201498 -29.944122 -0.210159
v -44.248020 -29.561127 -0.048416
v -17.346514 -29.628622 -0.029152
v -17.300760 -29.813623 -0.340908
v -27.201498 -29.944122 0.775344
v -50.382771 -27.583874 -1.361650
v -51.863014 -35.025372 -2.046911
v -51.369511 -35.242619 -2.061907
v -7.194757 -32.127869 0.446851
v -17.566513 -29.905369 0.814087
v -17.300760 -29.813623 0.905854
v -25.959265 -30.148125 -0.006407
v -26.130760 -30.190622 -0.295156
v -26.216019 -29.944122 -0.210159
v -16.769005 -29.813623 -0.340908
v -16.723263 -29.628622 -0.029152
v -35.042511 -30.963125 0.808842
v -35.831749 -29.819870 -0.334399
v -34.951771 -30.700123 -0.334399
v -17.346514 -30.125368 1.091105
v -26.462257 -29.859125 -0.295156
v -50.876011 -27.106117 -1.328915
v -29.810249 -30.334366 -0.979417
v -29.810249 -32.127869 -0.979417
v -29.810249 -32.127869 -0.266402
v -29.810249 -32.127869 0.446851
v -52.356518 -27.583874 -1.361650
v -29.810249 -30.334366 0.446851
vt 0.228782 0.941496
vt 0.229759 0.948042
vt 0.222893 0.948759
vt 0.222175 0.941892
vt 0.092911 0.748999
vt 0.120211 0.748999
vt 0.120211 0.689502
vt 0.089908 0.689502
vt 0.089908 0.748999
vt 0.062608 0.748999
vt 0.285079 0.231009
vt 0.291832 0.230306
vt 0.292220 0.236803
vt 0.285783 0.237762
vt 0.284241 0.384923
vt 0.284940 0.391608
vt 0.278254 0.392306
vt 0.277871 0.385877
vt 0.297876 0.061711
vt 0.291199 0.061423
vt 0.289548 0.054947
vt 0.295361 0.056305
vt 0.295379 0.682493
vt 0.290450 0.684791
vt 0.290710 0.678702
vt 0.296608 0.677195
vt 0.290097 0.476704
vt 0.283860 0.476328
vt 0.284540 0.469846
vt 0.291028 0.470525
vt 0.453544 0.689502
vt 0.453544 0.717749
vt 0.426244 0.717749
vt 0.183820 0.748999
vt 0.211120 0.720752
vt 0.211120 0.748999
vt 0.215907 0.933850
vt 0.215625 0.927172
vt 0.222171 0.928150
vt 0.221453 0.935021
vt 0.272840 0.531209
vt 0.271570 0.525723
vt 0.277681 0.527286
vt 0.277943 0.533589
vt 0.223605 0.914416
vt 0.224322 0.907550
vt 0.229873 0.908717
vt 0.230151 0.915394
vt 0.231024 0.299128
vt 0.220710 0.297739
vt 0.219887 0.261429
vt 0.230607 0.261306
vt 0.295541 0.654655
vt 0.293244 0.659584
vt 0.287951 0.660814
vt 0.289459 0.654911
vt 0.285778 0.170223
vt 0.286482 0.163470
vt 0.291936 0.164620
vt 0.292216 0.171187
vt 0.514151 0.689502
vt 0.486851 0.748999
vt 0.514151 0.748999
vt 0.212382 0.501808
vt 0.217944 0.472012
vt 0.219310 0.508307
vt 0.290671 0.304316
vt 0.284242 0.304700
vt 0.283543 0.298015
vt 0.289058 0.298010
vt 0.292548 0.019645
vt 0.285997 0.020624
vt 0.285276 0.013763
vt 0.292150 0.013043
vt 0.277681 0.449452
vt 0.283860 0.450383
vt 0.283180 0.456865
vt 0.277943 0.455760
vt 0.241295 0.297510
vt 0.241322 0.261190
vt 0.296608 0.702240
vt 0.295379 0.707537
vt 0.290450 0.709835
vt 0.290710 0.703747
vt 0.282801 0.610726
vt 0.277739 0.609667
vt 0.277495 0.603568
vt 0.283468 0.604452
vt 0.291028 0.444575
vt 0.297510 0.445254
vt 0.296400 0.450491
vt 0.290097 0.450753
vt 0.227125 0.935021
vt 0.228777 0.928546
vt 0.235454 0.928263
vt 0.232934 0.933672
vt 0.291828 0.177679
vt 0.298584 0.172811
vt 0.298580 0.178383
vt 0.280914 0.163469
vt 0.279286 0.157101
vt 0.285783 0.156712
vt 0.286488 0.163470
vt 0.280546 0.534699
vt 0.278983 0.540811
vt 0.272679 0.541073
vt 0.275059 0.535970
vt 0.291383 0.501333
vt 0.291133 0.507654
vt 0.285893 0.508758
vt 0.285199 0.502250
vt 0.290873 0.142823
vt 0.289245 0.136455
vt 0.294956 0.137784
vt 0.297434 0.143098
vt 0.278322 0.176272
vt 0.279281 0.169839
vt 0.285075 0.176976
vt 0.279396 0.021013
vt 0.272737 0.020711
vt 0.271570 0.015168
vt 0.278416 0.014472
vt 0.228774 0.983474
vt 0.227132 0.989971
vt 0.221463 0.989965
vt 0.222164 0.983074
vt 0.284089 0.698383
vt 0.284743 0.704642
vt 0.278720 0.704999
vt 0.277829 0.699037
vt 0.279274 0.115791
vt 0.278313 0.122218
vt 0.271570 0.121540
vt 0.272719 0.116090
vt 0.271570 0.039783
vt 0.278437 0.040495
vt 0.278046 0.047102
vt 0.271570 0.045451
vt 0.288533 0.456870
vt 0.574757 0.627002
vt 0.574757 0.686499
vt 0.547457 0.686499
vt 0.544454 0.748999
vt 0.544454 0.689502
vt 0.517154 0.748999
vt 0.278983 0.437036
vt 0.285219 0.437412
vt 0.284540 0.443895
vt 0.278057 0.443216
vt 0.277871 0.305654
vt 0.278141 0.299151
vt 0.291603 0.258603
vt 0.284911 0.257912
vt 0.285612 0.251222
vt 0.291988 0.252170
vt 0.226171 0.511192
vt 0.226387 0.522672
vt 0.218815 0.518282
vt 0.285397 0.710903
vt 0.271570 0.307261
vt 0.272882 0.301608
vt 0.278035 0.496444
vt 0.278967 0.502628
vt 0.272674 0.502381
vt 0.271570 0.497140
vt 0.284113 0.573186
vt 0.284753 0.579441
vt 0.278725 0.579784
vt 0.277847 0.573825
vt 0.298311 0.259284
vt 0.298311 0.253762
vt 0.278334 0.053779
vt 0.272923 0.051263
vt 0.291625 0.310686
vt 0.284940 0.311385
vt 0.755574 0.376001
vt 0.728274 0.376001
vt 0.728274 0.435498
vt 0.819183 0.435498
vt 0.846483 0.376001
vt 0.819183 0.376001
vt 0.726272 0.502002
vt 0.698972 0.561499
vt 0.726272 0.561499
vt 0.695969 0.561499
vt 0.695969 0.502002
vt 0.668669 0.561499
vt 0.283551 0.271265
vt 0.278157 0.270125
vt 0.277858 0.263639
vt 0.284222 0.264593
vt 0.278729 0.591581
vt 0.272623 0.591856
vt 0.274908 0.586935
vt 0.280209 0.585687
vt 0.279286 0.238151
vt 0.286488 0.244520
vt 0.280914 0.244519
vt 0.278962 0.411108
vt 0.272679 0.411362
vt 0.275066 0.406251
vt 0.280542 0.404978
vt 0.219899 0.225117
vt 0.230179 0.223491
vt 0.290711 0.617881
vt 0.284743 0.616991
vt 0.285397 0.610731
vt 0.290455 0.611794
vt 0.278720 0.641673
vt 0.277829 0.647641
vt 0.271570 0.646987
vt 0.272638 0.641929
vt 0.299039 0.067258
vt 0.292172 0.067969
vt 0.297169 0.371661
vt 0.294716 0.376925
vt 0.289063 0.378238
vt 0.290671 0.371936
vt 0.194282 0.528286
vt 0.194282 1.000000
vt 0.179405 1.000000
vt 0.179405 0.528286
vt 0.849486 0.247998
vt 0.849486 0.001001
vt 0.876786 0.001001
vt 0.880790 0.498999
vt 0.908090 0.252002
vt 0.908090 0.498999
vt 0.608063 0.842749
vt 0.847484 0.842749
vt 0.847484 0.814502
vt 0.241423 0.877002
vt 0.002002 0.905249
vt 0.241423 0.905249
vt 0.209154 0.528286
vt 0.209154 1.000000
vt 0.292008 0.317116
vt 0.285639 0.318070
vt 0.291398 0.438338
vt 0.297250 0.167098
vt 0.296400 0.554266
vt 0.294020 0.559369
vt 0.288533 0.560640
vt 0.290097 0.554528
vt 0.297176 0.264680
vt 0.290658 0.264970
vt 0.230156 0.954648
vt 0.223610 0.955626
vt 0.209242 0.014721
vt 0.219420 0.004645
vt 0.220432 0.014626
vt 0.211159 0.021353
vt 0.290349 0.672685
vt 0.284089 0.673339
vt 0.283436 0.667079
vt 0.289458 0.666717
vt 0.877787 0.752002
vt 0.877787 0.873999
vt 0.850487 0.873999
vt 0.816180 0.376001
vt 0.788880 0.435498
vt 0.788880 0.376001
vt 0.278035 0.417290
vt 0.271570 0.416601
vt 0.291625 0.390909
vt 0.292008 0.397339
vt 0.285639 0.398293
vt 0.285220 0.463358
vt 0.278983 0.462987
vt 0.280546 0.456870
vt 0.285899 0.456875
vt 0.279192 0.345177
vt 0.280813 0.351497
vt 0.275169 0.350191
vt 0.272705 0.344923
vt 0.240484 0.224887
vt 0.215621 0.982104
vt 0.215914 0.988803
vt 0.210515 0.986295
vt 0.209158 0.980471
vt 0.283543 0.298010
vt 0.278146 0.296870
vt 0.277871 0.290371
vt 0.284241 0.291325
vt 0.277829 0.673992
vt 0.271570 0.674646
vt 0.271570 0.669477
vt 0.277468 0.667970
vt 0.297510 0.465852
vt 0.291398 0.464288
vt 0.291136 0.457980
vt 0.296239 0.460366
vt 0.284377 0.210746
vt 0.290875 0.211130
vt 0.289251 0.217499
vt 0.283678 0.217504
vt 0.278057 0.521049
vt 0.284540 0.521729
vt 0.283860 0.528211
vt 0.298310 0.360744
vt 0.298310 0.366265
vt 0.291625 0.365566
vt 0.292009 0.359136
vt 0.230144 0.970322
vt 0.229746 0.976922
vt 0.222875 0.976200
vt 0.223594 0.969340
vt 0.285063 0.122913
vt 0.284365 0.129672
vt 0.277931 0.128721
vt 0.277955 0.429816
vt 0.272860 0.427433
vt 0.271576 0.421953
vt 0.277669 0.423524
vt 0.271570 0.175568
vt 0.272719 0.170114
vt 0.293249 0.609489
vt 0.287963 0.610720
vt 0.289481 0.604803
vt 0.295549 0.604550
vt 0.297169 0.384809
vt 0.298310 0.390210
vt 0.290671 0.384539
vt 0.292009 0.278909
vt 0.285638 0.277955
vt 0.286337 0.271270
vt 0.291739 0.272406
vt 0.292281 0.026301
vt 0.286732 0.027473
vt 0.298584 0.235180
vt 0.297255 0.240891
vt 0.291941 0.243369
vt 0.847484 0.939502
vt 0.847484 0.967749
vt 0.729275 0.967749
vt 0.635363 0.689502
vt 0.608063 0.748999
vt 0.635363 0.748999
vt 0.284567 0.006885
vt 0.291180 0.006492
vt 0.294041 0.429640
vt 0.288545 0.430919
vt 0.290085 0.424818
vt 0.296408 0.424540
vt 0.291199 0.048465
vt 0.297876 0.048178
vt 0.295355 0.053588
vt 0.289548 0.054942
vt 0.287950 0.635770
vt 0.282781 0.635770
vt 0.283435 0.629510
vt 0.289459 0.629867
vt 0.278323 0.203294
vt 0.285076 0.203993
vt 0.277939 0.209791
vt 0.297260 0.113075
vt 0.298585 0.118776
vt 0.292204 0.117134
vt 0.291939 0.110589
vt 0.286331 0.244524
vt 0.291736 0.245655
vt 0.271570 0.520369
vt 0.297512 0.419304
vt 0.291001 0.418642
vt 0.291378 0.412401
vt 0.297512 0.413950
vt 0.236626 0.947325
vt 0.236626 0.952993
vt 0.291819 0.123621
vt 0.290861 0.130064
vt 0.236627 0.977661
vt 0.235459 0.983210
vt 0.296609 0.619389
vt 0.295379 0.614096
vt 0.298310 0.286037
vt 0.291625 0.285338
vt 0.298310 0.280516
vt 0.224748 0.435564
vt 0.224037 0.397750
vt 0.231552 0.399116
vt 0.232542 0.435418
vt 0.280821 0.351498
vt 0.279209 0.357799
vt 0.272711 0.358068
vt 0.275164 0.352809
vt 0.292562 0.035312
vt 0.299039 0.036964
vt 0.299039 0.042631
vt 0.292171 0.041919
vt 0.296609 0.649602
vt 0.290349 0.648948
vt 0.283677 0.082421
vt 0.284397 0.089199
vt 0.277955 0.090151
vt 0.278216 0.083567
vt 0.290716 0.592816
vt 0.284758 0.591931
vt 0.285381 0.585683
vt 0.290433 0.586740
vt 0.278057 0.469166
vt 0.216998 0.914020
vt 0.218655 0.907545
vt 0.229745 0.185682
vt 0.220426 0.188803
vt 0.219334 0.178877
vt 0.229577 0.174230
vt 0.544454 0.783252
vt 0.544454 0.811499
vt 0.517154 0.811499
vt 0.221178 0.344051
vt 0.212613 0.327525
vt 0.222048 0.334042
vt 0.287159 0.796214
vt 0.287159 0.806512
vt 0.279687 0.807158
vt 0.279367 0.796447
vt 0.279209 0.398677
vt 0.272711 0.398401
vt 0.271570 0.393005
vt 0.283847 0.489284
vt 0.284518 0.495762
vt 0.277672 0.490212
vt 0.284540 0.547669
vt 0.283860 0.554152
vt 0.277681 0.553227
vt 0.278057 0.546990
vt 0.271570 0.387485
vt 0.284940 0.284640
vt 0.279276 0.196861
vt 0.285774 0.197239
vt 0.210395 0.468837
vt 0.209154 0.435857
vt 0.216948 0.435711
vt 0.289058 0.378238
vt 0.283543 0.378238
vt 0.283180 0.482816
vt 0.277943 0.481706
vt 0.277682 0.475403
vt 0.297510 0.471205
vt 0.211139 0.195539
vt 0.209154 0.188959
vt 0.223326 0.359941
vt 0.223110 0.348461
vt 0.230682 0.352845
vt 0.230186 0.362827
vt 0.285104 0.095958
vt 0.285800 0.102705
vt 0.279297 0.103081
vt 0.278346 0.096653
vt 0.280228 0.685859
vt 0.274935 0.684629
vt 0.272637 0.679699
vt 0.278720 0.679955
vt 0.292275 0.028635
vt 0.297680 0.031156
vt 0.278255 0.364168
vt 0.271569 0.363470
vt 0.241764 0.343821
vt 0.231523 0.348461
vt 0.231434 0.336950
vt 0.240751 0.333834
vt 0.283549 0.324755
vt 0.284226 0.331420
vt 0.277860 0.332377
vt 0.278149 0.325897
vt 0.290885 0.088808
vt 0.291851 0.095251
vt 0.291028 0.522409
vt 0.290097 0.528587
vt 0.275203 0.162140
vt 0.272719 0.156826
vt 0.271576 0.262018
vt 0.271570 0.256504
vt 0.278232 0.257213
vt 0.271570 0.202595
vt 0.271574 0.208174
vt 0.216578 0.399398
vt 0.290711 0.642926
vt 0.284089 0.648295
vt 0.284743 0.642035
vt 0.275189 0.191824
vt 0.280900 0.190491
vt 0.272715 0.197141
vt 0.277729 0.634703
vt 0.272799 0.632405
vt 0.271570 0.627107
vt 0.277468 0.628614
vt 0.283874 -0.000000
vt 0.289544 0.000000
vt 0.297169 0.304587
vt 0.294716 0.299327
vt 0.295549 0.566809
vt 0.296613 0.571871
vt 0.290369 0.572535
vt 0.289477 0.566562
vt 0.210375 0.294545
vt 0.279409 0.033949
vt 0.286016 0.034340
vt 0.285304 0.041207
vt 0.294951 0.083743
vt 0.297435 0.089068
vt 0.289248 0.082421
vt 0.272623 0.579504
vt 0.271570 0.574452
vt 0.271570 0.009493
vt 0.278027 0.007860
vt 0.002002 0.373999
vt 0.120211 0.373999
vt 0.120211 0.127002
vt 0.002002 0.123999
vt 0.241423 0.123999
vt 0.241423 0.002002
vt 0.608063 0.248999
vt 0.726272 0.248999
vt 0.726272 0.002002
vt 0.365638 0.623999
vt 0.605060 0.502002
vt 0.605060 0.623999
vt 0.074828 0.999987
vt 0.037414 0.999988
vt 0.037414 0.528279
vt 0.074828 0.528279
vt 0.000000 0.999988
vt 0.000000 0.528280
vt 0.298580 0.100100
vt 0.297242 0.105802
vt 0.291934 0.108287
vt 0.292228 0.101738
vt 0.289458 0.691761
vt 0.290349 0.697729
vt 0.283435 0.692123
vt 0.289245 0.217505
vt 0.294956 0.218833
vt 0.297434 0.224148
vt 0.290873 0.223873
vt 0.297006 0.248104
vt 0.283666 0.190486
vt 0.284371 0.183728
vt 0.290868 0.184117
vt 0.289240 0.190485
vt 0.232918 0.508051
vt 0.233788 0.518001
vt 0.283180 0.534699
vt 0.285304 0.068681
vt 0.278437 0.069393
vt 0.278046 0.062786
vt 0.284592 0.061814
vt 0.544454 0.627002
vt 0.544454 0.686499
vt 0.517154 0.686499
vt 0.271570 0.491790
vt 0.229873 0.961326
vt 0.224328 0.962498
vt 0.279047 0.785731
vt 0.271570 0.796680
vt 0.271575 0.786382
vt 0.250025 0.327108
vt 0.251540 0.294086
vt 0.290660 0.331045
vt 0.291607 0.337410
vt 0.284917 0.338100
vt 0.296602 0.594327
vt 0.295355 0.589042
vt 0.286483 0.109437
vt 0.283435 0.654554
vt 0.282781 0.660814
vt 0.277729 0.659747
vt 0.277468 0.653658
vt 0.251942 0.333740
vt 0.271570 0.226844
vt 0.277938 0.225221
vt 0.278326 0.231713
vt 0.271574 0.232417
vt 0.292274 0.081253
vt 0.286728 0.082421
vt 0.286016 0.075549
vt 0.292562 0.074576
vt 0.282782 0.660819
vt 0.287945 0.660814
vt 0.218655 0.962498
vt 0.217003 0.956022
vt 0.279188 0.250839
vt 0.272711 0.251100
vt 0.275171 0.245834
vt 0.280819 0.244520
vt 0.291733 0.323615
vt 0.286337 0.324755
vt 0.286337 0.404978
vt 0.280816 0.404978
vt 0.288533 0.534699
vt 0.296400 0.528325
vt 0.294020 0.533428
vt 0.296998 0.321162
vt 0.298309 0.315504
vt 0.272934 0.003676
vt 0.278331 0.001167
vt 0.272637 0.704744
vt 0.271570 0.699691
vt 0.283542 0.378238
vt 0.284241 0.371553
vt 0.280907 0.109443
vt 0.275202 0.110784
vt 0.209154 0.261558
vt 0.209638 0.228555
vt 0.302029 0.873999
vt 0.274729 0.873999
vt 0.302029 0.814502
vt 0.758577 0.497998
vt 0.758577 0.438501
vt 0.785877 0.438501
vt 0.277490 0.567797
vt 0.271570 0.569280
vt 0.279687 0.828585
vt 0.279367 0.817869
vt 0.287159 0.817636
vt 0.287159 0.827934
vt 0.297439 0.129808
vt 0.294969 0.135134
vt 0.289252 0.136454
vt 0.222888 0.921283
vt 0.229760 0.922001
vt 0.297512 0.494434
vt 0.297511 0.499790
vt 0.291006 0.495091
vt 0.225459 0.473378
vt 0.726272 0.686499
vt 0.698972 0.686499
vt 0.726272 0.627002
vt 0.695969 0.627002
vt 0.695969 0.686499
vt 0.668669 0.686499
vt 0.298310 0.309988
vt 0.283881 0.054947
vt 0.280228 0.710903
vt 0.284592 0.048075
vt 0.284940 0.364867
vt 0.277871 0.370598
vt 0.216991 0.968952
vt 0.216007 0.975491
vt 0.209154 0.974800
vt 0.210326 0.969258
vt 0.278236 0.338802
vt 0.271570 0.339518
vt 0.726272 0.689502
vt 0.698972 0.748999
vt 0.726272 0.748999
vt 0.695969 0.748999
vt 0.695969 0.689502
vt 0.668669 0.748999
vt 0.275059 0.432195
vt 0.280546 0.430924
vt 0.272679 0.437299
vt 0.277829 0.622596
vt 0.271569 0.621943
vt 0.272638 0.616885
vt 0.278720 0.616629
vt 0.272799 0.657449
vt 0.271570 0.652151
vt 0.272719 0.237876
vt 0.275203 0.243190
vt 0.297434 0.183842
vt 0.285079 0.149960
vt 0.284375 0.143207
vt 0.291832 0.149256
vt 0.290374 0.598837
vt 0.296613 0.599495
vt 0.299042 0.017975
vt 0.299037 0.012310
vt 0.296602 0.577033
vt 0.295358 0.582321
vt 0.290433 0.584620
vt 0.290712 0.578549
vt 0.271570 0.447889
vt 0.272840 0.453375
vt 0.280909 0.163471
vt 0.291992 0.343845
vt 0.291730 0.350361
vt 0.286331 0.351497
vt 0.285617 0.344792
vt 0.277723 0.661882
vt 0.283880 0.054947
vt 0.285397 0.685859
vt 0.284743 0.679599
vt 0.297175 0.331341
vt 0.298311 0.336735
vt 0.271570 0.546310
vt 0.271570 0.368985
vt 0.543453 0.751001
vt 0.516153 0.751001
vt 0.516153 0.779248
vt 0.241423 0.689502
vt 0.214123 0.717749
vt 0.241423 0.717749
vt 0.296400 0.476442
vt 0.271570 0.468486
vt 0.272679 0.463250
vt 0.756575 0.002002
vt 0.756575 0.061499
vt 0.729275 0.061499
vt 0.847484 0.061499
vt 0.847484 0.002002
vt 0.820184 0.061499
vt 0.277468 0.693014
vt 0.271570 0.694521
vt 0.283463 0.566920
vt 0.285219 0.541187
vt 0.485849 0.779248
vt 0.485849 0.751001
vt 0.513149 0.751001
vt 0.576759 0.782251
vt 0.576759 0.810498
vt 0.604059 0.782251
vt 0.291136 0.535809
vt 0.291398 0.542112
vt 0.285899 0.534699
vt 0.290088 0.488917
vt 0.283672 0.217504
vt 0.284375 0.224257
vt 0.278326 0.150663
vt 0.299038 0.072925
vt 0.295379 0.639140
vt 0.296609 0.644433
vt 0.290455 0.636838
vt 0.277739 0.561694
vt 0.272805 0.563981
vt 0.271574 0.127122
vt 0.283843 0.424449
vt 0.284512 0.417970
vt 0.275164 0.403666
vt 0.294732 0.326084
vt 0.289067 0.324761
vt 0.817181 0.064502
vt 0.817181 0.123999
vt 0.789881 0.123999
vt 0.967695 0.376001
vt 0.940395 0.497998
vt 0.940395 0.376001
vt 0.272679 0.515132
vt 0.275059 0.510029
vt 0.280546 0.508758
vt 0.278983 0.514870
vt 0.277723 0.686926
vt 0.272799 0.689229
vt 0.277853 0.597546
vt 0.271570 0.596914
vt 0.286473 0.190486
vt 0.235277 0.911242
vt 0.236626 0.917050
vt 0.277938 0.144171
vt 0.278218 0.137605
vt 0.283672 0.136454
vt 0.278218 0.218654
vt 0.280816 0.324755
vt 0.275163 0.323443
vt 0.272710 0.318178
vt 0.279209 0.318453
vt 0.291028 0.548349
vt 0.227126 0.935021
vt 0.221458 0.935026
vt 0.759578 0.311499
vt 0.786878 0.311499
vt 0.786878 0.252002
vt 0.938393 0.752002
vt 0.911093 0.873999
vt 0.938393 0.873999
vt 0.280542 0.508758
vt 0.275065 0.507493
vt 0.278141 0.379379
vt 0.281060 0.027473
vt 0.286728 0.027473
vt 0.755574 0.438501
vt 0.728274 0.438501
vt 0.728274 0.497998
vt 0.240422 0.938501
vt 0.122213 0.966748
vt 0.122213 0.938501
vt 0.250803 0.228096
vt 0.239129 0.188594
vt 0.248551 0.195122
vt 0.296609 0.697075
vt 0.281067 0.027467
vt 0.291739 0.352639
vt 0.285638 0.358182
vt 0.286337 0.351497
vt 0.272901 0.267669
vt 0.216021 0.949477
vt 0.215630 0.942870
vt 0.280902 0.109432
vt 0.291941 0.162320
vt 0.292221 0.155753
vt 0.298584 0.154130
vt 0.297255 0.159841
vt 0.277953 0.483926
vt 0.272856 0.486312
vt 0.546456 0.810498
vt 0.546456 0.782251
vt 0.573756 0.782251
vt 0.456547 0.686499
vt 0.483847 0.658252
vt 0.483847 0.686499
vt 0.278224 0.216358
vt 0.216021 0.920566
vt 0.232917 0.471731
vt 0.240342 0.435271
vt 0.240342 0.468274
vt 0.453544 0.814502
vt 0.453544 0.873999
vt 0.426244 0.873999
vt 0.846483 0.438501
vt 0.819183 0.497998
vt 0.819183 0.438501
vt 0.271569 0.738258
vt 0.209154 0.764801
vt 0.240360 0.717524
vt 0.271570 0.785731
vt 0.286442 0.748316
vt 0.286442 0.785731
vt 0.271570 0.334006
vt 0.272897 0.328357
vt 0.272882 0.381832
vt 0.284089 0.623250
vt 0.290349 0.623904
vt 0.294736 0.269939
vt 0.289074 0.271261
vt 0.483847 0.720752
vt 0.483847 0.748999
vt 0.456547 0.748999
vt 0.286544 0.807356
vt 0.576759 0.779248
vt 0.576759 0.751001
vt 0.604059 0.751001
vt 0.546456 0.779248
vt 0.573756 0.751001
vt 0.546456 0.751001
vt 0.283677 0.136454
vt 0.296609 0.624558
vt 0.236627 0.971997
vt 0.296998 0.355091
vt 0.285194 0.411478
vt 0.029302 0.627002
vt 0.002002 0.686499
vt 0.029302 0.686499
vt 0.120211 0.686499
vt 0.120211 0.627002
vt 0.092911 0.686499
vt 0.285899 0.430924
vt 0.291136 0.432034
vt 0.271570 0.064437
vt 0.272928 0.058630
vt 0.278334 0.056109
vt 0.271570 0.288759
vt 0.271570 0.283243
vt 0.278255 0.283941
vt 0.283180 0.560640
vt 0.277943 0.559530
vt 0.002002 0.998999
vt 0.120211 0.998999
vt 0.120211 0.970752
vt 0.209154 0.696884
vt 0.574757 0.373999
vt 0.547457 0.373999
vt 0.574757 0.314502
vt 0.786878 0.189502
vt 0.759578 0.248999
vt 0.786878 0.248999
vt 0.285892 0.404982
vt 0.291133 0.406082
vt 0.296609 0.672031
vt 0.235282 0.966199
vt 0.229872 0.963666
vt 0.297510 0.439901
vt 0.293243 0.634540
vt 0.295541 0.629611
vt 0.212847 0.961149
vt 0.210326 0.955739
vt 0.302029 0.627002
vt 0.302029 0.655249
vt 0.274729 0.655249
vt 0.272190 0.828381
vt 0.285219 0.515246
vt 0.291927 0.191632
vt 0.292212 0.198199
vt 0.282782 0.685863
vt 0.278213 0.189336
vt 0.277933 0.182769
vt 0.272840 0.557150
vt 0.271570 0.551664
vt 0.278220 0.135308
vt 0.272911 0.132843
vt 0.291398 0.516171
vt 0.297510 0.517735
vt 0.297510 0.523088
vt 0.153517 0.717749
vt 0.180817 0.717749
vt 0.180817 0.689502
vt 0.150514 0.720752
vt 0.123214 0.748999
vt 0.150514 0.748999
vt 0.029302 0.752002
vt 0.002002 0.811499
vt 0.029302 0.811499
vt 0.788880 0.438501
vt 0.788880 0.497998
vt 0.816180 0.438501
vt 0.298310 0.395726
vt 0.285899 0.508758
vt 0.291136 0.509868
vt 0.294951 0.189156
vt 0.285397 0.635775
vt 0.280233 0.635770
vt 0.285768 0.116166
vt 0.294020 0.481546
vt 0.288533 0.482816
vt 0.281060 0.082416
vt 0.279409 0.075939
vt 0.298586 0.124346
vt 0.285381 0.585683
vt 0.280209 0.585673
vt 0.293252 0.561874
vt 0.287963 0.560640
vt 0.224323 0.962498
vt 0.758577 0.501001
vt 0.785877 0.501001
vt 0.758577 0.560498
vt 0.786878 0.064502
vt 0.786878 0.123999
vt 0.759578 0.123999
vt 0.283188 0.482816
vt 0.283189 0.430924
vt 0.210326 0.914303
vt 0.212846 0.908899
vt 0.272715 0.102786
vt 0.271570 0.097335
vt 0.280233 0.610726
vt 0.112241 0.471709
vt 0.074828 0.471710
vt 0.074828 0.000001
vt 0.112241 0.000001
vt 0.149655 0.471708
vt 0.149655 -0.000000
vt 0.149655 0.943416
vt 0.112241 0.999988
vt 0.002002 0.623999
vt 0.120211 0.623999
vt 0.120211 0.377002
vt 0.209154 0.402854
vt 0.209900 0.369837
vt 0.216579 0.363083
vt 0.574757 0.689502
vt 0.574757 0.748999
vt 0.547457 0.748999
vt 0.638366 0.686499
vt 0.665666 0.627002
vt 0.665666 0.686499
vt 0.755574 0.501001
vt 0.728274 0.501001
vt 0.728274 0.560498
vt 0.998999 0.002002
vt 0.998999 0.123999
vt 0.971699 0.123999
vt 0.271574 0.151367
vt 0.271570 0.145795
vt 0.271570 0.070104
vt 0.879789 0.497998
vt 0.879789 0.251001
vt 0.907089 0.251001
vt 0.850487 0.248999
vt 0.877787 0.002002
vt 0.877787 0.248999
vt 0.164528 1.000000
vt 0.164528 0.528285
vt 0.179405 0.528285
vt 0.179405 1.000000
vt 0.149656 1.000000
vt 0.149656 0.528285
vt 0.877787 0.502002
vt 0.877787 0.748999
vt 0.850487 0.748999
vt 0.001001 0.904248
vt 0.240422 0.876001
vt 0.001001 0.876001
vt 0.209155 0.925516
vt 0.209154 0.919848
vt 0.291734 0.403837
vt 0.218653 0.962498
vt 0.282801 0.560640
vt 0.239101 0.402291
vt 0.284120 0.598188
vt 0.278255 0.312083
vt 0.241423 0.939502
vt 0.241423 0.967749
vt 0.123214 0.967749
vt 0.756575 0.439502
vt 0.729275 0.498999
vt 0.756575 0.498999
vt 0.239591 0.501297
vt 0.274935 0.637005
vt 0.289064 0.298010
vt 0.290671 0.291708
vt 0.279209 0.277571
vt 0.271570 0.181146
vt 0.252030 0.261080
vt 0.295540 0.666973
vt 0.296239 0.538189
vt 0.297510 0.543676
vt 0.286483 0.109437
vt 0.297700 0.023775
vt 0.298584 0.148552
vt 0.294716 0.296698
vt 0.297169 0.291433
vt 0.297685 0.078737
vt 0.272799 0.664184
vt 0.296997 0.274863
vt 0.274911 0.584427
vt 0.210503 0.931330
vt 0.819183 0.560498
vt 0.819183 0.501001
vt 0.846483 0.501001
vt 0.941396 0.998999
vt 0.968696 0.877002
vt 0.968696 0.998999
vt 0.235455 0.941779
vt 0.291829 0.204691
vt 0.275183 0.108093
vt 0.215908 0.936193
vt 0.209155 0.944526
vt 0.210504 0.938718
vt 0.236626 0.922718
vt 0.209154 0.950194
vt 0.296239 0.434414
vt 0.516153 0.872998
vt 0.516153 0.844751
vt 0.543453 0.844751
vt 0.150514 0.686499
vt 0.150514 0.658252
vt 0.123214 0.686499
vt 0.297510 0.549029
vt 0.485849 0.872998
vt 0.485849 0.844751
vt 0.513149 0.844751
vt 0.244426 0.717749
vt 0.271726 0.689502
vt 0.271726 0.717749
vt 0.271570 0.442535
vt 0.232935 0.936375
vt 0.272904 0.221132
vt 0.940395 0.501001
vt 0.967695 0.501001
vt 0.940395 0.622998
vt 0.756575 0.502002
vt 0.729275 0.561499
vt 0.756575 0.561499
vt 0.278146 0.377097
vt 0.294020 0.455594
vt 0.275253 0.081062
vt 0.272732 0.075651
vt 0.297875 0.006756
vt 0.295366 0.001343
vt 0.295540 0.692017
vt 0.123214 0.655249
vt 0.150514 0.655249
vt 0.150514 0.627002
vt 0.544454 0.752002
vt 0.517154 0.780249
vt 0.544454 0.780249
vt 0.272904 0.140082
vt 0.280822 0.271265
vt 0.274935 0.709673
vt 0.296239 0.512248
vt 0.272711 0.277841
vt 0.275163 0.272582
vt 0.574757 0.252002
vt 0.574757 0.311499
vt 0.547457 0.311499
vt 0.513149 0.313501
vt 0.485849 0.372998
vt 0.485849 0.313501
vt 0.486851 0.686499
vt 0.514151 0.686499
vt 0.514151 0.627002
vt 0.605060 0.627002
vt 0.577760 0.686499
vt 0.605060 0.686499
vt 0.294037 0.484103
vt 0.296407 0.489200
vt 0.288543 0.482821
vt 0.239919 0.178648
vt 0.250320 0.188500
vt 0.296246 0.505284
vt 0.998999 0.127002
vt 0.971699 0.186499
vt 0.998999 0.186499
vt 0.335335 0.873999
vt 0.362635 0.814502
vt 0.362635 0.873999
vt 0.272882 0.294416
vt 0.296247 0.408459
vt 0.235277 0.958806
vt 0.297441 0.210849
vt 0.294962 0.216165
vt 0.215709 0.353127
vt 0.275059 0.458146
vt 0.332332 0.689502
vt 0.332332 0.717749
vt 0.305032 0.717749
vt 0.543453 0.813501
vt 0.516153 0.841748
vt 0.516153 0.813501
vt 0.294716 0.379550
vt 0.271570 0.312782
vt 0.271569 0.832717
vt 0.240364 0.812077
vt 0.271569 0.764801
vt 0.847484 0.658252
vt 0.729275 0.686499
vt 0.847484 0.686499
vt 0.275198 0.164800
vt 0.847484 0.439502
vt 0.820184 0.498999
vt 0.847484 0.498999
vt 0.816180 0.501001
vt 0.788880 0.560498
vt 0.788880 0.501001
vt 0.237109 0.369325
vt 0.758577 0.563501
vt 0.785877 0.563501
vt 0.758577 0.622998
vt 0.726272 0.564502
vt 0.726272 0.623999
vt 0.698972 0.623999
vt 0.298584 0.229602
vt 0.275248 0.028831
vt 0.272732 0.034237
vt 0.286544 0.785934
vt 0.293244 0.662049
vt 0.293244 0.687093
vt 0.287945 0.685858
vt 0.638366 0.561499
vt 0.665666 0.561499
vt 0.665666 0.502002
vt 0.728274 0.622998
vt 0.755574 0.563501
vt 0.728274 0.563501
vt 0.819183 0.622998
vt 0.819183 0.563501
vt 0.846483 0.563501
vt 0.759578 0.061499
vt 0.786878 0.002002
vt 0.786878 0.061499
vt 0.272802 0.607382
vt 0.271570 0.602080
vt 0.212851 0.963864
vt 0.272899 0.186857
vt 0.275268 0.026108
vt 0.274935 0.611960
vt 0.232946 0.988631
vt 0.298582 0.205390
vt 0.272840 0.479326
vt 0.271570 0.473840
vt 0.485849 0.841748
vt 0.485849 0.813501
vt 0.513149 0.813501
vt 0.544454 0.842749
vt 0.544454 0.814502
vt 0.517154 0.842749
vt 0.297244 0.194106
vt 0.298582 0.199817
vt 0.305032 0.686499
vt 0.332332 0.686499
vt 0.332332 0.658252
vt 0.212633 0.153338
vt 0.221265 0.169818
vt 0.210864 0.159961
vt 0.272908 0.213884
vt 0.577760 0.311499
vt 0.605060 0.311499
vt 0.605060 0.252002
vt 0.756575 0.377002
vt 0.729275 0.436499
vt 0.756575 0.436499
vt 0.272882 0.374643
vt 0.298586 0.094529
vt 0.224026 0.870131
vt 0.224026 0.907545
vt 0.209154 0.907545
vt 0.209154 0.870131
vt 0.224026 0.832717
vt 0.209154 0.832717
vt 0.238903 0.832717
vt 0.238903 0.870131
vt 0.238903 0.907545
vt 0.298311 0.342258
vt 0.297004 0.347919
vt 0.271570 0.091754
vt 0.296998 0.401384
vt 0.272893 0.086034
vt 0.604059 0.844751
vt 0.576759 0.844751
vt 0.576759 0.872998
vt 0.362635 0.689502
vt 0.335335 0.717749
vt 0.362635 0.717749
vt 0.271570 0.748316
vt 0.271570 0.710903
vt 0.286447 0.710903
vt 0.209154 0.791344
vt 0.938393 0.877002
vt 0.938393 0.998999
vt 0.911093 0.998999
vt 0.608063 0.686499
vt 0.635363 0.627002
vt 0.635363 0.686499
vt 0.192176 0.879102
vt 0.191308 0.884985
vt 0.185430 0.885852
vt 0.187161 0.880832
vt 0.908090 0.752002
vt 0.908090 0.873999
vt 0.880790 0.873999
vt 0.305032 0.873999
vt 0.332332 0.814502
vt 0.332332 0.873999
vt 0.391313 0.040659
vt 0.391512 0.035295
vt 0.396873 0.035020
vt 0.396913 0.040620
vt 0.397098 0.349265
vt 0.392364 0.349795
vt 0.391525 0.346502
vt 0.397071 0.345521
vt 0.759578 0.186499
vt 0.786878 0.186499
vt 0.786878 0.127002
vt 0.756575 0.127002
vt 0.729275 0.186499
vt 0.756575 0.186499
vt 0.368404 0.372400
vt 0.368934 0.377134
vt 0.363130 0.377174
vt 0.362845 0.371623
vt 0.389914 0.548148
vt 0.389889 0.544529
vt 0.394460 0.544024
vt 0.395271 0.547201
vt 0.382465 0.269544
vt 0.383285 0.266142
vt 0.388169 0.266613
vt 0.388196 0.270478
vt 0.393050 0.310093
vt 0.392205 0.306800
vt 0.397757 0.305820
vt 0.397783 0.309564
vt 0.371577 0.544064
vt 0.370685 0.540577
vt 0.376561 0.539538
vt 0.376589 0.543505
vt 0.364759 0.123587
vt 0.364234 0.118854
vt 0.370034 0.118813
vt 0.370319 0.124365
vt 0.348500 0.259062
vt 0.342624 0.259967
vt 0.342842 0.254082
vt 0.348989 0.254038
vt 0.398278 0.046294
vt 0.398318 0.051894
vt 0.392718 0.051933
vt 0.392917 0.046568
vt 0.245848 0.944658
vt 0.244938 0.939299
vt 0.248553 0.939299
vt 0.249031 0.943870
vt 0.370013 0.073815
vt 0.363972 0.073858
vt 0.364186 0.068075
vt 0.369970 0.067774
vt 0.350525 0.661579
vt 0.350997 0.656695
vt 0.356720 0.655810
vt 0.356506 0.661537
vt 0.116371 0.975766
vt 0.116371 0.970166
vt 0.121730 0.969929
vt 0.120941 0.975288
vt 0.349853 0.103244
vt 0.350408 0.108256
vt 0.344266 0.108300
vt 0.343965 0.102418
vt 0.235162 0.943870
vt 0.235640 0.939299
vt 0.239255 0.939299
vt 0.238345 0.944658
vt 0.382077 0.356671
vt 0.382049 0.352769
vt 0.387837 0.353707
vt 0.387012 0.357146
vt 0.360019 0.691340
vt 0.360242 0.685455
vt 0.366123 0.685153
vt 0.366166 0.691297
vt 0.398358 0.057577
vt 0.398398 0.063177
vt 0.392798 0.063216
vt 0.393001 0.057851
vt 0.239218 0.545952
vt 0.242100 0.536773
vt 0.274404 0.535710
vt 0.268566 0.544075
vt 0.362706 0.364540
vt 0.362913 0.358984
vt 0.368717 0.358943
vt 0.368254 0.363684
vt 0.349793 0.094760
vt 0.343917 0.095664
vt 0.344135 0.089779
vt 0.350278 0.089736
vt 0.161498 0.421707
vt 0.161498 0.841423
vt 0.148261 0.841423
vt 0.148261 0.421707
vt 0.846483 0.782251
vt 0.607062 0.782251
vt 0.607062 0.810498
vt 0.847484 0.783252
vt 0.608063 0.811499
vt 0.847484 0.811499
vt 0.908090 0.002002
vt 0.908090 0.248999
vt 0.880790 0.248999
vt 0.907089 0.001001
vt 0.879789 0.247998
vt 0.879789 0.001001
vt 0.174731 0.421707
vt 0.174731 0.841423
vt 0.150514 0.811499
vt 0.123214 0.811499
vt 0.150514 0.752002
vt 0.241423 0.752002
vt 0.214123 0.811499
vt 0.241423 0.811499
vt 0.392881 0.074499
vt 0.392842 0.068899
vt 0.398202 0.069098
vt 0.398481 0.074460
vt 0.173868 0.884974
vt 0.173000 0.879092
vt 0.178016 0.880827
vt 0.179747 0.885842
vt 0.356131 0.668063
vt 0.356676 0.672944
vt 0.350696 0.672986
vt 0.350400 0.667263
vt 0.339542 0.490467
vt 0.330386 0.490806
vt 0.331179 0.484137
vt 0.339494 0.483526
vt 0.211120 0.689502
vt 0.211120 0.717749
vt 0.183820 0.717749
vt 0.244426 0.655249
vt 0.271726 0.627002
vt 0.271726 0.655249
vt 0.367084 0.579354
vt 0.360941 0.579397
vt 0.361160 0.573512
vt 0.367041 0.573211
vt 0.379979 0.651096
vt 0.385534 0.651303
vt 0.385820 0.656855
vt 0.380020 0.656896
vt 0.360759 0.188175
vt 0.359982 0.193734
vt 0.354434 0.194590
vt 0.356034 0.189841
vt 0.207252 0.896540
vt 0.201466 0.895687
vt 0.200617 0.889905
vt 0.205549 0.891608
vt 0.365638 0.811499
vt 0.392938 0.811499
vt 0.392938 0.752002
vt 0.968696 0.127002
vt 0.968696 0.248999
vt 0.941396 0.248999
vt 0.211120 0.752002
vt 0.211120 0.811499
vt 0.183820 0.811499
vt 0.180817 0.873999
vt 0.180817 0.814502
vt 0.153517 0.873999
vt 0.013980 0.950206
vt 0.018550 0.951788
vt 0.020132 0.956358
vt 0.014769 0.955569
vt 0.342508 0.247330
vt 0.342997 0.242310
vt 0.348874 0.241401
vt 0.348651 0.247286
vt 0.380217 0.638457
vt 0.386017 0.638416
vt 0.385810 0.643971
vt 0.380258 0.644256
vt 0.165586 0.884058
vt 0.160567 0.885789
vt 0.161434 0.879906
vt 0.167317 0.879038
vt 0.389882 0.557446
vt 0.389856 0.553832
vt 0.395225 0.554704
vt 0.394455 0.557892
vt 0.343118 0.303293
vt 0.342255 0.299903
vt 0.347123 0.298180
vt 0.348819 0.299857
vt 0.362635 0.752002
vt 0.362635 0.811499
vt 0.335335 0.811499
vt 0.305032 0.811499
vt 0.332332 0.752002
vt 0.332332 0.811499
vt 0.359409 0.473168
vt 0.359959 0.478101
vt 0.353918 0.478144
vt 0.353622 0.472360
vt 0.350537 0.683557
vt 0.349996 0.678675
vt 0.355977 0.678633
vt 0.356272 0.684356
vt 0.032305 0.686499
vt 0.059605 0.686499
vt 0.059605 0.627002
vt 0.756575 0.189502
vt 0.756575 0.248999
vt 0.729275 0.248999
vt 0.348559 0.234649
vt 0.342412 0.234692
vt 0.342901 0.229673
vt 0.348778 0.228764
vt 0.361203 0.678694
vt 0.360392 0.675516
vt 0.364951 0.673902
vt 0.366539 0.675473
vt 0.391667 0.359228
vt 0.391641 0.355484
vt 0.397201 0.356386
vt 0.396408 0.359691
vt 0.378739 0.265564
vt 0.372758 0.265606
vt 0.372716 0.259625
vt 0.378443 0.259840
vt 0.105324 0.969953
vt 0.109894 0.970426
vt 0.110688 0.975790
vt 0.105324 0.975553
vt 0.369628 0.055394
vt 0.369924 0.061178
vt 0.363883 0.061220
vt 0.363840 0.055180
vt 0.364203 0.111770
vt 0.364662 0.107029
vt 0.370210 0.106174
vt 0.370003 0.111729
vt 0.103024 0.944689
vt 0.101322 0.939757
vt 0.107107 0.940611
vt 0.107956 0.946397
vt 0.360027 0.200234
vt 0.360867 0.203527
vt 0.356141 0.205193
vt 0.354497 0.203572
vt 0.382388 0.258716
vt 0.383204 0.255310
vt 0.388093 0.255786
vt 0.388120 0.259646
vt 0.349387 0.285851
vt 0.348588 0.291582
vt 0.342869 0.292462
vt 0.344518 0.287570
vt 0.360765 0.667604
vt 0.360460 0.661723
vt 0.366607 0.661680
vt 0.366650 0.667823
vt 0.729275 0.623999
vt 0.756575 0.623999
vt 0.756575 0.564502
vt 0.847484 0.314502
vt 0.820184 0.373999
vt 0.847484 0.373999
vt 0.370753 0.550278
vt 0.375765 0.549718
vt 0.376656 0.553202
vt 0.370781 0.554245
vt 0.389061 0.526550
vt 0.389088 0.530452
vt 0.383296 0.529509
vt 0.384125 0.526070
vt 0.817181 0.252002
vt 0.817181 0.311499
vt 0.789881 0.311499
vt 0.759578 0.373999
vt 0.786878 0.314502
vt 0.786878 0.373999
vt 0.362426 0.042552
vt 0.368209 0.042766
vt 0.368509 0.048550
vt 0.362469 0.048592
vt 0.362847 0.351901
vt 0.362562 0.346349
vt 0.368121 0.347126
vt 0.368651 0.351860
vt 0.370849 0.563895
vt 0.370821 0.559928
vt 0.376711 0.560884
vt 0.375868 0.564384
vt 0.372798 0.271289
vt 0.378779 0.271247
vt 0.378564 0.276974
vt 0.372840 0.277269
vt 0.003537 0.950994
vt 0.006719 0.950206
vt 0.008297 0.954780
vt 0.006719 0.956358
vt 0.235859 0.069344
vt 0.235791 0.059810
vt 0.268104 0.059958
vt 0.269509 0.069107
vt 0.355887 0.690042
vt 0.356182 0.695766
vt 0.350451 0.694962
vt 0.349906 0.690085
vt 0.382017 0.342447
vt 0.386945 0.341902
vt 0.387819 0.345329
vt 0.382045 0.346349
vt 0.366594 0.706257
vt 0.366053 0.701380
vt 0.372034 0.701338
vt 0.372329 0.707061
vt 0.273758 0.723850
vt 0.307047 0.723616
vt 0.307140 0.736848
vt 0.273852 0.737083
vt 0.240474 0.724085
vt 0.240567 0.737317
vt 0.240381 0.710848
vt 0.273665 0.710614
vt 0.306954 0.710379
vt 0.380227 0.631618
vt 0.380186 0.625819
vt 0.385742 0.626026
vt 0.386027 0.631578
vt 0.362379 0.035955
vt 0.362337 0.029914
vt 0.368377 0.029872
vt 0.368158 0.035659
vt 0.395288 0.563570
vt 0.395313 0.567184
vt 0.390747 0.567694
vt 0.389931 0.564517
vt 0.160554 0.970153
vt 0.165917 0.969911
vt 0.165123 0.975275
vt 0.160554 0.975753
vt 0.236898 0.906415
vt 0.231172 0.906670
vt 0.232017 0.900945
vt 0.236898 0.900434
vt 0.271193 0.498178
vt 0.238887 0.499014
vt 0.244742 0.492922
vt 0.274092 0.491495
vt 0.359948 0.483785
vt 0.359468 0.488720
vt 0.353693 0.489610
vt 0.353908 0.483827
vt 0.359045 0.212490
vt 0.360711 0.217215
vt 0.355152 0.216438
vt 0.354296 0.210890
vt 0.389008 0.519106
vt 0.384075 0.519655
vt 0.383202 0.516223
vt 0.388981 0.515204
vt 0.378646 0.288637
vt 0.372922 0.288933
vt 0.372880 0.282952
vt 0.378861 0.282910
vt 0.095071 0.970431
vt 0.099641 0.969957
vt 0.099641 0.975557
vt 0.094278 0.975794
vt 0.786878 0.498999
vt 0.759578 0.498999
vt 0.786878 0.439502
vt 0.756575 0.064502
vt 0.756575 0.123999
vt 0.729275 0.123999
vt 0.113959 0.940611
vt 0.117393 0.939757
vt 0.119095 0.944689
vt 0.117393 0.946397
vt 0.225387 0.939299
vt 0.229001 0.939299
vt 0.229479 0.943869
vt 0.226296 0.944658
vt 0.213255 0.889945
vt 0.218187 0.891648
vt 0.219890 0.896580
vt 0.214104 0.895731
vt 0.341543 0.557029
vt 0.340658 0.551310
vt 0.345556 0.552960
vt 0.347274 0.557828
vt 0.149868 0.934360
vt 0.148137 0.929344
vt 0.154020 0.930212
vt 0.154883 0.936095
vt 0.398287 0.080381
vt 0.398561 0.085743
vt 0.392961 0.085782
vt 0.392922 0.080182
vt 0.359723 0.228460
vt 0.354175 0.229315
vt 0.355775 0.224567
vt 0.360500 0.222900
vt 0.391737 0.369152
vt 0.391711 0.365408
vt 0.397271 0.366310
vt 0.396478 0.369615
vt 0.219764 0.900689
vt 0.225489 0.900434
vt 0.224645 0.906160
vt 0.219764 0.906670
vt 0.340569 0.538668
vt 0.345467 0.540318
vt 0.347185 0.545191
vt 0.341454 0.544387
vt 0.362815 0.339263
vt 0.362530 0.333711
vt 0.368089 0.334488
vt 0.368619 0.339222
vt 0.397473 0.379532
vt 0.391912 0.378629
vt 0.392706 0.375325
vt 0.397446 0.375788
vt 0.789881 0.248999
vt 0.817181 0.248999
vt 0.817181 0.189502
vt 0.302029 0.752002
vt 0.274729 0.811499
vt 0.302029 0.811499
vt 0.131426 0.946447
vt 0.125640 0.945594
vt 0.124791 0.939808
vt 0.129723 0.941515
vt 0.370893 0.570102
vt 0.376782 0.571063
vt 0.375940 0.574558
vt 0.370921 0.574069
vt 0.350189 0.077099
vt 0.349970 0.082983
vt 0.343828 0.083027
vt 0.344312 0.078007
vt 0.353343 0.235005
vt 0.358920 0.238264
vt 0.357298 0.239909
vt 0.352549 0.238309
vt 0.388748 0.248809
vt 0.383863 0.248333
vt 0.383836 0.244473
vt 0.389568 0.245402
vt 0.360845 0.654965
vt 0.360539 0.649085
vt 0.366686 0.649041
vt 0.366730 0.655184
vt 0.277491 0.449183
vt 0.280373 0.440009
vt 0.309727 0.439041
vt 0.309794 0.448580
vt 0.372084 0.031182
vt 0.372299 0.025395
vt 0.378082 0.025099
vt 0.378125 0.031139
vt 0.135708 0.936112
vt 0.136575 0.930230
vt 0.142454 0.929362
vt 0.140723 0.934377
vt 0.577760 0.373999
vt 0.605060 0.373999
vt 0.605060 0.314502
vt 0.244426 0.998999
vt 0.362635 0.970752
vt 0.362635 0.998999
vt 0.241423 0.814502
vt 0.241423 0.873999
vt 0.214123 0.873999
vt 0.211120 0.873999
vt 0.211120 0.814502
vt 0.183820 0.873999
vt 0.084020 0.975321
vt 0.083231 0.969962
vt 0.088594 0.970199
vt 0.088594 0.975799
vt 0.358998 0.245581
vt 0.357398 0.250329
vt 0.352673 0.251996
vt 0.353450 0.246436
vt 0.384038 0.237499
vt 0.384011 0.233639
vt 0.389743 0.234568
vt 0.388923 0.237975
vt 0.370813 0.583772
vt 0.371656 0.580272
vt 0.376675 0.580761
vt 0.376703 0.584728
vt 0.377951 0.042609
vt 0.372167 0.042906
vt 0.372124 0.036865
vt 0.378165 0.036822
vt 0.398601 0.091426
vt 0.398402 0.096786
vt 0.393041 0.097065
vt 0.393001 0.091465
vt 0.359623 0.501033
vt 0.353582 0.501076
vt 0.354058 0.496140
vt 0.359837 0.495250
vt 0.425243 0.716748
vt 0.425243 0.688501
vt 0.452543 0.688501
vt 0.486851 0.811499
vt 0.514151 0.783252
vt 0.514151 0.811499
vt 0.378985 0.300554
vt 0.373258 0.300339
vt 0.372962 0.294616
vt 0.378943 0.294574
vt 0.125009 0.934380
vt 0.123278 0.929360
vt 0.129161 0.930227
vt 0.130024 0.936110
vt 0.352817 0.264048
vt 0.353594 0.258489
vt 0.359142 0.257634
vt 0.357543 0.262382
vt 0.063409 0.941467
vt 0.065144 0.939736
vt 0.068633 0.945619
vt 0.065144 0.946482
vt 0.514151 0.752002
vt 0.514151 0.780249
vt 0.486851 0.780249
vt 0.546456 0.844751
vt 0.546456 0.872998
vt 0.573756 0.844751
vt 0.368352 0.321032
vt 0.368641 0.326584
vt 0.363082 0.325806
vt 0.362552 0.321073
vt 0.338178 0.350553
vt 0.329021 0.350892
vt 0.328972 0.343956
vt 0.338511 0.343888
vt 0.340526 0.532600
vt 0.341330 0.526869
vt 0.347050 0.525984
vt 0.345400 0.530882
vt 0.240049 0.283325
vt 0.237308 0.275020
vt 0.270959 0.274783
vt 0.272365 0.283932
vt 0.391625 0.319086
vt 0.392423 0.315781
vt 0.397163 0.316244
vt 0.397190 0.319989
vt 0.373829 0.054363
vt 0.373533 0.048579
vt 0.379573 0.048537
vt 0.379616 0.054577
vt 0.390811 0.577470
vt 0.390000 0.574292
vt 0.395356 0.573345
vt 0.395382 0.576959
vt 0.378104 0.306499
vt 0.378400 0.312222
vt 0.372420 0.312264
vt 0.372377 0.306284
vt 0.275509 0.205509
vt 0.308798 0.205274
vt 0.308891 0.218511
vt 0.290438 0.671178
vt 0.290673 0.704467
vt 0.240104 0.671532
vt 0.137429 0.946449
vt 0.138278 0.940663
vt 0.144064 0.939810
vt 0.142361 0.944742
vt 0.380138 0.618981
vt 0.380097 0.613182
vt 0.385897 0.613141
vt 0.385690 0.618696
vt 0.355683 0.099589
vt 0.354033 0.097967
vt 0.359564 0.094629
vt 0.360408 0.097922
vt 0.117595 0.929309
vt 0.115864 0.934325
vt 0.110849 0.936060
vt 0.111712 0.930177
vt 0.276415 0.143753
vt 0.275010 0.134604
vt 0.308656 0.134366
vt 0.308723 0.143906
vt 0.383999 0.508823
vt 0.383126 0.505396
vt 0.388904 0.504376
vt 0.388932 0.508278
vt 0.383258 0.497012
vt 0.384087 0.493573
vt 0.389023 0.494053
vt 0.389050 0.497955
vt 0.368695 0.308392
vt 0.368483 0.313947
vt 0.362684 0.313988
vt 0.363147 0.309247
vt 0.121564 0.985268
vt 0.115765 0.985268
vt 0.115765 0.979463
vt 0.121318 0.979714
vt 0.367128 0.560573
vt 0.367171 0.566715
vt 0.361286 0.566497
vt 0.360985 0.560616
vt 0.353393 0.385540
vt 0.352843 0.380612
vt 0.358889 0.380569
vt 0.359185 0.386353
vt 0.372278 0.317949
vt 0.378005 0.318164
vt 0.378301 0.323887
vt 0.372320 0.323929
vt 0.003423 0.961637
vt 0.007993 0.960055
vt 0.007204 0.965419
vt 0.001845 0.966207
vt 0.270909 0.267694
vt 0.237258 0.267931
vt 0.239897 0.261858
vt 0.272203 0.261022
vt 0.378341 0.329570
vt 0.378383 0.335551
vt 0.372402 0.335593
vt 0.372618 0.329866
vt 0.098419 0.936029
vt 0.100150 0.931014
vt 0.105165 0.929279
vt 0.104302 0.935161
vt 0.379656 0.060261
vt 0.379699 0.066301
vt 0.373911 0.066082
vt 0.373615 0.060303
vt 0.019428 0.964630
vt 0.017846 0.966207
vt 0.014664 0.960848
vt 0.017846 0.960055
vt 0.209195 0.906003
vt 0.208355 0.900278
vt 0.214081 0.900533
vt 0.214081 0.906513
vt 0.391992 0.386196
vt 0.397539 0.385215
vt 0.397565 0.388959
vt 0.392832 0.389489
vt 0.373745 0.078068
vt 0.373702 0.072027
vt 0.379485 0.072242
vt 0.379786 0.078025
vt 0.027073 0.961710
vt 0.031648 0.960128
vt 0.030855 0.965491
vt 0.025496 0.966280
vt 0.044281 0.960118
vt 0.043492 0.965481
vt 0.038133 0.966270
vt 0.039711 0.961700
vt 0.360896 0.547978
vt 0.367039 0.547935
vt 0.367082 0.554078
vt 0.361198 0.553860
vt 0.150916 0.945578
vt 0.150067 0.939792
vt 0.154999 0.941499
vt 0.156701 0.946431
vt 0.392123 0.399418
vt 0.392096 0.395674
vt 0.396830 0.395144
vt 0.397670 0.398437
vt 0.398712 0.108309
vt 0.393112 0.108348
vt 0.393072 0.102748
vt 0.398438 0.102952
vt 0.372373 0.347257
vt 0.372588 0.341531
vt 0.378311 0.341235
vt 0.378353 0.347215
vt 0.483847 0.752002
vt 0.483847 0.811499
vt 0.456547 0.811499
vt 0.941396 0.498999
vt 0.968696 0.377002
vt 0.968696 0.498999
vt 0.373785 0.083751
vt 0.379825 0.083708
vt 0.379607 0.089491
vt 0.373827 0.089792
vt 0.298744 0.533453
vt 0.308960 0.533381
vt 0.304975 0.540073
vt 0.296105 0.539527
vt 0.368810 0.300485
vt 0.363262 0.301346
vt 0.363469 0.295786
vt 0.369273 0.295745
vt 0.225893 0.890102
vt 0.230824 0.891805
vt 0.232527 0.896737
vt 0.226746 0.895888
vt 0.076046 0.941462
vt 0.077777 0.939731
vt 0.081266 0.945614
vt 0.077777 0.946478
vt 0.241611 0.467462
vt 0.238601 0.458329
vt 0.267971 0.459792
vt 0.273927 0.468074
vt 0.393164 0.119631
vt 0.393124 0.114032
vt 0.398485 0.114231
vt 0.398764 0.119592
vt 0.072189 0.975803
vt 0.072189 0.970203
vt 0.077548 0.969966
vt 0.076759 0.975325
vt 0.378353 0.352899
vt 0.378395 0.358879
vt 0.372414 0.358921
vt 0.372629 0.353194
vt 0.353823 0.274661
vt 0.352983 0.271368
vt 0.357709 0.269697
vt 0.359353 0.271323
vt 0.359918 0.506714
vt 0.359703 0.512502
vt 0.353663 0.512544
vt 0.354138 0.507604
vt 0.370554 0.594946
vt 0.370526 0.590979
vt 0.375537 0.590419
vt 0.376430 0.593903
vt 0.061142 0.975803
vt 0.061931 0.970444
vt 0.066506 0.969966
vt 0.066506 0.975566
vt 0.384218 0.227176
vt 0.384190 0.223316
vt 0.389068 0.222771
vt 0.389936 0.226166
vt 0.202672 0.906473
vt 0.197791 0.905963
vt 0.196946 0.900237
vt 0.202672 0.900493
vt 0.373859 0.095475
vt 0.379900 0.095432
vt 0.379681 0.101219
vt 0.373902 0.101515
vt 0.325859 0.513496
vt 0.330756 0.515150
vt 0.332475 0.520019
vt 0.326744 0.519219
vt 0.382080 0.335516
vt 0.382053 0.331614
vt 0.386981 0.331065
vt 0.387854 0.334497
vt 0.055459 0.975804
vt 0.050096 0.975567
vt 0.050096 0.969967
vt 0.054670 0.970445
vt 0.380008 0.600544
vt 0.385807 0.600504
vt 0.385601 0.606059
vt 0.380049 0.606344
vt 0.211120 0.658252
vt 0.183820 0.686499
vt 0.211120 0.686499
vt 0.604059 0.813501
vt 0.576759 0.841748
vt 0.576759 0.813501
vt 0.817181 0.502002
vt 0.789881 0.561499
vt 0.817181 0.561499
vt 0.456547 0.873999
vt 0.483847 0.814502
vt 0.483847 0.873999
vt 0.039837 0.975326
vt 0.039049 0.969967
vt 0.044412 0.970204
vt 0.044412 0.975804
vt 0.362425 0.711183
vt 0.356637 0.710374
vt 0.355743 0.704595
vt 0.360687 0.706263
vt 0.376335 0.604078
vt 0.370460 0.605117
vt 0.370432 0.601150
vt 0.375443 0.600595
vt 0.817181 0.314502
vt 0.817181 0.373999
vt 0.789881 0.373999
vt 0.423241 0.811499
vt 0.423241 0.752002
vt 0.395941 0.811499
vt 0.092736 0.930141
vt 0.089247 0.936024
vt 0.087516 0.934289
vt 0.089247 0.929273
vt 0.349889 0.070346
vt 0.343747 0.070389
vt 0.344231 0.065370
vt 0.350108 0.064461
vt 0.483847 0.689502
vt 0.483847 0.717749
vt 0.456547 0.717749
vt 0.296458 0.520832
vt 0.309399 0.526796
vt 0.300537 0.527466
vt 0.398549 0.125514
vt 0.398824 0.130875
vt 0.393224 0.130915
vt 0.393184 0.125315
vt 0.338649 0.363444
vt 0.329110 0.363511
vt 0.329061 0.356575
vt 0.338222 0.356784
vt 0.379955 0.107156
vt 0.379998 0.113197
vt 0.373957 0.113240
vt 0.374171 0.107452
vt 0.273813 0.451826
vt 0.244445 0.450818
vt 0.238505 0.444805
vt 0.270820 0.445185
vt 0.360850 0.541484
vt 0.360807 0.535341
vt 0.366950 0.535298
vt 0.366731 0.541182
vt 0.353556 0.397008
vt 0.353007 0.392080
vt 0.359052 0.392038
vt 0.359348 0.397821
vt 0.360718 0.522703
vt 0.366861 0.522660
vt 0.366904 0.528803
vt 0.361019 0.528585
vt 0.028002 0.975814
vt 0.028791 0.970455
vt 0.033365 0.969977
vt 0.033365 0.975577
vt 0.389839 0.212438
vt 0.389867 0.216303
vt 0.384134 0.215369
vt 0.384950 0.211967
vt 0.384905 0.205506
vt 0.384041 0.202111
vt 0.389760 0.201101
vt 0.389787 0.204961
vt 0.353046 0.280350
vt 0.357795 0.281949
vt 0.359461 0.286675
vt 0.353902 0.285897
vt 0.344537 0.221172
vt 0.343977 0.216160
vt 0.350120 0.216117
vt 0.350426 0.221998
vt 0.353982 0.297329
vt 0.353142 0.294035
vt 0.357868 0.292369
vt 0.359513 0.293991
vt 0.016960 0.975577
vt 0.016960 0.969977
vt 0.021530 0.970455
vt 0.022319 0.975814
vt 0.390880 0.587245
vt 0.390068 0.584067
vt 0.395426 0.583120
vt 0.395451 0.586735
vt 0.369184 0.283112
vt 0.368721 0.287853
vt 0.363173 0.288708
vt 0.363380 0.283153
vt 0.847484 0.908252
vt 0.847484 0.936499
vt 0.729275 0.936499
vt 0.423241 0.814502
vt 0.395941 0.873999
vt 0.423241 0.873999
vt 0.357029 0.523985
vt 0.350989 0.524028
vt 0.350693 0.518249
vt 0.356480 0.519057
vt 0.075954 0.935166
vt 0.075086 0.929283
vt 0.080102 0.931014
vt 0.081833 0.936034
vt 0.392166 0.405598
vt 0.396900 0.405068
vt 0.397740 0.408361
vt 0.392193 0.409342
vt 0.384896 0.190303
vt 0.389785 0.190779
vt 0.389812 0.194639
vt 0.384080 0.193709
vt 0.191263 0.906318
vt 0.185538 0.906062
vt 0.185538 0.900082
vt 0.190423 0.900593
vt 0.392259 0.418769
vt 0.392233 0.415025
vt 0.397793 0.415928
vt 0.397000 0.419232
vt 0.338935 0.388686
vt 0.329401 0.388753
vt 0.329730 0.382089
vt 0.338886 0.381750
vt 0.050771 0.961700
vt 0.052349 0.960118
vt 0.055531 0.965481
vt 0.052349 0.966270
vt 0.342332 0.057761
vt 0.342551 0.051877
vt 0.348694 0.051833
vt 0.348205 0.056853
vt 0.337966 0.246634
vt 0.328816 0.247306
vt 0.330444 0.241245
vt 0.338759 0.239966
vt 0.369825 0.516145
vt 0.363682 0.516188
vt 0.363639 0.510045
vt 0.369524 0.510264
vt 0.392303 0.424949
vt 0.397863 0.425851
vt 0.397070 0.429156
vt 0.392329 0.428693
vt 0.341247 0.698694
vt 0.339532 0.697003
vt 0.345293 0.693524
vt 0.346167 0.696956
vt 0.353154 0.409334
vt 0.353634 0.404399
vt 0.359414 0.403504
vt 0.359199 0.409291
vt 0.368883 0.276030
vt 0.363084 0.276071
vt 0.363547 0.271331
vt 0.369095 0.270475
vt 0.088684 0.940594
vt 0.092173 0.939727
vt 0.093908 0.944742
vt 0.092173 0.946473
vt 0.179015 0.905611
vt 0.174129 0.906122
vt 0.174129 0.900141
vt 0.179854 0.899886
vt 0.163560 0.905601
vt 0.162721 0.899876
vt 0.168446 0.900131
vt 0.168446 0.906112
vt 0.069403 0.936038
vt 0.064387 0.934308
vt 0.062652 0.929288
vt 0.068536 0.930155
vt 0.383236 0.486648
vt 0.383208 0.482746
vt 0.389000 0.483689
vt 0.388171 0.487129
vt 0.398818 0.136559
vt 0.398857 0.142158
vt 0.393257 0.142198
vt 0.393456 0.136833
vt 0.344197 0.506454
vt 0.343312 0.500735
vt 0.348209 0.502385
vt 0.349928 0.507258
vt 0.309977 0.474477
vt 0.277674 0.474979
vt 0.280573 0.468296
vt 0.309928 0.467537
vt 0.374274 0.124702
vt 0.373978 0.118923
vt 0.380018 0.118880
vt 0.380061 0.124921
vt 0.370531 0.615291
vt 0.370503 0.611325
vt 0.375515 0.610765
vt 0.376407 0.614252
vt 0.128648 0.979714
vt 0.134202 0.979468
vt 0.134202 0.985272
vt 0.128402 0.985272
vt 0.376486 0.625420
vt 0.370596 0.624464
vt 0.371439 0.620968
vt 0.376458 0.621453
vt 0.384045 0.183336
vt 0.384018 0.179476
vt 0.389750 0.180406
vt 0.388930 0.183812
vt 0.061603 0.960117
vt 0.066174 0.961699
vt 0.067751 0.966269
vt 0.062392 0.965480
vt 0.149507 0.969929
vt 0.154870 0.970171
vt 0.154870 0.975771
vt 0.150300 0.975293
vt 0.348344 0.039198
vt 0.348646 0.045079
vt 0.342757 0.044253
vt 0.342202 0.039242
vt 0.080393 0.966265
vt 0.075819 0.964687
vt 0.074241 0.960113
vt 0.079605 0.960906
vt 0.398896 0.147842
vt 0.398697 0.153202
vt 0.393335 0.153481
vt 0.393295 0.147881
vt 0.272072 0.242410
vt 0.239758 0.242029
vt 0.237033 0.235994
vt 0.270684 0.235757
vt 0.344453 0.682702
vt 0.346169 0.684393
vt 0.340412 0.687867
vt 0.339534 0.684440
vt 0.360801 0.642328
vt 0.360496 0.636447
vt 0.366643 0.636403
vt 0.366686 0.642546
vt 0.141286 0.985022
vt 0.141040 0.979468
vt 0.146844 0.979468
vt 0.146844 0.985273
vt 0.397949 0.434833
vt 0.397976 0.438577
vt 0.393242 0.439107
vt 0.392402 0.435814
vt 0.356855 0.535451
vt 0.350814 0.535494
vt 0.351294 0.530558
vt 0.357069 0.529668
vt 0.372543 0.364604
vt 0.378524 0.364561
vt 0.378309 0.370288
vt 0.372585 0.370584
vt 0.383981 0.471913
vt 0.388921 0.472389
vt 0.388948 0.476291
vt 0.383156 0.475352
vt 0.357276 0.302989
vt 0.358921 0.304615
vt 0.353390 0.307953
vt 0.352551 0.304660
vt 0.342398 0.031233
vt 0.342096 0.025352
vt 0.347981 0.026178
vt 0.348540 0.031190
vt 0.389978 0.596117
vt 0.390749 0.592929
vt 0.395322 0.593370
vt 0.395348 0.596989
vt 0.059605 0.873999
vt 0.032305 0.873999
vt 0.059605 0.814502
vt 0.635363 0.564502
vt 0.635363 0.623999
vt 0.608063 0.623999
vt 0.151312 0.950129
vt 0.157037 0.950384
vt 0.157037 0.956364
vt 0.152156 0.955854
vt 0.368428 0.262574
vt 0.362881 0.263435
vt 0.363092 0.257875
vt 0.368891 0.257834
vt 0.180817 0.752002
vt 0.153517 0.811499
vt 0.180817 0.811499
vt 0.062608 0.873999
vt 0.089908 0.814502
vt 0.089908 0.873999
vt 0.353272 0.420802
vt 0.353752 0.415867
vt 0.359532 0.414972
vt 0.359317 0.420760
vt 0.093030 0.960108
vt 0.091448 0.964682
vt 0.086879 0.966260
vt 0.087667 0.960896
vt 0.369693 0.497365
vt 0.369736 0.503507
vt 0.363852 0.503289
vt 0.363550 0.497408
vt 0.290393 0.664749
vt 0.239824 0.631820
vt 0.290158 0.631465
vt 0.275776 0.243345
vt 0.309154 0.256342
vt 0.275869 0.256577
vt 0.544454 0.845752
vt 0.544454 0.873999
vt 0.517154 0.873999
vt 0.546456 0.813501
vt 0.546456 0.841748
vt 0.573756 0.813501
vt 0.368782 0.250755
vt 0.362983 0.250796
vt 0.362693 0.245244
vt 0.368252 0.246021
vt 0.275291 0.174582
vt 0.276568 0.165415
vt 0.308870 0.164811
vt 0.308938 0.174345
vt 0.219703 0.939299
vt 0.218789 0.944658
vt 0.215606 0.943870
vt 0.216084 0.939299
vt 0.366835 0.623764
vt 0.366612 0.629649
vt 0.360731 0.629950
vt 0.360688 0.623808
vt 0.372777 0.382247
vt 0.372734 0.376267
vt 0.378462 0.376482
vt 0.378757 0.382205
vt 0.353613 0.432269
vt 0.353312 0.426486
vt 0.359104 0.427298
vt 0.359653 0.432226
vt 0.355757 0.110204
vt 0.354108 0.108583
vt 0.359639 0.105245
vt 0.360483 0.108538
vt 0.356895 0.541134
vt 0.357191 0.546914
vt 0.351399 0.546105
vt 0.350854 0.541177
vt 0.369796 0.484726
vt 0.369839 0.490869
vt 0.363955 0.490650
vt 0.363653 0.484769
vt 0.358729 0.042685
vt 0.352587 0.042728
vt 0.352285 0.036847
vt 0.358174 0.037674
vt 0.244426 0.873999
vt 0.271726 0.873999
vt 0.271726 0.814502
vt 0.729275 0.748999
vt 0.847484 0.720752
vt 0.847484 0.748999
vt 0.374057 0.136688
vt 0.374271 0.130901
vt 0.380055 0.130605
vt 0.380097 0.136645
vt 0.011276 0.975505
vt 0.005918 0.975741
vt 0.006706 0.970383
vt 0.011276 0.969905
vt 0.364142 0.099132
vt 0.364600 0.094392
vt 0.370148 0.093536
vt 0.369942 0.099091
vt 0.139903 0.956127
vt 0.139903 0.950146
vt 0.144784 0.950657
vt 0.145629 0.956382
vt 0.389543 0.605896
vt 0.390309 0.602708
vt 0.394887 0.603154
vt 0.394913 0.606772
vt 0.361634 0.938501
vt 0.243425 0.938501
vt 0.243425 0.966748
vt 0.239778 0.625387
vt 0.289878 0.591743
vt 0.290113 0.625032
vt 0.343270 0.494667
vt 0.344074 0.488936
vt 0.349793 0.488056
vt 0.348143 0.492948
vt 0.306601 0.032539
vt 0.272951 0.032776
vt 0.272902 0.025840
vt 0.305214 0.025886
vt 0.236877 0.213771
vt 0.238153 0.204603
vt 0.271804 0.204366
vt 0.269181 0.212708
vt 0.357272 0.558378
vt 0.351231 0.558420
vt 0.350935 0.552641
vt 0.356727 0.553450
vt 0.349896 0.475417
vt 0.349092 0.481148
vt 0.343372 0.482028
vt 0.345022 0.477136
vt 0.366542 0.611388
vt 0.366848 0.617269
vt 0.360700 0.617313
vt 0.360657 0.611169
vt 0.099516 0.960103
vt 0.104875 0.960892
vt 0.105664 0.966256
vt 0.101094 0.964678
vt 0.375600 0.631109
vt 0.376492 0.634597
vt 0.370616 0.635636
vt 0.370588 0.631669
vt 0.393413 0.164764
vt 0.393373 0.159164
vt 0.398973 0.159125
vt 0.398770 0.164485
vt 0.384888 0.173008
vt 0.384024 0.169614
vt 0.389742 0.168604
vt 0.389770 0.172464
vt 0.847484 0.127002
vt 0.820184 0.186499
vt 0.847484 0.186499
vt 0.786878 0.436499
vt 0.786878 0.377002
vt 0.759578 0.436499
vt 0.006420 0.984798
vt 0.001845 0.985276
vt 0.001845 0.979676
vt 0.007209 0.979439
vt 0.380136 0.142328
vt 0.379921 0.148111
vt 0.374138 0.148412
vt 0.374095 0.142371
vt 0.786878 0.623999
vt 0.759578 0.623999
vt 0.786878 0.564502
vt 0.786878 0.502002
vt 0.786878 0.561499
vt 0.759578 0.561499
vt 0.051745 0.930155
vt 0.055238 0.929288
vt 0.056969 0.934308
vt 0.055238 0.936038
vt 0.389697 0.162142
vt 0.383965 0.161212
vt 0.384781 0.157806
vt 0.389669 0.158282
vt 0.397233 0.449003
vt 0.392493 0.448540
vt 0.392466 0.444796
vt 0.398026 0.445698
vt 0.371242 0.641315
vt 0.376262 0.641804
vt 0.376290 0.645771
vt 0.370400 0.644810
vt 0.381973 0.320272
vt 0.387761 0.321210
vt 0.386936 0.324649
vt 0.382001 0.324174
vt 0.116914 0.960866
vt 0.113731 0.966230
vt 0.112154 0.964652
vt 0.113731 0.960078
vt 0.374433 0.154349
vt 0.380216 0.154052
vt 0.380259 0.160093
vt 0.374218 0.160136
vt 0.153677 0.985272
vt 0.153923 0.979719
vt 0.159482 0.979468
vt 0.159482 0.985272
vt 0.389618 0.150799
vt 0.384737 0.151344
vt 0.383873 0.147950
vt 0.389591 0.146939
vt 0.356660 0.569002
vt 0.350881 0.569892
vt 0.351095 0.564105
vt 0.357136 0.564062
vt 0.360611 0.604675
vt 0.360834 0.598791
vt 0.366715 0.598489
vt 0.366759 0.604632
vt 0.354185 0.122268
vt 0.355790 0.117520
vt 0.360515 0.115854
vt 0.359733 0.121413
vt 0.353430 0.443739
vt 0.353649 0.437952
vt 0.359690 0.437910
vt 0.359210 0.442845
vt 0.352432 0.313643
vt 0.357991 0.314420
vt 0.358847 0.319968
vt 0.354099 0.318369
vt 0.029302 0.814502
vt 0.002002 0.873999
vt 0.029302 0.873999
vt 0.120211 0.873999
vt 0.120211 0.814502
vt 0.092911 0.873999
vt 0.378570 0.388145
vt 0.378865 0.393868
vt 0.372885 0.393910
vt 0.372842 0.387930
vt 0.122986 0.960080
vt 0.128350 0.960868
vt 0.129138 0.966232
vt 0.124564 0.964654
vt 0.817181 0.127002
vt 0.789881 0.186499
vt 0.817181 0.186499
vt 0.453544 0.811499
vt 0.453544 0.752002
vt 0.426244 0.811499
vt 0.363876 0.472390
vt 0.369757 0.472088
vt 0.369801 0.478231
vt 0.363657 0.478274
vt 0.391513 0.329011
vt 0.392311 0.325706
vt 0.397052 0.326169
vt 0.397078 0.329913
vt 0.134220 0.956382
vt 0.128495 0.956127
vt 0.128495 0.950146
vt 0.133380 0.950657
vt 0.117086 0.956380
vt 0.117926 0.950655
vt 0.122811 0.950145
vt 0.122811 0.956125
vt 0.358820 0.332022
vt 0.353261 0.331245
vt 0.352405 0.325697
vt 0.357154 0.327297
vt 0.369825 0.233373
vt 0.370355 0.238106
vt 0.364556 0.238147
vt 0.364266 0.232595
vt 0.455546 0.685498
vt 0.455546 0.657251
vt 0.482846 0.657251
vt 0.338372 0.375792
vt 0.329166 0.369194
vt 0.338705 0.369127
vt 0.388029 0.461048
vt 0.388907 0.464475
vt 0.383129 0.465499
vt 0.383101 0.461597
vt 0.169339 0.896179
vt 0.164407 0.894471
vt 0.162704 0.889540
vt 0.168490 0.890393
vt 0.135624 0.960080
vt 0.140983 0.960868
vt 0.141776 0.966232
vt 0.137201 0.964654
vt 0.399053 0.170408
vt 0.399093 0.176007
vt 0.393727 0.175804
vt 0.393453 0.170447
vt 0.371296 0.655976
vt 0.370408 0.652493
vt 0.376284 0.651454
vt 0.376312 0.655421
vt 0.398097 0.455622
vt 0.397303 0.458927
vt 0.392562 0.458464
vt 0.392536 0.454720
vt 0.382109 0.313851
vt 0.382081 0.309949
vt 0.387010 0.309404
vt 0.387883 0.312831
vt 0.356589 0.580472
vt 0.350814 0.581362
vt 0.351028 0.575575
vt 0.357069 0.575532
vt 0.376194 0.662622
vt 0.375352 0.666122
vt 0.370332 0.665633
vt 0.370304 0.661667
vt 0.289598 0.552030
vt 0.289833 0.585315
vt 0.239498 0.585670
vt 0.362635 0.939502
vt 0.244426 0.967749
vt 0.362635 0.967749
vt 0.310070 0.487649
vt 0.280707 0.487304
vt 0.277714 0.480662
vt 0.310021 0.480713
vt 0.383795 0.136658
vt 0.388672 0.136113
vt 0.389541 0.139508
vt 0.383822 0.140518
vt 0.383768 0.126285
vt 0.389486 0.125275
vt 0.389514 0.129135
vt 0.384632 0.129680
vt 0.383735 0.118854
vt 0.383708 0.114994
vt 0.388585 0.114449
vt 0.389454 0.117844
vt 0.358811 0.054251
vt 0.352922 0.053430
vt 0.352367 0.048413
vt 0.358510 0.048370
vt 0.383902 0.454661
vt 0.383028 0.451229
vt 0.388807 0.450210
vt 0.388834 0.454112
vt 0.305348 0.044894
vt 0.273040 0.045400
vt 0.272991 0.038459
vt 0.306641 0.038222
vt 0.399057 0.181691
vt 0.399096 0.187291
vt 0.393732 0.187088
vt 0.393457 0.181731
vt 0.105677 0.950350
vt 0.111403 0.950094
vt 0.110563 0.955820
vt 0.105677 0.956330
vt 0.358803 0.337706
vt 0.358025 0.343265
vt 0.352478 0.344121
vt 0.354078 0.339372
vt 0.350546 0.203476
vt 0.350057 0.208495
vt 0.344181 0.209404
vt 0.344399 0.203519
vt 0.148261 0.960080
vt 0.152836 0.961662
vt 0.154414 0.966232
vt 0.149055 0.965443
vt 0.345397 0.671863
vt 0.346275 0.675291
vt 0.341355 0.677028
vt 0.339640 0.675337
vt 0.369753 0.465593
vt 0.363610 0.465637
vt 0.363829 0.459752
vt 0.369710 0.459450
vt 0.161688 0.960851
vt 0.167047 0.960062
vt 0.165469 0.964637
vt 0.160899 0.966214
vt 0.376122 0.675767
vt 0.371110 0.676322
vt 0.370218 0.672839
vt 0.376094 0.671800
vt 0.346648 0.659523
vt 0.344980 0.664467
vt 0.340060 0.666205
vt 0.340868 0.660413
vt 0.354220 0.134322
vt 0.355824 0.129574
vt 0.360549 0.127907
vt 0.359767 0.133466
vt 0.094268 0.950170
vt 0.099994 0.950426
vt 0.099994 0.956406
vt 0.095108 0.955896
vt 0.382969 0.442856
vt 0.383794 0.439413
vt 0.388734 0.439892
vt 0.388761 0.443794
vt 0.271726 0.752002
vt 0.244426 0.811499
vt 0.271726 0.811499
vt 0.847484 0.623999
vt 0.847484 0.564502
vt 0.820184 0.623999
vt 0.206308 0.939299
vt 0.209923 0.939299
vt 0.209013 0.944658
vt 0.205831 0.943869
vt 0.388537 0.103617
vt 0.389405 0.107007
vt 0.383686 0.108022
vt 0.383659 0.104157
vt 0.356451 0.587855
vt 0.356996 0.592788
vt 0.350955 0.592830
vt 0.350659 0.587047
vt 0.370314 0.686498
vt 0.370286 0.682532
vt 0.375298 0.681976
vt 0.376190 0.685459
vt 0.390407 0.616584
vt 0.389596 0.613407
vt 0.394953 0.612456
vt 0.394979 0.616074
vt 0.380299 0.165776
vt 0.380084 0.171559
vt 0.374301 0.171859
vt 0.374258 0.165819
vt 0.372962 0.399593
vt 0.378943 0.399551
vt 0.378728 0.405278
vt 0.373004 0.405574
vt 0.385799 0.696040
vt 0.385771 0.692073
vt 0.391661 0.693033
vt 0.390818 0.696529
vt 0.196050 0.939143
vt 0.199669 0.939143
vt 0.200147 0.943713
vt 0.196964 0.944501
vt 0.166315 0.979450
vt 0.171869 0.979696
vt 0.172115 0.985254
vt 0.166315 0.985254
vt 0.378810 0.416942
vt 0.373087 0.417238
vt 0.373044 0.411257
vt 0.379025 0.411215
vt 0.355929 0.144731
vt 0.354258 0.140005
vt 0.359817 0.140783
vt 0.360678 0.146330
vt 0.345011 0.467695
vt 0.343287 0.462821
vt 0.349023 0.463625
vt 0.349903 0.469344
vt 0.356870 0.598472
vt 0.356656 0.604259
vt 0.350615 0.604302
vt 0.351095 0.599361
vt 0.338796 0.503093
vt 0.330477 0.503704
vt 0.330428 0.496763
vt 0.339584 0.496424
vt 0.247300 0.926100
vt 0.243333 0.926100
vt 0.242809 0.921085
vt 0.246303 0.920217
vt 0.236584 0.172248
vt 0.239207 0.163911
vt 0.271511 0.162843
vt 0.270235 0.172011
vt 0.398899 0.198339
vt 0.393537 0.198614
vt 0.393498 0.193014
vt 0.399098 0.192974
vt 0.394228 0.622241
vt 0.395044 0.625418
vt 0.389688 0.626366
vt 0.389662 0.622747
vt 0.174330 0.910608
vt 0.179689 0.909819
vt 0.178111 0.914394
vt 0.173537 0.915972
vt 0.353538 0.455208
vt 0.353757 0.449420
vt 0.359798 0.449378
vt 0.359318 0.454314
vt 0.370517 0.225467
vt 0.364958 0.224685
vt 0.364428 0.219951
vt 0.370227 0.219911
vt 0.379149 0.428859
vt 0.373169 0.428901
vt 0.373384 0.423174
vt 0.379107 0.422879
vt 0.373208 0.434584
vt 0.378935 0.434799
vt 0.379231 0.440523
vt 0.373250 0.440565
vt 0.393423 0.464638
vt 0.398163 0.465101
vt 0.398189 0.468845
vt 0.392629 0.467942
vt 0.574757 0.783252
vt 0.574757 0.811499
vt 0.547457 0.811499
vt 0.547457 0.873999
vt 0.574757 0.845752
vt 0.574757 0.873999
vt 0.238022 0.376251
vt 0.243860 0.367886
vt 0.273208 0.366009
vt 0.270326 0.375183
vt 0.383618 0.097190
vt 0.383591 0.093325
vt 0.388473 0.092784
vt 0.389337 0.096175
vt 0.398211 0.477827
vt 0.392664 0.478808
vt 0.392637 0.475064
vt 0.397371 0.474534
vt 0.190935 0.915374
vt 0.187752 0.916167
vt 0.186174 0.911593
vt 0.187752 0.910015
vt 0.729275 0.373999
vt 0.756575 0.373999
vt 0.756575 0.314502
vt 0.847484 0.377002
vt 0.820184 0.436499
vt 0.847484 0.436499
vt 0.816180 0.563501
vt 0.788880 0.622998
vt 0.788880 0.563501
vt 0.817181 0.498999
vt 0.817181 0.439502
vt 0.789881 0.498999
vt 0.189889 0.939143
vt 0.190367 0.943713
vt 0.187184 0.944501
vt 0.186270 0.939143
vt 0.360688 0.592037
vt 0.360911 0.586152
vt 0.366792 0.585850
vt 0.366835 0.591993
vt 0.348971 0.451628
vt 0.349840 0.455022
vt 0.344966 0.456741
vt 0.343270 0.455069
vt 0.039315 0.936039
vt 0.040183 0.930156
vt 0.046061 0.929289
vt 0.044331 0.934305
vt 0.385978 0.588110
vt 0.386263 0.593662
vt 0.380464 0.593703
vt 0.380423 0.587904
vt 0.605060 0.752002
vt 0.605060 0.780249
vt 0.577760 0.780249
vt 0.574757 0.752002
vt 0.547457 0.780249
vt 0.574757 0.780249
vt 0.340949 0.648420
vt 0.346759 0.651812
vt 0.345068 0.653531
vt 0.340124 0.651859
vt 0.364630 0.212871
vt 0.364837 0.207315
vt 0.370641 0.207274
vt 0.370178 0.212015
vt 0.345087 0.640996
vt 0.340168 0.642733
vt 0.340981 0.636942
vt 0.346756 0.636052
vt 0.309070 0.345161
vt 0.276758 0.345115
vt 0.276709 0.338174
vt 0.306077 0.338519
vt 0.349702 0.439310
vt 0.348898 0.445041
vt 0.343178 0.445921
vt 0.344828 0.441028
vt 0.082860 0.956411
vt 0.082860 0.950430
vt 0.088585 0.950175
vt 0.087740 0.955900
vt 0.373314 0.446248
vt 0.379042 0.446463
vt 0.379337 0.452186
vt 0.373357 0.452228
vt 0.389750 0.635231
vt 0.390516 0.632043
vt 0.395094 0.632489
vt 0.395120 0.636103
vt 0.395105 0.642260
vt 0.395131 0.645879
vt 0.389761 0.645007
vt 0.390527 0.641819
vt 0.370552 0.194637
vt 0.370346 0.200192
vt 0.364542 0.200233
vt 0.365005 0.195493
vt 0.184753 0.935249
vt 0.179199 0.934999
vt 0.178953 0.929445
vt 0.184753 0.929445
vt 0.374266 0.177543
vt 0.380307 0.177501
vt 0.380349 0.183541
vt 0.374562 0.183322
vt 0.197006 0.911753
vt 0.198584 0.910171
vt 0.201767 0.915534
vt 0.198584 0.916323
vt 0.237810 0.155991
vt 0.236405 0.146842
vt 0.268721 0.147454
vt 0.271461 0.155754
vt 0.363521 0.452999
vt 0.363478 0.446857
vt 0.369363 0.447075
vt 0.369664 0.452956
vt 0.380393 0.195265
vt 0.374606 0.195051
vt 0.374310 0.189267
vt 0.380351 0.189225
vt 0.343046 0.426719
vt 0.347944 0.428369
vt 0.349662 0.433237
vt 0.343931 0.432438
vt 0.350710 0.190837
vt 0.350491 0.196721
vt 0.344344 0.196765
vt 0.344833 0.191745
vt 0.393519 0.209897
vt 0.393480 0.204297
vt 0.399080 0.204258
vt 0.398876 0.209623
vt 0.370600 0.187553
vt 0.364796 0.187594
vt 0.364511 0.182042
vt 0.370071 0.182819
vt 0.384382 0.086352
vt 0.383518 0.082957
vt 0.389236 0.081947
vt 0.389264 0.085807
vt 0.383462 0.075015
vt 0.383435 0.071155
vt 0.389167 0.072084
vt 0.388346 0.075491
vt 0.033632 0.934314
vt 0.031901 0.936049
vt 0.028408 0.930166
vt 0.031901 0.929299
vt 0.014664 0.985111
vt 0.014664 0.979511
vt 0.019233 0.979989
vt 0.020022 0.985348
vt 0.364547 0.085675
vt 0.364022 0.080942
vt 0.369822 0.080901
vt 0.370107 0.086452
vt 0.388474 0.301995
vt 0.382700 0.303014
vt 0.382672 0.299112
vt 0.387601 0.298563
vt 0.379378 0.457869
vt 0.379420 0.463850
vt 0.373439 0.463892
vt 0.373654 0.458165
vt 0.392733 0.488732
vt 0.392707 0.484988
vt 0.397441 0.484458
vt 0.398280 0.487751
vt 0.350454 0.178201
vt 0.350756 0.184082
vt 0.344866 0.183256
vt 0.344307 0.178244
vt 0.343848 0.420641
vt 0.342979 0.417246
vt 0.347853 0.415527
vt 0.349549 0.417199
vt 0.214123 0.748999
vt 0.241423 0.748999
vt 0.241423 0.720752
vt 0.337357 0.271938
vt 0.329830 0.266545
vt 0.338984 0.265872
vt 0.032660 0.985348
vt 0.028090 0.984870
vt 0.027301 0.979511
vt 0.032660 0.979748
vt 0.360716 0.152014
vt 0.359112 0.156762
vt 0.354386 0.158429
vt 0.355168 0.152869
vt 0.213991 0.916363
vt 0.208627 0.915574
vt 0.207839 0.910211
vt 0.212409 0.911789
vt 0.370304 0.174917
vt 0.364500 0.174958
vt 0.364963 0.170217
vt 0.370511 0.169361
vt 0.605060 0.814502
vt 0.605060 0.842749
vt 0.577760 0.842749
vt 0.574757 0.842749
vt 0.574757 0.814502
vt 0.547457 0.842749
vt 0.605060 0.377002
vt 0.605060 0.498999
vt 0.365638 0.498999
vt 0.605060 0.002002
vt 0.605060 0.248999
vt 0.486851 0.248999
vt 0.123214 0.498999
vt 0.241423 0.498999
vt 0.241423 0.252002
vt 0.123214 0.248999
vt 0.362635 0.127002
vt 0.362635 0.248999
vt 0.068420 0.891759
vt 0.035135 0.891759
vt 0.035135 0.472043
vt 0.068420 0.472043
vt 0.001845 0.891759
vt 0.001845 0.472043
vt 0.387556 0.292147
vt 0.382620 0.291668
vt 0.382593 0.287765
vt 0.388381 0.288703
vt 0.276870 0.360991
vt 0.276802 0.351453
vt 0.309110 0.350844
vt 0.306228 0.360024
vt 0.342890 0.409815
vt 0.344544 0.404918
vt 0.349413 0.403199
vt 0.348614 0.408930
vt 0.380509 0.575265
vt 0.386309 0.575224
vt 0.386350 0.581023
vt 0.380794 0.580817
vt 0.344452 0.395482
vt 0.342729 0.390613
vt 0.348464 0.391412
vt 0.349345 0.397131
vt 0.071451 0.956415
vt 0.072291 0.950690
vt 0.077176 0.950180
vt 0.077176 0.956160
vt 0.045298 0.985338
vt 0.040727 0.984860
vt 0.039939 0.979501
vt 0.045298 0.979738
vt 0.191590 0.929641
vt 0.197144 0.929887
vt 0.197390 0.935445
vt 0.191590 0.935445
vt 0.344816 0.170618
vt 0.344257 0.165606
vt 0.350400 0.165563
vt 0.350705 0.171444
vt 0.369508 0.434176
vt 0.369289 0.440061
vt 0.363408 0.440362
vt 0.363365 0.434220
vt 0.193991 0.421707
vt 0.193991 0.001992
vt 0.207228 0.001992
vt 0.207228 0.421707
vt 0.193991 0.841423
vt 0.207228 0.841423
vt 0.180758 0.841423
vt 0.180758 0.421707
vt 0.849486 0.747998
vt 0.849486 0.501001
vt 0.876786 0.501001
vt 0.268660 0.138917
vt 0.236355 0.139752
vt 0.237649 0.133080
vt 0.271300 0.132843
vt 0.394869 0.655179
vt 0.390297 0.655689
vt 0.389486 0.652512
vt 0.394843 0.651565
vt 0.354396 0.170483
vt 0.356000 0.165734
vt 0.360726 0.164068
vt 0.359944 0.169627
vt 0.374295 0.200992
vt 0.380336 0.200949
vt 0.380378 0.206990
vt 0.374591 0.206775
vt 0.271257 0.126869
vt 0.237607 0.127106
vt 0.236219 0.120453
vt 0.268533 0.120833
vt 0.399159 0.215541
vt 0.398960 0.220901
vt 0.393598 0.221180
vt 0.393559 0.215581
vt 0.356068 0.180892
vt 0.354397 0.176166
vt 0.359957 0.176943
vt 0.360817 0.182491
vt 0.388638 0.429529
vt 0.387808 0.432968
vt 0.382873 0.432488
vt 0.382845 0.428586
vt 0.233636 0.920217
vt 0.237126 0.921080
vt 0.236606 0.926100
vt 0.232639 0.926100
vt 0.243691 0.343848
vt 0.237735 0.335566
vt 0.270051 0.336174
vt 0.273062 0.345312
vt 0.350691 0.158806
vt 0.344802 0.157985
vt 0.344242 0.152968
vt 0.350389 0.152925
vt 0.394755 0.662250
vt 0.393989 0.665439
vt 0.389411 0.664993
vt 0.389385 0.661379
vt 0.399238 0.226824
vt 0.399278 0.232424
vt 0.393917 0.232221
vt 0.393638 0.226864
vt 0.204474 0.930043
vt 0.210028 0.929797
vt 0.210028 0.935602
vt 0.204228 0.935602
vt 0.276977 0.376214
vt 0.276910 0.366675
vt 0.306279 0.367229
vt 0.309290 0.376361
vt 0.342604 0.384541
vt 0.344258 0.379648
vt 0.349127 0.377930
vt 0.348327 0.383661
vt 0.968696 0.623999
vt 0.941396 0.623999
vt 0.968696 0.502002
vt 0.029302 0.689502
vt 0.002002 0.748999
vt 0.029302 0.748999
vt 0.153517 0.748999
vt 0.180817 0.748999
vt 0.180817 0.720752
vt 0.180817 0.627002
vt 0.153517 0.655249
vt 0.180817 0.655249
vt 0.222665 0.935601
vt 0.217112 0.935356
vt 0.216866 0.929797
vt 0.222665 0.929797
vt 0.389104 0.063683
vt 0.383385 0.064694
vt 0.383358 0.060834
vt 0.388235 0.060289
vt 0.065768 0.956419
vt 0.060887 0.955909
vt 0.060042 0.950184
vt 0.065768 0.950439
vt 0.393570 0.498650
vt 0.392730 0.495357
vt 0.398277 0.494376
vt 0.398303 0.498120
vt 0.356991 0.615726
vt 0.351200 0.614917
vt 0.350655 0.609985
vt 0.356696 0.609942
vt 0.374420 0.218756
vt 0.374377 0.212716
vt 0.380160 0.212930
vt 0.380460 0.218714
vt 0.373479 0.475556
vt 0.373437 0.469575
vt 0.379164 0.469790
vt 0.379460 0.475514
vt 0.389461 0.672068
vt 0.394817 0.671117
vt 0.394843 0.674735
vt 0.390272 0.675245
vt 0.398158 0.504793
vt 0.398185 0.508542
vt 0.392625 0.507639
vt 0.393418 0.504335
vt 0.226432 0.926100
vt 0.222465 0.926100
vt 0.223462 0.920217
vt 0.226956 0.921084
vt 0.393505 0.243748
vt 0.393704 0.238383
vt 0.399066 0.238109
vt 0.399105 0.243709
vt 0.235057 0.935356
vt 0.229503 0.935602
vt 0.229503 0.929798
vt 0.235303 0.929798
vt 0.343231 0.366814
vt 0.348980 0.370174
vt 0.347308 0.371870
vt 0.342410 0.370220
vt 0.336872 0.297845
vt 0.328557 0.299124
vt 0.329346 0.292455
vt 0.338500 0.291783
vt 0.356973 0.621409
vt 0.356498 0.626345
vt 0.350718 0.627235
vt 0.350932 0.621452
vt 0.322275 0.529558
vt 0.313114 0.529349
vt 0.313065 0.522408
vt 0.321392 0.522902
vt 0.242141 0.935602
vt 0.242141 0.929798
vt 0.247694 0.930048
vt 0.247940 0.935602
vt 0.015978 0.936049
vt 0.017709 0.931029
vt 0.022724 0.929299
vt 0.021861 0.935182
vt 0.344197 0.146214
vt 0.344686 0.141195
vt 0.350563 0.140286
vt 0.350340 0.146171
vt 0.341827 0.630084
vt 0.340112 0.628388
vt 0.345874 0.624914
vt 0.346747 0.628342
vt 0.380462 0.568427
vt 0.380421 0.562628
vt 0.385976 0.562834
vt 0.386261 0.568386
vt 0.010295 0.929310
vt 0.009427 0.935193
vt 0.003544 0.936060
vt 0.005279 0.931040
vt 0.226624 0.910367
vt 0.225047 0.914942
vt 0.220476 0.916519
vt 0.221266 0.911156
vt 0.817181 0.377002
vt 0.817181 0.436499
vt 0.789881 0.436499
vt 0.847484 0.877002
vt 0.729275 0.905249
vt 0.847484 0.905249
vt 0.138460 0.970171
vt 0.143824 0.969929
vt 0.143035 0.975293
vt 0.138460 0.975771
vt 0.383302 0.052892
vt 0.384117 0.049485
vt 0.389007 0.049961
vt 0.389034 0.053821
vt 0.340329 0.619262
vt 0.341138 0.613470
vt 0.346917 0.612580
vt 0.345249 0.617524
vt 0.847484 0.311499
vt 0.820184 0.311499
vt 0.847484 0.252002
vt 0.756575 0.252002
vt 0.756575 0.311499
vt 0.729275 0.311499
vt 0.127413 0.969929
vt 0.132777 0.970171
vt 0.132777 0.975771
vt 0.128202 0.975293
vt 0.309027 0.186965
vt 0.275380 0.187202
vt 0.276674 0.180530
vt 0.308978 0.180028
vt 0.401134 0.688861
vt 0.401175 0.694661
vt 0.395619 0.694454
vt 0.395329 0.688902
vt 0.387601 0.038628
vt 0.387628 0.042488
vt 0.382751 0.043033
vt 0.381883 0.039638
vt 0.007070 0.945640
vt 0.003576 0.946508
vt 0.001845 0.941493
vt 0.003576 0.939758
vt 0.380291 0.230439
vt 0.374250 0.230482
vt 0.374207 0.224441
vt 0.379995 0.224660
vt 0.309309 0.514158
vt 0.300447 0.514828
vt 0.296369 0.508194
vt 0.306585 0.508122
vt 0.374081 0.242208
vt 0.374039 0.236167
vt 0.380080 0.236124
vt 0.379861 0.241907
vt 0.370251 0.156725
vt 0.370536 0.162277
vt 0.364977 0.161500
vt 0.364447 0.156766
vt 0.385669 0.682132
vt 0.379865 0.682173
vt 0.379824 0.676373
vt 0.385379 0.676580
vt 0.392701 0.518505
vt 0.392675 0.514756
vt 0.397409 0.514231
vt 0.398249 0.517523
vt 0.176968 0.988952
vt 0.180587 0.988952
vt 0.179673 0.994311
vt 0.176490 0.993522
vt 0.048633 0.950185
vt 0.053519 0.950690
vt 0.054359 0.956420
vt 0.048633 0.956165
vt 0.410167 0.684881
vt 0.404797 0.684009
vt 0.405563 0.680821
vt 0.410141 0.681267
vt 0.324085 0.502024
vt 0.313869 0.502096
vt 0.317854 0.495405
vt 0.326724 0.495950
vt 0.514151 0.845752
vt 0.514151 0.873999
vt 0.486851 0.873999
vt 0.274729 0.686499
vt 0.302029 0.658252
vt 0.302029 0.686499
vt 0.342330 0.361072
vt 0.343134 0.355341
vt 0.348853 0.354456
vt 0.347204 0.359354
vt 0.019608 0.946508
vt 0.014593 0.944773
vt 0.012858 0.939758
vt 0.018741 0.940625
vt 0.378306 0.248117
vt 0.378602 0.253900
vt 0.372561 0.253943
vt 0.372519 0.247902
vt 0.373561 0.487219
vt 0.373519 0.481239
vt 0.379500 0.481197
vt 0.379285 0.486924
vt 0.353815 0.065853
vt 0.354034 0.059968
vt 0.360176 0.059925
vt 0.359687 0.064944
vt 0.937392 0.751001
vt 0.910092 0.751001
vt 0.910092 0.872998
vt 0.059605 0.752002
vt 0.032305 0.811499
vt 0.059605 0.811499
vt 0.175342 0.896189
vt 0.177045 0.891257
vt 0.181977 0.889550
vt 0.181128 0.895335
vt 0.729275 0.655249
vt 0.847484 0.655249
vt 0.847484 0.627002
vt 0.820184 0.561499
vt 0.847484 0.502002
vt 0.847484 0.561499
vt 0.392411 0.339871
vt 0.391567 0.336578
vt 0.397118 0.335597
vt 0.397145 0.339341
vt 0.382776 0.418738
vt 0.388554 0.417718
vt 0.388581 0.421620
vt 0.383649 0.422165
vt 0.382723 0.411339
vt 0.382696 0.407438
vt 0.387624 0.406888
vt 0.388502 0.410315
vt 0.057151 0.984860
vt 0.052576 0.985338
vt 0.052576 0.979738
vt 0.057940 0.979501
vt 0.025496 0.946497
vt 0.027226 0.941477
vt 0.032242 0.939746
vt 0.031379 0.945630
vt 0.373593 0.498883
vt 0.373808 0.493156
vt 0.379531 0.492861
vt 0.379574 0.498841
vt 0.280815 0.502698
vt 0.277804 0.493560
vt 0.310112 0.493713
vt 0.310180 0.503251
vt 0.386172 0.555749
vt 0.380372 0.555790
vt 0.380331 0.549990
vt 0.385887 0.550197
vt 0.183820 0.655249
vt 0.211120 0.655249
vt 0.211120 0.627002
vt 0.453544 0.627002
vt 0.426244 0.655249
vt 0.453544 0.655249
vt 0.398696 0.254759
vt 0.393334 0.255033
vt 0.393294 0.249433
vt 0.398895 0.249394
vt 0.037224 0.956165
vt 0.037224 0.950185
vt 0.042105 0.950695
vt 0.042950 0.956420
vt 0.065214 0.979500
vt 0.069789 0.979974
vt 0.070578 0.985337
vt 0.065214 0.985101
vt 0.577760 0.873999
vt 0.605060 0.873999
vt 0.605060 0.845752
vt 0.150514 0.689502
vt 0.123214 0.717749
vt 0.150514 0.717749
vt 0.356517 0.632877
vt 0.356814 0.638657
vt 0.351026 0.637848
vt 0.350477 0.632920
vt 0.381799 0.027836
vt 0.387532 0.028766
vt 0.386711 0.032173
vt 0.381826 0.031696
vt 0.363276 0.421582
vt 0.369420 0.421539
vt 0.369463 0.427682
vt 0.363578 0.427463
vt 0.382640 0.399528
vt 0.383465 0.396089
vt 0.388405 0.396565
vt 0.388433 0.400467
vt 0.286923 0.529323
vt 0.278053 0.528778
vt 0.286872 0.522053
vt 0.292777 0.523232
vt 0.083215 0.985337
vt 0.077852 0.985100
vt 0.077852 0.979500
vt 0.082426 0.979978
vt 0.215779 0.920217
vt 0.216781 0.926100
vt 0.212814 0.926100
vt 0.212290 0.921084
vt 0.383387 0.389670
vt 0.382509 0.386242
vt 0.388288 0.385218
vt 0.388315 0.389120
vt 0.202640 0.920061
vt 0.206607 0.920061
vt 0.205609 0.925944
vt 0.202120 0.925076
vt 0.380341 0.537352
vt 0.386140 0.537311
vt 0.386181 0.543111
vt 0.380626 0.542904
vt 0.349957 0.128519
vt 0.350516 0.133531
vt 0.344369 0.133575
vt 0.344068 0.127694
vt 0.397465 0.266287
vt 0.392100 0.266089
vt 0.391825 0.260727
vt 0.397426 0.260687
vt 0.397326 0.272208
vt 0.397600 0.277570
vt 0.392000 0.277609
vt 0.391961 0.272009
vt 0.370449 0.149640
vt 0.364890 0.148858
vt 0.364360 0.144124
vt 0.370164 0.144083
vt 0.353842 0.466675
vt 0.353541 0.460891
vt 0.359333 0.461704
vt 0.359882 0.466633
vt 0.397479 0.524154
vt 0.398318 0.527447
vt 0.392772 0.528428
vt 0.392745 0.524680
vt 0.356849 0.650126
vt 0.351062 0.649317
vt 0.350512 0.644385
vt 0.356553 0.644342
vt 0.354157 0.077418
vt 0.353855 0.071536
vt 0.359740 0.072362
vt 0.360299 0.077374
vt 0.192912 0.894677
vt 0.187980 0.896385
vt 0.188829 0.890599
vt 0.194614 0.889745
vt 0.385455 0.663942
vt 0.385745 0.669493
vt 0.379941 0.669534
vt 0.379900 0.663735
vt 0.313737 0.483404
vt 0.322600 0.482734
vt 0.326678 0.489368
vt 0.316462 0.489440
vt 0.343930 0.348423
vt 0.342229 0.346751
vt 0.347935 0.343310
vt 0.348799 0.346705
vt 0.241423 0.658252
vt 0.241423 0.686499
vt 0.214123 0.686499
vt 0.270725 0.688501
vt 0.243425 0.716748
vt 0.243425 0.688501
vt 0.379169 0.504783
vt 0.379464 0.510506
vt 0.373484 0.510548
vt 0.373441 0.504568
vt 0.388185 0.374386
vt 0.388213 0.378288
vt 0.383284 0.378838
vt 0.382407 0.375410
vt 0.369330 0.408902
vt 0.369111 0.414786
vt 0.363230 0.415088
vt 0.363187 0.408945
vt 0.343837 0.337591
vt 0.342137 0.335919
vt 0.347842 0.332478
vt 0.348706 0.335873
vt 0.336839 0.568151
vt 0.328516 0.567657
vt 0.327629 0.561001
vt 0.336790 0.561210
vt 0.405632 0.690597
vt 0.410210 0.691042
vt 0.410235 0.694661
vt 0.404866 0.693785
vt 0.150514 0.814502
vt 0.150514 0.873999
vt 0.123214 0.873999
vt 0.365638 0.873999
vt 0.392938 0.814502
vt 0.392938 0.873999
vt 0.346074 0.605734
vt 0.340299 0.606624
vt 0.341967 0.601680
vt 0.346887 0.599943
vt 0.379289 0.521916
vt 0.373566 0.522212
vt 0.373524 0.516231
vt 0.379504 0.516189
vt 0.350478 0.120894
vt 0.344331 0.120937
vt 0.344029 0.115056
vt 0.349919 0.115882
vt 0.396935 0.025935
vt 0.396119 0.029342
vt 0.391230 0.028866
vt 0.391203 0.025006
vt 0.370322 0.131449
vt 0.369859 0.136189
vt 0.364312 0.137045
vt 0.364523 0.131490
vt 0.038133 0.946487
vt 0.039001 0.940604
vt 0.044880 0.939737
vt 0.043149 0.944757
vt 0.353374 0.355352
vt 0.352518 0.349804
vt 0.357267 0.351403
vt 0.358933 0.356129
vt 0.025816 0.956430
vt 0.025816 0.950450
vt 0.031541 0.950194
vt 0.030697 0.955920
vt 0.272845 0.314621
vt 0.240531 0.314241
vt 0.237538 0.307600
vt 0.266906 0.308613
vt 0.397680 0.288853
vt 0.392080 0.288893
vt 0.392279 0.283532
vt 0.397640 0.283253
vt 0.382544 0.280836
vt 0.382517 0.276934
vt 0.388305 0.277872
vt 0.387480 0.281316
vt 0.239266 0.910367
vt 0.238473 0.915731
vt 0.233114 0.916520
vt 0.234691 0.911950
vt 0.346995 0.321651
vt 0.348691 0.323328
vt 0.342990 0.326765
vt 0.342121 0.323374
vt 0.363104 0.402451
vt 0.363061 0.396308
vt 0.369204 0.396264
vt 0.368985 0.402149
vt 0.363208 0.383929
vt 0.369089 0.383627
vt 0.369132 0.389770
vt 0.362989 0.389813
vt 0.095848 0.985096
vt 0.090489 0.985333
vt 0.091278 0.979974
vt 0.095848 0.979496
vt 0.392394 0.299933
vt 0.392120 0.294576
vt 0.397720 0.294536
vt 0.397759 0.300136
vt 0.346963 0.587304
vt 0.345295 0.592248
vt 0.340375 0.593985
vt 0.341188 0.588194
vt 0.514151 0.814502
vt 0.514151 0.842749
vt 0.486851 0.842749
vt 0.605060 0.811499
vt 0.605060 0.783252
vt 0.577760 0.811499
vt 0.388031 0.367972
vt 0.382239 0.367034
vt 0.383063 0.363590
vt 0.388004 0.364070
vt 0.847484 0.189502
vt 0.847484 0.248999
vt 0.820184 0.248999
vt 0.486851 0.373999
vt 0.514151 0.314502
vt 0.514151 0.373999
vt 0.342181 0.315938
vt 0.343835 0.311045
vt 0.348704 0.309327
vt 0.347905 0.315058
vt 0.191945 0.920883
vt 0.195434 0.920020
vt 0.196437 0.925903
vt 0.192469 0.925903
vt 0.344430 0.274933
vt 0.349298 0.273214
vt 0.348499 0.278945
vt 0.342780 0.279825
vt 0.340434 0.574713
vt 0.346226 0.575521
vt 0.347116 0.581300
vt 0.342172 0.579633
vt 0.181775 0.924880
vt 0.182295 0.919865
vt 0.186262 0.919865
vt 0.185264 0.925748
vt 0.274684 0.088460
vt 0.274617 0.078920
vt 0.308268 0.078683
vt 0.306992 0.087851
vt 0.107526 0.472043
vt 0.140816 0.472043
vt 0.140816 0.891759
vt 0.107526 0.891759
vt 0.074241 0.472043
vt 0.074241 0.891759
vt 0.074241 0.052328
vt 0.107526 0.001992
vt 0.364637 0.622998
vt 0.364637 0.501001
vt 0.604059 0.501001
vt 0.172602 0.919669
vt 0.176092 0.920532
vt 0.175567 0.925552
vt 0.171600 0.925552
vt 0.103916 0.979965
vt 0.108491 0.979491
vt 0.108491 0.985092
vt 0.103127 0.985328
vt 0.376619 0.533854
vt 0.370638 0.533897
vt 0.370596 0.527916
vt 0.376323 0.528131
vt 0.359034 0.368182
vt 0.353475 0.367405
vt 0.352619 0.361857
vt 0.357368 0.363457
vt 0.377554 0.699284
vt 0.382113 0.697674
vt 0.381362 0.703038
vt 0.376004 0.703865
vt 0.149513 0.688501
vt 0.122213 0.688501
vt 0.122213 0.716748
vt 0.332332 0.720752
vt 0.305032 0.748999
vt 0.332332 0.748999
vt 0.392835 0.537410
vt 0.393628 0.534106
vt 0.398369 0.534564
vt 0.398395 0.538313
vt 0.341389 0.568702
vt 0.340516 0.565270
vt 0.345436 0.563532
vt 0.347150 0.565224
vt 0.309116 0.199589
vt 0.276808 0.199538
vt 0.275420 0.192885
vt 0.309067 0.192648
vt 0.057521 0.939736
vt 0.056654 0.945619
vt 0.050771 0.946486
vt 0.052502 0.941466
vt 0.360331 0.083057
vt 0.359847 0.088076
vt 0.353970 0.088985
vt 0.354188 0.083101
vn 0.967599 -0.162800 0.193000
vn 0.887819 -0.385908 -0.250705
vn 0.969050 0.187490 -0.160592
vn 0.967599 -0.162800 0.193000
vn 0.969050 0.187490 -0.160592
vn 0.876850 0.244286 0.414076
vn 0.662903 0.030000 -0.748104
vn 0.837896 0.452598 -0.305099
vn 0.586186 -0.691783 -0.421690
vn 0.662903 0.030000 -0.748104
vn 0.586186 -0.691783 -0.421690
vn 0.199894 -0.689879 -0.695779
vn -0.969036 0.058002 -0.240009
vn -0.873289 -0.241397 0.423195
vn -0.967964 0.183493 0.171394
vn -0.969036 0.058002 -0.240009
vn -0.967964 0.183493 0.171394
vn -0.862181 0.451890 -0.228995
vn 0.406287 -0.879871 -0.246492
vn 0.133994 -0.969059 -0.207291
vn 0.247001 -0.880504 -0.404602
vn 0.406287 -0.879871 -0.246492
vn 0.247001 -0.880504 -0.404602
vn 0.177106 -0.967535 -0.180306
vn 0.593794 0.594594 0.542095
vn 0.178697 0.967485 0.178997
vn 0.518109 0.541209 0.662311
vn 0.593794 0.594594 0.542095
vn 0.518109 0.541209 0.662311
vn 0.480772 0.480672 0.733357
vn 0.648775 -0.648675 0.397885
vn 0.706826 -0.707026 0.022601
vn 0.967791 -0.191098 0.163898
vn 0.648775 -0.648675 0.397885
vn 0.967791 -0.191098 0.163898
vn 0.663968 -0.517275 0.539974
vn -0.967941 -0.170107 -0.184808
vn -0.868823 -0.434712 0.237006
vn -0.969063 -0.045998 -0.242491
vn -0.967941 -0.170107 -0.184808
vn -0.969063 -0.045998 -0.242491
vn -0.888111 0.250903 -0.385105
vn 0.059502 -0.998228 -0.000200
vn 0.344308 -0.938822 0.008100
vn 0.369284 -0.927960 0.050198
vn 0.059502 -0.998228 -0.000200
vn 0.369284 -0.927960 0.050198
vn 0.058599 -0.997385 0.042299
vn -0.663204 -0.517703 -0.540503
vn -0.968089 -0.172598 -0.181698
vn -0.850736 0.210909 -0.481420
vn -0.663204 -0.517703 -0.540503
vn -0.850736 0.210909 -0.481420
vn -0.586900 0.229000 -0.776600
vn 0.648810 -0.648810 0.397606
vn 0.517611 -0.663514 0.540211
vn 0.176705 -0.968126 0.177505
vn 0.648810 -0.648810 0.397606
vn 0.176705 -0.968126 0.177505
vn 0.706826 -0.707026 0.022601
vn -0.854826 -0.218407 0.470714
vn -0.728924 0.257008 0.634521
vn -0.663329 0.517522 0.540523
vn -0.854826 -0.218407 0.470714
vn -0.663329 0.517522 0.540523
vn -0.967869 0.189494 0.165295
vn 0.009299 -0.716956 0.697057
vn 0.209599 -0.693198 0.689598
vn 0.662905 -0.029900 0.748106
vn 0.009299 -0.716956 0.697057
vn 0.662905 -0.029900 0.748106
vn -0.560403 -0.005000 0.828205
vn -0.517703 0.540503 -0.663204
vn -0.480217 0.480817 -0.733626
vn -0.594262 0.594062 -0.542165
vn -0.517703 0.540503 -0.663204
vn -0.594262 0.594062 -0.542165
vn -0.191702 0.967210 -0.166602
vn -0.404315 -0.880634 0.247009
vn -0.680995 -0.680895 0.269498
vn -0.707223 -0.706623 -0.022801
vn -0.404315 -0.880634 0.247009
vn -0.707223 -0.706623 -0.022801
vn -0.185210 -0.967952 -0.169609
vn -0.384600 0.880699 -0.276500
vn -0.586186 0.691783 -0.421690
vn -0.799299 0.590099 -0.113600
vn -0.384600 0.880699 -0.276500
vn -0.799299 0.590099 -0.113600
vn -0.367508 0.929120 -0.040901
vn 0.967478 0.183796 0.173796
vn 0.866168 0.441484 0.234191
vn 0.679976 0.681876 0.269590
vn 0.967478 0.183796 0.173796
vn 0.679976 0.681876 0.269590
vn 0.594394 0.593994 0.542095
vn 0.179505 -0.175205 -0.968029
vn -0.240586 -0.425176 -0.872550
vn 0.022500 0.246002 -0.969008
vn 0.179505 -0.175205 -0.968029
vn 0.022500 0.246002 -0.969008
vn 0.442804 0.233402 -0.865707
vn 0.967235 0.190607 0.167706
vn 0.882588 0.399295 0.248197
vn 0.680494 0.681394 0.269498
vn 0.967235 0.190607 0.167706
vn 0.680494 0.681394 0.269498
vn 0.594333 0.593933 0.542230
vn -0.199990 -0.689866 0.695765
vn 0.009299 -0.716956 0.697057
vn -0.560403 -0.005000 0.828205
vn -0.199990 -0.689866 0.695765
vn -0.560403 -0.005000 0.828205
vn -0.662907 0.029800 0.748108
vn -0.517884 -0.540483 0.663079
vn -0.480730 -0.480730 0.733346
vn -0.594165 -0.594065 0.542268
vn -0.517884 -0.540483 0.663079
vn -0.594165 -0.594065 0.542268
vn -0.191297 -0.967187 0.167198
vn 0.049002 -0.866238 0.497222
vn 0.517303 -0.664004 0.539903
vn 0.167997 -0.190097 0.967285
vn 0.049002 -0.866238 0.497222
vn 0.167997 -0.190097 0.967285
vn 0.242493 -0.419689 0.874676
vn 0.889587 -0.251496 -0.381294
vn 0.852905 0.108801 -0.510603
vn 0.663515 0.517712 -0.540113
vn 0.889587 -0.251496 -0.381294
vn 0.663515 0.517712 -0.540113
vn 0.968027 0.180105 -0.174605
vn -0.539895 0.517196 -0.664094
vn -0.967574 0.180495 -0.176695
vn -0.593794 0.594594 -0.542095
vn -0.539895 0.517196 -0.664094
vn -0.593794 0.594594 -0.542095
vn -0.480906 0.480306 -0.733509
vn 0.238105 -0.869919 -0.431910
vn -0.185210 -0.967952 -0.169609
vn -0.517316 -0.663821 -0.540117
vn 0.238105 -0.869919 -0.431910
vn -0.517316 -0.663821 -0.540117
vn 0.156403 -0.530210 -0.833316
vn 0.708125 0.705725 -0.022601
vn 0.180498 0.968188 -0.173298
vn 0.503789 0.842082 0.192596
vn 0.708125 0.705725 -0.022601
vn 0.503789 0.842082 0.192596
vn 0.681513 0.680413 0.269405
vn 0.594333 0.593933 0.542230
vn 0.178805 0.967427 0.179205
vn 0.517189 0.539789 0.664186
vn 0.594333 0.593933 0.542230
vn 0.517189 0.539789 0.664186
vn 0.480283 0.480983 0.733474
vn 0.179697 -0.177997 0.967484
vn 0.663388 -0.517690 0.540290
vn 0.765184 -0.237795 0.598287
vn 0.179697 -0.177997 0.967484
vn 0.765184 -0.237795 0.598287
vn 0.436889 -0.236094 0.867979
vn -0.190106 0.967832 0.164805
vn -0.707676 0.706176 0.022599
vn -0.648810 0.648810 0.397606
vn -0.190106 0.967832 0.164805
vn -0.648810 0.648810 0.397606
vn -0.517897 0.662896 0.540697
vn -0.241707 -0.873727 0.422113
vn -0.185905 -0.967324 0.172404
vn -0.404315 -0.880634 0.247009
vn -0.241707 -0.873727 0.422113
vn -0.404315 -0.880634 0.247009
vn -0.177901 -0.969006 -0.171401
vn -0.182996 -0.175196 -0.967377
vn -0.663204 -0.517703 -0.540503
vn -0.586900 0.229000 -0.776600
vn -0.182996 -0.175196 -0.967377
vn -0.586900 0.229000 -0.776600
vn -0.446775 -0.231587 -0.864152
vn 0.185193 -0.172393 0.967463
vn 0.663911 -0.517209 0.540109
vn 0.862211 -0.072701 0.501306
vn 0.185193 -0.172393 0.967463
vn 0.862211 -0.072701 0.501306
vn 0.456107 -0.226903 0.860512
vn 0.169400 -0.969100 0.179300
vn -0.429688 -0.870776 0.238993
vn -0.188208 -0.967843 -0.166907
vn 0.169400 -0.969100 0.179300
vn -0.188208 -0.967843 -0.166907
vn 0.238909 -0.870834 -0.429617
vn -0.178707 0.178707 0.967537
vn -0.237792 0.432985 0.869470
vn 0.136999 0.520996 0.842493
vn -0.178707 0.178707 0.967537
vn 0.136999 0.520996 0.842493
vn -0.517897 0.662896 0.540697
vn 0.681594 -0.680294 -0.269498
vn 0.424708 -0.872717 -0.240805
vn 0.172598 -0.967387 -0.185398
vn 0.681594 -0.680294 -0.269498
vn 0.172598 -0.967387 -0.185398
vn 0.593994 -0.594394 -0.542095
vn 0.882588 0.399295 0.248197
vn 0.968027 0.180105 -0.174605
vn 0.708022 0.705822 -0.022801
vn 0.882588 0.399295 0.248197
vn 0.708022 0.705822 -0.022801
vn 0.680494 0.681394 0.269498
vn 0.586186 -0.691783 -0.421690
vn 0.837896 0.452598 -0.305099
vn 0.987019 0.009800 0.160303
vn 0.586186 -0.691783 -0.421690
vn 0.987019 0.009800 0.160303
vn 0.799308 -0.590106 -0.113501
vn 0.968057 -0.177192 0.177392
vn 0.867645 -0.437772 -0.235685
vn 0.969031 0.183806 -0.164905
vn 0.968057 -0.177192 0.177392
vn 0.969031 0.183806 -0.164905
vn 0.868135 0.236209 0.436517
vn 0.866168 0.441484 0.234191
vn 0.968102 0.179800 -0.174500
vn 0.707924 0.705924 -0.022701
vn 0.866168 0.441484 0.234191
vn 0.707924 0.705924 -0.022701
vn 0.679976 0.681876 0.269590
vn 0.401177 0.247786 -0.881850
vn -0.186794 -0.161295 -0.969068
vn 0.241190 0.423983 -0.872964
vn 0.401177 0.247786 -0.881850
vn 0.241190 0.423983 -0.872964
vn 0.173699 0.183799 -0.967495
vn -0.344308 0.938822 0.008100
vn -0.059502 0.998228 -0.000200
vn -0.058903 0.997350 -0.042702
vn -0.344308 0.938822 0.008100
vn -0.058903 0.997350 -0.042702
vn -0.367508 0.929120 -0.040901
vn -0.191297 -0.967187 0.167198
vn -0.594165 -0.594065 0.542268
vn -0.680995 -0.680895 0.269498
vn -0.191297 -0.967187 0.167198
vn -0.680995 -0.680895 0.269498
vn -0.429688 -0.870776 0.238993
vn 0.968102 0.179800 -0.174500
vn 0.663296 0.517697 -0.540397
vn 0.648610 0.649010 -0.397606
vn 0.968102 0.179800 -0.174500
vn 0.648610 0.649010 -0.397606
vn 0.707924 0.705924 -0.022701
vn -0.248797 0.396696 0.883591
vn 0.155998 0.200998 0.967091
vn 0.517189 0.539789 0.664186
vn -0.248797 0.396696 0.883591
vn 0.517189 0.539789 0.664186
vn -0.107402 0.853317 0.510210
vn -0.145905 -0.199207 -0.969035
vn -0.397410 -0.248607 -0.883323
vn -0.184602 0.170502 -0.967911
vn -0.145905 -0.199207 -0.969035
vn -0.184602 0.170502 -0.967911
vn 0.238992 0.429087 -0.871073
vn 0.653495 0.262398 -0.709994
vn 0.401177 0.247786 -0.881850
vn 0.173699 0.183799 -0.967495
vn 0.653495 0.262398 -0.709994
vn 0.173699 0.183799 -0.967495
vn 0.663296 0.517697 -0.540397
vn 0.593994 -0.594394 -0.542095
vn 0.172598 -0.967387 -0.185398
vn 0.517611 -0.540211 -0.663514
vn 0.593994 -0.594394 -0.542095
vn 0.517611 -0.540211 -0.663514
vn 0.480772 -0.480672 -0.733357
vn 0.881072 0.247292 0.403187
vn 0.969078 0.191596 0.155496
vn 0.866168 0.441484 0.234191
vn 0.881072 0.247292 0.403187
vn 0.866168 0.441484 0.234191
vn 0.967478 0.183796 0.173796
vn 0.209599 0.693098 -0.689698
vn 0.526997 0.756795 -0.386698
vn 0.837896 0.452598 -0.305099
vn 0.209599 0.693098 -0.689698
vn 0.837896 0.452598 -0.305099
vn 0.662903 0.030000 -0.748104
vn 0.793485 0.608589 -0.001000
vn 0.344308 0.938822 -0.008100
vn 0.367508 0.929120 0.040901
vn 0.793485 0.608589 -0.001000
vn 0.367508 0.929120 0.040901
vn 0.799308 0.590106 0.113501
vn 0.257889 -0.636973 -0.726470
vn -0.517583 -0.663478 -0.540282
vn -0.178794 -0.178994 -0.967468
vn 0.257889 -0.636973 -0.726470
vn -0.178794 -0.178994 -0.967468
vn -0.245801 -0.409002 -0.878805
vn 0.177502 0.176802 0.968109
vn 0.540803 0.517903 0.662804
vn 0.480571 0.480571 0.733555
vn 0.177502 0.176802 0.968109
vn 0.480571 0.480571 0.733555
vn 0.517903 0.540803 0.662804
vn -0.967466 0.180394 -0.177394
vn -0.862181 0.451890 -0.228995
vn -0.681095 0.680795 -0.269498
vn -0.967466 0.180394 -0.177394
vn -0.681095 0.680795 -0.269498
vn -0.594097 0.594197 -0.542198
vn -0.167794 0.187294 -0.967867
vn -0.540369 0.517770 -0.663262
vn -0.480983 0.480283 -0.733474
vn -0.167794 0.187294 -0.967867
vn -0.480983 0.480283 -0.733474
vn -0.517217 0.539718 -0.664222
vn -0.560403 -0.005000 0.828205
vn 0.662905 -0.029900 0.748106
vn 0.200004 0.689914 0.695714
vn -0.560403 -0.005000 0.828205
vn 0.200004 0.689914 0.695714
vn -0.009199 0.716956 0.697057
vn -0.967476 0.183995 -0.173596
vn -0.861456 0.453677 -0.228188
vn -0.680012 0.681912 -0.269405
vn -0.967476 0.183995 -0.173596
vn -0.680012 0.681912 -0.269405
vn -0.594262 0.594062 -0.542165
vn 0.181796 0.967477 0.175896
vn 0.232189 0.864660 0.445479
vn 0.033999 0.867778 0.495787
vn 0.181796 0.967477 0.175896
vn 0.033999 0.867778 0.495787
vn 0.517903 0.540803 0.662804
vn 0.681594 0.680294 0.269498
vn 0.426504 0.872008 0.240202
vn 0.178697 0.967485 0.178997
vn 0.681594 0.680294 0.269498
vn 0.178697 0.967485 0.178997
vn 0.593794 0.594594 0.542095
vn -0.517301 0.540401 -0.663601
vn -0.480306 0.480906 -0.733509
vn -0.594397 0.593897 -0.542197
vn -0.517301 0.540401 -0.663601
vn -0.594397 0.593897 -0.542197
vn -0.182406 0.967433 -0.175506
vn -0.000000 1.000000 -0.000000
vn -0.999834 -0.000100 -0.018201
vn 0.333311 0.666622 0.666722
vn -0.000000 1.000000 -0.000000
vn 0.333311 0.666622 0.666722
vn -0.000000 1.000000 -0.000300
vn 0.885973 0.340990 -0.314290
vn -0.000000 1.000000 -0.000000
vn -0.000000 1.000000 -0.000300
vn 0.885973 0.340990 -0.314290
vn -0.000000 1.000000 -0.000300
vn 0.993033 -0.002800 0.117804
vn 0.842899 0.091700 -0.530200
vn 0.138699 0.990290 -0.009400
vn -0.000000 1.000000 -0.000000
vn 0.842899 0.091700 -0.530200
vn -0.000000 1.000000 -0.000000
vn 0.885973 0.340990 -0.314290
vn 0.138699 0.990290 -0.009400
vn -1.000000 0.000000 0.000000
vn -0.999834 -0.000100 -0.018201
vn 0.138699 0.990290 -0.009400
vn -0.999834 -0.000100 -0.018201
vn -0.000000 1.000000 -0.000000
vn 0.968074 -0.176495 0.177995
vn 0.879942 -0.406120 -0.246512
vn 0.969078 0.191596 0.155496
vn 0.968074 -0.176495 0.177995
vn 0.969078 0.191596 0.155496
vn 0.881072 0.247292 0.403187
vn 0.867645 -0.437772 -0.235685
vn 0.967401 -0.173800 -0.184200
vn 0.889587 -0.251496 -0.381294
vn 0.867645 -0.437772 -0.235685
vn 0.889587 -0.251496 -0.381294
vn 0.969031 0.183806 -0.164905
vn -0.185210 -0.967952 -0.169609
vn -0.707223 -0.706623 -0.022801
vn -0.648929 -0.648929 -0.397218
vn -0.185210 -0.967952 -0.169609
vn -0.648929 -0.648929 -0.397218
vn -0.517316 -0.663821 -0.540117
vn -0.517217 0.539718 -0.664222
vn -0.480983 0.480283 -0.733474
vn -0.594397 0.593897 -0.542197
vn -0.517217 0.539718 -0.664222
vn -0.594397 0.593897 -0.542197
vn -0.170693 0.967263 -0.187793
vn 0.540582 -0.517783 -0.663078
vn 0.179694 -0.174794 -0.968069
vn 0.401177 0.247786 -0.881850
vn 0.540582 -0.517783 -0.663078
vn 0.401177 0.247786 -0.881850
vn 0.653495 0.262398 -0.709994
vn 0.887819 -0.385908 -0.250705
vn 0.967243 -0.169907 -0.188608
vn 0.871930 -0.240108 -0.426715
vn 0.887819 -0.385908 -0.250705
vn 0.871930 -0.240108 -0.426715
vn 0.969050 0.187490 -0.160592
vn -0.367508 0.929120 -0.040901
vn -0.058903 0.997350 -0.042702
vn -0.097902 0.949216 -0.299005
vn -0.367508 0.929120 -0.040901
vn -0.097902 0.949216 -0.299005
vn -0.384600 0.880699 -0.276500
vn 0.863024 0.230106 0.449712
vn 0.969132 0.136804 0.205107
vn 0.859988 0.457494 0.226097
vn 0.863024 0.230106 0.449712
vn 0.859988 0.457494 0.226097
vn 0.967479 0.181296 0.176396
vn 0.793527 -0.608521 0.004100
vn 0.900284 -0.189497 -0.391893
vn 0.987002 -0.009900 -0.160400
vn 0.793527 -0.608521 0.004100
vn 0.987002 -0.009900 -0.160400
vn 0.795973 -0.593880 0.117196
vn -0.429698 -0.238899 -0.870797
vn -0.863608 -0.065401 -0.499904
vn -0.540369 0.517770 -0.663262
vn -0.429698 -0.238899 -0.870797
vn -0.540369 0.517770 -0.663262
vn -0.167794 0.187294 -0.967867
vn -0.244891 -0.877666 0.411984
vn -0.178994 -0.967468 0.178794
vn -0.417288 -0.875575 0.243393
vn -0.244891 -0.877666 0.411984
vn -0.417288 -0.875575 0.243393
vn 0.133994 -0.969059 -0.207291
vn -0.882284 0.400093 -0.247995
vn -0.967692 0.191598 0.163899
vn -0.707924 0.705924 0.022701
vn -0.882284 0.400093 -0.247995
vn -0.707924 0.705924 0.022701
vn -0.680594 0.681294 -0.269498
vn 0.174697 0.179697 0.968086
vn 0.540326 0.517725 0.663332
vn 0.481018 0.480318 0.733428
vn 0.174697 0.179697 0.968086
vn 0.481018 0.480318 0.733428
vn 0.517202 0.540002 0.664003
vn -0.662907 0.029800 0.748108
vn -0.560403 -0.005000 0.828205
vn -0.009199 0.716956 0.697057
vn -0.662907 0.029800 0.748108
vn -0.009199 0.716956 0.697057
vn -0.209504 0.693212 0.689612
vn 0.167104 0.187605 0.967926
vn 0.540701 0.517501 0.663201
vn 0.480772 0.480672 0.733357
vn 0.167104 0.187605 0.967926
vn 0.480772 0.480672 0.733357
vn 0.518109 0.541209 0.662311
vn -0.680967 -0.680967 0.269387
vn -0.594100 -0.594100 0.542300
vn -0.967464 -0.180893 0.176893
vn -0.680967 -0.680967 0.269387
vn -0.967464 -0.180893 0.176893
vn -0.875499 -0.417500 0.243300
vn 0.866226 -0.234107 -0.441413
vn 0.869085 0.016400 -0.494391
vn 0.663822 0.517417 -0.540018
vn 0.866226 -0.234107 -0.441413
vn 0.663822 0.517417 -0.540018
vn 0.967943 0.186089 -0.168690
vn -0.540369 0.517770 -0.663262
vn -0.967455 0.182492 -0.175292
vn -0.594397 0.593897 -0.542197
vn -0.540369 0.517770 -0.663262
vn -0.594397 0.593897 -0.542197
vn -0.480983 0.480283 -0.733474
vn 0.845932 0.493918 0.201108
vn 0.968121 0.179304 -0.174904
vn 0.708125 0.705725 -0.022601
vn 0.845932 0.493918 0.201108
vn 0.708125 0.705725 -0.022601
vn 0.681513 0.680413 0.269405
vn 0.176705 -0.968126 0.177505
vn -0.217794 -0.854776 0.471087
vn 0.060502 -0.969131 -0.239008
vn 0.176705 -0.968126 0.177505
vn 0.060502 -0.969131 -0.239008
vn 0.471793 -0.854488 -0.217397
vn 0.517611 0.663514 -0.540211
vn 0.119798 0.849086 -0.514491
vn -0.235811 0.867839 -0.437320
vn 0.517611 0.663514 -0.540211
vn -0.235811 0.867839 -0.437320
vn 0.176698 0.968091 -0.177698
vn -0.181601 -0.172601 0.968106
vn 0.236409 -0.436016 0.868332
vn -0.019899 0.245992 0.969068
vn -0.181601 -0.172601 0.968106
vn -0.019899 0.245992 0.969068
vn -0.469801 0.218900 0.855202
vn 0.128698 0.210497 0.969086
vn 0.458780 -0.225490 0.859462
vn 0.176994 0.176994 0.968167
vn 0.128698 0.210497 0.969086
vn 0.176994 0.176994 0.968167
vn -0.237792 0.432985 0.869470
vn -0.517518 -0.663824 -0.539919
vn -0.648810 -0.648810 -0.397606
vn -0.663971 -0.517478 -0.539777
vn -0.517518 -0.663824 -0.539919
vn -0.663971 -0.517478 -0.539777
vn -0.178497 -0.179197 -0.967485
vn 0.231797 -0.590293 0.773191
vn -0.517404 -0.539805 0.664006
vn -0.185905 -0.967324 0.172404
vn 0.231797 -0.590293 0.773191
vn -0.185905 -0.967324 0.172404
vn -0.241707 -0.873727 0.422113
vn -0.480730 -0.480730 0.733346
vn -0.517884 -0.540483 0.663079
vn -0.176606 -0.178106 0.968033
vn -0.480730 -0.480730 0.733346
vn -0.176606 -0.178106 0.968033
vn -0.540511 -0.517811 0.663114
vn 0.456107 -0.226903 0.860512
vn 0.862211 -0.072701 0.501306
vn 0.540701 0.517501 0.663201
vn 0.456107 -0.226903 0.860512
vn 0.540701 0.517501 0.663201
vn 0.167104 0.187605 0.967926
vn 0.517570 -0.663662 0.540069
vn 0.215211 -0.791641 0.571829
vn -0.244891 -0.877666 0.411984
vn 0.517570 -0.663662 0.540069
vn -0.244891 -0.877666 0.411984
vn 0.180393 -0.968065 0.174094
vn -0.967485 0.184697 -0.172797
vn -0.871664 0.427382 -0.239890
vn -0.680194 0.681694 -0.269498
vn -0.967485 0.184697 -0.172797
vn -0.680194 0.681694 -0.269498
vn -0.594397 0.593897 -0.542197
vn 0.517611 -0.540211 -0.663514
vn 0.159395 -0.531583 -0.831873
vn -0.240586 -0.425176 -0.872550
vn 0.517611 -0.540211 -0.663514
vn -0.240586 -0.425176 -0.872550
vn 0.179505 -0.175205 -0.968029
vn -0.967964 0.183493 0.171394
vn -0.663206 0.517804 0.540405
vn -0.648810 0.648810 0.397606
vn -0.967964 0.183493 0.171394
vn -0.648810 0.648810 0.397606
vn -0.707676 0.706176 0.022599
vn -0.209489 -0.693164 -0.689665
vn -0.000600 -0.716986 -0.697087
vn -0.011700 -0.955180 -0.295794
vn -0.209489 -0.693164 -0.689665
vn -0.011700 -0.955180 -0.295794
vn -0.112601 -0.947206 -0.300202
vn 0.442804 0.233402 -0.865707
vn 0.022500 0.246002 -0.969008
vn 0.242390 0.419983 -0.874564
vn 0.442804 0.233402 -0.865707
vn 0.242390 0.419983 -0.874564
vn 0.169897 0.188397 -0.967286
vn 0.480807 -0.480707 -0.733311
vn 0.517684 -0.540183 -0.663480
vn 0.176992 -0.177592 -0.968057
vn 0.480807 -0.480707 -0.733311
vn 0.176992 -0.177592 -0.968057
vn 0.540211 -0.517611 -0.663514
vn -0.177098 -0.968092 -0.177298
vn -0.705677 -0.708177 -0.022499
vn -0.648926 -0.648626 -0.397716
vn -0.177098 -0.968092 -0.177298
vn -0.648926 -0.648626 -0.397716
vn -0.517583 -0.663478 -0.540282
vn -0.706923 -0.706923 -0.022801
vn -0.680995 -0.680895 0.269498
vn -0.872566 -0.425084 0.240691
vn -0.706923 -0.706923 -0.022801
vn -0.872566 -0.425084 0.240691
vn -0.967843 -0.188208 -0.166907
vn 0.858220 0.223205 0.462211
vn 0.968999 0.175400 -0.174000
vn 0.845932 0.493918 0.201108
vn 0.858220 0.223205 0.462211
vn 0.845932 0.493918 0.201108
vn 0.967363 0.185993 0.172093
vn -0.480784 -0.480784 0.733276
vn -0.517404 -0.539805 0.664006
vn -0.177102 -0.177202 0.968109
vn -0.480784 -0.480784 0.733276
vn -0.177102 -0.177202 0.968109
vn -0.539911 -0.517411 0.663914
vn 0.173699 0.183799 -0.967495
vn 0.241190 0.423983 -0.872964
vn 0.119798 0.849086 -0.514491
vn 0.173699 0.183799 -0.967495
vn 0.119798 0.849086 -0.514491
vn 0.517611 0.663514 -0.540211
vn 0.517611 -0.663514 0.540211
vn 0.186493 -0.548080 0.815370
vn -0.217794 -0.854776 0.471087
vn 0.517611 -0.663514 0.540211
vn -0.217794 -0.854776 0.471087
vn 0.176705 -0.968126 0.177505
vn 0.852905 0.108801 -0.510603
vn 0.432704 0.237802 -0.869608
vn 0.165202 0.193402 -0.967111
vn 0.852905 0.108801 -0.510603
vn 0.165202 0.193402 -0.967111
vn 0.663515 0.517712 -0.540113
vn 0.681594 -0.680294 -0.269498
vn 0.593994 -0.594394 -0.542095
vn 0.967243 -0.169907 -0.188608
vn 0.681594 -0.680294 -0.269498
vn 0.967243 -0.169907 -0.188608
vn 0.887819 -0.385908 -0.250705
vn 0.252295 -0.373692 0.892581
vn 0.176002 -0.181502 0.967512
vn 0.458780 -0.225490 0.859462
vn 0.252295 -0.373692 0.892581
vn 0.458780 -0.225490 0.859462
vn 0.128698 0.210497 0.969086
vn -0.125898 -0.516492 0.846986
vn 0.517295 -0.663693 0.540294
vn 0.185193 -0.172393 0.967463
vn -0.125898 -0.516492 0.846986
vn 0.185193 -0.172393 0.967463
vn 0.236409 -0.436016 0.868332
vn -0.540298 0.517798 -0.663297
vn -0.967476 0.183995 -0.173596
vn -0.594262 0.594062 -0.542165
vn -0.540298 0.517798 -0.663297
vn -0.594262 0.594062 -0.542165
vn -0.480217 0.480817 -0.733626
vn -0.769926 0.234408 -0.593520
vn -0.879979 0.246594 -0.405990
vn -0.967485 0.184697 -0.172797
vn -0.769926 0.234408 -0.593520
vn -0.967485 0.184697 -0.172797
vn -0.540433 0.517731 -0.663240
vn -0.900308 0.257102 -0.351203
vn -0.793479 -0.608584 -0.004100
vn -0.799251 -0.590164 0.113593
vn -0.900308 0.257102 -0.351203
vn -0.799251 -0.590164 0.113593
vn -0.987003 0.009800 -0.160401
vn 0.594394 0.593994 0.542095
vn 0.174401 0.967406 0.183601
vn 0.517202 0.540002 0.664003
vn 0.594394 0.593994 0.542095
vn 0.517202 0.540002 0.664003
vn 0.481018 0.480318 0.733428
vn -0.179797 -0.967484 0.177897
vn -0.593962 -0.594362 0.542165
vn -0.681013 -0.680913 0.269405
vn -0.179797 -0.967484 0.177897
vn -0.681013 -0.680913 0.269405
vn -0.423911 -0.873022 0.241106
vn 0.038500 0.867409 -0.496105
vn -0.517703 0.540503 -0.663204
vn -0.191702 0.967210 -0.166602
vn 0.038500 0.867409 -0.496105
vn -0.191702 0.967210 -0.166602
vn -0.232810 0.865038 -0.444420
vn 0.773548 0.231514 -0.589936
vn 0.463571 0.222586 -0.857646
vn 0.181304 0.175604 -0.967622
vn 0.773548 0.231514 -0.589936
vn 0.181304 0.175604 -0.967622
vn 0.663729 0.517323 -0.540223
vn -0.189403 0.168603 0.967316
vn -0.228208 0.453716 0.861431
vn 0.033999 0.867778 0.495787
vn -0.189403 0.168603 0.967316
vn 0.033999 0.867778 0.495787
vn -0.517310 0.663912 0.540010
vn -0.969063 -0.045998 -0.242491
vn -0.879103 -0.245901 0.408302
vn -0.967692 0.191598 0.163899
vn -0.969063 -0.045998 -0.242491
vn -0.967692 0.191598 0.163899
vn -0.882284 0.400093 -0.247995
vn -0.967465 -0.172594 0.184993
vn -0.540523 -0.517522 0.663329
vn -0.728924 0.257008 0.634521
vn -0.967465 -0.172594 0.184993
vn -0.728924 0.257008 0.634521
vn -0.854826 -0.218407 0.470714
vn -0.011800 0.955179 0.295794
vn 0.097905 0.949245 0.298914
vn 0.058897 0.997355 0.042598
vn -0.011800 0.955179 0.295794
vn 0.058897 0.997355 0.042598
vn 0.000400 0.999079 0.042899
vn 0.058599 -0.997385 0.042299
vn 0.369284 -0.927960 0.050198
vn 0.266910 -0.944135 0.193307
vn 0.058599 -0.997385 0.042299
vn 0.266910 -0.944135 0.193307
vn 0.112601 -0.947206 0.300202
vn 0.000400 0.999079 0.042899
vn 0.058897 0.997355 0.042598
vn 0.059601 0.998222 0.000200
vn 0.000400 0.999079 0.042899
vn 0.059601 0.998222 0.000200
vn -0.029200 0.998907 -0.036500
vn 0.247001 -0.880504 -0.404602
vn -0.173796 -0.968080 -0.180596
vn -0.517583 -0.663478 -0.540282
vn 0.247001 -0.880504 -0.404602
vn -0.517583 -0.663478 -0.540282
vn 0.257889 -0.636973 -0.726470
vn -0.434091 0.237195 0.869082
vn 0.172695 0.176295 0.969070
vn -0.248797 0.396696 0.883591
vn -0.434091 0.237195 0.869082
vn -0.248797 0.396696 0.883591
vn -0.169198 0.188998 0.967291
vn 0.126705 0.969041 -0.211909
vn -0.456296 0.860492 -0.226598
vn -0.177306 0.968034 0.177406
vn 0.126705 0.969041 -0.211909
vn -0.177306 0.968034 0.177406
vn 0.229206 0.862323 0.451512
vn 0.177106 -0.967535 -0.180306
vn 0.247001 -0.880504 -0.404602
vn 0.257889 -0.636973 -0.726470
vn 0.177106 -0.967535 -0.180306
vn 0.257889 -0.636973 -0.726470
vn 0.517690 -0.540290 -0.663388
vn -0.879979 0.246594 -0.405990
vn -0.969061 0.085897 -0.231391
vn -0.871664 0.427382 -0.239890
vn -0.879979 0.246594 -0.405990
vn -0.871664 0.427382 -0.239890
vn -0.967485 0.184697 -0.172797
vn 0.967778 -0.189696 0.165596
vn 0.865890 -0.442395 -0.233497
vn 0.968999 0.175400 -0.174000
vn 0.967778 -0.189696 0.165596
vn 0.968999 0.175400 -0.174000
vn 0.858220 0.223205 0.462211
vn -0.586186 0.691783 -0.421690
vn -0.837871 -0.452584 -0.305189
vn -0.987020 -0.009700 0.160303
vn -0.586186 0.691783 -0.421690
vn -0.987020 -0.009700 0.160303
vn -0.799299 0.590099 -0.113600
vn 0.707278 -0.706578 0.022499
vn 0.180393 -0.968065 0.174094
vn 0.406287 -0.879871 -0.246492
vn 0.707278 -0.706578 0.022499
vn 0.406287 -0.879871 -0.246492
vn 0.681031 -0.680931 -0.269312
vn -0.680985 -0.680985 0.269294
vn -0.594006 -0.594006 0.542506
vn -0.967485 -0.178597 0.179097
vn -0.680985 -0.680985 0.269294
vn -0.967485 -0.178597 0.179097
vn -0.868823 -0.434712 0.237006
vn -0.863608 -0.065401 -0.499904
vn -0.888111 0.250903 -0.385105
vn -0.967455 0.182492 -0.175292
vn -0.863608 -0.065401 -0.499904
vn -0.967455 0.182492 -0.175292
vn -0.540369 0.517770 -0.663262
vn 0.097905 0.949245 0.298914
vn 0.384815 0.880633 0.276410
vn 0.367508 0.929120 0.040901
vn 0.097905 0.949245 0.298914
vn 0.367508 0.929120 0.040901
vn 0.058897 0.997355 0.042598
vn -0.344308 -0.938822 -0.008100
vn -0.059601 -0.998222 0.000200
vn -0.058903 -0.997350 0.042702
vn -0.344308 -0.938822 -0.008100
vn -0.058903 -0.997350 0.042702
vn -0.367508 -0.929120 0.040901
vn 0.177893 -0.171093 -0.969062
vn -0.419209 -0.242805 -0.874820
vn -0.184495 0.169695 -0.968073
vn 0.177893 -0.171093 -0.969062
vn -0.184495 0.169695 -0.968073
vn 0.215200 0.475300 -0.853100
vn 0.594097 -0.594197 -0.542198
vn 0.480817 -0.480217 -0.733626
vn 0.540389 -0.517589 -0.663386
vn 0.594097 -0.594197 -0.542198
vn 0.540389 -0.517589 -0.663386
vn 0.966996 -0.195499 -0.163399
vn -0.517903 -0.540803 0.662804
vn -0.481084 -0.480484 0.733276
vn -0.593962 -0.594362 0.542165
vn -0.517903 -0.540803 0.662804
vn -0.593962 -0.594362 0.542165
vn -0.179797 -0.967484 0.177897
vn 0.174401 0.967406 0.183601
vn 0.237687 0.869553 0.432877
vn -0.047701 0.866318 0.497210
vn 0.174401 0.967406 0.183601
vn -0.047701 0.866318 0.497210
vn 0.517202 0.540002 0.664003
vn -0.058903 -0.997350 0.042702
vn -0.000400 -0.999079 0.042899
vn 0.011800 -0.955179 0.295794
vn -0.058903 -0.997350 0.042702
vn 0.011800 -0.955179 0.295794
vn -0.098001 -0.949207 0.299002
vn -0.663284 0.264194 0.700183
vn -0.405288 0.246693 0.880275
vn -0.175398 0.182198 0.967491
vn -0.663284 0.264194 0.700183
vn -0.175398 0.182198 0.967491
vn -0.663514 0.517611 0.540211
vn 0.170601 -0.183501 -0.968103
vn -0.237593 -0.433687 -0.869175
vn 0.177893 -0.171093 -0.969062
vn 0.170601 -0.183501 -0.968103
vn 0.177893 -0.171093 -0.969062
vn 0.463571 0.222586 -0.857646
vn 0.471793 -0.854488 -0.217397
vn 0.060502 -0.969131 -0.239008
vn 0.239400 -0.871299 -0.428399
vn 0.471793 -0.854488 -0.217397
vn 0.239400 -0.871299 -0.428399
vn 0.171104 -0.967324 -0.187105
vn 0.648929 0.648929 -0.397218
vn 0.517602 0.663203 -0.540602
vn 0.180498 0.968188 -0.173298
vn 0.648929 0.648929 -0.397218
vn 0.180498 0.968188 -0.173298
vn 0.708125 0.705725 -0.022601
vn -0.178794 -0.178994 -0.967468
vn -0.663478 -0.517583 -0.540282
vn -0.769926 0.234408 -0.593520
vn -0.178794 -0.178994 -0.967468
vn -0.769926 0.234408 -0.593520
vn -0.414785 -0.244091 -0.876569
vn 0.868884 0.020500 0.494591
vn 0.858220 0.223205 0.462211
vn 0.967363 0.185993 0.172093
vn 0.868884 0.020500 0.494591
vn 0.967363 0.185993 0.172093
vn 0.540282 0.517583 0.663478
vn 0.868135 0.236209 0.436517
vn 0.969031 0.183806 -0.164905
vn 0.882588 0.399295 0.248197
vn 0.868135 0.236209 0.436517
vn 0.882588 0.399295 0.248197
vn 0.967235 0.190607 0.167706
vn -0.987020 -0.009700 0.160303
vn -0.795973 -0.593880 -0.117196
vn -0.793479 -0.608584 -0.004100
vn -0.987020 -0.009700 0.160303
vn -0.793479 -0.608584 -0.004100
vn -0.900308 0.257102 -0.351203
vn 0.133994 -0.969059 -0.207291
vn -0.417288 -0.875575 0.243393
vn -0.173796 -0.968080 -0.180596
vn 0.133994 -0.969059 -0.207291
vn -0.173796 -0.968080 -0.180596
vn 0.247001 -0.880504 -0.404602
vn 0.190000 0.967803 -0.165100
vn -0.232810 0.865038 -0.444420
vn 0.149903 0.969118 0.195804
vn 0.190000 0.967803 -0.165100
vn 0.149903 0.969118 0.195804
vn 0.473107 0.853912 0.216803
vn 0.648810 -0.648810 0.397606
vn 0.707674 -0.706174 0.022699
vn 0.967778 -0.189696 0.165596
vn 0.648810 -0.648810 0.397606
vn 0.967778 -0.189696 0.165596
vn 0.663388 -0.517690 0.540290
vn 0.473107 0.853912 0.216803
vn 0.149903 0.969118 0.195804
vn 0.232189 0.864660 0.445479
vn 0.473107 0.853912 0.216803
vn 0.232189 0.864660 0.445479
vn 0.181796 0.967477 0.175896
vn -0.594165 -0.594065 0.542268
vn -0.480730 -0.480730 0.733346
vn -0.540511 -0.517811 0.663114
vn -0.594165 -0.594065 0.542268
vn -0.540511 -0.517811 0.663114
vn -0.966998 -0.194900 0.164100
vn 0.169897 0.188397 -0.967286
vn 0.242390 0.419983 -0.874564
vn -0.255900 0.632000 -0.731500
vn 0.169897 0.188397 -0.967286
vn -0.255900 0.632000 -0.731500
vn 0.517202 0.664003 -0.540002
vn 0.540326 0.517725 0.663332
vn 0.967478 0.183796 0.173796
vn 0.594394 0.593994 0.542095
vn 0.540326 0.517725 0.663332
vn 0.594394 0.593994 0.542095
vn 0.481018 0.480318 0.733428
vn 0.517792 -0.540191 -0.663389
vn 0.201706 -0.559916 -0.803623
vn -0.242804 -0.418806 -0.875013
vn 0.517792 -0.540191 -0.663389
vn -0.242804 -0.418806 -0.875013
vn 0.169098 -0.185998 -0.967890
vn 0.112601 -0.947206 0.300202
vn 0.266910 -0.944135 0.193307
vn 0.526904 -0.756806 0.386803
vn 0.112601 -0.947206 0.300202
vn 0.526904 -0.756806 0.386803
vn 0.209599 -0.693198 0.689598
vn 0.178698 -0.968090 0.175698
vn -0.240400 -0.872200 0.426000
vn 0.213695 -0.969076 -0.123397
vn 0.178698 -0.968090 0.175698
vn 0.213695 -0.969076 -0.123397
vn 0.424708 -0.872717 -0.240805
vn 0.480819 -0.480819 -0.733230
vn 0.517589 -0.540389 -0.663386
vn 0.170601 -0.183501 -0.968103
vn 0.480819 -0.480819 -0.733230
vn 0.170601 -0.183501 -0.968103
vn 0.540610 -0.517709 -0.663112
vn 0.238992 0.429087 -0.871073
vn -0.184602 0.170502 -0.967911
vn -0.517703 0.540503 -0.663204
vn 0.238992 0.429087 -0.871073
vn -0.517703 0.540503 -0.663204
vn 0.038500 0.867409 -0.496105
vn -0.446775 -0.231587 -0.864152
vn -0.586900 0.229000 -0.776600
vn -0.539895 0.517196 -0.664094
vn -0.446775 -0.231587 -0.864152
vn -0.539895 0.517196 -0.664094
vn -0.167901 0.187502 -0.967808
vn 0.000000 0.000000 -1.000000
vn 0.138699 0.990290 -0.009400
vn 0.842899 0.091700 -0.530200
vn 0.000000 0.000000 -1.000000
vn 0.842899 0.091700 -0.530200
vn 0.461928 0.055903 -0.885154
vn 0.363910 -0.928724 -0.071002
vn 0.000000 0.000000 -1.000000
vn 0.461928 0.055903 -0.885154
vn 0.363910 -0.928724 -0.071002
vn 0.461928 0.055903 -0.885154
vn 0.993033 0.002800 -0.117804
vn 0.333311 -0.666622 -0.666722
vn -0.999717 0.023800 -0.000000
vn 0.000000 0.000000 -1.000000
vn 0.333311 -0.666622 -0.666722
vn 0.000000 0.000000 -1.000000
vn 0.363910 -0.928724 -0.071002
vn -0.999717 0.023800 -0.000000
vn -1.000000 0.000000 0.000000
vn 0.138699 0.990290 -0.009400
vn -0.999717 0.023800 -0.000000
vn 0.138699 0.990290 -0.009400
vn 0.000000 0.000000 -1.000000
vn -0.517316 -0.663821 -0.540117
vn -0.648929 -0.648929 -0.397218
vn -0.663912 -0.517310 -0.540010
vn -0.517316 -0.663821 -0.540117
vn -0.663912 -0.517310 -0.540010
vn -0.178396 -0.178796 -0.967578
vn 0.184497 -0.967984 0.170197
vn -0.235989 -0.867861 0.437180
vn 0.169400 -0.969100 0.179300
vn 0.184497 -0.967984 0.170197
vn 0.169400 -0.969100 0.179300
vn 0.449493 -0.863087 -0.230297
vn -0.594100 -0.594100 0.542300
vn -0.480784 -0.480784 0.733276
vn -0.539911 -0.517411 0.663914
vn -0.594100 -0.594100 0.542300
vn -0.539911 -0.517411 0.663914
vn -0.967241 -0.188708 0.169807
vn 0.663296 0.517697 -0.540397
vn 0.173699 0.183799 -0.967495
vn 0.517611 0.663514 -0.540211
vn 0.663296 0.517697 -0.540397
vn 0.517611 0.663514 -0.540211
vn 0.648610 0.649010 -0.397606
vn 0.681313 -0.680613 -0.269405
vn 0.454312 -0.861223 -0.227806
vn 0.184104 -0.967418 -0.173803
vn 0.681313 -0.680613 -0.269405
vn 0.184104 -0.967418 -0.173803
vn 0.594133 -0.594133 -0.542230
vn -0.369286 0.927965 0.050098
vn -0.058599 0.997385 0.042299
vn -0.059502 0.998228 -0.000200
vn -0.369286 0.927965 0.050098
vn -0.059502 0.998228 -0.000200
vn -0.344308 0.938822 0.008100
vn 0.706826 -0.707026 0.022601
vn 0.176705 -0.968126 0.177505
vn 0.471793 -0.854488 -0.217397
vn 0.706826 -0.707026 0.022601
vn 0.471793 -0.854488 -0.217397
vn 0.680985 -0.680985 -0.269294
vn 0.243897 0.969088 -0.037200
vn -0.421819 0.873840 -0.241811
vn -0.177105 0.968126 0.177105
vn 0.243897 0.969088 -0.037200
vn -0.177105 0.968126 0.177105
vn 0.240004 0.871816 0.427008
vn -0.837871 -0.452584 -0.305189
vn -0.526997 -0.756795 -0.386698
vn -0.795973 -0.593880 -0.117196
vn -0.837871 -0.452584 -0.305189
vn -0.795973 -0.593880 -0.117196
vn -0.987020 -0.009700 0.160303
vn -0.169198 0.188998 0.967291
vn -0.248797 0.396696 0.883591
vn -0.107402 0.853317 0.510210
vn -0.169198 0.188998 0.967291
vn -0.107402 0.853317 0.510210
vn -0.517690 0.663388 0.540290
vn 0.967243 -0.169907 -0.188608
vn 0.540002 -0.517202 -0.664003
vn 0.848608 0.121401 -0.514905
vn 0.967243 -0.169907 -0.188608
vn 0.848608 0.121401 -0.514905
vn 0.871930 -0.240108 -0.426715
vn -0.240400 -0.872200 0.426000
vn -0.179797 -0.967484 0.177897
vn -0.423911 -0.873022 0.241106
vn -0.240400 -0.872200 0.426000
vn -0.423911 -0.873022 0.241106
vn 0.213695 -0.969076 -0.123397
vn -0.059502 0.998228 -0.000200
vn -0.029200 0.998907 -0.036500
vn -0.000400 0.999079 -0.042899
vn -0.059502 0.998228 -0.000200
vn -0.000400 0.999079 -0.042899
vn -0.058903 0.997350 -0.042702
vn 0.180393 -0.968065 0.174094
vn -0.244891 -0.877666 0.411984
vn 0.133994 -0.969059 -0.207291
vn 0.180393 -0.968065 0.174094
vn 0.133994 -0.969059 -0.207291
vn 0.406287 -0.879871 -0.246492
vn -0.384781 -0.880656 0.276386
vn -0.098001 -0.949207 0.299002
vn -0.199990 -0.689866 0.695765
vn -0.384781 -0.880656 0.276386
vn -0.199990 -0.689866 0.695765
vn -0.586186 -0.691783 0.421690
vn -0.176895 -0.177595 0.968074
vn 0.245301 -0.410802 0.878105
vn -0.035199 0.244291 0.969063
vn -0.176895 -0.177595 0.968074
vn -0.035199 0.244291 0.969063
vn -0.405288 0.246693 0.880275
vn -0.663970 0.517377 0.539876
vn -0.189403 0.168603 0.967316
vn -0.517310 0.663912 0.540010
vn -0.663970 0.517377 0.539876
vn -0.517310 0.663912 0.540010
vn -0.648717 0.648717 0.397910
vn -0.178396 -0.178796 -0.967578
vn -0.663912 -0.517310 -0.540010
vn -0.531032 0.158210 -0.832451
vn -0.178396 -0.178796 -0.967578
vn -0.531032 0.158210 -0.832451
vn -0.419209 -0.242805 -0.874820
vn -0.418714 0.875028 -0.242908
vn -0.680012 0.681912 -0.269405
vn -0.706978 0.706878 0.022499
vn -0.418714 0.875028 -0.242908
vn -0.706978 0.706878 0.022499
vn -0.192493 0.967667 0.162994
vn 0.663388 -0.517690 0.540290
vn 0.967778 -0.189696 0.165596
vn 0.858220 0.223205 0.462211
vn 0.663388 -0.517690 0.540290
vn 0.858220 0.223205 0.462211
vn 0.868884 0.020500 0.494591
vn -0.367508 -0.929120 0.040901
vn -0.058903 -0.997350 0.042702
vn -0.098001 -0.949207 0.299002
vn -0.367508 -0.929120 0.040901
vn -0.098001 -0.949207 0.299002
vn -0.384781 -0.880656 0.276386
vn -0.663912 -0.517310 -0.540010
vn -0.967872 -0.186095 -0.169095
vn -0.873650 0.241614 -0.422324
vn -0.663912 -0.517310 -0.540010
vn -0.873650 0.241614 -0.422324
vn -0.531032 0.158210 -0.832451
vn 0.517202 0.664003 -0.540002
vn -0.255900 0.632000 -0.731500
vn -0.231101 0.863803 -0.447702
vn 0.517202 0.664003 -0.540002
vn -0.231101 0.863803 -0.447702
vn 0.176698 0.968091 -0.177698
vn 0.967479 0.181296 0.176396
vn 0.859988 0.457494 0.226097
vn 0.680923 0.680923 0.269609
vn 0.967479 0.181296 0.176396
vn 0.680923 0.680923 0.269609
vn 0.594291 0.594191 0.541992
vn 0.871930 -0.240108 -0.426715
vn 0.848608 0.121401 -0.514905
vn 0.663821 0.517316 -0.540117
vn 0.871930 -0.240108 -0.426715
vn 0.663821 0.517316 -0.540117
vn 0.967914 0.186503 -0.168402
vn -0.171203 0.183403 -0.968015
vn -0.540433 0.517731 -0.663240
vn -0.480306 0.480906 -0.733509
vn -0.171203 0.183403 -0.968015
vn -0.480306 0.480906 -0.733509
vn -0.517301 0.540401 -0.663601
vn 0.707278 -0.706578 0.022499
vn 0.681031 -0.680931 -0.269312
vn 0.879942 -0.406120 -0.246512
vn 0.707278 -0.706578 0.022499
vn 0.879942 -0.406120 -0.246512
vn 0.968074 -0.176495 0.177995
vn -0.417288 -0.875575 0.243393
vn -0.680967 -0.680967 0.269387
vn -0.706976 -0.706876 -0.022599
vn -0.417288 -0.875575 0.243393
vn -0.706976 -0.706876 -0.022599
vn -0.173796 -0.968080 -0.180596
vn 0.594003 -0.594103 -0.542403
vn 0.171104 -0.967324 -0.187105
vn 0.517684 -0.540183 -0.663480
vn 0.594003 -0.594103 -0.542403
vn 0.517684 -0.540183 -0.663480
vn 0.480807 -0.480707 -0.733311
vn 0.648884 -0.648684 0.397690
vn 0.707278 -0.706578 0.022499
vn 0.968074 -0.176495 0.177995
vn 0.648884 -0.648684 0.397690
vn 0.968074 -0.176495 0.177995
vn 0.663260 -0.517669 0.540467
vn -0.167901 0.187502 -0.967808
vn -0.539895 0.517196 -0.664094
vn -0.480906 0.480306 -0.733509
vn -0.167901 0.187502 -0.967808
vn -0.480906 0.480306 -0.733509
vn -0.517798 0.540298 -0.663297
vn 0.238909 -0.870834 -0.429617
vn -0.188208 -0.967843 -0.166907
vn -0.517196 -0.664094 -0.539895
vn 0.238909 -0.870834 -0.429617
vn -0.517196 -0.664094 -0.539895
vn 0.201706 -0.559916 -0.803623
vn -0.182406 0.967433 -0.175506
vn -0.594397 0.593897 -0.542197
vn -0.680194 0.681694 -0.269498
vn -0.182406 0.967433 -0.175506
vn -0.680194 0.681694 -0.269498
vn -0.427100 0.871799 -0.239900
vn -0.663206 0.517804 0.540405
vn -0.178707 0.178707 0.967537
vn -0.517897 0.662896 0.540697
vn -0.663206 0.517804 0.540405
vn -0.517897 0.662896 0.540697
vn -0.648810 0.648810 0.397606
vn 0.662905 -0.029900 0.748106
vn 0.837871 -0.452584 0.305189
vn 0.586186 0.691783 0.421690
vn 0.662905 -0.029900 0.748106
vn 0.586186 0.691783 0.421690
vn 0.200004 0.689914 0.695714
vn -0.245801 -0.409002 -0.878805
vn -0.178794 -0.178994 -0.967468
vn -0.414785 -0.244091 -0.876569
vn -0.245801 -0.409002 -0.878805
vn -0.414785 -0.244091 -0.876569
vn -0.186794 -0.161295 -0.969068
vn -0.097902 0.949216 -0.299005
vn 0.011900 0.955178 -0.295793
vn 0.009099 0.716957 -0.697058
vn -0.097902 0.949216 -0.299005
vn 0.009099 0.716957 -0.697058
vn -0.199894 0.689879 -0.695779
vn 0.181997 0.176197 -0.967384
vn 0.238992 0.429087 -0.871073
vn 0.038500 0.867409 -0.496105
vn 0.181997 0.176197 -0.967384
vn 0.038500 0.867409 -0.496105
vn 0.517282 0.663877 -0.540081
vn -0.059601 -0.998222 0.000200
vn -0.016400 -0.998906 -0.043800
vn -0.000400 -0.999079 0.042899
vn -0.059601 -0.998222 0.000200
vn -0.000400 -0.999079 0.042899
vn -0.058903 -0.997350 0.042702
vn 0.517804 -0.663206 0.540405
vn 0.648810 -0.648810 0.397606
vn 0.663388 -0.517690 0.540290
vn 0.517804 -0.663206 0.540405
vn 0.663388 -0.517690 0.540290
vn 0.176002 -0.181502 0.967512
vn -0.850736 0.210909 -0.481420
vn -0.969095 0.243699 0.038300
vn -0.869158 0.433779 -0.237488
vn -0.850736 0.210909 -0.481420
vn -0.869158 0.433779 -0.237488
vn -0.967574 0.180495 -0.176695
vn 0.186493 -0.548080 0.815370
vn 0.517611 -0.663514 0.540211
vn 0.179697 -0.177997 0.967484
vn 0.186493 -0.548080 0.815370
vn 0.179697 -0.177997 0.967484
vn 0.237802 -0.432704 0.869608
vn -0.799299 0.590099 -0.113600
vn -0.987020 -0.009700 0.160303
vn -0.900308 0.257102 -0.351203
vn -0.799299 0.590099 -0.113600
vn -0.900308 0.257102 -0.351203
vn -0.793479 0.608584 0.004100
vn -0.000600 -0.716986 -0.697087
vn 0.199894 -0.689879 -0.695779
vn 0.098004 -0.949235 -0.298911
vn -0.000600 -0.716986 -0.697087
vn 0.098004 -0.949235 -0.298911
vn -0.011700 -0.955180 -0.295794
vn 0.966996 -0.195499 -0.163399
vn 0.540389 -0.517589 -0.663386
vn 0.869085 0.016400 -0.494391
vn 0.966996 -0.195499 -0.163399
vn 0.869085 0.016400 -0.494391
vn 0.866226 -0.234107 -0.441413
vn 0.663591 0.264196 0.699891
vn 0.881072 0.247292 0.403187
vn 0.967478 0.183796 0.173796
vn 0.663591 0.264196 0.699891
vn 0.967478 0.183796 0.173796
vn 0.540326 0.517725 0.663332
vn 0.178697 0.967485 0.178997
vn 0.240004 0.871816 0.427008
vn 0.256896 0.634491 0.728989
vn 0.178697 0.967485 0.178997
vn 0.256896 0.634491 0.728989
vn 0.518109 0.541209 0.662311
vn -0.429688 -0.870776 0.238993
vn -0.680995 -0.680895 0.269498
vn -0.706923 -0.706923 -0.022801
vn -0.429688 -0.870776 0.238993
vn -0.706923 -0.706923 -0.022801
vn -0.188208 -0.967843 -0.166907
vn 0.680985 -0.680985 -0.269294
vn 0.471793 -0.854488 -0.217397
vn 0.171104 -0.967324 -0.187105
vn 0.680985 -0.680985 -0.269294
vn 0.171104 -0.967324 -0.187105
vn 0.594003 -0.594103 -0.542403
vn 0.213695 -0.969076 -0.123397
vn -0.423911 -0.873022 0.241106
vn -0.177098 -0.968092 -0.177298
vn 0.213695 -0.969076 -0.123397
vn -0.177098 -0.968092 -0.177298
vn 0.230805 -0.863619 -0.448210
vn 0.236892 0.969068 -0.069198
vn -0.427100 0.871799 -0.239900
vn -0.177292 0.968057 0.177292
vn 0.236892 0.969068 -0.069198
vn -0.177292 0.968057 0.177292
vn 0.237687 0.869553 0.432877
vn -0.164596 0.193595 0.967176
vn -0.240213 0.426623 0.871947
vn 0.256896 0.634491 0.728989
vn -0.164596 0.193595 0.967176
vn 0.256896 0.634491 0.728989
vn -0.517008 0.664311 0.539809
vn -0.236304 0.436507 0.868114
vn 0.174697 0.179697 0.968086
vn 0.517202 0.540002 0.664003
vn -0.236304 0.436507 0.868114
vn 0.517202 0.540002 0.664003
vn -0.047701 0.866318 0.497210
vn 0.367510 -0.929124 -0.040801
vn 0.799308 -0.590106 -0.113501
vn 0.793527 -0.608521 0.004100
vn 0.367510 -0.929124 -0.040801
vn 0.793527 -0.608521 0.004100
vn 0.344308 -0.938822 0.008100
vn 0.648810 -0.648810 0.397606
vn 0.706826 -0.707026 0.022601
vn 0.968057 -0.177192 0.177392
vn 0.648810 -0.648810 0.397606
vn 0.968057 -0.177192 0.177392
vn 0.663388 -0.517690 0.540290
vn -0.869312 -0.237603 0.433406
vn -0.858282 0.090198 0.505189
vn -0.663970 0.517377 0.539876
vn -0.869312 -0.237603 0.433406
vn -0.663970 0.517377 0.539876
vn -0.968016 0.183303 0.171303
vn -0.192493 0.967667 0.162994
vn -0.706978 0.706878 0.022499
vn -0.648717 0.648717 0.397910
vn -0.192493 0.967667 0.162994
vn -0.648717 0.648717 0.397910
vn -0.517310 0.663912 0.540010
vn -0.540495 0.517596 -0.663294
vn -0.967466 0.180394 -0.177394
vn -0.594097 0.594197 -0.542198
vn -0.540495 0.517596 -0.663294
vn -0.594097 0.594197 -0.542198
vn -0.480819 0.480819 -0.733230
vn 0.184104 -0.967418 -0.173803
vn 0.238105 -0.869919 -0.431910
vn 0.156403 -0.530210 -0.833316
vn 0.184104 -0.967418 -0.173803
vn 0.156403 -0.530210 -0.833316
vn 0.517589 -0.540389 -0.663386
vn -0.233612 0.969049 0.079804
vn -0.454014 0.861327 -0.228007
vn -0.190106 0.967832 0.164805
vn -0.233612 0.969049 0.079804
vn -0.190106 0.967832 0.164805
vn 0.218797 0.855287 0.469693
vn -0.540511 -0.517811 0.663114
vn -0.176606 -0.178106 0.968033
vn -0.418300 0.243000 0.875201
vn -0.540511 -0.517811 0.663114
vn -0.418300 0.243000 0.875201
vn -0.858282 0.090198 0.505189
vn 0.540002 -0.517202 -0.664003
vn 0.179505 -0.175205 -0.968029
vn 0.442804 0.233402 -0.865707
vn 0.540002 -0.517202 -0.664003
vn 0.442804 0.233402 -0.865707
vn 0.848608 0.121401 -0.514905
vn -0.517196 -0.664094 -0.539895
vn -0.648726 -0.648826 -0.397716
vn -0.664094 -0.517196 -0.539895
vn -0.517196 -0.664094 -0.539895
vn -0.664094 -0.517196 -0.539895
vn -0.179909 -0.178509 -0.967351
vn 0.241190 0.423983 -0.872964
vn -0.171203 0.183403 -0.968015
vn -0.517301 0.540401 -0.663601
vn 0.241190 0.423983 -0.872964
vn -0.517301 0.540401 -0.663601
vn 0.119798 0.849086 -0.514491
vn 0.540397 0.517697 0.663296
vn 0.967235 0.190607 0.167706
vn 0.594333 0.593933 0.542230
vn 0.540397 0.517697 0.663296
vn 0.594333 0.593933 0.542230
vn 0.480283 0.480983 0.733474
vn -0.185905 -0.967324 0.172404
vn -0.594100 -0.594100 0.542300
vn -0.680995 -0.680895 0.269498
vn -0.185905 -0.967324 0.172404
vn -0.680995 -0.680895 0.269498
vn -0.404315 -0.880634 0.247009
vn 0.175599 -0.181999 0.967492
vn 0.663260 -0.517669 0.540467
vn 0.663591 0.264196 0.699891
vn 0.175599 -0.181999 0.967492
vn 0.663591 0.264196 0.699891
vn 0.407117 -0.246311 0.879538
vn 0.011800 -0.955179 0.295794
vn 0.112601 -0.947206 0.300202
vn 0.209599 -0.693198 0.689598
vn 0.011800 -0.955179 0.295794
vn 0.209599 -0.693198 0.689598
vn 0.009299 -0.716956 0.697057
vn 0.859988 0.457494 0.226097
vn 0.967943 0.186089 -0.168690
vn 0.706775 0.707075 -0.022699
vn 0.859988 0.457494 0.226097
vn 0.706775 0.707075 -0.022699
vn 0.680923 0.680923 0.269609
vn 0.172598 -0.967387 -0.185398
vn 0.230805 -0.863619 -0.448210
vn 0.159395 -0.531583 -0.831873
vn 0.172598 -0.967387 -0.185398
vn 0.159395 -0.531583 -0.831873
vn 0.517611 -0.540211 -0.663514
vn 0.706826 -0.707026 0.022601
vn 0.681912 -0.680012 -0.269405
vn 0.866389 -0.440994 -0.234297
vn 0.706826 -0.707026 0.022601
vn 0.866389 -0.440994 -0.234297
vn 0.967791 -0.191098 0.163898
vn -0.517617 -0.540318 0.663422
vn 0.215211 -0.791641 0.571829
vn 0.245301 -0.410802 0.878105
vn -0.517617 -0.540318 0.663422
vn 0.245301 -0.410802 0.878105
vn -0.176895 -0.177595 0.968074
vn 0.178805 0.967427 0.179205
vn 0.229206 0.862323 0.451512
vn -0.107402 0.853317 0.510210
vn 0.178805 0.967427 0.179205
vn -0.107402 0.853317 0.510210
vn 0.517189 0.539789 0.664186
vn -0.969095 0.243699 0.038300
vn -0.854826 -0.218407 0.470714
vn -0.967869 0.189494 0.165295
vn -0.969095 0.243699 0.038300
vn -0.967869 0.189494 0.165295
vn -0.869158 0.433779 -0.237488
vn 0.237687 0.869553 0.432877
vn -0.177292 0.968057 0.177292
vn -0.517703 0.663204 0.540503
vn 0.237687 0.869553 0.432877
vn -0.517703 0.663204 0.540503
vn -0.047701 0.866318 0.497210
vn -0.000400 0.999079 -0.042899
vn 0.058499 0.997391 -0.042300
vn 0.112499 0.947189 -0.300296
vn -0.000400 0.999079 -0.042899
vn 0.112499 0.947189 -0.300296
vn 0.011900 0.955178 -0.295793
vn -0.240213 0.426623 0.871947
vn 0.167104 0.187605 0.967926
vn 0.518109 0.541209 0.662311
vn -0.240213 0.426623 0.871947
vn 0.518109 0.541209 0.662311
vn 0.256896 0.634491 0.728989
vn -0.663971 -0.517478 -0.539777
vn -0.967941 -0.170107 -0.184808
vn -0.888111 0.250903 -0.385105
vn -0.663971 -0.517478 -0.539777
vn -0.888111 0.250903 -0.385105
vn -0.863608 -0.065401 -0.499904
vn -0.879103 -0.245901 0.408302
vn -0.663676 0.264290 0.699775
vn -0.663296 0.517697 0.540397
vn -0.879103 -0.245901 0.408302
vn -0.663296 0.517697 0.540397
vn -0.967692 0.191598 0.163899
vn 0.799308 -0.590106 -0.113501
vn 0.987019 0.009800 0.160303
vn 0.900284 -0.189497 -0.391893
vn 0.799308 -0.590106 -0.113501
vn 0.900284 -0.189497 -0.391893
vn 0.793527 -0.608521 0.004100
vn 0.184295 -0.967473 -0.173295
vn 0.238909 -0.870834 -0.429617
vn 0.201706 -0.559916 -0.803623
vn 0.184295 -0.967473 -0.173295
vn 0.201706 -0.559916 -0.803623
vn 0.517792 -0.540191 -0.663389
vn 0.438504 0.235202 -0.867407
vn -0.145905 -0.199207 -0.969035
vn 0.238992 0.429087 -0.871073
vn 0.438504 0.235202 -0.867407
vn 0.238992 0.429087 -0.871073
vn 0.181997 0.176197 -0.967384
vn 0.457088 0.860178 0.226194
vn 0.126705 0.969041 -0.211909
vn 0.229206 0.862323 0.451512
vn 0.457088 0.860178 0.226194
vn 0.229206 0.862323 0.451512
vn 0.178805 0.967427 0.179205
vn 0.407117 -0.246311 0.879538
vn 0.663591 0.264196 0.699891
vn 0.540326 0.517725 0.663332
vn 0.407117 -0.246311 0.879538
vn 0.540326 0.517725 0.663332
vn 0.174697 0.179697 0.968086
vn 0.058903 -0.997350 -0.042702
vn 0.367510 -0.929124 -0.040801
vn 0.344308 -0.938822 0.008100
vn 0.058903 -0.997350 -0.042702
vn 0.344308 -0.938822 0.008100
vn 0.059502 -0.998228 -0.000200
vn 0.708022 0.705822 -0.022801
vn 0.166804 0.967822 -0.188404
vn 0.457088 0.860178 0.226194
vn 0.708022 0.705822 -0.022801
vn 0.457088 0.860178 0.226194
vn 0.680494 0.681394 0.269498
vn -0.242804 -0.418806 -0.875013
vn -0.179909 -0.178509 -0.967351
vn -0.397410 -0.248607 -0.883323
vn -0.242804 -0.418806 -0.875013
vn -0.397410 -0.248607 -0.883323
vn -0.145905 -0.199207 -0.969035
vn -0.175909 -0.178709 0.968049
vn 0.237802 -0.432704 0.869608
vn 0.172695 0.176295 0.969070
vn -0.175909 -0.178709 0.968049
vn 0.172695 0.176295 0.969070
vn -0.434091 0.237195 0.869082
vn -0.680995 -0.680895 0.269498
vn -0.594100 -0.594100 0.542300
vn -0.967241 -0.188708 0.169807
vn -0.680995 -0.680895 0.269498
vn -0.967241 -0.188708 0.169807
vn -0.880217 -0.405408 0.246705
vn 0.180498 0.968188 -0.173298
vn -0.204799 0.847498 -0.489699
vn -0.233612 0.969049 0.079804
vn 0.180498 0.968188 -0.173298
vn -0.233612 0.969049 0.079804
vn 0.503789 0.842082 0.192596
vn 0.200004 0.689914 0.695714
vn 0.586186 0.691783 0.421690
vn 0.384815 0.880633 0.276410
vn 0.200004 0.689914 0.695714
vn 0.384815 0.880633 0.276410
vn 0.097905 0.949245 0.298914
vn 0.705327 0.708528 -0.022401
vn 0.176698 0.968091 -0.177698
vn 0.426504 0.872008 0.240202
vn 0.705327 0.708528 -0.022401
vn 0.426504 0.872008 0.240202
vn 0.681594 0.680294 0.269498
vn 0.648391 0.648991 -0.397994
vn 0.517282 0.663877 -0.540081
vn 0.190000 0.967803 -0.165100
vn 0.648391 0.648991 -0.397994
vn 0.190000 0.967803 -0.165100
vn 0.706775 0.707075 -0.022699
vn 0.663822 0.517417 -0.540018
vn 0.181997 0.176197 -0.967384
vn 0.517282 0.663877 -0.540081
vn 0.663822 0.517417 -0.540018
vn 0.517282 0.663877 -0.540081
vn 0.648391 0.648991 -0.397994
vn 0.426504 0.872008 0.240202
vn 0.243897 0.969088 -0.037200
vn 0.240004 0.871816 0.427008
vn 0.426504 0.872008 0.240202
vn 0.240004 0.871816 0.427008
vn 0.178697 0.967485 0.178997
vn -0.237792 0.432985 0.869470
vn 0.176994 0.176994 0.968167
vn 0.517503 0.540203 0.663604
vn -0.237792 0.432985 0.869470
vn 0.517503 0.540203 0.663604
vn 0.136999 0.520996 0.842493
vn -0.236493 -0.435887 -0.868374
vn -0.178497 -0.179197 -0.967485
vn -0.429698 -0.238899 -0.870797
vn -0.236493 -0.435887 -0.868374
vn -0.429698 -0.238899 -0.870797
vn -0.052302 0.241309 -0.969038
vn -0.240586 -0.425176 -0.872550
vn -0.182996 -0.175196 -0.967377
vn -0.446775 -0.231587 -0.864152
vn -0.240586 -0.425176 -0.872550
vn -0.446775 -0.231587 -0.864152
vn 0.022500 0.246002 -0.969008
vn -0.173796 -0.968080 -0.180596
vn -0.706976 -0.706876 -0.022599
vn -0.648717 -0.648717 -0.397910
vn -0.173796 -0.968080 -0.180596
vn -0.648717 -0.648717 -0.397910
vn -0.517583 -0.663478 -0.540282
vn -0.480784 -0.480784 0.733276
vn -0.517617 -0.540318 0.663422
vn -0.176895 -0.177595 0.968074
vn -0.480784 -0.480784 0.733276
vn -0.176895 -0.177595 0.968074
vn -0.540318 -0.517617 0.663422
vn 0.795973 0.593880 -0.117196
vn 0.369284 0.927960 -0.050198
vn 0.344308 0.938822 -0.008100
vn 0.795973 0.593880 -0.117196
vn 0.344308 0.938822 -0.008100
vn 0.793485 0.608589 -0.001000
vn -0.517690 -0.540290 0.663388
vn -0.480730 -0.480730 0.733346
vn -0.594006 -0.594006 0.542506
vn -0.517690 -0.540290 0.663388
vn -0.594006 -0.594006 0.542506
vn -0.178697 -0.967485 0.178997
vn 0.594097 -0.594197 -0.542198
vn 0.184295 -0.967473 -0.173295
vn 0.517792 -0.540191 -0.663389
vn 0.594097 -0.594197 -0.542198
vn 0.517792 -0.540191 -0.663389
vn 0.480817 -0.480217 -0.733626
vn 0.460501 -0.224500 0.858801
vn 0.866279 0.047599 0.497288
vn 0.540803 0.517903 0.662804
vn 0.460501 -0.224500 0.858801
vn 0.540803 0.517903 0.662804
vn 0.177502 0.176802 0.968109
vn 0.707674 -0.706174 0.022699
vn 0.681313 -0.680613 -0.269405
vn 0.865890 -0.442395 -0.233497
vn 0.707674 -0.706174 0.022699
vn 0.865890 -0.442395 -0.233497
vn 0.967778 -0.189696 0.165596
vn -0.967869 0.189494 0.165295
vn -0.663329 0.517522 0.540523
vn -0.649068 0.648568 0.397580
vn -0.967869 0.189494 0.165295
vn -0.649068 0.648568 0.397580
vn -0.704219 0.709619 0.022701
vn 0.424708 -0.872717 -0.240805
vn 0.213695 -0.969076 -0.123397
vn 0.230805 -0.863619 -0.448210
vn 0.424708 -0.872717 -0.240805
vn 0.230805 -0.863619 -0.448210
vn 0.172598 -0.967387 -0.185398
vn -0.185997 0.967485 -0.171397
vn -0.594097 0.594197 -0.542198
vn -0.681095 0.680795 -0.269498
vn -0.185997 0.967485 -0.171397
vn -0.681095 0.680795 -0.269498
vn -0.454014 0.861327 -0.228007
vn -0.707223 -0.706623 -0.022801
vn -0.680995 -0.680895 0.269498
vn -0.880217 -0.405408 0.246705
vn -0.707223 -0.706623 -0.022801
vn -0.880217 -0.405408 0.246705
vn -0.967872 -0.186095 -0.169095
vn 0.594100 -0.594100 -0.542300
vn 0.480672 -0.480772 -0.733357
vn 0.540582 -0.517783 -0.663078
vn 0.594100 -0.594100 -0.542300
vn 0.540582 -0.517783 -0.663078
vn 0.967495 -0.181499 -0.176099
vn 0.166804 0.967822 -0.188404
vn -0.245290 0.878164 -0.410683
vn 0.126705 0.969041 -0.211909
vn 0.166804 0.967822 -0.188404
vn 0.126705 0.969041 -0.211909
vn 0.457088 0.860178 0.226194
vn 0.663911 -0.517209 0.540109
vn 0.967599 -0.162800 0.193000
vn 0.876850 0.244286 0.414076
vn 0.663911 -0.517209 0.540109
vn 0.876850 0.244286 0.414076
vn 0.862211 -0.072701 0.501306
vn 0.209599 -0.693198 0.689598
vn 0.526904 -0.756806 0.386803
vn 0.837871 -0.452584 0.305189
vn 0.209599 -0.693198 0.689598
vn 0.837871 -0.452584 0.305189
vn 0.662905 -0.029900 0.748106
vn 0.011900 0.955178 -0.295793
vn 0.112499 0.947189 -0.300296
vn 0.209599 0.693098 -0.689698
vn 0.011900 0.955178 -0.295793
vn 0.209599 0.693098 -0.689698
vn 0.009099 0.716957 -0.697058
vn 0.681912 -0.680012 -0.269405
vn 0.594097 -0.594197 -0.542198
vn 0.966996 -0.195499 -0.163399
vn 0.681912 -0.680012 -0.269405
vn 0.966996 -0.195499 -0.163399
vn 0.866389 -0.440994 -0.234297
vn 0.155998 0.200998 0.967091
vn 0.540397 0.517697 0.663296
vn 0.480283 0.480983 0.733474
vn 0.155998 0.200998 0.967091
vn 0.480283 0.480983 0.733474
vn 0.517189 0.539789 0.664186
vn 0.681031 -0.680931 -0.269312
vn 0.406287 -0.879871 -0.246492
vn 0.177106 -0.967535 -0.180306
vn 0.681031 -0.680931 -0.269312
vn 0.177106 -0.967535 -0.180306
vn 0.594100 -0.594100 -0.542300
vn 0.022500 0.246002 -0.969008
vn -0.446775 -0.231587 -0.864152
vn -0.167901 0.187502 -0.967808
vn 0.022500 0.246002 -0.969008
vn -0.167901 0.187502 -0.967808
vn 0.242390 0.419983 -0.874564
vn 0.517295 -0.663693 0.540294
vn -0.125898 -0.516492 0.846986
vn -0.240400 -0.872200 0.426000
vn 0.517295 -0.663693 0.540294
vn -0.240400 -0.872200 0.426000
vn 0.178698 -0.968090 0.175698
vn -0.967872 -0.186095 -0.169095
vn -0.880217 -0.405408 0.246705
vn -0.969036 0.058002 -0.240009
vn -0.967872 -0.186095 -0.169095
vn -0.969036 0.058002 -0.240009
vn -0.873650 0.241614 -0.422324
vn 0.680494 0.681394 0.269498
vn 0.457088 0.860178 0.226194
vn 0.178805 0.967427 0.179205
vn 0.680494 0.681394 0.269498
vn 0.178805 0.967427 0.179205
vn 0.594333 0.593933 0.542230
vn 0.009099 0.716957 -0.697058
vn 0.209599 0.693098 -0.689698
vn 0.662903 0.030000 -0.748104
vn 0.009099 0.716957 -0.697058
vn 0.662903 0.030000 -0.748104
vn -0.560404 0.004700 -0.828206
vn -0.526997 0.756795 0.386698
vn -0.209504 0.693212 0.689612
vn -0.112597 0.947178 0.300293
vn -0.526997 0.756795 0.386698
vn -0.112597 0.947178 0.300293
vn -0.267003 0.944110 0.193302
vn 0.049002 -0.866238 0.497222
vn -0.517884 -0.540483 0.663079
vn -0.191297 -0.967187 0.167198
vn 0.049002 -0.866238 0.497222
vn -0.191297 -0.967187 0.167198
vn -0.235989 -0.867861 0.437180
vn 0.159395 -0.531583 -0.831873
vn -0.517583 -0.663478 -0.540282
vn -0.182996 -0.175196 -0.967377
vn 0.159395 -0.531583 -0.831873
vn -0.182996 -0.175196 -0.967377
vn -0.240586 -0.425176 -0.872550
vn 0.707924 0.705924 -0.022701
vn 0.176698 0.968091 -0.177698
vn 0.436598 0.868097 0.236199
vn 0.707924 0.705924 -0.022701
vn 0.436598 0.868097 0.236199
vn 0.679976 0.681876 0.269590
vn -0.517583 -0.663478 -0.540282
vn -0.648717 -0.648717 -0.397910
vn -0.663478 -0.517583 -0.540282
vn -0.517583 -0.663478 -0.540282
vn -0.663478 -0.517583 -0.540282
vn -0.178794 -0.178994 -0.967468
vn 0.876850 0.244286 0.414076
vn 0.969050 0.187490 -0.160592
vn 0.884712 0.393805 0.249403
vn 0.876850 0.244286 0.414076
vn 0.884712 0.393805 0.249403
vn 0.967231 0.189206 0.169306
vn -0.419209 -0.242805 -0.874820
vn -0.531032 0.158210 -0.832451
vn -0.540495 0.517596 -0.663294
vn -0.419209 -0.242805 -0.874820
vn -0.540495 0.517596 -0.663294
vn -0.184495 0.169695 -0.968073
vn 0.176698 0.968091 -0.177698
vn -0.231101 0.863803 -0.447702
vn 0.243897 0.969088 -0.037200
vn 0.176698 0.968091 -0.177698
vn 0.243897 0.969088 -0.037200
vn 0.426504 0.872008 0.240202
vn -0.862181 0.451890 -0.228995
vn -0.967964 0.183493 0.171394
vn -0.707676 0.706176 0.022599
vn -0.862181 0.451890 -0.228995
vn -0.707676 0.706176 0.022599
vn -0.681095 0.680795 -0.269498
vn 0.176698 0.968091 -0.177698
vn -0.235811 0.867839 -0.437320
vn 0.236892 0.969068 -0.069198
vn 0.176698 0.968091 -0.177698
vn 0.236892 0.969068 -0.069198
vn 0.436598 0.868097 0.236199
vn -0.209504 0.693212 0.689612
vn -0.009199 0.716956 0.697057
vn -0.011800 0.955179 0.295794
vn -0.209504 0.693212 0.689612
vn -0.011800 0.955179 0.295794
vn -0.112597 0.947178 0.300293
vn 0.594100 0.594100 0.542300
vn 0.188899 0.967397 0.168700
vn 0.517503 0.540203 0.663604
vn 0.594100 0.594100 0.542300
vn 0.517503 0.540203 0.663604
vn 0.480919 0.480719 0.733230
vn -0.663296 0.517697 0.540397
vn -0.169198 0.188998 0.967291
vn -0.517690 0.663388 0.540290
vn -0.663296 0.517697 0.540397
vn -0.517690 0.663388 0.540290
vn -0.648584 0.648984 0.397690
vn -0.029200 0.998907 -0.036500
vn 0.059601 0.998222 0.000200
vn 0.058499 0.997391 -0.042300
vn -0.029200 0.998907 -0.036500
vn 0.058499 0.997391 -0.042300
vn -0.000400 0.999079 -0.042899
vn 0.967363 0.185993 0.172093
vn 0.845932 0.493918 0.201108
vn 0.681513 0.680413 0.269405
vn 0.967363 0.185993 0.172093
vn 0.681513 0.680413 0.269405
vn 0.594100 0.594100 0.542300
vn -0.968089 -0.172598 -0.181698
vn -0.870598 -0.430099 0.238900
vn -0.969095 0.243699 0.038300
vn -0.968089 -0.172598 -0.181698
vn -0.969095 0.243699 0.038300
vn -0.850736 0.210909 -0.481420
vn -0.795973 0.593880 0.117196
vn -0.987003 0.009800 -0.160401
vn -0.837735 0.452819 0.305213
vn -0.795973 0.593880 0.117196
vn -0.837735 0.452819 0.305213
vn -0.526997 0.756795 0.386698
vn 0.232189 0.864660 0.445479
vn -0.192493 0.967667 0.162994
vn -0.517310 0.663912 0.540010
vn 0.232189 0.864660 0.445479
vn -0.517310 0.663912 0.540010
vn 0.033999 0.867778 0.495787
vn 0.969132 0.136804 0.205107
vn 0.866226 -0.234107 -0.441413
vn 0.967943 0.186089 -0.168690
vn 0.969132 0.136804 0.205107
vn 0.967943 0.186089 -0.168690
vn 0.859988 0.457494 0.226097
vn -0.237593 -0.433687 -0.869175
vn -0.178396 -0.178796 -0.967578
vn -0.419209 -0.242805 -0.874820
vn -0.237593 -0.433687 -0.869175
vn -0.419209 -0.242805 -0.874820
vn 0.177893 -0.171093 -0.969062
vn 0.795973 -0.593880 0.117196
vn 0.987002 -0.009900 -0.160400
vn 0.837871 -0.452584 0.305189
vn 0.795973 -0.593880 0.117196
vn 0.837871 -0.452584 0.305189
vn 0.526904 -0.756806 0.386803
vn 0.993033 0.002800 -0.117804
vn 0.461928 0.055903 -0.885154
vn 1.000000 0.000100 0.000100
vn 0.993033 0.002800 -0.117804
vn 1.000000 0.000100 0.000100
vn 0.885893 -0.341097 0.314398
vn -0.663514 0.517611 0.540211
vn -0.175398 0.182198 0.967491
vn -0.517703 0.663204 0.540503
vn -0.663514 0.517611 0.540211
vn -0.517703 0.663204 0.540503
vn -0.648684 0.648884 0.397690
vn 0.594100 -0.594100 -0.542300
vn 0.177106 -0.967535 -0.180306
vn 0.517690 -0.540290 -0.663388
vn 0.594100 -0.594100 -0.542300
vn 0.517690 -0.540290 -0.663388
vn 0.480672 -0.480772 -0.733357
vn -0.967843 -0.188208 -0.166907
vn -0.872566 -0.425084 0.240691
vn -0.969047 -0.111405 -0.220311
vn -0.967843 -0.188208 -0.166907
vn -0.969047 -0.111405 -0.220311
vn -0.871607 0.239702 -0.427603
vn 0.480672 -0.480772 -0.733357
vn 0.517690 -0.540290 -0.663388
vn 0.179694 -0.174794 -0.968069
vn 0.480672 -0.480772 -0.733357
vn 0.179694 -0.174794 -0.968069
vn 0.540582 -0.517783 -0.663078
vn 0.176992 -0.177592 -0.968057
vn -0.236493 -0.435887 -0.868374
vn -0.052302 0.241309 -0.969038
vn 0.176992 -0.177592 -0.968057
vn -0.052302 0.241309 -0.969038
vn 0.432704 0.237802 -0.869608
vn -0.019899 0.245992 0.969068
vn 0.456107 -0.226903 0.860512
vn 0.167104 0.187605 0.967926
vn -0.019899 0.245992 0.969068
vn 0.167104 0.187605 0.967926
vn -0.240213 0.426623 0.871947
vn -0.531032 0.158210 -0.832451
vn -0.873650 0.241614 -0.422324
vn -0.967466 0.180394 -0.177394
vn -0.531032 0.158210 -0.832451
vn -0.967466 0.180394 -0.177394
vn -0.540495 0.517596 -0.663294
vn -0.016400 -0.998906 -0.043800
vn 0.059502 -0.998228 -0.000200
vn 0.058599 -0.997385 0.042299
vn -0.016400 -0.998906 -0.043800
vn 0.058599 -0.997385 0.042299
vn -0.000400 -0.999079 0.042899
vn 0.058499 0.997391 -0.042300
vn 0.369284 0.927960 -0.050198
vn 0.267008 0.944128 -0.193206
vn 0.058499 0.997391 -0.042300
vn 0.267008 0.944128 -0.193206
vn 0.112499 0.947189 -0.300296
vn 0.176002 -0.181502 0.967512
vn 0.663388 -0.517690 0.540290
vn 0.868884 0.020500 0.494591
vn 0.176002 -0.181502 0.967512
vn 0.868884 0.020500 0.494591
vn 0.458780 -0.225490 0.859462
vn -0.570327 0.213310 -0.793238
vn -0.871607 0.239702 -0.427603
vn -0.967476 0.183995 -0.173596
vn -0.570327 0.213310 -0.793238
vn -0.967476 0.183995 -0.173596
vn -0.540298 0.517798 -0.663297
vn 0.179694 -0.174794 -0.968069
vn -0.245801 -0.409002 -0.878805
vn -0.186794 -0.161295 -0.969068
vn 0.179694 -0.174794 -0.968069
vn -0.186794 -0.161295 -0.969068
vn 0.401177 0.247786 -0.881850
vn -0.517903 -0.540803 0.662804
vn -0.125898 -0.516492 0.846986
vn 0.236409 -0.436016 0.868332
vn -0.517903 -0.540803 0.662804
vn 0.236409 -0.436016 0.868332
vn -0.181601 -0.172601 0.968106
vn 0.648610 0.649010 -0.397606
vn 0.517611 0.663514 -0.540211
vn 0.176698 0.968091 -0.177698
vn 0.648610 0.649010 -0.397606
vn 0.176698 0.968091 -0.177698
vn 0.707924 0.705924 -0.022701
vn -0.052302 0.241309 -0.969038
vn -0.429698 -0.238899 -0.870797
vn -0.167794 0.187294 -0.967867
vn -0.052302 0.241309 -0.969038
vn -0.167794 0.187294 -0.967867
vn 0.248300 0.399201 -0.882602
vn 0.384600 -0.880699 -0.276500
vn 0.586186 -0.691783 -0.421690
vn 0.799308 -0.590106 -0.113501
vn 0.384600 -0.880699 -0.276500
vn 0.799308 -0.590106 -0.113501
vn 0.367510 -0.929124 -0.040801
vn 0.680985 -0.680985 -0.269294
vn 0.594003 -0.594103 -0.542403
vn 0.967401 -0.173800 -0.184200
vn 0.680985 -0.680985 -0.269294
vn 0.967401 -0.173800 -0.184200
vn 0.867645 -0.437772 -0.235685
vn 0.436889 -0.236094 0.867979
vn 0.765184 -0.237795 0.598287
vn 0.540397 0.517697 0.663296
vn 0.436889 -0.236094 0.867979
vn 0.540397 0.517697 0.663296
vn 0.155998 0.200998 0.967091
vn -0.177105 0.968126 0.177105
vn -0.704219 0.709619 0.022701
vn -0.649068 0.648568 0.397580
vn -0.177105 0.968126 0.177105
vn -0.649068 0.648568 0.397580
vn -0.517008 0.664311 0.539809
vn -0.967464 -0.180893 0.176893
vn -0.540318 -0.517617 0.663422
vn -0.663284 0.264194 0.700183
vn -0.967464 -0.180893 0.176893
vn -0.663284 0.264194 0.700183
vn -0.875028 -0.242908 0.418714
vn -0.456296 0.860492 -0.226598
vn -0.680594 0.681294 -0.269498
vn -0.707924 0.705924 0.022701
vn -0.456296 0.860492 -0.226598
vn -0.707924 0.705924 0.022701
vn -0.177306 0.968034 0.177406
vn -0.469801 0.218900 0.855202
vn -0.019899 0.245992 0.969068
vn -0.240213 0.426623 0.871947
vn -0.469801 0.218900 0.855202
vn -0.240213 0.426623 0.871947
vn -0.164596 0.193595 0.967176
vn 0.461928 0.055903 -0.885154
vn 0.842899 0.091700 -0.530200
vn 0.885973 0.340990 -0.314290
vn 0.461928 0.055903 -0.885154
vn 0.885973 0.340990 -0.314290
vn 1.000000 0.000100 0.000100
vn -0.966998 -0.194900 0.164100
vn -0.540511 -0.517811 0.663114
vn -0.858282 0.090198 0.505189
vn -0.966998 -0.194900 0.164100
vn -0.858282 0.090198 0.505189
vn -0.869312 -0.237603 0.433406
vn -0.880217 -0.405408 0.246705
vn -0.967241 -0.188708 0.169807
vn -0.873289 -0.241397 0.423195
vn -0.880217 -0.405408 0.246705
vn -0.873289 -0.241397 0.423195
vn -0.969036 0.058002 -0.240009
vn -0.586186 0.691783 -0.421690
vn -0.199894 0.689879 -0.695779
vn -0.662905 -0.029900 -0.748106
vn -0.586186 0.691783 -0.421690
vn -0.662905 -0.029900 -0.748106
vn -0.837871 -0.452584 -0.305189
vn 0.165202 0.193402 -0.967111
vn 0.248300 0.399201 -0.882602
vn 0.106904 0.853434 -0.510120
vn 0.165202 0.193402 -0.967111
vn 0.106904 0.853434 -0.510120
vn 0.517598 0.663698 -0.539998
vn 0.969050 0.187490 -0.160592
vn 0.871930 -0.240108 -0.426715
vn 0.967914 0.186503 -0.168402
vn 0.969050 0.187490 -0.160592
vn 0.967914 0.186503 -0.168402
vn 0.884712 0.393805 0.249403
vn 0.663968 -0.517275 0.539974
vn 0.967791 -0.191098 0.163898
vn 0.863024 0.230106 0.449712
vn 0.663968 -0.517275 0.539974
vn 0.863024 0.230106 0.449712
vn 0.866279 0.047599 0.497288
vn -0.481084 -0.480484 0.733276
vn -0.517903 -0.540803 0.662804
vn -0.181601 -0.172601 0.968106
vn -0.481084 -0.480484 0.733276
vn -0.181601 -0.172601 0.968106
vn -0.540523 -0.517522 0.663329
vn -0.170693 0.967263 -0.187793
vn -0.594397 0.593897 -0.542197
vn -0.680594 0.681294 -0.269498
vn -0.170693 0.967263 -0.187793
vn -0.680594 0.681294 -0.269498
vn -0.456296 0.860492 -0.226598
vn 0.967401 -0.173800 -0.184200
vn 0.540211 -0.517611 -0.663514
vn 0.852905 0.108801 -0.510603
vn 0.967401 -0.173800 -0.184200
vn 0.852905 0.108801 -0.510603
vn 0.889587 -0.251496 -0.381294
vn -0.648726 -0.648826 -0.397716
vn -0.706923 -0.706923 -0.022801
vn -0.967843 -0.188208 -0.166907
vn -0.648726 -0.648826 -0.397716
vn -0.967843 -0.188208 -0.166907
vn -0.664094 -0.517196 -0.539895
vn -0.873650 0.241614 -0.422324
vn -0.969036 0.058002 -0.240009
vn -0.862181 0.451890 -0.228995
vn -0.873650 0.241614 -0.422324
vn -0.862181 0.451890 -0.228995
vn -0.967466 0.180394 -0.177394
vn 0.967914 0.186503 -0.168402
vn 0.663821 0.517316 -0.540117
vn 0.648610 0.649010 -0.397606
vn 0.967914 0.186503 -0.168402
vn 0.648610 0.649010 -0.397606
vn 0.705327 0.708528 -0.022401
vn -0.058599 -0.997385 -0.042299
vn 0.005300 -0.999070 -0.042799
vn -0.016400 -0.998906 -0.043800
vn -0.058599 -0.997385 -0.042299
vn -0.016400 -0.998906 -0.043800
vn -0.059601 -0.998222 0.000200
vn -0.217794 -0.854776 0.471087
vn -0.178697 -0.967485 0.178997
vn -0.478202 -0.852004 0.213101
vn -0.217794 -0.854776 0.471087
vn -0.478202 -0.852004 0.213101
vn 0.060502 -0.969131 -0.239008
vn 0.681313 -0.680613 -0.269405
vn 0.594133 -0.594133 -0.542230
vn 0.967438 -0.181407 -0.176507
vn 0.681313 -0.680613 -0.269405
vn 0.967438 -0.181407 -0.176507
vn 0.865890 -0.442395 -0.233497
vn 0.681912 -0.680012 -0.269405
vn 0.449493 -0.863087 -0.230297
vn 0.184295 -0.967473 -0.173295
vn 0.681912 -0.680012 -0.269405
vn 0.184295 -0.967473 -0.173295
vn 0.594097 -0.594197 -0.542198
vn -0.009199 0.716956 0.697057
vn 0.200004 0.689914 0.695714
vn 0.097905 0.949245 0.298914
vn -0.009199 0.716956 0.697057
vn 0.097905 0.949245 0.298914
vn -0.011800 0.955179 0.295794
vn 0.707674 -0.706174 0.022699
vn 0.182898 -0.967987 0.171898
vn 0.454312 -0.861223 -0.227806
vn 0.707674 -0.706174 0.022699
vn 0.454312 -0.861223 -0.227806
vn 0.681313 -0.680613 -0.269405
vn 0.172695 0.176295 0.969070
vn 0.436889 -0.236094 0.867979
vn 0.155998 0.200998 0.967091
vn 0.172695 0.176295 0.969070
vn 0.155998 0.200998 0.967091
vn -0.248797 0.396696 0.883591
vn -0.177306 0.968034 0.177406
vn -0.707924 0.705924 0.022701
vn -0.648584 0.648984 0.397690
vn -0.177306 0.968034 0.177406
vn -0.648584 0.648984 0.397690
vn -0.517690 0.663388 0.540290
vn -0.517884 -0.540483 0.663079
vn 0.049002 -0.866238 0.497222
vn 0.242493 -0.419689 0.874676
vn -0.517884 -0.540483 0.663079
vn 0.242493 -0.419689 0.874676
vn -0.176606 -0.178106 0.968033
vn 0.176994 0.176994 0.968167
vn 0.540282 0.517583 0.663478
vn 0.480919 0.480719 0.733230
vn 0.176994 0.176994 0.968167
vn 0.480919 0.480719 0.733230
vn 0.517503 0.540203 0.663604
vn 0.449493 -0.863087 -0.230297
vn 0.169400 -0.969100 0.179300
vn 0.238909 -0.870834 -0.429617
vn 0.449493 -0.863087 -0.230297
vn 0.238909 -0.870834 -0.429617
vn 0.184295 -0.967473 -0.173295
vn 0.230805 -0.863619 -0.448210
vn -0.177098 -0.968092 -0.177298
vn -0.517583 -0.663478 -0.540282
vn 0.230805 -0.863619 -0.448210
vn -0.517583 -0.663478 -0.540282
vn 0.159395 -0.531583 -0.831873
vn 0.454312 -0.861223 -0.227806
vn -0.177901 -0.969006 -0.171401
vn 0.238105 -0.869919 -0.431910
vn 0.454312 -0.861223 -0.227806
vn 0.238105 -0.869919 -0.431910
vn 0.184104 -0.967418 -0.173803
vn 0.239400 -0.871299 -0.428399
vn -0.168797 -0.967981 -0.185796
vn -0.517518 -0.663824 -0.539919
vn 0.239400 -0.871299 -0.428399
vn -0.517518 -0.663824 -0.539919
vn -0.098599 -0.855994 -0.507496
vn 0.436598 0.868097 0.236199
vn 0.236892 0.969068 -0.069198
vn 0.237687 0.869553 0.432877
vn 0.436598 0.868097 0.236199
vn 0.237687 0.869553 0.432877
vn 0.174401 0.967406 0.183601
vn -0.058903 0.997350 -0.042702
vn -0.000400 0.999079 -0.042899
vn 0.011900 0.955178 -0.295793
vn -0.058903 0.997350 -0.042702
vn 0.011900 0.955178 -0.295793
vn -0.097902 0.949216 -0.299005
vn 0.799308 0.590106 0.113501
vn 0.367508 0.929120 0.040901
vn 0.384815 0.880633 0.276410
vn 0.799308 0.590106 0.113501
vn 0.384815 0.880633 0.276410
vn 0.586186 0.691783 0.421690
vn 0.237802 -0.432704 0.869608
vn 0.179697 -0.177997 0.967484
vn 0.436889 -0.236094 0.867979
vn 0.237802 -0.432704 0.869608
vn 0.436889 -0.236094 0.867979
vn 0.172695 0.176295 0.969070
vn -0.793479 0.608584 0.004100
vn -0.900308 0.257102 -0.351203
vn -0.987003 0.009800 -0.160401
vn -0.793479 0.608584 0.004100
vn -0.987003 0.009800 -0.160401
vn -0.795973 0.593880 0.117196
vn 0.215211 -0.791641 0.571829
vn -0.517617 -0.540318 0.663422
vn -0.178994 -0.967468 0.178794
vn 0.215211 -0.791641 0.571829
vn -0.178994 -0.967468 0.178794
vn -0.244891 -0.877666 0.411984
vn -0.478202 -0.852004 0.213101
vn -0.680985 -0.680985 0.269294
vn -0.706476 -0.707376 -0.022599
vn -0.478202 -0.852004 0.213101
vn -0.706476 -0.707376 -0.022599
vn -0.168797 -0.967981 -0.185796
vn 0.594133 -0.594133 -0.542230
vn 0.184104 -0.967418 -0.173803
vn 0.517589 -0.540389 -0.663386
vn 0.594133 -0.594133 -0.542230
vn 0.517589 -0.540389 -0.663386
vn 0.480819 -0.480819 -0.733230
vn 0.680923 0.680923 0.269609
vn 0.473107 0.853912 0.216803
vn 0.181796 0.967477 0.175896
vn 0.680923 0.680923 0.269609
vn 0.181796 0.967477 0.175896
vn 0.594291 0.594191 0.541992
vn -0.401687 0.247592 0.881672
vn 0.128698 0.210497 0.969086
vn -0.237792 0.432985 0.869470
vn -0.401687 0.247592 0.881672
vn -0.237792 0.432985 0.869470
vn -0.178707 0.178707 0.967537
vn -0.648810 -0.648810 -0.397606
vn -0.706476 -0.707376 -0.022599
vn -0.967941 -0.170107 -0.184808
vn -0.648810 -0.648810 -0.397606
vn -0.967941 -0.170107 -0.184808
vn -0.663971 -0.517478 -0.539777
vn -0.255900 0.632000 -0.731500
vn -0.517798 0.540298 -0.663297
vn -0.175109 0.967447 -0.182709
vn -0.255900 0.632000 -0.731500
vn -0.175109 0.967447 -0.182709
vn -0.231101 0.863803 -0.447702
vn 0.231797 -0.590293 0.773191
vn 0.517804 -0.663206 0.540405
vn 0.176002 -0.181502 0.967512
vn 0.231797 -0.590293 0.773191
vn 0.176002 -0.181502 0.967512
vn 0.252295 -0.373692 0.892581
vn -0.397410 -0.248607 -0.883323
vn -0.570327 0.213310 -0.793238
vn -0.540298 0.517798 -0.663297
vn -0.397410 -0.248607 -0.883323
vn -0.540298 0.517798 -0.663297
vn -0.184602 0.170502 -0.967911
vn 0.480817 -0.480217 -0.733626
vn 0.517792 -0.540191 -0.663389
vn 0.169098 -0.185998 -0.967890
vn 0.480817 -0.480217 -0.733626
vn 0.169098 -0.185998 -0.967890
vn 0.540389 -0.517589 -0.663386
vn -0.175398 0.182198 0.967491
vn -0.236304 0.436507 0.868114
vn -0.047701 0.866318 0.497210
vn -0.175398 0.182198 0.967491
vn -0.047701 0.866318 0.497210
vn -0.517703 0.663204 0.540503
vn -0.540523 -0.517522 0.663329
vn -0.181601 -0.172601 0.968106
vn -0.469801 0.218900 0.855202
vn -0.540523 -0.517522 0.663329
vn -0.469801 0.218900 0.855202
vn -0.728924 0.257008 0.634521
vn -0.098001 -0.949207 0.299002
vn 0.011800 -0.955179 0.295794
vn 0.009299 -0.716956 0.697057
vn -0.098001 -0.949207 0.299002
vn 0.009299 -0.716956 0.697057
vn -0.199990 -0.689866 0.695765
vn -0.384600 0.880699 -0.276500
vn -0.097902 0.949216 -0.299005
vn -0.199894 0.689879 -0.695779
vn -0.384600 0.880699 -0.276500
vn -0.199894 0.689879 -0.695779
vn -0.586186 0.691783 -0.421690
vn 0.706775 0.707075 -0.022699
vn 0.190000 0.967803 -0.165100
vn 0.473107 0.853912 0.216803
vn 0.706775 0.707075 -0.022699
vn 0.473107 0.853912 0.216803
vn 0.680923 0.680923 0.269609
vn -0.663676 0.264290 0.699775
vn -0.434091 0.237195 0.869082
vn -0.169198 0.188998 0.967291
vn -0.663676 0.264290 0.699775
vn -0.169198 0.188998 0.967291
vn -0.663296 0.517697 0.540397
vn -0.098599 -0.855994 -0.507496
vn -0.517518 -0.663824 -0.539919
vn -0.178497 -0.179197 -0.967485
vn -0.098599 -0.855994 -0.507496
vn -0.178497 -0.179197 -0.967485
vn -0.236493 -0.435887 -0.868374
vn -0.593962 -0.594362 0.542165
vn -0.481084 -0.480484 0.733276
vn -0.540523 -0.517522 0.663329
vn -0.593962 -0.594362 0.542165
vn -0.540523 -0.517522 0.663329
vn -0.967465 -0.172594 0.184993
vn 0.215200 0.475300 -0.853100
vn -0.184495 0.169695 -0.968073
vn -0.517817 0.540618 -0.663022
vn 0.215200 0.475300 -0.853100
vn -0.517817 0.540618 -0.663022
vn 0.094801 0.506505 -0.857009
vn 0.517690 -0.540290 -0.663388
vn 0.257889 -0.636973 -0.726470
vn -0.245801 -0.409002 -0.878805
vn 0.517690 -0.540290 -0.663388
vn -0.245801 -0.409002 -0.878805
vn 0.179694 -0.174794 -0.968069
vn -0.861456 0.453677 -0.228188
vn -0.968016 0.183303 0.171303
vn -0.706978 0.706878 0.022499
vn -0.861456 0.453677 -0.228188
vn -0.706978 0.706878 0.022499
vn -0.680012 0.681912 -0.269405
vn 0.540610 -0.517709 -0.663112
vn 0.170601 -0.183501 -0.968103
vn 0.463571 0.222586 -0.857646
vn 0.540610 -0.517709 -0.663112
vn 0.463571 0.222586 -0.857646
vn 0.773548 0.231514 -0.589936
vn 0.969031 0.183806 -0.164905
vn 0.889587 -0.251496 -0.381294
vn 0.968027 0.180105 -0.174605
vn 0.969031 0.183806 -0.164905
vn 0.968027 0.180105 -0.174605
vn 0.882588 0.399295 0.248197
vn 0.000000 0.000000 1.000000
vn -0.000000 1.000000 -0.000300
vn 0.333311 0.666622 0.666722
vn 0.000000 0.000000 1.000000
vn 0.333311 0.666622 0.666722
vn -0.999717 -0.023800 0.000000
vn 0.000100 -1.000000 -0.000300
vn 0.000000 0.000000 1.000000
vn -0.999717 -0.023800 0.000000
vn 0.000100 -1.000000 -0.000300
vn -0.999717 -0.023800 0.000000
vn -1.000000 0.000000 -0.000100
vn 0.842834 -0.091604 0.530321
vn 0.461925 -0.056003 0.885149
vn 0.000000 0.000000 1.000000
vn 0.842834 -0.091604 0.530321
vn 0.000000 0.000000 1.000000
vn 0.000100 -1.000000 -0.000300
vn 0.461925 -0.056003 0.885149
vn 0.993033 -0.002800 0.117804
vn -0.000000 1.000000 -0.000300
vn 0.461925 -0.056003 0.885149
vn -0.000000 1.000000 -0.000300
vn 0.000000 0.000000 1.000000
vn -0.526997 -0.756795 -0.386698
vn -0.267008 -0.944128 -0.193206
vn -0.369320 -0.927951 -0.050103
vn -0.526997 -0.756795 -0.386698
vn -0.369320 -0.927951 -0.050103
vn -0.795973 -0.593880 -0.117196
vn -0.204799 0.847498 -0.489699
vn -0.185997 0.967485 -0.171397
vn -0.454014 0.861327 -0.228007
vn -0.204799 0.847498 -0.489699
vn -0.454014 0.861327 -0.228007
vn -0.233612 0.969049 0.079804
vn -0.875499 -0.417500 0.243300
vn -0.967464 -0.180893 0.176893
vn -0.875028 -0.242908 0.418714
vn -0.875499 -0.417500 0.243300
vn -0.875028 -0.242908 0.418714
vn -0.969061 0.085897 -0.231391
vn 0.526997 0.756795 -0.386698
vn 0.267008 0.944128 -0.193206
vn 0.369284 0.927960 -0.050198
vn 0.526997 0.756795 -0.386698
vn 0.369284 0.927960 -0.050198
vn 0.795973 0.593880 -0.117196
vn 0.171104 -0.967324 -0.187105
vn 0.239400 -0.871299 -0.428399
vn -0.098599 -0.855994 -0.507496
vn 0.171104 -0.967324 -0.187105
vn -0.098599 -0.855994 -0.507496
vn 0.517684 -0.540183 -0.663480
vn -0.560404 0.004700 -0.828206
vn 0.662903 0.030000 -0.748104
vn 0.199894 -0.689879 -0.695779
vn -0.560404 0.004700 -0.828206
vn 0.199894 -0.689879 -0.695779
vn -0.000600 -0.716986 -0.697087
vn 0.094801 0.506505 -0.857009
vn -0.517817 0.540618 -0.663022
vn -0.185997 0.967485 -0.171397
vn 0.094801 0.506505 -0.857009
vn -0.185997 0.967485 -0.171397
vn -0.204799 0.847498 -0.489699
vn -0.421819 0.873840 -0.241811
vn -0.680795 0.681095 -0.269498
vn -0.704219 0.709619 0.022701
vn -0.421819 0.873840 -0.241811
vn -0.704219 0.709619 0.022701
vn -0.177105 0.968126 0.177105
vn 0.000000 -1.000000 0.000000
vn 0.885893 -0.341097 0.314398
vn 0.842834 -0.091604 0.530321
vn 0.000000 -1.000000 0.000000
vn 0.842834 -0.091604 0.530321
vn 0.000100 -1.000000 -0.000300
vn -0.999838 0.000100 0.018001
vn 0.000000 -1.000000 0.000000
vn 0.000100 -1.000000 -0.000300
vn -0.999838 0.000100 0.018001
vn 0.000100 -1.000000 -0.000300
vn -1.000000 0.000000 -0.000100
vn 0.333311 -0.666622 -0.666722
vn 0.363910 -0.928724 -0.071002
vn 0.000000 -1.000000 0.000000
vn 0.333311 -0.666622 -0.666722
vn 0.000000 -1.000000 0.000000
vn -0.999838 0.000100 0.018001
vn 0.363910 -0.928724 -0.071002
vn 0.993033 0.002800 -0.117804
vn 0.885893 -0.341097 0.314398
vn 0.363910 -0.928724 -0.071002
vn 0.885893 -0.341097 0.314398
vn 0.000000 -1.000000 0.000000
vn 0.681031 -0.680931 -0.269312
vn 0.594100 -0.594100 -0.542300
vn 0.967495 -0.181499 -0.176099
vn 0.681031 -0.680931 -0.269312
vn 0.967495 -0.181499 -0.176099
vn 0.879942 -0.406120 -0.246512
vn 0.706826 -0.707026 0.022601
vn 0.680985 -0.680985 -0.269294
vn 0.867645 -0.437772 -0.235685
vn 0.706826 -0.707026 0.022601
vn 0.867645 -0.437772 -0.235685
vn 0.968057 -0.177192 0.177392
vn -0.705677 -0.708177 -0.022499
vn -0.681013 -0.680913 0.269405
vn -0.870598 -0.430099 0.238900
vn -0.705677 -0.708177 -0.022499
vn -0.870598 -0.430099 0.238900
vn -0.968089 -0.172598 -0.181698
vn -0.680995 -0.680895 0.269498
vn -0.594165 -0.594065 0.542268
vn -0.966998 -0.194900 0.164100
vn -0.680995 -0.680895 0.269498
vn -0.966998 -0.194900 0.164100
vn -0.872566 -0.425084 0.240691
vn 0.463571 0.222586 -0.857646
vn 0.177893 -0.171093 -0.969062
vn 0.215200 0.475300 -0.853100
vn 0.463571 0.222586 -0.857646
vn 0.215200 0.475300 -0.853100
vn 0.181304 0.175604 -0.967622
vn -0.178994 -0.967468 0.178794
vn -0.594100 -0.594100 0.542300
vn -0.680967 -0.680967 0.269387
vn -0.178994 -0.967468 0.178794
vn -0.680967 -0.680967 0.269387
vn -0.417288 -0.875575 0.243393
vn -0.728924 0.257008 0.634521
vn -0.469801 0.218900 0.855202
vn -0.164596 0.193595 0.967176
vn -0.728924 0.257008 0.634521
vn -0.164596 0.193595 0.967176
vn -0.663329 0.517522 0.540523
vn 0.869085 0.016400 -0.494391
vn 0.438504 0.235202 -0.867407
vn 0.181997 0.176197 -0.967384
vn 0.869085 0.016400 -0.494391
vn 0.181997 0.176197 -0.967384
vn 0.663822 0.517417 -0.540018
vn -0.987003 0.009800 -0.160401
vn -0.799251 -0.590164 0.113593
vn -0.586186 -0.691783 0.421690
vn -0.987003 0.009800 -0.160401
vn -0.586186 -0.691783 0.421690
vn -0.837735 0.452819 0.305213
vn -0.238003 0.066101 0.969013
vn 0.460501 -0.224500 0.858801
vn 0.177502 0.176802 0.968109
vn -0.238003 0.066101 0.969013
vn 0.177502 0.176802 0.968109
vn -0.228208 0.453716 0.861431
vn 0.969078 0.191596 0.155496
vn 0.879502 -0.246301 -0.407201
vn 0.968102 0.179800 -0.174500
vn 0.969078 0.191596 0.155496
vn 0.968102 0.179800 -0.174500
vn 0.866168 0.441484 0.234191
vn -0.662905 -0.029900 -0.748106
vn -0.560404 0.004700 -0.828206
vn -0.000600 -0.716986 -0.697087
vn -0.662905 -0.029900 -0.748106
vn -0.000600 -0.716986 -0.697087
vn -0.209489 -0.693164 -0.689665
vn -0.369286 0.927965 0.050098
vn -0.795973 0.593880 0.117196
vn -0.526997 0.756795 0.386698
vn -0.369286 0.927965 0.050098
vn -0.526997 0.756795 0.386698
vn -0.267003 0.944110 0.193302
vn 0.594291 0.594191 0.541992
vn 0.181796 0.967477 0.175896
vn 0.517903 0.540803 0.662804
vn 0.594291 0.594191 0.541992
vn 0.517903 0.540803 0.662804
vn 0.480571 0.480571 0.733555
vn -0.706976 -0.706876 -0.022599
vn -0.680967 -0.680967 0.269387
vn -0.875499 -0.417500 0.243300
vn -0.706976 -0.706876 -0.022599
vn -0.875499 -0.417500 0.243300
vn -0.968087 -0.174898 -0.179498
vn -0.969061 0.085897 -0.231391
vn -0.875028 -0.242908 0.418714
vn -0.968037 0.182907 0.171607
vn -0.969061 0.085897 -0.231391
vn -0.968037 0.182907 0.171607
vn -0.871664 0.427382 -0.239890
vn 0.517804 -0.663206 0.540405
vn 0.231797 -0.590293 0.773191
vn -0.241707 -0.873727 0.422113
vn 0.517804 -0.663206 0.540405
vn -0.241707 -0.873727 0.422113
vn 0.182898 -0.967987 0.171898
vn -0.586186 -0.691783 0.421690
vn -0.199990 -0.689866 0.695765
vn -0.662907 0.029800 0.748108
vn -0.586186 -0.691783 0.421690
vn -0.662907 0.029800 0.748108
vn -0.837735 0.452819 0.305213
vn 0.866279 0.047599 0.497288
vn 0.863024 0.230106 0.449712
vn 0.967479 0.181296 0.176396
vn 0.866279 0.047599 0.497288
vn 0.967479 0.181296 0.176396
vn 0.540803 0.517903 0.662804
vn 0.648668 0.648968 -0.397580
vn 0.517598 0.663698 -0.539998
vn 0.166804 0.967822 -0.188404
vn 0.648668 0.648968 -0.397580
vn 0.166804 0.967822 -0.188404
vn 0.708022 0.705822 -0.022801
vn 0.169098 -0.185998 -0.967890
vn -0.242804 -0.418806 -0.875013
vn -0.145905 -0.199207 -0.969035
vn 0.169098 -0.185998 -0.967890
vn -0.145905 -0.199207 -0.969035
vn 0.438504 0.235202 -0.867407
vn 0.240004 0.871816 0.427008
vn -0.177105 0.968126 0.177105
vn -0.517008 0.664311 0.539809
vn 0.240004 0.871816 0.427008
vn -0.517008 0.664311 0.539809
vn 0.256896 0.634491 0.728989
vn -0.590695 0.232098 0.772794
vn -0.401687 0.247592 0.881672
vn -0.178707 0.178707 0.967537
vn -0.590695 0.232098 0.772794
vn -0.178707 0.178707 0.967537
vn -0.663206 0.517804 0.540405
vn -0.868823 -0.434712 0.237006
vn -0.967485 -0.178597 0.179097
vn -0.879103 -0.245901 0.408302
vn -0.868823 -0.434712 0.237006
vn -0.879103 -0.245901 0.408302
vn -0.969063 -0.045998 -0.242491
vn 0.480772 -0.480672 -0.733357
vn 0.517611 -0.540211 -0.663514
vn 0.179505 -0.175205 -0.968029
vn 0.480772 -0.480672 -0.733357
vn 0.179505 -0.175205 -0.968029
vn 0.540002 -0.517202 -0.664003
vn 0.188899 0.967397 0.168700
vn 0.218797 0.855287 0.469693
vn 0.136999 0.520996 0.842493
vn 0.188899 0.967397 0.168700
vn 0.136999 0.520996 0.842493
vn 0.517503 0.540203 0.663604
vn -0.191702 0.967210 -0.166602
vn -0.594262 0.594062 -0.542165
vn -0.680012 0.681912 -0.269405
vn -0.191702 0.967210 -0.166602
vn -0.680012 0.681912 -0.269405
vn -0.418714 0.875028 -0.242908
vn -0.648717 -0.648717 -0.397910
vn -0.706976 -0.706876 -0.022599
vn -0.968087 -0.174898 -0.179498
vn -0.648717 -0.648717 -0.397910
vn -0.968087 -0.174898 -0.179498
vn -0.663478 -0.517583 -0.540282
vn 0.648610 0.649010 -0.397606
vn 0.517202 0.664003 -0.540002
vn 0.176698 0.968091 -0.177698
vn 0.648610 0.649010 -0.397606
vn 0.176698 0.968091 -0.177698
vn 0.705327 0.708528 -0.022401
vn 0.967943 0.186089 -0.168690
vn 0.663822 0.517417 -0.540018
vn 0.648391 0.648991 -0.397994
vn 0.967943 0.186089 -0.168690
vn 0.648391 0.648991 -0.397994
vn 0.706775 0.707075 -0.022699
vn -0.540433 0.517731 -0.663240
vn -0.967485 0.184697 -0.172797
vn -0.594397 0.593897 -0.542197
vn -0.540433 0.517731 -0.663240
vn -0.594397 0.593897 -0.542197
vn -0.480306 0.480906 -0.733509
vn -0.184602 0.170502 -0.967911
vn -0.540298 0.517798 -0.663297
vn -0.480217 0.480817 -0.733626
vn -0.184602 0.170502 -0.967911
vn -0.480217 0.480817 -0.733626
vn -0.517703 0.540503 -0.663204
vn -0.648926 -0.648626 -0.397716
vn -0.705677 -0.708177 -0.022499
vn -0.968089 -0.172598 -0.181698
vn -0.648926 -0.648626 -0.397716
vn -0.968089 -0.172598 -0.181698
vn -0.663204 -0.517703 -0.540503
vn -0.177102 -0.177202 0.968109
vn 0.252295 -0.373692 0.892581
vn 0.128698 0.210497 0.969086
vn -0.177102 -0.177202 0.968109
vn 0.128698 0.210497 0.969086
vn -0.401687 0.247592 0.881672
vn 0.186493 -0.548080 0.815370
vn -0.517690 -0.540290 0.663388
vn -0.178697 -0.967485 0.178997
vn 0.186493 -0.548080 0.815370
vn -0.178697 -0.967485 0.178997
vn -0.217794 -0.854776 0.471087
vn 0.987019 0.009800 0.160303
vn 0.795973 0.593880 -0.117196
vn 0.793485 0.608589 -0.001000
vn 0.987019 0.009800 0.160303
vn 0.793485 0.608589 -0.001000
vn 0.900284 -0.189497 -0.391893
vn 0.706828 -0.707028 0.022501
vn 0.681594 -0.680294 -0.269498
vn 0.887819 -0.385908 -0.250705
vn 0.706828 -0.707028 0.022501
vn 0.887819 -0.385908 -0.250705
vn 0.967599 -0.162800 0.193000
vn -0.967455 0.182492 -0.175292
vn -0.882284 0.400093 -0.247995
vn -0.680594 0.681294 -0.269498
vn -0.967455 0.182492 -0.175292
vn -0.680594 0.681294 -0.269498
vn -0.594397 0.593897 -0.542197
vn 0.248300 0.399201 -0.882602
vn -0.167794 0.187294 -0.967867
vn -0.517217 0.539718 -0.664222
vn 0.248300 0.399201 -0.882602
vn -0.517217 0.539718 -0.664222
vn 0.106904 0.853434 -0.510120
vn 0.865890 -0.442395 -0.233497
vn 0.967438 -0.181407 -0.176507
vn 0.851066 -0.211492 -0.480581
vn 0.865890 -0.442395 -0.233497
vn 0.851066 -0.211492 -0.480581
vn 0.968999 0.175400 -0.174000
vn -0.663478 -0.517583 -0.540282
vn -0.968087 -0.174898 -0.179498
vn -0.879979 0.246594 -0.405990
vn -0.663478 -0.517583 -0.540282
vn -0.879979 0.246594 -0.405990
vn -0.769926 0.234408 -0.593520
vn -0.184495 0.169695 -0.968073
vn -0.540495 0.517596 -0.663294
vn -0.480819 0.480819 -0.733230
vn -0.184495 0.169695 -0.968073
vn -0.480819 0.480819 -0.733230
vn -0.517817 0.540618 -0.663022
vn -0.872566 -0.425084 0.240691
vn -0.966998 -0.194900 0.164100
vn -0.869312 -0.237603 0.433406
vn -0.872566 -0.425084 0.240691
vn -0.869312 -0.237603 0.433406
vn -0.969047 -0.111405 -0.220311
vn 0.540701 0.517501 0.663201
vn 0.967231 0.189206 0.169306
vn 0.593794 0.594594 0.542095
vn 0.540701 0.517501 0.663201
vn 0.593794 0.594594 0.542095
vn 0.480772 0.480672 0.733357
vn 0.236409 -0.436016 0.868332
vn 0.185193 -0.172393 0.967463
vn 0.456107 -0.226903 0.860512
vn 0.236409 -0.436016 0.868332
vn 0.456107 -0.226903 0.860512
vn -0.019899 0.245992 0.969068
vn 0.540211 -0.517611 -0.663514
vn 0.176992 -0.177592 -0.968057
vn 0.432704 0.237802 -0.869608
vn 0.540211 -0.517611 -0.663514
vn 0.432704 0.237802 -0.869608
vn 0.852905 0.108801 -0.510603
vn -0.967574 0.180495 -0.176695
vn -0.869158 0.433779 -0.237488
vn -0.680795 0.681095 -0.269498
vn -0.967574 0.180495 -0.176695
vn -0.680795 0.681095 -0.269498
vn -0.593794 0.594594 -0.542095
vn 0.967231 0.189206 0.169306
vn 0.884712 0.393805 0.249403
vn 0.681594 0.680294 0.269498
vn 0.967231 0.189206 0.169306
vn 0.681594 0.680294 0.269498
vn 0.593794 0.594594 0.542095
vn 0.879942 -0.406120 -0.246512
vn 0.967495 -0.181499 -0.176099
vn 0.879502 -0.246301 -0.407201
vn 0.879942 -0.406120 -0.246512
vn 0.879502 -0.246301 -0.407201
vn 0.969078 0.191596 0.155496
vn -0.837735 0.452819 0.305213
vn -0.662907 0.029800 0.748108
vn -0.209504 0.693212 0.689612
vn -0.837735 0.452819 0.305213
vn -0.209504 0.693212 0.689612
vn -0.526997 0.756795 0.386698
vn -0.176606 -0.178106 0.968033
vn 0.242493 -0.419689 0.874676
vn -0.238003 0.066101 0.969013
vn -0.176606 -0.178106 0.968033
vn -0.238003 0.066101 0.969013
vn -0.418300 0.243000 0.875201
vn 0.594003 -0.594103 -0.542403
vn 0.480807 -0.480707 -0.733311
vn 0.540211 -0.517611 -0.663514
vn 0.594003 -0.594103 -0.542403
vn 0.540211 -0.517611 -0.663514
vn 0.967401 -0.173800 -0.184200
vn 0.098004 -0.949235 -0.298911
vn 0.384600 -0.880699 -0.276500
vn 0.367510 -0.929124 -0.040801
vn 0.098004 -0.949235 -0.298911
vn 0.367510 -0.929124 -0.040801
vn 0.058903 -0.997350 -0.042702
vn 0.517598 0.663698 -0.539998
vn 0.106904 0.853434 -0.510120
vn -0.245290 0.878164 -0.410683
vn 0.517598 0.663698 -0.539998
vn -0.245290 0.878164 -0.410683
vn 0.166804 0.967822 -0.188404
vn 0.218797 0.855287 0.469693
vn -0.190106 0.967832 0.164805
vn -0.517897 0.662896 0.540697
vn 0.218797 0.855287 0.469693
vn -0.517897 0.662896 0.540697
vn 0.136999 0.520996 0.842493
vn -0.228208 0.453716 0.861431
vn 0.177502 0.176802 0.968109
vn 0.517903 0.540803 0.662804
vn -0.228208 0.453716 0.861431
vn 0.517903 0.540803 0.662804
vn 0.033999 0.867778 0.495787
vn 0.005300 -0.999070 -0.042799
vn 0.058903 -0.997350 -0.042702
vn 0.059502 -0.998228 -0.000200
vn 0.005300 -0.999070 -0.042799
vn 0.059502 -0.998228 -0.000200
vn -0.016400 -0.998906 -0.043800
vn 0.663388 -0.517690 0.540290
vn 0.968057 -0.177192 0.177392
vn 0.868135 0.236209 0.436517
vn 0.663388 -0.517690 0.540290
vn 0.868135 0.236209 0.436517
vn 0.765184 -0.237795 0.598287
vn 0.648794 -0.648894 0.397496
vn 0.706828 -0.707028 0.022501
vn 0.967599 -0.162800 0.193000
vn 0.648794 -0.648894 0.397496
vn 0.967599 -0.162800 0.193000
vn 0.663911 -0.517209 0.540109
vn -0.125898 -0.516492 0.846986
vn -0.517903 -0.540803 0.662804
vn -0.179797 -0.967484 0.177897
vn -0.125898 -0.516492 0.846986
vn -0.179797 -0.967484 0.177897
vn -0.240400 -0.872200 0.426000
vn -0.793479 -0.608584 -0.004100
vn -0.344308 -0.938822 -0.008100
vn -0.367508 -0.929120 0.040901
vn -0.793479 -0.608584 -0.004100
vn -0.367508 -0.929120 0.040901
vn -0.799251 -0.590164 0.113593
vn -0.648929 -0.648929 -0.397218
vn -0.707223 -0.706623 -0.022801
vn -0.967872 -0.186095 -0.169095
vn -0.648929 -0.648929 -0.397218
vn -0.967872 -0.186095 -0.169095
vn -0.663912 -0.517310 -0.540010
vn -0.199894 0.689879 -0.695779
vn 0.009099 0.716957 -0.697058
vn -0.560404 0.004700 -0.828206
vn -0.199894 0.689879 -0.695779
vn -0.560404 0.004700 -0.828206
vn -0.662905 -0.029900 -0.748106
vn -0.888111 0.250903 -0.385105
vn -0.969063 -0.045998 -0.242491
vn -0.882284 0.400093 -0.247995
vn -0.888111 0.250903 -0.385105
vn -0.882284 0.400093 -0.247995
vn -0.967455 0.182492 -0.175292
vn 0.432704 0.237802 -0.869608
vn -0.052302 0.241309 -0.969038
vn 0.248300 0.399201 -0.882602
vn 0.432704 0.237802 -0.869608
vn 0.248300 0.399201 -0.882602
vn 0.165202 0.193402 -0.967111
vn -0.427100 0.871799 -0.239900
vn -0.680194 0.681694 -0.269498
vn -0.707726 0.706126 0.022601
vn -0.427100 0.871799 -0.239900
vn -0.707726 0.706126 0.022601
vn -0.177292 0.968057 0.177292
vn 0.681513 0.680413 0.269405
vn 0.503789 0.842082 0.192596
vn 0.188899 0.967397 0.168700
vn 0.681513 0.680413 0.269405
vn 0.188899 0.967397 0.168700
vn 0.594100 0.594100 0.542300
vn 0.866389 -0.440994 -0.234297
vn 0.966996 -0.195499 -0.163399
vn 0.866226 -0.234107 -0.441413
vn 0.866389 -0.440994 -0.234297
vn 0.866226 -0.234107 -0.441413
vn 0.969132 0.136804 0.205107
vn -0.681013 -0.680913 0.269405
vn -0.593962 -0.594362 0.542165
vn -0.967465 -0.172594 0.184993
vn -0.681013 -0.680913 0.269405
vn -0.967465 -0.172594 0.184993
vn -0.870598 -0.430099 0.238900
vn 0.663260 -0.517669 0.540467
vn 0.968074 -0.176495 0.177995
vn 0.881072 0.247292 0.403187
vn 0.663260 -0.517669 0.540467
vn 0.881072 0.247292 0.403187
vn 0.663591 0.264196 0.699891
vn 0.968027 0.180105 -0.174605
vn 0.663515 0.517712 -0.540113
vn 0.648668 0.648968 -0.397580
vn 0.968027 0.180105 -0.174605
vn 0.648668 0.648968 -0.397580
vn 0.708022 0.705822 -0.022801
vn 0.182898 -0.967987 0.171898
vn -0.241707 -0.873727 0.422113
vn -0.177901 -0.969006 -0.171401
vn 0.182898 -0.967987 0.171898
vn -0.177901 -0.969006 -0.171401
vn 0.454312 -0.861223 -0.227806
vn 0.517282 0.663877 -0.540081
vn 0.038500 0.867409 -0.496105
vn -0.232810 0.865038 -0.444420
vn 0.517282 0.663877 -0.540081
vn -0.232810 0.865038 -0.444420
vn 0.190000 0.967803 -0.165100
vn -0.517798 0.540298 -0.663297
vn -0.480906 0.480306 -0.733509
vn -0.593794 0.594594 -0.542095
vn -0.517798 0.540298 -0.663297
vn -0.593794 0.594594 -0.542095
vn -0.175109 0.967447 -0.182709
vn 0.663821 0.517316 -0.540117
vn 0.169897 0.188397 -0.967286
vn 0.517202 0.664003 -0.540002
vn 0.663821 0.517316 -0.540117
vn 0.517202 0.664003 -0.540002
vn 0.648610 0.649010 -0.397606
vn 0.517303 -0.664004 0.539903
vn 0.049002 -0.866238 0.497222
vn -0.235989 -0.867861 0.437180
vn 0.517303 -0.664004 0.539903
vn -0.235989 -0.867861 0.437180
vn 0.184497 -0.967984 0.170197
vn -0.112601 -0.947206 -0.300202
vn -0.011700 -0.955180 -0.295794
vn 0.005300 -0.999070 -0.042799
vn -0.112601 -0.947206 -0.300202
vn 0.005300 -0.999070 -0.042799
vn -0.058599 -0.997385 -0.042299
vn -0.858282 0.090198 0.505189
vn -0.418300 0.243000 0.875201
vn -0.189403 0.168603 0.967316
vn -0.858282 0.090198 0.505189
vn -0.189403 0.168603 0.967316
vn -0.663970 0.517377 0.539876
vn 0.229206 0.862323 0.451512
vn -0.177306 0.968034 0.177406
vn -0.517690 0.663388 0.540290
vn 0.229206 0.862323 0.451512
vn -0.517690 0.663388 0.540290
vn -0.107402 0.853317 0.510210
vn -0.517817 0.540618 -0.663022
vn -0.480819 0.480819 -0.733230
vn -0.594097 0.594197 -0.542198
vn -0.517817 0.540618 -0.663022
vn -0.594097 0.594197 -0.542198
vn -0.185997 0.967485 -0.171397
vn -0.969047 -0.111405 -0.220311
vn -0.869312 -0.237603 0.433406
vn -0.968016 0.183303 0.171303
vn -0.969047 -0.111405 -0.220311
vn -0.968016 0.183303 0.171303
vn -0.861456 0.453677 -0.228188
vn -0.231101 0.863803 -0.447702
vn -0.175109 0.967447 -0.182709
vn -0.421819 0.873840 -0.241811
vn -0.231101 0.863803 -0.447702
vn -0.421819 0.873840 -0.241811
vn 0.243897 0.969088 -0.037200
vn -0.871664 0.427382 -0.239890
vn -0.968037 0.182907 0.171607
vn -0.707726 0.706126 0.022601
vn -0.871664 0.427382 -0.239890
vn -0.707726 0.706126 0.022601
vn -0.680194 0.681694 -0.269498
vn -0.188208 -0.967843 -0.166907
vn -0.706923 -0.706923 -0.022801
vn -0.648726 -0.648826 -0.397716
vn -0.188208 -0.967843 -0.166907
vn -0.648726 -0.648826 -0.397716
vn -0.517196 -0.664094 -0.539895
vn -0.586900 0.229000 -0.776600
vn -0.850736 0.210909 -0.481420
vn -0.967574 0.180495 -0.176695
vn -0.586900 0.229000 -0.776600
vn -0.967574 0.180495 -0.176695
vn -0.539895 0.517196 -0.664094
vn -0.968087 -0.174898 -0.179498
vn -0.875499 -0.417500 0.243300
vn -0.969061 0.085897 -0.231391
vn -0.968087 -0.174898 -0.179498
vn -0.969061 0.085897 -0.231391
vn -0.879979 0.246594 -0.405990
vn -0.168797 -0.967981 -0.185796
vn -0.706476 -0.707376 -0.022599
vn -0.648810 -0.648810 -0.397606
vn -0.168797 -0.967981 -0.185796
vn -0.648810 -0.648810 -0.397606
vn -0.517518 -0.663824 -0.539919
vn -0.968037 0.182907 0.171607
vn -0.663514 0.517611 0.540211
vn -0.648684 0.648884 0.397690
vn -0.968037 0.182907 0.171607
vn -0.648684 0.648884 0.397690
vn -0.707726 0.706126 0.022601
vn 0.837896 0.452598 -0.305099
vn 0.526997 0.756795 -0.386698
vn 0.795973 0.593880 -0.117196
vn 0.837896 0.452598 -0.305099
vn 0.795973 0.593880 -0.117196
vn 0.987019 0.009800 0.160303
vn 0.112499 0.947189 -0.300296
vn 0.267008 0.944128 -0.193206
vn 0.526997 0.756795 -0.386698
vn 0.112499 0.947189 -0.300296
vn 0.526997 0.756795 -0.386698
vn 0.209599 0.693098 -0.689698
vn -0.480730 -0.480730 0.733346
vn -0.517690 -0.540290 0.663388
vn -0.175909 -0.178709 0.968049
vn -0.480730 -0.480730 0.733346
vn -0.175909 -0.178709 0.968049
vn -0.540290 -0.517690 0.663388
vn -0.178697 -0.967485 0.178997
vn -0.594006 -0.594006 0.542506
vn -0.680985 -0.680985 0.269294
vn -0.178697 -0.967485 0.178997
vn -0.680985 -0.680985 0.269294
vn -0.478202 -0.852004 0.213101
vn -0.871607 0.239702 -0.427603
vn -0.969047 -0.111405 -0.220311
vn -0.861456 0.453677 -0.228188
vn -0.871607 0.239702 -0.427603
vn -0.861456 0.453677 -0.228188
vn -0.967476 0.183995 -0.173596
vn -0.267003 0.944110 0.193302
vn -0.112597 0.947178 0.300293
vn -0.058599 0.997385 0.042299
vn -0.267003 0.944110 0.193302
vn -0.058599 0.997385 0.042299
vn -0.369286 0.927965 0.050098
vn 0.517611 -0.663514 0.540211
vn 0.648810 -0.648810 0.397606
vn 0.663388 -0.517690 0.540290
vn 0.517611 -0.663514 0.540211
vn 0.663388 -0.517690 0.540290
vn 0.179697 -0.177997 0.967484
vn 0.968999 0.175400 -0.174000
vn 0.851066 -0.211492 -0.480581
vn 0.968121 0.179304 -0.174904
vn 0.968999 0.175400 -0.174000
vn 0.968121 0.179304 -0.174904
vn 0.845932 0.493918 0.201108
vn 0.900284 -0.189497 -0.391893
vn 0.793485 0.608589 -0.001000
vn 0.799308 0.590106 0.113501
vn 0.900284 -0.189497 -0.391893
vn 0.799308 0.590106 0.113501
vn 0.987002 -0.009900 -0.160400
vn -0.594100 -0.594100 0.542300
vn -0.480784 -0.480784 0.733276
vn -0.540318 -0.517617 0.663422
vn -0.594100 -0.594100 0.542300
vn -0.540318 -0.517617 0.663422
vn -0.967464 -0.180893 0.176893
vn 0.663515 0.517712 -0.540113
vn 0.165202 0.193402 -0.967111
vn 0.517598 0.663698 -0.539998
vn 0.663515 0.517712 -0.540113
vn 0.517598 0.663698 -0.539998
vn 0.648668 0.648968 -0.397580
vn -0.540318 -0.517617 0.663422
vn -0.176895 -0.177595 0.968074
vn -0.405288 0.246693 0.880275
vn -0.540318 -0.517617 0.663422
vn -0.405288 0.246693 0.880275
vn -0.663284 0.264194 0.700183
vn 0.593994 -0.594394 -0.542095
vn 0.480772 -0.480672 -0.733357
vn 0.540002 -0.517202 -0.664003
vn 0.593994 -0.594394 -0.542095
vn 0.540002 -0.517202 -0.664003
vn 0.967243 -0.169907 -0.188608
vn 0.968121 0.179304 -0.174904
vn 0.663729 0.517323 -0.540223
vn 0.648929 0.648929 -0.397218
vn 0.968121 0.179304 -0.174904
vn 0.648929 0.648929 -0.397218
vn 0.708125 0.705725 -0.022601
vn -0.369320 -0.927951 -0.050103
vn -0.058599 -0.997385 -0.042299
vn -0.059601 -0.998222 0.000200
vn -0.369320 -0.927951 -0.050103
vn -0.059601 -0.998222 0.000200
vn -0.344308 -0.938822 -0.008100
vn -0.967692 0.191598 0.163899
vn -0.663296 0.517697 0.540397
vn -0.648584 0.648984 0.397690
vn -0.967692 0.191598 0.163899
vn -0.648584 0.648984 0.397690
vn -0.707924 0.705924 0.022701
vn 0.059601 0.998222 0.000200
vn 0.344308 0.938822 -0.008100
vn 0.369284 0.927960 -0.050198
vn 0.059601 0.998222 0.000200
vn 0.369284 0.927960 -0.050198
vn 0.058499 0.997391 -0.042300
vn -0.175109 0.967447 -0.182709
vn -0.593794 0.594594 -0.542095
vn -0.680795 0.681095 -0.269498
vn -0.175109 0.967447 -0.182709
vn -0.680795 0.681095 -0.269498
vn -0.421819 0.873840 -0.241811
vn 0.862211 -0.072701 0.501306
vn 0.876850 0.244286 0.414076
vn 0.967231 0.189206 0.169306
vn 0.862211 -0.072701 0.501306
vn 0.967231 0.189206 0.169306
vn 0.540701 0.517501 0.663201
vn -0.344308 0.938822 0.008100
vn -0.793479 0.608584 0.004100
vn -0.795973 0.593880 0.117196
vn -0.344308 0.938822 0.008100
vn -0.795973 0.593880 0.117196
vn -0.369286 0.927965 0.050098
vn 0.648884 -0.648684 0.397690
vn 0.517570 -0.663662 0.540069
vn 0.180393 -0.968065 0.174094
vn 0.648884 -0.648684 0.397690
vn 0.180393 -0.968065 0.174094
vn 0.707278 -0.706578 0.022499
vn 0.060502 -0.969131 -0.239008
vn -0.478202 -0.852004 0.213101
vn -0.168797 -0.967981 -0.185796
vn 0.060502 -0.969131 -0.239008
vn -0.168797 -0.967981 -0.185796
vn 0.239400 -0.871299 -0.428399
vn -0.539911 -0.517411 0.663914
vn -0.177102 -0.177202 0.968109
vn -0.401687 0.247592 0.881672
vn -0.539911 -0.517411 0.663914
vn -0.401687 0.247592 0.881672
vn -0.590695 0.232098 0.772794
vn -0.869158 0.433779 -0.237488
vn -0.967869 0.189494 0.165295
vn -0.704219 0.709619 0.022701
vn -0.869158 0.433779 -0.237488
vn -0.704219 0.709619 0.022701
vn -0.680795 0.681095 -0.269498
vn 0.967495 -0.181499 -0.176099
vn 0.540582 -0.517783 -0.663078
vn 0.653495 0.262398 -0.709994
vn 0.967495 -0.181499 -0.176099
vn 0.653495 0.262398 -0.709994
vn 0.879502 -0.246301 -0.407201
vn 0.885893 -0.341097 0.314398
vn 1.000000 0.000100 0.000100
vn 0.461925 -0.056003 0.885149
vn 0.885893 -0.341097 0.314398
vn 0.461925 -0.056003 0.885149
vn 0.842834 -0.091604 0.530321
vn 0.879502 -0.246301 -0.407201
vn 0.653495 0.262398 -0.709994
vn 0.663296 0.517697 -0.540397
vn 0.879502 -0.246301 -0.407201
vn 0.663296 0.517697 -0.540397
vn 0.968102 0.179800 -0.174500
vn -0.540290 -0.517690 0.663388
vn -0.175909 -0.178709 0.968049
vn -0.434091 0.237195 0.869082
vn -0.540290 -0.517690 0.663388
vn -0.434091 0.237195 0.869082
vn -0.663676 0.264290 0.699775
vn -0.517404 -0.539805 0.664006
vn -0.480784 -0.480784 0.733276
vn -0.594100 -0.594100 0.542300
vn -0.517404 -0.539805 0.664006
vn -0.594100 -0.594100 0.542300
vn -0.185905 -0.967324 0.172404
vn -0.186794 -0.161295 -0.969068
vn -0.414785 -0.244091 -0.876569
vn -0.171203 0.183403 -0.968015
vn -0.186794 -0.161295 -0.969068
vn -0.171203 0.183403 -0.968015
vn 0.241190 0.423983 -0.872964
vn 0.119798 0.849086 -0.514491
vn -0.517301 0.540401 -0.663601
vn -0.182406 0.967433 -0.175506
vn 0.119798 0.849086 -0.514491
vn -0.182406 0.967433 -0.175506
vn -0.235811 0.867839 -0.437320
vn 0.987002 -0.009900 -0.160400
vn 0.799308 0.590106 0.113501
vn 0.586186 0.691783 0.421690
vn 0.987002 -0.009900 -0.160400
vn 0.586186 0.691783 0.421690
vn 0.837871 -0.452584 0.305189
vn 0.679976 0.681876 0.269590
vn 0.436598 0.868097 0.236199
vn 0.174401 0.967406 0.183601
vn 0.679976 0.681876 0.269590
vn 0.174401 0.967406 0.183601
vn 0.594394 0.593994 0.542095
vn -0.799251 -0.590164 0.113593
vn -0.367508 -0.929120 0.040901
vn -0.384781 -0.880656 0.276386
vn -0.799251 -0.590164 0.113593
vn -0.384781 -0.880656 0.276386
vn -0.586186 -0.691783 0.421690
vn 0.503789 0.842082 0.192596
vn -0.233612 0.969049 0.079804
vn 0.218797 0.855287 0.469693
vn 0.503789 0.842082 0.192596
vn 0.218797 0.855287 0.469693
vn 0.188899 0.967397 0.168700
vn 0.199894 -0.689879 -0.695779
vn 0.586186 -0.691783 -0.421690
vn 0.384600 -0.880699 -0.276500
vn 0.199894 -0.689879 -0.695779
vn 0.384600 -0.880699 -0.276500
vn 0.098004 -0.949235 -0.298911
vn 0.848608 0.121401 -0.514905
vn 0.442804 0.233402 -0.865707
vn 0.169897 0.188397 -0.967286
vn 0.848608 0.121401 -0.514905
vn 0.169897 0.188397 -0.967286
vn 0.663821 0.517316 -0.540117
vn -0.967241 -0.188708 0.169807
vn -0.539911 -0.517411 0.663914
vn -0.590695 0.232098 0.772794
vn -0.967241 -0.188708 0.169807
vn -0.590695 0.232098 0.772794
vn -0.873289 -0.241397 0.423195
vn 0.648794 -0.648894 0.397496
vn 0.517295 -0.663693 0.540294
vn 0.178698 -0.968090 0.175698
vn 0.648794 -0.648894 0.397496
vn 0.178698 -0.968090 0.175698
vn 0.706828 -0.707028 0.022501
vn -0.706476 -0.707376 -0.022599
vn -0.680985 -0.680985 0.269294
vn -0.868823 -0.434712 0.237006
vn -0.706476 -0.707376 -0.022599
vn -0.868823 -0.434712 0.237006
vn -0.967941 -0.170107 -0.184808
vn -0.058599 0.997385 0.042299
vn 0.000400 0.999079 0.042899
vn -0.029200 0.998907 -0.036500
vn -0.058599 0.997385 0.042299
vn -0.029200 0.998907 -0.036500
vn -0.059502 0.998228 -0.000200
vn 0.540803 0.517903 0.662804
vn 0.967479 0.181296 0.176396
vn 0.594291 0.594191 0.541992
vn 0.540803 0.517903 0.662804
vn 0.594291 0.594191 0.541992
vn 0.480571 0.480571 0.733555
vn -0.177901 -0.969006 -0.171401
vn -0.404315 -0.880634 0.247009
vn -0.185210 -0.967952 -0.169609
vn -0.177901 -0.969006 -0.171401
vn -0.185210 -0.967952 -0.169609
vn 0.238105 -0.869919 -0.431910
vn -0.454014 0.861327 -0.228007
vn -0.681095 0.680795 -0.269498
vn -0.707676 0.706176 0.022599
vn -0.454014 0.861327 -0.228007
vn -0.707676 0.706176 0.022599
vn -0.190106 0.967832 0.164805
vn 0.648775 -0.648675 0.397885
vn 0.517303 -0.664004 0.539903
vn 0.184497 -0.967984 0.170197
vn 0.648775 -0.648675 0.397885
vn 0.184497 -0.967984 0.170197
vn 0.706826 -0.707026 0.022601
vn 0.458780 -0.225490 0.859462
vn 0.868884 0.020500 0.494591
vn 0.540282 0.517583 0.663478
vn 0.458780 -0.225490 0.859462
vn 0.540282 0.517583 0.663478
vn 0.176994 0.176994 0.968167
vn -0.418300 0.243000 0.875201
vn -0.238003 0.066101 0.969013
vn -0.228208 0.453716 0.861431
vn -0.418300 0.243000 0.875201
vn -0.228208 0.453716 0.861431
vn -0.189403 0.168603 0.967316
vn -0.245290 0.878164 -0.410683
vn -0.170693 0.967263 -0.187793
vn -0.456296 0.860492 -0.226598
vn -0.245290 0.878164 -0.410683
vn -0.456296 0.860492 -0.226598
vn 0.126705 0.969041 -0.211909
vn -0.526997 -0.756795 -0.386698
vn -0.209489 -0.693164 -0.689665
vn -0.112601 -0.947206 -0.300202
vn -0.526997 -0.756795 -0.386698
vn -0.112601 -0.947206 -0.300202
vn -0.267008 -0.944128 -0.193206
vn -0.517404 -0.539805 0.664006
vn 0.231797 -0.590293 0.773191
vn 0.252295 -0.373692 0.892581
vn -0.517404 -0.539805 0.664006
vn 0.252295 -0.373692 0.892581
vn -0.177102 -0.177202 0.968109
vn -0.035199 0.244291 0.969063
vn 0.407117 -0.246311 0.879538
vn 0.174697 0.179697 0.968086
vn -0.035199 0.244291 0.969063
vn 0.174697 0.179697 0.968086
vn -0.236304 0.436507 0.868114
vn 0.369284 -0.927960 0.050198
vn 0.795973 -0.593880 0.117196
vn 0.526904 -0.756806 0.386803
vn 0.369284 -0.927960 0.050198
vn 0.526904 -0.756806 0.386803
vn 0.266910 -0.944135 0.193307
vn 0.517303 -0.664004 0.539903
vn 0.648775 -0.648675 0.397885
vn 0.663968 -0.517275 0.539974
vn 0.517303 -0.664004 0.539903
vn 0.663968 -0.517275 0.539974
vn 0.167997 -0.190097 0.967285
vn -0.178497 -0.179197 -0.967485
vn -0.663971 -0.517478 -0.539777
vn -0.863608 -0.065401 -0.499904
vn -0.178497 -0.179197 -0.967485
vn -0.863608 -0.065401 -0.499904
vn -0.429698 -0.238899 -0.870797
vn -0.235811 0.867839 -0.437320
vn -0.182406 0.967433 -0.175506
vn -0.427100 0.871799 -0.239900
vn -0.235811 0.867839 -0.437320
vn -0.427100 0.871799 -0.239900
vn 0.236892 0.969068 -0.069198
vn -0.663329 0.517522 0.540523
vn -0.164596 0.193595 0.967176
vn -0.517008 0.664311 0.539809
vn -0.663329 0.517522 0.540523
vn -0.517008 0.664311 0.539809
vn -0.649068 0.648568 0.397580
vn 0.517602 0.663203 -0.540602
vn 0.094801 0.506505 -0.857009
vn -0.204799 0.847498 -0.489699
vn 0.517602 0.663203 -0.540602
vn -0.204799 0.847498 -0.489699
vn 0.180498 0.968188 -0.173298
vn 0.648810 -0.648810 0.397606
vn 0.517804 -0.663206 0.540405
vn 0.182898 -0.967987 0.171898
vn 0.648810 -0.648810 0.397606
vn 0.182898 -0.967987 0.171898
vn 0.707674 -0.706174 0.022699
vn -0.517583 -0.663478 -0.540282
vn -0.648926 -0.648626 -0.397716
vn -0.663204 -0.517703 -0.540503
vn -0.517583 -0.663478 -0.540282
vn -0.663204 -0.517703 -0.540503
vn -0.182996 -0.175196 -0.967377
vn -0.000400 -0.999079 0.042899
vn 0.058599 -0.997385 0.042299
vn 0.112601 -0.947206 0.300202
vn -0.000400 -0.999079 0.042899
vn 0.112601 -0.947206 0.300202
vn 0.011800 -0.955179 0.295794
vn -0.968016 0.183303 0.171303
vn -0.663970 0.517377 0.539876
vn -0.648717 0.648717 0.397910
vn -0.968016 0.183303 0.171303
vn -0.648717 0.648717 0.397910
vn -0.706978 0.706878 0.022499
vn 0.201706 -0.559916 -0.803623
vn -0.517196 -0.664094 -0.539895
vn -0.179909 -0.178509 -0.967351
vn 0.201706 -0.559916 -0.803623
vn -0.179909 -0.178509 -0.967351
vn -0.242804 -0.418806 -0.875013
vn 0.765184 -0.237795 0.598287
vn 0.868135 0.236209 0.436517
vn 0.967235 0.190607 0.167706
vn 0.765184 -0.237795 0.598287
vn 0.967235 0.190607 0.167706
vn 0.540397 0.517697 0.663296
vn 0.245301 -0.410802 0.878105
vn 0.175599 -0.181999 0.967492
vn 0.407117 -0.246311 0.879538
vn 0.245301 -0.410802 0.878105
vn 0.407117 -0.246311 0.879538
vn -0.035199 0.244291 0.969063
vn 0.884712 0.393805 0.249403
vn 0.967914 0.186503 -0.168402
vn 0.705327 0.708528 -0.022401
vn 0.884712 0.393805 0.249403
vn 0.705327 0.708528 -0.022401
vn 0.681594 0.680294 0.269498
vn 0.106904 0.853434 -0.510120
vn -0.517217 0.539718 -0.664222
vn -0.170693 0.967263 -0.187793
vn 0.106904 0.853434 -0.510120
vn -0.170693 0.967263 -0.187793
vn -0.245290 0.878164 -0.410683
vn -0.232810 0.865038 -0.444420
vn -0.191702 0.967210 -0.166602
vn -0.418714 0.875028 -0.242908
vn -0.232810 0.865038 -0.444420
vn -0.418714 0.875028 -0.242908
vn 0.149903 0.969118 0.195804
vn 0.517295 -0.663693 0.540294
vn 0.648794 -0.648894 0.397496
vn 0.663911 -0.517209 0.540109
vn 0.517295 -0.663693 0.540294
vn 0.663911 -0.517209 0.540109
vn 0.185193 -0.172393 0.967463
vn 0.167997 -0.190097 0.967285
vn 0.663968 -0.517275 0.539974
vn 0.866279 0.047599 0.497288
vn 0.167997 -0.190097 0.967285
vn 0.866279 0.047599 0.497288
vn 0.460501 -0.224500 0.858801
vn 0.851066 -0.211492 -0.480581
vn 0.773548 0.231514 -0.589936
vn 0.663729 0.517323 -0.540223
vn 0.851066 -0.211492 -0.480581
vn 0.663729 0.517323 -0.540223
vn 0.968121 0.179304 -0.174904
vn 0.517684 -0.540183 -0.663480
vn -0.098599 -0.855994 -0.507496
vn -0.236493 -0.435887 -0.868374
vn 0.517684 -0.540183 -0.663480
vn -0.236493 -0.435887 -0.868374
vn 0.176992 -0.177592 -0.968057
vn -0.367508 0.929120 -0.040901
vn -0.799299 0.590099 -0.113600
vn -0.793479 0.608584 0.004100
vn -0.367508 0.929120 -0.040901
vn -0.793479 0.608584 0.004100
vn -0.344308 0.938822 0.008100
vn -0.594006 -0.594006 0.542506
vn -0.480730 -0.480730 0.733346
vn -0.540290 -0.517690 0.663388
vn -0.594006 -0.594006 0.542506
vn -0.540290 -0.517690 0.663388
vn -0.967485 -0.178597 0.179097
vn 0.058897 0.997355 0.042598
vn 0.367508 0.929120 0.040901
vn 0.344308 0.938822 -0.008100
vn 0.058897 0.997355 0.042598
vn 0.344308 0.938822 -0.008100
vn 0.059601 0.998222 0.000200
vn 0.967791 -0.191098 0.163898
vn 0.866389 -0.440994 -0.234297
vn 0.969132 0.136804 0.205107
vn 0.967791 -0.191098 0.163898
vn 0.969132 0.136804 0.205107
vn 0.863024 0.230106 0.449712
vn -0.423911 -0.873022 0.241106
vn -0.681013 -0.680913 0.269405
vn -0.705677 -0.708177 -0.022499
vn -0.423911 -0.873022 0.241106
vn -0.705677 -0.708177 -0.022499
vn -0.177098 -0.968092 -0.177298
vn 0.540389 -0.517589 -0.663386
vn 0.169098 -0.185998 -0.967890
vn 0.438504 0.235202 -0.867407
vn 0.540389 -0.517589 -0.663386
vn 0.438504 0.235202 -0.867407
vn 0.869085 0.016400 -0.494391
vn 0.594133 -0.594133 -0.542230
vn 0.480819 -0.480819 -0.733230
vn 0.540610 -0.517709 -0.663112
vn 0.594133 -0.594133 -0.542230
vn 0.540610 -0.517709 -0.663112
vn 0.967438 -0.181407 -0.176507
vn 0.706826 -0.707026 0.022601
vn 0.184497 -0.967984 0.170197
vn 0.449493 -0.863087 -0.230297
vn 0.706826 -0.707026 0.022601
vn 0.449493 -0.863087 -0.230297
vn 0.681912 -0.680012 -0.269405
vn -0.870598 -0.430099 0.238900
vn -0.967465 -0.172594 0.184993
vn -0.854826 -0.218407 0.470714
vn -0.870598 -0.430099 0.238900
vn -0.854826 -0.218407 0.470714
vn -0.969095 0.243699 0.038300
vn -0.267008 -0.944128 -0.193206
vn -0.112601 -0.947206 -0.300202
vn -0.058599 -0.997385 -0.042299
vn -0.267008 -0.944128 -0.193206
vn -0.058599 -0.997385 -0.042299
vn -0.369320 -0.927951 -0.050103
vn -0.664094 -0.517196 -0.539895
vn -0.967843 -0.188208 -0.166907
vn -0.871607 0.239702 -0.427603
vn -0.664094 -0.517196 -0.539895
vn -0.871607 0.239702 -0.427603
vn -0.570327 0.213310 -0.793238
vn -0.873289 -0.241397 0.423195
vn -0.590695 0.232098 0.772794
vn -0.663206 0.517804 0.540405
vn -0.873289 -0.241397 0.423195
vn -0.663206 0.517804 0.540405
vn -0.967964 0.183493 0.171394
vn 0.540282 0.517583 0.663478
vn 0.967363 0.185993 0.172093
vn 0.594100 0.594100 0.542300
vn 0.540282 0.517583 0.663478
vn 0.594100 0.594100 0.542300
vn 0.480919 0.480719 0.733230
vn -0.837871 -0.452584 -0.305189
vn -0.662905 -0.029900 -0.748106
vn -0.209489 -0.693164 -0.689665
vn -0.837871 -0.452584 -0.305189
vn -0.209489 -0.693164 -0.689665
vn -0.526997 -0.756795 -0.386698
vn -0.177292 0.968057 0.177292
vn -0.707726 0.706126 0.022601
vn -0.648684 0.648884 0.397690
vn -0.177292 0.968057 0.177292
vn -0.648684 0.648884 0.397690
vn -0.517703 0.663204 0.540503
vn 0.156403 -0.530210 -0.833316
vn -0.517316 -0.663821 -0.540117
vn -0.178396 -0.178796 -0.967578
vn 0.156403 -0.530210 -0.833316
vn -0.178396 -0.178796 -0.967578
vn -0.237593 -0.433687 -0.869175
vn -1.000000 0.000000 0.000000
vn -0.999834 -0.000100 -0.018201
vn -1.000000 0.000000 0.000000
vn -1.000000 0.000000 0.000000
vn -1.000000 0.000000 0.000000
vn -0.999717 0.023800 -0.000000
vn -0.999838 0.000100 0.018001
vn -1.000000 0.000000 0.000000
vn -0.999717 0.023800 -0.000000
vn -0.999838 0.000100 0.018001
vn -0.999717 0.023800 -0.000000
vn 0.333311 -0.666622 -0.666722
vn -1.000000 0.000000 -0.000100
vn -0.999717 -0.023800 0.000000
vn -1.000000 0.000000 0.000000
vn -1.000000 0.000000 -0.000100
vn -1.000000 0.000000 0.000000
vn -0.999838 0.000100 0.018001
vn -0.999717 -0.023800 0.000000
vn 0.333311 0.666622 0.666722
vn -0.999834 -0.000100 -0.018201
vn -0.999717 -0.023800 0.000000
vn -0.999834 -0.000100 -0.018201
vn -1.000000 0.000000 0.000000
vn -0.179909 -0.178509 -0.967351
vn -0.664094 -0.517196 -0.539895
vn -0.570327 0.213310 -0.793238
vn -0.179909 -0.178509 -0.967351
vn -0.570327 0.213310 -0.793238
vn -0.397410 -0.248607 -0.883323
vn 0.517570 -0.663662 0.540069
vn 0.648884 -0.648684 0.397690
vn 0.663260 -0.517669 0.540467
vn 0.517570 -0.663662 0.540069
vn 0.663260 -0.517669 0.540467
vn 0.175599 -0.181999 0.967492
vn -0.414785 -0.244091 -0.876569
vn -0.769926 0.234408 -0.593520
vn -0.540433 0.517731 -0.663240
vn -0.414785 -0.244091 -0.876569
vn -0.540433 0.517731 -0.663240
vn -0.171203 0.183403 -0.968015
vn -0.405288 0.246693 0.880275
vn -0.035199 0.244291 0.969063
vn -0.236304 0.436507 0.868114
vn -0.405288 0.246693 0.880275
vn -0.236304 0.436507 0.868114
vn -0.175398 0.182198 0.967491
vn -0.112597 0.947178 0.300293
vn -0.011800 0.955179 0.295794
vn 0.000400 0.999079 0.042899
vn -0.112597 0.947178 0.300293
vn 0.000400 0.999079 0.042899
vn -0.058599 0.997385 0.042299
vn 0.149903 0.969118 0.195804
vn -0.418714 0.875028 -0.242908
vn -0.192493 0.967667 0.162994
vn 0.149903 0.969118 0.195804
vn -0.192493 0.967667 0.162994
vn 0.232189 0.864660 0.445479
vn 0.242390 0.419983 -0.874564
vn -0.167901 0.187502 -0.967808
vn -0.517798 0.540298 -0.663297
vn 0.242390 0.419983 -0.874564
vn -0.517798 0.540298 -0.663297
vn -0.255900 0.632000 -0.731500
vn 0.242493 -0.419689 0.874676
vn 0.167997 -0.190097 0.967285
vn 0.460501 -0.224500 0.858801
vn 0.242493 -0.419689 0.874676
vn 0.460501 -0.224500 0.858801
vn -0.238003 0.066101 0.969013
vn -0.875028 -0.242908 0.418714
vn -0.663284 0.264194 0.700183
vn -0.663514 0.517611 0.540211
vn -0.875028 -0.242908 0.418714
vn -0.663514 0.517611 0.540211
vn -0.968037 0.182907 0.171607
vn 0.181304 0.175604 -0.967622
vn 0.215200 0.475300 -0.853100
vn 0.094801 0.506505 -0.857009
vn 0.181304 0.175604 -0.967622
vn 0.094801 0.506505 -0.857009
vn 0.517602 0.663203 -0.540602
vn -0.517617 -0.540318 0.663422
vn -0.480784 -0.480784 0.733276
vn -0.594100 -0.594100 0.542300
vn -0.517617 -0.540318 0.663422
vn -0.594100 -0.594100 0.542300
vn -0.178994 -0.967468 0.178794
vn -0.795973 -0.593880 -0.117196
vn -0.369320 -0.927951 -0.050103
vn -0.344308 -0.938822 -0.008100
vn -0.795973 -0.593880 -0.117196
vn -0.344308 -0.938822 -0.008100
vn -0.793479 -0.608584 -0.004100
vn 0.967438 -0.181407 -0.176507
vn 0.540610 -0.517709 -0.663112
vn 0.773548 0.231514 -0.589936
vn 0.967438 -0.181407 -0.176507
vn 0.773548 0.231514 -0.589936
vn 0.851066 -0.211492 -0.480581
vn -0.517690 -0.540290 0.663388
vn 0.186493 -0.548080 0.815370
vn 0.237802 -0.432704 0.869608
vn -0.517690 -0.540290 0.663388
vn 0.237802 -0.432704 0.869608
vn -0.175909 -0.178709 0.968049
vn 0.663729 0.517323 -0.540223
vn 0.181304 0.175604 -0.967622
vn 0.517602 0.663203 -0.540602
vn 0.663729 0.517323 -0.540223
vn 0.517602 0.663203 -0.540602
vn 0.648929 0.648929 -0.397218
vn 0.706828 -0.707028 0.022501
vn 0.178698 -0.968090 0.175698
vn 0.424708 -0.872717 -0.240805
vn 0.706828 -0.707028 0.022501
vn 0.424708 -0.872717 -0.240805
vn 0.681594 -0.680294 -0.269498
vn -0.011700 -0.955180 -0.295794
vn 0.098004 -0.949235 -0.298911
vn 0.058903 -0.997350 -0.042702
vn -0.011700 -0.955180 -0.295794
vn 0.058903 -0.997350 -0.042702
vn 0.005300 -0.999070 -0.042799
vn -0.235989 -0.867861 0.437180
vn -0.191297 -0.967187 0.167198
vn -0.429688 -0.870776 0.238993
vn -0.235989 -0.867861 0.437180
vn -0.429688 -0.870776 0.238993
vn 0.169400 -0.969100 0.179300
vn 0.517589 -0.540389 -0.663386
vn 0.156403 -0.530210 -0.833316
vn -0.237593 -0.433687 -0.869175
vn 0.517589 -0.540389 -0.663386
vn -0.237593 -0.433687 -0.869175
vn 0.170601 -0.183501 -0.968103
vn 1.000000 0.000100 0.000100
vn 0.885973 0.340990 -0.314290
vn 0.993033 -0.002800 0.117804
vn 1.000000 0.000100 0.000100
vn 0.993033 -0.002800 0.117804
vn 0.461925 -0.056003 0.885149
vn -0.967485 -0.178597 0.179097
vn -0.540290 -0.517690 0.663388
vn -0.663676 0.264290 0.699775
vn -0.967485 -0.178597 0.179097
vn -0.663676 0.264290 0.699775
vn -0.879103 -0.245901 0.408302
vn 0.215211 -0.791641 0.571829
vn 0.517570 -0.663662 0.540069
vn 0.175599 -0.181999 0.967492
vn 0.215211 -0.791641 0.571829
vn 0.175599 -0.181999 0.967492
vn 0.245301 -0.410802 0.878105
vn 0.344308 -0.938822 0.008100
vn 0.793527 -0.608521 0.004100
vn 0.795973 -0.593880 0.117196
vn 0.344308 -0.938822 0.008100
vn 0.795973 -0.593880 0.117196
vn 0.369284 -0.927960 0.050198
vn 0.663696 0.517497 -0.540097
vn 0.188494 0.169894 -0.967267
vn 0.517690 0.663388 -0.540290
vn 0.663696 0.517497 -0.540097
vn 0.517690 0.663388 -0.540290
vn 0.649003 0.648803 -0.397302
vn 0.793479 -0.608584 0.004100
vn 0.900392 0.064999 -0.430196
vn 0.987035 -0.009800 -0.160206
vn 0.793479 -0.608584 0.004100
vn 0.987035 -0.009800 -0.160206
vn 0.796020 -0.593815 0.117203
vn -0.857234 -0.464418 0.222409
vn -0.967536 -0.177907 0.179507
vn -0.870094 -0.238398 0.431397
vn -0.857234 -0.464418 0.222409
vn -0.870094 -0.238398 0.431397
vn -0.968998 0.223600 0.105100
vn 0.079097 -0.860964 0.502479
vn 0.517792 -0.663389 0.540191
vn 0.179903 -0.177603 0.967518
vn 0.079097 -0.860964 0.502479
vn 0.179903 -0.177603 0.967518
vn 0.245101 -0.412202 0.877505
vn -0.837883 -0.452491 -0.305294
vn -0.662903 -0.030000 -0.748104
vn -0.209408 -0.693127 -0.689727
vn -0.837883 -0.452491 -0.305294
vn -0.209408 -0.693127 -0.689727
vn -0.526924 -0.756734 -0.386917
vn 0.517792 -0.663389 0.540191
vn 0.079097 -0.860964 0.502479
vn -0.227391 -0.860767 0.455383
vn 0.517792 -0.663389 0.540191
vn -0.227391 -0.860767 0.455383
vn 0.176594 -0.968166 0.177394
vn -0.424487 -0.872773 0.240993
vn -0.679803 -0.682003 0.269701
vn -0.706526 -0.707326 -0.022601
vn -0.424487 -0.872773 0.240993
vn -0.706526 -0.707326 -0.022601
vn -0.188800 -0.967901 -0.165900
vn -0.178891 -0.967450 0.178991
vn -0.594300 -0.593900 0.542300
vn -0.679904 -0.681904 0.269701
vn -0.178891 -0.967450 0.178991
vn -0.679904 -0.681904 0.269701
vn -0.434912 -0.868723 0.237006
vn 0.540377 -0.517878 -0.663171
vn 0.178498 -0.175898 -0.968090
vn 0.430300 0.238900 -0.870499
vn 0.540377 -0.517878 -0.663171
vn 0.430300 0.238900 -0.870499
vn 0.864728 0.059402 -0.498716
vn 0.707084 0.706784 -0.022100
vn 0.177208 0.968143 -0.176908
vn 0.426109 0.872118 0.240505
vn 0.707084 0.706784 -0.022100
vn 0.426109 0.872118 0.240505
vn 0.681722 0.680122 0.269609
vn -0.707028 -0.706828 -0.022501
vn -0.680422 -0.681422 0.269609
vn -0.875999 -0.416100 0.243900
vn -0.707028 -0.706828 -0.022501
vn -0.875999 -0.416100 0.243900
vn -0.967934 -0.168506 -0.186307
vn -0.663114 -0.517811 -0.540511
vn -0.967958 -0.187892 -0.166593
vn -0.847404 0.204701 -0.489902
vn -0.663114 -0.517811 -0.540511
vn -0.847404 0.204701 -0.489902
vn -0.494104 0.012900 -0.869307
vn 0.451780 0.862161 0.229290
vn 0.000000 0.968991 0.247098
vn 0.242102 0.874008 0.421304
vn 0.451780 0.862161 0.229290
vn 0.242102 0.874008 0.421304
vn 0.178907 0.967537 0.178507
vn -0.176002 0.181502 0.967512
vn -0.251006 0.385709 0.887820
vn 0.254009 0.736426 0.627022
vn -0.176002 0.181502 0.967512
vn 0.254009 0.736426 0.627022
vn -0.517398 0.664097 0.539698
vn 0.969020 -0.186604 0.161803
vn 0.856474 -0.220793 -0.466586
vn 0.967891 0.188498 -0.166298
vn 0.969020 -0.186604 0.161803
vn 0.967891 0.188498 -0.166298
vn 0.862779 0.450289 0.229894
vn -0.679904 -0.681904 0.269701
vn -0.594300 -0.593900 0.542300
vn -0.967573 -0.180895 0.176295
vn -0.679904 -0.681904 0.269701
vn -0.967573 -0.180895 0.176295
vn -0.867976 -0.436788 0.236293
vn -0.508410 0.102302 -0.855017
vn -0.867875 0.236293 -0.436988
vn -0.967231 0.191506 -0.166705
vn -0.508410 0.102302 -0.855017
vn -0.967231 0.191506 -0.166705
vn -0.540306 0.517906 -0.663207
vn 0.517189 -0.664186 0.539789
vn -0.265604 -0.682009 0.681409
vn -0.238597 -0.870189 0.431095
vn 0.517189 -0.664186 0.539789
vn -0.238597 -0.870189 0.431095
vn 0.178604 -0.968124 0.175604
vn -0.517897 -0.540696 0.662896
vn 0.093202 -0.857418 0.506111
vn 0.235810 -0.437719 0.867638
vn -0.517897 -0.540696 0.662896
vn 0.235810 -0.437719 0.867638
vn -0.184207 -0.170207 0.968038
vn 0.864915 -0.058401 -0.498509
vn 0.483027 0.210012 -0.850047
vn 0.172696 0.184296 -0.967580
vn 0.864915 -0.058401 -0.498509
vn 0.172696 0.184296 -0.967580
vn 0.663788 0.517491 -0.539990
vn 0.238806 -0.430911 0.870223
vn 0.171905 -0.185305 0.967528
vn 0.461409 -0.224104 0.858417
vn 0.238806 -0.430911 0.870223
vn 0.461409 -0.224104 0.858417
vn 0.047101 -0.242408 0.969030
vn 0.442193 0.233896 -0.865886
vn -0.166303 0.182604 -0.969020
vn 0.245310 0.410517 -0.878236
vn 0.442193 0.233896 -0.865886
vn 0.245310 0.410517 -0.878236
vn 0.171903 0.186403 -0.967318
vn -0.527016 0.756723 0.386812
vn -0.209504 0.693112 0.689712
vn -0.112502 0.947217 0.300205
vn -0.527016 0.756723 0.386812
vn -0.112502 0.947217 0.300205
vn -0.267003 0.944110 0.193302
vn 0.967537 0.179407 0.178007
vn 0.871602 0.427501 0.239901
vn 0.680995 0.680895 0.269498
vn 0.967537 0.179407 0.178007
vn 0.680995 0.680895 0.269498
vn 0.594006 0.594006 0.542506
vn 0.663877 -0.517282 0.540081
vn 0.967829 -0.188106 0.167105
vn 0.877600 0.245100 0.412000
vn 0.663877 -0.517282 0.540081
vn 0.877600 0.245100 0.412000
vn 0.844977 -0.131096 0.518486
vn -0.000000 1.000000 -0.000000
vn -0.999836 0.000100 -0.018101
vn 0.333311 0.666622 0.666722
vn -0.000000 1.000000 -0.000000
vn 0.333311 0.666622 0.666722
vn -0.037100 0.999311 0.000600
vn 0.885970 0.341089 -0.314190
vn -0.000000 1.000000 -0.000000
vn -0.037100 0.999311 0.000600
vn 0.885970 0.341089 -0.314190
vn -0.037100 0.999311 0.000600
vn 0.993021 -0.002900 0.117902
vn 0.842899 0.091700 -0.530200
vn -0.590791 0.774789 -0.225097
vn -0.000000 1.000000 -0.000000
vn 0.842899 0.091700 -0.530200
vn -0.000000 1.000000 -0.000000
vn 0.885970 0.341089 -0.314190
vn -0.590791 0.774789 -0.225097
vn -1.000000 0.000000 0.000000
vn -0.999836 0.000100 -0.018101
vn -0.590791 0.774789 -0.225097
vn -0.999836 0.000100 -0.018101
vn -0.000000 1.000000 -0.000000
vn -0.586308 0.691609 -0.421806
vn -0.199894 0.689879 -0.695779
vn -0.662903 -0.030000 -0.748104
vn -0.586308 0.691609 -0.421806
vn -0.662903 -0.030000 -0.748104
vn -0.837883 -0.452491 -0.305294
vn -0.085899 0.231697 0.968988
vn 0.439221 -0.235211 0.867041
vn 0.168897 0.185697 0.967983
vn -0.085899 0.231697 0.968988
vn 0.168897 0.185697 0.967983
vn -0.251006 0.385709 0.887820
vn -0.968144 0.172908 0.181108
vn -0.663330 0.517624 0.540425
vn -0.648994 0.648694 0.397496
vn -0.968144 0.172908 0.181108
vn -0.648994 0.648694 0.397496
vn -0.705778 0.708078 0.022399
vn 0.517820 -0.663425 0.540120
vn 0.114900 -0.850904 0.512602
vn -0.236104 -0.867816 0.437208
vn 0.517820 -0.663425 0.540120
vn -0.236104 -0.867816 0.437208
vn 0.179501 -0.968103 0.174801
vn -0.000300 -0.999079 0.042899
vn 0.058599 -0.997385 0.042299
vn 0.112601 -0.947206 0.300202
vn -0.000300 -0.999079 0.042899
vn 0.112601 -0.947206 0.300202
vn 0.011799 -0.955151 0.295885
vn -0.059401 0.998219 -0.005500
vn -0.025500 0.998910 -0.039100
vn -0.000400 0.999075 -0.042999
vn -0.059401 0.998219 -0.005500
vn -0.000400 0.999075 -0.042999
vn -0.059003 0.997344 -0.042702
vn 0.969049 -0.227311 -0.096305
vn 0.880777 -0.247194 -0.403890
vn 0.968080 0.173696 -0.180696
vn 0.969049 -0.227311 -0.096305
vn 0.968080 0.173696 -0.180696
vn 0.896879 0.362491 0.253394
vn -0.227391 -0.860767 0.455383
vn -0.178304 -0.967519 0.179204
vn -0.435586 -0.868471 0.236692
vn -0.227391 -0.860767 0.455383
vn -0.435586 -0.868471 0.236692
vn -0.140405 -0.969037 -0.203108
vn 0.663699 0.517699 -0.539899
vn 0.175301 0.182202 -0.967508
vn 0.517693 0.663791 -0.539793
vn 0.663699 0.517699 -0.539899
vn 0.517693 0.663791 -0.539793
vn 0.648852 0.648852 -0.397471
vn 0.594003 0.594103 0.542403
vn 0.182791 0.967453 0.174992
vn 0.517484 0.539883 0.663880
vn 0.594003 0.594103 0.542403
vn 0.517484 0.539883 0.663880
vn 0.480695 0.480695 0.733392
vn -0.560397 0.006800 -0.828196
vn 0.662901 0.030100 -0.748101
vn 0.200004 -0.689813 -0.695813
vn -0.560397 0.006800 -0.828196
vn 0.200004 -0.689813 -0.695813
vn -0.009200 -0.716908 -0.697107
vn 0.799261 -0.590171 -0.113494
vn 0.987035 0.009800 0.160206
vn 0.900392 0.064999 -0.430196
vn 0.799261 -0.590171 -0.113494
vn 0.900392 0.064999 -0.430196
vn 0.793479 -0.608584 0.004100
vn 0.517518 -0.663824 0.539919
vn 0.649326 -0.648226 0.397716
vn 0.663822 -0.517417 0.540018
vn 0.517518 -0.663824 0.539919
vn 0.663822 -0.517417 0.540018
vn 0.176999 -0.180099 0.967593
vn 0.680904 -0.680904 -0.269702
vn 0.593697 -0.594597 -0.542197
vn 0.967450 -0.182309 -0.175509
vn 0.680904 -0.680904 -0.269702
vn 0.967450 -0.182309 -0.175509
vn 0.899267 -0.356387 -0.253591
vn 0.241701 0.051100 -0.969004
vn -0.425414 -0.240608 -0.872428
vn -0.177198 0.177198 -0.968092
vn 0.241701 0.051100 -0.969004
vn -0.177198 0.177198 -0.968092
vn 0.239401 0.429001 -0.871002
vn 0.649003 0.648803 -0.397302
vn 0.517690 0.663388 -0.540290
vn 0.177208 0.968143 -0.176908
vn 0.649003 0.648803 -0.397302
vn 0.177208 0.968143 -0.176908
vn 0.707084 0.706784 -0.022100
vn 0.681704 0.680104 0.269701
vn 0.451780 0.862161 0.229290
vn 0.178907 0.967537 0.178507
vn 0.681704 0.680104 0.269701
vn 0.178907 0.967537 0.178507
vn 0.594000 0.594200 0.542300
vn -0.173900 -0.968099 -0.180400
vn -0.707328 -0.706528 -0.022501
vn -0.648710 -0.648910 -0.397606
vn -0.173900 -0.968099 -0.180400
vn -0.648710 -0.648910 -0.397606
vn -0.517725 -0.663332 -0.540326
vn 0.369316 -0.927941 0.050302
vn 0.796020 -0.593815 0.117203
vn 0.527016 -0.756723 0.386812
vn 0.369316 -0.927941 0.050302
vn 0.527016 -0.756723 0.386812
vn 0.267101 -0.944103 0.193201
vn 0.517871 -0.663263 0.540270
vn 0.227409 -0.778631 0.584823
vn -0.225405 -0.859521 0.458711
vn 0.517871 -0.663263 0.540270
vn -0.225405 -0.859521 0.458711
vn 0.181904 -0.968120 0.172204
vn -0.707328 -0.706528 -0.022501
vn -0.679904 -0.681904 0.269701
vn -0.867976 -0.436788 0.236293
vn -0.707328 -0.706528 -0.022501
vn -0.867976 -0.436788 0.236293
vn -0.968136 -0.179707 -0.174407
vn 0.662901 0.030100 -0.748101
vn 0.837921 0.452411 -0.305308
vn 0.586267 -0.691661 -0.421776
vn 0.662901 0.030100 -0.748101
vn 0.586267 -0.691661 -0.421776
vn 0.200004 -0.689813 -0.695813
vn 0.880777 -0.247194 -0.403890
vn 0.863428 -0.066902 -0.500016
vn 0.663696 0.517497 -0.540097
vn 0.880777 -0.247194 -0.403890
vn 0.663696 0.517497 -0.540097
vn 0.968080 0.173696 -0.180696
vn -0.188800 -0.967901 -0.165900
vn -0.706526 -0.707326 -0.022601
vn -0.648701 -0.648801 -0.397800
vn -0.188800 -0.967901 -0.165900
vn -0.648701 -0.648801 -0.397800
vn -0.517383 -0.663878 -0.539982
vn -0.868113 -0.032400 0.495308
vn -0.432510 0.238106 0.869621
vn -0.177403 0.180103 0.967518
vn -0.868113 -0.032400 0.495308
vn -0.177403 0.180103 0.967518
vn -0.663425 0.517820 0.540120
vn -0.397604 0.248703 0.883209
vn 0.044801 0.242904 0.969015
vn -0.245907 0.409112 0.878725
vn -0.397604 0.248703 0.883209
vn -0.245907 0.409112 0.878725
vn -0.176803 0.180703 0.967516
vn -0.679803 -0.682003 0.269701
vn -0.594200 -0.594000 0.542300
vn -0.967536 -0.177907 0.179507
vn -0.679803 -0.682003 0.269701
vn -0.967536 -0.177907 0.179507
vn -0.857234 -0.464418 0.222409
vn 0.175292 -0.178192 -0.968256
vn -0.204494 -0.490385 -0.847175
vn -0.126895 0.211692 -0.969064
vn 0.175292 -0.178192 -0.968256
vn -0.126895 0.211692 -0.969064
vn 0.483027 0.210012 -0.850047
vn -0.680422 -0.681422 0.269609
vn -0.594139 -0.593939 0.542435
vn -0.967494 -0.181699 0.175899
vn -0.680422 -0.681422 0.269609
vn -0.967494 -0.181699 0.175899
vn -0.875999 -0.416100 0.243900
vn -0.648971 -0.648971 -0.397082
vn -0.705675 -0.708175 -0.022599
vn -0.968100 -0.180100 -0.174200
vn -0.648971 -0.648971 -0.397082
vn -0.968100 -0.180100 -0.174200
vn -0.663604 -0.517503 -0.540203
vn -0.176797 0.968184 0.177097
vn -0.705977 0.707877 0.022499
vn -0.648794 0.648894 0.397496
vn -0.176797 0.968184 0.177097
vn -0.648794 0.648894 0.397496
vn -0.517820 0.663425 0.540120
vn 0.171698 -0.185698 0.967490
vn 0.663297 -0.517798 0.540298
vn 0.794190 -0.212797 0.569193
vn 0.171698 -0.185698 0.967490
vn 0.794190 -0.212797 0.569193
vn 0.406895 -0.246497 0.879589
vn 0.594300 -0.593900 -0.542300
vn 0.179400 -0.967502 -0.178200
vn 0.517417 -0.540018 -0.663822
vn 0.594300 -0.593900 -0.542300
vn 0.517417 -0.540018 -0.663822
vn 0.480194 -0.480894 -0.733591
vn 0.967829 -0.188106 0.167105
vn 0.899267 -0.356387 -0.253591
vn 0.969049 -0.227311 -0.096305
vn 0.967829 -0.188106 0.167105
vn 0.969049 -0.227311 -0.096305
vn 0.877600 0.245100 0.412000
vn 0.112601 0.947206 -0.300202
vn 0.267008 0.944128 -0.193206
vn 0.527016 0.756723 -0.386812
vn 0.112601 0.947206 -0.300202
vn 0.527016 0.756723 -0.386812
vn 0.209504 0.693112 -0.689712
vn 0.250307 -0.619018 -0.744421
vn -0.517404 -0.664006 -0.539805
vn -0.169198 -0.188998 -0.967291
vn 0.250307 -0.619018 -0.744421
vn -0.169198 -0.188998 -0.967291
vn -0.237593 -0.433487 -0.869275
vn 0.680776 -0.681076 -0.269591
vn 0.488070 -0.848149 -0.205988
vn 0.179900 -0.967501 -0.177700
vn 0.680776 -0.681076 -0.269591
vn 0.179900 -0.967501 -0.177700
vn 0.594168 -0.593968 -0.542371
vn 0.796020 -0.593815 0.117203
vn 0.987035 -0.009800 -0.160206
vn 0.837722 -0.452712 0.305408
vn 0.796020 -0.593815 0.117203
vn 0.837722 -0.452712 0.305408
vn 0.527016 -0.756723 0.386812
vn -0.225405 -0.859521 0.458711
vn -0.186195 -0.967377 0.171796
vn -0.440903 -0.866407 0.234402
vn -0.225405 -0.859521 0.458711
vn -0.440903 -0.866407 0.234402
vn 0.178010 -0.969055 0.171010
vn 0.871602 0.427501 0.239901
vn 0.967983 0.170097 -0.184597
vn 0.707079 0.706779 -0.022399
vn 0.871602 0.427501 0.239901
vn 0.707079 0.706779 -0.022399
vn 0.680995 0.680895 0.269498
vn 0.681722 0.680122 0.269609
vn 0.426109 0.872118 0.240505
vn 0.181000 0.967498 0.176600
vn 0.681722 0.680122 0.269609
vn 0.181000 0.967498 0.176600
vn 0.593900 0.594300 0.542300
vn -0.167303 0.969017 -0.181703
vn -0.409989 0.878376 -0.245693
vn -0.177102 0.968109 0.177202
vn -0.167303 0.969017 -0.181703
vn -0.177102 0.968109 0.177202
vn 0.243796 0.875984 0.416192
vn 0.168897 0.185697 0.967983
vn 0.540668 0.517970 0.662861
vn 0.480394 0.480694 0.733591
vn 0.168897 0.185697 0.967983
vn 0.480394 0.480694 0.733591
vn 0.518026 0.540527 0.662933
vn -0.560392 -0.008100 0.828188
vn 0.662905 -0.029900 0.748106
vn 0.200004 0.689813 0.695813
vn -0.560392 -0.008100 0.828188
vn 0.200004 0.689813 0.695813
vn -0.009200 0.716908 0.697107
vn 0.243796 0.875984 0.416192
vn -0.177102 0.968109 0.177202
vn -0.517684 0.663480 0.540183
vn 0.243796 0.875984 0.416192
vn -0.517684 0.663480 0.540183
vn 0.262499 0.652798 0.710598
vn 0.085601 -0.859507 -0.503904
vn -0.517491 -0.663788 -0.539990
vn -0.179808 -0.177008 -0.967645
vn 0.085601 -0.859507 -0.503904
vn -0.179808 -0.177008 -0.967645
vn -0.204494 -0.490385 -0.847175
vn 0.707029 -0.706829 0.022401
vn 0.680022 -0.681822 -0.269609
vn 0.876488 -0.414894 -0.244197
vn 0.707029 -0.706829 0.022401
vn 0.876488 -0.414894 -0.244197
vn 0.968085 -0.182097 0.172197
vn -1.000000 0.000000 0.000000
vn -0.999836 0.000100 -0.018101
vn -1.000000 0.000000 0.000000
vn -1.000000 0.000000 0.000000
vn -1.000000 0.000000 0.000000
vn -0.999712 0.024000 -0.000200
vn -0.999825 -0.000100 0.018700
vn -1.000000 0.000000 0.000000
vn -0.999712 0.024000 -0.000200
vn -0.999825 -0.000100 0.018700
vn -0.999712 0.024000 -0.000200
vn 0.333311 -0.666722 -0.666622
vn -1.000000 0.000000 0.000000
vn -0.999719 -0.023700 0.000200
vn -1.000000 0.000000 0.000000
vn -1.000000 0.000000 0.000000
vn -1.000000 0.000000 0.000000
vn -0.999825 -0.000100 0.018700
vn -0.999719 -0.023700 0.000200
vn 0.333311 0.666622 0.666722
vn -0.999836 0.000100 -0.018101
vn -0.999719 -0.023700 0.000200
vn -0.999836 0.000100 -0.018101
vn -1.000000 0.000000 0.000000
vn -0.969014 -0.147002 -0.198503
vn -0.870776 -0.238993 0.429688
vn -0.968092 0.177198 0.177198
vn -0.969014 -0.147002 -0.198503
vn -0.968092 0.177198 0.177198
vn -0.868526 0.435413 -0.236807
vn 0.859204 0.225001 0.459502
vn 0.969020 -0.186604 0.161803
vn 0.862779 0.450289 0.229894
vn 0.859204 0.225001 0.459502
vn 0.862779 0.450289 0.229894
vn 0.967289 0.188198 0.170098
vn -0.413890 0.876879 -0.244494
vn -0.680795 0.681095 -0.269498
vn -0.707429 0.706429 0.022401
vn -0.413890 0.876879 -0.244494
vn -0.707429 0.706429 0.022401
vn -0.190996 0.967777 0.164096
vn -0.875665 0.416983 -0.243590
vn -0.967737 0.191107 0.164206
vn -0.707429 0.706429 0.022401
vn -0.875665 0.416983 -0.243590
vn -0.707429 0.706429 0.022401
vn -0.680795 0.681095 -0.269498
vn 0.236797 -0.868488 -0.435494
vn -0.173900 -0.968099 -0.180400
vn -0.517725 -0.663332 -0.540326
vn 0.236797 -0.868488 -0.435494
vn -0.517725 -0.663332 -0.540326
vn -0.038800 -0.867399 -0.496099
vn -0.799215 -0.590211 0.113602
vn -0.367595 -0.929086 0.040899
vn -0.384804 -0.880609 0.276503
vn -0.799215 -0.590211 0.113602
vn -0.384804 -0.880609 0.276503
vn -0.586202 -0.691702 0.421801
vn 0.227409 -0.778631 0.584823
vn -0.517678 -0.540077 0.663571
vn -0.186195 -0.967377 0.171796
vn 0.227409 -0.778631 0.584823
vn -0.186195 -0.967377 0.171796
vn -0.225405 -0.859521 0.458711
vn 0.648852 0.648852 -0.397471
vn 0.517693 0.663791 -0.539793
vn 0.169709 0.968049 -0.184609
vn 0.648852 0.648852 -0.397471
vn 0.169709 0.968049 -0.184609
vn 0.707079 0.706779 -0.022399
vn 0.227409 -0.778631 0.584823
vn 0.517871 -0.663263 0.540270
vn 0.178299 -0.178799 0.967595
vn 0.227409 -0.778631 0.584823
vn 0.178299 -0.178799 0.967595
vn 0.237802 -0.433104 0.869408
vn -0.968136 -0.179707 -0.174407
vn -0.867976 -0.436788 0.236293
vn -0.969008 0.231202 -0.087001
vn -0.968136 -0.179707 -0.174407
vn -0.969008 0.231202 -0.087001
vn -0.876709 0.244403 -0.414304
vn 0.706929 -0.706929 0.022401
vn 0.680904 -0.680904 -0.269702
vn 0.870537 -0.430218 -0.238910
vn 0.706929 -0.706929 0.022401
vn 0.870537 -0.430218 -0.238910
vn 0.968130 -0.182606 0.171405
vn -0.009200 -0.716908 -0.697107
vn 0.200004 -0.689813 -0.695813
vn 0.097997 -0.949274 -0.298792
vn -0.009200 -0.716908 -0.697107
vn 0.097997 -0.949274 -0.298792
vn -0.011700 -0.955180 -0.295794
vn -0.185504 -0.968019 -0.168903
vn -0.705675 -0.708175 -0.022599
vn -0.648971 -0.648971 -0.397082
vn -0.185504 -0.968019 -0.168903
vn -0.648971 -0.648971 -0.397082
vn -0.517491 -0.663788 -0.539990
vn 0.439221 -0.235211 0.867041
vn 0.863608 -0.065401 0.499904
vn 0.540668 0.517970 0.662861
vn 0.439221 -0.235211 0.867041
vn 0.540668 0.517970 0.662861
vn 0.168897 0.185697 0.967983
vn 0.517871 -0.663263 0.540270
vn 0.648794 -0.648894 0.397496
vn 0.663263 -0.517871 0.540270
vn 0.517871 -0.663263 0.540270
vn 0.663263 -0.517871 0.540270
vn 0.178299 -0.178799 0.967595
vn 0.968120 0.174704 -0.179504
vn 0.663206 0.517804 -0.540405
vn 0.648710 0.648910 -0.397606
vn 0.968120 0.174704 -0.179504
vn 0.648710 0.648910 -0.397606
vn 0.706578 0.707278 -0.022499
vn 0.648987 -0.648887 0.397192
vn 0.705578 -0.708278 0.022399
vn 0.967829 -0.188106 0.167105
vn 0.648987 -0.648887 0.397192
vn 0.967829 -0.188106 0.167105
vn 0.663877 -0.517282 0.540081
vn 0.181002 0.968111 -0.173202
vn -0.237310 0.868837 -0.434518
vn 0.000000 0.968991 0.247098
vn 0.181002 0.968111 -0.173202
vn 0.000000 0.968991 0.247098
vn 0.451780 0.862161 0.229290
vn 0.967983 0.170097 -0.184597
vn 0.663699 0.517699 -0.539899
vn 0.648852 0.648852 -0.397471
vn 0.967983 0.170097 -0.184597
vn 0.648852 0.648852 -0.397471
vn 0.707079 0.706779 -0.022399
vn 0.864728 0.059402 -0.498716
vn 0.430300 0.238900 -0.870499
vn 0.175301 0.182202 -0.967508
vn 0.864728 0.059402 -0.498716
vn 0.175301 0.182202 -0.967508
vn 0.663699 0.517699 -0.539899
vn -0.882474 0.399488 -0.248293
vn -0.968109 0.177102 0.177202
vn -0.706881 0.706981 0.022299
vn -0.882474 0.399488 -0.248293
vn -0.706881 0.706981 0.022299
vn -0.681013 0.680913 -0.269405
vn -0.517396 -0.540196 0.663695
vn -0.480306 -0.480906 0.733509
vn -0.594300 -0.593900 0.542300
vn -0.517396 -0.540196 0.663695
vn -0.594300 -0.593900 0.542300
vn -0.178891 -0.967450 0.178991
vn -0.868526 0.435413 -0.236807
vn -0.968092 0.177198 0.177198
vn -0.705977 0.707877 0.022499
vn -0.868526 0.435413 -0.236807
vn -0.705977 0.707877 0.022499
vn -0.680995 0.680895 -0.269498
vn -0.239484 0.428872 0.871043
vn 0.175498 0.178898 0.968089
vn 0.517906 0.540306 0.663207
vn -0.239484 0.428872 0.871043
vn 0.517906 0.540306 0.663207
vn 0.139699 0.841492 0.521895
vn -0.526924 -0.756734 -0.386917
vn -0.209408 -0.693127 -0.689727
vn -0.112403 -0.947228 -0.300209
vn -0.526924 -0.756734 -0.386917
vn -0.112403 -0.947228 -0.300209
vn -0.266915 -0.944153 -0.193211
vn 0.594168 -0.593968 -0.542371
vn 0.179900 -0.967501 -0.177700
vn 0.517918 -0.540519 -0.663023
vn 0.594168 -0.593968 -0.542371
vn 0.517918 -0.540519 -0.663023
vn 0.480695 -0.480695 -0.733392
vn 0.238398 0.431397 -0.870094
vn -0.180205 0.174505 -0.968026
vn -0.517740 0.540042 -0.663551
vn 0.238398 0.431397 -0.870094
vn -0.517740 0.540042 -0.663551
vn -0.156993 0.530276 -0.833163
vn 0.181000 0.967498 0.176600
vn 0.240806 0.872521 0.425110
vn 0.145891 0.524769 0.838650
vn 0.181000 0.967498 0.176600
vn 0.145891 0.524769 0.838650
vn 0.518010 0.540811 0.662713
vn -0.177198 0.177198 -0.968092
vn -0.540120 0.517820 -0.663425
vn -0.480695 0.480695 -0.733392
vn -0.177198 0.177198 -0.968092
vn -0.480695 0.480695 -0.733392
vn -0.517792 0.540191 -0.663389
vn -0.517396 -0.540196 0.663695
vn 0.114900 -0.850904 0.512602
vn 0.242497 -0.420494 0.874288
vn -0.517396 -0.540196 0.663695
vn 0.242497 -0.420494 0.874288
vn -0.170995 -0.183295 0.968072
vn -0.166292 -0.188191 0.967952
vn 0.238806 -0.430911 0.870223
vn 0.047101 -0.242408 0.969030
vn -0.166292 -0.188191 0.967952
vn 0.047101 -0.242408 0.969030
vn -0.447002 0.231701 0.864004
vn 0.209504 -0.693112 0.689712
vn 0.527016 -0.756723 0.386812
vn 0.837722 -0.452712 0.305408
vn 0.209504 -0.693112 0.689712
vn 0.837722 -0.452712 0.305408
vn 0.662905 -0.029900 0.748106
vn -0.862387 -0.451193 0.229596
vn -0.967279 -0.189596 0.168596
vn -0.875575 -0.243393 0.417288
vn -0.862387 -0.451193 0.229596
vn -0.875575 -0.243393 0.417288
vn -0.968986 0.233497 -0.080899
vn 0.540602 0.517602 0.663203
vn 0.967384 0.173897 0.184197
vn 0.593900 0.594300 0.542300
vn 0.540602 0.517602 0.663203
vn 0.593900 0.594300 0.542300
vn 0.480807 0.480707 0.733311
vn 0.009200 0.716908 -0.697107
vn 0.209504 0.693112 -0.689712
vn 0.662901 0.030100 -0.748101
vn 0.009200 0.716908 -0.697107
vn 0.662901 0.030100 -0.748101
vn -0.560397 0.006800 -0.828196
vn 0.586267 -0.691661 -0.421776
vn 0.837921 0.452411 -0.305308
vn 0.987035 0.009800 0.160206
vn 0.586267 -0.691661 -0.421776
vn 0.987035 0.009800 0.160206
vn 0.799261 -0.590171 -0.113494
vn -0.664042 -0.517432 -0.539734
vn -0.968136 -0.179807 -0.174306
vn -0.867875 0.236293 -0.436988
vn -0.664042 -0.517432 -0.539734
vn -0.867875 0.236293 -0.436988
vn -0.508410 0.102302 -0.855017
vn -0.517792 0.540191 -0.663389
vn -0.480695 0.480695 -0.733392
vn -0.593974 0.593974 -0.542576
vn -0.517792 0.540191 -0.663389
vn -0.593974 0.593974 -0.542576
vn -0.171298 0.967387 -0.186598
vn 0.651204 -0.262102 -0.712205
vn 0.409906 0.245703 -0.878412
vn 0.175201 0.182301 -0.967507
vn 0.651204 -0.262102 -0.712205
vn 0.175201 0.182301 -0.967507
vn 0.663206 0.517804 -0.540405
vn -0.180103 -0.967518 0.177403
vn -0.593765 -0.594465 0.542268
vn -0.680923 -0.680923 0.269609
vn -0.180103 -0.967518 0.177403
vn -0.680923 -0.680923 0.269609
vn -0.421505 -0.873910 0.242103
vn -0.968100 -0.180100 -0.174200
vn -0.862387 -0.451193 0.229596
vn -0.968986 0.233497 -0.080899
vn -0.968100 -0.180100 -0.174200
vn -0.968986 0.233497 -0.080899
vn -0.868111 0.236503 -0.436406
vn -0.224211 -0.858543 0.461123
vn -0.189400 -0.967299 0.168700
vn -0.424487 -0.872773 0.240993
vn -0.224211 -0.858543 0.461123
vn -0.424487 -0.872773 0.240993
vn 0.222193 -0.969070 0.107397
vn 0.856474 -0.220793 -0.466586
vn 0.864915 -0.058401 -0.498509
vn 0.663788 0.517491 -0.539990
vn 0.856474 -0.220793 -0.466586
vn 0.663788 0.517491 -0.539990
vn 0.967891 0.188498 -0.166298
vn 0.059402 0.998234 0.000200
vn 0.344396 0.938790 -0.008000
vn 0.369284 0.927960 -0.050198
vn 0.059402 0.998234 0.000200
vn 0.369284 0.927960 -0.050198
vn 0.058599 0.997385 -0.042299
vn 0.876488 -0.414894 -0.244197
vn 0.967581 -0.182396 -0.174697
vn 0.882310 -0.248203 -0.399905
vn 0.876488 -0.414894 -0.244197
vn 0.882310 -0.248203 -0.399905
vn 0.969031 0.243808 -0.039201
vn -0.648920 -0.648820 -0.397412
vn -0.704626 -0.709226 -0.022401
vn -0.967958 -0.187892 -0.166593
vn -0.648920 -0.648820 -0.397412
vn -0.967958 -0.187892 -0.166593
vn -0.663114 -0.517811 -0.540511
vn 0.540085 0.517785 0.663481
vn 0.967537 0.179407 0.178007
vn 0.594006 0.594006 0.542506
vn 0.540085 0.517785 0.663481
vn 0.594006 0.594006 0.542506
vn 0.480606 0.480606 0.733509
vn -0.480906 -0.480306 0.733509
vn -0.518232 -0.540933 0.662441
vn -0.166292 -0.188191 0.967952
vn -0.480906 -0.480306 0.733509
vn -0.166292 -0.188191 0.967952
vn -0.540397 -0.517697 0.663296
vn 0.059003 -0.997344 -0.042702
vn 0.367507 -0.929117 -0.041001
vn 0.344396 -0.938790 0.008100
vn 0.059003 -0.997344 -0.042702
vn 0.344396 -0.938790 0.008100
vn 0.059502 -0.998228 -0.000200
vn 0.242102 -0.874008 -0.421304
vn -0.169695 -0.968073 -0.184495
vn -0.517665 -0.663755 -0.539863
vn 0.242102 -0.874008 -0.421304
vn -0.517665 -0.663755 -0.539863
vn -0.075800 -0.861598 -0.501899
vn -0.058599 0.997385 0.042299
vn 0.005300 0.999061 0.042998
vn -0.025500 0.998910 -0.039100
vn -0.058599 0.997385 0.042299
vn -0.025500 0.998910 -0.039100
vn -0.059401 0.998219 -0.005500
vn 0.540191 0.517792 0.663389
vn 0.967520 0.178904 0.178604
vn 0.593971 0.594071 0.542474
vn 0.540191 0.517792 0.663389
vn 0.593971 0.594071 0.542474
vn 0.480672 0.480772 0.733357
vn -0.097895 -0.949254 0.298886
vn 0.011799 -0.955151 0.295885
vn 0.009099 -0.716957 0.697058
vn -0.097895 -0.949254 0.298886
vn 0.009099 -0.716957 0.697058
vn -0.199908 -0.689827 0.695827
vn -0.178100 -0.179500 -0.967502
vn -0.663389 -0.517792 -0.540191
vn -0.846926 -0.126204 -0.516516
vn -0.178100 -0.179500 -0.967502
vn -0.846926 -0.126204 -0.516516
vn -0.425414 -0.240608 -0.872428
vn 0.968099 -0.182400 0.171800
vn 0.849407 -0.484804 -0.208502
vn 0.969020 -0.186604 0.161803
vn 0.968099 -0.182400 0.171800
vn 0.969020 -0.186604 0.161803
vn 0.859204 0.225001 0.459502
vn -0.540420 -0.518019 0.663025
vn -0.184207 -0.170207 0.968038
vn -0.423716 0.241409 0.873033
vn -0.540420 -0.518019 0.663025
vn -0.423716 0.241409 0.873033
vn -0.744821 -0.250107 0.618618
vn 0.179501 -0.968103 0.174801
vn -0.236104 -0.867816 0.437208
vn -0.173303 -0.969015 0.176003
vn 0.179501 -0.968103 0.174801
vn -0.173303 -0.969015 0.176003
vn 0.431305 -0.870111 -0.238503
vn 1.000000 -0.000000 0.000100
vn 0.885970 0.341089 -0.314190
vn 0.993021 -0.002900 0.117902
vn 1.000000 -0.000000 0.000100
vn 0.993021 -0.002900 0.117902
vn 0.461925 -0.056003 0.885149
vn -0.540191 0.517792 -0.663389
vn -0.967457 0.182292 -0.175492
vn -0.594103 0.594003 -0.542403
vn -0.540191 0.517792 -0.663389
vn -0.594103 0.594003 -0.542403
vn -0.480807 0.480707 -0.733311
vn 0.871311 0.239703 0.428205
vn 0.969009 -0.060101 -0.239602
vn 0.871602 0.427501 0.239901
vn 0.871311 0.239703 0.428205
vn 0.871602 0.427501 0.239901
vn 0.967537 0.179407 0.178007
vn 0.480318 -0.481018 -0.733428
vn 0.517684 -0.540183 -0.663480
vn 0.178498 -0.175898 -0.968090
vn 0.480318 -0.481018 -0.733428
vn 0.178498 -0.175898 -0.968090
vn 0.540377 -0.517878 -0.663171
vn -0.517404 -0.664006 -0.539805
vn -0.648920 -0.648820 -0.397412
vn -0.663114 -0.517811 -0.540511
vn -0.517404 -0.664006 -0.539805
vn -0.663114 -0.517811 -0.540511
vn -0.169198 -0.188998 -0.967291
vn -0.199908 -0.689827 0.695827
vn 0.009099 -0.716957 0.697058
vn -0.560392 -0.008100 0.828188
vn -0.199908 -0.689827 0.695827
vn -0.560392 -0.008100 0.828188
vn -0.662905 0.029900 0.748106
vn 0.540590 -0.517890 -0.662987
vn 0.175292 -0.178192 -0.968256
vn 0.483027 0.210012 -0.850047
vn 0.540590 -0.517890 -0.662987
vn 0.483027 0.210012 -0.850047
vn 0.864915 -0.058401 -0.498509
vn -0.186195 -0.967377 0.171796
vn -0.594103 -0.594003 0.542403
vn -0.680404 -0.681404 0.269702
vn -0.186195 -0.967377 0.171796
vn -0.680404 -0.681404 0.269702
vn -0.440903 -0.866407 0.234402
vn 0.172808 -0.967443 -0.184908
vn 0.242102 -0.874008 -0.421304
vn -0.075800 -0.861598 -0.501899
vn 0.172808 -0.967443 -0.184908
vn -0.075800 -0.861598 -0.501899
vn 0.517684 -0.540183 -0.663480
vn 0.448199 -0.863599 -0.230900
vn -0.140405 -0.969037 -0.203108
vn 0.242102 -0.874008 -0.421304
vn 0.448199 -0.863599 -0.230900
vn 0.242102 -0.874008 -0.421304
vn 0.172808 -0.967443 -0.184908
vn 0.147298 -0.198398 -0.968990
vn -0.441484 -0.234191 -0.866168
vn -0.180205 0.174505 -0.968026
vn 0.147298 -0.198398 -0.968990
vn -0.180205 0.174505 -0.968026
vn 0.238398 0.431397 -0.870094
vn -0.705675 -0.708175 -0.022599
vn -0.680404 -0.681404 0.269702
vn -0.862387 -0.451193 0.229596
vn -0.705675 -0.708175 -0.022599
vn -0.862387 -0.451193 0.229596
vn -0.968100 -0.180100 -0.174200
vn -0.243704 0.875813 -0.416606
vn -0.180506 0.967534 -0.176906
vn -0.409989 0.878376 -0.245693
vn -0.243704 0.875813 -0.416606
vn -0.409989 0.878376 -0.245693
vn -0.167303 0.969017 -0.181703
vn -0.648701 -0.648801 -0.397800
vn -0.706526 -0.707326 -0.022601
vn -0.968136 -0.179807 -0.174306
vn -0.648701 -0.648801 -0.397800
vn -0.968136 -0.179807 -0.174306
vn -0.664042 -0.517432 -0.539734
vn -0.793485 -0.608589 -0.001000
vn -0.344396 -0.938790 -0.008100
vn -0.367595 -0.929086 0.040899
vn -0.793485 -0.608589 -0.001000
vn -0.367595 -0.929086 0.040899
vn -0.799215 -0.590211 0.113602
vn 0.409906 0.245703 -0.878412
vn 0.025700 0.245701 -0.969005
vn 0.244793 0.413088 -0.877174
vn 0.409906 0.245703 -0.878412
vn 0.244793 0.413088 -0.877174
vn 0.175201 0.182301 -0.967507
vn -0.593765 -0.594465 0.542268
vn -0.480906 -0.480306 0.733509
vn -0.540397 -0.517697 0.663296
vn -0.593765 -0.594465 0.542268
vn -0.540397 -0.517697 0.663296
vn -0.967213 -0.193403 0.164602
vn 0.178010 -0.969055 0.171010
vn -0.440903 -0.866407 0.234402
vn -0.185504 -0.968019 -0.168903
vn 0.178010 -0.969055 0.171010
vn -0.185504 -0.968019 -0.168903
vn 0.216004 -0.853615 -0.474008
vn 0.649326 -0.648226 0.397716
vn 0.517518 -0.663824 0.539919
vn 0.182591 -0.968153 0.171292
vn 0.649326 -0.648226 0.397716
vn 0.182591 -0.968153 0.171292
vn 0.706929 -0.706929 0.022401
vn -0.663389 -0.517792 -0.540191
vn -0.968136 -0.179707 -0.174407
vn -0.876709 0.244403 -0.414304
vn -0.663389 -0.517792 -0.540191
vn -0.876709 0.244403 -0.414304
vn -0.788142 -0.218884 -0.575258
vn 0.175301 0.182202 -0.967508
vn 0.239401 0.429001 -0.871002
vn 0.119094 0.849558 -0.513875
vn 0.175301 0.182202 -0.967508
vn 0.119094 0.849558 -0.513875
vn 0.517693 0.663791 -0.539793
vn -0.152997 0.193596 0.969078
vn 0.439511 -0.235106 0.866923
vn 0.171906 0.182107 0.968135
vn -0.152997 0.193596 0.969078
vn 0.171906 0.182107 0.968135
vn -0.251198 0.384496 0.888292
vn 0.649326 -0.648226 0.397716
vn 0.706929 -0.706929 0.022401
vn 0.968130 -0.182606 0.171405
vn 0.649326 -0.648226 0.397716
vn 0.968130 -0.182606 0.171405
vn 0.663822 -0.517417 0.540018
vn 0.594097 -0.594197 -0.542198
vn 0.182008 -0.967543 -0.175308
vn 0.517884 -0.540483 -0.663079
vn 0.594097 -0.594197 -0.542198
vn 0.517884 -0.540483 -0.663079
vn 0.480428 -0.480428 -0.733743
vn 0.426109 0.872118 0.240505
vn 0.246791 0.969065 -0.002800
vn 0.240806 0.872521 0.425110
vn 0.426109 0.872118 0.240505
vn 0.240806 0.872521 0.425110
vn 0.181000 0.967498 0.176600
vn 0.967891 0.188498 -0.166298
vn 0.663788 0.517491 -0.539990
vn 0.648971 0.648971 -0.397082
vn 0.967891 0.188498 -0.166298
vn 0.648971 0.648971 -0.397082
vn 0.707476 0.706376 -0.022599
vn 0.433789 -0.237394 0.869178
vn 0.570789 -0.214496 0.792585
vn 0.540085 0.517785 0.663481
vn 0.433789 -0.237394 0.869178
vn 0.540085 0.517785 0.663481
vn 0.175498 0.178898 0.968089
vn -0.867875 0.236293 -0.436988
vn -0.968998 0.223600 0.105100
vn -0.875665 0.416983 -0.243590
vn -0.867875 0.236293 -0.436988
vn -0.875665 0.416983 -0.243590
vn -0.967231 0.191506 -0.166705
vn 0.242497 -0.420494 0.874288
vn 0.171698 -0.185698 0.967490
vn 0.406895 -0.246497 0.879589
vn 0.242497 -0.420494 0.874288
vn 0.406895 -0.246497 0.879589
vn 0.044801 0.242904 0.969015
vn 0.795973 0.593880 -0.117196
vn 0.369284 0.927960 -0.050198
vn 0.344396 0.938790 -0.008000
vn 0.795973 0.593880 -0.117196
vn 0.344396 0.938790 -0.008000
vn 0.793479 0.608584 -0.004100
vn -0.126895 0.211692 -0.969064
vn -0.415096 -0.244198 -0.876392
vn -0.176900 0.176900 -0.968201
vn -0.126895 0.211692 -0.969064
vn -0.176900 0.176900 -0.968201
vn 0.245100 0.412000 -0.877600
vn -0.344396 0.938790 0.008000
vn -0.059401 0.998219 -0.005500
vn -0.059003 0.997344 -0.042702
vn -0.344396 0.938790 0.008000
vn -0.059003 0.997344 -0.042702
vn -0.367595 0.929086 -0.040899
vn 0.663115 -0.517912 0.540412
vn 0.968083 -0.182297 0.171997
vn 0.871311 0.239703 0.428205
vn 0.663115 -0.517912 0.540412
vn 0.871311 0.239703 0.428205
vn 0.570789 -0.214496 0.792585
vn -0.594103 -0.594003 0.542403
vn -0.480695 -0.480695 0.733392
vn -0.539813 -0.517512 0.663915
vn -0.594103 -0.594003 0.542403
vn -0.539813 -0.517512 0.663915
vn -0.967279 -0.189596 0.168596
vn 0.480517 -0.480517 -0.733626
vn 0.517991 -0.540491 -0.662989
vn 0.169904 -0.185104 -0.967920
vn 0.480517 -0.480517 -0.733626
vn 0.169904 -0.185104 -0.967920
vn 0.540018 -0.517417 -0.663822
vn 0.200004 0.689813 0.695813
vn 0.586202 0.691702 0.421801
vn 0.384804 0.880609 0.276503
vn 0.200004 0.689813 0.695813
vn 0.384804 0.880609 0.276503
vn 0.097905 0.949245 0.298914
vn -0.968998 0.223600 0.105100
vn -0.870094 -0.238398 0.431397
vn -0.967737 0.191107 0.164206
vn -0.968998 0.223600 0.105100
vn -0.967737 0.191107 0.164206
vn -0.875665 0.416983 -0.243590
vn 0.863608 -0.065401 0.499904
vn 0.866467 0.234591 0.440683
vn 0.967331 0.188606 0.169405
vn 0.863608 -0.065401 0.499904
vn 0.967331 0.188606 0.169405
vn 0.540668 0.517970 0.662861
vn 0.415003 0.876407 0.244302
vn -0.167303 0.969017 -0.181703
vn 0.243796 0.875984 0.416192
vn 0.415003 0.876407 0.244302
vn 0.243796 0.875984 0.416192
vn 0.176106 0.967530 0.181306
vn -0.169695 -0.968073 -0.184495
vn -0.707028 -0.706828 -0.022501
vn -0.648617 -0.648817 -0.397910
vn -0.169695 -0.968073 -0.184495
vn -0.648617 -0.648817 -0.397910
vn -0.517665 -0.663755 -0.539863
vn 0.179900 -0.967501 -0.177700
vn 0.216004 -0.853615 -0.474008
vn 0.085601 -0.859507 -0.503904
vn 0.179900 -0.967501 -0.177700
vn 0.085601 -0.859507 -0.503904
vn 0.517918 -0.540519 -0.663023
vn -0.441484 -0.234191 -0.866168
vn -0.494104 0.012900 -0.869307
vn -0.539876 0.517377 -0.663970
vn -0.441484 -0.234191 -0.866168
vn -0.539876 0.517377 -0.663970
vn -0.180205 0.174505 -0.968026
vn -0.967536 -0.177907 0.179507
vn -0.540420 -0.518019 0.663025
vn -0.744821 -0.250107 0.618618
vn -0.967536 -0.177907 0.179507
vn -0.744821 -0.250107 0.618618
vn -0.870094 -0.238398 0.431397
vn 0.406895 -0.246497 0.879589
vn 0.794190 -0.212797 0.569193
vn 0.540191 0.517792 0.663389
vn 0.406895 -0.246497 0.879589
vn 0.540191 0.517792 0.663389
vn 0.179700 0.174600 0.968102
vn 0.114900 -0.850904 0.512602
vn -0.517396 -0.540196 0.663695
vn -0.178891 -0.967450 0.178991
vn 0.114900 -0.850904 0.512602
vn -0.178891 -0.967450 0.178991
vn -0.236104 -0.867816 0.437208
vn -0.214500 0.968999 -0.122600
vn -0.404508 0.880518 -0.247105
vn -0.188899 0.967796 0.166399
vn -0.214500 0.968999 -0.122600
vn -0.188899 0.967796 0.166399
vn 0.245301 0.878105 0.410802
vn -0.517725 -0.663332 -0.540326
vn -0.648710 -0.648910 -0.397606
vn -0.663389 -0.517792 -0.540191
vn -0.517725 -0.663332 -0.540326
vn -0.663389 -0.517792 -0.540191
vn -0.175408 -0.181908 -0.967544
vn 0.439511 -0.235106 0.866923
vn 0.794025 -0.212807 0.569418
vn 0.540006 0.517706 0.663607
vn 0.439511 -0.235106 0.866923
vn 0.540006 0.517706 0.663607
vn 0.171906 0.182107 0.968135
vn 0.182008 -0.967543 -0.175308
vn 0.240390 -0.872162 -0.426082
vn 0.151305 -0.836026 -0.527416
vn 0.182008 -0.967543 -0.175308
vn 0.151305 -0.836026 -0.527416
vn 0.517884 -0.540483 -0.663079
vn -0.062900 0.969103 -0.238501
vn -0.473586 0.853776 -0.216294
vn -0.176797 0.968184 0.177097
vn -0.062900 0.969103 -0.238501
vn -0.176797 0.968184 0.177097
vn 0.216196 0.853686 0.473792
vn -0.367595 0.929086 -0.040899
vn -0.059003 0.997344 -0.042702
vn -0.097905 0.949245 -0.298914
vn -0.367595 0.929086 -0.040899
vn -0.097905 0.949245 -0.298914
vn -0.384719 0.880643 -0.276513
vn 0.987035 -0.009800 -0.160206
vn 0.799261 0.590171 0.113494
vn 0.586202 0.691702 0.421801
vn 0.987035 -0.009800 -0.160206
vn 0.586202 0.691702 0.421801
vn 0.837722 -0.452712 0.305408
vn 0.663822 -0.517417 0.540018
vn 0.968130 -0.182606 0.171405
vn 0.866467 0.234591 0.440683
vn 0.663822 -0.517417 0.540018
vn 0.866467 0.234591 0.440683
vn 0.863608 -0.065401 0.499904
vn 0.540006 0.517706 0.663607
vn 0.967289 0.188198 0.170098
vn 0.594003 0.594103 0.542403
vn 0.540006 0.517706 0.663607
vn 0.594003 0.594103 0.542403
vn 0.480695 0.480695 0.733392
vn -0.184404 0.172904 0.967522
vn -0.233801 0.442601 0.865703
vn 0.145891 0.524769 0.838650
vn -0.184404 0.172904 0.967522
vn 0.145891 0.524769 0.838650
vn -0.517497 0.663696 0.540097
vn -0.586308 0.691609 -0.421806
vn -0.837883 -0.452491 -0.305294
vn -0.987052 -0.009701 0.160108
vn -0.586308 0.691609 -0.421806
vn -0.987052 -0.009701 0.160108
vn -0.799215 0.590211 -0.113602
vn -0.180205 0.174505 -0.968026
vn -0.539876 0.517377 -0.663970
vn -0.480306 0.480906 -0.733509
vn -0.180205 0.174505 -0.968026
vn -0.480306 0.480906 -0.733509
vn -0.517740 0.540042 -0.663551
vn -0.861326 -0.228407 0.453814
vn -0.621107 -0.251403 0.742309
vn -0.663330 0.517624 0.540425
vn -0.861326 -0.228407 0.453814
vn -0.663330 0.517624 0.540425
vn -0.968144 0.172908 0.181108
vn 0.059502 -0.998228 -0.000200
vn 0.344396 -0.938790 0.008100
vn 0.369316 -0.927941 0.050302
vn 0.059502 -0.998228 -0.000200
vn 0.369316 -0.927941 0.050302
vn 0.058599 -0.997385 0.042299
vn 0.177595 -0.176895 -0.968074
vn -0.229989 -0.450279 -0.862759
vn -0.166303 0.182604 -0.969020
vn 0.177595 -0.176895 -0.968074
vn -0.166303 0.182604 -0.969020
vn 0.442193 0.233896 -0.865886
vn -0.059401 -0.998219 0.005600
vn -0.011800 -0.998908 -0.045200
vn -0.000300 -0.999079 0.042899
vn -0.059401 -0.998219 0.005600
vn -0.000300 -0.999079 0.042899
vn -0.059003 -0.997344 0.042702
vn 0.488070 -0.848149 -0.205988
vn 0.178010 -0.969055 0.171010
vn 0.216004 -0.853615 -0.474008
vn 0.488070 -0.848149 -0.205988
vn 0.216004 -0.853615 -0.474008
vn 0.179900 -0.967501 -0.177700
vn -0.526924 -0.756734 -0.386917
vn -0.266915 -0.944153 -0.193211
vn -0.369196 -0.927989 -0.050299
vn -0.526924 -0.756734 -0.386917
vn -0.369196 -0.927989 -0.050299
vn -0.795936 -0.593927 -0.117205
vn -0.447002 0.231701 0.864004
vn 0.047101 -0.242408 0.969030
vn -0.233801 0.442601 0.865703
vn -0.447002 0.231701 0.864004
vn -0.233801 0.442601 0.865703
vn -0.184404 0.172904 0.967522
vn 0.706926 -0.706926 0.022601
vn 0.680776 -0.681076 -0.269591
vn 0.849407 -0.484804 -0.208502
vn 0.706926 -0.706926 0.022601
vn 0.849407 -0.484804 -0.208502
vn 0.968099 -0.182400 0.171800
vn 0.422505 -0.873511 -0.241803
vn 0.240988 -0.969052 -0.053497
vn 0.232113 -0.864450 -0.445926
vn 0.422505 -0.873511 -0.241803
vn 0.232113 -0.864450 -0.445926
vn 0.171204 -0.967422 -0.186504
vn 0.967491 -0.185598 -0.171798
vn 0.540412 -0.517912 -0.663115
vn 0.786264 -0.220590 -0.577173
vn 0.967491 -0.185598 -0.171798
vn 0.786264 -0.220590 -0.577173
vn 0.874294 -0.242298 -0.420597
vn 0.680022 -0.681822 -0.269609
vn 0.431305 -0.870111 -0.238503
vn 0.179400 -0.967502 -0.178200
vn 0.680022 -0.681822 -0.269609
vn 0.179400 -0.967502 -0.178200
vn 0.594300 -0.593900 -0.542300
vn -0.540120 -0.517820 0.663425
vn -0.170995 -0.183295 0.968072
vn -0.397604 0.248703 0.883209
vn -0.540120 -0.517820 0.663425
vn -0.397604 0.248703 0.883209
vn -0.670006 -0.265102 0.693406
vn -0.517684 -0.540183 0.663480
vn -0.480283 -0.480983 0.733474
vn -0.594139 -0.593939 0.542435
vn -0.517684 -0.540183 0.663480
vn -0.594139 -0.593939 0.542435
vn -0.178304 -0.967519 0.179204
vn -0.704626 -0.709226 -0.022401
vn -0.680923 -0.680923 0.269609
vn -0.850911 -0.480806 0.211603
vn -0.704626 -0.709226 -0.022401
vn -0.850911 -0.480806 0.211603
vn -0.967958 -0.187892 -0.166593
vn 0.175498 0.178898 0.968089
vn 0.540085 0.517785 0.663481
vn 0.480606 0.480606 0.733509
vn 0.175498 0.178898 0.968089
vn 0.480606 0.480606 0.733509
vn 0.517906 0.540306 0.663207
vn -0.870094 -0.238398 0.431397
vn -0.744821 -0.250107 0.618618
vn -0.664062 0.517370 0.539769
vn -0.870094 -0.238398 0.431397
vn -0.664062 0.517370 0.539769
vn -0.967737 0.191107 0.164206
vn 0.706528 0.707328 -0.022501
vn 0.181002 0.968111 -0.173202
vn 0.451780 0.862161 0.229290
vn 0.706528 0.707328 -0.022501
vn 0.451780 0.862161 0.229290
vn 0.681704 0.680104 0.269701
vn 0.079097 -0.860964 0.502479
vn -0.517684 -0.540183 0.663480
vn -0.178304 -0.967519 0.179204
vn 0.079097 -0.860964 0.502479
vn -0.178304 -0.967519 0.179204
vn -0.227391 -0.860767 0.455383
vn -0.662903 -0.030000 -0.748104
vn -0.560397 0.006800 -0.828196
vn -0.009200 -0.716908 -0.697107
vn -0.662903 -0.030000 -0.748104
vn -0.009200 -0.716908 -0.697107
vn -0.209408 -0.693127 -0.689727
vn 0.794025 -0.212807 0.569418
vn 0.859204 0.225001 0.459502
vn 0.967289 0.188198 0.170098
vn 0.794025 -0.212807 0.569418
vn 0.967289 0.188198 0.170098
vn 0.540006 0.517706 0.663607
vn 0.968080 0.173696 -0.180696
vn 0.663696 0.517497 -0.540097
vn 0.649003 0.648803 -0.397302
vn 0.968080 0.173696 -0.180696
vn 0.649003 0.648803 -0.397302
vn 0.707084 0.706784 -0.022100
vn -0.075800 -0.861598 -0.501899
vn -0.517665 -0.663755 -0.539863
vn -0.178100 -0.179500 -0.967502
vn -0.075800 -0.861598 -0.501899
vn -0.178100 -0.179500 -0.967502
vn -0.245103 -0.412404 -0.877409
vn 0.517417 -0.540018 -0.663822
vn -0.038800 -0.867399 -0.496099
vn -0.240495 -0.426391 -0.871982
vn 0.517417 -0.540018 -0.663822
vn -0.240495 -0.426391 -0.871982
vn 0.174604 -0.179604 -0.968120
vn 0.179400 -0.967502 -0.178200
vn 0.236797 -0.868488 -0.435494
vn -0.038800 -0.867399 -0.496099
vn 0.179400 -0.967502 -0.178200
vn -0.038800 -0.867399 -0.496099
vn 0.517417 -0.540018 -0.663822
vn 0.680995 0.680895 0.269498
vn 0.475711 0.852920 0.215005
vn 0.179304 0.967519 0.178204
vn 0.680995 0.680895 0.269498
vn 0.179304 0.967519 0.178204
vn 0.594006 0.594006 0.542506
vn -0.011800 -0.998908 -0.045200
vn 0.059502 -0.998228 -0.000200
vn 0.058599 -0.997385 0.042299
vn -0.011800 -0.998908 -0.045200
vn 0.058599 -0.997385 0.042299
vn -0.000300 -0.999079 0.042899
vn 0.480428 -0.480428 -0.733743
vn 0.517884 -0.540483 -0.663079
vn 0.177595 -0.176895 -0.968074
vn 0.480428 -0.480428 -0.733743
vn 0.177595 -0.176895 -0.968074
vn 0.540412 -0.517912 -0.663115
vn -0.967229 0.165905 -0.192206
vn -0.869525 0.432812 -0.237907
vn -0.681023 0.680823 -0.269609
vn -0.967229 0.165905 -0.192206
vn -0.681023 0.680823 -0.269609
vn -0.593933 0.594333 -0.542230
vn 0.058599 -0.997385 0.042299
vn 0.369316 -0.927941 0.050302
vn 0.267101 -0.944103 0.193201
vn 0.058599 -0.997385 0.042299
vn 0.267101 -0.944103 0.193201
vn 0.112601 -0.947206 0.300202
vn -0.847404 0.204701 -0.489902
vn -0.969038 -0.198308 -0.147106
vn -0.869525 0.432812 -0.237907
vn -0.847404 0.204701 -0.489902
vn -0.869525 0.432812 -0.237907
vn -0.967229 0.165905 -0.192206
vn 0.239401 0.429001 -0.871002
vn -0.177198 0.177198 -0.968092
vn -0.517792 0.540191 -0.663389
vn 0.239401 0.429001 -0.871002
vn -0.517792 0.540191 -0.663389
vn 0.119094 0.849558 -0.513875
vn -0.480695 -0.480695 0.733392
vn -0.517678 -0.540077 0.663571
vn -0.184193 -0.170093 0.968061
vn -0.480695 -0.480695 0.733392
vn -0.184193 -0.170093 0.968061
vn -0.539813 -0.517512 0.663915
vn -0.680404 -0.681404 0.269702
vn -0.594103 -0.594003 0.542403
vn -0.967279 -0.189596 0.168596
vn -0.680404 -0.681404 0.269702
vn -0.967279 -0.189596 0.168596
vn -0.862387 -0.451193 0.229596
vn 0.890274 -0.251793 -0.379489
vn 0.864728 0.059402 -0.498716
vn 0.663699 0.517699 -0.539899
vn 0.890274 -0.251793 -0.379489
vn 0.663699 0.517699 -0.539899
vn 0.967983 0.170097 -0.184597
vn 0.181205 0.172905 0.968126
vn 0.540602 0.517602 0.663203
vn 0.480807 0.480707 0.733311
vn 0.181205 0.172905 0.968126
vn 0.480807 0.480707 0.733311
vn 0.518010 0.540811 0.662713
vn 0.517671 0.663663 -0.539970
vn 0.205804 0.800415 -0.563011
vn -0.243704 0.875813 -0.416606
vn 0.517671 0.663663 -0.539970
vn -0.243704 0.875813 -0.416606
vn 0.177208 0.968143 -0.176908
vn 0.663297 -0.517798 0.540298
vn 0.968085 -0.182097 0.172197
vn 0.878507 0.245702 0.409703
vn 0.663297 -0.517798 0.540298
vn 0.878507 0.245702 0.409703
vn 0.794190 -0.212797 0.569193
vn -0.517740 0.540042 -0.663551
vn -0.480306 0.480906 -0.733509
vn -0.593933 0.594333 -0.542230
vn -0.517740 0.540042 -0.663551
vn -0.593933 0.594333 -0.542230
vn -0.171003 0.967419 -0.186704
vn 0.681376 0.680476 0.269591
vn 0.455719 0.860637 0.227210
vn 0.182791 0.967453 0.174992
vn 0.681376 0.680476 0.269591
vn 0.182791 0.967453 0.174992
vn 0.594003 0.594103 0.542403
vn 0.451700 -0.862200 -0.229300
vn 0.222193 -0.969070 0.107397
vn 0.240390 -0.872162 -0.426082
vn 0.451700 -0.862200 -0.229300
vn 0.240390 -0.872162 -0.426082
vn 0.182008 -0.967543 -0.175308
vn -0.968109 0.177102 0.177202
vn -0.663515 0.517712 0.540113
vn -0.648810 0.648810 0.397606
vn -0.968109 0.177102 0.177202
vn -0.648810 0.648810 0.397606
vn -0.706881 0.706981 0.022299
vn -0.987035 0.009800 -0.160206
vn -0.799215 -0.590211 0.113602
vn -0.586202 -0.691702 0.421801
vn -0.987035 0.009800 -0.160206
vn -0.586202 -0.691702 0.421801
vn -0.837752 0.452674 0.305382
vn -0.184193 -0.170093 0.968061
vn 0.237802 -0.433104 0.869408
vn -0.152997 0.193596 0.969078
vn -0.184193 -0.170093 0.968061
vn -0.152997 0.193596 0.969078
vn -0.400479 0.248187 0.882054
vn -0.421505 -0.873910 0.242103
vn -0.680923 -0.680923 0.269609
vn -0.704626 -0.709226 -0.022401
vn -0.421505 -0.873910 0.242103
vn -0.704626 -0.709226 -0.022401
vn -0.176908 -0.968143 -0.177208
vn 0.968083 -0.182297 0.171997
vn 0.875083 -0.418492 -0.243095
vn 0.969009 -0.060101 -0.239602
vn 0.968083 -0.182297 0.171997
vn 0.969009 -0.060101 -0.239602
vn 0.871311 0.239703 0.428205
vn -0.233801 0.442601 0.865703
vn 0.181205 0.172905 0.968126
vn 0.518010 0.540811 0.662713
vn -0.233801 0.442601 0.865703
vn 0.518010 0.540811 0.662713
vn 0.145891 0.524769 0.838650
vn 0.681023 0.680823 0.269609
vn 0.415003 0.876407 0.244302
vn 0.176106 0.967530 0.181306
vn 0.681023 0.680823 0.269609
vn 0.176106 0.967530 0.181306
vn 0.593971 0.594071 0.542474
vn 0.594097 -0.594197 -0.542198
vn 0.480428 -0.480428 -0.733743
vn 0.540412 -0.517912 -0.663115
vn 0.594097 -0.594197 -0.542198
vn 0.540412 -0.517912 -0.663115
vn 0.967491 -0.185598 -0.171798
vn 0.967331 0.188606 0.169405
vn 0.873624 0.422212 0.241907
vn 0.681704 0.680104 0.269701
vn 0.967331 0.188606 0.169405
vn 0.681704 0.680104 0.269701
vn 0.594000 0.594200 0.542300
vn 0.240806 0.872521 0.425110
vn -0.178308 0.968142 0.175808
vn -0.517497 0.663696 0.540097
vn 0.240806 0.872521 0.425110
vn -0.517497 0.663696 0.540097
vn 0.145891 0.524769 0.838650
vn -0.517897 -0.540696 0.662896
vn -0.480217 -0.480817 0.733626
vn -0.594200 -0.594000 0.542300
vn -0.517897 -0.540696 0.662896
vn -0.594200 -0.594000 0.542300
vn -0.189400 -0.967299 0.168700
vn -0.237310 0.868837 -0.434518
vn -0.190694 0.967272 -0.167395
vn -0.413890 0.876879 -0.244494
vn -0.237310 0.868837 -0.434518
vn -0.413890 0.876879 -0.244494
vn 0.000000 0.968991 0.247098
vn -0.795936 -0.593927 -0.117205
vn -0.369196 -0.927989 -0.050299
vn -0.344396 -0.938790 -0.008100
vn -0.795936 -0.593927 -0.117205
vn -0.344396 -0.938790 -0.008100
vn -0.793485 -0.608589 -0.001000
vn 0.648794 -0.648894 0.397496
vn 0.517871 -0.663263 0.540270
vn 0.181904 -0.968120 0.172204
vn 0.648794 -0.648894 0.397496
vn 0.181904 -0.968120 0.172204
vn 0.706926 -0.706926 0.022601
vn -0.967958 -0.187892 -0.166593
vn -0.850911 -0.480806 0.211603
vn -0.969038 -0.198308 -0.147106
vn -0.967958 -0.187892 -0.166593
vn -0.969038 -0.198308 -0.147106
vn -0.847404 0.204701 -0.489902
vn -0.967934 -0.168506 -0.186307
vn -0.875999 -0.416100 0.243900
vn -0.969014 -0.147002 -0.198503
vn -0.967934 -0.168506 -0.186307
vn -0.969014 -0.147002 -0.198503
vn -0.891058 0.252188 -0.377382
vn -0.473586 0.853776 -0.216294
vn -0.680995 0.680895 -0.269498
vn -0.705977 0.707877 0.022499
vn -0.473586 0.853776 -0.216294
vn -0.705977 0.707877 0.022499
vn -0.176797 0.968184 0.177097
vn -0.875575 -0.243393 0.417288
vn -0.520704 -0.136801 0.842706
vn -0.663391 0.517893 0.540092
vn -0.875575 -0.243393 0.417288
vn -0.663391 0.517893 0.540092
vn -0.967806 0.188401 0.166901
vn 0.025700 0.245701 -0.969005
vn -0.401406 -0.247904 -0.881713
vn -0.177198 0.177198 -0.968092
vn 0.025700 0.245701 -0.969005
vn -0.177198 0.177198 -0.968092
vn 0.244793 0.413088 -0.877174
vn 0.517918 -0.540519 -0.663023
vn 0.085601 -0.859507 -0.503904
vn -0.204494 -0.490385 -0.847175
vn 0.517918 -0.540519 -0.663023
vn -0.204494 -0.490385 -0.847175
vn 0.175292 -0.178192 -0.968256
vn 0.648701 -0.648801 0.397800
vn 0.517792 -0.663389 0.540191
vn 0.176594 -0.968166 0.177394
vn 0.648701 -0.648801 0.397800
vn 0.176594 -0.968166 0.177394
vn 0.707079 -0.706779 0.022399
vn -0.869525 0.432812 -0.237907
vn -0.968144 0.172908 0.181108
vn -0.705778 0.708078 0.022399
vn -0.869525 0.432812 -0.237907
vn -0.705778 0.708078 0.022399
vn -0.681023 0.680823 -0.269609
vn -0.189400 -0.967299 0.168700
vn -0.594200 -0.594000 0.542300
vn -0.679803 -0.682003 0.269701
vn -0.189400 -0.967299 0.168700
vn -0.679803 -0.682003 0.269701
vn -0.424487 -0.872773 0.240993
vn -0.384719 0.880643 -0.276513
vn -0.097905 0.949245 -0.298914
vn -0.199894 0.689879 -0.695779
vn -0.384719 0.880643 -0.276513
vn -0.199894 0.689879 -0.695779
vn -0.586308 0.691609 -0.421806
vn 0.967520 0.178904 0.178604
vn 0.877725 0.411612 0.245307
vn 0.681023 0.680823 0.269609
vn 0.967520 0.178904 0.178604
vn 0.681023 0.680823 0.269609
vn 0.593971 0.594071 0.542474
vn -0.663389 -0.517792 -0.540191
vn -0.967934 -0.168506 -0.186307
vn -0.891058 0.252188 -0.377382
vn -0.663389 -0.517792 -0.540191
vn -0.891058 0.252188 -0.377382
vn -0.846926 -0.126204 -0.516516
vn 0.900392 0.064999 -0.430196
vn 0.793479 0.608584 -0.004100
vn 0.799261 0.590171 0.113494
vn 0.900392 0.064999 -0.430196
vn 0.799261 0.590171 0.113494
vn 0.987035 -0.009800 -0.160206
vn 0.680776 -0.681076 -0.269591
vn 0.594168 -0.593968 -0.542371
vn 0.967519 -0.179704 -0.177803
vn 0.680776 -0.681076 -0.269591
vn 0.967519 -0.179704 -0.177803
vn 0.849407 -0.484804 -0.208502
vn -0.517383 -0.663878 -0.539982
vn -0.648701 -0.648801 -0.397800
vn -0.664042 -0.517432 -0.539734
vn -0.517383 -0.663878 -0.539982
vn -0.664042 -0.517432 -0.539734
vn -0.185905 -0.172404 -0.967324
vn 0.246791 0.969065 -0.002800
vn -0.430592 0.870384 -0.238795
vn -0.178308 0.968142 0.175808
vn 0.246791 0.969065 -0.002800
vn -0.178308 0.968142 0.175808
vn 0.240806 0.872521 0.425110
vn 0.993021 0.002900 -0.117902
vn 0.462004 0.056001 -0.885108
vn 1.000000 -0.000000 0.000100
vn 0.993021 0.002900 -0.117902
vn 1.000000 -0.000000 0.000100
vn 0.885919 -0.341207 0.314207
vn 0.097997 -0.949274 -0.298792
vn 0.384804 -0.880609 -0.276503
vn 0.367507 -0.929117 -0.041001
vn 0.097997 -0.949274 -0.298792
vn 0.367507 -0.929117 -0.041001
vn 0.059003 -0.997344 -0.042702
vn -0.846926 -0.126204 -0.516516
vn -0.891058 0.252188 -0.377382
vn -0.967342 0.170007 -0.188008
vn -0.846926 -0.126204 -0.516516
vn -0.967342 0.170007 -0.188008
vn -0.540120 0.517820 -0.663425
vn 0.009099 -0.716957 0.697058
vn 0.209504 -0.693112 0.689712
vn 0.662905 -0.029900 0.748106
vn 0.009099 -0.716957 0.697058
vn 0.662905 -0.029900 0.748106
vn -0.560392 -0.008100 0.828188
vn 0.245310 0.410517 -0.878236
vn -0.177403 0.177403 -0.968017
vn -0.517785 0.540085 -0.663481
vn 0.245310 0.410517 -0.878236
vn -0.517785 0.540085 -0.663481
vn -0.082402 0.503214 -0.860224
vn -0.237593 -0.433487 -0.869275
vn -0.169198 -0.188998 -0.967291
vn -0.441484 -0.234191 -0.866168
vn -0.237593 -0.433487 -0.869275
vn -0.441484 -0.234191 -0.866168
vn 0.147298 -0.198398 -0.968990
vn -0.969008 0.231202 -0.087001
vn -0.878580 -0.245794 0.409491
vn -0.968109 0.177102 0.177202
vn -0.969008 0.231202 -0.087001
vn -0.968109 0.177102 0.177202
vn -0.882474 0.399488 -0.248293
vn -0.881713 0.401406 -0.247904
vn -0.967806 0.188401 0.166901
vn -0.707276 0.706576 0.022599
vn -0.881713 0.401406 -0.247904
vn -0.707276 0.706576 0.022599
vn -0.680823 0.681023 -0.269609
vn -0.480283 -0.480983 0.733474
vn -0.517684 -0.540183 0.663480
vn -0.179401 -0.174901 0.968104
vn -0.480283 -0.480983 0.733474
vn -0.179401 -0.174901 0.968104
vn -0.540412 -0.517912 0.663115
vn 0.216004 -0.853615 -0.474008
vn -0.185504 -0.968019 -0.168903
vn -0.517491 -0.663788 -0.539990
vn 0.216004 -0.853615 -0.474008
vn -0.517491 -0.663788 -0.539990
vn 0.085601 -0.859507 -0.503904
vn 0.240988 -0.969052 -0.053497
vn -0.421505 -0.873910 0.242103
vn -0.176908 -0.968143 -0.177208
vn 0.240988 -0.969052 -0.053497
vn -0.176908 -0.968143 -0.177208
vn 0.232113 -0.864450 -0.445926
vn 0.844977 -0.131096 0.518486
vn 0.877600 0.245100 0.412000
vn 0.967384 0.173897 0.184197
vn 0.844977 -0.131096 0.518486
vn 0.967384 0.173897 0.184197
vn 0.540602 0.517602 0.663203
vn 0.011699 0.955152 -0.295885
vn 0.112601 0.947206 -0.300202
vn 0.209504 0.693112 -0.689712
vn 0.011699 0.955152 -0.295885
vn 0.209504 0.693112 -0.689712
vn 0.009200 0.716908 -0.697107
vn 0.237802 -0.433104 0.869408
vn 0.178299 -0.178799 0.967595
vn 0.439511 -0.235106 0.866923
vn 0.237802 -0.433104 0.869408
vn 0.439511 -0.235106 0.866923
vn -0.152997 0.193596 0.969078
vn 0.240390 -0.872162 -0.426082
vn -0.188800 -0.967901 -0.165900
vn -0.517383 -0.663878 -0.539982
vn 0.240390 -0.872162 -0.426082
vn -0.517383 -0.663878 -0.539982
vn 0.151305 -0.836026 -0.527416
vn 0.680923 -0.680923 -0.269609
vn 0.594103 -0.594003 -0.542403
vn 0.967408 -0.171501 -0.186302
vn 0.680923 -0.680923 -0.269609
vn 0.967408 -0.171501 -0.186302
vn 0.875083 -0.418492 -0.243095
vn -0.878580 -0.245794 0.409491
vn -0.670006 -0.265102 0.693406
vn -0.663515 0.517712 0.540113
vn -0.878580 -0.245794 0.409491
vn -0.663515 0.517712 0.540113
vn -0.968109 0.177102 0.177202
vn -0.185905 -0.172404 -0.967324
vn -0.664042 -0.517432 -0.539734
vn -0.508410 0.102302 -0.855017
vn -0.185905 -0.172404 -0.967324
vn -0.508410 0.102302 -0.855017
vn -0.421195 -0.241997 -0.874089
vn 0.462004 0.056001 -0.885108
vn 0.842899 0.091700 -0.530200
vn 0.885970 0.341089 -0.314190
vn 0.462004 0.056001 -0.885108
vn 0.885970 0.341089 -0.314190
vn 1.000000 -0.000000 0.000100
vn -0.540405 0.517804 -0.663206
vn -0.967537 0.179207 -0.178207
vn -0.594006 0.594006 -0.542506
vn -0.540405 0.517804 -0.663206
vn -0.594006 0.594006 -0.542506
vn -0.480606 0.480606 -0.733509
vn -0.793479 0.608584 0.004100
vn -0.900323 0.078902 -0.428011
vn -0.987035 0.009800 -0.160206
vn -0.793479 0.608584 0.004100
vn -0.987035 0.009800 -0.160206
vn -0.795973 0.593880 0.117196
vn -0.209504 0.693112 0.689712
vn -0.009200 0.716908 0.697107
vn -0.011700 0.955180 0.295794
vn -0.209504 0.693112 0.689712
vn -0.011700 0.955180 0.295794
vn -0.112502 0.947217 0.300205
vn -0.548898 -0.187899 -0.814497
vn -0.868111 0.236503 -0.436406
vn -0.967457 0.182292 -0.175492
vn -0.548898 -0.187899 -0.814497
vn -0.967457 0.182292 -0.175492
vn -0.540191 0.517792 -0.663389
vn 0.593971 0.594071 0.542474
vn 0.176106 0.967530 0.181306
vn 0.517813 0.540014 0.663517
vn 0.593971 0.594071 0.542474
vn 0.517813 0.540014 0.663517
vn 0.480672 0.480772 0.733357
vn 0.169904 -0.185104 -0.967920
vn -0.237593 -0.433487 -0.869275
vn 0.147298 -0.198398 -0.968990
vn 0.169904 -0.185104 -0.967920
vn 0.147298 -0.198398 -0.968990
vn 0.450099 0.230199 -0.862798
vn -0.540306 0.517906 -0.663207
vn -0.967231 0.191506 -0.166705
vn -0.594006 0.594006 -0.542506
vn -0.540306 0.517906 -0.663207
vn -0.594006 0.594006 -0.542506
vn -0.480505 0.480405 -0.733707
vn 0.705578 -0.708278 0.022399
vn 0.178604 -0.968124 0.175604
vn 0.422505 -0.873511 -0.241803
vn 0.705578 -0.708278 0.022399
vn 0.422505 -0.873511 -0.241803
vn 0.680904 -0.680904 -0.269702
vn -0.423716 0.241409 0.873033
vn -0.085899 0.231697 0.968988
vn -0.251006 0.385709 0.887820
vn -0.423716 0.241409 0.873033
vn -0.251006 0.385709 0.887820
vn -0.176002 0.181502 0.967512
vn 0.706578 0.707278 -0.022499
vn 0.177208 0.968143 -0.176908
vn 0.415003 0.876407 0.244302
vn 0.706578 0.707278 -0.022499
vn 0.415003 0.876407 0.244302
vn 0.681023 0.680823 0.269609
vn 0.367507 -0.929117 -0.041001
vn 0.799261 -0.590171 -0.113494
vn 0.793479 -0.608584 0.004100
vn 0.367507 -0.929117 -0.041001
vn 0.793479 -0.608584 0.004100
vn 0.344396 -0.938790 0.008100
vn 0.517518 -0.663824 0.539919
vn 0.093202 -0.857418 0.506111
vn -0.224211 -0.858543 0.461123
vn 0.517518 -0.663824 0.539919
vn -0.224211 -0.858543 0.461123
vn 0.182591 -0.968153 0.171292
vn -0.236199 0.867795 -0.437198
vn -0.182492 0.967455 -0.175292
vn -0.404508 0.880518 -0.247105
vn -0.236199 0.867795 -0.437198
vn -0.404508 0.880518 -0.247105
vn -0.214500 0.968999 -0.122600
vn 0.200004 -0.689813 -0.695813
vn 0.586267 -0.691661 -0.421776
vn 0.384804 -0.880609 -0.276503
vn 0.200004 -0.689813 -0.695813
vn 0.384804 -0.880609 -0.276503
vn 0.097997 -0.949274 -0.298792
vn -0.176908 -0.968143 -0.177208
vn -0.704626 -0.709226 -0.022401
vn -0.648920 -0.648820 -0.397412
vn -0.176908 -0.968143 -0.177208
vn -0.648920 -0.648820 -0.397412
vn -0.517404 -0.664006 -0.539805
vn -0.245907 0.409112 0.878725
vn 0.179700 0.174600 0.968102
vn 0.517813 0.540014 0.663517
vn -0.245907 0.409112 0.878725
vn 0.517813 0.540014 0.663517
vn 0.262499 0.652798 0.710598
vn -0.517684 -0.540183 0.663480
vn 0.079097 -0.860964 0.502479
vn 0.245101 -0.412202 0.877505
vn -0.517684 -0.540183 0.663480
vn 0.245101 -0.412202 0.877505
vn -0.179401 -0.174901 0.968104
vn 0.517991 -0.540491 -0.662989
vn 0.250307 -0.619018 -0.744421
vn -0.237593 -0.433487 -0.869275
vn 0.517991 -0.540491 -0.662989
vn -0.237593 -0.433487 -0.869275
vn 0.169904 -0.185104 -0.967920
vn 0.245100 0.412000 -0.877600
vn -0.176900 0.176900 -0.968201
vn -0.517792 0.540191 -0.663389
vn 0.245100 0.412000 -0.877600
vn -0.517792 0.540191 -0.663389
vn 0.188204 0.549211 -0.814216
vn -0.177403 0.177403 -0.968017
vn -0.540306 0.517906 -0.663207
vn -0.480505 0.480405 -0.733707
vn -0.177403 0.177403 -0.968017
vn -0.480505 0.480405 -0.733707
vn -0.517785 0.540085 -0.663481
vn 0.181904 -0.968120 0.172204
vn -0.225405 -0.859521 0.458711
vn 0.178010 -0.969055 0.171010
vn 0.181904 -0.968120 0.172204
vn 0.178010 -0.969055 0.171010
vn 0.488070 -0.848149 -0.205988
vn 0.875083 -0.418492 -0.243095
vn 0.967408 -0.171501 -0.186302
vn 0.890274 -0.251793 -0.379489
vn 0.875083 -0.418492 -0.243095
vn 0.890274 -0.251793 -0.379489
vn 0.969009 -0.060101 -0.239602
vn 0.114900 -0.850904 0.512602
vn 0.517820 -0.663425 0.540120
vn 0.171698 -0.185698 0.967490
vn 0.114900 -0.850904 0.512602
vn 0.171698 -0.185698 0.967490
vn 0.242497 -0.420494 0.874288
vn -0.663604 -0.517503 -0.540203
vn -0.968100 -0.180100 -0.174200
vn -0.868111 0.236503 -0.436406
vn -0.663604 -0.517503 -0.540203
vn -0.868111 0.236503 -0.436406
vn -0.548898 -0.187899 -0.814497
vn -0.850911 -0.480806 0.211603
vn -0.967213 -0.193403 0.164602
vn -0.861326 -0.228407 0.453814
vn -0.850911 -0.480806 0.211603
vn -0.861326 -0.228407 0.453814
vn -0.969038 -0.198308 -0.147106
vn -0.594139 -0.593939 0.542435
vn -0.480283 -0.480983 0.733474
vn -0.540412 -0.517912 0.663115
vn -0.594139 -0.593939 0.542435
vn -0.540412 -0.517912 0.663115
vn -0.967494 -0.181699 0.175899
vn 0.967289 0.188198 0.170098
vn 0.862779 0.450289 0.229894
vn 0.681376 0.680476 0.269591
vn 0.967289 0.188198 0.170098
vn 0.681376 0.680476 0.269591
vn 0.594003 0.594103 0.542403
vn 0.594006 0.594006 0.542506
vn 0.179304 0.967519 0.178204
vn 0.517906 0.540306 0.663207
vn 0.594006 0.594006 0.542506
vn 0.517906 0.540306 0.663207
vn 0.480606 0.480606 0.733509
vn -0.384719 0.880643 -0.276513
vn -0.586308 0.691609 -0.421806
vn -0.799215 0.590211 -0.113602
vn -0.384719 0.880643 -0.276513
vn -0.799215 0.590211 -0.113602
vn -0.367595 0.929086 -0.040899
vn 0.174604 -0.179604 -0.968120
vn -0.240495 -0.426391 -0.871982
vn 0.025700 0.245701 -0.969005
vn 0.174604 -0.179604 -0.968120
vn 0.025700 0.245701 -0.969005
vn 0.409906 0.245703 -0.878412
vn -0.664062 0.517370 0.539769
vn -0.176002 0.181502 0.967512
vn -0.517398 0.664097 0.539698
vn -0.664062 0.517370 0.539769
vn -0.517398 0.664097 0.539698
vn -0.648894 0.648794 0.397496
vn 0.793479 0.608584 -0.004100
vn 0.344396 0.938790 -0.008000
vn 0.367595 0.929086 0.040899
vn 0.793479 0.608584 -0.004100
vn 0.367595 0.929086 0.040899
vn 0.799261 0.590171 0.113494
vn 0.178604 -0.968124 0.175604
vn -0.238597 -0.870189 0.431095
vn 0.240988 -0.969052 -0.053497
vn 0.178604 -0.968124 0.175604
vn 0.240988 -0.969052 -0.053497
vn 0.422505 -0.873511 -0.241803
vn 0.179903 -0.177603 0.967518
vn 0.663115 -0.517912 0.540412
vn 0.570789 -0.214496 0.792585
vn 0.179903 -0.177603 0.967518
vn 0.570789 -0.214496 0.792585
vn 0.433789 -0.237394 0.869178
vn 0.176106 0.967530 0.181306
vn 0.243796 0.875984 0.416192
vn 0.262499 0.652798 0.710598
vn 0.176106 0.967530 0.181306
vn 0.262499 0.652798 0.710598
vn 0.517813 0.540014 0.663517
vn -0.967573 -0.180895 0.176295
vn -0.540120 -0.517820 0.663425
vn -0.670006 -0.265102 0.693406
vn -0.967573 -0.180895 0.176295
vn -0.670006 -0.265102 0.693406
vn -0.878580 -0.245794 0.409491
vn -0.663425 0.517820 0.540120
vn -0.177403 0.180103 0.967518
vn -0.517820 0.663425 0.540120
vn -0.663425 0.517820 0.540120
vn -0.517820 0.663425 0.540120
vn -0.648794 0.648894 0.397496
vn 0.517693 0.663791 -0.539793
vn 0.119094 0.849558 -0.513875
vn -0.240993 0.872773 -0.424487
vn 0.517693 0.663791 -0.539793
vn -0.240993 0.872773 -0.424487
vn 0.169709 0.968049 -0.184609
vn -0.058599 -0.997385 -0.042299
vn 0.005300 -0.999065 -0.042899
vn -0.011800 -0.998908 -0.045200
vn -0.058599 -0.997385 -0.042299
vn -0.011800 -0.998908 -0.045200
vn -0.059401 -0.998219 0.005600
vn 0.706926 -0.706926 0.022601
vn 0.181904 -0.968120 0.172204
vn 0.488070 -0.848149 -0.205988
vn 0.706926 -0.706926 0.022601
vn 0.488070 -0.848149 -0.205988
vn 0.680776 -0.681076 -0.269591
vn -0.517792 0.540191 -0.663389
vn -0.480807 0.480707 -0.733311
vn -0.594103 0.594003 -0.542403
vn -0.517792 0.540191 -0.663389
vn -0.594103 0.594003 -0.542403
vn -0.182492 0.967455 -0.175292
vn 0.540668 0.517970 0.662861
vn 0.967331 0.188606 0.169405
vn 0.594000 0.594200 0.542300
vn 0.540668 0.517970 0.662861
vn 0.594000 0.594200 0.542300
vn 0.480394 0.480694 0.733591
vn 0.222193 -0.969070 0.107397
vn -0.424487 -0.872773 0.240993
vn -0.188800 -0.967901 -0.165900
vn 0.222193 -0.969070 0.107397
vn -0.188800 -0.967901 -0.165900
vn 0.240390 -0.872162 -0.426082
vn -0.540397 -0.517697 0.663296
vn -0.166292 -0.188191 0.967952
vn -0.447002 0.231701 0.864004
vn -0.540397 -0.517697 0.663296
vn -0.447002 0.231701 0.864004
vn -0.621107 -0.251403 0.742309
vn -0.171298 0.967387 -0.186598
vn -0.593974 0.593974 -0.542576
vn -0.680995 0.680895 -0.269498
vn -0.171298 0.967387 -0.186598
vn -0.680995 0.680895 -0.269498
vn -0.473586 0.853776 -0.216294
vn -0.415096 -0.244198 -0.876392
vn -0.548898 -0.187899 -0.814497
vn -0.540191 0.517792 -0.663389
vn -0.415096 -0.244198 -0.876392
vn -0.540191 0.517792 -0.663389
vn -0.176900 0.176900 -0.968201
vn 0.663263 -0.517871 0.540270
vn 0.968099 -0.182400 0.171800
vn 0.859204 0.225001 0.459502
vn 0.663263 -0.517871 0.540270
vn 0.859204 0.225001 0.459502
vn 0.794025 -0.212807 0.569418
vn -0.171003 0.967419 -0.186704
vn -0.593933 0.594333 -0.542230
vn -0.681023 0.680823 -0.269609
vn -0.171003 0.967419 -0.186704
vn -0.681023 0.680823 -0.269609
vn -0.430592 0.870384 -0.238795
vn 0.885919 -0.341207 0.314207
vn 1.000000 -0.000000 0.000100
vn 0.461925 -0.056003 0.885149
vn 0.885919 -0.341207 0.314207
vn 0.461925 -0.056003 0.885149
vn 0.842899 -0.091700 0.530200
vn -0.837883 -0.452491 -0.305294
vn -0.526924 -0.756734 -0.386917
vn -0.795936 -0.593927 -0.117205
vn -0.837883 -0.452491 -0.305294
vn -0.795936 -0.593927 -0.117205
vn -0.987052 -0.009701 0.160108
vn -0.038800 -0.867399 -0.496099
vn -0.517725 -0.663332 -0.540326
vn -0.175408 -0.181908 -0.967544
vn -0.038800 -0.867399 -0.496099
vn -0.175408 -0.181908 -0.967544
vn -0.240495 -0.426391 -0.871982
vn 0.175201 0.182301 -0.967507
vn 0.244793 0.413088 -0.877174
vn 0.205804 0.800415 -0.563011
vn 0.175201 0.182301 -0.967507
vn 0.205804 0.800415 -0.563011
vn 0.517671 0.663663 -0.539970
vn -0.401406 -0.247904 -0.881713
vn -0.788142 -0.218884 -0.575258
vn -0.540405 0.517804 -0.663206
vn -0.401406 -0.247904 -0.881713
vn -0.540405 0.517804 -0.663206
vn -0.177198 0.177198 -0.968092
vn -0.967213 -0.193403 0.164602
vn -0.540397 -0.517697 0.663296
vn -0.621107 -0.251403 0.742309
vn -0.967213 -0.193403 0.164602
vn -0.621107 -0.251403 0.742309
vn -0.861326 -0.228407 0.453814
vn -0.539813 -0.517512 0.663915
vn -0.184193 -0.170093 0.968061
vn -0.400479 0.248187 0.882054
vn -0.539813 -0.517512 0.663915
vn -0.400479 0.248187 0.882054
vn -0.520704 -0.136801 0.842706
vn -0.799215 0.590211 -0.113602
vn -0.987052 -0.009701 0.160108
vn -0.900323 0.078902 -0.428011
vn -0.799215 0.590211 -0.113602
vn -0.900323 0.078902 -0.428011
vn -0.793479 0.608584 0.004100
vn 0.000000 0.968991 0.247098
vn -0.413890 0.876879 -0.244494
vn -0.190996 0.967777 0.164096
vn 0.000000 0.968991 0.247098
vn -0.190996 0.967777 0.164096
vn 0.242102 0.874008 0.421304
vn 0.877725 0.411612 0.245307
vn 0.968120 0.174704 -0.179504
vn 0.706578 0.707278 -0.022499
vn 0.877725 0.411612 0.245307
vn 0.706578 0.707278 -0.022499
vn 0.681023 0.680823 0.269609
vn 0.594103 -0.594003 -0.542403
vn 0.172808 -0.967443 -0.184908
vn 0.517684 -0.540183 -0.663480
vn 0.594103 -0.594003 -0.542403
vn 0.517684 -0.540183 -0.663480
vn 0.480318 -0.481018 -0.733428
vn -0.156993 0.530276 -0.833163
vn -0.517740 0.540042 -0.663551
vn -0.171003 0.967419 -0.186704
vn -0.156993 0.530276 -0.833163
vn -0.171003 0.967419 -0.186704
vn -0.229904 0.862715 -0.450408
vn -0.594200 -0.594000 0.542300
vn -0.480217 -0.480817 0.733626
vn -0.540420 -0.518019 0.663025
vn -0.594200 -0.594000 0.542300
vn -0.540420 -0.518019 0.663025
vn -0.967536 -0.177907 0.179507
vn -0.188899 0.967796 0.166399
vn -0.707276 0.706576 0.022599
vn -0.648794 0.648894 0.397496
vn -0.188899 0.967796 0.166399
vn -0.648794 0.648894 0.397496
vn -0.517820 0.663425 0.540120
vn 0.047101 -0.242408 0.969030
vn 0.461409 -0.224104 0.858417
vn 0.181205 0.172905 0.968126
vn 0.047101 -0.242408 0.969030
vn 0.181205 0.172905 0.968126
vn -0.233801 0.442601 0.865703
vn 0.967977 0.187795 -0.166596
vn 0.663914 0.517411 -0.539911
vn 0.648801 0.648701 -0.397800
vn 0.967977 0.187795 -0.166596
vn 0.648801 0.648701 -0.397800
vn 0.706528 0.707328 -0.022501
vn -0.265604 -0.682009 0.681409
vn 0.517189 -0.664186 0.539789
vn 0.171905 -0.185305 0.967528
vn -0.265604 -0.682009 0.681409
vn 0.171905 -0.185305 0.967528
vn 0.238806 -0.430911 0.870223
vn -0.517491 -0.663788 -0.539990
vn -0.648971 -0.648971 -0.397082
vn -0.663604 -0.517503 -0.540203
vn -0.517491 -0.663788 -0.539990
vn -0.663604 -0.517503 -0.540203
vn -0.179808 -0.177008 -0.967645
vn 0.594103 -0.594003 -0.542403
vn 0.480318 -0.481018 -0.733428
vn 0.540377 -0.517878 -0.663171
vn 0.594103 -0.594003 -0.542403
vn 0.540377 -0.517878 -0.663171
vn 0.967408 -0.171501 -0.186302
vn -0.967537 0.179207 -0.178207
vn -0.882474 0.399488 -0.248293
vn -0.681013 0.680913 -0.269405
vn -0.967537 0.179207 -0.178207
vn -0.681013 0.680913 -0.269405
vn -0.594006 0.594006 -0.542506
vn 0.178299 -0.178799 0.967595
vn 0.663263 -0.517871 0.540270
vn 0.794025 -0.212807 0.569418
vn 0.178299 -0.178799 0.967595
vn 0.794025 -0.212807 0.569418
vn 0.439511 -0.235106 0.866923
vn 0.384804 -0.880609 -0.276503
vn 0.586267 -0.691661 -0.421776
vn 0.799261 -0.590171 -0.113494
vn 0.384804 -0.880609 -0.276503
vn 0.799261 -0.590171 -0.113494
vn 0.367507 -0.929117 -0.041001
vn -0.744821 -0.250107 0.618618
vn -0.423716 0.241409 0.873033
vn -0.176002 0.181502 0.967512
vn -0.744821 -0.250107 0.618618
vn -0.176002 0.181502 0.967512
vn -0.664062 0.517370 0.539769
vn 0.707029 -0.706829 0.022401
vn 0.179501 -0.968103 0.174801
vn 0.431305 -0.870111 -0.238503
vn 0.707029 -0.706829 0.022401
vn 0.431305 -0.870111 -0.238503
vn 0.680022 -0.681822 -0.269609
vn 0.517497 0.663696 -0.540097
vn 0.188204 0.549211 -0.814216
vn -0.236199 0.867795 -0.437198
vn 0.517497 0.663696 -0.540097
vn -0.236199 0.867795 -0.437198
vn 0.179597 0.968086 -0.174797
vn 0.461409 -0.224104 0.858417
vn 0.844977 -0.131096 0.518486
vn 0.540602 0.517602 0.663203
vn 0.461409 -0.224104 0.858417
vn 0.540602 0.517602 0.663203
vn 0.181205 0.172905 0.968126
vn 0.540412 -0.517912 -0.663115
vn 0.177595 -0.176895 -0.968074
vn 0.442193 0.233896 -0.865886
vn 0.540412 -0.517912 -0.663115
vn 0.442193 0.233896 -0.865886
vn 0.786264 -0.220590 -0.577173
vn -0.204494 -0.490385 -0.847175
vn -0.179808 -0.177008 -0.967645
vn -0.415096 -0.244198 -0.876392
vn -0.204494 -0.490385 -0.847175
vn -0.415096 -0.244198 -0.876392
vn -0.126895 0.211692 -0.969064
vn -0.173303 -0.969015 0.176003
vn -0.434912 -0.868723 0.237006
vn -0.173900 -0.968099 -0.180400
vn -0.173303 -0.969015 0.176003
vn -0.173900 -0.968099 -0.180400
vn 0.236797 -0.868488 -0.435494
vn 0.863428 -0.066902 -0.500016
vn 0.450099 0.230199 -0.862798
vn 0.188494 0.169894 -0.967267
vn 0.863428 -0.066902 -0.500016
vn 0.188494 0.169894 -0.967267
vn 0.663696 0.517497 -0.540097
vn -0.421195 -0.241997 -0.874089
vn -0.508410 0.102302 -0.855017
vn -0.540306 0.517906 -0.663207
vn -0.421195 -0.241997 -0.874089
vn -0.540306 0.517906 -0.663207
vn -0.177403 0.177403 -0.968017
vn 0.245101 -0.412202 0.877505
vn 0.179903 -0.177603 0.967518
vn 0.433789 -0.237394 0.869178
vn 0.245101 -0.412202 0.877505
vn 0.433789 -0.237394 0.869178
vn 0.076401 -0.234903 0.969012
vn 0.968085 -0.182097 0.172197
vn 0.876488 -0.414894 -0.244197
vn 0.969031 0.243808 -0.039201
vn 0.968085 -0.182097 0.172197
vn 0.969031 0.243808 -0.039201
vn 0.878507 0.245702 0.409703
vn -0.648617 -0.648817 -0.397910
vn -0.707028 -0.706828 -0.022501
vn -0.967934 -0.168506 -0.186307
vn -0.648617 -0.648817 -0.397910
vn -0.967934 -0.168506 -0.186307
vn -0.663389 -0.517792 -0.540191
vn 0.648878 -0.648878 0.397386
vn 0.707029 -0.706829 0.022401
vn 0.968085 -0.182097 0.172197
vn 0.648878 -0.648878 0.397386
vn 0.968085 -0.182097 0.172197
vn 0.663297 -0.517798 0.540298
vn 0.182791 0.967453 0.174992
vn 0.245301 0.878105 0.410802
vn 0.177101 0.541702 0.821702
vn 0.182791 0.967453 0.174992
vn 0.177101 0.541702 0.821702
vn 0.517484 0.539883 0.663880
vn -0.112502 0.947217 0.300205
vn -0.011700 0.955180 0.295794
vn 0.005300 0.999061 0.042998
vn -0.112502 0.947217 0.300205
vn 0.005300 0.999061 0.042998
vn -0.058599 0.997385 0.042299
vn -0.430592 0.870384 -0.238795
vn -0.681023 0.680823 -0.269609
vn -0.705778 0.708078 0.022399
vn -0.430592 0.870384 -0.238795
vn -0.705778 0.708078 0.022399
vn -0.178308 0.968142 0.175808
vn 0.011799 -0.955151 0.295885
vn 0.112601 -0.947206 0.300202
vn 0.209504 -0.693112 0.689712
vn 0.011799 -0.955151 0.295885
vn 0.209504 -0.693112 0.689712
vn 0.009099 -0.716957 0.697058
vn 0.968130 -0.182606 0.171405
vn 0.870537 -0.430218 -0.238910
vn 0.969064 -0.226992 0.096896
vn 0.968130 -0.182606 0.171405
vn 0.969064 -0.226992 0.096896
vn 0.866467 0.234591 0.440683
vn 0.706929 -0.706929 0.022401
vn 0.182591 -0.968153 0.171292
vn 0.451700 -0.862200 -0.229300
vn 0.706929 -0.706929 0.022401
vn 0.451700 -0.862200 -0.229300
vn 0.680904 -0.680904 -0.269702
vn -0.967737 0.191107 0.164206
vn -0.664062 0.517370 0.539769
vn -0.648894 0.648794 0.397496
vn -0.967737 0.191107 0.164206
vn -0.648894 0.648794 0.397496
vn -0.707429 0.706429 0.022401
vn -0.967457 0.182292 -0.175492
vn -0.881713 0.401406 -0.247904
vn -0.680823 0.681023 -0.269609
vn -0.967457 0.182292 -0.175492
vn -0.680823 0.681023 -0.269609
vn -0.594103 0.594003 -0.542403
vn 0.967408 -0.171501 -0.186302
vn 0.540377 -0.517878 -0.663171
vn 0.864728 0.059402 -0.498716
vn 0.967408 -0.171501 -0.186302
vn 0.864728 0.059402 -0.498716
vn 0.890274 -0.251793 -0.379489
vn 0.969031 0.243808 -0.039201
vn 0.882310 -0.248203 -0.399905
vn 0.968120 0.174704 -0.179504
vn 0.969031 0.243808 -0.039201
vn 0.968120 0.174704 -0.179504
vn 0.877725 0.411612 0.245307
vn -0.236104 -0.867816 0.437208
vn -0.178891 -0.967450 0.178991
vn -0.434912 -0.868723 0.237006
vn -0.236104 -0.867816 0.437208
vn -0.434912 -0.868723 0.237006
vn -0.173303 -0.969015 0.176003
vn 0.517684 -0.540183 -0.663480
vn -0.075800 -0.861598 -0.501899
vn -0.245103 -0.412404 -0.877409
vn 0.517684 -0.540183 -0.663480
vn -0.245103 -0.412404 -0.877409
vn 0.178498 -0.175898 -0.968090
vn -0.025500 0.998910 -0.039100
vn 0.059402 0.998234 0.000200
vn 0.058599 0.997385 -0.042299
vn -0.025500 0.998910 -0.039100
vn 0.058599 0.997385 -0.042299
vn -0.000400 0.999075 -0.042999
vn 0.112601 -0.947206 0.300202
vn 0.267101 -0.944103 0.193201
vn 0.527016 -0.756723 0.386812
vn 0.112601 -0.947206 0.300202
vn 0.527016 -0.756723 0.386812
vn 0.209504 -0.693112 0.689712
vn -0.434912 -0.868723 0.237006
vn -0.679904 -0.681904 0.269701
vn -0.707328 -0.706528 -0.022501
vn -0.434912 -0.868723 0.237006
vn -0.707328 -0.706528 -0.022501
vn -0.173900 -0.968099 -0.180400
vn -0.177403 0.180103 0.967518
vn -0.239484 0.428872 0.871043
vn 0.139699 0.841492 0.521895
vn -0.177403 0.180103 0.967518
vn 0.139699 0.841492 0.521895
vn -0.517820 0.663425 0.540120
vn -0.190996 0.967777 0.164096
vn -0.707429 0.706429 0.022401
vn -0.648894 0.648794 0.397496
vn -0.190996 0.967777 0.164096
vn -0.648894 0.648794 0.397496
vn -0.517398 0.664097 0.539698
vn 0.209504 0.693112 -0.689712
vn 0.527016 0.756723 -0.386812
vn 0.837921 0.452411 -0.305308
vn 0.209504 0.693112 -0.689712
vn 0.837921 0.452411 -0.305308
vn 0.662901 0.030100 -0.748101
vn 0.799261 0.590171 0.113494
vn 0.367595 0.929086 0.040899
vn 0.384804 0.880609 0.276503
vn 0.799261 0.590171 0.113494
vn 0.384804 0.880609 0.276503
vn 0.586202 0.691702 0.421801
vn 0.151305 -0.836026 -0.527416
vn -0.517383 -0.663878 -0.539982
vn -0.185905 -0.172404 -0.967324
vn 0.151305 -0.836026 -0.527416
vn -0.185905 -0.172404 -0.967324
vn -0.229989 -0.450279 -0.862759
vn 0.899267 -0.356387 -0.253591
vn 0.967450 -0.182309 -0.175509
vn 0.880777 -0.247194 -0.403890
vn 0.899267 -0.356387 -0.253591
vn 0.880777 -0.247194 -0.403890
vn 0.969049 -0.227311 -0.096305
vn -0.177102 0.968109 0.177202
vn -0.706881 0.706981 0.022299
vn -0.648810 0.648810 0.397606
vn -0.177102 0.968109 0.177202
vn -0.648810 0.648810 0.397606
vn -0.517684 0.663480 0.540183
vn -0.663330 0.517624 0.540425
vn -0.184404 0.172904 0.967522
vn -0.517497 0.663696 0.540097
vn -0.663330 0.517624 0.540425
vn -0.517497 0.663696 0.540097
vn -0.648994 0.648694 0.397496
vn 0.176594 -0.968166 0.177394
vn -0.227391 -0.860767 0.455383
vn -0.140405 -0.969037 -0.203108
vn 0.176594 -0.968166 0.177394
vn -0.140405 -0.969037 -0.203108
vn 0.448199 -0.863599 -0.230900
vn 0.058599 0.997385 -0.042299
vn 0.369284 0.927960 -0.050198
vn 0.267008 0.944128 -0.193206
vn 0.058599 0.997385 -0.042299
vn 0.267008 0.944128 -0.193206
vn 0.112601 0.947206 -0.300202
vn -0.176900 0.176900 -0.968201
vn -0.540191 0.517792 -0.663389
vn -0.480807 0.480707 -0.733311
vn -0.176900 0.176900 -0.968201
vn -0.480807 0.480707 -0.733311
vn -0.517792 0.540191 -0.663389
vn -0.967342 0.170007 -0.188008
vn -0.868526 0.435413 -0.236807
vn -0.680995 0.680895 -0.269498
vn -0.967342 0.170007 -0.188008
vn -0.680995 0.680895 -0.269498
vn -0.593974 0.593974 -0.542576
vn 0.648794 -0.648894 0.397496
vn 0.706926 -0.706926 0.022601
vn 0.968099 -0.182400 0.171800
vn 0.648794 -0.648894 0.397496
vn 0.968099 -0.182400 0.171800
vn 0.663263 -0.517871 0.540270
vn -0.795973 0.593880 0.117196
vn -0.987035 0.009800 -0.160206
vn -0.837752 0.452674 0.305382
vn -0.795973 0.593880 0.117196
vn -0.837752 0.452674 0.305382
vn -0.527016 0.756723 0.386812
vn 0.663206 0.517804 -0.540405
vn 0.175201 0.182301 -0.967507
vn 0.517671 0.663663 -0.539970
vn 0.663206 0.517804 -0.540405
vn 0.517671 0.663663 -0.539970
vn 0.648710 0.648910 -0.397606
vn 0.794190 -0.212797 0.569193
vn 0.878507 0.245702 0.409703
vn 0.967520 0.178904 0.178604
vn 0.794190 -0.212797 0.569193
vn 0.967520 0.178904 0.178604
vn 0.540191 0.517792 0.663389
vn -0.240495 -0.426391 -0.871982
vn -0.175408 -0.181908 -0.967544
vn -0.401406 -0.247904 -0.881713
vn -0.240495 -0.426391 -0.871982
vn -0.401406 -0.247904 -0.881713
vn 0.025700 0.245701 -0.969005
vn 0.176999 -0.180099 0.967593
vn 0.663822 -0.517417 0.540018
vn 0.863608 -0.065401 0.499904
vn 0.176999 -0.180099 0.967593
vn 0.863608 -0.065401 0.499904
vn 0.439221 -0.235211 0.867041
vn 0.680904 -0.680904 -0.269702
vn 0.451700 -0.862200 -0.229300
vn 0.182008 -0.967543 -0.175308
vn 0.680904 -0.680904 -0.269702
vn 0.182008 -0.967543 -0.175308
vn 0.594097 -0.594197 -0.542198
vn 0.179304 0.967519 0.178204
vn 0.216196 0.853686 0.473792
vn 0.139699 0.841492 0.521895
vn 0.179304 0.967519 0.178204
vn 0.139699 0.841492 0.521895
vn 0.517906 0.540306 0.663207
vn -0.240993 0.872773 -0.424487
vn -0.171298 0.967387 -0.186598
vn -0.473586 0.853776 -0.216294
vn -0.240993 0.872773 -0.424487
vn -0.473586 0.853776 -0.216294
vn -0.062900 0.969103 -0.238501
vn 0.483027 0.210012 -0.850047
vn -0.126895 0.211692 -0.969064
vn 0.245100 0.412000 -0.877600
vn 0.483027 0.210012 -0.850047
vn 0.245100 0.412000 -0.877600
vn 0.172696 0.184296 -0.967580
vn -0.480217 -0.480817 0.733626
vn -0.517897 -0.540696 0.662896
vn -0.184207 -0.170207 0.968038
vn -0.480217 -0.480817 0.733626
vn -0.184207 -0.170207 0.968038
vn -0.540420 -0.518019 0.663025
vn -0.009200 0.716908 0.697107
vn 0.200004 0.689813 0.695813
vn 0.097905 0.949245 0.298914
vn -0.009200 0.716908 0.697107
vn 0.097905 0.949245 0.298914
vn -0.011700 0.955180 0.295794
vn -0.969038 -0.198308 -0.147106
vn -0.861326 -0.228407 0.453814
vn -0.968144 0.172908 0.181108
vn -0.969038 -0.198308 -0.147106
vn -0.968144 0.172908 0.181108
vn -0.869525 0.432812 -0.237907
vn 0.849407 -0.484804 -0.208502
vn 0.967519 -0.179704 -0.177803
vn 0.856474 -0.220793 -0.466586
vn 0.849407 -0.484804 -0.208502
vn 0.856474 -0.220793 -0.466586
vn 0.969020 -0.186604 0.161803
vn -0.517770 0.540369 -0.663262
vn -0.480606 0.480606 -0.733509
vn -0.594006 0.594006 -0.542506
vn -0.517770 0.540369 -0.663262
vn -0.594006 0.594006 -0.542506
vn -0.180506 0.967534 -0.176906
vn 0.171204 -0.967422 -0.186504
vn 0.232113 -0.864450 -0.445926
vn 0.250307 -0.619018 -0.744421
vn 0.171204 -0.967422 -0.186504
vn 0.250307 -0.619018 -0.744421
vn 0.517991 -0.540491 -0.662989
vn 0.866467 0.234591 0.440683
vn 0.969064 -0.226992 0.096896
vn 0.873624 0.422212 0.241907
vn 0.866467 0.234591 0.440683
vn 0.873624 0.422212 0.241907
vn 0.967331 0.188606 0.169405
vn 0.570789 -0.214496 0.792585
vn 0.871311 0.239703 0.428205
vn 0.967537 0.179407 0.178007
vn 0.570789 -0.214496 0.792585
vn 0.967537 0.179407 0.178007
vn 0.540085 0.517785 0.663481
vn 0.540377 -0.517878 -0.663171
vn 0.174604 -0.179604 -0.968120
vn 0.409906 0.245703 -0.878412
vn 0.540377 -0.517878 -0.663171
vn 0.409906 0.245703 -0.878412
vn 0.651204 -0.262102 -0.712205
vn -0.670006 -0.265102 0.693406
vn -0.397604 0.248703 0.883209
vn -0.176803 0.180703 0.967516
vn -0.670006 -0.265102 0.693406
vn -0.176803 0.180703 0.967516
vn -0.663515 0.517712 0.540113
vn 0.648987 -0.648887 0.397192
vn 0.517189 -0.664186 0.539789
vn 0.178604 -0.968124 0.175604
vn 0.648987 -0.648887 0.397192
vn 0.178604 -0.968124 0.175604
vn 0.705578 -0.708278 0.022399
vn 0.874294 -0.242298 -0.420597
vn 0.786264 -0.220590 -0.577173
vn 0.663914 0.517411 -0.539911
vn 0.874294 -0.242298 -0.420597
vn 0.663914 0.517411 -0.539911
vn 0.967977 0.187795 -0.166596
vn 0.707079 -0.706779 0.022399
vn 0.680923 -0.680923 -0.269609
vn 0.875083 -0.418492 -0.243095
vn 0.707079 -0.706779 0.022399
vn 0.875083 -0.418492 -0.243095
vn 0.968083 -0.182297 0.171997
vn -0.175505 0.181905 0.967527
vn -0.251198 0.384496 0.888292
vn 0.177101 0.541702 0.821702
vn -0.175505 0.181905 0.967527
vn 0.177101 0.541702 0.821702
vn -0.517820 0.663425 0.540120
vn 0.431305 -0.870111 -0.238503
vn -0.173303 -0.969015 0.176003
vn 0.236797 -0.868488 -0.435494
vn 0.431305 -0.870111 -0.238503
vn 0.236797 -0.868488 -0.435494
vn 0.179400 -0.967502 -0.178200
vn -0.425414 -0.240608 -0.872428
vn -0.846926 -0.126204 -0.516516
vn -0.540120 0.517820 -0.663425
vn -0.425414 -0.240608 -0.872428
vn -0.540120 0.517820 -0.663425
vn -0.177198 0.177198 -0.968092
vn 0.232113 -0.864450 -0.445926
vn -0.176908 -0.968143 -0.177208
vn -0.517404 -0.664006 -0.539805
vn 0.232113 -0.864450 -0.445926
vn -0.517404 -0.664006 -0.539805
vn 0.250307 -0.619018 -0.744421
vn 0.179700 0.174600 0.968102
vn 0.540191 0.517792 0.663389
vn 0.480672 0.480772 0.733357
vn 0.179700 0.174600 0.968102
vn 0.480672 0.480772 0.733357
vn 0.517813 0.540014 0.663517
vn -0.266915 -0.944153 -0.193211
vn -0.112403 -0.947228 -0.300209
vn -0.058599 -0.997385 -0.042299
vn -0.266915 -0.944153 -0.193211
vn -0.058599 -0.997385 -0.042299
vn -0.369196 -0.927989 -0.050299
vn 0.093202 -0.857418 0.506111
vn -0.517897 -0.540696 0.662896
vn -0.189400 -0.967299 0.168700
vn 0.093202 -0.857418 0.506111
vn -0.189400 -0.967299 0.168700
vn -0.224211 -0.858543 0.461123
vn -0.517665 -0.663755 -0.539863
vn -0.648617 -0.648817 -0.397910
vn -0.663389 -0.517792 -0.540191
vn -0.517665 -0.663755 -0.539863
vn -0.663389 -0.517792 -0.540191
vn -0.178100 -0.179500 -0.967502
vn 0.663914 0.517411 -0.539911
vn 0.171903 0.186403 -0.967318
vn 0.517478 0.663971 -0.539777
vn 0.663914 0.517411 -0.539911
vn 0.517478 0.663971 -0.539777
vn 0.648801 0.648701 -0.397800
vn -0.870776 -0.238993 0.429688
vn -0.868113 -0.032400 0.495308
vn -0.663425 0.517820 0.540120
vn -0.870776 -0.238993 0.429688
vn -0.663425 0.517820 0.540120
vn -0.968092 0.177198 0.177198
vn 0.097905 0.949245 0.298914
vn 0.384804 0.880609 0.276503
vn 0.367595 0.929086 0.040899
vn 0.097905 0.949245 0.298914
vn 0.367595 0.929086 0.040899
vn 0.059003 0.997344 0.042702
vn 0.000000 0.000000 -1.000000
vn -0.590791 0.774789 -0.225097
vn 0.842899 0.091700 -0.530200
vn 0.000000 0.000000 -1.000000
vn 0.842899 0.091700 -0.530200
vn 0.462004 0.056001 -0.885108
vn 0.223588 -0.974348 -0.025599
vn 0.000000 0.000000 -1.000000
vn 0.462004 0.056001 -0.885108
vn 0.223588 -0.974348 -0.025599
vn 0.462004 0.056001 -0.885108
vn 0.993021 0.002900 -0.117902
vn 0.333311 -0.666722 -0.666622
vn -0.999712 0.024000 -0.000200
vn 0.000000 0.000000 -1.000000
vn 0.333311 -0.666722 -0.666622
vn 0.000000 0.000000 -1.000000
vn 0.223588 -0.974348 -0.025599
vn -0.999712 0.024000 -0.000200
vn -1.000000 0.000000 0.000000
vn -0.590791 0.774789 -0.225097
vn -0.999712 0.024000 -0.000200
vn -0.590791 0.774789 -0.225097
vn 0.000000 0.000000 -1.000000
vn -0.517678 -0.540077 0.663571
vn 0.227409 -0.778631 0.584823
vn 0.237802 -0.433104 0.869408
vn -0.517678 -0.540077 0.663571
vn 0.237802 -0.433104 0.869408
vn -0.184193 -0.170093 0.968061
vn -0.837752 0.452674 0.305382
vn -0.662905 0.029900 0.748106
vn -0.209504 0.693112 0.689712
vn -0.837752 0.452674 0.305382
vn -0.209504 0.693112 0.689712
vn -0.527016 0.756723 0.386812
vn -0.594300 -0.593900 0.542300
vn -0.480306 -0.480906 0.733509
vn -0.540120 -0.517820 0.663425
vn -0.594300 -0.593900 0.542300
vn -0.540120 -0.517820 0.663425
vn -0.967573 -0.180895 0.176295
vn 0.475711 0.852920 0.215005
vn -0.062900 0.969103 -0.238501
vn 0.216196 0.853686 0.473792
vn 0.475711 0.852920 0.215005
vn 0.216196 0.853686 0.473792
vn 0.179304 0.967519 0.178204
vn -0.648710 -0.648910 -0.397606
vn -0.707328 -0.706528 -0.022501
vn -0.968136 -0.179707 -0.174407
vn -0.648710 -0.648910 -0.397606
vn -0.968136 -0.179707 -0.174407
vn -0.663389 -0.517792 -0.540191
vn 0.967581 -0.182396 -0.174697
vn 0.540377 -0.517878 -0.663171
vn 0.651204 -0.262102 -0.712205
vn 0.967581 -0.182396 -0.174697
vn 0.651204 -0.262102 -0.712205
vn 0.882310 -0.248203 -0.399905
vn -0.082402 0.503214 -0.860224
vn -0.517785 0.540085 -0.663481
vn -0.190694 0.967272 -0.167395
vn -0.082402 0.503214 -0.860224
vn -0.190694 0.967272 -0.167395
vn -0.237310 0.868837 -0.434518
vn -0.875999 -0.416100 0.243900
vn -0.967494 -0.181699 0.175899
vn -0.870776 -0.238993 0.429688
vn -0.875999 -0.416100 0.243900
vn -0.870776 -0.238993 0.429688
vn -0.969014 -0.147002 -0.198503
vn 0.705578 -0.708278 0.022399
vn 0.680904 -0.680904 -0.269702
vn 0.899267 -0.356387 -0.253591
vn 0.705578 -0.708278 0.022399
vn 0.899267 -0.356387 -0.253591
vn 0.967829 -0.188106 0.167105
vn -0.238597 -0.870189 0.431095
vn -0.180103 -0.967518 0.177403
vn -0.421505 -0.873910 0.242103
vn -0.238597 -0.870189 0.431095
vn -0.421505 -0.873910 0.242103
vn 0.240988 -0.969052 -0.053497
vn 0.000000 -1.000000 0.000000
vn 0.885919 -0.341207 0.314207
vn 0.842899 -0.091700 0.530200
vn 0.000000 -1.000000 0.000000
vn 0.842899 -0.091700 0.530200
vn 0.707189 -0.499892 0.499992
vn -0.999825 -0.000100 0.018700
vn 0.000000 -1.000000 0.000000
vn 0.707189 -0.499892 0.499992
vn -0.999825 -0.000100 0.018700
vn 0.707189 -0.499892 0.499992
vn -1.000000 0.000000 0.000000
vn 0.333311 -0.666722 -0.666622
vn 0.223588 -0.974348 -0.025599
vn 0.000000 -1.000000 0.000000
vn 0.333311 -0.666722 -0.666622
vn 0.000000 -1.000000 0.000000
vn -0.999825 -0.000100 0.018700
vn 0.223588 -0.974348 -0.025599
vn 0.993021 0.002900 -0.117902
vn 0.885919 -0.341207 0.314207
vn 0.223588 -0.974348 -0.025599
vn 0.885919 -0.341207 0.314207
vn 0.000000 -1.000000 0.000000
vn -0.367595 0.929086 -0.040899
vn -0.799215 0.590211 -0.113602
vn -0.793479 0.608584 0.004100
vn -0.367595 0.929086 -0.040899
vn -0.793479 0.608584 0.004100
vn -0.344396 0.938790 0.008000
vn 0.093202 -0.857418 0.506111
vn 0.517518 -0.663824 0.539919
vn 0.176999 -0.180099 0.967593
vn 0.093202 -0.857418 0.506111
vn 0.176999 -0.180099 0.967593
vn 0.235810 -0.437719 0.867638
vn 0.517792 -0.663389 0.540191
vn 0.648701 -0.648801 0.397800
vn 0.663115 -0.517912 0.540412
vn 0.517792 -0.663389 0.540191
vn 0.663115 -0.517912 0.540412
vn 0.179903 -0.177603 0.967518
vn 0.455719 0.860637 0.227210
vn -0.214500 0.968999 -0.122600
vn 0.245301 0.878105 0.410802
vn 0.455719 0.860637 0.227210
vn 0.245301 0.878105 0.410802
vn 0.182791 0.967453 0.174992
vn -0.344396 0.938790 0.008000
vn -0.793479 0.608584 0.004100
vn -0.795973 0.593880 0.117196
vn -0.344396 0.938790 0.008000
vn -0.795973 0.593880 0.117196
vn -0.369316 0.927941 0.050302
vn -0.229989 -0.450279 -0.862759
vn -0.185905 -0.172404 -0.967324
vn -0.421195 -0.241997 -0.874089
vn -0.229989 -0.450279 -0.862759
vn -0.421195 -0.241997 -0.874089
vn -0.166303 0.182604 -0.969020
vn 0.648701 -0.648801 0.397800
vn 0.707079 -0.706779 0.022399
vn 0.968083 -0.182297 0.171997
vn 0.648701 -0.648801 0.397800
vn 0.968083 -0.182297 0.171997
vn 0.663115 -0.517912 0.540412
vn -0.182492 0.967455 -0.175292
vn -0.594103 0.594003 -0.542403
vn -0.680823 0.681023 -0.269609
vn -0.182492 0.967455 -0.175292
vn -0.680823 0.681023 -0.269609
vn -0.404508 0.880518 -0.247105
vn 0.171905 -0.185305 0.967528
vn 0.663877 -0.517282 0.540081
vn 0.844977 -0.131096 0.518486
vn 0.171905 -0.185305 0.967528
vn 0.844977 -0.131096 0.518486
vn 0.461409 -0.224104 0.858417
vn -0.384804 -0.880609 0.276503
vn -0.097895 -0.949254 0.298886
vn -0.199908 -0.689827 0.695827
vn -0.384804 -0.880609 0.276503
vn -0.199908 -0.689827 0.695827
vn -0.586202 -0.691702 0.421801
vn 0.967450 -0.182309 -0.175509
vn 0.540018 -0.517417 -0.663822
vn 0.863428 -0.066902 -0.500016
vn 0.967450 -0.182309 -0.175509
vn 0.863428 -0.066902 -0.500016
vn 0.880777 -0.247194 -0.403890
vn -0.190694 0.967272 -0.167395
vn -0.594006 0.594006 -0.542506
vn -0.680795 0.681095 -0.269498
vn -0.190694 0.967272 -0.167395
vn -0.680795 0.681095 -0.269498
vn -0.413890 0.876879 -0.244494
vn -0.166303 0.182604 -0.969020
vn -0.421195 -0.241997 -0.874089
vn -0.177403 0.177403 -0.968017
vn -0.166303 0.182604 -0.969020
vn -0.177403 0.177403 -0.968017
vn 0.245310 0.410517 -0.878236
vn -0.179401 -0.174901 0.968104
vn 0.245101 -0.412202 0.877505
vn 0.076401 -0.234903 0.969012
vn -0.179401 -0.174901 0.968104
vn 0.076401 -0.234903 0.969012
vn -0.432510 0.238106 0.869621
vn 0.662905 -0.029900 0.748106
vn 0.837722 -0.452712 0.305408
vn 0.586202 0.691702 0.421801
vn 0.662905 -0.029900 0.748106
vn 0.586202 0.691702 0.421801
vn 0.200004 0.689813 0.695813
vn 0.594300 -0.593900 -0.542300
vn 0.480194 -0.480894 -0.733591
vn 0.540377 -0.517878 -0.663171
vn 0.594300 -0.593900 -0.542300
vn 0.540377 -0.517878 -0.663171
vn 0.967581 -0.182396 -0.174697
vn -0.199894 0.689879 -0.695779
vn 0.009200 0.716908 -0.697107
vn -0.560397 0.006800 -0.828196
vn -0.199894 0.689879 -0.695779
vn -0.560397 0.006800 -0.828196
vn -0.662903 -0.030000 -0.748104
vn -0.112403 -0.947228 -0.300209
vn -0.011700 -0.955180 -0.295794
vn 0.005300 -0.999065 -0.042899
vn -0.112403 -0.947228 -0.300209
vn 0.005300 -0.999065 -0.042899
vn -0.058599 -0.997385 -0.042299
vn -0.245103 -0.412404 -0.877409
vn -0.178100 -0.179500 -0.967502
vn -0.425414 -0.240608 -0.872428
vn -0.245103 -0.412404 -0.877409
vn -0.425414 -0.240608 -0.872428
vn 0.241701 0.051100 -0.969004
vn -0.176803 0.180703 0.967516
vn -0.245907 0.409112 0.878725
vn 0.262499 0.652798 0.710598
vn -0.176803 0.180703 0.967516
vn 0.262499 0.652798 0.710598
vn -0.517684 0.663480 0.540183
vn 0.205804 0.800415 -0.563011
vn -0.517770 0.540369 -0.663262
vn -0.180506 0.967534 -0.176906
vn 0.205804 0.800415 -0.563011
vn -0.180506 0.967534 -0.176906
vn -0.243704 0.875813 -0.416606
vn 0.707079 0.706779 -0.022399
vn 0.169709 0.968049 -0.184609
vn 0.475711 0.852920 0.215005
vn 0.707079 0.706779 -0.022399
vn 0.475711 0.852920 0.215005
vn 0.680995 0.680895 0.269498
vn 0.967519 -0.179704 -0.177803
vn 0.540590 -0.517890 -0.662987
vn 0.864915 -0.058401 -0.498509
vn 0.967519 -0.179704 -0.177803
vn 0.864915 -0.058401 -0.498509
vn 0.856474 -0.220793 -0.466586
vn -0.968986 0.233497 -0.080899
vn -0.875575 -0.243393 0.417288
vn -0.967806 0.188401 0.166901
vn -0.968986 0.233497 -0.080899
vn -0.967806 0.188401 0.166901
vn -0.881713 0.401406 -0.247904
vn 0.044801 0.242904 0.969015
vn 0.406895 -0.246497 0.879589
vn 0.179700 0.174600 0.968102
vn 0.044801 0.242904 0.969015
vn 0.179700 0.174600 0.968102
vn -0.245907 0.409112 0.878725
vn 0.171903 0.186403 -0.967318
vn 0.245310 0.410517 -0.878236
vn -0.082402 0.503214 -0.860224
vn 0.171903 0.186403 -0.967318
vn -0.082402 0.503214 -0.860224
vn 0.517478 0.663971 -0.539777
vn 0.680923 -0.680923 -0.269609
vn 0.448199 -0.863599 -0.230900
vn 0.172808 -0.967443 -0.184908
vn 0.680923 -0.680923 -0.269609
vn 0.172808 -0.967443 -0.184908
vn 0.594103 -0.594003 -0.542403
vn 0.680904 -0.680904 -0.269702
vn 0.422505 -0.873511 -0.241803
vn 0.171204 -0.967422 -0.186504
vn 0.680904 -0.680904 -0.269702
vn 0.171204 -0.967422 -0.186504
vn 0.593697 -0.594597 -0.542197
vn 0.235810 -0.437719 0.867638
vn 0.176999 -0.180099 0.967593
vn 0.439221 -0.235211 0.867041
vn 0.235810 -0.437719 0.867638
vn 0.439221 -0.235211 0.867041
vn -0.085899 0.231697 0.968988
vn 0.178498 -0.175898 -0.968090
vn -0.245103 -0.412404 -0.877409
vn 0.241701 0.051100 -0.969004
vn 0.178498 -0.175898 -0.968090
vn 0.241701 0.051100 -0.969004
vn 0.430300 0.238900 -0.870499
vn -0.177198 0.177198 -0.968092
vn -0.540405 0.517804 -0.663206
vn -0.480606 0.480606 -0.733509
vn -0.177198 0.177198 -0.968092
vn -0.480606 0.480606 -0.733509
vn -0.517770 0.540369 -0.663262
vn -0.267003 0.944110 0.193302
vn -0.112502 0.947217 0.300205
vn -0.058599 0.997385 0.042299
vn -0.267003 0.944110 0.193302
vn -0.058599 0.997385 0.042299
vn -0.369316 0.927941 0.050302
vn 0.188204 0.549211 -0.814216
vn -0.517792 0.540191 -0.663389
vn -0.182492 0.967455 -0.175292
vn 0.188204 0.549211 -0.814216
vn -0.182492 0.967455 -0.175292
vn -0.236199 0.867795 -0.437198
vn -0.059003 -0.997344 0.042702
vn -0.000300 -0.999079 0.042899
vn 0.011799 -0.955151 0.295885
vn -0.059003 -0.997344 0.042702
vn 0.011799 -0.955151 0.295885
vn -0.097895 -0.949254 0.298886
vn 0.969009 -0.060101 -0.239602
vn 0.890274 -0.251793 -0.379489
vn 0.967983 0.170097 -0.184597
vn 0.969009 -0.060101 -0.239602
vn 0.967983 0.170097 -0.184597
vn 0.871602 0.427501 0.239901
vn 0.593697 -0.594597 -0.542197
vn 0.480517 -0.480517 -0.733626
vn 0.540018 -0.517417 -0.663822
vn 0.593697 -0.594597 -0.542197
vn 0.540018 -0.517417 -0.663822
vn 0.967450 -0.182309 -0.175509
vn -0.680923 -0.680923 0.269609
vn -0.593765 -0.594465 0.542268
vn -0.967213 -0.193403 0.164602
vn -0.680923 -0.680923 0.269609
vn -0.967213 -0.193403 0.164602
vn -0.850911 -0.480806 0.211603
vn 0.480695 -0.480695 -0.733392
vn 0.517918 -0.540519 -0.663023
vn 0.175292 -0.178192 -0.968256
vn 0.480695 -0.480695 -0.733392
vn 0.175292 -0.178192 -0.968256
vn 0.540590 -0.517890 -0.662987
vn 0.076401 -0.234903 0.969012
vn 0.433789 -0.237394 0.869178
vn 0.175498 0.178898 0.968089
vn 0.076401 -0.234903 0.969012
vn 0.175498 0.178898 0.968089
vn -0.239484 0.428872 0.871043
vn 0.593900 0.594300 0.542300
vn 0.181000 0.967498 0.176600
vn 0.518010 0.540811 0.662713
vn 0.593900 0.594300 0.542300
vn 0.518010 0.540811 0.662713
vn 0.480807 0.480707 0.733311
vn -0.517785 0.540085 -0.663481
vn -0.480505 0.480405 -0.733707
vn -0.594006 0.594006 -0.542506
vn -0.517785 0.540085 -0.663481
vn -0.594006 0.594006 -0.542506
vn -0.190694 0.967272 -0.167395
vn 0.987035 0.009800 0.160206
vn 0.795973 0.593880 -0.117196
vn 0.793479 0.608584 -0.004100
vn 0.987035 0.009800 0.160206
vn 0.793479 0.608584 -0.004100
vn 0.900392 0.064999 -0.430196
vn 0.873624 0.422212 0.241907
vn 0.967977 0.187795 -0.166596
vn 0.706528 0.707328 -0.022501
vn 0.873624 0.422212 0.241907
vn 0.706528 0.707328 -0.022501
vn 0.681704 0.680104 0.269701
vn -0.175408 -0.181908 -0.967544
vn -0.663389 -0.517792 -0.540191
vn -0.788142 -0.218884 -0.575258
vn -0.175408 -0.181908 -0.967544
vn -0.788142 -0.218884 -0.575258
vn -0.401406 -0.247904 -0.881713
vn -0.663391 0.517893 0.540092
vn -0.175505 0.181905 0.967527
vn -0.517820 0.663425 0.540120
vn -0.663391 0.517893 0.540092
vn -0.517820 0.663425 0.540120
vn -0.648794 0.648894 0.397496
vn -0.097905 0.949245 -0.298914
vn 0.011699 0.955152 -0.295885
vn 0.009200 0.716908 -0.697107
vn -0.097905 0.949245 -0.298914
vn 0.009200 0.716908 -0.697107
vn -0.199894 0.689879 -0.695779
vn -0.967231 0.191506 -0.166705
vn -0.875665 0.416983 -0.243590
vn -0.680795 0.681095 -0.269498
vn -0.967231 0.191506 -0.166705
vn -0.680795 0.681095 -0.269498
vn -0.594006 0.594006 -0.542506
vn -0.900323 0.078902 -0.428011
vn -0.793485 -0.608589 -0.001000
vn -0.799215 -0.590211 0.113602
vn -0.900323 0.078902 -0.428011
vn -0.799215 -0.590211 0.113602
vn -0.987035 0.009800 -0.160206
vn -0.140405 -0.969037 -0.203108
vn -0.435586 -0.868471 0.236692
vn -0.169695 -0.968073 -0.184495
vn -0.140405 -0.969037 -0.203108
vn -0.169695 -0.968073 -0.184495
vn 0.242102 -0.874008 -0.421304
vn -0.409989 0.878376 -0.245693
vn -0.681013 0.680913 -0.269405
vn -0.706881 0.706981 0.022299
vn -0.409989 0.878376 -0.245693
vn -0.706881 0.706981 0.022299
vn -0.177102 0.968109 0.177202
vn -0.178308 0.968142 0.175808
vn -0.705778 0.708078 0.022399
vn -0.648994 0.648694 0.397496
vn -0.178308 0.968142 0.175808
vn -0.648994 0.648694 0.397496
vn -0.517497 0.663696 0.540097
vn -0.868111 0.236503 -0.436406
vn -0.968986 0.233497 -0.080899
vn -0.881713 0.401406 -0.247904
vn -0.868111 0.236503 -0.436406
vn -0.881713 0.401406 -0.247904
vn -0.967457 0.182292 -0.175492
vn -0.369196 -0.927989 -0.050299
vn -0.058599 -0.997385 -0.042299
vn -0.059401 -0.998219 0.005600
vn -0.369196 -0.927989 -0.050299
vn -0.059401 -0.998219 0.005600
vn -0.344396 -0.938790 -0.008100
vn -0.400479 0.248187 0.882054
vn -0.152997 0.193596 0.969078
vn -0.251198 0.384496 0.888292
vn -0.400479 0.248187 0.882054
vn -0.251198 0.384496 0.888292
vn -0.175505 0.181905 0.967527
vn 0.216196 0.853686 0.473792
vn -0.176797 0.968184 0.177097
vn -0.517820 0.663425 0.540120
vn 0.216196 0.853686 0.473792
vn -0.517820 0.663425 0.540120
vn 0.139699 0.841492 0.521895
vn -0.891058 0.252188 -0.377382
vn -0.969014 -0.147002 -0.198503
vn -0.868526 0.435413 -0.236807
vn -0.891058 0.252188 -0.377382
vn -0.868526 0.435413 -0.236807
vn -0.967342 0.170007 -0.188008
vn -0.435586 -0.868471 0.236692
vn -0.680422 -0.681422 0.269609
vn -0.707028 -0.706828 -0.022501
vn -0.435586 -0.868471 0.236692
vn -0.707028 -0.706828 -0.022501
vn -0.169695 -0.968073 -0.184495
vn 0.786264 -0.220590 -0.577173
vn 0.442193 0.233896 -0.865886
vn 0.171903 0.186403 -0.967318
vn 0.786264 -0.220590 -0.577173
vn 0.171903 0.186403 -0.967318
vn 0.663914 0.517411 -0.539911
vn 0.680022 -0.681822 -0.269609
vn 0.594300 -0.593900 -0.542300
vn 0.967581 -0.182396 -0.174697
vn 0.680022 -0.681822 -0.269609
vn 0.967581 -0.182396 -0.174697
vn 0.876488 -0.414894 -0.244197
vn -0.251006 0.385709 0.887820
vn 0.168897 0.185697 0.967983
vn 0.518026 0.540527 0.662933
vn -0.251006 0.385709 0.887820
vn 0.518026 0.540527 0.662933
vn 0.254009 0.736426 0.627022
vn -0.344396 -0.938790 -0.008100
vn -0.059401 -0.998219 0.005600
vn -0.059003 -0.997344 0.042702
vn -0.344396 -0.938790 -0.008100
vn -0.059003 -0.997344 0.042702
vn -0.367595 -0.929086 0.040899
vn 0.005300 0.999061 0.042998
vn 0.059003 0.997344 0.042702
vn 0.059402 0.998234 0.000200
vn 0.005300 0.999061 0.042998
vn 0.059402 0.998234 0.000200
vn -0.025500 0.998910 -0.039100
vn -0.663515 0.517712 0.540113
vn -0.176803 0.180703 0.967516
vn -0.517684 0.663480 0.540183
vn -0.663515 0.517712 0.540113
vn -0.517684 0.663480 0.540183
vn -0.648810 0.648810 0.397606
vn -0.518232 -0.540933 0.662441
vn -0.480906 -0.480306 0.733509
vn -0.593765 -0.594465 0.542268
vn -0.518232 -0.540933 0.662441
vn -0.593765 -0.594465 0.542268
vn -0.180103 -0.967518 0.177403
vn 0.179597 0.968086 -0.174797
vn -0.236199 0.867795 -0.437198
vn -0.214500 0.968999 -0.122600
vn 0.179597 0.968086 -0.174797
vn -0.214500 0.968999 -0.122600
vn 0.455719 0.860637 0.227210
vn 0.878507 0.245702 0.409703
vn 0.969031 0.243808 -0.039201
vn 0.877725 0.411612 0.245307
vn 0.878507 0.245702 0.409703
vn 0.877725 0.411612 0.245307
vn 0.967520 0.178904 0.178604
vn 0.967384 0.173897 0.184197
vn 0.896879 0.362491 0.253394
vn 0.681722 0.680122 0.269609
vn 0.967384 0.173897 0.184197
vn 0.681722 0.680122 0.269609
vn 0.593900 0.594300 0.542300
vn -0.209408 -0.693127 -0.689727
vn -0.009200 -0.716908 -0.697107
vn -0.011700 -0.955180 -0.295794
vn -0.209408 -0.693127 -0.689727
vn -0.011700 -0.955180 -0.295794
vn -0.112403 -0.947228 -0.300209
vn 0.594168 -0.593968 -0.542371
vn 0.480695 -0.480695 -0.733392
vn 0.540590 -0.517890 -0.662987
vn 0.594168 -0.593968 -0.542371
vn 0.540590 -0.517890 -0.662987
vn 0.967519 -0.179704 -0.177803
vn 0.344396 -0.938790 0.008100
vn 0.793479 -0.608584 0.004100
vn 0.796020 -0.593815 0.117203
vn 0.344396 -0.938790 0.008100
vn 0.796020 -0.593815 0.117203
vn 0.369316 -0.927941 0.050302
vn -0.540412 -0.517912 0.663115
vn -0.179401 -0.174901 0.968104
vn -0.432510 0.238106 0.869621
vn -0.540412 -0.517912 0.663115
vn -0.432510 0.238106 0.869621
vn -0.868113 -0.032400 0.495308
vn 0.172696 0.184296 -0.967580
vn 0.245100 0.412000 -0.877600
vn 0.188204 0.549211 -0.814216
vn 0.172696 0.184296 -0.967580
vn 0.188204 0.549211 -0.814216
vn 0.517497 0.663696 -0.540097
vn -0.440903 -0.866407 0.234402
vn -0.680404 -0.681404 0.269702
vn -0.705675 -0.708175 -0.022599
vn -0.440903 -0.866407 0.234402
vn -0.705675 -0.708175 -0.022599
vn -0.185504 -0.968019 -0.168903
vn 0.517478 0.663971 -0.539777
vn -0.082402 0.503214 -0.860224
vn -0.237310 0.868837 -0.434518
vn 0.517478 0.663971 -0.539777
vn -0.237310 0.868837 -0.434518
vn 0.181002 0.968111 -0.173202
vn 0.517189 -0.664186 0.539789
vn 0.648987 -0.648887 0.397192
vn 0.663877 -0.517282 0.540081
vn 0.517189 -0.664186 0.539789
vn 0.663877 -0.517282 0.540081
vn 0.171905 -0.185305 0.967528
vn -0.867976 -0.436788 0.236293
vn -0.967573 -0.180895 0.176295
vn -0.878580 -0.245794 0.409491
vn -0.867976 -0.436788 0.236293
vn -0.878580 -0.245794 0.409491
vn -0.969008 0.231202 -0.087001
vn -0.586202 -0.691702 0.421801
vn -0.199908 -0.689827 0.695827
vn -0.662905 0.029900 0.748106
vn -0.586202 -0.691702 0.421801
vn -0.662905 0.029900 0.748106
vn -0.837752 0.452674 0.305382
vn -0.432510 0.238106 0.869621
vn 0.076401 -0.234903 0.969012
vn -0.239484 0.428872 0.871043
vn -0.432510 0.238106 0.869621
vn -0.239484 0.428872 0.871043
vn -0.177403 0.180103 0.967518
vn -0.000400 0.999075 -0.042999
vn 0.058599 0.997385 -0.042299
vn 0.112601 0.947206 -0.300202
vn -0.000400 0.999075 -0.042999
vn 0.112601 0.947206 -0.300202
vn 0.011699 0.955152 -0.295885
vn -0.968136 -0.179807 -0.174306
vn -0.857234 -0.464418 0.222409
vn -0.968998 0.223600 0.105100
vn -0.968136 -0.179807 -0.174306
vn -0.968998 0.223600 0.105100
vn -0.867875 0.236293 -0.436988
vn 0.882310 -0.248203 -0.399905
vn 0.651204 -0.262102 -0.712205
vn 0.663206 0.517804 -0.540405
vn 0.882310 -0.248203 -0.399905
vn 0.663206 0.517804 -0.540405
vn 0.968120 0.174704 -0.179504
vn 0.680904 -0.680904 -0.269702
vn 0.594097 -0.594197 -0.542198
vn 0.967491 -0.185598 -0.171798
vn 0.680904 -0.680904 -0.269702
vn 0.967491 -0.185598 -0.171798
vn 0.870537 -0.430218 -0.238910
vn -0.011700 -0.955180 -0.295794
vn 0.097997 -0.949274 -0.298792
vn 0.059003 -0.997344 -0.042702
vn -0.011700 -0.955180 -0.295794
vn 0.059003 -0.997344 -0.042702
vn 0.005300 -0.999065 -0.042899
vn 0.245301 0.878105 0.410802
vn -0.188899 0.967796 0.166399
vn -0.517820 0.663425 0.540120
vn 0.245301 0.878105 0.410802
vn -0.517820 0.663425 0.540120
vn 0.177101 0.541702 0.821702
vn 0.244793 0.413088 -0.877174
vn -0.177198 0.177198 -0.968092
vn -0.517770 0.540369 -0.663262
vn 0.244793 0.413088 -0.877174
vn -0.517770 0.540369 -0.663262
vn 0.205804 0.800415 -0.563011
vn 0.450099 0.230199 -0.862798
vn 0.147298 -0.198398 -0.968990
vn 0.238398 0.431397 -0.870094
vn 0.450099 0.230199 -0.862798
vn 0.238398 0.431397 -0.870094
vn 0.188494 0.169894 -0.967267
vn -0.179808 -0.177008 -0.967645
vn -0.663604 -0.517503 -0.540203
vn -0.548898 -0.187899 -0.814497
vn -0.179808 -0.177008 -0.967645
vn -0.548898 -0.187899 -0.814497
vn -0.415096 -0.244198 -0.876392
vn -0.367595 -0.929086 0.040899
vn -0.059003 -0.997344 0.042702
vn -0.097895 -0.949254 0.298886
vn -0.367595 -0.929086 0.040899
vn -0.097895 -0.949254 0.298886
vn -0.384804 -0.880609 0.276503
vn 0.178907 0.967537 0.178507
vn 0.242102 0.874008 0.421304
vn 0.254009 0.736426 0.627022
vn 0.178907 0.967537 0.178507
vn 0.254009 0.736426 0.627022
vn 0.518026 0.540527 0.662933
vn 0.188494 0.169894 -0.967267
vn 0.238398 0.431397 -0.870094
vn -0.156993 0.530276 -0.833163
vn 0.188494 0.169894 -0.967267
vn -0.156993 0.530276 -0.833163
vn 0.517690 0.663388 -0.540290
vn 0.707476 0.706376 -0.022599
vn 0.179597 0.968086 -0.174797
vn 0.455719 0.860637 0.227210
vn 0.707476 0.706376 -0.022599
vn 0.455719 0.860637 0.227210
vn 0.681376 0.680476 0.269591
vn -0.621107 -0.251403 0.742309
vn -0.447002 0.231701 0.864004
vn -0.184404 0.172904 0.967522
vn -0.621107 -0.251403 0.742309
vn -0.184404 0.172904 0.967522
vn -0.663330 0.517624 0.540425
vn 0.430300 0.238900 -0.870499
vn 0.241701 0.051100 -0.969004
vn 0.239401 0.429001 -0.871002
vn 0.430300 0.238900 -0.870499
vn 0.239401 0.429001 -0.871002
vn 0.175301 0.182202 -0.967508
vn 0.517690 0.663388 -0.540290
vn -0.156993 0.530276 -0.833163
vn -0.229904 0.862715 -0.450408
vn 0.517690 0.663388 -0.540290
vn -0.229904 0.862715 -0.450408
vn 0.177208 0.968143 -0.176908
vn 0.870537 -0.430218 -0.238910
vn 0.967491 -0.185598 -0.171798
vn 0.874294 -0.242298 -0.420597
vn 0.870537 -0.430218 -0.238910
vn 0.874294 -0.242298 -0.420597
vn 0.969064 -0.226992 0.096896
vn 0.182591 -0.968153 0.171292
vn -0.224211 -0.858543 0.461123
vn 0.222193 -0.969070 0.107397
vn 0.182591 -0.968153 0.171292
vn 0.222193 -0.969070 0.107397
vn 0.451700 -0.862200 -0.229300
vn -0.967494 -0.181699 0.175899
vn -0.540412 -0.517912 0.663115
vn -0.868113 -0.032400 0.495308
vn -0.967494 -0.181699 0.175899
vn -0.868113 -0.032400 0.495308
vn -0.870776 -0.238993 0.429688
vn 0.862779 0.450289 0.229894
vn 0.967891 0.188498 -0.166298
vn 0.707476 0.706376 -0.022599
vn 0.862779 0.450289 0.229894
vn 0.707476 0.706376 -0.022599
vn 0.681376 0.680476 0.269591
vn 0.707079 -0.706779 0.022399
vn 0.176594 -0.968166 0.177394
vn 0.448199 -0.863599 -0.230900
vn 0.707079 -0.706779 0.022399
vn 0.448199 -0.863599 -0.230900
vn 0.680923 -0.680923 -0.269609
vn -0.967279 -0.189596 0.168596
vn -0.539813 -0.517512 0.663915
vn -0.520704 -0.136801 0.842706
vn -0.967279 -0.189596 0.168596
vn -0.520704 -0.136801 0.842706
vn -0.875575 -0.243393 0.417288
vn 0.896879 0.362491 0.253394
vn 0.968080 0.173696 -0.180696
vn 0.707084 0.706784 -0.022100
vn 0.896879 0.362491 0.253394
vn 0.707084 0.706784 -0.022100
vn 0.681722 0.680122 0.269609
vn 0.648971 0.648971 -0.397082
vn 0.517497 0.663696 -0.540097
vn 0.179597 0.968086 -0.174797
vn 0.648971 0.648971 -0.397082
vn 0.179597 0.968086 -0.174797
vn 0.707476 0.706376 -0.022599
vn 0.169709 0.968049 -0.184609
vn -0.240993 0.872773 -0.424487
vn -0.062900 0.969103 -0.238501
vn 0.169709 0.968049 -0.184609
vn -0.062900 0.969103 -0.238501
vn 0.475711 0.852920 0.215005
vn -0.369316 0.927941 0.050302
vn -0.058599 0.997385 0.042299
vn -0.059401 0.998219 -0.005500
vn -0.369316 0.927941 0.050302
vn -0.059401 0.998219 -0.005500
vn -0.344396 0.938790 0.008000
vn -0.480306 -0.480906 0.733509
vn -0.517396 -0.540196 0.663695
vn -0.170995 -0.183295 0.968072
vn -0.480306 -0.480906 0.733509
vn -0.170995 -0.183295 0.968072
vn -0.540120 -0.517820 0.663425
vn 0.005300 -0.999065 -0.042899
vn 0.059003 -0.997344 -0.042702
vn 0.059502 -0.998228 -0.000200
vn 0.005300 -0.999065 -0.042899
vn 0.059502 -0.998228 -0.000200
vn -0.011800 -0.998908 -0.045200
vn 0.177208 0.968143 -0.176908
vn -0.243704 0.875813 -0.416606
vn -0.167303 0.969017 -0.181703
vn 0.177208 0.968143 -0.176908
vn -0.167303 0.969017 -0.181703
vn 0.415003 0.876407 0.244302
vn -0.404508 0.880518 -0.247105
vn -0.680823 0.681023 -0.269609
vn -0.707276 0.706576 0.022599
vn -0.404508 0.880518 -0.247105
vn -0.707276 0.706576 0.022599
vn -0.188899 0.967796 0.166399
vn -0.229904 0.862715 -0.450408
vn -0.171003 0.967419 -0.186704
vn -0.430592 0.870384 -0.238795
vn -0.229904 0.862715 -0.450408
vn -0.430592 0.870384 -0.238795
vn 0.246791 0.969065 -0.002800
vn 0.480194 -0.480894 -0.733591
vn 0.517417 -0.540018 -0.663822
vn 0.174604 -0.179604 -0.968120
vn 0.480194 -0.480894 -0.733591
vn 0.174604 -0.179604 -0.968120
vn 0.540377 -0.517878 -0.663171
vn -0.011700 0.955180 0.295794
vn 0.097905 0.949245 0.298914
vn 0.059003 0.997344 0.042702
vn -0.011700 0.955180 0.295794
vn 0.059003 0.997344 0.042702
vn 0.005300 0.999061 0.042998
vn 0.517884 -0.540483 -0.663079
vn 0.151305 -0.836026 -0.527416
vn -0.229989 -0.450279 -0.862759
vn 0.517884 -0.540483 -0.663079
vn -0.229989 -0.450279 -0.862759
vn 0.177595 -0.176895 -0.968074
vn 0.527016 0.756723 -0.386812
vn 0.267008 0.944128 -0.193206
vn 0.369284 0.927960 -0.050198
vn 0.527016 0.756723 -0.386812
vn 0.369284 0.927960 -0.050198
vn 0.795973 0.593880 -0.117196
vn -0.967806 0.188401 0.166901
vn -0.663391 0.517893 0.540092
vn -0.648794 0.648894 0.397496
vn -0.967806 0.188401 0.166901
vn -0.648794 0.648894 0.397496
vn -0.707276 0.706576 0.022599
vn -0.170995 -0.183295 0.968072
vn 0.242497 -0.420494 0.874288
vn 0.044801 0.242904 0.969015
vn -0.170995 -0.183295 0.968072
vn 0.044801 0.242904 0.969015
vn -0.397604 0.248703 0.883209
vn -0.494104 0.012900 -0.869307
vn -0.847404 0.204701 -0.489902
vn -0.967229 0.165905 -0.192206
vn -0.494104 0.012900 -0.869307
vn -0.967229 0.165905 -0.192206
vn -0.539876 0.517377 -0.663970
vn -0.180506 0.967534 -0.176906
vn -0.594006 0.594006 -0.542506
vn -0.681013 0.680913 -0.269405
vn -0.180506 0.967534 -0.176906
vn -0.681013 0.680913 -0.269405
vn -0.409989 0.878376 -0.245693
vn 0.119094 0.849558 -0.513875
vn -0.517792 0.540191 -0.663389
vn -0.171298 0.967387 -0.186598
vn 0.119094 0.849558 -0.513875
vn -0.171298 0.967387 -0.186598
vn -0.240993 0.872773 -0.424487
vn -0.539876 0.517377 -0.663970
vn -0.967229 0.165905 -0.192206
vn -0.593933 0.594333 -0.542230
vn -0.539876 0.517377 -0.663970
vn -0.593933 0.594333 -0.542230
vn -0.480306 0.480906 -0.733509
vn -0.968092 0.177198 0.177198
vn -0.663425 0.517820 0.540120
vn -0.648794 0.648894 0.397496
vn -0.968092 0.177198 0.177198
vn -0.648794 0.648894 0.397496
vn -0.705977 0.707877 0.022499
vn -0.788142 -0.218884 -0.575258
vn -0.876709 0.244403 -0.414304
vn -0.967537 0.179207 -0.178207
vn -0.788142 -0.218884 -0.575258
vn -0.967537 0.179207 -0.178207
vn -0.540405 0.517804 -0.663206
vn -0.369316 0.927941 0.050302
vn -0.795973 0.593880 0.117196
vn -0.527016 0.756723 0.386812
vn -0.369316 0.927941 0.050302
vn -0.527016 0.756723 0.386812
vn -0.267003 0.944110 0.193302
vn 0.969064 -0.226992 0.096896
vn 0.874294 -0.242298 -0.420597
vn 0.967977 0.187795 -0.166596
vn 0.969064 -0.226992 0.096896
vn 0.967977 0.187795 -0.166596
vn 0.873624 0.422212 0.241907
vn -0.520704 -0.136801 0.842706
vn -0.400479 0.248187 0.882054
vn -0.175505 0.181905 0.967527
vn -0.520704 -0.136801 0.842706
vn -0.175505 0.181905 0.967527
vn -0.663391 0.517893 0.540092
vn 0.594000 0.594200 0.542300
vn 0.178907 0.967537 0.178507
vn 0.518026 0.540527 0.662933
vn 0.594000 0.594200 0.542300
vn 0.518026 0.540527 0.662933
vn 0.480394 0.480694 0.733591
vn 0.648878 -0.648878 0.397386
vn 0.517820 -0.663425 0.540120
vn 0.179501 -0.968103 0.174801
vn 0.648878 -0.648878 0.397386
vn 0.179501 -0.968103 0.174801
vn 0.707029 -0.706829 0.022401
vn 0.877600 0.245100 0.412000
vn 0.969049 -0.227311 -0.096305
vn 0.896879 0.362491 0.253394
vn 0.877600 0.245100 0.412000
vn 0.896879 0.362491 0.253394
vn 0.967384 0.173897 0.184197
vn 0.177208 0.968143 -0.176908
vn -0.229904 0.862715 -0.450408
vn 0.246791 0.969065 -0.002800
vn 0.177208 0.968143 -0.176908
vn 0.246791 0.969065 -0.002800
vn 0.426109 0.872118 0.240505
vn 0.242102 0.874008 0.421304
vn -0.190996 0.967777 0.164096
vn -0.517398 0.664097 0.539698
vn 0.242102 0.874008 0.421304
vn -0.517398 0.664097 0.539698
vn 0.254009 0.736426 0.627022
vn -0.184207 -0.170207 0.968038
vn 0.235810 -0.437719 0.867638
vn -0.085899 0.231697 0.968988
vn -0.184207 -0.170207 0.968038
vn -0.085899 0.231697 0.968988
vn -0.423716 0.241409 0.873033
vn -0.517678 -0.540077 0.663571
vn -0.480695 -0.480695 0.733392
vn -0.594103 -0.594003 0.542403
vn -0.517678 -0.540077 0.663571
vn -0.594103 -0.594003 0.542403
vn -0.186195 -0.967377 0.171796
vn 0.059003 0.997344 0.042702
vn 0.367595 0.929086 0.040899
vn 0.344396 0.938790 -0.008000
vn 0.059003 0.997344 0.042702
vn 0.344396 0.938790 -0.008000
vn 0.059402 0.998234 0.000200
vn -0.251198 0.384496 0.888292
vn 0.171906 0.182107 0.968135
vn 0.517484 0.539883 0.663880
vn -0.251198 0.384496 0.888292
vn 0.517484 0.539883 0.663880
vn 0.177101 0.541702 0.821702
vn 0.837921 0.452411 -0.305308
vn 0.527016 0.756723 -0.386812
vn 0.795973 0.593880 -0.117196
vn 0.837921 0.452411 -0.305308
vn 0.795973 0.593880 -0.117196
vn 0.987035 0.009800 0.160206
vn 0.517820 -0.663425 0.540120
vn 0.648878 -0.648878 0.397386
vn 0.663297 -0.517798 0.540298
vn 0.517820 -0.663425 0.540120
vn 0.663297 -0.517798 0.540298
vn 0.171698 -0.185698 0.967490
vn 0.540018 -0.517417 -0.663822
vn 0.169904 -0.185104 -0.967920
vn 0.450099 0.230199 -0.862798
vn 0.540018 -0.517417 -0.663822
vn 0.450099 0.230199 -0.862798
vn 0.863428 -0.066902 -0.500016
vn 0.648710 0.648910 -0.397606
vn 0.517671 0.663663 -0.539970
vn 0.177208 0.968143 -0.176908
vn 0.648710 0.648910 -0.397606
vn 0.177208 0.968143 -0.176908
vn 0.706578 0.707278 -0.022499
vn 0.663788 0.517491 -0.539990
vn 0.172696 0.184296 -0.967580
vn 0.517497 0.663696 -0.540097
vn 0.663788 0.517491 -0.539990
vn 0.517497 0.663696 -0.540097
vn 0.648971 0.648971 -0.397082
vn -0.518232 -0.540933 0.662441
vn -0.265604 -0.682009 0.681409
vn 0.238806 -0.430911 0.870223
vn -0.518232 -0.540933 0.662441
vn 0.238806 -0.430911 0.870223
vn -0.166292 -0.188191 0.967952
vn -0.662905 0.029900 0.748106
vn -0.560392 -0.008100 0.828188
vn -0.009200 0.716908 0.697107
vn -0.662905 0.029900 0.748106
vn -0.009200 0.716908 0.697107
vn -0.209504 0.693112 0.689712
vn 0.000000 0.000000 1.000000
vn -0.037100 0.999311 0.000600
vn 0.333311 0.666622 0.666722
vn 0.000000 0.000000 1.000000
vn 0.333311 0.666622 0.666722
vn -0.999719 -0.023700 0.000200
vn 0.707189 -0.499892 0.499992
vn 0.000000 0.000000 1.000000
vn -0.999719 -0.023700 0.000200
vn 0.707189 -0.499892 0.499992
vn -0.999719 -0.023700 0.000200
vn -1.000000 0.000000 0.000000
vn 0.842899 -0.091700 0.530200
vn 0.461925 -0.056003 0.885149
vn 0.000000 0.000000 1.000000
vn 0.842899 -0.091700 0.530200
vn 0.000000 0.000000 1.000000
vn 0.707189 -0.499892 0.499992
vn 0.461925 -0.056003 0.885149
vn 0.993021 -0.002900 0.117902
vn -0.037100 0.999311 0.000600
vn 0.461925 -0.056003 0.885149
vn -0.037100 0.999311 0.000600
vn 0.000000 0.000000 1.000000
vn -0.169198 -0.188998 -0.967291
vn -0.663114 -0.517811 -0.540511
vn -0.494104 0.012900 -0.869307
vn -0.169198 -0.188998 -0.967291
vn -0.494104 0.012900 -0.869307
vn -0.441484 -0.234191 -0.866168
vn -0.706526 -0.707326 -0.022601
vn -0.679803 -0.682003 0.269701
vn -0.857234 -0.464418 0.222409
vn -0.706526 -0.707326 -0.022601
vn -0.857234 -0.464418 0.222409
vn -0.968136 -0.179807 -0.174306
vn -0.876709 0.244403 -0.414304
vn -0.969008 0.231202 -0.087001
vn -0.882474 0.399488 -0.248293
vn -0.876709 0.244403 -0.414304
vn -0.882474 0.399488 -0.248293
vn -0.967537 0.179207 -0.178207
vn -0.540120 0.517820 -0.663425
vn -0.967342 0.170007 -0.188008
vn -0.593974 0.593974 -0.542576
vn -0.540120 0.517820 -0.663425
vn -0.593974 0.593974 -0.542576
vn -0.480695 0.480695 -0.733392
vn 0.648801 0.648701 -0.397800
vn 0.517478 0.663971 -0.539777
vn 0.181002 0.968111 -0.173202
vn 0.648801 0.648701 -0.397800
vn 0.181002 0.968111 -0.173202
vn 0.706528 0.707328 -0.022501
vn -0.059003 0.997344 -0.042702
vn -0.000400 0.999075 -0.042999
vn 0.011699 0.955152 -0.295885
vn -0.059003 0.997344 -0.042702
vn 0.011699 0.955152 -0.295885
vn -0.097905 0.949245 -0.298914
vn -0.178304 -0.967519 0.179204
vn -0.594139 -0.593939 0.542435
vn -0.680422 -0.681422 0.269609
vn -0.178304 -0.967519 0.179204
vn -0.680422 -0.681422 0.269609
vn -0.435586 -0.868471 0.236692
vn 0.171906 0.182107 0.968135
vn 0.540006 0.517706 0.663607
vn 0.480695 0.480695 0.733392
vn 0.171906 0.182107 0.968135
vn 0.480695 0.480695 0.733392
vn 0.517484 0.539883 0.663880
vn -0.987052 -0.009701 0.160108
vn -0.795936 -0.593927 -0.117205
vn -0.793485 -0.608589 -0.001000
vn -0.987052 -0.009701 0.160108
vn -0.793485 -0.608589 -0.001000
vn -0.900323 0.078902 -0.428011
vn 0.593697 -0.594597 -0.542197
vn 0.171204 -0.967422 -0.186504
vn 0.517991 -0.540491 -0.662989
vn 0.593697 -0.594597 -0.542197
vn 0.517991 -0.540491 -0.662989
vn 0.480517 -0.480517 -0.733626
vn -0.265604 -0.682009 0.681409
vn -0.518232 -0.540933 0.662441
vn -0.180103 -0.967518 0.177403
vn -0.265604 -0.682009 0.681409
vn -0.180103 -0.967518 0.177403
vn -0.238597 -0.870189 0.431095
s off
g fromBlender1:Mesh
usemtl fromBlender:Noir_001
f 1448/3932/7465 1449/3933/7466 1450/3934/7467
f 1448/3932/7468 1450/3934/7469 1451/3935/7470
f 1452/3936/7471 1453/3937/7472 1454/3938/7473
f 1452/3939/7474 1454/3940/7475 1455/3941/7476
f 1460/3942/7477 1461/3943/7478 1462/3944/7479
f 1460/3942/7480 1462/3944/7481 1463/3945/7482
f 1464/3946/7483 1465/3947/7484 1466/3948/7485
f 1464/3946/7486 1466/3948/7487 1467/3949/7488
f 1468/3950/7489 1469/3951/7490 1470/3952/7491
f 1468/3950/7492 1470/3952/7493 1471/3953/7494
f 1472/3954/7495 1473/3955/7496 1474/3956/7497
f 1472/3954/7498 1474/3956/7499 1475/3957/7500
f 1476/3958/7501 1477/3959/7502 1478/3960/7503
f 1476/3958/7504 1478/3960/7505 1479/3961/7506
f 1480/3962/7507 1481/3963/7508 1482/3964/7509
f 1480/3965/7510 1482/3966/7511 1483/3967/7512
f 1486/3968/7513 1487/3969/7514 1488/3970/7515
f 1486/3968/7516 1488/3970/7517 1489/3971/7518
f 1490/3972/7519 1491/3973/7520 1492/3974/7521
f 1490/3972/7522 1492/3974/7523 1493/3975/7524
f 1501/3976/7525 1502/3977/7526 1503/3978/7527
f 1501/3976/7528 1503/3978/7529 1504/3979/7530
f 1509/3980/7531 1510/3981/7532 1511/3982/7533
f 1509/3980/7534 1511/3982/7535 1512/3983/7536
f 1513/3984/7537 1514/3985/7538 1515/3986/7539
f 1513/3984/7540 1515/3986/7541 1516/3987/7542
f 1523/3988/7543 1524/3989/7544 1525/3990/7545
f 1523/3988/7546 1525/3990/7547 1526/3991/7548
f 1527/3992/7549 1528/3993/7550 1529/3994/7551
f 1527/3995/7552 1529/3996/7553 1530/3997/7554
f 1533/3998/7555 1534/3999/7556 1518/4000/7557
f 1533/3998/7558 1518/4000/7559 1535/4001/7560
f 1536/4002/7561 1537/4003/7562 1538/4004/7563
f 1536/4002/7564 1538/4004/7565 1539/4005/7566
f 1542/4006/7567 1543/4007/7568 1544/4008/7569
f 1542/4006/7570 1544/4008/7571 1545/4009/7572
f 1546/4010/7573 1509/3980/7574 1512/3983/7575
f 1546/4010/7576 1512/3983/7577 1547/4011/7578
f 1548/4012/7579 1549/4013/7580 1550/4014/7581
f 1548/4012/7582 1550/4014/7583 1551/4015/7584
f 1552/4016/7585 1553/4017/7586 1554/4018/7587
f 1552/4016/7588 1554/4018/7589 1555/4019/7590
f 1557/4020/7591 1558/4021/7592 1559/4022/7593
f 1557/4020/7594 1559/4022/7595 1560/4023/7596
f 1562/4024/7597 1563/4025/7598 1564/4026/7599
f 1562/4024/7600 1564/4026/7601 1565/4027/7602
f 1568/4028/7603 1526/3991/7604 1569/4029/7605
f 1568/4028/7606 1569/4029/7607 1570/4030/7608
f 1571/4031/7609 1572/4032/7610 1573/4033/7611
f 1571/4031/7612 1573/4033/7613 1574/4034/7614
f 1545/4035/7615 1575/4036/7616 1576/4037/7617
f 1545/4035/7618 1576/4037/7619 1577/4038/7620
f 1579/4039/7621 1580/4040/7622 1581/4041/7623
f 1579/4039/7624 1581/4041/7625 1582/4042/7626
f 1583/4043/7627 1584/4044/7628 1585/4045/7629
f 1583/4043/7630 1585/4045/7631 1586/4046/7632
f 1587/4047/7633 1588/4048/7634 1523/3988/7635
f 1587/4047/7636 1523/3988/7637 1589/4049/7638
f 1592/4050/7639 1486/4051/7640 1489/4052/7641
f 1592/4050/7642 1489/4052/7643 1593/4053/7644
f 1594/4054/7645 1595/4055/7646 1596/4056/7647
f 1594/4054/7648 1596/4056/7649 1597/4057/7650
f 1494/4058/7651 1497/4059/7652 1598/4060/7653
f 1494/4058/7654 1598/4060/7655 1599/4061/7656
f 1600/4062/7657 1601/4063/7658 1602/4064/7659
f 1600/4062/7660 1602/4064/7661 1586/4065/7662
f 1603/4066/7663 1604/4067/7664 1605/4068/7665
f 1603/4066/7666 1605/4068/7667 1606/4069/7668
f 1543/4007/7669 1560/4023/7670 1608/4070/7671
f 1543/4007/7672 1608/4070/7673 1544/4008/7674
f 1454/4071/7675 1453/4072/7676 1609/4073/7677
f 1454/4074/7678 1609/4075/7679 1610/4076/7680
f 1611/4077/7681 1612/4078/7682 1613/4079/7683
f 1611/4077/7684 1613/4079/7685 1614/4080/7686
f 1534/3999/7687 1615/4081/7688 1616/4082/7689
f 1534/3999/7690 1616/4082/7691 1518/4000/7692
f 1521/4083/7693 1522/4084/7694 1617/4085/7695
f 1521/4083/7696 1617/4085/7697 1618/4086/7698
f 1620/4087/7699 1621/4088/7700 1622/4089/7701
f 1620/4087/7702 1622/4089/7703 1530/3997/7704
f 1551/4015/7705 1550/4014/7706 1498/4090/7707
f 1551/4015/7708 1498/4090/7709 1497/4059/7710
f 1615/4081/7711 1624/4091/7712 1625/4092/7713
f 1615/4081/7714 1625/4092/7715 1616/4082/7716
f 1626/4093/7717 1627/4094/7718 1576/4095/7719
f 1626/4093/7720 1576/4095/7721 1628/4096/7722
f 1484/4097/7723 1629/4098/7724 1630/4099/7725
f 1484/4097/7726 1630/4099/7727 1485/4100/7728
f 1632/4101/7729 1521/4083/7730 1618/4086/7731
f 1632/4101/7732 1618/4086/7733 1624/4102/7734
f 1606/4069/7735 1605/4068/7736 1633/4103/7737
f 1606/4069/7738 1633/4103/7739 1634/4104/7740
f 1635/4105/7741 1636/4106/7742 1534/3999/7743
f 1635/4105/7744 1534/3999/7745 1533/3998/7746
f 1637/4107/7747 1638/4108/7748 1453/4109/7749
f 1637/4110/7750 1453/4111/7751 1452/4112/7752
f 1639/4113/7753 1640/4114/7754 1641/4115/7755
f 1639/4116/7756 1641/4117/7757 1642/4118/7758
f 1556/4119/7759 1644/4120/7760 1645/4121/7761
f 1556/4119/7762 1645/4121/7763 1646/4122/7764
f 1647/4123/7765 1648/4124/7766 1649/4125/7767
f 1647/4123/7768 1649/4125/7769 1650/4126/7770
f 1651/4127/7771 1463/3945/7772 1652/4128/7773
f 1651/4127/7774 1652/4128/7775 1653/4129/7776
f 1654/4130/7777 1655/4131/7778 1656/4132/7779
f 1654/4130/7780 1656/4132/7781 1657/4133/7782
f 1512/3983/7783 1511/3982/7784 1658/4134/7785
f 1512/3983/7786 1658/4134/7787 1659/4135/7788
f 1660/4136/7789 1661/4137/7790 1662/4138/7791
f 1660/4136/7792 1662/4138/7793 1515/4139/7794
f 1663/4140/7795 1664/4141/7796 1500/4142/7797
f 1663/4140/7798 1500/4142/7799 1650/4143/7800
f 1506/4144/7801 1665/4145/7802 1469/3951/7803
f 1506/4144/7804 1469/3951/7805 1468/3950/7806
f 1668/4146/7807 1669/4147/7808 1670/4148/7809
f 1668/4146/7810 1670/4148/7811 1671/4149/7812
f 1672/4150/7813 1673/4151/7814 1674/4152/7815
f 1672/4150/7816 1674/4152/7817 1675/4153/7818
f 1676/4154/7819 1672/4155/7820 1675/4156/7821
f 1676/4157/7822 1675/4158/7823 1677/4159/7824
f 1678/4160/7825 1679/4161/7826 1672/4162/7827
f 1678/4163/7828 1672/4164/7829 1676/4165/7830
f 1679/4166/7831 1680/4167/7832 1673/4151/7833
f 1679/4166/7834 1673/4151/7835 1672/4150/7836
f 1681/4168/7837 1682/4169/7838 1636/4106/7839
f 1681/4168/7840 1636/4106/7841 1635/4105/7842
f 1612/4078/7843 1683/4170/7844 1557/4020/7845
f 1612/4078/7846 1557/4020/7847 1613/4079/7848
f 1526/3991/7849 1525/3990/7850 1685/4171/7851
f 1526/3991/7852 1685/4171/7853 1569/4029/7854
f 1657/4172/7855 1656/4173/7856 1687/4174/7857
f 1657/4172/7858 1687/4174/7859 1688/4175/7860
f 1696/4176/7861 1697/4177/7862 1521/4083/7863
f 1696/4176/7864 1521/4083/7865 1632/4101/7866
f 1449/3933/7867 1698/4178/7868 1699/4179/7869
f 1449/3933/7870 1699/4179/7871 1450/3934/7872
f 1530/4180/7873 1622/4181/7874 1700/4182/7875
f 1530/4180/7876 1700/4182/7877 1527/4183/7878
f 1701/4184/7879 1702/4185/7880 1694/4186/7881
f 1701/4184/7882 1694/4186/7883 1703/4187/7884
f 1704/4188/7885 1705/4189/7886 1706/4190/7887
f 1704/4191/7888 1706/4192/7889 1707/4193/7890
f 1708/4194/7891 1709/4195/7892 1655/4131/7893
f 1708/4194/7894 1655/4131/7895 1654/4130/7896
f 1710/4196/7897 1711/4197/7898 1712/4198/7899
f 1710/4196/7900 1712/4198/7901 1465/3947/7902
f 1713/4199/7903 1714/4200/7904 1715/4201/7905
f 1713/4199/7906 1715/4201/7907 1716/4202/7908
f 1717/4203/7909 1718/4204/7910 1719/4205/7911
f 1717/4203/7912 1719/4205/7913 1720/4206/7914
f 1547/4011/7915 1512/3983/7916 1659/4135/7917
f 1547/4011/7918 1659/4135/7919 1721/4207/7920
f 1722/4208/7921 1723/4209/7922 1471/4210/7923
f 1722/4208/7924 1471/4210/7925 1470/4211/7926
f 1724/4212/7927 1725/4213/7928 1726/4214/7929
f 1724/4212/7930 1726/4214/7931 1727/4215/7932
f 1729/4216/7933 1730/4217/7934 1731/4218/7935
f 1729/4216/7936 1731/4218/7937 1732/4219/7938
f 1655/4220/7939 1733/4221/7940 1687/4222/7941
f 1655/4220/7942 1687/4222/7943 1656/4223/7944
f 1734/4224/7945 1735/4225/7946 1571/4226/7947
f 1734/4224/7948 1571/4226/7949 1574/4227/7950
f 1492/3974/7951 1736/4228/7952 1561/4229/7953
f 1492/3974/7954 1561/4229/7955 1643/4230/7956
f 1737/4231/7957 1738/4232/7958 1739/4233/7959
f 1737/4231/7960 1739/4233/7961 1740/4234/7962
f 1741/4235/7963 1742/4236/7964 1666/4237/7965
f 1741/4235/7966 1666/4237/7967 1743/4238/7968
f 1517/4239/7969 1507/4240/7970 1744/4241/7971
f 1517/4239/7972 1744/4241/7973 1601/4063/7974
f 1745/4242/7975 1746/4243/7976 1747/4244/7977
f 1745/4242/7978 1747/4244/7979 1748/4245/7980
f 1750/4246/7981 1751/4247/7982 1588/4048/7983
f 1750/4246/7984 1588/4048/7985 1587/4047/7986
f 1549/4248/7987 1548/4249/7988 1752/4250/7989
f 1549/4248/7990 1752/4250/7991 1753/4251/7992
f 1597/4057/7993 1596/4056/7994 1723/4209/7995
f 1597/4057/7996 1723/4209/7997 1722/4208/7998
f 1758/4252/7999 1759/4253/8000 1710/4196/8001
f 1758/4252/8002 1710/4196/8003 1760/4254/8004
f 1762/4255/8005 1763/4256/8006 1764/4257/8007
f 1762/4255/8008 1764/4257/8009 1670/4258/8010
f 1633/4259/8011 1765/4260/8012 1537/4003/8013
f 1633/4259/8014 1537/4003/8015 1536/4002/8016
f 1462/3944/8017 1766/4261/8018 1585/4262/8019
f 1462/3944/8020 1585/4262/8021 1584/4263/8022
f 1767/4264/8023 1768/4265/8024 1769/4266/8025
f 1767/4267/8026 1769/4268/8027 1770/4269/8028
f 1539/4005/8029 1538/4004/8030 1771/4270/8031
f 1539/4005/8032 1771/4270/8033 1772/4271/8034
f 1773/4272/8035 1774/4273/8036 1775/4274/8037
f 1773/4272/8038 1775/4274/8039 1776/4275/8040
f 1777/4276/8041 1778/4277/8042 1779/4278/8043
f 1777/4276/8044 1779/4278/8045 1780/4279/8046
f 1781/4280/8047 1498/4281/8048 1782/4282/8049
f 1781/4280/8050 1782/4282/8051 1783/4283/8052
f 1784/4284/8053 1623/4285/8054 1734/4224/8055
f 1784/4284/8056 1734/4224/8057 1785/4286/8058
f 1786/4287/8059 1751/4288/8060 1787/4289/8061
f 1786/4287/8062 1787/4289/8063 1788/4290/8064
f 1618/4086/8065 1617/4085/8066 1738/4291/8067
f 1618/4086/8068 1738/4291/8069 1737/4292/8070
f 1491/3973/8071 1456/4293/8072 1736/4228/8073
f 1491/3973/8074 1736/4228/8075 1492/3974/8076
f 1558/4294/8077 1789/4295/8078 1790/4296/8079
f 1558/4294/8080 1790/4296/8081 1559/4297/8082
f 1603/4298/8083 1606/4299/8084 1698/4178/8085
f 1603/4298/8086 1698/4178/8087 1449/3933/8088
f 1793/4300/8089 1794/4301/8090 1507/4240/8091
f 1793/4300/8092 1507/4240/8093 1517/4239/8094
f 1796/4302/8095 1797/4303/8096 1594/4054/8097
f 1796/4302/8098 1594/4054/8099 1742/4236/8100
f 1798/4304/8101 1660/4136/8102 1515/4139/8103
f 1798/4304/8104 1515/4139/8105 1514/4305/8106
f 1540/4306/8107 1541/4307/8108 1762/4255/8109
f 1540/4306/8110 1762/4255/8111 1799/4308/8112
f 1800/4309/8113 1801/4310/8114 1802/4311/8115
f 1800/4309/8116 1802/4311/8117 1803/4312/8118
f 1535/4313/8119 1804/4314/8120 1720/4315/8121
f 1535/4313/8122 1720/4315/8123 1719/4316/8124
f 1805/4317/8125 1806/4318/8126 1807/4319/8127
f 1805/4317/8128 1807/4319/8129 1808/4320/8130
f 1809/4321/8131 1513/3984/8132 1516/3987/8133
f 1809/4321/8134 1516/3987/8135 1810/4322/8136
f 1811/4323/8137 1812/4324/8138 1813/4325/8139
f 1811/4323/8140 1813/4325/8141 1814/4326/8142
f 1815/4327/8143 1499/4328/8144 1500/4329/8145
f 1815/4327/8146 1500/4329/8147 1816/4330/8148
f 1478/3960/8149 1817/4331/8150 1714/4200/8151
f 1478/3960/8152 1714/4200/8153 1713/4199/8154
f 1818/4332/8155 1819/4333/8156 1502/3977/8157
f 1818/4332/8158 1502/3977/8159 1501/3976/8160
f 1820/4334/8161 1821/4335/8162 1822/4336/8163
f 1820/4334/8164 1822/4336/8165 1823/4337/8166
f 1483/4338/8167 1482/4339/8168 1824/4340/8169
f 1483/4341/8170 1824/4342/8171 1825/4343/8172
f 1823/4344/8173 1822/4345/8174 1826/4346/8175
f 1823/4344/8176 1826/4346/8177 1827/4347/8178
f 1466/3948/8179 1828/4348/8180 1644/4349/8181
f 1466/3948/8182 1644/4349/8183 1556/4350/8184
f 1829/4351/8185 1761/4352/8186 1626/4093/8187
f 1829/4351/8188 1626/4093/8189 1830/4353/8190
f 1532/4354/8191 1831/4355/8192 1832/4356/8193
f 1532/4354/8194 1832/4356/8195 1833/4357/8196
f 1467/3949/8197 1466/3948/8198 1556/4350/8199
f 1467/3949/8200 1556/4350/8201 1834/4358/8202
f 1541/4307/8203 1566/4359/8204 1763/4256/8205
f 1541/4307/8206 1763/4256/8207 1762/4255/8208
f 1835/4360/8209 1836/4361/8210 1623/4285/8211
f 1835/4360/8212 1623/4285/8213 1784/4284/8214
f 1528/4362/8215 1837/4363/8216 1838/4364/8217
f 1528/4362/8218 1838/4364/8219 1529/3996/8220
f 1839/4365/8221 1760/4254/8222 1464/3946/8223
f 1839/4365/8224 1464/3946/8225 1840/4366/8226
f 1841/4367/8227 1842/4368/8228 1843/4369/8229
f 1841/4367/8230 1843/4369/8231 1477/3959/8232
f 1709/4370/8233 1479/3961/8234 1733/4221/8235
f 1709/4370/8236 1733/4221/8237 1655/4220/8238
f 1821/4335/8239 1844/4371/8240 1641/4372/8241
f 1821/4335/8242 1641/4372/8243 1822/4336/8244
f 1845/4373/8245 1846/4374/8246 1847/4375/8247
f 1845/4373/8248 1847/4375/8249 1848/4376/8250
f 1849/4377/8251 1850/4378/8252 1851/4379/8253
f 1849/4377/8254 1851/4379/8255 1852/4380/8256
f 1853/4381/8257 1854/4382/8258 1855/4383/8259
f 1853/4381/8260 1855/4383/8261 1856/4384/8262
f 1857/4385/8263 1858/4386/8264 1806/4318/8265
f 1857/4385/8266 1806/4318/8267 1805/4317/8268
f 1804/4314/8269 1860/4387/8270 1459/4388/8271
f 1804/4314/8272 1459/4388/8273 1720/4315/8274
f 1847/4389/8275 1861/4390/8276 1862/4391/8277
f 1847/4389/8278 1862/4391/8279 1863/4392/8280
f 1619/4393/8281 1864/4394/8282 1865/4395/8283
f 1619/4393/8284 1865/4395/8285 1866/4396/8286
f 1868/4397/8287 1869/4398/8288 1849/4377/8289
f 1868/4397/8290 1849/4377/8291 1812/4324/8292
f 1643/4230/8293 1561/4229/8294 1684/4399/8295
f 1643/4230/8296 1684/4399/8297 1870/4400/8298
f 1871/4401/8299 1872/4402/8300 1572/4032/8301
f 1871/4401/8302 1572/4032/8303 1571/4031/8304
f 1645/4121/8305 1873/4403/8306 1540/4404/8307
f 1645/4121/8308 1540/4404/8309 1874/4405/8310
f 1508/4406/8311 1784/4284/8312 1785/4286/8313
f 1508/4406/8314 1785/4286/8315 1875/4407/8316
f 1614/4080/8317 1613/4079/8318 1543/4007/8319
f 1614/4080/8320 1543/4007/8321 1542/4006/8322
f 1838/4364/8323 1876/4408/8324 1801/4310/8325
f 1838/4364/8326 1801/4310/8327 1800/4309/8328
f 1465/3947/8329 1712/4198/8330 1828/4348/8331
f 1465/3947/8332 1828/4348/8333 1466/3948/8334
f 1877/4409/8335 1810/4322/8336 1754/4410/8337
f 1877/4409/8338 1754/4410/8339 1878/4411/8340
f 1880/4412/8341 1881/4413/8342 1835/4360/8343
f 1880/4412/8344 1835/4360/8345 1882/4414/8346
f 1878/4411/8347 1754/4410/8348 1664/4141/8349
f 1878/4411/8350 1664/4141/8351 1663/4140/8352
f 1550/4415/8353 1549/4416/8354 1753/4417/8355
f 1550/4415/8356 1753/4417/8357 1883/4418/8358
f 1772/4271/8359 1771/4270/8360 1884/4419/8361
f 1772/4271/8362 1884/4419/8363 1885/4420/8364
f 1718/4421/8365 1533/3998/8366 1535/4001/8367
f 1718/4421/8368 1535/4001/8369 1719/4422/8370
f 1886/4423/8371 1887/4424/8372 1888/4425/8373
f 1886/4423/8374 1888/4425/8375 1889/4426/8376
f 1825/4343/8377 1824/4342/8378 1890/4427/8379
f 1825/4343/8380 1890/4427/8381 1510/3981/8382
f 1891/4428/8383 1892/4429/8384 1520/4430/8385
f 1891/4428/8386 1520/4430/8387 1604/4067/8388
f 1893/4431/8389 1894/4432/8390 1868/4397/8391
f 1893/4431/8392 1868/4397/8393 1895/4433/8394
f 1485/4100/8395 1630/4099/8396 1513/4434/8397
f 1485/4100/8398 1513/4434/8399 1809/4435/8400
f 1593/4053/8401 1489/4052/8402 1562/4436/8403
f 1593/4053/8404 1562/4436/8405 1896/4437/8406
f 1897/4438/8407 1679/4439/8408 1678/4440/8409
f 1897/4441/8410 1678/4442/8411 1898/4443/8412
f 1899/4444/8413 1897/4445/8414 1898/4446/8415
f 1899/4447/8416 1898/4448/8417 1900/4449/8418
f 1901/4450/8419 1902/4451/8420 1897/4452/8421
f 1901/4450/8422 1897/4452/8423 1899/4453/8424
f 1902/4451/8425 1680/4454/8426 1679/4455/8427
f 1902/4451/8428 1679/4455/8429 1897/4452/8430
f 1569/4456/8431 1685/4457/8432 1903/4458/8433
f 1569/4456/8434 1903/4458/8435 1904/4459/8436
f 1905/4460/8437 1906/4461/8438 1494/4058/8439
f 1905/4460/8440 1494/4058/8441 1907/4462/8442
f 1910/4463/8443 1786/4464/8444 1788/4465/8445
f 1910/4463/8446 1788/4465/8447 1911/4466/8448
f 1624/4102/8449 1618/4086/8450 1737/4292/8451
f 1624/4102/8452 1737/4292/8453 1625/4467/8454
f 1859/4468/8455 1914/4469/8456 1915/4470/8457
f 1859/4468/8458 1915/4470/8459 1916/4471/8460
f 1917/4472/8461 1918/4473/8462 1621/4088/8463
f 1917/4472/8464 1621/4088/8465 1620/4087/8466
f 1493/3975/8467 1492/3974/8468 1643/4230/8469
f 1493/3975/8470 1643/4230/8471 1755/4474/8472
f 1919/4475/8473 1912/4476/8474 1920/4477/8475
f 1919/4475/8476 1920/4477/8477 1756/4478/8478
f 1837/4479/8479 1922/4480/8480 1876/4481/8481
f 1837/4363/8482 1876/4408/8483 1838/4364/8484
f 1830/4353/8485 1626/4093/8486 1628/4096/8487
f 1830/4353/8488 1628/4096/8489 1923/4482/8490
f 1698/4178/8491 1924/4483/8492 1925/4484/8493
f 1698/4178/8494 1925/4484/8495 1699/4179/8496
f 1892/4429/8497 1805/4317/8498 1808/4320/8499
f 1892/4429/8500 1808/4320/8501 1520/4430/8502
f 1621/4485/8503 1827/4347/8504 1926/4486/8505
f 1621/4485/8506 1926/4486/8507 1622/4487/8508
f 1760/4254/8509 1710/4196/8510 1465/3947/8511
f 1760/4254/8512 1465/3947/8513 1464/3946/8514
f 1928/4488/8515 1863/4392/8516 1546/4010/8517
f 1928/4488/8518 1546/4010/8519 1929/4489/8520
f 1930/4490/8521 1931/4491/8522 1578/4492/8523
f 1930/4490/8524 1578/4492/8525 1864/4394/8526
f 1932/4493/8527 1815/4327/8528 1816/4330/8529
f 1932/4493/8530 1816/4330/8531 1933/4494/8532
f 1904/4459/8533 1903/4458/8534 1908/4495/8535
f 1904/4459/8536 1908/4495/8537 1850/4378/8538
f 1934/4496/8539 1662/4497/8540 1935/4498/8541
f 1934/4496/8542 1935/4498/8543 1936/4499/8544
f 1882/4414/8545 1835/4360/8546 1784/4284/8547
f 1882/4414/8548 1784/4284/8549 1508/4406/8550
f 1848/4500/8551 1847/4389/8552 1863/4392/8553
f 1848/4500/8554 1863/4392/8555 1928/4488/8556
f 1903/4501/8557 1937/4502/8558 1909/4503/8559
f 1903/4501/8560 1909/4503/8561 1908/4504/8562
f 1885/4505/8563 1884/4506/8564 1938/4507/8565
f 1885/4505/8566 1938/4507/8567 1939/4508/8568
f 1703/4187/8569 1694/4186/8570 1695/4509/8571
f 1703/4187/8572 1695/4509/8573 1940/4510/8574
f 1699/4179/8575 1925/4484/8576 1941/4511/8577
f 1699/4179/8578 1941/4511/8579 1942/4512/8580
f 1944/4513/8581 1799/4514/8582 1669/4515/8583
f 1944/4513/8584 1669/4515/8585 1668/4516/8586
f 1839/4517/8587 1840/4518/8588 1682/4169/8589
f 1839/4517/8590 1682/4169/8591 1681/4168/8592
f 1712/4198/8593 1724/4519/8594 1947/4520/8595
f 1712/4198/8596 1947/4520/8597 1828/4348/8598
f 1948/4521/8599 1870/4400/8600 1774/4522/8601
f 1948/4521/8602 1774/4522/8603 1773/4523/8604
f 1949/4524/8605 1839/4517/8606 1681/4168/8607
f 1949/4524/8608 1681/4168/8609 1950/4525/8610
f 1896/4437/8611 1562/4436/8612 1565/4526/8613
f 1896/4437/8614 1565/4526/8615 1951/4527/8616
f 1599/4061/8617 1598/4060/8618 1952/4528/8619
f 1599/4061/8620 1952/4528/8621 1887/4529/8622
f 1671/4149/8623 1670/4148/8624 1764/4530/8625
f 1671/4149/8626 1764/4530/8627 1953/4531/8628
f 1766/4532/8629 1600/4062/8630 1586/4065/8631
f 1766/4532/8632 1586/4065/8633 1585/4533/8634
f 1511/3982/8635 1955/4534/8636 1956/4535/8637
f 1511/3982/8638 1956/4535/8639 1658/4134/8640
f 1646/4122/8641 1645/4121/8642 1874/4405/8643
f 1646/4122/8644 1874/4405/8645 1522/4084/8646
f 1700/4536/8647 1957/4537/8648 1958/4538/8649
f 1700/4539/8650 1958/4540/8651 1959/4541/8652
f 1960/4542/8653 1485/4100/8654 1809/4435/8655
f 1960/4542/8656 1809/4435/8657 1961/4543/8658
f 1846/4544/8659 1962/4545/8660 1861/4546/8661
f 1846/4544/8662 1861/4546/8663 1847/4547/8664
f 1963/4548/8665 1880/4549/8666 1882/4550/8667
f 1963/4548/8668 1882/4550/8669 1794/4301/8670
f 1488/3970/8671 1691/4551/8672 1964/4552/8673
f 1488/3970/8674 1964/4552/8675 1563/4025/8676
f 1456/4553/8677 1491/4554/8678 1579/4039/8679
f 1456/4553/8680 1579/4039/8681 1457/4555/8682
f 1529/3996/8683 1838/4364/8684 1800/4309/8685
f 1529/3996/8686 1800/4309/8687 1965/4556/8688
f 1768/4557/8689 1455/4558/8690 1966/4559/8691
f 1768/4560/8692 1966/4561/8693 1769/4562/8694
f 1856/4384/8695 1855/4383/8696 1730/4217/8697
f 1856/4384/8698 1730/4217/8699 1729/4216/8700
f 1693/4563/8701 1635/4105/8702 1533/3998/8703
f 1693/4563/8704 1533/3998/8705 1718/4421/8706
f 1469/3951/8707 1756/4478/8708 1757/4564/8709
f 1469/3951/8710 1757/4564/8711 1470/3952/8712
f 1497/4059/8713 1498/4090/8714 1781/4565/8715
f 1497/4059/8716 1781/4565/8717 1598/4060/8718
f 1755/4474/8719 1643/4230/8720 1870/4400/8721
f 1755/4474/8722 1870/4400/8723 1948/4521/8724
f 1520/4430/8725 1808/4320/8726 1777/4276/8727
f 1520/4430/8728 1777/4276/8729 1795/4566/8730
f 1967/4567/8731 1953/4531/8732 1968/4568/8733
f 1967/4567/8734 1968/4568/8735 1860/4387/8736
f 1969/4569/8737 1667/4570/8738 1757/4571/8739
f 1969/4569/8740 1757/4571/8741 1970/4572/8742
f 1458/4573/8743 1717/4203/8744 1720/4206/8745
f 1458/4573/8746 1720/4206/8747 1459/4574/8748
f 1971/4575/8749 1610/4576/8750 1704/4577/8751
f 1971/4578/8752 1704/4579/8753 1481/4580/8754
f 1490/4581/8755 1493/4582/8756 1611/4077/8757
f 1490/4581/8758 1611/4077/8759 1580/4583/8760
f 1867/4584/8761 1590/4585/8762 1932/4586/8763
f 1867/4584/8764 1932/4586/8765 1972/4587/8766
f 1936/4499/8767 1935/4498/8768 1933/4588/8769
f 1936/4499/8770 1933/4588/8771 1816/4589/8772
f 1973/4590/8773 1651/4127/8774 1653/4129/8775
f 1973/4590/8776 1653/4129/8777 1974/4591/8778
f 1915/4470/8779 1568/4028/8780 1570/4030/8781
f 1915/4470/8782 1570/4030/8783 1894/4592/8784
f 1496/4593/8785 1975/4594/8786 1583/4043/8787
f 1496/4593/8788 1583/4043/8789 1954/4595/8790
f 1753/4251/8791 1752/4250/8792 1591/4596/8793
f 1753/4251/8794 1591/4596/8795 1590/4597/8796
f 1924/4598/8797 1536/4002/8798 1539/4005/8799
f 1924/4598/8800 1539/4005/8801 1925/4599/8802
f 1952/4600/8803 1976/4601/8804 1977/4602/8805
f 1952/4600/8806 1977/4602/8807 1978/4603/8808
f 1617/4085/8809 1944/4513/8810 1668/4516/8811
f 1617/4085/8812 1668/4516/8813 1738/4291/8814
f 1979/4604/8815 1542/4006/8816 1545/4009/8817
f 1979/4604/8818 1545/4009/8819 1577/4605/8820
f 1588/4048/8821 1910/4606/8822 1524/3989/8823
f 1588/4048/8824 1524/3989/8825 1523/3988/8826
f 1980/4607/8827 1950/4608/8828 1693/4609/8829
f 1980/4607/8830 1693/4609/8831 1692/4610/8832
f 1862/4391/8833 1825/4343/8834 1510/3981/8835
f 1862/4391/8836 1510/3981/8837 1509/3980/8838
f 1694/4186/8839 1732/4219/8840 1982/4611/8841
f 1694/4186/8842 1982/4611/8843 1695/4509/8844
f 1605/4068/8845 1795/4566/8846 1765/4612/8847
f 1605/4068/8848 1765/4612/8849 1633/4103/8850
f 1473/3955/8851 1791/4613/8852 1792/4614/8853
f 1473/3955/8854 1792/4614/8855 1474/3956/8856
f 1983/4615/8857 1759/4616/8858 1931/4491/8859
f 1983/4615/8860 1931/4491/8861 1930/4490/8862
f 1575/4036/8863 1833/4357/8864 1628/4617/8865
f 1575/4036/8866 1628/4617/8867 1576/4037/8868
f 1691/4551/8869 1501/3976/8870 1504/3979/8871
f 1691/4551/8872 1504/3979/8873 1964/4552/8874
f 1860/4387/8875 1968/4568/8876 1984/4618/8877
f 1860/4387/8878 1984/4618/8879 1459/4388/8880
f 1926/4619/8881 1985/4620/8882 1986/4621/8883
f 1926/4622/8884 1986/4623/8885 1957/4624/8886
f 1667/4570/8887 1722/4208/8888 1470/4211/8889
f 1667/4570/8890 1470/4211/8891 1757/4571/8892
f 1747/4625/8893 1476/3958/8894 1479/3961/8895
f 1747/4625/8896 1479/3961/8897 1709/4370/8898
f 1817/4331/8899 1943/4626/8900 1987/4627/8901
f 1817/4331/8902 1987/4627/8903 1714/4200/8904
f 1610/4628/8905 1609/4629/8906 1705/4630/8907
f 1610/4631/8908 1705/4632/8909 1704/4633/8910
f 1988/4634/8911 1599/4061/8912 1887/4529/8913
f 1988/4634/8914 1887/4529/8915 1886/4635/8916
f 1989/4636/8917 1484/4097/8918 1485/4100/8919
f 1989/4636/8920 1485/4100/8921 1960/4542/8922
f 1991/4637/8923 1532/4354/8924 1833/4357/8925
f 1991/4637/8926 1833/4357/8927 1575/4036/8928
f 1692/4610/8929 1693/4609/8930 1718/4204/8931
f 1692/4610/8932 1718/4204/8933 1717/4203/8934
f 1992/4638/8935 1971/4639/8936 1481/4640/8937
f 1992/4641/8938 1481/4642/8939 1480/4643/8940
f 1608/4644/8941 1994/4645/8942 1991/4637/8943
f 1608/4644/8944 1991/4637/8945 1544/4646/8946
f 1888/4425/8947 1978/4603/8948 1629/4098/8949
f 1888/4425/8950 1629/4098/8951 1484/4097/8952
f 1995/4647/8953 1457/4555/8954 1761/4352/8955
f 1995/4647/8956 1761/4352/8957 1829/4351/8958
f 1524/4648/8959 1910/4463/8960 1911/4466/8961
f 1524/4648/8962 1911/4466/8963 1631/4649/8964
f 1572/4032/8965 1495/4650/8966 1496/4593/8967
f 1572/4032/8968 1496/4593/8969 1573/4033/8970
f 1658/4134/8971 1956/4535/8972 1844/4371/8973
f 1658/4134/8974 1844/4371/8975 1821/4335/8976
f 1996/4651/8977 1939/4508/8978 1665/4145/8979
f 1996/4651/8980 1665/4145/8981 1506/4144/8982
f 1997/4652/8983 1961/4653/8984 1877/4409/8985
f 1997/4652/8986 1877/4409/8987 1982/4654/8988
f 1731/4655/8989 1960/4542/8990 1961/4543/8991
f 1731/4655/8992 1961/4543/8993 1997/4656/8994
f 1665/4145/8995 1919/4475/8996 1756/4478/8997
f 1665/4145/8998 1756/4478/8999 1469/3951/9000
f 1601/4063/9001 1744/4241/9002 1998/4657/9003
f 1601/4063/9004 1998/4657/9005 1602/4064/9006
f 1999/4658/9007 1748/4245/9008 1708/4194/9009
f 1999/4658/9010 1708/4194/9011 1728/4659/9012
f 1537/4003/9013 1592/4050/9014 1593/4053/9015
f 1537/4003/9016 1593/4053/9017 1538/4004/9018
f 1828/4348/9019 1947/4520/9020 2000/4660/9021
f 1828/4348/9022 2000/4660/9023 1644/4349/9024
f 2001/4661/9025 1983/4615/9026 1930/4490/9027
f 2001/4661/9028 1930/4490/9029 2002/4662/9030
f 2003/4663/9031 2004/4664/9032 1640/4665/9033
f 2003/4666/9034 1640/4667/9035 1639/4668/9036
f 2005/4669/9037 2006/4670/9038 1842/4671/9039
f 2005/4669/9040 1842/4671/9041 2007/4672/9042
f 1853/4673/9043 1988/4634/9044 1886/4635/9045
f 1853/4673/9046 1886/4635/9047 1854/4674/9048
f 1689/4675/9049 1690/4676/9050 1648/4124/9051
f 1689/4675/9052 1648/4124/9053 1647/4123/9054
f 1881/4413/9055 1859/4677/9056 1836/4361/9057
f 1881/4413/9058 1836/4361/9059 1835/4360/9060
f 1504/3979/9061 1503/3978/9062 2008/4678/9063
f 1504/3979/9064 2008/4678/9065 2009/4679/9066
f 1604/4067/9067 1520/4430/9068 1795/4566/9069
f 1604/4067/9070 1795/4566/9071 1605/4068/9072
f 2010/4680/9073 1653/4681/9074 1652/4682/9075
f 2010/4680/9076 1652/4682/9077 1975/4594/9078
f 1525/4683/9079 1524/4648/9080 1631/4649/9081
f 1525/4683/9082 1631/4649/9083 1937/4502/9084
f 2011/4684/9085 2012/4685/9086 1696/4686/9087
f 2011/4684/9088 1696/4686/9089 2013/4687/9090
f 1994/4645/9091 1531/4688/9092 1532/4354/9093
f 1994/4645/9094 1532/4354/9095 1991/4637/9096
f 1595/4689/9097 1448/3932/9098 1451/3935/9099
f 1595/4689/9100 1451/3935/9101 1596/4690/9102
f 1510/3981/9103 1890/4427/9104 1955/4534/9105
f 1510/3981/9106 1955/4534/9107 1511/3982/9108
f 1957/4691/9109 1986/4692/9110 1637/4693/9111
f 1957/4694/9112 1637/4695/9113 1958/4696/9114
f 1791/4613/9115 1853/4381/9116 1856/4384/9117
f 1791/4613/9118 1856/4384/9119 1792/4614/9120
f 1627/4094/9121 1979/4697/9122 1577/4698/9123
f 1627/4094/9124 1577/4698/9125 1576/4095/9126
f 1840/4366/9127 1464/3946/9128 1467/3949/9129
f 1840/4366/9130 1467/3949/9131 2011/4699/9132
f 1538/4004/9133 1593/4053/9134 1896/4437/9135
f 1538/4004/9136 1896/4437/9137 1771/4270/9138
f 1797/4700/9139 1796/4701/9140 1892/4429/9141
f 1797/4700/9142 1892/4429/9143 1891/4428/9144
f 1937/4502/9145 1631/4649/9146 1460/3942/9147
f 1937/4502/9148 1460/3942/9149 1909/4503/9150
f 1544/4646/9151 1991/4637/9152 1575/4036/9153
f 1544/4646/9154 1575/4036/9155 1545/4035/9156
f 1958/4702/9157 1637/4703/9158 1452/4704/9159
f 1958/4705/9160 1452/4706/9161 2014/4707/9162
f 2015/4708/9163 1721/4207/9164 2016/4709/9165
f 2015/4708/9166 2016/4709/9167 1680/4710/9168
f 1552/4711/9169 1548/4012/9170 1551/4015/9171
f 1552/4711/9172 1551/4015/9173 1906/4461/9174
f 1765/4260/9175 1780/4712/9176 1592/4050/9177
f 1765/4260/9178 1592/4050/9179 1537/4003/9180
f 1616/4713/9181 1740/4234/9182 1519/4714/9183
f 1616/4713/9184 1519/4714/9185 1518/4715/9186
f 1644/4120/9187 2000/4716/9188 1873/4403/9189
f 1644/4120/9190 1873/4403/9191 1645/4121/9192
f 1451/3935/9193 1450/3934/9194 1505/4717/9195
f 1451/3935/9196 1505/4717/9197 2017/4718/9198
f 1850/4378/9199 1908/4495/9200 1973/4719/9201
f 1850/4378/9202 1973/4719/9203 1851/4379/9204
f 1939/4508/9205 1938/4507/9206 1919/4475/9207
f 1939/4508/9208 1919/4475/9209 1665/4145/9210
f 1463/3945/9211 1462/3944/9212 1584/4263/9213
f 1463/3945/9214 1584/4263/9215 1652/4128/9216
f 1740/4234/9217 1739/4233/9218 1967/4567/9219
f 1740/4234/9220 1967/4567/9221 1519/4714/9222
f 1721/4207/9223 1659/4135/9224 1820/4334/9225
f 1721/4207/9226 1820/4334/9227 2016/4709/9228
f 2018/4720/9229 2019/4721/9230 1998/4722/9231
f 2018/4720/9232 1998/4722/9233 2020/4723/9234
f 1987/4724/9235 1830/4353/9236 1923/4482/9237
f 1987/4724/9238 1923/4482/9239 2021/4725/9240
f 1827/4726/9241 1826/4727/9242 1985/4728/9243
f 1827/4729/9244 1985/4730/9245 1926/4731/9246
f 1785/4286/9247 1734/4224/9248 1574/4227/9249
f 1785/4286/9250 1574/4227/9251 2018/4732/9252
f 1487/3969/9253 2022/4733/9254 1691/4551/9255
f 1487/3969/9256 1691/4551/9257 1488/3970/9258
f 2023/4734/9259 1803/4312/9260 2024/4735/9261
f 2023/4734/9262 2024/4735/9263 2015/4736/9264
f 1664/4141/9265 1936/4499/9266 1816/4589/9267
f 1664/4141/9268 1816/4589/9269 1500/4142/9270
f 1702/4185/9271 1729/4216/9272 1732/4219/9273
f 1702/4185/9274 1732/4219/9275 1694/4186/9276
f 1869/4398/9277 1904/4459/9278 1850/4378/9279
f 1869/4398/9280 1850/4378/9281 1849/4377/9282
f 1707/4737/9283 1706/4738/9284 1955/4739/9285
f 1707/4740/9286 1955/4741/9287 1890/4742/9288
f 1900/4743/9289 1898/4744/9290 2025/4745/9291
f 1900/4746/9292 2025/4747/9293 2026/4748/9294
f 1866/4396/9295 1865/4395/9296 1984/4749/9297
f 1866/4396/9298 1984/4749/9299 2028/4750/9300
f 2011/4699/9301 1467/3949/9302 1834/4358/9303
f 2011/4699/9304 1834/4358/9305 2012/4751/9306
f 1783/4283/9307 1782/4282/9308 1607/4752/9309
f 1783/4283/9310 1607/4752/9311 1879/4753/9312
f 2012/4754/9313 1834/4755/9314 1697/4177/9315
f 2012/4754/9316 1697/4177/9317 1696/4176/9318
f 1775/4274/9319 1999/4658/9320 1728/4659/9321
f 1775/4274/9322 1728/4659/9323 1789/4295/9324
f 1666/4237/9325 1597/4057/9326 1722/4208/9327
f 1666/4237/9328 1722/4208/9329 1667/4570/9330
f 1908/4504/9331 1909/4503/9332 1651/4127/9333
f 1908/4504/9334 1651/4127/9335 1973/4590/9336
f 1962/4756/9337 1480/4757/9338 1483/4758/9339
f 1962/4545/9340 1483/4759/9341 1861/4546/9342
f 1985/4760/9343 2004/4761/9344 2029/4762/9345
f 1985/4763/9346 2029/4764/9347 1986/4765/9348
f 1794/4301/9349 1882/4550/9350 1508/4766/9351
f 1794/4301/9352 1508/4766/9353 1507/4240/9354
f 1749/4767/9355 1879/4753/9356 1660/4136/9357
f 1749/4767/9358 1660/4136/9359 1798/4304/9360
f 1697/4177/9361 1646/4122/9362 1522/4084/9363
f 1697/4177/9364 1522/4084/9365 1521/4083/9366
f 1857/4768/9367 1796/4302/9368 1742/4236/9369
f 1857/4768/9370 1742/4236/9371 1741/4235/9372
f 1625/4769/9373 1737/4231/9374 1740/4234/9375
f 1625/4769/9376 1740/4234/9377 1616/4713/9378
f 1728/4659/9379 1708/4194/9380 1654/4130/9381
f 1728/4659/9382 1654/4130/9383 1945/4770/9384
f 2030/4771/9385 1454/4772/9386 1610/4773/9387
f 2030/4774/9388 1610/4775/9389 1971/4776/9390
f 1755/4777/9391 1948/4778/9392 1683/4170/9393
f 1755/4777/9394 1683/4170/9395 1612/4078/9396
f 1582/4042/9397 1581/4041/9398 1979/4697/9399
f 1582/4042/9400 1979/4697/9401 1627/4094/9402
f 1920/4477/9403 2009/4779/9404 2008/4780/9405
f 1920/4477/9406 2008/4780/9407 1970/4781/9408
f 1726/4214/9409 2002/4782/9410 1619/4783/9411
f 1726/4214/9412 1619/4783/9413 1567/4784/9414
f 1831/4355/9415 1716/4785/9416 1715/4786/9417
f 1831/4355/9418 1715/4786/9419 1832/4356/9420
f 1743/4238/9421 1666/4237/9422 1667/4570/9423
f 1743/4238/9424 1667/4570/9425 1969/4569/9426
f 1898/4787/9427 1678/4788/9428 1676/4789/9429
f 1898/4744/9430 1676/4790/9431 2025/4745/9432
f 1883/4418/9433 1753/4417/9434 1590/4585/9435
f 1883/4418/9436 1590/4585/9437 1867/4584/9438
f 1631/4649/9439 1911/4466/9440 1461/3943/9441
f 1631/4649/9442 1461/3943/9443 1460/3942/9444
f 1528/4791/9445 1959/4792/9446 2031/4793/9447
f 1528/4794/9448 2031/4795/9449 1837/4796/9450
f 1790/4296/9451 1945/4770/9452 1946/4797/9453
f 1790/4296/9454 1946/4797/9455 2032/4798/9456
f 1450/3934/9457 1699/4179/9458 1942/4512/9459
f 1450/3934/9460 1942/4512/9461 1505/4717/9462
f 1475/3957/9463 1474/3956/9464 1701/4184/9465
f 1475/3957/9466 1701/4184/9467 1690/4799/9468
f 1858/4800/9469 1857/4768/9470 1741/4235/9471
f 1858/4800/9472 1741/4235/9473 1819/4801/9474
f 1688/4175/9475 1687/4174/9476 1716/4785/9477
f 1688/4175/9478 1716/4785/9479 1831/4355/9480
f 1683/4170/9481 1776/4802/9482 1558/4021/9483
f 1683/4170/9484 1558/4021/9485 1557/4020/9486
f 1976/4803/9487 1781/4280/9488 1783/4283/9489
f 1976/4803/9490 1783/4283/9491 1977/4804/9492
f 1909/4503/9493 1460/3942/9494 1463/3945/9495
f 1909/4503/9496 1463/3945/9497 1651/4127/9498
f 1942/4512/9499 1941/4511/9500 2034/4805/9501
f 1942/4512/9502 2034/4805/9503 1996/4806/9504
f 2035/4807/9505 2036/4808/9506 1962/4809/9507
f 2035/4810/9508 1962/4545/9509 1846/4544/9510
f 1736/4228/9511 2007/4672/9512 2027/4811/9513
f 1736/4228/9514 2027/4811/9515 1561/4229/9516
f 1859/4677/9517 1916/4812/9518 2037/4813/9519
f 1859/4677/9520 2037/4813/9521 1836/4361/9522
f 1791/4814/9523 1907/4462/9524 1988/4634/9525
f 1791/4814/9526 1988/4634/9527 1853/4673/9528
f 1659/4135/9529 1658/4134/9530 1821/4335/9531
f 1659/4135/9532 1821/4335/9533 1820/4334/9534
f 1881/4815/9535 2038/4816/9536 1914/4469/9537
f 1881/4815/9538 1914/4469/9539 1859/4468/9540
f 1761/4352/9541 1582/4042/9542 1627/4094/9543
f 1761/4352/9544 1627/4094/9545 1626/4093/9546
f 1832/4356/9547 1715/4786/9548 2021/4817/9549
f 1832/4356/9550 2021/4817/9551 1923/4818/9552
f 1548/4249/9553 1552/4016/9554 1555/4019/9555
f 1548/4249/9556 1555/4019/9557 1752/4250/9558
f 1744/4241/9559 1875/4819/9560 2020/4820/9561
f 1744/4241/9562 2020/4820/9563 1998/4657/9564
f 1907/4462/9565 1494/4058/9566 1599/4061/9567
f 1907/4462/9568 1599/4061/9569 1988/4634/9570
f 1795/4566/9571 1777/4276/9572 1780/4279/9573
f 1795/4566/9574 1780/4279/9575 1765/4612/9576
f 1914/4469/9577 1589/4049/9578 1568/4028/9579
f 1914/4469/9580 1568/4028/9581 1915/4470/9582
f 1684/4399/9583 2039/4821/9584 1745/4822/9585
f 1684/4399/9586 1745/4822/9587 1981/4823/9588
f 1519/4714/9589 1967/4567/9590 1860/4387/9591
f 1519/4714/9592 1860/4387/9593 1804/4314/9594
f 1622/4824/9595 1926/4825/9596 1957/4826/9597
f 1622/4827/9598 1957/4828/9599 1700/4829/9600
f 1642/4830/9601 1641/4831/9602 1844/4832/9603
f 1642/4833/9604 1844/4834/9605 1956/4835/9606
f 1457/4555/9607 1579/4039/9608 1582/4042/9609
f 1457/4555/9610 1582/4042/9611 1761/4352/9612
f 1965/4556/9613 1800/4309/9614 1803/4312/9615
f 1965/4556/9616 1803/4312/9617 2023/4734/9618
f 1759/4253/9619 1983/4836/9620 1711/4197/9621
f 1759/4253/9622 1711/4197/9623 1710/4196/9624
f 2027/4811/9625 1841/4837/9626 2040/4838/9627
f 2027/4811/9628 2040/4838/9629 2039/4821/9630
f 1916/4471/9631 1915/4470/9632 1894/4592/9633
f 1916/4471/9634 1894/4592/9635 1893/4839/9636
f 1695/4840/9637 1878/4411/9638 1663/4140/9639
f 1695/4840/9640 1663/4140/9641 1940/4841/9642
f 1993/4842/9643 1517/4239/9644 1601/4063/9645
f 1993/4842/9646 1601/4063/9647 1600/4062/9648
f 1746/4843/9649 2040/4844/9650 1476/3958/9651
f 1746/4843/9652 1476/3958/9653 1747/4625/9654
f 1884/4506/9655 1951/4845/9656 2041/4846/9657
f 1884/4506/9658 2041/4846/9659 1938/4507/9660
f 1750/4847/9661 1963/4548/9662 1794/4301/9663
f 1750/4847/9664 1794/4301/9665 1793/4300/9666
f 1629/4098/9667 1749/4848/9668 1798/4849/9669
f 1629/4098/9670 1798/4849/9671 1630/4099/9672
f 1854/4850/9673 1886/4423/9674 1889/4426/9675
f 1854/4850/9676 1889/4426/9677 1855/4851/9678
f 1865/4395/9679 1458/4573/9680 1459/4574/9681
f 1865/4395/9682 1459/4574/9683 1984/4749/9684
f 1819/4801/9685 1741/4235/9686 1743/4238/9687
f 1819/4801/9688 1743/4238/9689 1502/4852/9690
f 1863/4392/9691 1862/4391/9692 1509/3980/9693
f 1863/4392/9694 1509/3980/9695 1546/4010/9696
f 1527/4853/9697 1700/4854/9698 1959/4855/9699
f 1527/4856/9700 1959/4857/9701 1528/4858/9702
f 1982/4654/9703 1877/4409/9704 1878/4411/9705
f 1982/4654/9706 1878/4411/9707 1695/4840/9708
f 1943/4859/9709 1829/4351/9710 1830/4353/9711
f 1943/4859/9712 1830/4353/9713 1987/4724/9714
f 1981/4860/9715 1745/4242/9716 1748/4245/9717
f 1981/4860/9718 1748/4245/9719 1999/4658/9720
f 1806/4861/9721 1858/4862/9722 1819/4333/9723
f 1806/4861/9724 1819/4333/9725 1818/4332/9726
f 1852/4380/9727 1851/4379/9728 2042/4863/9729
f 1852/4380/9730 2042/4863/9731 1927/4864/9732
f 1834/4755/9733 1556/4119/9734 1646/4122/9735
f 1834/4755/9736 1646/4122/9737 1697/4177/9738
f 1661/4137/9739 1972/4587/9740 1935/4865/9741
f 1661/4137/9742 1935/4865/9743 1662/4138/9744
f 1895/4433/9745 1868/4397/9746 1812/4324/9747
f 1895/4433/9748 1812/4324/9749 1811/4323/9750
f 1613/4079/9751 1557/4020/9752 1560/4023/9753
f 1613/4079/9754 1560/4023/9755 1543/4007/9756
f 2043/4866/9757 1675/4867/9758 1674/4868/9759
f 2043/4866/9760 1674/4868/9761 2044/4869/9762
f 2045/4870/9763 2043/4866/9764 2044/4869/9765
f 2045/4870/9766 2044/4869/9767 2046/4871/9768
f 2047/4872/9769 2048/4873/9770 2043/4866/9771
f 2047/4872/9772 2043/4866/9773 2045/4870/9774
f 2048/4874/9775 1677/4875/9776 1675/4876/9777
f 2048/4873/9778 1675/4867/9779 2043/4866/9780
f 1922/4877/9781 2049/4878/9782 2050/4879/9783
f 1922/4877/9784 2050/4879/9785 1876/4408/9786
f 1495/4650/9787 2010/4680/9788 1975/4594/9789
f 1495/4650/9790 1975/4594/9791 1496/4593/9792
f 1727/4215/9793 1726/4214/9794 1567/4784/9795
f 1727/4215/9796 1567/4784/9797 1566/4359/9798
f 1638/4880/9799 2029/4881/9800 2004/4882/9801
f 1638/4883/9802 2004/4884/9803 2003/4885/9804
f 1870/4400/9805 1684/4399/9806 1981/4823/9807
f 1870/4400/9808 1981/4823/9809 1774/4522/9810
f 2014/4886/9811 1452/4887/9812 1455/4888/9813
f 2014/4889/9814 1455/4890/9815 1768/4891/9816
f 1927/4892/9817 2042/4893/9818 2010/4680/9819
f 1927/4892/9820 2010/4680/9821 1495/4650/9822
f 1912/4476/9823 1913/4894/9824 2009/4779/9825
f 1912/4476/9826 2009/4779/9827 1920/4477/9828
f 2051/4895/9829 2026/4896/9830 2047/4897/9831
f 2051/4898/9832 2047/4899/9833 2045/4900/9834
f 2052/4901/9835 2051/4902/9836 2045/4903/9837
f 2052/4901/9838 2045/4903/9839 2046/4904/9840
f 1901/4905/9841 1899/4906/9842 2051/4902/9843
f 1901/4905/9844 2051/4902/9845 2052/4901/9846
f 1899/4907/9847 1900/4908/9848 2026/4909/9849
f 1899/4910/9850 2026/4911/9851 2051/4912/9852
f 1840/4518/9853 2011/4684/9854 2013/4687/9855
f 1840/4518/9856 2013/4687/9857 1682/4169/9858
f 1493/4582/9859 1755/4777/9860 1612/4078/9861
f 1493/4582/9862 1612/4078/9863 1611/4077/9864
f 1778/4913/9865 1807/4914/9866 2022/4733/9867
f 1778/4913/9868 2022/4733/9869 1487/3969/9870
f 1498/4281/9871 1550/4415/9872 1883/4418/9873
f 1498/4281/9874 1883/4418/9875 1782/4282/9876
f 1812/4324/9877 1849/4377/9878 1852/4380/9879
f 1812/4324/9880 1852/4380/9881 1813/4325/9882
f 1711/4197/9883 1725/4915/9884 1724/4519/9885
f 1711/4197/9886 1724/4519/9887 1712/4198/9888
f 1502/4852/9889 1743/4238/9890 1969/4569/9891
f 1502/4852/9892 1969/4569/9893 1503/4916/9894
f 1730/4917/9895 1989/4636/9896 1960/4542/9897
f 1730/4917/9898 1960/4542/9899 1731/4655/9900
f 1803/4312/9901 1802/4311/9902 1929/4918/9903
f 1803/4312/9904 1929/4918/9905 2024/4735/9906
f 1921/4919/9907 1689/4675/9908 1647/4123/9909
f 1921/4919/9910 1647/4123/9911 1499/4328/9912
f 1636/4106/9913 2033/4920/9914 1615/4081/9915
f 1636/4106/9916 1615/4081/9917 1534/3999/9918
f 2031/4921/9919 2014/4922/9920 1768/4923/9921
f 2031/4924/9922 1768/4925/9923 1767/4926/9924
f 1917/4472/9925 2023/4734/9926 2015/4736/9927
f 1917/4472/9928 2015/4736/9929 1680/4927/9930
f 1940/4841/9931 1663/4140/9932 1650/4143/9933
f 1940/4841/9934 1650/4143/9935 1649/4928/9936
f 1947/4929/9937 1724/4212/9938 1727/4215/9939
f 1947/4929/9940 1727/4215/9941 2053/4930/9942
f 1566/4359/9943 1567/4784/9944 2054/4931/9945
f 1566/4359/9946 2054/4931/9947 1763/4256/9948
f 1963/4932/9949 1750/4246/9950 1587/4047/9951
f 1963/4932/9952 1587/4047/9953 2038/4816/9954
f 1929/4489/9955 1546/4010/9956 1547/4011/9957
f 1929/4489/9958 1547/4011/9959 2024/4933/9960
f 1690/4799/9961 1701/4184/9962 1703/4187/9963
f 1690/4799/9964 1703/4187/9965 1648/4934/9966
f 2055/4935/9967 2032/4936/9968 1994/4645/9969
f 2055/4935/9970 1994/4645/9971 1608/4644/9972
f 1889/4426/9973 1888/4425/9974 1484/4097/9975
f 1889/4426/9976 1484/4097/9977 1989/4636/9978
f 1756/4478/9979 1920/4477/9980 1970/4781/9981
f 1756/4478/9982 1970/4781/9983 1757/4564/9984
f 1990/4937/9985 1993/4842/9986 1600/4062/9987
f 1990/4937/9988 1600/4062/9989 1766/4532/9990
f 1477/3959/9991 1843/4369/9992 1817/4331/9993
f 1477/3959/9994 1817/4331/9995 1478/3960/9996
f 1634/4938/9997 1633/4259/9998 1536/4002/9999
f 1634/4938/10000 1536/4002/10001 1924/4598/10002
f 2019/4721/10003 1954/4595/10004 1602/4939/10005
f 2019/4721/10006 1602/4939/10007 1998/4722/10008
f 1516/3987/10009 1515/3986/10010 1662/4497/10011
f 1516/3987/10012 1662/4497/10013 1934/4496/10014
f 2000/4940/10015 1947/4929/10016 2053/4930/10017
f 2000/4940/10018 2053/4930/10019 1873/4941/10020
f 2034/4942/10021 1885/4505/10022 1939/4508/10023
f 2034/4942/10024 1939/4508/10025 1996/4651/10026
f 1732/4219/10027 1731/4218/10028 1997/4943/10029
f 1732/4219/10030 1997/4943/10031 1982/4611/10032
f 1799/4308/10033 1762/4255/10034 1670/4258/10035
f 1799/4308/10036 1670/4258/10037 1669/4944/10038
f 1630/4099/10039 1798/4849/10040 1514/4945/10041
f 1630/4099/10042 1514/4945/10043 1513/4434/10044
f 1779/4946/10045 1778/4913/10046 1487/3969/10047
f 1779/4946/10048 1487/3969/10049 1486/3968/10050
f 1787/4289/10051 1793/4300/10052 1517/4239/10053
f 1787/4289/10054 1517/4239/10055 1993/4842/10056
f 1456/4293/10057 2005/4669/10058 2007/4672/10059
f 1456/4293/10060 2007/4672/10061 1736/4228/10062
f 1609/4947/10063 2003/4948/10064 1639/4949/10065
f 1609/4950/10066 1639/4951/10067 1705/4952/10068
f 2056/4953/10069 1603/4298/10070 1449/3933/10071
f 2056/4953/10072 1449/3933/10073 1448/3932/10074
f 1733/4221/10075 1713/4199/10076 1716/4202/10077
f 1733/4221/10078 1716/4202/10079 1687/4222/10080
f 1945/4770/10081 1654/4130/10082 1657/4133/10083
f 1945/4770/10084 1657/4133/10085 1946/4797/10086
f 1836/4361/10087 2037/4813/10088 1686/4954/10089
f 1836/4361/10090 1686/4954/10091 1623/4285/10092
f 1873/4941/10093 2053/4930/10094 1541/4307/10095
f 1873/4941/10096 1541/4307/10097 1540/4306/10098
f 1851/4379/10099 1973/4719/10100 1974/4955/10101
f 1851/4379/10102 1974/4955/10103 2042/4863/10104
f 1782/4282/10105 1883/4418/10106 1867/4584/10107
f 1782/4282/10108 1867/4584/10109 1607/4752/10110
f 1723/4956/10111 2017/4718/10112 1468/4957/10113
f 1723/4956/10114 1468/4957/10115 1471/4958/10116
f 1742/4236/10117 1594/4054/10118 1597/4057/10119
f 1742/4236/10120 1597/4057/10121 1666/4237/10122
f 1776/4275/10123 1775/4274/10124 1789/4295/10125
f 1776/4275/10126 1789/4295/10127 1558/4294/10128
f 1563/4025/10129 1964/4552/10130 1913/4959/10131
f 1563/4025/10132 1913/4959/10133 1564/4026/10134
f 2017/4718/10135 1505/4717/10136 1506/4960/10137
f 2017/4718/10138 1506/4960/10139 1468/4957/10140
f 1682/4169/10141 2013/4687/10142 2033/4920/10143
f 1682/4169/10144 2033/4920/10145 1636/4106/10146
f 2024/4933/10147 1547/4011/10148 1721/4207/10149
f 2024/4933/10150 1721/4207/10151 2015/4708/10152
f 1752/4250/10153 1555/4019/10154 1921/4919/10155
f 1752/4250/10156 1921/4919/10157 1591/4596/10158
f 1948/4778/10159 1773/4961/10160 1776/4802/10161
f 1948/4778/10162 1776/4802/10163 1683/4170/10164
f 1966/4962/10165 2030/4963/10166 1971/4964/10167
f 1966/4965/10168 1971/4966/10169 1992/4967/10170
f 2032/4936/10171 1946/4968/10172 1531/4688/10173
f 2032/4936/10174 1531/4688/10175 1994/4645/10176
f 1954/4595/10177 1583/4043/10178 1586/4046/10179
f 1954/4595/10180 1586/4046/10181 1602/4939/10182
f 1499/4328/10183 1647/4123/10184 1650/4126/10185
f 1499/4328/10186 1650/4126/10187 1500/4329/10188
f 2036/4969/10189 1992/4970/10190 1480/4971/10191
f 2036/4972/10192 1480/4973/10193 1962/4974/10194
f 1580/4583/10195 1611/4077/10196 1614/4080/10197
f 1580/4583/10198 1614/4080/10199 1581/4975/10200
f 2057/4976/10201 2056/4953/10202 1448/3932/10203
f 2057/4976/10204 1448/3932/10205 1595/4689/10206
f 1796/4701/10207 1857/4385/10208 1805/4317/10209
f 1796/4701/10210 1805/4317/10211 1892/4429/10212
f 1801/4310/10213 1845/4373/10214 1848/4376/10215
f 1801/4310/10216 1848/4376/10217 1802/4311/10218
f 1685/4977/10219 1525/4683/10220 1937/4502/10221
f 1685/4977/10222 1937/4502/10223 1903/4501/10224
f 1959/4978/10225 1958/4979/10226 2014/4980/10227
f 1959/4981/10228 2014/4982/10229 2031/4983/10230
f 1479/3961/10231 1478/3960/10232 1713/4199/10233
f 1479/3961/10234 1713/4199/10235 1733/4221/10236
f 1789/4295/10237 1728/4659/10238 1945/4770/10239
f 1789/4295/10240 1945/4770/10241 1790/4296/10242
f 1953/4531/10243 1764/4530/10244 2058/4984/10245
f 1953/4531/10246 2058/4984/10247 1968/4568/10248
f 1574/4034/10249 1573/4033/10250 2019/4721/10251
f 1574/4034/10252 2019/4721/10253 2018/4720/10254
f 1792/4614/10255 1856/4384/10256 1729/4216/10257
f 1792/4614/10258 1729/4216/10259 1702/4185/10260
f 1807/4914/10261 1806/4861/10262 1818/4332/10263
f 1807/4914/10264 1818/4332/10265 2022/4733/10266
f 1950/4525/10267 1681/4168/10268 1635/4105/10269
f 1950/4525/10270 1635/4105/10271 1693/4563/10272
f 1560/4023/10273 1559/4022/10274 2055/4985/10275
f 1560/4023/10276 2055/4985/10277 1608/4070/10278
f 2038/4816/10279 1587/4047/10280 1589/4049/10281
f 2038/4816/10282 1589/4049/10283 1914/4469/10284
f 1961/4653/10285 1809/4321/10286 1810/4322/10287
f 1961/4653/10288 1810/4322/10289 1877/4409/10290
f 1951/4845/10291 1565/4986/10292 1564/4987/10293
f 1951/4845/10294 1564/4987/10295 2041/4846/10296
f 1941/4988/10297 1772/4271/10298 1885/4420/10299
f 1941/4988/10300 1885/4420/10301 2034/4989/10302
f 1553/4990/10303 1552/4711/10304 1906/4461/10305
f 1553/4990/10306 1906/4461/10307 1905/4460/10308
f 1770/4991/10309 1769/4992/10310 2036/4993/10311
f 1770/4994/10312 2036/4995/10313 2035/4996/10314
f 1590/4597/10315 1591/4596/10316 1815/4327/10317
f 1590/4597/10318 1815/4327/10319 1932/4493/10320
f 1833/4357/10321 1832/4356/10322 1923/4818/10323
f 1833/4357/10324 1923/4818/10325 1628/4617/10326
f 2042/4893/10327 1974/4997/10328 1653/4681/10329
f 2042/4893/10330 1653/4681/10331 2010/4680/10332
f 1607/4752/10333 1867/4584/10334 1972/4587/10335
f 1607/4752/10336 1972/4587/10337 1661/4137/10338
f 1938/4507/10339 2041/4846/10340 1912/4476/10341
f 1938/4507/10342 1912/4476/10343 1919/4475/10344
f 1763/4256/10345 2054/4931/10346 2058/4998/10347
f 1763/4256/10348 2058/4998/10349 1764/4257/10350
f 1598/4060/10351 1781/4565/10352 1976/4999/10353
f 1598/4060/10354 1976/4999/10355 1952/4528/10356
f 1489/3971/10357 1488/3970/10358 1563/4025/10359
f 1489/3971/10360 1563/4025/10361 1562/4024/10362
f 2053/4930/10363 1727/4215/10364 1566/4359/10365
f 2053/4930/10366 1566/4359/10367 1541/4307/10368
f 2039/4821/10369 2040/4838/10370 1746/5000/10371
f 2039/4821/10372 1746/5000/10373 1745/4822/10374
f 2054/4931/10375 1866/5001/10376 2028/5002/10377
f 2054/4931/10378 2028/5002/10379 2058/4998/10380
f 1453/5003/10381 1638/5004/10382 2003/5005/10383
f 1453/5006/10384 2003/5007/10385 1609/5008/10386
f 1986/5009/10387 2029/5010/10388 1638/5011/10389
f 1986/5012/10390 1638/5013/10391 1637/5014/10392
f 2006/5015/10393 2005/5016/10394 1995/4647/10395
f 2006/5015/10396 1995/4647/10397 2059/5017/10398
f 2007/4672/10399 1842/4671/10400 1841/4837/10401
f 2007/4672/10402 1841/4837/10403 2027/4811/10404
f 1879/4753/10405 1607/4752/10406 1661/4137/10407
f 1879/4753/10408 1661/4137/10409 1660/4136/10410
f 1680/4710/10411 2016/4709/10412 1918/5018/10413
f 1680/4710/10414 1918/5018/10415 1917/5019/10416
f 1491/4554/10417 1490/5020/10418 1580/4040/10419
f 1491/4554/10420 1580/4040/10421 1579/4039/10422
f 1623/4285/10423 1686/4954/10424 1735/4225/10425
f 1623/4285/10426 1735/4225/10427 1734/4224/10428
f 1705/5021/10429 1639/5022/10430 1642/5023/10431
f 1705/5024/10432 1642/5025/10433 1706/5026/10434
f 1725/4213/10435 2001/5027/10436 2002/4782/10437
f 1725/4213/10438 2002/4782/10439 1726/4214/10440
f 1559/4297/10441 1790/4296/10442 2032/4798/10443
f 1559/4297/10444 2032/4798/10445 2055/5028/10446
f 2002/4662/10447 1930/4490/10448 1864/4394/10449
f 2002/4662/10450 1864/4394/10451 1619/4393/10452
f 1606/4299/10453 1634/5029/10454 1924/4483/10455
f 1606/4299/10456 1924/4483/10457 1698/4178/10458
f 1735/4225/10459 1814/5030/10460 1871/5031/10461
f 1735/4225/10462 1871/5031/10463 1571/4226/10464
f 2050/4879/10465 2035/5032/10466 1846/4374/10467
f 2050/4879/10468 1846/4374/10469 1845/4373/10470
f 1714/4200/10471 1987/4627/10472 2021/5033/10473
f 1714/4200/10474 2021/5033/10475 1715/4201/10476
f 1826/5034/10477 1640/5035/10478 2004/5036/10479
f 1826/5037/10480 2004/5038/10481 1985/5039/10482
f 2041/4846/10483 1564/4987/10484 1913/4894/10485
f 2041/4846/10486 1913/4894/10487 1912/4476/10488
f 1596/4690/10489 1451/3935/10490 2017/4718/10491
f 1596/4690/10492 2017/4718/10493 1723/4956/10494
f 1620/4087/10495 1965/4556/10496 2023/4734/10497
f 1620/4087/10498 2023/4734/10499 1917/4472/10500
f 1949/5040/10501 1758/4252/10502 1760/4254/10503
f 1949/5040/10504 1760/4254/10505 1839/4365/10506
f 1561/4229/10507 2027/4811/10508 2039/4821/10509
f 1561/4229/10510 2039/4821/10511 1684/4399/10512
f 1788/4290/10513 1787/4289/10514 1993/4842/10515
f 1788/4290/10516 1993/4842/10517 1990/4937/10518
f 1964/4552/10519 1504/3979/10520 2009/4679/10521
f 1964/4552/10522 2009/4679/10523 1913/4959/10524
f 2013/4687/10525 1696/4686/10526 1632/5041/10527
f 2013/4687/10528 1632/5041/10529 2033/4920/10530
f 2026/5042/10531 2025/5043/10532 2048/5044/10533
f 2026/5045/10534 2048/5046/10535 2047/5047/10536
f 2033/4920/10537 1632/5041/10538 1624/4091/10539
f 2033/4920/10540 1624/4091/10541 1615/4081/10542
f 2059/5017/10543 1995/4647/10544 1829/4351/10545
f 2059/5017/10546 1829/4351/10547 1943/4859/10548
f 1751/4247/10549 1786/5048/10550 1910/4606/10551
f 1751/4247/10552 1910/4606/10553 1588/4048/10554
f 1522/4084/10555 1874/4405/10556 1944/4513/10557
f 1522/4084/10558 1944/4513/10559 1617/4085/10560
f 1738/4232/10561 1668/4146/10562 1671/4149/10563
f 1738/4232/10564 1671/4149/10565 1739/4233/10566
f 1706/5049/10567 1642/5050/10568 1956/5051/10569
f 1706/5052/10570 1956/5053/10571 1955/5054/10572
f 1518/4715/10573 1519/4714/10574 1804/4314/10575
f 1518/4715/10576 1804/4314/10577 1535/4313/10578
f 1802/4311/10579 1848/4376/10580 1928/5055/10581
f 1802/4311/10582 1928/5055/10583 1929/4918/10584
f 1573/4033/10585 1496/4593/10586 1954/4595/10587
f 1573/4033/10588 1954/4595/10589 2019/4721/10590
f 1455/5056/10591 1454/5057/10592 2030/5058/10593
f 1455/5059/10594 2030/5060/10595 1966/5061/10596
f 1925/4599/10597 1539/4005/10598 1772/4271/10599
f 1925/4599/10600 1772/4271/10601 1941/4988/10602
f 1911/4466/10603 1788/4465/10604 1990/5062/10605
f 1911/4466/10606 1990/5062/10607 1461/3943/10608
f 2057/5063/10609 1797/4700/10610 1891/4428/10611
f 2057/5063/10612 1891/4428/10613 2056/5064/10614
f 2040/4844/10615 1841/4367/10616 1477/3959/10617
f 2040/4844/10618 1477/3959/10619 1476/3958/10620
f 1918/5065/10621 1823/4344/10622 1827/4347/10623
f 1918/5065/10624 1827/4347/10625 1621/4485/10626
f 1648/4934/10627 1703/4187/10628 1940/4510/10629
f 1648/4934/10630 1940/4510/10631 1649/5066/10632
f 1589/4049/10633 1523/3988/10634 1526/3991/10635
f 1589/4049/10636 1526/3991/10637 1568/4028/10638
f 1975/4594/10639 1652/4682/10640 1584/4044/10641
f 1975/4594/10642 1584/4044/10643 1583/4043/10644
f 1472/5067/10645 1553/4990/10646 1905/4460/10647
f 1472/5067/10648 1905/4460/10649 1473/5068/10650
f 1507/4240/10651 1508/4766/10652 1875/4819/10653
f 1507/4240/10654 1875/4819/10655 1744/4241/10656
f 1591/4596/10657 1921/4919/10658 1499/4328/10659
f 1591/4596/10660 1499/4328/10661 1815/4327/10662
f 1531/4688/10663 1688/4175/10664 1831/4355/10665
f 1531/4688/10666 1831/4355/10667 1532/4354/10668
f 1922/5069/10669 1767/5070/10670 1770/5071/10671
f 1922/5072/10672 1770/5073/10673 2049/5074/10674
f 1751/4288/10675 1750/4847/10676 1793/4300/10677
f 1751/4288/10678 1793/4300/10679 1787/4289/10680
f 1578/4492/10681 1692/4610/10682 1717/4203/10683
f 1578/4492/10684 1717/4203/10685 1458/4573/10686
f 1482/5075/10687 1707/5076/10688 1890/5077/10689
f 1482/5078/10690 1890/5079/10691 1824/5080/10692
f 1553/4017/10693 1472/5081/10694 1475/5082/10695
f 1553/4017/10696 1475/5082/10697 1554/4018/10698
f 1748/4245/10699 1747/4244/10700 1709/4195/10701
f 1748/4245/10702 1709/4195/10703 1708/4194/10704
f 1739/4233/10705 1671/4149/10706 1953/4531/10707
f 1739/4233/10708 1953/4531/10709 1967/4567/10710
f 1503/4916/10711 1969/4569/10712 1970/4572/10713
f 1503/4916/10714 1970/4572/10715 2008/5083/10716
f 1872/4402/10717 1927/4892/10718 1495/4650/10719
f 1872/4402/10720 1495/4650/10721 1572/4032/10722
f 1880/5084/10723 1963/4932/10724 2038/4816/10725
f 1880/5084/10726 2038/4816/10727 1881/4815/10728
f 1780/4712/10729 1779/5085/10730 1486/4051/10731
f 1780/4712/10732 1486/4051/10733 1592/4050/10734
f 1861/4390/10735 1483/4341/10736 1825/4343/10737
f 1861/4390/10738 1825/4343/10739 1862/4391/10740
f 1972/4587/10741 1932/4586/10742 1933/5086/10743
f 1972/4587/10744 1933/5086/10745 1935/4865/10746
f 1887/4424/10747 1952/4600/10748 1978/4603/10749
f 1887/4424/10750 1978/4603/10751 1888/4425/10752
f 1581/4975/10753 1614/4080/10754 1542/4006/10755
f 1581/4975/10756 1542/4006/10757 1979/4604/10758
f 1931/4491/10759 1980/4607/10760 1692/4610/10761
f 1931/4491/10762 1692/4610/10763 1578/4492/10764
f 1505/4717/10765 1942/4512/10766 1996/4806/10767
f 1505/4717/10768 1996/4806/10769 1506/4960/10770
f 1946/4968/10771 1657/4172/10772 1688/4175/10773
f 1946/4968/10774 1688/4175/10775 1531/4688/10776
f 1810/4322/10777 1516/3987/10778 1934/4496/10779
f 1810/4322/10780 1934/4496/10781 1754/4410/10782
f 1797/4303/10783 2057/5087/10784 1595/4055/10785
f 1797/4303/10786 1595/4055/10787 1594/4054/10788
f 1554/4018/10789 1475/5082/10790 1690/4676/10791
f 1554/4018/10792 1690/4676/10793 1689/4675/10794
f 1686/4954/10795 1811/5088/10796 1814/5030/10797
f 1686/4954/10798 1814/5030/10799 1735/4225/10800
f 1774/4273/10801 1981/4860/10802 1999/4658/10803
f 1774/4273/10804 1999/4658/10805 1775/4274/10806
f 1530/3997/10807 1529/3996/10808 1965/4556/10809
f 1530/3997/10810 1965/4556/10811 1620/4087/10812
f 1842/4368/10813 2006/5089/10814 2059/5090/10815
f 1842/4368/10816 2059/5090/10817 1843/4369/10818
f 1822/5091/10819 1641/5092/10820 1640/5093/10821
f 1822/5094/10822 1640/5095/10823 1826/5096/10824
f 1474/3956/10825 1792/4614/10826 1702/4185/10827
f 1474/3956/10828 1702/4185/10829 1701/4184/10830
f 1808/4320/10831 1807/4319/10832 1778/4277/10833
f 1808/4320/10834 1778/4277/10835 1777/4276/10836
f 1855/4851/10837 1889/4426/10838 1989/4636/10839
f 1855/4851/10840 1989/4636/10841 1730/4917/10842
f 1916/4812/10843 1893/5097/10844 1895/5098/10845
f 1916/4812/10846 1895/5098/10847 2037/4813/10848
f 1473/5068/10849 1905/4460/10850 1907/4462/10851
f 1473/5068/10852 1907/4462/10853 1791/4814/10854
f 2022/4733/10855 1818/4332/10856 1501/3976/10857
f 2022/4733/10858 1501/3976/10859 1691/4551/10860
f 2049/5099/10861 1770/5100/10862 2035/5101/10863
f 2049/5102/10864 2035/5103/10865 2050/5104/10866
f 1977/4804/10867 1783/4283/10868 1879/4753/10869
f 1977/4804/10870 1879/4753/10871 1749/4767/10872
f 1461/3943/10873 1990/5062/10874 1766/4261/10875
f 1461/3943/10876 1766/4261/10877 1462/3944/10878
f 1875/4407/10879 1785/4286/10880 2018/4732/10881
f 1875/4407/10882 2018/4732/10883 2020/5105/10884
f 1837/5106/10885 2031/5107/10886 1767/5108/10887
f 1837/5109/10888 1767/5110/10889 1922/5111/10890
f 1968/4568/10891 2058/4984/10892 2028/5112/10893
f 1968/4568/10894 2028/5112/10895 1984/4618/10896
f 1570/5113/10897 1569/4456/10898 1904/4459/10899
f 1570/5113/10900 1904/4459/10901 1869/4398/10902
f 2060/5114/10903 1673/5115/10904 1680/5116/10905
f 2060/5114/10906 1680/5116/10907 1902/5117/10908
f 2052/5118/10909 2060/5114/10910 1902/5117/10911
f 2052/5118/10912 1902/5117/10913 1901/5119/10914
f 2046/5120/10915 2044/5121/10916 2060/5114/10917
f 2046/5120/10918 2060/5114/10919 2052/5118/10920
f 2044/5121/10921 1674/5122/10922 1673/5115/10923
f 2044/5121/10924 1673/5115/10925 2060/5114/10926
f 1978/4603/10927 1977/4602/10928 1749/4848/10929
f 1978/4603/10930 1749/4848/10931 1629/4098/10932
f 1758/5123/10933 1949/5124/10934 1950/4608/10935
f 1758/5123/10936 1950/4608/10937 1980/4607/10938
f 1874/4405/10939 1540/4404/10940 1799/4514/10941
f 1874/4405/10942 1799/4514/10943 1944/4513/10944
f 1864/4394/10945 1578/4492/10946 1458/4573/10947
f 1864/4394/10948 1458/4573/10949 1865/4395/10950
f 2016/4709/10951 1820/4334/10952 1823/4337/10953
f 2016/4709/10954 1823/4337/10955 1918/5018/10956
f 1754/4410/10957 1934/4496/10958 1936/4499/10959
f 1754/4410/10960 1936/4499/10961 1664/4141/10962
f 1771/4270/10963 1896/4437/10964 1951/4527/10965
f 1771/4270/10966 1951/4527/10967 1884/4419/10968
f 1555/4019/10969 1554/4018/10970 1689/4675/10971
f 1555/4019/10972 1689/4675/10973 1921/4919/10974
f 1567/4784/10975 1619/4783/10976 1866/5001/10977
f 1567/4784/10978 1866/5001/10979 2054/4931/10980
f 1813/4325/10981 1852/4380/10982 1927/4864/10983
f 1813/4325/10984 1927/4864/10985 1872/5125/10986
f 1983/4836/10987 2001/5126/10988 1725/4915/10989
f 1983/4836/10990 1725/4915/10991 1711/4197/10992
f 1876/4408/10993 2050/4879/10994 1845/4373/10995
f 1876/4408/10996 1845/4373/10997 1801/4310/10998
f 2037/4813/10999 1895/5098/11000 1811/5088/11001
f 2037/4813/11002 1811/5088/11003 1686/4954/11004
f 2005/5016/11005 1456/4553/11006 1457/4555/11007
f 2005/5016/11008 1457/4555/11009 1995/4647/11010
f 1814/4326/11011 1813/4325/11012 1872/5125/11013
f 1814/4326/11014 1872/5125/11015 1871/5127/11016
f 2056/5064/11017 1891/4428/11018 1604/4067/11019
f 2056/5064/11020 1604/4067/11021 1603/4066/11022
f 1769/5128/11023 1966/5129/11024 1992/5130/11025
f 1769/5131/11026 1992/5132/11027 2036/5133/11028
f 1906/4461/11029 1551/4015/11030 1497/4059/11031
f 1906/4461/11032 1497/4059/11033 1494/4058/11034
f 1894/4432/11035 1570/5113/11036 1869/4398/11037
f 1894/4432/11038 1869/4398/11039 1868/4397/11040
f 2025/5134/11041 1676/5135/11042 1677/5136/11043
f 2025/5043/11044 1677/5137/11045 2048/5044/11046
f 1843/4369/11047 2059/5090/11048 1943/4626/11049
f 1843/4369/11050 1943/4626/11051 1817/4331/11052
f 1759/4616/11053 1758/5123/11054 1980/4607/11055
f 1759/4616/11056 1980/4607/11057 1931/4491/11058
f 1481/5138/11059 1704/5139/11060 1707/5140/11061
f 1481/5141/11062 1707/5142/11063 1482/5143/11064
f 2063/5144/11065 2064/5145/11066 2065/5146/11067
f 2063/5144/11068 2065/5146/11069 2066/5147/11070
f 2067/5148/11071 2068/5149/11072 2069/5150/11073
f 2067/5151/11074 2069/5152/11075 2070/5153/11076
f 2073/5154/11077 2074/5155/11078 2075/5156/11079
f 2073/5154/11080 2075/5156/11081 2076/5157/11082
f 2077/5158/11083 2078/5159/11084 2079/5160/11085
f 2077/5158/11086 2079/5160/11087 2080/5161/11088
f 2081/5162/11089 2082/5163/11090 2083/5164/11091
f 2081/5165/11092 2083/5166/11093 2084/5167/11094
f 2078/5168/11095 2077/5169/11096 2085/5170/11097
f 2078/5168/11098 2085/5170/11099 2086/5171/11100
f 2090/5172/11101 2091/5173/11102 2092/5174/11103
f 2090/5172/11104 2092/5174/11105 2093/5175/11106
f 2094/5176/11107 2095/5177/11108 2096/5178/11109
f 2094/5176/11110 2096/5178/11111 2097/5179/11112
f 2098/5180/11113 2099/5181/11114 2100/5182/11115
f 2098/5180/11116 2100/5182/11117 2101/5183/11118
f 2102/5184/11119 2103/5185/11120 2104/5186/11121
f 2102/5184/11122 2104/5186/11123 2105/5187/11124
f 2106/5188/11125 2107/5189/11126 2108/5190/11127
f 2106/5188/11128 2108/5190/11129 2109/5191/11130
f 2114/5192/11131 2115/5193/11132 2116/5194/11133
f 2114/5192/11134 2116/5194/11135 2117/5195/11136
f 2118/5196/11137 2119/5197/11138 2120/5198/11139
f 2118/5196/11140 2120/5198/11141 2121/5199/11142
f 2124/5200/11143 2125/5201/11144 2126/5202/11145
f 2124/5200/11146 2126/5202/11147 2127/5203/11148
f 2130/5204/11149 2131/5205/11150 2132/5206/11151
f 2130/5204/11152 2132/5206/11153 2133/5207/11154
f 2096/5208/11155 2095/5209/11156 2134/5210/11157
f 2096/5208/11158 2134/5210/11159 2135/5211/11160
f 2136/5212/11161 2137/5213/11162 2138/5214/11163
f 2136/5212/11164 2138/5214/11165 2139/5215/11166
f 2142/5216/11167 2143/5217/11168 2122/5218/11169
f 2142/5216/11170 2122/5218/11171 2144/5219/11172
f 2147/5220/11173 2148/5221/11174 2149/5222/11175
f 2147/5220/11176 2149/5222/11177 2150/5223/11178
f 2112/5224/11179 2113/5225/11180 2151/5226/11181
f 2112/5224/11182 2151/5226/11183 2152/5227/11184
f 2156/5228/11185 2157/5229/11186 2158/5230/11187
f 2156/5228/11188 2158/5230/11189 2159/5231/11190
f 2162/5232/11191 2163/5233/11192 2164/5234/11193
f 2162/5232/11194 2164/5234/11195 2165/5235/11196
f 2166/5236/11197 2167/5237/11198 2168/5238/11199
f 2166/5236/11200 2168/5238/11201 2169/5239/11202
f 2171/5240/11203 2172/5241/11204 2140/5242/11205
f 2171/5240/11206 2140/5242/11207 2173/5243/11208
f 2175/5244/11209 2176/5245/11210 2177/5246/11211
f 2175/5244/11212 2177/5246/11213 2178/5247/11214
f 2179/5248/11215 2180/5249/11216 2181/5250/11217
f 2179/5248/11218 2181/5250/11219 2182/5251/11220
f 2183/5252/11221 2179/5253/11222 2182/5254/11223
f 2183/5255/11224 2182/5256/11225 2184/5257/11226
f 2185/5258/11227 2186/5259/11228 2179/5260/11229
f 2185/5261/11230 2179/5262/11231 2183/5263/11232
f 2186/5264/11233 2187/5265/11234 2180/5249/11235
f 2186/5264/11236 2180/5249/11237 2179/5248/11238
f 2188/5266/11239 2189/5267/11240 2082/5268/11241
f 2188/5269/11242 2082/5270/11243 2081/5271/11244
f 2153/5272/11245 2190/5273/11246 2191/5274/11247
f 2153/5272/11248 2191/5274/11249 2125/5275/11250
f 2192/5276/11251 2193/5277/11252 2194/5278/11253
f 2192/5276/11254 2194/5278/11255 2195/5279/11256
f 2196/5280/11257 2197/5281/11258 2198/5282/11259
f 2196/5280/11260 2198/5282/11261 2199/5283/11262
f 2200/5284/11263 2201/5285/11264 2202/5286/11265
f 2200/5284/11266 2202/5286/11267 2203/5287/11268
f 2204/5288/11269 2205/5289/11270 2206/5290/11271
f 2204/5291/11272 2206/5292/11273 2207/5293/11274
f 2209/5294/11275 2210/5295/11276 2211/5296/11277
f 2209/5294/11278 2211/5296/11279 2212/5297/11280
f 2085/5298/11281 2213/5299/11282 2214/5300/11283
f 2085/5298/11284 2214/5300/11285 2215/5301/11286
f 2217/5302/11287 2218/5303/11288 2219/5304/11289
f 2217/5302/11290 2219/5304/11291 2220/5305/11292
f 2225/5306/11293 2226/5307/11294 2227/5308/11295
f 2225/5306/11296 2227/5308/11297 2228/5309/11298
f 2229/5310/11299 2230/5311/11300 2231/5312/11301
f 2229/5313/11302 2231/5314/11303 2232/5315/11304
f 2233/5316/11305 2234/5317/11306 2068/5318/11307
f 2233/5319/11308 2068/5320/11309 2067/5321/11310
f 2236/5322/11311 2237/5323/11312 2238/5324/11313
f 2236/5322/11314 2238/5324/11315 2239/5325/11316
f 2240/5326/11317 2241/5327/11318 2242/5328/11319
f 2240/5326/11320 2242/5328/11321 2243/5329/11322
f 2246/5330/11323 2247/5331/11324 2248/5332/11325
f 2246/5330/11326 2248/5332/11327 2249/5333/11328
f 2066/5334/11329 2065/5335/11330 2103/5336/11331
f 2066/5334/11332 2103/5336/11333 2102/5337/11334
f 2250/5338/11335 2118/5339/11336 2121/5340/11337
f 2250/5338/11338 2121/5340/11339 2251/5341/11340
f 2252/5342/11341 2253/5343/11342 2254/5344/11343
f 2252/5342/11344 2254/5344/11345 2255/5345/11346
f 2256/5346/11347 2070/5347/11348 2257/5348/11349
f 2256/5349/11350 2257/5350/11351 2258/5351/11352
f 2259/5352/11353 2071/5353/11354 2174/5354/11355
f 2259/5352/11356 2174/5354/11357 2260/5355/11358
f 2253/5356/11359 2096/5357/11360 2135/5358/11361
f 2253/5356/11362 2135/5358/11363 2261/5359/11364
f 2230/5360/11365 2262/5361/11366 2263/5362/11367
f 2230/5363/11368 2263/5364/11369 2231/5365/11370
f 2210/5366/11371 2264/5367/11372 2063/5368/11373
f 2210/5366/11374 2063/5368/11375 2211/5369/11376
f 2093/5370/11377 2092/5371/11378 2265/5372/11379
f 2093/5370/11380 2265/5372/11381 2266/5373/11382
f 2267/5374/11383 2268/5375/11384 2269/5376/11385
f 2267/5374/11386 2269/5376/11387 2270/5377/11388
f 2271/5378/11389 2061/5379/11390 2062/5380/11391
f 2271/5378/11392 2062/5380/11393 2272/5381/11394
f 2091/5382/11395 2275/5383/11396 2074/5384/11397
f 2091/5382/11398 2074/5384/11399 2073/5385/11400
f 2276/5386/11401 2277/5387/11402 2278/5388/11403
f 2276/5386/11404 2278/5388/11405 2113/5389/11406
f 2107/5390/11407 2281/5391/11408 2282/5392/11409
f 2107/5390/11410 2282/5392/11411 2108/5393/11412
f 2283/5394/11413 2284/5395/11414 2285/5396/11415
f 2283/5394/11416 2285/5396/11417 2286/5397/11418
f 2287/5398/11419 2288/5399/11420 2289/5400/11421
f 2287/5398/11422 2289/5400/11423 2290/5401/11424
f 2293/5402/11425 2294/5403/11426 2244/5404/11427
f 2293/5402/11428 2244/5404/11429 2295/5405/11430
f 2296/5406/11431 2297/5407/11432 2298/5408/11433
f 2296/5406/11434 2298/5408/11435 2299/5409/11436
f 2176/5410/11437 2243/5411/11438 2209/5412/11439
f 2176/5410/11440 2209/5412/11441 2177/5413/11442
f 2300/5414/11443 2301/5415/11444 2302/5416/11445
f 2300/5417/11446 2302/5418/11447 2303/5419/11448
f 2304/5420/11449 2305/5421/11450 2306/5422/11451
f 2304/5420/11452 2306/5422/11453 2223/5423/11454
f 2307/5424/11455 2308/5425/11456 2309/5426/11457
f 2307/5424/11458 2309/5426/11459 2310/5427/11460
f 2070/5428/11461 2069/5429/11462 2311/5430/11463
f 2070/5431/11464 2311/5432/11465 2257/5433/11466
f 2174/5434/11467 2314/5435/11468 2315/5436/11469
f 2174/5434/11470 2315/5436/11471 2316/5437/11472
f 2172/5438/11473 2321/5439/11474 2322/5440/11475
f 2172/5438/11476 2322/5440/11477 2140/5441/11478
f 2105/5442/11479 2104/5443/11480 2323/5444/11481
f 2105/5442/11482 2323/5444/11483 2324/5445/11484
f 2089/5446/11485 2325/5447/11486 2326/5448/11487
f 2089/5446/11488 2326/5448/11489 2279/5449/11490
f 2191/5450/11491 2327/5451/11492 2328/5452/11493
f 2191/5450/11494 2328/5452/11495 2329/5453/11496
f 2330/5454/11497 2331/5455/11498 2332/5456/11499
f 2330/5454/11500 2332/5456/11501 2333/5457/11502
f 2279/5458/11503 2326/5459/11504 2335/5460/11505
f 2279/5458/11506 2335/5460/11507 2280/5461/11508
f 2129/5462/11509 2336/5463/11510 2337/5464/11511
f 2129/5462/11512 2337/5464/11513 2277/5465/11514
f 2338/5466/11515 2110/5467/11516 2111/5468/11517
f 2338/5466/11518 2111/5468/11519 2339/5469/11520
f 2340/5470/11521 2180/5471/11522 2187/5472/11523
f 2340/5470/11524 2187/5472/11525 2341/5473/11526
f 2342/5474/11527 2340/5470/11528 2341/5473/11529
f 2342/5474/11530 2341/5473/11531 2343/5475/11532
f 2344/5476/11533 2345/5477/11534 2340/5470/11535
f 2344/5476/11536 2340/5470/11537 2342/5474/11538
f 2345/5477/11539 2181/5478/11540 2180/5471/11541
f 2345/5477/11542 2180/5471/11543 2340/5470/11544
f 2346/5479/11545 2347/5480/11546 2348/5481/11547
f 2346/5479/11548 2348/5481/11549 2349/5482/11550
f 2351/5483/11551 2130/5484/11552 2133/5485/11553
f 2351/5483/11554 2133/5485/11555 2352/5486/11556
f 2170/5487/11557 2353/5488/11558 2354/5489/11559
f 2170/5487/11560 2354/5489/11561 2355/5490/11562
f 2356/5491/11563 2357/5492/11564 2354/5493/11565
f 2356/5491/11566 2354/5493/11567 2353/5494/11568
f 2358/5495/11569 2252/5496/11570 2255/5497/11571
f 2358/5495/11572 2255/5497/11573 2319/5498/11574
f 2359/5499/11575 2360/5500/11576 2361/5501/11577
f 2359/5499/11578 2361/5501/11579 2362/5502/11580
f 2071/5503/11581 2363/5504/11582 2314/5505/11583
f 2071/5503/11584 2314/5505/11585 2174/5506/11586
f 2220/5507/11587 2219/5508/11588 2364/5509/11589
f 2220/5507/11590 2364/5509/11591 2322/5510/11592
f 2071/5511/11593 2259/5512/11594 2365/5513/11595
f 2071/5511/11596 2365/5513/11597 2072/5514/11598
f 2261/5515/11599 2135/5516/11600 2216/5517/11601
f 2261/5515/11602 2216/5517/11603 2367/5518/11604
f 2368/5519/11605 2369/5520/11606 2370/5521/11607
f 2368/5519/11608 2370/5521/11609 2371/5522/11610
f 2232/5523/11611 2231/5524/11612 2373/5525/11613
f 2232/5526/11614 2373/5527/11615 2374/5528/11616
f 2375/5529/11617 2284/5530/11618 2283/5531/11619
f 2375/5529/11620 2283/5531/11621 2336/5532/11622
f 2190/5533/11623 2376/5534/11624 2327/5535/11625
f 2190/5533/11626 2327/5535/11627 2191/5536/11628
f 2259/5537/11629 2377/5538/11630 2378/5539/11631
f 2259/5537/11632 2378/5539/11633 2365/5540/11634
f 2379/5541/11635 2380/5542/11636 2381/5543/11637
f 2379/5541/11638 2381/5543/11639 2382/5544/11640
f 2383/5545/11641 2384/5546/11642 2176/5547/11643
f 2383/5545/11644 2176/5547/11645 2175/5548/11646
f 2386/5549/11647 2387/5550/11648 2119/5551/11649
f 2386/5549/11650 2119/5551/11651 2118/5552/11652
f 2321/5553/11653 2217/5554/11654 2220/5555/11655
f 2321/5553/11656 2220/5555/11657 2322/5556/11658
f 2101/5557/11659 2100/5558/11660 2218/5559/11661
f 2101/5557/11662 2218/5559/11663 2217/5560/11664
f 2372/5561/11665 2392/5562/11666 2393/5563/11667
f 2372/5561/11668 2393/5563/11669 2389/5564/11670
f 2394/5565/11671 2395/5566/11672 2095/5567/11673
f 2394/5565/11674 2095/5567/11675 2094/5568/11676
f 2349/5569/11677 2348/5570/11678 2288/5571/11679
f 2349/5569/11680 2288/5571/11681 2396/5572/11682
f 2398/5573/11683 2399/5574/11684 2400/5575/11685
f 2398/5573/11686 2400/5575/11687 2401/5576/11688
f 2084/5577/11689 2083/5578/11690 2403/5579/11691
f 2084/5580/11692 2403/5581/11693 2404/5582/11694
f 2310/5583/11695 2309/5584/11696 2405/5585/11697
f 2310/5583/11698 2405/5585/11699 2406/5586/11700
f 2407/5587/11701 2408/5588/11702 2409/5589/11703
f 2407/5587/11704 2409/5589/11705 2410/5590/11706
f 2323/5591/11707 2411/5592/11708 2412/5593/11709
f 2323/5591/11710 2412/5593/11711 2413/5594/11712
f 2248/5595/11713 2415/5596/11714 2416/5597/11715
f 2248/5595/11716 2416/5597/11717 2417/5598/11718
f 2394/5599/11719 2197/5600/11720 2418/5601/11721
f 2394/5599/11722 2418/5601/11723 2419/5602/11724
f 2422/5603/11725 2156/5604/11726 2159/5605/11727
f 2422/5603/11728 2159/5605/11729 2423/5606/11730
f 2425/5607/11731 2257/5608/11732 2311/5609/11733
f 2425/5607/11734 2311/5609/11735 2331/5610/11736
f 2426/5611/11737 2427/5612/11738 2391/5613/11739
f 2426/5611/11740 2391/5613/11741 2390/5614/11742
f 2428/5615/11743 2429/5616/11744 2324/5617/11745
f 2428/5615/11746 2324/5617/11747 2430/5618/11748
f 2431/5619/11749 2303/5620/11750 2230/5621/11751
f 2431/5622/11752 2230/5623/11753 2229/5624/11754
f 2263/5625/11755 2262/5626/11756 2234/5627/11757
f 2263/5628/11758 2234/5629/11759 2233/5630/11760
f 2432/5631/11761 2433/5632/11762 2137/5633/11763
f 2432/5631/11764 2137/5633/11765 2136/5634/11766
f 2417/5635/11767 2416/5636/11768 2436/5637/11769
f 2417/5635/11770 2436/5637/11771 2437/5638/11772
f 2312/5639/11773 2313/5640/11774 2438/5641/11775
f 2312/5639/11776 2438/5641/11777 2380/5642/11778
f 2439/5643/11779 2440/5644/11780 2441/5645/11781
f 2439/5643/11782 2441/5645/11783 2350/5646/11784
f 2285/5647/11785 2426/5648/11786 2390/5649/11787
f 2285/5647/11788 2390/5649/11789 2397/5650/11790
f 2442/5651/11791 2443/5652/11792 2090/5653/11793
f 2442/5651/11794 2090/5653/11795 2402/5654/11796
f 2131/5655/11797 2112/5656/11798 2152/5657/11799
f 2131/5655/11800 2152/5657/11801 2132/5658/11802
f 2444/5659/11803 2445/5660/11804 2446/5661/11805
f 2444/5662/11806 2446/5663/11807 2447/5664/11808
f 2111/5665/11809 2448/5666/11810 2449/5667/11811
f 2111/5665/11812 2449/5667/11813 2450/5668/11814
f 2451/5669/11815 2452/5670/11816 2115/5671/11817
f 2451/5669/11818 2115/5671/11819 2114/5672/11820
f 2453/5673/11821 2171/5674/11822 2173/5675/11823
f 2453/5673/11824 2173/5675/11825 2454/5676/11826
f 2458/5677/11827 2459/5678/11828 2422/5679/11829
f 2458/5677/11830 2422/5679/11831 2460/5680/11832
f 2461/5681/11833 2462/5682/11834 2463/5683/11835
f 2461/5684/11836 2463/5685/11837 2464/5686/11838
f 2468/5687/11839 2469/5688/11840 2470/5689/11841
f 2468/5687/11842 2470/5689/11843 2471/5690/11844
f 2472/5691/11845 2473/5692/11846 2205/5693/11847
f 2472/5691/11848 2205/5693/11849 2204/5694/11850
f 2474/5695/11851 2475/5696/11852 2476/5697/11853
f 2474/5695/11854 2476/5697/11855 2477/5698/11856
f 2478/5699/11857 2203/5700/11858 2479/5701/11859
f 2478/5699/11860 2479/5701/11861 2480/5702/11862
f 2481/5703/11863 2482/5704/11864 2483/5705/11865
f 2481/5703/11866 2483/5705/11867 2247/5706/11868
f 2484/5707/11869 2161/5708/11870 2130/5709/11871
f 2484/5707/11872 2130/5709/11873 2351/5710/11874
f 2485/5711/11875 2150/5712/11876 2486/5713/11877
f 2485/5711/11878 2486/5713/11879 2487/5714/11880
f 2199/5715/11881 2198/5716/11882 2488/5717/11883
f 2199/5715/11884 2488/5717/11885 2489/5718/11886
f 2490/5719/11887 2183/5720/11888 2184/5721/11889
f 2490/5722/11890 2184/5723/11891 2491/5724/11892
f 2492/5725/11893 2493/5726/11894 2494/5727/11895
f 2492/5725/11896 2494/5727/11897 2495/5728/11898
f 2292/5729/11899 2222/5730/11900 2172/5731/11901
f 2292/5729/11902 2172/5731/11903 2171/5732/11904
f 2496/5733/11905 2497/5734/11906 2099/5735/11907
f 2496/5733/11908 2099/5735/11909 2098/5736/11910
f 2305/5737/11911 2451/5738/11912 2114/5739/11913
f 2305/5737/11914 2114/5739/11915 2306/5740/11916
f 2480/5741/11917 2479/5742/11918 2330/5743/11919
f 2480/5741/11920 2330/5743/11921 2499/5744/11922
f 2500/5745/11923 2276/5746/11924 2113/5747/11925
f 2500/5745/11926 2113/5747/11927 2112/5748/11928
f 2314/5749/11929 2501/5750/11930 2502/5751/11931
f 2314/5749/11932 2502/5751/11933 2315/5752/11934
f 2503/5753/11935 2468/5754/11936 2471/5755/11937
f 2503/5753/11938 2471/5755/11939 2497/5756/11940
f 2504/5757/11941 2215/5758/11942 2468/5759/11943
f 2504/5757/11944 2468/5759/11945 2503/5760/11946
f 2224/5761/11947 2505/5762/11948 2408/5763/11949
f 2224/5761/11950 2408/5763/11951 2407/5764/11952
f 2284/5765/11953 2502/5766/11954 2426/5767/11955
f 2284/5765/11956 2426/5767/11957 2285/5768/11958
f 2507/5769/11959 2508/5770/11960 2325/5771/11961
f 2507/5769/11962 2325/5771/11963 2089/5772/11964
f 2265/5773/11965 2092/5774/11966 2433/5775/11967
f 2265/5773/11968 2433/5775/11969 2432/5776/11970
f 2509/5777/11971 2510/5778/11972 2360/5779/11973
f 2509/5777/11974 2360/5779/11975 2359/5780/11976
f 2313/5781/11977 2154/5782/11978 2155/5783/11979
f 2313/5781/11980 2155/5783/11981 2438/5784/11982
f 2440/5785/11983 2458/5786/11984 2460/5787/11985
f 2440/5785/11986 2460/5787/11987 2511/5788/11988
f 2316/5789/11989 2315/5790/11990 2375/5791/11991
f 2316/5789/11992 2375/5791/11993 2128/5792/11994
f 2237/5793/11995 2236/5794/11996 2512/5795/11997
f 2237/5793/11998 2512/5795/11999 2368/5796/12000
f 2514/5797/12001 2261/5798/12002 2367/5799/12003
f 2514/5797/12004 2367/5799/12005 2515/5800/12006
f 2218/5801/12007 2249/5802/12008 2516/5803/12009
f 2218/5801/12010 2516/5803/12011 2219/5804/12012
f 2235/5805/12013 2317/5806/12014 2517/5807/12015
f 2235/5805/12016 2517/5807/12017 2273/5808/12018
f 2237/5809/12019 2368/5810/12020 2371/5811/12021
f 2237/5809/12022 2371/5811/12023 2238/5812/12024
f 2518/5813/12025 2519/5814/12026 2520/5815/12027
f 2518/5813/12028 2520/5815/12029 2521/5816/12030
f 2104/5817/12031 2385/5818/12032 2411/5819/12033
f 2104/5817/12034 2411/5819/12035 2323/5820/12036
f 2132/5821/12037 2152/5822/12038 2522/5823/12039
f 2132/5821/12040 2522/5823/12041 2523/5824/12042
f 2466/5825/12043 2291/5826/12044 2453/5827/12045
f 2466/5825/12046 2453/5827/12047 2399/5828/12048
f 2137/5829/12049 2076/5830/12050 2356/5831/12051
f 2137/5829/12052 2356/5831/12053 2138/5832/12054
f 2418/5833/12055 2293/5834/12056 2295/5835/12057
f 2418/5833/12058 2295/5835/12059 2061/5836/12060
f 2524/5837/12061 2446/5838/12062 2445/5839/12063
f 2524/5840/12064 2445/5841/12065 2525/5842/12066
f 2278/5843/12067 2457/5844/12068 2526/5845/12069
f 2278/5843/12070 2526/5845/12071 2527/5846/12072
f 2528/5847/12073 2204/5848/12074 2207/5849/12075
f 2528/5847/12076 2207/5849/12077 2529/5850/12078
f 2530/5851/12079 2531/5852/12080 2292/5853/12081
f 2530/5851/12082 2292/5853/12083 2291/5854/12084
f 2501/5855/12085 2532/5856/12086 2533/5857/12087
f 2501/5855/12088 2533/5857/12089 2427/5858/12090
f 2534/5859/12091 2535/5860/12092 2536/5861/12093
f 2534/5859/12094 2536/5861/12095 2537/5862/12096
f 2332/5863/12097 2538/5864/12098 2539/5865/12099
f 2332/5863/12100 2539/5865/12101 2540/5866/12102
f 2076/5867/12103 2075/5868/12104 2357/5869/12105
f 2076/5867/12106 2357/5869/12107 2356/5870/12108
f 2376/5871/12109 2087/5872/12110 2541/5873/12111
f 2376/5871/12112 2541/5873/12113 2327/5874/12114
f 2208/5875/12115 2089/5876/12116 2279/5877/12117
f 2208/5875/12118 2279/5877/12119 2542/5878/12120
f 2469/5879/12121 2106/5880/12122 2543/5881/12123
f 2469/5879/12124 2543/5881/12125 2470/5882/12126
f 2309/5883/12127 2128/5884/12128 2129/5885/12129
f 2309/5883/12130 2129/5885/12131 2405/5886/12132
f 2505/5887/12133 2117/5888/12134 2544/5889/12135
f 2505/5887/12136 2544/5889/12137 2408/5890/12138
f 2074/5891/12139 2485/5892/12140 2487/5893/12141
f 2074/5891/12142 2487/5893/12143 2075/5894/12144
f 2295/5895/12145 2244/5896/12146 2474/5897/12147
f 2295/5895/12148 2474/5897/12149 2546/5898/12150
f 2197/5899/12151 2394/5900/12152 2094/5901/12153
f 2197/5899/12154 2094/5901/12155 2198/5902/12156
f 2455/5903/12157 2145/5904/12158 2547/5905/12159
f 2455/5903/12160 2547/5905/12161 2456/5906/12162
f 2255/5907/12163 2254/5908/12164 2514/5909/12165
f 2255/5907/12166 2514/5909/12167 2548/5910/12168
f 2317/5911/12169 2318/5912/12170 2549/5913/12171
f 2317/5911/12172 2549/5913/12173 2517/5914/12174
f 2519/5915/12175 2550/5916/12176 2551/5917/12177
f 2519/5915/12178 2551/5917/12179 2520/5918/12180
f 2552/5919/12181 2553/5920/12182 2287/5921/12183
f 2552/5919/12184 2287/5921/12185 2554/5922/12186
f 2529/5923/12187 2207/5924/12188 2555/5925/12189
f 2529/5926/12190 2555/5927/12191 2556/5928/12192
f 2069/5929/12193 2557/5930/12194 2538/5931/12195
f 2069/5932/12196 2538/5933/12197 2311/5934/12198
f 2238/5935/12199 2371/5936/12200 2087/5937/12201
f 2238/5935/12202 2087/5937/12203 2376/5938/12204
f 2549/5939/12205 2352/5940/12206 2225/5941/12207
f 2549/5939/12208 2225/5941/12209 2228/5942/12210
f 2558/5943/12211 2513/5944/12212 2412/5945/12213
f 2558/5943/12214 2412/5945/12215 2559/5946/12216
f 2188/5947/12217 2081/5948/12218 2560/5949/12219
f 2188/5950/12220 2560/5951/12221 2561/5952/12222
f 2408/5953/12223 2544/5954/12224 2563/5955/12225
f 2408/5953/12226 2563/5955/12227 2409/5956/12228
f 2564/5957/12229 2565/5958/12230 2193/5959/12231
f 2564/5957/12232 2193/5959/12233 2192/5960/12234
f 2464/5961/12235 2463/5962/12236 2256/5963/12237
f 2464/5964/12238 2256/5965/12239 2201/5966/12240
f 2566/5967/12241 2562/5968/12242 2163/5969/12243
f 2566/5967/12244 2163/5969/12245 2162/5970/12246
f 2567/5971/12247 2568/5972/12248 2200/5973/12249
f 2567/5971/12250 2200/5973/12251 2569/5974/12252
f 2308/5975/12253 2316/5976/12254 2128/5977/12255
f 2308/5975/12256 2128/5977/12257 2309/5978/12258
f 2084/5979/12259 2404/5980/12260 2571/5981/12261
f 2084/5979/12262 2571/5981/12263 2572/5982/12264
f 2423/5983/12265 2159/5984/12266 2513/5985/12267
f 2423/5983/12268 2513/5985/12269 2558/5986/12270
f 2573/5987/12271 2307/5988/12272 2161/5989/12273
f 2573/5987/12274 2161/5989/12275 2484/5990/12276
f 2574/5991/12277 2123/5992/12278 2506/5993/12279
f 2574/5991/12280 2506/5993/12281 2575/5994/12282
f 2576/5995/12283 2577/5996/12284 2578/5997/12285
f 2576/5995/12286 2578/5997/12287 2467/5998/12288
f 2110/5999/12289 2489/6000/12290 2297/6001/12291
f 2110/5999/12292 2297/6001/12293 2296/6002/12294
f 2579/6003/12295 2419/6004/12296 2271/6005/12297
f 2579/6003/12298 2271/6005/12299 2580/6006/12300
f 2581/6007/12301 2582/6008/12302 2281/6009/12303
f 2581/6007/12304 2281/6009/12305 2213/6010/12306
f 2452/6011/12307 2441/6012/12308 2583/6013/12309
f 2452/6011/12310 2583/6013/12311 2115/6014/12312
f 2399/6015/12313 2453/6016/12314 2454/6017/12315
f 2399/6015/12316 2454/6017/12317 2400/6018/12318
f 2075/6019/12319 2487/6020/12320 2584/6021/12321
f 2075/6019/12322 2584/6021/12323 2357/6022/12324
f 2587/6023/12325 2386/6024/12326 2118/6025/12327
f 2587/6023/12328 2118/6025/12329 2250/6026/12330
f 2077/6027/12331 2581/6028/12332 2213/6029/12333
f 2077/6027/12334 2213/6029/12335 2085/6030/12336
f 2082/6031/12337 2229/6032/12338 2232/6033/12339
f 2082/6034/12340 2232/6035/12341 2083/6036/12342
f 2318/6037/12343 2351/6038/12344 2352/6039/12345
f 2318/6037/12346 2352/6039/12347 2549/6040/12348
f 2211/6041/12349 2063/6042/12350 2066/6043/12351
f 2211/6041/12352 2066/6043/12353 2102/6044/12354
f 2471/6045/12355 2470/6046/12356 2481/6047/12357
f 2471/6045/12358 2481/6047/12359 2588/6048/12360
f 2298/6049/12361 2319/6050/12362 2320/6051/12363
f 2298/6049/12364 2320/6051/12365 2589/6052/12366
f 2297/6053/12367 2358/6054/12368 2319/6055/12369
f 2297/6053/12370 2319/6055/12371 2298/6056/12372
f 2140/6057/12373 2141/6058/12374 2590/6059/12375
f 2140/6057/12376 2590/6059/12377 2173/6060/12378
f 2568/6061/12379 2464/6062/12380 2201/6063/12381
f 2568/6061/12382 2201/6063/12383 2200/6064/12384
f 2521/6065/12385 2520/6066/12386 2566/6067/12387
f 2521/6065/12388 2566/6067/12389 2577/6068/12390
f 2591/6069/12391 2592/6070/12392 2593/6071/12393
f 2591/6069/12394 2593/6071/12395 2594/6072/12396
f 2201/6073/12397 2256/6074/12398 2258/6075/12399
f 2201/6073/12400 2258/6075/12401 2202/6076/12402
f 2116/6077/12403 2366/6078/12404 2592/6079/12405
f 2116/6077/12406 2592/6079/12407 2591/6080/12408
f 2249/6081/12409 2248/6082/12410 2417/6083/12411
f 2249/6081/12412 2417/6083/12413 2516/6084/12414
f 2532/6085/12415 2363/6086/12416 2595/6087/12417
f 2532/6085/12418 2595/6087/12419 2533/6088/12420
f 2502/6089/12421 2501/6090/12422 2427/6091/12423
f 2502/6089/12424 2427/6091/12425 2426/6092/12426
f 2545/6093/12427 2101/6094/12428 2217/6095/12429
f 2545/6093/12430 2217/6095/12431 2321/6096/12432
f 2596/6097/12433 2428/6098/12434 2430/6099/12435
f 2596/6097/12436 2430/6099/12437 2413/6100/12438
f 2597/6101/12439 2598/6102/12440 2507/6103/12441
f 2597/6101/12442 2507/6103/12443 2599/6104/12444
f 2294/6105/12445 2339/6106/12446 2245/6107/12447
f 2294/6105/12448 2245/6107/12449 2244/6108/12450
f 2409/6109/12451 2563/6110/12452 2594/6111/12453
f 2409/6109/12454 2594/6111/12455 2600/6112/12456
f 2585/6113/12457 2586/6114/12458 2226/6115/12459
f 2585/6113/12460 2226/6115/12461 2225/6116/12462
f 2601/6117/12463 2402/6118/12464 2550/6119/12465
f 2601/6117/12466 2550/6119/12467 2519/6120/12468
f 2392/6121/12469 2602/6122/12470 2603/6123/12471
f 2392/6121/12472 2603/6123/12473 2393/6124/12474
f 2604/6125/12475 2359/6126/12476 2362/6127/12477
f 2604/6125/12478 2362/6127/12479 2605/6128/12480
f 2595/6129/12481 2072/6130/12482 2235/6131/12483
f 2595/6129/12484 2235/6131/12485 2435/6132/12486
f 2350/6133/12487 2441/6134/12488 2452/6135/12489
f 2350/6133/12490 2452/6135/12491 2606/6136/12492
f 2531/6137/12493 2221/6138/12494 2222/6139/12495
f 2531/6137/12496 2222/6139/12497 2292/6140/12498
f 2513/6141/12499 2596/6142/12500 2413/6143/12501
f 2513/6141/12502 2413/6143/12503 2412/6144/12504
f 2498/6145/12505 2208/6146/12506 2542/6147/12507
f 2498/6145/12508 2542/6147/12509 2476/6148/12510
f 2518/6149/12511 2521/6150/12512 2577/6151/12513
f 2518/6149/12514 2577/6151/12515 2576/6152/12516
f 2541/6153/12517 2414/6154/12518 2250/6155/12519
f 2541/6153/12520 2250/6155/12521 2251/6156/12522
f 2411/6157/12523 2607/6158/12524 2559/6159/12525
f 2411/6157/12526 2559/6159/12527 2412/6160/12528
f 2147/6161/12529 2608/6162/12530 2275/6163/12531
f 2147/6161/12532 2275/6163/12533 2443/6164/12534
f 2387/6165/12535 2609/6166/12536 2170/6167/12537
f 2387/6165/12538 2170/6167/12539 2119/6168/12540
f 2572/6169/12541 2571/6170/12542 2510/6171/12543
f 2572/6169/12544 2510/6171/12545 2509/6172/12546
f 2377/6173/12547 2259/6174/12548 2260/6175/12549
f 2377/6173/12550 2260/6175/12551 2573/6176/12552
f 2115/6177/12553 2583/6178/12554 2366/6179/12555
f 2115/6177/12556 2366/6179/12557 2116/6180/12558
f 2109/6181/12559 2108/6182/12560 2346/6183/12561
f 2109/6181/12562 2346/6183/12563 2610/6184/12564
f 2553/6185/12565 2396/6186/12566 2288/6187/12567
f 2553/6185/12568 2288/6187/12569 2287/6188/12570
f 2391/6189/12571 2434/6190/12572 2611/6191/12573
f 2391/6189/12574 2611/6191/12575 2612/6192/12576
f 2154/6193/12577 2570/6194/12578 2613/6195/12579
f 2154/6193/12580 2613/6195/12581 2155/6196/12582
f 2405/6197/12583 2129/6198/12584 2277/6199/12585
f 2405/6197/12586 2277/6199/12587 2276/6200/12588
f 2615/6201/12589 2078/6202/12590 2086/6203/12591
f 2615/6201/12592 2086/6203/12593 2616/6204/12594
f 2592/6205/12595 2192/6206/12596 2195/6207/12597
f 2592/6205/12598 2195/6207/12599 2593/6208/12600
f 2443/6209/12601 2275/6210/12602 2091/6211/12603
f 2443/6209/12604 2091/6211/12605 2090/6212/12606
f 2556/6213/12607 2555/6214/12608 2189/6215/12609
f 2556/6216/12610 2189/6217/12611 2188/6218/12612
f 2475/6219/12613 2617/6220/12614 2498/6221/12615
f 2475/6219/12616 2498/6221/12617 2476/6222/12618
f 2482/6223/12619 2109/6224/12620 2610/6225/12621
f 2482/6223/12622 2610/6225/12623 2483/6226/12624
f 2068/6227/12625 2525/6228/12626 2557/6229/12627
f 2068/6230/12628 2557/6231/12629 2069/6232/12630
f 2307/6233/12631 2310/6234/12632 2618/6235/12633
f 2307/6233/12634 2618/6235/12635 2161/6236/12636
f 2266/6237/12637 2265/6238/12638 2432/6239/12639
f 2266/6237/12640 2432/6239/12641 2619/6240/12642
f 2385/6241/12643 2620/6242/12644 2607/6243/12645
f 2385/6241/12646 2607/6243/12647 2411/6244/12648
f 2621/6245/12649 2622/6246/12650 2490/6247/12651
f 2621/6248/12652 2490/6249/12653 2623/6250/12654
f 2373/6251/12655 2624/6252/12656 2462/6253/12657
f 2373/6254/12658 2462/6255/12659 2461/6256/12660
f 2483/6257/12661 2610/6258/12662 2626/6259/12663
f 2483/6257/12664 2626/6259/12665 2415/6260/12666
f 2479/6261/12667 2425/6262/12668 2331/6263/12669
f 2479/6261/12670 2331/6263/12671 2330/6264/12672
f 2164/6265/12673 2627/6266/12674 2628/6267/12675
f 2164/6265/12676 2628/6267/12677 2388/6268/12678
f 2223/6269/12679 2306/6270/12680 2505/6271/12681
f 2223/6269/12682 2505/6271/12683 2224/6272/12684
f 2216/6273/12685 2614/6274/12686 2392/6275/12687
f 2216/6273/12688 2392/6275/12689 2372/6276/12690
f 2160/6277/12691 2612/6278/12692 2629/6279/12693
f 2160/6277/12694 2629/6279/12695 2146/6280/12696
f 2582/6281/12697 2581/6282/12698 2630/6283/12699
f 2582/6281/12700 2630/6283/12701 2631/6284/12702
f 2128/6285/12703 2375/6286/12704 2336/6287/12705
f 2128/6285/12706 2336/6287/12707 2129/6288/12708
f 2123/6289/12709 2350/6290/12710 2606/6291/12711
f 2123/6289/12712 2606/6291/12713 2506/6292/12714
f 2178/6293/12715 2177/6294/12716 2429/6295/12717
f 2178/6293/12718 2429/6295/12719 2428/6296/12720
f 2632/6297/12721 2300/6298/12722 2303/6299/12723
f 2632/6300/12724 2303/6301/12725 2431/6302/12726
f 2072/6303/12727 2365/6304/12728 2317/6305/12729
f 2072/6303/12730 2317/6305/12731 2235/6306/12732
f 2550/6307/12733 2093/6308/12734 2266/6309/12735
f 2550/6307/12736 2266/6309/12737 2551/6310/12738
f 2334/6311/12739 2633/6312/12740 2634/6313/12741
f 2334/6311/12742 2634/6313/12743 2221/6314/12744
f 2614/6315/12745 2580/6316/12746 2602/6317/12747
f 2614/6315/12748 2602/6317/12749 2392/6318/12750
f 2619/6319/12751 2432/6320/12752 2136/6321/12753
f 2619/6319/12754 2136/6321/12755 2424/6322/12756
f 2622/6323/12757 2185/6324/12758 2183/6325/12759
f 2622/6326/12760 2183/6327/12761 2490/6328/12762
f 2635/6329/12763 2636/6330/12764 2637/6331/12765
f 2635/6329/12766 2637/6331/12767 2638/6332/12768
f 2639/6333/12769 2640/6334/12770 2604/6335/12771
f 2639/6333/12772 2604/6335/12773 2641/6336/12774
f 2167/6337/12775 2333/6338/12776 2642/6339/12777
f 2167/6337/12778 2642/6339/12779 2168/6340/12780
f 2643/6341/12781 2397/6342/12782 2493/6343/12783
f 2643/6341/12784 2493/6343/12785 2492/6344/12786
f 2476/6345/12787 2542/6346/12788 2644/6347/12789
f 2476/6345/12790 2644/6347/12791 2477/6348/12792
f 2536/6349/12793 2223/6350/12794 2224/6351/12795
f 2536/6349/12796 2224/6351/12797 2645/6352/12798
f 2139/6353/12799 2138/6354/12800 2646/6355/12801
f 2139/6353/12802 2646/6355/12803 2647/6356/12804
f 2384/6357/12805 2144/6358/12806 2574/6359/12807
f 2384/6357/12808 2574/6359/12809 2240/6360/12810
f 2486/6361/12811 2153/6362/12812 2125/6363/12813
f 2486/6361/12814 2125/6363/12815 2124/6364/12816
f 2382/6365/12817 2599/6366/12818 2208/6367/12819
f 2382/6365/12820 2208/6367/12821 2498/6368/12822
f 2462/6369/12823 2233/6370/12824 2067/6371/12825
f 2462/6372/12826 2067/6373/12827 2463/6374/12828
f 2236/6375/12829 2148/6376/12830 2442/6377/12831
f 2236/6375/12832 2442/6377/12833 2512/6378/12834
f 2421/6379/12835 2649/6380/12836 2145/6381/12837
f 2421/6379/12838 2145/6381/12839 2455/6382/12840
f 2231/6383/12841 2263/6384/12842 2624/6385/12843
f 2231/6386/12844 2624/6387/12845 2373/6388/12846
f 2606/6389/12847 2452/6390/12848 2451/6391/12849
f 2606/6389/12850 2451/6391/12851 2305/6392/12852
f 2062/6393/12853 2546/6394/12854 2644/6395/12855
f 2062/6393/12856 2644/6395/12857 2280/6396/12858
f 2581/6397/12859 2077/6398/12860 2080/6399/12861
f 2581/6397/12862 2080/6399/12863 2630/6400/12864
f 2535/6401/12865 2304/6402/12866 2223/6403/12867
f 2535/6401/12868 2223/6403/12869 2536/6404/12870
f 2527/6405/12871 2526/6406/12872 2650/6407/12873
f 2527/6405/12874 2650/6407/12875 2420/6408/12876
f 2627/6409/12877 2139/6410/12878 2647/6411/12879
f 2627/6409/12880 2647/6411/12881 2628/6412/12882
f 2260/6413/12883 2174/6414/12884 2316/6415/12885
f 2260/6413/12886 2316/6415/12887 2308/6416/12888
f 2221/6417/12889 2634/6418/12890 2545/6419/12891
f 2221/6417/12892 2545/6419/12893 2222/6420/12894
f 2197/6421/12895 2196/6422/12896 2293/6423/12897
f 2197/6421/12898 2293/6423/12899 2418/6424/12900
f 2286/6425/12901 2285/6426/12902 2397/6427/12903
f 2286/6425/12904 2397/6427/12905 2643/6428/12906
f 2583/6429/12907 2511/6430/12908 2564/6431/12909
f 2583/6429/12910 2564/6431/12911 2366/6432/12912
f 2281/6433/12913 2582/6434/12914 2631/6435/12915
f 2281/6433/12916 2631/6435/12917 2282/6436/12918
f 2352/6437/12919 2133/6438/12920 2585/6439/12921
f 2352/6437/12922 2585/6439/12923 2225/6440/12924
f 2173/6441/12925 2590/6442/12926 2400/6443/12927
f 2173/6441/12928 2400/6443/12929 2454/6444/12930
f 2556/6445/12931 2188/6446/12932 2561/6447/12933
f 2556/6448/12934 2561/6449/12935 2529/6450/12936
f 2589/6451/12937 2320/6452/12938 2154/6453/12939
f 2589/6451/12940 2154/6453/12941 2313/6454/12942
f 2584/6455/12943 2124/6456/12944 2127/6457/12945
f 2584/6455/12946 2127/6457/12947 2651/6458/12948
f 2525/6459/12949 2445/6460/12950 2652/6461/12951
f 2525/6462/12952 2652/6463/12953 2557/6464/12954
f 2144/6465/12955 2122/6466/12956 2123/6467/12957
f 2144/6465/12958 2123/6467/12959 2574/6468/12960
f 2079/6469/12961 2530/6470/12962 2291/6471/12963
f 2079/6469/12964 2291/6471/12965 2466/6472/12966
f 2542/6473/12967 2279/6474/12968 2280/6475/12969
f 2542/6473/12970 2280/6475/12971 2644/6476/12972
f 2134/6477/12973 2579/6478/12974 2580/6479/12975
f 2134/6477/12976 2580/6479/12977 2614/6480/12978
f 2270/6481/12979 2269/6482/12980 2290/6483/12981
f 2270/6481/12982 2290/6483/12983 2289/6484/12984
f 2219/6485/12985 2516/6486/12986 2625/6487/12987
f 2219/6485/12988 2625/6487/12989 2364/6488/12990
f 2653/6489/12991 2654/6490/12992 2568/6491/12993
f 2653/6492/12994 2568/6493/12995 2567/6494/12996
f 2573/6495/12997 2260/6496/12998 2308/6497/12999
f 2573/6495/13000 2308/6497/13001 2307/6498/13002
f 2650/6499/13003 2495/6500/13004 2494/6501/13005
f 2650/6499/13006 2494/6501/13007 2649/6502/13008
f 2327/6503/13009 2541/6504/13010 2251/6505/13011
f 2327/6503/13012 2251/6505/13013 2328/6506/13014
f 2402/6507/13015 2090/6508/13016 2093/6509/13017
f 2402/6507/13018 2093/6509/13019 2550/6510/13020
f 2460/6511/13021 2422/6512/13022 2423/6513/13023
f 2460/6511/13024 2423/6513/13025 2565/6514/13026
f 2437/6515/13027 2436/6516/13028 2396/6517/13029
f 2437/6515/13030 2396/6517/13031 2553/6518/13032
f 2457/6519/13033 2643/6520/13034 2492/6521/13035
f 2457/6519/13036 2492/6521/13037 2526/6522/13038
f 2378/6523/13039 2484/6524/13040 2351/6525/13041
f 2378/6523/13042 2351/6525/13043 2318/6526/13044
f 2600/6527/13045 2594/6528/13046 2593/6529/13047
f 2600/6527/13048 2593/6529/13049 2620/6530/13050
f 2623/6531/13051 2490/6532/13052 2491/6533/13053
f 2623/6534/13054 2491/6535/13055 2655/6536/13056
f 2081/6537/13057 2084/6538/13058 2572/6539/13059
f 2081/6537/13060 2572/6539/13061 2560/6540/13062
f 2319/6541/13063 2255/6542/13064 2548/6543/13065
f 2319/6541/13066 2548/6543/13067 2320/6544/13068
f 2438/6545/13069 2155/6546/13070 2598/6547/13071
f 2438/6545/13072 2598/6547/13073 2597/6548/13074
f 2570/6549/13075 2515/6550/13076 2635/6551/13077
f 2570/6549/13078 2635/6551/13079 2613/6552/13080
f 2511/6553/13081 2460/6554/13082 2565/6555/13083
f 2511/6553/13084 2565/6555/13085 2564/6556/13086
f 2533/6557/13087 2595/6558/13088 2435/6559/13089
f 2533/6557/13090 2435/6559/13091 2434/6560/13092
f 2561/6561/13093 2560/6562/13094 2640/6563/13095
f 2561/6561/13096 2640/6563/13097 2639/6564/13098
f 2119/6565/13099 2170/6566/13100 2355/6567/13101
f 2119/6565/13102 2355/6567/13103 2120/6568/13104
f 2617/6569/13105 2379/6570/13106 2382/6571/13107
f 2617/6569/13108 2382/6571/13109 2498/6572/13110
f 2633/6573/13111 2503/6574/13112 2497/6575/13113
f 2633/6573/13114 2497/6575/13115 2496/6576/13116
f 2410/6577/13117 2409/6578/13118 2600/6579/13119
f 2410/6577/13120 2600/6579/13121 2648/6580/13122
f 2275/6581/13123 2608/6582/13124 2485/6583/13125
f 2275/6581/13126 2485/6583/13127 2074/6584/13128
f 2547/6585/13129 2629/6586/13130 2656/6587/13131
f 2547/6585/13132 2656/6587/13133 2657/6588/13134
f 2159/6589/13135 2158/6590/13136 2596/6591/13137
f 2159/6589/13138 2596/6591/13139 2513/6592/13140
f 2658/6593/13141 2659/6594/13142 2660/6595/13143
f 2658/6593/13144 2660/6595/13145 2587/6596/13146
f 2143/6597/13147 2142/6598/13148 2157/6599/13149
f 2143/6597/13150 2157/6599/13151 2156/6600/13152
f 2336/6601/13153 2283/6602/13154 2286/6603/13155
f 2336/6601/13156 2286/6603/13157 2337/6604/13158
f 2633/6605/13159 2496/6606/13160 2098/6607/13161
f 2633/6605/13162 2098/6607/13163 2634/6608/13164
f 2636/6609/13165 2372/6610/13166 2389/6611/13167
f 2636/6609/13168 2389/6611/13169 2637/6612/13170
f 2365/6613/13171 2378/6614/13172 2318/6615/13173
f 2365/6613/13174 2318/6615/13175 2317/6616/13176
f 2624/6617/13177 2263/6618/13178 2233/6619/13179
f 2624/6620/13180 2233/6621/13181 2462/6622/13182
f 2487/6623/13183 2486/6624/13184 2124/6625/13185
f 2487/6623/13186 2124/6625/13187 2584/6626/13188
f 2338/6627/13189 2199/6628/13190 2489/6629/13191
f 2338/6627/13192 2489/6629/13193 2110/6630/13194
f 2661/6631/13195 2420/6632/13196 2421/6633/13197
f 2661/6631/13198 2421/6633/13199 2662/6634/13200
f 2158/6635/13201 2178/6636/13202 2428/6637/13203
f 2158/6635/13204 2428/6637/13205 2596/6638/13206
f 2577/6639/13207 2566/6640/13208 2162/6641/13209
f 2577/6639/13210 2162/6641/13211 2578/6642/13212
f 2277/6643/13213 2337/6644/13214 2457/6645/13215
f 2277/6643/13216 2457/6645/13217 2278/6646/13218
f 2488/6647/13219 2097/6648/13220 2252/6649/13221
f 2488/6647/13222 2252/6649/13223 2358/6650/13224
f 2264/6651/13225 2645/6652/13226 2064/6653/13227
f 2264/6651/13228 2064/6653/13229 2063/6654/13230
f 2424/6655/13231 2136/6656/13232 2139/6657/13233
f 2424/6655/13234 2139/6657/13235 2627/6658/13236
f 2080/6659/13237 2079/6660/13238 2466/6661/13239
f 2080/6659/13240 2466/6661/13241 2465/6662/13242
f 2339/6663/13243 2111/6664/13244 2450/6665/13245
f 2339/6663/13246 2450/6665/13247 2245/6666/13248
f 2543/6667/13249 2106/6668/13250 2109/6669/13251
f 2543/6667/13252 2109/6669/13253 2482/6670/13254
f 2663/6671/13255 2338/6672/13256 2339/6673/13257
f 2663/6671/13258 2339/6673/13259 2294/6674/13260
f 2226/6675/13261 2456/6676/13262 2274/6677/13263
f 2226/6675/13264 2274/6677/13265 2227/6678/13266
f 2168/6679/13267 2642/6680/13268 2473/6681/13269
f 2168/6679/13270 2473/6681/13271 2472/6682/13272
f 2620/6683/13273 2593/6684/13274 2195/6685/13275
f 2620/6683/13276 2195/6685/13277 2607/6686/13278
f 2203/6687/13279 2202/6688/13280 2425/6689/13281
f 2203/6687/13282 2425/6689/13283 2479/6690/13284
f 2371/6691/13285 2370/6692/13286 2088/6693/13287
f 2371/6691/13288 2088/6693/13289 2087/6694/13290
f 2368/6695/13291 2512/6696/13292 2601/6697/13293
f 2368/6695/13294 2601/6697/13295 2369/6698/13296
f 2357/6699/13297 2584/6700/13298 2651/6701/13299
f 2357/6699/13300 2651/6701/13301 2354/6702/13302
f 2493/6703/13303 2160/6704/13304 2146/6705/13305
f 2493/6703/13306 2146/6705/13307 2494/6706/13308
f 2634/6707/13309 2098/6708/13310 2101/6709/13311
f 2634/6707/13312 2101/6709/13313 2545/6710/13314
f 2450/6711/13315 2449/6712/13316 2379/6713/13317
f 2450/6711/13318 2379/6713/13319 2617/6714/13320
f 2198/6715/13321 2094/6716/13322 2097/6717/13323
f 2198/6715/13324 2097/6717/13325 2488/6718/13326
f 2497/6719/13327 2471/6720/13328 2588/6721/13329
f 2497/6719/13330 2588/6721/13331 2099/6722/13332
f 2205/6723/13333 2444/6724/13334 2447/6725/13335
f 2205/6726/13336 2447/6727/13337 2206/6728/13338
f 2202/6729/13339 2258/6730/13340 2257/6731/13341
f 2202/6729/13342 2257/6731/13343 2425/6732/13344
f 2097/6733/13345 2096/6734/13346 2253/6735/13347
f 2097/6733/13348 2253/6735/13349 2252/6736/13350
f 2269/6737/13351 2398/6738/13352 2401/6739/13353
f 2269/6737/13354 2401/6739/13355 2290/6740/13356
f 2355/6741/13357 2354/6742/13358 2651/6743/13359
f 2355/6741/13360 2651/6743/13361 2127/6744/13362
f 2303/6745/13363 2302/6746/13364 2262/6747/13365
f 2303/6748/13366 2262/6749/13367 2230/6750/13368
f 2557/6751/13369 2652/6752/13370 2539/6753/13371
f 2557/6754/13372 2539/6755/13373 2538/6756/13374
f 2551/6757/13375 2266/6758/13376 2619/6759/13377
f 2551/6757/13378 2619/6759/13379 2562/6760/13380
f 2243/6761/13381 2242/6762/13382 2210/6763/13383
f 2243/6761/13384 2210/6763/13385 2209/6764/13386
f 2326/6765/13387 2393/6766/13388 2603/6767/13389
f 2326/6765/13390 2603/6767/13391 2335/6768/13392
f 2193/6769/13393 2558/6770/13394 2559/6771/13395
f 2193/6769/13396 2559/6771/13397 2194/6772/13398
f 2086/6773/13399 2085/6774/13400 2215/6775/13401
f 2086/6773/13402 2215/6775/13403 2504/6776/13404
f 2447/6777/13405 2446/6778/13406 2301/6779/13407
f 2447/6780/13408 2301/6781/13409 2300/6782/13410
f 2526/6783/13411 2492/6784/13412 2495/6785/13413
f 2526/6783/13414 2495/6785/13415 2650/6786/13416
f 2626/6787/13417 2349/6788/13418 2396/6789/13419
f 2626/6787/13420 2396/6789/13421 2436/6790/13422
f 2377/6791/13423 2573/6792/13424 2484/6793/13425
f 2377/6791/13426 2484/6793/13427 2378/6794/13428
f 2641/6795/13429 2604/6796/13430 2605/6797/13431
f 2641/6795/13432 2605/6797/13433 2166/6798/13434
f 2380/6799/13435 2438/6800/13436 2597/6801/13437
f 2380/6799/13438 2597/6801/13439 2381/6802/13440
f 2244/6803/13441 2245/6804/13442 2475/6805/13443
f 2244/6803/13444 2475/6805/13445 2474/6806/13446
f 2320/6807/13447 2548/6808/13448 2570/6809/13449
f 2320/6807/13450 2570/6809/13451 2154/6810/13452
f 2239/6811/13453 2238/6812/13454 2376/6813/13455
f 2239/6811/13456 2376/6813/13457 2190/6814/13458
f 2369/6815/13459 2601/6816/13460 2519/6817/13461
f 2369/6815/13462 2519/6817/13463 2518/6818/13464
f 2590/6819/13465 2554/6820/13466 2401/6821/13467
f 2590/6819/13468 2401/6821/13469 2400/6822/13470
f 2625/6823/13471 2437/6824/13472 2553/6825/13473
f 2625/6823/13474 2553/6825/13475 2552/6826/13476
f 2113/6827/13477 2278/6828/13478 2527/6829/13479
f 2113/6827/13480 2527/6829/13481 2151/6830/13482
f 2608/6831/13483 2147/6832/13484 2150/6833/13485
f 2608/6831/13486 2150/6833/13487 2485/6834/13488
f 2333/6835/13489 2332/6836/13490 2540/6837/13491
f 2333/6835/13492 2540/6837/13493 2642/6838/13494
f 2366/6839/13495 2564/6840/13496 2192/6841/13497
f 2366/6839/13498 2192/6841/13499 2592/6842/13500
f 2161/6843/13501 2618/6844/13502 2131/6845/13503
f 2161/6843/13504 2131/6845/13505 2130/6846/13506
f 2664/6847/13507 2638/6848/13508 2637/6849/13509
f 2664/6847/13510 2637/6849/13511 2508/6850/13512
f 2575/6851/13513 2506/6852/13514 2304/6853/13515
f 2575/6851/13516 2304/6853/13517 2535/6854/13518
f 2087/6855/13519 2088/6856/13520 2414/6857/13521
f 2087/6855/13522 2414/6857/13523 2541/6858/13524
f 2291/6859/13525 2292/6860/13526 2171/6861/13527
f 2291/6859/13528 2171/6861/13529 2453/6862/13530
f 2665/6863/13531 2589/6864/13532 2313/6865/13533
f 2665/6863/13534 2313/6865/13535 2312/6866/13536
f 2580/6867/13537 2271/6868/13538 2272/6869/13539
f 2580/6867/13540 2272/6869/13541 2602/6870/13542
f 2383/6871/13543 2142/6872/13544 2144/6873/13545
f 2383/6871/13546 2144/6873/13547 2384/6874/13548
f 2467/6875/13549 2578/6876/13550 2659/6877/13551
f 2467/6875/13552 2659/6877/13553 2658/6878/13554
f 2616/6879/13555 2334/6880/13556 2221/6881/13557
f 2616/6879/13558 2221/6881/13559 2531/6882/13560
f 2666/6883/13561 2273/6884/13562 2274/6885/13563
f 2666/6883/13564 2274/6885/13565 2657/6886/13566
f 2489/6887/13567 2488/6888/13568 2358/6889/13569
f 2489/6887/13570 2358/6889/13571 2297/6890/13572
f 2247/6891/13573 2483/6892/13574 2415/6893/13575
f 2247/6891/13576 2415/6893/13577 2248/6894/13578
f 2506/6895/13579 2606/6896/13580 2305/6897/13581
f 2506/6895/13582 2305/6897/13583 2304/6898/13584
f 2546/6899/13585 2474/6900/13586 2477/6901/13587
f 2546/6899/13588 2477/6901/13589 2644/6902/13590
f 2404/6903/13591 2403/6904/13592 2653/6905/13593
f 2404/6906/13594 2653/6907/13595 2571/6908/13596
f 2148/6909/13597 2147/6910/13598 2443/6911/13599
f 2148/6909/13600 2443/6911/13601 2442/6912/13602
f 2470/6913/13603 2543/6914/13604 2482/6915/13605
f 2470/6913/13606 2482/6915/13607 2481/6916/13608
f 2659/6917/13609 2165/6918/13610 2667/6919/13611
f 2659/6917/13612 2667/6919/13613 2660/6920/13614
f 2347/6921/13615 2267/6922/13616 2270/6923/13617
f 2347/6921/13618 2270/6923/13619 2348/6924/13620
f 2540/6925/13621 2539/6926/13622 2652/6927/13623
f 2540/6928/13624 2652/6929/13625 2668/6930/13626
f 2669/6931/13627 2186/6932/13628 2185/6933/13629
f 2669/6934/13630 2185/6935/13631 2622/6936/13632
f 2670/6937/13633 2669/6938/13634 2622/6939/13635
f 2670/6940/13636 2622/6941/13637 2621/6942/13638
f 2343/6943/13639 2341/6944/13640 2669/6945/13641
f 2343/6943/13642 2669/6945/13643 2670/6946/13644
f 2341/6944/13645 2187/6947/13646 2186/6948/13647
f 2341/6944/13648 2186/6948/13649 2669/6945/13650
f 2363/6949/13651 2071/6950/13652 2072/6951/13653
f 2363/6949/13654 2072/6951/13655 2595/6952/13656
f 2605/6953/13657 2499/6954/13658 2167/6955/13659
f 2605/6953/13660 2167/6955/13661 2166/6956/13662
f 2095/6957/13663 2395/6958/13664 2579/6959/13665
f 2095/6957/13666 2579/6959/13667 2134/6960/13668
f 2141/6961/13669 2552/6962/13670 2554/6963/13671
f 2141/6961/13672 2554/6963/13673 2590/6964/13674
f 2254/6965/13675 2253/6966/13676 2261/6967/13677
f 2254/6965/13678 2261/6967/13679 2514/6968/13680
f 2448/6969/13681 2665/6970/13682 2312/6971/13683
f 2448/6969/13684 2312/6971/13685 2449/6972/13686
f 2388/6973/13687 2628/6974/13688 2609/6975/13689
f 2388/6973/13690 2609/6975/13691 2387/6976/13692
f 2108/6977/13693 2282/6978/13694 2347/6979/13695
f 2108/6977/13696 2347/6979/13697 2346/6980/13698
f 2384/6981/13699 2240/6982/13700 2243/6983/13701
f 2384/6981/13702 2243/6983/13703 2176/6984/13704
f 2122/6985/13705 2439/6986/13706 2350/6987/13707
f 2122/6985/13708 2350/6987/13709 2123/6988/13710
f 2671/6989/13711 2623/6990/13712 2655/6991/13713
f 2671/6989/13714 2655/6991/13715 2672/6992/13716
f 2342/6993/13717 2671/6989/13718 2672/6992/13719
f 2342/6993/13720 2672/6992/13721 2344/6994/13722
f 2343/6995/13723 2670/6996/13724 2671/6989/13725
f 2343/6995/13726 2671/6989/13727 2342/6993/13728
f 2670/6997/13729 2621/6998/13730 2623/6999/13731
f 2670/6996/13732 2623/6990/13733 2671/6989/13734
f 2529/7000/13735 2561/7001/13736 2639/7002/13737
f 2529/7000/13738 2639/7002/13739 2528/7003/13740
f 2148/7004/13741 2236/7005/13742 2239/7006/13743
f 2148/7004/13744 2239/7006/13745 2149/7007/13746
f 2078/7008/13747 2615/7009/13748 2530/7010/13749
f 2078/7008/13750 2530/7010/13751 2079/7011/13752
f 2586/7012/13753 2455/7013/13754 2456/7014/13755
f 2586/7012/13756 2456/7014/13757 2226/7015/13758
f 2528/7016/13759 2639/7017/13760 2641/7018/13761
f 2528/7016/13762 2641/7018/13763 2673/7019/13764
f 2562/7020/13765 2619/7021/13766 2424/7022/13767
f 2562/7020/13768 2424/7022/13769 2163/7023/13770
f 2615/7024/13771 2616/7025/13772 2531/7026/13773
f 2615/7024/13774 2531/7026/13775 2530/7027/13776
f 2649/7028/13777 2494/7029/13778 2146/7030/13779
f 2649/7028/13780 2146/7030/13781 2145/7031/13782
f 2157/7032/13783 2175/7033/13784 2178/7034/13785
f 2157/7032/13786 2178/7034/13787 2158/7035/13788
f 2361/7036/13789 2478/7037/13790 2480/7038/13791
f 2361/7036/13792 2480/7038/13793 2362/7039/13794
f 2242/7040/13795 2537/7041/13796 2264/7042/13797
f 2242/7040/13798 2264/7042/13799 2210/7043/13800
f 2609/7044/13801 2646/7045/13802 2353/7046/13803
f 2609/7044/13804 2353/7046/13805 2170/7047/13806
f 2163/7048/13807 2424/7049/13808 2627/7050/13809
f 2163/7048/13810 2627/7050/13811 2164/7051/13812
f 2630/7052/13813 2080/7053/13814 2465/7054/13815
f 2630/7052/13816 2465/7054/13817 2268/7055/13818
f 2331/7056/13819 2311/7057/13820 2538/7058/13821
f 2331/7056/13822 2538/7058/13823 2332/7059/13824
f 2296/7060/13825 2299/7061/13826 2665/7062/13827
f 2296/7060/13828 2665/7062/13829 2448/7063/13830
f 2189/7064/13831 2431/7065/13832 2229/7066/13833
f 2189/7067/13834 2229/7068/13835 2082/7069/13836
f 2403/7070/13837 2374/7071/13838 2654/7072/13839
f 2403/7073/13840 2654/7074/13841 2653/7075/13842
f 2588/7076/13843 2481/7077/13844 2247/7078/13845
f 2588/7076/13846 2247/7078/13847 2246/7079/13848
f 2272/7080/13849 2062/7081/13850 2280/7082/13851
f 2272/7080/13852 2280/7082/13853 2335/7083/13854
f 2598/7084/13855 2664/7085/13856 2508/7086/13857
f 2598/7084/13858 2508/7086/13859 2507/7087/13860
f 2322/7088/13861 2364/7089/13862 2141/7090/13863
f 2322/7088/13864 2141/7090/13865 2140/7091/13866
f 2618/7092/13867 2500/7093/13868 2112/7094/13869
f 2618/7092/13870 2112/7094/13871 2131/7095/13872
f 2390/7096/13873 2391/7097/13874 2612/7098/13875
f 2390/7096/13876 2612/7098/13877 2160/7099/13878
f 2061/7100/13879 2295/7101/13880 2546/7102/13881
f 2061/7100/13882 2546/7102/13883 2062/7103/13884
f 2165/7104/13885 2164/7105/13886 2388/7106/13887
f 2165/7104/13888 2388/7106/13889 2667/7107/13890
f 2334/7108/13891 2504/7109/13892 2503/7110/13893
f 2334/7108/13894 2503/7110/13895 2633/7111/13896
f 2240/7112/13897 2574/7113/13898 2575/7114/13899
f 2240/7112/13900 2575/7114/13901 2241/7115/13902
f 2149/7116/13903 2239/7117/13904 2190/7118/13905
f 2149/7116/13906 2190/7118/13907 2153/7119/13908
f 2099/7120/13909 2588/7121/13910 2246/7122/13911
f 2099/7120/13912 2246/7122/13913 2100/7123/13914
f 2613/7124/13915 2635/7125/13916 2638/7126/13917
f 2613/7124/13918 2638/7126/13919 2664/7127/13920
f 2169/7128/13921 2168/7129/13922 2472/7130/13923
f 2169/7128/13924 2472/7130/13925 2673/7131/13926
f 2420/7132/13927 2650/7133/13928 2649/7134/13929
f 2420/7132/13930 2649/7134/13931 2421/7135/13932
f 2569/7136/13933 2200/7137/13934 2203/7138/13935
f 2569/7136/13936 2203/7138/13937 2478/7139/13938
f 2222/7140/13939 2545/7141/13940 2321/7142/13941
f 2222/7140/13942 2321/7142/13943 2172/7143/13944
f 2241/7144/13945 2534/7145/13946 2537/7146/13947
f 2241/7144/13948 2537/7146/13949 2242/7147/13950
f 2441/7148/13951 2440/7149/13952 2511/7150/13953
f 2441/7148/13954 2511/7150/13955 2583/7151/13956
f 2406/7152/13957 2405/7153/13958 2276/7154/13959
f 2406/7152/13960 2276/7154/13961 2500/7155/13962
f 2465/7156/13963 2466/7157/13964 2399/7158/13965
f 2465/7156/13966 2399/7158/13967 2398/7159/13968
f 2324/7160/13969 2323/7161/13970 2413/7162/13971
f 2324/7160/13972 2413/7162/13973 2430/7163/13974
f 2628/7164/13975 2647/7165/13976 2646/7166/13977
f 2628/7164/13978 2646/7166/13979 2609/7167/13980
f 2234/7168/13981 2524/7169/13982 2525/7170/13983
f 2234/7171/13984 2525/7172/13985 2068/7173/13986
f 2414/7174/13987 2658/7175/13988 2587/7176/13989
f 2414/7174/13990 2587/7176/13991 2250/7177/13992
f 2548/7178/13993 2514/7179/13994 2515/7180/13995
f 2548/7178/13996 2515/7180/13997 2570/7181/13998
f 2611/7182/13999 2666/7183/14000 2657/7184/14001
f 2611/7182/14002 2657/7184/14003 2656/7185/14004
f 2555/7186/14005 2632/7187/14006 2431/7188/14007
f 2555/7189/14008 2431/7190/14009 2189/7191/14010
f 2138/7192/14011 2356/7193/14012 2353/7194/14013
f 2138/7192/14014 2353/7194/14015 2646/7195/14016
f 2640/7196/14017 2509/7197/14018 2359/7198/14019
f 2640/7196/14020 2359/7198/14021 2604/7199/14022
f 2215/7200/14023 2214/7201/14024 2469/7202/14025
f 2215/7200/14026 2469/7202/14027 2468/7203/14028
f 2325/7204/14029 2389/7205/14030 2393/7206/14031
f 2325/7204/14032 2393/7206/14033 2326/7207/14034
f 2607/7208/14035 2195/7209/14036 2194/7210/14037
f 2607/7208/14038 2194/7210/14039 2559/7211/14040
f 2397/7212/14041 2390/7213/14042 2160/7214/14043
f 2397/7212/14044 2160/7214/14045 2493/7215/14046
f 2571/7216/14047 2653/7217/14048 2567/7218/14049
f 2571/7216/14050 2567/7218/14051 2510/7219/14052
f 2435/7220/14053 2235/7221/14054 2273/7222/14055
f 2435/7220/14056 2273/7222/14057 2666/7223/14058
f 2554/7224/14059 2287/7225/14060 2290/7226/14061
f 2554/7224/14062 2290/7226/14063 2401/7227/14064
f 2610/7228/14065 2346/7229/14066 2349/7230/14067
f 2610/7228/14068 2349/7230/14069 2626/7231/14070
f 2214/7232/14071 2107/7233/14072 2106/7234/14073
f 2214/7232/14074 2106/7234/14075 2469/7235/14076
f 2578/7236/14077 2162/7237/14078 2165/7238/14079
f 2578/7236/14080 2165/7238/14081 2659/7239/14082
f 2110/7240/14083 2296/7241/14084 2448/7242/14085
f 2110/7240/14086 2448/7242/14087 2111/7243/14088
f 2125/7244/14089 2191/7245/14090 2329/7246/14091
f 2125/7244/14092 2329/7246/14093 2126/7247/14094
f 2510/7248/14095 2567/7249/14096 2569/7250/14097
f 2510/7248/14098 2569/7250/14099 2360/7251/14100
f 2473/7252/14101 2668/7253/14102 2444/7254/14103
f 2473/7255/14104 2444/7256/14105 2205/7257/14106
f 2602/7258/14107 2272/7259/14108 2335/7260/14109
f 2602/7258/14110 2335/7260/14111 2603/7261/14112
f 2459/7262/14113 2458/7263/14114 2440/7264/14115
f 2459/7262/14116 2440/7264/14117 2439/7265/14118
f 2662/7266/14119 2421/7267/14120 2455/7268/14121
f 2662/7266/14122 2455/7268/14123 2586/7269/14124
f 2245/7270/14125 2450/7271/14126 2617/7272/14127
f 2245/7270/14128 2617/7272/14129 2475/7273/14130
f 2429/7274/14131 2212/7275/14132 2105/7276/14133
f 2429/7274/14134 2105/7276/14135 2324/7277/14136
f 2083/7278/14137 2232/7279/14138 2374/7280/14139
f 2083/7281/14140 2374/7282/14141 2403/7283/14142
f 2310/7284/14143 2406/7285/14144 2500/7286/14145
f 2310/7284/14146 2500/7286/14147 2618/7287/14148
f 2463/7288/14149 2067/7289/14150 2070/7290/14151
f 2463/7291/14152 2070/7292/14153 2256/7293/14154
f 2631/7294/14155 2630/7295/14156 2268/7296/14157
f 2631/7294/14158 2268/7296/14159 2267/7297/14160
f 2151/7298/14161 2527/7299/14162 2420/7300/14163
f 2151/7298/14164 2420/7300/14165 2661/7301/14166
f 2315/7302/14167 2502/7303/14168 2284/7304/14169
f 2315/7302/14170 2284/7304/14171 2375/7305/14172
f 2667/7306/14173 2388/7307/14174 2387/7308/14175
f 2667/7306/14176 2387/7308/14177 2386/7309/14178
f 2142/7310/14179 2383/7311/14180 2175/7312/14181
f 2142/7310/14182 2175/7312/14183 2157/7313/14184
f 2135/7314/14185 2134/7315/14186 2614/7316/14187
f 2135/7314/14188 2614/7316/14189 2216/7317/14190
f 2362/7318/14191 2480/7319/14192 2499/7320/14193
f 2362/7318/14194 2499/7320/14195 2605/7321/14196
f 2268/7322/14197 2465/7323/14198 2398/7324/14199
f 2268/7322/14200 2398/7324/14201 2269/7325/14202
f 2206/7326/14203 2447/7327/14204 2300/7328/14205
f 2206/7329/14206 2300/7330/14207 2632/7331/14208
f 2433/7332/14209 2073/7333/14210 2076/7334/14211
f 2433/7332/14212 2076/7334/14213 2137/7335/14214
f 2449/7336/14215 2312/7337/14216 2380/7338/14217
f 2449/7336/14218 2380/7338/14219 2379/7339/14220
f 2369/7340/14221 2518/7341/14222 2576/7342/14223
f 2369/7340/14224 2576/7342/14225 2370/7343/14226
f 2374/7344/14227 2373/7345/14228 2461/7346/14229
f 2374/7347/14230 2461/7348/14231 2654/7349/14232
f 2456/7350/14233 2547/7351/14234 2657/7352/14235
f 2456/7350/14236 2657/7352/14237 2274/7353/14238
f 2155/7354/14239 2613/7355/14240 2664/7356/14241
f 2155/7354/14242 2664/7356/14243 2598/7357/14244
f 2645/7358/14245 2224/7359/14246 2407/7360/14247
f 2645/7358/14248 2407/7360/14249 2064/7361/14250
f 2337/7362/14251 2286/7363/14252 2643/7364/14253
f 2337/7362/14254 2643/7364/14255 2457/7365/14256
f 2360/7366/14257 2569/7367/14258 2478/7368/14259
f 2360/7366/14260 2478/7368/14261 2361/7369/14262
f 2121/7370/14263 2120/7371/14264 2126/7372/14265
f 2121/7370/14266 2126/7372/14267 2329/7373/14268
f 2064/7374/14269 2407/7375/14270 2410/7376/14271
f 2064/7374/14272 2410/7376/14273 2065/7377/14274
f 2523/7378/14275 2662/7379/14276 2586/7380/14277
f 2523/7378/14278 2586/7380/14279 2585/7381/14280
f 2565/7382/14281 2423/7383/14282 2558/7384/14283
f 2565/7382/14284 2558/7384/14285 2193/7385/14286
f 2100/7386/14287 2246/7387/14288 2249/7388/14289
f 2100/7386/14290 2249/7388/14291 2218/7389/14292
f 2065/7390/14293 2410/7391/14294 2648/7392/14295
f 2065/7390/14296 2648/7392/14297 2103/7393/14298
f 2370/7394/14299 2576/7395/14300 2467/7396/14301
f 2370/7394/14302 2467/7396/14303 2088/7397/14304
f 2512/7398/14305 2442/7399/14306 2402/7400/14307
f 2512/7398/14308 2402/7400/14309 2601/7401/14310
f 2282/7402/14311 2631/7403/14312 2267/7404/14313
f 2282/7402/14314 2267/7404/14315 2347/7405/14316
f 2133/7406/14317 2132/7407/14318 2523/7408/14319
f 2133/7406/14320 2523/7408/14321 2585/7409/14322
f 2616/7410/14323 2086/7411/14324 2504/7412/14325
f 2616/7410/14326 2504/7412/14327 2334/7413/14328
f 2427/7414/14329 2533/7415/14330 2434/7416/14331
f 2427/7414/14332 2434/7416/14333 2391/7417/14334
f 2212/7418/14335 2211/7419/14336 2102/7420/14337
f 2212/7418/14338 2102/7420/14339 2105/7421/14340
f 2522/7422/14341 2661/7423/14342 2662/7424/14343
f 2522/7422/14344 2662/7424/14345 2523/7425/14346
f 2364/7426/14347 2625/7427/14348 2552/7428/14349
f 2364/7426/14350 2552/7428/14351 2141/7429/14352
f 2673/7430/14353 2472/7431/14354 2204/7432/14355
f 2673/7430/14356 2204/7432/14357 2528/7433/14358
f 2395/7434/14359 2394/7435/14360 2419/7436/14361
f 2395/7434/14362 2419/7436/14363 2579/7437/14364
f 2654/7438/14365 2461/7439/14366 2464/7440/14367
f 2654/7441/14368 2464/7442/14369 2568/7443/14370
f 2599/7444/14371 2507/7445/14372 2089/7446/14373
f 2599/7444/14374 2089/7446/14375 2208/7447/14376
f 2145/7448/14377 2146/7449/14378 2629/7450/14379
f 2145/7448/14380 2629/7450/14381 2547/7451/14382
f 2648/7452/14383 2600/7453/14384 2620/7454/14385
f 2648/7452/14386 2620/7454/14387 2385/7455/14388
f 2299/7456/14389 2298/7457/14390 2589/7458/14391
f 2299/7456/14392 2589/7458/14393 2665/7459/14394
f 2642/7460/14395 2540/7461/14396 2668/7462/14397
f 2642/7460/14398 2668/7462/14399 2473/7463/14400
f 2520/7464/14401 2551/7465/14402 2562/7466/14403
f 2520/7464/14404 2562/7466/14405 2566/7467/14406
f 2302/7468/14407 2301/7469/14408 2446/7470/14409
f 2302/7471/14410 2446/7472/14411 2524/7473/14412
f 2612/7474/14413 2611/7475/14414 2656/7476/14415
f 2612/7474/14416 2656/7476/14417 2629/7477/14418
f 2419/7478/14419 2418/7479/14420 2061/7480/14421
f 2419/7478/14422 2061/7480/14423 2271/7481/14424
f 2117/7482/14425 2116/7483/14426 2591/7484/14427
f 2117/7482/14428 2591/7484/14429 2544/7485/14430
f 2508/7486/14431 2637/7487/14432 2389/7488/14433
f 2508/7486/14434 2389/7488/14435 2325/7489/14436
f 2516/7490/14437 2417/7491/14438 2437/7492/14439
f 2516/7490/14440 2437/7492/14441 2625/7493/14442
f 2544/7494/14443 2591/7495/14444 2594/7496/14445
f 2544/7494/14446 2594/7496/14447 2563/7497/14448
f 2348/7498/14449 2270/7499/14450 2289/7500/14451
f 2348/7498/14452 2289/7500/14453 2288/7501/14454
f 2515/7502/14455 2367/7503/14456 2636/7504/14457
f 2515/7502/14458 2636/7504/14459 2635/7505/14460
f 2673/7506/14461 2641/7507/14462 2166/7508/14463
f 2673/7506/14464 2166/7508/14465 2169/7509/14466
f 2088/7510/14467 2467/7511/14468 2658/7512/14469
f 2088/7510/14470 2658/7512/14471 2414/7513/14472
f 2434/7514/14473 2435/7515/14474 2666/7516/14475
f 2434/7514/14476 2666/7516/14477 2611/7517/14478
f 2251/7518/14479 2121/7519/14480 2329/7520/14481
f 2251/7518/14482 2329/7520/14483 2328/7521/14484
f 2663/7522/14485 2196/7523/14486 2199/7524/14487
f 2663/7522/14488 2199/7524/14489 2338/7525/14490
f 2177/7526/14491 2209/7527/14492 2212/7528/14493
f 2177/7526/14494 2212/7528/14495 2429/7529/14496
f 2103/7530/14497 2648/7531/14498 2385/7532/14499
f 2103/7530/14500 2385/7532/14501 2104/7533/14502
f 2120/7534/14503 2355/7535/14504 2127/7536/14505
f 2120/7534/14506 2127/7536/14507 2126/7537/14508
f 2150/7538/14509 2149/7539/14510 2153/7540/14511
f 2150/7538/14512 2153/7540/14513 2486/7541/14514
f 2363/7542/14515 2532/7543/14516 2501/7544/14517
f 2363/7542/14518 2501/7544/14519 2314/7545/14520
f 2668/7546/14521 2652/7547/14522 2445/7548/14523
f 2668/7549/14524 2445/7550/14525 2444/7551/14526
f 2273/7552/14527 2517/7553/14528 2227/7554/14529
f 2273/7552/14530 2227/7554/14531 2274/7555/14532
f 2262/7556/14533 2302/7557/14534 2524/7558/14535
f 2262/7559/14536 2524/7560/14537 2234/7561/14538
f 2196/7562/14539 2663/7563/14540 2294/7564/14541
f 2196/7562/14542 2294/7564/14543 2293/7565/14544
f 2537/7566/14545 2536/7567/14546 2645/7568/14547
f 2537/7566/14548 2645/7568/14549 2264/7569/14550
f 2381/7570/14551 2597/7571/14552 2599/7572/14553
f 2381/7570/14554 2599/7572/14555 2382/7573/14556
f 2152/7574/14557 2151/7575/14558 2661/7576/14559
f 2152/7574/14560 2661/7576/14561 2522/7577/14562
f 2459/7578/14563 2143/7579/14564 2156/7580/14565
f 2459/7578/14566 2156/7580/14567 2422/7581/14568
f 2499/7582/14569 2330/7583/14570 2333/7584/14571
f 2499/7582/14572 2333/7584/14573 2167/7585/14574
f 2674/7586/14575 2182/7587/14576 2181/7588/14577
f 2674/7586/14578 2181/7588/14579 2345/7589/14580
f 2672/7590/14581 2674/7586/14582 2345/7589/14583
f 2672/7590/14584 2345/7589/14585 2344/7591/14586
f 2655/7592/14587 2491/7593/14588 2674/7586/14589
f 2655/7592/14590 2674/7586/14591 2672/7590/14592
f 2491/7594/14593 2184/7595/14594 2182/7596/14595
f 2491/7593/14596 2182/7587/14597 2674/7586/14598
f 2306/7597/14599 2114/7598/14600 2117/7599/14601
f 2306/7597/14602 2117/7599/14603 2505/7600/14604
f 2092/7601/14605 2091/7602/14606 2073/7603/14607
f 2092/7601/14608 2073/7603/14609 2433/7604/14610
f 2367/7605/14611 2216/7606/14612 2372/7607/14613
f 2367/7605/14614 2372/7607/14615 2636/7608/14616
f 2415/7609/14617 2626/7610/14618 2436/7611/14619
f 2415/7609/14620 2436/7611/14621 2416/7612/14622
f 2660/7613/14623 2667/7614/14624 2386/7615/14625
f 2660/7613/14626 2386/7615/14627 2587/7616/14628
f 2207/7617/14629 2206/7618/14630 2632/7619/14631
f 2207/7620/14632 2632/7621/14633 2555/7622/14634
f 2213/7623/14635 2281/7624/14636 2107/7625/14637
f 2213/7623/14638 2107/7625/14639 2214/7626/14640
f 2517/7627/14641 2549/7628/14642 2228/7629/14643
f 2517/7627/14644 2228/7629/14645 2227/7630/14646
f 2560/7631/14647 2572/7632/14648 2509/7633/14649
f 2560/7631/14650 2509/7633/14651 2640/7634/14652
f 2241/7635/14653 2575/7636/14654 2535/7637/14655
f 2241/7635/14656 2535/7637/14657 2534/7638/14658
f 2143/7639/14659 2459/7640/14660 2439/7641/14661
f 2143/7639/14662 2439/7641/14663 2122/7642/14664
