# Generated by makebsp -bsp2obj
# Source: C:/Users/German/Documents/My Games/Warfork 2.1/basewf/models/mapobjects/wdm5/wdm5_BridgeDoorwayDetails1
# Axis swap: Q3 Z-up -> OBJ Y-up (X=X, Y=Z, Z=-Y)
o wdm5_BridgeDoorwayDetails1
mtllib wdm5_BridgeDoorwayDetails1.mtl
g mat0m0s0
usemtl textures/concrete/concretebunker0068
v -36.000000 39.333332 -157.333328
vt 0.630208 0.880208
vn -1.000000 0.000000 -0.000000
v -36.000000 39.333332 -160.000000
vt 0.640625 0.880208
vn -1.000000 0.000000 -0.000000
v -36.000000 62.000000 -160.000000
vt 0.640625 0.968750
vn -1.000000 0.000000 -0.000000
v -36.000000 62.000000 -157.333328
vt 0.630208 0.968750
vn -1.000000 0.000000 -0.000000
v -36.000000 62.000000 -156.000000
vt 0.625000 0.968750
vn -0.707107 0.000000 0.707107
v -36.000000 38.000000 -156.000000
vt 0.625000 0.875000
vn -0.577350 -0.577350 0.577350
v -36.000000 38.000000 -160.000000
vt 0.640625 0.875000
vn -0.707107 -0.707107 -0.000000
v -36.000000 38.000000 -156.000000
vt 0.937500 0.875000
vn -0.577350 -0.577350 0.577350
v -36.000000 62.000000 -156.000000
vt 0.937500 0.968750
vn -0.707107 0.000000 0.707107
v -34.000000 62.000000 -156.000000
vt 0.945312 0.968750
vn 0.000000 0.000000 1.000000
v -34.000000 40.000000 -156.000000
vt 0.945312 0.882812
vn 0.000000 0.000000 1.000000
v -10.000000 38.000000 -156.000000
vt 1.039062 0.875000
vn 0.000000 -0.894427 0.447214
v -10.000000 40.000000 -156.000000
vt 1.039062 0.882812
vn 0.000000 0.000000 1.000000
v -4.000000 38.000000 -156.000000
vt 1.062500 0.875000
vn -0.577350 -0.577350 0.577350
v -4.000000 40.000000 -156.000000
vt 1.062500 0.882812
vn 0.000000 0.000000 1.000000
v -4.000000 62.000000 -156.000000
vt 1.062500 0.968750
vn 0.000000 0.000000 1.000000
v -36.000000 38.000000 -156.000000
vt 0.937500 0.625000
vn -0.577350 -0.577350 0.577350
v -10.000000 38.000000 -156.000000
vt 1.039062 0.625000
vn 0.000000 -0.707107 0.707107
v -10.000000 38.000000 -157.333328
vt 1.039062 0.630208
vn 0.000000 -1.000000 -0.000000
v -34.666668 38.000000 -157.333328
vt 0.942708 0.630208
vn 0.000000 -1.000000 -0.000000
v -36.000000 38.000000 -160.000000
vt 0.937500 0.640625
vn -0.707107 -0.707107 -0.000000
v -34.666668 38.000000 -160.000000
vt 0.942708 0.640625
vn 0.000000 -1.000000 -0.000000
v -10.000000 38.000000 -160.000000
vt 1.039062 0.640625
vn 0.000000 -1.000000 -0.000000
v -10.000000 38.000000 -156.000000
vt 0.039062 0.625000
vn 0.000000 -0.707107 0.707107
v -4.000000 38.000000 -156.000000
vt 0.062500 0.625000
vn 0.000000 -0.707107 0.707107
v -3.057190 38.000000 -156.942810
vt 0.066183 0.628683
vn 0.000000 -1.000000 -0.000000
v -10.000000 38.000000 -156.942810
vt 0.039062 0.628683
vn 0.000000 -1.000000 -0.000000
v 0.000000 38.000000 -160.000000
vt 0.078125 0.640625
vn 0.000000 -1.000000 -0.000000
v 0.000000 38.000000 -150.000000
vt 0.078125 0.601562
vn 0.000000 -1.000000 -0.000000
v -3.057191 38.000000 -150.000000
vt 0.066183 0.601562
vn 0.000000 -1.000000 -0.000000
v -10.000000 38.000000 -160.000000
vt 0.039062 0.640625
vn 0.000000 -1.000000 -0.000000
v -4.000000 38.000000 -156.000000
vt 0.062500 0.625000
vn -0.707107 -0.707107 -0.000000
v -4.000000 38.000000 -150.000000
vt 0.062500 0.601562
vn -0.707107 -0.707107 -0.000000
v -4.000000 38.000000 -150.000000
vt 0.601562 0.875000
vn -0.447214 -0.894427 -0.000000
v -4.000000 38.000000 -156.000000
vt 0.625000 0.875000
vn -0.577350 -0.577350 0.577350
v -4.000000 40.000000 -156.000000
vt 0.625000 0.882812
vn -1.000000 0.000000 -0.000000
v -4.000000 40.000000 -150.000000
vt 0.601562 0.882812
vn -1.000000 0.000000 -0.000000
v -4.000000 38.000000 -124.000000
vt 0.500000 0.875000
vn -0.577350 -0.577350 0.577350
v -4.000000 40.000000 -126.000000
vt 0.507812 0.882812
vn -1.000000 0.000000 -0.000000
v -4.000000 62.000000 -124.000000
vt 0.500000 0.968750
vn -0.707107 0.000000 0.707107
v -4.000000 62.000000 -126.000000
vt 0.507812 0.968750
vn -1.000000 0.000000 -0.000000
v -4.000000 62.000000 -156.000000
vt 0.625000 0.968750
vn -1.000000 0.000000 -0.000000
v -4.000000 38.000000 -150.000000
vt 0.062500 0.601562
vn -0.707107 -0.707107 -0.000000
v -4.000000 38.000000 -124.000000
vt 0.062500 0.500000
vn -0.577350 -0.577350 0.577350
v -2.666667 38.000000 -125.333336
vt 0.067708 0.505208
vn 0.000000 -1.000000 -0.000000
v -2.666667 38.000000 -150.000000
vt 0.067708 0.601562
vn 0.000000 -1.000000 -0.000000
v 0.000000 38.000000 -125.333336
vt 0.078125 0.505208
vn 0.000000 -1.000000 -0.000000
v 0.000000 38.000000 -150.000000
vt 0.078125 0.601562
vn 0.000000 -1.000000 -0.000000
v 0.000000 38.000000 -124.000000
vt 0.078125 0.500000
vn 0.000000 -0.707107 0.707107
v -4.000000 38.000000 -124.000000
vt 0.062500 0.875000
vn -0.577350 -0.577350 0.577350
v -4.000000 62.000000 -124.000000
vt 0.062500 0.968750
vn -0.707107 0.000000 0.707107
v -2.666667 62.000000 -124.000000
vt 0.067708 0.968750
vn 0.000000 0.000000 1.000000
v -2.666667 39.333332 -124.000000
vt 0.067708 0.880208
vn 0.000000 0.000000 1.000000
v 0.000000 38.000000 -124.000000
vt 0.078125 0.875000
vn 0.000000 -0.707107 0.707107
v 0.000000 39.333332 -124.000000
vt 0.078125 0.880208
vn 0.000000 0.000000 1.000000
v 0.000000 62.000000 -124.000000
vt 0.078125 0.968750
vn 0.000000 0.000000 1.000000
f 1/1/1 3/3/3 2/2/2
f 1/1/1 4/4/4 3/3/3
f 6/6/6 2/2/2 7/7/7
f 6/6/6 1/1/1 2/2/2
f 5/5/5 1/1/1 6/6/6
f 5/5/5 4/4/4 1/1/1
f 16/16/16 13/13/13 15/15/15
f 16/16/16 11/11/11 13/13/13
f 16/16/16 10/10/10 11/11/11
f 14/14/14 13/13/13 12/12/12
f 14/14/14 15/15/15 13/13/13
f 12/12/12 11/11/11 8/8/8
f 12/12/12 13/13/13 11/11/11
f 8/8/8 10/10/10 9/9/9
f 8/8/8 11/11/11 10/10/10
f 23/23/23 20/20/20 22/22/22
f 23/23/23 19/19/19 20/20/20
f 17/17/17 19/19/19 18/18/18
f 17/17/17 20/20/20 19/19/19
f 21/21/21 20/20/20 17/17/17
f 21/21/21 22/22/22 20/20/20
f 28/28/28 27/27/27 31/31/31
f 28/28/28 26/26/26 27/27/27
f 24/24/24 26/26/26 25/25/25
f 24/24/24 27/27/27 26/26/26
f 41/41/41 37/37/37 39/39/39
f 41/41/41 36/36/36 37/37/37
f 41/41/41 42/42/42 36/36/36
f 38/38/38 37/37/37 34/34/34
f 38/38/38 39/39/39 37/37/37
f 34/34/34 36/36/36 35/35/35
f 34/34/34 37/37/37 36/36/36
f 40/40/40 39/39/39 38/38/38
f 40/40/40 41/41/41 39/39/39
f 26/26/26 29/29/29 30/30/30
f 26/26/26 28/28/28 29/29/29
f 32/32/32 30/30/30 33/33/33
f 32/32/32 26/26/26 30/30/30
f 46/46/46 47/47/47 45/45/45
f 46/46/46 48/48/48 47/47/47
f 44/44/44 47/47/47 49/49/49
f 44/44/44 45/45/45 47/47/47
f 43/43/43 45/45/45 44/44/44
f 43/43/43 46/46/46 45/45/45
f 56/56/56 53/53/53 55/55/55
f 56/56/56 52/52/52 53/53/53
f 54/54/54 53/53/53 50/50/50
f 54/54/54 55/55/55 53/53/53
f 50/50/50 52/52/52 51/51/51
f 50/50/50 53/53/53 52/52/52
g mat0m0s1
usemtl textures/concrete/concretebunker0068
v -52.000000 123.333336 -157.333328
vt 0.630208 0.708333
vn -1.000000 0.000000 -0.000000
v -52.000000 123.333336 -160.000000
vt 0.640625 0.708333
vn -1.000000 0.000000 -0.000000
v -52.000000 146.000000 -160.000000
vt 0.640625 0.796875
vn -1.000000 0.000000 -0.000000
v -52.000000 146.000000 -157.333328
vt 0.630208 0.796875
vn -1.000000 0.000000 -0.000000
v -52.000000 146.000000 -156.000000
vt 0.625000 0.796875
vn -0.707107 0.000000 0.707107
v -52.000000 122.000000 -156.000000
vt 0.625000 0.703125
vn -0.577350 -0.577350 0.577350
v -52.000000 122.000000 -160.000000
vt 0.640625 0.703125
vn -0.707107 -0.707107 -0.000000
v -52.000000 122.000000 -156.000000
vt 0.875000 0.703125
vn -0.577350 -0.577350 0.577350
v -52.000000 146.000000 -156.000000
vt 0.875000 0.796875
vn -0.707107 0.000000 0.707107
v -50.000000 146.000000 -156.000000
vt 0.882812 0.796875
vn 0.000000 0.000000 1.000000
v -50.000000 124.000000 -156.000000
vt 0.882812 0.710938
vn 0.000000 0.000000 1.000000
v -10.000000 122.000000 -156.000000
vt 1.039062 0.703125
vn 0.000000 -0.894427 0.447214
v -10.000000 124.000000 -156.000000
vt 1.039062 0.710938
vn 0.000000 0.000000 1.000000
v -4.000000 122.000000 -156.000000
vt 1.062500 0.703125
vn -0.577350 -0.577350 0.577350
v -4.000000 124.000000 -156.000000
vt 1.062500 0.710938
vn 0.000000 0.000000 1.000000
v -4.000000 146.000000 -156.000000
vt 1.062500 0.796875
vn 0.000000 0.000000 1.000000
v -52.000000 122.000000 -156.000000
vt 0.875000 0.625000
vn -0.577350 -0.577350 0.577350
v -10.000000 122.000000 -156.000000
vt 1.039062 0.625000
vn 0.000000 -0.707107 0.707107
v -10.000000 122.000000 -157.333328
vt 1.039062 0.630208
vn 0.000000 -1.000000 -0.000000
v -50.666668 122.000000 -157.333328
vt 0.880208 0.630208
vn 0.000000 -1.000000 -0.000000
v -52.000000 122.000000 -160.000000
vt 0.875000 0.640625
vn -0.707107 -0.707107 -0.000000
v -50.666668 122.000000 -160.000000
vt 0.880208 0.640625
vn 0.000000 -1.000000 -0.000000
v -10.000000 122.000000 -160.000000
vt 1.039062 0.640625
vn 0.000000 -1.000000 -0.000000
v -10.000000 122.000000 -156.000000
vt 0.039062 0.625000
vn 0.000000 -0.707107 0.707107
v -4.000000 122.000000 -156.000000
vt 0.062500 0.625000
vn 0.000000 -0.707107 0.707107
v -3.057190 122.000000 -156.942810
vt 0.066183 0.628683
vn 0.000000 -1.000000 -0.000000
v -10.000000 122.000000 -156.942810
vt 0.039062 0.628683
vn 0.000000 -1.000000 -0.000000
v 0.000000 122.000000 -160.000000
vt 0.078125 0.640625
vn 0.000000 -1.000000 -0.000000
v 0.000000 122.000000 -150.000000
vt 0.078125 0.601562
vn 0.000000 -1.000000 -0.000000
v -3.057191 122.000000 -150.000000
vt 0.066183 0.601562
vn 0.000000 -1.000000 -0.000000
v -10.000000 122.000000 -160.000000
vt 0.039062 0.640625
vn 0.000000 -1.000000 -0.000000
v -4.000000 122.000000 -156.000000
vt 0.062500 0.625000
vn -0.707107 -0.707107 -0.000000
v -4.000000 122.000000 -150.000000
vt 0.062500 0.601562
vn -0.707107 -0.707107 -0.000000
v -4.000000 122.000000 -150.000000
vt 0.601562 0.703125
vn -0.447214 -0.894427 -0.000000
v -4.000000 122.000000 -156.000000
vt 0.625000 0.703125
vn -0.577350 -0.577350 0.577350
v -4.000000 124.000000 -156.000000
vt 0.625000 0.710938
vn -1.000000 0.000000 -0.000000
v -4.000000 124.000000 -150.000000
vt 0.601562 0.710938
vn -1.000000 0.000000 -0.000000
v -4.000000 122.000000 -108.000000
vt 0.437500 0.703125
vn -0.577350 -0.577350 0.577350
v -4.000000 124.000000 -110.000000
vt 0.445312 0.710938
vn -1.000000 0.000000 -0.000000
v -4.000000 146.000000 -108.000000
vt 0.437500 0.796875
vn -0.707107 0.000000 0.707107
v -4.000000 146.000000 -110.000000
vt 0.445312 0.796875
vn -1.000000 0.000000 -0.000000
v -4.000000 146.000000 -156.000000
vt 0.625000 0.796875
vn -1.000000 0.000000 -0.000000
v -4.000000 122.000000 -150.000000
vt 0.062500 0.601562
vn -0.707107 -0.707107 -0.000000
v -4.000000 122.000000 -108.000000
vt 0.062500 0.437500
vn -0.577350 -0.577350 0.577350
v -2.666667 122.000000 -109.333336
vt 0.067708 0.442708
vn 0.000000 -1.000000 -0.000000
v -2.666667 122.000000 -150.000000
vt 0.067708 0.601562
vn 0.000000 -1.000000 -0.000000
v 0.000000 122.000000 -109.333336
vt 0.078125 0.442708
vn 0.000000 -1.000000 -0.000000
v 0.000000 122.000000 -150.000000
vt 0.078125 0.601562
vn 0.000000 -1.000000 -0.000000
v 0.000000 122.000000 -108.000000
vt 0.078125 0.437500
vn 0.000000 -0.707107 0.707107
v -4.000000 122.000000 -108.000000
vt 0.062500 0.703125
vn -0.577350 -0.577350 0.577350
v -4.000000 146.000000 -108.000000
vt 0.062500 0.796875
vn -0.707107 0.000000 0.707107
v -2.666667 146.000000 -108.000000
vt 0.067708 0.796875
vn 0.000000 0.000000 1.000000
v -2.666667 123.333336 -108.000000
vt 0.067708 0.708333
vn 0.000000 0.000000 1.000000
v 0.000000 122.000000 -108.000000
vt 0.078125 0.703125
vn 0.000000 -0.707107 0.707107
v 0.000000 123.333336 -108.000000
vt 0.078125 0.708333
vn 0.000000 0.000000 1.000000
v 0.000000 146.000000 -108.000000
vt 0.078125 0.796875
vn 0.000000 0.000000 1.000000
f 57/57/57 59/59/59 58/58/58
f 57/57/57 60/60/60 59/59/59
f 62/62/62 58/58/58 63/63/63
f 62/62/62 57/57/57 58/58/58
f 61/61/61 57/57/57 62/62/62
f 61/61/61 60/60/60 57/57/57
f 72/72/72 69/69/69 71/71/71
f 72/72/72 67/67/67 69/69/69
f 72/72/72 66/66/66 67/67/67
f 70/70/70 69/69/69 68/68/68
f 70/70/70 71/71/71 69/69/69
f 68/68/68 67/67/67 64/64/64
f 68/68/68 69/69/69 67/67/67
f 64/64/64 66/66/66 65/65/65
f 64/64/64 67/67/67 66/66/66
f 79/79/79 76/76/76 78/78/78
f 79/79/79 75/75/75 76/76/76
f 73/73/73 75/75/75 74/74/74
f 73/73/73 76/76/76 75/75/75
f 77/77/77 76/76/76 73/73/73
f 77/77/77 78/78/78 76/76/76
f 84/84/84 83/83/83 87/87/87
f 84/84/84 82/82/82 83/83/83
f 80/80/80 82/82/82 81/81/81
f 80/80/80 83/83/83 82/82/82
f 97/97/97 93/93/93 95/95/95
f 97/97/97 92/92/92 93/93/93
f 97/97/97 98/98/98 92/92/92
f 94/94/94 93/93/93 90/90/90
f 94/94/94 95/95/95 93/93/93
f 90/90/90 92/92/92 91/91/91
f 90/90/90 93/93/93 92/92/92
f 96/96/96 95/95/95 94/94/94
f 96/96/96 97/97/97 95/95/95
f 82/82/82 85/85/85 86/86/86
f 82/82/82 84/84/84 85/85/85
f 88/88/88 86/86/86 89/89/89
f 88/88/88 82/82/82 86/86/86
f 102/102/102 103/103/103 101/101/101
f 102/102/102 104/104/104 103/103/103
f 100/100/100 103/103/103 105/105/105
f 100/100/100 101/101/101 103/103/103
f 99/99/99 101/101/101 100/100/100
f 99/99/99 102/102/102 101/101/101
f 112/112/112 109/109/109 111/111/111
f 112/112/112 108/108/108 109/109/109
f 110/110/110 109/109/109 106/106/106
f 110/110/110 111/111/111 109/109/109
f 106/106/106 108/108/108 107/107/107
f 106/106/106 109/109/109 108/108/108
g mat0m0s2
usemtl textures/concrete/concretebunker0068
v -36.000000 62.000000 160.000000
vt 0.078125 0.968750
vn -1.000000 0.000000 -0.000000
v -36.000000 39.333332 160.000000
vt 0.078125 0.880208
vn -1.000000 0.000000 -0.000000
v -36.000000 39.333332 157.333328
vt 0.067708 0.880208
vn -1.000000 0.000000 -0.000000
v -36.000000 62.000000 157.333328
vt 0.067708 0.968750
vn -1.000000 0.000000 -0.000000
v -36.000000 38.000000 156.000000
vt 0.062500 0.875000
vn -0.577350 -0.577350 -0.577350
v -36.000000 38.000000 160.000000
vt 0.078125 0.875000
vn -0.707107 -0.707107 -0.000000
v -36.000000 62.000000 156.000000
vt 0.062500 0.968750
vn -0.707107 0.000000 -0.707107
v -36.000000 38.000000 156.000000
vt 0.062500 0.500000
vn -0.577350 -0.577350 -0.577350
v -36.000000 38.000000 160.000000
vt 0.078125 0.500000
vn -0.707107 -0.707107 -0.000000
v -34.666668 38.000000 160.000000
vt 0.078125 0.505208
vn 0.000000 -1.000000 -0.000000
v -34.666668 38.000000 157.333328
vt 0.067708 0.505208
vn 0.000000 -1.000000 -0.000000
v -10.000000 38.000000 156.000000
vt 0.062500 0.601562
vn 0.000000 -0.707107 -0.707107
v -10.000000 38.000000 157.333328
vt 0.067708 0.601562
vn 0.000000 -1.000000 -0.000000
v -10.000000 38.000000 160.000000
vt 0.078125 0.601562
vn 0.000000 -1.000000 -0.000000
v -36.000000 38.000000 156.000000
vt 0.500000 0.875000
vn -0.577350 -0.577350 -0.577350
v -10.000000 38.000000 156.000000
vt 0.601562 0.875000
vn 0.000000 -0.894427 -0.447214
v -10.000000 40.000000 156.000000
vt 0.601562 0.882812
vn 0.000000 0.000000 -1.000000
v -34.000000 40.000000 156.000000
vt 0.507812 0.882812
vn 0.000000 0.000000 -1.000000
v -36.000000 62.000000 156.000000
vt 0.500000 0.968750
vn -0.707107 0.000000 -0.707107
v -34.000000 62.000000 156.000000
vt 0.507812 0.968750
vn 0.000000 0.000000 -1.000000
v -4.000000 40.000000 156.000000
vt 0.625000 0.882812
vn 0.000000 0.000000 -1.000000
v -4.000000 62.000000 156.000000
vt 0.625000 0.968750
vn 0.000000 0.000000 -1.000000
v -4.000000 38.000000 156.000000
vt 0.625000 0.875000
vn -0.577350 -0.577350 -0.577350
v -4.000000 62.000000 156.000000
vt 1.062500 0.968750
vn -1.000000 0.000000 -0.000000
v -4.000000 40.000000 156.000000
vt 1.062500 0.882812
vn -1.000000 0.000000 -0.000000
v -4.000000 40.000000 150.000000
vt 1.039062 0.882812
vn -1.000000 0.000000 -0.000000
v -4.000000 40.000000 126.000000
vt 0.945312 0.882812
vn -1.000000 0.000000 -0.000000
v -4.000000 62.000000 126.000000
vt 0.945312 0.968750
vn -1.000000 0.000000 -0.000000
v -4.000000 38.000000 124.000000
vt 0.937500 0.875000
vn -0.577350 -0.577350 -0.577350
v -4.000000 38.000000 150.000000
vt 1.039062 0.875000
vn -0.447214 -0.894427 -0.000000
v -4.000000 62.000000 124.000000
vt 0.937500 0.968750
vn -0.707107 0.000000 -0.707107
v -4.000000 38.000000 156.000000
vt 1.062500 0.875000
vn -0.577350 -0.577350 -0.577350
v -4.000000 38.000000 124.000000
vt 0.937500 0.625000
vn -0.577350 -0.577350 -0.577350
v -4.000000 38.000000 150.000000
vt 1.039062 0.625000
vn -0.707107 -0.707107 -0.000000
v -2.666667 38.000000 150.000000
vt 1.039062 0.630208
vn 0.000000 -1.000000 -0.000000
v -2.666667 38.000000 125.333336
vt 0.942708 0.630208
vn 0.000000 -1.000000 -0.000000
v 0.000000 38.000000 124.000000
vt 0.937500 0.640625
vn 0.000000 -0.707107 -0.707107
v 0.000000 38.000000 125.333336
vt 0.942708 0.640625
vn 0.000000 -1.000000 -0.000000
v 0.000000 38.000000 150.000000
vt 1.039062 0.640625
vn 0.000000 -1.000000 -0.000000
v -4.000000 38.000000 124.000000
vt 0.625000 0.875000
vn -0.577350 -0.577350 -0.577350
v 0.000000 38.000000 124.000000
vt 0.640625 0.875000
vn 0.000000 -0.707107 -0.707107
v 0.000000 39.333332 124.000000
vt 0.640625 0.880208
vn 0.000000 0.000000 -1.000000
v -2.666667 39.333332 124.000000
vt 0.630208 0.880208
vn 0.000000 0.000000 -1.000000
v -4.000000 62.000000 124.000000
vt 0.625000 0.968750
vn -0.707107 0.000000 -0.707107
v -2.666667 62.000000 124.000000
vt 0.630208 0.968750
vn 0.000000 0.000000 -1.000000
v 0.000000 62.000000 124.000000
vt 0.640625 0.968750
vn 0.000000 0.000000 -1.000000
v -4.000000 38.000000 150.000000
vt 0.039062 0.625000
vn -0.707107 -0.707107 -0.000000
v -4.000000 38.000000 156.000000
vt 0.062500 0.625000
vn -0.707107 -0.707107 -0.000000
v -3.057190 38.000000 156.942810
vt 0.066183 0.628683
vn 0.000000 -1.000000 -0.000000
v -3.057191 38.000000 150.000000
vt 0.039062 0.628683
vn 0.000000 -1.000000 -0.000000
v 0.000000 38.000000 160.000000
vt 0.078125 0.640625
vn 0.000000 -1.000000 -0.000000
v 0.000000 38.000000 150.000000
vt 0.039062 0.640625
vn 0.000000 -1.000000 -0.000000
v -10.000000 38.000000 160.000000
vt 0.078125 0.601562
vn 0.000000 -1.000000 -0.000000
v -10.000000 38.000000 156.942810
vt 0.066183 0.601562
vn 0.000000 -1.000000 -0.000000
v -4.000000 38.000000 156.000000
vt 0.062500 0.625000
vn 0.000000 -0.707107 -0.707107
v -10.000000 38.000000 156.000000
vt 0.062500 0.601562
vn 0.000000 -0.707107 -0.707107
f 113/113/113 115/115/115 114/114/114
f 113/113/113 116/116/116 115/115/115
f 118/118/118 115/115/115 117/117/117
f 118/118/118 114/114/114 115/115/115
f 117/117/117 116/116/116 119/119/119
f 117/117/117 115/115/115 116/116/116
f 132/132/132 129/129/129 130/130/130
f 132/132/132 133/133/133 129/129/129
f 132/132/132 134/134/134 133/133/133
f 128/128/128 133/133/133 135/135/135
f 128/128/128 129/129/129 133/133/133
f 127/127/127 129/129/129 128/128/128
f 127/127/127 130/130/130 129/129/129
f 131/131/131 130/130/130 127/127/127
f 131/131/131 132/132/132 130/130/130
f 125/125/125 122/122/122 123/123/123
f 125/125/125 126/126/126 122/122/122
f 124/124/124 123/123/123 120/120/120
f 124/124/124 125/125/125 123/123/123
f 120/120/120 122/122/122 121/121/121
f 120/120/120 123/123/123 122/122/122
f 161/161/161 165/165/165 166/166/166
f 161/161/161 163/163/163 165/165/165
f 167/167/167 166/166/166 168/168/168
f 167/167/167 161/161/161 166/166/166
f 136/136/136 138/138/138 137/137/137
f 136/136/136 139/139/139 138/138/138
f 136/136/136 140/140/140 139/139/139
f 144/144/144 138/138/138 142/142/142
f 144/144/144 137/137/137 138/138/138
f 142/142/142 139/139/139 141/141/141
f 142/142/142 138/138/138 139/139/139
f 141/141/141 140/140/140 143/143/143
f 141/141/141 139/139/139 140/140/140
f 148/148/148 151/151/151 147/147/147
f 148/148/148 150/150/150 151/151/151
f 149/149/149 148/148/148 145/145/145
f 149/149/149 150/150/150 148/148/148
f 145/145/145 147/147/147 146/146/146
f 145/145/145 148/148/148 147/147/147
f 162/162/162 163/163/163 161/161/161
f 162/162/162 164/164/164 163/163/163
f 159/159/159 161/161/161 160/160/160
f 159/159/159 162/162/162 161/161/161
f 155/155/155 158/158/158 154/154/154
f 155/155/155 157/157/157 158/158/158
f 152/152/152 154/154/154 153/153/153
f 152/152/152 155/155/155 154/154/154
f 156/156/156 155/155/155 152/152/152
f 156/156/156 157/157/157 155/155/155
g mat0m0s3
usemtl textures/concrete/concretebunker0068
v -52.000000 90.000000 160.000000
vt 0.078125 0.796875
vn -1.000000 0.000000 -0.000000
v -52.000000 67.333336 160.000000
vt 0.078125 0.708333
vn -1.000000 0.000000 -0.000000
v -52.000000 67.333336 157.333328
vt 0.067708 0.708333
vn -1.000000 0.000000 -0.000000
v -52.000000 90.000000 157.333328
vt 0.067708 0.796875
vn -1.000000 0.000000 -0.000000
v -52.000000 66.000000 156.000000
vt 0.062500 0.703125
vn -0.577350 -0.577350 -0.577350
v -52.000000 66.000000 160.000000
vt 0.078125 0.703125
vn -0.707107 -0.707107 -0.000000
v -52.000000 90.000000 156.000000
vt 0.062500 0.796875
vn -0.707107 0.000000 -0.707107
v -52.000000 66.000000 156.000000
vt 0.062500 0.437500
vn -0.577350 -0.577350 -0.577350
v -52.000000 66.000000 160.000000
vt 0.078125 0.437500
vn -0.707107 -0.707107 -0.000000
v -50.666668 66.000000 160.000000
vt 0.078125 0.442708
vn 0.000000 -1.000000 -0.000000
v -50.666668 66.000000 157.333328
vt 0.067708 0.442708
vn 0.000000 -1.000000 -0.000000
v -10.000000 66.000000 156.000000
vt 0.062500 0.601562
vn 0.000000 -0.707107 -0.707107
v -10.000000 66.000000 157.333328
vt 0.067708 0.601562
vn 0.000000 -1.000000 -0.000000
v -10.000000 66.000000 160.000000
vt 0.078125 0.601562
vn 0.000000 -1.000000 -0.000000
v -52.000000 66.000000 156.000000
vt 0.437500 0.703125
vn -0.577350 -0.577350 -0.577350
v -10.000000 66.000000 156.000000
vt 0.601562 0.703125
vn 0.000000 -0.894427 -0.447214
v -10.000000 68.000000 156.000000
vt 0.601562 0.710938
vn 0.000000 0.000000 -1.000000
v -50.000000 68.000000 156.000000
vt 0.445312 0.710938
vn 0.000000 0.000000 -1.000000
v -52.000000 90.000000 156.000000
vt 0.437500 0.796875
vn -0.707107 0.000000 -0.707107
v -50.000000 90.000000 156.000000
vt 0.445312 0.796875
vn 0.000000 0.000000 -1.000000
v -4.000000 68.000000 156.000000
vt 0.625000 0.710938
vn 0.000000 0.000000 -1.000000
v -4.000000 90.000000 156.000000
vt 0.625000 0.796875
vn 0.000000 0.000000 -1.000000
v -4.000000 66.000000 156.000000
vt 0.625000 0.703125
vn -0.577350 -0.577350 -0.577350
v -4.000000 90.000000 156.000000
vt 1.062500 0.796875
vn -1.000000 0.000000 -0.000000
v -4.000000 68.000000 156.000000
vt 1.062500 0.710938
vn -1.000000 0.000000 -0.000000
v -4.000000 68.000000 150.000000
vt 1.039062 0.710938
vn -1.000000 0.000000 -0.000000
v -4.000000 68.000000 110.000000
vt 0.882812 0.710938
vn -1.000000 0.000000 -0.000000
v -4.000000 90.000000 110.000000
vt 0.882812 0.796875
vn -1.000000 0.000000 -0.000000
v -4.000000 66.000000 108.000000
vt 0.875000 0.703125
vn -0.577350 -0.577350 -0.577350
v -4.000000 66.000000 150.000000
vt 1.039062 0.703125
vn -0.447214 -0.894427 -0.000000
v -4.000000 90.000000 108.000000
vt 0.875000 0.796875
vn -0.707107 0.000000 -0.707107
v -4.000000 66.000000 156.000000
vt 1.062500 0.703125
vn -0.577350 -0.577350 -0.577350
v -4.000000 66.000000 108.000000
vt 0.875000 0.625000
vn -0.577350 -0.577350 -0.577350
v -4.000000 66.000000 150.000000
vt 1.039062 0.625000
vn -0.707107 -0.707107 -0.000000
v -2.666667 66.000000 150.000000
vt 1.039062 0.630208
vn 0.000000 -1.000000 -0.000000
v -2.666667 66.000000 109.333336
vt 0.880208 0.630208
vn 0.000000 -1.000000 -0.000000
v 0.000000 66.000000 108.000000
vt 0.875000 0.640625
vn 0.000000 -0.707107 -0.707107
v 0.000000 66.000000 109.333336
vt 0.880208 0.640625
vn 0.000000 -1.000000 -0.000000
v 0.000000 66.000000 150.000000
vt 1.039062 0.640625
vn 0.000000 -1.000000 -0.000000
v -4.000000 66.000000 108.000000
vt 0.625000 0.703125
vn -0.577350 -0.577350 -0.577350
v 0.000000 66.000000 108.000000
vt 0.640625 0.703125
vn 0.000000 -0.707107 -0.707107
v 0.000000 67.333336 108.000000
vt 0.640625 0.708333
vn 0.000000 0.000000 -1.000000
v -2.666667 67.333336 108.000000
vt 0.630208 0.708333
vn 0.000000 0.000000 -1.000000
v -4.000000 90.000000 108.000000
vt 0.625000 0.796875
vn -0.707107 0.000000 -0.707107
v -2.666667 90.000000 108.000000
vt 0.630208 0.796875
vn 0.000000 0.000000 -1.000000
v 0.000000 90.000000 108.000000
vt 0.640625 0.796875
vn 0.000000 0.000000 -1.000000
v -4.000000 66.000000 150.000000
vt 0.039062 0.625000
vn -0.707107 -0.707107 -0.000000
v -4.000000 66.000000 156.000000
vt 0.062500 0.625000
vn -0.707107 -0.707107 -0.000000
v -3.057190 66.000000 156.942810
vt 0.066183 0.628683
vn 0.000000 -1.000000 -0.000000
v -3.057191 66.000000 150.000000
vt 0.039062 0.628683
vn 0.000000 -1.000000 -0.000000
v 0.000000 66.000000 160.000000
vt 0.078125 0.640625
vn 0.000000 -1.000000 -0.000000
v 0.000000 66.000000 150.000000
vt 0.039062 0.640625
vn 0.000000 -1.000000 -0.000000
v -10.000000 66.000000 160.000000
vt 0.078125 0.601562
vn 0.000000 -1.000000 -0.000000
v -10.000000 66.000000 156.942810
vt 0.066183 0.601562
vn 0.000000 -1.000000 -0.000000
v -4.000000 66.000000 156.000000
vt 0.062500 0.625000
vn 0.000000 -0.707107 -0.707107
v -10.000000 66.000000 156.000000
vt 0.062500 0.601562
vn 0.000000 -0.707107 -0.707107
f 169/169/169 171/171/171 170/170/170
f 169/169/169 172/172/172 171/171/171
f 174/174/174 171/171/171 173/173/173
f 174/174/174 170/170/170 171/171/171
f 173/173/173 172/172/172 175/175/175
f 173/173/173 171/171/171 172/172/172
f 188/188/188 185/185/185 186/186/186
f 188/188/188 189/189/189 185/185/185
f 188/188/188 190/190/190 189/189/189
f 184/184/184 189/189/189 191/191/191
f 184/184/184 185/185/185 189/189/189
f 183/183/183 185/185/185 184/184/184
f 183/183/183 186/186/186 185/185/185
f 187/187/187 186/186/186 183/183/183
f 187/187/187 188/188/188 186/186/186
f 181/181/181 178/178/178 179/179/179
f 181/181/181 182/182/182 178/178/178
f 180/180/180 179/179/179 176/176/176
f 180/180/180 181/181/181 179/179/179
f 176/176/176 178/178/178 177/177/177
f 176/176/176 179/179/179 178/178/178
f 217/217/217 221/221/221 222/222/222
f 217/217/217 219/219/219 221/221/221
f 223/223/223 222/222/222 224/224/224
f 223/223/223 217/217/217 222/222/222
f 192/192/192 194/194/194 193/193/193
f 192/192/192 195/195/195 194/194/194
f 192/192/192 196/196/196 195/195/195
f 200/200/200 194/194/194 198/198/198
f 200/200/200 193/193/193 194/194/194
f 198/198/198 195/195/195 197/197/197
f 198/198/198 194/194/194 195/195/195
f 197/197/197 196/196/196 199/199/199
f 197/197/197 195/195/195 196/196/196
f 204/204/204 207/207/207 203/203/203
f 204/204/204 206/206/206 207/207/207
f 205/205/205 204/204/204 201/201/201
f 205/205/205 206/206/206 204/204/204
f 201/201/201 203/203/203 202/202/202
f 201/201/201 204/204/204 203/203/203
f 218/218/218 219/219/219 217/217/217
f 218/218/218 220/220/220 219/219/219
f 215/215/215 217/217/217 216/216/216
f 215/215/215 218/218/218 217/217/217
f 211/211/211 214/214/214 210/210/210
f 211/211/211 213/213/213 214/214/214
f 208/208/208 210/210/210 209/209/209
f 208/208/208 211/211/211 210/210/210
f 212/212/212 211/211/211 208/208/208
f 212/212/212 213/213/213 211/211/211
g mat0m0s4
usemtl textures/concrete/concretebunker0068
v -52.000000 146.000000 160.000000
vt 0.078125 0.796875
vn -1.000000 0.000000 -0.000000
v -52.000000 123.333336 160.000000
vt 0.078125 0.708333
vn -1.000000 0.000000 -0.000000
v -52.000000 123.333336 157.333328
vt 0.067708 0.708333
vn -1.000000 0.000000 -0.000000
v -52.000000 146.000000 157.333328
vt 0.067708 0.796875
vn -1.000000 0.000000 -0.000000
v -52.000000 122.000000 156.000000
vt 0.062500 0.703125
vn -0.577350 -0.577350 -0.577350
v -52.000000 122.000000 160.000000
vt 0.078125 0.703125
vn -0.707107 -0.707107 -0.000000
v -52.000000 146.000000 156.000000
vt 0.062500 0.796875
vn -0.707107 0.000000 -0.707107
v -52.000000 122.000000 156.000000
vt 0.062500 0.437500
vn -0.577350 -0.577350 -0.577350
v -52.000000 122.000000 160.000000
vt 0.078125 0.437500
vn -0.707107 -0.707107 -0.000000
v -50.666668 122.000000 160.000000
vt 0.078125 0.442708
vn 0.000000 -1.000000 -0.000000
v -50.666668 122.000000 157.333328
vt 0.067708 0.442708
vn 0.000000 -1.000000 -0.000000
v -10.000000 122.000000 156.000000
vt 0.062500 0.601562
vn 0.000000 -0.707107 -0.707107
v -10.000000 122.000000 157.333328
vt 0.067708 0.601562
vn 0.000000 -1.000000 -0.000000
v -10.000000 122.000000 160.000000
vt 0.078125 0.601562
vn 0.000000 -1.000000 -0.000000
v -52.000000 122.000000 156.000000
vt 0.437500 0.703125
vn -0.577350 -0.577350 -0.577350
v -10.000000 122.000000 156.000000
vt 0.601562 0.703125
vn 0.000000 -0.894427 -0.447214
v -10.000000 124.000000 156.000000
vt 0.601562 0.710938
vn 0.000000 0.000000 -1.000000
v -50.000000 124.000000 156.000000
vt 0.445312 0.710938
vn 0.000000 0.000000 -1.000000
v -52.000000 146.000000 156.000000
vt 0.437500 0.796875
vn -0.707107 0.000000 -0.707107
v -50.000000 146.000000 156.000000
vt 0.445312 0.796875
vn 0.000000 0.000000 -1.000000
v -4.000000 124.000000 156.000000
vt 0.625000 0.710938
vn 0.000000 0.000000 -1.000000
v -4.000000 146.000000 156.000000
vt 0.625000 0.796875
vn 0.000000 0.000000 -1.000000
v -4.000000 122.000000 156.000000
vt 0.625000 0.703125
vn -0.577350 -0.577350 -0.577350
v -4.000000 146.000000 156.000000
vt 1.062500 0.796875
vn -1.000000 0.000000 -0.000000
v -4.000000 124.000000 156.000000
vt 1.062500 0.710938
vn -1.000000 0.000000 -0.000000
v -4.000000 124.000000 150.000000
vt 1.039062 0.710938
vn -1.000000 0.000000 -0.000000
v -4.000000 124.000000 110.000000
vt 0.882812 0.710938
vn -1.000000 0.000000 -0.000000
v -4.000000 146.000000 110.000000
vt 0.882812 0.796875
vn -1.000000 0.000000 -0.000000
v -4.000000 122.000000 108.000000
vt 0.875000 0.703125
vn -0.577350 -0.577350 -0.577350
v -4.000000 122.000000 150.000000
vt 1.039062 0.703125
vn -0.447214 -0.894427 -0.000000
v -4.000000 146.000000 108.000000
vt 0.875000 0.796875
vn -0.707107 0.000000 -0.707107
v -4.000000 122.000000 156.000000
vt 1.062500 0.703125
vn -0.577350 -0.577350 -0.577350
v -4.000000 122.000000 108.000000
vt 0.875000 0.625000
vn -0.577350 -0.577350 -0.577350
v -4.000000 122.000000 150.000000
vt 1.039062 0.625000
vn -0.707107 -0.707107 -0.000000
v -2.666667 122.000000 150.000000
vt 1.039062 0.630208
vn 0.000000 -1.000000 -0.000000
v -2.666667 122.000000 109.333336
vt 0.880208 0.630208
vn 0.000000 -1.000000 -0.000000
v 0.000000 122.000000 108.000000
vt 0.875000 0.640625
vn 0.000000 -0.707107 -0.707107
v 0.000000 122.000000 109.333336
vt 0.880208 0.640625
vn 0.000000 -1.000000 -0.000000
v 0.000000 122.000000 150.000000
vt 1.039062 0.640625
vn 0.000000 -1.000000 -0.000000
v -4.000000 122.000000 108.000000
vt 0.625000 0.703125
vn -0.577350 -0.577350 -0.577350
v 0.000000 122.000000 108.000000
vt 0.640625 0.703125
vn 0.000000 -0.707107 -0.707107
v 0.000000 123.333336 108.000000
vt 0.640625 0.708333
vn 0.000000 0.000000 -1.000000
v -2.666667 123.333336 108.000000
vt 0.630208 0.708333
vn 0.000000 0.000000 -1.000000
v -4.000000 146.000000 108.000000
vt 0.625000 0.796875
vn -0.707107 0.000000 -0.707107
v -2.666667 146.000000 108.000000
vt 0.630208 0.796875
vn 0.000000 0.000000 -1.000000
v 0.000000 146.000000 108.000000
vt 0.640625 0.796875
vn 0.000000 0.000000 -1.000000
v -4.000000 122.000000 150.000000
vt 0.039062 0.625000
vn -0.707107 -0.707107 -0.000000
v -4.000000 122.000000 156.000000
vt 0.062500 0.625000
vn -0.707107 -0.707107 -0.000000
v -3.057190 122.000000 156.942810
vt 0.066183 0.628683
vn 0.000000 -1.000000 -0.000000
v -3.057191 122.000000 150.000000
vt 0.039062 0.628683
vn 0.000000 -1.000000 -0.000000
v 0.000000 122.000000 160.000000
vt 0.078125 0.640625
vn 0.000000 -1.000000 -0.000000
v 0.000000 122.000000 150.000000
vt 0.039062 0.640625
vn 0.000000 -1.000000 -0.000000
v -10.000000 122.000000 160.000000
vt 0.078125 0.601562
vn 0.000000 -1.000000 -0.000000
v -10.000000 122.000000 156.942810
vt 0.066183 0.601562
vn 0.000000 -1.000000 -0.000000
v -4.000000 122.000000 156.000000
vt 0.062500 0.625000
vn 0.000000 -0.707107 -0.707107
v -10.000000 122.000000 156.000000
vt 0.062500 0.601562
vn 0.000000 -0.707107 -0.707107
f 225/225/225 227/227/227 226/226/226
f 225/225/225 228/228/228 227/227/227
f 230/230/230 227/227/227 229/229/229
f 230/230/230 226/226/226 227/227/227
f 229/229/229 228/228/228 231/231/231
f 229/229/229 227/227/227 228/228/228
f 244/244/244 241/241/241 242/242/242
f 244/244/244 245/245/245 241/241/241
f 244/244/244 246/246/246 245/245/245
f 240/240/240 245/245/245 247/247/247
f 240/240/240 241/241/241 245/245/245
f 239/239/239 241/241/241 240/240/240
f 239/239/239 242/242/242 241/241/241
f 243/243/243 242/242/242 239/239/239
f 243/243/243 244/244/244 242/242/242
f 237/237/237 234/234/234 235/235/235
f 237/237/237 238/238/238 234/234/234
f 236/236/236 235/235/235 232/232/232
f 236/236/236 237/237/237 235/235/235
f 232/232/232 234/234/234 233/233/233
f 232/232/232 235/235/235 234/234/234
f 273/273/273 277/277/277 278/278/278
f 273/273/273 275/275/275 277/277/277
f 279/279/279 278/278/278 280/280/280
f 279/279/279 273/273/273 278/278/278
f 248/248/248 250/250/250 249/249/249
f 248/248/248 251/251/251 250/250/250
f 248/248/248 252/252/252 251/251/251
f 256/256/256 250/250/250 254/254/254
f 256/256/256 249/249/249 250/250/250
f 254/254/254 251/251/251 253/253/253
f 254/254/254 250/250/250 251/251/251
f 253/253/253 252/252/252 255/255/255
f 253/253/253 251/251/251 252/252/252
f 260/260/260 263/263/263 259/259/259
f 260/260/260 262/262/262 263/263/263
f 261/261/261 260/260/260 257/257/257
f 261/261/261 262/262/262 260/260/260
f 257/257/257 259/259/259 258/258/258
f 257/257/257 260/260/260 259/259/259
f 274/274/274 275/275/275 273/273/273
f 274/274/274 276/276/276 275/275/275
f 271/271/271 273/273/273 272/272/272
f 271/271/271 274/274/274 273/273/273
f 267/267/267 270/270/270 266/266/266
f 267/267/267 269/269/269 270/270/270
f 264/264/264 266/266/266 265/265/265
f 264/264/264 267/267/267 266/266/266
f 268/268/268 267/267/267 264/264/264
f 268/268/268 269/269/269 267/267/267
g mat0m0s5
usemtl textures/concrete/concretebunker0068
v -36.000000 95.333336 -157.333328
vt 0.630208 0.880208
vn -1.000000 0.000000 -0.000000
v -36.000000 95.333336 -160.000000
vt 0.640625 0.880208
vn -1.000000 0.000000 -0.000000
v -36.000000 118.000000 -160.000000
vt 0.640625 0.968750
vn -1.000000 0.000000 -0.000000
v -36.000000 118.000000 -157.333328
vt 0.630208 0.968750
vn -1.000000 0.000000 -0.000000
v -36.000000 118.000000 -156.000000
vt 0.625000 0.968750
vn -0.707107 0.000000 0.707107
v -36.000000 94.000000 -156.000000
vt 0.625000 0.875000
vn -0.577350 -0.577350 0.577350
v -36.000000 94.000000 -160.000000
vt 0.640625 0.875000
vn -0.707107 -0.707107 -0.000000
v -36.000000 94.000000 -156.000000
vt 0.937500 0.875000
vn -0.577350 -0.577350 0.577350
v -36.000000 118.000000 -156.000000
vt 0.937500 0.968750
vn -0.707107 0.000000 0.707107
v -34.000000 118.000000 -156.000000
vt 0.945312 0.968750
vn 0.000000 0.000000 1.000000
v -34.000000 96.000000 -156.000000
vt 0.945312 0.882812
vn 0.000000 0.000000 1.000000
v -10.000000 94.000000 -156.000000
vt 1.039062 0.875000
vn 0.000000 -0.894427 0.447214
v -10.000000 96.000000 -156.000000
vt 1.039062 0.882812
vn 0.000000 0.000000 1.000000
v -4.000000 94.000000 -156.000000
vt 1.062500 0.875000
vn -0.577350 -0.577350 0.577350
v -4.000000 96.000000 -156.000000
vt 1.062500 0.882812
vn 0.000000 0.000000 1.000000
v -4.000000 118.000000 -156.000000
vt 1.062500 0.968750
vn 0.000000 0.000000 1.000000
v -36.000000 94.000000 -156.000000
vt 0.937500 0.625000
vn -0.577350 -0.577350 0.577350
v -10.000000 94.000000 -156.000000
vt 1.039062 0.625000
vn 0.000000 -0.707107 0.707107
v -10.000000 94.000000 -157.333328
vt 1.039062 0.630208
vn 0.000000 -1.000000 -0.000000
v -34.666668 94.000000 -157.333328
vt 0.942708 0.630208
vn 0.000000 -1.000000 -0.000000
v -36.000000 94.000000 -160.000000
vt 0.937500 0.640625
vn -0.707107 -0.707107 -0.000000
v -34.666668 94.000000 -160.000000
vt 0.942708 0.640625
vn 0.000000 -1.000000 -0.000000
v -10.000000 94.000000 -160.000000
vt 1.039062 0.640625
vn 0.000000 -1.000000 -0.000000
v -10.000000 94.000000 -156.000000
vt 0.039062 0.625000
vn 0.000000 -0.707107 0.707107
v -4.000000 94.000000 -156.000000
vt 0.062500 0.625000
vn 0.000000 -0.707107 0.707107
v -3.057190 94.000000 -156.942810
vt 0.066183 0.628683
vn 0.000000 -1.000000 -0.000000
v -10.000000 94.000000 -156.942810
vt 0.039062 0.628683
vn 0.000000 -1.000000 -0.000000
v 0.000000 94.000000 -160.000000
vt 0.078125 0.640625
vn 0.000000 -1.000000 -0.000000
v 0.000000 94.000000 -150.000000
vt 0.078125 0.601562
vn 0.000000 -1.000000 -0.000000
v -3.057191 94.000000 -150.000000
vt 0.066183 0.601562
vn 0.000000 -1.000000 -0.000000
v -10.000000 94.000000 -160.000000
vt 0.039062 0.640625
vn 0.000000 -1.000000 -0.000000
v -4.000000 94.000000 -156.000000
vt 0.062500 0.625000
vn -0.707107 -0.707107 -0.000000
v -4.000000 94.000000 -150.000000
vt 0.062500 0.601562
vn -0.707107 -0.707107 -0.000000
v -4.000000 94.000000 -150.000000
vt 0.601562 0.875000
vn -0.447214 -0.894427 -0.000000
v -4.000000 94.000000 -156.000000
vt 0.625000 0.875000
vn -0.577350 -0.577350 0.577350
v -4.000000 96.000000 -156.000000
vt 0.625000 0.882812
vn -1.000000 0.000000 -0.000000
v -4.000000 96.000000 -150.000000
vt 0.601562 0.882812
vn -1.000000 0.000000 -0.000000
v -4.000000 94.000000 -124.000000
vt 0.500000 0.875000
vn -0.577350 -0.577350 0.577350
v -4.000000 96.000000 -126.000000
vt 0.507812 0.882812
vn -1.000000 0.000000 -0.000000
v -4.000000 118.000000 -124.000000
vt 0.500000 0.968750
vn -0.707107 0.000000 0.707107
v -4.000000 118.000000 -126.000000
vt 0.507812 0.968750
vn -1.000000 0.000000 -0.000000
v -4.000000 118.000000 -156.000000
vt 0.625000 0.968750
vn -1.000000 0.000000 -0.000000
v -4.000000 94.000000 -150.000000
vt 0.062500 0.601562
vn -0.707107 -0.707107 -0.000000
v -4.000000 94.000000 -124.000000
vt 0.062500 0.500000
vn -0.577350 -0.577350 0.577350
v -2.666667 94.000000 -125.333336
vt 0.067708 0.505208
vn 0.000000 -1.000000 -0.000000
v -2.666667 94.000000 -150.000000
vt 0.067708 0.601562
vn 0.000000 -1.000000 -0.000000
v 0.000000 94.000000 -125.333336
vt 0.078125 0.505208
vn 0.000000 -1.000000 -0.000000
v 0.000000 94.000000 -150.000000
vt 0.078125 0.601562
vn 0.000000 -1.000000 -0.000000
v 0.000000 94.000000 -124.000000
vt 0.078125 0.500000
vn 0.000000 -0.707107 0.707107
v -4.000000 94.000000 -124.000000
vt 0.062500 0.875000
vn -0.577350 -0.577350 0.577350
v -4.000000 118.000000 -124.000000
vt 0.062500 0.968750
vn -0.707107 0.000000 0.707107
v -2.666667 118.000000 -124.000000
vt 0.067708 0.968750
vn 0.000000 0.000000 1.000000
v -2.666667 95.333336 -124.000000
vt 0.067708 0.880208
vn 0.000000 0.000000 1.000000
v 0.000000 94.000000 -124.000000
vt 0.078125 0.875000
vn 0.000000 -0.707107 0.707107
v 0.000000 95.333336 -124.000000
vt 0.078125 0.880208
vn 0.000000 0.000000 1.000000
v 0.000000 118.000000 -124.000000
vt 0.078125 0.968750
vn 0.000000 0.000000 1.000000
f 281/281/281 283/283/283 282/282/282
f 281/281/281 284/284/284 283/283/283
f 286/286/286 282/282/282 287/287/287
f 286/286/286 281/281/281 282/282/282
f 285/285/285 281/281/281 286/286/286
f 285/285/285 284/284/284 281/281/281
f 296/296/296 293/293/293 295/295/295
f 296/296/296 291/291/291 293/293/293
f 296/296/296 290/290/290 291/291/291
f 294/294/294 293/293/293 292/292/292
f 294/294/294 295/295/295 293/293/293
f 292/292/292 291/291/291 288/288/288
f 292/292/292 293/293/293 291/291/291
f 288/288/288 290/290/290 289/289/289
f 288/288/288 291/291/291 290/290/290
f 303/303/303 300/300/300 302/302/302
f 303/303/303 299/299/299 300/300/300
f 297/297/297 299/299/299 298/298/298
f 297/297/297 300/300/300 299/299/299
f 301/301/301 300/300/300 297/297/297
f 301/301/301 302/302/302 300/300/300
f 308/308/308 307/307/307 311/311/311
f 308/308/308 306/306/306 307/307/307
f 304/304/304 306/306/306 305/305/305
f 304/304/304 307/307/307 306/306/306
f 321/321/321 317/317/317 319/319/319
f 321/321/321 316/316/316 317/317/317
f 321/321/321 322/322/322 316/316/316
f 318/318/318 317/317/317 314/314/314
f 318/318/318 319/319/319 317/317/317
f 314/314/314 316/316/316 315/315/315
f 314/314/314 317/317/317 316/316/316
f 320/320/320 319/319/319 318/318/318
f 320/320/320 321/321/321 319/319/319
f 306/306/306 309/309/309 310/310/310
f 306/306/306 308/308/308 309/309/309
f 312/312/312 310/310/310 313/313/313
f 312/312/312 306/306/306 310/310/310
f 326/326/326 327/327/327 325/325/325
f 326/326/326 328/328/328 327/327/327
f 324/324/324 327/327/327 329/329/329
f 324/324/324 325/325/325 327/327/327
f 323/323/323 325/325/325 324/324/324
f 323/323/323 326/326/326 325/325/325
f 336/336/336 333/333/333 335/335/335
f 336/336/336 332/332/332 333/333/333
f 334/334/334 333/333/333 330/330/330
f 334/334/334 335/335/335 333/333/333
f 330/330/330 332/332/332 331/331/331
f 330/330/330 333/333/333 332/332/332
g mat0m0s6
usemtl textures/concrete/concretebunker0068
v -4.000000 118.000000 156.000000
vt 1.062500 0.968750
vn -1.000000 0.000000 -0.000000
v -4.000000 96.000000 156.000000
vt 1.062500 0.882812
vn -1.000000 0.000000 -0.000000
v -4.000000 96.000000 150.000000
vt 1.039062 0.882812
vn -1.000000 0.000000 -0.000000
v -4.000000 96.000000 126.000000
vt 0.945312 0.882812
vn -1.000000 0.000000 -0.000000
v -4.000000 118.000000 126.000000
vt 0.945312 0.968750
vn -1.000000 0.000000 -0.000000
v -4.000000 94.000000 124.000000
vt 0.937500 0.875000
vn -0.577350 -0.577350 -0.577350
v -4.000000 94.000000 150.000000
vt 1.039062 0.875000
vn -0.447214 -0.894427 -0.000000
v -4.000000 118.000000 124.000000
vt 0.937500 0.968750
vn -0.707107 0.000000 -0.707107
v -4.000000 94.000000 156.000000
vt 1.062500 0.875000
vn -0.577350 -0.577350 -0.577350
v -34.000000 118.000000 156.000000
vt 0.507812 0.968750
vn 0.000000 0.000000 -1.000000
v -4.000000 96.000000 156.000000
vt 0.625000 0.882812
vn 0.000000 0.000000 -1.000000
v -4.000000 118.000000 156.000000
vt 0.625000 0.968750
vn 0.000000 0.000000 -1.000000
v -10.000000 96.000000 156.000000
vt 0.601562 0.882812
vn 0.000000 0.000000 -1.000000
v -10.000000 94.000000 156.000000
vt 0.601562 0.875000
vn 0.000000 -0.894427 -0.447214
v -36.000000 94.000000 156.000000
vt 0.500000 0.875000
vn -0.577350 -0.577350 -0.577350
v -34.000000 96.000000 156.000000
vt 0.507812 0.882812
vn 0.000000 0.000000 -1.000000
v -36.000000 118.000000 156.000000
vt 0.500000 0.968750
vn -0.707107 0.000000 -0.707107
v -4.000000 94.000000 156.000000
vt 0.625000 0.875000
vn -0.577350 -0.577350 -0.577350
v -4.000000 94.000000 124.000000
vt 0.937500 0.625000
vn -0.577350 -0.577350 -0.577350
v -4.000000 94.000000 150.000000
vt 1.039062 0.625000
vn -0.707107 -0.707107 -0.000000
v -2.666667 94.000000 150.000000
vt 1.039062 0.630208
vn 0.000000 -1.000000 -0.000000
v -2.666667 94.000000 125.333336
vt 0.942708 0.630208
vn 0.000000 -1.000000 -0.000000
v 0.000000 94.000000 124.000000
vt 0.937500 0.640625
vn 0.000000 -0.707107 -0.707107
v 0.000000 94.000000 125.333336
vt 0.942708 0.640625
vn 0.000000 -1.000000 -0.000000
v 0.000000 94.000000 150.000000
vt 1.039062 0.640625
vn 0.000000 -1.000000 -0.000000
v -4.000000 94.000000 124.000000
vt 0.625000 0.875000
vn -0.577350 -0.577350 -0.577350
v 0.000000 94.000000 124.000000
vt 0.640625 0.875000
vn 0.000000 -0.707107 -0.707107
v 0.000000 95.333336 124.000000
vt 0.640625 0.880208
vn 0.000000 0.000000 -1.000000
v -2.666667 95.333336 124.000000
vt 0.630208 0.880208
vn 0.000000 0.000000 -1.000000
v -4.000000 118.000000 124.000000
vt 0.625000 0.968750
vn -0.707107 0.000000 -0.707107
v -2.666667 118.000000 124.000000
vt 0.630208 0.968750
vn 0.000000 0.000000 -1.000000
v 0.000000 118.000000 124.000000
vt 0.640625 0.968750
vn 0.000000 0.000000 -1.000000
v -4.000000 94.000000 150.000000
vt 0.039062 0.625000
vn -0.707107 -0.707107 -0.000000
v -4.000000 94.000000 156.000000
vt 0.062500 0.625000
vn -0.707107 -0.707107 -0.000000
v -3.057191 94.000000 156.942810
vt 0.066183 0.628683
vn 0.000000 -1.000000 -0.000000
v -3.057191 94.000000 150.000000
vt 0.039062 0.628683
vn 0.000000 -1.000000 -0.000000
v 0.000000 94.000000 160.000000
vt 0.078125 0.640625
vn 0.000000 -1.000000 -0.000000
v 0.000000 94.000000 150.000000
vt 0.039062 0.640625
vn 0.000000 -1.000000 -0.000000
v -10.000000 94.000000 160.000000
vt 0.078125 0.601562
vn 0.000000 -1.000000 -0.000000
v -10.000000 94.000000 156.942810
vt 0.066183 0.601562
vn 0.000000 -1.000000 -0.000000
v -4.000000 94.000000 156.000000
vt 0.062500 0.625000
vn 0.000000 -0.707107 -0.707107
v -10.000000 94.000000 156.000000
vt 0.062500 0.601562
vn 0.000000 -0.707107 -0.707107
v -10.000000 94.000000 156.000000
vt 0.062500 0.601562
vn 0.000000 -0.707107 -0.707107
v -36.000000 94.000000 156.000000
vt 0.062500 0.500000
vn -0.577350 -0.577350 -0.577350
v -34.666668 94.000000 157.333328
vt 0.067708 0.505208
vn 0.000000 -1.000000 -0.000000
v -10.000000 94.000000 157.333328
vt 0.067708 0.601562
vn 0.000000 -1.000000 -0.000000
v -34.666668 94.000000 160.000000
vt 0.078125 0.505208
vn 0.000000 -1.000000 -0.000000
v -10.000000 94.000000 160.000000
vt 0.078125 0.601562
vn 0.000000 -1.000000 -0.000000
v -36.000000 94.000000 160.000000
vt 0.078125 0.500000
vn -0.707107 -0.707107 -0.000000
v -36.000000 94.000000 156.000000
vt 0.062500 0.875000
vn -0.577350 -0.577350 -0.577350
v -36.000000 118.000000 156.000000
vt 0.062500 0.968750
vn -0.707107 0.000000 -0.707107
v -36.000000 118.000000 157.333328
vt 0.067708 0.968750
vn -1.000000 0.000000 -0.000000
v -36.000000 95.333336 157.333328
vt 0.067708 0.880208
vn -1.000000 0.000000 -0.000000
v -36.000000 94.000000 160.000000
vt 0.078125 0.875000
vn -0.707107 -0.707107 -0.000000
v -36.000000 95.333336 160.000000
vt 0.078125 0.880208
vn -1.000000 0.000000 -0.000000
v -36.000000 118.000000 160.000000
vt 0.078125 0.968750
vn -1.000000 0.000000 -0.000000
f 337/337/337 339/339/339 338/338/338
f 337/337/337 340/340/340 339/339/339
f 337/337/337 341/341/341 340/340/340
f 345/345/345 339/339/339 343/343/343
f 345/345/345 338/338/338 339/339/339
f 343/343/343 340/340/340 342/342/342
f 343/343/343 339/339/339 340/340/340
f 342/342/342 341/341/341 344/344/344
f 342/342/342 340/340/340 341/341/341
f 365/365/365 368/368/368 364/364/364
f 365/365/365 367/367/367 368/368/368
f 362/362/362 364/364/364 363/363/363
f 362/362/362 365/365/365 364/364/364
f 366/366/366 365/365/365 362/362/362
f 366/366/366 367/367/367 365/365/365
f 346/346/346 349/349/349 352/352/352
f 346/346/346 347/347/347 349/349/349
f 346/346/346 348/348/348 347/347/347
f 350/350/350 347/347/347 354/354/354
f 350/350/350 349/349/349 347/347/347
f 351/351/351 349/349/349 350/350/350
f 351/351/351 352/352/352 349/349/349
f 353/353/353 352/352/352 351/351/351
f 353/353/353 346/346/346 352/352/352
f 358/358/358 361/361/361 357/357/357
f 358/358/358 360/360/360 361/361/361
f 359/359/359 358/358/358 355/355/355
f 359/359/359 360/360/360 358/358/358
f 355/355/355 357/357/357 356/356/356
f 355/355/355 358/358/358 357/357/357
f 372/372/372 373/373/373 371/371/371
f 372/372/372 374/374/374 373/373/373
f 369/369/369 371/371/371 370/370/370
f 369/369/369 372/372/372 371/371/371
f 382/382/382 383/383/383 381/381/381
f 382/382/382 384/384/384 383/383/383
f 379/379/379 381/381/381 380/380/380
f 379/379/379 382/382/382 381/381/381
f 380/380/380 383/383/383 385/385/385
f 380/380/380 381/381/381 383/383/383
f 371/371/371 375/375/375 376/376/376
f 371/371/371 373/373/373 375/375/375
f 377/377/377 376/376/376 378/378/378
f 377/377/377 371/371/371 376/376/376
f 392/392/392 389/389/389 391/391/391
f 392/392/392 388/388/388 389/389/389
f 390/390/390 389/389/389 386/386/386
f 390/390/390 391/391/391 389/389/389
f 386/386/386 388/388/388 387/387/387
f 386/386/386 389/389/389 388/388/388
g mat0m0s7
usemtl textures/concrete/concretebunker0068
v -4.000000 90.000000 -110.000000
vt 0.445312 0.796875
vn -1.000000 0.000000 -0.000000
v -4.000000 68.000000 -110.000000
vt 0.445312 0.710938
vn -1.000000 0.000000 -0.000000
v -4.000000 68.000000 -150.000000
vt 0.601562 0.710938
vn -1.000000 0.000000 -0.000000
v -4.000000 68.000000 -156.000000
vt 0.625000 0.710938
vn -1.000000 0.000000 -0.000000
v -4.000000 90.000000 -156.000000
vt 0.625000 0.796875
vn -1.000000 0.000000 -0.000000
v -4.000000 66.000000 -150.000000
vt 0.601562 0.703125
vn -0.447214 -0.894427 -0.000000
v -4.000000 66.000000 -108.000000
vt 0.437500 0.703125
vn -0.577350 -0.577350 0.577350
v -4.000000 66.000000 -156.000000
vt 0.625000 0.703125
vn -0.577350 -0.577350 0.577350
v -4.000000 90.000000 -108.000000
vt 0.437500 0.796875
vn -0.707107 0.000000 0.707107
v -4.000000 90.000000 -156.000000
vt 1.062500 0.796875
vn 0.000000 0.000000 1.000000
v -4.000000 68.000000 -156.000000
vt 1.062500 0.710938
vn 0.000000 0.000000 1.000000
v -10.000000 68.000000 -156.000000
vt 1.039062 0.710938
vn 0.000000 0.000000 1.000000
v -50.000000 68.000000 -156.000000
vt 0.882812 0.710938
vn 0.000000 0.000000 1.000000
v -50.000000 90.000000 -156.000000
vt 0.882812 0.796875
vn 0.000000 0.000000 1.000000
v -52.000000 66.000000 -156.000000
vt 0.875000 0.703125
vn -0.577350 -0.577350 0.577350
v -10.000000 66.000000 -156.000000
vt 1.039062 0.703125
vn 0.000000 -0.894427 0.447214
v -52.000000 90.000000 -156.000000
vt 0.875000 0.796875
vn -0.707107 0.000000 0.707107
v -4.000000 66.000000 -156.000000
vt 1.062500 0.703125
vn -0.577350 -0.577350 0.577350
v -52.000000 66.000000 -156.000000
vt 0.875000 0.625000
vn -0.577350 -0.577350 0.577350
v -10.000000 66.000000 -156.000000
vt 1.039062 0.625000
vn 0.000000 -0.707107 0.707107
v -10.000000 66.000000 -157.333328
vt 1.039062 0.630208
vn 0.000000 -1.000000 -0.000000
v -50.666668 66.000000 -157.333328
vt 0.880208 0.630208
vn 0.000000 -1.000000 -0.000000
v -52.000000 66.000000 -160.000000
vt 0.875000 0.640625
vn -0.707107 -0.707107 -0.000000
v -50.666668 66.000000 -160.000000
vt 0.880208 0.640625
vn 0.000000 -1.000000 -0.000000
v -10.000000 66.000000 -160.000000
vt 1.039062 0.640625
vn 0.000000 -1.000000 -0.000000
v -52.000000 66.000000 -156.000000
vt 0.625000 0.703125
vn -0.577350 -0.577350 0.577350
v -52.000000 66.000000 -160.000000
vt 0.640625 0.703125
vn -0.707107 -0.707107 -0.000000
v -52.000000 67.333336 -160.000000
vt 0.640625 0.708333
vn -1.000000 0.000000 -0.000000
v -52.000000 67.333336 -157.333328
vt 0.630208 0.708333
vn -1.000000 0.000000 -0.000000
v -52.000000 90.000000 -156.000000
vt 0.625000 0.796875
vn -0.707107 0.000000 0.707107
v -52.000000 90.000000 -157.333328
vt 0.630208 0.796875
vn -1.000000 0.000000 -0.000000
v -52.000000 90.000000 -160.000000
vt 0.640625 0.796875
vn -1.000000 0.000000 -0.000000
v -10.000000 66.000000 -156.000000
vt 0.039062 0.625000
vn 0.000000 -0.707107 0.707107
v -4.000000 66.000000 -156.000000
vt 0.062500 0.625000
vn 0.000000 -0.707107 0.707107
v -3.057191 66.000000 -156.942810
vt 0.066183 0.628683
vn 0.000000 -1.000000 -0.000000
v -10.000000 66.000000 -156.942810
vt 0.039062 0.628683
vn 0.000000 -1.000000 -0.000000
v 0.000000 66.000000 -160.000000
vt 0.078125 0.640625
vn 0.000000 -1.000000 -0.000000
v 0.000000 66.000000 -150.000000
vt 0.078125 0.601562
vn 0.000000 -1.000000 -0.000000
v -3.057191 66.000000 -150.000000
vt 0.066183 0.601562
vn 0.000000 -1.000000 -0.000000
v -10.000000 66.000000 -160.000000
vt 0.039062 0.640625
vn 0.000000 -1.000000 -0.000000
v -4.000000 66.000000 -156.000000
vt 0.062500 0.625000
vn -0.707107 -0.707107 -0.000000
v -4.000000 66.000000 -150.000000
vt 0.062500 0.601562
vn -0.707107 -0.707107 -0.000000
v -4.000000 66.000000 -150.000000
vt 0.062500 0.601562
vn -0.707107 -0.707107 -0.000000
v -4.000000 66.000000 -108.000000
vt 0.062500 0.437500
vn -0.577350 -0.577350 0.577350
v -2.666667 66.000000 -109.333336
vt 0.067708 0.442708
vn 0.000000 -1.000000 -0.000000
v -2.666667 66.000000 -150.000000
vt 0.067708 0.601562
vn 0.000000 -1.000000 -0.000000
v 0.000000 66.000000 -109.333336
vt 0.078125 0.442708
vn 0.000000 -1.000000 -0.000000
v 0.000000 66.000000 -150.000000
vt 0.078125 0.601562
vn 0.000000 -1.000000 -0.000000
v 0.000000 66.000000 -108.000000
vt 0.078125 0.437500
vn 0.000000 -0.707107 0.707107
v 0.000000 66.000000 -108.000000
vt 0.078125 0.703125
vn 0.000000 -0.707107 0.707107
v -4.000000 66.000000 -108.000000
vt 0.062500 0.703125
vn -0.577350 -0.577350 0.577350
v -2.666667 67.333336 -108.000000
vt 0.067708 0.708333
vn 0.000000 0.000000 1.000000
v 0.000000 67.333336 -108.000000
vt 0.078125 0.708333
vn 0.000000 0.000000 1.000000
v 0.000000 90.000000 -108.000000
vt 0.078125 0.796875
vn 0.000000 0.000000 1.000000
v -2.666667 90.000000 -108.000000
vt 0.067708 0.796875
vn 0.000000 0.000000 1.000000
v -4.000000 90.000000 -108.000000
vt 0.062500 0.796875
vn -0.707107 0.000000 0.707107
f 393/393/393 395/395/395 394/394/394
f 393/393/393 396/396/396 395/395/395
f 393/393/393 397/397/397 396/396/396
f 399/399/399 395/395/395 398/398/398
f 399/399/399 394/394/394 395/395/395
f 398/398/398 396/396/396 400/400/400
f 398/398/398 395/395/395 396/396/396
f 401/401/401 394/394/394 399/399/399
f 401/401/401 393/393/393 394/394/394
f 446/446/446 444/444/444 445/445/445
f 446/446/446 447/447/447 444/444/444
f 442/442/442 444/444/444 443/443/443
f 442/442/442 445/445/445 444/444/444
f 443/443/443 447/447/447 448/448/448
f 443/443/443 444/444/444 447/447/447
f 402/402/402 404/404/404 403/403/403
f 402/402/402 405/405/405 404/404/404
f 402/402/402 406/406/406 405/405/405
f 410/410/410 404/404/404 408/408/408
f 410/410/410 403/403/403 404/404/404
f 408/408/408 405/405/405 407/407/407
f 408/408/408 404/404/404 405/405/405
f 407/407/407 406/406/406 409/409/409
f 407/407/407 405/405/405 406/406/406
f 427/427/427 430/430/430 431/431/431
f 427/427/427 429/429/429 430/430/430
f 433/433/433 431/431/431 434/434/434
f 433/433/433 427/427/427 431/431/431
f 438/438/438 439/439/439 437/437/437
f 438/438/438 440/440/440 439/439/439
f 436/436/436 439/439/439 441/441/441
f 436/436/436 437/437/437 439/439/439
f 435/435/435 437/437/437 436/436/436
f 435/435/435 438/438/438 437/437/437
f 417/417/417 414/414/414 416/416/416
f 417/417/417 413/413/413 414/414/414
f 411/411/411 413/413/413 412/412/412
f 411/411/411 414/414/414 413/413/413
f 415/415/415 414/414/414 411/411/411
f 415/415/415 416/416/416 414/414/414
f 429/429/429 428/428/428 432/432/432
f 429/429/429 427/427/427 428/428/428
f 425/425/425 427/427/427 426/426/426
f 425/425/425 428/428/428 427/427/427
f 421/421/421 424/424/424 420/420/420
f 421/421/421 423/423/423 424/424/424
f 418/418/418 420/420/420 419/419/419
f 418/418/418 421/421/421 420/420/420
f 422/422/422 421/421/421 418/418/418
f 422/422/422 423/423/423 421/421/421
g mat0m0s8
usemtl textures/concrete/concretebunker0068
v -4.000000 34.000000 -110.000000
vt 0.445312 0.796875
vn -1.000000 0.000000 -0.000000
v -4.000000 12.000000 -110.000000
vt 0.445312 0.710938
vn -1.000000 0.000000 -0.000000
v -4.000000 12.000000 -150.000000
vt 0.601562 0.710938
vn -1.000000 0.000000 -0.000000
v -4.000000 12.000000 -156.000000
vt 0.625000 0.710938
vn -1.000000 0.000000 -0.000000
v -4.000000 34.000000 -156.000000
vt 0.625000 0.796875
vn -1.000000 0.000000 -0.000000
v -4.000000 10.000000 -150.000000
vt 0.601562 0.703125
vn -0.447214 -0.894427 -0.000000
v -4.000000 10.000000 -108.000000
vt 0.437500 0.703125
vn -0.577350 -0.577350 0.577350
v -4.000000 10.000000 -156.000000
vt 0.625000 0.703125
vn -0.577350 -0.577350 0.577350
v -4.000000 34.000000 -108.000000
vt 0.437500 0.796875
vn -0.707107 0.000000 0.707107
v -4.000000 34.000000 -156.000000
vt 1.062500 0.796875
vn 0.000000 0.000000 1.000000
v -4.000000 12.000000 -156.000000
vt 1.062500 0.710938
vn 0.000000 0.000000 1.000000
v -10.000000 12.000000 -156.000000
vt 1.039062 0.710938
vn 0.000000 0.000000 1.000000
v -50.000000 12.000000 -156.000000
vt 0.882812 0.710938
vn 0.000000 0.000000 1.000000
v -50.000000 34.000000 -156.000000
vt 0.882812 0.796875
vn 0.000000 0.000000 1.000000
v -52.000000 10.000000 -156.000000
vt 0.875000 0.703125
vn -0.577350 -0.577350 0.577350
v -10.000000 10.000000 -156.000000
vt 1.039062 0.703125
vn 0.000000 -0.894427 0.447214
v -52.000000 34.000000 -156.000000
vt 0.875000 0.796875
vn -0.707107 0.000000 0.707107
v -4.000000 10.000000 -156.000000
vt 1.062500 0.703125
vn -0.577350 -0.577350 0.577350
v -52.000000 10.000000 -156.000000
vt 0.875000 0.625000
vn -0.577350 -0.577350 0.577350
v -10.000000 10.000000 -156.000000
vt 1.039062 0.625000
vn 0.000000 -0.707107 0.707107
v -10.000000 10.000000 -157.333328
vt 1.039062 0.630208
vn 0.000000 -1.000000 -0.000000
v -50.666668 10.000000 -157.333328
vt 0.880208 0.630208
vn 0.000000 -1.000000 -0.000000
v -52.000000 10.000000 -160.000000
vt 0.875000 0.640625
vn -0.707107 -0.707107 -0.000000
v -50.666668 10.000000 -160.000000
vt 0.880208 0.640625
vn 0.000000 -1.000000 -0.000000
v -10.000000 10.000000 -160.000000
vt 1.039062 0.640625
vn 0.000000 -1.000000 -0.000000
v -52.000000 10.000000 -156.000000
vt 0.625000 0.703125
vn -0.577350 -0.577350 0.577350
v -52.000000 10.000000 -160.000000
vt 0.640625 0.703125
vn -0.707107 -0.707107 -0.000000
v -52.000000 11.333333 -160.000000
vt 0.640625 0.708333
vn -1.000000 0.000000 -0.000000
v -52.000000 11.333332 -157.333328
vt 0.630208 0.708333
vn -1.000000 0.000000 -0.000000
v -52.000000 34.000000 -156.000000
vt 0.625000 0.796875
vn -0.707107 0.000000 0.707107
v -52.000000 34.000000 -157.333328
vt 0.630208 0.796875
vn -1.000000 0.000000 -0.000000
v -52.000000 34.000000 -160.000000
vt 0.640625 0.796875
vn -1.000000 0.000000 -0.000000
v -10.000000 10.000000 -156.000000
vt 0.039062 0.625000
vn 0.000000 -0.707107 0.707107
v -4.000000 10.000000 -156.000000
vt 0.062500 0.625000
vn 0.000000 -0.707107 0.707107
v -3.057191 10.000000 -156.942810
vt 0.066183 0.628683
vn 0.000000 -1.000000 -0.000000
v -10.000000 10.000000 -156.942810
vt 0.039062 0.628683
vn 0.000000 -1.000000 -0.000000
v 0.000000 10.000000 -160.000000
vt 0.078125 0.640625
vn 0.000000 -1.000000 -0.000000
v 0.000000 10.000000 -150.000000
vt 0.078125 0.601562
vn 0.000000 -1.000000 -0.000000
v -3.057191 10.000000 -150.000000
vt 0.066183 0.601562
vn 0.000000 -1.000000 -0.000000
v -10.000000 10.000000 -160.000000
vt 0.039062 0.640625
vn 0.000000 -1.000000 -0.000000
v -4.000000 10.000000 -156.000000
vt 0.062500 0.625000
vn -0.707107 -0.707107 -0.000000
v -4.000000 10.000000 -150.000000
vt 0.062500 0.601562
vn -0.707107 -0.707107 -0.000000
v -4.000000 10.000000 -150.000000
vt 0.062500 0.601562
vn -0.707107 -0.707107 -0.000000
v -4.000000 10.000000 -108.000000
vt 0.062500 0.437500
vn -0.577350 -0.577350 0.577350
v -2.666667 10.000000 -109.333336
vt 0.067708 0.442708
vn 0.000000 -1.000000 -0.000000
v -2.666667 10.000000 -150.000000
vt 0.067708 0.601562
vn 0.000000 -1.000000 -0.000000
v 0.000000 10.000000 -109.333336
vt 0.078125 0.442708
vn 0.000000 -1.000000 -0.000000
v 0.000000 10.000000 -150.000000
vt 0.078125 0.601562
vn 0.000000 -1.000000 -0.000000
v 0.000000 10.000000 -108.000000
vt 0.078125 0.437500
vn 0.000000 -0.707107 0.707107
v 0.000000 10.000000 -108.000000
vt 0.078125 0.703125
vn 0.000000 -0.707107 0.707107
v -4.000000 10.000000 -108.000000
vt 0.062500 0.703125
vn -0.577350 -0.577350 0.577350
v -2.666667 11.333333 -108.000000
vt 0.067708 0.708333
vn 0.000000 0.000000 1.000000
v 0.000000 11.333332 -108.000000
vt 0.078125 0.708333
vn 0.000000 0.000000 1.000000
v 0.000000 34.000000 -108.000000
vt 0.078125 0.796875
vn 0.000000 0.000000 1.000000
v -2.666667 34.000000 -108.000000
vt 0.067708 0.796875
vn 0.000000 0.000000 1.000000
v -4.000000 34.000000 -108.000000
vt 0.062500 0.796875
vn -0.707107 0.000000 0.707107
f 449/449/449 451/451/451 450/450/450
f 449/449/449 452/452/452 451/451/451
f 449/449/449 453/453/453 452/452/452
f 455/455/455 451/451/451 454/454/454
f 455/455/455 450/450/450 451/451/451
f 454/454/454 452/452/452 456/456/456
f 454/454/454 451/451/451 452/452/452
f 457/457/457 450/450/450 455/455/455
f 457/457/457 449/449/449 450/450/450
f 502/502/502 500/500/500 501/501/501
f 502/502/502 503/503/503 500/500/500
f 498/498/498 500/500/500 499/499/499
f 498/498/498 501/501/501 500/500/500
f 499/499/499 503/503/503 504/504/504
f 499/499/499 500/500/500 503/503/503
f 458/458/458 460/460/460 459/459/459
f 458/458/458 461/461/461 460/460/460
f 458/458/458 462/462/462 461/461/461
f 466/466/466 460/460/460 464/464/464
f 466/466/466 459/459/459 460/460/460
f 464/464/464 461/461/461 463/463/463
f 464/464/464 460/460/460 461/461/461
f 463/463/463 462/462/462 465/465/465
f 463/463/463 461/461/461 462/462/462
f 483/483/483 486/486/486 487/487/487
f 483/483/483 485/485/485 486/486/486
f 489/489/489 487/487/487 490/490/490
f 489/489/489 483/483/483 487/487/487
f 494/494/494 495/495/495 493/493/493
f 494/494/494 496/496/496 495/495/495
f 492/492/492 495/495/495 497/497/497
f 492/492/492 493/493/493 495/495/495
f 491/491/491 493/493/493 492/492/492
f 491/491/491 494/494/494 493/493/493
f 473/473/473 470/470/470 472/472/472
f 473/473/473 469/469/469 470/470/470
f 467/467/467 469/469/469 468/468/468
f 467/467/467 470/470/470 469/469/469
f 471/471/471 470/470/470 467/467/467
f 471/471/471 472/472/472 470/470/470
f 485/485/485 484/484/484 488/488/488
f 485/485/485 483/483/483 484/484/484
f 481/481/481 483/483/483 482/482/482
f 481/481/481 484/484/484 483/483/483
f 477/477/477 480/480/480 476/476/476
f 477/477/477 479/479/479 480/480/480
f 474/474/474 476/476/476 475/475/475
f 474/474/474 477/477/477 476/476/476
f 478/478/478 477/477/477 474/474/474
f 478/478/478 479/479/479 477/477/477
g mat0m0s9
usemtl textures/concrete/concretebunker0068
v -4.000000 34.000000 156.000000
vt 1.062500 0.796875
vn -1.000000 0.000000 -0.000000
v -4.000000 12.000000 156.000000
vt 1.062500 0.710938
vn -1.000000 0.000000 -0.000000
v -4.000000 12.000000 150.000000
vt 1.039062 0.710938
vn -1.000000 0.000000 -0.000000
v -4.000000 12.000000 110.000000
vt 0.882812 0.710938
vn -1.000000 0.000000 -0.000000
v -4.000000 34.000000 110.000000
vt 0.882812 0.796875
vn -1.000000 0.000000 -0.000000
v -4.000000 10.000000 108.000000
vt 0.875000 0.703125
vn -0.577350 -0.577350 -0.577350
v -4.000000 10.000000 150.000000
vt 1.039062 0.703125
vn -0.447214 -0.894427 -0.000000
v -4.000000 34.000000 108.000000
vt 0.875000 0.796875
vn -0.707107 0.000000 -0.707107
v -4.000000 10.000000 156.000000
vt 1.062500 0.703125
vn -0.577350 -0.577350 -0.577350
v -50.000000 34.000000 156.000000
vt 0.445312 0.796875
vn 0.000000 0.000000 -1.000000
v -4.000000 12.000000 156.000000
vt 0.625000 0.710938
vn 0.000000 0.000000 -1.000000
v -4.000000 34.000000 156.000000
vt 0.625000 0.796875
vn 0.000000 0.000000 -1.000000
v -10.000000 12.000000 156.000000
vt 0.601562 0.710938
vn 0.000000 0.000000 -1.000000
v -10.000000 10.000000 156.000000
vt 0.601562 0.703125
vn 0.000000 -0.894427 -0.447214
v -52.000000 10.000000 156.000000
vt 0.437500 0.703125
vn -0.577350 -0.577350 -0.577350
v -50.000000 12.000000 156.000000
vt 0.445312 0.710938
vn 0.000000 0.000000 -1.000000
v -52.000000 34.000000 156.000000
vt 0.437500 0.796875
vn -0.707107 0.000000 -0.707107
v -4.000000 10.000000 156.000000
vt 0.625000 0.703125
vn -0.577350 -0.577350 -0.577350
v -4.000000 10.000000 108.000000
vt 0.875000 0.625000
vn -0.577350 -0.577350 -0.577350
v -4.000000 10.000000 150.000000
vt 1.039062 0.625000
vn -0.707107 -0.707107 -0.000000
v -2.666667 10.000000 150.000000
vt 1.039062 0.630208
vn 0.000000 -1.000000 -0.000000
v -2.666667 10.000000 109.333336
vt 0.880208 0.630208
vn 0.000000 -1.000000 -0.000000
v 0.000000 10.000000 108.000000
vt 0.875000 0.640625
vn 0.000000 -0.707107 -0.707107
v 0.000000 10.000000 109.333336
vt 0.880208 0.640625
vn 0.000000 -1.000000 -0.000000
v 0.000000 10.000000 150.000000
vt 1.039062 0.640625
vn 0.000000 -1.000000 -0.000000
v -4.000000 10.000000 108.000000
vt 0.625000 0.703125
vn -0.577350 -0.577350 -0.577350
v 0.000000 10.000000 108.000000
vt 0.640625 0.703125
vn 0.000000 -0.707107 -0.707107
v 0.000000 11.333333 108.000000
vt 0.640625 0.708333
vn 0.000000 0.000000 -1.000000
v -2.666667 11.333332 108.000000
vt 0.630208 0.708333
vn 0.000000 0.000000 -1.000000
v -4.000000 34.000000 108.000000
vt 0.625000 0.796875
vn -0.707107 0.000000 -0.707107
v -2.666667 34.000000 108.000000
vt 0.630208 0.796875
vn 0.000000 0.000000 -1.000000
v 0.000000 34.000000 108.000000
vt 0.640625 0.796875
vn 0.000000 0.000000 -1.000000
v -4.000000 10.000000 150.000000
vt 0.039062 0.625000
vn -0.707107 -0.707107 -0.000000
v -4.000000 10.000000 156.000000
vt 0.062500 0.625000
vn -0.707107 -0.707107 -0.000000
v -3.057191 10.000000 156.942810
vt 0.066183 0.628683
vn 0.000000 -1.000000 -0.000000
v -3.057191 10.000000 150.000000
vt 0.039062 0.628683
vn 0.000000 -1.000000 -0.000000
v 0.000000 10.000000 160.000000
vt 0.078125 0.640625
vn 0.000000 -1.000000 -0.000000
v 0.000000 10.000000 150.000000
vt 0.039062 0.640625
vn 0.000000 -1.000000 -0.000000
v -10.000000 10.000000 160.000000
vt 0.078125 0.601562
vn 0.000000 -1.000000 -0.000000
v -10.000000 10.000000 156.942810
vt 0.066183 0.601562
vn 0.000000 -1.000000 -0.000000
v -4.000000 10.000000 156.000000
vt 0.062500 0.625000
vn 0.000000 -0.707107 -0.707107
v -10.000000 10.000000 156.000000
vt 0.062500 0.601562
vn 0.000000 -0.707107 -0.707107
v -10.000000 10.000000 156.000000
vt 0.062500 0.601562
vn 0.000000 -0.707107 -0.707107
v -52.000000 10.000000 156.000000
vt 0.062500 0.437500
vn -0.577350 -0.577350 -0.577350
v -50.666668 10.000000 157.333328
vt 0.067708 0.442708
vn 0.000000 -1.000000 -0.000000
v -10.000000 10.000000 157.333328
vt 0.067708 0.601562
vn 0.000000 -1.000000 -0.000000
v -50.666668 10.000000 160.000000
vt 0.078125 0.442708
vn 0.000000 -1.000000 -0.000000
v -10.000000 10.000000 160.000000
vt 0.078125 0.601562
vn 0.000000 -1.000000 -0.000000
v -52.000000 10.000000 160.000000
vt 0.078125 0.437500
vn -0.707107 -0.707107 -0.000000
v -52.000000 10.000000 156.000000
vt 0.062500 0.703125
vn -0.577350 -0.577350 -0.577350
v -52.000000 34.000000 156.000000
vt 0.062500 0.796875
vn -0.707107 0.000000 -0.707107
v -52.000000 34.000000 157.333328
vt 0.067708 0.796875
vn -1.000000 0.000000 -0.000000
v -52.000000 11.333333 157.333328
vt 0.067708 0.708333
vn -1.000000 0.000000 -0.000000
v -52.000000 10.000000 160.000000
vt 0.078125 0.703125
vn -0.707107 -0.707107 -0.000000
v -52.000000 11.333332 160.000000
vt 0.078125 0.708333
vn -1.000000 0.000000 -0.000000
v -52.000000 34.000000 160.000000
vt 0.078125 0.796875
vn -1.000000 0.000000 -0.000000
f 505/505/505 507/507/507 506/506/506
f 505/505/505 508/508/508 507/507/507
f 505/505/505 509/509/509 508/508/508
f 513/513/513 507/507/507 511/511/511
f 513/513/513 506/506/506 507/507/507
f 511/511/511 508/508/508 510/510/510
f 511/511/511 507/507/507 508/508/508
f 510/510/510 509/509/509 512/512/512
f 510/510/510 508/508/508 509/509/509
f 533/533/533 536/536/536 532/532/532
f 533/533/533 535/535/535 536/536/536
f 530/530/530 532/532/532 531/531/531
f 530/530/530 533/533/533 532/532/532
f 534/534/534 533/533/533 530/530/530
f 534/534/534 535/535/535 533/533/533
f 514/514/514 517/517/517 520/520/520
f 514/514/514 515/515/515 517/517/517
f 514/514/514 516/516/516 515/515/515
f 518/518/518 515/515/515 522/522/522
f 518/518/518 517/517/517 515/515/515
f 519/519/519 517/517/517 518/518/518
f 519/519/519 520/520/520 517/517/517
f 521/521/521 520/520/520 519/519/519
f 521/521/521 514/514/514 520/520/520
f 526/526/526 529/529/529 525/525/525
f 526/526/526 528/528/528 529/529/529
f 527/527/527 526/526/526 523/523/523
f 527/527/527 528/528/528 526/526/526
f 523/523/523 525/525/525 524/524/524
f 523/523/523 526/526/526 525/525/525
f 540/540/540 541/541/541 539/539/539
f 540/540/540 542/542/542 541/541/541
f 537/537/537 539/539/539 538/538/538
f 537/537/537 540/540/540 539/539/539
f 550/550/550 551/551/551 549/549/549
f 550/550/550 552/552/552 551/551/551
f 547/547/547 549/549/549 548/548/548
f 547/547/547 550/550/550 549/549/549
f 548/548/548 551/551/551 553/553/553
f 548/548/548 549/549/549 551/551/551
f 539/539/539 543/543/543 544/544/544
f 539/539/539 541/541/541 543/543/543
f 545/545/545 544/544/544 546/546/546
f 545/545/545 539/539/539 544/544/544
f 560/560/560 557/557/557 559/559/559
f 560/560/560 556/556/556 557/557/557
f 558/558/558 557/557/557 554/554/554
f 558/558/558 559/559/559 557/557/557
f 554/554/554 556/556/556 555/555/555
f 554/554/554 557/557/557 556/556/556
g mat1m0s10
usemtl textures/exwsw/eX_surf_metalbrown
v -10.000000 38.000000 160.000000
vt 0.750000 0.609375
vn -1.000000 0.000000 -0.000000
v -10.000000 34.000000 160.000000
vt 0.750000 0.578125
vn -1.000000 0.000000 -0.000000
v -10.000000 34.000000 158.666672
vt 0.760417 0.578125
vn -1.000000 0.000000 -0.000000
v -10.000000 38.000000 158.666672
vt 0.760417 0.609375
vn -1.000000 0.000000 -0.000000
v -10.000000 34.000000 158.000000
vt 0.765625 0.578125
vn -0.707107 0.000000 -0.707107
v -10.000000 38.000000 158.000000
vt 0.765625 0.609375
vn -0.707107 0.000000 -0.707107
v -10.000000 38.000000 158.000000
vt 0.171875 0.609375
vn -0.707107 0.000000 -0.707107
v -10.000000 34.000000 158.000000
vt 0.171875 0.578125
vn -0.707107 0.000000 -0.707107
v -8.750000 34.000000 158.000000
vt 0.181641 0.578125
vn 0.000000 0.000000 -1.000000
v -8.750000 38.000000 158.000000
vt 0.181641 0.609375
vn 0.000000 0.000000 -1.000000
v -2.000000 34.000000 158.000000
vt 0.234375 0.578125
vn 0.000000 0.000000 -1.000000
v -2.000000 38.000000 158.000000
vt 0.234375 0.609375
vn 0.000000 0.000000 -1.000000
v -2.000000 38.000000 158.000000
vt 0.765625 0.234375
vn -1.000000 0.000000 -0.000000
v -2.000000 34.000000 158.000000
vt 0.765625 0.203125
vn -1.000000 0.000000 -0.000000
v -2.000000 34.000000 151.250000
vt 0.818359 0.203125
vn -1.000000 0.000000 -0.000000
v -2.000000 38.000000 151.250000
vt 0.818359 0.234375
vn -1.000000 0.000000 -0.000000
v -2.000000 34.000000 150.000000
vt 0.828125 0.203125
vn -0.707107 0.000000 -0.707107
v -2.000000 38.000000 150.000000
vt 0.828125 0.234375
vn -0.707107 0.000000 -0.707107
v -2.000000 38.000000 150.000000
vt 0.234375 0.609375
vn -0.707107 0.000000 -0.707107
v -2.000000 34.000000 150.000000
vt 0.234375 0.578125
vn -0.707107 0.000000 -0.707107
v -1.333333 34.000000 150.000000
vt 0.239583 0.578125
vn 0.000000 0.000000 -1.000000
v -1.333333 38.000000 150.000000
vt 0.239583 0.609375
vn 0.000000 0.000000 -1.000000
v 0.000000 34.000000 150.000000
vt 0.250000 0.578125
vn 0.000000 0.000000 -1.000000
v 0.000000 38.000000 150.000000
vt 0.250000 0.609375
vn 0.000000 0.000000 -1.000000
f 561/561/561 563/563/563 562/562/562
f 561/561/561 564/564/564 563/563/563
f 565/565/565 564/564/564 566/566/566
f 565/565/565 563/563/563 564/564/564
f 570/570/570 571/571/571 569/569/569
f 570/570/570 572/572/572 571/571/571
f 567/567/567 569/569/569 568/568/568
f 567/567/567 570/570/570 569/569/569
f 573/573/573 575/575/575 574/574/574
f 573/573/573 576/576/576 575/575/575
f 577/577/577 576/576/576 578/578/578
f 577/577/577 575/575/575 576/576/576
f 582/582/582 583/583/583 581/581/581
f 582/582/582 584/584/584 583/583/583
f 579/579/579 581/581/581 580/580/580
f 579/579/579 582/582/582 581/581/581
g mat1m0s11
usemtl textures/exwsw/eX_surf_metalbrown
v -10.000000 66.000000 160.000000
vt 0.750000 0.828125
vn -1.000000 0.000000 -0.000000
v -10.000000 62.000000 160.000000
vt 0.750000 0.796875
vn -1.000000 0.000000 -0.000000
v -10.000000 62.000000 158.666672
vt 0.760417 0.796875
vn -1.000000 0.000000 -0.000000
v -10.000000 66.000000 158.666672
vt 0.760417 0.828125
vn -1.000000 0.000000 -0.000000
v -10.000000 62.000000 158.000000
vt 0.765625 0.796875
vn -0.707107 0.000000 -0.707107
v -10.000000 66.000000 158.000000
vt 0.765625 0.828125
vn -0.707107 0.000000 -0.707107
v -10.000000 66.000000 158.000000
vt 0.171875 0.828125
vn -0.707107 0.000000 -0.707107
v -10.000000 62.000000 158.000000
vt 0.171875 0.796875
vn -0.707107 0.000000 -0.707107
v -8.750000 62.000000 158.000000
vt 0.181641 0.796875
vn 0.000000 0.000000 -1.000000
v -8.750000 66.000000 158.000000
vt 0.181641 0.828125
vn 0.000000 0.000000 -1.000000
v -2.000000 62.000000 158.000000
vt 0.234375 0.796875
vn 0.000000 0.000000 -1.000000
v -2.000000 66.000000 158.000000
vt 0.234375 0.828125
vn 0.000000 0.000000 -1.000000
v -2.000000 66.000000 158.000000
vt 0.765625 0.453125
vn -1.000000 0.000000 -0.000000
v -2.000000 62.000000 158.000000
vt 0.765625 0.421875
vn -1.000000 0.000000 -0.000000
v -2.000000 62.000000 151.250000
vt 0.818359 0.421875
vn -1.000000 0.000000 -0.000000
v -2.000000 66.000000 151.250000
vt 0.818359 0.453125
vn -1.000000 0.000000 -0.000000
v -2.000000 62.000000 150.000000
vt 0.828125 0.421875
vn -0.707107 0.000000 -0.707107
v -2.000000 66.000000 150.000000
vt 0.828125 0.453125
vn -0.707107 0.000000 -0.707107
v -2.000000 66.000000 150.000000
vt 0.234375 0.828125
vn -0.707107 0.000000 -0.707107
v -2.000000 62.000000 150.000000
vt 0.234375 0.796875
vn -0.707107 0.000000 -0.707107
v -1.333333 62.000000 150.000000
vt 0.239583 0.796875
vn 0.000000 0.000000 -1.000000
v -1.333333 66.000000 150.000000
vt 0.239583 0.828125
vn 0.000000 0.000000 -1.000000
v 0.000000 62.000000 150.000000
vt 0.250000 0.796875
vn 0.000000 0.000000 -1.000000
v 0.000000 66.000000 150.000000
vt 0.250000 0.828125
vn 0.000000 0.000000 -1.000000
f 585/585/585 587/587/587 586/586/586
f 585/585/585 588/588/588 587/587/587
f 589/589/589 588/588/588 590/590/590
f 589/589/589 587/587/587 588/588/588
f 594/594/594 595/595/595 593/593/593
f 594/594/594 596/596/596 595/595/595
f 591/591/591 593/593/593 592/592/592
f 591/591/591 594/594/594 593/593/593
f 597/597/597 599/599/599 598/598/598
f 597/597/597 600/600/600 599/599/599
f 601/601/601 600/600/600 602/602/602
f 601/601/601 599/599/599 600/600/600
f 606/606/606 607/607/607 605/605/605
f 606/606/606 608/608/608 607/607/607
f 603/603/603 605/605/605 604/604/604
f 603/603/603 606/606/606 605/605/605
g mat1m0s12
usemtl textures/exwsw/eX_surf_metalbrown
v -10.000000 94.000000 160.000000
vt 0.750000 0.046875
vn -1.000000 0.000000 -0.000000
v -10.000000 90.000000 160.000000
vt 0.750000 0.015625
vn -1.000000 0.000000 -0.000000
v -10.000000 90.000000 158.666672
vt 0.760417 0.015625
vn -1.000000 0.000000 -0.000000
v -10.000000 94.000000 158.666672
vt 0.760417 0.046875
vn -1.000000 0.000000 -0.000000
v -10.000000 90.000000 158.000000
vt 0.765625 0.015625
vn -0.707107 0.000000 -0.707107
v -10.000000 94.000000 158.000000
vt 0.765625 0.046875
vn -0.707107 0.000000 -0.707107
v -10.000000 94.000000 158.000000
vt 0.171875 0.046875
vn -0.707107 0.000000 -0.707107
v -10.000000 90.000000 158.000000
vt 0.171875 0.015625
vn -0.707107 0.000000 -0.707107
v -8.750000 90.000000 158.000000
vt 0.181641 0.015625
vn 0.000000 0.000000 -1.000000
v -8.750000 94.000000 158.000000
vt 0.181641 0.046875
vn 0.000000 0.000000 -1.000000
v -2.000000 90.000000 158.000000
vt 0.234375 0.015625
vn 0.000000 0.000000 -1.000000
v -2.000000 94.000000 158.000000
vt 0.234375 0.046875
vn 0.000000 0.000000 -1.000000
v -2.000000 94.000000 158.000000
vt 0.765625 0.671875
vn -1.000000 0.000000 -0.000000
v -2.000000 90.000000 158.000000
vt 0.765625 0.640625
vn -1.000000 0.000000 -0.000000
v -2.000000 90.000000 151.250000
vt 0.818359 0.640625
vn -1.000000 0.000000 -0.000000
v -2.000000 94.000000 151.250000
vt 0.818359 0.671875
vn -1.000000 0.000000 -0.000000
v -2.000000 90.000000 150.000000
vt 0.828125 0.640625
vn -0.707107 0.000000 -0.707107
v -2.000000 94.000000 150.000000
vt 0.828125 0.671875
vn -0.707107 0.000000 -0.707107
v -2.000000 94.000000 150.000000
vt 0.234375 0.046875
vn -0.707107 0.000000 -0.707107
v -2.000000 90.000000 150.000000
vt 0.234375 0.015625
vn -0.707107 0.000000 -0.707107
v -1.333333 90.000000 150.000000
vt 0.239583 0.015625
vn 0.000000 0.000000 -1.000000
v -1.333333 94.000000 150.000000
vt 0.239583 0.046875
vn 0.000000 0.000000 -1.000000
v 0.000000 90.000000 150.000000
vt 0.250000 0.015625
vn 0.000000 0.000000 -1.000000
v 0.000000 94.000000 150.000000
vt 0.250000 0.046875
vn 0.000000 0.000000 -1.000000
f 609/609/609 611/611/611 610/610/610
f 609/609/609 612/612/612 611/611/611
f 613/613/613 612/612/612 614/614/614
f 613/613/613 611/611/611 612/612/612
f 618/618/618 619/619/619 617/617/617
f 618/618/618 620/620/620 619/619/619
f 615/615/615 617/617/617 616/616/616
f 615/615/615 618/618/618 617/617/617
f 621/621/621 623/623/623 622/622/622
f 621/621/621 624/624/624 623/623/623
f 625/625/625 624/624/624 626/626/626
f 625/625/625 623/623/623 624/624/624
f 630/630/630 631/631/631 629/629/629
f 630/630/630 632/632/632 631/631/631
f 627/627/627 629/629/629 628/628/628
f 627/627/627 630/630/630 629/629/629
g mat1m0s13
usemtl textures/exwsw/eX_surf_metalbrown
v -10.000000 122.000000 160.000000
vt 0.750000 0.265625
vn -1.000000 0.000000 -0.000000
v -10.000000 118.000000 160.000000
vt 0.750000 0.234375
vn -1.000000 0.000000 -0.000000
v -10.000000 118.000000 158.666672
vt 0.760417 0.234375
vn -1.000000 0.000000 -0.000000
v -10.000000 122.000000 158.666672
vt 0.760417 0.265625
vn -1.000000 0.000000 -0.000000
v -10.000000 118.000000 158.000000
vt 0.765625 0.234375
vn -0.707107 0.000000 -0.707107
v -10.000000 122.000000 158.000000
vt 0.765625 0.265625
vn -0.707107 0.000000 -0.707107
v -10.000000 122.000000 158.000000
vt 0.171875 0.265625
vn -0.707107 0.000000 -0.707107
v -10.000000 118.000000 158.000000
vt 0.171875 0.234375
vn -0.707107 0.000000 -0.707107
v -8.750000 118.000000 158.000000
vt 0.181641 0.234375
vn 0.000000 0.000000 -1.000000
v -8.750000 122.000000 158.000000
vt 0.181641 0.265625
vn 0.000000 0.000000 -1.000000
v -2.000000 118.000000 158.000000
vt 0.234375 0.234375
vn 0.000000 0.000000 -1.000000
v -2.000000 122.000000 158.000000
vt 0.234375 0.265625
vn 0.000000 0.000000 -1.000000
v -2.000000 122.000000 158.000000
vt 0.765625 0.890625
vn -1.000000 0.000000 -0.000000
v -2.000000 118.000000 158.000000
vt 0.765625 0.859375
vn -1.000000 0.000000 -0.000000
v -2.000000 118.000000 151.250000
vt 0.818359 0.859375
vn -1.000000 0.000000 -0.000000
v -2.000000 122.000000 151.250000
vt 0.818359 0.890625
vn -1.000000 0.000000 -0.000000
v -2.000000 118.000000 150.000000
vt 0.828125 0.859375
vn -0.707107 0.000000 -0.707107
v -2.000000 122.000000 150.000000
vt 0.828125 0.890625
vn -0.707107 0.000000 -0.707107
v -2.000000 122.000000 150.000000
vt 0.234375 0.265625
vn -0.707107 0.000000 -0.707107
v -2.000000 118.000000 150.000000
vt 0.234375 0.234375
vn -0.707107 0.000000 -0.707107
v -1.333333 118.000000 150.000000
vt 0.239583 0.234375
vn 0.000000 0.000000 -1.000000
v -1.333333 122.000000 150.000000
vt 0.239583 0.265625
vn 0.000000 0.000000 -1.000000
v 0.000000 118.000000 150.000000
vt 0.250000 0.234375
vn 0.000000 0.000000 -1.000000
v 0.000000 122.000000 150.000000
vt 0.250000 0.265625
vn 0.000000 0.000000 -1.000000
f 633/633/633 635/635/635 634/634/634
f 633/633/633 636/636/636 635/635/635
f 637/637/637 636/636/636 638/638/638
f 637/637/637 635/635/635 636/636/636
f 642/642/642 643/643/643 641/641/641
f 642/642/642 644/644/644 643/643/643
f 639/639/639 641/641/641 640/640/640
f 639/639/639 642/642/642 641/641/641
f 645/645/645 647/647/647 646/646/646
f 645/645/645 648/648/648 647/647/647
f 649/649/649 648/648/648 650/650/650
f 649/649/649 647/647/647 648/648/648
f 654/654/654 655/655/655 653/653/653
f 654/654/654 656/656/656 655/655/655
f 651/651/651 653/653/653 652/652/652
f 651/651/651 654/654/654 653/653/653
g mat1m0s14
usemtl textures/exwsw/eX_surf_metalbrown
v -10.000000 148.000000 160.000000
vt 0.750000 0.468750
vn -1.000000 0.000000 -0.000000
v -10.000000 146.000000 160.000000
vt 0.750000 0.453125
vn -1.000000 0.000000 -0.000000
v -10.000000 146.000000 158.666672
vt 0.760417 0.453125
vn -1.000000 0.000000 -0.000000
v -10.000000 148.000000 158.666672
vt 0.760417 0.468750
vn -1.000000 0.000000 -0.000000
v -10.000000 146.000000 158.000000
vt 0.765625 0.453125
vn -0.707107 0.000000 -0.707107
v -10.000000 148.000000 158.000000
vt 0.765625 0.468750
vn -0.707107 0.000000 -0.707107
v -10.000000 148.000000 158.000000
vt 0.171875 0.468750
vn -0.707107 0.000000 -0.707107
v -10.000000 146.000000 158.000000
vt 0.171875 0.453125
vn -0.707107 0.000000 -0.707107
v -9.333333 146.000000 158.000000
vt 0.177083 0.453125
vn 0.000000 0.000000 -1.000000
v -9.333333 148.000000 158.000000
vt 0.177083 0.468750
vn 0.000000 0.000000 -1.000000
v -2.000000 146.000000 158.000000
vt 0.234375 0.453125
vn 0.000000 0.000000 -1.000000
v -2.000000 148.000000 158.000000
vt 0.234375 0.468750
vn 0.000000 0.000000 -1.000000
v -2.000000 148.000000 158.000000
vt 0.765625 0.093750
vn -1.000000 0.000000 -0.000000
v -2.000000 146.000000 158.000000
vt 0.765625 0.078125
vn -1.000000 0.000000 -0.000000
v -2.000000 146.000000 150.666672
vt 0.822917 0.078125
vn -1.000000 0.000000 -0.000000
v -2.000000 148.000000 150.666672
vt 0.822917 0.093750
vn -1.000000 0.000000 -0.000000
v -2.000000 146.000000 150.000000
vt 0.828125 0.078125
vn -0.707107 0.000000 -0.707107
v -2.000000 148.000000 150.000000
vt 0.828125 0.093750
vn -0.707107 0.000000 -0.707107
v -2.000000 148.000000 150.000000
vt 0.234375 0.468750
vn -0.707107 0.000000 -0.707107
v -2.000000 146.000000 150.000000
vt 0.234375 0.453125
vn -0.707107 0.000000 -0.707107
v -1.333333 146.000000 150.000000
vt 0.239583 0.453125
vn 0.000000 0.000000 -1.000000
v -1.333333 148.000000 150.000000
vt 0.239583 0.468750
vn 0.000000 0.000000 -1.000000
v 0.000000 146.000000 150.000000
vt 0.250000 0.453125
vn 0.000000 0.000000 -1.000000
v 0.000000 148.000000 150.000000
vt 0.250000 0.468750
vn 0.000000 0.000000 -1.000000
f 657/657/657 659/659/659 658/658/658
f 657/657/657 660/660/660 659/659/659
f 661/661/661 660/660/660 662/662/662
f 661/661/661 659/659/659 660/660/660
f 666/666/666 667/667/667 665/665/665
f 666/666/666 668/668/668 667/667/667
f 663/663/663 665/665/665 664/664/664
f 663/663/663 666/666/666 665/665/665
f 669/669/669 671/671/671 670/670/670
f 669/669/669 672/672/672 671/671/671
f 673/673/673 672/672/672 674/674/674
f 673/673/673 671/671/671 672/672/672
f 678/678/678 679/679/679 677/677/677
f 678/678/678 680/680/680 679/679/679
f 675/675/675 677/677/677 676/676/676
f 675/675/675 678/678/678 677/677/677
g mat1m0s15
usemtl textures/exwsw/eX_surf_metalbrown
v -2.000000 122.000000 -151.250000
vt 0.181641 0.265625
vn -1.000000 0.000000 -0.000000
v -2.000000 118.000000 -151.250000
vt 0.181641 0.234375
vn -1.000000 0.000000 -0.000000
v -2.000000 118.000000 -158.000000
vt 0.234375 0.234375
vn -1.000000 0.000000 -0.000000
v -2.000000 122.000000 -158.000000
vt 0.234375 0.265625
vn -1.000000 0.000000 -0.000000
v -2.000000 122.000000 -150.000000
vt 0.171875 0.265625
vn -0.707107 0.000000 0.707107
v -2.000000 118.000000 -150.000000
vt 0.171875 0.234375
vn -0.707107 0.000000 0.707107
v -2.000000 122.000000 -158.000000
vt 0.234375 0.265625
vn 0.000000 0.000000 1.000000
v -2.000000 118.000000 -158.000000
vt 0.234375 0.234375
vn 0.000000 0.000000 1.000000
v -8.750000 118.000000 -158.000000
vt 0.181641 0.234375
vn 0.000000 0.000000 1.000000
v -8.750000 122.000000 -158.000000
vt 0.181641 0.265625
vn 0.000000 0.000000 1.000000
v -10.000000 118.000000 -158.000000
vt 0.171875 0.234375
vn -0.707107 0.000000 0.707107
v -10.000000 122.000000 -158.000000
vt 0.171875 0.265625
vn -0.707107 0.000000 0.707107
v -10.000000 122.000000 -158.000000
vt 0.234375 0.265625
vn -0.707107 0.000000 0.707107
v -10.000000 118.000000 -158.000000
vt 0.234375 0.234375
vn -0.707107 0.000000 0.707107
v -10.000000 118.000000 -158.666672
vt 0.239583 0.234375
vn -1.000000 0.000000 -0.000000
v -10.000000 122.000000 -158.666672
vt 0.239583 0.265625
vn -1.000000 0.000000 -0.000000
v -10.000000 118.000000 -160.000000
vt 0.250000 0.234375
vn -1.000000 0.000000 -0.000000
v -10.000000 122.000000 -160.000000
vt 0.250000 0.265625
vn -1.000000 0.000000 -0.000000
v -2.000000 118.000000 -150.000000
vt 0.234375 0.234375
vn -0.707107 0.000000 0.707107
v -2.000000 122.000000 -150.000000
vt 0.234375 0.265625
vn -0.707107 0.000000 0.707107
v -1.333333 122.000000 -150.000000
vt 0.239583 0.265625
vn 0.000000 0.000000 1.000000
v -1.333333 118.000000 -150.000000
vt 0.239583 0.234375
vn 0.000000 0.000000 1.000000
v 0.000000 122.000000 -150.000000
vt 0.250000 0.265625
vn 0.000000 0.000000 1.000000
v 0.000000 118.000000 -150.000000
vt 0.250000 0.234375
vn 0.000000 0.000000 1.000000
f 681/681/681 683/683/683 682/682/682
f 681/681/681 684/684/684 683/683/683
f 685/685/685 682/682/682 686/686/686
f 685/685/685 681/681/681 682/682/682
f 703/703/703 702/702/702 704/704/704
f 703/703/703 701/701/701 702/702/702
f 699/699/699 701/701/701 700/700/700
f 699/699/699 702/702/702 701/701/701
f 687/687/687 689/689/689 688/688/688
f 687/687/687 690/690/690 689/689/689
f 691/691/691 690/690/690 692/692/692
f 691/691/691 689/689/689 690/690/690
f 696/696/696 697/697/697 695/695/695
f 696/696/696 698/698/698 697/697/697
f 693/693/693 695/695/695 694/694/694
f 693/693/693 696/696/696 695/695/695
g mat1m0s16
usemtl textures/exwsw/eX_surf_metalbrown
v -2.000000 94.000000 -151.250000
vt 0.181641 0.046875
vn -1.000000 0.000000 -0.000000
v -2.000000 90.000000 -151.250000
vt 0.181641 0.015625
vn -1.000000 0.000000 -0.000000
v -2.000000 90.000000 -158.000000
vt 0.234375 0.015625
vn -1.000000 0.000000 -0.000000
v -2.000000 94.000000 -158.000000
vt 0.234375 0.046875
vn -1.000000 0.000000 -0.000000
v -2.000000 94.000000 -150.000000
vt 0.171875 0.046875
vn -0.707107 0.000000 0.707107
v -2.000000 90.000000 -150.000000
vt 0.171875 0.015625
vn -0.707107 0.000000 0.707107
v -2.000000 94.000000 -158.000000
vt 0.234375 0.046875
vn 0.000000 0.000000 1.000000
v -2.000000 90.000000 -158.000000
vt 0.234375 0.015625
vn 0.000000 0.000000 1.000000
v -8.750000 90.000000 -158.000000
vt 0.181641 0.015625
vn 0.000000 0.000000 1.000000
v -8.750000 94.000000 -158.000000
vt 0.181641 0.046875
vn 0.000000 0.000000 1.000000
v -10.000000 90.000000 -158.000000
vt 0.171875 0.015625
vn -0.707107 0.000000 0.707107
v -10.000000 94.000000 -158.000000
vt 0.171875 0.046875
vn -0.707107 0.000000 0.707107
v -10.000000 94.000000 -158.000000
vt 0.234375 0.046875
vn -0.707107 0.000000 0.707107
v -10.000000 90.000000 -158.000000
vt 0.234375 0.015625
vn -0.707107 0.000000 0.707107
v -10.000000 90.000000 -158.666672
vt 0.239583 0.015625
vn -1.000000 0.000000 -0.000000
v -10.000000 94.000000 -158.666672
vt 0.239583 0.046875
vn -1.000000 0.000000 -0.000000
v -10.000000 90.000000 -160.000000
vt 0.250000 0.015625
vn -1.000000 0.000000 -0.000000
v -10.000000 94.000000 -160.000000
vt 0.250000 0.046875
vn -1.000000 0.000000 -0.000000
v -2.000000 90.000000 -150.000000
vt 0.234375 0.015625
vn -0.707107 0.000000 0.707107
v -2.000000 94.000000 -150.000000
vt 0.234375 0.046875
vn -0.707107 0.000000 0.707107
v -1.333333 94.000000 -150.000000
vt 0.239583 0.046875
vn 0.000000 0.000000 1.000000
v -1.333333 90.000000 -150.000000
vt 0.239583 0.015625
vn 0.000000 0.000000 1.000000
v 0.000000 94.000000 -150.000000
vt 0.250000 0.046875
vn 0.000000 0.000000 1.000000
v 0.000000 90.000000 -150.000000
vt 0.250000 0.015625
vn 0.000000 0.000000 1.000000
f 705/705/705 707/707/707 706/706/706
f 705/705/705 708/708/708 707/707/707
f 709/709/709 706/706/706 710/710/710
f 709/709/709 705/705/705 706/706/706
f 727/727/727 726/726/726 728/728/728
f 727/727/727 725/725/725 726/726/726
f 723/723/723 725/725/725 724/724/724
f 723/723/723 726/726/726 725/725/725
f 711/711/711 713/713/713 712/712/712
f 711/711/711 714/714/714 713/713/713
f 715/715/715 714/714/714 716/716/716
f 715/715/715 713/713/713 714/714/714
f 720/720/720 721/721/721 719/719/719
f 720/720/720 722/722/722 721/721/721
f 717/717/717 719/719/719 718/718/718
f 717/717/717 720/720/720 719/719/719
g mat1m0s17
usemtl textures/exwsw/eX_surf_metalbrown
v -2.000000 66.000000 -151.250000
vt 0.181641 0.828125
vn -1.000000 0.000000 -0.000000
v -2.000000 62.000000 -151.250000
vt 0.181641 0.796875
vn -1.000000 0.000000 -0.000000
v -2.000000 62.000000 -158.000000
vt 0.234375 0.796875
vn -1.000000 0.000000 -0.000000
v -2.000000 66.000000 -158.000000
vt 0.234375 0.828125
vn -1.000000 0.000000 -0.000000
v -2.000000 66.000000 -150.000000
vt 0.171875 0.828125
vn -0.707107 0.000000 0.707107
v -2.000000 62.000000 -150.000000
vt 0.171875 0.796875
vn -0.707107 0.000000 0.707107
v -2.000000 66.000000 -158.000000
vt 0.234375 0.828125
vn 0.000000 0.000000 1.000000
v -2.000000 62.000000 -158.000000
vt 0.234375 0.796875
vn 0.000000 0.000000 1.000000
v -8.750000 62.000000 -158.000000
vt 0.181641 0.796875
vn 0.000000 0.000000 1.000000
v -8.750000 66.000000 -158.000000
vt 0.181641 0.828125
vn 0.000000 0.000000 1.000000
v -10.000000 62.000000 -158.000000
vt 0.171875 0.796875
vn -0.707107 0.000000 0.707107
v -10.000000 66.000000 -158.000000
vt 0.171875 0.828125
vn -0.707107 0.000000 0.707107
v -10.000000 66.000000 -158.000000
vt 0.234375 0.828125
vn -0.707107 0.000000 0.707107
v -10.000000 62.000000 -158.000000
vt 0.234375 0.796875
vn -0.707107 0.000000 0.707107
v -10.000000 62.000000 -158.666672
vt 0.239583 0.796875
vn -1.000000 0.000000 -0.000000
v -10.000000 66.000000 -158.666672
vt 0.239583 0.828125
vn -1.000000 0.000000 -0.000000
v -10.000000 62.000000 -160.000000
vt 0.250000 0.796875
vn -1.000000 0.000000 -0.000000
v -10.000000 66.000000 -160.000000
vt 0.250000 0.828125
vn -1.000000 0.000000 -0.000000
v -2.000000 62.000000 -150.000000
vt 0.234375 0.796875
vn -0.707107 0.000000 0.707107
v -2.000000 66.000000 -150.000000
vt 0.234375 0.828125
vn -0.707107 0.000000 0.707107
v -1.333333 66.000000 -150.000000
vt 0.239583 0.828125
vn 0.000000 0.000000 1.000000
v -1.333333 62.000000 -150.000000
vt 0.239583 0.796875
vn 0.000000 0.000000 1.000000
v 0.000000 66.000000 -150.000000
vt 0.250000 0.828125
vn 0.000000 0.000000 1.000000
v 0.000000 62.000000 -150.000000
vt 0.250000 0.796875
vn 0.000000 0.000000 1.000000
f 729/729/729 731/731/731 730/730/730
f 729/729/729 732/732/732 731/731/731
f 733/733/733 730/730/730 734/734/734
f 733/733/733 729/729/729 730/730/730
f 751/751/751 750/750/750 752/752/752
f 751/751/751 749/749/749 750/750/750
f 747/747/747 749/749/749 748/748/748
f 747/747/747 750/750/750 749/749/749
f 735/735/735 737/737/737 736/736/736
f 735/735/735 738/738/738 737/737/737
f 739/739/739 738/738/738 740/740/740
f 739/739/739 737/737/737 738/738/738
f 744/744/744 745/745/745 743/743/743
f 744/744/744 746/746/746 745/745/745
f 741/741/741 743/743/743 742/742/742
f 741/741/741 744/744/744 743/743/743
g mat1m0s18
usemtl textures/exwsw/eX_surf_metalbrown
v -2.000000 38.000000 -151.250000
vt 0.181641 0.609375
vn -1.000000 0.000000 -0.000000
v -2.000000 34.000000 -151.250000
vt 0.181641 0.578125
vn -1.000000 0.000000 -0.000000
v -2.000000 34.000000 -158.000000
vt 0.234375 0.578125
vn -1.000000 0.000000 -0.000000
v -2.000000 38.000000 -158.000000
vt 0.234375 0.609375
vn -1.000000 0.000000 -0.000000
v -2.000000 38.000000 -150.000000
vt 0.171875 0.609375
vn -0.707107 0.000000 0.707107
v -2.000000 34.000000 -150.000000
vt 0.171875 0.578125
vn -0.707107 0.000000 0.707107
v -2.000000 38.000000 -158.000000
vt 0.234375 0.609375
vn 0.000000 0.000000 1.000000
v -2.000000 34.000000 -158.000000
vt 0.234375 0.578125
vn 0.000000 0.000000 1.000000
v -8.750000 34.000000 -158.000000
vt 0.181641 0.578125
vn 0.000000 0.000000 1.000000
v -8.750000 38.000000 -158.000000
vt 0.181641 0.609375
vn 0.000000 0.000000 1.000000
v -10.000000 34.000000 -158.000000
vt 0.171875 0.578125
vn -0.707107 0.000000 0.707107
v -10.000000 38.000000 -158.000000
vt 0.171875 0.609375
vn -0.707107 0.000000 0.707107
v -10.000000 38.000000 -158.000000
vt 0.234375 0.609375
vn -0.707107 0.000000 0.707107
v -10.000000 34.000000 -158.000000
vt 0.234375 0.578125
vn -0.707107 0.000000 0.707107
v -10.000000 34.000000 -158.666672
vt 0.239583 0.578125
vn -1.000000 0.000000 -0.000000
v -10.000000 38.000000 -158.666672
vt 0.239583 0.609375
vn -1.000000 0.000000 -0.000000
v -10.000000 34.000000 -160.000000
vt 0.250000 0.578125
vn -1.000000 0.000000 -0.000000
v -10.000000 38.000000 -160.000000
vt 0.250000 0.609375
vn -1.000000 0.000000 -0.000000
v -2.000000 34.000000 -150.000000
vt 0.234375 0.578125
vn -0.707107 0.000000 0.707107
v -2.000000 38.000000 -150.000000
vt 0.234375 0.609375
vn -0.707107 0.000000 0.707107
v -1.333333 38.000000 -150.000000
vt 0.239583 0.609375
vn 0.000000 0.000000 1.000000
v -1.333333 34.000000 -150.000000
vt 0.239583 0.578125
vn 0.000000 0.000000 1.000000
v 0.000000 38.000000 -150.000000
vt 0.250000 0.609375
vn 0.000000 0.000000 1.000000
v 0.000000 34.000000 -150.000000
vt 0.250000 0.578125
vn 0.000000 0.000000 1.000000
f 753/753/753 755/755/755 754/754/754
f 753/753/753 756/756/756 755/755/755
f 757/757/757 754/754/754 758/758/758
f 757/757/757 753/753/753 754/754/754
f 775/775/775 774/774/774 776/776/776
f 775/775/775 773/773/773 774/774/774
f 771/771/771 773/773/773 772/772/772
f 771/771/771 774/774/774 773/773/773
f 759/759/759 761/761/761 760/760/760
f 759/759/759 762/762/762 761/761/761
f 763/763/763 762/762/762 764/764/764
f 763/763/763 761/761/761 762/762/762
f 768/768/768 769/769/769 767/767/767
f 768/768/768 770/770/770 769/769/769
f 765/765/765 767/767/767 766/766/766
f 765/765/765 768/768/768 767/767/767
g mat1m0s19
usemtl textures/exwsw/eX_surf_metalbrown
v -2.000000 10.000000 -150.666672
vt 0.177083 0.390625
vn -1.000000 0.000000 -0.000000
v -2.000000 8.000000 -150.666672
vt 0.177083 0.375000
vn -1.000000 0.000000 -0.000000
v -2.000000 8.000000 -158.000000
vt 0.234375 0.375000
vn -1.000000 0.000000 -0.000000
v -2.000000 10.000000 -158.000000
vt 0.234375 0.390625
vn -1.000000 0.000000 -0.000000
v -2.000000 10.000000 -150.000000
vt 0.171875 0.390625
vn -0.707107 0.000000 0.707107
v -2.000000 8.000000 -150.000000
vt 0.171875 0.375000
vn -0.707107 0.000000 0.707107
v -2.000000 10.000000 -158.000000
vt 0.234375 0.390625
vn 0.000000 0.000000 1.000000
v -2.000000 8.000000 -158.000000
vt 0.234375 0.375000
vn 0.000000 0.000000 1.000000
v -9.333333 8.000000 -158.000000
vt 0.177083 0.375000
vn 0.000000 0.000000 1.000000
v -9.333333 10.000000 -158.000000
vt 0.177083 0.390625
vn 0.000000 0.000000 1.000000
v -10.000000 8.000000 -158.000000
vt 0.171875 0.375000
vn -0.707107 0.000000 0.707107
v -10.000000 10.000000 -158.000000
vt 0.171875 0.390625
vn -0.707107 0.000000 0.707107
v -10.000000 10.000000 -158.000000
vt 0.234375 0.390625
vn -0.707107 0.000000 0.707107
v -10.000000 8.000000 -158.000000
vt 0.234375 0.375000
vn -0.707107 0.000000 0.707107
v -10.000000 8.000000 -158.666672
vt 0.239583 0.375000
vn -1.000000 0.000000 -0.000000
v -10.000000 10.000000 -158.666672
vt 0.239583 0.390625
vn -1.000000 0.000000 -0.000000
v -10.000000 8.000000 -160.000000
vt 0.250000 0.375000
vn -1.000000 0.000000 -0.000000
v -10.000000 10.000000 -160.000000
vt 0.250000 0.390625
vn -1.000000 0.000000 -0.000000
v -2.000000 8.000000 -150.000000
vt 0.234375 0.375000
vn -0.707107 0.000000 0.707107
v -2.000000 10.000000 -150.000000
vt 0.234375 0.390625
vn -0.707107 0.000000 0.707107
v -1.333333 10.000000 -150.000000
vt 0.239583 0.390625
vn 0.000000 0.000000 1.000000
v -1.333333 8.000000 -150.000000
vt 0.239583 0.375000
vn 0.000000 0.000000 1.000000
v 0.000000 10.000000 -150.000000
vt 0.250000 0.390625
vn 0.000000 0.000000 1.000000
v 0.000000 8.000000 -150.000000
vt 0.250000 0.375000
vn 0.000000 0.000000 1.000000
f 777/777/777 779/779/779 778/778/778
f 777/777/777 780/780/780 779/779/779
f 781/781/781 778/778/778 782/782/782
f 781/781/781 777/777/777 778/778/778
f 799/799/799 798/798/798 800/800/800
f 799/799/799 797/797/797 798/798/798
f 795/795/795 797/797/797 796/796/796
f 795/795/795 798/798/798 797/797/797
f 783/783/783 785/785/785 784/784/784
f 783/783/783 786/786/786 785/785/785
f 787/787/787 786/786/786 788/788/788
f 787/787/787 785/785/785 786/786/786
f 792/792/792 793/793/793 791/791/791
f 792/792/792 794/794/794 793/793/793
f 789/789/789 791/791/791 790/790/790
f 789/789/789 792/792/792 791/791/791
g mat2m0s20
usemtl textures/concrete/concrete2
v -14.000000 -208.000000 160.000000
vt 0.375000 0.343750
vn -1.000000 0.000000 -0.000000
v -14.000000 -208.000000 157.250000
vt 0.385742 0.343750
vn -1.000000 0.000000 -0.000000
v -14.000000 -173.250000 157.250000
vt 0.385742 0.479492
vn -1.000000 0.000000 -0.000000
v -14.000000 -173.250000 160.000000
vt 0.375000 0.479492
vn -1.000000 0.000000 -0.000000
v -14.000000 -172.000000 156.000000
vt 0.390625 0.484375
vn -0.577350 0.577350 -0.577350
v -14.000000 -208.000000 156.000000
vt 0.390625 0.343750
vn -0.707107 0.000000 -0.707107
v -14.000000 -172.000000 160.000000
vt 0.375000 0.484375
vn -0.707107 0.707107 -0.000000
v -14.000000 -172.000000 156.000000
vt 0.570312 0.484375
vn -0.577350 0.577350 -0.577350
v -14.000000 -208.000000 156.000000
vt 0.570312 0.343750
vn -0.707107 0.000000 -0.707107
v -12.750000 -208.000000 156.000000
vt 0.575195 0.343750
vn 0.000000 0.000000 -1.000000
v -12.750000 -173.250000 156.000000
vt 0.575195 0.479492
vn 0.000000 0.000000 -1.000000
v -10.000000 -172.000000 156.000000
vt 0.585938 0.484375
vn 0.000000 0.894427 -0.447214
v -10.000000 -173.250000 156.000000
vt 0.585938 0.479492
vn 0.000000 0.000000 -1.000000
v -4.000000 -172.000000 156.000000
vt 0.609375 0.484375
vn -0.577350 0.577350 -0.577350
v -4.500000 -173.250000 156.000000
vt 0.607422 0.479492
vn 0.000000 0.000000 -1.000000
v -4.000000 -208.000000 156.000000
vt 0.609375 0.343750
vn -0.707107 0.000000 -0.707107
v -4.500000 -208.000000 156.000000
vt 0.607422 0.343750
vn 0.000000 0.000000 -1.000000
v -14.000000 -172.000000 156.000000
vt 0.570312 0.390625
vn -0.577350 0.577350 -0.577350
v -10.000000 -172.000000 156.000000
vt 0.585938 0.390625
vn 0.000000 0.707107 -0.707107
v -10.000000 -172.000000 157.250000
vt 0.585938 0.385742
vn 0.000000 1.000000 -0.000000
v -12.750000 -172.000000 157.250000
vt 0.575195 0.385742
vn 0.000000 1.000000 -0.000000
v -14.000000 -172.000000 160.000000
vt 0.570312 0.375000
vn -0.707107 0.707107 -0.000000
v -12.750000 -172.000000 160.000000
vt 0.575195 0.375000
vn 0.000000 1.000000 -0.000000
v -10.000000 -172.000000 160.000000
vt 0.585938 0.375000
vn 0.000000 1.000000 -0.000000
v -10.000000 -172.000000 156.000000
vt 0.585938 0.390625
vn 0.000000 0.707107 -0.707107
v -4.000000 -172.000000 156.000000
vt 0.609375 0.390625
vn 0.000000 0.707107 -0.707107
v -3.057190 -172.000000 156.942810
vt 0.613058 0.386942
vn 0.000000 1.000000 -0.000000
v -10.000000 -172.000000 156.942810
vt 0.585938 0.386942
vn 0.000000 1.000000 -0.000000
v 0.000000 -172.000000 160.000000
vt 0.625000 0.375000
vn 0.000000 1.000000 -0.000000
v 0.000000 -172.000000 150.000000
vt 0.625000 0.414062
vn 0.000000 1.000000 -0.000000
v -3.057191 -172.000000 150.000000
vt 0.613058 0.414062
vn 0.000000 1.000000 -0.000000
v -10.000000 -172.000000 160.000000
vt 0.585938 0.375000
vn 0.000000 1.000000 -0.000000
v -4.000000 -172.000000 156.000000
vt 0.609375 0.390625
vn -0.707107 0.707107 -0.000000
v -4.000000 -172.000000 150.000000
vt 0.609375 0.414062
vn -0.707107 0.707107 -0.000000
v -4.000000 -172.000000 156.000000
vt 0.390625 0.484375
vn -0.577350 0.577350 -0.577350
v -4.000000 -208.000000 156.000000
vt 0.390625 0.343750
vn -0.707107 0.000000 -0.707107
v -4.000000 -208.000000 155.500000
vt 0.392578 0.343750
vn -1.000000 0.000000 -0.000000
v -4.000000 -173.250000 155.500000
vt 0.392578 0.479492
vn -1.000000 0.000000 -0.000000
v -4.000000 -172.000000 150.000000
vt 0.414062 0.484375
vn -0.447214 0.894427 -0.000000
v -4.000000 -173.250000 150.000000
vt 0.414062 0.479492
vn -1.000000 0.000000 -0.000000
v -4.000000 -172.000000 146.000000
vt 0.429688 0.484375
vn -0.577350 0.577350 -0.577350
v -4.000000 -173.250000 147.250000
vt 0.424805 0.479492
vn -1.000000 0.000000 -0.000000
v -4.000000 -208.000000 146.000000
vt 0.429688 0.343750
vn -0.707107 0.000000 -0.707107
v -4.000000 -208.000000 147.250000
vt 0.424805 0.343750
vn -1.000000 0.000000 -0.000000
v -4.000000 -172.000000 150.000000
vt 0.609375 0.414062
vn -0.707107 0.707107 -0.000000
v -4.000000 -172.000000 146.000000
vt 0.609375 0.429688
vn -0.577350 0.577350 -0.577350
v -2.750000 -172.000000 147.250000
vt 0.614258 0.424805
vn 0.000000 1.000000 -0.000000
v -2.750000 -172.000000 150.000000
vt 0.614258 0.414062
vn 0.000000 1.000000 -0.000000
v 0.000000 -172.000000 147.250000
vt 0.625000 0.424805
vn 0.000000 1.000000 -0.000000
v 0.000000 -172.000000 150.000000
vt 0.625000 0.414062
vn 0.000000 1.000000 -0.000000
v 0.000000 -172.000000 146.000000
vt 0.625000 0.429688
vn 0.000000 0.707107 -0.707107
v -4.000000 -172.000000 146.000000
vt 0.609375 0.484375
vn -0.577350 0.577350 -0.577350
v -4.000000 -208.000000 146.000000
vt 0.609375 0.343750
vn -0.707107 0.000000 -0.707107
v -2.750000 -208.000000 146.000000
vt 0.614258 0.343750
vn 0.000000 0.000000 -1.000000
v -2.750000 -173.250000 146.000000
vt 0.614258 0.479492
vn 0.000000 0.000000 -1.000000
v 0.000000 -172.000000 146.000000
vt 0.625000 0.484375
vn 0.000000 0.707107 -0.707107
v 0.000000 -173.250000 146.000000
vt 0.625000 0.479492
vn 0.000000 0.000000 -1.000000
v 0.000000 -208.000000 146.000000
vt 0.625000 0.343750
vn 0.000000 0.000000 -1.000000
f 801/801/801 803/803/803 802/802/802
f 801/801/801 804/804/804 803/803/803
f 805/805/805 804/804/804 807/807/807
f 805/805/805 803/803/803 804/804/804
f 806/806/806 803/803/803 805/805/805
f 806/806/806 802/802/802 803/803/803
f 810/810/810 815/815/815 817/817/817
f 810/810/810 813/813/813 815/815/815
f 810/810/810 811/811/811 813/813/813
f 814/814/814 813/813/813 812/812/812
f 814/814/814 815/815/815 813/813/813
f 812/812/812 811/811/811 808/808/808
f 812/812/812 813/813/813 811/811/811
f 816/816/816 815/815/815 814/814/814
f 816/816/816 817/817/817 815/815/815
f 808/808/808 810/810/810 809/809/809
f 808/808/808 811/811/811 810/810/810
f 824/824/824 821/821/821 823/823/823
f 824/824/824 820/820/820 821/821/821
f 818/818/818 820/820/820 819/819/819
f 818/818/818 821/821/821 820/820/820
f 822/822/822 821/821/821 818/818/818
f 822/822/822 823/823/823 821/821/821
f 829/829/829 828/828/828 832/832/832
f 829/829/829 827/827/827 828/828/828
f 825/825/825 827/827/827 826/826/826
f 825/825/825 828/828/828 827/827/827
f 837/837/837 842/842/842 844/844/844
f 837/837/837 840/840/840 842/842/842
f 837/837/837 838/838/838 840/840/840
f 841/841/841 840/840/840 839/839/839
f 841/841/841 842/842/842 840/840/840
f 839/839/839 838/838/838 835/835/835
f 839/839/839 840/840/840 838/838/838
f 843/843/843 842/842/842 841/841/841
f 843/843/843 844/844/844 842/842/842
f 835/835/835 837/837/837 836/836/836
f 835/835/835 838/838/838 837/837/837
f 827/827/827 830/830/830 831/831/831
f 827/827/827 829/829/829 830/830/830
f 833/833/833 831/831/831 834/834/834
f 833/833/833 827/827/827 831/831/831
f 848/848/848 849/849/849 847/847/847
f 848/848/848 850/850/850 849/849/849
f 846/846/846 849/849/849 851/851/851
f 846/846/846 847/847/847 849/849/849
f 845/845/845 847/847/847 846/846/846
f 845/845/845 848/848/848 847/847/847
f 854/854/854 857/857/857 858/858/858
f 854/854/854 855/855/855 857/857/857
f 856/856/856 855/855/855 852/852/852
f 856/856/856 857/857/857 855/855/855
f 852/852/852 854/854/854 853/853/853
f 852/852/852 855/855/855 854/854/854
g mat1m0s21
usemtl textures/exwsw/eX_surf_metalbrown
v -10.000000 -172.000000 158.666672
vt 0.760417 -1.031250
vn -1.000000 0.000000 -0.000000
v -10.000000 10.000000 158.666672
vt 0.760417 0.390625
vn -1.000000 0.000000 -0.000000
v -10.000000 10.000000 160.000000
vt 0.750000 0.390625
vn -1.000000 0.000000 -0.000000
v -10.000000 -172.000000 160.000000
vt 0.750000 -1.031250
vn -1.000000 0.000000 -0.000000
v -10.000000 -172.000000 158.000000
vt 0.765625 -1.031250
vn -0.707107 0.000000 -0.707107
v -10.000000 10.000000 158.000000
vt 0.765625 0.390625
vn -0.707107 0.000000 -0.707107
v -10.000000 10.000000 158.000000
vt 0.171875 0.390625
vn -0.707107 0.000000 -0.707107
v -10.000000 -172.000000 158.000000
vt 0.171875 -1.031250
vn -0.707107 0.000000 -0.707107
v -8.750000 -172.000000 158.000000
vt 0.181641 -1.031250
vn 0.000000 0.000000 -1.000000
v -8.750000 10.000000 158.000000
vt 0.181641 0.390625
vn 0.000000 0.000000 -1.000000
v -2.000000 -172.000000 158.000000
vt 0.234375 -1.031250
vn 0.000000 0.000000 -1.000000
v -2.000000 10.000000 158.000000
vt 0.234375 0.390625
vn 0.000000 0.000000 -1.000000
v -2.000000 -172.000000 151.250000
vt 0.818359 -1.406250
vn -1.000000 0.000000 -0.000000
v -2.000000 10.000000 158.000000
vt 0.765625 0.015625
vn -1.000000 0.000000 -0.000000
v -2.000000 -172.000000 158.000000
vt 0.765625 -1.406250
vn -1.000000 0.000000 -0.000000
v -2.000000 10.000000 151.250000
vt 0.818359 0.015625
vn -1.000000 0.000000 -0.000000
v -2.000000 -172.000000 150.000000
vt 0.828125 -1.406250
vn -0.707107 0.000000 -0.707107
v -2.000000 10.000000 150.000000
vt 0.828125 0.015625
vn -0.707107 0.000000 -0.707107
v -2.000000 10.000000 150.000000
vt 0.234375 0.390625
vn -0.707107 0.000000 -0.707107
v -2.000000 -172.000000 150.000000
vt 0.234375 -1.031250
vn -0.707107 0.000000 -0.707107
v -1.333333 -172.000000 150.000000
vt 0.239583 -1.031250
vn 0.000000 0.000000 -1.000000
v -1.333333 10.000000 150.000000
vt 0.239583 0.390625
vn 0.000000 0.000000 -1.000000
v 0.000000 -172.000000 150.000000
vt 0.250000 -1.031250
vn 0.000000 0.000000 -1.000000
v 0.000000 10.000000 150.000000
vt 0.250000 0.390625
vn 0.000000 0.000000 -1.000000
f 859/859/859 861/861/861 860/860/860
f 859/859/859 862/862/862 861/861/861
f 863/863/863 860/860/860 864/864/864
f 863/863/863 859/859/859 860/860/860
f 869/869/869 868/868/868 870/870/870
f 869/869/869 867/867/867 868/868/868
f 865/865/865 867/867/867 866/866/866
f 865/865/865 868/868/868 867/867/867
f 871/871/871 872/872/872 874/874/874
f 871/871/871 873/873/873 872/872/872
f 875/875/875 874/874/874 876/876/876
f 875/875/875 871/871/871 874/874/874
f 881/881/881 880/880/880 882/882/882
f 881/881/881 879/879/879 880/880/880
f 877/877/877 879/879/879 878/878/878
f 877/877/877 880/880/880 879/879/879
g mat1m0s22
usemtl textures/exwsw/eX_surf_metalbrown
v -2.000000 148.000000 -150.666672
vt 0.177083 0.468750
vn -1.000000 0.000000 -0.000000
v -2.000000 146.000000 -150.666672
vt 0.177083 0.453125
vn -1.000000 0.000000 -0.000000
v -2.000000 146.000000 -158.000000
vt 0.234375 0.453125
vn -1.000000 0.000000 -0.000000
v -2.000000 148.000000 -158.000000
vt 0.234375 0.468750
vn -1.000000 0.000000 -0.000000
v -2.000000 148.000000 -150.000000
vt 0.171875 0.468750
vn -0.707107 0.000000 0.707107
v -2.000000 146.000000 -150.000000
vt 0.171875 0.453125
vn -0.707107 0.000000 0.707107
v -2.000000 148.000000 -158.000000
vt 0.234375 0.468750
vn 0.000000 0.000000 1.000000
v -2.000000 146.000000 -158.000000
vt 0.234375 0.453125
vn 0.000000 0.000000 1.000000
v -9.333333 146.000000 -158.000000
vt 0.177083 0.453125
vn 0.000000 0.000000 1.000000
v -9.333333 148.000000 -158.000000
vt 0.177083 0.468750
vn 0.000000 0.000000 1.000000
v -10.000000 146.000000 -158.000000
vt 0.171875 0.453125
vn -0.707107 0.000000 0.707107
v -10.000000 148.000000 -158.000000
vt 0.171875 0.468750
vn -0.707107 0.000000 0.707107
v -10.000000 148.000000 -158.000000
vt 0.234375 0.468750
vn -0.707107 0.000000 0.707107
v -10.000000 146.000000 -158.000000
vt 0.234375 0.453125
vn -0.707107 0.000000 0.707107
v -10.000000 146.000000 -158.666672
vt 0.239583 0.453125
vn -1.000000 0.000000 -0.000000
v -10.000000 148.000000 -158.666672
vt 0.239583 0.468750
vn -1.000000 0.000000 -0.000000
v -10.000000 146.000000 -160.000000
vt 0.250000 0.453125
vn -1.000000 0.000000 -0.000000
v -10.000000 148.000000 -160.000000
vt 0.250000 0.468750
vn -1.000000 0.000000 -0.000000
v -2.000000 146.000000 -150.000000
vt 0.234375 0.453125
vn -0.707107 0.000000 0.707107
v -2.000000 148.000000 -150.000000
vt 0.234375 0.468750
vn -0.707107 0.000000 0.707107
v -1.333333 148.000000 -150.000000
vt 0.239583 0.468750
vn 0.000000 0.000000 1.000000
v -1.333333 146.000000 -150.000000
vt 0.239583 0.453125
vn 0.000000 0.000000 1.000000
v 0.000000 148.000000 -150.000000
vt 0.250000 0.468750
vn 0.000000 0.000000 1.000000
v 0.000000 146.000000 -150.000000
vt 0.250000 0.453125
vn 0.000000 0.000000 1.000000
f 883/883/883 885/885/885 884/884/884
f 883/883/883 886/886/886 885/885/885
f 887/887/887 884/884/884 888/888/888
f 887/887/887 883/883/883 884/884/884
f 905/905/905 904/904/904 906/906/906
f 905/905/905 903/903/903 904/904/904
f 901/901/901 903/903/903 902/902/902
f 901/901/901 904/904/904 903/903/903
f 889/889/889 891/891/891 890/890/890
f 889/889/889 892/892/892 891/891/891
f 893/893/893 892/892/892 894/894/894
f 893/893/893 891/891/891 892/892/892
f 898/898/898 899/899/899 897/897/897
f 898/898/898 900/900/900 899/899/899
f 895/895/895 897/897/897 896/896/896
f 895/895/895 898/898/898 897/897/897
g mat2m0s23
usemtl textures/concrete/concrete2
v -303.333313 -7.333333 -152.000000
vt 0.440104 0.127604
vn 0.000000 0.000000 1.000000
v -288.666656 7.333336 -152.000000
vt 0.497396 0.184896
vn 0.000000 0.000000 1.000000
v -10.000000 7.333333 -152.000000
vt 1.585938 0.184896
vn 0.000000 0.000000 1.000000
v -8.500000 7.333333 -152.000000
vt 1.591797 0.184896
vn 0.000000 0.000000 1.000000
v -8.500000 -7.333334 -152.000000
vt 1.591797 0.127604
vn 0.000000 0.000000 1.000000
v -8.000000 -8.000000 -152.000000
vt 1.593750 0.125000
vn -0.577350 -0.577350 0.577350
v -8.000000 8.000000 -152.000000
vt 1.593750 0.187500
vn -0.577350 0.577350 0.577350
v -304.000000 -8.000000 -152.000000
vt 0.437500 0.125000
vn 0.000000 -0.707107 0.707107
v -10.000000 8.000000 -152.000000
vt 1.585938 0.187500
vn 0.000000 0.894427 0.447214
v -288.000000 8.000000 -152.000000
vt 0.500000 0.187500
vn 0.000000 0.707107 0.707107
v -8.000000 -8.000000 -152.000000
vt 1.593750 0.125000
vn -0.577350 -0.577350 0.577350
v -8.000000 8.000000 -152.000000
vt 1.593750 0.187500
vn -0.577350 0.577350 0.577350
v -8.000000 7.333334 -151.500000
vt 1.591797 0.184896
vn -1.000000 0.000000 -0.000000
v -8.000000 -7.333333 -151.500000
vt 1.591797 0.127604
vn -1.000000 0.000000 -0.000000
v -8.000000 -8.000000 160.000000
vt 0.375000 0.125000
vn -0.707107 -0.707107 -0.000000
v -8.000000 -7.333334 160.000000
vt 0.375000 0.127604
vn -1.000000 0.000000 -0.000000
v -8.000000 7.333333 -150.000000
vt 1.585938 0.184896
vn -1.000000 0.000000 -0.000000
v -8.000000 7.333333 160.000000
vt 0.375000 0.184896
vn -1.000000 0.000000 -0.000000
v -8.000000 8.000000 -150.000000
vt 1.585938 0.187500
vn -0.447214 0.894427 -0.000000
v -8.000000 8.000000 160.000000
vt 0.375000 0.187500
vn -0.707107 0.707107 -0.000000
v -8.000000 -8.000000 -152.000000
vt 0.593750 0.593750
vn -0.707107 -0.707107 -0.000000
v -8.000000 -8.000000 160.000000
vt 0.593750 -0.625000
vn -0.707107 -0.707107 -0.000000
v -6.750000 -8.000000 160.000000
vt 0.598633 -0.625000
vn 0.000000 -1.000000 -0.000000
v -6.750000 -8.000000 -153.250000
vt 0.598633 0.598633
vn 0.000000 -1.000000 -0.000000
v 0.000000 -8.000000 160.000000
vt 0.625000 -0.625000
vn 0.000000 -1.000000 -0.000000
v 0.000000 -8.000000 -160.000000
vt 0.625000 0.625000
vn 0.000000 -1.000000 -0.000000
v -8.000000 8.000000 -150.000000
vt 0.593750 0.585938
vn -0.707107 0.707107 -0.000000
v -8.000000 8.000000 -152.000000
vt 0.593750 0.593750
vn -0.707107 0.707107 -0.000000
v -7.333329 8.000000 -152.666672
vt 0.596354 0.596354
vn 0.000000 1.000000 -0.000000
v -7.333333 8.000000 -150.000000
vt 0.596354 0.585938
vn 0.000000 1.000000 -0.000000
v 0.000000 8.000000 -160.000000
vt 0.625000 0.625000
vn 0.000000 1.000000 -0.000000
v 0.000000 8.000000 -150.000000
vt 0.625000 0.585938
vn 0.000000 1.000000 -0.000000
v -10.000000 8.000000 -160.000000
vt 0.585938 0.625000
vn 0.000000 1.000000 -0.000000
v -10.000000 8.000000 -152.666672
vt 0.585938 0.596354
vn 0.000000 1.000000 -0.000000
v -8.000000 8.000000 -152.000000
vt 0.593750 0.593750
vn 0.000000 0.707107 0.707107
v -10.000000 8.000000 -152.000000
vt 0.585938 0.593750
vn 0.000000 0.707107 0.707107
v -8.000000 8.000000 160.000000
vt 0.593750 -0.625000
vn -0.707107 0.707107 -0.000000
v -8.000000 8.000000 -150.000000
vt 0.593750 0.585938
vn -0.707107 0.707107 -0.000000
v -6.750000 8.000000 -150.000000
vt 0.598633 0.585938
vn 0.000000 1.000000 -0.000000
v -6.750000 8.000000 160.000000
vt 0.598633 -0.625000
vn 0.000000 1.000000 -0.000000
v 0.000000 8.000000 -150.000000
vt 0.625000 0.585938
vn 0.000000 1.000000 -0.000000
v 0.000000 8.000000 160.000000
vt 0.625000 -0.625000
vn 0.000000 1.000000 -0.000000
v -304.000000 -8.000000 -152.000000
vt 0.437500 0.593750
vn 0.000000 -0.707107 0.707107
v -8.000000 -8.000000 -152.000000
vt 1.593750 0.593750
vn 0.000000 -0.707107 0.707107
v -6.750031 -8.000000 -153.250000
vt 1.598633 0.598633
vn 0.000000 -1.000000 -0.000000
v -304.000000 -8.000000 -153.250000
vt 0.437500 0.598633
vn 0.000000 -1.000000 -0.000000
v 0.000000 -8.000000 -160.000000
vt 1.625000 0.625000
vn 0.000000 -1.000000 -0.000000
v -304.000000 -8.000000 -160.000000
vt 0.437500 0.625000
vn 0.000000 -1.000000 -0.000000
v -10.000000 8.000000 -152.000000
vt 1.585938 0.593750
vn 0.000000 0.707107 0.707107
v -288.000000 8.000000 -152.000000
vt 0.500000 0.593750
vn 0.000000 0.707107 0.707107
v -288.000000 8.000000 -153.250000
vt 0.500000 0.598633
vn 0.000000 1.000000 -0.000000
v -10.000000 8.000000 -153.250000
vt 1.585938 0.598633
vn 0.000000 1.000000 -0.000000
v -288.000000 8.000000 -160.000000
vt 0.500000 0.625000
vn 0.000000 1.000000 -0.000000
v -10.000000 8.000000 -160.000000
vt 1.585938 0.625000
vn 0.000000 1.000000 -0.000000
f 907/907/907 909/909/909 908/908/908
f 907/907/907 910/910/910 909/909/909
f 907/907/907 911/911/911 910/910/910
f 916/916/916 909/909/909 915/915/915
f 916/916/916 908/908/908 909/909/909
f 915/915/915 910/910/910 913/913/913
f 915/915/915 909/909/909 910/910/910
f 913/913/913 911/911/911 912/912/912
f 913/913/913 910/910/910 911/911/911
f 912/912/912 907/907/907 914/914/914
f 912/912/912 911/911/911 907/907/907
f 953/953/953 952/952/952 954/954/954
f 953/953/953 951/951/951 952/952/952
f 949/949/949 951/951/951 950/950/950
f 949/949/949 952/952/952 951/951/951
f 922/922/922 919/919/919 920/920/920
f 922/922/922 923/923/923 919/919/919
f 922/922/922 924/924/924 923/923/923
f 918/918/918 923/923/923 925/925/925
f 918/918/918 919/919/919 923/923/923
f 925/925/925 924/924/924 926/926/926
f 925/925/925 923/923/923 924/924/924
f 921/921/921 920/920/920 917/917/917
f 921/921/921 922/922/922 920/920/920
f 917/917/917 919/919/919 918/918/918
f 917/917/917 920/920/920 919/919/919
f 931/931/931 930/930/930 932/932/932
f 931/931/931 929/929/929 930/930/930
f 927/927/927 929/929/929 928/928/928
f 927/927/927 930/930/930 929/929/929
f 935/935/935 939/939/939 940/940/940
f 935/935/935 937/937/937 939/939/939
f 941/941/941 940/940/940 942/942/942
f 941/941/941 935/935/935 940/940/940
f 958/958/958 959/959/959 957/957/957
f 958/958/958 960/960/960 959/959/959
f 955/955/955 957/957/957 956/956/956
f 955/955/955 958/958/958 957/957/957
f 946/946/946 947/947/947 945/945/945
f 946/946/946 948/948/948 947/947/947
f 943/943/943 945/945/945 944/944/944
f 943/943/943 946/946/946 945/945/945
f 936/936/936 937/937/937 935/935/935
f 936/936/936 938/938/938 937/937/937
f 933/933/933 935/935/935 934/934/934
f 933/933/933 936/936/936 935/935/935
