# Generated by makebsp -bsp2obj
# Source: C:/Users/German/Documents/My Games/Warfork 2.1/basewf/models/mapobjects/wdm5/wdm5_SewerAreaRATunnelPipes
# Axis swap: Q3 Z-up -> OBJ Y-up (X=X, Y=Z, Z=-Y)
o wdm5_SewerAreaRATunnelPipes
mtllib wdm5_SewerAreaRATunnelPipes.mtl
g mat0m0s52
usemtl textures/plastic/black85
v -372.000000 -24.000000 -163.000000
vt 0.226333 1.164062
vn 0.707107 0.000000 -0.707107
v -360.000000 -27.000000 -159.000000
vt 0.191846 1.343750
vn 0.000000 -0.707107 -0.707107
v -360.000000 -24.000000 -160.000000
vt 0.226333 1.343750
vn 0.000000 0.000000 -1.000000
v -372.750000 -27.000000 -162.250000
vt 0.191846 1.164062
vn 0.408248 -0.816497 -0.408248
v 88.000000 -27.000000 -159.000000
vt 0.156250 4.500000
vn 0.000000 -0.707107 -0.707107
v 88.000000 -24.000000 -160.000000
vt 0.187500 4.500000
vn 0.000000 0.000000 -1.000000
v -360.000000 -21.000000 -159.000000
vt 0.260819 1.343750
vn 0.000000 0.707107 -0.707107
v 88.000000 -21.000000 -159.000000
vt 0.218750 4.500000
vn 0.000000 0.707107 -0.707107
v -372.750000 -21.000000 -162.250000
vt 0.260819 1.164062
vn 0.408248 0.816497 -0.408248
v -375.000000 -20.000000 -160.000000
vt 0.301777 1.164062
vn 0.000000 1.000000 -0.000000
v -360.000000 -21.000000 -159.000000
vt 0.260819 1.343750
vn 0.000000 0.707107 -0.707107
v -360.000000 -20.000000 -156.000000
vt 0.301777 1.343750
vn 0.000000 1.000000 -0.000000
v -372.750000 -21.000000 -162.250000
vt 0.260819 1.164062
vn 0.408248 0.816497 -0.408248
v 88.000000 -21.000000 -159.000000
vt 0.218750 4.500000
vn 0.000000 0.707107 -0.707107
v 88.000000 -20.000000 -156.000000
vt 0.250000 4.500000
vn 0.000000 1.000000 -0.000000
v -380.000000 -20.000000 -172.000000
vt 0.301777 1.000000
vn 0.000000 1.000000 -0.000000
v -377.000000 -21.000000 -172.000000
vt 0.260819 1.000000
vn 0.707107 0.707107 -0.000000
v -360.000000 -24.000000 -152.000000
vt 0.075444 1.343750
vn 0.000000 0.000000 1.000000
v -360.000000 -21.000000 -153.000000
vt 0.040958 1.343750
vn 0.000000 0.707107 0.707107
v 88.000000 -21.000000 -153.000000
vt 0.031250 4.500000
vn 0.000000 0.707107 0.707107
v 88.000000 -24.000000 -152.000000
vt 0.062500 4.500000
vn 0.000000 0.000000 1.000000
v -378.000000 -24.000000 -157.000000
vt 0.075444 1.164062
vn -0.707107 0.000000 0.707107
v -377.250000 -21.000000 -157.750000
vt 0.040958 1.164062
vn -0.408248 0.816497 0.408248
v 88.000000 -20.000000 -156.000000
vt 0.000000 4.500000
vn 0.000000 1.000000 -0.000000
v -360.000000 -20.000000 -156.000000
vt 0.000000 1.343750
vn 0.000000 1.000000 -0.000000
v -375.000000 -20.000000 -160.000000
vt 0.000000 1.164062
vn 0.000000 1.000000 -0.000000
v -383.000000 -21.000000 -172.000000
vt 0.040958 1.000000
vn -0.707107 0.707107 -0.000000
v -380.000000 -20.000000 -172.000000
vt 0.000000 1.000000
vn 0.000000 1.000000 -0.000000
v -375.000000 -28.000000 -160.000000
vt 0.150888 1.164062
vn 0.000000 -1.000000 -0.000000
v -360.000000 -27.000000 -153.000000
vt 0.109930 1.343750
vn 0.000000 -0.707107 0.707107
v -360.000000 -28.000000 -156.000000
vt 0.150888 1.343750
vn 0.000000 -1.000000 -0.000000
v -377.250000 -27.000000 -157.750000
vt 0.109930 1.164062
vn -0.408248 -0.816497 0.408248
v 88.000000 -27.000000 -153.000000
vt 0.093750 4.500000
vn 0.000000 -0.707107 0.707107
v 88.000000 -28.000000 -156.000000
vt 0.125000 4.500000
vn 0.000000 -1.000000 -0.000000
v -380.000000 -28.000000 -172.000000
vt 0.150888 1.000000
vn 0.000000 -1.000000 -0.000000
v -383.000000 -27.000000 -172.000000
vt 0.109930 1.000000
vn -0.707107 -0.707107 -0.000000
v -360.000000 -27.000000 -159.000000
vt 0.191846 1.343750
vn 0.000000 -0.707107 -0.707107
v 88.000000 -27.000000 -159.000000
vt 0.156250 4.500000
vn 0.000000 -0.707107 -0.707107
v -372.750000 -27.000000 -162.250000
vt 0.191846 1.164062
vn 0.408248 -0.816497 -0.408248
v -377.000000 -27.000000 -172.000000
vt 0.191846 1.000000
vn 0.707107 -0.707107 -0.000000
v 88.000000 -24.000000 -152.000000
vt 0.062500 4.500000
vn 0.000000 0.000000 1.000000
v -360.000000 -24.000000 -152.000000
vt 0.075444 1.343750
vn 0.000000 0.000000 1.000000
v -384.000000 -24.000000 -172.000000
vt 0.075444 1.000000
vn -1.000000 0.000000 -0.000000
v -377.250000 -21.000000 -157.750000
vt 0.040958 1.164062
vn -0.408248 0.816497 0.408248
v -378.000000 -24.000000 -157.000000
vt 0.075444 1.164062
vn -0.707107 0.000000 0.707107
v -383.000000 -21.000000 -172.000000
vt 0.040958 1.000000
vn -0.707107 0.707107 -0.000000
v -383.000000 -27.000000 -172.000000
vt 0.109930 1.000000
vn -0.707107 -0.707107 -0.000000
v -377.250000 -27.000000 -157.750000
vt 0.109930 1.164062
vn -0.408248 -0.816497 0.408248
v -360.000000 -24.000000 -152.000000
vt 0.075444 1.343750
vn 0.000000 0.000000 1.000000
v -360.000000 -27.000000 -153.000000
vt 0.109930 1.343750
vn 0.000000 -0.707107 0.707107
v -376.000000 -24.000000 -172.000000
vt 0.226333 1.000000
vn 1.000000 0.000000 -0.000000
v -372.750000 -27.000000 -162.250000
vt 0.191846 1.164062
vn 0.408248 -0.816497 -0.408248
v -372.000000 -24.000000 -163.000000
vt 0.226333 1.164062
vn 0.707107 0.000000 -0.707107
v -377.000000 -27.000000 -172.000000
vt 0.191846 1.000000
vn 0.707107 -0.707107 -0.000000
v -377.000000 -21.000000 -172.000000
vt 0.260819 1.000000
vn 0.707107 0.707107 -0.000000
v -372.750000 -21.000000 -162.250000
vt 0.260819 1.164062
vn 0.408248 0.816497 -0.408248
f 16/16/16 13/13/13 17/17/17
f 16/16/16 10/10/10 13/13/13
f 10/10/10 11/11/11 13/13/13
f 10/10/10 12/12/12 11/11/11
f 12/12/12 14/14/14 11/11/11
f 12/12/12 15/15/15 14/14/14
f 55/55/55 53/53/53 51/51/51
f 55/55/55 56/56/56 53/53/53
f 9/9/9 3/3/3 1/1/1
f 9/9/9 7/7/7 3/3/3
f 7/7/7 6/6/6 3/3/3
f 7/7/7 8/8/8 6/6/6
f 51/51/51 52/52/52 54/54/54
f 51/51/51 53/53/53 52/52/52
f 1/1/1 2/2/2 4/4/4
f 1/1/1 3/3/3 2/2/2
f 3/3/3 5/5/5 2/2/2
f 3/3/3 6/6/6 5/5/5
f 40/40/40 29/29/29 35/35/35
f 40/40/40 39/39/39 29/29/29
f 39/39/39 31/31/31 29/29/29
f 39/39/39 37/37/37 31/31/31
f 37/37/37 34/34/34 31/31/31
f 37/37/37 38/38/38 34/34/34
f 35/35/35 32/32/32 36/36/36
f 35/35/35 29/29/29 32/32/32
f 29/29/29 30/30/30 32/32/32
f 29/29/29 31/31/31 30/30/30
f 31/31/31 33/33/33 30/30/30
f 31/31/31 34/34/34 33/33/33
f 47/47/47 45/45/45 43/43/43
f 47/47/47 48/48/48 45/45/45
f 48/48/48 49/49/49 45/45/45
f 48/48/48 50/50/50 49/49/49
f 30/30/30 41/41/41 42/42/42
f 30/30/30 33/33/33 41/41/41
f 43/43/43 44/44/44 46/46/46
f 43/43/43 45/45/45 44/44/44
f 22/22/22 19/19/19 23/23/23
f 22/22/22 18/18/18 19/19/19
f 18/18/18 20/20/20 19/19/19
f 18/18/18 21/21/21 20/20/20
f 27/27/27 26/26/26 28/28/28
f 27/27/27 23/23/23 26/26/26
f 23/23/23 25/25/25 26/26/26
f 23/23/23 19/19/19 25/25/25
f 19/19/19 24/24/24 25/25/25
f 19/19/19 20/20/20 24/24/24
g mat1m0s53
usemtl textures/metal/redmetalbase
v -360.000000 -31.000000 -161.000000
vt 0.962116 1.392090
vn 0.000000 0.707107 -0.707107
v -360.000000 -30.000000 -158.000000
vt 0.962116 1.404249
vn 0.000000 1.000000 -0.000000
v -375.000000 -30.000000 -162.000000
vt 1.015463 1.404249
vn 0.000000 1.000000 -0.000000
v -372.750000 -31.000000 -164.250000
vt 1.015463 1.392090
vn 0.408248 0.816497 -0.408248
v 88.000000 -31.000000 -161.000000
vt -0.076990 1.392090
vn 0.000000 0.707107 -0.707107
v 88.000000 -30.000000 -158.000000
vt -0.076990 1.404249
vn 0.000000 1.000000 -0.000000
v -380.000000 -30.000000 -174.000000
vt 1.064171 1.404249
vn 0.000000 1.000000 -0.000000
v -377.000000 -31.000000 -174.000000
vt 1.064171 1.392090
vn 0.707107 0.707107 -0.000000
v 88.000000 -31.000000 -155.000000
vt -0.076990 1.326816
vn 0.000000 0.707107 0.707107
v -360.000000 -34.000000 -154.000000
vt 0.962116 1.337054
vn 0.000000 0.000000 1.000000
v -360.000000 -31.000000 -155.000000
vt 0.962116 1.326816
vn 0.000000 0.707107 0.707107
v 88.000000 -34.000000 -154.000000
vt -0.076990 1.337054
vn 0.000000 0.000000 1.000000
v -378.000000 -34.000000 -159.000000
vt 1.015463 1.337054
vn -0.707107 0.000000 0.707107
v -377.250000 -31.000000 -159.750000
vt 1.015463 1.326816
vn -0.408248 0.816497 0.408248
v 88.000000 -30.000000 -158.000000
vt -0.076990 1.314656
vn 0.000000 1.000000 -0.000000
v -360.000000 -30.000000 -158.000000
vt 0.962116 1.314656
vn 0.000000 1.000000 -0.000000
v -375.000000 -30.000000 -162.000000
vt 1.015463 1.314656
vn 0.000000 1.000000 -0.000000
v -383.000000 -31.000000 -174.000000
vt 1.064171 1.326816
vn -0.707107 0.707107 -0.000000
v -380.000000 -30.000000 -174.000000
vt 1.064171 1.314656
vn 0.000000 1.000000 -0.000000
v -360.000000 -37.000000 -161.000000
vt 0.962116 1.371613
vn 0.000000 -0.707107 -0.707107
v -360.000000 -34.000000 -162.000000
vt 0.962116 1.381851
vn 0.000000 0.000000 -1.000000
v -372.000000 -34.000000 -165.000000
vt 1.015463 1.381851
vn 0.707107 0.000000 -0.707107
v -372.750000 -37.000000 -164.250000
vt 1.015463 1.371613
vn 0.408248 -0.816497 -0.408248
v 88.000000 -37.000000 -161.000000
vt -0.076990 1.371613
vn 0.000000 -0.707107 -0.707107
v 88.000000 -34.000000 -162.000000
vt -0.076990 1.381851
vn 0.000000 0.000000 -1.000000
v -360.000000 -31.000000 -161.000000
vt 0.962116 1.392090
vn 0.000000 0.707107 -0.707107
v 88.000000 -31.000000 -161.000000
vt -0.076990 1.392090
vn 0.000000 0.707107 -0.707107
v -372.750000 -31.000000 -164.250000
vt 1.015463 1.392090
vn 0.408248 0.816497 -0.408248
v -360.000000 -34.000000 -154.000000
vt 0.962116 1.337054
vn 0.000000 0.000000 1.000000
v -360.000000 -37.000000 -155.000000
vt 0.962116 1.347293
vn 0.000000 -0.707107 0.707107
v -377.250000 -37.000000 -159.750000
vt 1.015463 1.347293
vn -0.408248 -0.816497 0.408248
v -378.000000 -34.000000 -159.000000
vt 1.015463 1.337054
vn -0.707107 0.000000 0.707107
v 88.000000 -34.000000 -154.000000
vt -0.076990 1.337054
vn 0.000000 0.000000 1.000000
v 88.000000 -37.000000 -155.000000
vt -0.076990 1.347293
vn 0.000000 -0.707107 0.707107
v -360.000000 -38.000000 -158.000000
vt 0.962116 1.359453
vn 0.000000 -1.000000 -0.000000
v 88.000000 -38.000000 -158.000000
vt -0.076990 1.359453
vn 0.000000 -1.000000 -0.000000
v -375.000000 -38.000000 -162.000000
vt 1.015463 1.359453
vn 0.000000 -1.000000 -0.000000
v -360.000000 -37.000000 -161.000000
vt 0.962116 1.371613
vn 0.000000 -0.707107 -0.707107
v -372.750000 -37.000000 -164.250000
vt 1.015463 1.371613
vn 0.408248 -0.816497 -0.408248
v 88.000000 -37.000000 -161.000000
vt -0.076990 1.371613
vn 0.000000 -0.707107 -0.707107
v -377.000000 -37.000000 -174.000000
vt 1.064171 1.371613
vn 0.707107 -0.707107 -0.000000
v -380.000000 -38.000000 -174.000000
vt 1.064171 1.359453
vn 0.000000 -1.000000 -0.000000
v -383.000000 -37.000000 -174.000000
vt 1.064171 1.347293
vn -0.707107 -0.707107 -0.000000
v -378.000000 -34.000000 -159.000000
vt 1.015463 1.337054
vn -0.707107 0.000000 0.707107
v -383.000000 -37.000000 -174.000000
vt 1.064171 1.347293
vn -0.707107 -0.707107 -0.000000
v -384.000000 -34.000000 -174.000000
vt 1.064171 1.337054
vn -1.000000 0.000000 -0.000000
v -377.250000 -37.000000 -159.750000
vt 1.015463 1.347293
vn -0.408248 -0.816497 0.408248
v -377.250000 -31.000000 -159.750000
vt 1.015463 1.326816
vn -0.408248 0.816497 0.408248
v -383.000000 -31.000000 -174.000000
vt 1.064171 1.326816
vn -0.707107 0.707107 -0.000000
v -372.750000 -37.000000 -164.250000
vt 1.015463 1.371613
vn 0.408248 -0.816497 -0.408248
v -372.000000 -34.000000 -165.000000
vt 1.015463 1.381851
vn 0.707107 0.000000 -0.707107
v -376.000000 -34.000000 -174.000000
vt 1.064171 1.381851
vn 1.000000 0.000000 -0.000000
v -377.000000 -37.000000 -174.000000
vt 1.064171 1.371613
vn 0.707107 -0.707107 -0.000000
v -377.000000 -31.000000 -174.000000
vt 1.064171 1.392090
vn 0.707107 0.707107 -0.000000
v -372.750000 -31.000000 -164.250000
vt 1.015463 1.392090
vn 0.408248 0.816497 -0.408248
f 71/71/71 67/67/67 65/65/65
f 71/71/71 72/72/72 67/67/67
f 72/72/72 70/70/70 67/67/67
f 72/72/72 73/73/73 70/70/70
f 73/73/73 74/74/74 70/70/70
f 73/73/73 75/75/75 74/74/74
f 65/65/65 66/66/66 68/68/68
f 65/65/65 67/67/67 66/66/66
f 67/67/67 69/69/69 66/66/66
f 67/67/67 70/70/70 69/69/69
f 104/104/104 102/102/102 100/100/100
f 104/104/104 105/105/105 102/102/102
f 89/89/89 86/86/86 90/90/90
f 89/89/89 85/85/85 86/86/86
f 85/85/85 87/87/87 86/86/86
f 85/85/85 88/88/88 87/87/87
f 100/100/100 101/101/101 103/103/103
f 100/100/100 102/102/102 101/101/101
f 90/90/90 91/91/91 92/92/92
f 90/90/90 86/86/86 91/91/91
f 86/86/86 93/93/93 91/91/91
f 86/86/86 87/87/87 93/93/93
f 87/87/87 98/98/98 93/93/93
f 87/87/87 99/99/99 98/98/98
f 92/92/92 94/94/94 96/96/96
f 92/92/92 91/91/91 94/94/94
f 91/91/91 95/95/95 94/94/94
f 91/91/91 93/93/93 95/95/95
f 93/93/93 97/97/97 95/95/95
f 93/93/93 98/98/98 97/97/97
f 80/80/80 77/77/77 81/81/81
f 80/80/80 76/76/76 77/77/77
f 76/76/76 78/78/78 77/77/77
f 76/76/76 79/79/79 78/78/78
f 106/106/106 108/108/108 107/107/107
f 106/106/106 109/109/109 108/108/108
f 81/81/81 82/82/82 83/83/83
f 81/81/81 77/77/77 82/82/82
f 77/77/77 84/84/84 82/82/82
f 77/77/77 78/78/78 84/84/84
f 107/107/107 110/110/110 111/111/111
f 107/107/107 108/108/108 110/110/110
f 61/61/61 58/58/58 62/62/62
f 61/61/61 57/57/57 58/58/58
f 57/57/57 59/59/59 58/58/58
f 57/57/57 60/60/60 59/59/59
f 60/60/60 63/63/63 59/59/59
f 60/60/60 64/64/64 63/63/63
g mat2m0s54
usemtl textures/metal/orangewall
v 164.161865 14.707000 7.541874
vt 9.407361 20.127621
vn 0.081501 0.843441 0.531004
v 161.564362 17.893999 -4.508105
vt 9.407360 21.683687
vn -0.030944 0.978775 -0.202590
v 225.257416 17.893999 -18.388672
vt 12.237640 21.683687
vn -0.061588 0.978361 -0.197524
v 230.147491 14.707000 -6.912501
vt 12.237641 20.127621
vn 0.162842 0.841824 0.514602
v 88.000000 14.707000 12.360000
vt 6.560962 20.127623
vn -0.000000 0.838422 0.545021
v 88.000000 17.893999 0.118750
vt 6.560961 21.683689
vn 0.000000 0.978242 -0.207466
v 279.079193 17.893999 -41.522949
vt 15.051802 21.683687
vn -0.101661 0.979558 -0.173581
v 285.956848 14.707000 -31.003128
vt 15.051802 20.127621
vn 0.267937 0.849120 0.455198
v 323.029694 17.893999 -73.910934
vt 17.849844 21.683685
vn -0.141231 0.978619 -0.149526
v 331.589996 14.707000 -64.730003
vt 17.849844 20.127621
vn 0.369268 0.844246 0.388446
v -328.000000 14.707000 12.360000
vt -7.533459 20.127625
vn 0.000000 0.838422 0.545021
v -328.000000 17.893999 0.118750
vt -7.533457 21.683691
vn -0.000000 0.978242 -0.207466
v 357.108887 17.893999 -115.552643
vt 20.631767 21.683685
vn -0.167806 0.979829 -0.108520
v 367.046875 14.707000 -108.093132
vt 20.631767 20.127621
vn 0.448228 0.846408 0.287548
v 381.316803 17.893999 -166.448044
vt 23.397572 21.683685
vn -0.194578 0.978619 -0.066665
v 392.327515 14.707000 -161.092499
vt 23.397572 20.127621
vn 0.517479 0.836399 0.180700
v 395.653412 17.893999 -226.597168
vt 26.147259 21.683685
vn -0.201005 0.979071 -0.031883
v 407.431854 14.707000 -223.728119
vt 26.147259 20.127619
vn 0.535277 0.839886 0.089827
v 400.118744 17.893999 -296.000000
vt 28.880825 21.683683
vn -0.206772 0.978384 0.003202
v 412.359985 14.707000 -296.000000
vt 28.880825 20.127619
vn 0.550260 0.834992 -0.001198
v -335.000000 15.545437 12.905000
vt -8.346596 20.127625
vn 0.382681 0.774603 0.503534
v -336.750000 18.941999 0.800000
vt -8.346595 21.683691
vn 0.259685 0.925967 -0.274131
v -340.000000 18.060749 14.539999
vt -9.159730 20.127625
vn 0.707103 0.592860 0.385387
v -343.000000 22.085999 2.843750
vt -9.159729 21.683691
vn 0.499992 0.804604 -0.320344
v 316.056244 10.013000 -81.331245
vt 17.849844 23.338696
vn -0.571057 0.557040 -0.602993
v 273.469147 10.013000 -50.025391
vt 15.051802 23.338696
vn -0.417748 0.563927 -0.712371
v 349.025391 10.013000 -121.581635
vt 20.631767 23.338696
vn -0.696335 0.560966 -0.447699
v 372.376556 10.013000 -170.776566
vt 23.397572 23.338696
vn -0.792547 0.544883 -0.273811
v 221.264069 10.013000 -27.664062
vt 12.237640 23.338696
vn -0.249788 0.551162 -0.796133
v 386.109772 10.013000 -228.916016
vt 26.147259 23.338694
vn -0.824954 0.549077 -0.134034
v 390.225006 10.013000 -296.000000
vt 28.880825 23.338694
vn -0.841288 0.540525 0.008192
v 159.441010 10.013000 -14.247265
vt 9.407360 23.338696
vn -0.125784 0.553159 -0.823525
v 88.000000 10.013000 -9.775000
vt 6.560961 23.338697
vn 0.000000 0.544999 -0.838437
v -328.000000 10.013000 -9.775000
vt -7.533457 23.338699
vn 0.000000 0.544999 -0.838437
v -342.000000 11.689812 -8.684999
vt -8.346594 23.338699
vn -0.000006 0.545003 -0.838434
v -352.000000 16.720249 -5.415000
vt -9.159729 23.338699
vn -0.000010 0.545008 -0.838431
v -346.750000 27.325998 6.250000
vt -9.972860 21.683691
vn 0.626939 0.618054 -0.474296
v -358.000000 25.104313 0.035000
vt -9.972860 23.338699
vn -0.000007 0.545013 -0.838428
v 290.346436 4.813250 -24.230175
vt 15.051802 18.571579
vn 0.496752 0.211423 0.841747
v 337.060303 4.813250 -58.819061
vt 17.849844 18.571579
vn 0.674715 0.205704 0.708834
v 233.265076 4.813250 0.476171
vt 12.237641 18.571579
vn 0.296033 0.206889 0.932503
v 373.406738 4.813250 -103.290489
vt 20.631767 18.571577
vn 0.821953 0.211123 0.528980
v 165.816269 4.813250 15.299979
vt 9.407361 18.571579
vn 0.149069 0.209606 0.966356
v -328.000000 4.813250 20.241249
vt -7.533459 18.571583
vn -0.000000 0.207491 0.978237
v 88.000000 4.813250 20.241249
vt 6.560962 18.571581
vn -0.000000 0.207491 0.978237
v -336.750000 5.861297 20.922499
vt -8.346596 18.571583
vn 0.259688 0.125345 0.957523
v 399.385712 4.813250 -157.644440
vt 23.397572 18.571575
vn 0.923467 0.205649 0.323910
v 414.997192 4.813250 -221.880951
vt 26.147259 18.571575
vn 0.964003 0.209193 0.164122
v 420.241241 4.813250 -296.000000
vt 28.880825 18.571575
vn 0.978381 0.206808 0.000839
v -348.000000 34.661999 11.018750
vt -10.785989 21.683691
vn 0.707104 0.385390 -0.592857
v -360.000000 36.841999 7.665000
vt -10.785989 23.338699
vn -0.000004 0.545016 -0.838426
v -328.000000 10.013000 -9.775000
vt -7.533459 10.494539
vn 0.000000 0.544999 -0.838437
v 88.000000 -2.228250 -12.961250
vt 6.560962 12.149538
vn 0.000000 -0.207491 -0.978237
v 88.000000 10.013000 -9.775000
vt 6.560962 10.494537
vn 0.000000 0.544999 -0.838437
v -328.000000 -2.228250 -12.961250
vt -7.533459 12.149540
vn -0.000000 -0.207491 -0.978237
v -342.000000 11.689812 -8.684999
vt -8.346596 10.494539
vn -0.000006 0.545003 -0.838434
v -347.250000 0.077391 -11.462501
vt -8.346596 12.149540
vn -0.259689 -0.125345 -0.957523
v 158.734985 -2.228250 -17.383732
vt 9.407361 12.149538
vn -0.147287 -0.209545 -0.966642
v 159.441010 10.013000 -14.247265
vt 9.407361 10.494537
vn -0.125784 0.553159 -0.823525
v -352.000000 16.720249 -5.415000
vt -9.159730 10.494540
vn -0.000010 0.545008 -0.838431
v -361.000000 6.994312 -6.966250
vt -9.159730 12.149541
vn -0.500001 -0.033845 -0.865363
v 219.939911 -2.228250 -30.651173
vt 12.237641 12.149537
vn -0.292563 -0.206910 -0.933592
v 221.264069 10.013000 -27.664062
vt 12.237641 10.494536
vn -0.249788 0.551162 -0.796133
v -358.000000 25.104313 0.035000
vt -9.972860 10.494541
vn -0.000007 0.545013 -0.838428
v -369.250000 18.522514 0.527500
vt -9.972860 12.149541
vn -0.626945 0.182580 -0.757367
v -360.000000 36.841999 7.665000
vt -10.785989 10.494541
vn -0.000004 0.545016 -0.838426
v -372.000000 34.661999 11.018749
vt -10.785989 12.149541
vn -0.707108 0.385381 -0.592858
v 271.614807 -2.228250 -52.763573
vt 15.051802 12.149536
vn -0.493943 -0.211463 -0.843388
v 273.469147 10.013000 -50.025391
vt 15.051802 10.494535
vn -0.417748 0.563927 -0.712371
v 313.759674 -2.228250 -83.720932
vt 17.849844 12.149536
vn -0.672685 -0.205708 -0.710760
v 316.056244 10.013000 -81.331245
vt 17.849844 10.494535
vn -0.571057 0.557040 -0.602993
v -328.000000 -7.428000 17.055000
vt -7.533459 16.916580
vn -0.000000 -0.545014 0.838427
v 88.000000 4.813250 20.241249
vt 6.560962 18.571581
vn -0.000000 0.207491 0.978237
v 88.000000 -7.428000 17.055000
vt 6.560962 16.916580
vn -0.000000 -0.545014 0.838427
v -328.000000 4.813250 20.241249
vt -7.533459 18.571583
vn -0.000000 0.207491 0.978237
v -342.000000 -5.751125 18.145000
vt -8.346596 16.916580
vn -0.000004 -0.545011 0.838429
v -336.750000 5.861297 20.922499
vt -8.346596 18.571583
vn 0.259688 0.125345 0.957523
v 165.816269 4.813250 15.299979
vt 9.407361 18.571579
vn 0.149069 0.209606 0.966356
v 165.110229 -7.428000 12.163516
vt 9.407361 16.916580
vn 0.127040 -0.553271 0.823257
v -352.000000 -0.720500 21.415001
vt -9.159730 16.916580
vn -0.000007 -0.545008 0.838431
v -343.000000 9.005438 22.966249
vt -9.159730 18.571583
vn 0.500000 0.033845 0.865364
v 233.265076 4.813250 0.476171
vt 12.237641 18.571579
vn 0.296033 0.206889 0.932503
v 231.940933 -7.428000 -2.510938
vt 12.237641 16.916578
vn 0.252219 -0.551300 0.795270
v -358.000000 7.663876 26.865000
vt -9.972860 16.916580
vn -0.000005 -0.545004 0.838433
v -346.750000 14.245672 26.372499
vt -9.972860 18.571583
vn 0.626943 -0.182575 0.757369
v -360.000000 19.402000 34.494999
vt -10.785989 16.916580
vn -0.000004 -0.545002 0.838435
v -348.000000 21.582001 31.141251
vt -10.785989 18.571583
vn 0.707107 -0.385373 0.592864
v -372.000000 21.582001 31.141251
vt -10.785989 15.261614
vn -0.707109 -0.385375 0.592860
v -369.250000 5.442407 20.650000
vt -9.972860 15.261614
vn -0.626945 -0.618044 0.474301
v -361.000000 -6.085874 13.156250
vt -9.159730 15.261614
vn -0.500000 -0.804596 0.320351
v -347.250000 -13.002844 8.660000
vt -8.346596 15.261614
vn -0.259688 -0.925964 0.274139
v -328.000000 -15.308500 7.161250
vt -7.533459 15.261614
vn 0.000000 -0.978240 0.207475
v 88.000000 -15.308500 7.161250
vt 6.560962 15.261612
vn -0.000000 -0.978240 0.207475
v 162.986893 -15.308500 2.424355
vt 9.407361 15.261612
vn 0.031609 -0.978789 0.202417
v 396.468445 -7.428000 -159.038437
vt 23.397572 16.916574
vn 0.791190 -0.545095 0.277290
v 414.997192 4.813250 -221.880951
vt 26.147259 18.571575
vn 0.964003 0.209193 0.164122
v 411.901489 -7.428000 -222.627731
vt 26.147259 16.916573
vn 0.823904 -0.549175 0.139961
v 399.385712 4.813250 -157.644440
vt 23.397572 18.571575
vn 0.923467 0.205649 0.323910
v 420.241241 4.813250 -296.000000
vt 28.880825 18.571575
vn 0.978381 0.206808 0.000839
v 417.054993 -7.428000 -296.000000
vt 28.880825 16.916573
vn 0.840998 -0.541038 0.000121
v 370.755859 -7.428000 -105.232117
vt 20.631767 16.916574
vn 0.695872 -0.560888 0.448516
v 373.406738 4.813250 -103.290489
vt 20.631767 18.571577
vn 0.821953 0.211123 0.528980
v 387.528198 -15.308500 -163.366959
vt 23.397572 15.261608
vn 0.193859 -0.978635 0.068498
v 402.357819 -15.308500 -224.946594
vt 26.147259 15.261606
vn 0.200506 -0.979065 0.035047
v 407.161255 -15.308500 -296.000000
vt 28.880825 15.261606
vn 0.206796 -0.978383 0.001214
v 372.376556 10.013000 -170.776566
vt 23.397572 10.494535
vn -0.792547 0.544883 -0.273811
v 369.459290 -2.228250 -172.170532
vt 23.397572 12.149536
vn -0.925082 -0.205674 -0.319251
v 383.014038 -2.228250 -229.662796
vt 26.147259 12.149536
vn -0.965296 -0.209359 -0.156120
v 386.109772 10.013000 -228.916016
vt 26.147259 10.494535
vn -0.824954 0.549077 -0.134034
v 387.038757 -2.228250 -296.000000
vt 28.880825 12.149534
vn -0.978328 -0.206799 0.010425
v 390.225006 10.013000 -296.000000
vt 28.880825 10.494534
vn -0.841288 0.540525 0.008192
v 349.025391 10.013000 -121.581635
vt 20.631767 10.494535
vn -0.696335 0.560966 -0.447699
v 346.374512 -2.228250 -123.523254
vt 20.631767 12.149536
vn -0.822523 -0.211368 -0.527997
v 316.056244 10.013000 -81.331245
vt 17.849844 10.494535
vn -0.571057 0.557040 -0.602993
v 313.759674 -2.228250 -83.720932
vt 17.849844 12.149536
vn -0.672685 -0.205708 -0.710760
v 288.492096 -7.428000 -26.968361
vt 15.051802 16.916576
vn 0.419659 -0.563983 0.711203
v 337.060303 4.813250 -58.819061
vt 17.849844 18.571579
vn 0.674715 0.205704 0.708834
v 334.763733 -7.428000 -61.208752
vt 17.849844 16.916576
vn 0.572420 -0.557052 0.601687
v 290.346436 4.813250 -24.230175
vt 15.051802 18.571579
vn 0.496752 0.211423 0.841747
v 231.940933 -7.428000 -2.510938
vt 12.237641 16.916578
vn 0.252219 -0.551300 0.795270
v 233.265076 4.813250 0.476171
vt 12.237641 18.571579
vn 0.296033 0.206889 0.932503
v 373.406738 4.813250 -103.290489
vt 20.631767 18.571577
vn 0.821953 0.211123 0.528980
v 370.755859 -7.428000 -105.232117
vt 20.631767 16.916574
vn 0.695872 -0.560888 0.448516
v 282.882019 -15.308500 -35.470802
vt 15.051802 15.261609
vn 0.102691 -0.979557 0.172983
v 327.790283 -15.308500 -68.629059
vt 17.849844 15.261609
vn 0.141975 -0.978617 0.148834
v 362.672333 -15.308500 -111.261108
vt 20.631767 15.261608
vn 0.167718 -0.979788 0.109024
v 227.947571 -15.308500 -11.786328
vt 12.237641 15.261610
vn 0.062886 -0.978371 0.197065
v 162.986893 -15.308500 2.424355
vt 9.407361 15.261612
vn 0.031609 -0.978789 0.202417
v 165.110229 -7.428000 12.163516
vt 9.407361 16.916580
vn 0.127040 -0.553271 0.823257
v 396.468445 -7.428000 -159.038437
vt 23.397572 16.916574
vn 0.791190 -0.545095 0.277290
v 387.528198 -15.308500 -163.366959
vt 23.397572 15.261608
vn 0.193859 -0.978635 0.068498
v 160.389374 -12.122000 -9.625626
vt 9.407361 13.705579
vn -0.081040 -0.843420 -0.531107
v 223.057495 -12.122000 -23.262501
vt 12.237641 13.705579
vn -0.161945 -0.841796 -0.514931
v 88.000000 -12.122000 -5.080000
vt 6.560962 13.705580
vn -0.000000 -0.838437 -0.544999
v 88.000000 -15.308500 7.161250
vt 6.560962 15.261612
vn -0.000000 -0.978240 0.207475
v 276.004364 -12.122000 -45.990623
vt 15.051802 13.705578
vn -0.267180 -0.849118 -0.455645
v 319.230011 -12.122000 -77.809998
vt 17.849844 13.705578
vn -0.368674 -0.844263 -0.388972
v 352.734375 -12.122000 -118.720612
vt 20.631767 13.705578
vn -0.448269 -0.846456 -0.287344
v 376.517517 -12.122000 -168.722488
vt 23.397572 13.705577
vn -0.517929 -0.836350 -0.179637
v -328.000000 -12.122000 -5.080000
vt -7.533459 13.705582
vn 0.000000 -0.838437 -0.544999
v -328.000000 -15.308500 7.161250
vt -7.533459 15.261614
vn 0.000000 -0.978240 0.207475
v 402.357819 -15.308500 -224.946594
vt 26.147259 15.261606
vn 0.200506 -0.979065 0.035047
v 390.579376 -12.122000 -227.815613
vt 26.147259 13.705576
vn -0.535619 -0.839874 -0.087880
v 407.161255 -15.308500 -296.000000
vt 28.880825 15.261606
vn 0.206796 -0.978383 0.001214
v 394.920013 -12.122000 -296.000000
vt 28.880825 13.705576
vn -0.550486 -0.834835 0.004001
v -349.000000 -9.606750 -3.445000
vt -8.346596 13.705582
vn -0.382680 -0.774616 -0.503515
v -347.250000 -13.002844 8.660000
vt -8.346596 15.261614
vn -0.259688 -0.925964 0.274139
v -364.000000 -2.061000 1.460000
vt -9.159730 13.705582
vn -0.707101 -0.592869 -0.385376
v -361.000000 -6.085874 13.156250
vt -9.159730 15.261614
vn -0.500000 -0.804596 0.320351
v 271.614807 -2.228250 -52.763573
vt 15.051802 12.149536
vn -0.493943 -0.211463 -0.843388
v 313.759674 -2.228250 -83.720932
vt 17.849844 12.149536
vn -0.672685 -0.205708 -0.710760
v 346.374512 -2.228250 -123.523254
vt 20.631767 12.149536
vn -0.822523 -0.211368 -0.527997
v 219.939911 -2.228250 -30.651173
vt 12.237641 12.149537
vn -0.292563 -0.206910 -0.933592
v 369.459290 -2.228250 -172.170532
vt 23.397572 12.149536
vn -0.925082 -0.205674 -0.319251
v 158.734985 -2.228250 -17.383732
vt 9.407361 12.149538
vn -0.147287 -0.209545 -0.966642
v 88.000000 -2.228250 -12.961250
vt 6.560962 12.149538
vn 0.000000 -0.207491 -0.978237
v 383.014038 -2.228250 -229.662796
vt 26.147259 12.149536
vn -0.965296 -0.209359 -0.156120
v 387.038757 -2.228250 -296.000000
vt 28.880825 12.149534
vn -0.978328 -0.206799 0.010425
v -328.000000 -2.228250 -12.961250
vt -7.533459 12.149540
vn -0.000000 -0.207491 -0.978237
v -347.250000 0.077391 -11.462501
vt -8.346596 12.149540
vn -0.259689 -0.125345 -0.957523
v -372.000000 34.661999 11.018749
vt -10.785989 12.149541
vn -0.707108 0.385381 -0.592858
v -373.000000 10.515250 9.635000
vt -9.972860 13.705582
vn -0.923878 -0.320859 -0.208564
v -369.250000 18.522514 0.527500
vt -9.972860 12.149541
vn -0.626945 0.182580 -0.757367
v -376.000000 28.122000 21.080000
vt -10.785989 13.705582
vn -1.000000 0.000000 -0.000000
v -364.000000 -2.061000 1.460000
vt -9.159730 13.705582
vn -0.707101 -0.592869 -0.385376
v -361.000000 6.994312 -6.966250
vt -9.159730 12.149541
vn -0.500001 -0.033845 -0.865363
v -369.250000 5.442407 20.650000
vt -9.972860 15.261614
vn -0.626945 -0.618044 0.474301
v -372.000000 21.582001 31.141251
vt -10.785989 15.261614
vn -0.707109 -0.385375 0.592860
v -361.000000 -6.085874 13.156250
vt -9.159730 15.261614
vn -0.500000 -0.804596 0.320351
v -349.000000 -9.606750 -3.445000
vt -8.346596 13.705582
vn -0.382680 -0.774616 -0.503515
v -347.250000 0.077391 -11.462501
vt -8.346596 12.149540
vn -0.259689 -0.125345 -0.957523
v -346.750000 14.245672 26.372499
vt -9.972860 18.571583
vn 0.626943 -0.182575 0.757369
v -343.000000 22.252937 17.264999
vt -9.972860 20.127625
vn 0.923878 0.320855 0.208569
v -340.000000 18.060749 14.539999
vt -9.159730 20.127625
vn 0.707103 0.592860 0.385387
v -343.000000 9.005438 22.966249
vt -9.159730 18.571583
vn 0.500000 0.033845 0.865364
v -348.000000 21.582001 31.141251
vt -10.785989 18.571583
vn 0.707107 -0.385373 0.592864
v -344.000000 28.122000 21.080000
vt -10.785989 20.127625
vn 1.000000 0.000000 -0.000000
v -346.750000 27.325998 6.250000
vt -9.972860 21.683691
vn 0.626939 0.618054 -0.474296
v -348.000000 34.661999 11.018750
vt -10.785989 21.683691
vn 0.707104 0.385390 -0.592857
v -343.000000 22.085999 2.843750
vt -9.159729 21.683691
vn 0.499992 0.804604 -0.320344
v -335.000000 15.545437 12.905000
vt -8.346596 20.127625
vn 0.382681 0.774603 0.503534
v -336.750000 5.861297 20.922499
vt -8.346596 18.571583
vn 0.259688 0.125345 0.957523
f 177/177/177 176/176/176 178/178/178
f 177/177/177 175/175/175 176/176/176
f 175/175/175 172/172/172 176/176/176
f 175/175/175 171/171/171 172/172/172
f 171/171/171 168/168/168 172/172/172
f 171/171/171 167/167/167 168/168/168
f 167/167/167 166/166/166 168/168/168
f 167/167/167 163/163/163 166/166/166
f 163/163/163 164/164/164 166/166/166
f 163/163/163 165/165/165 164/164/164
f 165/165/165 169/169/169 164/164/164
f 165/165/165 170/170/170 169/169/169
f 170/170/170 173/173/173 169/169/169
f 170/170/170 174/174/174 173/173/173
f 174/174/174 179/179/179 173/173/173
f 174/174/174 180/180/180 179/179/179
f 180/180/180 181/181/181 179/179/179
f 180/180/180 182/182/182 181/181/181
f 225/225/225 224/224/224 226/226/226
f 225/225/225 223/223/223 224/224/224
f 223/223/223 218/218/218 224/224/224
f 223/223/223 217/217/217 218/218/218
f 217/217/217 219/219/219 218/218/218
f 217/217/217 220/220/220 219/219/219
f 220/220/220 221/221/221 219/219/219
f 220/220/220 222/222/222 221/221/221
f 272/272/272 273/273/273 275/275/275
f 272/272/272 274/274/274 273/273/273
f 274/274/274 276/276/276 273/273/273
f 274/274/274 277/277/277 276/276/276
f 277/277/277 281/281/281 276/276/276
f 277/277/277 282/282/282 281/281/281
f 271/271/271 251/251/251 257/257/257
f 271/271/271 270/270/270 251/251/251
f 270/270/270 245/245/245 251/251/251
f 270/270/270 267/267/267 245/245/245
f 267/267/267 243/243/243 245/245/245
f 267/267/267 266/266/266 243/243/243
f 266/266/266 244/244/244 243/243/243
f 266/266/266 264/264/264 244/244/244
f 264/264/264 247/247/247 244/244/244
f 264/264/264 261/261/261 247/247/247
f 261/261/261 248/248/248 247/247/247
f 261/261/261 262/262/262 248/248/248
f 262/262/262 249/249/249 248/248/248
f 262/262/262 263/263/263 249/249/249
f 263/263/263 250/250/250 249/249/249
f 263/263/263 265/265/265 250/250/250
f 265/265/265 254/254/254 250/250/250
f 265/265/265 268/268/268 254/254/254
f 268/268/268 256/256/256 254/254/254
f 268/268/268 269/269/269 256/256/256
f 275/275/275 278/278/278 279/279/279
f 275/275/275 273/273/273 278/278/278
f 273/273/273 280/280/280 278/278/278
f 273/273/273 276/276/276 280/280/280
f 259/259/259 258/258/258 260/260/260
f 259/259/259 257/257/257 258/258/258
f 257/257/257 252/252/252 258/258/258
f 257/257/257 251/251/251 252/252/252
f 251/251/251 246/246/246 252/252/252
f 251/251/251 245/245/245 246/246/246
f 245/245/245 239/239/239 246/246/246
f 245/245/245 243/243/243 239/239/239
f 243/243/243 238/238/238 239/239/239
f 243/243/243 244/244/244 238/238/238
f 244/244/244 235/235/235 238/238/238
f 244/244/244 247/247/247 235/235/235
f 247/247/247 236/236/236 235/235/235
f 247/247/247 248/248/248 236/236/236
f 248/248/248 237/237/237 236/236/236
f 248/248/248 249/249/249 237/237/237
f 249/249/249 242/242/242 237/237/237
f 249/249/249 250/250/250 242/242/242
f 250/250/250 253/253/253 242/242/242
f 250/250/250 254/254/254 253/253/253
f 254/254/254 255/255/255 253/253/253
f 254/254/254 256/256/256 255/255/255
f 199/199/199 195/195/195 197/197/197
f 199/199/199 200/200/200 195/195/195
f 200/200/200 191/191/191 195/195/195
f 200/200/200 201/201/201 191/191/191
f 201/201/201 187/187/187 191/191/191
f 201/201/201 202/202/202 187/187/187
f 202/202/202 183/183/183 187/187/187
f 202/202/202 203/203/203 183/183/183
f 203/203/203 185/185/185 183/183/183
f 203/203/203 204/204/204 185/185/185
f 204/204/204 190/190/190 185/185/185
f 204/204/204 205/205/205 190/190/190
f 239/239/239 231/231/231 240/240/240
f 239/239/239 238/238/238 231/231/231
f 238/238/238 227/227/227 231/231/231
f 238/238/238 235/235/235 227/227/227
f 235/235/235 229/229/229 227/227/227
f 235/235/235 236/236/236 229/229/229
f 236/236/236 234/234/234 229/229/229
f 236/236/236 237/237/237 234/234/234
f 237/237/237 241/241/241 234/234/234
f 237/237/237 242/242/242 241/241/241
f 214/214/214 208/208/208 206/206/206
f 214/214/214 215/215/215 208/208/208
f 215/215/215 211/211/211 208/208/208
f 215/215/215 216/216/216 211/211/211
f 197/197/197 196/196/196 198/198/198
f 197/197/197 195/195/195 196/196/196
f 195/195/195 192/192/192 196/196/196
f 195/195/195 191/191/191 192/192/192
f 191/191/191 188/188/188 192/192/192
f 191/191/191 187/187/187 188/188/188
f 187/187/187 186/186/186 188/188/188
f 187/187/187 183/183/183 186/186/186
f 183/183/183 184/184/184 186/186/186
f 183/183/183 185/185/185 184/184/184
f 185/185/185 189/189/189 184/184/184
f 185/185/185 190/190/190 189/189/189
f 190/190/190 193/193/193 189/189/189
f 190/190/190 194/194/194 193/193/193
f 231/231/231 230/230/230 232/232/232
f 231/231/231 227/227/227 230/230/230
f 227/227/227 228/228/228 230/230/230
f 227/227/227 229/229/229 228/228/228
f 229/229/229 233/233/233 228/228/228
f 229/229/229 234/234/234 233/233/233
f 212/212/212 209/209/209 213/213/213
f 212/212/212 206/206/206 209/209/209
f 206/206/206 207/207/207 209/209/209
f 206/206/206 208/208/208 207/207/207
f 208/208/208 210/210/210 207/207/207
f 208/208/208 211/211/211 210/210/210
f 287/287/287 284/284/284 288/288/288
f 287/287/287 283/283/283 284/284/284
f 283/283/283 285/285/285 284/284/284
f 283/283/283 286/286/286 285/285/285
f 286/286/286 292/292/292 285/285/285
f 286/286/286 293/293/293 292/292/292
f 157/157/157 122/122/122 132/132/132
f 157/157/157 155/155/155 122/122/122
f 155/155/155 116/116/116 122/122/122
f 155/155/155 156/156/156 116/116/116
f 156/156/156 112/112/112 116/116/116
f 156/156/156 154/154/154 112/112/112
f 154/154/154 115/115/115 112/112/112
f 154/154/154 152/152/152 115/115/115
f 152/152/152 119/119/119 115/115/115
f 152/152/152 150/150/150 119/119/119
f 150/150/150 121/121/121 119/119/119
f 150/150/150 151/151/151 121/121/121
f 151/151/151 125/125/125 121/121/121
f 151/151/151 153/153/153 125/125/125
f 153/153/153 127/127/127 125/125/125
f 153/153/153 158/158/158 127/127/127
f 158/158/158 129/129/129 127/127/127
f 158/158/158 159/159/159 129/129/129
f 159/159/159 131/131/131 129/129/129
f 159/159/159 160/160/160 131/131/131
f 288/288/288 289/289/289 290/290/290
f 288/288/288 284/284/284 289/289/289
f 284/284/284 291/291/291 289/289/289
f 284/284/284 285/285/285 291/291/291
f 134/134/134 133/133/133 135/135/135
f 134/134/134 132/132/132 133/133/133
f 132/132/132 123/123/123 133/133/133
f 132/132/132 122/122/122 123/123/123
f 122/122/122 117/117/117 123/123/123
f 122/122/122 116/116/116 117/117/117
f 116/116/116 113/113/113 117/117/117
f 116/116/116 112/112/112 113/113/113
f 112/112/112 114/114/114 113/113/113
f 112/112/112 115/115/115 114/114/114
f 115/115/115 118/118/118 114/114/114
f 115/115/115 119/119/119 118/118/118
f 119/119/119 120/120/120 118/118/118
f 119/119/119 121/121/121 120/120/120
f 121/121/121 124/124/124 120/120/120
f 121/121/121 125/125/125 124/124/124
f 125/125/125 126/126/126 124/124/124
f 125/125/125 127/127/127 126/126/126
f 127/127/127 128/128/128 126/126/126
f 127/127/127 129/129/129 128/128/128
f 129/129/129 130/130/130 128/128/128
f 129/129/129 131/131/131 130/130/130
f 161/161/161 149/149/149 162/162/162
f 161/161/161 148/148/148 149/149/149
f 148/148/148 147/147/147 149/149/149
f 148/148/148 135/135/135 147/147/147
f 135/135/135 146/146/146 147/147/147
f 135/135/135 133/133/133 146/146/146
f 133/133/133 145/145/145 146/146/146
f 133/133/133 123/123/123 145/145/145
f 123/123/123 144/144/144 145/145/145
f 123/123/123 117/117/117 144/144/144
f 117/117/117 143/143/143 144/144/144
f 117/117/117 113/113/113 143/143/143
f 113/113/113 140/140/140 143/143/143
f 113/113/113 114/114/114 140/140/140
f 114/114/114 137/137/137 140/140/140
f 114/114/114 118/118/118 137/137/137
f 118/118/118 136/136/136 137/137/137
f 118/118/118 120/120/120 136/136/136
f 120/120/120 138/138/138 136/136/136
f 120/120/120 124/124/124 138/138/138
f 124/124/124 139/139/139 138/138/138
f 124/124/124 126/126/126 139/139/139
f 126/126/126 141/141/141 139/139/139
f 126/126/126 128/128/128 141/141/141
f 128/128/128 142/142/142 141/141/141
f 128/128/128 130/130/130 142/142/142
g mat1m0s55
usemtl textures/metal/redmetalbase
v 243.531250 14.000000 -256.156250
vt -14.453789 -1.425798
vn 0.695154 0.711106 0.105303
v 238.000000 8.000000 -220.750000
vt -12.975994 -1.118367
vn 0.955136 0.000000 0.296166
v 236.125000 14.000000 -221.625000
vt -12.975994 -1.425798
vn 0.675383 0.707107 0.209421
v 245.500000 8.000000 -255.687500
vt -14.453789 -1.118367
vn 0.988720 0.000000 0.149773
v 246.000000 14.000000 -296.000000
vt -15.944642 -1.425798
vn 0.707107 0.707107 -0.000000
v 248.000000 8.000000 -296.000000
vt -15.944642 -1.118367
vn 1.000000 0.000000 -0.000000
v 225.500000 8.000000 -191.187500
vt -11.511257 -1.118367
vn 0.865337 0.000000 0.501190
v 223.781250 14.000000 -192.406250
vt -11.511257 -1.425798
vn 0.604077 0.716018 0.349871
v 237.625000 16.000000 -257.562500
vt -14.453789 -1.790926
vn 0.000000 1.000000 -0.000000
v 230.500000 16.000000 -224.250000
vt -12.975994 -1.790926
vn 0.000000 1.000000 -0.000000
v 240.000000 16.000000 -296.000000
vt -15.944642 -1.790925
vn 0.000000 1.000000 -0.000000
v 218.625000 16.000000 -196.062500
vt -11.511257 -1.790926
vn 0.000000 1.000000 -0.000000
v 208.000000 8.000000 -167.000000
vt -10.059580 -1.118367
vn 0.732187 0.000000 0.681104
v 206.500000 14.000000 -168.500000
vt -10.059580 -1.425798
vn 0.517734 0.707107 0.481613
v 184.281250 14.000000 -149.906250
vt -8.620960 -1.425798
vn 0.383531 0.717203 0.581828
v 185.500000 8.000000 -148.187500
vt -8.620960 -1.118367
vn 0.550367 0.000000 0.834923
v 158.000000 8.000000 -134.750000
vt -7.195400 -1.118367
vn 0.337330 0.000000 0.941386
v 157.125000 14.000000 -136.625000
vt -7.195400 -1.425798
vn 0.238528 0.707107 0.665661
v 125.500000 8.000000 -126.687500
vt -5.782897 -1.118368
vn 0.171192 0.000000 0.985238
v 125.031250 14.000000 -128.656250
vt -5.782897 -1.425798
vn 0.120148 0.712345 0.691469
v 88.000000 8.000000 -124.000000
vt -4.383453 -1.118368
vn 0.000000 0.000000 1.000000
v 88.000000 14.000000 -126.000000
vt -4.383453 -1.425798
vn 0.000000 0.707107 0.707107
v 123.625000 16.000000 -134.562500
vt -5.782897 -1.790926
vn 0.000000 1.000000 -0.000000
v 88.000000 16.000000 -132.000000
vt -4.383453 -1.790926
vn 0.000000 1.000000 -0.000000
v 154.500000 16.000000 -142.250000
vt -7.195400 -1.790926
vn 0.000000 1.000000 -0.000000
v 180.625000 16.000000 -155.062500
vt -8.620960 -1.790926
vn 0.000000 1.000000 -0.000000
v 202.000000 16.000000 -173.000000
vt -10.059580 -1.790926
vn 0.000000 1.000000 -0.000000
v -360.000000 14.000000 -126.000000
vt 11.217185 -1.425799
vn 0.000000 0.707107 0.707107
v -360.000000 16.000000 -132.000000
vt 11.217185 -1.790927
vn 0.000000 1.000000 -0.000000
v -382.500000 14.000000 -133.500000
vt 12.331517 -1.425800
vn -0.408248 0.816497 0.408248
v -378.000000 16.000000 -138.000000
vt 12.331517 -1.790927
vn 0.000000 1.000000 -0.000000
v -390.000000 14.000000 -156.000000
vt 13.445851 -1.425800
vn -0.707107 0.707107 -0.000000
v -384.000000 16.000000 -156.000000
vt 13.445851 -1.790927
vn 0.000000 1.000000 -0.000000
v 245.500000 8.000000 -255.687500
vt -14.453789 -1.118367
vn 0.988720 0.000000 0.149773
v 236.125000 2.000000 -221.625000
vt -12.975994 -0.810936
vn 0.675383 -0.707107 0.209421
v 238.000000 8.000000 -220.750000
vt -12.975994 -1.118367
vn 0.955136 0.000000 0.296166
v 243.531250 2.000000 -256.156250
vt -14.453789 -0.810936
vn 0.695154 -0.711106 0.105303
v 248.000000 8.000000 -296.000000
vt -15.944642 -1.118367
vn 1.000000 0.000000 -0.000000
v 246.000000 2.000000 -296.000000
vt -15.944642 -0.810936
vn 0.707107 -0.707107 -0.000000
v 223.781250 2.000000 -192.406250
vt -11.511257 -0.810936
vn 0.604077 -0.716018 0.349871
v 225.500000 8.000000 -191.187500
vt -11.511257 -1.118367
vn 0.865337 0.000000 0.501190
v 230.500000 0.000000 -224.250000
vt -12.975994 -0.445808
vn 0.000000 -1.000000 -0.000000
v 237.625000 0.000000 -257.562500
vt -14.453789 -0.445808
vn 0.000000 -1.000000 -0.000000
v 240.000000 0.000000 -296.000000
vt -15.944642 -0.445808
vn 0.000000 -1.000000 -0.000000
v 218.625000 0.000000 -196.062500
vt -11.511257 -0.445808
vn 0.000000 -1.000000 -0.000000
v 206.500000 2.000000 -168.500000
vt -10.059580 -0.810936
vn 0.517734 -0.707107 0.481613
v 208.000000 8.000000 -167.000000
vt -10.059580 -1.118367
vn 0.732187 0.000000 0.681104
v 184.281250 2.000000 -149.906250
vt -8.620960 -0.810936
vn 0.383531 -0.717203 0.581828
v 185.500000 8.000000 -148.187500
vt -8.620960 -1.118367
vn 0.550367 0.000000 0.834923
v 231.718750 2.000000 -258.968750
vt -14.453789 -0.080681
vn -0.695327 -0.711048 -0.104555
v 223.000000 8.000000 -227.750000
vt -12.975994 0.226750
vn -0.955779 0.000000 -0.294086
v 224.875000 2.000000 -226.875000
vt -12.975994 -0.080681
vn -0.675838 -0.707107 -0.207950
v 229.750000 8.000000 -259.437500
vt -14.453789 0.226750
vn -0.988883 0.000000 -0.148696
v 234.000000 2.000000 -296.000000
vt -15.944642 -0.080681
vn -0.707107 -0.707107 -0.000000
v 232.000000 8.000000 -296.000000
vt -15.944642 0.226750
vn -1.000000 0.000000 -0.000000
v 211.750000 8.000000 -200.937500
vt -11.511257 0.226750
vn -0.866844 0.000000 -0.498579
v 213.468750 2.000000 -199.718750
vt -11.511257 -0.080681
vn -0.605187 -0.715951 -0.348083
v 196.000000 8.000000 -179.000000
vt -10.059580 0.226750
vn -0.734803 0.000000 -0.678280
v 197.500000 2.000000 -177.500000
vt -10.059580 -0.080681
vn -0.519584 -0.707107 -0.479616
v 175.750000 8.000000 -161.937500
vt -8.620960 0.226750
vn -0.552998 0.000000 -0.833183
v 176.968750 2.000000 -160.218750
vt -8.620960 -0.080681
vn -0.385331 -0.717262 -0.580564
v 151.000000 8.000000 -149.750000
vt -7.195400 0.226750
vn -0.339644 0.000000 -0.940554
v 151.875000 2.000000 -147.875000
vt -7.195400 -0.080681
vn -0.240165 -0.707107 -0.665072
v 121.750000 8.000000 -142.437500
vt -5.782897 0.226750
vn -0.172404 0.000000 -0.985026
v 122.218750 2.000000 -140.468750
vt -5.782897 -0.080681
vn -0.120985 -0.712420 -0.691245
v 88.000000 8.000000 -140.000000
vt -4.383454 0.226750
vn 0.000000 0.000000 -1.000000
v 88.000000 2.000000 -138.000000
vt -4.383454 -0.080682
vn 0.000000 -0.707107 -0.707107
v 125.031250 2.000000 -128.656250
vt -5.782897 -0.810936
vn 0.120148 -0.712345 0.691469
v 123.625000 0.000000 -134.562500
vt -5.782897 -0.445809
vn 0.000000 -1.000000 -0.000000
v 88.000000 0.000000 -132.000000
vt -4.383454 -0.445809
vn 0.000000 -1.000000 -0.000000
v 88.000000 2.000000 -126.000000
vt -4.383454 -0.810936
vn 0.000000 -0.707107 0.707107
v 157.125000 2.000000 -136.625000
vt -7.195400 -0.810936
vn 0.238528 -0.707107 0.665661
v 154.500000 0.000000 -142.250000
vt -7.195400 -0.445809
vn 0.000000 -1.000000 -0.000000
v 180.625000 0.000000 -155.062500
vt -8.620960 -0.445809
vn 0.000000 -1.000000 -0.000000
v 202.000000 0.000000 -173.000000
vt -10.059580 -0.445809
vn 0.000000 -1.000000 -0.000000
v -360.000000 2.000000 -138.000000
vt 11.217185 -0.080683
vn 0.000000 -0.707107 -0.707107
v -360.000000 0.000000 -132.000000
vt 11.217185 -0.445810
vn 0.000000 -1.000000 -0.000000
v -373.500000 2.000000 -142.500000
vt 12.331517 -0.080683
vn 0.408248 -0.816497 -0.408248
v -378.000000 0.000000 -138.000000
vt 12.331517 -0.445810
vn 0.000000 -1.000000 -0.000000
v -378.000000 2.000000 -156.000000
vt 13.445851 -0.080683
vn 0.707107 -0.707107 -0.000000
v -384.000000 0.000000 -156.000000
vt 13.445851 -0.445810
vn 0.000000 -1.000000 -0.000000
v 125.500000 8.000000 -126.687500
vt -5.782897 -1.118368
vn 0.171192 0.000000 0.985238
v 88.000000 8.000000 -124.000000
vt -4.383453 -1.118368
vn 0.000000 0.000000 1.000000
v -360.000000 2.000000 -126.000000
vt 11.217185 -0.810937
vn 0.000000 -0.707107 0.707107
v -360.000000 8.000000 -124.000000
vt 11.217185 -1.118369
vn 0.000000 0.000000 1.000000
v 158.000000 8.000000 -134.750000
vt -7.195400 -1.118367
vn 0.337330 0.000000 0.941386
v -382.500000 2.000000 -133.500000
vt 12.331517 -0.810937
vn -0.408248 -0.816497 0.408248
v -390.000000 2.000000 -156.000000
vt 13.445851 -0.810938
vn -0.707107 -0.707107 -0.000000
v 229.750000 8.000000 -259.437500
vt -14.453789 0.226750
vn -0.988883 0.000000 -0.148696
v 224.875000 14.000000 -226.875000
vt -12.975994 0.534181
vn -0.675838 0.707107 -0.207950
v 223.000000 8.000000 -227.750000
vt -12.975994 0.226750
vn -0.955779 0.000000 -0.294086
v 231.718750 14.000000 -258.968750
vt -14.453789 0.534181
vn -0.695327 0.711048 -0.104555
v 232.000000 8.000000 -296.000000
vt -15.944642 0.226750
vn -1.000000 0.000000 -0.000000
v 234.000000 14.000000 -296.000000
vt -15.944642 0.534181
vn -0.707107 0.707107 -0.000000
v 213.468750 14.000000 -199.718750
vt -11.511257 0.534181
vn -0.605187 0.715951 -0.348083
v 211.750000 8.000000 -200.937500
vt -11.511257 0.226750
vn -0.866844 0.000000 -0.498579
v 196.000000 8.000000 -179.000000
vt -10.059580 0.226750
vn -0.734803 0.000000 -0.678280
v 176.968750 14.000000 -160.218750
vt -8.620960 0.534181
vn -0.385331 0.717262 -0.580564
v 175.750000 8.000000 -161.937500
vt -8.620960 0.226750
vn -0.552998 0.000000 -0.833183
v 197.500000 14.000000 -177.500000
vt -10.059580 0.534181
vn -0.519584 0.707107 -0.479616
v 151.875000 14.000000 -147.875000
vt -7.195400 0.534181
vn -0.240165 0.707107 -0.665072
v 151.000000 8.000000 -149.750000
vt -7.195400 0.226750
vn -0.339644 0.000000 -0.940554
v 211.750000 8.000000 -200.937500
vt -11.511257 0.226750
vn -0.866844 0.000000 -0.498579
v 213.468750 14.000000 -199.718750
vt -11.511257 0.534181
vn -0.605187 0.715951 -0.348083
v 121.750000 8.000000 -142.437500
vt -5.782897 0.226750
vn -0.172404 0.000000 -0.985026
v 88.000000 14.000000 -138.000000
vt -4.383453 0.534181
vn 0.000000 0.707107 -0.707107
v 88.000000 8.000000 -140.000000
vt -4.383454 0.226750
vn 0.000000 0.000000 -1.000000
v 122.218750 14.000000 -140.468750
vt -5.782897 0.534181
vn -0.120985 0.712420 -0.691245
v -360.000000 14.000000 -138.000000
vt 11.217185 0.534180
vn 0.000000 0.707107 -0.707107
v -360.000000 8.000000 -140.000000
vt 11.217185 0.226748
vn 0.000000 0.000000 -1.000000
v -360.000000 16.000000 -132.000000
vt 11.217185 0.899307
vn 0.000000 1.000000 -0.000000
v 88.000000 16.000000 -132.000000
vt -4.383453 0.899308
vn 0.000000 1.000000 -0.000000
v 123.625000 16.000000 -134.562500
vt -5.782897 0.899308
vn 0.000000 1.000000 -0.000000
v 154.500000 16.000000 -142.250000
vt -7.195400 0.899308
vn 0.000000 1.000000 -0.000000
v -378.000000 16.000000 -138.000000
vt 12.331517 0.899307
vn 0.000000 1.000000 -0.000000
v -373.500000 14.000000 -142.500000
vt 12.331517 0.534180
vn 0.408248 0.816497 -0.408248
v 180.625000 16.000000 -155.062500
vt -8.620960 0.899308
vn 0.000000 1.000000 -0.000000
v 202.000000 16.000000 -173.000000
vt -10.059580 0.899309
vn 0.000000 1.000000 -0.000000
v 218.625000 16.000000 -196.062500
vt -11.511257 0.899309
vn 0.000000 1.000000 -0.000000
v 224.875000 14.000000 -226.875000
vt -12.975994 0.534181
vn -0.675838 0.707107 -0.207950
v 230.500000 16.000000 -224.250000
vt -12.975994 0.899309
vn 0.000000 1.000000 -0.000000
v 231.718750 14.000000 -258.968750
vt -14.453789 0.534181
vn -0.695327 0.711048 -0.104555
v 237.625000 16.000000 -257.562500
vt -14.453789 0.899309
vn 0.000000 1.000000 -0.000000
v 234.000000 14.000000 -296.000000
vt -15.944642 0.534181
vn -0.707107 0.707107 -0.000000
v 240.000000 16.000000 -296.000000
vt -15.944642 0.899309
vn 0.000000 1.000000 -0.000000
v -384.000000 16.000000 -156.000000
vt 13.445851 0.899307
vn 0.000000 1.000000 -0.000000
v -378.000000 14.000000 -156.000000
vt 13.445851 0.534179
vn 0.707107 0.707107 -0.000000
v -360.000000 8.000000 -124.000000
vt 11.217185 -1.118369
vn 0.000000 0.000000 1.000000
v -382.500000 2.000000 -133.500000
vt 12.331517 -0.810937
vn -0.408248 -0.816497 0.408248
v -384.000000 8.000000 -132.000000
vt 12.331517 -1.118369
vn -0.707107 0.000000 0.707107
v -360.000000 2.000000 -126.000000
vt 11.217185 -0.810937
vn 0.000000 -0.707107 0.707107
v -360.000000 14.000000 -126.000000
vt 11.217185 -1.425799
vn 0.000000 0.707107 0.707107
v -382.500000 14.000000 -133.500000
vt 12.331517 -1.425800
vn -0.408248 0.816497 0.408248
v 88.000000 14.000000 -126.000000
vt -4.383453 -1.425798
vn 0.000000 0.707107 0.707107
v 88.000000 8.000000 -124.000000
vt -4.383453 -1.118368
vn 0.000000 0.000000 1.000000
v -382.500000 14.000000 -133.500000
vt 12.331517 -1.425800
vn -0.408248 0.816497 0.408248
v -392.000000 8.000000 -156.000000
vt 13.445851 -1.118369
vn -1.000000 0.000000 -0.000000
v -390.000000 14.000000 -156.000000
vt 13.445851 -1.425800
vn -0.707107 0.707107 -0.000000
v -384.000000 8.000000 -132.000000
vt 12.331517 -1.118369
vn -0.707107 0.000000 0.707107
v -390.000000 2.000000 -156.000000
vt 13.445851 -0.810938
vn -0.707107 -0.707107 -0.000000
v -382.500000 2.000000 -133.500000
vt 12.331517 -0.810937
vn -0.408248 -0.816497 0.408248
v -373.500000 2.000000 -142.500000
vt 12.331517 -0.080683
vn 0.408248 -0.816497 -0.408248
v -372.000000 8.000000 -144.000000
vt 12.331517 0.226748
vn 0.707107 0.000000 -0.707107
v -376.000000 8.000000 -156.000000
vt 13.445851 0.226748
vn 1.000000 0.000000 -0.000000
v -378.000000 2.000000 -156.000000
vt 13.445851 -0.080683
vn 0.707107 -0.707107 -0.000000
v -378.000000 14.000000 -156.000000
vt 13.445851 0.534179
vn 0.707107 0.707107 -0.000000
v -373.500000 14.000000 -142.500000
vt 12.331517 0.534180
vn 0.408248 0.816497 -0.408248
v -360.000000 8.000000 -140.000000
vt 11.217185 0.226748
vn 0.000000 0.000000 -1.000000
v -360.000000 14.000000 -138.000000
vt 11.217185 0.534180
vn 0.000000 0.707107 -0.707107
v -360.000000 2.000000 -138.000000
vt 11.217185 -0.080683
vn 0.000000 -0.707107 -0.707107
v 88.000000 2.000000 -138.000000
vt -4.383454 -0.080682
vn 0.000000 -0.707107 -0.707107
v 88.000000 8.000000 -140.000000
vt -4.383454 0.226750
vn 0.000000 0.000000 -1.000000
f 304/304/304 294/294/294 298/298/298
f 304/304/304 302/302/302 294/294/294
f 302/302/302 296/296/296 294/294/294
f 302/302/302 303/303/303 296/296/296
f 303/303/303 301/301/301 296/296/296
f 303/303/303 305/305/305 301/301/301
f 305/305/305 307/307/307 301/301/301
f 305/305/305 320/320/320 307/307/307
f 320/320/320 308/308/308 307/307/307
f 320/320/320 319/319/319 308/308/308
f 319/319/319 311/311/311 308/308/308
f 319/319/319 318/318/318 311/311/311
f 318/318/318 313/313/313 311/311/311
f 318/318/318 316/316/316 313/313/313
f 316/316/316 315/315/315 313/313/313
f 316/316/316 317/317/317 315/315/315
f 317/317/317 321/321/321 315/315/315
f 317/317/317 322/322/322 321/321/321
f 322/322/322 323/323/323 321/321/321
f 322/322/322 324/324/324 323/323/323
f 324/324/324 325/325/325 323/323/323
f 324/324/324 326/326/326 325/325/325
f 298/298/298 297/297/297 299/299/299
f 298/298/298 294/294/294 297/297/297
f 294/294/294 295/295/295 297/297/297
f 294/294/294 296/296/296 295/295/295
f 296/296/296 300/300/300 295/295/295
f 296/296/296 301/301/301 300/300/300
f 301/301/301 306/306/306 300/300/300
f 301/301/301 307/307/307 306/306/306
f 307/307/307 309/309/309 306/306/306
f 307/307/307 308/308/308 309/309/309
f 308/308/308 310/310/310 309/309/309
f 308/308/308 311/311/311 310/310/310
f 311/311/311 312/312/312 310/310/310
f 311/311/311 313/313/313 312/312/312
f 313/313/313 314/314/314 312/312/312
f 313/313/313 315/315/315 314/314/314
f 427/427/427 421/421/421 428/428/428
f 427/427/427 425/425/425 421/421/421
f 425/425/425 423/423/423 421/421/421
f 425/425/425 426/426/426 423/423/423
f 429/429/429 430/430/430 432/432/432
f 429/429/429 431/431/431 430/430/430
f 331/331/331 330/330/330 332/332/332
f 331/331/331 327/327/327 330/330/330
f 327/327/327 328/328/328 330/330/330
f 327/327/327 329/329/329 328/328/328
f 329/329/329 333/333/333 328/328/328
f 329/329/329 334/334/334 333/333/333
f 334/334/334 339/339/339 333/333/333
f 334/334/334 340/340/340 339/339/339
f 340/340/340 341/341/341 339/339/339
f 340/340/340 342/342/342 341/341/341
f 342/342/342 365/365/365 341/341/341
f 342/342/342 379/379/379 365/365/365
f 379/379/379 361/361/361 365/365/365
f 379/379/379 375/375/375 361/361/361
f 375/375/375 364/364/364 361/361/361
f 375/375/375 376/376/376 364/364/364
f 376/376/376 377/377/377 364/364/364
f 376/376/376 378/378/378 377/377/377
f 421/421/421 422/422/422 424/424/424
f 421/421/421 423/423/423 422/422/422
f 432/432/432 433/433/433 434/434/434
f 432/432/432 430/430/430 433/433/433
f 332/332/332 336/336/336 337/337/337
f 332/332/332 330/330/330 336/336/336
f 330/330/330 335/335/335 336/336/336
f 330/330/330 328/328/328 335/335/335
f 328/328/328 338/338/338 335/335/335
f 328/328/328 333/333/333 338/338/338
f 333/333/333 368/368/368 338/338/338
f 333/333/333 339/339/339 368/368/368
f 339/339/339 367/367/367 368/368/368
f 339/339/339 341/341/341 367/367/367
f 341/341/341 366/366/366 367/367/367
f 341/341/341 365/365/365 366/366/366
f 365/365/365 362/362/362 366/366/366
f 365/365/365 361/361/361 362/362/362
f 361/361/361 363/363/363 362/362/362
f 361/361/361 364/364/364 363/363/363
f 364/364/364 370/370/370 363/363/363
f 364/364/364 377/377/377 370/370/370
f 377/377/377 372/372/372 370/370/370
f 377/377/377 380/380/380 372/372/372
f 380/380/380 374/374/374 372/372/372
f 380/380/380 381/381/381 374/374/374
f 337/337/337 343/343/343 347/347/347
f 337/337/337 336/336/336 343/343/343
f 336/336/336 345/345/345 343/343/343
f 336/336/336 335/335/335 345/345/345
f 335/335/335 350/350/350 345/345/345
f 335/335/335 338/338/338 350/350/350
f 338/338/338 352/352/352 350/350/350
f 338/338/338 368/368/368 352/352/352
f 368/368/368 354/354/354 352/352/352
f 368/368/368 367/367/367 354/354/354
f 367/367/367 356/356/356 354/354/354
f 367/367/367 366/366/366 356/356/356
f 366/366/366 358/358/358 356/356/356
f 366/366/366 362/362/362 358/358/358
f 362/362/362 360/360/360 358/358/358
f 362/362/362 363/363/363 360/360/360
f 363/363/363 369/369/369 360/360/360
f 363/363/363 370/370/370 369/369/369
f 370/370/370 371/371/371 369/369/369
f 370/370/370 372/372/372 371/371/371
f 372/372/372 373/373/373 371/371/371
f 372/372/372 374/374/374 373/373/373
f 347/347/347 346/346/346 348/348/348
f 347/347/347 343/343/343 346/346/346
f 343/343/343 344/344/344 346/346/346
f 343/343/343 345/345/345 344/344/344
f 345/345/345 349/349/349 344/344/344
f 345/345/345 350/350/350 349/349/349
f 350/350/350 351/351/351 349/349/349
f 350/350/350 352/352/352 351/351/351
f 352/352/352 353/353/353 351/351/351
f 352/352/352 354/354/354 353/353/353
f 354/354/354 355/355/355 353/353/353
f 354/354/354 356/356/356 355/355/355
f 356/356/356 357/357/357 355/355/355
f 356/356/356 358/358/358 357/357/357
f 358/358/358 359/359/359 357/357/357
f 358/358/358 360/360/360 359/359/359
f 444/444/444 441/441/441 445/445/445
f 444/444/444 443/443/443 441/441/441
f 443/443/443 436/436/436 441/441/441
f 443/443/443 435/435/435 436/436/436
f 435/435/435 437/437/437 436/436/436
f 435/435/435 438/438/438 437/437/437
f 386/386/386 385/385/385 387/387/387
f 386/386/386 382/382/382 385/385/385
f 382/382/382 383/383/383 385/385/385
f 382/382/382 384/384/384 383/383/383
f 384/384/384 388/388/388 383/383/383
f 384/384/384 389/389/389 388/388/388
f 396/396/396 393/393/393 397/397/397
f 396/396/396 390/390/390 393/393/393
f 390/390/390 391/391/391 393/393/393
f 390/390/390 392/392/392 391/391/391
f 392/392/392 394/394/394 391/391/391
f 392/392/392 395/395/395 394/394/394
f 395/395/395 401/401/401 394/394/394
f 395/395/395 398/398/398 401/401/401
f 398/398/398 399/399/399 401/401/401
f 398/398/398 400/400/400 399/399/399
f 400/400/400 402/402/402 399/399/399
f 400/400/400 403/403/403 402/402/402
f 441/441/441 440/440/440 442/442/442
f 441/441/441 436/436/436 440/440/440
f 436/436/436 439/439/439 440/440/440
f 436/436/436 437/437/437 439/439/439
f 417/417/417 416/416/416 418/418/418
f 417/417/417 415/415/415 416/416/416
f 415/415/415 414/414/414 416/416/416
f 415/415/415 413/413/413 414/414/414
f 413/413/413 412/412/412 414/414/414
f 413/413/413 397/397/397 412/412/412
f 397/397/397 411/411/411 412/412/412
f 397/397/397 393/393/393 411/411/411
f 393/393/393 410/410/410 411/411/411
f 393/393/393 391/391/391 410/410/410
f 391/391/391 407/407/407 410/410/410
f 391/391/391 394/394/394 407/407/407
f 394/394/394 406/406/406 407/407/407
f 394/394/394 401/401/401 406/406/406
f 401/401/401 405/405/405 406/406/406
f 401/401/401 399/399/399 405/405/405
f 399/399/399 404/404/404 405/405/405
f 399/399/399 402/402/402 404/404/404
f 402/402/402 408/408/408 404/404/404
f 402/402/402 409/409/409 408/408/408
f 409/409/409 419/419/419 408/408/408
f 409/409/409 420/420/420 419/419/419
g mat1m0s56
usemtl textures/metal/redmetalbase
v -360.032990 14.891000 35.028999
vt 0.000000 1.295180
vn 0.025793 -0.830972 -0.555717
v -345.924255 33.584248 7.730750
vt 0.295180 1.442768
vn 0.025778 -0.830975 -0.555712
v -360.096008 35.893002 3.621000
vt 0.295180 1.295180
vn 0.025793 -0.830971 -0.555718
v -345.876984 17.832748 31.286249
vt 0.000000 1.442768
vn 0.025763 -0.830968 -0.555723
v -341.178986 25.813999 19.570000
vt 0.295180 1.590350
vn 0.025806 -0.830959 -0.555735
v -378.949005 24.969000 19.080000
vt 0.000000 1.000000
vn 0.025824 -0.830975 -0.555710
v -374.204498 17.198999 30.919250
vt 0.000000 1.147590
vn 0.025822 -0.830975 -0.555710
v -374.251770 32.950500 7.363750
vt 0.295180 1.147590
vn 0.025807 -0.830966 -0.555724
v -360.135986 18.714001 37.751999
vt 0.885530 1.000000
vn 0.002505 -0.582627 0.812736
v -360.032990 14.891000 35.028999
vt 0.885530 1.031250
vn 0.001676 -0.556164 0.831071
v -374.204498 17.198999 30.919250
vt 1.033120 1.031250
vn -0.705695 -0.408994 0.578549
v -374.307495 21.022751 33.642250
vt 1.033120 1.000000
vn -0.705230 -0.425351 0.567211
v -345.980011 21.656502 34.009247
vt 0.737940 1.000000
vn 0.708666 -0.398536 0.582204
v -345.876984 17.832750 31.286249
vt 0.737940 1.031250
vn 0.708073 -0.378124 0.596368
v -374.354736 36.774250 10.086250
vt 0.147590 1.000000
vn -0.708663 0.398589 -0.582172
v -360.096008 35.893002 3.621000
vt 0.295180 1.031250
vn -0.001675 0.555913 -0.831239
v -360.199005 39.716000 6.344000
vt 0.295180 1.000000
vn -0.002501 0.582617 -0.812743
v -374.251770 32.950500 7.363750
vt 0.147590 1.031250
vn -0.708059 0.377149 -0.597002
v -345.924255 33.584248 7.730750
vt 0.442768 1.031250
vn 0.705675 0.409053 -0.578531
v -346.027252 37.408001 10.453750
vt 0.442768 1.000000
vn 0.705201 0.425365 -0.567236
v -341.282013 29.638000 22.292999
vt 0.590350 1.000000
vn 0.999765 0.018903 0.010619
v -341.178986 25.813999 19.570000
vt 0.590350 1.031250
vn 0.999674 0.022126 0.012775
v -345.876984 17.832750 31.286249
vt 0.737940 1.031250
vn 0.708073 -0.378124 0.596368
v -345.980011 21.656502 34.009247
vt 0.737940 1.000000
vn 0.708666 -0.398536 0.582204
v -346.027252 37.408001 10.453750
vt 0.442768 1.000000
vn 0.705201 0.425365 -0.567236
v -345.924255 33.584248 7.730750
vt 0.442768 1.031250
vn 0.705675 0.409053 -0.578531
v -379.052002 28.792999 21.802999
vt 0.000000 1.000000
vn -0.999766 -0.018850 -0.010599
v -378.949005 24.969000 19.080000
vt 0.000000 1.031250
vn -0.999661 -0.022516 -0.013051
v -374.251770 32.950500 7.363750
vt 0.147590 1.031250
vn -0.708059 0.377149 -0.597002
v -374.354736 36.774250 10.086250
vt 0.147590 1.000000
vn -0.708663 0.398589 -0.582172
v -374.307495 21.022751 33.642250
vt 1.033120 1.000000
vn -0.705230 -0.425351 0.567211
v -378.949005 24.969000 19.080000
vt 1.180710 1.031250
vn -0.999661 -0.022516 -0.013051
v -379.052002 28.792999 21.802999
vt 1.180710 1.000000
vn -0.999766 -0.018850 -0.010599
v -374.204498 17.198999 30.919250
vt 1.033120 1.031250
vn -0.705695 -0.408994 0.578549
f 451/451/451 453/453/453 452/452/452
f 452/452/452 448/448/448 446/446/446
f 452/452/452 453/453/453 448/448/448
f 446/446/446 447/447/447 449/449/449
f 446/446/446 448/448/448 447/447/447
f 449/449/449 447/447/447 450/450/450
f 472/472/472 474/474/474 473/473/473
f 472/472/472 475/475/475 474/474/474
f 460/460/460 461/461/461 463/463/463
f 460/460/460 462/462/462 461/461/461
f 462/462/462 464/464/464 461/461/461
f 462/462/462 465/465/465 464/464/464
f 470/470/470 467/467/467 471/471/471
f 470/470/470 466/466/466 467/467/467
f 466/466/466 468/468/468 467/467/467
f 466/466/466 469/469/469 468/468/468
f 458/458/458 455/455/455 459/459/459
f 458/458/458 454/454/454 455/455/455
f 454/454/454 456/456/456 455/455/455
f 454/454/454 457/457/457 456/456/456
f 476/476/476 477/477/477 479/479/479
f 476/476/476 478/478/478 477/477/477
g mat3m0s57
usemtl textures/plastic_vertex/vertex_grey65
v -244.000000 -29.000000 -158.000000
vt 0.000000 1.000000
vn -1.000000 0.000000 -0.000000
v -244.000000 -30.250000 -154.250000
vt 0.000000 1.039060
vn -1.000000 0.000000 -0.000000
v -244.000000 -30.250000 -161.750000
vt 0.078120 1.039060
vn -1.000000 0.000000 -0.000000
v -244.000000 -34.000000 -163.000000
vt 0.078120 1.078120
vn -1.000000 0.000000 -0.000000
v -244.000000 -34.000000 -153.000000
vt 0.000000 1.078120
vn -1.000000 0.000000 -0.000000
v -244.000000 -37.750000 -161.750000
vt 0.078120 1.117190
vn -1.000000 0.000000 -0.000000
v -244.000000 -37.750000 -154.250000
vt 0.000000 1.117190
vn -1.000000 0.000000 -0.000000
v -244.000000 -39.000000 -158.000000
vt 0.078120 1.156250
vn -1.000000 0.000000 -0.000000
v -244.000000 -30.250000 -154.250000
vt 0.039060 1.000000
vn 0.000000 0.707107 0.707107
v -241.000000 -34.000000 -153.000000
vt 0.078120 1.023440
vn 0.000000 0.000000 1.000000
v -244.000000 -34.000000 -153.000000
vt 0.078120 1.000000
vn 0.000000 0.000000 1.000000
v -241.000000 -30.250000 -154.250000
vt 0.039060 1.023440
vn 0.000000 0.707107 0.707107
v -241.000000 -37.750000 -154.250000
vt 0.117188 1.023440
vn 0.000000 -0.707107 0.707107
v -244.000000 -37.750000 -154.250000
vt 0.117188 1.000000
vn 0.000000 -0.707107 0.707107
v -244.000000 -29.000000 -158.000000
vt 0.000000 1.000000
vn 0.000000 1.000000 -0.000000
v -241.000000 -29.000000 -158.000000
vt 0.000000 1.023440
vn 0.000000 1.000000 -0.000000
v -244.000000 -34.000000 -163.000000
vt 0.234380 1.000000
vn 0.000000 0.000000 -1.000000
v -241.000000 -34.000000 -163.000000
vt 0.234380 1.023440
vn 0.000000 0.000000 -1.000000
v -241.000000 -30.250000 -161.750000
vt 0.273440 1.023440
vn 0.000000 0.707107 -0.707107
v -244.000000 -30.250000 -161.750000
vt 0.273440 1.000000
vn 0.000000 0.707107 -0.707107
v -244.000000 -37.750000 -161.750000
vt 0.195312 1.000000
vn 0.000000 -0.707107 -0.707107
v -241.000000 -37.750000 -161.750000
vt 0.195312 1.023440
vn 0.000000 -0.707107 -0.707107
v -241.000000 -29.000000 -158.000000
vt 0.312500 1.023440
vn 0.000000 1.000000 -0.000000
v -244.000000 -29.000000 -158.000000
vt 0.312500 1.000000
vn 0.000000 1.000000 -0.000000
v -244.000000 -37.750000 -154.250000
vt 0.117188 1.000000
vn 0.000000 -0.707107 0.707107
v -241.000000 -39.000000 -158.000000
vt 0.156250 1.023440
vn 0.000000 -1.000000 -0.000000
v -244.000000 -39.000000 -158.000000
vt 0.156250 1.000000
vn 0.000000 -1.000000 -0.000000
v -241.000000 -37.750000 -154.250000
vt 0.117188 1.023440
vn 0.000000 -0.707107 0.707107
v -241.000000 -37.750000 -161.750000
vt 0.195312 1.023440
vn 0.000000 -0.707107 -0.707107
v -244.000000 -37.750000 -161.750000
vt 0.195312 1.000000
vn 0.000000 -0.707107 -0.707107
f 480/480/480 482/482/482 481/481/481
f 481/481/481 483/483/483 484/484/484
f 481/481/481 482/482/482 483/483/483
f 484/484/484 485/485/485 486/486/486
f 484/484/484 483/483/483 485/485/485
f 486/486/486 485/485/485 487/487/487
f 494/494/494 491/491/491 495/495/495
f 494/494/494 488/488/488 491/491/491
f 488/488/488 489/489/489 491/491/491
f 488/488/488 490/490/490 489/489/489
f 490/490/490 492/492/492 489/489/489
f 490/490/490 493/493/493 492/492/492
f 504/504/504 505/505/505 507/507/507
f 504/504/504 506/506/506 505/505/505
f 506/506/506 508/508/508 505/505/505
f 506/506/506 509/509/509 508/508/508
f 500/500/500 497/497/497 501/501/501
f 500/500/500 496/496/496 497/497/497
f 496/496/496 498/498/498 497/497/497
f 496/496/496 499/499/499 498/498/498
f 499/499/499 502/502/502 498/498/498
f 499/499/499 503/503/503 502/502/502
g mat3m0s58
usemtl textures/plastic_vertex/vertex_grey65
v -116.000000 -29.000000 -158.000000
vt 0.000000 1.000000
vn -1.000000 0.000000 -0.000000
v -116.000000 -30.250000 -154.250000
vt 0.000000 1.039060
vn -1.000000 0.000000 -0.000000
v -116.000000 -30.250000 -161.750000
vt 0.078120 1.039060
vn -1.000000 0.000000 -0.000000
v -116.000000 -34.000000 -163.000000
vt 0.078120 1.078120
vn -1.000000 0.000000 -0.000000
v -116.000000 -34.000000 -153.000000
vt 0.000000 1.078120
vn -1.000000 0.000000 -0.000000
v -116.000000 -37.750000 -161.750000
vt 0.078120 1.117190
vn -1.000000 0.000000 -0.000000
v -116.000000 -37.750000 -154.250000
vt 0.000000 1.117190
vn -1.000000 0.000000 -0.000000
v -116.000000 -39.000000 -158.000000
vt 0.078120 1.156250
vn -1.000000 0.000000 -0.000000
v -116.000000 -30.250000 -154.250000
vt 0.039060 1.000000
vn 0.000000 0.707107 0.707107
v -113.000000 -34.000000 -153.000000
vt 0.078120 1.023440
vn 0.000000 0.000000 1.000000
v -116.000000 -34.000000 -153.000000
vt 0.078120 1.000000
vn 0.000000 0.000000 1.000000
v -113.000000 -30.250000 -154.250000
vt 0.039060 1.023440
vn 0.000000 0.707107 0.707107
v -113.000000 -37.750000 -154.250000
vt 0.117188 1.023440
vn 0.000000 -0.707107 0.707107
v -116.000000 -37.750000 -154.250000
vt 0.117188 1.000000
vn 0.000000 -0.707107 0.707107
v -116.000000 -29.000000 -158.000000
vt 0.000000 1.000000
vn 0.000000 1.000000 -0.000000
v -113.000000 -29.000000 -158.000000
vt 0.000000 1.023440
vn 0.000000 1.000000 -0.000000
v -116.000000 -34.000000 -163.000000
vt 0.234380 1.000000
vn 0.000000 0.000000 -1.000000
v -113.000000 -34.000000 -163.000000
vt 0.234380 1.023440
vn 0.000000 0.000000 -1.000000
v -113.000000 -30.250000 -161.750000
vt 0.273440 1.023440
vn 0.000000 0.707107 -0.707107
v -116.000000 -30.250000 -161.750000
vt 0.273440 1.000000
vn 0.000000 0.707107 -0.707107
v -116.000000 -37.750000 -161.750000
vt 0.195312 1.000000
vn 0.000000 -0.707107 -0.707107
v -113.000000 -37.750000 -161.750000
vt 0.195312 1.023440
vn 0.000000 -0.707107 -0.707107
v -113.000000 -29.000000 -158.000000
vt 0.312500 1.023440
vn 0.000000 1.000000 -0.000000
v -116.000000 -29.000000 -158.000000
vt 0.312500 1.000000
vn 0.000000 1.000000 -0.000000
v -116.000000 -37.750000 -154.250000
vt 0.117188 1.000000
vn 0.000000 -0.707107 0.707107
v -113.000000 -39.000000 -158.000000
vt 0.156250 1.023440
vn 0.000000 -1.000000 -0.000000
v -116.000000 -39.000000 -158.000000
vt 0.156250 1.000000
vn 0.000000 -1.000000 -0.000000
v -113.000000 -37.750000 -154.250000
vt 0.117188 1.023440
vn 0.000000 -0.707107 0.707107
v -113.000000 -37.750000 -161.750000
vt 0.195312 1.023440
vn 0.000000 -0.707107 -0.707107
v -116.000000 -37.750000 -161.750000
vt 0.195312 1.000000
vn 0.000000 -0.707107 -0.707107
f 510/510/510 512/512/512 511/511/511
f 511/511/511 513/513/513 514/514/514
f 511/511/511 512/512/512 513/513/513
f 514/514/514 515/515/515 516/516/516
f 514/514/514 513/513/513 515/515/515
f 516/516/516 515/515/515 517/517/517
f 524/524/524 521/521/521 525/525/525
f 524/524/524 518/518/518 521/521/521
f 518/518/518 519/519/519 521/521/521
f 518/518/518 520/520/520 519/519/519
f 520/520/520 522/522/522 519/519/519
f 520/520/520 523/523/523 522/522/522
f 534/534/534 535/535/535 537/537/537
f 534/534/534 536/536/536 535/535/535
f 536/536/536 538/538/538 535/535/535
f 536/536/536 539/539/539 538/538/538
f 530/530/530 527/527/527 531/531/531
f 530/530/530 526/526/526 527/527/527
f 526/526/526 528/528/528 527/527/527
f 526/526/526 529/529/529 528/528/528
f 529/529/529 532/532/532 528/528/528
f 529/529/529 533/533/533 532/532/532
g mat3m0s59
usemtl textures/plastic_vertex/vertex_grey65
v -360.000000 -19.000000 -156.000000
vt 0.000000 1.000000
vn -1.000000 0.000000 -0.000000
v -360.000000 -20.250000 -152.250000
vt 0.000000 1.039060
vn -1.000000 0.000000 -0.000000
v -360.000000 -20.250000 -159.750000
vt 0.078120 1.039060
vn -1.000000 0.000000 -0.000000
v -360.000000 -24.000000 -161.000000
vt 0.078120 1.078120
vn -1.000000 0.000000 -0.000000
v -360.000000 -24.000000 -151.000000
vt 0.000000 1.078120
vn -1.000000 0.000000 -0.000000
v -360.000000 -27.750000 -159.750000
vt 0.078120 1.117190
vn -1.000000 0.000000 -0.000000
v -360.000000 -27.750000 -152.250000
vt 0.000000 1.117190
vn -1.000000 0.000000 -0.000000
v -360.000000 -29.000000 -156.000000
vt 0.078120 1.156250
vn -1.000000 0.000000 -0.000000
v -360.000000 -20.250000 -152.250000
vt 0.039060 1.000000
vn 0.000000 0.707107 0.707107
v -357.000000 -24.000000 -151.000000
vt 0.078120 1.023440
vn 0.000000 0.000000 1.000000
v -360.000000 -24.000000 -151.000000
vt 0.078120 1.000000
vn 0.000000 0.000000 1.000000
v -357.000000 -20.250000 -152.250000
vt 0.039060 1.023440
vn 0.000000 0.707107 0.707107
v -357.000000 -27.750000 -152.250000
vt 0.117188 1.023440
vn 0.000000 -0.707107 0.707107
v -360.000000 -27.750000 -152.250000
vt 0.117188 1.000000
vn 0.000000 -0.707107 0.707107
v -360.000000 -19.000000 -156.000000
vt 0.000000 1.000000
vn 0.000000 1.000000 -0.000000
v -357.000000 -19.000000 -156.000000
vt 0.000000 1.023440
vn 0.000000 1.000000 -0.000000
v -360.000000 -24.000000 -161.000000
vt 0.234380 1.000000
vn 0.000000 0.000000 -1.000000
v -357.000000 -24.000000 -161.000000
vt 0.234380 1.023440
vn 0.000000 0.000000 -1.000000
v -357.000000 -20.250000 -159.750000
vt 0.273440 1.023440
vn 0.000000 0.707107 -0.707107
v -360.000000 -20.250000 -159.750000
vt 0.273440 1.000000
vn 0.000000 0.707107 -0.707107
v -360.000000 -27.750000 -159.750000
vt 0.195312 1.000000
vn 0.000000 -0.707107 -0.707107
v -357.000000 -27.750000 -159.750000
vt 0.195312 1.023440
vn 0.000000 -0.707107 -0.707107
v -357.000000 -19.000000 -156.000000
vt 0.312500 1.023440
vn 0.000000 1.000000 -0.000000
v -360.000000 -19.000000 -156.000000
vt 0.312500 1.000000
vn 0.000000 1.000000 -0.000000
v -360.000000 -27.750000 -152.250000
vt 0.117188 1.000000
vn 0.000000 -0.707107 0.707107
v -357.000000 -29.000000 -156.000000
vt 0.156250 1.023440
vn 0.000000 -1.000000 -0.000000
v -360.000000 -29.000000 -156.000000
vt 0.156250 1.000000
vn 0.000000 -1.000000 -0.000000
v -357.000000 -27.750000 -152.250000
vt 0.117188 1.023440
vn 0.000000 -0.707107 0.707107
v -357.000000 -27.750000 -159.750000
vt 0.195312 1.023440
vn 0.000000 -0.707107 -0.707107
v -360.000000 -27.750000 -159.750000
vt 0.195312 1.000000
vn 0.000000 -0.707107 -0.707107
f 540/540/540 542/542/542 541/541/541
f 541/541/541 543/543/543 544/544/544
f 541/541/541 542/542/542 543/543/543
f 544/544/544 545/545/545 546/546/546
f 544/544/544 543/543/543 545/545/545
f 546/546/546 545/545/545 547/547/547
f 554/554/554 551/551/551 555/555/555
f 554/554/554 548/548/548 551/551/551
f 548/548/548 549/549/549 551/551/551
f 548/548/548 550/550/550 549/549/549
f 550/550/550 552/552/552 549/549/549
f 550/550/550 553/553/553 552/552/552
f 564/564/564 565/565/565 567/567/567
f 564/564/564 566/566/566 565/565/565
f 566/566/566 568/568/568 565/565/565
f 566/566/566 569/569/569 568/568/568
f 560/560/560 557/557/557 561/561/561
f 560/560/560 556/556/556 557/557/557
f 556/556/556 558/558/558 557/557/557
f 556/556/556 559/559/559 558/558/558
f 559/559/559 562/562/562 558/558/558
f 559/559/559 563/563/563 562/562/562
g mat1m0s60
usemtl textures/metal/redmetalbase
v -360.000000 -3.000000 -140.000000
vt 0.000000 1.000000
vn -1.000000 0.000000 -0.000000
v -360.000000 -4.250000 -136.250000
vt 0.000000 1.039060
vn -1.000000 0.000000 -0.000000
v -360.000000 -4.250000 -143.750000
vt 0.078120 1.039060
vn -1.000000 0.000000 -0.000000
v -360.000000 -8.000000 -145.000000
vt 0.078120 1.078120
vn -1.000000 0.000000 -0.000000
v -360.000000 -8.000000 -135.000000
vt 0.000000 1.078120
vn -1.000000 0.000000 -0.000000
v -360.000000 -11.750000 -143.750000
vt 0.078120 1.117190
vn -1.000000 0.000000 -0.000000
v -360.000000 -11.750000 -136.250000
vt 0.000000 1.117190
vn -1.000000 0.000000 -0.000000
v -360.000000 -13.000000 -140.000000
vt 0.078120 1.156250
vn -1.000000 0.000000 -0.000000
v -360.000000 -4.250000 -136.250000
vt 0.039060 1.000000
vn 0.000000 0.707107 0.707107
v -357.000000 -8.000000 -135.000000
vt 0.078120 1.023440
vn 0.000000 0.000000 1.000000
v -360.000000 -8.000000 -135.000000
vt 0.078120 1.000000
vn 0.000000 0.000000 1.000000
v -357.000000 -4.250000 -136.250000
vt 0.039060 1.023440
vn 0.000000 0.707107 0.707107
v -357.000000 -11.750000 -136.250000
vt 0.117188 1.023440
vn 0.000000 -0.707107 0.707107
v -360.000000 -11.750000 -136.250000
vt 0.117188 1.000000
vn 0.000000 -0.707107 0.707107
v -360.000000 -3.000000 -140.000000
vt 0.000000 1.000000
vn 0.000000 1.000000 -0.000000
v -357.000000 -3.000000 -140.000000
vt 0.000000 1.023440
vn 0.000000 1.000000 -0.000000
v -360.000000 -8.000000 -145.000000
vt 0.234380 1.000000
vn 0.000000 0.000000 -1.000000
v -357.000000 -8.000000 -145.000000
vt 0.234380 1.023440
vn 0.000000 0.000000 -1.000000
v -357.000000 -4.250000 -143.750000
vt 0.273440 1.023440
vn 0.000000 0.707107 -0.707107
v -360.000000 -4.250000 -143.750000
vt 0.273440 1.000000
vn 0.000000 0.707107 -0.707107
v -360.000000 -11.750000 -143.750000
vt 0.195312 1.000000
vn 0.000000 -0.707107 -0.707107
v -357.000000 -11.750000 -143.750000
vt 0.195312 1.023440
vn 0.000000 -0.707107 -0.707107
v -357.000000 -3.000000 -140.000000
vt 0.312500 1.023440
vn 0.000000 1.000000 -0.000000
v -360.000000 -3.000000 -140.000000
vt 0.312500 1.000000
vn 0.000000 1.000000 -0.000000
v -360.000000 -11.750000 -136.250000
vt 0.117188 1.000000
vn 0.000000 -0.707107 0.707107
v -357.000000 -13.000000 -140.000000
vt 0.156250 1.023440
vn 0.000000 -1.000000 -0.000000
v -360.000000 -13.000000 -140.000000
vt 0.156250 1.000000
vn 0.000000 -1.000000 -0.000000
v -357.000000 -11.750000 -136.250000
vt 0.117188 1.023440
vn 0.000000 -0.707107 0.707107
v -357.000000 -11.750000 -143.750000
vt 0.195312 1.023440
vn 0.000000 -0.707107 -0.707107
v -360.000000 -11.750000 -143.750000
vt 0.195312 1.000000
vn 0.000000 -0.707107 -0.707107
f 570/570/570 572/572/572 571/571/571
f 571/571/571 573/573/573 574/574/574
f 571/571/571 572/572/572 573/573/573
f 574/574/574 575/575/575 576/576/576
f 574/574/574 573/573/573 575/575/575
f 576/576/576 575/575/575 577/577/577
f 584/584/584 581/581/581 585/585/585
f 584/584/584 578/578/578 581/581/581
f 578/578/578 579/579/579 581/581/581
f 578/578/578 580/580/580 579/579/579
f 580/580/580 582/582/582 579/579/579
f 580/580/580 583/583/583 582/582/582
f 594/594/594 595/595/595 597/597/597
f 594/594/594 596/596/596 595/595/595
f 596/596/596 598/598/598 595/595/595
f 596/596/596 599/599/599 598/598/598
f 590/590/590 587/587/587 591/591/591
f 590/590/590 586/586/586 587/587/587
f 586/586/586 588/588/588 587/587/587
f 586/586/586 589/589/589 588/588/588
f 589/589/589 592/592/592 588/588/588
f 589/589/589 593/593/593 592/592/592
g mat1m0s61
usemtl textures/metal/redmetalbase
v -312.000000 11.588000 -12.199000
vt 0.000000 1.000000
vn -1.000000 0.000000 -0.000000
v -312.000000 20.893999 -0.517250
vt 0.000000 1.147590
vn -1.000000 0.000000 -0.000000
v -312.000000 -2.865250 -15.961250
vt 0.295180 1.147590
vn -1.000000 0.000000 -0.000000
v -312.000000 -14.547000 -6.656000
vt 0.295180 1.295180
vn -1.000000 0.000000 -0.000000
v -312.000000 17.132000 13.936000
vt 0.000000 1.295180
vn -1.000000 0.000000 -0.000000
v -312.000000 -18.308500 7.797250
vt 0.295180 1.442770
vn -1.000000 0.000000 -0.000000
v -312.000000 5.450250 23.241249
vt 0.000000 1.442770
vn -1.000000 0.000000 -0.000000
v -312.000000 -9.003000 19.479000
vt 0.295180 1.590350
vn -1.000000 0.000000 -0.000000
v -308.000000 20.893999 -0.517250
vt 1.033120 1.000000
vn -0.000000 0.978237 -0.207490
v -312.000000 20.893999 -0.517250
vt 1.033120 1.031250
vn 0.000000 0.978237 -0.207490
v -312.000000 11.588000 -12.199000
vt 1.180710 1.031250
vn -0.000000 0.545000 -0.838436
v -308.000000 11.588000 -12.199000
vt 1.180710 1.000000
vn 0.000000 0.545000 -0.838436
v -308.000000 -18.308498 7.797250
vt 0.442768 1.000000
vn -0.000000 -0.978236 0.207498
v -312.000000 -9.003000 19.479000
vt 0.590350 1.031250
vn -0.000000 -0.545013 0.838428
v -308.000000 -9.003000 19.479000
vt 0.590350 1.000000
vn 0.000000 -0.545013 0.838428
v -312.000000 -18.308498 7.797250
vt 0.442768 1.031250
vn 0.000000 -0.978236 0.207498
v -312.000000 5.450250 23.241249
vt 0.737940 1.031250
vn 0.000000 0.207476 0.978240
v -308.000000 5.450250 23.241249
vt 0.737940 1.000000
vn -0.000000 0.207476 0.978240
v -308.000000 5.450250 23.241249
vt 0.737940 1.000000
vn -0.000000 0.207476 0.978240
v -312.000000 5.450250 23.241249
vt 0.737940 1.031250
vn 0.000000 0.207476 0.978240
v -312.000000 17.132000 13.936000
vt 0.885530 1.031250
vn 0.000000 0.838428 0.545013
v -308.000000 17.132000 13.936000
vt 0.885530 1.000000
vn 0.000000 0.838428 0.545013
v -312.000000 20.893999 -0.517250
vt 1.033120 1.031250
vn 0.000000 0.978237 -0.207490
v -308.000000 20.893999 -0.517250
vt 1.033120 1.000000
vn -0.000000 0.978237 -0.207490
v -308.000000 -2.865250 -15.961250
vt 0.147590 1.000000
vn 0.000000 -0.207476 -0.978240
v -312.000000 -14.547000 -6.656000
vt 0.295180 1.031250
vn 0.000000 -0.838440 -0.544994
v -308.000000 -14.547000 -6.656000
vt 0.295180 1.000000
vn -0.000000 -0.838440 -0.544994
v -312.000000 -2.865250 -15.961250
vt 0.147590 1.031250
vn 0.000000 -0.207476 -0.978240
v -312.000000 -18.308498 7.797250
vt 0.442768 1.031250
vn 0.000000 -0.978236 0.207498
v -308.000000 -18.308498 7.797250
vt 0.442768 1.000000
vn -0.000000 -0.978236 0.207498
v -308.000000 11.588000 -12.199000
vt 0.000000 1.000000
vn 0.000000 0.545000 -0.838436
v -312.000000 11.588000 -12.199000
vt 0.000000 1.031250
vn -0.000000 0.545000 -0.838436
v -312.000000 -2.865250 -15.961250
vt 0.147590 1.031250
vn 0.000000 -0.207476 -0.978240
v -308.000000 -2.865250 -15.961250
vt 0.147590 1.000000
vn 0.000000 -0.207476 -0.978240
f 600/600/600 602/602/602 601/601/601
f 601/601/601 603/603/603 604/604/604
f 601/601/601 602/602/602 603/603/603
f 604/604/604 605/605/605 606/606/606
f 604/604/604 603/603/603 605/605/605
f 606/606/606 605/605/605 607/607/607
f 630/630/630 632/632/632 631/631/631
f 630/630/630 633/633/633 632/632/632
f 624/624/624 625/625/625 627/627/627
f 624/624/624 626/626/626 625/625/625
f 626/626/626 628/628/628 625/625/625
f 626/626/626 629/629/629 628/628/628
f 612/612/612 613/613/613 615/615/615
f 612/612/612 614/614/614 613/613/613
f 614/614/614 616/616/616 613/613/613
f 614/614/614 617/617/617 616/616/616
f 618/618/618 620/620/620 619/619/619
f 618/618/618 621/621/621 620/620/620
f 621/621/621 622/622/622 620/620/620
f 621/621/621 623/623/623 622/622/622
f 608/608/608 610/610/610 609/609/609
f 608/608/608 611/611/611 610/610/610
g mat3m0s62
usemtl textures/plastic_vertex/vertex_grey65
v -224.000000 -19.000000 -156.000000
vt 0.000000 1.000000
vn -1.000000 0.000000 -0.000000
v -224.000000 -20.250000 -152.250000
vt 0.000000 1.039060
vn -1.000000 0.000000 -0.000000
v -224.000000 -20.250000 -159.750000
vt 0.078120 1.039060
vn -1.000000 0.000000 -0.000000
v -224.000000 -24.000000 -161.000000
vt 0.078120 1.078120
vn -1.000000 0.000000 -0.000000
v -224.000000 -24.000000 -151.000000
vt 0.000000 1.078120
vn -1.000000 0.000000 -0.000000
v -224.000000 -27.750000 -159.750000
vt 0.078120 1.117190
vn -1.000000 0.000000 -0.000000
v -224.000000 -27.750000 -152.250000
vt 0.000000 1.117190
vn -1.000000 0.000000 -0.000000
v -224.000000 -29.000000 -156.000000
vt 0.078120 1.156250
vn -1.000000 0.000000 -0.000000
v -224.000000 -20.250000 -152.250000
vt 0.039060 1.000000
vn 0.000000 0.707107 0.707107
v -221.000000 -24.000000 -151.000000
vt 0.078120 1.023440
vn 0.000000 0.000000 1.000000
v -224.000000 -24.000000 -151.000000
vt 0.078120 1.000000
vn 0.000000 0.000000 1.000000
v -221.000000 -20.250000 -152.250000
vt 0.039060 1.023440
vn 0.000000 0.707107 0.707107
v -221.000000 -27.750000 -152.250000
vt 0.117188 1.023440
vn 0.000000 -0.707107 0.707107
v -224.000000 -27.750000 -152.250000
vt 0.117188 1.000000
vn 0.000000 -0.707107 0.707107
v -224.000000 -19.000000 -156.000000
vt 0.000000 1.000000
vn 0.000000 1.000000 -0.000000
v -221.000000 -19.000000 -156.000000
vt 0.000000 1.023440
vn 0.000000 1.000000 -0.000000
v -224.000000 -24.000000 -161.000000
vt 0.234380 1.000000
vn 0.000000 0.000000 -1.000000
v -221.000000 -24.000000 -161.000000
vt 0.234380 1.023440
vn 0.000000 0.000000 -1.000000
v -221.000000 -20.250000 -159.750000
vt 0.273440 1.023440
vn 0.000000 0.707107 -0.707107
v -224.000000 -20.250000 -159.750000
vt 0.273440 1.000000
vn 0.000000 0.707107 -0.707107
v -224.000000 -27.750000 -159.750000
vt 0.195312 1.000000
vn 0.000000 -0.707107 -0.707107
v -221.000000 -27.750000 -159.750000
vt 0.195312 1.023440
vn 0.000000 -0.707107 -0.707107
v -221.000000 -19.000000 -156.000000
vt 0.312500 1.023440
vn 0.000000 1.000000 -0.000000
v -224.000000 -19.000000 -156.000000
vt 0.312500 1.000000
vn 0.000000 1.000000 -0.000000
v -224.000000 -27.750000 -152.250000
vt 0.117188 1.000000
vn 0.000000 -0.707107 0.707107
v -221.000000 -29.000000 -156.000000
vt 0.156250 1.023440
vn 0.000000 -1.000000 -0.000000
v -224.000000 -29.000000 -156.000000
vt 0.156250 1.000000
vn 0.000000 -1.000000 -0.000000
v -221.000000 -27.750000 -152.250000
vt 0.117188 1.023440
vn 0.000000 -0.707107 0.707107
v -221.000000 -27.750000 -159.750000
vt 0.195312 1.023440
vn 0.000000 -0.707107 -0.707107
v -224.000000 -27.750000 -159.750000
vt 0.195312 1.000000
vn 0.000000 -0.707107 -0.707107
f 648/648/648 645/645/645 649/649/649
f 648/648/648 642/642/642 645/645/645
f 642/642/642 643/643/643 645/645/645
f 642/642/642 644/644/644 643/643/643
f 644/644/644 646/646/646 643/643/643
f 644/644/644 647/647/647 646/646/646
f 658/658/658 659/659/659 661/661/661
f 658/658/658 660/660/660 659/659/659
f 660/660/660 662/662/662 659/659/659
f 660/660/660 663/663/663 662/662/662
f 654/654/654 651/651/651 655/655/655
f 654/654/654 650/650/650 651/651/651
f 650/650/650 652/652/652 651/651/651
f 650/650/650 653/653/653 652/652/652
f 653/653/653 656/656/656 652/652/652
f 653/653/653 657/657/657 656/656/656
f 634/634/634 636/636/636 635/635/635
f 635/635/635 637/637/637 638/638/638
f 635/635/635 636/636/636 637/637/637
f 638/638/638 639/639/639 640/640/640
f 638/638/638 637/637/637 639/639/639
f 640/640/640 639/639/639 641/641/641
g mat3m0s63
usemtl textures/plastic_vertex/vertex_grey65
v -88.000000 -19.000000 -156.000000
vt 0.000000 1.000000
vn -1.000000 0.000000 -0.000000
v -88.000000 -20.250000 -152.250000
vt 0.000000 1.039060
vn -1.000000 0.000000 -0.000000
v -88.000000 -20.250000 -159.750000
vt 0.078120 1.039060
vn -1.000000 0.000000 -0.000000
v -88.000000 -24.000000 -161.000000
vt 0.078120 1.078120
vn -1.000000 0.000000 -0.000000
v -88.000000 -24.000000 -151.000000
vt 0.000000 1.078120
vn -1.000000 0.000000 -0.000000
v -88.000000 -27.750000 -159.750000
vt 0.078120 1.117190
vn -1.000000 0.000000 -0.000000
v -88.000000 -27.750000 -152.250000
vt 0.000000 1.117190
vn -1.000000 0.000000 -0.000000
v -88.000000 -29.000000 -156.000000
vt 0.078120 1.156250
vn -1.000000 0.000000 -0.000000
v -88.000000 -20.250000 -152.250000
vt 0.039060 1.000000
vn 0.000000 0.707107 0.707107
v -85.000000 -24.000000 -151.000000
vt 0.078120 1.023440
vn 0.000000 0.000000 1.000000
v -88.000000 -24.000000 -151.000000
vt 0.078120 1.000000
vn 0.000000 0.000000 1.000000
v -85.000000 -20.250000 -152.250000
vt 0.039060 1.023440
vn 0.000000 0.707107 0.707107
v -85.000000 -27.750000 -152.250000
vt 0.117188 1.023440
vn 0.000000 -0.707107 0.707107
v -88.000000 -27.750000 -152.250000
vt 0.117188 1.000000
vn 0.000000 -0.707107 0.707107
v -88.000000 -19.000000 -156.000000
vt 0.000000 1.000000
vn 0.000000 1.000000 -0.000000
v -85.000000 -19.000000 -156.000000
vt 0.000000 1.023440
vn 0.000000 1.000000 -0.000000
v -88.000000 -24.000000 -161.000000
vt 0.234380 1.000000
vn 0.000000 0.000000 -1.000000
v -85.000000 -24.000000 -161.000000
vt 0.234380 1.023440
vn 0.000000 0.000000 -1.000000
v -85.000000 -20.250000 -159.750000
vt 0.273440 1.023440
vn 0.000000 0.707107 -0.707107
v -88.000000 -20.250000 -159.750000
vt 0.273440 1.000000
vn 0.000000 0.707107 -0.707107
v -88.000000 -27.750000 -159.750000
vt 0.195312 1.000000
vn 0.000000 -0.707107 -0.707107
v -85.000000 -27.750000 -159.750000
vt 0.195312 1.023440
vn 0.000000 -0.707107 -0.707107
v -85.000000 -19.000000 -156.000000
vt 0.312500 1.023440
vn 0.000000 1.000000 -0.000000
v -88.000000 -19.000000 -156.000000
vt 0.312500 1.000000
vn 0.000000 1.000000 -0.000000
v -88.000000 -27.750000 -152.250000
vt 0.117188 1.000000
vn 0.000000 -0.707107 0.707107
v -85.000000 -29.000000 -156.000000
vt 0.156250 1.023440
vn 0.000000 -1.000000 -0.000000
v -88.000000 -29.000000 -156.000000
vt 0.156250 1.000000
vn 0.000000 -1.000000 -0.000000
v -85.000000 -27.750000 -152.250000
vt 0.117188 1.023440
vn 0.000000 -0.707107 0.707107
v -85.000000 -27.750000 -159.750000
vt 0.195312 1.023440
vn 0.000000 -0.707107 -0.707107
v -88.000000 -27.750000 -159.750000
vt 0.195312 1.000000
vn 0.000000 -0.707107 -0.707107
f 664/664/664 666/666/666 665/665/665
f 665/665/665 667/667/667 668/668/668
f 665/665/665 666/666/666 667/667/667
f 668/668/668 669/669/669 670/670/670
f 668/668/668 667/667/667 669/669/669
f 670/670/670 669/669/669 671/671/671
f 678/678/678 675/675/675 679/679/679
f 678/678/678 672/672/672 675/675/675
f 672/672/672 673/673/673 675/675/675
f 672/672/672 674/674/674 673/673/673
f 674/674/674 676/676/676 673/673/673
f 674/674/674 677/677/677 676/676/676
f 688/688/688 689/689/689 691/691/691
f 688/688/688 690/690/690 689/689/689
f 690/690/690 692/692/692 689/689/689
f 690/690/690 693/693/693 692/692/692
f 684/684/684 681/681/681 685/685/685
f 684/684/684 680/680/680 681/681/681
f 680/680/680 682/682/682 681/681/681
f 680/680/680 683/683/683 682/682/682
f 683/683/683 686/686/686 682/682/682
f 683/683/683 687/687/687 686/686/686
g mat3m0s64
usemtl textures/plastic_vertex/vertex_grey65
v 72.000000 -19.000000 -156.000000
vt 0.000000 1.000000
vn -1.000000 0.000000 -0.000000
v 72.000000 -20.250000 -152.250000
vt 0.000000 1.039060
vn -1.000000 0.000000 -0.000000
v 72.000000 -20.250000 -159.750000
vt 0.078120 1.039060
vn -1.000000 0.000000 -0.000000
v 72.000000 -24.000000 -161.000000
vt 0.078120 1.078120
vn -1.000000 0.000000 -0.000000
v 72.000000 -24.000000 -151.000000
vt 0.000000 1.078120
vn -1.000000 0.000000 -0.000000
v 72.000000 -27.750000 -159.750000
vt 0.078120 1.117190
vn -1.000000 0.000000 -0.000000
v 72.000000 -27.750000 -152.250000
vt 0.000000 1.117190
vn -1.000000 0.000000 -0.000000
v 72.000000 -29.000000 -156.000000
vt 0.078120 1.156250
vn -1.000000 0.000000 -0.000000
v 72.000000 -20.250000 -152.250000
vt 0.039060 1.000000
vn 0.000000 0.707107 0.707107
v 75.000000 -24.000000 -151.000000
vt 0.078120 1.023440
vn 0.000000 0.000000 1.000000
v 72.000000 -24.000000 -151.000000
vt 0.078120 1.000000
vn 0.000000 0.000000 1.000000
v 75.000000 -20.250000 -152.250000
vt 0.039060 1.023440
vn 0.000000 0.707107 0.707107
v 75.000000 -27.750000 -152.250000
vt 0.117188 1.023440
vn 0.000000 -0.707107 0.707107
v 72.000000 -27.750000 -152.250000
vt 0.117188 1.000000
vn 0.000000 -0.707107 0.707107
v 72.000000 -19.000000 -156.000000
vt 0.000000 1.000000
vn 0.000000 1.000000 -0.000000
v 75.000000 -19.000000 -156.000000
vt 0.000000 1.023440
vn 0.000000 1.000000 -0.000000
v 72.000000 -24.000000 -161.000000
vt 0.234380 1.000000
vn 0.000000 0.000000 -1.000000
v 75.000000 -24.000000 -161.000000
vt 0.234380 1.023440
vn 0.000000 0.000000 -1.000000
v 75.000000 -20.250000 -159.750000
vt 0.273440 1.023440
vn 0.000000 0.707107 -0.707107
v 72.000000 -20.250000 -159.750000
vt 0.273440 1.000000
vn 0.000000 0.707107 -0.707107
v 72.000000 -27.750000 -159.750000
vt 0.195312 1.000000
vn 0.000000 -0.707107 -0.707107
v 75.000000 -27.750000 -159.750000
vt 0.195312 1.023440
vn 0.000000 -0.707107 -0.707107
v 75.000000 -19.000000 -156.000000
vt 0.312500 1.023440
vn 0.000000 1.000000 -0.000000
v 72.000000 -19.000000 -156.000000
vt 0.312500 1.000000
vn 0.000000 1.000000 -0.000000
v 72.000000 -27.750000 -152.250000
vt 0.117188 1.000000
vn 0.000000 -0.707107 0.707107
v 75.000000 -29.000000 -156.000000
vt 0.156250 1.023440
vn 0.000000 -1.000000 -0.000000
v 72.000000 -29.000000 -156.000000
vt 0.156250 1.000000
vn 0.000000 -1.000000 -0.000000
v 75.000000 -27.750000 -152.250000
vt 0.117188 1.023440
vn 0.000000 -0.707107 0.707107
v 75.000000 -27.750000 -159.750000
vt 0.195312 1.023440
vn 0.000000 -0.707107 -0.707107
v 72.000000 -27.750000 -159.750000
vt 0.195312 1.000000
vn 0.000000 -0.707107 -0.707107
f 708/708/708 705/705/705 709/709/709
f 708/708/708 702/702/702 705/705/705
f 702/702/702 703/703/703 705/705/705
f 702/702/702 704/704/704 703/703/703
f 704/704/704 706/706/706 703/703/703
f 704/704/704 707/707/707 706/706/706
f 718/718/718 719/719/719 721/721/721
f 718/718/718 720/720/720 719/719/719
f 720/720/720 722/722/722 719/719/719
f 720/720/720 723/723/723 722/722/722
f 714/714/714 711/711/711 715/715/715
f 714/714/714 710/710/710 711/711/711
f 710/710/710 712/712/712 711/711/711
f 710/710/710 713/713/713 712/712/712
f 713/713/713 716/716/716 712/712/712
f 713/713/713 717/717/717 716/716/716
f 694/694/694 696/696/696 695/695/695
f 695/695/695 697/697/697 698/698/698
f 695/695/695 696/696/696 697/697/697
f 698/698/698 699/699/699 700/700/700
f 698/698/698 697/697/697 699/699/699
f 700/700/700 699/699/699 701/701/701
g mat1m0s65
usemtl textures/metal/redmetalbase
v -208.000000 11.588000 -12.199000
vt 0.000000 1.000000
vn -1.000000 0.000000 -0.000000
v -208.000000 20.893999 -0.517250
vt 0.000000 1.147590
vn -1.000000 0.000000 -0.000000
v -208.000000 -2.865250 -15.961250
vt 0.295180 1.147590
vn -1.000000 0.000000 -0.000000
v -208.000000 -14.547000 -6.656000
vt 0.295180 1.295180
vn -1.000000 0.000000 -0.000000
v -208.000000 17.132000 13.936000
vt 0.000000 1.295180
vn -1.000000 0.000000 -0.000000
v -208.000000 -18.308500 7.797250
vt 0.295180 1.442770
vn -1.000000 0.000000 -0.000000
v -208.000000 5.450250 23.241249
vt 0.000000 1.442770
vn -1.000000 0.000000 -0.000000
v -208.000000 -9.003000 19.479000
vt 0.295180 1.590350
vn -1.000000 0.000000 -0.000000
v -204.000000 20.893999 -0.517250
vt 1.033120 1.000000
vn -0.000000 0.978237 -0.207490
v -208.000000 20.893999 -0.517250
vt 1.033120 1.031250
vn 0.000000 0.978237 -0.207490
v -208.000000 11.588000 -12.199000
vt 1.180710 1.031250
vn -0.000000 0.545000 -0.838436
v -204.000000 11.588000 -12.199000
vt 1.180710 1.000000
vn 0.000000 0.545000 -0.838436
v -204.000000 -18.308498 7.797250
vt 0.442768 1.000000
vn -0.000000 -0.978236 0.207498
v -208.000000 -9.003000 19.479000
vt 0.590350 1.031250
vn -0.000000 -0.545013 0.838428
v -204.000000 -9.003000 19.479000
vt 0.590350 1.000000
vn 0.000000 -0.545013 0.838428
v -208.000000 -18.308498 7.797250
vt 0.442768 1.031250
vn 0.000000 -0.978236 0.207498
v -208.000000 5.450250 23.241249
vt 0.737940 1.031250
vn 0.000000 0.207476 0.978240
v -204.000000 5.450250 23.241249
vt 0.737940 1.000000
vn -0.000000 0.207476 0.978240
v -204.000000 5.450250 23.241249
vt 0.737940 1.000000
vn -0.000000 0.207476 0.978240
v -208.000000 5.450250 23.241249
vt 0.737940 1.031250
vn 0.000000 0.207476 0.978240
v -208.000000 17.132000 13.936000
vt 0.885530 1.031250
vn 0.000000 0.838428 0.545013
v -204.000000 17.132000 13.936000
vt 0.885530 1.000000
vn 0.000000 0.838428 0.545013
v -208.000000 20.893999 -0.517250
vt 1.033120 1.031250
vn 0.000000 0.978237 -0.207490
v -204.000000 20.893999 -0.517250
vt 1.033120 1.000000
vn -0.000000 0.978237 -0.207490
v -204.000000 -2.865250 -15.961250
vt 0.147590 1.000000
vn 0.000000 -0.207476 -0.978240
v -208.000000 -14.547000 -6.656000
vt 0.295180 1.031250
vn 0.000000 -0.838440 -0.544994
v -204.000000 -14.547000 -6.656000
vt 0.295180 1.000000
vn -0.000000 -0.838440 -0.544994
v -208.000000 -2.865250 -15.961250
vt 0.147590 1.031250
vn 0.000000 -0.207476 -0.978240
v -208.000000 -18.308498 7.797250
vt 0.442768 1.031250
vn 0.000000 -0.978236 0.207498
v -204.000000 -18.308498 7.797250
vt 0.442768 1.000000
vn -0.000000 -0.978236 0.207498
v -204.000000 11.588000 -12.199000
vt 0.000000 1.000000
vn 0.000000 0.545000 -0.838436
v -208.000000 11.588000 -12.199000
vt 0.000000 1.031250
vn -0.000000 0.545000 -0.838436
v -208.000000 -2.865250 -15.961250
vt 0.147590 1.031250
vn 0.000000 -0.207476 -0.978240
v -204.000000 -2.865250 -15.961250
vt 0.147590 1.000000
vn 0.000000 -0.207476 -0.978240
f 724/724/724 726/726/726 725/725/725
f 725/725/725 727/727/727 728/728/728
f 725/725/725 726/726/726 727/727/727
f 728/728/728 729/729/729 730/730/730
f 728/728/728 727/727/727 729/729/729
f 730/730/730 729/729/729 731/731/731
f 754/754/754 756/756/756 755/755/755
f 754/754/754 757/757/757 756/756/756
f 748/748/748 749/749/749 751/751/751
f 748/748/748 750/750/750 749/749/749
f 750/750/750 752/752/752 749/749/749
f 750/750/750 753/753/753 752/752/752
f 736/736/736 737/737/737 739/739/739
f 736/736/736 738/738/738 737/737/737
f 738/738/738 740/740/740 737/737/737
f 738/738/738 741/741/741 740/740/740
f 742/742/742 744/744/744 743/743/743
f 742/742/742 745/745/745 744/744/744
f 745/745/745 746/746/746 744/744/744
f 745/745/745 747/747/747 746/746/746
f 732/732/732 734/734/734 733/733/733
f 732/732/732 735/735/735 734/734/734
g mat1m0s66
usemtl textures/metal/redmetalbase
v -72.000000 20.893999 -0.517250
vt 0.000000 1.147590
vn -1.000000 0.000000 -0.000000
v -72.000000 17.132000 13.936000
vt 0.000000 1.295180
vn -1.000000 0.000000 -0.000000
v -72.000000 -14.547000 -6.656000
vt 0.295180 1.295180
vn -1.000000 0.000000 -0.000000
v -72.000000 -2.865250 -15.961250
vt 0.295180 1.147590
vn -1.000000 0.000000 -0.000000
v -72.000000 11.588000 -12.199000
vt 0.000000 1.000000
vn -1.000000 0.000000 -0.000000
v -72.000000 -18.308500 7.797250
vt 0.295180 1.442770
vn -1.000000 0.000000 -0.000000
v -72.000000 5.450250 23.241249
vt 0.000000 1.442770
vn -1.000000 0.000000 -0.000000
v -72.000000 -9.003000 19.479000
vt 0.295180 1.590350
vn -1.000000 0.000000 -0.000000
v -68.000000 20.893999 -0.517250
vt 1.033120 1.000000
vn -0.000000 0.978237 -0.207490
v -72.000000 20.893999 -0.517250
vt 1.033120 1.031250
vn 0.000000 0.978237 -0.207490
v -72.000000 11.588000 -12.199000
vt 1.180710 1.031250
vn -0.000000 0.545000 -0.838436
v -68.000000 11.588000 -12.199000
vt 1.180710 1.000000
vn 0.000000 0.545000 -0.838436
v -68.000000 -18.308498 7.797250
vt 0.442768 1.000000
vn -0.000000 -0.978236 0.207498
v -72.000000 -9.003000 19.479000
vt 0.590350 1.031250
vn -0.000000 -0.545013 0.838428
v -68.000000 -9.003000 19.479000
vt 0.590350 1.000000
vn 0.000000 -0.545013 0.838428
v -72.000000 -18.308498 7.797250
vt 0.442768 1.031250
vn 0.000000 -0.978236 0.207498
v -72.000000 5.450250 23.241249
vt 0.737940 1.031250
vn 0.000000 0.207476 0.978240
v -68.000000 5.450250 23.241249
vt 0.737940 1.000000
vn -0.000000 0.207476 0.978240
v -68.000000 -2.865250 -15.961250
vt 0.147590 1.000000
vn -0.000000 -0.207476 -0.978240
v -72.000000 -2.865250 -15.961250
vt 0.147590 1.031250
vn 0.000000 -0.207476 -0.978240
v -72.000000 -14.547000 -6.656000
vt 0.295180 1.031250
vn 0.000000 -0.838440 -0.544994
v -68.000000 -14.547000 -6.656000
vt 0.295180 1.000000
vn -0.000000 -0.838440 -0.544994
v -68.000000 11.588000 -12.199000
vt 0.000000 1.000000
vn 0.000000 0.545000 -0.838436
v -72.000000 11.588000 -12.199000
vt 0.000000 1.031250
vn -0.000000 0.545000 -0.838436
v -68.000000 5.450250 23.241249
vt 0.737940 1.000000
vn -0.000000 0.207476 0.978240
v -72.000000 17.132000 13.936000
vt 0.885530 1.031250
vn 0.000000 0.838428 0.545013
v -68.000000 17.132000 13.936000
vt 0.885530 1.000000
vn 0.000000 0.838428 0.545013
v -72.000000 5.450250 23.241249
vt 0.737940 1.031250
vn 0.000000 0.207476 0.978240
v -72.000000 20.893999 -0.517250
vt 1.033120 1.031250
vn 0.000000 0.978237 -0.207490
v -68.000000 20.893999 -0.517250
vt 1.033120 1.000000
vn -0.000000 0.978237 -0.207490
v -68.000000 -14.547000 -6.656000
vt 0.295180 1.000000
vn -0.000000 -0.838440 -0.544994
v -72.000000 -18.308498 7.797250
vt 0.442768 1.031250
vn 0.000000 -0.978236 0.207498
v -68.000000 -18.308498 7.797250
vt 0.442768 1.000000
vn -0.000000 -0.978236 0.207498
v -72.000000 -14.547000 -6.656000
vt 0.295180 1.031250
vn 0.000000 -0.838440 -0.544994
f 780/780/780 777/777/777 781/781/781
f 780/780/780 776/776/776 777/777/777
f 776/776/776 778/778/778 777/777/777
f 776/776/776 779/779/779 778/778/778
f 788/788/788 789/789/789 791/791/791
f 788/788/788 790/790/790 789/789/789
f 770/770/770 771/771/771 773/773/773
f 770/770/770 772/772/772 771/771/771
f 772/772/772 774/774/774 771/771/771
f 772/772/772 775/775/775 774/774/774
f 782/782/782 783/783/783 785/785/785
f 782/782/782 784/784/784 783/783/783
f 784/784/784 786/786/786 783/783/783
f 784/784/784 787/787/787 786/786/786
f 766/766/766 768/768/768 767/767/767
f 766/766/766 769/769/769 768/768/768
f 762/762/762 761/761/761 758/758/758
f 758/758/758 760/760/760 759/759/759
f 758/758/758 761/761/761 760/760/760
f 759/759/759 763/763/763 764/764/764
f 759/759/759 760/760/760 763/763/763
f 764/764/764 763/763/763 765/765/765
g mat4m0s67
usemtl textures/pipes/darkpipe_hazelh
v -372.750000 -5.000000 -146.250000
vt 0.260817 1.132812
vn 0.408248 0.816497 -0.408248
v -360.000000 -5.000000 -143.000000
vt 0.260817 1.281250
vn 0.000000 0.707107 -0.707107
v -360.000000 -4.000000 -140.000000
vt 0.301780 1.281250
vn 0.000000 1.000000 -0.000000
v -375.000000 -4.000000 -144.000000
vt 0.301780 1.132812
vn 0.000000 1.000000 -0.000000
v -360.000000 -5.000000 -143.000000
vt 0.218750 1.000000
vn 0.000000 0.707107 -0.707107
v 88.000000 -4.000000 -140.000000
vt 0.250000 4.500000
vn 0.000000 1.000000 -0.000000
v -360.000000 -4.000000 -140.000000
vt 0.250000 1.000000
vn 0.000000 1.000000 -0.000000
v 88.000000 -5.000000 -143.000000
vt 0.218750 4.500000
vn 0.000000 0.707107 -0.707107
v -377.000000 -5.000000 -156.000000
vt 0.260817 1.000000
vn 0.707107 0.707107 -0.000000
v -380.000000 -4.000000 -156.000000
vt 0.301780 1.000000
vn 0.000000 1.000000 -0.000000
v -377.250000 -5.000000 -141.750000
vt 0.040955 1.132812
vn -0.408248 0.816497 0.408248
v -360.000000 -5.000000 -137.000000
vt 0.040955 1.281250
vn 0.000000 0.707107 0.707107
v -360.000000 -8.000000 -136.000000
vt 0.075440 1.281250
vn 0.000000 0.000000 1.000000
v -378.000000 -8.000000 -141.000000
vt 0.075440 1.132812
vn -0.707107 0.000000 0.707107
v -360.000000 -5.000000 -137.000000
vt 0.031250 1.000000
vn 0.000000 0.707107 0.707107
v 88.000000 -8.000000 -136.000000
vt 0.062500 4.500000
vn 0.000000 0.000000 1.000000
v -360.000000 -8.000000 -136.000000
vt 0.062500 1.000000
vn 0.000000 0.000000 1.000000
v 88.000000 -5.000000 -137.000000
vt 0.031250 4.500000
vn 0.000000 0.707107 0.707107
v -360.000000 -4.000000 -140.000000
vt 0.000000 1.000000
vn 0.000000 1.000000 -0.000000
v 88.000000 -4.000000 -140.000000
vt 0.000000 4.500000
vn 0.000000 1.000000 -0.000000
v -375.000000 -4.000000 -144.000000
vt 0.000000 1.132812
vn 0.000000 1.000000 -0.000000
v -360.000000 -4.000000 -140.000000
vt 0.000000 1.281250
vn 0.000000 1.000000 -0.000000
v -380.000000 -4.000000 -156.000000
vt 0.000000 1.000000
vn 0.000000 1.000000 -0.000000
v -383.000000 -5.000000 -156.000000
vt 0.040955 1.000000
vn -0.707107 0.707107 -0.000000
v -377.250000 -11.000000 -141.750000
vt 0.109927 1.132812
vn -0.408248 -0.816497 0.408248
v -360.000000 -11.000000 -137.000000
vt 0.109927 1.281250
vn 0.000000 -0.707107 0.707107
v -360.000000 -12.000000 -140.000000
vt 0.150890 1.281250
vn 0.000000 -1.000000 -0.000000
v -375.000000 -12.000000 -144.000000
vt 0.150890 1.132812
vn 0.000000 -1.000000 -0.000000
v -360.000000 -11.000000 -137.000000
vt 0.093750 1.000000
vn 0.000000 -0.707107 0.707107
v 88.000000 -12.000000 -140.000000
vt 0.125000 4.500000
vn 0.000000 -1.000000 -0.000000
v -360.000000 -12.000000 -140.000000
vt 0.125000 1.000000
vn 0.000000 -1.000000 -0.000000
v 88.000000 -11.000000 -137.000000
vt 0.093750 4.500000
vn 0.000000 -0.707107 0.707107
v -383.000000 -11.000000 -156.000000
vt 0.109927 1.000000
vn -0.707107 -0.707107 -0.000000
v 88.000000 -11.000000 -143.000000
vt 0.156250 4.500000
vn 0.000000 -0.707107 -0.707107
v -360.000000 -11.000000 -143.000000
vt 0.156250 1.000000
vn 0.000000 -0.707107 -0.707107
v -360.000000 -11.000000 -143.000000
vt 0.191845 1.281250
vn 0.000000 -0.707107 -0.707107
v -372.750000 -11.000000 -146.250000
vt 0.191845 1.132812
vn 0.408248 -0.816497 -0.408248
v -380.000000 -12.000000 -156.000000
vt 0.150890 1.000000
vn 0.000000 -1.000000 -0.000000
v -377.000000 -11.000000 -156.000000
vt 0.191845 1.000000
vn 0.707107 -0.707107 -0.000000
v -360.000000 -8.000000 -136.000000
vt 0.062500 1.000000
vn 0.000000 0.000000 1.000000
v 88.000000 -8.000000 -136.000000
vt 0.062500 4.500000
vn 0.000000 0.000000 1.000000
v -372.000000 -8.000000 -147.000000
vt 0.226330 1.132812
vn 0.707107 0.000000 -0.707107
v -360.000000 -8.000000 -144.000000
vt 0.226330 1.281250
vn 0.000000 0.000000 -1.000000
v -360.000000 -5.000000 -143.000000
vt 0.260817 1.281250
vn 0.000000 0.707107 -0.707107
v -372.750000 -5.000000 -146.250000
vt 0.260817 1.132812
vn 0.408248 0.816497 -0.408248
v -360.000000 -8.000000 -144.000000
vt 0.187500 1.000000
vn 0.000000 0.000000 -1.000000
v 88.000000 -5.000000 -143.000000
vt 0.218750 4.500000
vn 0.000000 0.707107 -0.707107
v -360.000000 -5.000000 -143.000000
vt 0.218750 1.000000
vn 0.000000 0.707107 -0.707107
v 88.000000 -8.000000 -144.000000
vt 0.187500 4.500000
vn 0.000000 0.000000 -1.000000
v -360.000000 -11.000000 -143.000000
vt 0.156250 1.000000
vn 0.000000 -0.707107 -0.707107
v 88.000000 -11.000000 -143.000000
vt 0.156250 4.500000
vn 0.000000 -0.707107 -0.707107
v -372.750000 -11.000000 -146.250000
vt 0.191845 1.132812
vn 0.408248 -0.816497 -0.408248
v -360.000000 -11.000000 -143.000000
vt 0.191845 1.281250
vn 0.000000 -0.707107 -0.707107
v -383.000000 -5.000000 -156.000000
vt 0.040955 1.000000
vn -0.707107 0.707107 -0.000000
v -378.000000 -8.000000 -141.000000
vt 0.075440 1.132812
vn -0.707107 0.000000 0.707107
v -384.000000 -8.000000 -156.000000
vt 0.075440 1.000000
vn -1.000000 0.000000 -0.000000
v -377.250000 -5.000000 -141.750000
vt 0.040955 1.132812
vn -0.408248 0.816497 0.408248
v -377.250000 -11.000000 -141.750000
vt 0.109927 1.132812
vn -0.408248 -0.816497 0.408248
v -383.000000 -11.000000 -156.000000
vt 0.109927 1.000000
vn -0.707107 -0.707107 -0.000000
v -360.000000 -11.000000 -137.000000
vt 0.109927 1.281250
vn 0.000000 -0.707107 0.707107
v -360.000000 -8.000000 -136.000000
vt 0.075440 1.281250
vn 0.000000 0.000000 1.000000
v -376.000000 -8.000000 -156.000000
vt 0.226330 1.000000
vn 1.000000 0.000000 -0.000000
v -372.000000 -8.000000 -147.000000
vt 0.226330 1.132812
vn 0.707107 0.000000 -0.707107
v -372.750000 -5.000000 -146.250000
vt 0.260817 1.132812
vn 0.408248 0.816497 -0.408248
v -377.000000 -5.000000 -156.000000
vt 0.260817 1.000000
vn 0.707107 0.707107 -0.000000
v -377.000000 -11.000000 -156.000000
vt 0.191845 1.000000
vn 0.707107 -0.707107 -0.000000
v -372.750000 -11.000000 -146.250000
vt 0.191845 1.132812
vn 0.408248 -0.816497 -0.408248
f 814/814/814 802/802/802 812/812/812
f 814/814/814 815/815/815 802/802/802
f 845/845/845 846/846/846 848/848/848
f 845/845/845 847/847/847 846/846/846
f 847/847/847 849/849/849 846/846/846
f 847/847/847 850/850/850 849/849/849
f 824/824/824 819/819/819 816/816/816
f 824/824/824 829/829/829 819/819/819
f 829/829/829 828/828/828 819/819/819
f 829/829/829 830/830/830 828/828/828
f 857/857/857 854/854/854 858/858/858
f 857/857/857 853/853/853 854/854/854
f 853/853/853 855/855/855 854/854/854
f 853/853/853 856/856/856 855/855/855
f 800/800/800 795/795/795 792/792/792
f 800/800/800 801/801/801 795/795/795
f 812/812/812 803/803/803 813/813/813
f 812/812/812 802/802/802 803/803/803
f 802/802/802 804/804/804 803/803/803
f 802/802/802 805/805/805 804/804/804
f 846/846/846 851/851/851 852/852/852
f 846/846/846 849/849/849 851/851/851
f 816/816/816 818/818/818 817/817/817
f 816/816/816 819/819/819 818/818/818
f 819/819/819 827/827/827 818/818/818
f 819/819/819 828/828/828 827/827/827
f 843/843/843 834/834/834 844/844/844
f 843/843/843 833/833/833 834/834/834
f 833/833/833 835/835/835 834/834/834
f 833/833/833 836/836/836 835/835/835
f 792/792/792 794/794/794 793/793/793
f 792/792/792 795/795/795 794/794/794
f 810/810/810 809/809/809 811/811/811
f 810/810/810 806/806/806 809/809/809
f 806/806/806 807/807/807 809/809/809
f 806/806/806 808/808/808 807/807/807
f 831/831/831 823/823/823 832/832/832
f 831/831/831 820/820/820 823/823/823
f 820/820/820 821/821/821 823/823/823
f 820/820/820 822/822/822 821/821/821
f 822/822/822 825/825/825 821/821/821
f 822/822/822 826/826/826 825/825/825
f 841/841/841 840/840/840 842/842/842
f 841/841/841 837/837/837 840/840/840
f 837/837/837 838/838/838 840/840/840
f 837/837/837 839/839/839 838/838/838
f 796/796/796 797/797/797 799/799/799
f 796/796/796 798/798/798 797/797/797
g mat1m0s68
usemtl textures/metal/redmetalbase
v 72.000000 20.893999 -0.517250
vt 0.000000 1.147590
vn -1.000000 0.000000 -0.000000
v 72.000000 17.132000 13.936000
vt 0.000000 1.295180
vn -1.000000 0.000000 -0.000000
v 72.000000 -14.547000 -6.656000
vt 0.295180 1.295180
vn -1.000000 0.000000 -0.000000
v 72.000000 -2.865250 -15.961250
vt 0.295180 1.147590
vn -1.000000 0.000000 -0.000000
v 72.000000 11.588000 -12.199000
vt 0.000000 1.000000
vn -1.000000 0.000000 -0.000000
v 72.000000 -18.308500 7.797250
vt 0.295180 1.442770
vn -1.000000 0.000000 -0.000000
v 72.000000 5.450250 23.241249
vt 0.000000 1.442770
vn -1.000000 0.000000 -0.000000
v 72.000000 -9.003000 19.479000
vt 0.295180 1.590350
vn -1.000000 0.000000 -0.000000
v 76.000000 20.893999 -0.517250
vt 1.033120 1.000000
vn -0.000000 0.978237 -0.207490
v 72.000000 20.893999 -0.517250
vt 1.033120 1.031250
vn 0.000000 0.978237 -0.207490
v 72.000000 11.588000 -12.199000
vt 1.180710 1.031250
vn -0.000000 0.545000 -0.838436
v 76.000000 11.588000 -12.199000
vt 1.180710 1.000000
vn 0.000000 0.545000 -0.838436
v 76.000000 -18.308498 7.797250
vt 0.442768 1.000000
vn -0.000000 -0.978236 0.207498
v 72.000000 -9.003000 19.479000
vt 0.590350 1.031250
vn -0.000000 -0.545013 0.838428
v 76.000000 -9.003000 19.479000
vt 0.590350 1.000000
vn 0.000000 -0.545013 0.838428
v 72.000000 -18.308498 7.797250
vt 0.442768 1.031250
vn 0.000000 -0.978236 0.207498
v 72.000000 5.450250 23.241249
vt 0.737940 1.031250
vn 0.000000 0.207476 0.978240
v 76.000000 5.450250 23.241249
vt 0.737940 1.000000
vn -0.000000 0.207476 0.978240
v 76.000000 -2.865250 -15.961250
vt 0.147590 1.000000
vn -0.000000 -0.207476 -0.978240
v 72.000000 -2.865250 -15.961250
vt 0.147590 1.031250
vn 0.000000 -0.207476 -0.978240
v 72.000000 -14.547000 -6.656000
vt 0.295180 1.031250
vn 0.000000 -0.838440 -0.544994
v 76.000000 -14.547000 -6.656000
vt 0.295180 1.000000
vn -0.000000 -0.838440 -0.544994
v 76.000000 11.588000 -12.199000
vt 0.000000 1.000000
vn 0.000000 0.545000 -0.838436
v 72.000000 11.588000 -12.199000
vt 0.000000 1.031250
vn -0.000000 0.545000 -0.838436
v 76.000000 5.450250 23.241249
vt 0.737940 1.000000
vn -0.000000 0.207476 0.978240
v 72.000000 17.132000 13.936000
vt 0.885530 1.031250
vn 0.000000 0.838428 0.545013
v 76.000000 17.132000 13.936000
vt 0.885530 1.000000
vn 0.000000 0.838428 0.545013
v 72.000000 5.450250 23.241249
vt 0.737940 1.031250
vn 0.000000 0.207476 0.978240
v 72.000000 20.893999 -0.517250
vt 1.033120 1.031250
vn 0.000000 0.978237 -0.207490
v 76.000000 20.893999 -0.517250
vt 1.033120 1.000000
vn -0.000000 0.978237 -0.207490
v 76.000000 -14.547000 -6.656000
vt 0.295180 1.000000
vn -0.000000 -0.838440 -0.544994
v 72.000000 -18.308498 7.797250
vt 0.442768 1.031250
vn 0.000000 -0.978236 0.207498
v 76.000000 -18.308498 7.797250
vt 0.442768 1.000000
vn -0.000000 -0.978236 0.207498
v 72.000000 -14.547000 -6.656000
vt 0.295180 1.031250
vn 0.000000 -0.838440 -0.544994
f 881/881/881 878/878/878 882/882/882
f 881/881/881 877/877/877 878/878/878
f 877/877/877 879/879/879 878/878/878
f 877/877/877 880/880/880 879/879/879
f 889/889/889 890/890/890 892/892/892
f 889/889/889 891/891/891 890/890/890
f 871/871/871 872/872/872 874/874/874
f 871/871/871 873/873/873 872/872/872
f 873/873/873 875/875/875 872/872/872
f 873/873/873 876/876/876 875/875/875
f 883/883/883 884/884/884 886/886/886
f 883/883/883 885/885/885 884/884/884
f 885/885/885 887/887/887 884/884/884
f 885/885/885 888/888/888 887/887/887
f 867/867/867 869/869/869 868/868/868
f 867/867/867 870/870/870 869/869/869
f 863/863/863 862/862/862 859/859/859
f 859/859/859 861/861/861 860/860/860
f 859/859/859 862/862/862 861/861/861
f 860/860/860 864/864/864 865/865/865
f 860/860/860 861/861/861 864/864/864
f 865/865/865 864/864/864 866/866/866
g mat1m0s69
usemtl textures/metal/redmetalbase
v 227.923004 17.132000 -4.963000
vt 0.000000 1.295180
vn -0.935516 -0.000003 0.353285
v 225.754501 -18.308498 -10.705500
vt 0.295180 1.442768
vn -0.935507 0.000020 0.353308
v 220.647995 -14.547000 -24.226999
vt 0.295180 1.295180
vn -0.935511 0.000012 0.353299
v 231.210754 5.450250 3.742500
vt 0.000000 1.442768
vn -0.935517 -0.000021 0.353282
v 229.882004 -9.003000 0.223000
vt 0.295180 1.590350
vn -0.935502 -0.000049 0.353321
v 218.690002 11.588000 -29.412001
vt 0.000000 1.000000
vn -0.935493 0.000016 0.353346
v 222.817261 20.894001 -18.484249
vt 0.000000 1.147590
vn -0.935515 0.000016 0.353287
v 217.361008 -2.865250 -32.931751
vt 0.295180 1.147590
vn -0.935514 0.000003 0.353290
v 224.391006 -14.547000 -25.639999
vt 0.295180 1.000000
vn -0.192536 -0.838442 -0.509848
v 220.647995 -14.547000 -24.226999
vt 0.295180 1.031250
vn -0.192493 -0.838438 -0.509870
v 225.754501 -18.308498 -10.705500
vt 0.442768 1.031250
vn 0.073255 -0.978235 0.194140
v 229.496735 -18.308498 -12.118499
vt 0.442768 1.000000
vn 0.073326 -0.978235 0.194111
v 221.103241 -2.865250 -34.345501
vt 0.147590 1.000000
vn -0.345659 -0.207487 -0.915134
v 217.361008 -2.865250 -32.931751
vt 0.147590 1.031250
vn -0.346253 -0.207478 -0.914911
v 231.666000 17.132000 -6.376000
vt 0.885530 1.000000
vn 0.192506 0.838434 0.509873
v 227.923004 17.132000 -4.963000
vt 0.885530 1.031250
vn 0.192496 0.838434 0.509877
v 222.817245 20.893999 -18.484251
vt 1.033120 1.031250
vn -0.073889 0.978234 -0.193904
v 226.559509 20.893999 -19.897499
vt 1.033120 1.000000
vn -0.073315 0.978236 -0.194113
v 234.953003 5.450250 2.329500
vt 0.737940 1.000000
vn 0.345584 0.207485 0.915162
v 231.210754 5.450250 3.742500
vt 0.737940 1.031250
vn 0.345338 0.207487 0.915255
v 226.559509 20.893999 -19.897499
vt 1.033120 1.000000
vn -0.073315 0.978236 -0.194113
v 222.817245 20.893999 -18.484251
vt 1.033120 1.031250
vn -0.073889 0.978234 -0.193904
v 218.690002 11.588000 -29.412001
vt 1.180710 1.031250
vn -0.297088 0.544981 -0.784050
v 222.432007 11.588000 -30.826000
vt 1.180710 1.000000
vn -0.296226 0.544990 -0.784370
v 222.432007 11.588000 -30.826000
vt 0.000000 1.000000
vn -0.296226 0.544990 -0.784370
v 218.690002 11.588000 -29.412001
vt 0.000000 1.031250
vn -0.297088 0.544981 -0.784050
v 217.361008 -2.865250 -32.931751
vt 0.147590 1.031250
vn -0.346253 -0.207478 -0.914911
v 221.103241 -2.865250 -34.345501
vt 0.147590 1.000000
vn -0.345659 -0.207487 -0.915134
v 229.496735 -18.308498 -12.118499
vt 0.442768 1.000000
vn 0.073326 -0.978235 0.194111
v 229.882004 -9.003000 0.223000
vt 0.590350 1.031250
vn 0.295986 -0.545011 0.784446
v 233.623993 -9.003000 -1.190000
vt 0.590350 1.000000
vn 0.296209 -0.545011 0.784361
v 225.754501 -18.308498 -10.705500
vt 0.442768 1.031250
vn 0.073255 -0.978235 0.194140
v 231.210754 5.450250 3.742500
vt 0.737940 1.031250
vn 0.345338 0.207487 0.915255
v 234.953003 5.450250 2.329500
vt 0.737940 1.000000
vn 0.345584 0.207485 0.915162
f 917/917/917 919/919/919 918/918/918
f 917/917/917 920/920/920 919/919/919
f 905/905/905 902/902/902 906/906/906
f 905/905/905 901/901/901 902/902/902
f 901/901/901 903/903/903 902/902/902
f 901/901/901 904/904/904 903/903/903
f 921/921/921 922/922/922 924/924/924
f 921/921/921 923/923/923 922/922/922
f 923/923/923 925/925/925 922/922/922
f 923/923/923 926/926/926 925/925/925
f 911/911/911 908/908/908 912/912/912
f 911/911/911 907/907/907 908/908/908
f 907/907/907 909/909/909 908/908/908
f 907/907/907 910/910/910 909/909/909
f 913/913/913 915/915/915 914/914/914
f 913/913/913 916/916/916 915/915/915
f 898/898/898 900/900/900 899/899/899
f 899/899/899 895/895/895 893/893/893
f 899/899/899 900/900/900 895/895/895
f 893/893/893 894/894/894 896/896/896
f 893/893/893 895/895/895 894/894/894
f 896/896/896 894/894/894 897/897/897
g mat3m0s70
usemtl textures/plastic_vertex/vertex_grey65
v -356.000000 -29.000000 -158.000000
vt 0.000000 1.000000
vn -1.000000 0.000000 -0.000000
v -356.000000 -30.250000 -154.250000
vt 0.000000 1.039060
vn -1.000000 0.000000 -0.000000
v -356.000000 -30.250000 -161.750000
vt 0.078120 1.039060
vn -1.000000 0.000000 -0.000000
v -356.000000 -34.000000 -163.000000
vt 0.078120 1.078120
vn -1.000000 0.000000 -0.000000
v -356.000000 -34.000000 -153.000000
vt 0.000000 1.078120
vn -1.000000 0.000000 -0.000000
v -356.000000 -37.750000 -161.750000
vt 0.078120 1.117190
vn -1.000000 0.000000 -0.000000
v -356.000000 -37.750000 -154.250000
vt 0.000000 1.117190
vn -1.000000 0.000000 -0.000000
v -356.000000 -39.000000 -158.000000
vt 0.078120 1.156250
vn -1.000000 0.000000 -0.000000
v -356.000000 -30.250000 -154.250000
vt 0.039060 1.000000
vn 0.000000 0.707107 0.707107
v -353.000000 -34.000000 -153.000000
vt 0.078120 1.023440
vn 0.000000 0.000000 1.000000
v -356.000000 -34.000000 -153.000000
vt 0.078120 1.000000
vn 0.000000 0.000000 1.000000
v -353.000000 -30.250000 -154.250000
vt 0.039060 1.023440
vn 0.000000 0.707107 0.707107
v -353.000000 -37.750000 -154.250000
vt 0.117188 1.023440
vn 0.000000 -0.707107 0.707107
v -356.000000 -37.750000 -154.250000
vt 0.117188 1.000000
vn 0.000000 -0.707107 0.707107
v -356.000000 -29.000000 -158.000000
vt 0.000000 1.000000
vn 0.000000 1.000000 -0.000000
v -353.000000 -29.000000 -158.000000
vt 0.000000 1.023440
vn 0.000000 1.000000 -0.000000
v -356.000000 -34.000000 -163.000000
vt 0.234380 1.000000
vn 0.000000 0.000000 -1.000000
v -353.000000 -34.000000 -163.000000
vt 0.234380 1.023440
vn 0.000000 0.000000 -1.000000
v -353.000000 -30.250000 -161.750000
vt 0.273440 1.023440
vn 0.000000 0.707107 -0.707107
v -356.000000 -30.250000 -161.750000
vt 0.273440 1.000000
vn 0.000000 0.707107 -0.707107
v -356.000000 -37.750000 -161.750000
vt 0.195312 1.000000
vn 0.000000 -0.707107 -0.707107
v -353.000000 -37.750000 -161.750000
vt 0.195312 1.023440
vn 0.000000 -0.707107 -0.707107
v -353.000000 -29.000000 -158.000000
vt 0.312500 1.023440
vn 0.000000 1.000000 -0.000000
v -356.000000 -29.000000 -158.000000
vt 0.312500 1.000000
vn 0.000000 1.000000 -0.000000
v -356.000000 -37.750000 -154.250000
vt 0.117188 1.000000
vn 0.000000 -0.707107 0.707107
v -353.000000 -39.000000 -158.000000
vt 0.156250 1.023440
vn 0.000000 -1.000000 -0.000000
v -356.000000 -39.000000 -158.000000
vt 0.156250 1.000000
vn 0.000000 -1.000000 -0.000000
v -353.000000 -37.750000 -154.250000
vt 0.117188 1.023440
vn 0.000000 -0.707107 0.707107
v -353.000000 -37.750000 -161.750000
vt 0.195312 1.023440
vn 0.000000 -0.707107 -0.707107
v -356.000000 -37.750000 -161.750000
vt 0.195312 1.000000
vn 0.000000 -0.707107 -0.707107
f 941/941/941 938/938/938 942/942/942
f 941/941/941 935/935/935 938/938/938
f 935/935/935 936/936/936 938/938/938
f 935/935/935 937/937/937 936/936/936
f 937/937/937 939/939/939 936/936/936
f 937/937/937 940/940/940 939/939/939
f 951/951/951 952/952/952 954/954/954
f 951/951/951 953/953/953 952/952/952
f 953/953/953 955/955/955 952/952/952
f 953/953/953 956/956/956 955/955/955
f 947/947/947 944/944/944 948/948/948
f 947/947/947 943/943/943 944/944/944
f 943/943/943 945/945/945 944/944/944
f 943/943/943 946/946/946 945/945/945
f 946/946/946 949/949/949 945/945/945
f 946/946/946 950/950/950 949/949/949
f 927/927/927 929/929/929 928/928/928
f 928/928/928 930/930/930 931/931/931
f 928/928/928 929/929/929 930/930/930
f 931/931/931 932/932/932 933/933/933
f 931/931/931 930/930/930 932/932/932
f 933/933/933 932/932/932 934/934/934
g mat1m0s71
usemtl textures/metal/redmetalbase
v 346.391785 20.894001 -101.016747
vt 0.000000 1.147590
vn -0.561576 -0.000007 0.827425
v 358.351013 17.132000 -92.900002
vt 0.000000 1.295180
vn -0.561586 0.000001 0.827418
v 341.312988 -14.547000 -104.463997
vt 0.295180 1.295180
vn -0.561586 0.000002 0.827418
v 353.271484 -18.308498 -96.347244
vt 0.295180 1.442768
vn -0.561596 0.000010 0.827412
v 366.049988 5.450250 -87.674255
vt 0.000000 1.442768
vn -0.561597 0.000009 0.827411
v 362.937012 -9.003000 -89.787003
vt 0.295180 1.590350
vn -0.561596 0.000008 0.827412
v 336.726013 11.588000 -107.577003
vt 0.000000 1.000000
vn -0.561578 -0.000006 0.827424
v 333.613251 -2.865250 -109.689751
vt 0.295180 1.147590
vn -0.561576 -0.000006 0.827425
v 365.183990 -9.003000 -93.097000
vt 0.590350 1.000000
vn 0.693657 -0.545007 0.470964
v 362.937012 -9.003000 -89.787003
vt 0.590350 1.031250
vn 0.693959 -0.545007 0.470519
v 366.049988 5.450250 -87.674248
vt 0.737940 1.031250
vn 0.809685 0.207474 0.548968
v 368.296753 5.450250 -90.984245
vt 0.737940 1.000000
vn 0.809349 0.207480 0.549461
v 355.518250 -18.308498 -99.657242
vt 0.442768 1.000000
vn 0.171647 -0.978235 0.116594
v 353.271484 -18.308498 -96.347244
vt 0.442768 1.031250
vn 0.171740 -0.978236 0.116446
v 338.972992 11.588000 -110.887001
vt 0.000000 1.000000
vn -0.693693 0.544988 -0.470933
v 333.613251 -2.865250 -109.689751
vt 0.147590 1.031250
vn -0.809684 -0.207485 -0.548964
v 335.859985 -2.865250 -112.999756
vt 0.147590 1.000000
vn -0.809347 -0.207480 -0.549463
v 336.726013 11.588000 -107.577003
vt 0.000000 1.031250
vn -0.693978 0.544996 -0.470504
v 360.596985 17.132000 -96.209999
vt 0.885530 1.000000
vn 0.450952 0.838432 0.306063
v 346.391785 20.893999 -101.016747
vt 1.033120 1.031250
vn -0.171748 0.978235 -0.116441
v 348.638000 20.893999 -104.326752
vt 1.033120 1.000000
vn -0.171665 0.978233 -0.116579
v 358.351013 17.132000 -92.900002
vt 0.885530 1.031250
vn 0.451108 0.838429 0.305842
v 336.726013 11.588000 -107.577003
vt 1.180710 1.031250
vn -0.693978 0.544995 -0.470504
v 338.972992 11.588000 -110.887001
vt 1.180710 1.000000
vn -0.693693 0.544988 -0.470933
v 368.296753 5.450250 -90.984245
vt 0.737940 1.000000
vn 0.809349 0.207480 0.549461
v 358.351013 17.132000 -92.900002
vt 0.885530 1.031250
vn 0.451108 0.838429 0.305842
v 360.596985 17.132000 -96.209999
vt 0.885530 1.000000
vn 0.450952 0.838432 0.306063
v 366.049988 5.450250 -87.674248
vt 0.737940 1.031250
vn 0.809685 0.207474 0.548968
v 343.558990 -14.547000 -107.774002
vt 0.295180 1.000000
vn -0.450922 -0.838441 -0.306082
v 341.312988 -14.547000 -104.463997
vt 0.295180 1.031250
vn -0.451085 -0.838440 -0.305843
v 353.271484 -18.308498 -96.347244
vt 0.442768 1.031250
vn 0.171740 -0.978236 0.116446
v 355.518250 -18.308498 -99.657242
vt 0.442768 1.000000
vn 0.171647 -0.978235 0.116594
v 335.859985 -2.865250 -112.999756
vt 0.147590 1.000000
vn -0.809347 -0.207480 -0.549463
v 333.613251 -2.865250 -109.689751
vt 0.147590 1.031250
vn -0.809684 -0.207485 -0.548964
f 971/971/971 972/972/972 974/974/974
f 971/971/971 973/973/973 972/972/972
f 989/989/989 986/986/986 990/990/990
f 989/989/989 985/985/985 986/986/986
f 985/985/985 987/987/987 986/986/986
f 985/985/985 988/988/988 987/987/987
f 969/969/969 966/966/966 970/970/970
f 969/969/969 965/965/965 966/966/966
f 965/965/965 967/967/967 966/966/966
f 965/965/965 968/968/968 967/967/967
f 981/981/981 982/982/982 984/984/984
f 981/981/981 983/983/983 982/982/982
f 975/975/975 976/976/976 978/978/978
f 975/975/975 977/977/977 976/976/976
f 977/977/977 979/979/979 976/976/976
f 977/977/977 980/980/980 979/979/979
f 963/963/963 964/964/964 957/957/957
f 957/957/957 959/959/959 958/958/958
f 957/957/957 964/964/964 959/959/959
f 958/958/958 960/960/960 961/961/961
f 958/958/958 959/959/959 960/960/960
f 961/961/961 960/960/960 962/962/962
g mat3m0s72
usemtl textures/plastic_vertex/vertex_grey65
v 52.000000 -29.000000 -158.000000
vt 0.000000 1.000000
vn -1.000000 0.000000 -0.000000
v 52.000000 -30.250000 -154.250000
vt 0.000000 1.039060
vn -1.000000 0.000000 -0.000000
v 52.000000 -30.250000 -161.750000
vt 0.078120 1.039060
vn -1.000000 0.000000 -0.000000
v 52.000000 -34.000000 -163.000000
vt 0.078120 1.078120
vn -1.000000 0.000000 -0.000000
v 52.000000 -34.000000 -153.000000
vt 0.000000 1.078120
vn -1.000000 0.000000 -0.000000
v 52.000000 -37.750000 -161.750000
vt 0.078120 1.117190
vn -1.000000 0.000000 -0.000000
v 52.000000 -37.750000 -154.250000
vt 0.000000 1.117190
vn -1.000000 0.000000 -0.000000
v 52.000000 -39.000000 -158.000000
vt 0.078120 1.156250
vn -1.000000 0.000000 -0.000000
v 52.000000 -30.250000 -154.250000
vt 0.039060 1.000000
vn 0.000000 0.707107 0.707107
v 55.000000 -34.000000 -153.000000
vt 0.078120 1.023440
vn 0.000000 0.000000 1.000000
v 52.000000 -34.000000 -153.000000
vt 0.078120 1.000000
vn 0.000000 0.000000 1.000000
v 55.000000 -30.250000 -154.250000
vt 0.039060 1.023440
vn 0.000000 0.707107 0.707107
v 55.000000 -37.750000 -154.250000
vt 0.117188 1.023440
vn 0.000000 -0.707107 0.707107
v 52.000000 -37.750000 -154.250000
vt 0.117188 1.000000
vn 0.000000 -0.707107 0.707107
v 52.000000 -29.000000 -158.000000
vt 0.000000 1.000000
vn 0.000000 1.000000 -0.000000
v 55.000000 -29.000000 -158.000000
vt 0.000000 1.023440
vn 0.000000 1.000000 -0.000000
v 52.000000 -34.000000 -163.000000
vt 0.234380 1.000000
vn 0.000000 0.000000 -1.000000
v 55.000000 -34.000000 -163.000000
vt 0.234380 1.023440
vn 0.000000 0.000000 -1.000000
v 55.000000 -30.250000 -161.750000
vt 0.273440 1.023440
vn 0.000000 0.707107 -0.707107
v 52.000000 -30.250000 -161.750000
vt 0.273440 1.000000
vn 0.000000 0.707107 -0.707107
v 52.000000 -37.750000 -161.750000
vt 0.195312 1.000000
vn 0.000000 -0.707107 -0.707107
v 55.000000 -37.750000 -161.750000
vt 0.195312 1.023440
vn 0.000000 -0.707107 -0.707107
v 55.000000 -29.000000 -158.000000
vt 0.312500 1.023440
vn 0.000000 1.000000 -0.000000
v 52.000000 -29.000000 -158.000000
vt 0.312500 1.000000
vn 0.000000 1.000000 -0.000000
v 52.000000 -37.750000 -154.250000
vt 0.117188 1.000000
vn 0.000000 -0.707107 0.707107
v 55.000000 -39.000000 -158.000000
vt 0.156250 1.023440
vn 0.000000 -1.000000 -0.000000
v 52.000000 -39.000000 -158.000000
vt 0.156250 1.000000
vn 0.000000 -1.000000 -0.000000
v 55.000000 -37.750000 -154.250000
vt 0.117188 1.023440
vn 0.000000 -0.707107 0.707107
v 55.000000 -37.750000 -161.750000
vt 0.195312 1.023440
vn 0.000000 -0.707107 -0.707107
v 52.000000 -37.750000 -161.750000
vt 0.195312 1.000000
vn 0.000000 -0.707107 -0.707107
f 1005/1005/1005 1002/1002/1002 1006/1006/1006
f 1005/1005/1005 999/999/999 1002/1002/1002
f 999/999/999 1000/1000/1000 1002/1002/1002
f 999/999/999 1001/1001/1001 1000/1000/1000
f 1001/1001/1001 1003/1003/1003 1000/1000/1000
f 1001/1001/1001 1004/1004/1004 1003/1003/1003
f 1015/1015/1015 1016/1016/1016 1018/1018/1018
f 1015/1015/1015 1017/1017/1017 1016/1016/1016
f 1017/1017/1017 1019/1019/1019 1016/1016/1016
f 1017/1017/1017 1020/1020/1020 1019/1019/1019
f 1011/1011/1011 1008/1008/1008 1012/1012/1012
f 1011/1011/1011 1007/1007/1007 1008/1008/1008
f 1007/1007/1007 1009/1009/1009 1008/1008/1008
f 1007/1007/1007 1010/1010/1010 1009/1009/1009
f 1010/1010/1010 1013/1013/1013 1009/1009/1009
f 1010/1010/1010 1014/1014/1014 1013/1013/1013
f 991/991/991 993/993/993 992/992/992
f 992/992/992 994/994/994 995/995/995
f 992/992/992 993/993/993 994/994/994
f 995/995/995 996/996/996 997/997/997
f 995/995/995 994/994/994 996/996/996
f 997/997/997 996/996/996 998/998/998
g mat1m0s73
usemtl textures/metal/redmetalbase
v -136.000000 -3.000000 -140.000000
vt 0.000000 1.000000
vn -1.000000 0.000000 -0.000000
v -136.000000 -4.250000 -136.250000
vt 0.000000 1.039060
vn -1.000000 0.000000 -0.000000
v -136.000000 -4.250000 -143.750000
vt 0.078120 1.039060
vn -1.000000 0.000000 -0.000000
v -136.000000 -8.000000 -145.000000
vt 0.078120 1.078120
vn -1.000000 0.000000 -0.000000
v -136.000000 -8.000000 -135.000000
vt 0.000000 1.078120
vn -1.000000 0.000000 -0.000000
v -136.000000 -11.750000 -143.750000
vt 0.078120 1.117190
vn -1.000000 0.000000 -0.000000
v -136.000000 -11.750000 -136.250000
vt 0.000000 1.117190
vn -1.000000 0.000000 -0.000000
v -136.000000 -13.000000 -140.000000
vt 0.078120 1.156250
vn -1.000000 0.000000 -0.000000
v -136.000000 -4.250000 -136.250000
vt 0.039060 1.000000
vn 0.000000 0.707107 0.707107
v -133.000000 -8.000000 -135.000000
vt 0.078120 1.023440
vn 0.000000 0.000000 1.000000
v -136.000000 -8.000000 -135.000000
vt 0.078120 1.000000
vn 0.000000 0.000000 1.000000
v -133.000000 -4.250000 -136.250000
vt 0.039060 1.023440
vn 0.000000 0.707107 0.707107
v -133.000000 -11.750000 -136.250000
vt 0.117188 1.023440
vn 0.000000 -0.707107 0.707107
v -136.000000 -11.750000 -136.250000
vt 0.117188 1.000000
vn 0.000000 -0.707107 0.707107
v -136.000000 -3.000000 -140.000000
vt 0.000000 1.000000
vn 0.000000 1.000000 -0.000000
v -133.000000 -3.000000 -140.000000
vt 0.000000 1.023440
vn 0.000000 1.000000 -0.000000
v -136.000000 -8.000000 -145.000000
vt 0.234380 1.000000
vn 0.000000 0.000000 -1.000000
v -133.000000 -8.000000 -145.000000
vt 0.234380 1.023440
vn 0.000000 0.000000 -1.000000
v -133.000000 -4.250000 -143.750000
vt 0.273440 1.023440
vn 0.000000 0.707107 -0.707107
v -136.000000 -4.250000 -143.750000
vt 0.273440 1.000000
vn 0.000000 0.707107 -0.707107
v -136.000000 -11.750000 -143.750000
vt 0.195312 1.000000
vn 0.000000 -0.707107 -0.707107
v -133.000000 -11.750000 -143.750000
vt 0.195312 1.023440
vn 0.000000 -0.707107 -0.707107
v -133.000000 -3.000000 -140.000000
vt 0.312500 1.023440
vn 0.000000 1.000000 -0.000000
v -136.000000 -3.000000 -140.000000
vt 0.312500 1.000000
vn 0.000000 1.000000 -0.000000
v -136.000000 -11.750000 -136.250000
vt 0.117188 1.000000
vn 0.000000 -0.707107 0.707107
v -133.000000 -13.000000 -140.000000
vt 0.156250 1.023440
vn 0.000000 -1.000000 -0.000000
v -136.000000 -13.000000 -140.000000
vt 0.156250 1.000000
vn 0.000000 -1.000000 -0.000000
v -133.000000 -11.750000 -136.250000
vt 0.117188 1.023440
vn 0.000000 -0.707107 0.707107
v -133.000000 -11.750000 -143.750000
vt 0.195312 1.023440
vn 0.000000 -0.707107 -0.707107
v -136.000000 -11.750000 -143.750000
vt 0.195312 1.000000
vn 0.000000 -0.707107 -0.707107
f 1035/1035/1035 1032/1032/1032 1036/1036/1036
f 1035/1035/1035 1029/1029/1029 1032/1032/1032
f 1029/1029/1029 1030/1030/1030 1032/1032/1032
f 1029/1029/1029 1031/1031/1031 1030/1030/1030
f 1031/1031/1031 1033/1033/1033 1030/1030/1030
f 1031/1031/1031 1034/1034/1034 1033/1033/1033
f 1045/1045/1045 1046/1046/1046 1048/1048/1048
f 1045/1045/1045 1047/1047/1047 1046/1046/1046
f 1047/1047/1047 1049/1049/1049 1046/1046/1046
f 1047/1047/1047 1050/1050/1050 1049/1049/1049
f 1041/1041/1041 1038/1038/1038 1042/1042/1042
f 1041/1041/1041 1037/1037/1037 1038/1038/1038
f 1037/1037/1037 1039/1039/1039 1038/1038/1038
f 1037/1037/1037 1040/1040/1040 1039/1039/1039
f 1040/1040/1040 1043/1043/1043 1039/1039/1039
f 1040/1040/1040 1044/1044/1044 1043/1043/1043
f 1021/1021/1021 1023/1023/1023 1022/1022/1022
f 1022/1022/1022 1024/1024/1024 1025/1025/1025
f 1022/1022/1022 1023/1023/1023 1024/1024/1024
f 1025/1025/1025 1026/1026/1026 1027/1027/1027
f 1025/1025/1025 1024/1024/1024 1026/1026/1026
f 1027/1027/1027 1026/1026/1026 1028/1028/1028
g mat1m0s74
usemtl textures/metal/redmetalbase
v 32.000000 -3.000000 -140.000000
vt 0.000000 1.000000
vn -1.000000 0.000000 -0.000000
v 32.000000 -4.250000 -136.250000
vt 0.000000 1.039060
vn -1.000000 0.000000 -0.000000
v 32.000000 -4.250000 -143.750000
vt 0.078120 1.039060
vn -1.000000 0.000000 -0.000000
v 32.000000 -8.000000 -145.000000
vt 0.078120 1.078120
vn -1.000000 0.000000 -0.000000
v 32.000000 -8.000000 -135.000000
vt 0.000000 1.078120
vn -1.000000 0.000000 -0.000000
v 32.000000 -11.750000 -143.750000
vt 0.078120 1.117190
vn -1.000000 0.000000 -0.000000
v 32.000000 -11.750000 -136.250000
vt 0.000000 1.117190
vn -1.000000 0.000000 -0.000000
v 32.000000 -13.000000 -140.000000
vt 0.078120 1.156250
vn -1.000000 0.000000 -0.000000
v 32.000000 -4.250000 -136.250000
vt 0.039060 1.000000
vn 0.000000 0.707107 0.707107
v 35.000000 -8.000000 -135.000000
vt 0.078120 1.023440
vn 0.000000 0.000000 1.000000
v 32.000000 -8.000000 -135.000000
vt 0.078120 1.000000
vn 0.000000 0.000000 1.000000
v 35.000000 -4.250000 -136.250000
vt 0.039060 1.023440
vn 0.000000 0.707107 0.707107
v 35.000000 -11.750000 -136.250000
vt 0.117188 1.023440
vn 0.000000 -0.707107 0.707107
v 32.000000 -11.750000 -136.250000
vt 0.117188 1.000000
vn 0.000000 -0.707107 0.707107
v 32.000000 -3.000000 -140.000000
vt 0.000000 1.000000
vn 0.000000 1.000000 -0.000000
v 35.000000 -3.000000 -140.000000
vt 0.000000 1.023440
vn 0.000000 1.000000 -0.000000
v 32.000000 -8.000000 -145.000000
vt 0.234380 1.000000
vn 0.000000 0.000000 -1.000000
v 35.000000 -8.000000 -145.000000
vt 0.234380 1.023440
vn 0.000000 0.000000 -1.000000
v 35.000000 -4.250000 -143.750000
vt 0.273440 1.023440
vn 0.000000 0.707107 -0.707107
v 32.000000 -4.250000 -143.750000
vt 0.273440 1.000000
vn 0.000000 0.707107 -0.707107
v 32.000000 -11.750000 -143.750000
vt 0.195312 1.000000
vn 0.000000 -0.707107 -0.707107
v 35.000000 -11.750000 -143.750000
vt 0.195312 1.023440
vn 0.000000 -0.707107 -0.707107
v 35.000000 -3.000000 -140.000000
vt 0.312500 1.023440
vn 0.000000 1.000000 -0.000000
v 32.000000 -3.000000 -140.000000
vt 0.312500 1.000000
vn 0.000000 1.000000 -0.000000
v 32.000000 -11.750000 -136.250000
vt 0.117188 1.000000
vn 0.000000 -0.707107 0.707107
v 35.000000 -13.000000 -140.000000
vt 0.156250 1.023440
vn 0.000000 -1.000000 -0.000000
v 32.000000 -13.000000 -140.000000
vt 0.156250 1.000000
vn 0.000000 -1.000000 -0.000000
v 35.000000 -11.750000 -136.250000
vt 0.117188 1.023440
vn 0.000000 -0.707107 0.707107
v 35.000000 -11.750000 -143.750000
vt 0.195312 1.023440
vn 0.000000 -0.707107 -0.707107
v 32.000000 -11.750000 -143.750000
vt 0.195312 1.000000
vn 0.000000 -0.707107 -0.707107
f 1065/1065/1065 1062/1062/1062 1066/1066/1066
f 1065/1065/1065 1059/1059/1059 1062/1062/1062
f 1059/1059/1059 1060/1060/1060 1062/1062/1062
f 1059/1059/1059 1061/1061/1061 1060/1060/1060
f 1061/1061/1061 1063/1063/1063 1060/1060/1060
f 1061/1061/1061 1064/1064/1064 1063/1063/1063
f 1075/1075/1075 1076/1076/1076 1078/1078/1078
f 1075/1075/1075 1077/1077/1077 1076/1076/1076
f 1077/1077/1077 1079/1079/1079 1076/1076/1076
f 1077/1077/1077 1080/1080/1080 1079/1079/1079
f 1071/1071/1071 1068/1068/1068 1072/1072/1072
f 1071/1071/1071 1067/1067/1067 1068/1068/1068
f 1067/1067/1067 1069/1069/1069 1068/1068/1068
f 1067/1067/1067 1070/1070/1070 1069/1069/1069
f 1070/1070/1070 1073/1073/1073 1069/1069/1069
f 1070/1070/1070 1074/1074/1074 1073/1073/1073
f 1051/1051/1051 1053/1053/1053 1052/1052/1052
f 1052/1052/1052 1054/1054/1054 1055/1055/1055
f 1052/1052/1052 1053/1053/1053 1054/1054/1054
f 1055/1055/1055 1056/1056/1056 1057/1057/1057
f 1055/1055/1055 1054/1054/1054 1056/1056/1056
f 1057/1057/1057 1056/1056/1056 1058/1058/1058
g mat3m0s75
usemtl textures/plastic_vertex/vertex_grey65
v -360.000000 17.000000 -132.000000
vt 0.000000 1.000000
vn -1.000000 0.000000 -0.000000
v -360.000000 14.750000 -125.250000
vt 0.000000 1.039060
vn -1.000000 0.000000 -0.000000
v -360.000000 14.750000 -138.750000
vt 0.078120 1.039060
vn -1.000000 0.000000 -0.000000
v -360.000000 8.000000 -141.000000
vt 0.078120 1.078120
vn -1.000000 0.000000 -0.000000
v -360.000000 8.000000 -123.000000
vt 0.000000 1.078120
vn -1.000000 0.000000 -0.000000
v -360.000000 1.250000 -138.750000
vt 0.078120 1.117190
vn -1.000000 0.000000 -0.000000
v -360.000000 1.250000 -125.250000
vt 0.000000 1.117190
vn -1.000000 0.000000 -0.000000
v -360.000000 -1.000000 -132.000000
vt 0.078120 1.156250
vn -1.000000 0.000000 -0.000000
v -360.000000 14.750000 -125.250000
vt 0.039060 1.000000
vn 0.000000 0.707107 0.707107
v -357.000000 14.750000 -125.250000
vt 0.039060 1.023440
vn 0.000000 0.707107 0.707107
v -357.000000 8.000000 -123.000000
vt 0.078120 1.023440
vn 0.000000 0.000000 1.000000
v -360.000000 8.000000 -123.000000
vt 0.078120 1.000000
vn 0.000000 0.000000 1.000000
v -357.000000 1.250000 -125.250000
vt 0.117188 1.023440
vn 0.000000 -0.707107 0.707107
v -360.000000 1.250000 -125.250000
vt 0.117188 1.000000
vn 0.000000 -0.707107 0.707107
v -360.000000 17.000000 -132.000000
vt 0.000000 1.000000
vn 0.000000 1.000000 -0.000000
v -357.000000 17.000000 -132.000000
vt 0.000000 1.023440
vn 0.000000 1.000000 -0.000000
v -360.000000 14.750000 -138.750000
vt 0.273440 1.000000
vn 0.000000 0.707107 -0.707107
v -357.000000 14.750000 -138.750000
vt 0.273440 1.023440
vn 0.000000 0.707107 -0.707107
v -357.000000 17.000000 -132.000000
vt 0.312500 1.023440
vn 0.000000 1.000000 -0.000000
v -360.000000 17.000000 -132.000000
vt 0.312500 1.000000
vn 0.000000 1.000000 -0.000000
v -360.000000 8.000000 -141.000000
vt 0.234380 1.000000
vn 0.000000 0.000000 -1.000000
v -357.000000 8.000000 -141.000000
vt 0.234380 1.023440
vn 0.000000 0.000000 -1.000000
v -360.000000 -1.000000 -132.000000
vt 0.156250 1.000000
vn 0.000000 -1.000000 -0.000000
v -357.000000 1.250000 -138.750000
vt 0.195312 1.023440
vn 0.000000 -0.707107 -0.707107
v -360.000000 1.250000 -138.750000
vt 0.195312 1.000000
vn 0.000000 -0.707107 -0.707107
v -357.000000 -1.000000 -132.000000
vt 0.156250 1.023440
vn 0.000000 -1.000000 -0.000000
v -357.000000 8.000000 -141.000000
vt 0.234380 1.023440
vn 0.000000 0.000000 -1.000000
v -360.000000 8.000000 -141.000000
vt 0.234380 1.000000
vn 0.000000 0.000000 -1.000000
v -360.000000 1.250000 -125.250000
vt 0.117188 1.000000
vn 0.000000 -0.707107 0.707107
v -357.000000 1.250000 -125.250000
vt 0.117188 1.023440
vn 0.000000 -0.707107 0.707107
v -357.000000 -1.000000 -132.000000
vt 0.156250 1.023440
vn 0.000000 -1.000000 -0.000000
v -360.000000 -1.000000 -132.000000
vt 0.156250 1.000000
vn 0.000000 -1.000000 -0.000000
f 1095/1095/1095 1090/1090/1090 1096/1096/1096
f 1095/1095/1095 1089/1089/1089 1090/1090/1090
f 1089/1089/1089 1091/1091/1091 1090/1090/1090
f 1089/1089/1089 1092/1092/1092 1091/1091/1091
f 1092/1092/1092 1093/1093/1093 1091/1091/1091
f 1092/1092/1092 1094/1094/1094 1093/1093/1093
f 1109/1109/1109 1111/1111/1111 1110/1110/1110
f 1109/1109/1109 1112/1112/1112 1111/1111/1111
f 1103/1103/1103 1104/1104/1104 1106/1106/1106
f 1103/1103/1103 1105/1105/1105 1104/1104/1104
f 1105/1105/1105 1107/1107/1107 1104/1104/1104
f 1105/1105/1105 1108/1108/1108 1107/1107/1107
f 1101/1101/1101 1098/1098/1098 1102/1102/1102
f 1101/1101/1101 1097/1097/1097 1098/1098/1098
f 1097/1097/1097 1099/1099/1099 1098/1098/1098
f 1097/1097/1097 1100/1100/1100 1099/1099/1099
f 1081/1081/1081 1083/1083/1083 1082/1082/1082
f 1082/1082/1082 1084/1084/1084 1085/1085/1085
f 1082/1082/1082 1083/1083/1083 1084/1084/1084
f 1085/1085/1085 1086/1086/1086 1087/1087/1087
f 1085/1085/1085 1084/1084/1084 1086/1086/1086
f 1087/1087/1087 1086/1086/1086 1088/1088/1088
g mat3m0s76
usemtl textures/plastic_vertex/vertex_grey65
v -234.000000 17.000000 -132.000000
vt 0.000000 1.000000
vn -1.000000 0.000000 -0.000000
v -234.000000 14.750000 -125.250000
vt 0.000000 1.039060
vn -1.000000 0.000000 -0.000000
v -234.000000 14.750000 -138.750000
vt 0.078120 1.039060
vn -1.000000 0.000000 -0.000000
v -234.000000 8.000000 -141.000000
vt 0.078120 1.078120
vn -1.000000 0.000000 -0.000000
v -234.000000 8.000000 -123.000000
vt 0.000000 1.078120
vn -1.000000 0.000000 -0.000000
v -234.000000 1.250000 -138.750000
vt 0.078120 1.117190
vn -1.000000 0.000000 -0.000000
v -234.000000 1.250000 -125.250000
vt 0.000000 1.117190
vn -1.000000 0.000000 -0.000000
v -234.000000 -1.000000 -132.000000
vt 0.078120 1.156250
vn -1.000000 0.000000 -0.000000
v -234.000000 14.750000 -125.250000
vt 0.039060 1.000000
vn 0.000000 0.707107 0.707107
v -231.000000 14.750000 -125.250000
vt 0.039060 1.023440
vn 0.000000 0.707107 0.707107
v -231.000000 8.000000 -123.000000
vt 0.078120 1.023440
vn 0.000000 0.000000 1.000000
v -234.000000 8.000000 -123.000000
vt 0.078120 1.000000
vn 0.000000 0.000000 1.000000
v -231.000000 1.250000 -125.250000
vt 0.117188 1.023440
vn 0.000000 -0.707107 0.707107
v -234.000000 1.250000 -125.250000
vt 0.117188 1.000000
vn 0.000000 -0.707107 0.707107
v -234.000000 17.000000 -132.000000
vt 0.000000 1.000000
vn 0.000000 1.000000 -0.000000
v -231.000000 17.000000 -132.000000
vt 0.000000 1.023440
vn 0.000000 1.000000 -0.000000
v -234.000000 14.750000 -138.750000
vt 0.273440 1.000000
vn 0.000000 0.707107 -0.707107
v -231.000000 14.750000 -138.750000
vt 0.273440 1.023440
vn 0.000000 0.707107 -0.707107
v -231.000000 17.000000 -132.000000
vt 0.312500 1.023440
vn 0.000000 1.000000 -0.000000
v -234.000000 17.000000 -132.000000
vt 0.312500 1.000000
vn 0.000000 1.000000 -0.000000
v -234.000000 8.000000 -141.000000
vt 0.234380 1.000000
vn 0.000000 0.000000 -1.000000
v -231.000000 8.000000 -141.000000
vt 0.234380 1.023440
vn 0.000000 0.000000 -1.000000
v -234.000000 -1.000000 -132.000000
vt 0.156250 1.000000
vn 0.000000 -1.000000 -0.000000
v -231.000000 1.250000 -138.750000
vt 0.195312 1.023440
vn 0.000000 -0.707107 -0.707107
v -234.000000 1.250000 -138.750000
vt 0.195312 1.000000
vn 0.000000 -0.707107 -0.707107
v -231.000000 -1.000000 -132.000000
vt 0.156250 1.023440
vn 0.000000 -1.000000 -0.000000
v -231.000000 8.000000 -141.000000
vt 0.234380 1.023440
vn 0.000000 0.000000 -1.000000
v -234.000000 8.000000 -141.000000
vt 0.234380 1.000000
vn 0.000000 0.000000 -1.000000
v -234.000000 1.250000 -125.250000
vt 0.117188 1.000000
vn 0.000000 -0.707107 0.707107
v -231.000000 1.250000 -125.250000
vt 0.117188 1.023440
vn 0.000000 -0.707107 0.707107
v -231.000000 -1.000000 -132.000000
vt 0.156250 1.023440
vn 0.000000 -1.000000 -0.000000
v -234.000000 -1.000000 -132.000000
vt 0.156250 1.000000
vn 0.000000 -1.000000 -0.000000
f 1127/1127/1127 1122/1122/1122 1128/1128/1128
f 1127/1127/1127 1121/1121/1121 1122/1122/1122
f 1121/1121/1121 1123/1123/1123 1122/1122/1122
f 1121/1121/1121 1124/1124/1124 1123/1123/1123
f 1124/1124/1124 1125/1125/1125 1123/1123/1123
f 1124/1124/1124 1126/1126/1126 1125/1125/1125
f 1141/1141/1141 1143/1143/1143 1142/1142/1142
f 1141/1141/1141 1144/1144/1144 1143/1143/1143
f 1135/1135/1135 1136/1136/1136 1138/1138/1138
f 1135/1135/1135 1137/1137/1137 1136/1136/1136
f 1137/1137/1137 1139/1139/1139 1136/1136/1136
f 1137/1137/1137 1140/1140/1140 1139/1139/1139
f 1133/1133/1133 1130/1130/1130 1134/1134/1134
f 1133/1133/1133 1129/1129/1129 1130/1130/1130
f 1129/1129/1129 1131/1131/1131 1130/1130/1130
f 1129/1129/1129 1132/1132/1132 1131/1131/1131
f 1113/1113/1113 1115/1115/1115 1114/1114/1114
f 1114/1114/1114 1116/1116/1116 1117/1117/1117
f 1114/1114/1114 1115/1115/1115 1116/1116/1116
f 1117/1117/1117 1118/1118/1118 1119/1119/1119
f 1117/1117/1117 1116/1116/1116 1118/1118/1118
f 1119/1119/1119 1118/1118/1118 1120/1120/1120
g mat3m0s77
usemtl textures/plastic_vertex/vertex_grey65
v -124.000000 17.000000 -132.000000
vt 0.000000 1.000000
vn -1.000000 0.000000 -0.000000
v -124.000000 14.750000 -125.250000
vt 0.000000 1.039060
vn -1.000000 0.000000 -0.000000
v -124.000000 14.750000 -138.750000
vt 0.078120 1.039060
vn -1.000000 0.000000 -0.000000
v -124.000000 8.000000 -141.000000
vt 0.078120 1.078120
vn -1.000000 0.000000 -0.000000
v -124.000000 8.000000 -123.000000
vt 0.000000 1.078120
vn -1.000000 0.000000 -0.000000
v -124.000000 1.250000 -138.750000
vt 0.078120 1.117190
vn -1.000000 0.000000 -0.000000
v -124.000000 1.250000 -125.250000
vt 0.000000 1.117190
vn -1.000000 0.000000 -0.000000
v -124.000000 -1.000000 -132.000000
vt 0.078120 1.156250
vn -1.000000 0.000000 -0.000000
v -124.000000 14.750000 -125.250000
vt 0.039060 1.000000
vn 0.000000 0.707107 0.707107
v -121.000000 14.750000 -125.250000
vt 0.039060 1.023440
vn 0.000000 0.707107 0.707107
v -121.000000 8.000000 -123.000000
vt 0.078120 1.023440
vn 0.000000 0.000000 1.000000
v -124.000000 8.000000 -123.000000
vt 0.078120 1.000000
vn 0.000000 0.000000 1.000000
v -121.000000 1.250000 -125.250000
vt 0.117188 1.023440
vn 0.000000 -0.707107 0.707107
v -124.000000 1.250000 -125.250000
vt 0.117188 1.000000
vn 0.000000 -0.707107 0.707107
v -124.000000 17.000000 -132.000000
vt 0.000000 1.000000
vn 0.000000 1.000000 -0.000000
v -121.000000 17.000000 -132.000000
vt 0.000000 1.023440
vn 0.000000 1.000000 -0.000000
v -124.000000 14.750000 -138.750000
vt 0.273440 1.000000
vn 0.000000 0.707107 -0.707107
v -121.000000 14.750000 -138.750000
vt 0.273440 1.023440
vn 0.000000 0.707107 -0.707107
v -121.000000 17.000000 -132.000000
vt 0.312500 1.023440
vn 0.000000 1.000000 -0.000000
v -124.000000 17.000000 -132.000000
vt 0.312500 1.000000
vn 0.000000 1.000000 -0.000000
v -124.000000 8.000000 -141.000000
vt 0.234380 1.000000
vn 0.000000 0.000000 -1.000000
v -121.000000 8.000000 -141.000000
vt 0.234380 1.023440
vn 0.000000 0.000000 -1.000000
v -124.000000 -1.000000 -132.000000
vt 0.156250 1.000000
vn 0.000000 -1.000000 -0.000000
v -121.000000 1.250000 -138.750000
vt 0.195312 1.023440
vn 0.000000 -0.707107 -0.707107
v -124.000000 1.250000 -138.750000
vt 0.195312 1.000000
vn 0.000000 -0.707107 -0.707107
v -121.000000 -1.000000 -132.000000
vt 0.156250 1.023440
vn 0.000000 -1.000000 -0.000000
v -121.000000 8.000000 -141.000000
vt 0.234380 1.023440
vn 0.000000 0.000000 -1.000000
v -124.000000 8.000000 -141.000000
vt 0.234380 1.000000
vn 0.000000 0.000000 -1.000000
v -124.000000 1.250000 -125.250000
vt 0.117188 1.000000
vn 0.000000 -0.707107 0.707107
v -121.000000 1.250000 -125.250000
vt 0.117188 1.023440
vn 0.000000 -0.707107 0.707107
v -121.000000 -1.000000 -132.000000
vt 0.156250 1.023440
vn 0.000000 -1.000000 -0.000000
v -124.000000 -1.000000 -132.000000
vt 0.156250 1.000000
vn 0.000000 -1.000000 -0.000000
f 1159/1159/1159 1154/1154/1154 1160/1160/1160
f 1159/1159/1159 1153/1153/1153 1154/1154/1154
f 1153/1153/1153 1155/1155/1155 1154/1154/1154
f 1153/1153/1153 1156/1156/1156 1155/1155/1155
f 1156/1156/1156 1157/1157/1157 1155/1155/1155
f 1156/1156/1156 1158/1158/1158 1157/1157/1157
f 1173/1173/1173 1175/1175/1175 1174/1174/1174
f 1173/1173/1173 1176/1176/1176 1175/1175/1175
f 1167/1167/1167 1168/1168/1168 1170/1170/1170
f 1167/1167/1167 1169/1169/1169 1168/1168/1168
f 1169/1169/1169 1171/1171/1171 1168/1168/1168
f 1169/1169/1169 1172/1172/1172 1171/1171/1171
f 1165/1165/1165 1162/1162/1162 1166/1166/1166
f 1165/1165/1165 1161/1161/1161 1162/1162/1162
f 1161/1161/1161 1163/1163/1163 1162/1162/1162
f 1161/1161/1161 1164/1164/1164 1163/1163/1163
f 1145/1145/1145 1147/1147/1147 1146/1146/1146
f 1146/1146/1146 1148/1148/1148 1149/1149/1149
f 1146/1146/1146 1147/1147/1147 1148/1148/1148
f 1149/1149/1149 1150/1150/1150 1151/1151/1151
f 1149/1149/1149 1148/1148/1148 1150/1150/1150
f 1151/1151/1151 1150/1150/1150 1152/1152/1152
g mat1m0s78
usemtl textures/metal/redmetalbase
v -264.000000 -3.000000 -140.000000
vt 0.000000 1.000000
vn -1.000000 0.000000 -0.000000
v -264.000000 -4.250000 -136.250000
vt 0.000000 1.039060
vn -1.000000 0.000000 -0.000000
v -264.000000 -4.250000 -143.750000
vt 0.078120 1.039060
vn -1.000000 0.000000 -0.000000
v -264.000000 -8.000000 -145.000000
vt 0.078120 1.078120
vn -1.000000 0.000000 -0.000000
v -264.000000 -8.000000 -135.000000
vt 0.000000 1.078120
vn -1.000000 0.000000 -0.000000
v -264.000000 -11.750000 -143.750000
vt 0.078120 1.117190
vn -1.000000 0.000000 -0.000000
v -264.000000 -11.750000 -136.250000
vt 0.000000 1.117190
vn -1.000000 0.000000 -0.000000
v -264.000000 -13.000000 -140.000000
vt 0.078120 1.156250
vn -1.000000 0.000000 -0.000000
v -264.000000 -4.250000 -136.250000
vt 0.039060 1.000000
vn 0.000000 0.707107 0.707107
v -261.000000 -8.000000 -135.000000
vt 0.078120 1.023440
vn 0.000000 0.000000 1.000000
v -264.000000 -8.000000 -135.000000
vt 0.078120 1.000000
vn 0.000000 0.000000 1.000000
v -261.000000 -4.250000 -136.250000
vt 0.039060 1.023440
vn 0.000000 0.707107 0.707107
v -261.000000 -11.750000 -136.250000
vt 0.117188 1.023440
vn 0.000000 -0.707107 0.707107
v -264.000000 -11.750000 -136.250000
vt 0.117188 1.000000
vn 0.000000 -0.707107 0.707107
v -264.000000 -3.000000 -140.000000
vt 0.000000 1.000000
vn 0.000000 1.000000 -0.000000
v -261.000000 -3.000000 -140.000000
vt 0.000000 1.023440
vn 0.000000 1.000000 -0.000000
v -264.000000 -8.000000 -145.000000
vt 0.234380 1.000000
vn 0.000000 0.000000 -1.000000
v -261.000000 -8.000000 -145.000000
vt 0.234380 1.023440
vn 0.000000 0.000000 -1.000000
v -261.000000 -4.250000 -143.750000
vt 0.273440 1.023440
vn 0.000000 0.707107 -0.707107
v -264.000000 -4.250000 -143.750000
vt 0.273440 1.000000
vn 0.000000 0.707107 -0.707107
v -264.000000 -11.750000 -143.750000
vt 0.195312 1.000000
vn 0.000000 -0.707107 -0.707107
v -261.000000 -11.750000 -143.750000
vt 0.195312 1.023440
vn 0.000000 -0.707107 -0.707107
v -261.000000 -3.000000 -140.000000
vt 0.312500 1.023440
vn 0.000000 1.000000 -0.000000
v -264.000000 -3.000000 -140.000000
vt 0.312500 1.000000
vn 0.000000 1.000000 -0.000000
v -264.000000 -11.750000 -136.250000
vt 0.117188 1.000000
vn 0.000000 -0.707107 0.707107
v -261.000000 -13.000000 -140.000000
vt 0.156250 1.023440
vn 0.000000 -1.000000 -0.000000
v -264.000000 -13.000000 -140.000000
vt 0.156250 1.000000
vn 0.000000 -1.000000 -0.000000
v -261.000000 -11.750000 -136.250000
vt 0.117188 1.023440
vn 0.000000 -0.707107 0.707107
v -261.000000 -11.750000 -143.750000
vt 0.195312 1.023440
vn 0.000000 -0.707107 -0.707107
v -264.000000 -11.750000 -143.750000
vt 0.195312 1.000000
vn 0.000000 -0.707107 -0.707107
f 1177/1177/1177 1179/1179/1179 1178/1178/1178
f 1178/1178/1178 1180/1180/1180 1181/1181/1181
f 1178/1178/1178 1179/1179/1179 1180/1180/1180
f 1181/1181/1181 1182/1182/1182 1183/1183/1183
f 1181/1181/1181 1180/1180/1180 1182/1182/1182
f 1183/1183/1183 1182/1182/1182 1184/1184/1184
f 1191/1191/1191 1188/1188/1188 1192/1192/1192
f 1191/1191/1191 1185/1185/1185 1188/1188/1188
f 1185/1185/1185 1186/1186/1186 1188/1188/1188
f 1185/1185/1185 1187/1187/1187 1186/1186/1186
f 1187/1187/1187 1189/1189/1189 1186/1186/1186
f 1187/1187/1187 1190/1190/1190 1189/1189/1189
f 1201/1201/1201 1202/1202/1202 1204/1204/1204
f 1201/1201/1201 1203/1203/1203 1202/1202/1202
f 1203/1203/1203 1205/1205/1205 1202/1202/1202
f 1203/1203/1203 1206/1206/1206 1205/1205/1205
f 1197/1197/1197 1194/1194/1194 1198/1198/1198
f 1197/1197/1197 1193/1193/1193 1194/1194/1194
f 1193/1193/1193 1195/1195/1195 1194/1194/1194
f 1193/1193/1193 1196/1196/1196 1195/1195/1195
f 1196/1196/1196 1199/1199/1199 1195/1195/1195
f 1196/1196/1196 1200/1200/1200 1199/1199/1199
g mat3m0s79
usemtl textures/plastic_vertex/vertex_grey65
v 24.000000 17.000000 -132.000000
vt 0.000000 1.000000
vn -1.000000 0.000000 -0.000000
v 24.000000 14.750000 -125.250000
vt 0.000000 1.039060
vn -1.000000 0.000000 -0.000000
v 24.000000 14.750000 -138.750000
vt 0.078120 1.039060
vn -1.000000 0.000000 -0.000000
v 24.000000 8.000000 -141.000000
vt 0.078120 1.078120
vn -1.000000 0.000000 -0.000000
v 24.000000 8.000000 -123.000000
vt 0.000000 1.078120
vn -1.000000 0.000000 -0.000000
v 24.000000 1.250000 -138.750000
vt 0.078120 1.117190
vn -1.000000 0.000000 -0.000000
v 24.000000 1.250000 -125.250000
vt 0.000000 1.117190
vn -1.000000 0.000000 -0.000000
v 24.000000 -1.000000 -132.000000
vt 0.078120 1.156250
vn -1.000000 0.000000 -0.000000
v 24.000000 14.750000 -125.250000
vt 0.039060 1.000000
vn 0.000000 0.707107 0.707107
v 27.000000 14.750000 -125.250000
vt 0.039060 1.023440
vn 0.000000 0.707107 0.707107
v 27.000000 8.000000 -123.000000
vt 0.078120 1.023440
vn 0.000000 0.000000 1.000000
v 24.000000 8.000000 -123.000000
vt 0.078120 1.000000
vn 0.000000 0.000000 1.000000
v 27.000000 1.250000 -125.250000
vt 0.117188 1.023440
vn 0.000000 -0.707107 0.707107
v 24.000000 1.250000 -125.250000
vt 0.117188 1.000000
vn 0.000000 -0.707107 0.707107
v 24.000000 17.000000 -132.000000
vt 0.000000 1.000000
vn 0.000000 1.000000 -0.000000
v 27.000000 17.000000 -132.000000
vt 0.000000 1.023440
vn 0.000000 1.000000 -0.000000
v 24.000000 14.750000 -138.750000
vt 0.273440 1.000000
vn 0.000000 0.707107 -0.707107
v 27.000000 14.750000 -138.750000
vt 0.273440 1.023440
vn 0.000000 0.707107 -0.707107
v 27.000000 17.000000 -132.000000
vt 0.312500 1.023440
vn 0.000000 1.000000 -0.000000
v 24.000000 17.000000 -132.000000
vt 0.312500 1.000000
vn 0.000000 1.000000 -0.000000
v 24.000000 8.000000 -141.000000
vt 0.234380 1.000000
vn 0.000000 0.000000 -1.000000
v 27.000000 8.000000 -141.000000
vt 0.234380 1.023440
vn 0.000000 0.000000 -1.000000
v 24.000000 -1.000000 -132.000000
vt 0.156250 1.000000
vn 0.000000 -1.000000 -0.000000
v 27.000000 1.250000 -138.750000
vt 0.195312 1.023440
vn 0.000000 -0.707107 -0.707107
v 24.000000 1.250000 -138.750000
vt 0.195312 1.000000
vn 0.000000 -0.707107 -0.707107
v 27.000000 -1.000000 -132.000000
vt 0.156250 1.023440
vn 0.000000 -1.000000 -0.000000
v 27.000000 8.000000 -141.000000
vt 0.234380 1.023440
vn 0.000000 0.000000 -1.000000
v 24.000000 8.000000 -141.000000
vt 0.234380 1.000000
vn 0.000000 0.000000 -1.000000
v 24.000000 1.250000 -125.250000
vt 0.117188 1.000000
vn 0.000000 -0.707107 0.707107
v 27.000000 1.250000 -125.250000
vt 0.117188 1.023440
vn 0.000000 -0.707107 0.707107
v 27.000000 -1.000000 -132.000000
vt 0.156250 1.023440
vn 0.000000 -1.000000 -0.000000
v 24.000000 -1.000000 -132.000000
vt 0.156250 1.000000
vn 0.000000 -1.000000 -0.000000
f 1221/1221/1221 1216/1216/1216 1222/1222/1222
f 1221/1221/1221 1215/1215/1215 1216/1216/1216
f 1215/1215/1215 1217/1217/1217 1216/1216/1216
f 1215/1215/1215 1218/1218/1218 1217/1217/1217
f 1218/1218/1218 1219/1219/1219 1217/1217/1217
f 1218/1218/1218 1220/1220/1220 1219/1219/1219
f 1235/1235/1235 1237/1237/1237 1236/1236/1236
f 1235/1235/1235 1238/1238/1238 1237/1237/1237
f 1229/1229/1229 1230/1230/1230 1232/1232/1232
f 1229/1229/1229 1231/1231/1231 1230/1230/1230
f 1231/1231/1231 1233/1233/1233 1230/1230/1230
f 1231/1231/1231 1234/1234/1234 1233/1233/1233
f 1227/1227/1227 1224/1224/1224 1228/1228/1228
f 1227/1227/1227 1223/1223/1223 1224/1224/1224
f 1223/1223/1223 1225/1225/1225 1224/1224/1224
f 1223/1223/1223 1226/1226/1226 1225/1225/1225
f 1207/1207/1207 1209/1209/1209 1208/1208/1208
f 1208/1208/1208 1210/1210/1210 1211/1211/1211
f 1208/1208/1208 1209/1209/1209 1210/1210/1210
f 1211/1211/1211 1212/1212/1212 1213/1213/1213
f 1211/1211/1211 1210/1210/1210 1212/1212/1212
f 1213/1213/1213 1212/1212/1212 1214/1214/1214
